ISO-10303-21;
HEADER;
FILE_DESCRIPTION(('FreeCAD Model'),'2;1');
FILE_NAME('Open CASCADE Shape Model','2026-07-24T12:59:50',('Author'),(
    ''),'Open CASCADE STEP processor 7.8','FreeCAD','Unknown');
FILE_SCHEMA(('AUTOMOTIVE_DESIGN { 1 0 10303 214 1 1 1 1 }'));
ENDSEC;
DATA;
#1 = APPLICATION_PROTOCOL_DEFINITION('international standard',
  'automotive_design',2000,#2);
#2 = APPLICATION_CONTEXT(
  'core data for automotive mechanical design processes');
#3 = SHAPE_DEFINITION_REPRESENTATION(#4,#10);
#4 = PRODUCT_DEFINITION_SHAPE('','',#5);
#5 = PRODUCT_DEFINITION('design','',#6,#9);
#6 = PRODUCT_DEFINITION_FORMATION('','',#7);
#7 = PRODUCT('Shell','Shell','',(#8));
#8 = PRODUCT_CONTEXT('',#2,'mechanical');
#9 = PRODUCT_DEFINITION_CONTEXT('part definition',#2,'design');
#10 = MANIFOLD_SURFACE_SHAPE_REPRESENTATION('',(#11,#15),#2881);
#11 = AXIS2_PLACEMENT_3D('',#12,#13,#14);
#12 = CARTESIAN_POINT('',(0.,0.,0.));
#13 = DIRECTION('',(0.,0.,1.));
#14 = DIRECTION('',(1.,0.,-0.));
#15 = SHELL_BASED_SURFACE_MODEL('',(#16));
#16 = OPEN_SHELL('',(#17,#79,#133,#166,#197,#374,#437,#614,#668,#699,
    #744,#775,#820,#851,#889,#927,#939,#970,#1001,#1034,#1065,#1096,
    #1127,#1158,#1182,#1199,#1216,#1247,#1278,#1311,#1342,#1373,#1404,
    #1435,#1459,#1476,#1493,#1524,#1555,#1588,#1619,#1650,#1681,#1712,
    #1736,#1753,#1770,#1801,#1832,#1865,#1896,#1927,#1958,#1989,#2013,
    #2030,#2047,#2078,#2109,#2142,#2173,#2204,#2235,#2266,#2290,#2307,
    #2324,#2355,#2386,#2419,#2450,#2481,#2512,#2543,#2567,#2584,#2601,
    #2613,#2625,#2637,#2649,#2667,#2685,#2702,#2719,#2737,#2755,#2773,
    #2791,#2808,#2825,#2837,#2871));
#17 = ADVANCED_FACE('',(#18),#62,.F.);
#18 = FACE_BOUND('',#19,.F.);
#19 = EDGE_LOOP('',(#20,#30,#43,#51));
#20 = ORIENTED_EDGE('',*,*,#21,.T.);
#21 = EDGE_CURVE('',#22,#24,#26,.T.);
#22 = VERTEX_POINT('',#23);
#23 = CARTESIAN_POINT('',(-2.094390431763,-2.423035908919,2.99));
#24 = VERTEX_POINT('',#25);
#25 = CARTESIAN_POINT('',(-2.094390431763,-2.423035908919,3.));
#26 = LINE('',#27,#28);
#27 = CARTESIAN_POINT('',(-2.094390431763,-2.423035908919,3.));
#28 = VECTOR('',#29,1.);
#29 = DIRECTION('',(0.,0.,1.));
#30 = ORIENTED_EDGE('',*,*,#31,.T.);
#31 = EDGE_CURVE('',#24,#32,#34,.T.);
#32 = VERTEX_POINT('',#33);
#33 = CARTESIAN_POINT('',(-2.709615080264,-2.423035908919,3.));
#34 = B_SPLINE_CURVE_WITH_KNOTS('',3,(#35,#36,#37,#38,#39,#40,#41,#42),
  .UNSPECIFIED.,.F.,.F.,(4,1,1,1,1,4),(0.,0.1,0.199999999999,0.3,0.4,0.5
    ),.UNSPECIFIED.);
#35 = CARTESIAN_POINT('',(-2.094390431763,-2.423035908919,3.));
#36 = CARTESIAN_POINT('',(-2.094390431763,-2.487403617616,3.));
#37 = CARTESIAN_POINT('',(-2.136219104477,-2.616139035009,3.));
#38 = CARTESIAN_POINT('',(-2.30048243478,-2.735483330266,3.));
#39 = CARTESIAN_POINT('',(-2.503523077246,-2.735483330266,3.));
#40 = CARTESIAN_POINT('',(-2.66778640755,-2.616139035009,3.));
#41 = CARTESIAN_POINT('',(-2.709615080264,-2.487403617616,3.));
#42 = CARTESIAN_POINT('',(-2.709615080264,-2.423035908919,3.));
#43 = ORIENTED_EDGE('',*,*,#44,.F.);
#44 = EDGE_CURVE('',#45,#32,#47,.T.);
#45 = VERTEX_POINT('',#46);
#46 = CARTESIAN_POINT('',(-2.709615080264,-2.423035908919,2.99));
#47 = LINE('',#48,#49);
#48 = CARTESIAN_POINT('',(-2.709615080264,-2.423035908919,3.));
#49 = VECTOR('',#50,1.);
#50 = DIRECTION('',(0.,0.,1.));
#51 = ORIENTED_EDGE('',*,*,#52,.F.);
#52 = EDGE_CURVE('',#22,#45,#53,.T.);
#53 = B_SPLINE_CURVE_WITH_KNOTS('',3,(#54,#55,#56,#57,#58,#59,#60,#61),
  .UNSPECIFIED.,.F.,.F.,(4,1,1,1,1,4),(0.,0.1,0.199999999999,0.3,0.4,0.5
    ),.UNSPECIFIED.);
#54 = CARTESIAN_POINT('',(-2.094390431763,-2.423035908919,2.99));
#55 = CARTESIAN_POINT('',(-2.094390431763,-2.487403617616,2.99));
#56 = CARTESIAN_POINT('',(-2.136219104477,-2.616139035009,2.99));
#57 = CARTESIAN_POINT('',(-2.30048243478,-2.735483330266,2.99));
#58 = CARTESIAN_POINT('',(-2.503523077246,-2.735483330266,2.99));
#59 = CARTESIAN_POINT('',(-2.66778640755,-2.616139035009,2.99));
#60 = CARTESIAN_POINT('',(-2.709615080264,-2.487403617616,2.989999999999
    ));
#61 = CARTESIAN_POINT('',(-2.709615080264,-2.423035908919,2.99));
#62 = B_SPLINE_SURFACE_WITH_KNOTS('',3,1,(
    (#63,#64)
    ,(#65,#66)
    ,(#67,#68)
    ,(#69,#70)
    ,(#71,#72)
    ,(#73,#74)
    ,(#75,#76)
    ,(#77,#78
    )),.UNSPECIFIED.,.F.,.F.,.F.,(4,1,1,1,1,4),(2,2),(0.,0.1,0.2,0.3,0.4
    ,0.5),(0.,1.),.UNSPECIFIED.);
#63 = CARTESIAN_POINT('',(-2.709615080264,-2.423035908919,2.989999999999
    ));
#64 = CARTESIAN_POINT('',(-2.709615080264,-2.423035908919,3.));
#65 = CARTESIAN_POINT('',(-2.709615080264,-2.487403617616,2.989999999999
    ));
#66 = CARTESIAN_POINT('',(-2.709615080264,-2.487403617616,3.));
#67 = CARTESIAN_POINT('',(-2.66778640755,-2.616139035009,2.99));
#68 = CARTESIAN_POINT('',(-2.66778640755,-2.616139035009,3.));
#69 = CARTESIAN_POINT('',(-2.503523077246,-2.735483330266,2.99));
#70 = CARTESIAN_POINT('',(-2.503523077246,-2.735483330266,3.));
#71 = CARTESIAN_POINT('',(-2.30048243478,-2.735483330266,2.99));
#72 = CARTESIAN_POINT('',(-2.30048243478,-2.735483330266,3.));
#73 = CARTESIAN_POINT('',(-2.136219104477,-2.616139035009,2.99));
#74 = CARTESIAN_POINT('',(-2.136219104477,-2.616139035009,3.));
#75 = CARTESIAN_POINT('',(-2.094390431763,-2.487403617616,2.99));
#76 = CARTESIAN_POINT('',(-2.094390431763,-2.487403617616,3.));
#77 = CARTESIAN_POINT('',(-2.094390431763,-2.423035908919,2.99));
#78 = CARTESIAN_POINT('',(-2.094390431763,-2.423035908919,3.));
#79 = ADVANCED_FACE('',(#80,#114),#128,.T.);
#80 = FACE_BOUND('',#81,.T.);
#81 = EDGE_LOOP('',(#82,#92,#100,#108));
#82 = ORIENTED_EDGE('',*,*,#83,.T.);
#83 = EDGE_CURVE('',#84,#86,#88,.T.);
#84 = VERTEX_POINT('',#85);
#85 = CARTESIAN_POINT('',(-3.025,3.425,3.));
#86 = VERTEX_POINT('',#87);
#87 = CARTESIAN_POINT('',(-3.024999999999,-3.424999999999,3.));
#88 = LINE('',#89,#90);
#89 = CARTESIAN_POINT('',(-3.024999999999,-3.724999999999,3.));
#90 = VECTOR('',#91,1.);
#91 = DIRECTION('',(1.164243943608E-16,-1.,0.));
#92 = ORIENTED_EDGE('',*,*,#93,.T.);
#93 = EDGE_CURVE('',#86,#94,#96,.T.);
#94 = VERTEX_POINT('',#95);
#95 = CARTESIAN_POINT('',(3.024999999999,-3.424999999999,3.));
#96 = LINE('',#97,#98);
#97 = CARTESIAN_POINT('',(3.324999999999,-3.424999999999,3.));
#98 = VECTOR('',#99,1.);
#99 = DIRECTION('',(1.,0.,0.));
#100 = ORIENTED_EDGE('',*,*,#101,.T.);
#101 = EDGE_CURVE('',#94,#102,#104,.T.);
#102 = VERTEX_POINT('',#103);
#103 = CARTESIAN_POINT('',(3.024999999999,3.425,3.));
#104 = LINE('',#105,#106);
#105 = CARTESIAN_POINT('',(3.024999999999,3.725,3.));
#106 = VECTOR('',#107,1.);
#107 = DIRECTION('',(0.,1.,0.));
#108 = ORIENTED_EDGE('',*,*,#109,.T.);
#109 = EDGE_CURVE('',#102,#84,#110,.T.);
#110 = LINE('',#111,#112);
#111 = CARTESIAN_POINT('',(-3.325,3.425,3.));
#112 = VECTOR('',#113,1.);
#113 = DIRECTION('',(-1.,0.,0.));
#114 = FACE_BOUND('',#115,.T.);
#115 = EDGE_LOOP('',(#116,#117));
#116 = ORIENTED_EDGE('',*,*,#31,.T.);
#117 = ORIENTED_EDGE('',*,*,#118,.T.);
#118 = EDGE_CURVE('',#32,#24,#119,.T.);
#119 = B_SPLINE_CURVE_WITH_KNOTS('',3,(#120,#121,#122,#123,#124,#125,
    #126,#127),.UNSPECIFIED.,.F.,.F.,(4,1,1,1,1,4),(0.5,0.6,
    0.699999999999,0.799999999999,0.9,1.),.UNSPECIFIED.);
#120 = CARTESIAN_POINT('',(-2.709615080264,-2.423035908919,3.));
#121 = CARTESIAN_POINT('',(-2.709615080264,-2.358668200222,3.));
#122 = CARTESIAN_POINT('',(-2.66778640755,-2.229932782829,3.));
#123 = CARTESIAN_POINT('',(-2.503523077246,-2.110588487572,3.));
#124 = CARTESIAN_POINT('',(-2.30048243478,-2.110588487572,3.));
#125 = CARTESIAN_POINT('',(-2.136219104477,-2.229932782829,3.));
#126 = CARTESIAN_POINT('',(-2.094390431763,-2.358668200222,3.));
#127 = CARTESIAN_POINT('',(-2.094390431763,-2.423035908919,3.));
#128 = PLANE('',#129);
#129 = AXIS2_PLACEMENT_3D('',#130,#131,#132);
#130 = CARTESIAN_POINT('',(0.,0.,3.));
#131 = DIRECTION('',(0.,0.,1.));
#132 = DIRECTION('',(1.,0.,0.));
#133 = ADVANCED_FACE('',(#134),#161,.T.);
#134 = FACE_BOUND('',#135,.T.);
#135 = EDGE_LOOP('',(#136,#145,#153,#160));
#136 = ORIENTED_EDGE('',*,*,#137,.F.);
#137 = EDGE_CURVE('',#138,#102,#140,.T.);
#138 = VERTEX_POINT('',#139);
#139 = CARTESIAN_POINT('',(3.024999999999,3.725,2.7));
#140 = CIRCLE('',#141,0.299999999999);
#141 = AXIS2_PLACEMENT_3D('',#142,#143,#144);
#142 = CARTESIAN_POINT('',(3.024999999999,3.425,2.7));
#143 = DIRECTION('',(1.,-0.,0.));
#144 = DIRECTION('',(0.,0.,-1.));
#145 = ORIENTED_EDGE('',*,*,#146,.F.);
#146 = EDGE_CURVE('',#147,#138,#149,.T.);
#147 = VERTEX_POINT('',#148);
#148 = CARTESIAN_POINT('',(-3.025,3.725,2.7));
#149 = LINE('',#150,#151);
#150 = CARTESIAN_POINT('',(3.324999999999,3.725,2.7));
#151 = VECTOR('',#152,1.);
#152 = DIRECTION('',(1.,0.,0.));
#153 = ORIENTED_EDGE('',*,*,#154,.F.);
#154 = EDGE_CURVE('',#84,#147,#155,.T.);
#155 = CIRCLE('',#156,0.299999999999);
#156 = AXIS2_PLACEMENT_3D('',#157,#158,#159);
#157 = CARTESIAN_POINT('',(-3.025,3.425,2.7));
#158 = DIRECTION('',(-1.,0.,0.));
#159 = DIRECTION('',(0.,0.,1.));
#160 = ORIENTED_EDGE('',*,*,#109,.F.);
#161 = CYLINDRICAL_SURFACE('',#162,0.299999999999);
#162 = AXIS2_PLACEMENT_3D('',#163,#164,#165);
#163 = CARTESIAN_POINT('',(0.,3.425,2.7));
#164 = DIRECTION('',(1.,0.,0.));
#165 = DIRECTION('',(0.,0.,-1.));
#166 = ADVANCED_FACE('',(#167),#192,.F.);
#167 = FACE_BOUND('',#168,.T.);
#168 = EDGE_LOOP('',(#169,#170,#178,#186));
#169 = ORIENTED_EDGE('',*,*,#146,.T.);
#170 = ORIENTED_EDGE('',*,*,#171,.T.);
#171 = EDGE_CURVE('',#138,#172,#174,.T.);
#172 = VERTEX_POINT('',#173);
#173 = CARTESIAN_POINT('',(3.024999999999,3.725,0.599999999999));
#174 = LINE('',#175,#176);
#175 = CARTESIAN_POINT('',(3.024999999999,3.725,3.));
#176 = VECTOR('',#177,1.);
#177 = DIRECTION('',(0.,0.,-1.));
#178 = ORIENTED_EDGE('',*,*,#179,.T.);
#179 = EDGE_CURVE('',#172,#180,#182,.T.);
#180 = VERTEX_POINT('',#181);
#181 = CARTESIAN_POINT('',(-3.025,3.725,0.599999999999));
#182 = LINE('',#183,#184);
#183 = CARTESIAN_POINT('',(-2.824999999999,3.725,0.599999999999));
#184 = VECTOR('',#185,1.);
#185 = DIRECTION('',(-1.,0.,0.));
#186 = ORIENTED_EDGE('',*,*,#187,.T.);
#187 = EDGE_CURVE('',#180,#147,#188,.T.);
#188 = LINE('',#189,#190);
#189 = CARTESIAN_POINT('',(-3.025,3.725,3.));
#190 = VECTOR('',#191,1.);
#191 = DIRECTION('',(0.,0.,1.));
#192 = PLANE('',#193);
#193 = AXIS2_PLACEMENT_3D('',#194,#195,#196);
#194 = CARTESIAN_POINT('',(-3.325,3.725,3.));
#195 = DIRECTION('',(0.,-1.,0.));
#196 = DIRECTION('',(0.,0.,-1.));
#197 = ADVANCED_FACE('',(#198),#369,.F.);
#198 = FACE_BOUND('',#199,.T.);
#199 = EDGE_LOOP('',(#200,#201,#210,#218,#226,#234,#242,#250,#258,#266,
    #274,#282,#290,#298,#306,#314,#322,#330,#338,#346,#354,#362));
#200 = ORIENTED_EDGE('',*,*,#179,.F.);
#201 = ORIENTED_EDGE('',*,*,#202,.T.);
#202 = EDGE_CURVE('',#172,#203,#205,.T.);
#203 = VERTEX_POINT('',#204);
#204 = CARTESIAN_POINT('',(3.325,3.425,0.599999999999));
#205 = CIRCLE('',#206,0.299999999999);
#206 = AXIS2_PLACEMENT_3D('',#207,#208,#209);
#207 = CARTESIAN_POINT('',(3.024999999999,3.425,0.599999999999));
#208 = DIRECTION('',(0.,0.,-1.));
#209 = DIRECTION('',(1.,1.445602896647E-15,0.));
#210 = ORIENTED_EDGE('',*,*,#211,.F.);
#211 = EDGE_CURVE('',#212,#203,#214,.T.);
#212 = VERTEX_POINT('',#213);
#213 = CARTESIAN_POINT('',(3.325,1.725,0.599999999999));
#214 = LINE('',#215,#216);
#215 = CARTESIAN_POINT('',(3.325,3.725,0.599999999999));
#216 = VECTOR('',#217,1.);
#217 = DIRECTION('',(0.,1.,0.));
#218 = ORIENTED_EDGE('',*,*,#219,.F.);
#219 = EDGE_CURVE('',#220,#212,#222,.T.);
#220 = VERTEX_POINT('',#221);
#221 = CARTESIAN_POINT('',(2.825,1.725,0.599999999999));
#222 = LINE('',#223,#224);
#223 = CARTESIAN_POINT('',(3.325,1.725,0.599999999999));
#224 = VECTOR('',#225,1.);
#225 = DIRECTION('',(1.,0.,0.));
#226 = ORIENTED_EDGE('',*,*,#227,.F.);
#227 = EDGE_CURVE('',#228,#220,#230,.T.);
#228 = VERTEX_POINT('',#229);
#229 = CARTESIAN_POINT('',(2.825,2.925,0.599999999999));
#230 = LINE('',#231,#232);
#231 = CARTESIAN_POINT('',(2.825,2.925,0.599999999999));
#232 = VECTOR('',#233,1.);
#233 = DIRECTION('',(0.,-1.,0.));
#234 = ORIENTED_EDGE('',*,*,#235,.F.);
#235 = EDGE_CURVE('',#236,#228,#238,.T.);
#236 = VERTEX_POINT('',#237);
#237 = CARTESIAN_POINT('',(2.689999999999,2.925,0.599999999999));
#238 = LINE('',#239,#240);
#239 = CARTESIAN_POINT('',(2.825,2.925,0.599999999999));
#240 = VECTOR('',#241,1.);
#241 = DIRECTION('',(1.,0.,0.));
#242 = ORIENTED_EDGE('',*,*,#243,.F.);
#243 = EDGE_CURVE('',#244,#236,#246,.T.);
#244 = VERTEX_POINT('',#245);
#245 = CARTESIAN_POINT('',(2.689999999999,3.,0.599999999999));
#246 = LINE('',#247,#248);
#247 = CARTESIAN_POINT('',(2.689999999999,3.,0.599999999999));
#248 = VECTOR('',#249,1.);
#249 = DIRECTION('',(0.,-1.,0.));
#250 = ORIENTED_EDGE('',*,*,#251,.F.);
#251 = EDGE_CURVE('',#252,#244,#254,.T.);
#252 = VERTEX_POINT('',#253);
#253 = CARTESIAN_POINT('',(2.39,3.,0.599999999999));
#254 = LINE('',#255,#256);
#255 = CARTESIAN_POINT('',(2.39,3.,0.599999999999));
#256 = VECTOR('',#257,1.);
#257 = DIRECTION('',(1.,0.,0.));
#258 = ORIENTED_EDGE('',*,*,#259,.T.);
#259 = EDGE_CURVE('',#252,#260,#262,.T.);
#260 = VERTEX_POINT('',#261);
#261 = CARTESIAN_POINT('',(2.39,2.925,0.599999999999));
#262 = LINE('',#263,#264);
#263 = CARTESIAN_POINT('',(2.39,3.,0.599999999999));
#264 = VECTOR('',#265,1.);
#265 = DIRECTION('',(0.,-1.,0.));
#266 = ORIENTED_EDGE('',*,*,#267,.F.);
#267 = EDGE_CURVE('',#268,#260,#270,.T.);
#268 = VERTEX_POINT('',#269);
#269 = CARTESIAN_POINT('',(0.149999999999,2.925,0.599999999999));
#270 = LINE('',#271,#272);
#271 = CARTESIAN_POINT('',(2.825,2.925,0.599999999999));
#272 = VECTOR('',#273,1.);
#273 = DIRECTION('',(1.,0.,0.));
#274 = ORIENTED_EDGE('',*,*,#275,.F.);
#275 = EDGE_CURVE('',#276,#268,#278,.T.);
#276 = VERTEX_POINT('',#277);
#277 = CARTESIAN_POINT('',(0.149999999999,3.,0.599999999999));
#278 = LINE('',#279,#280);
#279 = CARTESIAN_POINT('',(0.149999999999,3.,0.599999999999));
#280 = VECTOR('',#281,1.);
#281 = DIRECTION('',(0.,-1.,0.));
#282 = ORIENTED_EDGE('',*,*,#283,.F.);
#283 = EDGE_CURVE('',#284,#276,#286,.T.);
#284 = VERTEX_POINT('',#285);
#285 = CARTESIAN_POINT('',(-0.149999999999,3.,0.599999999999));
#286 = LINE('',#287,#288);
#287 = CARTESIAN_POINT('',(-0.149999999999,3.,0.599999999999));
#288 = VECTOR('',#289,1.);
#289 = DIRECTION('',(1.,0.,0.));
#290 = ORIENTED_EDGE('',*,*,#291,.T.);
#291 = EDGE_CURVE('',#284,#292,#294,.T.);
#292 = VERTEX_POINT('',#293);
#293 = CARTESIAN_POINT('',(-0.149999999999,2.925,0.599999999999));
#294 = LINE('',#295,#296);
#295 = CARTESIAN_POINT('',(-0.149999999999,3.,0.599999999999));
#296 = VECTOR('',#297,1.);
#297 = DIRECTION('',(0.,-1.,0.));
#298 = ORIENTED_EDGE('',*,*,#299,.F.);
#299 = EDGE_CURVE('',#300,#292,#302,.T.);
#300 = VERTEX_POINT('',#301);
#301 = CARTESIAN_POINT('',(-2.389999999999,2.925,0.599999999999));
#302 = LINE('',#303,#304);
#303 = CARTESIAN_POINT('',(2.825,2.925,0.599999999999));
#304 = VECTOR('',#305,1.);
#305 = DIRECTION('',(1.,0.,0.));
#306 = ORIENTED_EDGE('',*,*,#307,.F.);
#307 = EDGE_CURVE('',#308,#300,#310,.T.);
#308 = VERTEX_POINT('',#309);
#309 = CARTESIAN_POINT('',(-2.39,3.,0.599999999999));
#310 = LINE('',#311,#312);
#311 = CARTESIAN_POINT('',(-2.39,3.,0.599999999999));
#312 = VECTOR('',#313,1.);
#313 = DIRECTION('',(0.,-1.,0.));
#314 = ORIENTED_EDGE('',*,*,#315,.F.);
#315 = EDGE_CURVE('',#316,#308,#318,.T.);
#316 = VERTEX_POINT('',#317);
#317 = CARTESIAN_POINT('',(-2.689999999999,3.,0.599999999999));
#318 = LINE('',#319,#320);
#319 = CARTESIAN_POINT('',(-2.689999999999,3.,0.599999999999));
#320 = VECTOR('',#321,1.);
#321 = DIRECTION('',(1.,0.,0.));
#322 = ORIENTED_EDGE('',*,*,#323,.T.);
#323 = EDGE_CURVE('',#316,#324,#326,.T.);
#324 = VERTEX_POINT('',#325);
#325 = CARTESIAN_POINT('',(-2.689999999999,2.925,0.599999999999));
#326 = LINE('',#327,#328);
#327 = CARTESIAN_POINT('',(-2.689999999999,3.,0.599999999999));
#328 = VECTOR('',#329,1.);
#329 = DIRECTION('',(0.,-1.,0.));
#330 = ORIENTED_EDGE('',*,*,#331,.F.);
#331 = EDGE_CURVE('',#332,#324,#334,.T.);
#332 = VERTEX_POINT('',#333);
#333 = CARTESIAN_POINT('',(-2.824999999999,2.925,0.599999999999));
#334 = LINE('',#335,#336);
#335 = CARTESIAN_POINT('',(2.825,2.925,0.599999999999));
#336 = VECTOR('',#337,1.);
#337 = DIRECTION('',(1.,0.,0.));
#338 = ORIENTED_EDGE('',*,*,#339,.T.);
#339 = EDGE_CURVE('',#332,#340,#342,.T.);
#340 = VERTEX_POINT('',#341);
#341 = CARTESIAN_POINT('',(-2.824999999999,1.725,0.599999999999));
#342 = LINE('',#343,#344);
#343 = CARTESIAN_POINT('',(-2.824999999999,3.725,0.599999999999));
#344 = VECTOR('',#345,1.);
#345 = DIRECTION('',(0.,-1.,0.));
#346 = ORIENTED_EDGE('',*,*,#347,.T.);
#347 = EDGE_CURVE('',#340,#348,#350,.T.);
#348 = VERTEX_POINT('',#349);
#349 = CARTESIAN_POINT('',(-3.325,1.725,0.599999999999));
#350 = LINE('',#351,#352);
#351 = CARTESIAN_POINT('',(-3.325,1.725,0.599999999999));
#352 = VECTOR('',#353,1.);
#353 = DIRECTION('',(-1.,0.,0.));
#354 = ORIENTED_EDGE('',*,*,#355,.T.);
#355 = EDGE_CURVE('',#348,#356,#358,.T.);
#356 = VERTEX_POINT('',#357);
#357 = CARTESIAN_POINT('',(-3.325,3.425,0.599999999999));
#358 = LINE('',#359,#360);
#359 = CARTESIAN_POINT('',(-3.325,3.725,0.599999999999));
#360 = VECTOR('',#361,1.);
#361 = DIRECTION('',(0.,1.,0.));
#362 = ORIENTED_EDGE('',*,*,#363,.T.);
#363 = EDGE_CURVE('',#356,#180,#364,.T.);
#364 = CIRCLE('',#365,0.299999999999);
#365 = AXIS2_PLACEMENT_3D('',#366,#367,#368);
#366 = CARTESIAN_POINT('',(-3.025,3.425,0.599999999999));
#367 = DIRECTION('',(0.,0.,-1.));
#368 = DIRECTION('',(1.,0.,0.));
#369 = PLANE('',#370);
#370 = AXIS2_PLACEMENT_3D('',#371,#372,#373);
#371 = CARTESIAN_POINT('',(-2.824999999999,3.725,0.599999999999));
#372 = DIRECTION('',(0.,0.,1.));
#373 = DIRECTION('',(1.,0.,0.));
#374 = ADVANCED_FACE('',(#375),#432,.T.);
#375 = FACE_BOUND('',#376,.T.);
#376 = EDGE_LOOP('',(#377,#378,#386,#394,#402,#410,#418,#426));
#377 = ORIENTED_EDGE('',*,*,#211,.T.);
#378 = ORIENTED_EDGE('',*,*,#379,.T.);
#379 = EDGE_CURVE('',#203,#380,#382,.T.);
#380 = VERTEX_POINT('',#381);
#381 = CARTESIAN_POINT('',(3.324999999999,3.425,2.7));
#382 = LINE('',#383,#384);
#383 = CARTESIAN_POINT('',(3.324999999999,3.425,3.));
#384 = VECTOR('',#385,1.);
#385 = DIRECTION('',(0.,0.,1.));
#386 = ORIENTED_EDGE('',*,*,#387,.T.);
#387 = EDGE_CURVE('',#380,#388,#390,.T.);
#388 = VERTEX_POINT('',#389);
#389 = CARTESIAN_POINT('',(3.324999999999,-3.424999999999,2.7));
#390 = LINE('',#391,#392);
#391 = CARTESIAN_POINT('',(3.324999999999,-3.724999999999,2.7));
#392 = VECTOR('',#393,1.);
#393 = DIRECTION('',(0.,-1.,0.));
#394 = ORIENTED_EDGE('',*,*,#395,.T.);
#395 = EDGE_CURVE('',#388,#396,#398,.T.);
#396 = VERTEX_POINT('',#397);
#397 = CARTESIAN_POINT('',(3.325,-3.424999999999,0.599999999999));
#398 = LINE('',#399,#400);
#399 = CARTESIAN_POINT('',(3.324999999999,-3.424999999999,3.));
#400 = VECTOR('',#401,1.);
#401 = DIRECTION('',(0.,0.,-1.));
#402 = ORIENTED_EDGE('',*,*,#403,.F.);
#403 = EDGE_CURVE('',#404,#396,#406,.T.);
#404 = VERTEX_POINT('',#405);
#405 = CARTESIAN_POINT('',(3.325,-1.725,0.599999999999));
#406 = LINE('',#407,#408);
#407 = CARTESIAN_POINT('',(3.325,-3.725,0.599999999999));
#408 = VECTOR('',#409,1.);
#409 = DIRECTION('',(0.,-1.,0.));
#410 = ORIENTED_EDGE('',*,*,#411,.T.);
#411 = EDGE_CURVE('',#404,#412,#414,.T.);
#412 = VERTEX_POINT('',#413);
#413 = CARTESIAN_POINT('',(3.324999999999,-1.124999999999,0.));
#414 = LINE('',#415,#416);
#415 = CARTESIAN_POINT('',(3.325,-1.725,0.599999999999));
#416 = VECTOR('',#417,1.);
#417 = DIRECTION('',(0.,0.707106781187,-0.707106781187));
#418 = ORIENTED_EDGE('',*,*,#419,.T.);
#419 = EDGE_CURVE('',#412,#420,#422,.T.);
#420 = VERTEX_POINT('',#421);
#421 = CARTESIAN_POINT('',(3.324999999999,1.125,0.));
#422 = LINE('',#423,#424);
#423 = CARTESIAN_POINT('',(3.324999999999,3.725,0.));
#424 = VECTOR('',#425,1.);
#425 = DIRECTION('',(0.,1.,0.));
#426 = ORIENTED_EDGE('',*,*,#427,.T.);
#427 = EDGE_CURVE('',#420,#212,#428,.T.);
#428 = LINE('',#429,#430);
#429 = CARTESIAN_POINT('',(3.324999999999,1.125,0.));
#430 = VECTOR('',#431,1.);
#431 = DIRECTION('',(0.,0.707106781187,0.707106781187));
#432 = PLANE('',#433);
#433 = AXIS2_PLACEMENT_3D('',#434,#435,#436);
#434 = CARTESIAN_POINT('',(3.324999999999,4.813767957342E-13,
    1.520575708664));
#435 = DIRECTION('',(1.,7.507644380375E-15,1.666794422827E-13));
#436 = DIRECTION('',(-1.666794422827E-13,0.,1.));
#437 = ADVANCED_FACE('',(#438),#609,.F.);
#438 = FACE_BOUND('',#439,.T.);
#439 = EDGE_LOOP('',(#440,#450,#459,#467,#475,#483,#491,#499,#507,#515,
    #523,#531,#539,#547,#555,#563,#571,#579,#587,#595,#601,#602));
#440 = ORIENTED_EDGE('',*,*,#441,.T.);
#441 = EDGE_CURVE('',#442,#444,#446,.T.);
#442 = VERTEX_POINT('',#443);
#443 = CARTESIAN_POINT('',(3.024999999999,-3.724999999999,0.599999999999
    ));
#444 = VERTEX_POINT('',#445);
#445 = CARTESIAN_POINT('',(-3.024999999999,-3.724999999999,
    0.599999999999));
#446 = LINE('',#447,#448);
#447 = CARTESIAN_POINT('',(-2.824999999999,-3.724999999999,
    0.599999999999));
#448 = VECTOR('',#449,1.);
#449 = DIRECTION('',(-1.,0.,0.));
#450 = ORIENTED_EDGE('',*,*,#451,.T.);
#451 = EDGE_CURVE('',#444,#452,#454,.T.);
#452 = VERTEX_POINT('',#453);
#453 = CARTESIAN_POINT('',(-3.325,-3.424999999999,0.599999999999));
#454 = CIRCLE('',#455,0.299999999999);
#455 = AXIS2_PLACEMENT_3D('',#456,#457,#458);
#456 = CARTESIAN_POINT('',(-3.024999999999,-3.424999999999,
    0.599999999999));
#457 = DIRECTION('',(0.,0.,-1.));
#458 = DIRECTION('',(1.,0.,0.));
#459 = ORIENTED_EDGE('',*,*,#460,.F.);
#460 = EDGE_CURVE('',#461,#452,#463,.T.);
#461 = VERTEX_POINT('',#462);
#462 = CARTESIAN_POINT('',(-3.325,-1.725,0.599999999999));
#463 = LINE('',#464,#465);
#464 = CARTESIAN_POINT('',(-3.325,-3.725,0.599999999999));
#465 = VECTOR('',#466,1.);
#466 = DIRECTION('',(0.,-1.,0.));
#467 = ORIENTED_EDGE('',*,*,#468,.F.);
#468 = EDGE_CURVE('',#469,#461,#471,.T.);
#469 = VERTEX_POINT('',#470);
#470 = CARTESIAN_POINT('',(-2.824999999999,-1.724999999999,
    0.599999999999));
#471 = LINE('',#472,#473);
#472 = CARTESIAN_POINT('',(-3.325,-1.725,0.599999999999));
#473 = VECTOR('',#474,1.);
#474 = DIRECTION('',(-1.,0.,0.));
#475 = ORIENTED_EDGE('',*,*,#476,.F.);
#476 = EDGE_CURVE('',#477,#469,#479,.T.);
#477 = VERTEX_POINT('',#478);
#478 = CARTESIAN_POINT('',(-2.824999999999,-2.925,0.599999999999));
#479 = LINE('',#480,#481);
#480 = CARTESIAN_POINT('',(-2.824999999999,2.925,0.599999999999));
#481 = VECTOR('',#482,1.);
#482 = DIRECTION('',(0.,1.,0.));
#483 = ORIENTED_EDGE('',*,*,#484,.F.);
#484 = EDGE_CURVE('',#485,#477,#487,.T.);
#485 = VERTEX_POINT('',#486);
#486 = CARTESIAN_POINT('',(-2.69,-2.925,0.599999999999));
#487 = LINE('',#488,#489);
#488 = CARTESIAN_POINT('',(2.825,-2.925,0.599999999999));
#489 = VECTOR('',#490,1.);
#490 = DIRECTION('',(-1.,0.,0.));
#491 = ORIENTED_EDGE('',*,*,#492,.F.);
#492 = EDGE_CURVE('',#493,#485,#495,.T.);
#493 = VERTEX_POINT('',#494);
#494 = CARTESIAN_POINT('',(-2.689999999999,-3.,0.599999999999));
#495 = LINE('',#496,#497);
#496 = CARTESIAN_POINT('',(-2.689999999999,-3.,0.599999999999));
#497 = VECTOR('',#498,1.);
#498 = DIRECTION('',(0.,1.,0.));
#499 = ORIENTED_EDGE('',*,*,#500,.F.);
#500 = EDGE_CURVE('',#501,#493,#503,.T.);
#501 = VERTEX_POINT('',#502);
#502 = CARTESIAN_POINT('',(-2.39,-3.,0.599999999999));
#503 = LINE('',#504,#505);
#504 = CARTESIAN_POINT('',(-2.39,-3.,0.599999999999));
#505 = VECTOR('',#506,1.);
#506 = DIRECTION('',(-1.,0.,0.));
#507 = ORIENTED_EDGE('',*,*,#508,.T.);
#508 = EDGE_CURVE('',#501,#509,#511,.T.);
#509 = VERTEX_POINT('',#510);
#510 = CARTESIAN_POINT('',(-2.39,-2.925,0.599999999999));
#511 = LINE('',#512,#513);
#512 = CARTESIAN_POINT('',(-2.39,-3.,0.599999999999));
#513 = VECTOR('',#514,1.);
#514 = DIRECTION('',(0.,1.,0.));
#515 = ORIENTED_EDGE('',*,*,#516,.F.);
#516 = EDGE_CURVE('',#517,#509,#519,.T.);
#517 = VERTEX_POINT('',#518);
#518 = CARTESIAN_POINT('',(-0.149999999999,-2.925,0.599999999999));
#519 = LINE('',#520,#521);
#520 = CARTESIAN_POINT('',(2.825,-2.925,0.599999999999));
#521 = VECTOR('',#522,1.);
#522 = DIRECTION('',(-1.,0.,0.));
#523 = ORIENTED_EDGE('',*,*,#524,.F.);
#524 = EDGE_CURVE('',#525,#517,#527,.T.);
#525 = VERTEX_POINT('',#526);
#526 = CARTESIAN_POINT('',(-0.149999999999,-3.,0.599999999999));
#527 = LINE('',#528,#529);
#528 = CARTESIAN_POINT('',(-0.149999999999,-3.,0.599999999999));
#529 = VECTOR('',#530,1.);
#530 = DIRECTION('',(0.,1.,0.));
#531 = ORIENTED_EDGE('',*,*,#532,.F.);
#532 = EDGE_CURVE('',#533,#525,#535,.T.);
#533 = VERTEX_POINT('',#534);
#534 = CARTESIAN_POINT('',(0.149999999999,-3.,0.599999999999));
#535 = LINE('',#536,#537);
#536 = CARTESIAN_POINT('',(0.149999999999,-3.,0.599999999999));
#537 = VECTOR('',#538,1.);
#538 = DIRECTION('',(-1.,0.,0.));
#539 = ORIENTED_EDGE('',*,*,#540,.T.);
#540 = EDGE_CURVE('',#533,#541,#543,.T.);
#541 = VERTEX_POINT('',#542);
#542 = CARTESIAN_POINT('',(0.149999999999,-2.925,0.599999999999));
#543 = LINE('',#544,#545);
#544 = CARTESIAN_POINT('',(0.149999999999,-3.,0.599999999999));
#545 = VECTOR('',#546,1.);
#546 = DIRECTION('',(0.,1.,0.));
#547 = ORIENTED_EDGE('',*,*,#548,.F.);
#548 = EDGE_CURVE('',#549,#541,#551,.T.);
#549 = VERTEX_POINT('',#550);
#550 = CARTESIAN_POINT('',(2.39,-2.925,0.599999999999));
#551 = LINE('',#552,#553);
#552 = CARTESIAN_POINT('',(2.825,-2.925,0.599999999999));
#553 = VECTOR('',#554,1.);
#554 = DIRECTION('',(-1.,0.,0.));
#555 = ORIENTED_EDGE('',*,*,#556,.F.);
#556 = EDGE_CURVE('',#557,#549,#559,.T.);
#557 = VERTEX_POINT('',#558);
#558 = CARTESIAN_POINT('',(2.39,-3.,0.599999999999));
#559 = LINE('',#560,#561);
#560 = CARTESIAN_POINT('',(2.39,-3.,0.599999999999));
#561 = VECTOR('',#562,1.);
#562 = DIRECTION('',(0.,1.,0.));
#563 = ORIENTED_EDGE('',*,*,#564,.F.);
#564 = EDGE_CURVE('',#565,#557,#567,.T.);
#565 = VERTEX_POINT('',#566);
#566 = CARTESIAN_POINT('',(2.689999999999,-3.,0.599999999999));
#567 = LINE('',#568,#569);
#568 = CARTESIAN_POINT('',(2.689999999999,-3.,0.599999999999));
#569 = VECTOR('',#570,1.);
#570 = DIRECTION('',(-1.,0.,0.));
#571 = ORIENTED_EDGE('',*,*,#572,.T.);
#572 = EDGE_CURVE('',#565,#573,#575,.T.);
#573 = VERTEX_POINT('',#574);
#574 = CARTESIAN_POINT('',(2.689999999999,-2.925,0.599999999999));
#575 = LINE('',#576,#577);
#576 = CARTESIAN_POINT('',(2.689999999999,-3.,0.599999999999));
#577 = VECTOR('',#578,1.);
#578 = DIRECTION('',(0.,1.,0.));
#579 = ORIENTED_EDGE('',*,*,#580,.F.);
#580 = EDGE_CURVE('',#581,#573,#583,.T.);
#581 = VERTEX_POINT('',#582);
#582 = CARTESIAN_POINT('',(2.825,-2.925,0.599999999999));
#583 = LINE('',#584,#585);
#584 = CARTESIAN_POINT('',(2.825,-2.925,0.599999999999));
#585 = VECTOR('',#586,1.);
#586 = DIRECTION('',(-1.,0.,0.));
#587 = ORIENTED_EDGE('',*,*,#588,.T.);
#588 = EDGE_CURVE('',#581,#589,#591,.T.);
#589 = VERTEX_POINT('',#590);
#590 = CARTESIAN_POINT('',(2.825,-1.724999999999,0.599999999999));
#591 = LINE('',#592,#593);
#592 = CARTESIAN_POINT('',(2.825,3.725,0.599999999999));
#593 = VECTOR('',#594,1.);
#594 = DIRECTION('',(0.,1.,0.));
#595 = ORIENTED_EDGE('',*,*,#596,.T.);
#596 = EDGE_CURVE('',#589,#404,#597,.T.);
#597 = LINE('',#598,#599);
#598 = CARTESIAN_POINT('',(3.325,-1.725,0.599999999999));
#599 = VECTOR('',#600,1.);
#600 = DIRECTION('',(1.,0.,0.));
#601 = ORIENTED_EDGE('',*,*,#403,.T.);
#602 = ORIENTED_EDGE('',*,*,#603,.T.);
#603 = EDGE_CURVE('',#396,#442,#604,.T.);
#604 = CIRCLE('',#605,0.299999999999);
#605 = AXIS2_PLACEMENT_3D('',#606,#607,#608);
#606 = CARTESIAN_POINT('',(3.024999999999,-3.424999999999,0.599999999999
    ));
#607 = DIRECTION('',(0.,0.,-1.));
#608 = DIRECTION('',(1.,0.,0.));
#609 = PLANE('',#610);
#610 = AXIS2_PLACEMENT_3D('',#611,#612,#613);
#611 = CARTESIAN_POINT('',(-2.824999999999,3.725,0.599999999999));
#612 = DIRECTION('',(0.,0.,1.));
#613 = DIRECTION('',(1.,0.,0.));
#614 = ADVANCED_FACE('',(#615),#663,.F.);
#615 = FACE_BOUND('',#616,.T.);
#616 = EDGE_LOOP('',(#617,#627,#633,#634,#642,#650,#656,#657));
#617 = ORIENTED_EDGE('',*,*,#618,.T.);
#618 = EDGE_CURVE('',#619,#621,#623,.T.);
#619 = VERTEX_POINT('',#620);
#620 = CARTESIAN_POINT('',(-3.324999999999,-3.424999999999,2.7));
#621 = VERTEX_POINT('',#622);
#622 = CARTESIAN_POINT('',(-3.325,3.425,2.7));
#623 = LINE('',#624,#625);
#624 = CARTESIAN_POINT('',(-3.325,3.725,2.7));
#625 = VECTOR('',#626,1.);
#626 = DIRECTION('',(-1.164243943608E-16,1.,0.));
#627 = ORIENTED_EDGE('',*,*,#628,.T.);
#628 = EDGE_CURVE('',#621,#356,#629,.T.);
#629 = LINE('',#630,#631);
#630 = CARTESIAN_POINT('',(-3.325,3.425,3.));
#631 = VECTOR('',#632,1.);
#632 = DIRECTION('',(0.,0.,-1.));
#633 = ORIENTED_EDGE('',*,*,#355,.F.);
#634 = ORIENTED_EDGE('',*,*,#635,.T.);
#635 = EDGE_CURVE('',#348,#636,#638,.T.);
#636 = VERTEX_POINT('',#637);
#637 = CARTESIAN_POINT('',(-3.325,1.124999999999,0.));
#638 = LINE('',#639,#640);
#639 = CARTESIAN_POINT('',(-3.325,1.725,0.599999999999));
#640 = VECTOR('',#641,1.);
#641 = DIRECTION('',(8.232447874816E-17,-0.707106781187,-0.707106781187)
  );
#642 = ORIENTED_EDGE('',*,*,#643,.T.);
#643 = EDGE_CURVE('',#636,#644,#646,.T.);
#644 = VERTEX_POINT('',#645);
#645 = CARTESIAN_POINT('',(-3.325,-1.125,0.));
#646 = LINE('',#647,#648);
#647 = CARTESIAN_POINT('',(-3.325,3.725,0.));
#648 = VECTOR('',#649,1.);
#649 = DIRECTION('',(1.164243943608E-16,-1.,0.));
#650 = ORIENTED_EDGE('',*,*,#651,.T.);
#651 = EDGE_CURVE('',#644,#461,#652,.T.);
#652 = LINE('',#653,#654);
#653 = CARTESIAN_POINT('',(-3.325,-1.125,1.935555556249E-16));
#654 = VECTOR('',#655,1.);
#655 = DIRECTION('',(8.232447874816E-17,-0.707106781187,0.707106781187)
  );
#656 = ORIENTED_EDGE('',*,*,#460,.T.);
#657 = ORIENTED_EDGE('',*,*,#658,.T.);
#658 = EDGE_CURVE('',#452,#619,#659,.T.);
#659 = LINE('',#660,#661);
#660 = CARTESIAN_POINT('',(-3.324999999999,-3.424999999999,3.));
#661 = VECTOR('',#662,1.);
#662 = DIRECTION('',(0.,0.,1.));
#663 = PLANE('',#664);
#664 = AXIS2_PLACEMENT_3D('',#665,#666,#667);
#665 = CARTESIAN_POINT('',(-3.325,3.725,3.));
#666 = DIRECTION('',(1.,1.164243943608E-16,0.));
#667 = DIRECTION('',(-1.164243943608E-16,1.,0.));
#668 = ADVANCED_FACE('',(#669),#694,.F.);
#669 = FACE_BOUND('',#670,.T.);
#670 = EDGE_LOOP('',(#671,#672,#680,#688));
#671 = ORIENTED_EDGE('',*,*,#643,.F.);
#672 = ORIENTED_EDGE('',*,*,#673,.T.);
#673 = EDGE_CURVE('',#636,#674,#676,.T.);
#674 = VERTEX_POINT('',#675);
#675 = CARTESIAN_POINT('',(-2.824999999999,1.124999999999,0.));
#676 = LINE('',#677,#678);
#677 = CARTESIAN_POINT('',(0.,1.124999999999,0.));
#678 = VECTOR('',#679,1.);
#679 = DIRECTION('',(1.,0.,0.));
#680 = ORIENTED_EDGE('',*,*,#681,.T.);
#681 = EDGE_CURVE('',#674,#682,#684,.T.);
#682 = VERTEX_POINT('',#683);
#683 = CARTESIAN_POINT('',(-2.824999999999,-1.125,0.));
#684 = LINE('',#685,#686);
#685 = CARTESIAN_POINT('',(-2.824999999999,0.,0.));
#686 = VECTOR('',#687,1.);
#687 = DIRECTION('',(0.,-1.,0.));
#688 = ORIENTED_EDGE('',*,*,#689,.T.);
#689 = EDGE_CURVE('',#682,#644,#690,.T.);
#690 = LINE('',#691,#692);
#691 = CARTESIAN_POINT('',(-3.325,-1.125,0.));
#692 = VECTOR('',#693,1.);
#693 = DIRECTION('',(-1.,0.,0.));
#694 = PLANE('',#695);
#695 = AXIS2_PLACEMENT_3D('',#696,#697,#698);
#696 = CARTESIAN_POINT('',(0.,0.,0.));
#697 = DIRECTION('',(0.,0.,1.));
#698 = DIRECTION('',(1.,0.,0.));
#699 = ADVANCED_FACE('',(#700),#739,.F.);
#700 = FACE_BOUND('',#701,.T.);
#701 = EDGE_LOOP('',(#702,#703,#709,#710,#718,#726,#732,#733));
#702 = ORIENTED_EDGE('',*,*,#681,.F.);
#703 = ORIENTED_EDGE('',*,*,#704,.T.);
#704 = EDGE_CURVE('',#674,#340,#705,.T.);
#705 = LINE('',#706,#707);
#706 = CARTESIAN_POINT('',(-2.824999999999,1.725,0.599999999999));
#707 = VECTOR('',#708,1.);
#708 = DIRECTION('',(0.,0.707106781187,0.707106781187));
#709 = ORIENTED_EDGE('',*,*,#339,.F.);
#710 = ORIENTED_EDGE('',*,*,#711,.F.);
#711 = EDGE_CURVE('',#712,#332,#714,.T.);
#712 = VERTEX_POINT('',#713);
#713 = CARTESIAN_POINT('',(-2.824999999999,2.925,1.099999999999));
#714 = LINE('',#715,#716);
#715 = CARTESIAN_POINT('',(-2.824999999999,2.925,1.099999999999));
#716 = VECTOR('',#717,1.);
#717 = DIRECTION('',(0.,0.,-1.));
#718 = ORIENTED_EDGE('',*,*,#719,.F.);
#719 = EDGE_CURVE('',#720,#712,#722,.T.);
#720 = VERTEX_POINT('',#721);
#721 = CARTESIAN_POINT('',(-2.824999999999,-2.925,1.099999999999));
#722 = LINE('',#723,#724);
#723 = CARTESIAN_POINT('',(-2.824999999999,2.925,1.099999999999));
#724 = VECTOR('',#725,1.);
#725 = DIRECTION('',(0.,1.,0.));
#726 = ORIENTED_EDGE('',*,*,#727,.T.);
#727 = EDGE_CURVE('',#720,#477,#728,.T.);
#728 = LINE('',#729,#730);
#729 = CARTESIAN_POINT('',(-2.824999999999,-2.925,1.099999999999));
#730 = VECTOR('',#731,1.);
#731 = DIRECTION('',(0.,0.,-1.));
#732 = ORIENTED_EDGE('',*,*,#476,.T.);
#733 = ORIENTED_EDGE('',*,*,#734,.T.);
#734 = EDGE_CURVE('',#469,#682,#735,.T.);
#735 = LINE('',#736,#737);
#736 = CARTESIAN_POINT('',(-2.824999999999,-1.125,0.));
#737 = VECTOR('',#738,1.);
#738 = DIRECTION('',(0.,0.707106781187,-0.707106781187));
#739 = PLANE('',#740);
#740 = AXIS2_PLACEMENT_3D('',#741,#742,#743);
#741 = CARTESIAN_POINT('',(-2.824999999999,3.725,-0.6));
#742 = DIRECTION('',(-1.,0.,0.));
#743 = DIRECTION('',(0.,0.,1.));
#744 = ADVANCED_FACE('',(#745),#770,.F.);
#745 = FACE_BOUND('',#746,.T.);
#746 = EDGE_LOOP('',(#747,#757,#763,#764));
#747 = ORIENTED_EDGE('',*,*,#748,.T.);
#748 = EDGE_CURVE('',#749,#751,#753,.T.);
#749 = VERTEX_POINT('',#750);
#750 = CARTESIAN_POINT('',(2.824999999999,-1.124999999999,0.));
#751 = VERTEX_POINT('',#752);
#752 = CARTESIAN_POINT('',(2.824999999999,1.125,0.));
#753 = LINE('',#754,#755);
#754 = CARTESIAN_POINT('',(2.824999999999,0.,0.));
#755 = VECTOR('',#756,1.);
#756 = DIRECTION('',(0.,1.,0.));
#757 = ORIENTED_EDGE('',*,*,#758,.T.);
#758 = EDGE_CURVE('',#751,#420,#759,.T.);
#759 = LINE('',#760,#761);
#760 = CARTESIAN_POINT('',(3.325,1.125,0.));
#761 = VECTOR('',#762,1.);
#762 = DIRECTION('',(1.,0.,0.));
#763 = ORIENTED_EDGE('',*,*,#419,.F.);
#764 = ORIENTED_EDGE('',*,*,#765,.T.);
#765 = EDGE_CURVE('',#412,#749,#766,.T.);
#766 = LINE('',#767,#768);
#767 = CARTESIAN_POINT('',(0.,-1.124999999999,0.));
#768 = VECTOR('',#769,1.);
#769 = DIRECTION('',(-1.,0.,0.));
#770 = PLANE('',#771);
#771 = AXIS2_PLACEMENT_3D('',#772,#773,#774);
#772 = CARTESIAN_POINT('',(0.,0.,0.));
#773 = DIRECTION('',(0.,0.,1.));
#774 = DIRECTION('',(1.,0.,0.));
#775 = ADVANCED_FACE('',(#776),#815,.F.);
#776 = FACE_BOUND('',#777,.T.);
#777 = EDGE_LOOP('',(#778,#779,#785,#786,#792,#793,#801,#809));
#778 = ORIENTED_EDGE('',*,*,#227,.T.);
#779 = ORIENTED_EDGE('',*,*,#780,.T.);
#780 = EDGE_CURVE('',#220,#751,#781,.T.);
#781 = LINE('',#782,#783);
#782 = CARTESIAN_POINT('',(2.824999999999,1.125,0.));
#783 = VECTOR('',#784,1.);
#784 = DIRECTION('',(0.,-0.707106781187,-0.707106781187));
#785 = ORIENTED_EDGE('',*,*,#748,.F.);
#786 = ORIENTED_EDGE('',*,*,#787,.T.);
#787 = EDGE_CURVE('',#749,#589,#788,.T.);
#788 = LINE('',#789,#790);
#789 = CARTESIAN_POINT('',(2.824999999999,-1.725,0.599999999999));
#790 = VECTOR('',#791,1.);
#791 = DIRECTION('',(0.,-0.707106781187,0.707106781187));
#792 = ORIENTED_EDGE('',*,*,#588,.F.);
#793 = ORIENTED_EDGE('',*,*,#794,.F.);
#794 = EDGE_CURVE('',#795,#581,#797,.T.);
#795 = VERTEX_POINT('',#796);
#796 = CARTESIAN_POINT('',(2.825,-2.925,1.099999999999));
#797 = LINE('',#798,#799);
#798 = CARTESIAN_POINT('',(2.825,-2.925,1.099999999999));
#799 = VECTOR('',#800,1.);
#800 = DIRECTION('',(0.,0.,-1.));
#801 = ORIENTED_EDGE('',*,*,#802,.F.);
#802 = EDGE_CURVE('',#803,#795,#805,.T.);
#803 = VERTEX_POINT('',#804);
#804 = CARTESIAN_POINT('',(2.825,2.925,1.099999999999));
#805 = LINE('',#806,#807);
#806 = CARTESIAN_POINT('',(2.825,2.925,1.099999999999));
#807 = VECTOR('',#808,1.);
#808 = DIRECTION('',(0.,-1.,0.));
#809 = ORIENTED_EDGE('',*,*,#810,.T.);
#810 = EDGE_CURVE('',#803,#228,#811,.T.);
#811 = LINE('',#812,#813);
#812 = CARTESIAN_POINT('',(2.825,2.925,1.099999999999));
#813 = VECTOR('',#814,1.);
#814 = DIRECTION('',(0.,0.,-1.));
#815 = PLANE('',#816);
#816 = AXIS2_PLACEMENT_3D('',#817,#818,#819);
#817 = CARTESIAN_POINT('',(2.824999999999,3.725,-0.6));
#818 = DIRECTION('',(1.,0.,0.));
#819 = DIRECTION('',(0.,0.,-1.));
#820 = ADVANCED_FACE('',(#821),#846,.F.);
#821 = FACE_BOUND('',#822,.T.);
#822 = EDGE_LOOP('',(#823,#833,#839,#840));
#823 = ORIENTED_EDGE('',*,*,#824,.T.);
#824 = EDGE_CURVE('',#825,#827,#829,.T.);
#825 = VERTEX_POINT('',#826);
#826 = CARTESIAN_POINT('',(3.024999999999,-3.724999999999,2.7));
#827 = VERTEX_POINT('',#828);
#828 = CARTESIAN_POINT('',(-3.024999999999,-3.724999999999,2.7));
#829 = LINE('',#830,#831);
#830 = CARTESIAN_POINT('',(-3.324999999999,-3.724999999999,2.7));
#831 = VECTOR('',#832,1.);
#832 = DIRECTION('',(-1.,0.,0.));
#833 = ORIENTED_EDGE('',*,*,#834,.T.);
#834 = EDGE_CURVE('',#827,#444,#835,.T.);
#835 = LINE('',#836,#837);
#836 = CARTESIAN_POINT('',(-3.024999999999,-3.724999999999,3.));
#837 = VECTOR('',#838,1.);
#838 = DIRECTION('',(0.,0.,-1.));
#839 = ORIENTED_EDGE('',*,*,#441,.F.);
#840 = ORIENTED_EDGE('',*,*,#841,.T.);
#841 = EDGE_CURVE('',#442,#825,#842,.T.);
#842 = LINE('',#843,#844);
#843 = CARTESIAN_POINT('',(3.024999999999,-3.724999999999,3.));
#844 = VECTOR('',#845,1.);
#845 = DIRECTION('',(0.,0.,1.));
#846 = PLANE('',#847);
#847 = AXIS2_PLACEMENT_3D('',#848,#849,#850);
#848 = CARTESIAN_POINT('',(-3.324999999999,-3.724999999999,3.));
#849 = DIRECTION('',(0.,1.,0.));
#850 = DIRECTION('',(0.,0.,1.));
#851 = ADVANCED_FACE('',(#852),#884,.F.);
#852 = FACE_BOUND('',#853,.T.);
#853 = EDGE_LOOP('',(#854,#855,#861,#862,#868,#869,#875,#876,#877,#883)
  );
#854 = ORIENTED_EDGE('',*,*,#580,.T.);
#855 = ORIENTED_EDGE('',*,*,#856,.T.);
#856 = EDGE_CURVE('',#573,#549,#857,.T.);
#857 = LINE('',#858,#859);
#858 = CARTESIAN_POINT('',(2.825,-2.925,0.599999999999));
#859 = VECTOR('',#860,1.);
#860 = DIRECTION('',(-1.,0.,0.));
#861 = ORIENTED_EDGE('',*,*,#548,.T.);
#862 = ORIENTED_EDGE('',*,*,#863,.T.);
#863 = EDGE_CURVE('',#541,#517,#864,.T.);
#864 = LINE('',#865,#866);
#865 = CARTESIAN_POINT('',(2.825,-2.925,0.599999999999));
#866 = VECTOR('',#867,1.);
#867 = DIRECTION('',(-1.,0.,0.));
#868 = ORIENTED_EDGE('',*,*,#516,.T.);
#869 = ORIENTED_EDGE('',*,*,#870,.T.);
#870 = EDGE_CURVE('',#509,#485,#871,.T.);
#871 = LINE('',#872,#873);
#872 = CARTESIAN_POINT('',(2.825,-2.925,0.599999999999));
#873 = VECTOR('',#874,1.);
#874 = DIRECTION('',(-1.,0.,0.));
#875 = ORIENTED_EDGE('',*,*,#484,.T.);
#876 = ORIENTED_EDGE('',*,*,#727,.F.);
#877 = ORIENTED_EDGE('',*,*,#878,.F.);
#878 = EDGE_CURVE('',#795,#720,#879,.T.);
#879 = LINE('',#880,#881);
#880 = CARTESIAN_POINT('',(2.825,-2.925,1.099999999999));
#881 = VECTOR('',#882,1.);
#882 = DIRECTION('',(-1.,0.,0.));
#883 = ORIENTED_EDGE('',*,*,#794,.T.);
#884 = PLANE('',#885);
#885 = AXIS2_PLACEMENT_3D('',#886,#887,#888);
#886 = CARTESIAN_POINT('',(2.825,-2.925,1.099999999999));
#887 = DIRECTION('',(0.,-1.,0.));
#888 = DIRECTION('',(0.,0.,-1.));
#889 = ADVANCED_FACE('',(#890),#922,.F.);
#890 = FACE_BOUND('',#891,.T.);
#891 = EDGE_LOOP('',(#892,#893,#899,#900,#906,#907,#913,#914,#915,#921)
  );
#892 = ORIENTED_EDGE('',*,*,#331,.T.);
#893 = ORIENTED_EDGE('',*,*,#894,.T.);
#894 = EDGE_CURVE('',#324,#300,#895,.T.);
#895 = LINE('',#896,#897);
#896 = CARTESIAN_POINT('',(2.825,2.925,0.599999999999));
#897 = VECTOR('',#898,1.);
#898 = DIRECTION('',(1.,0.,0.));
#899 = ORIENTED_EDGE('',*,*,#299,.T.);
#900 = ORIENTED_EDGE('',*,*,#901,.T.);
#901 = EDGE_CURVE('',#292,#268,#902,.T.);
#902 = LINE('',#903,#904);
#903 = CARTESIAN_POINT('',(2.825,2.925,0.599999999999));
#904 = VECTOR('',#905,1.);
#905 = DIRECTION('',(1.,0.,0.));
#906 = ORIENTED_EDGE('',*,*,#267,.T.);
#907 = ORIENTED_EDGE('',*,*,#908,.T.);
#908 = EDGE_CURVE('',#260,#236,#909,.T.);
#909 = LINE('',#910,#911);
#910 = CARTESIAN_POINT('',(2.825,2.925,0.599999999999));
#911 = VECTOR('',#912,1.);
#912 = DIRECTION('',(1.,0.,0.));
#913 = ORIENTED_EDGE('',*,*,#235,.T.);
#914 = ORIENTED_EDGE('',*,*,#810,.F.);
#915 = ORIENTED_EDGE('',*,*,#916,.F.);
#916 = EDGE_CURVE('',#712,#803,#917,.T.);
#917 = LINE('',#918,#919);
#918 = CARTESIAN_POINT('',(2.825,2.925,1.099999999999));
#919 = VECTOR('',#920,1.);
#920 = DIRECTION('',(1.,0.,0.));
#921 = ORIENTED_EDGE('',*,*,#711,.T.);
#922 = PLANE('',#923);
#923 = AXIS2_PLACEMENT_3D('',#924,#925,#926);
#924 = CARTESIAN_POINT('',(2.825,2.925,1.099999999999));
#925 = DIRECTION('',(0.,1.,0.));
#926 = DIRECTION('',(0.,0.,1.));
#927 = ADVANCED_FACE('',(#928),#934,.T.);
#928 = FACE_BOUND('',#929,.T.);
#929 = EDGE_LOOP('',(#930,#931,#932,#933));
#930 = ORIENTED_EDGE('',*,*,#719,.T.);
#931 = ORIENTED_EDGE('',*,*,#916,.T.);
#932 = ORIENTED_EDGE('',*,*,#802,.T.);
#933 = ORIENTED_EDGE('',*,*,#878,.T.);
#934 = PLANE('',#935);
#935 = AXIS2_PLACEMENT_3D('',#936,#937,#938);
#936 = CARTESIAN_POINT('',(0.,0.,1.099999999999));
#937 = DIRECTION('',(0.,0.,-1.));
#938 = DIRECTION('',(-1.,0.,0.));
#939 = ADVANCED_FACE('',(#940),#965,.T.);
#940 = FACE_BOUND('',#941,.T.);
#941 = EDGE_LOOP('',(#942,#943,#951,#959));
#942 = ORIENTED_EDGE('',*,*,#856,.F.);
#943 = ORIENTED_EDGE('',*,*,#944,.T.);
#944 = EDGE_CURVE('',#573,#945,#947,.T.);
#945 = VERTEX_POINT('',#946);
#946 = CARTESIAN_POINT('',(2.689999999999,-2.85,0.599999999999));
#947 = LINE('',#948,#949);
#948 = CARTESIAN_POINT('',(2.689999999999,-3.,0.599999999999));
#949 = VECTOR('',#950,1.);
#950 = DIRECTION('',(0.,1.,0.));
#951 = ORIENTED_EDGE('',*,*,#952,.T.);
#952 = EDGE_CURVE('',#945,#953,#955,.T.);
#953 = VERTEX_POINT('',#954);
#954 = CARTESIAN_POINT('',(2.39,-2.85,0.599999999999));
#955 = LINE('',#956,#957);
#956 = CARTESIAN_POINT('',(2.689999999999,-2.85,0.599999999999));
#957 = VECTOR('',#958,1.);
#958 = DIRECTION('',(-1.,0.,0.));
#959 = ORIENTED_EDGE('',*,*,#960,.F.);
#960 = EDGE_CURVE('',#549,#953,#961,.T.);
#961 = LINE('',#962,#963);
#962 = CARTESIAN_POINT('',(2.39,-3.,0.599999999999));
#963 = VECTOR('',#964,1.);
#964 = DIRECTION('',(0.,1.,0.));
#965 = PLANE('',#966);
#966 = AXIS2_PLACEMENT_3D('',#967,#968,#969);
#967 = CARTESIAN_POINT('',(2.689999999999,-3.,0.599999999999));
#968 = DIRECTION('',(0.,0.,1.));
#969 = DIRECTION('',(1.,0.,0.));
#970 = ADVANCED_FACE('',(#971),#996,.T.);
#971 = FACE_BOUND('',#972,.T.);
#972 = EDGE_LOOP('',(#973,#981,#982,#990));
#973 = ORIENTED_EDGE('',*,*,#974,.F.);
#974 = EDGE_CURVE('',#953,#975,#977,.T.);
#975 = VERTEX_POINT('',#976);
#976 = CARTESIAN_POINT('',(2.39,-2.85,-9.005051526134E-17));
#977 = LINE('',#978,#979);
#978 = CARTESIAN_POINT('',(2.39,-2.85,0.599999999999));
#979 = VECTOR('',#980,1.);
#980 = DIRECTION('',(0.,0.,-1.));
#981 = ORIENTED_EDGE('',*,*,#952,.F.);
#982 = ORIENTED_EDGE('',*,*,#983,.T.);
#983 = EDGE_CURVE('',#945,#984,#986,.T.);
#984 = VERTEX_POINT('',#985);
#985 = CARTESIAN_POINT('',(2.689999999999,-2.85,-9.005051526134E-17));
#986 = LINE('',#987,#988);
#987 = CARTESIAN_POINT('',(2.689999999999,-2.85,0.599999999999));
#988 = VECTOR('',#989,1.);
#989 = DIRECTION('',(0.,0.,-1.));
#990 = ORIENTED_EDGE('',*,*,#991,.T.);
#991 = EDGE_CURVE('',#984,#975,#992,.T.);
#992 = LINE('',#993,#994);
#993 = CARTESIAN_POINT('',(2.689999999999,-2.85,-9.005051526134E-17));
#994 = VECTOR('',#995,1.);
#995 = DIRECTION('',(-1.,0.,0.));
#996 = PLANE('',#997);
#997 = AXIS2_PLACEMENT_3D('',#998,#999,#1000);
#998 = CARTESIAN_POINT('',(2.689999999999,-2.85,0.599999999999));
#999 = DIRECTION('',(0.,1.,0.));
#1000 = DIRECTION('',(0.,0.,1.));
#1001 = ADVANCED_FACE('',(#1002),#1029,.T.);
#1002 = FACE_BOUND('',#1003,.T.);
#1003 = EDGE_LOOP('',(#1004,#1013,#1014,#1023));
#1004 = ORIENTED_EDGE('',*,*,#1005,.F.);
#1005 = EDGE_CURVE('',#975,#1006,#1008,.T.);
#1006 = VERTEX_POINT('',#1007);
#1007 = CARTESIAN_POINT('',(2.39,-3.149999999999,-0.299999999999));
#1008 = CIRCLE('',#1009,0.299999999999);
#1009 = AXIS2_PLACEMENT_3D('',#1010,#1011,#1012);
#1010 = CARTESIAN_POINT('',(2.39,-3.149999999999,-1.084202172485E-16));
#1011 = DIRECTION('',(-1.,0.,0.));
#1012 = DIRECTION('',(0.,0.,1.));
#1013 = ORIENTED_EDGE('',*,*,#991,.F.);
#1014 = ORIENTED_EDGE('',*,*,#1015,.T.);
#1015 = EDGE_CURVE('',#984,#1016,#1018,.T.);
#1016 = VERTEX_POINT('',#1017);
#1017 = CARTESIAN_POINT('',(2.689999999999,-3.149999999999,
    -0.299999999999));
#1018 = CIRCLE('',#1019,0.299999999999);
#1019 = AXIS2_PLACEMENT_3D('',#1020,#1021,#1022);
#1020 = CARTESIAN_POINT('',(2.689999999999,-3.149999999999,
    -1.084202172485E-16));
#1021 = DIRECTION('',(-1.,0.,0.));
#1022 = DIRECTION('',(0.,0.,1.));
#1023 = ORIENTED_EDGE('',*,*,#1024,.T.);
#1024 = EDGE_CURVE('',#1016,#1006,#1025,.T.);
#1025 = LINE('',#1026,#1027);
#1026 = CARTESIAN_POINT('',(2.689999999999,-3.149999999999,
    -0.299999999999));
#1027 = VECTOR('',#1028,1.);
#1028 = DIRECTION('',(-1.,0.,0.));
#1029 = CYLINDRICAL_SURFACE('',#1030,0.299999999999);
#1030 = AXIS2_PLACEMENT_3D('',#1031,#1032,#1033);
#1031 = CARTESIAN_POINT('',(2.689999999999,-3.149999999999,
    -1.084202172485E-16));
#1032 = DIRECTION('',(-1.,0.,0.));
#1033 = DIRECTION('',(0.,0.,1.));
#1034 = ADVANCED_FACE('',(#1035),#1060,.T.);
#1035 = FACE_BOUND('',#1036,.T.);
#1036 = EDGE_LOOP('',(#1037,#1045,#1046,#1054));
#1037 = ORIENTED_EDGE('',*,*,#1038,.F.);
#1038 = EDGE_CURVE('',#1006,#1039,#1041,.T.);
#1039 = VERTEX_POINT('',#1040);
#1040 = CARTESIAN_POINT('',(2.39,-3.85,-0.3));
#1041 = LINE('',#1042,#1043);
#1042 = CARTESIAN_POINT('',(2.39,-3.149999999999,-0.299999999999));
#1043 = VECTOR('',#1044,1.);
#1044 = DIRECTION('',(0.,-1.,-1.548860246407E-16));
#1045 = ORIENTED_EDGE('',*,*,#1024,.F.);
#1046 = ORIENTED_EDGE('',*,*,#1047,.T.);
#1047 = EDGE_CURVE('',#1016,#1048,#1050,.T.);
#1048 = VERTEX_POINT('',#1049);
#1049 = CARTESIAN_POINT('',(2.689999999999,-3.85,-0.3));
#1050 = LINE('',#1051,#1052);
#1051 = CARTESIAN_POINT('',(2.689999999999,-3.149999999999,
    -0.299999999999));
#1052 = VECTOR('',#1053,1.);
#1053 = DIRECTION('',(0.,-1.,-1.548860246407E-16));
#1054 = ORIENTED_EDGE('',*,*,#1055,.T.);
#1055 = EDGE_CURVE('',#1048,#1039,#1056,.T.);
#1056 = LINE('',#1057,#1058);
#1057 = CARTESIAN_POINT('',(2.689999999999,-3.85,-0.3));
#1058 = VECTOR('',#1059,1.);
#1059 = DIRECTION('',(-1.,0.,0.));
#1060 = PLANE('',#1061);
#1061 = AXIS2_PLACEMENT_3D('',#1062,#1063,#1064);
#1062 = CARTESIAN_POINT('',(2.689999999999,-3.149999999999,
    -0.299999999999));
#1063 = DIRECTION('',(0.,1.548860246407E-16,-1.));
#1064 = DIRECTION('',(0.,1.,1.548860246407E-16));
#1065 = ADVANCED_FACE('',(#1066),#1091,.T.);
#1066 = FACE_BOUND('',#1067,.T.);
#1067 = EDGE_LOOP('',(#1068,#1076,#1077,#1085));
#1068 = ORIENTED_EDGE('',*,*,#1069,.F.);
#1069 = EDGE_CURVE('',#1039,#1070,#1072,.T.);
#1070 = VERTEX_POINT('',#1071);
#1071 = CARTESIAN_POINT('',(2.39,-3.85,-0.15));
#1072 = LINE('',#1073,#1074);
#1073 = CARTESIAN_POINT('',(2.39,-3.85,-0.3));
#1074 = VECTOR('',#1075,1.);
#1075 = DIRECTION('',(0.,0.,1.));
#1076 = ORIENTED_EDGE('',*,*,#1055,.F.);
#1077 = ORIENTED_EDGE('',*,*,#1078,.T.);
#1078 = EDGE_CURVE('',#1048,#1079,#1081,.T.);
#1079 = VERTEX_POINT('',#1080);
#1080 = CARTESIAN_POINT('',(2.689999999999,-3.85,-0.15));
#1081 = LINE('',#1082,#1083);
#1082 = CARTESIAN_POINT('',(2.689999999999,-3.85,-0.3));
#1083 = VECTOR('',#1084,1.);
#1084 = DIRECTION('',(0.,0.,1.));
#1085 = ORIENTED_EDGE('',*,*,#1086,.T.);
#1086 = EDGE_CURVE('',#1079,#1070,#1087,.T.);
#1087 = LINE('',#1088,#1089);
#1088 = CARTESIAN_POINT('',(2.689999999999,-3.85,-0.15));
#1089 = VECTOR('',#1090,1.);
#1090 = DIRECTION('',(-1.,0.,0.));
#1091 = PLANE('',#1092);
#1092 = AXIS2_PLACEMENT_3D('',#1093,#1094,#1095);
#1093 = CARTESIAN_POINT('',(2.689999999999,-3.85,-0.3));
#1094 = DIRECTION('',(0.,-1.,0.));
#1095 = DIRECTION('',(0.,0.,-1.));
#1096 = ADVANCED_FACE('',(#1097),#1122,.F.);
#1097 = FACE_BOUND('',#1098,.T.);
#1098 = EDGE_LOOP('',(#1099,#1107,#1108,#1116));
#1099 = ORIENTED_EDGE('',*,*,#1100,.T.);
#1100 = EDGE_CURVE('',#1101,#1070,#1103,.T.);
#1101 = VERTEX_POINT('',#1102);
#1102 = CARTESIAN_POINT('',(2.39,-3.149999999999,-0.149999999999));
#1103 = LINE('',#1104,#1105);
#1104 = CARTESIAN_POINT('',(2.39,-3.149999999999,-0.149999999999));
#1105 = VECTOR('',#1106,1.);
#1106 = DIRECTION('',(0.,-1.,-1.548860246407E-16));
#1107 = ORIENTED_EDGE('',*,*,#1086,.F.);
#1108 = ORIENTED_EDGE('',*,*,#1109,.F.);
#1109 = EDGE_CURVE('',#1110,#1079,#1112,.T.);
#1110 = VERTEX_POINT('',#1111);
#1111 = CARTESIAN_POINT('',(2.689999999999,-3.149999999999,
    -0.149999999999));
#1112 = LINE('',#1113,#1114);
#1113 = CARTESIAN_POINT('',(2.689999999999,-3.149999999999,
    -0.149999999999));
#1114 = VECTOR('',#1115,1.);
#1115 = DIRECTION('',(0.,-1.,-1.548860246407E-16));
#1116 = ORIENTED_EDGE('',*,*,#1117,.T.);
#1117 = EDGE_CURVE('',#1110,#1101,#1118,.T.);
#1118 = LINE('',#1119,#1120);
#1119 = CARTESIAN_POINT('',(2.689999999999,-3.149999999999,
    -0.149999999999));
#1120 = VECTOR('',#1121,1.);
#1121 = DIRECTION('',(-1.,0.,0.));
#1122 = PLANE('',#1123);
#1123 = AXIS2_PLACEMENT_3D('',#1124,#1125,#1126);
#1124 = CARTESIAN_POINT('',(2.689999999999,-3.149999999999,
    -0.149999999999));
#1125 = DIRECTION('',(0.,1.548860246407E-16,-1.));
#1126 = DIRECTION('',(0.,1.,1.548860246407E-16));
#1127 = ADVANCED_FACE('',(#1128),#1153,.F.);
#1128 = FACE_BOUND('',#1129,.T.);
#1129 = EDGE_LOOP('',(#1130,#1138,#1146,#1152));
#1130 = ORIENTED_EDGE('',*,*,#1131,.T.);
#1131 = EDGE_CURVE('',#557,#1132,#1134,.T.);
#1132 = VERTEX_POINT('',#1133);
#1133 = CARTESIAN_POINT('',(2.39,-3.,-8.42983775034E-17));
#1134 = LINE('',#1135,#1136);
#1135 = CARTESIAN_POINT('',(2.39,-3.,0.599999999999));
#1136 = VECTOR('',#1137,1.);
#1137 = DIRECTION('',(0.,0.,-1.));
#1138 = ORIENTED_EDGE('',*,*,#1139,.F.);
#1139 = EDGE_CURVE('',#1140,#1132,#1142,.T.);
#1140 = VERTEX_POINT('',#1141);
#1141 = CARTESIAN_POINT('',(2.689999999999,-3.,-8.42983775034E-17));
#1142 = LINE('',#1143,#1144);
#1143 = CARTESIAN_POINT('',(2.689999999999,-3.,-8.42983775034E-17));
#1144 = VECTOR('',#1145,1.);
#1145 = DIRECTION('',(-1.,0.,0.));
#1146 = ORIENTED_EDGE('',*,*,#1147,.F.);
#1147 = EDGE_CURVE('',#565,#1140,#1148,.T.);
#1148 = LINE('',#1149,#1150);
#1149 = CARTESIAN_POINT('',(2.689999999999,-3.,0.599999999999));
#1150 = VECTOR('',#1151,1.);
#1151 = DIRECTION('',(0.,0.,-1.));
#1152 = ORIENTED_EDGE('',*,*,#564,.T.);
#1153 = PLANE('',#1154);
#1154 = AXIS2_PLACEMENT_3D('',#1155,#1156,#1157);
#1155 = CARTESIAN_POINT('',(2.689999999999,-3.,0.599999999999));
#1156 = DIRECTION('',(0.,1.,0.));
#1157 = DIRECTION('',(0.,0.,1.));
#1158 = ADVANCED_FACE('',(#1159),#1177,.F.);
#1159 = FACE_BOUND('',#1160,.F.);
#1160 = EDGE_LOOP('',(#1161,#1162,#1169,#1170));
#1161 = ORIENTED_EDGE('',*,*,#1139,.F.);
#1162 = ORIENTED_EDGE('',*,*,#1163,.T.);
#1163 = EDGE_CURVE('',#1140,#1110,#1164,.T.);
#1164 = CIRCLE('',#1165,0.149999999999);
#1165 = AXIS2_PLACEMENT_3D('',#1166,#1167,#1168);
#1166 = CARTESIAN_POINT('',(2.689999999999,-3.149999999999,
    -1.084202172485E-16));
#1167 = DIRECTION('',(-1.,0.,0.));
#1168 = DIRECTION('',(0.,0.,-1.));
#1169 = ORIENTED_EDGE('',*,*,#1117,.T.);
#1170 = ORIENTED_EDGE('',*,*,#1171,.F.);
#1171 = EDGE_CURVE('',#1132,#1101,#1172,.T.);
#1172 = CIRCLE('',#1173,0.149999999999);
#1173 = AXIS2_PLACEMENT_3D('',#1174,#1175,#1176);
#1174 = CARTESIAN_POINT('',(2.39,-3.149999999999,-1.084202172485E-16));
#1175 = DIRECTION('',(-1.,0.,0.));
#1176 = DIRECTION('',(0.,0.,-1.));
#1177 = CYLINDRICAL_SURFACE('',#1178,0.149999999999);
#1178 = AXIS2_PLACEMENT_3D('',#1179,#1180,#1181);
#1179 = CARTESIAN_POINT('',(2.689999999999,-3.149999999999,
    -1.084202172485E-16));
#1180 = DIRECTION('',(-1.,0.,0.));
#1181 = DIRECTION('',(0.,0.,1.));
#1182 = ADVANCED_FACE('',(#1183),#1194,.F.);
#1183 = FACE_BOUND('',#1184,.T.);
#1184 = EDGE_LOOP('',(#1185,#1186,#1187,#1188,#1189,#1190,#1191,#1192,
    #1193));
#1185 = ORIENTED_EDGE('',*,*,#1109,.T.);
#1186 = ORIENTED_EDGE('',*,*,#1078,.F.);
#1187 = ORIENTED_EDGE('',*,*,#1047,.F.);
#1188 = ORIENTED_EDGE('',*,*,#1015,.F.);
#1189 = ORIENTED_EDGE('',*,*,#983,.F.);
#1190 = ORIENTED_EDGE('',*,*,#944,.F.);
#1191 = ORIENTED_EDGE('',*,*,#572,.F.);
#1192 = ORIENTED_EDGE('',*,*,#1147,.T.);
#1193 = ORIENTED_EDGE('',*,*,#1163,.T.);
#1194 = PLANE('',#1195);
#1195 = AXIS2_PLACEMENT_3D('',#1196,#1197,#1198);
#1196 = CARTESIAN_POINT('',(2.689999999999,-3.149999999999,
    -1.084202172485E-16));
#1197 = DIRECTION('',(-1.,0.,0.));
#1198 = DIRECTION('',(0.,0.,1.));
#1199 = ADVANCED_FACE('',(#1200),#1211,.T.);
#1200 = FACE_BOUND('',#1201,.T.);
#1201 = EDGE_LOOP('',(#1202,#1203,#1204,#1205,#1206,#1207,#1208,#1209,
    #1210));
#1202 = ORIENTED_EDGE('',*,*,#1100,.F.);
#1203 = ORIENTED_EDGE('',*,*,#1171,.F.);
#1204 = ORIENTED_EDGE('',*,*,#1131,.F.);
#1205 = ORIENTED_EDGE('',*,*,#556,.T.);
#1206 = ORIENTED_EDGE('',*,*,#960,.T.);
#1207 = ORIENTED_EDGE('',*,*,#974,.T.);
#1208 = ORIENTED_EDGE('',*,*,#1005,.T.);
#1209 = ORIENTED_EDGE('',*,*,#1038,.T.);
#1210 = ORIENTED_EDGE('',*,*,#1069,.T.);
#1211 = PLANE('',#1212);
#1212 = AXIS2_PLACEMENT_3D('',#1213,#1214,#1215);
#1213 = CARTESIAN_POINT('',(2.39,-3.149999999999,-1.084202172485E-16));
#1214 = DIRECTION('',(-1.,0.,0.));
#1215 = DIRECTION('',(0.,0.,1.));
#1216 = ADVANCED_FACE('',(#1217),#1242,.T.);
#1217 = FACE_BOUND('',#1218,.T.);
#1218 = EDGE_LOOP('',(#1219,#1220,#1228,#1236));
#1219 = ORIENTED_EDGE('',*,*,#863,.F.);
#1220 = ORIENTED_EDGE('',*,*,#1221,.T.);
#1221 = EDGE_CURVE('',#541,#1222,#1224,.T.);
#1222 = VERTEX_POINT('',#1223);
#1223 = CARTESIAN_POINT('',(0.149999999999,-2.85,0.599999999999));
#1224 = LINE('',#1225,#1226);
#1225 = CARTESIAN_POINT('',(0.149999999999,-3.,0.599999999999));
#1226 = VECTOR('',#1227,1.);
#1227 = DIRECTION('',(0.,1.,0.));
#1228 = ORIENTED_EDGE('',*,*,#1229,.T.);
#1229 = EDGE_CURVE('',#1222,#1230,#1232,.T.);
#1230 = VERTEX_POINT('',#1231);
#1231 = CARTESIAN_POINT('',(-0.149999999999,-2.85,0.599999999999));
#1232 = LINE('',#1233,#1234);
#1233 = CARTESIAN_POINT('',(0.149999999999,-2.85,0.599999999999));
#1234 = VECTOR('',#1235,1.);
#1235 = DIRECTION('',(-1.,0.,0.));
#1236 = ORIENTED_EDGE('',*,*,#1237,.F.);
#1237 = EDGE_CURVE('',#517,#1230,#1238,.T.);
#1238 = LINE('',#1239,#1240);
#1239 = CARTESIAN_POINT('',(-0.149999999999,-3.,0.599999999999));
#1240 = VECTOR('',#1241,1.);
#1241 = DIRECTION('',(0.,1.,0.));
#1242 = PLANE('',#1243);
#1243 = AXIS2_PLACEMENT_3D('',#1244,#1245,#1246);
#1244 = CARTESIAN_POINT('',(0.149999999999,-3.,0.599999999999));
#1245 = DIRECTION('',(0.,0.,1.));
#1246 = DIRECTION('',(1.,0.,0.));
#1247 = ADVANCED_FACE('',(#1248),#1273,.T.);
#1248 = FACE_BOUND('',#1249,.T.);
#1249 = EDGE_LOOP('',(#1250,#1258,#1259,#1267));
#1250 = ORIENTED_EDGE('',*,*,#1251,.F.);
#1251 = EDGE_CURVE('',#1230,#1252,#1254,.T.);
#1252 = VERTEX_POINT('',#1253);
#1253 = CARTESIAN_POINT('',(-0.149999999999,-2.85,-9.005051526134E-17));
#1254 = LINE('',#1255,#1256);
#1255 = CARTESIAN_POINT('',(-0.149999999999,-2.85,0.599999999999));
#1256 = VECTOR('',#1257,1.);
#1257 = DIRECTION('',(0.,0.,-1.));
#1258 = ORIENTED_EDGE('',*,*,#1229,.F.);
#1259 = ORIENTED_EDGE('',*,*,#1260,.T.);
#1260 = EDGE_CURVE('',#1222,#1261,#1263,.T.);
#1261 = VERTEX_POINT('',#1262);
#1262 = CARTESIAN_POINT('',(0.149999999999,-2.85,-9.005051526134E-17));
#1263 = LINE('',#1264,#1265);
#1264 = CARTESIAN_POINT('',(0.149999999999,-2.85,0.599999999999));
#1265 = VECTOR('',#1266,1.);
#1266 = DIRECTION('',(0.,0.,-1.));
#1267 = ORIENTED_EDGE('',*,*,#1268,.T.);
#1268 = EDGE_CURVE('',#1261,#1252,#1269,.T.);
#1269 = LINE('',#1270,#1271);
#1270 = CARTESIAN_POINT('',(0.149999999999,-2.85,-9.005051526134E-17));
#1271 = VECTOR('',#1272,1.);
#1272 = DIRECTION('',(-1.,0.,0.));
#1273 = PLANE('',#1274);
#1274 = AXIS2_PLACEMENT_3D('',#1275,#1276,#1277);
#1275 = CARTESIAN_POINT('',(0.149999999999,-2.85,0.599999999999));
#1276 = DIRECTION('',(0.,1.,0.));
#1277 = DIRECTION('',(0.,0.,1.));
#1278 = ADVANCED_FACE('',(#1279),#1306,.T.);
#1279 = FACE_BOUND('',#1280,.T.);
#1280 = EDGE_LOOP('',(#1281,#1290,#1291,#1300));
#1281 = ORIENTED_EDGE('',*,*,#1282,.F.);
#1282 = EDGE_CURVE('',#1252,#1283,#1285,.T.);
#1283 = VERTEX_POINT('',#1284);
#1284 = CARTESIAN_POINT('',(-0.149999999999,-3.149999999999,
    -0.299999999999));
#1285 = CIRCLE('',#1286,0.299999999999);
#1286 = AXIS2_PLACEMENT_3D('',#1287,#1288,#1289);
#1287 = CARTESIAN_POINT('',(-0.149999999999,-3.149999999999,
    -1.084202172485E-16));
#1288 = DIRECTION('',(-1.,0.,0.));
#1289 = DIRECTION('',(0.,0.,1.));
#1290 = ORIENTED_EDGE('',*,*,#1268,.F.);
#1291 = ORIENTED_EDGE('',*,*,#1292,.T.);
#1292 = EDGE_CURVE('',#1261,#1293,#1295,.T.);
#1293 = VERTEX_POINT('',#1294);
#1294 = CARTESIAN_POINT('',(0.149999999999,-3.149999999999,
    -0.299999999999));
#1295 = CIRCLE('',#1296,0.299999999999);
#1296 = AXIS2_PLACEMENT_3D('',#1297,#1298,#1299);
#1297 = CARTESIAN_POINT('',(0.149999999999,-3.149999999999,
    -1.084202172485E-16));
#1298 = DIRECTION('',(-1.,0.,0.));
#1299 = DIRECTION('',(0.,0.,1.));
#1300 = ORIENTED_EDGE('',*,*,#1301,.T.);
#1301 = EDGE_CURVE('',#1293,#1283,#1302,.T.);
#1302 = LINE('',#1303,#1304);
#1303 = CARTESIAN_POINT('',(0.149999999999,-3.149999999999,
    -0.299999999999));
#1304 = VECTOR('',#1305,1.);
#1305 = DIRECTION('',(-1.,0.,0.));
#1306 = CYLINDRICAL_SURFACE('',#1307,0.299999999999);
#1307 = AXIS2_PLACEMENT_3D('',#1308,#1309,#1310);
#1308 = CARTESIAN_POINT('',(0.149999999999,-3.149999999999,
    -1.084202172485E-16));
#1309 = DIRECTION('',(-1.,0.,0.));
#1310 = DIRECTION('',(0.,0.,1.));
#1311 = ADVANCED_FACE('',(#1312),#1337,.T.);
#1312 = FACE_BOUND('',#1313,.T.);
#1313 = EDGE_LOOP('',(#1314,#1322,#1323,#1331));
#1314 = ORIENTED_EDGE('',*,*,#1315,.F.);
#1315 = EDGE_CURVE('',#1283,#1316,#1318,.T.);
#1316 = VERTEX_POINT('',#1317);
#1317 = CARTESIAN_POINT('',(-0.149999999999,-3.85,-0.3));
#1318 = LINE('',#1319,#1320);
#1319 = CARTESIAN_POINT('',(-0.149999999999,-3.149999999999,
    -0.299999999999));
#1320 = VECTOR('',#1321,1.);
#1321 = DIRECTION('',(0.,-1.,-1.548860246407E-16));
#1322 = ORIENTED_EDGE('',*,*,#1301,.F.);
#1323 = ORIENTED_EDGE('',*,*,#1324,.T.);
#1324 = EDGE_CURVE('',#1293,#1325,#1327,.T.);
#1325 = VERTEX_POINT('',#1326);
#1326 = CARTESIAN_POINT('',(0.149999999999,-3.85,-0.3));
#1327 = LINE('',#1328,#1329);
#1328 = CARTESIAN_POINT('',(0.149999999999,-3.149999999999,
    -0.299999999999));
#1329 = VECTOR('',#1330,1.);
#1330 = DIRECTION('',(0.,-1.,-1.548860246407E-16));
#1331 = ORIENTED_EDGE('',*,*,#1332,.T.);
#1332 = EDGE_CURVE('',#1325,#1316,#1333,.T.);
#1333 = LINE('',#1334,#1335);
#1334 = CARTESIAN_POINT('',(0.149999999999,-3.85,-0.3));
#1335 = VECTOR('',#1336,1.);
#1336 = DIRECTION('',(-1.,0.,0.));
#1337 = PLANE('',#1338);
#1338 = AXIS2_PLACEMENT_3D('',#1339,#1340,#1341);
#1339 = CARTESIAN_POINT('',(0.149999999999,-3.149999999999,
    -0.299999999999));
#1340 = DIRECTION('',(0.,1.548860246407E-16,-1.));
#1341 = DIRECTION('',(0.,1.,1.548860246407E-16));
#1342 = ADVANCED_FACE('',(#1343),#1368,.T.);
#1343 = FACE_BOUND('',#1344,.T.);
#1344 = EDGE_LOOP('',(#1345,#1353,#1354,#1362));
#1345 = ORIENTED_EDGE('',*,*,#1346,.F.);
#1346 = EDGE_CURVE('',#1316,#1347,#1349,.T.);
#1347 = VERTEX_POINT('',#1348);
#1348 = CARTESIAN_POINT('',(-0.149999999999,-3.85,-0.15));
#1349 = LINE('',#1350,#1351);
#1350 = CARTESIAN_POINT('',(-0.149999999999,-3.85,-0.3));
#1351 = VECTOR('',#1352,1.);
#1352 = DIRECTION('',(0.,0.,1.));
#1353 = ORIENTED_EDGE('',*,*,#1332,.F.);
#1354 = ORIENTED_EDGE('',*,*,#1355,.T.);
#1355 = EDGE_CURVE('',#1325,#1356,#1358,.T.);
#1356 = VERTEX_POINT('',#1357);
#1357 = CARTESIAN_POINT('',(0.149999999999,-3.85,-0.15));
#1358 = LINE('',#1359,#1360);
#1359 = CARTESIAN_POINT('',(0.149999999999,-3.85,-0.3));
#1360 = VECTOR('',#1361,1.);
#1361 = DIRECTION('',(0.,0.,1.));
#1362 = ORIENTED_EDGE('',*,*,#1363,.T.);
#1363 = EDGE_CURVE('',#1356,#1347,#1364,.T.);
#1364 = LINE('',#1365,#1366);
#1365 = CARTESIAN_POINT('',(0.149999999999,-3.85,-0.15));
#1366 = VECTOR('',#1367,1.);
#1367 = DIRECTION('',(-1.,0.,0.));
#1368 = PLANE('',#1369);
#1369 = AXIS2_PLACEMENT_3D('',#1370,#1371,#1372);
#1370 = CARTESIAN_POINT('',(0.149999999999,-3.85,-0.3));
#1371 = DIRECTION('',(0.,-1.,0.));
#1372 = DIRECTION('',(0.,0.,-1.));
#1373 = ADVANCED_FACE('',(#1374),#1399,.F.);
#1374 = FACE_BOUND('',#1375,.T.);
#1375 = EDGE_LOOP('',(#1376,#1384,#1385,#1393));
#1376 = ORIENTED_EDGE('',*,*,#1377,.T.);
#1377 = EDGE_CURVE('',#1378,#1347,#1380,.T.);
#1378 = VERTEX_POINT('',#1379);
#1379 = CARTESIAN_POINT('',(-0.149999999999,-3.149999999999,
    -0.149999999999));
#1380 = LINE('',#1381,#1382);
#1381 = CARTESIAN_POINT('',(-0.149999999999,-3.149999999999,
    -0.149999999999));
#1382 = VECTOR('',#1383,1.);
#1383 = DIRECTION('',(0.,-1.,-1.548860246407E-16));
#1384 = ORIENTED_EDGE('',*,*,#1363,.F.);
#1385 = ORIENTED_EDGE('',*,*,#1386,.F.);
#1386 = EDGE_CURVE('',#1387,#1356,#1389,.T.);
#1387 = VERTEX_POINT('',#1388);
#1388 = CARTESIAN_POINT('',(0.149999999999,-3.149999999999,
    -0.149999999999));
#1389 = LINE('',#1390,#1391);
#1390 = CARTESIAN_POINT('',(0.149999999999,-3.149999999999,
    -0.149999999999));
#1391 = VECTOR('',#1392,1.);
#1392 = DIRECTION('',(0.,-1.,-1.548860246407E-16));
#1393 = ORIENTED_EDGE('',*,*,#1394,.T.);
#1394 = EDGE_CURVE('',#1387,#1378,#1395,.T.);
#1395 = LINE('',#1396,#1397);
#1396 = CARTESIAN_POINT('',(0.149999999999,-3.149999999999,
    -0.149999999999));
#1397 = VECTOR('',#1398,1.);
#1398 = DIRECTION('',(-1.,0.,0.));
#1399 = PLANE('',#1400);
#1400 = AXIS2_PLACEMENT_3D('',#1401,#1402,#1403);
#1401 = CARTESIAN_POINT('',(0.149999999999,-3.149999999999,
    -0.149999999999));
#1402 = DIRECTION('',(0.,1.548860246407E-16,-1.));
#1403 = DIRECTION('',(0.,1.,1.548860246407E-16));
#1404 = ADVANCED_FACE('',(#1405),#1430,.F.);
#1405 = FACE_BOUND('',#1406,.T.);
#1406 = EDGE_LOOP('',(#1407,#1415,#1423,#1429));
#1407 = ORIENTED_EDGE('',*,*,#1408,.T.);
#1408 = EDGE_CURVE('',#525,#1409,#1411,.T.);
#1409 = VERTEX_POINT('',#1410);
#1410 = CARTESIAN_POINT('',(-0.149999999999,-3.,-8.42983775034E-17));
#1411 = LINE('',#1412,#1413);
#1412 = CARTESIAN_POINT('',(-0.149999999999,-3.,0.599999999999));
#1413 = VECTOR('',#1414,1.);
#1414 = DIRECTION('',(0.,0.,-1.));
#1415 = ORIENTED_EDGE('',*,*,#1416,.F.);
#1416 = EDGE_CURVE('',#1417,#1409,#1419,.T.);
#1417 = VERTEX_POINT('',#1418);
#1418 = CARTESIAN_POINT('',(0.149999999999,-3.,-8.42983775034E-17));
#1419 = LINE('',#1420,#1421);
#1420 = CARTESIAN_POINT('',(0.149999999999,-3.,-8.42983775034E-17));
#1421 = VECTOR('',#1422,1.);
#1422 = DIRECTION('',(-1.,0.,0.));
#1423 = ORIENTED_EDGE('',*,*,#1424,.F.);
#1424 = EDGE_CURVE('',#533,#1417,#1425,.T.);
#1425 = LINE('',#1426,#1427);
#1426 = CARTESIAN_POINT('',(0.149999999999,-3.,0.599999999999));
#1427 = VECTOR('',#1428,1.);
#1428 = DIRECTION('',(0.,0.,-1.));
#1429 = ORIENTED_EDGE('',*,*,#532,.T.);
#1430 = PLANE('',#1431);
#1431 = AXIS2_PLACEMENT_3D('',#1432,#1433,#1434);
#1432 = CARTESIAN_POINT('',(0.149999999999,-3.,0.599999999999));
#1433 = DIRECTION('',(0.,1.,0.));
#1434 = DIRECTION('',(0.,0.,1.));
#1435 = ADVANCED_FACE('',(#1436),#1454,.F.);
#1436 = FACE_BOUND('',#1437,.F.);
#1437 = EDGE_LOOP('',(#1438,#1439,#1446,#1447));
#1438 = ORIENTED_EDGE('',*,*,#1416,.F.);
#1439 = ORIENTED_EDGE('',*,*,#1440,.T.);
#1440 = EDGE_CURVE('',#1417,#1387,#1441,.T.);
#1441 = CIRCLE('',#1442,0.149999999999);
#1442 = AXIS2_PLACEMENT_3D('',#1443,#1444,#1445);
#1443 = CARTESIAN_POINT('',(0.149999999999,-3.149999999999,
    -1.084202172485E-16));
#1444 = DIRECTION('',(-1.,0.,0.));
#1445 = DIRECTION('',(0.,0.,-1.));
#1446 = ORIENTED_EDGE('',*,*,#1394,.T.);
#1447 = ORIENTED_EDGE('',*,*,#1448,.F.);
#1448 = EDGE_CURVE('',#1409,#1378,#1449,.T.);
#1449 = CIRCLE('',#1450,0.149999999999);
#1450 = AXIS2_PLACEMENT_3D('',#1451,#1452,#1453);
#1451 = CARTESIAN_POINT('',(-0.149999999999,-3.149999999999,
    -1.084202172485E-16));
#1452 = DIRECTION('',(-1.,0.,0.));
#1453 = DIRECTION('',(0.,0.,-1.));
#1454 = CYLINDRICAL_SURFACE('',#1455,0.149999999999);
#1455 = AXIS2_PLACEMENT_3D('',#1456,#1457,#1458);
#1456 = CARTESIAN_POINT('',(0.149999999999,-3.149999999999,
    -1.084202172485E-16));
#1457 = DIRECTION('',(-1.,0.,0.));
#1458 = DIRECTION('',(0.,0.,1.));
#1459 = ADVANCED_FACE('',(#1460),#1471,.F.);
#1460 = FACE_BOUND('',#1461,.T.);
#1461 = EDGE_LOOP('',(#1462,#1463,#1464,#1465,#1466,#1467,#1468,#1469,
    #1470));
#1462 = ORIENTED_EDGE('',*,*,#1386,.T.);
#1463 = ORIENTED_EDGE('',*,*,#1355,.F.);
#1464 = ORIENTED_EDGE('',*,*,#1324,.F.);
#1465 = ORIENTED_EDGE('',*,*,#1292,.F.);
#1466 = ORIENTED_EDGE('',*,*,#1260,.F.);
#1467 = ORIENTED_EDGE('',*,*,#1221,.F.);
#1468 = ORIENTED_EDGE('',*,*,#540,.F.);
#1469 = ORIENTED_EDGE('',*,*,#1424,.T.);
#1470 = ORIENTED_EDGE('',*,*,#1440,.T.);
#1471 = PLANE('',#1472);
#1472 = AXIS2_PLACEMENT_3D('',#1473,#1474,#1475);
#1473 = CARTESIAN_POINT('',(0.149999999999,-3.149999999999,
    -1.084202172485E-16));
#1474 = DIRECTION('',(-1.,0.,0.));
#1475 = DIRECTION('',(0.,0.,1.));
#1476 = ADVANCED_FACE('',(#1477),#1488,.T.);
#1477 = FACE_BOUND('',#1478,.T.);
#1478 = EDGE_LOOP('',(#1479,#1480,#1481,#1482,#1483,#1484,#1485,#1486,
    #1487));
#1479 = ORIENTED_EDGE('',*,*,#1377,.F.);
#1480 = ORIENTED_EDGE('',*,*,#1448,.F.);
#1481 = ORIENTED_EDGE('',*,*,#1408,.F.);
#1482 = ORIENTED_EDGE('',*,*,#524,.T.);
#1483 = ORIENTED_EDGE('',*,*,#1237,.T.);
#1484 = ORIENTED_EDGE('',*,*,#1251,.T.);
#1485 = ORIENTED_EDGE('',*,*,#1282,.T.);
#1486 = ORIENTED_EDGE('',*,*,#1315,.T.);
#1487 = ORIENTED_EDGE('',*,*,#1346,.T.);
#1488 = PLANE('',#1489);
#1489 = AXIS2_PLACEMENT_3D('',#1490,#1491,#1492);
#1490 = CARTESIAN_POINT('',(-0.149999999999,-3.149999999999,
    -1.084202172485E-16));
#1491 = DIRECTION('',(-1.,0.,0.));
#1492 = DIRECTION('',(0.,0.,1.));
#1493 = ADVANCED_FACE('',(#1494),#1519,.T.);
#1494 = FACE_BOUND('',#1495,.T.);
#1495 = EDGE_LOOP('',(#1496,#1497,#1505,#1513));
#1496 = ORIENTED_EDGE('',*,*,#870,.F.);
#1497 = ORIENTED_EDGE('',*,*,#1498,.T.);
#1498 = EDGE_CURVE('',#509,#1499,#1501,.T.);
#1499 = VERTEX_POINT('',#1500);
#1500 = CARTESIAN_POINT('',(-2.39,-2.85,0.599999999999));
#1501 = LINE('',#1502,#1503);
#1502 = CARTESIAN_POINT('',(-2.39,-3.,0.599999999999));
#1503 = VECTOR('',#1504,1.);
#1504 = DIRECTION('',(0.,1.,0.));
#1505 = ORIENTED_EDGE('',*,*,#1506,.T.);
#1506 = EDGE_CURVE('',#1499,#1507,#1509,.T.);
#1507 = VERTEX_POINT('',#1508);
#1508 = CARTESIAN_POINT('',(-2.689999999999,-2.85,0.599999999999));
#1509 = LINE('',#1510,#1511);
#1510 = CARTESIAN_POINT('',(-2.39,-2.85,0.599999999999));
#1511 = VECTOR('',#1512,1.);
#1512 = DIRECTION('',(-1.,0.,0.));
#1513 = ORIENTED_EDGE('',*,*,#1514,.F.);
#1514 = EDGE_CURVE('',#485,#1507,#1515,.T.);
#1515 = LINE('',#1516,#1517);
#1516 = CARTESIAN_POINT('',(-2.689999999999,-3.,0.599999999999));
#1517 = VECTOR('',#1518,1.);
#1518 = DIRECTION('',(0.,1.,0.));
#1519 = PLANE('',#1520);
#1520 = AXIS2_PLACEMENT_3D('',#1521,#1522,#1523);
#1521 = CARTESIAN_POINT('',(-2.39,-3.,0.599999999999));
#1522 = DIRECTION('',(0.,0.,1.));
#1523 = DIRECTION('',(1.,0.,0.));
#1524 = ADVANCED_FACE('',(#1525),#1550,.T.);
#1525 = FACE_BOUND('',#1526,.T.);
#1526 = EDGE_LOOP('',(#1527,#1535,#1536,#1544));
#1527 = ORIENTED_EDGE('',*,*,#1528,.F.);
#1528 = EDGE_CURVE('',#1507,#1529,#1531,.T.);
#1529 = VERTEX_POINT('',#1530);
#1530 = CARTESIAN_POINT('',(-2.689999999999,-2.85,-9.005051526134E-17));
#1531 = LINE('',#1532,#1533);
#1532 = CARTESIAN_POINT('',(-2.689999999999,-2.85,0.599999999999));
#1533 = VECTOR('',#1534,1.);
#1534 = DIRECTION('',(0.,0.,-1.));
#1535 = ORIENTED_EDGE('',*,*,#1506,.F.);
#1536 = ORIENTED_EDGE('',*,*,#1537,.T.);
#1537 = EDGE_CURVE('',#1499,#1538,#1540,.T.);
#1538 = VERTEX_POINT('',#1539);
#1539 = CARTESIAN_POINT('',(-2.39,-2.85,-9.005051526134E-17));
#1540 = LINE('',#1541,#1542);
#1541 = CARTESIAN_POINT('',(-2.39,-2.85,0.599999999999));
#1542 = VECTOR('',#1543,1.);
#1543 = DIRECTION('',(0.,0.,-1.));
#1544 = ORIENTED_EDGE('',*,*,#1545,.T.);
#1545 = EDGE_CURVE('',#1538,#1529,#1546,.T.);
#1546 = LINE('',#1547,#1548);
#1547 = CARTESIAN_POINT('',(-2.39,-2.85,-9.005051526134E-17));
#1548 = VECTOR('',#1549,1.);
#1549 = DIRECTION('',(-1.,0.,0.));
#1550 = PLANE('',#1551);
#1551 = AXIS2_PLACEMENT_3D('',#1552,#1553,#1554);
#1552 = CARTESIAN_POINT('',(-2.39,-2.85,0.599999999999));
#1553 = DIRECTION('',(0.,1.,0.));
#1554 = DIRECTION('',(0.,0.,1.));
#1555 = ADVANCED_FACE('',(#1556),#1583,.T.);
#1556 = FACE_BOUND('',#1557,.T.);
#1557 = EDGE_LOOP('',(#1558,#1567,#1568,#1577));
#1558 = ORIENTED_EDGE('',*,*,#1559,.F.);
#1559 = EDGE_CURVE('',#1529,#1560,#1562,.T.);
#1560 = VERTEX_POINT('',#1561);
#1561 = CARTESIAN_POINT('',(-2.689999999999,-3.149999999999,
    -0.299999999999));
#1562 = CIRCLE('',#1563,0.299999999999);
#1563 = AXIS2_PLACEMENT_3D('',#1564,#1565,#1566);
#1564 = CARTESIAN_POINT('',(-2.689999999999,-3.149999999999,
    -1.084202172485E-16));
#1565 = DIRECTION('',(-1.,0.,0.));
#1566 = DIRECTION('',(0.,0.,1.));
#1567 = ORIENTED_EDGE('',*,*,#1545,.F.);
#1568 = ORIENTED_EDGE('',*,*,#1569,.T.);
#1569 = EDGE_CURVE('',#1538,#1570,#1572,.T.);
#1570 = VERTEX_POINT('',#1571);
#1571 = CARTESIAN_POINT('',(-2.39,-3.149999999999,-0.299999999999));
#1572 = CIRCLE('',#1573,0.299999999999);
#1573 = AXIS2_PLACEMENT_3D('',#1574,#1575,#1576);
#1574 = CARTESIAN_POINT('',(-2.39,-3.149999999999,-1.084202172485E-16));
#1575 = DIRECTION('',(-1.,0.,0.));
#1576 = DIRECTION('',(0.,0.,1.));
#1577 = ORIENTED_EDGE('',*,*,#1578,.T.);
#1578 = EDGE_CURVE('',#1570,#1560,#1579,.T.);
#1579 = LINE('',#1580,#1581);
#1580 = CARTESIAN_POINT('',(-2.39,-3.149999999999,-0.299999999999));
#1581 = VECTOR('',#1582,1.);
#1582 = DIRECTION('',(-1.,0.,0.));
#1583 = CYLINDRICAL_SURFACE('',#1584,0.299999999999);
#1584 = AXIS2_PLACEMENT_3D('',#1585,#1586,#1587);
#1585 = CARTESIAN_POINT('',(-2.39,-3.149999999999,-1.084202172485E-16));
#1586 = DIRECTION('',(-1.,0.,0.));
#1587 = DIRECTION('',(0.,0.,1.));
#1588 = ADVANCED_FACE('',(#1589),#1614,.T.);
#1589 = FACE_BOUND('',#1590,.T.);
#1590 = EDGE_LOOP('',(#1591,#1599,#1600,#1608));
#1591 = ORIENTED_EDGE('',*,*,#1592,.F.);
#1592 = EDGE_CURVE('',#1560,#1593,#1595,.T.);
#1593 = VERTEX_POINT('',#1594);
#1594 = CARTESIAN_POINT('',(-2.689999999999,-3.85,-0.3));
#1595 = LINE('',#1596,#1597);
#1596 = CARTESIAN_POINT('',(-2.689999999999,-3.149999999999,
    -0.299999999999));
#1597 = VECTOR('',#1598,1.);
#1598 = DIRECTION('',(0.,-1.,-1.548860246407E-16));
#1599 = ORIENTED_EDGE('',*,*,#1578,.F.);
#1600 = ORIENTED_EDGE('',*,*,#1601,.T.);
#1601 = EDGE_CURVE('',#1570,#1602,#1604,.T.);
#1602 = VERTEX_POINT('',#1603);
#1603 = CARTESIAN_POINT('',(-2.39,-3.85,-0.3));
#1604 = LINE('',#1605,#1606);
#1605 = CARTESIAN_POINT('',(-2.39,-3.149999999999,-0.299999999999));
#1606 = VECTOR('',#1607,1.);
#1607 = DIRECTION('',(0.,-1.,-1.548860246407E-16));
#1608 = ORIENTED_EDGE('',*,*,#1609,.T.);
#1609 = EDGE_CURVE('',#1602,#1593,#1610,.T.);
#1610 = LINE('',#1611,#1612);
#1611 = CARTESIAN_POINT('',(-2.39,-3.85,-0.3));
#1612 = VECTOR('',#1613,1.);
#1613 = DIRECTION('',(-1.,0.,0.));
#1614 = PLANE('',#1615);
#1615 = AXIS2_PLACEMENT_3D('',#1616,#1617,#1618);
#1616 = CARTESIAN_POINT('',(-2.39,-3.149999999999,-0.299999999999));
#1617 = DIRECTION('',(0.,1.548860246407E-16,-1.));
#1618 = DIRECTION('',(0.,1.,1.548860246407E-16));
#1619 = ADVANCED_FACE('',(#1620),#1645,.T.);
#1620 = FACE_BOUND('',#1621,.T.);
#1621 = EDGE_LOOP('',(#1622,#1630,#1631,#1639));
#1622 = ORIENTED_EDGE('',*,*,#1623,.F.);
#1623 = EDGE_CURVE('',#1593,#1624,#1626,.T.);
#1624 = VERTEX_POINT('',#1625);
#1625 = CARTESIAN_POINT('',(-2.689999999999,-3.85,-0.15));
#1626 = LINE('',#1627,#1628);
#1627 = CARTESIAN_POINT('',(-2.689999999999,-3.85,-0.3));
#1628 = VECTOR('',#1629,1.);
#1629 = DIRECTION('',(0.,0.,1.));
#1630 = ORIENTED_EDGE('',*,*,#1609,.F.);
#1631 = ORIENTED_EDGE('',*,*,#1632,.T.);
#1632 = EDGE_CURVE('',#1602,#1633,#1635,.T.);
#1633 = VERTEX_POINT('',#1634);
#1634 = CARTESIAN_POINT('',(-2.39,-3.85,-0.15));
#1635 = LINE('',#1636,#1637);
#1636 = CARTESIAN_POINT('',(-2.39,-3.85,-0.3));
#1637 = VECTOR('',#1638,1.);
#1638 = DIRECTION('',(0.,0.,1.));
#1639 = ORIENTED_EDGE('',*,*,#1640,.T.);
#1640 = EDGE_CURVE('',#1633,#1624,#1641,.T.);
#1641 = LINE('',#1642,#1643);
#1642 = CARTESIAN_POINT('',(-2.39,-3.85,-0.15));
#1643 = VECTOR('',#1644,1.);
#1644 = DIRECTION('',(-1.,0.,0.));
#1645 = PLANE('',#1646);
#1646 = AXIS2_PLACEMENT_3D('',#1647,#1648,#1649);
#1647 = CARTESIAN_POINT('',(-2.39,-3.85,-0.3));
#1648 = DIRECTION('',(0.,-1.,0.));
#1649 = DIRECTION('',(0.,0.,-1.));
#1650 = ADVANCED_FACE('',(#1651),#1676,.F.);
#1651 = FACE_BOUND('',#1652,.T.);
#1652 = EDGE_LOOP('',(#1653,#1661,#1662,#1670));
#1653 = ORIENTED_EDGE('',*,*,#1654,.T.);
#1654 = EDGE_CURVE('',#1655,#1624,#1657,.T.);
#1655 = VERTEX_POINT('',#1656);
#1656 = CARTESIAN_POINT('',(-2.689999999999,-3.149999999999,
    -0.149999999999));
#1657 = LINE('',#1658,#1659);
#1658 = CARTESIAN_POINT('',(-2.689999999999,-3.149999999999,
    -0.149999999999));
#1659 = VECTOR('',#1660,1.);
#1660 = DIRECTION('',(0.,-1.,-1.548860246407E-16));
#1661 = ORIENTED_EDGE('',*,*,#1640,.F.);
#1662 = ORIENTED_EDGE('',*,*,#1663,.F.);
#1663 = EDGE_CURVE('',#1664,#1633,#1666,.T.);
#1664 = VERTEX_POINT('',#1665);
#1665 = CARTESIAN_POINT('',(-2.39,-3.149999999999,-0.149999999999));
#1666 = LINE('',#1667,#1668);
#1667 = CARTESIAN_POINT('',(-2.39,-3.149999999999,-0.149999999999));
#1668 = VECTOR('',#1669,1.);
#1669 = DIRECTION('',(0.,-1.,-1.548860246407E-16));
#1670 = ORIENTED_EDGE('',*,*,#1671,.T.);
#1671 = EDGE_CURVE('',#1664,#1655,#1672,.T.);
#1672 = LINE('',#1673,#1674);
#1673 = CARTESIAN_POINT('',(-2.39,-3.149999999999,-0.149999999999));
#1674 = VECTOR('',#1675,1.);
#1675 = DIRECTION('',(-1.,0.,0.));
#1676 = PLANE('',#1677);
#1677 = AXIS2_PLACEMENT_3D('',#1678,#1679,#1680);
#1678 = CARTESIAN_POINT('',(-2.39,-3.149999999999,-0.149999999999));
#1679 = DIRECTION('',(0.,1.548860246407E-16,-1.));
#1680 = DIRECTION('',(0.,1.,1.548860246407E-16));
#1681 = ADVANCED_FACE('',(#1682),#1707,.F.);
#1682 = FACE_BOUND('',#1683,.T.);
#1683 = EDGE_LOOP('',(#1684,#1692,#1700,#1706));
#1684 = ORIENTED_EDGE('',*,*,#1685,.T.);
#1685 = EDGE_CURVE('',#493,#1686,#1688,.T.);
#1686 = VERTEX_POINT('',#1687);
#1687 = CARTESIAN_POINT('',(-2.689999999999,-3.,-8.42983775034E-17));
#1688 = LINE('',#1689,#1690);
#1689 = CARTESIAN_POINT('',(-2.689999999999,-3.,0.599999999999));
#1690 = VECTOR('',#1691,1.);
#1691 = DIRECTION('',(0.,0.,-1.));
#1692 = ORIENTED_EDGE('',*,*,#1693,.F.);
#1693 = EDGE_CURVE('',#1694,#1686,#1696,.T.);
#1694 = VERTEX_POINT('',#1695);
#1695 = CARTESIAN_POINT('',(-2.39,-3.,-8.42983775034E-17));
#1696 = LINE('',#1697,#1698);
#1697 = CARTESIAN_POINT('',(-2.39,-3.,-8.42983775034E-17));
#1698 = VECTOR('',#1699,1.);
#1699 = DIRECTION('',(-1.,0.,0.));
#1700 = ORIENTED_EDGE('',*,*,#1701,.F.);
#1701 = EDGE_CURVE('',#501,#1694,#1702,.T.);
#1702 = LINE('',#1703,#1704);
#1703 = CARTESIAN_POINT('',(-2.39,-3.,0.599999999999));
#1704 = VECTOR('',#1705,1.);
#1705 = DIRECTION('',(0.,0.,-1.));
#1706 = ORIENTED_EDGE('',*,*,#500,.T.);
#1707 = PLANE('',#1708);
#1708 = AXIS2_PLACEMENT_3D('',#1709,#1710,#1711);
#1709 = CARTESIAN_POINT('',(-2.39,-3.,0.599999999999));
#1710 = DIRECTION('',(0.,1.,0.));
#1711 = DIRECTION('',(0.,0.,1.));
#1712 = ADVANCED_FACE('',(#1713),#1731,.F.);
#1713 = FACE_BOUND('',#1714,.F.);
#1714 = EDGE_LOOP('',(#1715,#1716,#1723,#1724));
#1715 = ORIENTED_EDGE('',*,*,#1693,.F.);
#1716 = ORIENTED_EDGE('',*,*,#1717,.T.);
#1717 = EDGE_CURVE('',#1694,#1664,#1718,.T.);
#1718 = CIRCLE('',#1719,0.149999999999);
#1719 = AXIS2_PLACEMENT_3D('',#1720,#1721,#1722);
#1720 = CARTESIAN_POINT('',(-2.39,-3.149999999999,-1.084202172485E-16));
#1721 = DIRECTION('',(-1.,0.,0.));
#1722 = DIRECTION('',(0.,0.,-1.));
#1723 = ORIENTED_EDGE('',*,*,#1671,.T.);
#1724 = ORIENTED_EDGE('',*,*,#1725,.F.);
#1725 = EDGE_CURVE('',#1686,#1655,#1726,.T.);
#1726 = CIRCLE('',#1727,0.149999999999);
#1727 = AXIS2_PLACEMENT_3D('',#1728,#1729,#1730);
#1728 = CARTESIAN_POINT('',(-2.689999999999,-3.149999999999,
    -1.084202172485E-16));
#1729 = DIRECTION('',(-1.,0.,0.));
#1730 = DIRECTION('',(0.,0.,-1.));
#1731 = CYLINDRICAL_SURFACE('',#1732,0.149999999999);
#1732 = AXIS2_PLACEMENT_3D('',#1733,#1734,#1735);
#1733 = CARTESIAN_POINT('',(-2.39,-3.149999999999,-1.084202172485E-16));
#1734 = DIRECTION('',(-1.,0.,0.));
#1735 = DIRECTION('',(0.,0.,1.));
#1736 = ADVANCED_FACE('',(#1737),#1748,.F.);
#1737 = FACE_BOUND('',#1738,.T.);
#1738 = EDGE_LOOP('',(#1739,#1740,#1741,#1742,#1743,#1744,#1745,#1746,
    #1747));
#1739 = ORIENTED_EDGE('',*,*,#1663,.T.);
#1740 = ORIENTED_EDGE('',*,*,#1632,.F.);
#1741 = ORIENTED_EDGE('',*,*,#1601,.F.);
#1742 = ORIENTED_EDGE('',*,*,#1569,.F.);
#1743 = ORIENTED_EDGE('',*,*,#1537,.F.);
#1744 = ORIENTED_EDGE('',*,*,#1498,.F.);
#1745 = ORIENTED_EDGE('',*,*,#508,.F.);
#1746 = ORIENTED_EDGE('',*,*,#1701,.T.);
#1747 = ORIENTED_EDGE('',*,*,#1717,.T.);
#1748 = PLANE('',#1749);
#1749 = AXIS2_PLACEMENT_3D('',#1750,#1751,#1752);
#1750 = CARTESIAN_POINT('',(-2.39,-3.149999999999,-1.084202172485E-16));
#1751 = DIRECTION('',(-1.,0.,0.));
#1752 = DIRECTION('',(0.,0.,1.));
#1753 = ADVANCED_FACE('',(#1754),#1765,.T.);
#1754 = FACE_BOUND('',#1755,.T.);
#1755 = EDGE_LOOP('',(#1756,#1757,#1758,#1759,#1760,#1761,#1762,#1763,
    #1764));
#1756 = ORIENTED_EDGE('',*,*,#1654,.F.);
#1757 = ORIENTED_EDGE('',*,*,#1725,.F.);
#1758 = ORIENTED_EDGE('',*,*,#1685,.F.);
#1759 = ORIENTED_EDGE('',*,*,#492,.T.);
#1760 = ORIENTED_EDGE('',*,*,#1514,.T.);
#1761 = ORIENTED_EDGE('',*,*,#1528,.T.);
#1762 = ORIENTED_EDGE('',*,*,#1559,.T.);
#1763 = ORIENTED_EDGE('',*,*,#1592,.T.);
#1764 = ORIENTED_EDGE('',*,*,#1623,.T.);
#1765 = PLANE('',#1766);
#1766 = AXIS2_PLACEMENT_3D('',#1767,#1768,#1769);
#1767 = CARTESIAN_POINT('',(-2.689999999999,-3.149999999999,
    -1.084202172485E-16));
#1768 = DIRECTION('',(-1.,0.,0.));
#1769 = DIRECTION('',(0.,0.,1.));
#1770 = ADVANCED_FACE('',(#1771),#1796,.T.);
#1771 = FACE_BOUND('',#1772,.T.);
#1772 = EDGE_LOOP('',(#1773,#1774,#1782,#1790));
#1773 = ORIENTED_EDGE('',*,*,#894,.F.);
#1774 = ORIENTED_EDGE('',*,*,#1775,.T.);
#1775 = EDGE_CURVE('',#324,#1776,#1778,.T.);
#1776 = VERTEX_POINT('',#1777);
#1777 = CARTESIAN_POINT('',(-2.689999999999,2.85,0.599999999999));
#1778 = LINE('',#1779,#1780);
#1779 = CARTESIAN_POINT('',(-2.689999999999,3.,0.599999999999));
#1780 = VECTOR('',#1781,1.);
#1781 = DIRECTION('',(0.,-1.,0.));
#1782 = ORIENTED_EDGE('',*,*,#1783,.T.);
#1783 = EDGE_CURVE('',#1776,#1784,#1786,.T.);
#1784 = VERTEX_POINT('',#1785);
#1785 = CARTESIAN_POINT('',(-2.39,2.85,0.599999999999));
#1786 = LINE('',#1787,#1788);
#1787 = CARTESIAN_POINT('',(-2.689999999999,2.85,0.599999999999));
#1788 = VECTOR('',#1789,1.);
#1789 = DIRECTION('',(1.,0.,0.));
#1790 = ORIENTED_EDGE('',*,*,#1791,.F.);
#1791 = EDGE_CURVE('',#300,#1784,#1792,.T.);
#1792 = LINE('',#1793,#1794);
#1793 = CARTESIAN_POINT('',(-2.39,3.,0.599999999999));
#1794 = VECTOR('',#1795,1.);
#1795 = DIRECTION('',(0.,-1.,0.));
#1796 = PLANE('',#1797);
#1797 = AXIS2_PLACEMENT_3D('',#1798,#1799,#1800);
#1798 = CARTESIAN_POINT('',(-2.689999999999,3.,0.599999999999));
#1799 = DIRECTION('',(0.,0.,1.));
#1800 = DIRECTION('',(1.,0.,0.));
#1801 = ADVANCED_FACE('',(#1802),#1827,.T.);
#1802 = FACE_BOUND('',#1803,.T.);
#1803 = EDGE_LOOP('',(#1804,#1812,#1813,#1821));
#1804 = ORIENTED_EDGE('',*,*,#1805,.F.);
#1805 = EDGE_CURVE('',#1784,#1806,#1808,.T.);
#1806 = VERTEX_POINT('',#1807);
#1807 = CARTESIAN_POINT('',(-2.39,2.85,-9.005051526134E-17));
#1808 = LINE('',#1809,#1810);
#1809 = CARTESIAN_POINT('',(-2.39,2.85,0.599999999999));
#1810 = VECTOR('',#1811,1.);
#1811 = DIRECTION('',(0.,0.,-1.));
#1812 = ORIENTED_EDGE('',*,*,#1783,.F.);
#1813 = ORIENTED_EDGE('',*,*,#1814,.T.);
#1814 = EDGE_CURVE('',#1776,#1815,#1817,.T.);
#1815 = VERTEX_POINT('',#1816);
#1816 = CARTESIAN_POINT('',(-2.689999999999,2.85,-9.005051526134E-17));
#1817 = LINE('',#1818,#1819);
#1818 = CARTESIAN_POINT('',(-2.689999999999,2.85,0.599999999999));
#1819 = VECTOR('',#1820,1.);
#1820 = DIRECTION('',(0.,0.,-1.));
#1821 = ORIENTED_EDGE('',*,*,#1822,.T.);
#1822 = EDGE_CURVE('',#1815,#1806,#1823,.T.);
#1823 = LINE('',#1824,#1825);
#1824 = CARTESIAN_POINT('',(-2.689999999999,2.85,-9.005051526134E-17));
#1825 = VECTOR('',#1826,1.);
#1826 = DIRECTION('',(1.,0.,0.));
#1827 = PLANE('',#1828);
#1828 = AXIS2_PLACEMENT_3D('',#1829,#1830,#1831);
#1829 = CARTESIAN_POINT('',(-2.689999999999,2.85,0.599999999999));
#1830 = DIRECTION('',(0.,-1.,0.));
#1831 = DIRECTION('',(0.,0.,-1.));
#1832 = ADVANCED_FACE('',(#1833),#1860,.T.);
#1833 = FACE_BOUND('',#1834,.T.);
#1834 = EDGE_LOOP('',(#1835,#1844,#1845,#1854));
#1835 = ORIENTED_EDGE('',*,*,#1836,.F.);
#1836 = EDGE_CURVE('',#1806,#1837,#1839,.T.);
#1837 = VERTEX_POINT('',#1838);
#1838 = CARTESIAN_POINT('',(-2.39,3.149999999999,-0.299999999999));
#1839 = CIRCLE('',#1840,0.299999999999);
#1840 = AXIS2_PLACEMENT_3D('',#1841,#1842,#1843);
#1841 = CARTESIAN_POINT('',(-2.39,3.149999999999,-1.084202172485E-16));
#1842 = DIRECTION('',(1.,0.,-0.));
#1843 = DIRECTION('',(0.,0.,1.));
#1844 = ORIENTED_EDGE('',*,*,#1822,.F.);
#1845 = ORIENTED_EDGE('',*,*,#1846,.T.);
#1846 = EDGE_CURVE('',#1815,#1847,#1849,.T.);
#1847 = VERTEX_POINT('',#1848);
#1848 = CARTESIAN_POINT('',(-2.689999999999,3.149999999999,
    -0.299999999999));
#1849 = CIRCLE('',#1850,0.299999999999);
#1850 = AXIS2_PLACEMENT_3D('',#1851,#1852,#1853);
#1851 = CARTESIAN_POINT('',(-2.689999999999,3.149999999999,
    -1.084202172485E-16));
#1852 = DIRECTION('',(1.,0.,-0.));
#1853 = DIRECTION('',(0.,0.,1.));
#1854 = ORIENTED_EDGE('',*,*,#1855,.T.);
#1855 = EDGE_CURVE('',#1847,#1837,#1856,.T.);
#1856 = LINE('',#1857,#1858);
#1857 = CARTESIAN_POINT('',(-2.689999999999,3.149999999999,
    -0.299999999999));
#1858 = VECTOR('',#1859,1.);
#1859 = DIRECTION('',(1.,0.,0.));
#1860 = CYLINDRICAL_SURFACE('',#1861,0.299999999999);
#1861 = AXIS2_PLACEMENT_3D('',#1862,#1863,#1864);
#1862 = CARTESIAN_POINT('',(-2.689999999999,3.149999999999,
    -1.084202172485E-16));
#1863 = DIRECTION('',(1.,0.,0.));
#1864 = DIRECTION('',(0.,0.,-1.));
#1865 = ADVANCED_FACE('',(#1866),#1891,.T.);
#1866 = FACE_BOUND('',#1867,.T.);
#1867 = EDGE_LOOP('',(#1868,#1876,#1877,#1885));
#1868 = ORIENTED_EDGE('',*,*,#1869,.F.);
#1869 = EDGE_CURVE('',#1837,#1870,#1872,.T.);
#1870 = VERTEX_POINT('',#1871);
#1871 = CARTESIAN_POINT('',(-2.39,3.85,-0.3));
#1872 = LINE('',#1873,#1874);
#1873 = CARTESIAN_POINT('',(-2.39,3.149999999999,-0.299999999999));
#1874 = VECTOR('',#1875,1.);
#1875 = DIRECTION('',(0.,1.,-1.548860246407E-16));
#1876 = ORIENTED_EDGE('',*,*,#1855,.F.);
#1877 = ORIENTED_EDGE('',*,*,#1878,.T.);
#1878 = EDGE_CURVE('',#1847,#1879,#1881,.T.);
#1879 = VERTEX_POINT('',#1880);
#1880 = CARTESIAN_POINT('',(-2.689999999999,3.85,-0.3));
#1881 = LINE('',#1882,#1883);
#1882 = CARTESIAN_POINT('',(-2.689999999999,3.149999999999,
    -0.299999999999));
#1883 = VECTOR('',#1884,1.);
#1884 = DIRECTION('',(0.,1.,-1.548860246407E-16));
#1885 = ORIENTED_EDGE('',*,*,#1886,.T.);
#1886 = EDGE_CURVE('',#1879,#1870,#1887,.T.);
#1887 = LINE('',#1888,#1889);
#1888 = CARTESIAN_POINT('',(-2.689999999999,3.85,-0.3));
#1889 = VECTOR('',#1890,1.);
#1890 = DIRECTION('',(1.,0.,0.));
#1891 = PLANE('',#1892);
#1892 = AXIS2_PLACEMENT_3D('',#1893,#1894,#1895);
#1893 = CARTESIAN_POINT('',(-2.689999999999,3.149999999999,
    -0.299999999999));
#1894 = DIRECTION('',(0.,-1.548860246407E-16,-1.));
#1895 = DIRECTION('',(0.,1.,-1.548860246407E-16));
#1896 = ADVANCED_FACE('',(#1897),#1922,.T.);
#1897 = FACE_BOUND('',#1898,.T.);
#1898 = EDGE_LOOP('',(#1899,#1907,#1908,#1916));
#1899 = ORIENTED_EDGE('',*,*,#1900,.F.);
#1900 = EDGE_CURVE('',#1870,#1901,#1903,.T.);
#1901 = VERTEX_POINT('',#1902);
#1902 = CARTESIAN_POINT('',(-2.39,3.85,-0.15));
#1903 = LINE('',#1904,#1905);
#1904 = CARTESIAN_POINT('',(-2.39,3.85,-0.3));
#1905 = VECTOR('',#1906,1.);
#1906 = DIRECTION('',(0.,0.,1.));
#1907 = ORIENTED_EDGE('',*,*,#1886,.F.);
#1908 = ORIENTED_EDGE('',*,*,#1909,.T.);
#1909 = EDGE_CURVE('',#1879,#1910,#1912,.T.);
#1910 = VERTEX_POINT('',#1911);
#1911 = CARTESIAN_POINT('',(-2.689999999999,3.85,-0.15));
#1912 = LINE('',#1913,#1914);
#1913 = CARTESIAN_POINT('',(-2.689999999999,3.85,-0.3));
#1914 = VECTOR('',#1915,1.);
#1915 = DIRECTION('',(0.,0.,1.));
#1916 = ORIENTED_EDGE('',*,*,#1917,.T.);
#1917 = EDGE_CURVE('',#1910,#1901,#1918,.T.);
#1918 = LINE('',#1919,#1920);
#1919 = CARTESIAN_POINT('',(-2.689999999999,3.85,-0.15));
#1920 = VECTOR('',#1921,1.);
#1921 = DIRECTION('',(1.,0.,0.));
#1922 = PLANE('',#1923);
#1923 = AXIS2_PLACEMENT_3D('',#1924,#1925,#1926);
#1924 = CARTESIAN_POINT('',(-2.689999999999,3.85,-0.3));
#1925 = DIRECTION('',(0.,1.,0.));
#1926 = DIRECTION('',(0.,0.,1.));
#1927 = ADVANCED_FACE('',(#1928),#1953,.F.);
#1928 = FACE_BOUND('',#1929,.T.);
#1929 = EDGE_LOOP('',(#1930,#1938,#1939,#1947));
#1930 = ORIENTED_EDGE('',*,*,#1931,.T.);
#1931 = EDGE_CURVE('',#1932,#1901,#1934,.T.);
#1932 = VERTEX_POINT('',#1933);
#1933 = CARTESIAN_POINT('',(-2.39,3.149999999999,-0.149999999999));
#1934 = LINE('',#1935,#1936);
#1935 = CARTESIAN_POINT('',(-2.39,3.149999999999,-0.149999999999));
#1936 = VECTOR('',#1937,1.);
#1937 = DIRECTION('',(0.,1.,-1.548860246407E-16));
#1938 = ORIENTED_EDGE('',*,*,#1917,.F.);
#1939 = ORIENTED_EDGE('',*,*,#1940,.F.);
#1940 = EDGE_CURVE('',#1941,#1910,#1943,.T.);
#1941 = VERTEX_POINT('',#1942);
#1942 = CARTESIAN_POINT('',(-2.689999999999,3.149999999999,
    -0.149999999999));
#1943 = LINE('',#1944,#1945);
#1944 = CARTESIAN_POINT('',(-2.689999999999,3.149999999999,
    -0.149999999999));
#1945 = VECTOR('',#1946,1.);
#1946 = DIRECTION('',(0.,1.,-1.548860246407E-16));
#1947 = ORIENTED_EDGE('',*,*,#1948,.T.);
#1948 = EDGE_CURVE('',#1941,#1932,#1949,.T.);
#1949 = LINE('',#1950,#1951);
#1950 = CARTESIAN_POINT('',(-2.689999999999,3.149999999999,
    -0.149999999999));
#1951 = VECTOR('',#1952,1.);
#1952 = DIRECTION('',(1.,0.,0.));
#1953 = PLANE('',#1954);
#1954 = AXIS2_PLACEMENT_3D('',#1955,#1956,#1957);
#1955 = CARTESIAN_POINT('',(-2.689999999999,3.149999999999,
    -0.149999999999));
#1956 = DIRECTION('',(0.,-1.548860246407E-16,-1.));
#1957 = DIRECTION('',(0.,1.,-1.548860246407E-16));
#1958 = ADVANCED_FACE('',(#1959),#1984,.F.);
#1959 = FACE_BOUND('',#1960,.T.);
#1960 = EDGE_LOOP('',(#1961,#1969,#1977,#1983));
#1961 = ORIENTED_EDGE('',*,*,#1962,.T.);
#1962 = EDGE_CURVE('',#308,#1963,#1965,.T.);
#1963 = VERTEX_POINT('',#1964);
#1964 = CARTESIAN_POINT('',(-2.39,3.,-8.42983775034E-17));
#1965 = LINE('',#1966,#1967);
#1966 = CARTESIAN_POINT('',(-2.39,3.,0.599999999999));
#1967 = VECTOR('',#1968,1.);
#1968 = DIRECTION('',(0.,0.,-1.));
#1969 = ORIENTED_EDGE('',*,*,#1970,.F.);
#1970 = EDGE_CURVE('',#1971,#1963,#1973,.T.);
#1971 = VERTEX_POINT('',#1972);
#1972 = CARTESIAN_POINT('',(-2.689999999999,3.,-8.42983775034E-17));
#1973 = LINE('',#1974,#1975);
#1974 = CARTESIAN_POINT('',(-2.689999999999,3.,-8.42983775034E-17));
#1975 = VECTOR('',#1976,1.);
#1976 = DIRECTION('',(1.,0.,0.));
#1977 = ORIENTED_EDGE('',*,*,#1978,.F.);
#1978 = EDGE_CURVE('',#316,#1971,#1979,.T.);
#1979 = LINE('',#1980,#1981);
#1980 = CARTESIAN_POINT('',(-2.689999999999,3.,0.599999999999));
#1981 = VECTOR('',#1982,1.);
#1982 = DIRECTION('',(0.,0.,-1.));
#1983 = ORIENTED_EDGE('',*,*,#315,.T.);
#1984 = PLANE('',#1985);
#1985 = AXIS2_PLACEMENT_3D('',#1986,#1987,#1988);
#1986 = CARTESIAN_POINT('',(-2.689999999999,3.,0.599999999999));
#1987 = DIRECTION('',(0.,-1.,0.));
#1988 = DIRECTION('',(0.,0.,-1.));
#1989 = ADVANCED_FACE('',(#1990),#2008,.F.);
#1990 = FACE_BOUND('',#1991,.F.);
#1991 = EDGE_LOOP('',(#1992,#1993,#2000,#2001));
#1992 = ORIENTED_EDGE('',*,*,#1970,.F.);
#1993 = ORIENTED_EDGE('',*,*,#1994,.T.);
#1994 = EDGE_CURVE('',#1971,#1941,#1995,.T.);
#1995 = CIRCLE('',#1996,0.149999999999);
#1996 = AXIS2_PLACEMENT_3D('',#1997,#1998,#1999);
#1997 = CARTESIAN_POINT('',(-2.689999999999,3.149999999999,
    -1.084202172485E-16));
#1998 = DIRECTION('',(1.,-0.,0.));
#1999 = DIRECTION('',(0.,0.,-1.));
#2000 = ORIENTED_EDGE('',*,*,#1948,.T.);
#2001 = ORIENTED_EDGE('',*,*,#2002,.F.);
#2002 = EDGE_CURVE('',#1963,#1932,#2003,.T.);
#2003 = CIRCLE('',#2004,0.149999999999);
#2004 = AXIS2_PLACEMENT_3D('',#2005,#2006,#2007);
#2005 = CARTESIAN_POINT('',(-2.39,3.149999999999,-1.084202172485E-16));
#2006 = DIRECTION('',(1.,-0.,0.));
#2007 = DIRECTION('',(0.,0.,-1.));
#2008 = CYLINDRICAL_SURFACE('',#2009,0.149999999999);
#2009 = AXIS2_PLACEMENT_3D('',#2010,#2011,#2012);
#2010 = CARTESIAN_POINT('',(-2.689999999999,3.149999999999,
    -1.084202172485E-16));
#2011 = DIRECTION('',(1.,0.,0.));
#2012 = DIRECTION('',(0.,0.,-1.));
#2013 = ADVANCED_FACE('',(#2014),#2025,.F.);
#2014 = FACE_BOUND('',#2015,.T.);
#2015 = EDGE_LOOP('',(#2016,#2017,#2018,#2019,#2020,#2021,#2022,#2023,
    #2024));
#2016 = ORIENTED_EDGE('',*,*,#1940,.T.);
#2017 = ORIENTED_EDGE('',*,*,#1909,.F.);
#2018 = ORIENTED_EDGE('',*,*,#1878,.F.);
#2019 = ORIENTED_EDGE('',*,*,#1846,.F.);
#2020 = ORIENTED_EDGE('',*,*,#1814,.F.);
#2021 = ORIENTED_EDGE('',*,*,#1775,.F.);
#2022 = ORIENTED_EDGE('',*,*,#323,.F.);
#2023 = ORIENTED_EDGE('',*,*,#1978,.T.);
#2024 = ORIENTED_EDGE('',*,*,#1994,.T.);
#2025 = PLANE('',#2026);
#2026 = AXIS2_PLACEMENT_3D('',#2027,#2028,#2029);
#2027 = CARTESIAN_POINT('',(-2.689999999999,3.149999999999,
    -1.084202172485E-16));
#2028 = DIRECTION('',(1.,0.,0.));
#2029 = DIRECTION('',(0.,0.,1.));
#2030 = ADVANCED_FACE('',(#2031),#2042,.T.);
#2031 = FACE_BOUND('',#2032,.T.);
#2032 = EDGE_LOOP('',(#2033,#2034,#2035,#2036,#2037,#2038,#2039,#2040,
    #2041));
#2033 = ORIENTED_EDGE('',*,*,#1931,.F.);
#2034 = ORIENTED_EDGE('',*,*,#2002,.F.);
#2035 = ORIENTED_EDGE('',*,*,#1962,.F.);
#2036 = ORIENTED_EDGE('',*,*,#307,.T.);
#2037 = ORIENTED_EDGE('',*,*,#1791,.T.);
#2038 = ORIENTED_EDGE('',*,*,#1805,.T.);
#2039 = ORIENTED_EDGE('',*,*,#1836,.T.);
#2040 = ORIENTED_EDGE('',*,*,#1869,.T.);
#2041 = ORIENTED_EDGE('',*,*,#1900,.T.);
#2042 = PLANE('',#2043);
#2043 = AXIS2_PLACEMENT_3D('',#2044,#2045,#2046);
#2044 = CARTESIAN_POINT('',(-2.39,3.149999999999,-1.084202172485E-16));
#2045 = DIRECTION('',(1.,0.,0.));
#2046 = DIRECTION('',(0.,0.,1.));
#2047 = ADVANCED_FACE('',(#2048),#2073,.T.);
#2048 = FACE_BOUND('',#2049,.T.);
#2049 = EDGE_LOOP('',(#2050,#2051,#2059,#2067));
#2050 = ORIENTED_EDGE('',*,*,#901,.F.);
#2051 = ORIENTED_EDGE('',*,*,#2052,.T.);
#2052 = EDGE_CURVE('',#292,#2053,#2055,.T.);
#2053 = VERTEX_POINT('',#2054);
#2054 = CARTESIAN_POINT('',(-0.149999999999,2.85,0.599999999999));
#2055 = LINE('',#2056,#2057);
#2056 = CARTESIAN_POINT('',(-0.149999999999,3.,0.599999999999));
#2057 = VECTOR('',#2058,1.);
#2058 = DIRECTION('',(0.,-1.,0.));
#2059 = ORIENTED_EDGE('',*,*,#2060,.T.);
#2060 = EDGE_CURVE('',#2053,#2061,#2063,.T.);
#2061 = VERTEX_POINT('',#2062);
#2062 = CARTESIAN_POINT('',(0.149999999999,2.85,0.599999999999));
#2063 = LINE('',#2064,#2065);
#2064 = CARTESIAN_POINT('',(-0.149999999999,2.85,0.599999999999));
#2065 = VECTOR('',#2066,1.);
#2066 = DIRECTION('',(1.,0.,0.));
#2067 = ORIENTED_EDGE('',*,*,#2068,.F.);
#2068 = EDGE_CURVE('',#268,#2061,#2069,.T.);
#2069 = LINE('',#2070,#2071);
#2070 = CARTESIAN_POINT('',(0.149999999999,3.,0.599999999999));
#2071 = VECTOR('',#2072,1.);
#2072 = DIRECTION('',(0.,-1.,0.));
#2073 = PLANE('',#2074);
#2074 = AXIS2_PLACEMENT_3D('',#2075,#2076,#2077);
#2075 = CARTESIAN_POINT('',(-0.149999999999,3.,0.599999999999));
#2076 = DIRECTION('',(0.,0.,1.));
#2077 = DIRECTION('',(1.,0.,0.));
#2078 = ADVANCED_FACE('',(#2079),#2104,.T.);
#2079 = FACE_BOUND('',#2080,.T.);
#2080 = EDGE_LOOP('',(#2081,#2089,#2090,#2098));
#2081 = ORIENTED_EDGE('',*,*,#2082,.F.);
#2082 = EDGE_CURVE('',#2061,#2083,#2085,.T.);
#2083 = VERTEX_POINT('',#2084);
#2084 = CARTESIAN_POINT('',(0.149999999999,2.85,-9.005051526134E-17));
#2085 = LINE('',#2086,#2087);
#2086 = CARTESIAN_POINT('',(0.149999999999,2.85,0.599999999999));
#2087 = VECTOR('',#2088,1.);
#2088 = DIRECTION('',(0.,0.,-1.));
#2089 = ORIENTED_EDGE('',*,*,#2060,.F.);
#2090 = ORIENTED_EDGE('',*,*,#2091,.T.);
#2091 = EDGE_CURVE('',#2053,#2092,#2094,.T.);
#2092 = VERTEX_POINT('',#2093);
#2093 = CARTESIAN_POINT('',(-0.149999999999,2.85,-9.005051526134E-17));
#2094 = LINE('',#2095,#2096);
#2095 = CARTESIAN_POINT('',(-0.149999999999,2.85,0.599999999999));
#2096 = VECTOR('',#2097,1.);
#2097 = DIRECTION('',(0.,0.,-1.));
#2098 = ORIENTED_EDGE('',*,*,#2099,.T.);
#2099 = EDGE_CURVE('',#2092,#2083,#2100,.T.);
#2100 = LINE('',#2101,#2102);
#2101 = CARTESIAN_POINT('',(-0.149999999999,2.85,-9.005051526134E-17));
#2102 = VECTOR('',#2103,1.);
#2103 = DIRECTION('',(1.,0.,0.));
#2104 = PLANE('',#2105);
#2105 = AXIS2_PLACEMENT_3D('',#2106,#2107,#2108);
#2106 = CARTESIAN_POINT('',(-0.149999999999,2.85,0.599999999999));
#2107 = DIRECTION('',(0.,-1.,0.));
#2108 = DIRECTION('',(0.,0.,-1.));
#2109 = ADVANCED_FACE('',(#2110),#2137,.T.);
#2110 = FACE_BOUND('',#2111,.T.);
#2111 = EDGE_LOOP('',(#2112,#2121,#2122,#2131));
#2112 = ORIENTED_EDGE('',*,*,#2113,.F.);
#2113 = EDGE_CURVE('',#2083,#2114,#2116,.T.);
#2114 = VERTEX_POINT('',#2115);
#2115 = CARTESIAN_POINT('',(0.149999999999,3.149999999999,
    -0.299999999999));
#2116 = CIRCLE('',#2117,0.299999999999);
#2117 = AXIS2_PLACEMENT_3D('',#2118,#2119,#2120);
#2118 = CARTESIAN_POINT('',(0.149999999999,3.149999999999,
    -1.084202172485E-16));
#2119 = DIRECTION('',(1.,0.,-0.));
#2120 = DIRECTION('',(0.,0.,1.));
#2121 = ORIENTED_EDGE('',*,*,#2099,.F.);
#2122 = ORIENTED_EDGE('',*,*,#2123,.T.);
#2123 = EDGE_CURVE('',#2092,#2124,#2126,.T.);
#2124 = VERTEX_POINT('',#2125);
#2125 = CARTESIAN_POINT('',(-0.149999999999,3.149999999999,
    -0.299999999999));
#2126 = CIRCLE('',#2127,0.299999999999);
#2127 = AXIS2_PLACEMENT_3D('',#2128,#2129,#2130);
#2128 = CARTESIAN_POINT('',(-0.149999999999,3.149999999999,
    -1.084202172485E-16));
#2129 = DIRECTION('',(1.,0.,-0.));
#2130 = DIRECTION('',(0.,0.,1.));
#2131 = ORIENTED_EDGE('',*,*,#2132,.T.);
#2132 = EDGE_CURVE('',#2124,#2114,#2133,.T.);
#2133 = LINE('',#2134,#2135);
#2134 = CARTESIAN_POINT('',(-0.149999999999,3.149999999999,
    -0.299999999999));
#2135 = VECTOR('',#2136,1.);
#2136 = DIRECTION('',(1.,0.,0.));
#2137 = CYLINDRICAL_SURFACE('',#2138,0.299999999999);
#2138 = AXIS2_PLACEMENT_3D('',#2139,#2140,#2141);
#2139 = CARTESIAN_POINT('',(-0.149999999999,3.149999999999,
    -1.084202172485E-16));
#2140 = DIRECTION('',(1.,0.,0.));
#2141 = DIRECTION('',(0.,0.,-1.));
#2142 = ADVANCED_FACE('',(#2143),#2168,.T.);
#2143 = FACE_BOUND('',#2144,.T.);
#2144 = EDGE_LOOP('',(#2145,#2153,#2154,#2162));
#2145 = ORIENTED_EDGE('',*,*,#2146,.F.);
#2146 = EDGE_CURVE('',#2114,#2147,#2149,.T.);
#2147 = VERTEX_POINT('',#2148);
#2148 = CARTESIAN_POINT('',(0.149999999999,3.85,-0.3));
#2149 = LINE('',#2150,#2151);
#2150 = CARTESIAN_POINT('',(0.149999999999,3.149999999999,
    -0.299999999999));
#2151 = VECTOR('',#2152,1.);
#2152 = DIRECTION('',(0.,1.,-1.548860246407E-16));
#2153 = ORIENTED_EDGE('',*,*,#2132,.F.);
#2154 = ORIENTED_EDGE('',*,*,#2155,.T.);
#2155 = EDGE_CURVE('',#2124,#2156,#2158,.T.);
#2156 = VERTEX_POINT('',#2157);
#2157 = CARTESIAN_POINT('',(-0.149999999999,3.85,-0.3));
#2158 = LINE('',#2159,#2160);
#2159 = CARTESIAN_POINT('',(-0.149999999999,3.149999999999,
    -0.299999999999));
#2160 = VECTOR('',#2161,1.);
#2161 = DIRECTION('',(0.,1.,-1.548860246407E-16));
#2162 = ORIENTED_EDGE('',*,*,#2163,.T.);
#2163 = EDGE_CURVE('',#2156,#2147,#2164,.T.);
#2164 = LINE('',#2165,#2166);
#2165 = CARTESIAN_POINT('',(-0.149999999999,3.85,-0.3));
#2166 = VECTOR('',#2167,1.);
#2167 = DIRECTION('',(1.,0.,0.));
#2168 = PLANE('',#2169);
#2169 = AXIS2_PLACEMENT_3D('',#2170,#2171,#2172);
#2170 = CARTESIAN_POINT('',(-0.149999999999,3.149999999999,
    -0.299999999999));
#2171 = DIRECTION('',(0.,-1.548860246407E-16,-1.));
#2172 = DIRECTION('',(0.,1.,-1.548860246407E-16));
#2173 = ADVANCED_FACE('',(#2174),#2199,.T.);
#2174 = FACE_BOUND('',#2175,.T.);
#2175 = EDGE_LOOP('',(#2176,#2184,#2185,#2193));
#2176 = ORIENTED_EDGE('',*,*,#2177,.F.);
#2177 = EDGE_CURVE('',#2147,#2178,#2180,.T.);
#2178 = VERTEX_POINT('',#2179);
#2179 = CARTESIAN_POINT('',(0.149999999999,3.85,-0.15));
#2180 = LINE('',#2181,#2182);
#2181 = CARTESIAN_POINT('',(0.149999999999,3.85,-0.3));
#2182 = VECTOR('',#2183,1.);
#2183 = DIRECTION('',(0.,0.,1.));
#2184 = ORIENTED_EDGE('',*,*,#2163,.F.);
#2185 = ORIENTED_EDGE('',*,*,#2186,.T.);
#2186 = EDGE_CURVE('',#2156,#2187,#2189,.T.);
#2187 = VERTEX_POINT('',#2188);
#2188 = CARTESIAN_POINT('',(-0.149999999999,3.85,-0.15));
#2189 = LINE('',#2190,#2191);
#2190 = CARTESIAN_POINT('',(-0.149999999999,3.85,-0.3));
#2191 = VECTOR('',#2192,1.);
#2192 = DIRECTION('',(0.,0.,1.));
#2193 = ORIENTED_EDGE('',*,*,#2194,.T.);
#2194 = EDGE_CURVE('',#2187,#2178,#2195,.T.);
#2195 = LINE('',#2196,#2197);
#2196 = CARTESIAN_POINT('',(-0.149999999999,3.85,-0.15));
#2197 = VECTOR('',#2198,1.);
#2198 = DIRECTION('',(1.,0.,0.));
#2199 = PLANE('',#2200);
#2200 = AXIS2_PLACEMENT_3D('',#2201,#2202,#2203);
#2201 = CARTESIAN_POINT('',(-0.149999999999,3.85,-0.3));
#2202 = DIRECTION('',(0.,1.,0.));
#2203 = DIRECTION('',(0.,0.,1.));
#2204 = ADVANCED_FACE('',(#2205),#2230,.F.);
#2205 = FACE_BOUND('',#2206,.T.);
#2206 = EDGE_LOOP('',(#2207,#2215,#2216,#2224));
#2207 = ORIENTED_EDGE('',*,*,#2208,.T.);
#2208 = EDGE_CURVE('',#2209,#2178,#2211,.T.);
#2209 = VERTEX_POINT('',#2210);
#2210 = CARTESIAN_POINT('',(0.149999999999,3.149999999999,
    -0.149999999999));
#2211 = LINE('',#2212,#2213);
#2212 = CARTESIAN_POINT('',(0.149999999999,3.149999999999,
    -0.149999999999));
#2213 = VECTOR('',#2214,1.);
#2214 = DIRECTION('',(0.,1.,-1.548860246407E-16));
#2215 = ORIENTED_EDGE('',*,*,#2194,.F.);
#2216 = ORIENTED_EDGE('',*,*,#2217,.F.);
#2217 = EDGE_CURVE('',#2218,#2187,#2220,.T.);
#2218 = VERTEX_POINT('',#2219);
#2219 = CARTESIAN_POINT('',(-0.149999999999,3.149999999999,
    -0.149999999999));
#2220 = LINE('',#2221,#2222);
#2221 = CARTESIAN_POINT('',(-0.149999999999,3.149999999999,
    -0.149999999999));
#2222 = VECTOR('',#2223,1.);
#2223 = DIRECTION('',(0.,1.,-1.548860246407E-16));
#2224 = ORIENTED_EDGE('',*,*,#2225,.T.);
#2225 = EDGE_CURVE('',#2218,#2209,#2226,.T.);
#2226 = LINE('',#2227,#2228);
#2227 = CARTESIAN_POINT('',(-0.149999999999,3.149999999999,
    -0.149999999999));
#2228 = VECTOR('',#2229,1.);
#2229 = DIRECTION('',(1.,0.,0.));
#2230 = PLANE('',#2231);
#2231 = AXIS2_PLACEMENT_3D('',#2232,#2233,#2234);
#2232 = CARTESIAN_POINT('',(-0.149999999999,3.149999999999,
    -0.149999999999));
#2233 = DIRECTION('',(0.,-1.548860246407E-16,-1.));
#2234 = DIRECTION('',(0.,1.,-1.548860246407E-16));
#2235 = ADVANCED_FACE('',(#2236),#2261,.F.);
#2236 = FACE_BOUND('',#2237,.T.);
#2237 = EDGE_LOOP('',(#2238,#2246,#2254,#2260));
#2238 = ORIENTED_EDGE('',*,*,#2239,.T.);
#2239 = EDGE_CURVE('',#276,#2240,#2242,.T.);
#2240 = VERTEX_POINT('',#2241);
#2241 = CARTESIAN_POINT('',(0.149999999999,3.,-8.42983775034E-17));
#2242 = LINE('',#2243,#2244);
#2243 = CARTESIAN_POINT('',(0.149999999999,3.,0.599999999999));
#2244 = VECTOR('',#2245,1.);
#2245 = DIRECTION('',(0.,0.,-1.));
#2246 = ORIENTED_EDGE('',*,*,#2247,.F.);
#2247 = EDGE_CURVE('',#2248,#2240,#2250,.T.);
#2248 = VERTEX_POINT('',#2249);
#2249 = CARTESIAN_POINT('',(-0.149999999999,3.,-8.42983775034E-17));
#2250 = LINE('',#2251,#2252);
#2251 = CARTESIAN_POINT('',(-0.149999999999,3.,-8.42983775034E-17));
#2252 = VECTOR('',#2253,1.);
#2253 = DIRECTION('',(1.,0.,0.));
#2254 = ORIENTED_EDGE('',*,*,#2255,.F.);
#2255 = EDGE_CURVE('',#284,#2248,#2256,.T.);
#2256 = LINE('',#2257,#2258);
#2257 = CARTESIAN_POINT('',(-0.149999999999,3.,0.599999999999));
#2258 = VECTOR('',#2259,1.);
#2259 = DIRECTION('',(0.,0.,-1.));
#2260 = ORIENTED_EDGE('',*,*,#283,.T.);
#2261 = PLANE('',#2262);
#2262 = AXIS2_PLACEMENT_3D('',#2263,#2264,#2265);
#2263 = CARTESIAN_POINT('',(-0.149999999999,3.,0.599999999999));
#2264 = DIRECTION('',(0.,-1.,0.));
#2265 = DIRECTION('',(0.,0.,-1.));
#2266 = ADVANCED_FACE('',(#2267),#2285,.F.);
#2267 = FACE_BOUND('',#2268,.F.);
#2268 = EDGE_LOOP('',(#2269,#2270,#2277,#2278));
#2269 = ORIENTED_EDGE('',*,*,#2247,.F.);
#2270 = ORIENTED_EDGE('',*,*,#2271,.T.);
#2271 = EDGE_CURVE('',#2248,#2218,#2272,.T.);
#2272 = CIRCLE('',#2273,0.149999999999);
#2273 = AXIS2_PLACEMENT_3D('',#2274,#2275,#2276);
#2274 = CARTESIAN_POINT('',(-0.149999999999,3.149999999999,
    -1.084202172485E-16));
#2275 = DIRECTION('',(1.,-0.,0.));
#2276 = DIRECTION('',(0.,0.,-1.));
#2277 = ORIENTED_EDGE('',*,*,#2225,.T.);
#2278 = ORIENTED_EDGE('',*,*,#2279,.F.);
#2279 = EDGE_CURVE('',#2240,#2209,#2280,.T.);
#2280 = CIRCLE('',#2281,0.149999999999);
#2281 = AXIS2_PLACEMENT_3D('',#2282,#2283,#2284);
#2282 = CARTESIAN_POINT('',(0.149999999999,3.149999999999,
    -1.084202172485E-16));
#2283 = DIRECTION('',(1.,-0.,0.));
#2284 = DIRECTION('',(0.,0.,-1.));
#2285 = CYLINDRICAL_SURFACE('',#2286,0.149999999999);
#2286 = AXIS2_PLACEMENT_3D('',#2287,#2288,#2289);
#2287 = CARTESIAN_POINT('',(-0.149999999999,3.149999999999,
    -1.084202172485E-16));
#2288 = DIRECTION('',(1.,0.,0.));
#2289 = DIRECTION('',(0.,0.,-1.));
#2290 = ADVANCED_FACE('',(#2291),#2302,.F.);
#2291 = FACE_BOUND('',#2292,.T.);
#2292 = EDGE_LOOP('',(#2293,#2294,#2295,#2296,#2297,#2298,#2299,#2300,
    #2301));
#2293 = ORIENTED_EDGE('',*,*,#2217,.T.);
#2294 = ORIENTED_EDGE('',*,*,#2186,.F.);
#2295 = ORIENTED_EDGE('',*,*,#2155,.F.);
#2296 = ORIENTED_EDGE('',*,*,#2123,.F.);
#2297 = ORIENTED_EDGE('',*,*,#2091,.F.);
#2298 = ORIENTED_EDGE('',*,*,#2052,.F.);
#2299 = ORIENTED_EDGE('',*,*,#291,.F.);
#2300 = ORIENTED_EDGE('',*,*,#2255,.T.);
#2301 = ORIENTED_EDGE('',*,*,#2271,.T.);
#2302 = PLANE('',#2303);
#2303 = AXIS2_PLACEMENT_3D('',#2304,#2305,#2306);
#2304 = CARTESIAN_POINT('',(-0.149999999999,3.149999999999,
    -1.084202172485E-16));
#2305 = DIRECTION('',(1.,0.,0.));
#2306 = DIRECTION('',(0.,0.,1.));
#2307 = ADVANCED_FACE('',(#2308),#2319,.T.);
#2308 = FACE_BOUND('',#2309,.T.);
#2309 = EDGE_LOOP('',(#2310,#2311,#2312,#2313,#2314,#2315,#2316,#2317,
    #2318));
#2310 = ORIENTED_EDGE('',*,*,#2208,.F.);
#2311 = ORIENTED_EDGE('',*,*,#2279,.F.);
#2312 = ORIENTED_EDGE('',*,*,#2239,.F.);
#2313 = ORIENTED_EDGE('',*,*,#275,.T.);
#2314 = ORIENTED_EDGE('',*,*,#2068,.T.);
#2315 = ORIENTED_EDGE('',*,*,#2082,.T.);
#2316 = ORIENTED_EDGE('',*,*,#2113,.T.);
#2317 = ORIENTED_EDGE('',*,*,#2146,.T.);
#2318 = ORIENTED_EDGE('',*,*,#2177,.T.);
#2319 = PLANE('',#2320);
#2320 = AXIS2_PLACEMENT_3D('',#2321,#2322,#2323);
#2321 = CARTESIAN_POINT('',(0.149999999999,3.149999999999,
    -1.084202172485E-16));
#2322 = DIRECTION('',(1.,0.,0.));
#2323 = DIRECTION('',(0.,0.,1.));
#2324 = ADVANCED_FACE('',(#2325),#2350,.T.);
#2325 = FACE_BOUND('',#2326,.T.);
#2326 = EDGE_LOOP('',(#2327,#2328,#2336,#2344));
#2327 = ORIENTED_EDGE('',*,*,#908,.F.);
#2328 = ORIENTED_EDGE('',*,*,#2329,.T.);
#2329 = EDGE_CURVE('',#260,#2330,#2332,.T.);
#2330 = VERTEX_POINT('',#2331);
#2331 = CARTESIAN_POINT('',(2.39,2.85,0.599999999999));
#2332 = LINE('',#2333,#2334);
#2333 = CARTESIAN_POINT('',(2.39,3.,0.599999999999));
#2334 = VECTOR('',#2335,1.);
#2335 = DIRECTION('',(0.,-1.,0.));
#2336 = ORIENTED_EDGE('',*,*,#2337,.T.);
#2337 = EDGE_CURVE('',#2330,#2338,#2340,.T.);
#2338 = VERTEX_POINT('',#2339);
#2339 = CARTESIAN_POINT('',(2.689999999999,2.85,0.599999999999));
#2340 = LINE('',#2341,#2342);
#2341 = CARTESIAN_POINT('',(2.39,2.85,0.599999999999));
#2342 = VECTOR('',#2343,1.);
#2343 = DIRECTION('',(1.,0.,0.));
#2344 = ORIENTED_EDGE('',*,*,#2345,.F.);
#2345 = EDGE_CURVE('',#236,#2338,#2346,.T.);
#2346 = LINE('',#2347,#2348);
#2347 = CARTESIAN_POINT('',(2.689999999999,3.,0.599999999999));
#2348 = VECTOR('',#2349,1.);
#2349 = DIRECTION('',(0.,-1.,0.));
#2350 = PLANE('',#2351);
#2351 = AXIS2_PLACEMENT_3D('',#2352,#2353,#2354);
#2352 = CARTESIAN_POINT('',(2.39,3.,0.599999999999));
#2353 = DIRECTION('',(0.,0.,1.));
#2354 = DIRECTION('',(1.,0.,0.));
#2355 = ADVANCED_FACE('',(#2356),#2381,.T.);
#2356 = FACE_BOUND('',#2357,.T.);
#2357 = EDGE_LOOP('',(#2358,#2366,#2367,#2375));
#2358 = ORIENTED_EDGE('',*,*,#2359,.F.);
#2359 = EDGE_CURVE('',#2338,#2360,#2362,.T.);
#2360 = VERTEX_POINT('',#2361);
#2361 = CARTESIAN_POINT('',(2.689999999999,2.85,-9.005051526134E-17));
#2362 = LINE('',#2363,#2364);
#2363 = CARTESIAN_POINT('',(2.689999999999,2.85,0.599999999999));
#2364 = VECTOR('',#2365,1.);
#2365 = DIRECTION('',(0.,0.,-1.));
#2366 = ORIENTED_EDGE('',*,*,#2337,.F.);
#2367 = ORIENTED_EDGE('',*,*,#2368,.T.);
#2368 = EDGE_CURVE('',#2330,#2369,#2371,.T.);
#2369 = VERTEX_POINT('',#2370);
#2370 = CARTESIAN_POINT('',(2.39,2.85,-9.005051526134E-17));
#2371 = LINE('',#2372,#2373);
#2372 = CARTESIAN_POINT('',(2.39,2.85,0.599999999999));
#2373 = VECTOR('',#2374,1.);
#2374 = DIRECTION('',(0.,0.,-1.));
#2375 = ORIENTED_EDGE('',*,*,#2376,.T.);
#2376 = EDGE_CURVE('',#2369,#2360,#2377,.T.);
#2377 = LINE('',#2378,#2379);
#2378 = CARTESIAN_POINT('',(2.39,2.85,-9.005051526134E-17));
#2379 = VECTOR('',#2380,1.);
#2380 = DIRECTION('',(1.,0.,0.));
#2381 = PLANE('',#2382);
#2382 = AXIS2_PLACEMENT_3D('',#2383,#2384,#2385);
#2383 = CARTESIAN_POINT('',(2.39,2.85,0.599999999999));
#2384 = DIRECTION('',(0.,-1.,0.));
#2385 = DIRECTION('',(0.,0.,-1.));
#2386 = ADVANCED_FACE('',(#2387),#2414,.T.);
#2387 = FACE_BOUND('',#2388,.T.);
#2388 = EDGE_LOOP('',(#2389,#2398,#2399,#2408));
#2389 = ORIENTED_EDGE('',*,*,#2390,.F.);
#2390 = EDGE_CURVE('',#2360,#2391,#2393,.T.);
#2391 = VERTEX_POINT('',#2392);
#2392 = CARTESIAN_POINT('',(2.689999999999,3.149999999999,
    -0.299999999999));
#2393 = CIRCLE('',#2394,0.299999999999);
#2394 = AXIS2_PLACEMENT_3D('',#2395,#2396,#2397);
#2395 = CARTESIAN_POINT('',(2.689999999999,3.149999999999,
    -1.084202172485E-16));
#2396 = DIRECTION('',(1.,0.,-0.));
#2397 = DIRECTION('',(0.,0.,1.));
#2398 = ORIENTED_EDGE('',*,*,#2376,.F.);
#2399 = ORIENTED_EDGE('',*,*,#2400,.T.);
#2400 = EDGE_CURVE('',#2369,#2401,#2403,.T.);
#2401 = VERTEX_POINT('',#2402);
#2402 = CARTESIAN_POINT('',(2.39,3.149999999999,-0.299999999999));
#2403 = CIRCLE('',#2404,0.299999999999);
#2404 = AXIS2_PLACEMENT_3D('',#2405,#2406,#2407);
#2405 = CARTESIAN_POINT('',(2.39,3.149999999999,-1.084202172485E-16));
#2406 = DIRECTION('',(1.,0.,-0.));
#2407 = DIRECTION('',(0.,0.,1.));
#2408 = ORIENTED_EDGE('',*,*,#2409,.T.);
#2409 = EDGE_CURVE('',#2401,#2391,#2410,.T.);
#2410 = LINE('',#2411,#2412);
#2411 = CARTESIAN_POINT('',(2.39,3.149999999999,-0.299999999999));
#2412 = VECTOR('',#2413,1.);
#2413 = DIRECTION('',(1.,0.,0.));
#2414 = CYLINDRICAL_SURFACE('',#2415,0.299999999999);
#2415 = AXIS2_PLACEMENT_3D('',#2416,#2417,#2418);
#2416 = CARTESIAN_POINT('',(2.39,3.149999999999,-1.084202172485E-16));
#2417 = DIRECTION('',(1.,0.,0.));
#2418 = DIRECTION('',(0.,0.,-1.));
#2419 = ADVANCED_FACE('',(#2420),#2445,.T.);
#2420 = FACE_BOUND('',#2421,.T.);
#2421 = EDGE_LOOP('',(#2422,#2430,#2431,#2439));
#2422 = ORIENTED_EDGE('',*,*,#2423,.F.);
#2423 = EDGE_CURVE('',#2391,#2424,#2426,.T.);
#2424 = VERTEX_POINT('',#2425);
#2425 = CARTESIAN_POINT('',(2.689999999999,3.85,-0.3));
#2426 = LINE('',#2427,#2428);
#2427 = CARTESIAN_POINT('',(2.689999999999,3.149999999999,
    -0.299999999999));
#2428 = VECTOR('',#2429,1.);
#2429 = DIRECTION('',(0.,1.,-1.548860246407E-16));
#2430 = ORIENTED_EDGE('',*,*,#2409,.F.);
#2431 = ORIENTED_EDGE('',*,*,#2432,.T.);
#2432 = EDGE_CURVE('',#2401,#2433,#2435,.T.);
#2433 = VERTEX_POINT('',#2434);
#2434 = CARTESIAN_POINT('',(2.39,3.85,-0.3));
#2435 = LINE('',#2436,#2437);
#2436 = CARTESIAN_POINT('',(2.39,3.149999999999,-0.299999999999));
#2437 = VECTOR('',#2438,1.);
#2438 = DIRECTION('',(0.,1.,-1.548860246407E-16));
#2439 = ORIENTED_EDGE('',*,*,#2440,.T.);
#2440 = EDGE_CURVE('',#2433,#2424,#2441,.T.);
#2441 = LINE('',#2442,#2443);
#2442 = CARTESIAN_POINT('',(2.39,3.85,-0.3));
#2443 = VECTOR('',#2444,1.);
#2444 = DIRECTION('',(1.,0.,0.));
#2445 = PLANE('',#2446);
#2446 = AXIS2_PLACEMENT_3D('',#2447,#2448,#2449);
#2447 = CARTESIAN_POINT('',(2.39,3.149999999999,-0.299999999999));
#2448 = DIRECTION('',(0.,-1.548860246407E-16,-1.));
#2449 = DIRECTION('',(0.,1.,-1.548860246407E-16));
#2450 = ADVANCED_FACE('',(#2451),#2476,.T.);
#2451 = FACE_BOUND('',#2452,.T.);
#2452 = EDGE_LOOP('',(#2453,#2461,#2462,#2470));
#2453 = ORIENTED_EDGE('',*,*,#2454,.F.);
#2454 = EDGE_CURVE('',#2424,#2455,#2457,.T.);
#2455 = VERTEX_POINT('',#2456);
#2456 = CARTESIAN_POINT('',(2.689999999999,3.85,-0.15));
#2457 = LINE('',#2458,#2459);
#2458 = CARTESIAN_POINT('',(2.689999999999,3.85,-0.3));
#2459 = VECTOR('',#2460,1.);
#2460 = DIRECTION('',(0.,0.,1.));
#2461 = ORIENTED_EDGE('',*,*,#2440,.F.);
#2462 = ORIENTED_EDGE('',*,*,#2463,.T.);
#2463 = EDGE_CURVE('',#2433,#2464,#2466,.T.);
#2464 = VERTEX_POINT('',#2465);
#2465 = CARTESIAN_POINT('',(2.39,3.85,-0.15));
#2466 = LINE('',#2467,#2468);
#2467 = CARTESIAN_POINT('',(2.39,3.85,-0.3));
#2468 = VECTOR('',#2469,1.);
#2469 = DIRECTION('',(0.,0.,1.));
#2470 = ORIENTED_EDGE('',*,*,#2471,.T.);
#2471 = EDGE_CURVE('',#2464,#2455,#2472,.T.);
#2472 = LINE('',#2473,#2474);
#2473 = CARTESIAN_POINT('',(2.39,3.85,-0.15));
#2474 = VECTOR('',#2475,1.);
#2475 = DIRECTION('',(1.,0.,0.));
#2476 = PLANE('',#2477);
#2477 = AXIS2_PLACEMENT_3D('',#2478,#2479,#2480);
#2478 = CARTESIAN_POINT('',(2.39,3.85,-0.3));
#2479 = DIRECTION('',(0.,1.,0.));
#2480 = DIRECTION('',(0.,0.,1.));
#2481 = ADVANCED_FACE('',(#2482),#2507,.F.);
#2482 = FACE_BOUND('',#2483,.T.);
#2483 = EDGE_LOOP('',(#2484,#2492,#2493,#2501));
#2484 = ORIENTED_EDGE('',*,*,#2485,.T.);
#2485 = EDGE_CURVE('',#2486,#2455,#2488,.T.);
#2486 = VERTEX_POINT('',#2487);
#2487 = CARTESIAN_POINT('',(2.689999999999,3.149999999999,
    -0.149999999999));
#2488 = LINE('',#2489,#2490);
#2489 = CARTESIAN_POINT('',(2.689999999999,3.149999999999,
    -0.149999999999));
#2490 = VECTOR('',#2491,1.);
#2491 = DIRECTION('',(0.,1.,-1.548860246407E-16));
#2492 = ORIENTED_EDGE('',*,*,#2471,.F.);
#2493 = ORIENTED_EDGE('',*,*,#2494,.F.);
#2494 = EDGE_CURVE('',#2495,#2464,#2497,.T.);
#2495 = VERTEX_POINT('',#2496);
#2496 = CARTESIAN_POINT('',(2.39,3.149999999999,-0.149999999999));
#2497 = LINE('',#2498,#2499);
#2498 = CARTESIAN_POINT('',(2.39,3.149999999999,-0.149999999999));
#2499 = VECTOR('',#2500,1.);
#2500 = DIRECTION('',(0.,1.,-1.548860246407E-16));
#2501 = ORIENTED_EDGE('',*,*,#2502,.T.);
#2502 = EDGE_CURVE('',#2495,#2486,#2503,.T.);
#2503 = LINE('',#2504,#2505);
#2504 = CARTESIAN_POINT('',(2.39,3.149999999999,-0.149999999999));
#2505 = VECTOR('',#2506,1.);
#2506 = DIRECTION('',(1.,0.,0.));
#2507 = PLANE('',#2508);
#2508 = AXIS2_PLACEMENT_3D('',#2509,#2510,#2511);
#2509 = CARTESIAN_POINT('',(2.39,3.149999999999,-0.149999999999));
#2510 = DIRECTION('',(0.,-1.548860246407E-16,-1.));
#2511 = DIRECTION('',(0.,1.,-1.548860246407E-16));
#2512 = ADVANCED_FACE('',(#2513),#2538,.F.);
#2513 = FACE_BOUND('',#2514,.T.);
#2514 = EDGE_LOOP('',(#2515,#2523,#2531,#2537));
#2515 = ORIENTED_EDGE('',*,*,#2516,.T.);
#2516 = EDGE_CURVE('',#244,#2517,#2519,.T.);
#2517 = VERTEX_POINT('',#2518);
#2518 = CARTESIAN_POINT('',(2.689999999999,3.,-8.42983775034E-17));
#2519 = LINE('',#2520,#2521);
#2520 = CARTESIAN_POINT('',(2.689999999999,3.,0.599999999999));
#2521 = VECTOR('',#2522,1.);
#2522 = DIRECTION('',(0.,0.,-1.));
#2523 = ORIENTED_EDGE('',*,*,#2524,.F.);
#2524 = EDGE_CURVE('',#2525,#2517,#2527,.T.);
#2525 = VERTEX_POINT('',#2526);
#2526 = CARTESIAN_POINT('',(2.39,3.,-8.42983775034E-17));
#2527 = LINE('',#2528,#2529);
#2528 = CARTESIAN_POINT('',(2.39,3.,-8.42983775034E-17));
#2529 = VECTOR('',#2530,1.);
#2530 = DIRECTION('',(1.,0.,0.));
#2531 = ORIENTED_EDGE('',*,*,#2532,.F.);
#2532 = EDGE_CURVE('',#252,#2525,#2533,.T.);
#2533 = LINE('',#2534,#2535);
#2534 = CARTESIAN_POINT('',(2.39,3.,0.599999999999));
#2535 = VECTOR('',#2536,1.);
#2536 = DIRECTION('',(0.,0.,-1.));
#2537 = ORIENTED_EDGE('',*,*,#251,.T.);
#2538 = PLANE('',#2539);
#2539 = AXIS2_PLACEMENT_3D('',#2540,#2541,#2542);
#2540 = CARTESIAN_POINT('',(2.39,3.,0.599999999999));
#2541 = DIRECTION('',(0.,-1.,0.));
#2542 = DIRECTION('',(0.,0.,-1.));
#2543 = ADVANCED_FACE('',(#2544),#2562,.F.);
#2544 = FACE_BOUND('',#2545,.F.);
#2545 = EDGE_LOOP('',(#2546,#2547,#2554,#2555));
#2546 = ORIENTED_EDGE('',*,*,#2524,.F.);
#2547 = ORIENTED_EDGE('',*,*,#2548,.T.);
#2548 = EDGE_CURVE('',#2525,#2495,#2549,.T.);
#2549 = CIRCLE('',#2550,0.149999999999);
#2550 = AXIS2_PLACEMENT_3D('',#2551,#2552,#2553);
#2551 = CARTESIAN_POINT('',(2.39,3.149999999999,-1.084202172485E-16));
#2552 = DIRECTION('',(1.,-0.,0.));
#2553 = DIRECTION('',(0.,0.,-1.));
#2554 = ORIENTED_EDGE('',*,*,#2502,.T.);
#2555 = ORIENTED_EDGE('',*,*,#2556,.F.);
#2556 = EDGE_CURVE('',#2517,#2486,#2557,.T.);
#2557 = CIRCLE('',#2558,0.149999999999);
#2558 = AXIS2_PLACEMENT_3D('',#2559,#2560,#2561);
#2559 = CARTESIAN_POINT('',(2.689999999999,3.149999999999,
    -1.084202172485E-16));
#2560 = DIRECTION('',(1.,-0.,0.));
#2561 = DIRECTION('',(0.,0.,-1.));
#2562 = CYLINDRICAL_SURFACE('',#2563,0.149999999999);
#2563 = AXIS2_PLACEMENT_3D('',#2564,#2565,#2566);
#2564 = CARTESIAN_POINT('',(2.39,3.149999999999,-1.084202172485E-16));
#2565 = DIRECTION('',(1.,0.,0.));
#2566 = DIRECTION('',(0.,0.,-1.));
#2567 = ADVANCED_FACE('',(#2568),#2579,.F.);
#2568 = FACE_BOUND('',#2569,.T.);
#2569 = EDGE_LOOP('',(#2570,#2571,#2572,#2573,#2574,#2575,#2576,#2577,
    #2578));
#2570 = ORIENTED_EDGE('',*,*,#2494,.T.);
#2571 = ORIENTED_EDGE('',*,*,#2463,.F.);
#2572 = ORIENTED_EDGE('',*,*,#2432,.F.);
#2573 = ORIENTED_EDGE('',*,*,#2400,.F.);
#2574 = ORIENTED_EDGE('',*,*,#2368,.F.);
#2575 = ORIENTED_EDGE('',*,*,#2329,.F.);
#2576 = ORIENTED_EDGE('',*,*,#259,.F.);
#2577 = ORIENTED_EDGE('',*,*,#2532,.T.);
#2578 = ORIENTED_EDGE('',*,*,#2548,.T.);
#2579 = PLANE('',#2580);
#2580 = AXIS2_PLACEMENT_3D('',#2581,#2582,#2583);
#2581 = CARTESIAN_POINT('',(2.39,3.149999999999,-1.084202172485E-16));
#2582 = DIRECTION('',(1.,0.,0.));
#2583 = DIRECTION('',(0.,0.,1.));
#2584 = ADVANCED_FACE('',(#2585),#2596,.T.);
#2585 = FACE_BOUND('',#2586,.T.);
#2586 = EDGE_LOOP('',(#2587,#2588,#2589,#2590,#2591,#2592,#2593,#2594,
    #2595));
#2587 = ORIENTED_EDGE('',*,*,#2485,.F.);
#2588 = ORIENTED_EDGE('',*,*,#2556,.F.);
#2589 = ORIENTED_EDGE('',*,*,#2516,.F.);
#2590 = ORIENTED_EDGE('',*,*,#243,.T.);
#2591 = ORIENTED_EDGE('',*,*,#2345,.T.);
#2592 = ORIENTED_EDGE('',*,*,#2359,.T.);
#2593 = ORIENTED_EDGE('',*,*,#2390,.T.);
#2594 = ORIENTED_EDGE('',*,*,#2423,.T.);
#2595 = ORIENTED_EDGE('',*,*,#2454,.T.);
#2596 = PLANE('',#2597);
#2597 = AXIS2_PLACEMENT_3D('',#2598,#2599,#2600);
#2598 = CARTESIAN_POINT('',(2.689999999999,3.149999999999,
    -1.084202172485E-16));
#2599 = DIRECTION('',(1.,0.,0.));
#2600 = DIRECTION('',(0.,0.,1.));
#2601 = ADVANCED_FACE('',(#2602),#2608,.F.);
#2602 = FACE_BOUND('',#2603,.T.);
#2603 = EDGE_LOOP('',(#2604,#2605,#2606,#2607));
#2604 = ORIENTED_EDGE('',*,*,#704,.F.);
#2605 = ORIENTED_EDGE('',*,*,#673,.F.);
#2606 = ORIENTED_EDGE('',*,*,#635,.F.);
#2607 = ORIENTED_EDGE('',*,*,#347,.F.);
#2608 = PLANE('',#2609);
#2609 = AXIS2_PLACEMENT_3D('',#2610,#2611,#2612);
#2610 = CARTESIAN_POINT('',(-3.325,1.725,0.599999999999));
#2611 = DIRECTION('',(0.,-0.707106781187,0.707106781187));
#2612 = DIRECTION('',(-1.,0.,0.));
#2613 = ADVANCED_FACE('',(#2614),#2620,.T.);
#2614 = FACE_BOUND('',#2615,.T.);
#2615 = EDGE_LOOP('',(#2616,#2617,#2618,#2619));
#2616 = ORIENTED_EDGE('',*,*,#734,.F.);
#2617 = ORIENTED_EDGE('',*,*,#468,.T.);
#2618 = ORIENTED_EDGE('',*,*,#651,.F.);
#2619 = ORIENTED_EDGE('',*,*,#689,.F.);
#2620 = PLANE('',#2621);
#2621 = AXIS2_PLACEMENT_3D('',#2622,#2623,#2624);
#2622 = CARTESIAN_POINT('',(0.,-1.125,0.));
#2623 = DIRECTION('',(0.,-0.707106781187,-0.707106781187));
#2624 = DIRECTION('',(1.,0.,0.));
#2625 = ADVANCED_FACE('',(#2626),#2632,.T.);
#2626 = FACE_BOUND('',#2627,.T.);
#2627 = EDGE_LOOP('',(#2628,#2629,#2630,#2631));
#2628 = ORIENTED_EDGE('',*,*,#780,.F.);
#2629 = ORIENTED_EDGE('',*,*,#219,.T.);
#2630 = ORIENTED_EDGE('',*,*,#427,.F.);
#2631 = ORIENTED_EDGE('',*,*,#758,.F.);
#2632 = PLANE('',#2633);
#2633 = AXIS2_PLACEMENT_3D('',#2634,#2635,#2636);
#2634 = CARTESIAN_POINT('',(0.,1.125,0.));
#2635 = DIRECTION('',(0.,0.707106781187,-0.707106781187));
#2636 = DIRECTION('',(-1.,0.,0.));
#2637 = ADVANCED_FACE('',(#2638),#2644,.F.);
#2638 = FACE_BOUND('',#2639,.T.);
#2639 = EDGE_LOOP('',(#2640,#2641,#2642,#2643));
#2640 = ORIENTED_EDGE('',*,*,#787,.F.);
#2641 = ORIENTED_EDGE('',*,*,#765,.F.);
#2642 = ORIENTED_EDGE('',*,*,#411,.F.);
#2643 = ORIENTED_EDGE('',*,*,#596,.F.);
#2644 = PLANE('',#2645);
#2645 = AXIS2_PLACEMENT_3D('',#2646,#2647,#2648);
#2646 = CARTESIAN_POINT('',(3.325,-1.725,0.599999999999));
#2647 = DIRECTION('',(0.,0.707106781187,0.707106781187));
#2648 = DIRECTION('',(1.,0.,0.));
#2649 = ADVANCED_FACE('',(#2650),#2662,.T.);
#2650 = FACE_BOUND('',#2651,.T.);
#2651 = EDGE_LOOP('',(#2652,#2653,#2654,#2661));
#2652 = ORIENTED_EDGE('',*,*,#363,.F.);
#2653 = ORIENTED_EDGE('',*,*,#628,.F.);
#2654 = ORIENTED_EDGE('',*,*,#2655,.F.);
#2655 = EDGE_CURVE('',#147,#621,#2656,.T.);
#2656 = CIRCLE('',#2657,0.299999999999);
#2657 = AXIS2_PLACEMENT_3D('',#2658,#2659,#2660);
#2658 = CARTESIAN_POINT('',(-3.025,3.425,2.7));
#2659 = DIRECTION('',(0.,0.,1.));
#2660 = DIRECTION('',(1.,0.,0.));
#2661 = ORIENTED_EDGE('',*,*,#187,.F.);
#2662 = CYLINDRICAL_SURFACE('',#2663,0.299999999999);
#2663 = AXIS2_PLACEMENT_3D('',#2664,#2665,#2666);
#2664 = CARTESIAN_POINT('',(-3.025,3.425,3.));
#2665 = DIRECTION('',(0.,0.,-1.));
#2666 = DIRECTION('',(-1.,0.,0.));
#2667 = ADVANCED_FACE('',(#2668),#2680,.T.);
#2668 = FACE_BOUND('',#2669,.T.);
#2669 = EDGE_LOOP('',(#2670,#2671,#2672,#2679));
#2670 = ORIENTED_EDGE('',*,*,#202,.F.);
#2671 = ORIENTED_EDGE('',*,*,#171,.F.);
#2672 = ORIENTED_EDGE('',*,*,#2673,.F.);
#2673 = EDGE_CURVE('',#380,#138,#2674,.T.);
#2674 = CIRCLE('',#2675,0.299999999999);
#2675 = AXIS2_PLACEMENT_3D('',#2676,#2677,#2678);
#2676 = CARTESIAN_POINT('',(3.024999999999,3.425,2.7));
#2677 = DIRECTION('',(0.,0.,1.));
#2678 = DIRECTION('',(1.,0.,0.));
#2679 = ORIENTED_EDGE('',*,*,#379,.F.);
#2680 = CYLINDRICAL_SURFACE('',#2681,0.299999999999);
#2681 = AXIS2_PLACEMENT_3D('',#2682,#2683,#2684);
#2682 = CARTESIAN_POINT('',(3.024999999999,3.425,3.));
#2683 = DIRECTION('',(0.,0.,-1.));
#2684 = DIRECTION('',(-1.,0.,0.));
#2685 = ADVANCED_FACE('',(#2686),#2697,.T.);
#2686 = FACE_BOUND('',#2687,.T.);
#2687 = EDGE_LOOP('',(#2688,#2689,#2690));
#2688 = ORIENTED_EDGE('',*,*,#154,.T.);
#2689 = ORIENTED_EDGE('',*,*,#2655,.T.);
#2690 = ORIENTED_EDGE('',*,*,#2691,.F.);
#2691 = EDGE_CURVE('',#84,#621,#2692,.T.);
#2692 = CIRCLE('',#2693,0.299999999999);
#2693 = AXIS2_PLACEMENT_3D('',#2694,#2695,#2696);
#2694 = CARTESIAN_POINT('',(-3.025,3.425,2.7));
#2695 = DIRECTION('',(0.,-1.,0.));
#2696 = DIRECTION('',(0.,0.,1.));
#2697 = SPHERICAL_SURFACE('',#2698,0.299999999999);
#2698 = AXIS2_PLACEMENT_3D('',#2699,#2700,#2701);
#2699 = CARTESIAN_POINT('',(-3.025,3.425,2.7));
#2700 = DIRECTION('',(0.,1.,0.));
#2701 = DIRECTION('',(1.,0.,0.));
#2702 = ADVANCED_FACE('',(#2703),#2714,.T.);
#2703 = FACE_BOUND('',#2704,.T.);
#2704 = EDGE_LOOP('',(#2705,#2706,#2707));
#2705 = ORIENTED_EDGE('',*,*,#2673,.T.);
#2706 = ORIENTED_EDGE('',*,*,#137,.T.);
#2707 = ORIENTED_EDGE('',*,*,#2708,.F.);
#2708 = EDGE_CURVE('',#380,#102,#2709,.T.);
#2709 = CIRCLE('',#2710,0.299999999999);
#2710 = AXIS2_PLACEMENT_3D('',#2711,#2712,#2713);
#2711 = CARTESIAN_POINT('',(3.024999999999,3.425,2.7));
#2712 = DIRECTION('',(0.,-1.,0.));
#2713 = DIRECTION('',(0.,0.,1.));
#2714 = SPHERICAL_SURFACE('',#2715,0.299999999999);
#2715 = AXIS2_PLACEMENT_3D('',#2716,#2717,#2718);
#2716 = CARTESIAN_POINT('',(3.024999999999,3.425,2.7));
#2717 = DIRECTION('',(0.,1.,0.));
#2718 = DIRECTION('',(1.,0.,0.));
#2719 = ADVANCED_FACE('',(#2720),#2732,.T.);
#2720 = FACE_BOUND('',#2721,.T.);
#2721 = EDGE_LOOP('',(#2722,#2723,#2724,#2731));
#2722 = ORIENTED_EDGE('',*,*,#451,.F.);
#2723 = ORIENTED_EDGE('',*,*,#834,.F.);
#2724 = ORIENTED_EDGE('',*,*,#2725,.F.);
#2725 = EDGE_CURVE('',#619,#827,#2726,.T.);
#2726 = CIRCLE('',#2727,0.299999999999);
#2727 = AXIS2_PLACEMENT_3D('',#2728,#2729,#2730);
#2728 = CARTESIAN_POINT('',(-3.024999999999,-3.424999999999,2.7));
#2729 = DIRECTION('',(0.,0.,1.));
#2730 = DIRECTION('',(1.,0.,0.));
#2731 = ORIENTED_EDGE('',*,*,#658,.F.);
#2732 = CYLINDRICAL_SURFACE('',#2733,0.299999999999);
#2733 = AXIS2_PLACEMENT_3D('',#2734,#2735,#2736);
#2734 = CARTESIAN_POINT('',(-3.024999999999,-3.424999999999,3.));
#2735 = DIRECTION('',(0.,0.,-1.));
#2736 = DIRECTION('',(-1.,0.,0.));
#2737 = ADVANCED_FACE('',(#2738),#2750,.T.);
#2738 = FACE_BOUND('',#2739,.T.);
#2739 = EDGE_LOOP('',(#2740,#2741,#2742,#2749));
#2740 = ORIENTED_EDGE('',*,*,#2691,.T.);
#2741 = ORIENTED_EDGE('',*,*,#618,.F.);
#2742 = ORIENTED_EDGE('',*,*,#2743,.F.);
#2743 = EDGE_CURVE('',#86,#619,#2744,.T.);
#2744 = CIRCLE('',#2745,0.299999999999);
#2745 = AXIS2_PLACEMENT_3D('',#2746,#2747,#2748);
#2746 = CARTESIAN_POINT('',(-3.024999999999,-3.424999999999,2.7));
#2747 = DIRECTION('',(0.,-1.,0.));
#2748 = DIRECTION('',(0.,0.,-1.));
#2749 = ORIENTED_EDGE('',*,*,#83,.F.);
#2750 = CYLINDRICAL_SURFACE('',#2751,0.299999999999);
#2751 = AXIS2_PLACEMENT_3D('',#2752,#2753,#2754);
#2752 = CARTESIAN_POINT('',(-3.025,-3.521837929416E-16,2.7));
#2753 = DIRECTION('',(-1.164243943608E-16,1.,0.));
#2754 = DIRECTION('',(-1.,-1.164243943608E-16,0.));
#2755 = ADVANCED_FACE('',(#2756),#2768,.T.);
#2756 = FACE_BOUND('',#2757,.T.);
#2757 = EDGE_LOOP('',(#2758,#2759,#2760,#2767));
#2758 = ORIENTED_EDGE('',*,*,#2708,.T.);
#2759 = ORIENTED_EDGE('',*,*,#101,.F.);
#2760 = ORIENTED_EDGE('',*,*,#2761,.F.);
#2761 = EDGE_CURVE('',#388,#94,#2762,.T.);
#2762 = CIRCLE('',#2763,0.299999999999);
#2763 = AXIS2_PLACEMENT_3D('',#2764,#2765,#2766);
#2764 = CARTESIAN_POINT('',(3.024999999999,-3.424999999999,2.7));
#2765 = DIRECTION('',(0.,-1.,0.));
#2766 = DIRECTION('',(0.,0.,-1.));
#2767 = ORIENTED_EDGE('',*,*,#387,.F.);
#2768 = CYLINDRICAL_SURFACE('',#2769,0.299999999999);
#2769 = AXIS2_PLACEMENT_3D('',#2770,#2771,#2772);
#2770 = CARTESIAN_POINT('',(3.024999999999,0.,2.7));
#2771 = DIRECTION('',(0.,-1.,0.));
#2772 = DIRECTION('',(0.,0.,-1.));
#2773 = ADVANCED_FACE('',(#2774),#2786,.T.);
#2774 = FACE_BOUND('',#2775,.T.);
#2775 = EDGE_LOOP('',(#2776,#2777,#2778,#2785));
#2776 = ORIENTED_EDGE('',*,*,#603,.F.);
#2777 = ORIENTED_EDGE('',*,*,#395,.F.);
#2778 = ORIENTED_EDGE('',*,*,#2779,.F.);
#2779 = EDGE_CURVE('',#825,#388,#2780,.T.);
#2780 = CIRCLE('',#2781,0.299999999999);
#2781 = AXIS2_PLACEMENT_3D('',#2782,#2783,#2784);
#2782 = CARTESIAN_POINT('',(3.024999999999,-3.424999999999,2.7));
#2783 = DIRECTION('',(0.,0.,1.));
#2784 = DIRECTION('',(1.,0.,0.));
#2785 = ORIENTED_EDGE('',*,*,#841,.F.);
#2786 = CYLINDRICAL_SURFACE('',#2787,0.299999999999);
#2787 = AXIS2_PLACEMENT_3D('',#2788,#2789,#2790);
#2788 = CARTESIAN_POINT('',(3.024999999999,-3.424999999999,3.));
#2789 = DIRECTION('',(0.,0.,-1.));
#2790 = DIRECTION('',(-1.,0.,0.));
#2791 = ADVANCED_FACE('',(#2792),#2803,.T.);
#2792 = FACE_BOUND('',#2793,.T.);
#2793 = EDGE_LOOP('',(#2794,#2795,#2796));
#2794 = ORIENTED_EDGE('',*,*,#2743,.T.);
#2795 = ORIENTED_EDGE('',*,*,#2725,.T.);
#2796 = ORIENTED_EDGE('',*,*,#2797,.F.);
#2797 = EDGE_CURVE('',#86,#827,#2798,.T.);
#2798 = CIRCLE('',#2799,0.299999999999);
#2799 = AXIS2_PLACEMENT_3D('',#2800,#2801,#2802);
#2800 = CARTESIAN_POINT('',(-3.024999999999,-3.424999999999,2.7));
#2801 = DIRECTION('',(1.,0.,-0.));
#2802 = DIRECTION('',(0.,0.,1.));
#2803 = SPHERICAL_SURFACE('',#2804,0.299999999999);
#2804 = AXIS2_PLACEMENT_3D('',#2805,#2806,#2807);
#2805 = CARTESIAN_POINT('',(-3.024999999999,-3.424999999999,2.7));
#2806 = DIRECTION('',(0.,1.,0.));
#2807 = DIRECTION('',(1.,0.,0.));
#2808 = ADVANCED_FACE('',(#2809),#2820,.T.);
#2809 = FACE_BOUND('',#2810,.T.);
#2810 = EDGE_LOOP('',(#2811,#2812,#2813));
#2811 = ORIENTED_EDGE('',*,*,#2779,.T.);
#2812 = ORIENTED_EDGE('',*,*,#2761,.T.);
#2813 = ORIENTED_EDGE('',*,*,#2814,.F.);
#2814 = EDGE_CURVE('',#825,#94,#2815,.T.);
#2815 = CIRCLE('',#2816,0.299999999999);
#2816 = AXIS2_PLACEMENT_3D('',#2817,#2818,#2819);
#2817 = CARTESIAN_POINT('',(3.024999999999,-3.424999999999,2.7));
#2818 = DIRECTION('',(-1.,0.,0.));
#2819 = DIRECTION('',(0.,0.,-1.));
#2820 = SPHERICAL_SURFACE('',#2821,0.299999999999);
#2821 = AXIS2_PLACEMENT_3D('',#2822,#2823,#2824);
#2822 = CARTESIAN_POINT('',(3.024999999999,-3.424999999999,2.7));
#2823 = DIRECTION('',(0.,1.,0.));
#2824 = DIRECTION('',(1.,0.,0.));
#2825 = ADVANCED_FACE('',(#2826),#2832,.T.);
#2826 = FACE_BOUND('',#2827,.T.);
#2827 = EDGE_LOOP('',(#2828,#2829,#2830,#2831));
#2828 = ORIENTED_EDGE('',*,*,#2797,.T.);
#2829 = ORIENTED_EDGE('',*,*,#824,.F.);
#2830 = ORIENTED_EDGE('',*,*,#2814,.T.);
#2831 = ORIENTED_EDGE('',*,*,#93,.F.);
#2832 = CYLINDRICAL_SURFACE('',#2833,0.299999999999);
#2833 = AXIS2_PLACEMENT_3D('',#2834,#2835,#2836);
#2834 = CARTESIAN_POINT('',(0.,-3.424999999999,2.7));
#2835 = DIRECTION('',(-1.,0.,0.));
#2836 = DIRECTION('',(0.,0.,1.));
#2837 = ADVANCED_FACE('',(#2838),#2854,.F.);
#2838 = FACE_BOUND('',#2839,.F.);
#2839 = EDGE_LOOP('',(#2840,#2841,#2842,#2853));
#2840 = ORIENTED_EDGE('',*,*,#118,.T.);
#2841 = ORIENTED_EDGE('',*,*,#21,.F.);
#2842 = ORIENTED_EDGE('',*,*,#2843,.F.);
#2843 = EDGE_CURVE('',#45,#22,#2844,.T.);
#2844 = B_SPLINE_CURVE_WITH_KNOTS('',3,(#2845,#2846,#2847,#2848,#2849,
    #2850,#2851,#2852),.UNSPECIFIED.,.F.,.F.,(4,1,1,1,1,4),(0.5,0.6,
    0.699999999999,0.799999999999,0.9,1.),.UNSPECIFIED.);
#2845 = CARTESIAN_POINT('',(-2.709615080264,-2.423035908919,2.99));
#2846 = CARTESIAN_POINT('',(-2.709615080264,-2.358668200222,
    2.989999999999));
#2847 = CARTESIAN_POINT('',(-2.66778640755,-2.229932782829,2.99));
#2848 = CARTESIAN_POINT('',(-2.503523077246,-2.110588487572,2.99));
#2849 = CARTESIAN_POINT('',(-2.30048243478,-2.110588487572,2.99));
#2850 = CARTESIAN_POINT('',(-2.136219104477,-2.229932782829,2.99));
#2851 = CARTESIAN_POINT('',(-2.094390431763,-2.358668200222,2.99));
#2852 = CARTESIAN_POINT('',(-2.094390431763,-2.423035908919,2.99));
#2853 = ORIENTED_EDGE('',*,*,#44,.T.);
#2854 = B_SPLINE_SURFACE_WITH_KNOTS('',3,1,(
    (#2855,#2856)
    ,(#2857,#2858)
    ,(#2859,#2860)
    ,(#2861,#2862)
    ,(#2863,#2864)
    ,(#2865,#2866)
    ,(#2867,#2868)
    ,(#2869,#2870
    )),.UNSPECIFIED.,.F.,.F.,.F.,(4,1,1,1,1,4),(2,2),(0.,
    9.9999999999E-02,0.2,0.3,0.399999999999,0.499999999999),(0.,1.),
  .UNSPECIFIED.);
#2855 = CARTESIAN_POINT('',(-2.094390431763,-2.423035908919,
    2.989999999999));
#2856 = CARTESIAN_POINT('',(-2.094390431763,-2.423035908919,3.));
#2857 = CARTESIAN_POINT('',(-2.094390431763,-2.358668200222,
    2.989999999999));
#2858 = CARTESIAN_POINT('',(-2.094390431763,-2.358668200222,3.));
#2859 = CARTESIAN_POINT('',(-2.136219104477,-2.229932782829,
    2.989999999999));
#2860 = CARTESIAN_POINT('',(-2.136219104477,-2.229932782829,3.));
#2861 = CARTESIAN_POINT('',(-2.30048243478,-2.110588487572,
    2.989999999999));
#2862 = CARTESIAN_POINT('',(-2.30048243478,-2.110588487572,3.));
#2863 = CARTESIAN_POINT('',(-2.503523077246,-2.110588487572,
    2.989999999999));
#2864 = CARTESIAN_POINT('',(-2.503523077246,-2.110588487572,3.));
#2865 = CARTESIAN_POINT('',(-2.66778640755,-2.229932782829,2.99));
#2866 = CARTESIAN_POINT('',(-2.66778640755,-2.229932782829,3.));
#2867 = CARTESIAN_POINT('',(-2.709615080264,-2.358668200222,
    2.989999999999));
#2868 = CARTESIAN_POINT('',(-2.709615080264,-2.358668200222,3.));
#2869 = CARTESIAN_POINT('',(-2.709615080264,-2.423035908919,
    2.989999999999));
#2870 = CARTESIAN_POINT('',(-2.709615080264,-2.423035908919,3.));
#2871 = ADVANCED_FACE('',(#2872),#2876,.T.);
#2872 = FACE_BOUND('',#2873,.T.);
#2873 = EDGE_LOOP('',(#2874,#2875));
#2874 = ORIENTED_EDGE('',*,*,#52,.F.);
#2875 = ORIENTED_EDGE('',*,*,#2843,.F.);
#2876 = PLANE('',#2877);
#2877 = AXIS2_PLACEMENT_3D('',#2878,#2879,#2880);
#2878 = CARTESIAN_POINT('',(0.,0.,2.99));
#2879 = DIRECTION('',(0.,0.,1.));
#2880 = DIRECTION('',(1.,0.,0.));
#2881 = ( GEOMETRIC_REPRESENTATION_CONTEXT(3) 
GLOBAL_UNCERTAINTY_ASSIGNED_CONTEXT((#2885)) 
GLOBAL_UNIT_ASSIGNED_CONTEXT((#2882,#2883,#2884)) REPRESENTATION_CONTEXT
('Context #1','3D Context with UNIT and UNCERTAINTY') );
#2882 = ( LENGTH_UNIT() NAMED_UNIT(*) SI_UNIT(.MILLI.,.METRE.) );
#2883 = ( NAMED_UNIT(*) PLANE_ANGLE_UNIT() SI_UNIT($,.RADIAN.) );
#2884 = ( NAMED_UNIT(*) SI_UNIT($,.STERADIAN.) SOLID_ANGLE_UNIT() );
#2885 = UNCERTAINTY_MEASURE_WITH_UNIT(LENGTH_MEASURE(1.E-07),#2882,
  'distance_accuracy_value','confusion accuracy');
#2886 = PRODUCT_RELATED_PRODUCT_CATEGORY('part',$,(#7));
#2887 = MECHANICAL_DESIGN_GEOMETRIC_PRESENTATION_REPRESENTATION('',(
    #2888),#2881);
#2888 = STYLED_ITEM('color',(#2889),#15);
#2889 = PRESENTATION_STYLE_ASSIGNMENT((#2890,#2896));
#2890 = SURFACE_STYLE_USAGE(.BOTH.,#2891);
#2891 = SURFACE_SIDE_STYLE('',(#2892));
#2892 = SURFACE_STYLE_FILL_AREA(#2893);
#2893 = FILL_AREA_STYLE('',(#2894));
#2894 = FILL_AREA_STYLE_COLOUR('',#2895);
#2895 = COLOUR_RGB('',0.439215698892,0.439215698892,0.439215698892);
#2896 = CURVE_STYLE('',#2897,POSITIVE_LENGTH_MEASURE(0.1),#2898);
#2897 = DRAUGHTING_PRE_DEFINED_CURVE_FONT('continuous');
#2898 = COLOUR_RGB('',9.803921802644E-02,9.803921802644E-02,
  9.803921802644E-02);
ENDSEC;
END-ISO-10303-21;
