ISO-10303-21;
HEADER;
FILE_DESCRIPTION (( 'STEP AP203' ),
    '1' );
FILE_NAME ('20449-001E+20611-001RC MATING STEP R5R2 ALL.STEP',
    '2018-04-26T01:48:54',
    ( '' ),
    ( '' ),
    'SwSTEP 2.0',
    'SolidWorks 2017',
    '' );
FILE_SCHEMA (( 'CONFIG_CONTROL_DESIGN' ));
ENDSEC;

DATA;
#1 = DIRECTION ( 'NONE',  ( -1.000000000000000000, 0.0000000000000000000, 0.0000000000000000000 ) ) ;
#2 = DIRECTION ( 'NONE',  ( 5.551115123125782700E-017, 1.000000000000000000, -5.551115123125782700E-017 ) ) ;
#3 = CARTESIAN_POINT ( 'NONE',  ( -0.1449999999999999300, 0.7888417395787664700, -2.400000000000000800 ) ) ;
#4 = DIRECTION ( 'NONE',  ( -1.000000000000000000, -6.162975822039154700E-033, -5.551115123125782700E-017 ) ) ;
#5 = DIRECTION ( 'NONE',  ( -5.551115123125782700E-017, -5.551115123125782700E-017, -1.000000000000000000 ) ) ;
#6 = EDGE_LOOP ( 'NONE', ( #3090, #1438, #5462, #5731 ) ) ;
#7 = CARTESIAN_POINT ( 'NONE',  ( -0.3949999999999998500, 1.039999999999999600, -2.700000000000000200 ) ) ;
#8 = CARTESIAN_POINT ( 'NONE',  ( -0.7984051028443502900, 0.4254158134391650700, 0.3454893472116284900 ) ) ;
#9 = ADVANCED_FACE ( 'NONE', ( #2727 ), #4907, .T. ) ;
#10 = ADVANCED_FACE ( 'NONE', ( #2763 ), #2563, .T. ) ;
#11 = AXIS2_PLACEMENT_3D ( 'NONE', #4453, #1142, #5011 ) ;
#12 = EDGE_LOOP ( 'NONE', ( #3008, #757, #2983, #2088 ) ) ;
#13 = LINE ( 'NONE', #892, #5909 ) ;
#14 = CARTESIAN_POINT ( 'NONE',  ( -0.1449999999999999300, 0.7888417395787665800, -2.360000000000000800 ) ) ;
#15 = DIRECTION ( 'NONE',  ( 1.000000000000000000, 0.0000000000000000000, -5.551115123125782700E-017 ) ) ;
#16 = EDGE_LOOP ( 'NONE', ( #4345, #5348, #5519, #3166 ) ) ;
#18 = ORIENTED_EDGE ( 'NONE', *, *, #702, .F. ) ;
#17 = VECTOR ( 'NONE', #2574, 1000.000000000000000 ) ;
#19 = ORIENTED_EDGE ( 'NONE', *, *, #3112, .T. ) ;
#20 = DIRECTION ( 'NONE',  ( 0.0000000000000000000, 1.000000000000000000, 5.551115123125782700E-017 ) ) ;
#21 = DIRECTION ( 'NONE',  ( 5.551115123125782700E-017, -5.551115123125782700E-017, -1.000000000000000000 ) ) ;
#22 = CARTESIAN_POINT ( 'NONE',  ( 0.5650000000000002800, 0.7888417395787665800, -2.549999999999998900 ) ) ;
#23 = ORIENTED_EDGE ( 'NONE', *, *, #2501, .T. ) ;
#24 = VECTOR ( 'NONE', #753, 1000.000000000000000 ) ;
#25 = FACE_OUTER_BOUND ( 'NONE', #5808, .T. ) ;
#26 = DIRECTION ( 'NONE',  ( -5.551115123125782700E-017, 5.551115123125782700E-017, 1.000000000000000000 ) ) ;
#27 = VERTEX_POINT ( 'NONE', #6237 ) ;
#28 = DIRECTION ( 'NONE',  ( -5.551115123125782700E-017, 5.551115123125782700E-017, 1.000000000000000000 ) ) ;
#29 = CARTESIAN_POINT ( 'NONE',  ( -0.6300000000000001200, 1.089583694396574200, -0.9500000000000002900 ) ) ;
#30 = EDGE_CURVE ( 'NONE', #3912, #7181, #1250, .T. ) ;
#31 = EDGE_CURVE ( 'NONE', #6182, #2893, #4007, .T. ) ;
#32 = PLANE ( 'NONE',  #1696 ) ;
#33 = EDGE_CURVE ( 'NONE', #3379, #1845, #6954, .T. ) ;
#34 = ORIENTED_EDGE ( 'NONE', *, *, #4621, .T. ) ;
#35 = VERTEX_POINT ( 'NONE', #6929 ) ;
#36 = VECTOR ( 'NONE', #5563, 1000.000000000000000 ) ;
#37 = ORIENTED_EDGE ( 'NONE', *, *, #2802, .T. ) ;
#38 = ORIENTED_EDGE ( 'NONE', *, *, #314, .T. ) ;
#39 = DIRECTION ( 'NONE',  ( -5.551115123125782700E-017, 5.551115123125782700E-017, 1.000000000000000000 ) ) ;
#40 = ORIENTED_EDGE ( 'NONE', *, *, #2419, .T. ) ;
#41 = CIRCLE ( 'NONE', #5100, 0.07999999999999998800 ) ;
#42 = EDGE_CURVE ( 'NONE', #2238, #2374, #5482, .T. ) ;
#43 = ADVANCED_FACE ( 'NONE', ( #5323 ), #6804, .F. ) ;
#44 = ADVANCED_FACE ( 'NONE', ( #3834 ), #6066, .F. ) ;
#45 = CARTESIAN_POINT ( 'NONE',  ( -0.9700000000000000800, 0.1199999999999999800, -0.6999999999999998400 ) ) ;
#46 = DIRECTION ( 'NONE',  ( -2.720046410331633500E-015, 0.0000000000000000000, -1.000000000000000000 ) ) ;
#47 = ORIENTED_EDGE ( 'NONE', *, *, #6100, .T. ) ;
#48 = LINE ( 'NONE', #4543, #1366 ) ;
#49 = CARTESIAN_POINT ( 'NONE',  ( -0.6235355654234187000, 0.4599999999999999100, 0.2445283727085891800 ) ) ;
#50 = CARTESIAN_POINT ( 'NONE',  ( -0.4950000000000000000, 0.8599999999999998800, -1.950000000000000400 ) ) ;
#51 = ORIENTED_EDGE ( 'NONE', *, *, #216, .T. ) ;
#52 = CARTESIAN_POINT ( 'NONE',  ( -0.7387712897465943400, 0.9899999999999999900, 0.4567268055841937100 ) ) ;
#53 = AXIS2_PLACEMENT_3D ( 'NONE', #5673, #184, #4585 ) ;
#54 = DIRECTION ( 'NONE',  ( -5.551115123125782700E-017, -5.551115123125782700E-017, -1.000000000000000000 ) ) ;
#55 = CARTESIAN_POINT ( 'NONE',  ( -0.05999999999999879700, 0.3356217782649113000, -2.200000000000001100 ) ) ;
#56 = VECTOR ( 'NONE', #6578, 1000.000000000000000 ) ;
#57 = CARTESIAN_POINT ( 'NONE',  ( 0.02999999999999997100, 0.3049999999999998300, -0.9500000000000002900 ) ) ;
#58 = VERTEX_POINT ( 'NONE', #5824 ) ;
#59 = ORIENTED_EDGE ( 'NONE', *, *, #5369, .T. ) ;
#60 = LINE ( 'NONE', #3771, #7072 ) ;
#61 = LINE ( 'NONE', #6618, #4310 ) ;
#62 = EDGE_CURVE ( 'NONE', #2482, #3656, #6772, .T. ) ;
#63 = CARTESIAN_POINT ( 'NONE',  ( -0.4700000000000003600, 1.159999999999999900, -1.950000000000000600 ) ) ;
#64 = VECTOR ( 'NONE', #5837, 1000.000000000000200 ) ;
#65 = DIRECTION ( 'NONE',  ( -5.551115123125782700E-017, 5.551115123125782700E-017, 1.000000000000000000 ) ) ;
#66 = CARTESIAN_POINT ( 'NONE',  ( -0.5649999999999985000, 0.7888417395787666900, -2.289999999999998300 ) ) ;
#67 = AXIS2_PLACEMENT_3D ( 'NONE', #1166, #5577, #2269 ) ;
#68 = DATE_AND_TIME ( #1555, #3020 ) ;
#69 = VERTEX_POINT ( 'NONE', #5964 ) ;
#70 = VECTOR ( 'NONE', #767, 1000.000000000000000 ) ;
#71 = DIRECTION ( 'NONE',  ( -3.025117668765359500E-019, 1.000000000000000000, 0.0000000000000000000 ) ) ;
#72 = CARTESIAN_POINT ( 'NONE',  ( 0.2400000000000000700, 0.6349999999999999000, -0.9500000000000002900 ) ) ;
#73 = DIRECTION ( 'NONE',  ( -1.000000000000000000, 0.0000000000000000000, -5.551115123125782700E-017 ) ) ;
#74 = EDGE_CURVE ( 'NONE', #4015, #6313, #901, .T. ) ;
#75 = VECTOR ( 'NONE', #1550, 1000.000000000000100 ) ;
#76 = EDGE_CURVE ( 'NONE', #4338, #5650, #3672, .T. ) ;
#77 = VERTEX_POINT ( 'NONE', #5452 ) ;
#78 = PLANE ( 'NONE',  #2239 ) ;
#79 = CARTESIAN_POINT ( 'NONE',  ( 0.1000000000000000100, 0.1200000000000000000, -1.000000000000000000 ) ) ;
#80 = DIRECTION ( 'NONE',  ( 1.000000000000000000, 6.162975822039154700E-033, 5.551115123125782700E-017 ) ) ;
#81 = CARTESIAN_POINT ( 'NONE',  ( -0.6400000000000004600, 1.084202172485504400E-016, -1.950000000000000400 ) ) ;
#82 = ADVANCED_FACE ( 'NONE', ( #4964 ), #5358, .T. ) ;
#83 = AXIS2_PLACEMENT_3D ( 'NONE', #3167, #7026, #3715 ) ;
#84 = ORIENTED_EDGE ( 'NONE', *, *, #5587, .F. ) ;
#85 = ADVANCED_FACE ( 'NONE', ( #6437 ), #5753, .F. ) ;
#86 = ORIENTED_EDGE ( 'NONE', *, *, #3050, .F. ) ;
#87 = EDGE_CURVE ( 'NONE', #3703, #969, #721, .T. ) ;
#88 = CARTESIAN_POINT ( 'NONE',  ( -0.5649999999999990600, 0.7888417395787664700, -2.099999999999998800 ) ) ;
#89 = ORIENTED_EDGE ( 'NONE', *, *, #5172, .F. ) ;
#90 = DIRECTION ( 'NONE',  ( 0.4472135954999679800, 0.0000000000000000000, 0.8944271909999108600 ) ) ;
#91 = CARTESIAN_POINT ( 'NONE',  ( 0.3549999999999983200, 0.4251110699893032600, -2.209999999999998200 ) ) ;
#92 = ORIENTED_EDGE ( 'NONE', *, *, #2266, .T. ) ;
#93 = FACE_OUTER_BOUND ( 'NONE', #6355, .T. ) ;
#94 = DIRECTION ( 'NONE',  ( -0.9612616959383186700, -2.775557561562890700E-017, 0.2756373558169998800 ) ) ;
#95 = CARTESIAN_POINT ( 'NONE',  ( 0.6400000000000001200, 0.9900000000000002100, -0.9500000000000002900 ) ) ;
#96 = DIRECTION ( 'NONE',  ( 3.025117668765123600E-019, -1.000000000000000000, 6.756096126909301100E-018 ) ) ;
#97 = FACE_OUTER_BOUND ( 'NONE', #6580, .T. ) ;
#98 = EDGE_CURVE ( 'NONE', #3031, #2953, #2366, .T. ) ;
#99 = AXIS2_PLACEMENT_3D ( 'NONE', #364, #311, #215 ) ;
#100 = AXIS2_PLACEMENT_3D ( 'NONE', #4462, #1161, #5022 ) ;
#101 = DIRECTION ( 'NONE',  ( 1.394333594823066400E-015, 0.0000000000000000000, 1.000000000000000000 ) ) ;
#102 = CARTESIAN_POINT ( 'NONE',  ( -0.1531543624161073300, 0.2187919463087248100, -0.9500000000000002900 ) ) ;
#103 = ORIENTED_EDGE ( 'NONE', *, *, #4301, .F. ) ;
#104 = VECTOR ( 'NONE', #5270, 1000.000000000000000 ) ;
#105 = LINE ( 'NONE', #4791, #288 ) ;
#106 = PLANE ( 'NONE',  #4205 ) ;
#107 = ORIENTED_EDGE ( 'NONE', *, *, #4814, .F. ) ;
#108 = ADVANCED_FACE ( 'NONE', ( #6256 ), #2532, .F. ) ;
#109 = ORIENTED_EDGE ( 'NONE', *, *, #2133, .F. ) ;
#110 = ADVANCED_FACE ( 'NONE', ( #2039 ), #4371, .T. ) ;
#111 = ORIENTED_EDGE ( 'NONE', *, *, #6983, .F. ) ;
#112 = DIRECTION ( 'NONE',  ( -1.000000000000000000, 0.0000000000000000000, -2.720046410331633500E-015 ) ) ;
#113 = ORIENTED_EDGE ( 'NONE', *, *, #2601, .F. ) ;
#114 = CARTESIAN_POINT ( 'NONE',  ( 0.4945836943965728500, 1.159999999999999700, -2.099999999999998800 ) ) ;
#115 = FACE_OUTER_BOUND ( 'NONE', #477, .T. ) ;
#116 = VERTEX_POINT ( 'NONE', #4327 ) ;
#117 = CARTESIAN_POINT ( 'NONE',  ( 0.7387712897465943400, 0.9899999999999999900, 0.4567268055841937100 ) ) ;
#118 = CARTESIAN_POINT ( 'NONE',  ( -0.3349999999999986900, 0.4597520861406807500, -2.249999999999998200 ) ) ;
#119 = EDGE_LOOP ( 'NONE', ( #6613, #6086, #7058, #2090 ) ) ;
#120 = ORIENTED_EDGE ( 'NONE', *, *, #6834, .T. ) ;
#121 = FACE_OUTER_BOUND ( 'NONE', #5017, .T. ) ;
#122 = CARTESIAN_POINT ( 'NONE',  ( -0.4949999999999995500, 1.039999999999999800, -0.7658818446731851000 ) ) ;
#123 = AXIS2_PLACEMENT_3D ( 'NONE', #4952, #5098, #5243 ) ;
#124 = CARTESIAN_POINT ( 'NONE',  ( 1.000000000000004400, -1.355252715606880100E-017, -0.6699999999999930500 ) ) ;
#125 = EDGE_CURVE ( 'NONE', #6916, #7038, #543, .T. ) ;
#126 = ORIENTED_EDGE ( 'NONE', *, *, #6706, .T. ) ;
#127 = ORIENTED_EDGE ( 'NONE', *, *, #5279, .T. ) ;
#128 = LINE ( 'NONE', #4808, #2902 ) ;
#129 = ORIENTED_EDGE ( 'NONE', *, *, #2692, .T. ) ;
#130 = CARTESIAN_POINT ( 'NONE',  ( 0.5649999999999986100, 0.8599999999999998800, -2.360000000000000300 ) ) ;
#131 = EDGE_CURVE ( 'NONE', #826, #6766, #1846, .T. ) ;
#132 = VECTOR ( 'NONE', #768, 1000.000000000000000 ) ;
#133 = ORIENTED_EDGE ( 'NONE', *, *, #2110, .F. ) ;
#134 = VECTOR ( 'NONE', #5070, 1000.000000000000000 ) ;
#135 = LINE ( 'NONE', #6828, #322 ) ;
#136 = CARTESIAN_POINT ( 'NONE',  ( 0.7027620297511608700, 0.3130993166684551400, 0.2902697932151527800 ) ) ;
#137 = PLANE ( 'NONE',  #4003 ) ;
#138 = VECTOR ( 'NONE', #6918, 1000.000000000000000 ) ;
#139 = CARTESIAN_POINT ( 'NONE',  ( -0.4600000000000003500, 0.9899999999999999900, -0.9500000000000002900 ) ) ;
#140 = VERTEX_POINT ( 'NONE', #2194 ) ;
#141 = CYLINDRICAL_SURFACE ( 'NONE', #6594, 0.5199999999999998000 ) ;
#142 = LINE ( 'NONE', #4144, #5874 ) ;
#143 = AXIS2_PLACEMENT_3D ( 'NONE', #4493, #2879, #6744 ) ;
#144 = CARTESIAN_POINT ( 'NONE',  ( 0.7990799234564897000, 0.3699999999999941700, 0.3458789550737019800 ) ) ;
#145 = CARTESIAN_POINT ( 'NONE',  ( 0.8799999999999998900, 1.159999999999999900, -0.5500000000000010400 ) ) ;
#146 = CARTESIAN_POINT ( 'NONE',  ( -0.8352809876858333600, 0.3506307787036601600, 0.3667796492514640000 ) ) ;
#147 = ADVANCED_FACE ( 'NONE', ( #385 ), #6473, .F. ) ;
#148 = ADVANCED_FACE ( 'NONE', ( #3309 ), #5711, .T. ) ;
#149 = ORIENTED_EDGE ( 'NONE', *, *, #314, .F. ) ;
#150 = VECTOR ( 'NONE', #4541, 1000.000000000000000 ) ;
#151 = CARTESIAN_POINT ( 'NONE',  ( 0.3949999999999998000, 1.159999999999999900, -2.700000000000000200 ) ) ;
#152 = LINE ( 'NONE', #678, #7170 ) ;
#153 = CARTESIAN_POINT ( 'NONE',  ( 1.355252715606868500E-017, 0.6400000000000003500, -2.450000000000000600 ) ) ;
#154 = CARTESIAN_POINT ( 'NONE',  ( 0.1000000000000001600, 0.3222388905109489500, -0.7433034373606367500 ) ) ;
#155 = ORIENTED_EDGE ( 'NONE', *, *, #2110, .T. ) ;
#156 = CARTESIAN_POINT ( 'NONE',  ( -0.08745823267965098500, 0.4012131986250501700, -2.143424762776329200 ) ) ;
#157 = AXIS2_PLACEMENT_3D ( 'NONE', #6418, #904, #4782 ) ;
#158 = AXIS2_PLACEMENT_3D ( 'NONE', #923, #4799, #1501 ) ;
#159 = VECTOR ( 'NONE', #4498, 1000.000000000000000 ) ;
#160 = ORIENTED_EDGE ( 'NONE', *, *, #6640, .T. ) ;
#161 = CARTESIAN_POINT ( 'NONE',  ( 0.1000000000000001600, 0.4599999999999999100, -0.6622618261740695900 ) ) ;
#162 = ORIENTED_EDGE ( 'NONE', *, *, #5063, .T. ) ;
#163 = VECTOR ( 'NONE', #2215, 1000.000000000000000 ) ;
#164 = PLANE ( 'NONE',  #3774 ) ;
#165 = EDGE_LOOP ( 'NONE', ( #6428, #2192, #3676, #5048 ) ) ;
#166 = CARTESIAN_POINT ( 'NONE',  ( 0.1000000000000001600, -1.248212845100619400E-035, -0.7433034373659253000 ) ) ;
#167 = CARTESIAN_POINT ( 'NONE',  ( -0.7840590700136781400, 0.3944509765588026800, 0.3372066612950369000 ) ) ;
#168 = EDGE_CURVE ( 'NONE', #2096, #5335, #4613, .T. ) ;
#169 = EDGE_CURVE ( 'NONE', #3634, #5451, #3156, .T. ) ;
#170 = DIRECTION ( 'NONE',  ( 3.025117668765359500E-019, -1.000000000000000000, -0.0000000000000000000 ) ) ;
#171 = EDGE_LOOP ( 'NONE', ( #18, #5756, #1810, #6512, #2673, #1635, #6939, #3205 ) ) ;
#172 = EDGE_CURVE ( 'NONE', #2811, #3570, #4803, .T. ) ;
#173 = VERTEX_POINT ( 'NONE', #3049 ) ;
#174 = DIRECTION ( 'NONE',  ( 0.0000000000000000000, -1.000000000000000000, -5.551115123125782700E-017 ) ) ;
#175 = CARTESIAN_POINT ( 'NONE',  ( 0.6990799234564902800, 0.3699999999999939400, 0.5190840358305906000 ) ) ;
#176 = ORIENTED_EDGE ( 'NONE', *, *, #3739, .F. ) ;
#177 = DIRECTION ( 'NONE',  ( -7.058607893785836700E-018, 1.000000000000000000, 0.0000000000000000000 ) ) ;
#178 = AXIS2_PLACEMENT_3D ( 'NONE', #3806, #7099, #496 ) ;
#179 = EDGE_CURVE ( 'NONE', #1879, #5041, #5924, .T. ) ;
#180 = EDGE_LOOP ( 'NONE', ( #2698, #3316, #2136, #3623, #1442, #2696, #5265 ) ) ;
#181 = FACE_OUTER_BOUND ( 'NONE', #1912, .T. ) ;
#182 = CARTESIAN_POINT ( 'NONE',  ( -0.1789539859937391600, 0.3252313467902013300, -2.361524629389749800 ) ) ;
#183 = CARTESIAN_POINT ( 'NONE',  ( -0.7839771384619768100, 0.3971892336107952800, 0.3371593580916070200 ) ) ;
#184 = DIRECTION ( 'NONE',  ( 5.551115123125782700E-017, -5.551115123125782700E-017, -1.000000000000000000 ) ) ;
#185 = VERTEX_POINT ( 'NONE', #3223 ) ;
#186 = TOROIDAL_SURFACE ( 'NONE', #6554, 0.7723734878540988700, 0.1200000000000000200 ) ;
#187 = CARTESIAN_POINT ( 'NONE',  ( 1.050000000000000000, 0.9899999999999999900, 0.5499999999999997100 ) ) ;
#188 = ADVANCED_FACE ( 'NONE', ( #1676 ), #4275, .T. ) ;
#189 = DIRECTION ( 'NONE',  ( 0.7071067811865474600, 0.0000000000000000000, 0.7071067811865475700 ) ) ;
#190 = AXIS2_PLACEMENT_3D ( 'NONE', #5861, #3109, #4778 ) ;
#191 = CARTESIAN_POINT ( 'NONE',  ( 0.5100000000000004500, 0.8599999999999998800, -0.9500000000000002900 ) ) ;
#192 = DIRECTION ( 'NONE',  ( 1.000000000000000000, -6.453584360032764700E-018, 6.828076653045480500E-015 ) ) ;
#193 = ORIENTED_EDGE ( 'NONE', *, *, #5292, .T. ) ;
#195 = VERTEX_POINT ( 'NONE', #784 ) ;
#194 = FACE_OUTER_BOUND ( 'NONE', #1735, .T. ) ;
#196 = CARTESIAN_POINT ( 'NONE',  ( -0.7387712897465943400, 0.9899999999999999900, 0.5871526029238067800 ) ) ;
#197 = ORIENTED_EDGE ( 'NONE', *, *, #6517, .F. ) ;
#198 = CARTESIAN_POINT ( 'NONE',  ( -0.5649999999999985000, 0.8599999999999996500, -2.209999999999998200 ) ) ;
#199 = EDGE_CURVE ( 'NONE', #3183, #3765, #2978, .T. ) ;
#200 = DIRECTION ( 'NONE',  ( 0.0000000000000000000, 1.000000000000000000, 5.551115123125782700E-017 ) ) ;
#201 = CARTESIAN_POINT ( 'NONE',  ( -0.1816025403784417300, 0.3250000000000009500, -2.440000000000000400 ) ) ;
#202 = ORIENTED_EDGE ( 'NONE', *, *, #3549, .T. ) ;
#203 = VECTOR ( 'NONE', #2975, 1000.000000000000100 ) ;
#204 = DIRECTION ( 'NONE',  ( 1.000000000000000000, 3.025117668765359500E-019, 0.0000000000000000000 ) ) ;
#205 = FACE_OUTER_BOUND ( 'NONE', #3120, .T. ) ;
#206 = EDGE_CURVE ( 'NONE', #682, #605, #1520, .T. ) ;
#207 = AXIS2_PLACEMENT_3D ( 'NONE', #2004, #4198, #4623 ) ;
#208 = AXIS2_PLACEMENT_3D ( 'NONE', #1106, #1663, #5525 ) ;
#209 = ORIENTED_EDGE ( 'NONE', *, *, #3294, .F. ) ;
#210 = ORIENTED_EDGE ( 'NONE', *, *, #3175, .T. ) ;
#211 = CARTESIAN_POINT ( 'NONE',  ( -0.6843078213669359100, 0.3924343598051425700, 0.5105553587126890900 ) ) ;
#212 = ORIENTED_EDGE ( 'NONE', *, *, #1890, .F. ) ;
#213 = LINE ( 'NONE', #3893, #36 ) ;
#214 = ORIENTED_EDGE ( 'NONE', *, *, #6270, .T. ) ;
#215 = DIRECTION ( 'NONE',  ( -1.000000000000000000, 0.0000000000000000000, 5.551115123125782700E-017 ) ) ;
#216 = EDGE_CURVE ( 'NONE', #1486, #5926, #1341, .T. ) ;
#217 = EDGE_CURVE ( 'NONE', #3888, #6686, #7043, .T. ) ;
#218 = CARTESIAN_POINT ( 'NONE',  ( 0.2500000000000000000, -1.355252715606880500E-017, 0.9300000000000000500 ) ) ;
#219 = DIRECTION ( 'NONE',  ( -1.000000000000000000, 0.0000000000000000000, 0.0000000000000000000 ) ) ;
#220 = ORIENTED_EDGE ( 'NONE', *, *, #3358, .F. ) ;
#221 = ORIENTED_EDGE ( 'NONE', *, *, #4935, .F. ) ;
#222 = LINE ( 'NONE', #3328, #1361 ) ;
#223 = CARTESIAN_POINT ( 'NONE',  ( 0.2839584187458735200, 1.159999999999999500, -2.450000000000000200 ) ) ;
#224 = PLANE ( 'NONE',  #4422 ) ;
#225 = DIRECTION ( 'NONE',  ( 5.551115123125782700E-017, -5.551115123125782700E-017, -1.000000000000000000 ) ) ;
#226 = CARTESIAN_POINT ( 'NONE',  ( 0.0000000000000000000, 0.4195329181894489900, -4.336808689942017700E-016 ) ) ;
#227 = DIRECTION ( 'NONE',  ( 5.551115123125782700E-017, -5.551115123125782700E-017, -1.000000000000000000 ) ) ;
#228 = CARTESIAN_POINT ( 'NONE',  ( -0.7138620337916566900, 0.4600000000000001300, 0.5276184912117892800 ) ) ;
#229 = DIRECTION ( 'NONE',  ( 2.060779557754404700E-016, 0.0000000000000000000, 1.000000000000000000 ) ) ;
#230 = DATE_TIME_ROLE ( 'creation_date' ) ;
#231 = CARTESIAN_POINT ( 'NONE',  ( -0.5649999999999986100, 0.8599999999999996500, -2.289999999999998300 ) ) ;
#232 = ORIENTED_EDGE ( 'NONE', *, *, #4401, .T. ) ;
#233 = VECTOR ( 'NONE', #1864, 1000.000000000000000 ) ;
#234 = ADVANCED_FACE ( 'NONE', ( #2641 ), #5395, .F. ) ;
#235 = DIRECTION ( 'NONE',  ( 2.060779557754404700E-016, 0.0000000000000000000, 1.000000000000000000 ) ) ;
#236 = CARTESIAN_POINT ( 'NONE',  ( 0.2760384833094576800, 1.040000000000000000, 0.7916041656178393100 ) ) ;
#237 = CARTESIAN_POINT ( 'NONE',  ( -0.7500000000000002200, 0.3222388905185646900, 9.184850993605157100E-017 ) ) ;
#238 = LINE ( 'NONE', #5313, #1543 ) ;
#239 = CARTESIAN_POINT ( 'NONE',  ( -1.578251418443698200E-016, 0.5099999999999997900, 0.8899999999999995700 ) ) ;
#240 = ORIENTED_EDGE ( 'NONE', *, *, #462, .F. ) ;
#241 = VECTOR ( 'NONE', #7064, 1000.000000000000000 ) ;
#242 = LINE ( 'NONE', #2174, #3010 ) ;
#243 = DIRECTION ( 'NONE',  ( -3.330669073875469600E-016, -1.000000000000000000, 0.0000000000000000000 ) ) ;
#244 = CARTESIAN_POINT ( 'NONE',  ( -0.2999999999999999300, 1.159999999999999900, -2.100000000000000100 ) ) ;
#245 = ORIENTED_EDGE ( 'NONE', *, *, #5885, .F. ) ;
#246 = VECTOR ( 'NONE', #2485, 1000.000000000000000 ) ;
#247 = B_SPLINE_CURVE_WITH_KNOTS ( 'NONE', 3,
 ( #4723, #315, #4190, #871, #4750, #1448, #5301 ),
 .UNSPECIFIED., .F., .F.,
 ( 4, 3, 4 ),
 ( 0.0006077155804430653500, 0.0006276281830732143300, 0.0006415403157472861900 ),
 .UNSPECIFIED. ) ;
#248 = CARTESIAN_POINT ( 'NONE',  ( -0.7138620337916566900, 0.4600000000000001300, 0.5276184912117892800 ) ) ;
#249 = CARTESIAN_POINT ( 'NONE',  ( 0.1000000000000001600, 0.4599999999999999100, -0.6622618261740695900 ) ) ;
#250 = DIRECTION ( 'NONE',  ( -7.058607893785836700E-018, 1.000000000000000000, 0.0000000000000000000 ) ) ;
#251 = PERSON_AND_ORGANIZATION ( #2677, #1484 ) ;
#252 = AXIS2_PLACEMENT_3D ( 'NONE', #5795, #1402, #5263 ) ;
#253 = ORIENTED_EDGE ( 'NONE', *, *, #500, .F. ) ;
#254 = LINE ( 'NONE', #5144, #3197 ) ;
#255 = CARTESIAN_POINT ( 'NONE',  ( -0.1299999999999997500, 1.039999999999999800, -1.950000000000000400 ) ) ;
#256 = AXIS2_PLACEMENT_3D ( 'NONE', #244, #7080, #7060 ) ;
#257 = PLANE ( 'NONE',  #5876 ) ;
#258 = DIRECTION ( 'NONE',  ( 2.775557561562890600E-015, 0.0000000000000000000, -1.000000000000000000 ) ) ;
#259 = LINE ( 'NONE', #4047, #5968 ) ;
#260 = CARTESIAN_POINT ( 'NONE',  ( 0.3749999999999997800, 1.039999999999999800, -1.950000000000000400 ) ) ;
#261 = ORIENTED_EDGE ( 'NONE', *, *, #168, .T. ) ;
#262 = EDGE_CURVE ( 'NONE', #5892, #3765, #1158, .T. ) ;
#263 = DIRECTION ( 'NONE',  ( 1.000000000000000000, -6.106226635438361000E-016, -5.551115123125782700E-017 ) ) ;
#264 = VERTEX_POINT ( 'NONE', #2172 ) ;
#265 = VERTEX_POINT ( 'NONE', #2948 ) ;
#266 = CARTESIAN_POINT ( 'NONE',  ( 0.1450000000000000500, 0.7888417395787664700, -2.550000000000000300 ) ) ;
#267 = ADVANCED_FACE ( 'NONE', ( #6859 ), #2738, .F. ) ;
#268 = CARTESIAN_POINT ( 'NONE',  ( 0.003485717286247149400, 1.040000000000000500, -5.550000000000000700 ) ) ;
#269 = CARTESIAN_POINT ( 'NONE',  ( 0.9999999999999950000, 0.1199999999999999800, 0.7000000000000068400 ) ) ;
#270 = DIRECTION ( 'NONE',  ( 0.0000000000000000000, -7.228014483236694600E-017, 1.000000000000000000 ) ) ;
#271 = ORIENTED_EDGE ( 'NONE', *, *, #4775, .T. ) ;
#272 = DIRECTION ( 'NONE',  ( -1.000000000000000000, 0.0000000000000000000, 0.0000000000000000000 ) ) ;
#273 = AXIS2_PLACEMENT_3D ( 'NONE', #1002, #6658, #4830 ) ;
#274 = DIRECTION ( 'NONE',  ( 0.0000000000000000000, -1.000000000000000000, -0.0000000000000000000 ) ) ;
#275 = EDGE_CURVE ( 'NONE', #6209, #840, #2468, .T. ) ;
#276 = CARTESIAN_POINT ( 'NONE',  ( 0.6716194374161236200, 0.2743501913595831600, 0.5032297168231063500 ) ) ;
#277 = ORIENTED_EDGE ( 'NONE', *, *, #2855, .F. ) ;
#278 = DIRECTION ( 'NONE',  ( -1.000000000000000000, 0.0000000000000000000, 5.551115123125782700E-017 ) ) ;
#279 = ORIENTED_EDGE ( 'NONE', *, *, #5063, .F. ) ;
#280 = LINE ( 'NONE', #5802, #2707 ) ;
#281 = DIRECTION ( 'NONE',  ( 1.000000000000000000, 0.0000000000000000000, -5.551115123125782700E-017 ) ) ;
#282 = EDGE_CURVE ( 'NONE', #6076, #1440, #5560, .T. ) ;
#283 = ORIENTED_EDGE ( 'NONE', *, *, #6920, .F. ) ;
#284 = DIRECTION ( 'NONE',  ( 0.0000000000000000000, -1.000000000000000000, -5.551115123125782700E-017 ) ) ;
#285 = LINE ( 'NONE', #6661, #5992 ) ;
#286 = EDGE_LOOP ( 'NONE', ( #3644, #1439, #2060, #5528, #6134, #2610, #6121, #3237, #478, #3569, #5037, #6531, #3485, #1220, #1756, #1699, #4570, #3253, #3717, #7070, #818 ) ) ;
#287 = CIRCLE ( 'NONE', #4951, 0.1699999999999997900 ) ;
#288 = VECTOR ( 'NONE', #2036, 1000.000000000000000 ) ;
#289 = B_SPLINE_CURVE_WITH_KNOTS ( 'NONE', 3,
 ( #5105, #5662, #3457, #146 ),
 .UNSPECIFIED., .F., .F.,
 ( 4, 4 ),
 ( 2.209393040577237700E-007, 0.0001003348305759889300 ),
 .UNSPECIFIED. ) ;
#290 = VERTEX_POINT ( 'NONE', #1995 ) ;
#291 = DIRECTION ( 'NONE',  ( -7.058607893785836700E-018, 1.000000000000000000, 0.0000000000000000000 ) ) ;
#292 = CARTESIAN_POINT ( 'NONE',  ( 0.1449999999999986900, 0.7888417395787665800, -2.100000000000000100 ) ) ;
#293 = DIRECTION ( 'NONE',  ( 7.058607893785836700E-018, -1.000000000000000000, -0.0000000000000000000 ) ) ;
#294 = CARTESIAN_POINT ( 'NONE',  ( 0.8800000000000000000, 0.1999999999999998200, -0.5400000000000001500 ) ) ;
#295 = ORIENTED_EDGE ( 'NONE', *, *, #6151, .F. ) ;
#296 = VERTEX_POINT ( 'NONE', #564 ) ;
#297 = PLANE ( 'NONE',  #7153 ) ;
#298 = CARTESIAN_POINT ( 'NONE',  ( -0.5938420177296780400, 0.3221016379575488700, 0.4583249026302628800 ) ) ;
#299 = VECTOR ( 'NONE', #3556, 1000.000000000000100 ) ;
#300 = EDGE_LOOP ( 'NONE', ( #5776, #1491, #998, #6620, #6665 ) ) ;
#301 = CARTESIAN_POINT ( 'NONE',  ( -0.1000000000000001600, 0.3699999999999953300, -0.8649629909042951800 ) ) ;
#302 = ORIENTED_EDGE ( 'NONE', *, *, #1941, .F. ) ;
#303 = CARTESIAN_POINT ( 'NONE',  ( 0.1000000000000000500, 0.4285041472515929200, -0.8665225032010922500 ) ) ;
#304 = EDGE_LOOP ( 'NONE', ( #2706, #4436, #4288, #3275 ) ) ;
#305 = AXIS2_PLACEMENT_3D ( 'NONE', #3002, #3029, #6885 ) ;
#306 = AXIS2_PLACEMENT_3D ( 'NONE', #3151, #7014, #2605 ) ;
#307 = LINE ( 'NONE', #3449, #4534 ) ;
#308 = DIRECTION ( 'NONE',  ( -2.775557561562890600E-015, -0.0000000000000000000, 1.000000000000000000 ) ) ;
#309 = ORIENTED_EDGE ( 'NONE', *, *, #1662, .T. ) ;
#310 = FACE_OUTER_BOUND ( 'NONE', #286, .T. ) ;
#311 = DIRECTION ( 'NONE',  ( -5.551115123125782700E-017, -5.551115123125782700E-017, -1.000000000000000000 ) ) ;
#312 = EDGE_CURVE ( 'NONE', #3820, #3321, #6687, .T. ) ;
#313 = CARTESIAN_POINT ( 'NONE',  ( -0.6278445005324558800, 0.7900000000000000400, 0.6900000000000000600 ) ) ;
#314 = EDGE_CURVE ( 'NONE', #6784, #3060, #980, .T. ) ;
#315 = CARTESIAN_POINT ( 'NONE',  ( -0.1000000000000001600, 0.3058317966700822000, -0.7652072751778333800 ) ) ;
#316 = CARTESIAN_POINT ( 'NONE',  ( -0.3950000000000000200, 1.159999999999999500, -2.550000000000000700 ) ) ;
#317 = CARTESIAN_POINT ( 'NONE',  ( 0.5649999999999986100, 0.7888417395787666900, -2.360000000000000300 ) ) ;
#318 = FACE_OUTER_BOUND ( 'NONE', #4523, .T. ) ;
#319 = ORIENTED_EDGE ( 'NONE', *, *, #33, .T. ) ;
#320 = CIRCLE ( 'NONE', #6923, 0.5199999999999998000 ) ;
#321 = AXIS2_PLACEMENT_3D ( 'NONE', #3945, #624, #4495 ) ;
#322 = VECTOR ( 'NONE', #243, 1000.000000000000000 ) ;
#323 = CARTESIAN_POINT ( 'NONE',  ( 1.415534356397075000E-016, 0.6350000000000002300, -2.550000000000000700 ) ) ;
#324 = CARTESIAN_POINT ( 'NONE',  ( 0.4000000000000000800, 1.159999999999999900, -1.850000000000000300 ) ) ;
#325 = EDGE_CURVE ( 'NONE', #6220, #1510, #4193, .T. ) ;
#326 = CARTESIAN_POINT ( 'NONE',  ( 0.09999999999999993600, 0.3828026743919267200, -0.8511433667334938900 ) ) ;
#327 = VECTOR ( 'NONE', #5936, 1000.000000000000000 ) ;
#328 = VERTEX_POINT ( 'NONE', #2012 ) ;
#329 = VECTOR ( 'NONE', #2988, 1000.000000000000100 ) ;
#330 = AXIS2_PLACEMENT_3D ( 'NONE', #2015, #2636, #2665 ) ;
#331 = LINE ( 'NONE', #1782, #6203 ) ;
#332 = DIRECTION ( 'NONE',  ( 1.000000000000000000, 0.0000000000000000000, 0.0000000000000000000 ) ) ;
#333 = CARTESIAN_POINT ( 'NONE',  ( 0.1216025403784446600, 0.4289230484541330900, -2.550000000000000700 ) ) ;
#334 = CARTESIAN_POINT ( 'NONE',  ( -0.1300000000000001200, 0.2349999999999998500, -1.103488372093023500 ) ) ;
#335 = CARTESIAN_POINT ( 'NONE',  ( 0.3549999999999984300, 0.4251110699893030400, -2.360000000000000300 ) ) ;
#336 = VERTEX_POINT ( 'NONE', #7045 ) ;
#337 = LINE ( 'NONE', #3423, #150 ) ;
#338 = DIRECTION ( 'NONE',  ( 0.0000000000000000000, -1.000000000000000000, -5.551115123125782700E-017 ) ) ;
#339 = LINE ( 'NONE', #2826, #3267 ) ;
#340 = DIRECTION ( 'NONE',  ( 5.551115123125782700E-017, 5.551115123125782700E-017, 1.000000000000000000 ) ) ;
#341 = DIRECTION ( 'NONE',  ( 0.0000000000000000000, -1.000000000000000000, -5.551115123125782700E-017 ) ) ;
#342 = ORIENTED_EDGE ( 'NONE', *, *, #5601, .F. ) ;
#343 = B_SPLINE_CURVE_WITH_KNOTS ( 'NONE', 3,
 ( #6679, #2827, #3924, #604 ),
 .UNSPECIFIED., .F., .F.,
 ( 4, 4 ),
 ( 2.209151076290694300E-007, 0.0001003348063795603800 ),
 .UNSPECIFIED. ) ;
#344 = FACE_OUTER_BOUND ( 'NONE', #4767, .T. ) ;
#345 = EDGE_CURVE ( 'NONE', #5139, #7138, #805, .T. ) ;
#346 = VERTEX_POINT ( 'NONE', #4501 ) ;
#347 = LINE ( 'NONE', #5547, #5894 ) ;
#348 = DIRECTION ( 'NONE',  ( 5.551115123125782700E-017, -5.551115123125782700E-017, -1.000000000000000000 ) ) ;
#349 = EDGE_CURVE ( 'NONE', #3888, #6617, #3750, .T. ) ;
#350 = ORIENTED_EDGE ( 'NONE', *, *, #4215, .F. ) ;
#351 = AXIS2_PLACEMENT_3D ( 'NONE', #3352, #3374, #73 ) ;
#352 = PLANE ( 'NONE',  #157 ) ;
#353 = CARTESIAN_POINT ( 'NONE',  ( 0.09999999999999993600, 0.3846674892112663100, -0.8502809267224384900 ) ) ;
#354 = ORIENTED_EDGE ( 'NONE', *, *, #325, .F. ) ;
#355 = CARTESIAN_POINT ( 'NONE',  ( -0.3950000000000001300, 1.040000000000000000, -2.550000000000000700 ) ) ;
#356 = ORIENTED_EDGE ( 'NONE', *, *, #2747, .F. ) ;
#357 = DIRECTION ( 'NONE',  ( 3.025117668765123600E-019, -1.000000000000000000, 6.756096126909301100E-018 ) ) ;
#358 = ORIENTED_EDGE ( 'NONE', *, *, #4732, .F. ) ;
#359 = CARTESIAN_POINT ( 'NONE',  ( -0.2250000000000001400, 1.040000000000000000, 0.7299999999999997600 ) ) ;
#360 = CARTESIAN_POINT ( 'NONE',  ( 0.6468044773754125800, 1.039999999999999600, 0.6113460297140395100 ) ) ;
#361 = EDGE_CURVE ( 'NONE', #888, #2953, #620, .T. ) ;
#362 = ORIENTED_EDGE ( 'NONE', *, *, #4517, .T. ) ;
#363 = LINE ( 'NONE', #2375, #3138 ) ;
#364 = CARTESIAN_POINT ( 'NONE',  ( 0.2999999999999999300, 1.159999999999999700, -2.450000000000000600 ) ) ;
#365 = DIRECTION ( 'NONE',  ( 0.0000000000000000000, 1.000000000000000000, 5.551115123125782700E-017 ) ) ;
#366 = DIRECTION ( 'NONE',  ( -0.4999999999999969500, 0.8660254037844403700, -1.429412144204889000E-015 ) ) ;
#367 = DIRECTION ( 'NONE',  ( 2.060779557754404700E-016, 0.0000000000000000000, 1.000000000000000000 ) ) ;
#368 = AXIS2_PLACEMENT_3D ( 'NONE', #7033, #2647, #4385 ) ;
#369 = ORIENTED_EDGE ( 'NONE', *, *, #4903, .T. ) ;
#370 = ORIENTED_EDGE ( 'NONE', *, *, #2255, .F. ) ;
#371 = LINE ( 'NONE', #3598, #1831 ) ;
#372 = EDGE_CURVE ( 'NONE', #2242, #5336, #4875, .T. ) ;
#373 = PLANE ( 'NONE',  #708 ) ;
#374 = CARTESIAN_POINT ( 'NONE',  ( 0.6400000000000002400, 0.8099999999999999400, -1.950000000000000400 ) ) ;
#375 = CARTESIAN_POINT ( 'NONE',  ( 0.3415670387331894400, 0.4173555461858953200, -2.550000000000000300 ) ) ;
#376 = CARTESIAN_POINT ( 'NONE',  ( 0.09999999999999993600, 0.3876949653030799000, -0.8488807788434024100 ) ) ;
#377 = ORIENTED_EDGE ( 'NONE', *, *, #3540, .F. ) ;
#378 = CIRCLE ( 'NONE', #6023, 0.8899999999999999000 ) ;
#379 = CARTESIAN_POINT ( 'NONE',  ( 0.6400000000000004600, 1.084202172485504400E-016, -0.9500000000000007300 ) ) ;
#380 = VERTEX_POINT ( 'NONE', #4747 ) ;
#381 = CARTESIAN_POINT ( 'NONE',  ( 0.1100000000000000000, -1.355252715606880500E-017, 0.9300000000000001600 ) ) ;
#382 = CARTESIAN_POINT ( 'NONE',  ( 0.2500000000000000000, -1.355252715606880500E-017, 0.8400000000000003000 ) ) ;
#383 = ORIENTED_EDGE ( 'NONE', *, *, #5228, .F. ) ;
#384 = EDGE_LOOP ( 'NONE', ( #5033, #3184, #7135, #4601 ) ) ;
#385 = FACE_OUTER_BOUND ( 'NONE', #6749, .T. ) ;
#386 = CYLINDRICAL_SURFACE ( 'NONE', #480, 0.1699999999999999300 ) ;
#387 = ORIENTED_EDGE ( 'NONE', *, *, #5090, .T. ) ;
#388 = PLANE ( 'NONE',  #99 ) ;
#389 = CARTESIAN_POINT ( 'NONE',  ( 0.2500000000000000000, -1.355252715606880500E-017, 0.9300000000000000500 ) ) ;
#390 = ORIENTED_EDGE ( 'NONE', *, *, #1746, .T. ) ;
#391 = AXIS2_PLACEMENT_3D ( 'NONE', #1656, #1680, #5546 ) ;
#392 = EDGE_LOOP ( 'NONE', ( #5916, #6523, #4718, #1182 ) ) ;
#393 = ORIENTED_EDGE ( 'NONE', *, *, #2300, .F. ) ;
#394 = VECTOR ( 'NONE', #3311, 1000.000000000000000 ) ;
#395 = DIRECTION ( 'NONE',  ( -1.000000000000000000, 0.0000000000000000000, 0.0000000000000000000 ) ) ;
#396 = ORIENTED_EDGE ( 'NONE', *, *, #3918, .F. ) ;
#397 = VERTEX_POINT ( 'NONE', #3285 ) ;
#398 = DIRECTION ( 'NONE',  ( -0.2588190451025258500, 0.9659258262890669800, -0.0000000000000000000 ) ) ;
#399 = CYLINDRICAL_SURFACE ( 'NONE', #5478, 0.4000000000000000200 ) ;
#400 = DIRECTION ( 'NONE',  ( 0.0000000000000000000, -1.000000000000000000, -5.551115123125782700E-017 ) ) ;
#401 = LINE ( 'NONE', #1354, #3176 ) ;
#402 = CARTESIAN_POINT ( 'NONE',  ( -0.1100000000000000000, -1.355252715606880500E-017, 1.000000000000000000 ) ) ;
#403 = DIRECTION ( 'NONE',  ( 0.8641916239782087000, 0.07548569116831660400, 0.4974683381630914900 ) ) ;
#404 = ORIENTED_EDGE ( 'NONE', *, *, #2259, .T. ) ;
#405 = FACE_OUTER_BOUND ( 'NONE', #6381, .T. ) ;
#406 = DIRECTION ( 'NONE',  ( 0.0000000000000000000, 1.000000000000000000, -8.881784197001252300E-016 ) ) ;
#407 = VECTOR ( 'NONE', #2487, 1000.000000000000000 ) ;
#408 = EDGE_CURVE ( 'NONE', #5849, #3291, #6164, .T. ) ;
#409 = EDGE_CURVE ( 'NONE', #682, #6305, #464, .T. ) ;
#410 = DIRECTION ( 'NONE',  ( -0.6896551724137930400, 0.0000000000000000000, 0.7241379310344828700 ) ) ;
#411 = ORIENTED_EDGE ( 'NONE', *, *, #3230, .F. ) ;
#412 = ORIENTED_EDGE ( 'NONE', *, *, #4624, .T. ) ;
#413 = LINE ( 'NONE', #7093, #6115 ) ;
#414 = VECTOR ( 'NONE', #1559, 1000.000000000000000 ) ;
#415 = EDGE_CURVE ( 'NONE', #3545, #3530, #3384, .T. ) ;
#416 = CARTESIAN_POINT ( 'NONE',  ( -0.1000000000000000500, 0.4135964705563006700, -0.8524416998331144600 ) ) ;
#417 = CARTESIAN_POINT ( 'NONE',  ( -0.2400000000000001300, 0.2350000000000000100, -0.9500000000000002900 ) ) ;
#418 = CC_DESIGN_PERSON_AND_ORGANIZATION_ASSIGNMENT ( #5002, #5738, ( #3212 ) ) ;
#419 = ORIENTED_EDGE ( 'NONE', *, *, #5817, .F. ) ;
#420 = ADVANCED_FACE ( 'NONE', ( #3227 ), #6562, .T. ) ;
#421 = LINE ( 'NONE', #4117, #4661 ) ;
#422 = DIRECTION ( 'NONE',  ( -3.025117668765115400E-019, 1.000000000000000000, 0.0000000000000000000 ) ) ;
#423 = EDGE_CURVE ( 'NONE', #873, #6448, #4516, .T. ) ;
#424 = PERSON_AND_ORGANIZATION ( #2677, #1484 ) ;
#425 = DIRECTION ( 'NONE',  ( 0.0000000000000000000, 1.000000000000000000, 0.0000000000000000000 ) ) ;
#426 = ORIENTED_EDGE ( 'NONE', *, *, #74, .F. ) ;
#427 = VECTOR ( 'NONE', #5797, 1000.000000000000000 ) ;
#428 = DIRECTION ( 'NONE',  ( 0.0000000000000000000, 0.0000000000000000000, -1.000000000000000000 ) ) ;
#429 = CARTESIAN_POINT ( 'NONE',  ( -0.1553284930203561200, 0.2690368417743761500, -2.100000000000000500 ) ) ;
#430 = CARTESIAN_POINT ( 'NONE',  ( 0.6300000000000000000, 0.9899999999999999900, -0.9500000000000002900 ) ) ;
#431 = CARTESIAN_POINT ( 'NONE',  ( 8.131516293641270900E-017, 0.6400000000000002400, -1.850000000000000100 ) ) ;
#432 = LINE ( 'NONE', #2411, #3538 ) ;
#433 = AXIS2_PLACEMENT_3D ( 'NONE', #1228, #6204, #2894 ) ;
#434 = ORIENTED_EDGE ( 'NONE', *, *, #5974, .F. ) ;
#435 = DIRECTION ( 'NONE',  ( 0.0000000000000000000, 0.0000000000000000000, 1.000000000000000000 ) ) ;
#436 = CARTESIAN_POINT ( 'NONE',  ( -0.3549999999999983200, 0.4251110699893031500, -2.289999999999998300 ) ) ;
#437 = ORIENTED_EDGE ( 'NONE', *, *, #1099, .T. ) ;
#438 = CARTESIAN_POINT ( 'NONE',  ( -0.2839584187458735800, 1.160000000000000400, -1.350000000000000100 ) ) ;
#439 = ORIENTED_EDGE ( 'NONE', *, *, #6337, .T. ) ;
#440 = CARTESIAN_POINT ( 'NONE',  ( -0.7179502228979478500, 0.3030223961003891700, 0.2990387006169543700 ) ) ;
#441 = EDGE_CURVE ( 'NONE', #3934, #2388, #287, .T. ) ;
#442 = AXIS2_PLACEMENT_3D ( 'NONE', #3966, #642, #4510 ) ;
#443 = ORIENTED_EDGE ( 'NONE', *, *, #3368, .T. ) ;
#444 = DIRECTION ( 'NONE',  ( 5.551115123125782700E-017, -5.551115123125782700E-017, -1.000000000000000000 ) ) ;
#445 = CARTESIAN_POINT ( 'NONE',  ( -0.7387712897465943400, 0.7900000000000000400, 0.4567268055841937100 ) ) ;
#446 = CARTESIAN_POINT ( 'NONE',  ( -0.2250000000000001400, 1.159999999999999900, 0.7299999999999997600 ) ) ;
#447 = ORIENTED_EDGE ( 'NONE', *, *, #7130, .T. ) ;
#448 = LINE ( 'NONE', #1909, #6153 ) ;
#449 = DIRECTION ( 'NONE',  ( -0.8660254037844404800, 0.0000000000000000000, -0.4999999999999967800 ) ) ;
#450 = EDGE_CURVE ( 'NONE', #1260, #2893, #3065, .T. ) ;
#451 = ADVANCED_FACE ( 'NONE', ( #1593 ), #7166, .F. ) ;
#452 = EDGE_CURVE ( 'NONE', #6766, #3656, #2881, .T. ) ;
#453 = CARTESIAN_POINT ( 'NONE',  ( -0.03000000000000007900, 0.6099999999999994300, -1.150000000000000600 ) ) ;
#454 = ORIENTED_EDGE ( 'NONE', *, *, #4289, .F. ) ;
#455 = DIRECTION ( 'NONE',  ( 5.551115123125782700E-017, -6.231046968307496900E-017, -1.000000000000000000 ) ) ;
#456 = FACE_OUTER_BOUND ( 'NONE', #6655, .T. ) ;
#457 = AXIS2_PLACEMENT_3D ( 'NONE', #1570, #5432, #2119 ) ;
#458 = ORIENTED_EDGE ( 'NONE', *, *, #6285, .F. ) ;
#459 = CARTESIAN_POINT ( 'NONE',  ( -0.1000000000000001700, 0.3962334971498890900, -0.8475237969422947400 ) ) ;
#460 = CARTESIAN_POINT ( 'NONE',  ( 0.1999999999999998700, -1.219727444046192500E-016, -1.000000000000000000 ) ) ;
#461 = ORIENTED_EDGE ( 'NONE', *, *, #6982, .T. ) ;
#462 = EDGE_CURVE ( 'NONE', #2976, #7057, #5832, .T. ) ;
#463 = ORIENTED_EDGE ( 'NONE', *, *, #4546, .T. ) ;
#464 = LINE ( 'NONE', #5471, #5042 ) ;
#465 = LINE ( 'NONE', #4214, #5999 ) ;
#466 = CARTESIAN_POINT ( 'NONE',  ( -0.6887498560569728100, 0.4147681697970618800, 0.5131199686367322600 ) ) ;
#467 = PLANE ( 'NONE',  #3864 ) ;
#468 = ORIENTED_EDGE ( 'NONE', *, *, #6144, .F. ) ;
#469 = CARTESIAN_POINT ( 'NONE',  ( 0.0000000000000000000, 0.3699999999999942200, 0.0000000000000000000 ) ) ;
#471 = ORIENTED_EDGE ( 'NONE', *, *, #3884, .F. ) ;
#470 = EDGE_LOOP ( 'NONE', ( #5138, #813, #5903, #5456 ) ) ;
#472 = ORIENTED_EDGE ( 'NONE', *, *, #1694, .F. ) ;
#473 = CIRCLE ( 'NONE', #5953, 0.4199999999999986000 ) ;
#474 = CARTESIAN_POINT ( 'NONE',  ( 0.5649999999999985000, 0.7888417395787666900, -2.209999999999998200 ) ) ;
#475 = ORIENTED_EDGE ( 'NONE', *, *, #2739, .T. ) ;
#476 = ORIENTED_EDGE ( 'NONE', *, *, #408, .T. ) ;
#477 = EDGE_LOOP ( 'NONE', ( #4290, #4439, #370, #277 ) ) ;
#478 = ORIENTED_EDGE ( 'NONE', *, *, #2945, .F. ) ;
#479 = VECTOR ( 'NONE', #3425, 1000.000000000000100 ) ;
#480 = AXIS2_PLACEMENT_3D ( 'NONE', #6652, #46, #4448 ) ;
#481 = CARTESIAN_POINT ( 'NONE',  ( -0.09999999999999982500, 0.3742617199133843600, -0.8579574886542775700 ) ) ;
#482 = EDGE_CURVE ( 'NONE', #3106, #3820, #1428, .T. ) ;
#483 = PLANE ( 'NONE',  #5066 ) ;
#484 = ORIENTED_EDGE ( 'NONE', *, *, #4052, .F. ) ;
#485 = AXIS2_PLACEMENT_3D ( 'NONE', #1884, #338, #5752 ) ;
#486 = FACE_OUTER_BOUND ( 'NONE', #3190, .T. ) ;
#487 = ADVANCED_FACE ( 'NONE', ( #4351 ), #4306, .F. ) ;
#488 = DIRECTION ( 'NONE',  ( -0.9612616959383186700, -2.775557561562890700E-017, 0.2756373558169997200 ) ) ;
#489 = VECTOR ( 'NONE', #1757, 1000.000000000000000 ) ;
#490 = ORIENTED_EDGE ( 'NONE', *, *, #6768, .F. ) ;
#491 = CIRCLE ( 'NONE', #100, 0.4199999999999986000 ) ;
#492 = VECTOR ( 'NONE', #4532, 1000.000000000000000 ) ;
#493 = CARTESIAN_POINT ( 'NONE',  ( 0.1000000000000001400, 0.3674143372116840900, -0.8705448969846255600 ) ) ;
#494 = DIRECTION ( 'NONE',  ( 5.551115123125782700E-017, -5.551115123125782700E-017, -1.000000000000000000 ) ) ;
#495 = CARTESIAN_POINT ( 'NONE',  ( -0.09999999999999982500, 0.2677163231416788700, -0.8475740590229065000 ) ) ;
#496 = DIRECTION ( 'NONE',  ( 1.000000000000000000, 0.0000000000000000000, 0.0000000000000000000 ) ) ;
#497 = VECTOR ( 'NONE', #2612, 1000.000000000000000 ) ;
#498 = VERTEX_POINT ( 'NONE', #3172 ) ;
#499 = LINE ( 'NONE', #968, #4749 ) ;
#500 = EDGE_CURVE ( 'NONE', #5574, #3497, #5641, .T. ) ;
#501 = ORIENTED_EDGE ( 'NONE', *, *, #3498, .T. ) ;
#502 = VECTOR ( 'NONE', #3195, 1000.000000000000100 ) ;
#503 = CARTESIAN_POINT ( 'NONE',  ( 0.8230064301731894200, 0.3204189081888482700, 0.3596929301673558700 ) ) ;
#504 = DIRECTION ( 'NONE',  ( -0.4999999999999979500, -0.8660254037844399300, 1.332267629550188000E-015 ) ) ;
#505 = CIRCLE ( 'NONE', #6244, 0.8899999999999996800 ) ;
#506 = ORIENTED_EDGE ( 'NONE', *, *, #5660, .T. ) ;
#507 = LINE ( 'NONE', #2217, #5089 ) ;
#508 = EDGE_CURVE ( 'NONE', #1307, #3302, #2720, .T. ) ;
#509 = CARTESIAN_POINT ( 'NONE',  ( 0.2400000000000000700, 0.6349999999999999000, -0.9500000000000002900 ) ) ;
#510 = ORIENTED_EDGE ( 'NONE', *, *, #4166, .T. ) ;
#511 = CIRCLE ( 'NONE', #4174, 0.8899999999999999000 ) ;
#512 = DIRECTION ( 'NONE',  ( -0.7071067811865474600, 1.730537381620172400E-017, 0.7071067811865476800 ) ) ;
#513 = VERTEX_POINT ( 'NONE', #1990 ) ;
#514 = CARTESIAN_POINT ( 'NONE',  ( 0.9999999999999950000, -1.355252715606880500E-017, 0.7000000000000068400 ) ) ;
#515 = DIRECTION ( 'NONE',  ( 0.0000000000000000000, 1.000000000000000000, 5.551115123125782700E-017 ) ) ;
#516 = DIRECTION ( 'NONE',  ( -1.000000000000000000, -1.828352243269013200E-013, 0.0000000000000000000 ) ) ;
#517 = CARTESIAN_POINT ( 'NONE',  ( -1.084202172485504400E-016, 0.3506307787036603800, -4.336808689942017700E-016 ) ) ;
#518 = ADVANCED_FACE ( 'NONE', ( #3999 ), #3955, .F. ) ;
#519 = ORIENTED_EDGE ( 'NONE', *, *, #6206, .F. ) ;
#520 = AXIS2_PLACEMENT_3D ( 'NONE', #3399, #648, #4514 ) ;
#521 = VERTEX_POINT ( 'NONE', #2261 ) ;
#522 = DIRECTION ( 'NONE',  ( 0.0000000000000000000, -1.000000000000000000, -5.551115123125782700E-017 ) ) ;
#523 = ORIENTED_EDGE ( 'NONE', *, *, #5502, .F. ) ;
#524 = CONICAL_SURFACE ( 'NONE', #5667, 0.9122618261740693700, 0.4363323129985766100 ) ;
#525 = AXIS2_PLACEMENT_3D ( 'NONE', #3708, #3153, #395 ) ;
#526 = DIRECTION ( 'NONE',  ( 0.7071067811865474600, 0.0000000000000000000, 0.7071067811865475700 ) ) ;
#527 = ORIENTED_EDGE ( 'NONE', *, *, #801, .T. ) ;
#528 = EDGE_LOOP ( 'NONE', ( #2182, #776, #4269, #4354 ) ) ;
#529 = FACE_OUTER_BOUND ( 'NONE', #6984, .T. ) ;
#530 = CARTESIAN_POINT ( 'NONE',  ( 0.7387712897465941200, 1.040000000000000000, 0.5871526029238066700 ) ) ;
#531 = DIRECTION ( 'NONE',  ( -5.551115123125782700E-017, 0.0000000000000000000, 1.000000000000000000 ) ) ;
#532 = CARTESIAN_POINT ( 'NONE',  ( -2.168404344971008900E-016, 1.159999999999999700, -0.9500000000000002900 ) ) ;
#533 = EDGE_CURVE ( 'NONE', #3833, #5986, #1238, .T. ) ;
#534 = EDGE_CURVE ( 'NONE', #3036, #6701, #6260, .T. ) ;
#535 = ORIENTED_EDGE ( 'NONE', *, *, #5292, .F. ) ;
#536 = DIRECTION ( 'NONE',  ( -0.2756373558169997200, 0.0000000000000000000, 0.9612616959383186700 ) ) ;
#537 = LINE ( 'NONE', #381, #6429 ) ;
#538 = EDGE_CURVE ( 'NONE', #618, #7003, #1066, .T. ) ;
#539 = ORIENTED_EDGE ( 'NONE', *, *, #6835, .T. ) ;
#540 = CARTESIAN_POINT ( 'NONE',  ( 0.0000000000000000000, 0.2599999999999949600, 0.0000000000000000000 ) ) ;
#541 = VERTEX_POINT ( 'NONE', #1814 ) ;
#542 = EDGE_LOOP ( 'NONE', ( #1815, #5314, #4798, #6777, #2473, #5548 ) ) ;
#543 = CIRCLE ( 'NONE', #6569, 0.1200000000000000600 ) ;
#544 = FACE_OUTER_BOUND ( 'NONE', #1157, .T. ) ;
#545 = CARTESIAN_POINT ( 'NONE',  ( 0.6278445005324558800, 0.7900000000000000400, 0.6900000000000000600 ) ) ;
#546 = PLANE ( 'NONE',  #6555 ) ;
#547 = ORIENTED_EDGE ( 'NONE', *, *, #2013, .T. ) ;
#548 = EDGE_CURVE ( 'NONE', #58, #6537, #2930, .T. ) ;
#549 = ADVANCED_FACE ( 'NONE', ( #2359 ), #6593, .F. ) ;
#550 = ORIENTED_EDGE ( 'NONE', *, *, #5921, .T. ) ;
#551 = ADVANCED_FACE ( 'NONE', ( #5315 ), #3664, .F. ) ;
#552 = EDGE_LOOP ( 'NONE', ( #5839, #1053, #1334, #5937 ) ) ;
#553 = LINE ( 'NONE', #4966, #3317 ) ;
#554 = CARTESIAN_POINT ( 'NONE',  ( -0.5649999999999988400, 0.8099999999999999400, -2.099999999999999200 ) ) ;
#555 = DIRECTION ( 'NONE',  ( 0.0000000000000000000, 0.0000000000000000000, 1.000000000000000000 ) ) ;
#556 = ORIENTED_EDGE ( 'NONE', *, *, #199, .T. ) ;
#557 = VERTEX_POINT ( 'NONE', #6493 ) ;
#558 = DIRECTION ( 'NONE',  ( -5.551115123125782700E-017, -5.551115123125782700E-017, -1.000000000000000000 ) ) ;
#559 = LINE ( 'NONE', #1655, #1862 ) ;
#560 = DIRECTION ( 'NONE',  ( -5.551115123125782700E-017, 5.551115123125782700E-017, 1.000000000000000000 ) ) ;
#561 = CARTESIAN_POINT ( 'NONE',  ( -0.8070864602479930200, 0.4402222551909503700, 0.3505015312455527800 ) ) ;
#562 = EDGE_CURVE ( 'NONE', #2388, #1427, #5476, .T. ) ;
#563 = CIRCLE ( 'NONE', #3642, 0.8899999999999999000 ) ;
#564 = CARTESIAN_POINT ( 'NONE',  ( -0.5649999999999988400, 0.9899999999999999900, -2.099999999999998800 ) ) ;
#565 = EDGE_LOOP ( 'NONE', ( #2977, #5126, #716, #2450, #3735, #4861, #2024, #1152, #5298, #4947, #6159, #5557, #3045 ) ) ;
#566 = LINE ( 'NONE', #1140, #2061 ) ;
#567 = DIRECTION ( 'NONE',  ( 1.000000000000000000, 0.0000000000000000000, 0.0000000000000000000 ) ) ;
#568 = EDGE_CURVE ( 'NONE', #2750, #3942, #3828, .T. ) ;
#569 = DIRECTION ( 'NONE',  ( 5.551115123125782700E-017, -5.551115123125782700E-017, -1.000000000000000000 ) ) ;
#570 = VECTOR ( 'NONE', #1423, 1000.000000000000100 ) ;
#571 = ORIENTED_EDGE ( 'NONE', *, *, #1146, .T. ) ;
#572 = LINE ( 'NONE', #4318, #3185 ) ;
#573 = FACE_OUTER_BOUND ( 'NONE', #1808, .T. ) ;
#574 = CARTESIAN_POINT ( 'NONE',  ( 0.6926802116013895900, 0.4195329181885938400, 0.5153891604683120700 ) ) ;
#575 = EDGE_CURVE ( 'NONE', #711, #2381, #5123, .T. ) ;
#576 = DIRECTION ( 'NONE',  ( -5.551115123125782700E-017, 5.551115123125782700E-017, 1.000000000000000000 ) ) ;
#577 = EDGE_CURVE ( 'NONE', #6362, #3646, #896, .T. ) ;
#578 = EDGE_LOOP ( 'NONE', ( #4102, #736, #3479, #789 ) ) ;
#579 = LINE ( 'NONE', #4728, #246 ) ;
#580 = CARTESIAN_POINT ( 'NONE',  ( 0.1100000000000000000, -1.355252715606880500E-017, 0.9300000000000001600 ) ) ;
#581 = CARTESIAN_POINT ( 'NONE',  ( -0.3950000000000001300, 1.040000000000000000, -2.550000000000000700 ) ) ;
#582 = CARTESIAN_POINT ( 'NONE',  ( 0.1300000000000000600, 0.2349999999999998500, -1.103488372093023500 ) ) ;
#583 = CARTESIAN_POINT ( 'NONE',  ( -0.5595836943965737400, 1.159999999999999900, -0.9500000000000002900 ) ) ;
#584 = CARTESIAN_POINT ( 'NONE',  ( 0.6500000000000000200, 1.159999999999999900, -0.1250000000000001100 ) ) ;
#585 = COORDINATED_UNIVERSAL_TIME_OFFSET ( 9, 0, .AHEAD. ) ;
#586 = ADVANCED_FACE ( 'NONE', ( #3472 ), #6058, .T. ) ;
#587 = ADVANCED_FACE ( 'NONE', ( #2030 ), #4055, .F. ) ;
#588 = ORIENTED_EDGE ( 'NONE', *, *, #6234, .T. ) ;
#589 = LINE ( 'NONE', #3014, #6306 ) ;
#590 = CARTESIAN_POINT ( 'NONE',  ( -0.7144586524009658400, 0.3048868119096526700, 0.2970228414506273500 ) ) ;
#591 = LINE ( 'NONE', #1794, #2083 ) ;
#592 = CARTESIAN_POINT ( 'NONE',  ( -0.02506318850087647600, 0.006715661118559005900, -2.100000000000000500 ) ) ;
#593 = ORIENTED_EDGE ( 'NONE', *, *, #4428, .T. ) ;
#594 = CARTESIAN_POINT ( 'NONE',  ( -0.2556856015201488500, 1.159999999999999900, 0.7142364707906673200 ) ) ;
#595 = ORIENTED_EDGE ( 'NONE', *, *, #1632, .T. ) ;
#596 = DIRECTION ( 'NONE',  ( 0.7706247876320204700, -0.06731278470167981200, -0.6337242505244757900 ) ) ;
#597 = VERTEX_POINT ( 'NONE', #4092 ) ;
#598 = CARTESIAN_POINT ( 'NONE',  ( 0.1999999999999999000, 0.1499999999999999900, -0.8400000000000001900 ) ) ;
#599 = DIRECTION ( 'NONE',  ( 1.110223024625156400E-016, 0.0000000000000000000, 1.000000000000000000 ) ) ;
#600 = DIRECTION ( 'NONE',  ( 0.7071067811865465700, 0.0000000000000000000, 0.7071067811865485700 ) ) ;
#601 = DIRECTION ( 'NONE',  ( 5.551115123125782700E-017, -5.551115123125782700E-017, -1.000000000000000000 ) ) ;
#602 = ORIENTED_EDGE ( 'NONE', *, *, #6553, .T. ) ;
#603 = CARTESIAN_POINT ( 'NONE',  ( -0.6300000000000002300, 0.8599999999999998800, -0.9500000000000002900 ) ) ;
#604 = CARTESIAN_POINT ( 'NONE',  ( 0.6984483950146478400, 0.2599999999999945100, 0.5187194227146912900 ) ) ;
#605 = VERTEX_POINT ( 'NONE', #4643 ) ;
#606 = VECTOR ( 'NONE', #5136, 1000.000000000000100 ) ;
#607 = CARTESIAN_POINT ( 'NONE',  ( 0.07013229659958383800, 1.159999999999999900, 0.7299999999999997600 ) ) ;
#608 = CARTESIAN_POINT ( 'NONE',  ( -0.9999999999999997800, -1.355252715606880500E-017, 0.7000000000000000700 ) ) ;
#609 = EDGE_CURVE ( 'NONE', #5207, #5745, #6249, .T. ) ;
#610 = ORIENTED_EDGE ( 'NONE', *, *, #6644, .T. ) ;
#611 = ADVANCED_FACE ( 'NONE', ( #713 ), #5983, .T. ) ;
#612 = CIRCLE ( 'NONE', #1803, 0.9122618261740693700 ) ;
#613 = ADVANCED_FACE ( 'NONE', ( #3300 ), #4986, .T. ) ;
#614 = CARTESIAN_POINT ( 'NONE',  ( 0.5649999999999988400, 0.9900000000000002100, -2.099999999999999600 ) ) ;
#615 = VERTEX_POINT ( 'NONE', #4740 ) ;
#616 = DIRECTION ( 'NONE',  ( 1.000000000000000000, 0.0000000000000000000, 0.0000000000000000000 ) ) ;
#617 = DIRECTION ( 'NONE',  ( -0.7071067811865474600, 0.0000000000000000000, -0.7071067811865474600 ) ) ;
#618 = VERTEX_POINT ( 'NONE', #334 ) ;
#619 = ORIENTED_EDGE ( 'NONE', *, *, #206, .T. ) ;
#620 = LINE ( 'NONE', #2348, #3571 ) ;
#621 = VECTOR ( 'NONE', #6351, 1000.000000000000000 ) ;
#622 = DIRECTION ( 'NONE',  ( -5.551115123125782700E-017, 5.551115123125782700E-017, 1.000000000000000000 ) ) ;
#623 = ORIENTED_EDGE ( 'NONE', *, *, #1493, .T. ) ;
#624 = DIRECTION ( 'NONE',  ( 0.0000000000000000000, -1.000000000000000000, -5.551115123125782700E-017 ) ) ;
#625 = CARTESIAN_POINT ( 'NONE',  ( -0.4599999999999998000, 1.159999999999999900, -0.9500000000000002900 ) ) ;
#626 = AXIS2_PLACEMENT_3D ( 'NONE', #6150, #6602, #6487 ) ;
#627 = CARTESIAN_POINT ( 'NONE',  ( 0.4949999999999997700, 0.8599999999999996500, -0.9500000000000004000 ) ) ;
#628 = EDGE_CURVE ( 'NONE', #3937, #4883, #537, .T. ) ;
#629 = ORIENTED_EDGE ( 'NONE', *, *, #6803, .T. ) ;
#630 = ORIENTED_EDGE ( 'NONE', *, *, #6383, .F. ) ;
#631 = VERTEX_POINT ( 'NONE', #2528 ) ;
#632 = LINE ( 'NONE', #5734, #4885 ) ;
#633 = ORIENTED_EDGE ( 'NONE', *, *, #6553, .F. ) ;
#634 = CARTESIAN_POINT ( 'NONE',  ( 0.6468044773754125800, 0.9899999999999999900, 0.6113460297140395100 ) ) ;
#635 = EDGE_LOOP ( 'NONE', ( #1042, #3226, #3909, #476 ) ) ;
#636 = VERTEX_POINT ( 'NONE', #474 ) ;
#637 = CARTESIAN_POINT ( 'NONE',  ( 0.7120157690046435800, 0.4513917560047873700, 0.5265525497400116400 ) ) ;
#638 = DIRECTION ( 'NONE',  ( 1.000000000000000000, 0.0000000000000000000, -5.551115123125782700E-017 ) ) ;
#639 = EDGE_LOOP ( 'NONE', ( #149, #1788, #4682 ) ) ;
#640 = VECTOR ( 'NONE', #1214, 1000.000000000000100 ) ;
#641 = EDGE_CURVE ( 'NONE', #173, #1935, #1838, .T. ) ;
#642 = DIRECTION ( 'NONE',  ( 0.0000000000000000000, -1.000000000000000000, -5.551115123125782700E-017 ) ) ;
#643 = CARTESIAN_POINT ( 'NONE',  ( -0.2093241316039303700, 1.039999999999999600, 0.7299999999999997600 ) ) ;
#644 = ORIENTED_EDGE ( 'NONE', *, *, #4014, .T. ) ;
#645 = LINE ( 'NONE', #1407, #3597 ) ;
#646 = ORIENTED_EDGE ( 'NONE', *, *, #719, .F. ) ;
#647 = CARTESIAN_POINT ( 'NONE',  ( -0.4949999999999998800, 0.6099999999999998800, -1.950000000000000400 ) ) ;
#648 = DIRECTION ( 'NONE',  ( -5.551115123125782700E-017, -5.551115123125782700E-017, -1.000000000000000000 ) ) ;
#649 = AXIS2_PLACEMENT_3D ( 'NONE', #379, #4250, #937 ) ;
#650 = CARTESIAN_POINT ( 'NONE',  ( 0.1100000000000000000, -1.355252715606880500E-017, 1.000000000000000000 ) ) ;
#651 = PLANE ( 'NONE',  #3507 ) ;
#652 = LINE ( 'NONE', #614, #3417 ) ;
#653 = ADVANCED_FACE ( 'NONE', ( #1670 ), #867, .F. ) ;
#654 = ORIENTED_EDGE ( 'NONE', *, *, #4261, .F. ) ;
#655 = LINE ( 'NONE', #4507, #134 ) ;
#656 = VECTOR ( 'NONE', #6155, 1000.000000000000000 ) ;
#657 = ADVANCED_FACE ( 'NONE', ( #4605 ), #887, .T. ) ;
#658 = DIRECTION ( 'NONE',  ( -0.4999999999999968400, -0.8660254037844404800, 1.443289932012703100E-015 ) ) ;
#659 = PLANE ( 'NONE',  #3813 ) ;
#660 = FACE_BOUND ( 'NONE', #4254, .T. ) ;
#661 = VERTEX_POINT ( 'NONE', #1464 ) ;
#662 = CIRCLE ( 'NONE', #911, 0.05000000000000002400 ) ;
#663 = CARTESIAN_POINT ( 'NONE',  ( -0.4000000000000001900, 1.159999999999999900, -1.350000000000000100 ) ) ;
#664 = ORIENTED_EDGE ( 'NONE', *, *, #4663, .T. ) ;
#665 = CIRCLE ( 'NONE', #7108, 0.8899999999999996800 ) ;
#666 = CARTESIAN_POINT ( 'NONE',  ( 0.5649999999999990600, 1.089583694396573800, -2.099999999999998800 ) ) ;
#667 = DIRECTION ( 'NONE',  ( -5.551115123125782700E-017, 5.551115123125782700E-017, 1.000000000000000000 ) ) ;
#668 = DIRECTION ( 'NONE',  ( -2.720046410331633500E-015, 0.0000000000000000000, -1.000000000000000000 ) ) ;
#669 = CARTESIAN_POINT ( 'NONE',  ( -0.3349999999999985800, 0.4597520861406807500, -2.400000000000000800 ) ) ;
#670 = EDGE_CURVE ( 'NONE', #6063, #3418, #6083, .T. ) ;
#671 = DIRECTION ( 'NONE',  ( -1.000000000000000000, 0.0000000000000000000, 5.551115123125782700E-017 ) ) ;
#672 = LINE ( 'NONE', #2756, #1996 ) ;
#673 = EDGE_CURVE ( 'NONE', #6916, #2331, #378, .T. ) ;
#674 = EDGE_LOOP ( 'NONE', ( #7017, #3930, #1097, #3348 ) ) ;
#675 = CYLINDRICAL_SURFACE ( 'NONE', #5913, 0.1699999999999999000 ) ;
#676 = CARTESIAN_POINT ( 'NONE',  ( -9.629649721936179300E-032, 0.3971892336110938200, -4.336808689942017700E-016 ) ) ;
#677 = DIRECTION ( 'NONE',  ( -1.000000000000000000, 0.0000000000000000000, 0.0000000000000000000 ) ) ;
#678 = CARTESIAN_POINT ( 'NONE',  ( 0.9700000000000046400, -1.335891962526782200E-017, -0.6999999999999934100 ) ) ;
#679 = DIRECTION ( 'NONE',  ( 6.453584360032764700E-018, 1.000000000000000000, 4.717756710106837400E-032 ) ) ;
#680 = ORIENTED_EDGE ( 'NONE', *, *, #7018, .T. ) ;
#681 = LINE ( 'NONE', #7098, #5092 ) ;
#682 = VERTEX_POINT ( 'NONE', #1638 ) ;
#683 = EDGE_CURVE ( 'NONE', #6076, #2834, #1511, .T. ) ;
#684 = CARTESIAN_POINT ( 'NONE',  ( 0.3349999999999986300, 0.4597520861406806400, -2.400000000000000800 ) ) ;
#685 = AXIS2_PLACEMENT_3D ( 'NONE', #2599, #2755, #3070 ) ;
#686 = ORIENTED_EDGE ( 'NONE', *, *, #4732, .T. ) ;
#687 = VERTEX_POINT ( 'NONE', #2619 ) ;
#688 = CARTESIAN_POINT ( 'NONE',  ( -6.050235337530714500E-020, 0.1999999999999998200, 0.0000000000000000000 ) ) ;
#689 = VERTEX_POINT ( 'NONE', #2035 ) ;
#690 = ADVANCED_FACE ( 'NONE', ( #194 ), #2799, .T. ) ;
#691 = VERTEX_POINT ( 'NONE', #2730 ) ;
#692 = ADVANCED_FACE ( 'NONE', ( #1333 ), #7035, .T. ) ;
#693 = CARTESIAN_POINT ( 'NONE',  ( 0.7110661682271050000, 0.3070215650412648200, 0.2950641897996270100 ) ) ;
#694 = ORIENTED_EDGE ( 'NONE', *, *, #3786, .F. ) ;
#695 = LINE ( 'NONE', #3382, #1826 ) ;
#696 = DIRECTION ( 'NONE',  ( 1.000000000000000000, 0.0000000000000000000, 0.0000000000000000000 ) ) ;
#697 = DIRECTION ( 'NONE',  ( -0.0000000000000000000, -1.000000000000000000, -2.112428377659777000E-033 ) ) ;
#698 = DIRECTION ( 'NONE',  ( 0.0000000000000000000, 1.000000000000000000, 0.0000000000000000000 ) ) ;
#699 = DIRECTION ( 'NONE',  ( 0.0000000000000000000, 0.0000000000000000000, -1.000000000000000000 ) ) ;
#700 = CARTESIAN_POINT ( 'NONE',  ( 0.7941830889251375600, 0.3731984309669582600, 0.3430517663388482600 ) ) ;
#701 = DIRECTION ( 'NONE',  ( 0.0000000000000000000, 0.0000000000000000000, 1.000000000000000000 ) ) ;
#702 = EDGE_CURVE ( 'NONE', #605, #3589, #5730, .T. ) ;
#703 = ORIENTED_EDGE ( 'NONE', *, *, #5592, .T. ) ;
#704 = CARTESIAN_POINT ( 'NONE',  ( 0.1000000000000000100, -6.725844950221650100E-018, -1.000000000000000000 ) ) ;
#705 = EDGE_LOOP ( 'NONE', ( #193, #1241 ) ) ;
#706 = LINE ( 'NONE', #4818, #4954 ) ;
#707 = EDGE_CURVE ( 'NONE', #3646, #4231, #3468, .T. ) ;
#708 = AXIS2_PLACEMENT_3D ( 'NONE', #1352, #4705, #951 ) ;
#709 = CARTESIAN_POINT ( 'NONE',  ( -0.9999999999999997800, 0.1199999999999999800, 0.7000000000000000700 ) ) ;
#710 = CARTESIAN_POINT ( 'NONE',  ( 0.1920570140823642200, 0.1915600901423451000, -1.074624644612854200 ) ) ;
#711 = VERTEX_POINT ( 'NONE', #3141 ) ;
#712 = DIRECTION ( 'NONE',  ( 1.000000000000000000, 0.0000000000000000000, 0.0000000000000000000 ) ) ;
#713 = FACE_OUTER_BOUND ( 'NONE', #1096, .T. ) ;
#714 = CARTESIAN_POINT ( 'NONE',  ( -0.4000000000000000800, 1.159999999999999900, -1.850000000000000100 ) ) ;
#715 = CARTESIAN_POINT ( 'NONE',  ( -0.1084838940473662700, 0.4078480117061098500, -2.121898599359988600 ) ) ;
#716 = ORIENTED_EDGE ( 'NONE', *, *, #2401, .F. ) ;
#717 = PLANE ( 'NONE',  #1726 ) ;
#718 = EDGE_LOOP ( 'NONE', ( #3383, #3743, #2121, #1849 ) ) ;
#719 = EDGE_CURVE ( 'NONE', #5940, #5221, #5555, .T. ) ;
#720 = EDGE_LOOP ( 'NONE', ( #3723, #2969, #7121, #309 ) ) ;
#721 = LINE ( 'NONE', #2622, #3481 ) ;
#722 = DIRECTION ( 'NONE',  ( -4.163336342344336400E-017, -0.7559289460184529500, 0.6546536707079787500 ) ) ;
#723 = CONICAL_SURFACE ( 'NONE', #3211, 0.7300000000000002000, 1.124068230922840000 ) ;
#724 = ORIENTED_EDGE ( 'NONE', *, *, #3559, .F. ) ;
#725 = CARTESIAN_POINT ( 'NONE',  ( -0.1100000000000000000, -1.355252715606880500E-017, 1.000000000000000000 ) ) ;
#726 = CARTESIAN_POINT ( 'NONE',  ( -0.7839771384619768100, 0.3971892336107952800, 0.3371593580916070200 ) ) ;
#727 = CARTESIAN_POINT ( 'NONE',  ( -4.336808689942017700E-016, 1.159999999999999900, 0.7299999999999997600 ) ) ;
#728 = ORIENTED_EDGE ( 'NONE', *, *, #1099, .F. ) ;
#729 = ORIENTED_EDGE ( 'NONE', *, *, #4800, .T. ) ;
#730 = DIRECTION ( 'NONE',  ( 5.551115123125782700E-017, 5.551115123125782700E-017, -1.000000000000000000 ) ) ;
#731 = VECTOR ( 'NONE', #7139, 1000.000000000000000 ) ;
#732 = CARTESIAN_POINT ( 'NONE',  ( 0.3549999999999983200, 0.4251110699893031500, -2.289999999999998300 ) ) ;
#733 = DIRECTION ( 'NONE',  ( 3.081487911019577400E-033, 1.000000000000000000, -5.551115123125782700E-017 ) ) ;
#734 = ADVANCED_FACE ( 'NONE', ( #1149 ), #2458, .T. ) ;
#735 = ORIENTED_EDGE ( 'NONE', *, *, #6835, .F. ) ;
#736 = ORIENTED_EDGE ( 'NONE', *, *, #5501, .T. ) ;
#737 = DIRECTION ( 'NONE',  ( -0.3535533905932721200, -0.6123724356957955800, 0.7071067811865474600 ) ) ;
#738 = LINE ( 'NONE', #2704, #5148 ) ;
#739 = CARTESIAN_POINT ( 'NONE',  ( -0.6500000000000001300, 1.159999999999999900, 0.1250000000000001100 ) ) ;
#740 = CIRCLE ( 'NONE', #2154, 0.7777381738259302500 ) ;
#741 = EDGE_LOOP ( 'NONE', ( #2189, #6403, #1209, #7027 ) ) ;
#742 = CIRCLE ( 'NONE', #3814, 0.4050150000000000700 ) ;
#743 = DIRECTION ( 'NONE',  ( 2.775557561562890600E-015, 0.0000000000000000000, -1.000000000000000000 ) ) ;
#744 = CARTESIAN_POINT ( 'NONE',  ( 0.1216025403784445800, 0.4289230484541331500, -1.020409781115728000 ) ) ;
#745 = CARTESIAN_POINT ( 'NONE',  ( 0.1157429718875505200, 0.2449799196787148000, -1.935742971887550700 ) ) ;
#746 = CIRCLE ( 'NONE', #2073, 0.7500000000000000000 ) ;
#747 = DIRECTION ( 'NONE',  ( 0.0000000000000000000, -1.000000000000000000, 0.0000000000000000000 ) ) ;
#748 = CARTESIAN_POINT ( 'NONE',  ( 0.7716194374161230400, 0.2743501913595832700, 0.3300246360662185100 ) ) ;
#749 = EDGE_LOOP ( 'NONE', ( #2435, #3148, #5479, #7103 ) ) ;
#750 = ORIENTED_EDGE ( 'NONE', *, *, #4119, .F. ) ;
#751 = LINE ( 'NONE', #4292, #6463 ) ;
#752 = LINE ( 'NONE', #7087, #414 ) ;
#753 = DIRECTION ( 'NONE',  ( 1.000000000000000000, 5.646886315028674300E-017, 0.0000000000000000000 ) ) ;
#754 = CARTESIAN_POINT ( 'NONE',  ( -0.7088630208681161400, 0.4430332029867954900, 0.5247323097547009800 ) ) ;
#755 = CARTESIAN_POINT ( 'NONE',  ( 0.0000000000000000000, 0.3030223961003282200, 0.0000000000000000000 ) ) ;
#756 = CARTESIAN_POINT ( 'NONE',  ( 0.1531543624161074400, 0.2187919463087247000, -0.9500000000000002900 ) ) ;
#757 = ORIENTED_EDGE ( 'NONE', *, *, #1001, .T. ) ;
#758 = VECTOR ( 'NONE', #6288, 1000.000000000000000 ) ;
#759 = DIRECTION ( 'NONE',  ( -1.000000000000000000, 0.0000000000000000000, 5.551115123125782700E-017 ) ) ;
#760 = DIRECTION ( 'NONE',  ( 1.000000000000000000, 0.0000000000000000000, 7.744301232039317700E-016 ) ) ;
#761 = CARTESIAN_POINT ( 'NONE',  ( -0.6857280241369091400, 0.3858964395677940100, 0.5113753131642372300 ) ) ;
#762 = ORIENTED_EDGE ( 'NONE', *, *, #2551, .T. ) ;
#763 = VECTOR ( 'NONE', #4098, 1000.000000000000000 ) ;
#764 = EDGE_LOOP ( 'NONE', ( #2504, #4032, #4769, #623, #484, #3130, #4633, #5438, #5566 ) ) ;
#765 = ADVANCED_FACE ( 'NONE', ( #5917 ), #3871, .T. ) ;
#766 = CIRCLE ( 'NONE', #3658, 0.7777381738259302500 ) ;
#767 = DIRECTION ( 'NONE',  ( 1.000000000000000000, -0.0000000000000000000, -7.744301232039317700E-016 ) ) ;
#768 = DIRECTION ( 'NONE',  ( -0.7071067811865465700, 2.364379667557471300E-017, 0.7071067811865485700 ) ) ;
#769 = VERTEX_POINT ( 'NONE', #4182 ) ;
#770 = DIRECTION ( 'NONE',  ( 5.551115123125782700E-017, 5.551115123125782700E-017, -1.000000000000000000 ) ) ;
#771 = DIRECTION ( 'NONE',  ( 4.457975010683620400E-016, -1.000000000000000000, 5.551115123125785200E-017 ) ) ;
#772 = EDGE_CURVE ( 'NONE', #1226, #3183, #6851, .T. ) ;
#773 = EDGE_CURVE ( 'NONE', #7085, #3402, #4090, .T. ) ;
#774 = DIRECTION ( 'NONE',  ( 5.551115123125782700E-017, -6.225863063831157200E-017, -1.000000000000000000 ) ) ;
#775 = EDGE_CURVE ( 'NONE', #3396, #5984, #5387, .T. ) ;
#776 = ORIENTED_EDGE ( 'NONE', *, *, #3533, .F. ) ;
#777 = DIRECTION ( 'NONE',  ( 1.554312234475219600E-015, 1.000000000000000000, -0.0000000000000000000 ) ) ;
#778 = ORIENTED_EDGE ( 'NONE', *, *, #4478, .F. ) ;
#779 = APPROVAL_ROLE ( '' ) ;
#780 = CARTESIAN_POINT ( 'NONE',  ( 1.355252715606868500E-017, 0.6400000000000003500, -2.450000000000000600 ) ) ;
#781 = PRODUCT_DEFINITION ( 'UNKNOWN', '', #2656, #5345 ) ;
#782 =( BOUNDED_SURFACE ( )  B_SPLINE_SURFACE ( 3, 1, ( 
 ( #4084, #4644 ),
 ( #5195, #1887 ),
 ( #5754, #2455 ),
 ( #6308, #3001 ) ),
 .UNSPECIFIED., .F., .F., .F. ) 
 B_SPLINE_SURFACE_WITH_KNOTS ( ( 4, 4 ),
 ( 2, 2 ),
 ( 0.0000000000000000000, 1.000000000000000000 ),
 ( 0.0000000000000000000, 1.000000000000000000 ),
 .UNSPECIFIED. ) 
 GEOMETRIC_REPRESENTATION_ITEM ( )  RATIONAL_B_SPLINE_SURFACE ( (
 ( 1.000000000000000000, 1.000000000000000000),
 ( 0.8047378541243649400, 0.8047378541243649400),
 ( 0.8047378541243649400, 0.8047378541243649400),
 ( 1.000000000000000000, 1.000000000000000000) ) ) 
 REPRESENTATION_ITEM ( '' )  SURFACE ( )  );
#783 = DIRECTION ( 'NONE',  ( 2.775557561562890600E-015, 0.0000000000000000000, -1.000000000000000000 ) ) ;
#784 = CARTESIAN_POINT ( 'NONE',  ( -1.355434222667006500E-016, 0.1200000000000000000, -0.9000000000000000200 ) ) ;
#785 = EDGE_CURVE ( 'NONE', #1494, #346, #973, .T. ) ;
#786 = ORIENTED_EDGE ( 'NONE', *, *, #4955, .F. ) ;
#787 = PLANE ( 'NONE',  #5036 ) ;
#788 = PLANE ( 'NONE',  #1916 ) ;
#789 = ORIENTED_EDGE ( 'NONE', *, *, #7031, .T. ) ;
#790 = LINE ( 'NONE', #5904, #3561 ) ;
#791 = DIRECTION ( 'NONE',  ( -0.8660254037844404800, 2.775557561562889800E-017, 0.4999999999999968900 ) ) ;
#792 = CARTESIAN_POINT ( 'NONE',  ( 0.9700000000000044100, -4.058245771276540600E-017, -0.6699999999999932700 ) ) ;
#793 = AXIS2_PLACEMENT_3D ( 'NONE', #2422, #6278, #2973 ) ;
#794 = B_SPLINE_CURVE_WITH_KNOTS ( 'NONE', 3,
 ( #4152, #276, #5264, #1954 ),
 .UNSPECIFIED., .F., .F.,
 ( 4, 4 ),
 ( 4.758340871765498300E-007, 0.0001029007701056669500 ),
 .UNSPECIFIED. ) ;
#795 = DIRECTION ( 'NONE',  ( 0.0000000000000000000, 1.000000000000000000, 0.0000000000000000000 ) ) ;
#796 = ORIENTED_EDGE ( 'NONE', *, *, #4624, .F. ) ;
#797 = CARTESIAN_POINT ( 'NONE',  ( -4.336808689942017700E-016, 1.159999999999999900, 0.7299999999999997600 ) ) ;
#798 = CARTESIAN_POINT ( 'NONE',  ( 0.0000000000000000000, 0.7899999999999999200, 4.385380947269367900E-017 ) ) ;
#799 = FACE_OUTER_BOUND ( 'NONE', #5614, .T. ) ;
#800 = ORIENTED_EDGE ( 'NONE', *, *, #5369, .F. ) ;
#801 = EDGE_CURVE ( 'NONE', #3513, #2813, #3741, .T. ) ;
#802 = CARTESIAN_POINT ( 'NONE',  ( 1.355252715606868500E-017, 0.6400000000000003500, -2.450000000000000600 ) ) ;
#803 = ORIENTED_EDGE ( 'NONE', *, *, #3913, .T. ) ;
#804 = ADVANCED_FACE ( 'NONE', ( #799 ), #4868, .T. ) ;
#805 = LINE ( 'NONE', #313, #2107 ) ;
#806 = DIRECTION ( 'NONE',  ( 5.551115123125782700E-017, -5.551115123125782700E-017, -1.000000000000000000 ) ) ;
#807 = CIRCLE ( 'NONE', #5791, 0.7500000000000001100 ) ;
#808 = AXIS2_PLACEMENT_3D ( 'NONE', #3939, #1733, #5605 ) ;
#809 = AXIS2_PLACEMENT_3D ( 'NONE', #823, #4696, #1393 ) ;
#810 = CARTESIAN_POINT ( 'NONE',  ( -0.7387712897465940100, 0.7900000000000000400, 0.6900000000000000600 ) ) ;
#811 = ORIENTED_EDGE ( 'NONE', *, *, #1560, .T. ) ;
#812 = DIRECTION ( 'NONE',  ( 3.025117668765123600E-019, -1.000000000000000000, 6.756096126909301100E-018 ) ) ;
#813 = ORIENTED_EDGE ( 'NONE', *, *, #3147, .F. ) ;
#814 = CARTESIAN_POINT ( 'NONE',  ( 0.09999999999999993600, 0.4135964705563004400, -0.8524416998331144600 ) ) ;
#815 = EDGE_LOOP ( 'NONE', ( #4816, #4184, #2185, #5329 ) ) ;
#816 = ORIENTED_EDGE ( 'NONE', *, *, #6884, .F. ) ;
#817 = LINE ( 'NONE', #4070, #2116 ) ;
#818 = ORIENTED_EDGE ( 'NONE', *, *, #6657, .F. ) ;
#819 = DIRECTION ( 'NONE',  ( -1.000000000000000000, 0.0000000000000000000, -3.097720492815726700E-015 ) ) ;
#820 = EDGE_CURVE ( 'NONE', #6352, #5812, #612, .T. ) ;
#821 = ORIENTED_EDGE ( 'NONE', *, *, #98, .F. ) ;
#822 = EDGE_CURVE ( 'NONE', #3585, #4549, #5035, .T. ) ;
#823 = CARTESIAN_POINT ( 'NONE',  ( -1.355252715606880500E-016, -6.756096126909301100E-018, -1.000000000000000000 ) ) ;
#824 = DIRECTION ( 'NONE',  ( 1.000000000000000000, -0.0000000000000000000, -0.0000000000000000000 ) ) ;
#825 = ORIENTED_EDGE ( 'NONE', *, *, #3146, .T. ) ;
#826 = VERTEX_POINT ( 'NONE', #1657 ) ;
#827 = VECTOR ( 'NONE', #1719, 1000.000000000000000 ) ;
#828 = CARTESIAN_POINT ( 'NONE',  ( 0.5649999999999986100, 0.8599999999999998800, -2.440000000000000400 ) ) ;
#829 = DIRECTION ( 'NONE',  ( 0.3535533905932728400, -0.6123724356957962500, 0.7071067811865464600 ) ) ;
#830 = DIRECTION ( 'NONE',  ( -5.551115123125782700E-017, 5.551115123125782700E-017, 1.000000000000000000 ) ) ;
#831 = ORIENTED_EDGE ( 'NONE', *, *, #2690, .T. ) ;
#832 = FACE_OUTER_BOUND ( 'NONE', #4722, .T. ) ;
#833 = CARTESIAN_POINT ( 'NONE',  ( -1.050000000000000700, 0.9899999999999999900, 0.5500000000000001600 ) ) ;
#834 = EDGE_CURVE ( 'NONE', #2900, #1845, #2101, .T. ) ;
#835 = CARTESIAN_POINT ( 'NONE',  ( 0.1000000000000000500, 0.4600000000000001300, -0.8820319016666949800 ) ) ;
#836 = DIRECTION ( 'NONE',  ( -0.7655403485066475400, 0.5358782439546530000, -0.3560652783751849200 ) ) ;
#837 = LINE ( 'NONE', #6720, #6373 ) ;
#838 = DIRECTION ( 'NONE',  ( -1.000000000000000000, 0.0000000000000000000, 5.551115123125782700E-017 ) ) ;
#839 = CARTESIAN_POINT ( 'NONE',  ( 1.050000000000000000, 0.9899999999999999900, 0.5499999999999997100 ) ) ;
#840 = VERTEX_POINT ( 'NONE', #2164 ) ;
#841 = FACE_OUTER_BOUND ( 'NONE', #2323, .T. ) ;
#842 = VECTOR ( 'NONE', #2788, 1000.000000000000000 ) ;
#843 = VERTEX_POINT ( 'NONE', #3097 ) ;
#844 = LINE ( 'NONE', #4825, #6556 ) ;
#845 = ADVANCED_FACE ( 'NONE', ( #456 ), #1028, .F. ) ;
#846 = VERTEX_POINT ( 'NONE', #1488 ) ;
#847 = VECTOR ( 'NONE', #5353, 1000.000000000000000 ) ;
#848 = DIRECTION ( 'NONE',  ( -0.4217307497155847700, 0.0000000000000000000, -0.9067211118885072400 ) ) ;
#849 = B_SPLINE_CURVE_WITH_KNOTS ( 'NONE', 3,
 ( #4899, #4831, #5296, #4851 ),
 .UNSPECIFIED., .F., .F.,
 ( 4, 4 ),
 ( 4.764981121717351300E-007, 0.0001029014341306622300 ),
 .UNSPECIFIED. ) ;
#850 = CARTESIAN_POINT ( 'NONE',  ( 0.7844929504666649000, 0.4031171847456860300, 0.3374571622913654600 ) ) ;
#851 = DIRECTION ( 'NONE',  ( -1.000000000000000000, 0.0000000000000000000, -3.097720492815726700E-015 ) ) ;
#852 = EDGE_CURVE ( 'NONE', #4248, #4936, #1933, .T. ) ;
#853 = PLANE ( 'NONE',  #208 ) ;
#854 = DIRECTION ( 'NONE',  ( 0.0000000000000000000, 1.000000000000000000, 0.0000000000000000000 ) ) ;
#855 = AXIS2_PLACEMENT_3D ( 'NONE', #3910, #1718, #5578 ) ;
#856 = ORIENTED_EDGE ( 'NONE', *, *, #822, .F. ) ;
#857 = CARTESIAN_POINT ( 'NONE',  ( -0.2645751311064595800, 1.087660585711987400, -1.850000000000000500 ) ) ;
#858 = VECTOR ( 'NONE', #2021, 1000.000000000000000 ) ;
#859 = CARTESIAN_POINT ( 'NONE',  ( -1.050000000000000000, 0.8600000000000001000, -0.5500000000000006000 ) ) ;
#860 = EDGE_CURVE ( 'NONE', #27, #3256, #6681, .T. ) ;
#861 = AXIS2_PLACEMENT_3D ( 'NONE', #5806, #6253, #5702 ) ;
#862 = CARTESIAN_POINT ( 'NONE',  ( -0.6278445005324558800, 0.7900000000000000400, 0.6900000000000000600 ) ) ;
#863 = VECTOR ( 'NONE', #5524, 1000.000000000000100 ) ;
#864 = CARTESIAN_POINT ( 'NONE',  ( 0.1000000000000001600, 0.4195329181894561500, -0.8575732401807042400 ) ) ;
#865 = VERTEX_POINT ( 'NONE', #7097 ) ;
#866 = CIRCLE ( 'NONE', #5538, 0.02999999999999997100 ) ;
#867 = PLANE ( 'NONE',  #5642 ) ;
#868 = ORIENTED_EDGE ( 'NONE', *, *, #5018, .F. ) ;
#869 = LINE ( 'NONE', #2095, #6572 ) ;
#870 = ORIENTED_EDGE ( 'NONE', *, *, #5851, .T. ) ;
#871 = CARTESIAN_POINT ( 'NONE',  ( -0.1000000000000000500, 0.3132173298194114200, -0.7539830267708148600 ) ) ;
#872 = CARTESIAN_POINT ( 'NONE',  ( 1.050000000000000300, 0.8599999999999999900, 0.5499999999999992700 ) ) ;
#873 = VERTEX_POINT ( 'NONE', #402 ) ;
#874 = PLANE ( 'NONE',  #7011 ) ;
#875 = CARTESIAN_POINT ( 'NONE',  ( 0.7352809876858335000, 0.3506307787036600500, 0.5399847300083517900 ) ) ;
#876 = EDGE_LOOP ( 'NONE', ( #4496, #6163, #4626, #3915, #4207, #1173, #5715, #2536, #6528, #2672, #821 ) ) ;
#877 = DIRECTION ( 'NONE',  ( 0.0000000000000000000, 0.0000000000000000000, 1.000000000000000000 ) ) ;
#878 = EDGE_CURVE ( 'NONE', #3570, #3753, #3222, .T. ) ;
#879 = DIRECTION ( 'NONE',  ( -1.000000000000000000, 0.0000000000000000000, 0.0000000000000000000 ) ) ;
#880 = DIRECTION ( 'NONE',  ( 0.0000000000000000000, -1.000000000000000000, -5.551115123125782700E-017 ) ) ;
#881 = VERTEX_POINT ( 'NONE', #7053 ) ;
#882 = LINE ( 'NONE', #2547, #4786 ) ;
#883 = CARTESIAN_POINT ( 'NONE',  ( 0.1000000000000000500, 0.3910052196464970400, -0.8479823687568478500 ) ) ;
#884 = PLANE ( 'NONE',  #5989 ) ;
#885 = EDGE_CURVE ( 'NONE', #3256, #2618, #285, .T. ) ;
#886 = DIRECTION ( 'NONE',  ( 1.000000000000000000, 0.0000000000000000000, 0.0000000000000000000 ) ) ;
#888 = VERTEX_POINT ( 'NONE', #6563 ) ;
#887 = PLANE ( 'NONE',  #6396 ) ;
#889 = DIRECTION ( 'NONE',  ( -0.8660254037844398200, -0.4999999999999980600, -5.551115123125782100E-017 ) ) ;
#890 = ORIENTED_EDGE ( 'NONE', *, *, #6754, .F. ) ;
#891 = LINE ( 'NONE', #5250, #3657 ) ;
#892 = CARTESIAN_POINT ( 'NONE',  ( -0.5649999999999985000, 0.7888417395787666900, -2.440000000000000800 ) ) ;
#893 = ORIENTED_EDGE ( 'NONE', *, *, #2266, .F. ) ;
#894 = VECTOR ( 'NONE', #3919, 1000.000000000000000 ) ;
#895 = PLANE ( 'NONE',  #3258 ) ;
#896 = B_SPLINE_CURVE_WITH_KNOTS ( 'NONE', 3,
 ( #4253, #493, #4164, #6641, #5545, #5550, #5504 ),
 .UNSPECIFIED., .F., .F.,
 ( 4, 3, 4 ),
 ( 0.0004349015718967892200, 0.0004533566123455748800, 0.0004809723194078386900 ),
 .UNSPECIFIED. ) ;
#897 = ORIENTED_EDGE ( 'NONE', *, *, #1786, .T. ) ;
#898 = CARTESIAN_POINT ( 'NONE',  ( -0.3349999999999985800, 0.4597520861406807500, -2.400000000000000800 ) ) ;
#899 = ORIENTED_EDGE ( 'NONE', *, *, #1823, .F. ) ;
#900 = ORIENTED_EDGE ( 'NONE', *, *, #4016, .T. ) ;
#901 = LINE ( 'NONE', #5807, #2196 ) ;
#902 = CARTESIAN_POINT ( 'NONE',  ( 0.6235355654234185900, 0.4599999999999998000, 0.2445283727085891800 ) ) ;
#903 = VECTOR ( 'NONE', #4921, 1000.000000000000000 ) ;
#904 = DIRECTION ( 'NONE',  ( 7.744301232039317700E-016, 0.0000000000000000000, 1.000000000000000000 ) ) ;
#905 = CARTESIAN_POINT ( 'NONE',  ( -0.1100000000000000000, -1.355252715606880500E-017, 1.000000000000000000 ) ) ;
#906 = ORIENTED_EDGE ( 'NONE', *, *, #3458, .F. ) ;
#907 = CARTESIAN_POINT ( 'NONE',  ( 0.1000000000000000500, 0.3943253452585101000, -0.8476617576370671900 ) ) ;
#908 = ORIENTED_EDGE ( 'NONE', *, *, #1001, .F. ) ;
#909 = DIRECTION ( 'NONE',  ( 0.0000000000000000000, -1.000000000000000000, -5.551115123125782700E-017 ) ) ;
#910 = ORIENTED_EDGE ( 'NONE', *, *, #773, .T. ) ;
#911 = AXIS2_PLACEMENT_3D ( 'NONE', #5933, #2625, #6479 ) ;
#912 = LINE ( 'NONE', #6631, #394 ) ;
#913 = DIRECTION ( 'NONE',  ( -1.000000000000000000, 0.0000000000000000000, 5.551115123125782700E-017 ) ) ;
#914 = ORIENTED_EDGE ( 'NONE', *, *, #5377, .F. ) ;
#915 = VERTEX_POINT ( 'NONE', #6509 ) ;
#916 = LINE ( 'NONE', #2685, #5337 ) ;
#917 = CARTESIAN_POINT ( 'NONE',  ( -0.5235355654234190600, 0.4600000000000000200, 0.4177334534654769700 ) ) ;
#918 = EDGE_CURVE ( 'NONE', #557, #6063, #1745, .T. ) ;
#919 = EDGE_CURVE ( 'NONE', #4072, #1307, #6336, .T. ) ;
#920 = EDGE_CURVE ( 'NONE', #5457, #6114, #1586, .T. ) ;
#921 = CARTESIAN_POINT ( 'NONE',  ( -0.1553284930203560600, 0.2690368417743760900, -2.180000000000000200 ) ) ;
#922 = DIRECTION ( 'NONE',  ( 5.551115123125782700E-017, -6.225863063831157200E-017, -1.000000000000000000 ) ) ;
#923 = CARTESIAN_POINT ( 'NONE',  ( 2.168404344971008900E-016, 0.7150000000000003000, -2.100000000000000100 ) ) ;
#924 = EDGE_LOOP ( 'NONE', ( #7009, #3606, #6009, #5199 ) ) ;
#925 = VECTOR ( 'NONE', #3602, 1000.000000000000000 ) ;
#926 = VERTEX_POINT ( 'NONE', #5942 ) ;
#927 = LINE ( 'NONE', #5674, #6627 ) ;
#928 = ORIENTED_EDGE ( 'NONE', *, *, #2710, .F. ) ;
#929 = DIRECTION ( 'NONE',  ( 0.0000000000000000000, 1.000000000000000000, 5.551115123125782700E-017 ) ) ;
#930 = PLANE ( 'NONE',  #1286 ) ;
#931 = EDGE_CURVE ( 'NONE', #1114, #6865, #4346, .T. ) ;
#932 = VECTOR ( 'NONE', #1348, 1000.000000000000000 ) ;
#933 = ORIENTED_EDGE ( 'NONE', *, *, #6057, .F. ) ;
#934 = ORIENTED_EDGE ( 'NONE', *, *, #2552, .T. ) ;
#935 = VECTOR ( 'NONE', #3158, 1000.000000000000100 ) ;
#936 = FACE_OUTER_BOUND ( 'NONE', #2606, .T. ) ;
#937 = DIRECTION ( 'NONE',  ( -3.330669073875474100E-016, 1.000000000000000000, -0.0000000000000000000 ) ) ;
#938 = CARTESIAN_POINT ( 'NONE',  ( -0.6500000000000000200, 1.040000000000000000, 0.1999999999999996500 ) ) ;
#939 = CARTESIAN_POINT ( 'NONE',  ( -0.5649999999999995000, 3.252606517456513300E-016, -2.099999999999998800 ) ) ;
#940 = VERTEX_POINT ( 'NONE', #5379 ) ;
#941 = VECTOR ( 'NONE', #2397, 1000.000000000000000 ) ;
#942 = AXIS2_PLACEMENT_3D ( 'NONE', #3707, #7016, #922 ) ;
#943 = DIRECTION ( 'NONE',  ( -5.551115123125783900E-017, 0.0000000000000000000, 1.000000000000000000 ) ) ;
#944 = ORIENTED_EDGE ( 'NONE', *, *, #5225, .F. ) ;
#945 = CIRCLE ( 'NONE', #4665, 0.8876825308395818200 ) ;
#946 = CARTESIAN_POINT ( 'NONE',  ( -0.5649999999999990600, 0.8099999999999997200, -2.099999999999998800 ) ) ;
#947 = CARTESIAN_POINT ( 'NONE',  ( 0.5649999999999988400, 0.7888417395787665800, -2.099999999999998800 ) ) ;
#948 = EDGE_CURVE ( 'NONE', #3883, #6254, #5827, .T. ) ;
#949 = ORIENTED_EDGE ( 'NONE', *, *, #3266, .T. ) ;
#950 = FACE_OUTER_BOUND ( 'NONE', #5871, .T. ) ;
#951 = DIRECTION ( 'NONE',  ( -5.551115123125782700E-017, 5.551115123125782700E-017, 1.000000000000000000 ) ) ;
#952 = EDGE_CURVE ( 'NONE', #2791, #2858, #849, .T. ) ;
#953 = VERTEX_POINT ( 'NONE', #5414 ) ;
#954 = AXIS2_PLACEMENT_3D ( 'NONE', #798, #854, #877 ) ;
#955 = AXIS2_PLACEMENT_3D ( 'NONE', #584, #4456, #1148 ) ;
#956 = CARTESIAN_POINT ( 'NONE',  ( -0.3187663801177712000, 0.2349999999999998500, -1.015690055759176600 ) ) ;
#957 = DIRECTION ( 'NONE',  ( 5.551115123125782700E-017, -6.231046968307496900E-017, -1.000000000000000000 ) ) ;
#958 = ORIENTED_EDGE ( 'NONE', *, *, #2855, .T. ) ;
#959 = EDGE_LOOP ( 'NONE', ( #3976, #1688, #3607, #2148, #1178, #4160, #3787, #2643 ) ) ;
#960 = CARTESIAN_POINT ( 'NONE',  ( 0.01450460097196653600, 0.3421296303934690000, -2.177111734246612900 ) ) ;
#961 = EDGE_CURVE ( 'NONE', #5336, #5390, #4509, .T. ) ;
#962 = EDGE_CURVE ( 'NONE', #6114, #6255, #1424, .T. ) ;
#963 = ADVANCED_FACE ( 'NONE', ( #2712 ), #5143, .F. ) ;
#964 = ORIENTED_EDGE ( 'NONE', *, *, #2363, .T. ) ;
#965 = CARTESIAN_POINT ( 'NONE',  ( -0.6300000000000003400, 0.9900000000000002100, -0.9500000000000002900 ) ) ;
#966 = CARTESIAN_POINT ( 'NONE',  ( -0.1000000000000001000, 0.4076084706679067900, -0.8492020868804642800 ) ) ;
#967 = CARTESIAN_POINT ( 'NONE',  ( 0.1449999999999986900, 0.7888417395787665800, -2.100000000000000100 ) ) ;
#968 = CARTESIAN_POINT ( 'NONE',  ( 0.5937196594791880300, 4.358069113906555500E-018, 0.4582542590614048800 ) ) ;
#969 = VERTEX_POINT ( 'NONE', #453 ) ;
#970 = FACE_OUTER_BOUND ( 'NONE', #6050, .T. ) ;
#971 = CARTESIAN_POINT ( 'NONE',  ( -0.03000000000000007900, 0.3549999999999999800, -1.150000000000000400 ) ) ;
#972 = CARTESIAN_POINT ( 'NONE',  ( -0.6926802116013899300, 0.4195329181885937300, 0.5153891604683120700 ) ) ;
#973 = LINE ( 'NONE', #5852, #2268 ) ;
#974 = CARTESIAN_POINT ( 'NONE',  ( -0.6278445005324558800, 0.7900000000000000400, 0.6900000000000000600 ) ) ;
#975 = ORIENTED_EDGE ( 'NONE', *, *, #2069, .F. ) ;
#976 = CARTESIAN_POINT ( 'NONE',  ( 0.6500000000000000200, 1.040000000000000000, 0.1999999999999996500 ) ) ;
#977 = DIRECTION ( 'NONE',  ( 1.000000000000000000, 0.0000000000000000000, 0.0000000000000000000 ) ) ;
#978 = ORIENTED_EDGE ( 'NONE', *, *, #4166, .F. ) ;
#979 = ORIENTED_EDGE ( 'NONE', *, *, #5972, .F. ) ;
#980 = LINE ( 'NONE', #2509, #6516 ) ;
#981 = TOROIDAL_SURFACE ( 'NONE', #5415, 0.8199999999999996200, 0.09999999999999995000 ) ;
#982 = ORIENTED_EDGE ( 'NONE', *, *, #1957, .T. ) ;
#983 = PLANE ( 'NONE',  #2491 ) ;
#984 = DIRECTION ( 'NONE',  ( -0.0000000000000000000, -0.0000000000000000000, -1.000000000000000000 ) ) ;
#985 = PLANE ( 'NONE',  #1044 ) ;
#987 = ORIENTED_EDGE ( 'NONE', *, *, #4990, .T. ) ;
#986 = ORIENTED_EDGE ( 'NONE', *, *, #1571, .T. ) ;
#988 = AXIS2_PLACEMENT_3D ( 'NONE', #2026, #5895, #2589 ) ;
#989 = ORIENTED_EDGE ( 'NONE', *, *, #3160, .F. ) ;
#990 = FACE_OUTER_BOUND ( 'NONE', #2466, .T. ) ;
#991 = DIRECTION ( 'NONE',  ( 5.551115123125782700E-017, -5.551115123125782700E-017, -1.000000000000000000 ) ) ;
#992 = DIRECTION ( 'NONE',  ( -3.025117668765123600E-019, 1.000000000000000000, -6.756096126909300300E-018 ) ) ;
#993 = AXIS2_PLACEMENT_3D ( 'NONE', #6980, #6935, #6906 ) ;
#994 = ORIENTED_EDGE ( 'NONE', *, *, #5838, .F. ) ;
#995 = ADVANCED_FACE ( 'NONE', ( #97 ), #7032, .F. ) ;
#996 = ORIENTED_EDGE ( 'NONE', *, *, #5665, .T. ) ;
#997 = ORIENTED_EDGE ( 'NONE', *, *, #4463, .F. ) ;
#998 = ORIENTED_EDGE ( 'NONE', *, *, #262, .T. ) ;
#999 = CARTESIAN_POINT ( 'NONE',  ( -0.5937196594789011500, 0.3222388905188985900, 0.4582542590612392900 ) ) ;
#1000 = VECTOR ( 'NONE', #576, 1000.000000000000000 ) ;
#1001 = EDGE_CURVE ( 'NONE', #6003, #3491, #7113, .T. ) ;
#1002 = CARTESIAN_POINT ( 'NONE',  ( -0.5450000000000000400, 0.8599999999999998800, -0.7658818446731851000 ) ) ;
#1003 = DIRECTION ( 'NONE',  ( 0.0000000000000000000, 0.0000000000000000000, 1.000000000000000000 ) ) ;
#1004 = LINE ( 'NONE', #6320, #6708 ) ;
#1005 = VERTEX_POINT ( 'NONE', #7013 ) ;
#1006 = FACE_OUTER_BOUND ( 'NONE', #1732, .T. ) ;
#1007 = CARTESIAN_POINT ( 'NONE',  ( 0.7984483950146471500, 0.2599999999999945100, 0.3455143419578031200 ) ) ;
#1008 = EDGE_LOOP ( 'NONE', ( #6611, #2281, #4423, #5293 ) ) ;
#1009 = DIRECTION ( 'NONE',  ( 0.0000000000000000000, -1.000000000000000000, -5.551115123125782700E-017 ) ) ;
#1010 = FACE_OUTER_BOUND ( 'NONE', #4780, .T. ) ;
#1011 = AXIS2_PLACEMENT_3D ( 'NONE', #2634, #2303, #3869 ) ;
#1012 = VERTEX_POINT ( 'NONE', #6520 ) ;
#1013 = ORIENTED_EDGE ( 'NONE', *, *, #673, .F. ) ;
#1014 = FACE_OUTER_BOUND ( 'NONE', #3773, .T. ) ;
#1015 = VECTOR ( 'NONE', #2807, 1000.000000000000000 ) ;
#1016 = EDGE_CURVE ( 'NONE', #77, #6784, #6940, .T. ) ;
#1017 = DIRECTION ( 'NONE',  ( 0.0000000000000000000, -1.000000000000000000, -5.551115123125782700E-017 ) ) ;
#1018 = CARTESIAN_POINT ( 'NONE',  ( -0.1000000000000001700, 0.3971892336110881500, -0.8475237969422329000 ) ) ;
#1019 = LINE ( 'NONE', #6433, #3789 ) ;
#1020 = CARTESIAN_POINT ( 'NONE',  ( 0.1000000000000001600, 0.3810179357589089100, -0.8522045459192497700 ) ) ;
#1021 = DIRECTION ( 'NONE',  ( 0.7071067811865460200, 1.177569344012827000E-016, 0.7071067811865490200 ) ) ;
#1022 = EDGE_CURVE ( 'NONE', #691, #2279, #4185, .T. ) ;
#1023 = DATE_AND_TIME ( #2515, #3961 ) ;
#1024 = DIRECTION ( 'NONE',  ( 5.551115123125782700E-017, -6.225863063831157200E-017, -1.000000000000000000 ) ) ;
#1025 = VERTEX_POINT ( 'NONE', #3738 ) ;
#1026 = FACE_OUTER_BOUND ( 'NONE', #4889, .T. ) ;
#1027 = CARTESIAN_POINT ( 'NONE',  ( 1.925929944387235900E-031, 1.039999999999999600, 0.0000000000000000000 ) ) ;
#1028 = PLANE ( 'NONE',  #3278 ) ;
#1029 = CARTESIAN_POINT ( 'NONE',  ( 0.7387712897465943400, 0.7900000000000000400, 0.4567268055841937100 ) ) ;
#1030 = CARTESIAN_POINT ( 'NONE',  ( -0.1000000000000000500, 0.4480841425009170500, -0.8780601195094999100 ) ) ;
#1031 = LINE ( 'NONE', #3826, #6731 ) ;
#1032 = ADVANCED_FACE ( 'NONE', ( #5308 ), #717, .T. ) ;
#1033 = AXIS2_PLACEMENT_3D ( 'NONE', #5359, #400, #957 ) ;
#1034 = EDGE_LOOP ( 'NONE', ( #1262, #2496, #1880, #1164 ) ) ;
#1035 = CIRCLE ( 'NONE', #2947, 0.1000000000000000500 ) ;
#1036 = CARTESIAN_POINT ( 'NONE',  ( 0.3349999999999985800, 0.4597520861406807500, -2.249999999999998700 ) ) ;
#1037 = ORIENTED_EDGE ( 'NONE', *, *, #1295, .F. ) ;
#1038 = CARTESIAN_POINT ( 'NONE',  ( -0.09999999999999982500, 0.3714726268337394400, -0.8620910957171568100 ) ) ;
#1039 = VERTEX_POINT ( 'NONE', #6450 ) ;
#1040 = CARTESIAN_POINT ( 'NONE',  ( -0.1216025403784446600, 0.4289230484541330400, -2.180000000000000200 ) ) ;
#1041 = ORIENTED_EDGE ( 'NONE', *, *, #4197, .F. ) ;
#1042 = ORIENTED_EDGE ( 'NONE', *, *, #6321, .F. ) ;
#1043 = AXIS2_PLACEMENT_3D ( 'NONE', #4167, #848, #4724 ) ;
#1044 = AXIS2_PLACEMENT_3D ( 'NONE', #4311, #1556, #5416 ) ;
#1045 = CARTESIAN_POINT ( 'NONE',  ( 0.1000000000000001600, 0.3793690869829430300, -0.8534303659701110200 ) ) ;
#1046 = PLANE ( 'NONE',  #1382 ) ;
#1047 = ORIENTED_EDGE ( 'NONE', *, *, #2648, .T. ) ;
#1048 = CARTESIAN_POINT ( 'NONE',  ( -2.168404344971008900E-016, 1.159999999999999700, 0.0000000000000000000 ) ) ;
#1049 = CARTESIAN_POINT ( 'NONE',  ( 0.2999999999999999300, 1.159999999999999700, -2.450000000000000600 ) ) ;
#1050 = DIRECTION ( 'NONE',  ( 1.000000000000000000, 0.0000000000000000000, 0.0000000000000000000 ) ) ;
#1051 = CARTESIAN_POINT ( 'NONE',  ( 0.4600000000000000200, -3.252606517456513300E-016, -0.9500000000000002900 ) ) ;
#1052 = CARTESIAN_POINT ( 'NONE',  ( -0.09999999999999982500, 0.2820617996671742600, -0.8165924633238429400 ) ) ;
#1053 = ORIENTED_EDGE ( 'NONE', *, *, #2169, .F. ) ;
#1054 = LINE ( 'NONE', #3956, #6756 ) ;
#1055 = CARTESIAN_POINT ( 'NONE',  ( -0.1100000000000000000, 0.09999999999999999200, 0.9300000000000001600 ) ) ;
#1056 = EDGE_CURVE ( 'NONE', #3922, #2201, #5469, .T. ) ;
#1057 = EDGE_CURVE ( 'NONE', #6856, #5648, #1418, .T. ) ;
#1058 = ORIENTED_EDGE ( 'NONE', *, *, #4014, .F. ) ;
#1059 = ORIENTED_EDGE ( 'NONE', *, *, #2055, .F. ) ;
#1060 = VECTOR ( 'NONE', #5829, 1000.000000000000000 ) ;
#1061 = DIRECTION ( 'NONE',  ( -0.2588190451025259000, 0.9659258262890669800, -8.326672684688672800E-017 ) ) ;
#1062 = DIRECTION ( 'NONE',  ( -0.4999999999999968400, -0.8660254037844404800, 0.0000000000000000000 ) ) ;
#1063 = EDGE_CURVE ( 'NONE', #2785, #6956, #6760, .T. ) ;
#1064 = VERTEX_POINT ( 'NONE', #5946 ) ;
#1065 = ADVANCED_FACE ( 'NONE', ( #5114 ), #983, .T. ) ;
#1066 = LINE ( 'NONE', #1310, #6764 ) ;
#1067 = AXIS2_PLACEMENT_3D ( 'NONE', #5271, #4790, #4766 ) ;
#1068 = CARTESIAN_POINT ( 'NONE',  ( 0.1000000000000001600, 0.3766592317967467600, -0.8554449805730930400 ) ) ;
#1069 = ORIENTED_EDGE ( 'NONE', *, *, #3687, .F. ) ;
#1070 = CARTESIAN_POINT ( 'NONE',  ( 0.1216025403784446600, 0.4289230484541330900, -2.180000000000000200 ) ) ;
#1071 = CARTESIAN_POINT ( 'NONE',  ( -0.2769310333988050400, 0.1598862066797567800, -2.099999999999999600 ) ) ;
#1072 = ORIENTED_EDGE ( 'NONE', *, *, #6472, .T. ) ;
#1073 = VECTOR ( 'NONE', #6855, 1000.000000000000000 ) ;
#1074 = DIRECTION ( 'NONE',  ( 0.0000000000000000000, 1.000000000000000000, 5.551115123125782700E-017 ) ) ;
#1075 = LINE ( 'NONE', #374, #6773 ) ;
#1076 = DIRECTION ( 'NONE',  ( -5.551115123125783900E-017, 0.0000000000000000000, 1.000000000000000000 ) ) ;
#1077 = CARTESIAN_POINT ( 'NONE',  ( 0.5235355654234189500, 0.4600000000000002400, 0.4177334534654769700 ) ) ;
#1078 = ORIENTED_EDGE ( 'NONE', *, *, #6948, .T. ) ;
#1079 = CARTESIAN_POINT ( 'NONE',  ( 0.8800000000000000000, 0.1999999999999998200, 0.8400000000000001900 ) ) ;
#1080 = DIRECTION ( 'NONE',  ( 5.551115123125782700E-017, -5.942384858043084500E-017, -1.000000000000000000 ) ) ;
#1081 = VERTEX_POINT ( 'NONE', #3192 ) ;
#1082 = EDGE_LOOP ( 'NONE', ( #6499, #51, #1848, #6560, #2037 ) ) ;
#1083 = VECTOR ( 'NONE', #250, 1000.000000000000000 ) ;
#1084 = EDGE_CURVE ( 'NONE', #1879, #6227, #6589, .T. ) ;
#1085 = ORIENTED_EDGE ( 'NONE', *, *, #450, .T. ) ;
#1086 = CARTESIAN_POINT ( 'NONE',  ( 0.3349999999999986300, 0.4597520861406806400, -2.400000000000000800 ) ) ;
#1087 = EDGE_CURVE ( 'NONE', #1324, #6422, #891, .T. ) ;
#1088 = DIRECTION ( 'NONE',  ( 3.025117668765359500E-019, -1.000000000000000000, -0.0000000000000000000 ) ) ;
#1089 = ORIENTED_EDGE ( 'NONE', *, *, #3495, .F. ) ;
#1090 = AXIS2_PLACEMENT_3D ( 'NONE', #5910, #5153, #1518 ) ;
#1091 = AXIS2_PLACEMENT_3D ( 'NONE', #2878, #6722, #6742 ) ;
#1092 = FACE_OUTER_BOUND ( 'NONE', #1646, .T. ) ;
#1093 = ORIENTED_EDGE ( 'NONE', *, *, #1204, .T. ) ;
#1094 = PLANE ( 'NONE',  #5815 ) ;
#1095 = VECTOR ( 'NONE', #4697, 1000.000000000000000 ) ;
#1096 = EDGE_LOOP ( 'NONE', ( #4515, #7041, #556, #5679, #2240, #6832 ) ) ;
#1097 = ORIENTED_EDGE ( 'NONE', *, *, #4064, .T. ) ;
#1098 = VECTOR ( 'NONE', #1806, 1000.000000000000000 ) ;
#1099 = EDGE_CURVE ( 'NONE', #687, #3256, #706, .T. ) ;
#1100 = DIRECTION ( 'NONE',  ( -1.000000000000000000, 0.0000000000000000000, 0.0000000000000000000 ) ) ;
#1101 = DIRECTION ( 'NONE',  ( 8.003450351927819400E-032, 1.000000000000000000, -5.739982441535745900E-017 ) ) ;
#1102 = DIRECTION ( 'NONE',  ( -0.0000000000000000000, -1.000000000000000000, 0.0000000000000000000 ) ) ;
#1103 = DIRECTION ( 'NONE',  ( -0.9670961853396489200, 0.0000000000000000000, -0.2544110223663652600 ) ) ;
#1104 = DIRECTION ( 'NONE',  ( -1.000000000000000000, 0.0000000000000000000, 5.551115123125782700E-017 ) ) ;
#1105 = VECTOR ( 'NONE', #5201, 1000.000000000000000 ) ;
#1106 = CARTESIAN_POINT ( 'NONE',  ( -1.084202172485502800E-016, 0.6099999999999998800, -4.336808689942017700E-016 ) ) ;
#1107 = ORIENTED_EDGE ( 'NONE', *, *, #5974, .T. ) ;
#1108 = ADVANCED_FACE ( 'NONE', ( #3821 ), #4694, .F. ) ;
#1109 = EDGE_LOOP ( 'NONE', ( #4632, #2778, #1829 ) ) ;
#1110 = LINE ( 'NONE', #5897, #4044 ) ;
#1111 = TOROIDAL_SURFACE ( 'NONE', #190, 0.8199999999999996200, 0.09999999999999995000 ) ;
#1112 = ADVANCED_FACE ( 'NONE', ( #3466 ), #4219, .T. ) ;
#1113 = AXIS2_PLACEMENT_3D ( 'NONE', #7122, #4783, #5362 ) ;
#1114 = VERTEX_POINT ( 'NONE', #4109 ) ;
#1115 = FACE_OUTER_BOUND ( 'NONE', #5050, .T. ) ;
#1116 = DIRECTION ( 'NONE',  ( -1.000000000000000000, 0.0000000000000000000, 0.0000000000000000000 ) ) ;
#1117 = CARTESIAN_POINT ( 'NONE',  ( 0.3949999999999986300, 1.159999999999999900, -2.099999999999999600 ) ) ;
#1118 = VECTOR ( 'NONE', #2412, 999.9999999999998900 ) ;
#1119 = EDGE_LOOP ( 'NONE', ( #1304, #3125, #1628, #5486 ) ) ;
#1120 = VECTOR ( 'NONE', #2352, 1000.000000000000000 ) ;
#1121 = CARTESIAN_POINT ( 'NONE',  ( 0.0000000000000000000, 0.7900000000000000400, 0.0000000000000000000 ) ) ;
#1122 = CARTESIAN_POINT ( 'NONE',  ( -0.5249999999999986900, 0.7888417395787666900, -2.400000000000000800 ) ) ;
#1123 = EDGE_LOOP ( 'NONE', ( #2946, #2640, #1047, #4577 ) ) ;
#1124 = CIRCLE ( 'NONE', #321, 0.8534029449114197700 ) ;
#1125 = ORIENTED_EDGE ( 'NONE', *, *, #1572, .F. ) ;
#1126 = DIRECTION ( 'NONE',  ( 0.0000000000000000000, 1.000000000000000000, 0.0000000000000000000 ) ) ;
#1127 = DIRECTION ( 'NONE',  ( 0.4999999999999975600, -0.8660254037844400400, 1.484923295436146700E-015 ) ) ;
#1128 = DIRECTION ( 'NONE',  ( 5.551115123125782700E-017, -6.225863063831157200E-017, -1.000000000000000000 ) ) ;
#1129 = CARTESIAN_POINT ( 'NONE',  ( 0.5249999999999985800, 0.8599999999999998800, -2.249999999999998700 ) ) ;
#1130 = CARTESIAN_POINT ( 'NONE',  ( -0.8123860577939306900, 0.4531182340343729000, 0.3535612553152968600 ) ) ;
#1131 = ORIENTED_EDGE ( 'NONE', *, *, #5224, .T. ) ;
#1132 = ORIENTED_EDGE ( 'NONE', *, *, #577, .T. ) ;
#1133 = DIRECTION ( 'NONE',  ( -0.9670961853396489200, 5.551115123125782100E-017, -0.2544110223663652600 ) ) ;
#1134 = ORIENTED_EDGE ( 'NONE', *, *, #217, .T. ) ;
#1135 = ADVANCED_FACE ( 'NONE', ( #6243 ), #3721, .T. ) ;
#1136 = ADVANCED_FACE ( 'NONE', ( #6425 ), #6077, .T. ) ;
#1137 = CARTESIAN_POINT ( 'NONE',  ( 0.6905726810106813700, 0.4173672208542932900, 0.5141723771144408600 ) ) ;
#1138 = VERTEX_POINT ( 'NONE', #3047 ) ;
#1139 = CIRCLE ( 'NONE', #6922, 0.05000000000000002400 ) ;
#1140 = CARTESIAN_POINT ( 'NONE',  ( 0.4450867052023119200, 0.6099999999999998800, -0.9569364161849719400 ) ) ;
#1141 = CARTESIAN_POINT ( 'NONE',  ( -0.3950000000000000700, 1.159999999999999500, -2.700000000000000600 ) ) ;
#1142 = DIRECTION ( 'NONE',  ( -2.775557561562890600E-015, -0.0000000000000000000, 1.000000000000000000 ) ) ;
#1143 = CARTESIAN_POINT ( 'NONE',  ( -0.5649999999999985000, 0.7888417395787666900, -2.440000000000000800 ) ) ;
#1144 = CARTESIAN_POINT ( 'NONE',  ( -0.4599999999999998000, 1.159999999999999700, -0.9500000000000002900 ) ) ;
#1145 = EDGE_CURVE ( 'NONE', #3589, #2113, #371, .T. ) ;
#1146 = EDGE_CURVE ( 'NONE', #3820, #5940, #2025, .T. ) ;
#1147 = ORIENTED_EDGE ( 'NONE', *, *, #5410, .F. ) ;
#1148 = DIRECTION ( 'NONE',  ( 0.0000000000000000000, -1.000000000000000000, -8.881784197001252300E-016 ) ) ;
#1150 = ORIENTED_EDGE ( 'NONE', *, *, #2662, .F. ) ;
#1149 = FACE_OUTER_BOUND ( 'NONE', #5593, .T. ) ;
#1151 = EDGE_CURVE ( 'NONE', #5241, #4072, #3292, .T. ) ;
#1152 = ORIENTED_EDGE ( 'NONE', *, *, #1601, .T. ) ;
#1153 = DIRECTION ( 'NONE',  ( -5.551115123125782700E-017, 5.551115123125782700E-017, 1.000000000000000000 ) ) ;
#1154 = APPROVAL ( #2989, 'UNSPECIFIED' ) ;
#1155 = DIRECTION ( 'NONE',  ( -2.720046410331633500E-015, 0.0000000000000000000, -1.000000000000000000 ) ) ;
#1156 = ORIENTED_EDGE ( 'NONE', *, *, #1328, .F. ) ;
#1157 = EDGE_LOOP ( 'NONE', ( #510, #1107, #906, #2659 ) ) ;
#1158 = LINE ( 'NONE', #52, #5742 ) ;
#1159 = CIRCLE ( 'NONE', #3555, 0.1699999999999997900 ) ;
#1160 = CARTESIAN_POINT ( 'NONE',  ( 0.5799999999999999600, 0.0000000000000000000, -0.8400000000000001900 ) ) ;
#1161 = DIRECTION ( 'NONE',  ( -5.551115123125782700E-017, 5.551115123125782700E-017, 1.000000000000000000 ) ) ;
#1162 = ORIENTED_EDGE ( 'NONE', *, *, #3884, .T. ) ;
#1163 = EDGE_CURVE ( 'NONE', #1669, #5783, #4602, .T. ) ;
#1164 = ORIENTED_EDGE ( 'NONE', *, *, #3875, .T. ) ;
#1165 = ORIENTED_EDGE ( 'NONE', *, *, #4048, .T. ) ;
#1166 = CARTESIAN_POINT ( 'NONE',  ( 0.6500000000000002400, 1.129999999999999900, -0.1250000000000001100 ) ) ;
#1167 = CIRCLE ( 'NONE', #1867, 0.7500000000000001100 ) ;
#1168 = PLANE ( 'NONE',  #855 ) ;
#1169 = EDGE_LOOP ( 'NONE', ( #5896, #4283, #1376, #3867 ) ) ;
#1170 = DIRECTION ( 'NONE',  ( -5.551115123125782700E-017, 5.551115123125782700E-017, 1.000000000000000000 ) ) ;
#1171 = CARTESIAN_POINT ( 'NONE',  ( 0.1449999999999986900, 0.7888417395787665800, -2.100000000000000100 ) ) ;
#1172 = VERTEX_POINT ( 'NONE', #2621 ) ;
#1173 = ORIENTED_EDGE ( 'NONE', *, *, #4401, .F. ) ;
#1174 = DIRECTION ( 'NONE',  ( 1.000000000000000000, 0.0000000000000000000, -5.551115123125782700E-017 ) ) ;
#1175 = LINE ( 'NONE', #2822, #6876 ) ;
#1176 = DIRECTION ( 'NONE',  ( -1.609823385706477400E-015, 1.000000000000000000, -5.551115123125783900E-017 ) ) ;
#1177 = DIRECTION ( 'NONE',  ( 0.0000000000000000000, 1.000000000000000000, 0.0000000000000000000 ) ) ;
#1178 = ORIENTED_EDGE ( 'NONE', *, *, #6474, .T. ) ;
#1179 = ADVANCED_FACE ( 'NONE', ( #529 ), #4326, .T. ) ;
#1180 = ADVANCED_FACE ( 'NONE', ( #1667 ), #186, .T. ) ;
#1181 = EDGE_CURVE ( 'NONE', #1845, #4640, #2966, .T. ) ;
#1182 = ORIENTED_EDGE ( 'NONE', *, *, #6941, .T. ) ;
#1183 = LINE ( 'NONE', #5709, #2497 ) ;
#1184 = CARTESIAN_POINT ( 'NONE',  ( 0.0000000000000000000, 0.2599999999999949600, 0.0000000000000000000 ) ) ;
#1185 = CARTESIAN_POINT ( 'NONE',  ( 0.7138620337916564700, 0.4600000000000000200, 0.5276184912117896100 ) ) ;
#1186 = AXIS2_PLACEMENT_3D ( 'NONE', #6806, #3489, #189 ) ;
#1187 = VECTOR ( 'NONE', #4919, 1000.000000000000000 ) ;
#1188 = ORIENTED_EDGE ( 'NONE', *, *, #2865, .F. ) ;
#1189 = VERTEX_POINT ( 'NONE', #965 ) ;
#1190 = CYLINDRICAL_SURFACE ( 'NONE', #3216, 0.3250000000000000100 ) ;
#1191 = LINE ( 'NONE', #3902, #1015 ) ;
#1192 = PLANE ( 'NONE',  #808 ) ;
#1193 = PLANE ( 'NONE',  #3087 ) ;
#1194 = EDGE_CURVE ( 'NONE', #4149, #3634, #5720, .T. ) ;
#1195 = CARTESIAN_POINT ( 'NONE',  ( -0.3949999999999987400, 1.159999999999999900, -2.099999999999999600 ) ) ;
#1196 = ORIENTED_EDGE ( 'NONE', *, *, #3874, .F. ) ;
#1197 = LINE ( 'NONE', #2583, #3958 ) ;
#1198 = EDGE_CURVE ( 'NONE', #687, #5322, #13, .T. ) ;
#1199 = CARTESIAN_POINT ( 'NONE',  ( 0.1287283372325176100, 0.4165808062584594500, -2.100000000000000100 ) ) ;
#1200 = CARTESIAN_POINT ( 'NONE',  ( -0.09532849302035624500, 0.1651137933202432000, -2.100000000000000500 ) ) ;
#1201 = PERSON_AND_ORGANIZATION ( #2677, #1484 ) ;
#1202 = EDGE_LOOP ( 'NONE', ( #4527, #3403, #803, #6339 ) ) ;
#1203 = CIRCLE ( 'NONE', #1930, 0.3999999999999999700 ) ;
#1204 = EDGE_CURVE ( 'NONE', #1025, #4398, #4426, .T. ) ;
#1205 = DIRECTION ( 'NONE',  ( 0.0000000000000000000, 1.000000000000000000, 0.0000000000000000000 ) ) ;
#1206 = FACE_OUTER_BOUND ( 'NONE', #1471, .T. ) ;
#1207 = ORIENTED_EDGE ( 'NONE', *, *, #3304, .F. ) ;
#1208 = ADVANCED_FACE ( 'NONE', ( #2792 ), #388, .F. ) ;
#1209 = ORIENTED_EDGE ( 'NONE', *, *, #2355, .T. ) ;
#1210 = ADVANCED_FACE ( 'NONE', ( #5552 ), #2627, .F. ) ;
#1211 = EDGE_LOOP ( 'NONE', ( #443, #989, #6881, #6567 ) ) ;
#1212 = DIRECTION ( 'NONE',  ( -0.4999999999999970000, 0.8660254037844403700, 4.163336342344337000E-017 ) ) ;
#1213 = CARTESIAN_POINT ( 'NONE',  ( 0.02999999999999986000, 0.5349999999999997000, -1.150000000000000400 ) ) ;
#1214 = DIRECTION ( 'NONE',  ( 0.9670961853396485800, -3.421138828918010000E-049, 0.2544110223663666500 ) ) ;
#1215 = VERTEX_POINT ( 'NONE', #187 ) ;
#1216 = CARTESIAN_POINT ( 'NONE',  ( -0.4700000000000003600, 1.159999999999999900, -0.9500000000000002900 ) ) ;
#1217 = ORIENTED_EDGE ( 'NONE', *, *, #5911, .T. ) ;
#1218 = CARTESIAN_POINT ( 'NONE',  ( -5.237222008264700000E-015, 0.9899999999999999900, 0.7500000000000000000 ) ) ;
#1219 = DIRECTION ( 'NONE',  ( 0.0000000000000000000, 1.000000000000000000, 0.0000000000000000000 ) ) ;
#1220 = ORIENTED_EDGE ( 'NONE', *, *, #6849, .T. ) ;
#1221 = EDGE_CURVE ( 'NONE', #3106, #5336, #1325, .T. ) ;
#1222 = CARTESIAN_POINT ( 'NONE',  ( 0.9700000000000044100, 0.1200000000000000000, -0.6699999999999932700 ) ) ;
#1223 = AXIS2_PLACEMENT_3D ( 'NONE', #2295, #6160, #2859 ) ;
#1224 = EDGE_CURVE ( 'NONE', #2093, #888, #1139, .T. ) ;
#1225 = AXIS2_PLACEMENT_3D ( 'NONE', #1711, #2832, #6690 ) ;
#1226 = VERTEX_POINT ( 'NONE', #6543 ) ;
#1227 = FACE_OUTER_BOUND ( 'NONE', #2936, .T. ) ;
#1228 = CARTESIAN_POINT ( 'NONE',  ( -0.5249999999999984700, 0.8599999999999996500, -2.249999999999998200 ) ) ;
#1229 = DIRECTION ( 'NONE',  ( -1.000000000000000000, 0.0000000000000000000, 5.551115123125782700E-017 ) ) ;
#1230 = ORIENTED_EDGE ( 'NONE', *, *, #3740, .F. ) ;
#1231 = EDGE_LOOP ( 'NONE', ( #4282, #426, #6678, #354, #209, #5564, #724, #3196, #5088 ) ) ;
#1232 = VECTOR ( 'NONE', #6854, 1000.000000000000000 ) ;
#1233 = CARTESIAN_POINT ( 'NONE',  ( -0.2500000000000000000, 0.09999999999999999200, 0.9300000000000000500 ) ) ;
#1234 = CARTESIAN_POINT ( 'NONE',  ( 0.5649999999999988400, 0.9899999999999997700, -2.099999999999998800 ) ) ;
#1235 = DIRECTION ( 'NONE',  ( 1.000000000000000000, 0.0000000000000000000, -5.551115123125783900E-017 ) ) ;
#1236 = PLANE ( 'NONE',  #1642 ) ;
#1237 = ORIENTED_EDGE ( 'NONE', *, *, #3004, .F. ) ;
#1238 = LINE ( 'NONE', #6107, #2554 ) ;
#1239 = CARTESIAN_POINT ( 'NONE',  ( 0.6400000000000002400, 0.6349999999999996800, -0.9500000000000002900 ) ) ;
#1240 = VECTOR ( 'NONE', #4256, 1000.000000000000000 ) ;
#1241 = ORIENTED_EDGE ( 'NONE', *, *, #948, .T. ) ;
#1242 = CARTESIAN_POINT ( 'NONE',  ( -0.5650000000000002800, 0.7888417395787669100, -2.549999999999998500 ) ) ;
#1243 = CARTESIAN_POINT ( 'NONE',  ( -0.6278445005324558800, 0.9899999999999999900, 0.6900000000000000600 ) ) ;
#1244 = AXIS2_PLACEMENT_3D ( 'NONE', #5152, #5570, #5669 ) ;
#1245 = CARTESIAN_POINT ( 'NONE',  ( 4.997827247138353800E-017, 0.4599999999999999600, -0.8899999999999996800 ) ) ;
#1246 = ADVANCED_FACE ( 'NONE', ( #3901 ), #6673, .T. ) ;
#1247 = EDGE_CURVE ( 'NONE', #1654, #5616, #6846, .T. ) ;
#1248 = ORIENTED_EDGE ( 'NONE', *, *, #3903, .T. ) ;
#1249 = ADVANCED_FACE ( 'NONE', ( #970 ), #2125, .T. ) ;
#1250 = CIRCLE ( 'NONE', #1011, 0.8899999999999999000 ) ;
#1251 = FACE_OUTER_BOUND ( 'NONE', #6508, .T. ) ;
#1252 = ORIENTED_EDGE ( 'NONE', *, *, #2043, .F. ) ;
#1253 = CARTESIAN_POINT ( 'NONE',  ( -0.1816025403784424800, 0.3250000000000000700, -2.100000000000000100 ) ) ;
#1254 = DIRECTION ( 'NONE',  ( -1.000000000000000000, 0.0000000000000000000, 0.0000000000000000000 ) ) ;
#1255 = VERTEX_POINT ( 'NONE', #3625 ) ;
#1256 = ORIENTED_EDGE ( 'NONE', *, *, #1833, .T. ) ;
#1257 = DIRECTION ( 'NONE',  ( -1.000000000000000000, 0.0000000000000000000, 0.0000000000000000000 ) ) ;
#1258 = VECTOR ( 'NONE', #6836, 1000.000000000000000 ) ;
#1259 = EDGE_CURVE ( 'NONE', #865, #35, #3736, .T. ) ;
#1260 = VERTEX_POINT ( 'NONE', #5990 ) ;
#1261 = CARTESIAN_POINT ( 'NONE',  ( 0.7179502228979480800, 0.3030223961003891700, 0.2990387006169548100 ) ) ;
#1262 = ORIENTED_EDGE ( 'NONE', *, *, #952, .T. ) ;
#1263 = ORIENTED_EDGE ( 'NONE', *, *, #3019, .F. ) ;
#1264 = FACE_OUTER_BOUND ( 'NONE', #1034, .T. ) ;
#1265 = DIRECTION ( 'NONE',  ( 2.775557561562890600E-015, 0.0000000000000000000, -1.000000000000000000 ) ) ;
#1266 = CARTESIAN_POINT ( 'NONE',  ( -0.7965517582452833500, 0.3713522723860212500, 0.3444193182084561200 ) ) ;
#1267 = CARTESIAN_POINT ( 'NONE',  ( -0.8800000000000004500, 0.9899999999999999900, 0.5499999999999997100 ) ) ;
#1268 = AXIS2_PLACEMENT_3D ( 'NONE', #1267, #5121, #1812 ) ;
#1269 = CARTESIAN_POINT ( 'NONE',  ( 0.5649999999999986100, 0.7888417395787666900, -2.289999999999998300 ) ) ;
#1270 = CARTESIAN_POINT ( 'NONE',  ( 0.7900223943281835500, 0.3777155575255710100, 0.3406495881932810100 ) ) ;
#1271 = CARTESIAN_POINT ( 'NONE',  ( 0.6843078213669358000, 0.3924343598051426900, 0.5105553587126890900 ) ) ;
#1272 = CARTESIAN_POINT ( 'NONE',  ( -0.5649999999999986100, 0.7888417395787666900, -2.209999999999998200 ) ) ;
#1273 = FACE_OUTER_BOUND ( 'NONE', #180, .T. ) ;
#1274 = DIRECTION ( 'NONE',  ( 0.0000000000000000000, -0.0000000000000000000, 1.000000000000000000 ) ) ;
#1275 = ORIENTED_EDGE ( 'NONE', *, *, #1386, .F. ) ;
#1276 = FACE_OUTER_BOUND ( 'NONE', #1109, .T. ) ;
#1277 = VECTOR ( 'NONE', #1875, 1000.000000000000000 ) ;
#1278 = DIRECTION ( 'NONE',  ( 1.000000000000000000, -2.744815626545581100E-016, 0.0000000000000000000 ) ) ;
#1279 = FACE_OUTER_BOUND ( 'NONE', #1748, .T. ) ;
#1280 = DIRECTION ( 'NONE',  ( 0.3535533905932724500, 0.6123724356957952500, -0.7071067811865475700 ) ) ;
#1281 = ORIENTED_EDGE ( 'NONE', *, *, #5038, .F. ) ;
#1282 = ORIENTED_EDGE ( 'NONE', *, *, #4805, .F. ) ;
#1283 = LINE ( 'NONE', #324, #5514 ) ;
#1284 = LINE ( 'NONE', #3631, #1473 ) ;
#1285 = CARTESIAN_POINT ( 'NONE',  ( 0.1000000000000001600, 0.2677163231416785900, -0.8475740590229060600 ) ) ;
#1286 = AXIS2_PLACEMENT_3D ( 'NONE', #7022, #3711, #398 ) ;
#1287 = ADVANCED_FACE ( 'NONE', ( #2263 ), #5381, .F. ) ;
#1288 = VERTEX_POINT ( 'NONE', #5927 ) ;
#1289 = VECTOR ( 'NONE', #3469, 1000.000000000000000 ) ;
#1290 = CARTESIAN_POINT ( 'NONE',  ( -9.629649721936179300E-032, 0.3971892336110938200, -4.336808689942017700E-016 ) ) ;
#1291 = EDGE_CURVE ( 'NONE', #3900, #521, #790, .T. ) ;
#1292 = EDGE_CURVE ( 'NONE', #687, #4149, #5208, .T. ) ;
#1293 = DIRECTION ( 'NONE',  ( 0.9659258262890669800, -0.2588190451025257900, -1.110223024625156200E-016 ) ) ;
#1294 = VECTOR ( 'NONE', #4021, 1000.000000000000000 ) ;
#1295 = EDGE_CURVE ( 'NONE', #1360, #5113, #6500, .T. ) ;
#1296 = VERTEX_POINT ( 'NONE', #5385 ) ;
#1297 = CARTESIAN_POINT ( 'NONE',  ( 0.5649999999999986100, 0.7888417395787664700, -2.440000000000000400 ) ) ;
#1298 = LINE ( 'NONE', #124, #7172 ) ;
#1299 = ORIENTED_EDGE ( 'NONE', *, *, #1664, .F. ) ;
#1300 = CARTESIAN_POINT ( 'NONE',  ( -1.084202172485504400E-016, 0.3222388905185646900, -4.376451581292422500E-016 ) ) ;
#1301 = DIRECTION ( 'NONE',  ( 1.394333594823066800E-015, 0.0000000000000000000, 1.000000000000000000 ) ) ;
#1302 = ORIENTED_EDGE ( 'NONE', *, *, #5459, .T. ) ;
#1303 = LINE ( 'NONE', #79, #2428 ) ;
#1304 = ORIENTED_EDGE ( 'NONE', *, *, #2072, .F. ) ;
#1305 = EDGE_CURVE ( 'NONE', #5451, #2006, #5027, .T. ) ;
#1306 = CARTESIAN_POINT ( 'NONE',  ( -0.5649999999999990600, 0.7888417395787664700, -2.099999999999998800 ) ) ;
#1307 = VERTEX_POINT ( 'NONE', #5671 ) ;
#1308 = EDGE_LOOP ( 'NONE', ( #2889, #468, #1263, #4005, #92, #2632, #2658, #6573 ) ) ;
#1309 = CARTESIAN_POINT ( 'NONE',  ( -0.5160106382978724100, 1.040000000000000000, -0.7251434486799306400 ) ) ;
#1310 = CARTESIAN_POINT ( 'NONE',  ( -0.03000000000000013400, 0.2349999999999998500, -1.150000000000000400 ) ) ;
#1311 = AXIS2_PLACEMENT_3D ( 'NONE', #1500, #2608, #6453 ) ;
#1312 = B_SPLINE_CURVE_WITH_KNOTS ( 'NONE', 3,
 ( #835, #4156, #2523, #6372, #3066, #6927, #3617, #303, #4181, #864 ),
 .UNSPECIFIED., .F., .F.,
 ( 4, 3, 3, 4 ),
 ( 0.0004732971659711722100, 0.0004858052069304514100, 0.0005021043867938858400, 0.0005209885942533792600 ),
 .UNSPECIFIED. ) ;
#1313 = CARTESIAN_POINT ( 'NONE',  ( -0.3549999999999983200, 0.4251110699893032600, -2.440000000000000400 ) ) ;
#1314 = VERTEX_POINT ( 'NONE', #5717 ) ;
#1315 = CARTESIAN_POINT ( 'NONE',  ( -0.1449999999999988500, 0.7888417395787666900, -2.100000000000000100 ) ) ;
#1316 = CARTESIAN_POINT ( 'NONE',  ( 0.5649999999999985000, 0.8599999999999998800, -2.209999999999998200 ) ) ;
#1317 = PLANE ( 'NONE',  #1329 ) ;
#1318 = CARTESIAN_POINT ( 'NONE',  ( 0.3949999999999998500, 1.039999999999999800, -2.700000000000000200 ) ) ;
#1319 = DIRECTION ( 'NONE',  ( 5.551115123125782700E-017, -6.970226028330232600E-017, -1.000000000000000000 ) ) ;
#1320 = EDGE_CURVE ( 'NONE', #5849, #6422, #448, .T. ) ;
#1321 = CARTESIAN_POINT ( 'NONE',  ( 0.4349999999999997200, 0.3549999999999999800, -1.384999999999998200 ) ) ;
#1322 = DIRECTION ( 'NONE',  ( 0.0000000000000000000, 0.0000000000000000000, 1.000000000000000000 ) ) ;
#1323 = CARTESIAN_POINT ( 'NONE',  ( -0.3549999999999980900, 0.4251110699893017000, -2.209999999999996900 ) ) ;
#1324 = VERTEX_POINT ( 'NONE', #634 ) ;
#1325 = LINE ( 'NONE', #5435, #4081 ) ;
#1326 = ADVANCED_FACE ( 'NONE', ( #1929 ), #659, .T. ) ;
#1327 = CARTESIAN_POINT ( 'NONE',  ( 0.5649999999999987300, 0.8099999999999998300, -2.099999999999999600 ) ) ;
#1328 = EDGE_CURVE ( 'NONE', #185, #7147, #6326, .T. ) ;
#1329 = AXIS2_PLACEMENT_3D ( 'NONE', #1836, #192, #1866 ) ;
#1330 = AXIS2_PLACEMENT_3D ( 'NONE', #2843, #4479, #2280 ) ;
#1331 = ORIENTED_EDGE ( 'NONE', *, *, #6446, .T. ) ;
#1332 = CARTESIAN_POINT ( 'NONE',  ( 0.7500000000000000000, 0.1999999999999998200, 0.0000000000000000000 ) ) ;
#1334 = ORIENTED_EDGE ( 'NONE', *, *, #6838, .T. ) ;
#1333 = FACE_OUTER_BOUND ( 'NONE', #6274, .T. ) ;
#1335 = CARTESIAN_POINT ( 'NONE',  ( -0.6884844126396459900, 0.3800267660509773500, 0.5129667148082834900 ) ) ;
#1336 = EDGE_LOOP ( 'NONE', ( #319, #7180, #6055, #6904, #6504, #3748, #2686, #3671, #59 ) ) ;
#1337 = DIRECTION ( 'NONE',  ( 0.7071067811865465700, 0.0000000000000000000, 0.7071067811865485700 ) ) ;
#1338 = EDGE_CURVE ( 'NONE', #2109, #6967, #4693, .T. ) ;
#1339 = VERTEX_POINT ( 'NONE', #6200 ) ;
#1340 = ORIENTED_EDGE ( 'NONE', *, *, #3050, .T. ) ;
#1341 = CIRCLE ( 'NONE', #2737, 0.8700000000000000000 ) ;
#1342 = DIRECTION ( 'NONE',  ( 1.000000000000000000, 0.0000000000000000000, 2.060779557754404700E-016 ) ) ;
#1343 = LINE ( 'NONE', #4056, #7044 ) ;
#1344 = ORIENTED_EDGE ( 'NONE', *, *, #2645, .F. ) ;
#1345 = CARTESIAN_POINT ( 'NONE',  ( 0.3949999999999998000, 1.159999999999999900, -2.700000000000000200 ) ) ;
#1346 = CARTESIAN_POINT ( 'NONE',  ( -0.8800000000000000000, 0.0000000000000000000, -0.8400000000000001900 ) ) ;
#1347 = DIRECTION ( 'NONE',  ( 0.0000000000000000000, -1.000000000000000000, -5.551115123125782700E-017 ) ) ;
#1348 = DIRECTION ( 'NONE',  ( -2.720046410331633500E-015, 0.0000000000000000000, -1.000000000000000000 ) ) ;
#1349 = AXIS2_PLACEMENT_3D ( 'NONE', #153, #4028, #712 ) ;
#1350 = EDGE_LOOP ( 'NONE', ( #4099, #6759, #4336, #5489 ) ) ;
#1351 = ORIENTED_EDGE ( 'NONE', *, *, #1624, .F. ) ;
#1352 = CARTESIAN_POINT ( 'NONE',  ( -0.3950000000000000700, 1.159999999999999500, -2.700000000000000600 ) ) ;
#1353 = FACE_OUTER_BOUND ( 'NONE', #2478, .T. ) ;
#1354 = CARTESIAN_POINT ( 'NONE',  ( -0.4949999999999998800, 1.039999999999999800, -0.9500000000000002900 ) ) ;
#1355 = PERSON_AND_ORGANIZATION_ROLE ( 'design_supplier' ) ;
#1356 = EDGE_LOOP ( 'NONE', ( #6064, #1951, #2221, #6650 ) ) ;
#1357 = DIRECTION ( 'NONE',  ( -1.000000000000000000, 0.0000000000000000000, 0.0000000000000000000 ) ) ;
#1358 = CARTESIAN_POINT ( 'NONE',  ( 0.3349999999999986300, 0.4597520861406806400, -2.400000000000000800 ) ) ;
#1359 = VERTEX_POINT ( 'NONE', #5572 ) ;
#1360 = VERTEX_POINT ( 'NONE', #1410 ) ;
#1361 = VECTOR ( 'NONE', #5543, 1000.000000000000100 ) ;
#1362 = DIRECTION ( 'NONE',  ( -2.720046410331633500E-015, 0.0000000000000000000, -1.000000000000000000 ) ) ;
#1363 = DIRECTION ( 'NONE',  ( -0.8660254037844398200, -0.4999999999999980600, -5.551115123125782100E-017 ) ) ;
#1364 = DIRECTION ( 'NONE',  ( -7.058607893785836700E-018, 1.000000000000000000, 0.0000000000000000000 ) ) ;
#1365 = ORIENTED_EDGE ( 'NONE', *, *, #3269, .T. ) ;
#1366 = VECTOR ( 'NONE', #1235, 1000.000000000000000 ) ;
#1367 = ADVANCED_FACE ( 'NONE', ( #3218 ), #6301, .F. ) ;
#1368 = CARTESIAN_POINT ( 'NONE',  ( 0.09532849302035603700, 0.1651137933202425600, -2.550000000000000700 ) ) ;
#1369 = DIRECTION ( 'NONE',  ( 1.000000000000000000, -6.453584360032747700E-018, 0.0000000000000000000 ) ) ;
#1370 = DIRECTION ( 'NONE',  ( -5.551115123125782700E-017, 5.551115123125782700E-017, 1.000000000000000000 ) ) ;
#1371 = LINE ( 'NONE', #3841, #5426 ) ;
#1372 = DIRECTION ( 'NONE',  ( -5.551115123125782700E-017, 5.551115123125782700E-017, 1.000000000000000000 ) ) ;
#1373 = CARTESIAN_POINT ( 'NONE',  ( -0.5649999999999985000, 0.8599999999999996500, -2.209999999999998200 ) ) ;
#1374 = DIRECTION ( 'NONE',  ( 6.162975822039154700E-033, 1.000000000000000000, -5.551115123125782700E-017 ) ) ;
#1375 = ORIENTED_EDGE ( 'NONE', *, *, #131, .F. ) ;
#1376 = ORIENTED_EDGE ( 'NONE', *, *, #6838, .F. ) ;
#1377 = FACE_OUTER_BOUND ( 'NONE', #2287, .T. ) ;
#1378 = ADVANCED_BREP_SHAPE_REPRESENTATION ( '20449-001E+20611-001RC MATING STEP R5R2 ALL', ( #6551, #6847 ), #5375 ) ;
#1379 = LINE ( 'NONE', #4973, #7073 ) ;
#1380 = AXIS2_PLACEMENT_3D ( 'NONE', #1455, #5310, #2008 ) ;
#1381 = PLANE ( 'NONE',  #2591 ) ;
#1382 = AXIS2_PLACEMENT_3D ( 'NONE', #1609, #2156, #6024 ) ;
#1383 = CARTESIAN_POINT ( 'NONE',  ( 1.000000000000004900, -1.355252715606880500E-017, -0.6999999999999931800 ) ) ;
#1384 = LINE ( 'NONE', #2559, #5598 ) ;
#1385 = PLANE ( 'NONE',  #5252 ) ;
#1386 = EDGE_CURVE ( 'NONE', #1654, #6412, #3373, .T. ) ;
#1387 = DIRECTION ( 'NONE',  ( -5.551115123125782700E-017, 5.942384858043084500E-017, 1.000000000000000000 ) ) ;
#1388 = PERSON_AND_ORGANIZATION ( #2677, #1484 ) ;
#1389 = CARTESIAN_POINT ( 'NONE',  ( 0.09999999999999993600, 0.4076084706679069500, -0.8492020868804642800 ) ) ;
#1390 = EDGE_LOOP ( 'NONE', ( #89, #2815, #47, #6215 ) ) ;
#1391 = CIRCLE ( 'NONE', #809, 0.1000000000000000500 ) ;
#1392 = VECTOR ( 'NONE', #5382, 1000.000000000000000 ) ;
#1393 = DIRECTION ( 'NONE',  ( 0.0000000000000000000, 6.756096126909295700E-018, 1.000000000000000000 ) ) ;
#1394 = ORIENTED_EDGE ( 'NONE', *, *, #1493, .F. ) ;
#1395 = CARTESIAN_POINT ( 'NONE',  ( 0.5160106382978721900, 1.039999999999999800, -0.7251434486799306400 ) ) ;
#1396 = PLANE ( 'NONE',  #6972 ) ;
#1397 = CARTESIAN_POINT ( 'NONE',  ( 0.8352809876858330300, 0.3506307787036600500, 0.3667796492514640000 ) ) ;
#1398 = AXIS2_PLACEMENT_3D ( 'NONE', #6357, #4819, #6347 ) ;
#1399 = EDGE_CURVE ( 'NONE', #4006, #2858, #4504, .T. ) ;
#1400 = VERTEX_POINT ( 'NONE', #2949 ) ;
#1401 = CARTESIAN_POINT ( 'NONE',  ( -1.000000000000000000, -1.355252715606880500E-017, -0.6999999999999998400 ) ) ;
#1402 = DIRECTION ( 'NONE',  ( -1.000000000000000000, 2.220446049250313100E-016, 5.551115123125782700E-017 ) ) ;
#1403 = VERTEX_POINT ( 'NONE', #2502 ) ;
#1404 = DIRECTION ( 'NONE',  ( -0.3535533905932720700, 0.6123724356957954700, 0.7071067811865475700 ) ) ;
#1405 = CARTESIAN_POINT ( 'NONE',  ( 1.084202172485504400E-016, 1.159999999999999900, -1.350000000000000100 ) ) ;
#1406 = ADVANCED_FACE ( 'NONE', ( #93 ), #1580, .F. ) ;
#1407 = CARTESIAN_POINT ( 'NONE',  ( -0.6278445005324558800, 0.9899999999999999900, 0.6900000000000000600 ) ) ;
#1408 = EDGE_CURVE ( 'NONE', #4915, #4091, #5821, .T. ) ;
#1409 = ORIENTED_EDGE ( 'NONE', *, *, #5680, .T. ) ;
#1410 = CARTESIAN_POINT ( 'NONE',  ( 0.03499999999999918500, 0.3789230484541329400, -2.199999999999999700 ) ) ;
#1411 = DIRECTION ( 'NONE',  ( 0.8660254037844400400, 0.4999999999999975600, 5.551115123125780200E-017 ) ) ;
#1412 = CARTESIAN_POINT ( 'NONE',  ( -1.084202172485504400E-016, 0.3222388905185646900, -4.376451581292422500E-016 ) ) ;
#1413 = ORIENTED_EDGE ( 'NONE', *, *, #5120, .T. ) ;
#1414 = LINE ( 'NONE', #1306, #7107 ) ;
#1415 = CARTESIAN_POINT ( 'NONE',  ( -0.7107290450971193200, 0.2902085691084648200, 0.5258096593456296200 ) ) ;
#1416 = CARTESIAN_POINT ( 'NONE',  ( 0.6500000000000001300, 1.129999999999999900, 0.1250000000000001100 ) ) ;
#1417 = AXIS2_PLACEMENT_3D ( 'NONE', #5918, #3161, #7024 ) ;
#1418 = B_SPLINE_CURVE_WITH_KNOTS ( 'NONE', 3,
 ( #2019, #5275, #1415, #2954 ),
 .UNSPECIFIED., .F., .F.,
 ( 4, 4 ),
 ( 2.209151076288331100E-007, 0.0001003348063795601000 ),
 .UNSPECIFIED. ) ;
#1419 = CARTESIAN_POINT ( 'NONE',  ( 0.7861382416255646700, 0.4095842929153622500, 0.3384070715848513900 ) ) ;
#1420 = DIRECTION ( 'NONE',  ( 5.551115123125782700E-017, -5.551115123125782700E-017, -1.000000000000000000 ) ) ;
#1421 = CARTESIAN_POINT ( 'NONE',  ( 0.2400000000000000500, 0.2349999999999999000, -1.052325581395349200 ) ) ;
#1422 = EDGE_LOOP ( 'NONE', ( #2711, #6533, #3505, #6148 ) ) ;
#1423 = DIRECTION ( 'NONE',  ( -0.3535533905932716200, -0.6123724356957946900, 0.7071067811865484600 ) ) ;
#1424 = LINE ( 'NONE', #1532, #5636 ) ;
#1425 = DIRECTION ( 'NONE',  ( 0.0000000000000000000, -1.000000000000000000, -5.551115123125782700E-017 ) ) ;
#1426 = DIRECTION ( 'NONE',  ( 0.7660444431189777900, 0.0000000000000000000, -0.6427876096865395800 ) ) ;
#1427 = VERTEX_POINT ( 'NONE', #63 ) ;
#1428 = CIRCLE ( 'NONE', #6065, 0.4199999999999986000 ) ;
#1429 = CARTESIAN_POINT ( 'NONE',  ( -0.03000000000000007900, 0.3049999999999999400, -0.9500000000000002900 ) ) ;
#1430 = CIRCLE ( 'NONE', #83, 0.7800965267342581100 ) ;
#1431 = AXIS2_PLACEMENT_3D ( 'NONE', #5302, #1998, #5858 ) ;
#1432 = AXIS2_PLACEMENT_3D ( 'NONE', #6212, #2903, #6761 ) ;
#1433 = DIRECTION ( 'NONE',  ( 0.7241379310344828700, 0.0000000000000000000, 0.6896551724137930400 ) ) ;
#1434 = ORIENTED_EDGE ( 'NONE', *, *, #6570, .F. ) ;
#1435 = CARTESIAN_POINT ( 'NONE',  ( 0.6937196594791873400, 0.4599999999999998500, 0.2850491783045173100 ) ) ;
#1436 = CARTESIAN_POINT ( 'NONE',  ( -1.084202172485503400E-016, 0.8599999999999998800, -4.142519660632615500E-016 ) ) ;
#1437 = CARTESIAN_POINT ( 'NONE',  ( 0.6300000000000002300, 0.9899999999999999900, -0.9500000000000002900 ) ) ;
#1438 = ORIENTED_EDGE ( 'NONE', *, *, #1163, .T. ) ;
#1439 = ORIENTED_EDGE ( 'NONE', *, *, #5377, .T. ) ;
#1440 = VERTEX_POINT ( 'NONE', #333 ) ;
#1441 = VECTOR ( 'NONE', #5844, 1000.000000000000000 ) ;
#1442 = ORIENTED_EDGE ( 'NONE', *, *, #4417, .T. ) ;
#1443 = DIRECTION ( 'NONE',  ( 5.551115123125782700E-017, 5.551115123125782700E-017, -1.000000000000000000 ) ) ;
#1444 = EDGE_CURVE ( 'NONE', #6672, #4374, #1414, .T. ) ;
#1445 = EDGE_CURVE ( 'NONE', #4809, #5273, #2867, .T. ) ;
#1446 = ORIENTED_EDGE ( 'NONE', *, *, #1084, .F. ) ;
#1447 = EDGE_CURVE ( 'NONE', #2959, #3663, #280, .T. ) ;
#1448 = CARTESIAN_POINT ( 'NONE',  ( -0.1000000000000001600, 0.3189918276210514400, -0.7466459485686243200 ) ) ;
#1449 = ORIENTED_EDGE ( 'NONE', *, *, #169, .F. ) ;
#1450 = LINE ( 'NONE', #5178, #4211 ) ;
#1451 = DIRECTION ( 'NONE',  ( 1.000000000000000000, 0.0000000000000000000, -0.0000000000000000000 ) ) ;
#1452 = DIRECTION ( 'NONE',  ( 0.0000000000000000000, 1.000000000000000000, 5.551115123125782700E-017 ) ) ;
#1453 = DIRECTION ( 'NONE',  ( -0.8641916239782085900, -0.07548569116831674300, 0.4974683381630918300 ) ) ;
#1454 = AXIS2_PLACEMENT_3D ( 'NONE', #5061, #3377, #1739 ) ;
#1455 = CARTESIAN_POINT ( 'NONE',  ( 0.09465217656910282500, 0.8034872055837144500, -2.550000000000000300 ) ) ;
#1456 = ORIENTED_EDGE ( 'NONE', *, *, #3494, .T. ) ;
#1457 = FACE_BOUND ( 'NONE', #7116, .T. ) ;
#1458 = EDGE_CURVE ( 'NONE', #6763, #5975, #4180, .T. ) ;
#1459 = DIRECTION ( 'NONE',  ( -1.000000000000000000, 0.0000000000000000000, 5.551115123125782700E-017 ) ) ;
#1460 = AXIS2_PLACEMENT_3D ( 'NONE', #4158, #4296, #4213 ) ;
#1461 = DIRECTION ( 'NONE',  ( -1.000000000000000000, 0.0000000000000000000, -3.614007241618348400E-015 ) ) ;
#1462 = DIRECTION ( 'NONE',  ( -1.609823385706477400E-015, 1.000000000000000000, -5.551115123125783900E-017 ) ) ;
#1463 = LINE ( 'NONE', #4085, #132 ) ;
#1464 = CARTESIAN_POINT ( 'NONE',  ( 0.7179502228979480800, 0.3030223961003891700, 0.2990387006169548100 ) ) ;
#1465 = ORIENTED_EDGE ( 'NONE', *, *, #30, .T. ) ;
#1466 = LINE ( 'NONE', #6205, #2751 ) ;
#1467 = CONICAL_SURFACE ( 'NONE', #53, 0.4199999999999986000, 0.7853981633974469500 ) ;
#1468 = CARTESIAN_POINT ( 'NONE',  ( -0.3549999999999983200, 0.4251110699893032600, -2.440000000000000400 ) ) ;
#1469 = VECTOR ( 'NONE', #3135, 1000.000000000000000 ) ;
#1470 = ORIENTED_EDGE ( 'NONE', *, *, #5156, .T. ) ;
#1471 = EDGE_LOOP ( 'NONE', ( #1659, #362, #5540, #3809, #5625, #393, #5306, #4360 ) ) ;
#1472 = LINE ( 'NONE', #6924, #7159 ) ;
#1473 = VECTOR ( 'NONE', #2001, 1000.000000000000000 ) ;
#1474 = CARTESIAN_POINT ( 'NONE',  ( 0.7387712897465940100, 0.9899999999999999900, 0.6900000000000000600 ) ) ;
#1475 = DIRECTION ( 'NONE',  ( 1.000000000000000000, -5.586383961653367500E-017, 6.982962677686266700E-015 ) ) ;
#1476 = EDGE_CURVE ( 'NONE', #2077, #2791, #6910, .T. ) ;
#1477 = EDGE_LOOP ( 'NONE', ( #5307, #2884, #1413, #4264, #5719, #2270, #4438, #3593, #3073, #6444, #2351, #2579 ) ) ;
#1478 = CARTESIAN_POINT ( 'NONE',  ( 0.7990799234564897000, 0.3699999999999941700, 0.3458789550737019800 ) ) ;
#1479 = FACE_OUTER_BOUND ( 'NONE', #5970, .T. ) ;
#1480 = EDGE_CURVE ( 'NONE', #3106, #3390, #5626, .T. ) ;
#1481 = AXIS2_PLACEMENT_3D ( 'NONE', #2070, #829, #4046 ) ;
#1482 = AXIS2_PLACEMENT_3D ( 'NONE', #49, #6161, #2860 ) ;
#1483 = CARTESIAN_POINT ( 'NONE',  ( 0.1000000000000000500, 0.3952766565304017300, -0.8475698933500542800 ) ) ;
#1484 = ORGANIZATION ( 'UNSPECIFIED', 'UNSPECIFIED', '' ) ;
#1485 = DIRECTION ( 'NONE',  ( -5.551115123125782700E-017, 5.551115123125782700E-017, 1.000000000000000000 ) ) ;
#1486 = VERTEX_POINT ( 'NONE', #6949 ) ;
#1487 = CONICAL_SURFACE ( 'NONE', #1330, 0.8700000000000000000, 1.134464013796320700 ) ;
#1488 = CARTESIAN_POINT ( 'NONE',  ( -0.1000000000000001200, 0.4599999999999999100, -0.7433034373659254100 ) ) ;
#1489 = DIRECTION ( 'NONE',  ( 0.3535533905932729000, -0.6123724356957963600, -0.7071067811865464600 ) ) ;
#1490 = CARTESIAN_POINT ( 'NONE',  ( -0.1100000000000000000, 0.09999999999999999200, 1.000000000000000000 ) ) ;
#1491 = ORIENTED_EDGE ( 'NONE', *, *, #6622, .T. ) ;
#1492 = LINE ( 'NONE', #6662, #5705 ) ;
#1493 = EDGE_CURVE ( 'NONE', #888, #3497, #1054, .T. ) ;
#1494 = VERTEX_POINT ( 'NONE', #6154 ) ;
#1495 = CARTESIAN_POINT ( 'NONE',  ( -2.168404344971008900E-016, 1.016251239182008200, -4.336808689942017700E-016 ) ) ;
#1496 = CARTESIAN_POINT ( 'NONE',  ( 0.5940877802430653000, 0.3218283798295166200, 0.4584667936835236700 ) ) ;
#1497 = EDGE_LOOP ( 'NONE', ( #6642, #4745, #5371, #377 ) ) ;
#1498 = DIRECTION ( 'NONE',  ( 0.0000000000000000000, -1.000000000000000000, -5.551115123125782700E-017 ) ) ;
#1499 = ORIENTED_EDGE ( 'NONE', *, *, #4478, .T. ) ;
#1500 = CARTESIAN_POINT ( 'NONE',  ( -0.2556856015201486300, 1.040000000000000000, 0.7142364707906677700 ) ) ;
#1501 = DIRECTION ( 'NONE',  ( -1.000000000000000000, -7.005614037598643400E-015, -2.668805347656626100E-015 ) ) ;
#1502 = ORIENTED_EDGE ( 'NONE', *, *, #6012, .T. ) ;
#1503 = CARTESIAN_POINT ( 'NONE',  ( -0.1450000000000000500, 0.7888417395787666900, -2.550000000000000300 ) ) ;
#1504 = ORIENTED_EDGE ( 'NONE', *, *, #878, .F. ) ;
#1505 = DIRECTION ( 'NONE',  ( -5.551115123125782700E-017, -5.551115123125782700E-017, -1.000000000000000000 ) ) ;
#1506 = PLANE ( 'NONE',  #1417 ) ;
#1507 = ORIENTED_EDGE ( 'NONE', *, *, #4944, .F. ) ;
#1508 = VECTOR ( 'NONE', #1009, 1000.000000000000000 ) ;
#1509 = CARTESIAN_POINT ( 'NONE',  ( -0.3549999999999983700, 0.4251110699893032600, -2.209999999999998200 ) ) ;
#1510 = VERTEX_POINT ( 'NONE', #2471 ) ;
#1512 = ORIENTED_EDGE ( 'NONE', *, *, #1542, .T. ) ;
#1511 = LINE ( 'NONE', #2080, #17 ) ;
#1513 = AXIS2_PLACEMENT_3D ( 'NONE', #3356, #54, #3921 ) ;
#1514 = EDGE_LOOP ( 'NONE', ( #2173, #253, #2436, #4612, #5040, #4061, #3044, #1958, #2803, #2171 ) ) ;
#1515 = CARTESIAN_POINT ( 'NONE',  ( 0.7926802116013892400, 0.4195329181885934500, 0.3421840797114238400 ) ) ;
#1516 = ORIENTED_EDGE ( 'NONE', *, *, #1458, .T. ) ;
#1517 = ADVANCED_FACE ( 'NONE', ( #1227 ), #1827, .T. ) ;
#1519 = VERTEX_POINT ( 'NONE', #5747 ) ;
#1518 = DIRECTION ( 'NONE',  ( 5.551115123125782700E-017, -6.231046968307496900E-017, -1.000000000000000000 ) ) ;
#1520 = LINE ( 'NONE', #709, #24 ) ;
#1521 = VECTOR ( 'NONE', #2358, 1000.000000000000000 ) ;
#1522 = ORIENTED_EDGE ( 'NONE', *, *, #5817, .T. ) ;
#1523 = DIRECTION ( 'NONE',  ( 0.8660254037844397100, -0.4999999999999979500, 2.775557561562891000E-017 ) ) ;
#1524 = ORIENTED_EDGE ( 'NONE', *, *, #7182, .T. ) ;
#1525 = EDGE_LOOP ( 'NONE', ( #2824, #1516, #4792, #4502 ) ) ;
#1526 = LINE ( 'NONE', #5031, #5750 ) ;
#1527 = DIRECTION ( 'NONE',  ( 1.548860246407863600E-016, 0.0000000000000000000, 1.000000000000000000 ) ) ;
#1528 = ORIENTED_EDGE ( 'NONE', *, *, #3843, .T. ) ;
#1529 = ORIENTED_EDGE ( 'NONE', *, *, #7094, .F. ) ;
#1530 = VERTEX_POINT ( 'NONE', #4461 ) ;
#1531 = VECTOR ( 'NONE', #4409, 1000.000000000000000 ) ;
#1532 = CARTESIAN_POINT ( 'NONE',  ( 0.7500000000000000000, 2.268838251574019500E-019, 0.0000000000000000000 ) ) ;
#1533 = EDGE_CURVE ( 'NONE', #6666, #6800, #5463, .T. ) ;
#1534 = EDGE_CURVE ( 'NONE', #687, #6755, #5299, .T. ) ;
#1535 = EDGE_CURVE ( 'NONE', #4414, #4338, #2543, .T. ) ;
#1536 = CARTESIAN_POINT ( 'NONE',  ( -0.1000000000000001000, 0.4020081796590519500, -0.8478183010510902400 ) ) ;
#1537 = DIRECTION ( 'NONE',  ( 2.775557561562890600E-015, 0.0000000000000000000, -1.000000000000000000 ) ) ;
#1538 = DIRECTION ( 'NONE',  ( -1.000000000000000000, -6.162975822039154700E-033, -5.551115123125782700E-017 ) ) ;
#1539 = EDGE_LOOP ( 'NONE', ( #5640, #5735, #5847, #5748 ) ) ;
#1540 = VECTOR ( 'NONE', #1761, 1000.000000000000000 ) ;
#1541 = CC_DESIGN_APPROVAL ( #1154, ( #781 ) ) ;
#1542 = EDGE_CURVE ( 'NONE', #3411, #3764, #6584, .T. ) ;
#1543 = VECTOR ( 'NONE', #6442, 1000.000000000000000 ) ;
#1544 = VERTEX_POINT ( 'NONE', #237 ) ;
#1545 = EDGE_LOOP ( 'NONE', ( #5654, #4105, #3896 ) ) ;
#1546 = LINE ( 'NONE', #3199, #241 ) ;
#1547 = LINE ( 'NONE', #1086, #5778 ) ;
#1548 = CARTESIAN_POINT ( 'NONE',  ( 0.3549999999999984300, 0.4251110699893030400, -2.360000000000000300 ) ) ;
#1549 = DIRECTION ( 'NONE',  ( 1.000000000000000000, 6.162975822039154700E-033, 5.551115123125782700E-017 ) ) ;
#1550 = DIRECTION ( 'NONE',  ( 0.9670961853396489200, -2.775557561562891000E-017, -0.2544110223663653100 ) ) ;
#1551 = VERTEX_POINT ( 'NONE', #5019 ) ;
#1552 = ADVANCED_FACE ( 'NONE', ( #4948 ), #524, .T. ) ;
#1553 = LINE ( 'NONE', #5304, #5784 ) ;
#1554 = AXIS2_PLACEMENT_3D ( 'NONE', #2418, #6271, #2967 ) ;
#1555 = CALENDAR_DATE ( 2018, 26, 4 ) ;
#1556 = DIRECTION ( 'NONE',  ( 3.081487911019577400E-033, 1.000000000000000000, -5.551115123125782700E-017 ) ) ;
#1557 = ORIENTED_EDGE ( 'NONE', *, *, #6782, .F. ) ;
#1558 = LINE ( 'NONE', #218, #70 ) ;
#1559 = DIRECTION ( 'NONE',  ( 0.0000000000000000000, -1.000000000000000000, -0.0000000000000000000 ) ) ;
#1560 = EDGE_CURVE ( 'NONE', #195, #3753, #2018, .T. ) ;
#1561 = LINE ( 'NONE', #4323, #1392 ) ;
#1562 = DIRECTION ( 'NONE',  ( -1.000000000000000000, 0.0000000000000000000, -2.551063935260011900E-015 ) ) ;
#1563 = ORIENTED_EDGE ( 'NONE', *, *, #1151, .F. ) ;
#1564 = CARTESIAN_POINT ( 'NONE',  ( 0.03000000000000000600, 0.0000000000000000000, -1.850000000000000500 ) ) ;
#1565 = DIRECTION ( 'NONE',  ( 0.7071067811865464600, 0.0000000000000000000, 0.7071067811865485700 ) ) ;
#1566 = EDGE_LOOP ( 'NONE', ( #2558, #1965, #6005, #3647 ) ) ;
#1567 = ORIENTED_EDGE ( 'NONE', *, *, #6644, .F. ) ;
#1568 = EDGE_LOOP ( 'NONE', ( #5097, #3319, #1125, #3221 ) ) ;
#1569 = DIRECTION ( 'NONE',  ( -5.551115123125782700E-017, 5.551115123125782700E-017, 1.000000000000000000 ) ) ;
#1570 = CARTESIAN_POINT ( 'NONE',  ( 0.1449999999999999300, 0.7888417395787668000, -2.400000000000000800 ) ) ;
#1571 = EDGE_CURVE ( 'NONE', #2153, #6524, #3461, .T. ) ;
#1572 = EDGE_CURVE ( 'NONE', #5076, #1359, #882, .T. ) ;
#1573 = EDGE_LOOP ( 'NONE', ( #4057, #1607, #6202, #6059 ) ) ;
#1574 = CARTESIAN_POINT ( 'NONE',  ( 0.5939647257281212000, 0.3219647999017606300, 0.4583957481261957100 ) ) ;
#1575 = CARTESIAN_POINT ( 'NONE',  ( 0.6400000000000002400, 0.6349999999999999000, -1.950000000000000400 ) ) ;
#1576 = CARTESIAN_POINT ( 'NONE',  ( -0.09999999999999988100, 0.3952766565304016200, -0.8475698933500547300 ) ) ;
#1577 = DIRECTION ( 'NONE',  ( -0.0000000000000000000, -0.0000000000000000000, -1.000000000000000000 ) ) ;
#1578 = EDGE_CURVE ( 'NONE', #6081, #336, #695, .T. ) ;
#1579 = ORIENTED_EDGE ( 'NONE', *, *, #6513, .T. ) ;
#1580 = TOROIDAL_SURFACE ( 'NONE', #5312, 0.8834029449114199100, 0.03000000000000003000 ) ;
#1581 = ADVANCED_FACE ( 'NONE', ( #3288 ), #297, .T. ) ;
#1582 = CARTESIAN_POINT ( 'NONE',  ( 0.1000000000000000500, 0.3742617199133842500, -0.8579574886542772300 ) ) ;
#1583 = CARTESIAN_POINT ( 'NONE',  ( -0.1401342958090733600, 1.155043381123910000, 0.7299999999999997600 ) ) ;
#1584 = CARTESIAN_POINT ( 'NONE',  ( -1.084202172485502800E-016, 0.6099999999999998800, -4.336808689942017700E-016 ) ) ;
#1585 = ORIENTED_EDGE ( 'NONE', *, *, #878, .T. ) ;
#1586 = CIRCLE ( 'NONE', #3665, 0.7500000000000001100 ) ;
#1587 = CARTESIAN_POINT ( 'NONE',  ( 0.09532849302035630000, 0.1651137933202430900, -2.100000000000000500 ) ) ;
#1588 = CARTESIAN_POINT ( 'NONE',  ( 0.5937196594789009300, 0.3222388905188984200, 0.4582542590612391800 ) ) ;
#1589 = ORIENTED_EDGE ( 'NONE', *, *, #3682, .T. ) ;
#1590 = CARTESIAN_POINT ( 'NONE',  ( -1.000000000000000000, -1.355252715606880500E-017, -0.6999999999999998400 ) ) ;
#1591 = CARTESIAN_POINT ( 'NONE',  ( -0.09999999999999999200, 0.4381838285747635100, -0.8732457125554202700 ) ) ;
#1592 = VERTEX_POINT ( 'NONE', #6840 ) ;
#1593 = FACE_OUTER_BOUND ( 'NONE', #3023, .T. ) ;
#1594 = LINE ( 'NONE', #3142, #7120 ) ;
#1595 = ORIENTED_EDGE ( 'NONE', *, *, #6235, .T. ) ;
#1596 = EDGE_CURVE ( 'NONE', #5360, #4853, #363, .T. ) ;
#1597 = ORIENTED_EDGE ( 'NONE', *, *, #5119, .T. ) ;
#1598 = ORIENTED_EDGE ( 'NONE', *, *, #1908, .T. ) ;
#1599 = FACE_OUTER_BOUND ( 'NONE', #1525, .T. ) ;
#1600 = CARTESIAN_POINT ( 'NONE',  ( -0.1000000000000001600, 0.3699999999999953300, -0.8649629909042951800 ) ) ;
#1601 = EDGE_CURVE ( 'NONE', #397, #4941, #4593, .T. ) ;
#1602 = CARTESIAN_POINT ( 'NONE',  ( 0.09532849302035630000, 0.1651137933202430900, -2.100000000000000500 ) ) ;
#1603 = AXIS2_PLACEMENT_3D ( 'NONE', #4138, #6470, #943 ) ;
#1604 = AXIS2_PLACEMENT_3D ( 'NONE', #2869, #6734, #3416 ) ;
#1605 = ORIENTED_EDGE ( 'NONE', *, *, #4905, .T. ) ;
#1606 = ORIENTED_EDGE ( 'NONE', *, *, #6705, .F. ) ;
#1607 = ORIENTED_EDGE ( 'NONE', *, *, #931, .F. ) ;
#1608 = CARTESIAN_POINT ( 'NONE',  ( 0.1000000000000000500, 0.3723730653985735700, -0.8607565905195884200 ) ) ;
#1609 = CARTESIAN_POINT ( 'NONE',  ( -0.2400000000000003800, 0.3550000000000000400, 0.2953212436957782800 ) ) ;
#1610 = VECTOR ( 'NONE', #2933, 1000.000000000000000 ) ;
#1611 = DIRECTION ( 'NONE',  ( 5.551115123125782700E-017, 0.0000000000000000000, -1.000000000000000000 ) ) ;
#1612 = DIRECTION ( 'NONE',  ( 5.551115123125782700E-017, -5.551115123125782700E-017, -1.000000000000000000 ) ) ;
#1613 = ORIENTED_EDGE ( 'NONE', *, *, #3398, .T. ) ;
#1614 = VECTOR ( 'NONE', #3693, 1000.000000000000000 ) ;
#1615 = CARTESIAN_POINT ( 'NONE',  ( -0.1000000000000001000, 0.3030223961003282200, -0.7712824819909327400 ) ) ;
#1616 = CARTESIAN_POINT ( 'NONE',  ( -0.2453172466771297900, 1.039999999999999600, 0.8555229093851028900 ) ) ;
#1617 = ADVANCED_FACE ( 'NONE', ( #181 ), #373, .F. ) ;
#1618 = CIRCLE ( 'NONE', #3387, 0.9122618261740693700 ) ;
#1619 = AXIS2_PLACEMENT_3D ( 'NONE', #5430, #1153, #1050 ) ;
#1620 = CARTESIAN_POINT ( 'NONE',  ( 0.5938420177296779300, 0.3221016379575487600, 0.4583249026302628200 ) ) ;
#1621 = ORIENTED_EDGE ( 'NONE', *, *, #1632, .F. ) ;
#1622 = LINE ( 'NONE', #608, #3100 ) ;
#1623 = FACE_OUTER_BOUND ( 'NONE', #5635, .T. ) ;
#1624 = EDGE_CURVE ( 'NONE', #6605, #846, #6070, .T. ) ;
#1625 = CARTESIAN_POINT ( 'NONE',  ( 0.9699999999999953100, -1.335891962526782300E-017, 0.6700000000000065900 ) ) ;
#1626 = CARTESIAN_POINT ( 'NONE',  ( 0.8800000000000000000, 0.0000000000000000000, 0.8400000000000001900 ) ) ;
#1627 = FACE_OUTER_BOUND ( 'NONE', #1928, .T. ) ;
#1628 = ORIENTED_EDGE ( 'NONE', *, *, #452, .T. ) ;
#1629 = LINE ( 'NONE', #862, #2760 ) ;
#1630 = VECTOR ( 'NONE', #1918, 1000.000000000000100 ) ;
#1631 = CARTESIAN_POINT ( 'NONE',  ( 0.1000000000000000500, 0.3714726268337394400, -0.8620910957171563600 ) ) ;
#1632 = EDGE_CURVE ( 'NONE', #2331, #3099, #844, .T. ) ;
#1633 = CARTESIAN_POINT ( 'NONE',  ( 2.168404344971008900E-016, 0.7150000000000003000, -2.180000000000000200 ) ) ;
#1634 = CARTESIAN_POINT ( 'NONE',  ( -0.6400000000000003500, 0.6350000000000001200, -1.950000000000000200 ) ) ;
#1635 = ORIENTED_EDGE ( 'NONE', *, *, #7081, .T. ) ;
#1636 = VECTOR ( 'NONE', #5993, 1000.000000000000100 ) ;
#1637 = DIRECTION ( 'NONE',  ( 1.000000000000000000, 0.0000000000000000000, 6.982962677686265900E-015 ) ) ;
#1638 = CARTESIAN_POINT ( 'NONE',  ( -0.9699999999999998600, 0.1199999999999999800, 0.7000000000000000700 ) ) ;
#1639 = DIRECTION ( 'NONE',  ( -1.000000000000000000, -7.058607893785836700E-018, 1.548860246407863600E-016 ) ) ;
#1640 = DIRECTION ( 'NONE',  ( -0.7660444431189777900, 0.0000000000000000000, -0.6427876096865395800 ) ) ;
#1641 = FACE_OUTER_BOUND ( 'NONE', #3995, .T. ) ;
#1642 = AXIS2_PLACEMENT_3D ( 'NONE', #5653, #2906, #6762 ) ;
#1643 = VERTEX_POINT ( 'NONE', #6457 ) ;
#1644 = FACE_OUTER_BOUND ( 'NONE', #5617, .T. ) ;
#1645 = ORIENTED_EDGE ( 'NONE', *, *, #2167, .F. ) ;
#1646 = EDGE_LOOP ( 'NONE', ( #38, #350, #5842, #4134 ) ) ;
#1647 = FACE_OUTER_BOUND ( 'NONE', #6424, .T. ) ;
#1648 = DIRECTION ( 'NONE',  ( 0.3535533905932716200, -0.6123724356957945800, 0.7071067811865485700 ) ) ;
#1649 = ORIENTED_EDGE ( 'NONE', *, *, #6471, .F. ) ;
#1650 = DIRECTION ( 'NONE',  ( -5.551115123125782700E-017, 5.551115123125782700E-017, 1.000000000000000000 ) ) ;
#1651 = ADVANCED_FACE ( 'NONE', ( #5074 ), #7019, .T. ) ;
#1652 = ORIENTED_EDGE ( 'NONE', *, *, #4805, .T. ) ;
#1653 = ADVANCED_FACE ( 'NONE', ( #2315 ), #1986, .F. ) ;
#1654 = VERTEX_POINT ( 'NONE', #971 ) ;
#1655 = CARTESIAN_POINT ( 'NONE',  ( -0.6500000000000001300, 1.159999999999999900, 0.1250000000000001100 ) ) ;
#1656 = CARTESIAN_POINT ( 'NONE',  ( 0.6278445005324558800, 0.7900000000000000400, 0.6900000000000000600 ) ) ;
#1657 = CARTESIAN_POINT ( 'NONE',  ( -0.5249999999999988000, 0.7888417395787668000, -2.249999999999998700 ) ) ;
#1658 = CARTESIAN_POINT ( 'NONE',  ( 0.2500000000000001100, 0.09999999999999999200, 0.4038873605350877800 ) ) ;
#1659 = ORIENTED_EDGE ( 'NONE', *, *, #948, .F. ) ;
#1660 = FACE_OUTER_BOUND ( 'NONE', #4588, .T. ) ;
#1661 = EDGE_CURVE ( 'NONE', #5597, #6209, #4914, .T. ) ;
#1662 = EDGE_CURVE ( 'NONE', #7111, #940, #3424, .T. ) ;
#1663 = DIRECTION ( 'NONE',  ( 6.162975822039154700E-033, 1.000000000000000000, -5.551115123125782700E-017 ) ) ;
#1664 = EDGE_CURVE ( 'NONE', #3393, #3727, #3032, .T. ) ;
#1665 = CARTESIAN_POINT ( 'NONE',  ( -1.355615729727132300E-016, 0.1200000000000000000, -1.000000000000000000 ) ) ;
#1666 = ORIENTED_EDGE ( 'NONE', *, *, #575, .T. ) ;
#1667 = FACE_OUTER_BOUND ( 'NONE', #5888, .T. ) ;
#1668 = EDGE_CURVE ( 'NONE', #4549, #3730, #3614, .T. ) ;
#1669 = VERTEX_POINT ( 'NONE', #1269 ) ;
#1670 = FACE_OUTER_BOUND ( 'NONE', #2118, .T. ) ;
#1671 = ORIENTED_EDGE ( 'NONE', *, *, #4027, .T. ) ;
#1672 = DIRECTION ( 'NONE',  ( 0.0000000000000000000, 0.0000000000000000000, 1.000000000000000000 ) ) ;
#1673 = PLANE ( 'NONE',  #6048 ) ;
#1674 = ORIENTED_EDGE ( 'NONE', *, *, #5368, .T. ) ;
#1675 = ORIENTED_EDGE ( 'NONE', *, *, #4261, .T. ) ;
#1676 = FACE_OUTER_BOUND ( 'NONE', #3838, .T. ) ;
#1677 = DIRECTION ( 'NONE',  ( 0.0000000000000000000, 0.0000000000000000000, 1.000000000000000000 ) ) ;
#1678 = FACE_OUTER_BOUND ( 'NONE', #542, .T. ) ;
#1679 = AXIS2_PLACEMENT_3D ( 'NONE', #2089, #5954, #2654 ) ;
#1680 = DIRECTION ( 'NONE',  ( -0.6427876096865395800, 0.0000000000000000000, 0.7660444431189777900 ) ) ;
#1681 = ORIENTED_EDGE ( 'NONE', *, *, #6130, .F. ) ;
#1682 = DIRECTION ( 'NONE',  ( -5.551115123125782700E-017, 5.551115123125782700E-017, 1.000000000000000000 ) ) ;
#1683 = CARTESIAN_POINT ( 'NONE',  ( 0.9699999999999950900, -1.335891962526782300E-017, 0.7000000000000066200 ) ) ;
#1684 = CARTESIAN_POINT ( 'NONE',  ( -0.9999999999999997800, -1.355252715606880500E-017, 0.6700000000000002600 ) ) ;
#1685 = ADVANCED_FACE ( 'NONE', ( #4746, #660 ), #1381, .T. ) ;
#1686 = EDGE_LOOP ( 'NONE', ( #5771, #2776, #4392, #3076, #6364, #2273, #3381 ) ) ;
#1687 = ADVANCED_FACE ( 'NONE', ( #6201 ), #4555, .T. ) ;
#1688 = ORIENTED_EDGE ( 'NONE', *, *, #1578, .F. ) ;
#1689 = CIRCLE ( 'NONE', #11, 0.3250000000000000100 ) ;
#1690 = EDGE_CURVE ( 'NONE', #7131, #7065, #6036, .T. ) ;
#1691 = ORIENTED_EDGE ( 'NONE', *, *, #1668, .F. ) ;
#1692 = VERTEX_POINT ( 'NONE', #3659 ) ;
#1693 = DIRECTION ( 'NONE',  ( 5.551115123125782700E-017, -5.551115123125782700E-017, -1.000000000000000000 ) ) ;
#1694 = EDGE_CURVE ( 'NONE', #4398, #2701, #4753, .T. ) ;
#1695 = VERTEX_POINT ( 'NONE', #5867 ) ;
#1696 = AXIS2_PLACEMENT_3D ( 'NONE', #6664, #2257, #6126 ) ;
#1697 = CIRCLE ( 'NONE', #4752, 0.4050150000000000700 ) ;
#1698 = CARTESIAN_POINT ( 'NONE',  ( 0.6873558465038146500, 0.4119359489336572000, 0.5123151368459635300 ) ) ;
#1699 = ORIENTED_EDGE ( 'NONE', *, *, #5882, .F. ) ;
#1700 = VECTOR ( 'NONE', #4512, 1000.000000000000000 ) ;
#1701 = EDGE_CURVE ( 'NONE', #4742, #2813, #1784, .T. ) ;
#1702 = CARTESIAN_POINT ( 'NONE',  ( 0.8800000000000000000, 0.1999999999999998200, 0.8400000000000001900 ) ) ;
#1703 = CARTESIAN_POINT ( 'NONE',  ( -0.2645751311064596900, 1.087660585711987400, -1.350000000000000300 ) ) ;
#1704 = DIRECTION ( 'NONE',  ( 0.7071067811865464600, 0.0000000000000000000, 0.7071067811865485700 ) ) ;
#1705 = LINE ( 'NONE', #2615, #5774 ) ;
#1706 = ORIENTED_EDGE ( 'NONE', *, *, #1572, .T. ) ;
#1707 = FACE_OUTER_BOUND ( 'NONE', #4194, .T. ) ;
#1708 = VECTOR ( 'NONE', #6045, 1000.000000000000000 ) ;
#1709 = ORIENTED_EDGE ( 'NONE', *, *, #6612, .F. ) ;
#1710 = LINE ( 'NONE', #4779, #2682 ) ;
#1711 = CARTESIAN_POINT ( 'NONE',  ( -1.626303258728256700E-016, 1.084202172485504400E-016, -0.9500000000000002900 ) ) ;
#1712 = DATE_AND_TIME ( #3193, #4667 ) ;
#1713 = ADVANCED_FACE ( 'NONE', ( #5870 ), #3452, .F. ) ;
#1714 = ADVANCED_FACE ( 'NONE', ( #3104 ), #5424, .T. ) ;
#1715 = EDGE_LOOP ( 'NONE', ( #5712, #4957, #3668, #2296 ) ) ;
#1716 = VECTOR ( 'NONE', #258, 1000.000000000000000 ) ;
#1717 = PLANE ( 'NONE',  #67 ) ;
#1718 = DIRECTION ( 'NONE',  ( 1.000000000000000000, 2.220446049250313100E-016, -5.551115123125781500E-017 ) ) ;
#1719 = DIRECTION ( 'NONE',  ( -1.232047923278980000E-016, -3.080119808197450000E-017, -1.000000000000000000 ) ) ;
#1720 = CIRCLE ( 'NONE', #5507, 0.1699999999999999000 ) ;
#1721 = ORIENTED_EDGE ( 'NONE', *, *, #31, .F. ) ;
#1722 = CARTESIAN_POINT ( 'NONE',  ( 0.6500000000000000200, 1.159999999999999900, -0.1250000000000001100 ) ) ;
#1723 = DIRECTION ( 'NONE',  ( -0.0000000000000000000, -1.000000000000000000, 5.551115123125782700E-017 ) ) ;
#1724 = ORIENTED_EDGE ( 'NONE', *, *, #4301, .T. ) ;
#1725 = ORIENTED_EDGE ( 'NONE', *, *, #6707, .F. ) ;
#1726 = AXIS2_PLACEMENT_3D ( 'NONE', #161, #6427, #4035 ) ;
#1727 = AXIS2_PLACEMENT_3D ( 'NONE', #2678, #6527, #3214 ) ;
#1728 = DIRECTION ( 'NONE',  ( 1.554312234475219600E-015, 1.000000000000000000, -0.0000000000000000000 ) ) ;
#1729 = CARTESIAN_POINT ( 'NONE',  ( 0.0000000000000000000, 0.4195329181894489900, -4.336808689942017700E-016 ) ) ;
#1730 = CARTESIAN_POINT ( 'NONE',  ( -0.3549999999999983700, 0.4251110699893032600, -2.209999999999998200 ) ) ;
#1731 = EDGE_CURVE ( 'NONE', #4432, #4015, #4389, .T. ) ;
#1732 = EDGE_LOOP ( 'NONE', ( #6583, #2159, #1470, #4807 ) ) ;
#1733 = DIRECTION ( 'NONE',  ( 0.0000000000000000000, 0.0000000000000000000, 1.000000000000000000 ) ) ;
#1734 = PLANE ( 'NONE',  #2333 ) ;
#1735 = EDGE_LOOP ( 'NONE', ( #3063, #2635, #302, #4446 ) ) ;
#1736 = VECTOR ( 'NONE', #5639, 1000.000000000000000 ) ;
#1737 = CARTESIAN_POINT ( 'NONE',  ( 0.3950000000000000700, 0.9899999999999999900, -2.549999999999998900 ) ) ;
#1738 = DIRECTION ( 'NONE',  ( 0.0000000000000000000, 1.000000000000000000, 5.551115123125782700E-017 ) ) ;
#1739 = DIRECTION ( 'NONE',  ( 1.000000000000000000, 0.0000000000000000000, -3.097720492815725900E-015 ) ) ;
#1740 = CARTESIAN_POINT ( 'NONE',  ( -0.09999999999999977000, 0.3192184062664932300, -0.8920266653907279500 ) ) ;
#1741 = AXIS2_PLACEMENT_3D ( 'NONE', #6839, #5171, #7005 ) ;
#1742 = EDGE_LOOP ( 'NONE', ( #2650, #5378, #4583, #2576 ) ) ;
#1743 = DIRECTION ( 'NONE',  ( 0.6123724356957936900, -0.3535533905932721200, -0.7071067811865491300 ) ) ;
#1744 = ADVANCED_FACE ( 'NONE', ( #2918 ), #5682, .T. ) ;
#1745 = LINE ( 'NONE', #6466, #3057 ) ;
#1746 = EDGE_CURVE ( 'NONE', #3106, #77, #3255, .T. ) ;
#1747 = ADVANCED_FACE ( 'NONE', ( #1627 ), #3180, .T. ) ;
#1748 = EDGE_LOOP ( 'NONE', ( #2426, #245, #4888, #1217 ) ) ;
#1749 = VECTOR ( 'NONE', #7082, 1000.000000000000000 ) ;
#1750 = CONICAL_SURFACE ( 'NONE', #6521, 0.4199999999999986000, 0.7853981633974469500 ) ;
#1751 = CARTESIAN_POINT ( 'NONE',  ( 0.7046666809490371700, 0.4356057024239640700, 0.5223095517728091300 ) ) ;
#1752 = DIRECTION ( 'NONE',  ( 1.000000000000000000, 3.025117668765123600E-019, 0.0000000000000000000 ) ) ;
#1753 = ORIENTED_EDGE ( 'NONE', *, *, #6657, .T. ) ;
#1754 = EDGE_CURVE ( 'NONE', #380, #5703, #2757, .T. ) ;
#1755 = ORIENTED_EDGE ( 'NONE', *, *, #2207, .F. ) ;
#1756 = ORIENTED_EDGE ( 'NONE', *, *, #3699, .T. ) ;
#1757 = DIRECTION ( 'NONE',  ( 0.0000000000000000000, 1.000000000000000000, 5.551115123125782700E-017 ) ) ;
#1758 = LINE ( 'NONE', #4655, #299 ) ;
#1759 = CARTESIAN_POINT ( 'NONE',  ( 0.05999999999999889400, 0.3356217782649110700, -2.199999999999999700 ) ) ;
#1760 = ORIENTED_EDGE ( 'NONE', *, *, #98, .T. ) ;
#1761 = DIRECTION ( 'NONE',  ( 0.0000000000000000000, -1.000000000000000000, -5.551115123125782700E-017 ) ) ;
#1762 = CARTESIAN_POINT ( 'NONE',  ( 0.1999999999999999000, 0.1200000000000000000, -0.8400000000000003000 ) ) ;
#1763 = ORIENTED_EDGE ( 'NONE', *, *, #6883, .F. ) ;
#1764 = ORIENTED_EDGE ( 'NONE', *, *, #7068, .F. ) ;
#1765 = AXIS2_PLACEMENT_3D ( 'NONE', #3731, #425, #4294 ) ;
#1766 = FACE_OUTER_BOUND ( 'NONE', #1008, .T. ) ;
#1767 = PLANE ( 'NONE',  #2561 ) ;
#1768 = DIRECTION ( 'NONE',  ( -5.551115123125782700E-017, 5.551115123125782700E-017, 1.000000000000000000 ) ) ;
#1769 = DIRECTION ( 'NONE',  ( -1.000000000000000000, 0.0000000000000000000, 0.0000000000000000000 ) ) ;
#1770 = ORIENTED_EDGE ( 'NONE', *, *, #4866, .T. ) ;
#1771 = TOROIDAL_SURFACE ( 'NONE', #7102, 0.8100000000000000500, 0.07999999999999986300 ) ;
#1772 = DIRECTION ( 'NONE',  ( 5.551115123125782700E-017, -5.551115123125782700E-017, -1.000000000000000000 ) ) ;
#1773 = CARTESIAN_POINT ( 'NONE',  ( 0.6179502228979486500, 0.3030223961003891700, 0.4722437813738430400 ) ) ;
#1774 = AXIS2_PLACEMENT_3D ( 'NONE', #5833, #2535, #6385 ) ;
#1775 = AXIS2_PLACEMENT_3D ( 'NONE', #4858, #6522, #3210 ) ;
#1776 = LINE ( 'NONE', #2321, #1974 ) ;
#1777 = ADVANCED_FACE ( 'NONE', ( #6981 ), #4316, .F. ) ;
#1778 = ORIENTED_EDGE ( 'NONE', *, *, #1601, .F. ) ;
#1779 = LINE ( 'NONE', #594, #4743 ) ;
#1780 = FACE_OUTER_BOUND ( 'NONE', #674, .T. ) ;
#1781 = ADVANCED_FACE ( 'NONE', ( #1279 ), #3554, .T. ) ;
#1782 = CARTESIAN_POINT ( 'NONE',  ( -0.5649999999999995000, 3.252606517456513300E-016, -2.099999999999998800 ) ) ;
#1783 = CARTESIAN_POINT ( 'NONE',  ( 0.5649999999999992800, 2.168404344971008900E-016, -2.099999999999998800 ) ) ;
#1784 = LINE ( 'NONE', #3201, #138 ) ;
#1785 = EDGE_CURVE ( 'NONE', #4231, #6863, #7155, .T. ) ;
#1786 = EDGE_CURVE ( 'NONE', #6254, #3355, #4039, .T. ) ;
#1787 = CARTESIAN_POINT ( 'NONE',  ( -0.1000000000000000100, 0.1199999999999999800, -1.000000000000000000 ) ) ;
#1788 = ORIENTED_EDGE ( 'NONE', *, *, #6067, .F. ) ;
#1789 = VECTOR ( 'NONE', #5819, 1000.000000000000100 ) ;
#1790 = LINE ( 'NONE', #3445, #4558 ) ;
#1791 = EDGE_CURVE ( 'NONE', #3325, #5085, #2594, .T. ) ;
#1792 = CARTESIAN_POINT ( 'NONE',  ( -0.8352809876858333600, 0.3506307787036601600, 0.3667796492514640000 ) ) ;
#1793 = DIRECTION ( 'NONE',  ( -5.551115123125782700E-017, 5.551115123125782700E-017, 1.000000000000000000 ) ) ;
#1794 = CARTESIAN_POINT ( 'NONE',  ( 1.050000000000000300, 0.8600000000000002100, -0.5500000000000001600 ) ) ;
#1795 = CARTESIAN_POINT ( 'NONE',  ( 0.9999999999999950000, -1.355252715606880500E-017, 0.7000000000000068400 ) ) ;
#1796 = PLANE ( 'NONE',  #4291 ) ;
#1797 = AXIS2_PLACEMENT_3D ( 'NONE', #1200, #6727, #3405 ) ;
#1798 = VERTEX_POINT ( 'NONE', #5863 ) ;
#1799 = VECTOR ( 'NONE', #3769, 999.9999999999998900 ) ;
#1800 = EDGE_CURVE ( 'NONE', #2470, #5603, #2398, .T. ) ;
#1801 = CARTESIAN_POINT ( 'NONE',  ( -0.03000000000000007900, 0.3549999999999999800, -1.150000000000000400 ) ) ;
#1802 = FACE_OUTER_BOUND ( 'NONE', #4364, .T. ) ;
#1803 = AXIS2_PLACEMENT_3D ( 'NONE', #6079, #2187, #2235 ) ;
#1804 = CARTESIAN_POINT ( 'NONE',  ( 0.1000000000000001600, 0.3058317966700822600, -0.7652072751778332700 ) ) ;
#1805 = ORIENTED_EDGE ( 'NONE', *, *, #4355, .F. ) ;
#1806 = DIRECTION ( 'NONE',  ( 3.330669073875474600E-016, -1.000000000000000000, 0.0000000000000000000 ) ) ;
#1807 = VECTOR ( 'NONE', #3360, 1000.000000000000000 ) ;
#1808 = EDGE_LOOP ( 'NONE', ( #4795, #3829, #644, #3232 ) ) ;
#1809 = FACE_OUTER_BOUND ( 'NONE', #5216, .T. ) ;
#1810 = ORIENTED_EDGE ( 'NONE', *, *, #3346, .T. ) ;
#1811 = CARTESIAN_POINT ( 'NONE',  ( -0.7921531792945530900, 0.3754022357621021900, 0.3418797974672001500 ) ) ;
#1812 = DIRECTION ( 'NONE',  ( 1.000000000000000000, 0.0000000000000000000, 0.0000000000000000000 ) ) ;
#1813 = ORIENTED_EDGE ( 'NONE', *, *, #5276, .F. ) ;
#1814 = CARTESIAN_POINT ( 'NONE',  ( -0.2645751311064596400, 1.087660585711987400, -2.450000000000000200 ) ) ;
#1815 = ORIENTED_EDGE ( 'NONE', *, *, #4855, .T. ) ;
#1816 = CARTESIAN_POINT ( 'NONE',  ( 0.7868652504680488900, 0.3834869825984620900, 0.3388268103357624500 ) ) ;
#1817 = CARTESIAN_POINT ( 'NONE',  ( 0.6857280241369089200, 0.3858964395677940700, 0.5113753131642376800 ) ) ;
#1818 = EDGE_LOOP ( 'NONE', ( #2382, #4972, #5388, #6247 ) ) ;
#1819 = EDGE_CURVE ( 'NONE', #4508, #7147, #3859, .T. ) ;
#1820 = DIRECTION ( 'NONE',  ( -0.7071067811865474600, 1.730537381620172400E-017, 0.7071067811865476800 ) ) ;
#1821 = CARTESIAN_POINT ( 'NONE',  ( -0.003485717286276942000, 1.040000000000000300, -2.700000000000000200 ) ) ;
#1822 = ADVANCED_FACE ( 'NONE', ( #6635 ), #1317, .T. ) ;
#1823 = EDGE_CURVE ( 'NONE', #4853, #769, #2224, .T. ) ;
#1824 = AXIS2_PLACEMENT_3D ( 'NONE', #139, #4012, #696 ) ;
#1825 = ORIENTED_EDGE ( 'NONE', *, *, #6380, .T. ) ;
#1826 = VECTOR ( 'NONE', #2518, 1000.000000000000000 ) ;
#1827 = PLANE ( 'NONE',  #6047 ) ;
#1828 = CARTESIAN_POINT ( 'NONE',  ( 0.1000000000000001600, 0.2820617996671740400, -0.8165924633238426100 ) ) ;
#1829 = ORIENTED_EDGE ( 'NONE', *, *, #1668, .T. ) ;
#1830 = EDGE_LOOP ( 'NONE', ( #6700, #728, #3983, #6174 ) ) ;
#1831 = VECTOR ( 'NONE', #2669, 1000.000000000000000 ) ;
#1832 = DIRECTION ( 'NONE',  ( -0.4999999999999970000, 0.8660254037844403700, 4.163336342344337000E-017 ) ) ;
#1833 = EDGE_CURVE ( 'NONE', #397, #4414, #5164, .T. ) ;
#1834 = DIRECTION ( 'NONE',  ( -1.000000000000000000, 0.0000000000000000000, 0.0000000000000000000 ) ) ;
#1835 = PLANE ( 'NONE',  #4764 ) ;
#1836 = CARTESIAN_POINT ( 'NONE',  ( 0.9999999999999950000, -1.355252715606880500E-017, 0.7000000000000068400 ) ) ;
#1837 = ORIENTED_EDGE ( 'NONE', *, *, #4178, .F. ) ;
#1838 = LINE ( 'NONE', #1963, #3149 ) ;
#1839 = CARTESIAN_POINT ( 'NONE',  ( -0.4750000000000000300, 1.355252715606880500E-017, 0.0000000000000000000 ) ) ;
#1840 = CARTESIAN_POINT ( 'NONE',  ( -0.8800000000000000000, 0.8599999999999996500, 0.5499999999999997100 ) ) ;
#1841 = ORIENTED_EDGE ( 'NONE', *, *, #1458, .F. ) ;
#1842 = DIRECTION ( 'NONE',  ( 0.0000000000000000000, -7.228014483236694600E-017, 1.000000000000000000 ) ) ;
#1843 = AXIS2_PLACEMENT_3D ( 'NONE', #1665, #357, #1677 ) ;
#1844 = CARTESIAN_POINT ( 'NONE',  ( -0.06586813399371337100, 0.3967447739247853500, -2.180000000000000200 ) ) ;
#1845 = VERTEX_POINT ( 'NONE', #5814 ) ;
#1846 = CIRCLE ( 'NONE', #123, 0.3799999999999985100 ) ;
#1847 = CIRCLE ( 'NONE', #1223, 0.5199999999999998000 ) ;
#1848 = ORIENTED_EDGE ( 'NONE', *, *, #2166, .T. ) ;
#1849 = ORIENTED_EDGE ( 'NONE', *, *, #1056, .F. ) ;
#1850 = CARTESIAN_POINT ( 'NONE',  ( -0.6839771384639492500, 0.3955991732866418500, 0.5103644388496333400 ) ) ;
#1851 = ORIENTED_EDGE ( 'NONE', *, *, #3495, .T. ) ;
#1852 = VECTOR ( 'NONE', #3330, 1000.000000000000000 ) ;
#1853 = DIRECTION ( 'NONE',  ( -0.6123724356957939200, -0.3535533905932706200, -0.7071067811865496800 ) ) ;
#1854 = CARTESIAN_POINT ( 'NONE',  ( -0.8232145854272731000, 0.3570887285029484300, 0.3598131086593343000 ) ) ;
#1855 = ADVANCED_FACE ( 'NONE', ( #6460 ), #1893, .T. ) ;
#1856 = CARTESIAN_POINT ( 'NONE',  ( -0.1000000000000000500, 0.3622422115419223800, -0.8817083385011712500 ) ) ;
#1857 = CARTESIAN_POINT ( 'NONE',  ( -1.084202172485504400E-016, 0.3506307787036603800, -4.336808689942017700E-016 ) ) ;
#1858 = ORIENTED_EDGE ( 'NONE', *, *, #5660, .F. ) ;
#1859 = EDGE_LOOP ( 'NONE', ( #6027, #4584, #2357, #539, #3839, #6693 ) ) ;
#1860 = ORIENTED_EDGE ( 'NONE', *, *, #4235, .F. ) ;
#1861 = B_SPLINE_CURVE_WITH_KNOTS ( 'NONE', 3,
 ( #6324, #5779, #4137, #814, #4691, #1389, #5247, #1934, #5804, #2507 ),
 .UNSPECIFIED., .F., .F.,
 ( 4, 3, 3, 4 ),
 ( 0.0001440667315229527700, 0.0001519086627386612600, 0.0001620130246370888100, 0.0001692067434954082300 ),
 .UNSPECIFIED. ) ;
#1862 = VECTOR ( 'NONE', #5518, 1000.000000000000000 ) ;
#1863 = DIRECTION ( 'NONE',  ( 0.6337242505244791200, -0.4436069753671353400, -0.6337242505244762300 ) ) ;
#1864 = DIRECTION ( 'NONE',  ( 5.551115123125782700E-017, -5.551115123125782700E-017, -1.000000000000000000 ) ) ;
#1865 = CARTESIAN_POINT ( 'NONE',  ( -0.6300000000000003400, 0.9900000000000002100, -0.9500000000000002900 ) ) ;
#1866 = DIRECTION ( 'NONE',  ( 6.828076653045480500E-015, 0.0000000000000000000, -1.000000000000000000 ) ) ;
#1867 = AXIS2_PLACEMENT_3D ( 'NONE', #5631, #2325, #6190 ) ;
#1868 = DIRECTION ( 'NONE',  ( -1.000000000000000000, 6.106226635438361000E-016, 5.551115123125782700E-017 ) ) ;
#1869 = DIRECTION ( 'NONE',  ( 0.0000000000000000000, 1.000000000000000000, 5.551115123125782700E-017 ) ) ;
#1870 = MECHANICAL_CONTEXT ( 'NONE', #4630, 'mechanical' ) ;
#1871 = LINE ( 'NONE', #3557, #329 ) ;
#1872 = DIRECTION ( 'NONE',  ( 0.0000000000000000000, 1.000000000000000000, 5.551115123125782700E-017 ) ) ;
#1873 = ORIENTED_EDGE ( 'NONE', *, *, #707, .F. ) ;
#1874 = CIRCLE ( 'NONE', #7154, 0.1699999999999999000 ) ;
#1875 = DIRECTION ( 'NONE',  ( 0.0000000000000000000, 1.000000000000000000, 8.881784197001252300E-016 ) ) ;
#1876 = DIRECTION ( 'NONE',  ( -0.0000000000000000000, -1.000000000000000000, -5.551115123125782700E-017 ) ) ;
#1877 = CIRCLE ( 'NONE', #5397, 0.1699999999999999300 ) ;
#1878 = CARTESIAN_POINT ( 'NONE',  ( 0.5649999999999992800, 2.168404344971008900E-016, -2.099999999999998800 ) ) ;
#1879 = VERTEX_POINT ( 'NONE', #4147 ) ;
#1880 = ORIENTED_EDGE ( 'NONE', *, *, #6579, .T. ) ;
#1881 = CIRCLE ( 'NONE', #2387, 0.02999999999999997100 ) ;
#1882 = FACE_OUTER_BOUND ( 'NONE', #470, .T. ) ;
#1883 = CARTESIAN_POINT ( 'NONE',  ( -0.6924608356556580800, 0.3750735591876654400, 0.5152625037069900000 ) ) ;
#1884 = CARTESIAN_POINT ( 'NONE',  ( -9.629649721936179300E-032, 0.3971892336110938200, -4.336808689942017700E-016 ) ) ;
#1885 = ORIENTED_EDGE ( 'NONE', *, *, #719, .T. ) ;
#1886 = VECTOR ( 'NONE', #3551, 1000.000000000000000 ) ;
#1887 = CARTESIAN_POINT ( 'NONE',  ( -0.6400000000000001200, 1.089583694396573800, -1.950000000000000400 ) ) ;
#1888 = CARTESIAN_POINT ( 'NONE',  ( 0.5799999999999999600, 0.0000000000000000000, -0.8400000000000001900 ) ) ;
#1889 = CARTESIAN_POINT ( 'NONE',  ( -0.06586813399370827800, 0.3967447739247843000, -1.030761184457488200 ) ) ;
#1890 = EDGE_CURVE ( 'NONE', #2862, #846, #746, .T. ) ;
#1891 = EDGE_CURVE ( 'NONE', #2549, #2701, #3511, .T. ) ;
#1892 = CARTESIAN_POINT ( 'NONE',  ( 0.0000000000000000000, 0.3699999999999942200, 0.0000000000000000000 ) ) ;
#1893 = PLANE ( 'NONE',  #2443 ) ;
#1894 = APPROVAL_DATE_TIME ( #3347, #1154 ) ;
#1895 = EDGE_LOOP ( 'NONE', ( #5230, #2740, #2853, #6850, #934, #4660 ) ) ;
#1896 = EDGE_CURVE ( 'NONE', #3273, #2201, #4988, .T. ) ;
#1897 = VERTEX_POINT ( 'NONE', #4068 ) ;
#1898 = LINE ( 'NONE', #833, #5963 ) ;
#1899 = DIRECTION ( 'NONE',  ( 0.0000000000000000000, 1.000000000000000000, 5.551115123125782700E-017 ) ) ;
#1900 = DIRECTION ( 'NONE',  ( 5.551115123125782700E-017, -5.551115123125782700E-017, -1.000000000000000000 ) ) ;
#1901 = PERSON_AND_ORGANIZATION_ROLE ( 'classification_officer' ) ;
#1902 = DIRECTION ( 'NONE',  ( 0.3535533905932720700, -0.6123724356957954700, 0.7071067811865474600 ) ) ;
#1903 = CC_DESIGN_PERSON_AND_ORGANIZATION_ASSIGNMENT ( #424, #3535, ( #781 ) ) ;
#1904 = ADVANCED_FACE ( 'NONE', ( #4826, #6289 ), #2457, .F. ) ;
#1905 = VECTOR ( 'NONE', #6767, 1000.000000000000000 ) ;
#1906 = CARTESIAN_POINT ( 'NONE',  ( 0.1100000000000000000, 0.09999999999999999200, 0.9300000000000001600 ) ) ;
#1907 = VERTEX_POINT ( 'NONE', #6368 ) ;
#1908 = EDGE_CURVE ( 'NONE', #7181, #6422, #2062, .T. ) ;
#1909 = CARTESIAN_POINT ( 'NONE',  ( 0.2556856015201481900, 1.040000000000000000, 0.7142364707906677700 ) ) ;
#1910 = ORIENTED_EDGE ( 'NONE', *, *, #6012, .F. ) ;
#1911 = CARTESIAN_POINT ( 'NONE',  ( 0.7138620337916564700, 0.4600000000000000200, 0.5276184912117896100 ) ) ;
#1912 = EDGE_LOOP ( 'NONE', ( #2168, #914, #4845, #2023 ) ) ;
#1913 = DIRECTION ( 'NONE',  ( -1.000000000000000000, 0.0000000000000000000, 0.0000000000000000000 ) ) ;
#1914 = CARTESIAN_POINT ( 'NONE',  ( -0.8111475934632095300, 0.3635452094501364600, 0.3528462276005731600 ) ) ;
#1915 = DIRECTION ( 'NONE',  ( 0.0000000000000000000, 0.0000000000000000000, -1.000000000000000000 ) ) ;
#1916 = AXIS2_PLACEMENT_3D ( 'NONE', #4606, #1364, #5213 ) ;
#1917 = B_SPLINE_CURVE_WITH_KNOTS ( 'NONE', 3,
 ( #2899, #3422, #136, #4008, #693, #4564, #1261 ),
 .UNSPECIFIED., .F., .F.,
 ( 4, 3, 4 ),
 ( 7.947791990823428800E-005, 0.0001001643019563918400, 0.0001133333641264292800 ),
 .UNSPECIFIED. ) ;
#1918 = DIRECTION ( 'NONE',  ( -0.9067211118885070100, -2.341075942633357900E-017, 0.4217307497155849400 ) ) ;
#1919 = ORIENTED_EDGE ( 'NONE', *, *, #5746, .T. ) ;
#1920 = CARTESIAN_POINT ( 'NONE',  ( -1.355615729727132300E-016, 0.1200000000000000000, -1.000000000000000000 ) ) ;
#1921 = DIRECTION ( 'NONE',  ( 5.551115123125782700E-017, -5.551115123125782700E-017, -1.000000000000000000 ) ) ;
#1922 = DIRECTION ( 'NONE',  ( 0.0000000000000000000, 1.000000000000000000, 5.551115123125782700E-017 ) ) ;
#1923 = CARTESIAN_POINT ( 'NONE',  ( -1.050000000000000300, 0.9899999999999999900, -0.5500000000000006000 ) ) ;
#1924 = DIRECTION ( 'NONE',  ( 5.551115123125782700E-017, 5.551115123125782700E-017, -1.000000000000000000 ) ) ;
#1925 = EDGE_CURVE ( 'NONE', #6353, #1114, #3702, .T. ) ;
#1926 = DIRECTION ( 'NONE',  ( -1.000000000000000000, 0.0000000000000000000, -6.982962677686265900E-015 ) ) ;
#1927 = CARTESIAN_POINT ( 'NONE',  ( 0.2500000000000000000, 0.09999999999999999200, 0.8400000000000001900 ) ) ;
#1928 = EDGE_LOOP ( 'NONE', ( #4734, #1597, #3815, #6926, #220 ) ) ;
#1929 = FACE_OUTER_BOUND ( 'NONE', #12, .T. ) ;
#1930 = AXIS2_PLACEMENT_3D ( 'NONE', #5809, #2512, #6360 ) ;
#1931 = DIRECTION ( 'NONE',  ( -0.3535533905932716800, 0.6123724356957946900, 0.7071067811865484600 ) ) ;
#1932 = DIRECTION ( 'NONE',  ( 5.551115123125782700E-017, 5.551115123125782700E-017, -1.000000000000000000 ) ) ;
#1933 = LINE ( 'NONE', #1077, #6158 ) ;
#1934 = CARTESIAN_POINT ( 'NONE',  ( 0.09999999999999993600, 0.4020081796590521700, -0.8478183010510902400 ) ) ;
#1935 = VERTEX_POINT ( 'NONE', #3056 ) ;
#1936 = DIRECTION ( 'NONE',  ( 5.551115123125782700E-017, -5.551115123125782700E-017, -1.000000000000000000 ) ) ;
#1937 = EDGE_CURVE ( 'NONE', #6666, #1255, #4648, .T. ) ;
#1938 = EDGE_LOOP ( 'NONE', ( #3856, #5656, #5003, #1675 ) ) ;
#1939 = ADVANCED_FACE ( 'NONE', ( #6112 ), #4759, .T. ) ;
#1940 = VECTOR ( 'NONE', #7137, 1000.000000000000000 ) ;
#1941 = EDGE_CURVE ( 'NONE', #2990, #4922, #3334, .T. ) ;
#1942 = CARTESIAN_POINT ( 'NONE',  ( 0.3549999999999983200, 0.4251110699893030400, -2.440000000000000400 ) ) ;
#1943 = CARTESIAN_POINT ( 'NONE',  ( -0.5650000000000000600, 0.9899999999999997700, -2.549999999999998500 ) ) ;
#1944 = CIRCLE ( 'NONE', #6894, 0.3250000000000000100 ) ;
#1945 = VERTEX_POINT ( 'NONE', #6459 ) ;
#1946 = DIRECTION ( 'NONE',  ( -0.8641916239782085900, 0.07548569116831666000, 0.4974683381630915500 ) ) ;
#1947 = DIRECTION ( 'NONE',  ( 0.0000000000000000000, -0.0000000000000000000, 1.000000000000000000 ) ) ;
#1948 = VERTEX_POINT ( 'NONE', #6942 ) ;
#1949 = ORIENTED_EDGE ( 'NONE', *, *, #2870, .T. ) ;
#1951 = ORIENTED_EDGE ( 'NONE', *, *, #62, .F. ) ;
#1950 = CARTESIAN_POINT ( 'NONE',  ( -0.7046666809490373900, 0.4356057024239638500, 0.5223095517728095800 ) ) ;
#1952 = CARTESIAN_POINT ( 'NONE',  ( -0.6092093928471227200, 0.3076897920382635800, 0.4671972607910574400 ) ) ;
#1953 = LINE ( 'NONE', #4095, #4719 ) ;
#1954 = CARTESIAN_POINT ( 'NONE',  ( 0.6179502228979486500, 0.3030223961003891700, 0.4722437813738430400 ) ) ;
#1955 = ORIENTED_EDGE ( 'NONE', *, *, #2193, .F. ) ;
#1956 = CARTESIAN_POINT ( 'NONE',  ( 0.3942171033686727200, 0.2576126291654244900, -0.9805966961075943700 ) ) ;
#1957 = EDGE_CURVE ( 'NONE', #296, #2470, #1877, .T. ) ;
#1958 = ORIENTED_EDGE ( 'NONE', *, *, #6988, .T. ) ;
#1959 = CARTESIAN_POINT ( 'NONE',  ( -0.5649999999999986100, 0.7888417395787666900, -2.209999999999998200 ) ) ;
#1960 = VERTEX_POINT ( 'NONE', #5869 ) ;
#1961 = ORIENTED_EDGE ( 'NONE', *, *, #361, .F. ) ;
#1962 = CIRCLE ( 'NONE', #1268, 0.1699999999999999000 ) ;
#1963 = CARTESIAN_POINT ( 'NONE',  ( 0.5649999999999987300, 0.8099999999999998300, -2.099999999999999600 ) ) ;
#1964 = DIRECTION ( 'NONE',  ( 0.0000000000000000000, -7.228014483236694600E-017, 1.000000000000000000 ) ) ;
#1965 = ORIENTED_EDGE ( 'NONE', *, *, #3122, .F. ) ;
#1966 = FACE_OUTER_BOUND ( 'NONE', #2913, .T. ) ;
#1967 = DIRECTION ( 'NONE',  ( -0.0000000000000000000, -0.0000000000000000000, -1.000000000000000000 ) ) ;
#1968 = CARTESIAN_POINT ( 'NONE',  ( -0.1903284930203607800, 0.1098862066797565400, -2.200000000000000600 ) ) ;
#1969 = CARTESIAN_POINT ( 'NONE',  ( -1.626303258728256700E-016, 1.084202172485504400E-016, -0.9500000000000002900 ) ) ;
#1970 = B_SPLINE_CURVE_WITH_KNOTS ( 'NONE', 3,
 ( #301, #6257, #5175, #1856, #5722, #2429, #6286 ),
 .UNSPECIFIED., .F., .F.,
 ( 4, 3, 4 ),
 ( 0.0004349015718967895400, 0.0004533566123455748800, 0.0004809723194078384800 ),
 .UNSPECIFIED. ) ;
#1971 = CARTESIAN_POINT ( 'NONE',  ( 0.7889707284759536200, 0.4150818078892580300, 0.3400424086303995800 ) ) ;
#1972 = CARTESIAN_POINT ( 'NONE',  ( 0.7839771384619768100, 0.3971892336107952800, 0.3371593580916070800 ) ) ;
#1973 = EDGE_CURVE ( 'NONE', #618, #1519, #5947, .T. ) ;
#1974 = VECTOR ( 'NONE', #3446, 1000.000000000000000 ) ;
#1975 = CARTESIAN_POINT ( 'NONE',  ( 0.1300000000000001200, 0.2349999999999998500, -0.9500000000000002900 ) ) ;
#1976 = ORIENTED_EDGE ( 'NONE', *, *, #415, .T. ) ;
#1977 = ORIENTED_EDGE ( 'NONE', *, *, #1295, .T. ) ;
#1978 = VECTOR ( 'NONE', #6089, 1000.000000000000000 ) ;
#1979 = LINE ( 'NONE', #2868, #492 ) ;
#1980 = DIRECTION ( 'NONE',  ( -5.551115123125782700E-017, 5.551115123125782700E-017, 1.000000000000000000 ) ) ;
#1981 = PLANE ( 'NONE',  #1380 ) ;
#1982 = EDGE_CURVE ( 'NONE', #6468, #3709, #238, .T. ) ;
#1983 = AXIS2_PLACEMENT_3D ( 'NONE', #4162, #3025, #6228 ) ;
#1984 = AXIS2_PLACEMENT_3D ( 'NONE', #1730, #6156, #2854 ) ;
#1985 = DIRECTION ( 'NONE',  ( -5.551115123125782700E-017, 5.551115123125782700E-017, 1.000000000000000000 ) ) ;
#1986 = CONICAL_SURFACE ( 'NONE', #1090, 0.8700000000000000000, 1.134464013796320700 ) ;
#1987 = VERTEX_POINT ( 'NONE', #3139 ) ;
#1988 = LINE ( 'NONE', #5955, #4918 ) ;
#1989 = DIRECTION ( 'NONE',  ( 1.554312234475219600E-015, 1.000000000000000000, -0.0000000000000000000 ) ) ;
#1990 = CARTESIAN_POINT ( 'NONE',  ( 0.1816025403784423400, 0.3250000000000000100, -2.100000000000000100 ) ) ;
#1991 = DIRECTION ( 'NONE',  ( -1.000000000000000000, 0.0000000000000000000, 0.0000000000000000000 ) ) ;
#1992 = ORIENTED_EDGE ( 'NONE', *, *, #2342, .T. ) ;
#1993 = LINE ( 'NONE', #2066, #502 ) ;
#1994 = CARTESIAN_POINT ( 'NONE',  ( 0.1449999999999999900, 0.7888417395787666900, -2.289999999999998300 ) ) ;
#1995 = CARTESIAN_POINT ( 'NONE',  ( -0.05999999999999929000, 0.3356217782649113000, -2.449999999999999300 ) ) ;
#1996 = VECTOR ( 'NONE', #2216, 1000.000000000000100 ) ;
#1997 = CARTESIAN_POINT ( 'NONE',  ( -0.6500000000000001300, 1.129999999999999900, -0.1250000000000005600 ) ) ;
#1998 = DIRECTION ( 'NONE',  ( 0.0000000000000000000, -1.000000000000000000, -5.551115123125782700E-017 ) ) ;
#1999 = ORIENTED_EDGE ( 'NONE', *, *, #3150, .F. ) ;
#2000 = FACE_OUTER_BOUND ( 'NONE', #1539, .T. ) ;
#2001 = DIRECTION ( 'NONE',  ( 0.0000000000000000000, -1.000000000000000000, 0.0000000000000000000 ) ) ;
#2002 = DIRECTION ( 'NONE',  ( -1.609823385706477400E-015, 1.000000000000000000, -5.551115123125783900E-017 ) ) ;
#2003 = AXIS2_PLACEMENT_3D ( 'NONE', #4526, #3249, #3732 ) ;
#2004 = CARTESIAN_POINT ( 'NONE',  ( -0.5249999999999986900, 0.7888417395787666900, -2.400000000000000800 ) ) ;
#2005 = EDGE_CURVE ( 'NONE', #513, #6182, #1705, .T. ) ;
#2006 = VERTEX_POINT ( 'NONE', #3117 ) ;
#2007 = LINE ( 'NONE', #1079, #3274 ) ;
#2008 = DIRECTION ( 'NONE',  ( 0.4999999999999968400, 0.8660254037844404800, 0.0000000000000000000 ) ) ;
#2009 = ORIENTED_EDGE ( 'NONE', *, *, #4129, .T. ) ;
#2010 = CARTESIAN_POINT ( 'NONE',  ( 0.3949999999999998000, 1.159999999999999900, -2.700000000000000200 ) ) ;
#2011 = ORIENTED_EDGE ( 'NONE', *, *, #3307, .T. ) ;
#2012 = CARTESIAN_POINT ( 'NONE',  ( 0.8800000000000000000, 1.159999999999999500, 0.5499999999999997100 ) ) ;
#2013 = EDGE_CURVE ( 'NONE', #1798, #6362, #4698, .T. ) ;
#2014 = ORIENTED_EDGE ( 'NONE', *, *, #5923, .T. ) ;
#2015 = CARTESIAN_POINT ( 'NONE',  ( 0.4700000000000002000, 0.9899999999999999900, -0.9500000000000002900 ) ) ;
#2016 = CARTESIAN_POINT ( 'NONE',  ( 0.02999999999999991600, 0.3549999999999999800, -1.150000000000000100 ) ) ;
#2017 = ORIENTED_EDGE ( 'NONE', *, *, #6246, .F. ) ;
#2018 = LINE ( 'NONE', #3563, #3648 ) ;
#2019 = CARTESIAN_POINT ( 'NONE',  ( -0.7352809876858338300, 0.3506307787036601600, 0.5399847300083522300 ) ) ;
#2020 = CARTESIAN_POINT ( 'NONE',  ( -0.7841508460325392600, 0.4011709368256771700, 0.3372596482042318200 ) ) ;
#2021 = DIRECTION ( 'NONE',  ( 5.551115123125782700E-017, -5.551115123125782700E-017, -1.000000000000000000 ) ) ;
#2022 = DIRECTION ( 'NONE',  ( -1.000000000000000000, 0.0000000000000000000, -2.720046410331633500E-015 ) ) ;
#2023 = ORIENTED_EDGE ( 'NONE', *, *, #7020, .T. ) ;
#2024 = ORIENTED_EDGE ( 'NONE', *, *, #1833, .F. ) ;
#2025 = LINE ( 'NONE', #3077, #4793 ) ;
#2026 = CARTESIAN_POINT ( 'NONE',  ( 0.2760384833094576800, 1.040000000000000000, 0.7916041656178393100 ) ) ;
#2027 = CARTESIAN_POINT ( 'NONE',  ( -0.6984483950146479500, 0.2599999999999947400, 0.5187194227146917400 ) ) ;
#2028 = CARTESIAN_POINT ( 'NONE',  ( 0.1000000000000001400, 0.3971892336110881500, -0.8475237969422329000 ) ) ;
#2029 = ORIENTED_EDGE ( 'NONE', *, *, #6246, .T. ) ;
#2030 = FACE_OUTER_BOUND ( 'NONE', #6636, .T. ) ;
#2031 = CARTESIAN_POINT ( 'NONE',  ( -1.084202172485505900E-016, 0.4791160770650623700, -4.336808689942017700E-016 ) ) ;
#2032 = AXIS2_PLACEMENT_3D ( 'NONE', #2068, #1538, #5391 ) ;
#2033 = CARTESIAN_POINT ( 'NONE',  ( 0.6010345689936106300, 0.3141270661179145800, 0.4624775240386543900 ) ) ;
#2034 = ORIENTED_EDGE ( 'NONE', *, *, #6393, .F. ) ;
#2035 = CARTESIAN_POINT ( 'NONE',  ( 0.2839584187458734100, 1.159999999999999900, -1.850000000000000300 ) ) ;
#2036 = DIRECTION ( 'NONE',  ( 0.4999999999999969500, -0.8660254037844403700, 1.429412144204889000E-015 ) ) ;
#2037 = ORIENTED_EDGE ( 'NONE', *, *, #2355, .F. ) ;
#2038 = ORIENTED_EDGE ( 'NONE', *, *, #4260, .F. ) ;
#2039 = FACE_OUTER_BOUND ( 'NONE', #4077, .T. ) ;
#2040 = LINE ( 'NONE', #554, #3673 ) ;
#2041 = ORIENTED_EDGE ( 'NONE', *, *, #2904, .T. ) ;
#2042 = EDGE_CURVE ( 'NONE', #2701, #1897, #5303, .T. ) ;
#2043 = EDGE_CURVE ( 'NONE', #6227, #843, #2833, .T. ) ;
#2044 = CARTESIAN_POINT ( 'NONE',  ( 0.3549999999999983200, 0.4251110699893030400, -2.440000000000000400 ) ) ;
#2045 = EDGE_CURVE ( 'NONE', #5221, #2663, #3003, .T. ) ;
#2046 = DIRECTION ( 'NONE',  ( -0.8660254037844398200, -0.4999999999999977200, 0.0000000000000000000 ) ) ;
#2047 = ORIENTED_EDGE ( 'NONE', *, *, #3244, .F. ) ;
#2048 = CYLINDRICAL_SURFACE ( 'NONE', #6812, 0.8899999999999999000 ) ;
#2049 = DIRECTION ( 'NONE',  ( -5.551115123125782700E-017, 5.551115123125782700E-017, 1.000000000000000000 ) ) ;
#2050 = AXIS2_PLACEMENT_3D ( 'NONE', #5079, #1768, #5633 ) ;
#2051 = ORIENTED_EDGE ( 'NONE', *, *, #4960, .F. ) ;
#2052 = ORIENTED_EDGE ( 'NONE', *, *, #6022, .F. ) ;
#2053 = DIRECTION ( 'NONE',  ( 1.000000000000000000, 0.0000000000000000000, -3.097720492815725900E-015 ) ) ;
#2054 = VECTOR ( 'NONE', #3801, 1000.000000000000000 ) ;
#2055 = EDGE_CURVE ( 'NONE', #2482, #185, #4305, .T. ) ;
#2056 = CARTESIAN_POINT ( 'NONE',  ( -0.7861382416255647800, 0.4095842929153621900, 0.3384070715848509500 ) ) ;
#2057 = CIRCLE ( 'NONE', #2895, 0.7500000000000000000 ) ;
#2058 = DIRECTION ( 'NONE',  ( 1.000000000000000000, -0.0000000000000000000, -0.0000000000000000000 ) ) ;
#2059 = ORIENTED_EDGE ( 'NONE', *, *, #5838, .T. ) ;
#2060 = ORIENTED_EDGE ( 'NONE', *, *, #1800, .F. ) ;
#2061 = VECTOR ( 'NONE', #5006, 1000.000000000000200 ) ;
#2062 = CIRCLE ( 'NONE', #3542, 0.8899999999999999000 ) ;
#2063 = ORIENTED_EDGE ( 'NONE', *, *, #1535, .T. ) ;
#2064 = LINE ( 'NONE', #2660, #3338 ) ;
#2065 = CONICAL_SURFACE ( 'NONE', #942, 0.8707243970591990200, 1.134464013796320400 ) ;
#2066 = CARTESIAN_POINT ( 'NONE',  ( -0.3549999999999982100, 0.4251110699893030400, -2.360000000000000300 ) ) ;
#2067 = CARTESIAN_POINT ( 'NONE',  ( 0.7984051028443502900, 0.4254158134391652900, 0.3454893472116286100 ) ) ;
#2068 = CARTESIAN_POINT ( 'NONE',  ( -1.050000000000000300, 0.9899999999999999900, -0.5500000000000006000 ) ) ;
#2069 = EDGE_CURVE ( 'NONE', #6865, #2353, #5586, .T. ) ;
#2070 = CARTESIAN_POINT ( 'NONE',  ( 0.3549999999999983200, 0.4251110699893030400, -2.440000000000000400 ) ) ;
#2071 = VECTOR ( 'NONE', #5198, 1000.000000000000000 ) ;
#2072 = EDGE_CURVE ( 'NONE', #826, #4374, #1371, .T. ) ;
#2073 = AXIS2_PLACEMENT_3D ( 'NONE', #2560, #1922, #6388 ) ;
#2074 = AXIS2_PLACEMENT_3D ( 'NONE', #3407, #96, #3973 ) ;
#2075 = CARTESIAN_POINT ( 'NONE',  ( -0.4599999999999999600, 0.3009341382301985400, -0.9500000000000002900 ) ) ;
#2076 = APPROVAL_PERSON_ORGANIZATION ( #3528, #1154, #6843 ) ;
#2077 = VERTEX_POINT ( 'NONE', #3776 ) ;
#2078 = LINE ( 'NONE', #5236, #427 ) ;
#2079 = DIRECTION ( 'NONE',  ( 0.7071067811865465700, 0.0000000000000000000, 0.7071067811865485700 ) ) ;
#2080 = CARTESIAN_POINT ( 'NONE',  ( 0.1216025403784445800, 0.4289230484541330900, -2.180000000000000200 ) ) ;
#2081 = CARTESIAN_POINT ( 'NONE',  ( 0.4599999999999998500, 1.159999999999999700, -0.9500000000000002900 ) ) ;
#2082 = EDGE_CURVE ( 'NONE', #3579, #1359, #2670, .T. ) ;
#2083 = VECTOR ( 'NONE', #5659, 1000.000000000000000 ) ;
#2084 =( BOUNDED_SURFACE ( )  B_SPLINE_SURFACE ( 3, 1, ( 
 ( #2081, #5943 ),
 ( #6489, #3187 ),
 ( #7055, #3734 ),
 ( #430, #4297 ) ),
 .UNSPECIFIED., .F., .F., .T. ) 
 B_SPLINE_SURFACE_WITH_KNOTS ( ( 4, 4 ),
 ( 2, 2 ),
 ( 0.0000000000000000000, 1.000000000000000000 ),
 ( 0.0000000000000000000, 1.000000000000000000 ),
 .UNSPECIFIED. ) 
 GEOMETRIC_REPRESENTATION_ITEM ( )  RATIONAL_B_SPLINE_SURFACE ( (
 ( 1.000000000000000000, 1.000000000000000000),
 ( 0.8047378541243646000, 0.8047378541243646000),
 ( 0.8047378541243646000, 0.8047378541243646000),
 ( 1.000000000000000000, 1.000000000000000000) ) ) 
 REPRESENTATION_ITEM ( '' )  SURFACE ( )  );
#2085 = ORIENTED_EDGE ( 'NONE', *, *, #4737, .F. ) ;
#2086 = DIRECTION ( 'NONE',  ( 0.0000000000000000000, 1.000000000000000000, 5.551115123125782700E-017 ) ) ;
#2087 = CARTESIAN_POINT ( 'NONE',  ( -0.1000000000000001700, 0.3971892336110881500, -0.8475237969422329000 ) ) ;
#2088 = ORIENTED_EDGE ( 'NONE', *, *, #2904, .F. ) ;
#2089 = CARTESIAN_POINT ( 'NONE',  ( -0.1449999999999988500, 0.7888417395787666900, -2.100000000000000100 ) ) ;
#2090 = ORIENTED_EDGE ( 'NONE', *, *, #1399, .T. ) ;
#2091 = ADVANCED_FACE ( 'NONE', ( #1010 ), #3592, .T. ) ;
#2092 = DIRECTION ( 'NONE',  ( 0.08701699807290534700, -0.9962068269422670300, -1.665334536937734600E-016 ) ) ;
#2093 = VERTEX_POINT ( 'NONE', #4173 ) ;
#2094 = DIRECTION ( 'NONE',  ( -1.232047923278980000E-016, 0.0000000000000000000, -1.000000000000000000 ) ) ;
#2095 = CARTESIAN_POINT ( 'NONE',  ( 0.02506318850087650400, 0.006715661118558897400, -2.450000000000000600 ) ) ;
#2096 = VERTEX_POINT ( 'NONE', #5464 ) ;
#2097 = VECTOR ( 'NONE', #6350, 1000.000000000000000 ) ;
#2098 = DIRECTION ( 'NONE',  ( -2.775557561562890600E-015, -0.0000000000000000000, 1.000000000000000000 ) ) ;
#2099 = VERTEX_POINT ( 'NONE', #6117 ) ;
#2100 = CARTESIAN_POINT ( 'NONE',  ( -0.7839771384619768100, 0.3971892336107952800, 0.3371593580916070200 ) ) ;
#2101 = CIRCLE ( 'NONE', #2179, 0.8899999999999999000 ) ;
#2102 = CARTESIAN_POINT ( 'NONE',  ( 0.1553284930203560900, 0.2690368417743759800, -2.180000000000000200 ) ) ;
#2103 = AXIS2_PLACEMENT_3D ( 'NONE', #1584, #5449, #2134 ) ;
#2104 = VERTEX_POINT ( 'NONE', #2816 ) ;
#2105 = AXIS2_PLACEMENT_3D ( 'NONE', #4313, #992, #4860 ) ;
#2106 = EDGE_LOOP ( 'NONE', ( #5568, #4459, #4762, #4904 ) ) ;
#2107 = VECTOR ( 'NONE', #4581, 1000.000000000000000 ) ;
#2108 = LINE ( 'NONE', #839, #3385 ) ;
#2109 = VERTEX_POINT ( 'NONE', #6670 ) ;
#2110 = EDGE_CURVE ( 'NONE', #2893, #5221, #3777, .T. ) ;
#2111 = DIRECTION ( 'NONE',  ( 0.7071067811865474600, 0.0000000000000000000, 0.7071067811865475700 ) ) ;
#2113 = VERTEX_POINT ( 'NONE', #45 ) ;
#2112 = ORIENTED_EDGE ( 'NONE', *, *, #1063, .F. ) ;
#2114 = ORIENTED_EDGE ( 'NONE', *, *, #3583, .T. ) ;
#2115 = CARTESIAN_POINT ( 'NONE',  ( 0.6300000000000001200, 0.8600000000000001000, -0.9500000000000007300 ) ) ;
#2116 = VECTOR ( 'NONE', #4627, 1000.000000000000100 ) ;
#2117 = CARTESIAN_POINT ( 'NONE',  ( 1.925929944387235900E-031, 1.039999999999999600, 0.0000000000000000000 ) ) ;
#2118 = EDGE_LOOP ( 'NONE', ( #3560, #471, #2289, #5805, #6684, #1977 ) ) ;
#2119 = DIRECTION ( 'NONE',  ( -1.000000000000000000, 0.0000000000000000000, 0.0000000000000000000 ) ) ;
#2120 = ADVANCED_FACE ( 'NONE', ( #6544 ), #1717, .T. ) ;
#2121 = ORIENTED_EDGE ( 'NONE', *, *, #4672, .T. ) ;
#2122 = VERTEX_POINT ( 'NONE', #3350 ) ;
#2123 = ORIENTED_EDGE ( 'NONE', *, *, #4813, .F. ) ;
#2124 = VECTOR ( 'NONE', #6162, 1000.000000000000100 ) ;
#2125 = PLANE ( 'NONE',  #1983 ) ;
#2126 = EDGE_CURVE ( 'NONE', #3240, #2381, #5256, .T. ) ;
#2127 = CARTESIAN_POINT ( 'NONE',  ( -0.09999999999999988100, 0.3910052196464969300, -0.8479823687568482900 ) ) ;
#2128 = ORIENTED_EDGE ( 'NONE', *, *, #4228, .T. ) ;
#2129 = VECTOR ( 'NONE', #6397, 1000.000000000000000 ) ;
#2130 = ORIENTED_EDGE ( 'NONE', *, *, #4587, .T. ) ;
#2131 = CARTESIAN_POINT ( 'NONE',  ( -0.6839771384637882700, 0.3989547483664094300, 0.5103644388495404100 ) ) ;
#2132 = CARTESIAN_POINT ( 'NONE',  ( -4.336808689942017700E-016, 1.159999999999999900, 0.7299999999999997600 ) ) ;
#2133 = EDGE_CURVE ( 'NONE', #2405, #1172, #6888, .T. ) ;
#2134 = DIRECTION ( 'NONE',  ( -5.551115123125782700E-017, 0.0000000000000000000, 1.000000000000000000 ) ) ;
#2135 = CIRCLE ( 'NONE', #442, 0.8700000000000000000 ) ;
#2136 = ORIENTED_EDGE ( 'NONE', *, *, #4259, .T. ) ;
#2137 = LINE ( 'NONE', #6068, #5072 ) ;
#2138 = LINE ( 'NONE', #4506, #4910 ) ;
#2139 = DIRECTION ( 'NONE',  ( -0.4999999999999979500, -0.8660254037844399300, 1.332267629550188000E-015 ) ) ;
#2140 = DIRECTION ( 'NONE',  ( 0.0000000000000000000, -1.000000000000000000, -5.551115123125782700E-017 ) ) ;
#2141 = PLANE ( 'NONE',  #3409 ) ;
#2142 = CARTESIAN_POINT ( 'NONE',  ( -0.09999999999999999200, 0.4285041472515931900, -0.8665225032010922500 ) ) ;
#2143 = VECTOR ( 'NONE', #5841, 1000.000000000000000 ) ;
#2144 = EDGE_LOOP ( 'NONE', ( #1089, #2364, #3217, #4408, #3935 ) ) ;
#2145 = FACE_OUTER_BOUND ( 'NONE', #5908, .T. ) ;
#2146 = AXIS2_PLACEMENT_3D ( 'NONE', #5961, #2664, #6506 ) ;
#2147 = CARTESIAN_POINT ( 'NONE',  ( -0.7839771384638505300, 0.3991751661938230900, 0.3371593580926887700 ) ) ;
#2148 = ORIENTED_EDGE ( 'NONE', *, *, #1982, .F. ) ;
#2149 = TOROIDAL_SURFACE ( 'NONE', #6736, 0.8199999999999996200, 0.09999999999999995000 ) ;
#2150 = DIRECTION ( 'NONE',  ( 0.0000000000000000000, 1.000000000000000000, 5.551115123125782700E-017 ) ) ;
#2151 = LINE ( 'NONE', #7, #4928 ) ;
#2152 = ADVANCED_FACE ( 'NONE', ( #3603 ), #1192, .F. ) ;
#2153 = VERTEX_POINT ( 'NONE', #4491 ) ;
#2154 = AXIS2_PLACEMENT_3D ( 'NONE', #3654, #341, #4221 ) ;
#2155 = CARTESIAN_POINT ( 'NONE',  ( 0.1000000000000001400, 0.3706766577590119800, -0.8635022280869493200 ) ) ;
#2156 = DIRECTION ( 'NONE',  ( 0.0000000000000000000, -1.000000000000000000, 5.551115123125782700E-017 ) ) ;
#2157 = FACE_OUTER_BOUND ( 'NONE', #6476, .T. ) ;
#2158 = DIRECTION ( 'NONE',  ( -6.453584360032764700E-018, -1.000000000000000000, -4.717756710106838500E-032 ) ) ;
#2159 = ORIENTED_EDGE ( 'NONE', *, *, #683, .T. ) ;
#2160 = FACE_OUTER_BOUND ( 'NONE', #5551, .T. ) ;
#2161 = DIRECTION ( 'NONE',  ( 1.000000000000000000, 3.025117668765115400E-019, -1.232047923278980000E-016 ) ) ;
#2162 = ORIENTED_EDGE ( 'NONE', *, *, #1694, .T. ) ;
#2163 = DIRECTION ( 'NONE',  ( 0.0000000000000000000, -0.7559289460184540600, -0.6546536707079775300 ) ) ;
#2164 = CARTESIAN_POINT ( 'NONE',  ( 0.1816025403784418400, 0.3250000000000008400, -2.209999999999998200 ) ) ;
#2165 = DIRECTION ( 'NONE',  ( 1.000000000000000000, 0.0000000000000000000, 7.744301232039317700E-016 ) ) ;
#2166 = EDGE_CURVE ( 'NONE', #5926, #5648, #2135, .T. ) ;
#2167 = EDGE_CURVE ( 'NONE', #265, #2331, #837, .T. ) ;
#2168 = ORIENTED_EDGE ( 'NONE', *, *, #2335, .F. ) ;
#2169 = EDGE_CURVE ( 'NONE', #3391, #1879, #652, .T. ) ;
#2170 = ORIENTED_EDGE ( 'NONE', *, *, #961, .T. ) ;
#2171 = ORIENTED_EDGE ( 'NONE', *, *, #1925, .T. ) ;
#2172 = CARTESIAN_POINT ( 'NONE',  ( -0.9700000000000000800, -1.185846126156020500E-017, -0.6999999999999998400 ) ) ;
#2173 = ORIENTED_EDGE ( 'NONE', *, *, #4052, .T. ) ;
#2174 = CARTESIAN_POINT ( 'NONE',  ( 0.02506318850087650400, 0.006715661118559005900, -2.100000000000000100 ) ) ;
#2175 = DIRECTION ( 'NONE',  ( 1.000000000000000000, 3.025117668765359500E-019, 0.0000000000000000000 ) ) ;
#2176 = EDGE_CURVE ( 'NONE', #3545, #1960, #4906, .T. ) ;
#2177 = ORIENTED_EDGE ( 'NONE', *, *, #6869, .F. ) ;
#2178 = VECTOR ( 'NONE', #1876, 1000.000000000000000 ) ;
#2179 = AXIS2_PLACEMENT_3D ( 'NONE', #1436, #1102, #1003 ) ;
#2180 = CARTESIAN_POINT ( 'NONE',  ( 0.09999999999999993600, 0.3699999999999953300, -0.8649629909042947400 ) ) ;
#2181 = DIRECTION ( 'NONE',  ( 1.000000000000000000, 0.0000000000000000000, 0.0000000000000000000 ) ) ;
#2182 = ORIENTED_EDGE ( 'NONE', *, *, #462, .T. ) ;
#2183 = VECTOR ( 'NONE', #5215, 1000.000000000000000 ) ;
#2184 = DIRECTION ( 'NONE',  ( 0.4999999999999968400, 0.8660254037844404800, -1.443289932012703100E-015 ) ) ;
#2185 = ORIENTED_EDGE ( 'NONE', *, *, #2784, .F. ) ;
#2186 = DIRECTION ( 'NONE',  ( 0.0000000000000000000, 1.000000000000000000, 5.551115123125782700E-017 ) ) ;
#2187 = DIRECTION ( 'NONE',  ( 0.0000000000000000000, -1.000000000000000000, -5.551115123125782700E-017 ) ) ;
#2188 = CARTESIAN_POINT ( 'NONE',  ( -0.3108054053584009500, 0.8099999999999999400, -2.100000000000000100 ) ) ;
#2189 = ORIENTED_EDGE ( 'NONE', *, *, #7175, .F. ) ;
#2190 = ADVANCED_FACE ( 'NONE', ( #6193 ), #6994, .F. ) ;
#2191 = VECTOR ( 'NONE', #4773, 1000.000000000000000 ) ;
#2192 = ORIENTED_EDGE ( 'NONE', *, *, #5124, .F. ) ;
#2193 = EDGE_CURVE ( 'NONE', #3240, #661, #1917, .T. ) ;
#2194 = CARTESIAN_POINT ( 'NONE',  ( -0.8800000000000000000, 0.1999999999999998200, 0.8400000000000001900 ) ) ;
#2195 = ORIENTED_EDGE ( 'NONE', *, *, #76, .T. ) ;
#2196 = VECTOR ( 'NONE', #5531, 1000.000000000000000 ) ;
#2197 = CIRCLE ( 'NONE', #3952, 0.3250000000000000100 ) ;
#2198 = CARTESIAN_POINT ( 'NONE',  ( 0.4700000000000002000, 1.159999999999999900, -0.9500000000000002900 ) ) ;
#2199 = EDGE_CURVE ( 'NONE', #1519, #3437, #1776, .T. ) ;
#2200 = CARTESIAN_POINT ( 'NONE',  ( -0.1450000000000000500, 0.7888417395787666900, -2.249999999999998700 ) ) ;
#2201 = VERTEX_POINT ( 'NONE', #5116 ) ;
#2202 = EDGE_LOOP ( 'NONE', ( #6880, #84, #6993, #3575 ) ) ;
#2203 = FACE_OUTER_BOUND ( 'NONE', #578, .T. ) ;
#2204 = DIRECTION ( 'NONE',  ( -0.0000000000000000000, -1.000000000000000000, 0.0000000000000000000 ) ) ;
#2205 = DIRECTION ( 'NONE',  ( -1.000000000000000000, -3.025117668765360000E-019, -3.336595314202347100E-015 ) ) ;
#2206 = CARTESIAN_POINT ( 'NONE',  ( -5.568462357885536200E-017, 0.6099999999999998800, -0.9500000000000002900 ) ) ;
#2207 = EDGE_CURVE ( 'NONE', #3900, #6468, #4739, .T. ) ;
#2208 = PRODUCT_DEFINITION_SHAPE ( 'NONE', 'NONE',  #781 ) ;
#2209 = CARTESIAN_POINT ( 'NONE',  ( -0.7844929504666651200, 0.4031171847456859200, 0.3374571622913654600 ) ) ;
#2210 = ORIENTED_EDGE ( 'NONE', *, *, #2907, .T. ) ;
#2211 = ORIENTED_EDGE ( 'NONE', *, *, #4687, .T. ) ;
#2212 = CARTESIAN_POINT ( 'NONE',  ( -0.6984483950146479500, 0.2599999999999947400, 0.5187194227146917400 ) ) ;
#2213 = DIRECTION ( 'NONE',  ( -5.551115123125782700E-017, 0.0000000000000000000, 1.000000000000000000 ) ) ;
#2214 = FACE_OUTER_BOUND ( 'NONE', #3447, .T. ) ;
#2215 = DIRECTION ( 'NONE',  ( 2.060779557754404700E-016, -0.0000000000000000000, -1.000000000000000000 ) ) ;
#2216 = DIRECTION ( 'NONE',  ( -0.8660254037844398200, -0.4999999999999978400, -2.275957200481570500E-015 ) ) ;
#2217 = CARTESIAN_POINT ( 'NONE',  ( -0.8800000000000000000, -1.355252715606880500E-017, 0.7000000000000000700 ) ) ;
#2218 = LINE ( 'NONE', #2463, #6106 ) ;
#2219 = AXIS2_PLACEMENT_3D ( 'NONE', #6507, #6797, #428 ) ;
#2220 = CARTESIAN_POINT ( 'NONE',  ( -0.7926802116013889100, 0.4195329181885934500, 0.3421840797114233900 ) ) ;
#2221 = ORIENTED_EDGE ( 'NONE', *, *, #4528, .F. ) ;
#2222 = LINE ( 'NONE', #4983, #3506 ) ;
#2223 = DIRECTION ( 'NONE',  ( -1.000000000000000000, 0.0000000000000000000, 0.0000000000000000000 ) ) ;
#2224 = LINE ( 'NONE', #294, #6798 ) ;
#2225 = ORIENTED_EDGE ( 'NONE', *, *, #42, .F. ) ;
#2226 = ADVANCED_FACE ( 'NONE', ( #3096 ), #3467, .F. ) ;
#2227 = ORIENTED_EDGE ( 'NONE', *, *, #1305, .T. ) ;
#2228 = LINE ( 'NONE', #4267, #935 ) ;
#2229 = FACE_OUTER_BOUND ( 'NONE', #3170, .T. ) ;
#2230 = ADVANCED_FACE ( 'NONE', ( #318 ), #164, .F. ) ;
#2231 = CARTESIAN_POINT ( 'NONE',  ( -0.2645751311064597500, 1.087660585711987900, -2.100000000000000100 ) ) ;
#2232 = ORIENTED_EDGE ( 'NONE', *, *, #3294, .T. ) ;
#2233 = LINE ( 'NONE', #1889, #2071 ) ;
#2234 = CARTESIAN_POINT ( 'NONE',  ( -0.7850674719494682400, 0.4063856639858409200, 0.3377888624241169900 ) ) ;
#2235 = DIRECTION ( 'NONE',  ( 5.551115123125782700E-017, -5.942384858043084500E-017, -1.000000000000000000 ) ) ;
#2236 = PLANE ( 'NONE',  #7123 ) ;
#2237 = DIRECTION ( 'NONE',  ( 6.453584360032764700E-018, 1.000000000000000000, 4.717756710106837400E-032 ) ) ;
#2238 = VERTEX_POINT ( 'NONE', #4590 ) ;
#2239 = AXIS2_PLACEMENT_3D ( 'NONE', #5583, #3944, #622 ) ;
#2240 = ORIENTED_EDGE ( 'NONE', *, *, #2327, .T. ) ;
#2241 = LINE ( 'NONE', #2465, #4840 ) ;
#2242 = VERTEX_POINT ( 'NONE', #6807 ) ;
#2243 = LINE ( 'NONE', #650, #6481 ) ;
#2244 = CARTESIAN_POINT ( 'NONE',  ( 0.5649999999999987300, 0.8099999999999998300, -2.099999999999999600 ) ) ;
#2245 = ORIENTED_EDGE ( 'NONE', *, *, #5210, .T. ) ;
#2246 = CARTESIAN_POINT ( 'NONE',  ( -0.4949999999999996600, 0.6099999999999998800, -0.7658818446731851000 ) ) ;
#2247 = ORIENTED_EDGE ( 'NONE', *, *, #6236, .F. ) ;
#2248 = VERTEX_POINT ( 'NONE', #6258 ) ;
#2249 = CARTESIAN_POINT ( 'NONE',  ( 0.6848996149649295700, 0.4057695524404764700, 0.5108970309057958600 ) ) ;
#2250 = CARTESIAN_POINT ( 'NONE',  ( 0.5649999999999985000, 0.7888417395787666900, -2.209999999999998200 ) ) ;
#2251 = CARTESIAN_POINT ( 'NONE',  ( -0.9999999999999997800, -1.355252715606880400E-017, 0.6700000000000002600 ) ) ;
#2252 = CARTESIAN_POINT ( 'NONE',  ( 0.0000000000000000000, 0.4599999999999999100, 2.553512956637859500E-017 ) ) ;
#2253 = DIRECTION ( 'NONE',  ( 0.0000000000000000000, -1.000000000000000000, -5.551115123125782700E-017 ) ) ;
#2254 = ORIENTED_EDGE ( 'NONE', *, *, #3304, .T. ) ;
#2255 = EDGE_CURVE ( 'NONE', #4610, #290, #6026, .T. ) ;
#2256 = EDGE_CURVE ( 'NONE', #5812, #6856, #1618, .T. ) ;
#2257 = DIRECTION ( 'NONE',  ( -1.000000000000000000, 0.0000000000000000000, 0.0000000000000000000 ) ) ;
#2258 = ADVANCED_FACE ( 'NONE', ( #3248 ), #4615, .F. ) ;
#2259 = EDGE_CURVE ( 'NONE', #2618, #27, #1463, .T. ) ;
#2260 = ADVANCED_FACE ( 'NONE', ( #5675 ), #3523, .T. ) ;
#2261 = CARTESIAN_POINT ( 'NONE',  ( 0.2500000000000000000, 0.09999999999999999200, 0.9300000000000000500 ) ) ;
#2262 = ORIENTED_EDGE ( 'NONE', *, *, #1534, .F. ) ;
#2263 = FACE_OUTER_BOUND ( 'NONE', #6683, .T. ) ;
#2264 = CC_DESIGN_DATE_AND_TIME_ASSIGNMENT ( #1712, #230, ( #781 ) ) ;
#2265 = CARTESIAN_POINT ( 'NONE',  ( 0.7387712897465943400, 0.7900000000000000400, 0.4567268055841937100 ) ) ;
#2266 = EDGE_CURVE ( 'NONE', #2655, #2109, #4380, .T. ) ;
#2267 = ORIENTED_EDGE ( 'NONE', *, *, #2400, .T. ) ;
#2268 = VECTOR ( 'NONE', #6975, 1000.000000000000000 ) ;
#2269 = DIRECTION ( 'NONE',  ( -5.551115123125782700E-017, 5.551115123125782700E-017, 1.000000000000000000 ) ) ;
#2270 = ORIENTED_EDGE ( 'NONE', *, *, #2126, .T. ) ;
#2271 = CARTESIAN_POINT ( 'NONE',  ( -0.5649999999999983900, 0.8599999999999998800, -2.440000000000000800 ) ) ;
#2272 = CARTESIAN_POINT ( 'NONE',  ( -0.2000000000000000900, -1.219727444046192500E-016, -0.5599999999999991700 ) ) ;
#2273 = ORIENTED_EDGE ( 'NONE', *, *, #5245, .T. ) ;
#2274 = EDGE_LOOP ( 'NONE', ( #5400, #1910, #113, #1753 ) ) ;
#2275 = VECTOR ( 'NONE', #1931, 1000.000000000000100 ) ;
#2276 = CARTESIAN_POINT ( 'NONE',  ( -0.1903284930203604200, 0.1098862066797565400, -2.100000000000000100 ) ) ;
#2277 = LINE ( 'NONE', #4132, #5220 ) ;
#2278 = DIRECTION ( 'NONE',  ( -1.000000000000000000, 0.0000000000000000000, 5.551115123125782700E-017 ) ) ;
#2279 = VERTEX_POINT ( 'NONE', #5755 ) ;
#2280 = DIRECTION ( 'NONE',  ( 5.551115123125782700E-017, -6.231046968307496900E-017, -1.000000000000000000 ) ) ;
#2282 = ORIENTED_EDGE ( 'NONE', *, *, #2207, .T. ) ;
#2281 = ORIENTED_EDGE ( 'NONE', *, *, #2552, .F. ) ;
#2283 = ORIENTED_EDGE ( 'NONE', *, *, #4813, .T. ) ;
#2284 = ORIENTED_EDGE ( 'NONE', *, *, #962, .T. ) ;
#2285 = VECTOR ( 'NONE', #229, 1000.000000000000000 ) ;
#2286 = EDGE_CURVE ( 'NONE', #1695, #6873, #7145, .T. ) ;
#2287 = EDGE_LOOP ( 'NONE', ( #2034, #261, #1409, #1825 ) ) ;
#2288 = EDGE_LOOP ( 'NONE', ( #3162, #271, #2888, #1365, #6398 ) ) ;
#2289 = ORIENTED_EDGE ( 'NONE', *, *, #282, .T. ) ;
#2290 = DIRECTION ( 'NONE',  ( 5.551115123125782700E-017, -6.278794967226418000E-017, -1.000000000000000000 ) ) ;
#2291 = EDGE_LOOP ( 'NONE', ( #5757, #221, #5364, #6196 ) ) ;
#2292 = CYLINDRICAL_SURFACE ( 'NONE', #6961, 0.4200000000000000400 ) ;
#2293 = ADVANCED_FACE ( 'NONE', ( #4223 ), #6860, .F. ) ;
#2294 = ADVANCED_FACE ( 'NONE', ( #1273 ), #2480, .T. ) ;
#2295 = CARTESIAN_POINT ( 'NONE',  ( -1.203706215242022400E-031, 0.6400000000000003500, -1.350000000000000100 ) ) ;
#2296 = ORIENTED_EDGE ( 'NONE', *, *, #2043, .T. ) ;
#2297 = VECTOR ( 'NONE', #5209, 1000.000000000000000 ) ;
#2298 = ORIENTED_EDGE ( 'NONE', *, *, #3048, .F. ) ;
#2299 = DIRECTION ( 'NONE',  ( -1.000000000000000000, -1.275531967630005900E-015, -2.551063935260011900E-015 ) ) ;
#2300 = EDGE_CURVE ( 'NONE', #3513, #7006, #5503, .T. ) ;
#2301 = CARTESIAN_POINT ( 'NONE',  ( -0.1000000000000001600, 0.3699999999999953300, -0.8649629909042951800 ) ) ;
#2302 = EDGE_CURVE ( 'NONE', #1288, #2811, #4031, .T. ) ;
#2303 = DIRECTION ( 'NONE',  ( 0.0000000000000000000, 1.000000000000000000, 5.551115123125782700E-017 ) ) ;
#2304 = CARTESIAN_POINT ( 'NONE',  ( 0.08745823267965031900, 0.4012131986250499500, -2.143424762776328300 ) ) ;
#2305 = CARTESIAN_POINT ( 'NONE',  ( -0.09999999999999977000, 0.2890081925164246200, -0.8778496960933950300 ) ) ;
#2306 = VECTOR ( 'NONE', #71, 1000.000000000000000 ) ;
#2307 = CARTESIAN_POINT ( 'NONE',  ( 0.003485717286342016200, 1.039999999999999800, -2.550000000000000700 ) ) ;
#2308 = ORIENTED_EDGE ( 'NONE', *, *, #918, .F. ) ;
#2309 = ORIENTED_EDGE ( 'NONE', *, *, #1320, .T. ) ;
#2310 = FACE_OUTER_BOUND ( 'NONE', #1119, .T. ) ;
#2311 = VECTOR ( 'NONE', #65, 1000.000000000000000 ) ;
#2312 = ORIENTED_EDGE ( 'NONE', *, *, #7151, .F. ) ;
#2313 = DIRECTION ( 'NONE',  ( 5.551115123125782700E-017, 5.551115123125782700E-017, 1.000000000000000000 ) ) ;
#2314 = EDGE_CURVE ( 'NONE', #3765, #7138, #6974, .T. ) ;
#2315 = FACE_OUTER_BOUND ( 'NONE', #1082, .T. ) ;
#2316 = CLOSED_SHELL ( 'NONE', ( #1287, #1210, #1406, #3963, #2812, #4110, #6899, #5623, #734, #4950, #1904, #2872, #1065, #3238, #6857, #1855, #4470, #6038, #1032, #3885, #6319, #4404, #5594, #2091, #6207, #2992, #2226, #6172, #451, #5527, #804, #586, #2916, #1136, #6358, #1517, #1651, #2846, #4302, #5663, #5194, #2874, #4874, #2709, #5014, #5997, #3340, #1179, #3817, #653, #1108, #147, #2332, #4978, #2365, #7117, #2814, #5162, #5383, #6751, #3519, #3179, #4535, #6719, #3749, #3336, #1781, #1581, #6680, #4366, #6714, #7157, #4844, #3994, #1747, #3208, #6542, #6649, #4695, #188, #2745, #3928, #3997, #1939, #1713, #765, #5423, #3301, #692, #4536, #2120, #10, #2499, #4578, #5016, #3064, #2415, #6138, #2783, #5969, #1367, #6208, #3887, #4036, #44, #1744, #2190, #3370, #7056, #5554, #3788, #6136, #1617, #6170, #6821, #613, #3440, #657, #2680, #3027, #43, #487, #845, #5704, #5487, #963, #108, #5526, #1208, #3852, #5049, #6501, #690, #5084, #5238, #587, #5047, #2330, #6284, #3853, #6103, #4337, #4437, #4466, #6781, #3719, #3408, #6071, #85, #2912, #234, #5112, #4659, #6648, #7090, #267, #2955, #518, #3962, #3410, #551, #3600, #611, #3562, #1249, #4154, #4499, #420, #1180, #5741, #1112, #5782, #5664, #6105, #6575, #3925, #1246, #5115, #5455, #5556, #5822, #2845, #3480, #3268, #6682, #5935, #5082, #4076, #3299, #4500, #1552, #1653, #4434, #6610, #5277, #6245, #3442, #6072, #9, #2639, #4611, #1822, #1687, #1135, #549, #1326, #1714, #82, #4916, #148, #2786, #110, #2454, #2294, #5622, #2260, #995, #4977, #1777, #2293, #2152, #2258, #2230, #6753, #1685 ) ) ;
#2317 = VECTOR ( 'NONE', #3174, 1000.000000000000000 ) ;
#2318 = CARTESIAN_POINT ( 'NONE',  ( 0.6972542809340228600, 0.4242332294453027300, 0.5180300006287992300 ) ) ;
#2319 = VERTEX_POINT ( 'NONE', #1943 ) ;
#2320 = FACE_OUTER_BOUND ( 'NONE', #6615, .T. ) ;
#2321 = CARTESIAN_POINT ( 'NONE',  ( 5.421010862427503100E-017, 0.2349999999999999600, -1.950000000000000400 ) ) ;
#2322 = VECTOR ( 'NONE', #3289, 1000.000000000000000 ) ;
#2323 = EDGE_LOOP ( 'NONE', ( #3932, #3641, #5831, #2801 ) ) ;
#2324 = VECTOR ( 'NONE', #4118, 1000.000000000000000 ) ;
#2325 = DIRECTION ( 'NONE',  ( 0.0000000000000000000, -1.000000000000000000, -5.551115123125782700E-017 ) ) ;
#2326 = CARTESIAN_POINT ( 'NONE',  ( 0.8800000000000000000, 0.1999999999999998200, 0.8400000000000001900 ) ) ;
#2327 = EDGE_CURVE ( 'NONE', #5892, #3807, #2585, .T. ) ;
#2328 = DIRECTION ( 'NONE',  ( -0.7071067811865485700, -9.992007221626408900E-016, -0.7071067811865465700 ) ) ;
#2329 = DIRECTION ( 'NONE',  ( -6.162975822039154700E-033, -1.000000000000000000, 5.551115123125782700E-017 ) ) ;
#2330 = ADVANCED_FACE ( 'NONE', ( #2389 ), #3052, .F. ) ;
#2331 = VERTEX_POINT ( 'NONE', #5810 ) ;
#2332 = ADVANCED_FACE ( 'NONE', ( #3694 ), #5281, .F. ) ;
#2333 = AXIS2_PLACEMENT_3D ( 'NONE', #5053, #6721, #3395 ) ;
#2334 = FACE_OUTER_BOUND ( 'NONE', #3455, .T. ) ;
#2335 = EDGE_CURVE ( 'NONE', #5603, #5076, #6625, .T. ) ;
#2336 = EDGE_LOOP ( 'NONE', ( #3679, #5260, #4755, #2446, #5803, #3957 ) ) ;
#2337 = AXIS2_PLACEMENT_3D ( 'NONE', #2420, #5211, #886 ) ;
#2338 = ORIENTED_EDGE ( 'NONE', *, *, #5576, .F. ) ;
#2339 = PLANE ( 'NONE',  #433 ) ;
#2340 = DIRECTION ( 'NONE',  ( 0.0000000000000000000, -1.000000000000000000, 8.881784197001252300E-016 ) ) ;
#2341 = ORIENTED_EDGE ( 'NONE', *, *, #2442, .F. ) ;
#2342 = EDGE_CURVE ( 'NONE', #1798, #4209, #6792, .T. ) ;
#2343 = CARTESIAN_POINT ( 'NONE',  ( -0.7232145854272737900, 0.3570887285029483200, 0.5330181894162222500 ) ) ;
#2344 = DIRECTION ( 'NONE',  ( 1.000000000000000000, 0.0000000000000000000, -3.097720492815725900E-015 ) ) ;
#2345 = VERTEX_POINT ( 'NONE', #3080 ) ;
#2346 = VECTOR ( 'NONE', #836, 1000.000000000000200 ) ;
#2347 = DIRECTION ( 'NONE',  ( 0.0000000000000000000, -1.000000000000000000, -5.551115123125782700E-017 ) ) ;
#2348 = CARTESIAN_POINT ( 'NONE',  ( 0.4950000000000000000, 1.039999999999999800, -0.7658818446731851000 ) ) ;
#2349 = CARTESIAN_POINT ( 'NONE',  ( -0.2650000000000000100, 0.09999999999999999200, 0.8400000000000001900 ) ) ;
#2350 = AXIS2_PLACEMENT_3D ( 'NONE', #2252, #4279, #7075 ) ;
#2351 = ORIENTED_EDGE ( 'NONE', *, *, #5907, .F. ) ;
#2352 = DIRECTION ( 'NONE',  ( -0.7660444431189777900, 0.0000000000000000000, -0.6427876096865395800 ) ) ;
#2353 = VERTEX_POINT ( 'NONE', #872 ) ;
#2354 = VECTOR ( 'NONE', #1967, 1000.000000000000000 ) ;
#2355 = EDGE_CURVE ( 'NONE', #3036, #3306, #740, .T. ) ;
#2356 = DIRECTION ( 'NONE',  ( 0.0000000000000000000, 0.0000000000000000000, 1.000000000000000000 ) ) ;
#2357 = ORIENTED_EDGE ( 'NONE', *, *, #6176, .F. ) ;
#2358 = DIRECTION ( 'NONE',  ( -0.7071067811865465700, 2.364379667557471300E-017, 0.7071067811865485700 ) ) ;
#2359 = FACE_OUTER_BOUND ( 'NONE', #6325, .T. ) ;
#2360 = CARTESIAN_POINT ( 'NONE',  ( 0.1000000000000001400, 0.2638584647009651300, -0.8559040522786478500 ) ) ;
#2361 = DIRECTION ( 'NONE',  ( 1.394333594823066800E-015, -0.0000000000000000000, -1.000000000000000000 ) ) ;
#2362 = ORIENTED_EDGE ( 'NONE', *, *, #6774, .T. ) ;
#2363 = EDGE_CURVE ( 'NONE', #2990, #2750, #3855, .T. ) ;
#2364 = ORIENTED_EDGE ( 'NONE', *, *, #3086, .T. ) ;
#2365 = ADVANCED_FACE ( 'NONE', ( #6454 ), #895, .F. ) ;
#2366 = CIRCLE ( 'NONE', #4730, 0.05000000000000002400 ) ;
#2367 = CARTESIAN_POINT ( 'NONE',  ( 0.2500000000000001100, -1.355252715606880500E-017, 0.4038873605350877800 ) ) ;
#2368 = LINE ( 'NONE', #4247, #903 ) ;
#2369 = ORIENTED_EDGE ( 'NONE', *, *, #3004, .T. ) ;
#2370 = CARTESIAN_POINT ( 'NONE',  ( -0.7882083409013560500, 0.3804869946325151700, 0.3396022439589783100 ) ) ;
#2371 = CARTESIAN_POINT ( 'NONE',  ( -0.2999999999999999300, 1.159999999999999900, -2.100000000000000100 ) ) ;
#2372 = ORIENTED_EDGE ( 'NONE', *, *, #1542, .F. ) ;
#2373 = DIRECTION ( 'NONE',  ( 1.000000000000000000, 0.0000000000000000000, -5.551115123125782700E-017 ) ) ;
#2374 = VERTEX_POINT ( 'NONE', #6431 ) ;
#2375 = CARTESIAN_POINT ( 'NONE',  ( 0.8800000000000000000, 0.1999999999999998200, -0.5400000000000001500 ) ) ;
#2376 = CARTESIAN_POINT ( 'NONE',  ( 0.7846215248024363000, 0.3897674103027594100, 0.3375313947187334500 ) ) ;
#2377 = VECTOR ( 'NONE', #3553, 1000.000000000000000 ) ;
#2378 = CARTESIAN_POINT ( 'NONE',  ( 0.6884844126396458800, 0.3800267660509774000, 0.5129667148082839300 ) ) ;
#2379 = CARTESIAN_POINT ( 'NONE',  ( 0.2453172466771300100, 1.040000000000000000, 0.8555229093851037800 ) ) ;
#2380 = CARTESIAN_POINT ( 'NONE',  ( 0.5649999999999986100, 0.8599999999999998800, -2.360000000000000300 ) ) ;
#2381 = VERTEX_POINT ( 'NONE', #1435 ) ;
#2382 = ORIENTED_EDGE ( 'NONE', *, *, #772, .F. ) ;
#2383 = CARTESIAN_POINT ( 'NONE',  ( 0.1999999999999999300, 0.1499999999999999900, -0.5599999999999991700 ) ) ;
#2384 = CIRCLE ( 'NONE', #2882, 0.8707243970591990200 ) ;
#2385 = DIRECTION ( 'NONE',  ( 6.162975822039154700E-033, 1.000000000000000000, -5.551115123125782700E-017 ) ) ;
#2386 = CARTESIAN_POINT ( 'NONE',  ( 0.09999999999999982500, 0.3030223961003282200, -0.7712824819909327400 ) ) ;
#2387 = AXIS2_PLACEMENT_3D ( 'NONE', #2683, #6534, #3220 ) ;
#2388 = VERTEX_POINT ( 'NONE', #5887 ) ;
#2389 = FACE_OUTER_BOUND ( 'NONE', #4542, .T. ) ;
#2390 = EDGE_LOOP ( 'NONE', ( #7023, #461, #2735, #176 ) ) ;
#2391 = LINE ( 'NONE', #3303, #5506 ) ;
#2392 = DIRECTION ( 'NONE',  ( 0.8660254037844397100, -0.4999999999999979500, 2.775557561562891000E-017 ) ) ;
#2393 = DIRECTION ( 'NONE',  ( -0.9067211118885071300, 0.0000000000000000000, 0.4217307497155848800 ) ) ;
#2394 = ORIENTED_EDGE ( 'NONE', *, *, #4856, .F. ) ;
#2395 = DIRECTION ( 'NONE',  ( 0.7655403485066475400, 0.5358782439546531100, -0.3560652783751849800 ) ) ;
#2396 = CARTESIAN_POINT ( 'NONE',  ( 0.1291493443097004300, 0.3521436567384888500, -2.294452801955418700 ) ) ;
#2397 = DIRECTION ( 'NONE',  ( -5.551115123125782700E-017, 5.551115123125782700E-017, 1.000000000000000000 ) ) ;
#2398 = LINE ( 'NONE', #4123, #932 ) ;
#2399 = CARTESIAN_POINT ( 'NONE',  ( -5.421010862427522200E-017, 1.159999999999999900, -2.100000000000000100 ) ) ;
#2400 = EDGE_CURVE ( 'NONE', #4248, #2381, #2057, .T. ) ;
#2401 = EDGE_CURVE ( 'NONE', #3031, #1960, #563, .T. ) ;
#2402 = CARTESIAN_POINT ( 'NONE',  ( 0.7179502228979480800, 0.3030223961003891700, 0.2990387006169548100 ) ) ;
#2403 = DIRECTION ( 'NONE',  ( -5.551115123125782700E-017, 5.551115123125782700E-017, 1.000000000000000000 ) ) ;
#2404 = ORIENTED_EDGE ( 'NONE', *, *, #6393, .T. ) ;
#2405 = VERTEX_POINT ( 'NONE', #1474 ) ;
#2406 = LINE ( 'NONE', #5914, #5167 ) ;
#2407 = VECTOR ( 'NONE', #3132, 1000.000000000000100 ) ;
#2408 = EDGE_CURVE ( 'NONE', #5975, #2279, #4821, .T. ) ;
#2409 = CARTESIAN_POINT ( 'NONE',  ( -0.7889707284759537300, 0.4150818078892578600, 0.3400424086303990800 ) ) ;
#2410 = CARTESIAN_POINT ( 'NONE',  ( -0.9700000000000000800, 0.1200000000000000000, -0.6699999999999999300 ) ) ;
#2411 = CARTESIAN_POINT ( 'NONE',  ( 0.1789539859937391300, 0.3252313467902014400, -2.361524629389749800 ) ) ;
#2412 = DIRECTION ( 'NONE',  ( -0.8660254037844398200, -0.4999999999999980600, -5.551115123125782100E-017 ) ) ;
#2413 = CARTESIAN_POINT ( 'NONE',  ( 0.3549999999999977600, 0.4251110699893018200, -2.099999999999999600 ) ) ;
#2414 = AXIS2_PLACEMENT_3D ( 'NONE', #3378, #80, #3946 ) ;
#2415 = ADVANCED_FACE ( 'NONE', ( #6279 ), #6817, .F. ) ;
#2416 = ORIENTED_EDGE ( 'NONE', *, *, #6782, .T. ) ;
#2417 = LINE ( 'NONE', #1313, #758 ) ;
#2418 = CARTESIAN_POINT ( 'NONE',  ( -0.2400000000000001900, 0.6349999999999999000, -1.950000000000000400 ) ) ;
#2419 = EDGE_CURVE ( 'NONE', #3975, #915, #3503, .T. ) ;
#2420 = CARTESIAN_POINT ( 'NONE',  ( -0.1449999999999999300, 0.7888417395787664700, -2.440000000000000800 ) ) ;
#2421 = DIRECTION ( 'NONE',  ( 0.0000000000000000000, -1.000000000000000000, 0.0000000000000000000 ) ) ;
#2422 = CARTESIAN_POINT ( 'NONE',  ( -1.084202172485505900E-016, 0.4599999999999998000, -4.347420244391088200E-016 ) ) ;
#2423 = ORIENTED_EDGE ( 'NONE', *, *, #6100, .F. ) ;
#2424 = FACE_OUTER_BOUND ( 'NONE', #1336, .T. ) ;
#2425 = CARTESIAN_POINT ( 'NONE',  ( 0.1903284930203612000, 0.1098862066797569700, -2.449999999999999700 ) ) ;
#2426 = ORIENTED_EDGE ( 'NONE', *, *, #2259, .F. ) ;
#2427 = CARTESIAN_POINT ( 'NONE',  ( -0.7876150096057901200, 0.4124505212557139100, 0.3392596839757646700 ) ) ;
#2428 = VECTOR ( 'NONE', #3332, 1000.000000000000000 ) ;
#2429 = CARTESIAN_POINT ( 'NONE',  ( -0.1000000000000001700, 0.3545018001911697800, -0.8984126177367742800 ) ) ;
#2430 = DIRECTION ( 'NONE',  ( 5.551115123125782700E-017, -5.942384858043084500E-017, -1.000000000000000000 ) ) ;
#2431 = VERTEX_POINT ( 'NONE', #6296 ) ;
#2432 = B_SPLINE_CURVE_WITH_KNOTS ( 'NONE', 3,
 ( #3980, #2360, #1285, #5140, #1828, #5696, #2386 ),
 .UNSPECIFIED., .F., .F.,
 ( 4, 3, 4 ),
 ( 0.0003676920357178204400, 0.0003952319399960518700, 0.0004701169740533834400 ),
 .UNSPECIFIED. ) ;
#2433 = CARTESIAN_POINT ( 'NONE',  ( 0.8800000000000000000, 0.0000000000000000000, 0.8400000000000001900 ) ) ;
#2434 = CARTESIAN_POINT ( 'NONE',  ( -0.3349999999999985800, 0.4597520861406807500, -2.400000000000000800 ) ) ;
#2435 = ORIENTED_EDGE ( 'NONE', *, *, #7182, .F. ) ;
#2436 = ORIENTED_EDGE ( 'NONE', *, *, #5305, .F. ) ;
#2437 = EDGE_CURVE ( 'NONE', #513, #840, #2218, .T. ) ;
#2438 = DIRECTION ( 'NONE',  ( -0.7071067811865459100, -5.551115123125781500E-017, -0.7071067811865491300 ) ) ;
#2439 = APPLICATION_CONTEXT ( 'configuration controlled 3d designs of mechanical parts and assemblies' ) ;
#2440 = CARTESIAN_POINT ( 'NONE',  ( 0.3549999999999983200, 0.4251110699893032600, -2.209999999999998200 ) ) ;
#2441 = CARTESIAN_POINT ( 'NONE',  ( 0.06586813399371277400, 0.3967447739247851900, -2.180000000000000200 ) ) ;
#2442 = EDGE_CURVE ( 'NONE', #2726, #1494, #401, .T. ) ;
#2443 = AXIS2_PLACEMENT_3D ( 'NONE', #6312, #6837, #6891 ) ;
#2444 = AXIS2_PLACEMENT_3D ( 'NONE', #1222, #5081, #1769 ) ;
#2445 = DIRECTION ( 'NONE',  ( 0.0000000000000000000, -1.000000000000000000, -5.551115123125782700E-017 ) ) ;
#2446 = ORIENTED_EDGE ( 'NONE', *, *, #4561, .F. ) ;
#2447 = CARTESIAN_POINT ( 'NONE',  ( -0.6400000000000004600, 1.084202172485504400E-016, -1.950000000000000400 ) ) ;
#2448 = CARTESIAN_POINT ( 'NONE',  ( -0.4700000000000003600, 0.9900000000000004400, -1.950000000000000600 ) ) ;
#2449 = CARTESIAN_POINT ( 'NONE',  ( -0.6966769803634124100, 0.3712852932140452400, 0.5176966959889539600 ) ) ;
#2450 = ORIENTED_EDGE ( 'NONE', *, *, #4427, .F. ) ;
#2451 = VECTOR ( 'NONE', #2452, 1000.000000000000000 ) ;
#2452 = DIRECTION ( 'NONE',  ( 0.0000000000000000000, -1.000000000000000000, -5.551115123125782700E-017 ) ) ;
#2453 = EDGE_CURVE ( 'NONE', #5984, #769, #1871, .T. ) ;
#2454 = ADVANCED_FACE ( 'NONE', ( #4557 ), #257, .T. ) ;
#2455 = CARTESIAN_POINT ( 'NONE',  ( -0.5695836943965741900, 1.159999999999999900, -1.950000000000000400 ) ) ;
#2456 = DIRECTION ( 'NONE',  ( -1.000000000000000000, 0.0000000000000000000, 0.0000000000000000000 ) ) ;
#2457 = PLANE ( 'NONE',  #3905 ) ;
#2458 = CONICAL_SURFACE ( 'NONE', #6757, 0.9122618261740693700, 0.4363323129985766100 ) ;
#2459 = AXIS2_PLACEMENT_3D ( 'NONE', #4582, #1280, #5137 ) ;
#2460 = DIRECTION ( 'NONE',  ( -1.000000000000000000, 0.0000000000000000000, 0.0000000000000000000 ) ) ;
#2461 = DIRECTION ( 'NONE',  ( -2.220446049250313100E-016, -1.000000000000000000, 0.0000000000000000000 ) ) ;
#2462 = VERTEX_POINT ( 'NONE', #4685 ) ;
#2463 = CARTESIAN_POINT ( 'NONE',  ( 0.1816025403784423400, 0.3250000000000000100, -2.100000000000000100 ) ) ;
#2464 = APPROVAL_STATUS ( 'not_yet_approved' ) ;
#2465 = CARTESIAN_POINT ( 'NONE',  ( 0.2645751311064596400, 1.087660585711987900, -1.850000000000000500 ) ) ;
#2466 = EDGE_LOOP ( 'NONE', ( #7173, #4025, #2972, #1248 ) ) ;
#2467 = ORIENTED_EDGE ( 'NONE', *, *, #1624, .T. ) ;
#2468 = LINE ( 'NONE', #3831, #3917 ) ;
#2469 = VECTOR ( 'NONE', #5189, 1000.000000000000000 ) ;
#2470 = VERTEX_POINT ( 'NONE', #6340 ) ;
#2471 = CARTESIAN_POINT ( 'NONE',  ( -0.7926802116013889100, 0.4195329181885934500, 0.3421840797114233900 ) ) ;
#2472 = CARTESIAN_POINT ( 'NONE',  ( -0.4950000000000000000, 1.039999999999999800, -1.950000000000000400 ) ) ;
#2473 = ORIENTED_EDGE ( 'NONE', *, *, #1408, .T. ) ;
#2474 = ORIENTED_EDGE ( 'NONE', *, *, #409, .F. ) ;
#2475 = CIRCLE ( 'NONE', #4457, 0.8534029449114197700 ) ;
#2476 = ORIENTED_EDGE ( 'NONE', *, *, #4016, .F. ) ;
#2477 = CARTESIAN_POINT ( 'NONE',  ( 0.2999999999999999300, 1.159999999999999900, -2.100000000000000100 ) ) ;
#2478 = EDGE_LOOP ( 'NONE', ( #3590, #2052, #4069, #831, #1598 ) ) ;
#2479 = DIRECTION ( 'NONE',  ( -2.720046410331633500E-015, 0.0000000000000000000, -1.000000000000000000 ) ) ;
#2480 = PLANE ( 'NONE',  #305 ) ;
#2481 = ORIENTED_EDGE ( 'NONE', *, *, #1791, .T. ) ;
#2482 = VERTEX_POINT ( 'NONE', #2493 ) ;
#2483 = FACE_OUTER_BOUND ( 'NONE', #3916, .T. ) ;
#2484 = CARTESIAN_POINT ( 'NONE',  ( 0.7387712897465943400, 0.7899999999999999200, 0.4963033159733601400 ) ) ;
#2485 = DIRECTION ( 'NONE',  ( -5.551115123125782700E-017, 5.551115123125782700E-017, 1.000000000000000000 ) ) ;
#2486 = DIRECTION ( 'NONE',  ( 0.0000000000000000000, 0.0000000000000000000, 1.000000000000000000 ) ) ;
#2487 = DIRECTION ( 'NONE',  ( 0.0000000000000000000, -1.000000000000000000, -5.551115123125782700E-017 ) ) ;
#2488 = AXIS2_PLACEMENT_3D ( 'NONE', #902, #3136, #6997 ) ;
#2489 = CARTESIAN_POINT ( 'NONE',  ( 0.3549999999999977600, 0.4251110699893018200, -2.099999999999999600 ) ) ;
#2490 = CARTESIAN_POINT ( 'NONE',  ( 0.2400000000000000500, 0.2349999999999999000, -1.052325581395349200 ) ) ;
#2491 = AXIS2_PLACEMENT_3D ( 'NONE', #5780, #4258, #3548 ) ;
#2492 = AXIS2_PLACEMENT_3D ( 'NONE', #5461, #2150, #6019 ) ;
#2493 = CARTESIAN_POINT ( 'NONE',  ( -0.3549999999999976500, 0.4251110699893017000, -2.099999999999999600 ) ) ;
#2494 = LINE ( 'NONE', #1429, #6188 ) ;
#2495 = PLANE ( 'NONE',  #6874 ) ;
#2496 = ORIENTED_EDGE ( 'NONE', *, *, #1399, .F. ) ;
#2497 = VECTOR ( 'NONE', #747, 1000.000000000000000 ) ;
#2498 = EDGE_LOOP ( 'NONE', ( #6747, #5996, #6853, #1763 ) ) ;
#2499 = ADVANCED_FACE ( 'NONE', ( #6039 ), #141, .T. ) ;
#2500 = DIRECTION ( 'NONE',  ( 0.0000000000000000000, 0.7559289460184530600, 0.6546536707079787500 ) ) ;
#2501 = EDGE_CURVE ( 'NONE', #1486, #3036, #794, .T. ) ;
#2502 = CARTESIAN_POINT ( 'NONE',  ( -0.3949999999999998500, 1.039999999999999600, -2.700000000000000200 ) ) ;
#2503 = VECTOR ( 'NONE', #667, 1000.000000000000000 ) ;
#2504 = ORIENTED_EDGE ( 'NONE', *, *, #3089, .T. ) ;
#2505 = FACE_OUTER_BOUND ( 'NONE', #1202, .T. ) ;
#2506 = VECTOR ( 'NONE', #6110, 1000.000000000000000 ) ;
#2507 = CARTESIAN_POINT ( 'NONE',  ( 0.1000000000000001400, 0.3971892336110881500, -0.8475237969422329000 ) ) ;
#2508 = DIRECTION ( 'NONE',  ( 0.0000000000000000000, -1.000000000000000000, -5.551115123125782700E-017 ) ) ;
#2509 = CARTESIAN_POINT ( 'NONE',  ( 0.5249999999999985800, 0.8599999999999998800, -2.400000000000000800 ) ) ;
#2510 = EDGE_LOOP ( 'NONE', ( #5185, #4970, #1760, #1961 ) ) ;
#2511 = LINE ( 'NONE', #417, #2317 ) ;
#2512 = DIRECTION ( 'NONE',  ( -5.551115123125782700E-017, 5.551115123125782700E-017, 1.000000000000000000 ) ) ;
#2513 = CARTESIAN_POINT ( 'NONE',  ( 0.7839771384619768100, 0.3971892336107952800, 0.3371593580916070800 ) ) ;
#2514 = CARTESIAN_POINT ( 'NONE',  ( 0.03499999999999876100, 0.3789230484541331600, -2.100000000000000100 ) ) ;
#2515 = CALENDAR_DATE ( 2018, 26, 4 ) ;
#2516 = EDGE_CURVE ( 'NONE', #5390, #2663, #4639, .T. ) ;
#2517 = ORIENTED_EDGE ( 'NONE', *, *, #4285, .T. ) ;
#2518 = DIRECTION ( 'NONE',  ( 0.0000000000000000000, -1.000000000000000000, 0.0000000000000000000 ) ) ;
#2519 = VECTOR ( 'NONE', #4141, 1000.000000000000000 ) ;
#2520 = CARTESIAN_POINT ( 'NONE',  ( 0.7200000000000053000, 0.1200000000000000000, -0.6999999999999947400 ) ) ;
#2521 = CARTESIAN_POINT ( 'NONE',  ( 0.3187663801177710300, 0.2349999999999998500, -1.015690055759176600 ) ) ;
#2522 = LINE ( 'NONE', #4949, #2322 ) ;
#2523 = CARTESIAN_POINT ( 'NONE',  ( 0.09999999999999993600, 0.4519393521364603000, -0.8796930766579073000 ) ) ;
#2524 = ORIENTED_EDGE ( 'NONE', *, *, #4674, .T. ) ;
#2525 = VECTOR ( 'NONE', #4088, 1000.000000000000000 ) ;
#2526 = EDGE_CURVE ( 'NONE', #5783, #2374, #3107, .T. ) ;
#2527 = CARTESIAN_POINT ( 'NONE',  ( 0.5649999999999986100, 0.7888417395787664700, -2.440000000000000400 ) ) ;
#2528 = CARTESIAN_POINT ( 'NONE',  ( -0.6500000000000001300, 1.129999999999999900, -0.1250000000000005600 ) ) ;
#2529 = DIRECTION ( 'NONE',  ( 0.0000000000000000000, 1.000000000000000000, 5.551115123125782700E-017 ) ) ;
#2530 = ORIENTED_EDGE ( 'NONE', *, *, #4576, .F. ) ;
#2531 = ORIENTED_EDGE ( 'NONE', *, *, #4103, .F. ) ;
#2532 = PLANE ( 'NONE',  #6194 ) ;
#2533 = ORIENTED_EDGE ( 'NONE', *, *, #172, .F. ) ;
#2534 = CARTESIAN_POINT ( 'NONE',  ( 2.168404344971008900E-016, 0.7150000000000003000, -2.100000000000000100 ) ) ;
#2535 = DIRECTION ( 'NONE',  ( -0.6123724356957978000, 0.3535533905932714500, -0.7071067811865460200 ) ) ;
#2536 = ORIENTED_EDGE ( 'NONE', *, *, #3175, .F. ) ;
#2537 = B_SPLINE_CURVE_WITH_KNOTS ( 'NONE', 3,
 ( #5816, #1952, #3059, #6919, #3611, #298, #4176 ),
 .UNSPECIFIED., .F., .F.,
 ( 4, 3, 4 ),
 ( 4.723825361671235000E-007, 3.383224373884576100E-005, 3.441509761759657800E-005 ),
 .UNSPECIFIED. ) ;
#2538 = CARTESIAN_POINT ( 'NONE',  ( 0.7926802116013892400, 0.4195329181885934500, 0.3421840797114238400 ) ) ;
#2539 = CARTESIAN_POINT ( 'NONE',  ( 0.09999999999999982500, 0.2600000000000020100, -0.8642337646724901300 ) ) ;
#2540 = ORIENTED_EDGE ( 'NONE', *, *, #3086, .F. ) ;
#2541 = CARTESIAN_POINT ( 'NONE',  ( -0.8800000000000000000, 0.1999999999999998200, 0.8400000000000001900 ) ) ;
#2542 = EDGE_LOOP ( 'NONE', ( #3389, #6968, #2562, #1579 ) ) ;
#2543 = LINE ( 'NONE', #2265, #5107 ) ;
#2544 = CARTESIAN_POINT ( 'NONE',  ( -0.6926802116013899300, 0.4195329181885937300, 0.5153891604683120700 ) ) ;
#2545 = CARTESIAN_POINT ( 'NONE',  ( -0.03000000000000007900, 10.35500000000000000, -1.150000000000001000 ) ) ;
#2546 = AXIS2_PLACEMENT_3D ( 'NONE', #6549, #1017, #2695 ) ;
#2547 = CARTESIAN_POINT ( 'NONE',  ( -0.3950000000000001300, 1.040000000000000000, -2.550000000000000700 ) ) ;
#2548 = ORIENTED_EDGE ( 'NONE', *, *, #852, .F. ) ;
#2549 = VERTEX_POINT ( 'NONE', #4177 ) ;
#2550 = VECTOR ( 'NONE', #6378, 1000.000000000000000 ) ;
#2551 = EDGE_CURVE ( 'NONE', #3183, #5139, #1472, .T. ) ;
#2552 = EDGE_CURVE ( 'NONE', #541, #6128, #5873, .T. ) ;
#2553 = ORIENTED_EDGE ( 'NONE', *, *, #2408, .F. ) ;
#2554 = VECTOR ( 'NONE', #3459, 1000.000000000000000 ) ;
#2555 = EDGE_CURVE ( 'NONE', #5139, #3764, #1629, .T. ) ;
#2556 = DIRECTION ( 'NONE',  ( -5.551115123125782700E-017, -5.551115123125782700E-017, -1.000000000000000000 ) ) ;
#2557 = FACE_OUTER_BOUND ( 'NONE', #1211, .T. ) ;
#2558 = ORIENTED_EDGE ( 'NONE', *, *, #6712, .F. ) ;
#2559 = CARTESIAN_POINT ( 'NONE',  ( 0.03499999999999978800, 0.3789230484541331600, -2.449999999999999700 ) ) ;
#2560 = CARTESIAN_POINT ( 'NONE',  ( -1.391554127632064800E-019, 0.4599999999999998500, 0.0000000000000000000 ) ) ;
#2561 = AXIS2_PLACEMENT_3D ( 'NONE', #5632, #6191, #2885 ) ;
#2562 = ORIENTED_EDGE ( 'NONE', *, *, #6999, .F. ) ;
#2563 = CYLINDRICAL_SURFACE ( 'NONE', #1398, 0.5199999999999998000 ) ;
#2564 = CARTESIAN_POINT ( 'NONE',  ( 0.3949999999999998500, 1.039999999999999800, -2.700000000000000200 ) ) ;
#2565 = CIRCLE ( 'NONE', #4704, 0.8899999999999999000 ) ;
#2566 = ORIENTED_EDGE ( 'NONE', *, *, #1476, .T. ) ;
#2567 = EDGE_CURVE ( 'NONE', #6362, #3727, #4233, .T. ) ;
#2568 = DIRECTION ( 'NONE',  ( -0.7706247876320168100, 0.06731278470167972900, -0.6337242505244803400 ) ) ;
#2569 = ORIENTED_EDGE ( 'NONE', *, *, #7018, .F. ) ;
#2570 = CARTESIAN_POINT ( 'NONE',  ( 0.8800000000000000000, -6.848866402085043700E-018, 0.7000000000000059500 ) ) ;
#2571 = ORIENTED_EDGE ( 'NONE', *, *, #1022, .T. ) ;
#2572 = CYLINDRICAL_SURFACE ( 'NONE', #4242, 0.1699999999999998500 ) ;
#2573 = CARTESIAN_POINT ( 'NONE',  ( -0.8800000000000000000, 0.0000000000000000000, -0.8400000000000001900 ) ) ;
#2574 = DIRECTION ( 'NONE',  ( -1.000000000000000000, -4.457975010683620400E-016, 0.0000000000000000000 ) ) ;
#2575 = DIRECTION ( 'NONE',  ( -5.551115123125782700E-017, 5.551115123125782700E-017, 1.000000000000000000 ) ) ;
#2576 = ORIENTED_EDGE ( 'NONE', *, *, #6746, .T. ) ;
#2577 = ORIENTED_EDGE ( 'NONE', *, *, #3650, .F. ) ;
#2578 = VECTOR ( 'NONE', #1523, 1000.000000000000100 ) ;
#2579 = ORIENTED_EDGE ( 'NONE', *, *, #5510, .T. ) ;
#2580 = DIRECTION ( 'NONE',  ( 5.551115123125782700E-017, -5.551115123125782700E-017, -1.000000000000000000 ) ) ;
#2581 = B_SPLINE_CURVE_WITH_KNOTS ( 'NONE', 3,
 ( #574, #1137, #5005, #1698, #5558, #2249, #6118, #2818, #6671, #3351 ),
 .UNSPECIFIED., .F., .F.,
 ( 4, 3, 3, 4 ),
 ( 2.985339267960483000E-007, 1.007145623986249200E-005, 2.014598647734418200E-005, 2.542577233235289600E-005 ),
 .UNSPECIFIED. ) ;
#2582 = DIRECTION ( 'NONE',  ( -0.0000000000000000000, -1.000000000000000000, -5.551115123125782700E-017 ) ) ;
#2583 = CARTESIAN_POINT ( 'NONE',  ( 0.7387712897465940100, 0.7900000000000000400, 0.6900000000000000600 ) ) ;
#2584 = EDGE_CURVE ( 'NONE', #689, #6600, #1283, .T. ) ;
#2585 = LINE ( 'NONE', #6361, #925 ) ;
#2586 = ORIENTED_EDGE ( 'NONE', *, *, #5630, .T. ) ;
#2587 = LINE ( 'NONE', #4002, #1098 ) ;
#2588 = VECTOR ( 'NONE', #759, 1000.000000000000000 ) ;
#2589 = DIRECTION ( 'NONE',  ( 0.0000000000000000000, 0.0000000000000000000, -1.000000000000000000 ) ) ;
#2590 = EDGE_CURVE ( 'NONE', #7096, #6947, #6986, .T. ) ;
#2591 = AXIS2_PLACEMENT_3D ( 'NONE', #2541, #7042, #6995 ) ;
#2592 = AXIS2_PLACEMENT_3D ( 'NONE', #1290, #2347, #5150 ) ;
#2593 = CARTESIAN_POINT ( 'NONE',  ( -0.6447871585130861000, 0.2886921089827731400, 0.4877380933754666400 ) ) ;
#2594 = LINE ( 'NONE', #4175, #5346 ) ;
#2595 = VERTEX_POINT ( 'NONE', #5868 ) ;
#2596 = ORIENTED_EDGE ( 'NONE', *, *, #3729, .F. ) ;
#2597 = VECTOR ( 'NONE', #3638, 1000.000000000000000 ) ;
#2598 = CIRCLE ( 'NONE', #6630, 0.3799999999999986200 ) ;
#2599 = CARTESIAN_POINT ( 'NONE',  ( 3.080868893334809800E-016, 0.6350000000000000100, -5.550000000000000700 ) ) ;
#2600 = CARTESIAN_POINT ( 'NONE',  ( 0.5649999999999998400, 0.7888417395787666900, -2.360000000000000800 ) ) ;
#2601 = EDGE_CURVE ( 'NONE', #4091, #2248, #6801, .T. ) ;
#2602 = VECTOR ( 'NONE', #4591, 1000.000000000000000 ) ;
#2603 = DIRECTION ( 'NONE',  ( -0.8660254037844398200, -0.4999999999999980600, -5.551115123125782100E-017 ) ) ;
#2604 = LINE ( 'NONE', #732, #1118 ) ;
#2605 = DIRECTION ( 'NONE',  ( 1.000000000000000000, 0.0000000000000000000, 0.0000000000000000000 ) ) ;
#2606 = EDGE_LOOP ( 'NONE', ( #1645, #2128, #4890, #6624, #6771, #6685, #3315, #1621 ) ) ;
#2607 = LINE ( 'NONE', #4548, #1120 ) ;
#2608 = DIRECTION ( 'NONE',  ( -0.2544110223663653100, -1.540743955509789000E-033, 0.9670961853396490300 ) ) ;
#2609 = AXIS2_PLACEMENT_3D ( 'NONE', #5692, #4083, #4062 ) ;
#2610 = ORIENTED_EDGE ( 'NONE', *, *, #2710, .T. ) ;
#2611 = CONICAL_SURFACE ( 'NONE', #6752, 0.8707243970591990200, 1.134464013796320400 ) ;
#2612 = DIRECTION ( 'NONE',  ( 1.000000000000000000, 0.0000000000000000000, -5.551115123125782700E-017 ) ) ;
#2613 = ORIENTED_EDGE ( 'NONE', *, *, #3533, .T. ) ;
#2614 = DIRECTION ( 'NONE',  ( -0.4472135954999679800, 2.775557561562891000E-017, 0.8944271909999107500 ) ) ;
#2615 = CARTESIAN_POINT ( 'NONE',  ( 0.09061428288025745500, 0.3329476719223842800, -2.174824306478316100 ) ) ;
#2616 = ORIENTED_EDGE ( 'NONE', *, *, #2516, .F. ) ;
#2617 = CARTESIAN_POINT ( 'NONE',  ( 0.6179502228979486500, 0.3030223961003891700, 0.4722437813738430400 ) ) ;
#2618 = VERTEX_POINT ( 'NONE', #3661 ) ;
#2619 = CARTESIAN_POINT ( 'NONE',  ( -0.5649999999999985000, 0.7888417395787666900, -2.440000000000000800 ) ) ;
#2620 = ORIENTED_EDGE ( 'NONE', *, *, #5340, .F. ) ;
#2621 = CARTESIAN_POINT ( 'NONE',  ( 0.6278445005324558800, 0.9899999999999999900, 0.6900000000000000600 ) ) ;
#2622 = CARTESIAN_POINT ( 'NONE',  ( 0.02999999999999991600, 0.6099999999999998800, -1.150000000000000400 ) ) ;
#2623 = DIRECTION ( 'NONE',  ( -0.0000000000000000000, -1.000000000000000000, -5.551115123125782700E-017 ) ) ;
#2624 = CARTESIAN_POINT ( 'NONE',  ( 0.8070864602479925800, 0.4402222551909508200, 0.3505015312455523300 ) ) ;
#2625 = DIRECTION ( 'NONE',  ( 0.0000000000000000000, 1.000000000000000000, 5.551115123125782700E-017 ) ) ;
#2626 = EDGE_LOOP ( 'NONE', ( #2282, #6532, #1567, #5051 ) ) ;
#2627 = TOROIDAL_SURFACE ( 'NONE', #485, 0.8834029449114199100, 0.03000000000000003000 ) ;
#2628 = DIRECTION ( 'NONE',  ( -0.4999999999999979500, -0.8660254037844399300, 1.332267629550188000E-015 ) ) ;
#2629 = CARTESIAN_POINT ( 'NONE',  ( -0.2400000000000001300, 0.2350000000000000100, -1.052325581395349200 ) ) ;
#2630 = ORIENTED_EDGE ( 'NONE', *, *, #5534, .F. ) ;
#2632 = ORIENTED_EDGE ( 'NONE', *, *, #7081, .F. ) ;
#2631 = VECTOR ( 'NONE', #3782, 1000.000000000000000 ) ;
#2633 = DIRECTION ( 'NONE',  ( -2.720046410331633500E-015, 0.0000000000000000000, -1.000000000000000000 ) ) ;
#2634 = CARTESIAN_POINT ( 'NONE',  ( 1.925929944387235900E-031, 1.039999999999999600, 0.0000000000000000000 ) ) ;
#2635 = ORIENTED_EDGE ( 'NONE', *, *, #4635, .F. ) ;
#2636 = DIRECTION ( 'NONE',  ( 5.551115123125782700E-017, -5.551115123125782700E-017, -1.000000000000000000 ) ) ;
#2637 = CARTESIAN_POINT ( 'NONE',  ( -1.084202172485504400E-016, 0.3506307787036603800, -4.336808689942017700E-016 ) ) ;
#2638 = EDGE_LOOP ( 'NONE', ( #202, #1256, #2063, #2195 ) ) ;
#2639 = ADVANCED_FACE ( 'NONE', ( #5686 ), #352, .T. ) ;
#2640 = ORIENTED_EDGE ( 'NONE', *, *, #1534, .T. ) ;
#2641 = FACE_OUTER_BOUND ( 'NONE', #635, .T. ) ;
#2642 = LINE ( 'NONE', #4104, #6688 ) ;
#2643 = ORIENTED_EDGE ( 'NONE', *, *, #5628, .T. ) ;
#2644 = DIRECTION ( 'NONE',  ( 0.2588190451025257400, 0.9659258262890668700, 5.551115123125781500E-017 ) ) ;
#2645 = EDGE_CURVE ( 'NONE', #5648, #3306, #6862, .T. ) ;
#2646 = EDGE_CURVE ( 'NONE', #5085, #1314, #1110, .T. ) ;
#2647 = DIRECTION ( 'NONE',  ( 0.9659258262890669800, -0.2588190451025257900, 2.775557561562891400E-017 ) ) ;
#2648 = EDGE_CURVE ( 'NONE', #6755, #3400, #3862, .T. ) ;
#2649 = CARTESIAN_POINT ( 'NONE',  ( -1.578251418443698900E-016, 1.039999999999999600, 0.8899999999999999000 ) ) ;
#2650 = ORIENTED_EDGE ( 'NONE', *, *, #2870, .F. ) ;
#2651 = ORIENTED_EDGE ( 'NONE', *, *, #1896, .T. ) ;
#2652 = ORIENTED_EDGE ( 'NONE', *, *, #6609, .F. ) ;
#2653 = CIRCLE ( 'NONE', #3724, 0.1699999999999999000 ) ;
#2654 = DIRECTION ( 'NONE',  ( 1.000000000000000000, 0.0000000000000000000, -3.097720492815725900E-015 ) ) ;
#2655 = VERTEX_POINT ( 'NONE', #6998 ) ;
#2656 = PRODUCT_DEFINITION_FORMATION_WITH_SPECIFIED_SOURCE ( 'ANY', '', #3212, .NOT_KNOWN. ) ;
#2657 = CARTESIAN_POINT ( 'NONE',  ( -0.6972542809340230900, 0.4242332294453027300, 0.5180300006287993400 ) ) ;
#2658 = ORIENTED_EDGE ( 'NONE', *, *, #4990, .F. ) ;
#2659 = ORIENTED_EDGE ( 'NONE', *, *, #3265, .F. ) ;
#2660 = CARTESIAN_POINT ( 'NONE',  ( -1.050000000000000000, 0.8600000000000001000, -0.5500000000000006000 ) ) ;
#2661 = VECTOR ( 'NONE', #3891, 1000.000000000000100 ) ;
#2662 = EDGE_CURVE ( 'NONE', #296, #3287, #2406, .T. ) ;
#2663 = VERTEX_POINT ( 'NONE', #375 ) ;
#2664 = DIRECTION ( 'NONE',  ( 0.0000000000000000000, 1.000000000000000000, 0.0000000000000000000 ) ) ;
#2665 = DIRECTION ( 'NONE',  ( -1.000000000000000000, 0.0000000000000000000, 0.0000000000000000000 ) ) ;
#2666 = ORIENTED_EDGE ( 'NONE', *, *, #1533, .F. ) ;
#2667 = CIRCLE ( 'NONE', #1824, 0.1699999999999998500 ) ;
#2668 = CARTESIAN_POINT ( 'NONE',  ( 1.050000000000000300, 0.8600000000000002100, -0.5500000000000001600 ) ) ;
#2669 = DIRECTION ( 'NONE',  ( -1.000000000000000000, -5.646886315028674300E-017, 0.0000000000000000000 ) ) ;
#2670 = LINE ( 'NONE', #4894, #2503 ) ;
#2671 = DIRECTION ( 'NONE',  ( -0.8660254037844398200, -0.4999999999999980600, -5.551115123125782100E-017 ) ) ;
#2672 = ORIENTED_EDGE ( 'NONE', *, *, #5163, .F. ) ;
#2673 = ORIENTED_EDGE ( 'NONE', *, *, #3146, .F. ) ;
#2674 = VECTOR ( 'NONE', #7152, 1000.000000000000000 ) ;
#2675 = CIRCLE ( 'NONE', #3524, 0.4199999999999986000 ) ;
#2676 = CARTESIAN_POINT ( 'NONE',  ( 0.1100000000000000000, -1.355252715606880500E-017, 1.000000000000000000 ) ) ;
#2677 = PERSON ( 'UNSPECIFIED', 'UNSPECIFIED', 'UNSPECIFIED', ('UNSPECIFIED'), ('UNSPECIFIED'), ('UNSPECIFIED') ) ;
#2678 = CARTESIAN_POINT ( 'NONE',  ( 1.415534356397075000E-016, 0.6350000000000002300, -2.550000000000000700 ) ) ;
#2679 = ORIENTED_EDGE ( 'NONE', *, *, #5228, .T. ) ;
#2680 = ADVANCED_FACE ( 'NONE', ( #3705 ), #930, .F. ) ;
#2681 = DIRECTION ( 'NONE',  ( 0.0000000000000000000, 1.000000000000000000, 0.0000000000000000000 ) ) ;
#2682 = VECTOR ( 'NONE', #1475, 1000.000000000000000 ) ;
#2683 = CARTESIAN_POINT ( 'NONE',  ( 0.9699999999999953100, 0.1200000000000000000, 0.6700000000000065900 ) ) ;
#2684 = DATE_AND_TIME ( #4148, #5602 ) ;
#2685 = CARTESIAN_POINT ( 'NONE',  ( 0.4949999999999997700, 0.6099999999999998800, -1.950000000000000400 ) ) ;
#2686 = ORIENTED_EDGE ( 'NONE', *, *, #773, .F. ) ;
#2687 = VECTOR ( 'NONE', #2479, 1000.000000000000000 ) ;
#2688 = DIRECTION ( 'NONE',  ( 5.551115123125782700E-017, -5.551115123125782700E-017, -1.000000000000000000 ) ) ;
#2689 = CARTESIAN_POINT ( 'NONE',  ( 1.000000000000004400, -1.355252715606880200E-017, -0.6699999999999930500 ) ) ;
#2690 = EDGE_CURVE ( 'NONE', #1643, #7181, #2228, .T. ) ;
#2691 = LINE ( 'NONE', #1055, #3967 ) ;
#2692 = EDGE_CURVE ( 'NONE', #3975, #7003, #2831, .T. ) ;
#2693 = ORIENTED_EDGE ( 'NONE', *, *, #2784, .T. ) ;
#2694 = AXIS2_PLACEMENT_3D ( 'NONE', #5966, #2688, #6540 ) ;
#2695 = DIRECTION ( 'NONE',  ( 0.0000000000000000000, 0.0000000000000000000, -1.000000000000000000 ) ) ;
#2696 = ORIENTED_EDGE ( 'NONE', *, *, #3510, .T. ) ;
#2697 = CARTESIAN_POINT ( 'NONE',  ( -0.09999999999999999200, 0.3846674892112663100, -0.8502809267224384900 ) ) ;
#2698 = ORIENTED_EDGE ( 'NONE', *, *, #2453, .T. ) ;
#2699 = PLANE ( 'NONE',  #3584 ) ;
#2700 = EDGE_CURVE ( 'NONE', #2655, #4531, #751, .T. ) ;
#2701 = VERTEX_POINT ( 'NONE', #972 ) ;
#2702 = CARTESIAN_POINT ( 'NONE',  ( -0.2093241316039303200, 1.145907730151415300, 0.7300000000000002000 ) ) ;
#2703 = EDGE_LOOP ( 'NONE', ( #2731, #4415, #5122, #6432 ) ) ;
#2704 = CARTESIAN_POINT ( 'NONE',  ( -0.3549999999999983200, 0.4251110699893031500, -2.289999999999998300 ) ) ;
#2705 = DIRECTION ( 'NONE',  ( -1.394333594823066400E-015, 0.0000000000000000000, 1.000000000000000000 ) ) ;
#2706 = ORIENTED_EDGE ( 'NONE', *, *, #2956, .T. ) ;
#2707 = VECTOR ( 'NONE', #1728, 1000.000000000000000 ) ;
#2708 = CARTESIAN_POINT ( 'NONE',  ( -0.09999999999999988100, 0.4195329181894562600, -0.8575732401807046900 ) ) ;
#2709 = ADVANCED_FACE ( 'NONE', ( #6638 ), #5399, .T. ) ;
#2710 = EDGE_CURVE ( 'NONE', #2388, #7096, #6292, .T. ) ;
#2711 = ORIENTED_EDGE ( 'NONE', *, *, #4396, .F. ) ;
#2712 = FACE_OUTER_BOUND ( 'NONE', #4451, .T. ) ;
#2713 = AXIS2_PLACEMENT_3D ( 'NONE', #2877, #6741, #1254 ) ;
#2714 = DIRECTION ( 'NONE',  ( 0.4472135954999680900, 5.551115123125780900E-017, 0.8944271909999107500 ) ) ;
#2715 = EDGE_CURVE ( 'NONE', #3402, #1945, #2064, .T. ) ;
#2716 = CARTESIAN_POINT ( 'NONE',  ( -1.084202172485505900E-016, 0.4791160770650623700, -4.336808689942017700E-016 ) ) ;
#2717 = AXIS2_PLACEMENT_3D ( 'NONE', #5721, #5856, #4304 ) ;
#2718 = AXIS2_PLACEMENT_3D ( 'NONE', #688, #4560, #1257 ) ;
#2719 = ORIENTED_EDGE ( 'NONE', *, *, #3812, .T. ) ;
#2720 = LINE ( 'NONE', #7051, #4189 ) ;
#2721 = LINE ( 'NONE', #939, #1240 ) ;
#2722 = CARTESIAN_POINT ( 'NONE',  ( -0.6905726810106814800, 0.4173672208542933400, 0.5141723771144408600 ) ) ;
#2723 = VERTEX_POINT ( 'NONE', #4865 ) ;
#2724 = VERTEX_POINT ( 'NONE', #999 ) ;
#2725 = EDGE_CURVE ( 'NONE', #4416, #4908, #1881, .T. ) ;
#2726 = VERTEX_POINT ( 'NONE', #3203 ) ;
#2727 = FACE_OUTER_BOUND ( 'NONE', #7176, .T. ) ;
#2728 = LINE ( 'NONE', #6415, #6955 ) ;
#2729 = CARTESIAN_POINT ( 'NONE',  ( -0.3950000000000000200, 1.159999999999999900, -2.549999999999999400 ) ) ;
#2730 = CARTESIAN_POINT ( 'NONE',  ( 0.1300000000000000600, 0.3549999999999999800, -1.950000000000000400 ) ) ;
#2731 = ORIENTED_EDGE ( 'NONE', *, *, #6653, .F. ) ;
#2732 = CARTESIAN_POINT ( 'NONE',  ( 0.02999999999999991600, 0.2349999999999998500, -1.150000000000000100 ) ) ;
#2733 = CARTESIAN_POINT ( 'NONE',  ( -0.8800000000000000000, 1.040000000000000000, 0.5499999999999997100 ) ) ;
#2734 = ORIENTED_EDGE ( 'NONE', *, *, #423, .T. ) ;
#2735 = ORIENTED_EDGE ( 'NONE', *, *, #5500, .F. ) ;
#2736 = FACE_OUTER_BOUND ( 'NONE', #392, .T. ) ;
#2737 = AXIS2_PLACEMENT_3D ( 'NONE', #540, #522, #455 ) ;
#2738 = PLANE ( 'NONE',  #4224 ) ;
#2739 = EDGE_CURVE ( 'NONE', #1440, #6097, #413, .T. ) ;
#2740 = ORIENTED_EDGE ( 'NONE', *, *, #4847, .F. ) ;
#2741 = CARTESIAN_POINT ( 'NONE',  ( 0.1100000000000000000, 0.09999999999999999200, 0.9300000000000001600 ) ) ;
#2742 = CARTESIAN_POINT ( 'NONE',  ( 0.09999999999999979700, 0.4599999999999998500, -0.7433034373659253000 ) ) ;
#2743 = ORIENTED_EDGE ( 'NONE', *, *, #1746, .F. ) ;
#2744 = LINE ( 'NONE', #6485, #3849 ) ;
#2745 = ADVANCED_FACE ( 'NONE', ( #4652 ), #467, .F. ) ;
#2746 = CARTESIAN_POINT ( 'NONE',  ( -0.09532849302035592600, 0.1651137933202426500, -2.550000000000000700 ) ) ;
#2747 = EDGE_CURVE ( 'NONE', #5532, #3949, #5860, .T. ) ;
#2748 = CARTESIAN_POINT ( 'NONE',  ( -0.5249999999999988000, 0.7888417395787668000, -2.249999999999998700 ) ) ;
#2749 = VECTOR ( 'NONE', #3573, 1000.000000000000000 ) ;
#2750 = VERTEX_POINT ( 'NONE', #3242 ) ;
#2751 = VECTOR ( 'NONE', #2340, 1000.000000000000000 ) ;
#2752 = CIRCLE ( 'NONE', #1554, 0.3999999999999999700 ) ;
#2753 = CARTESIAN_POINT ( 'NONE',  ( 0.5649999999999985000, 0.7888417395787666900, -2.209999999999998200 ) ) ;
#2754 = CARTESIAN_POINT ( 'NONE',  ( -0.8800000000000000000, 0.1999999999999998200, 0.8400000000000001900 ) ) ;
#2755 = DIRECTION ( 'NONE',  ( -5.551115123125782700E-017, 5.551115123125782700E-017, 1.000000000000000000 ) ) ;
#2756 = CARTESIAN_POINT ( 'NONE',  ( -0.09532849302035624500, 0.1651137933202432000, -2.100000000000000500 ) ) ;
#2757 = LINE ( 'NONE', #857, #4230 ) ;
#2758 = ORIENTED_EDGE ( 'NONE', *, *, #4576, .T. ) ;
#2759 = ORIENTED_EDGE ( 'NONE', *, *, #4048, .F. ) ;
#2760 = VECTOR ( 'NONE', #1426, 1000.000000000000000 ) ;
#2761 = FACE_OUTER_BOUND ( 'NONE', #5579, .T. ) ;
#2762 = AXIS2_PLACEMENT_3D ( 'NONE', #4567, #1293, #5151 ) ;
#2763 = FACE_OUTER_BOUND ( 'NONE', #1859, .T. ) ;
#2764 = CYLINDRICAL_SURFACE ( 'NONE', #3643, 0.4200000000000001500 ) ;
#2765 = DIRECTION ( 'NONE',  ( -0.6123724356957963600, 0.3535533905932715100, -0.7071067811865470200 ) ) ;
#2766 = CARTESIAN_POINT ( 'NONE',  ( 0.02999999999999994300, 0.3549999999999999800, -1.850000000000000500 ) ) ;
#2767 = LINE ( 'NONE', #1795, #1294 ) ;
#2768 = ORIENTED_EDGE ( 'NONE', *, *, #3290, .F. ) ;
#2769 = AXIS2_PLACEMENT_3D ( 'NONE', #3728, #2092, #5958 ) ;
#2770 = AXIS2_PLACEMENT_3D ( 'NONE', #6739, #3421, #112 ) ;
#2771 = FACE_OUTER_BOUND ( 'NONE', #1818, .T. ) ;
#2772 = DIRECTION ( 'NONE',  ( 0.6896551724137930400, -7.703719777548943400E-034, 0.7241379310344828700 ) ) ;
#2773 = ORIENTED_EDGE ( 'NONE', *, *, #4347, .T. ) ;
#2774 = CARTESIAN_POINT ( 'NONE',  ( 0.7926802116013892400, 0.4195329181885934500, 0.3421840797114238400 ) ) ;
#2775 = CARTESIAN_POINT ( 'NONE',  ( -0.5249999999999988000, 0.7888417395787668000, -2.249999999999998700 ) ) ;
#2776 = ORIENTED_EDGE ( 'NONE', *, *, #4960, .T. ) ;
#2777 = FACE_OUTER_BOUND ( 'NONE', #3414, .T. ) ;
#2778 = ORIENTED_EDGE ( 'NONE', *, *, #6484, .T. ) ;
#2779 = CARTESIAN_POINT ( 'NONE',  ( 0.6278445005324558800, 0.7900000000000000400, 0.6900000000000000600 ) ) ;
#2780 = CARTESIAN_POINT ( 'NONE',  ( 0.5649999999999987300, 0.8099999999999998300, -2.099999999999999600 ) ) ;
#2781 = EDGE_CURVE ( 'NONE', #1907, #2976, #572, .T. ) ;
#2782 = EDGE_CURVE ( 'NONE', #5146, #1005, #4828, .T. ) ;
#2783 = ADVANCED_FACE ( 'NONE', ( #1707 ), #1046, .T. ) ;
#2784 = EDGE_CURVE ( 'NONE', #3802, #1530, #1546, .T. ) ;
#2785 = VERTEX_POINT ( 'NONE', #6497 ) ;
#2786 = ADVANCED_FACE ( 'NONE', ( #5777 ), #3746, .T. ) ;
#2787 = ORIENTED_EDGE ( 'NONE', *, *, #3307, .F. ) ;
#2788 = DIRECTION ( 'NONE',  ( -1.000000000000000000, 0.0000000000000000000, 0.0000000000000000000 ) ) ;
#2789 = EDGE_CURVE ( 'NONE', #3355, #2663, #4468, .T. ) ;
#2790 = ORIENTED_EDGE ( 'NONE', *, *, #7084, .T. ) ;
#2791 = VERTEX_POINT ( 'NONE', #440 ) ;
#2792 = FACE_OUTER_BOUND ( 'NONE', #1545, .T. ) ;
#2793 = CARTESIAN_POINT ( 'NONE',  ( 0.6300000000000002300, 0.9899999999999999900, -0.9500000000000002900 ) ) ;
#2794 = DIRECTION ( 'NONE',  ( 0.0000000000000000000, 1.000000000000000000, 5.551115123125782700E-017 ) ) ;
#2795 = AXIS2_PLACEMENT_3D ( 'NONE', #967, #1537, #4841 ) ;
#2796 = DIRECTION ( 'NONE',  ( 0.0000000000000000000, 0.0000000000000000000, -1.000000000000000000 ) ) ;
#2797 = CARTESIAN_POINT ( 'NONE',  ( -0.2150237439110566100, 1.136002459094189500, 0.7498769102841644800 ) ) ;
#2798 = ORIENTED_EDGE ( 'NONE', *, *, #3651, .T. ) ;
#2800 = ORIENTED_EDGE ( 'NONE', *, *, #5029, .F. ) ;
#2799 = CYLINDRICAL_SURFACE ( 'NONE', #330, 0.1699999999999998500 ) ;
#2801 = ORIENTED_EDGE ( 'NONE', *, *, #1163, .F. ) ;
#2802 = EDGE_CURVE ( 'NONE', #5919, #1400, #3009, .T. ) ;
#2803 = ORIENTED_EDGE ( 'NONE', *, *, #3011, .T. ) ;
#2804 = ORIENTED_EDGE ( 'NONE', *, *, #920, .T. ) ;
#2805 = VECTOR ( 'NONE', #698, 1000.000000000000000 ) ;
#2806 = VECTOR ( 'NONE', #4668, 1000.000000000000000 ) ;
#2807 = DIRECTION ( 'NONE',  ( 3.330669073875468600E-016, 5.551115123125780900E-017, -1.000000000000000000 ) ) ;
#2808 = EDGE_CURVE ( 'NONE', #173, #6227, #60, .T. ) ;
#2809 = CARTESIAN_POINT ( 'NONE',  ( 5.421010862427509800E-017, 0.6400000000000003500, -1.350000000000000100 ) ) ;
#2810 = AXIS2_PLACEMENT_3D ( 'NONE', #226, #4121, #5728 ) ;
#2811 = VERTEX_POINT ( 'NONE', #460 ) ;
#2812 = ADVANCED_FACE ( 'NONE', ( #1377 ), #1190, .T. ) ;
#2813 = VERTEX_POINT ( 'NONE', #5995 ) ;
#2814 = ADVANCED_FACE ( 'NONE', ( #6893 ), #2699, .T. ) ;
#2815 = ORIENTED_EDGE ( 'NONE', *, *, #1447, .F. ) ;
#2816 = CARTESIAN_POINT ( 'NONE',  ( -0.1000000000000000500, 0.3506307787036008200, -0.9067643792598448800 ) ) ;
#2817 = LINE ( 'NONE', #4474, #4107 ) ;
#2818 = CARTESIAN_POINT ( 'NONE',  ( 0.6841141368543716100, 0.4007271886238694700, 0.5104435349072227200 ) ) ;
#2819 = ORIENTED_EDGE ( 'NONE', *, *, #3740, .T. ) ;
#2820 = DIRECTION ( 'NONE',  ( 0.7071067811865474600, 0.0000000000000000000, 0.7071067811865475700 ) ) ;
#2821 = EDGE_CURVE ( 'NONE', #2153, #265, #5590, .T. ) ;
#2822 = CARTESIAN_POINT ( 'NONE',  ( -0.6400000000000001200, 0.6350000000000001200, -0.9500000000000002900 ) ) ;
#2823 = ORIENTED_EDGE ( 'NONE', *, *, #3903, .F. ) ;
#2824 = ORIENTED_EDGE ( 'NONE', *, *, #5038, .T. ) ;
#2825 = VECTOR ( 'NONE', #6120, 1000.000000000000000 ) ;
#2826 = CARTESIAN_POINT ( 'NONE',  ( -0.8800000000000000000, 0.1999999999999998200, -0.8400000000000001900 ) ) ;
#2827 = CARTESIAN_POINT ( 'NONE',  ( 0.7230064301731900000, 0.3204189081888482200, 0.5328980109242438300 ) ) ;
#2828 = ORIENTED_EDGE ( 'NONE', *, *, #2789, .F. ) ;
#2829 = TOROIDAL_SURFACE ( 'NONE', #2592, 0.8834029449114199100, 0.03000000000000003000 ) ;
#2830 = DIRECTION ( 'NONE',  ( -0.08701699807290529100, -0.9962068269422670300, -2.775557561562891800E-016 ) ) ;
#2831 =( BOUNDED_CURVE ( )  B_SPLINE_CURVE ( 3, ( #2075, #6458, #956, #2629 ),
 .UNSPECIFIED., .F., .T. ) 
 B_SPLINE_CURVE_WITH_KNOTS ( ( 4, 4 ),
 ( 4.130024742515947100, 4.712388980384689700 ),
 .UNSPECIFIED. ) 
 CURVE ( )  GEOMETRIC_REPRESENTATION_ITEM ( )  RATIONAL_B_SPLINE_CURVE ( ( 1.000000000000000000, 0.9719367843496034000, 0.9719367843496034000, 1.000000000000000000 ) ) 
 REPRESENTATION_ITEM ( '' )  );
#2832 = DIRECTION ( 'NONE',  ( 5.551115123125782700E-017, 5.551115123125782700E-017, 1.000000000000000000 ) ) ;
#2833 = LINE ( 'NONE', #7109, #56 ) ;
#2834 = VERTEX_POINT ( 'NONE', #1040 ) ;
#2835 = VECTOR ( 'NONE', #7088, 1000.000000000000000 ) ;
#2836 = VECTOR ( 'NONE', #4956, 1000.000000000000000 ) ;
#2837 = CARTESIAN_POINT ( 'NONE',  ( 0.6937196594791874600, -3.968603570782123600E-018, 0.2850491783045169800 ) ) ;
#2838 = DIRECTION ( 'NONE',  ( 5.551115123125782700E-017, -5.551115123125782700E-017, -1.000000000000000000 ) ) ;
#2839 = CARTESIAN_POINT ( 'NONE',  ( 0.3549999999999989800, 0.4251110699893017000, -2.549999999999999400 ) ) ;
#2840 = VECTOR ( 'NONE', #2002, 1000.000000000000000 ) ;
#2841 = CARTESIAN_POINT ( 'NONE',  ( 0.4599999999999999100, 0.6099999999999994300, -0.9500000000000002900 ) ) ;
#2842 = CARTESIAN_POINT ( 'NONE',  ( -0.1000000000000000500, 0.3506307787036008200, -0.9067643792598448800 ) ) ;
#2843 = CARTESIAN_POINT ( 'NONE',  ( 0.0000000000000000000, 0.2599999999999949600, 0.0000000000000000000 ) ) ;
#2844 = PERSON_AND_ORGANIZATION ( #2677, #1484 ) ;
#2845 = ADVANCED_FACE ( 'NONE', ( #4309 ), #4135, .T. ) ;
#2846 = ADVANCED_FACE ( 'NONE', ( #2505 ), #483, .T. ) ;
#2847 = AXIS2_PLACEMENT_3D ( 'NONE', #3800, #488, #4356 ) ;
#2848 = ORIENTED_EDGE ( 'NONE', *, *, #1181, .T. ) ;
#2849 = VECTOR ( 'NONE', #5218, 1000.000000000000000 ) ;
#2850 = DIRECTION ( 'NONE',  ( 0.9962068269422670300, -0.08701699807290529100, 0.0000000000000000000 ) ) ;
#2851 = LINE ( 'NONE', #2733, #5608 ) ;
#2852 = CARTESIAN_POINT ( 'NONE',  ( 0.1401342958090728600, 1.155043381123910000, 0.7299999999999997600 ) ) ;
#2853 = ORIENTED_EDGE ( 'NONE', *, *, #3653, .F. ) ;
#2854 = DIRECTION ( 'NONE',  ( 6.245004513516504300E-017, -0.7559289460184540600, 0.6546536707079775300 ) ) ;
#2855 = EDGE_CURVE ( 'NONE', #6097, #4610, #3950, .T. ) ;
#2856 = ORIENTED_EDGE ( 'NONE', *, *, #3754, .F. ) ;
#2857 = DIRECTION ( 'NONE',  ( -0.9670961853396489200, 5.551115123125782100E-017, -0.2544110223663652600 ) ) ;
#2858 = VERTEX_POINT ( 'NONE', #5485 ) ;
#2859 = DIRECTION ( 'NONE',  ( -1.000000000000000000, 0.0000000000000000000, 0.0000000000000000000 ) ) ;
#2860 = DIRECTION ( 'NONE',  ( -0.8660254037844403700, 0.0000000000000000000, 0.4999999999999970600 ) ) ;
#2861 = ORIENTED_EDGE ( 'NONE', *, *, #534, .T. ) ;
#2862 = VERTEX_POINT ( 'NONE', #2742 ) ;
#2863 = CARTESIAN_POINT ( 'NONE',  ( -0.1000000000000001000, 0.2600000000000019000, -0.8642337646724901300 ) ) ;
#2864 = AXIS2_PLACEMENT_3D ( 'NONE', #4849, #4879, #2935 ) ;
#2865 = EDGE_CURVE ( 'NONE', #6462, #336, #5261, .T. ) ;
#2866 = ORIENTED_EDGE ( 'NONE', *, *, #3494, .F. ) ;
#2867 = LINE ( 'NONE', #2447, #3046 ) ;
#2868 = CARTESIAN_POINT ( 'NONE',  ( 1.925929944387235900E-031, 1.039999999999999600, 0.0000000000000000000 ) ) ;
#2869 = CARTESIAN_POINT ( 'NONE',  ( 0.4600000000000001900, 0.9899999999999999900, -0.9500000000000002900 ) ) ;
#2870 = EDGE_CURVE ( 'NONE', #6448, #881, #6717, .T. ) ;
#2871 = ORIENTED_EDGE ( 'NONE', *, *, #4847, .T. ) ;
#2872 = ADVANCED_FACE ( 'NONE', ( #1014 ), #3608, .T. ) ;
#2873 = VECTOR ( 'NONE', #5431, 1000.000000000000100 ) ;
#2874 = ADVANCED_FACE ( 'NONE', ( #2310 ), #4909, .T. ) ;
#2875 = CARTESIAN_POINT ( 'NONE',  ( -0.5649999999999986100, 0.7888417395787666900, -2.209999999999998200 ) ) ;
#2876 = CARTESIAN_POINT ( 'NONE',  ( 0.4700000000000002000, 1.159999999999999700, -1.950000000000000400 ) ) ;
#2877 = CARTESIAN_POINT ( 'NONE',  ( 2.710505431213749100E-017, 0.6400000000000002400, -1.850000000000000300 ) ) ;
#2878 = CARTESIAN_POINT ( 'NONE',  ( -1.084202172485504400E-016, 0.3506307787036603800, -4.336808689942017700E-016 ) ) ;
#2879 = DIRECTION ( 'NONE',  ( 0.0000000000000000000, 1.000000000000000000, 5.551115123125782700E-017 ) ) ;
#2880 = VERTEX_POINT ( 'NONE', #2766 ) ;
#2881 = LINE ( 'NONE', #1509, #5998 ) ;
#2882 = AXIS2_PLACEMENT_3D ( 'NONE', #469, #4339, #1024 ) ;
#2883 = DIRECTION ( 'NONE',  ( 0.0000000000000000000, 1.000000000000000000, 0.0000000000000000000 ) ) ;
#2884 = ORIENTED_EDGE ( 'NONE', *, *, #4260, .T. ) ;
#2885 = DIRECTION ( 'NONE',  ( -0.7071067811865474600, 1.730537381620172400E-017, 0.7071067811865476800 ) ) ;
#2886 = CARTESIAN_POINT ( 'NONE',  ( 0.2645751311064596400, 1.087660585711987900, -1.850000000000000500 ) ) ;
#2887 = ORIENTED_EDGE ( 'NONE', *, *, #4800, .F. ) ;
#2888 = ORIENTED_EDGE ( 'NONE', *, *, #4289, .T. ) ;
#2889 = ORIENTED_EDGE ( 'NONE', *, *, #4737, .T. ) ;
#2890 = CIRCLE ( 'NONE', #7062, 0.4050150000000000700 ) ;
#2891 = ORIENTED_EDGE ( 'NONE', *, *, #2584, .F. ) ;
#2892 = EDGE_LOOP ( 'NONE', ( #2790, #3450, #3686, #6309 ) ) ;
#2893 = VERTEX_POINT ( 'NONE', #6619 ) ;
#2894 = DIRECTION ( 'NONE',  ( 5.551115123125782700E-017, -5.551115123125782700E-017, -1.000000000000000000 ) ) ;
#2895 = AXIS2_PLACEMENT_3D ( 'NONE', #3501, #200, #4073 ) ;
#2896 = AXIS2_PLACEMENT_3D ( 'NONE', #4348, #3791, #3231 ) ;
#2897 = VECTOR ( 'NONE', #5727, 1000.000000000000000 ) ;
#2898 = DIRECTION ( 'NONE',  ( -5.551115123125782700E-016, -1.000000000000000000, 0.0000000000000000000 ) ) ;
#2899 = CARTESIAN_POINT ( 'NONE',  ( 0.6937196594771334300, 0.3222388905165391400, 0.2850491783033311500 ) ) ;
#2900 = VERTEX_POINT ( 'NONE', #3295 ) ;
#2901 = DIRECTION ( 'NONE',  ( 4.163336342344336400E-017, 0.7559289460184529500, -0.6546536707079787500 ) ) ;
#2902 = VECTOR ( 'NONE', #3140, 1000.000000000000000 ) ;
#2903 = DIRECTION ( 'NONE',  ( 0.0000000000000000000, 1.000000000000000000, 0.0000000000000000000 ) ) ;
#2904 = EDGE_CURVE ( 'NONE', #5512, #6545, #2137, .T. ) ;
#2905 = EDGE_CURVE ( 'NONE', #5041, #116, #6376, .T. ) ;
#2906 = DIRECTION ( 'NONE',  ( -0.9659258262890668700, -0.2588190451025259000, 5.551115123125783900E-017 ) ) ;
#2907 = EDGE_CURVE ( 'NONE', #2811, #1592, #3419, .T. ) ;
#2908 = CARTESIAN_POINT ( 'NONE',  ( -9.629649721936179300E-032, 0.3971892336110938200, -4.336808689942017700E-016 ) ) ;
#2909 = CARTESIAN_POINT ( 'NONE',  ( 0.6839771384639493600, 0.3955991732866418500, 0.5103644388496334500 ) ) ;
#2910 = CARTESIAN_POINT ( 'NONE',  ( -0.3949999999999997400, 0.9899999999999997700, -2.549999999999998900 ) ) ;
#2911 = VECTOR ( 'NONE', #219, 1000.000000000000000 ) ;
#2912 = ADVANCED_FACE ( 'NONE', ( #6197 ), #546, .T. ) ;
#2913 = EDGE_LOOP ( 'NONE', ( #5111, #2759, #4650, #5751 ) ) ;
#2914 = VECTOR ( 'NONE', #638, 1000.000000000000000 ) ;
#2915 = LINE ( 'NONE', #4669, #4227 ) ;
#2916 = ADVANCED_FACE ( 'NONE', ( #841 ), #6029, .T. ) ;
#2917 = EDGE_CURVE ( 'NONE', #3730, #5703, #320, .T. ) ;
#2918 = FACE_OUTER_BOUND ( 'NONE', #1169, .T. ) ;
#2919 = VERTEX_POINT ( 'NONE', #2246 ) ;
#2920 = ORIENTED_EDGE ( 'NONE', *, *, #1701, .F. ) ;
#2921 = VECTOR ( 'NONE', #1985, 1000.000000000000000 ) ;
#2922 = AXIS2_PLACEMENT_3D ( 'NONE', #6632, #6604, #6582 ) ;
#2923 = VECTOR ( 'NONE', #4699, 1000.000000000000000 ) ;
#2924 = CARTESIAN_POINT ( 'NONE',  ( 0.09999999999999982500, 0.3132173298194115300, -0.7539830267708145200 ) ) ;
#2925 = DIRECTION ( 'NONE',  ( -5.551115123125782700E-017, 5.551115123125782700E-017, 1.000000000000000000 ) ) ;
#2926 = CARTESIAN_POINT ( 'NONE',  ( -0.03000000000000007900, 0.5349999999999999200, -1.150000000000000400 ) ) ;
#2927 = ORIENTED_EDGE ( 'NONE', *, *, #4855, .F. ) ;
#2928 = CYLINDRICAL_SURFACE ( 'NONE', #2896, 0.1000000000000000500 ) ;
#2929 = CARTESIAN_POINT ( 'NONE',  ( -0.3349999999999985800, 0.4597520861406807500, -2.400000000000000800 ) ) ;
#2930 = B_SPLINE_CURVE_WITH_KNOTS ( 'NONE', 3,
 ( #1792, #1854, #1914, #5582 ),
 .UNSPECIFIED., .F., .F.,
 ( 4, 4 ),
 ( 4.755971398298708900E-007, 4.654644260717185800E-005 ),
 .UNSPECIFIED. ) ;
#2931 = CARTESIAN_POINT ( 'NONE',  ( 0.3549999999999977600, 0.4251110699893018200, -2.099999999999999600 ) ) ;
#2932 = CARTESIAN_POINT ( 'NONE',  ( -0.7855286340537421800, 0.3864725099006954300, 0.3380551144891592000 ) ) ;
#2933 = DIRECTION ( 'NONE',  ( 1.000000000000000000, 0.0000000000000000000, -5.551115123125782700E-017 ) ) ;
#2934 = LINE ( 'NONE', #122, #5884 ) ;
#2935 = DIRECTION ( 'NONE',  ( 1.000000000000000000, 0.0000000000000000000, -5.551115123125782700E-017 ) ) ;
#2936 = EDGE_LOOP ( 'NONE', ( #6108, #155, #646, #949, #2416, #633, #6928, #463, #5214, #6359 ) ) ;
#2937 = CIRCLE ( 'NONE', #2444, 0.02999999999999997100 ) ;
#2938 = CARTESIAN_POINT ( 'NONE',  ( 0.7840590700136781400, 0.3944509765588027900, 0.3372066612950369000 ) ) ;
#2939 = CARTESIAN_POINT ( 'NONE',  ( 0.6924608356556580800, 0.3750735591876655500, 0.5152625037069900000 ) ) ;
#2940 = EDGE_CURVE ( 'NONE', #4374, #3656, #491, .T. ) ;
#2941 = CARTESIAN_POINT ( 'NONE',  ( 0.0000000000000000000, 0.0000000000000000000, 0.0000000000000000000 ) ) ;
#2942 = DIRECTION ( 'NONE',  ( 5.551115123125782700E-017, -5.551115123125782700E-017, -1.000000000000000000 ) ) ;
#2943 = ORIENTED_EDGE ( 'NONE', *, *, #3739, .T. ) ;
#2944 = FACE_OUTER_BOUND ( 'NONE', #1830, .T. ) ;
#2945 = EDGE_CURVE ( 'NONE', #4677, #6187, #1779, .T. ) ;
#2946 = ORIENTED_EDGE ( 'NONE', *, *, #1292, .F. ) ;
#2947 = AXIS2_PLACEMENT_3D ( 'NONE', #1920, #5788, #2486 ) ;
#2948 = CARTESIAN_POINT ( 'NONE',  ( -0.2556856015201487400, 1.039999999999999600, 0.7142364707906676500 ) ) ;
#2949 = CARTESIAN_POINT ( 'NONE',  ( -0.1100000000000000000, 0.09999999999999999200, 0.9300000000000001600 ) ) ;
#2950 = CARTESIAN_POINT ( 'NONE',  ( 0.6400000000000002400, 0.8099999999999999400, -1.950000000000000400 ) ) ;
#2951 = ORIENTED_EDGE ( 'NONE', *, *, #4332, .F. ) ;
#2952 = ORIENTED_EDGE ( 'NONE', *, *, #2567, .T. ) ;
#2953 = VERTEX_POINT ( 'NONE', #5000 ) ;
#2954 = CARTESIAN_POINT ( 'NONE',  ( -0.6984483950146479500, 0.2599999999999947400, 0.5187194227146917400 ) ) ;
#2955 = ADVANCED_FACE ( 'NONE', ( #3251 ), #6135, .T. ) ;
#2956 = EDGE_CURVE ( 'NONE', #6305, #953, #1622, .T. ) ;
#2957 = PLANE ( 'NONE',  #1186 ) ;
#2958 = DIRECTION ( 'NONE',  ( 3.330669073875469600E-016, 1.000000000000000000, -0.0000000000000000000 ) ) ;
#2959 = VERTEX_POINT ( 'NONE', #66 ) ;
#2960 = DIRECTION ( 'NONE',  ( 5.551115123125782700E-017, -5.551115123125782700E-017, -1.000000000000000000 ) ) ;
#2961 = DIRECTION ( 'NONE',  ( 0.8660254037844398200, 0.4999999999999978900, -5.551115123125780200E-017 ) ) ;
#2962 = CARTESIAN_POINT ( 'NONE',  ( 0.6235355654234185900, 0.4599999999999998000, 0.2445283727085891800 ) ) ;
#2963 = DIRECTION ( 'NONE',  ( -1.000000000000000000, 0.0000000000000000000, 0.0000000000000000000 ) ) ;
#2964 =( LENGTH_UNIT ( ) NAMED_UNIT ( * ) SI_UNIT ( .MILLI., .METRE. ) );
#2965 = VERTEX_POINT ( 'NONE', #3936 ) ;
#2966 = LINE ( 'NONE', #1309, #1508 ) ;
#2967 = DIRECTION ( 'NONE',  ( -1.000000000000000000, 0.0000000000000000000, 0.0000000000000000000 ) ) ;
#2968 = CARTESIAN_POINT ( 'NONE',  ( -0.7179502228979478500, 0.3030223961003891700, 0.2990387006169543700 ) ) ;
#2969 = ORIENTED_EDGE ( 'NONE', *, *, #4707, .T. ) ;
#2970 = PLANE ( 'NONE',  #3926 ) ;
#2972 = ORIENTED_EDGE ( 'NONE', *, *, #5409, .F. ) ;
#2971 = VECTOR ( 'NONE', #2796, 1000.000000000000000 ) ;
#2973 = DIRECTION ( 'NONE',  ( 0.0000000000000000000, -6.106925250968112100E-017, 1.000000000000000000 ) ) ;
#2974 = ORIENTED_EDGE ( 'NONE', *, *, #568, .F. ) ;
#2975 = DIRECTION ( 'NONE',  ( 0.8641916239782080300, 0.07548569116831653500, 0.4974683381630926000 ) ) ;
#2976 = VERTEX_POINT ( 'NONE', #3367 ) ;
#2977 = ORIENTED_EDGE ( 'NONE', *, *, #415, .F. ) ;
#2978 = LINE ( 'NONE', #810, #2805 ) ;
#2979 = CARTESIAN_POINT ( 'NONE',  ( -0.2839584187458733500, 1.159999999999999900, -2.450000000000000600 ) ) ;
#2980 = DIRECTION ( 'NONE',  ( 0.7071067811865474600, 0.0000000000000000000, 0.7071067811865474600 ) ) ;
#2981 = FACE_OUTER_BOUND ( 'NONE', #6740, .T. ) ;
#2982 = B_SPLINE_CURVE_WITH_KNOTS ( 'NONE', 3,
 ( #5169, #1850, #3517, #211, #4079, #761, #4638, #1335, #5191, #1883, #5749, #2449, #6304 ),
 .UNSPECIFIED., .F., .F.,
 ( 4, 3, 3, 3, 4 ),
 ( 2.542577233235274000E-005, 3.017728865136337700E-005, 4.018191998514629200E-005, 5.020655214554966600E-005, 5.936823904869219600E-005 ),
 .UNSPECIFIED. ) ;
#2983 = ORIENTED_EDGE ( 'NONE', *, *, #6513, .F. ) ;
#2984 = DIRECTION ( 'NONE',  ( 1.000000000000000000, 0.0000000000000000000, -3.097720492815725900E-015 ) ) ;
#2985 = ORIENTED_EDGE ( 'NONE', *, *, #5367, .T. ) ;
#2986 = DIRECTION ( 'NONE',  ( 0.0000000000000000000, -0.0000000000000000000, -1.000000000000000000 ) ) ;
#2987 = VECTOR ( 'NONE', #1126, 1000.000000000000000 ) ;
#2988 = DIRECTION ( 'NONE',  ( 0.7071067811865474600, -4.563373263938646300E-018, 0.7071067811865474600 ) ) ;
#2989 = APPROVAL_STATUS ( 'not_yet_approved' ) ;
#2990 = VERTEX_POINT ( 'NONE', #3904 ) ;
#2991 = CARTESIAN_POINT ( 'NONE',  ( -0.9699999999999998600, -4.116933054050588700E-017, 0.6700000000000002600 ) ) ;
#2992 = ADVANCED_FACE ( 'NONE', ( #5865 ), #5045, .F. ) ;
#2993 = DIRECTION ( 'NONE',  ( -1.000000000000000000, 0.0000000000000000000, -3.097720492815726700E-015 ) ) ;
#2994 = ORIENTED_EDGE ( 'NONE', *, *, #1444, .F. ) ;
#2995 = VERTEX_POINT ( 'NONE', #5600 ) ;
#2996 = LINE ( 'NONE', #2775, #5759 ) ;
#2997 = DIRECTION ( 'NONE',  ( -1.000000000000000000, 0.0000000000000000000, 0.0000000000000000000 ) ) ;
#2998 = ORIENTED_EDGE ( 'NONE', *, *, #6948, .F. ) ;
#2999 = LINE ( 'NONE', #1213, #1540 ) ;
#3000 = CARTESIAN_POINT ( 'NONE',  ( -0.02506318850087644800, 0.006715661118558789000, -2.450000000000000600 ) ) ;
#3001 = CARTESIAN_POINT ( 'NONE',  ( -0.4700000000000004700, 1.159999999999999900, -1.950000000000000400 ) ) ;
#3002 = CARTESIAN_POINT ( 'NONE',  ( 0.6797308402774850900, 0.1200000000000000000, 0.3169636963055300100 ) ) ;
#3003 = LINE ( 'NONE', #2746, #7069 ) ;
#3004 = EDGE_CURVE ( 'NONE', #3761, #1081, #4550, .T. ) ;
#3005 = EDGE_CURVE ( 'NONE', #4915, #1403, #655, .T. ) ;
#3006 = CARTESIAN_POINT ( 'NONE',  ( 0.4949999999999996600, 0.6099999999999998800, -0.9500000000000002900 ) ) ;
#3007 = ORIENTED_EDGE ( 'NONE', *, *, #2013, .F. ) ;
#3008 = ORIENTED_EDGE ( 'NONE', *, *, #6285, .T. ) ;
#3009 = LINE ( 'NONE', #5417, #2835 ) ;
#3010 = VECTOR ( 'NONE', #1061, 999.9999999999998900 ) ;
#3011 = EDGE_CURVE ( 'NONE', #5559, #6353, #4383, .T. ) ;
#3012 = CARTESIAN_POINT ( 'NONE',  ( -0.1100000000000000000, -1.355252715606880500E-017, 0.9300000000000001600 ) ) ;
#3013 = DIRECTION ( 'NONE',  ( 5.551115123125782700E-017, -1.000000000000000000, 5.551115123125782700E-017 ) ) ;
#3014 = CARTESIAN_POINT ( 'NONE',  ( 0.8800000000000000000, 1.159999999999999500, 0.5499999999999997100 ) ) ;
#3015 = APPROVAL ( #4097, 'UNSPECIFIED' ) ;
#3016 = ORIENTED_EDGE ( 'NONE', *, *, #2781, .F. ) ;
#3017 = LINE ( 'NONE', #6387, #64 ) ;
#3018 = CARTESIAN_POINT ( 'NONE',  ( -0.03000000000000013400, 0.3549999999999997600, -0.9500000000000002900 ) ) ;
#3019 = EDGE_CURVE ( 'NONE', #4531, #5446, #7148, .T. ) ;
#3020 = LOCAL_TIME ( 10, 48, 54.00000000000000000, #4480 ) ;
#3021 = DIRECTION ( 'NONE',  ( 5.551115123125782700E-017, 0.0000000000000000000, 1.000000000000000000 ) ) ;
#3022 = DIRECTION ( 'NONE',  ( 1.000000000000000000, 0.0000000000000000000, 7.744301232039317700E-016 ) ) ;
#3023 = EDGE_LOOP ( 'NONE', ( #6085, #5488, #5401, #1134 ) ) ;
#3024 = FACE_OUTER_BOUND ( 'NONE', #1390, .T. ) ;
#3025 = DIRECTION ( 'NONE',  ( 0.6427876096865395800, -0.0000000000000000000, 0.7660444431189777900 ) ) ;
#3026 = CARTESIAN_POINT ( 'NONE',  ( -0.7906994388798677100, 0.4174974771744665600, 0.3410404800474498600 ) ) ;
#3027 = ADVANCED_FACE ( 'NONE', ( #1276 ), #3960, .F. ) ;
#3028 = VECTOR ( 'NONE', #3225, 1000.000000000000000 ) ;
#3029 = DIRECTION ( 'NONE',  ( 6.453584360032764700E-018, 1.000000000000000000, 4.717756710106838500E-032 ) ) ;
#3030 = AXIS2_PLACEMENT_3D ( 'NONE', #6823, #3508, #204 ) ;
#3031 = VERTEX_POINT ( 'NONE', #3981 ) ;
#3032 = B_SPLINE_CURVE_WITH_KNOTS ( 'NONE', 3,
 ( #4287, #3581, #5733, #1478 ),
 .UNSPECIFIED., .F., .F.,
 ( 4, 4 ),
 ( 4.755971398300049900E-007, 4.654644260717217700E-005 ),
 .UNSPECIFIED. ) ;
#3033 = DIRECTION ( 'NONE',  ( -6.245004513516504300E-017, 0.7559289460184540600, -0.6546536707079775300 ) ) ;
#3034 = CARTESIAN_POINT ( 'NONE',  ( -0.3549999999999983200, 0.4251110699893032600, -2.440000000000000400 ) ) ;
#3035 = DIRECTION ( 'NONE',  ( -1.000000000000000000, 0.0000000000000000000, 0.0000000000000000000 ) ) ;
#3036 = VERTEX_POINT ( 'NONE', #1773 ) ;
#3037 = PLANE ( 'NONE',  #252 ) ;
#3038 = ORIENTED_EDGE ( 'NONE', *, *, #5907, .T. ) ;
#3039 = DIRECTION ( 'NONE',  ( -5.551115123125782700E-017, 5.551115123125782700E-017, 1.000000000000000000 ) ) ;
#3040 = AXIS2_PLACEMENT_3D ( 'NONE', #2929, #4037, #722 ) ;
#3041 = ORIENTED_EDGE ( 'NONE', *, *, #6529, .T. ) ;
#3042 = CARTESIAN_POINT ( 'NONE',  ( -4.336808689942017700E-016, 1.159999999999999900, 0.7299999999999997600 ) ) ;
#3043 = PLANE ( 'NONE',  #5351 ) ;
#3044 = ORIENTED_EDGE ( 'NONE', *, *, #1941, .T. ) ;
#3045 = ORIENTED_EDGE ( 'NONE', *, *, #6273, .F. ) ;
#3046 = VECTOR ( 'NONE', #5825, 1000.000000000000000 ) ;
#3047 = CARTESIAN_POINT ( 'NONE',  ( 0.2645751311064596400, 1.087660585711987900, -2.100000000000000100 ) ) ;
#3048 = EDGE_CURVE ( 'NONE', #3802, #3833, #1466, .T. ) ;
#3049 = CARTESIAN_POINT ( 'NONE',  ( 0.5649999999999988400, 0.8099999999999998300, -2.099999999999998800 ) ) ;
#3050 = EDGE_CURVE ( 'NONE', #6255, #5054, #6978, .T. ) ;
#3051 = DIRECTION ( 'NONE',  ( 0.6123724356957979100, 0.3535533905932716200, -0.7071067811865458000 ) ) ;
#3052 = PLANE ( 'NONE',  #1043 ) ;
#3053 = DIRECTION ( 'NONE',  ( 0.0000000000000000000, -1.000000000000000000, -5.551115123125782700E-017 ) ) ;
#3054 = CARTESIAN_POINT ( 'NONE',  ( 0.02999999999999997100, 0.3549999999999999800, -0.9500000000000002900 ) ) ;
#3055 = ORIENTED_EDGE ( 'NONE', *, *, #5980, .F. ) ;
#3056 = CARTESIAN_POINT ( 'NONE',  ( 0.3108054053584014000, 0.8099999999999999400, -2.100000000000000100 ) ) ;
#3057 = VECTOR ( 'NONE', #6421, 1000.000000000000000 ) ;
#3058 = AXIS2_PLACEMENT_3D ( 'NONE', #7142, #3825, #516 ) ;
#3059 = CARTESIAN_POINT ( 'NONE',  ( -0.6010345689936103000, 0.3141270661179146300, 0.4624775240386543900 ) ) ;
#3060 = VERTEX_POINT ( 'NONE', #130 ) ;
#3061 = DIRECTION ( 'NONE',  ( 0.0000000000000000000, 1.000000000000000000, 5.551115123125782700E-017 ) ) ;
#3062 = EDGE_CURVE ( 'NONE', #6227, #3942, #2587, .T. ) ;
#3063 = ORIENTED_EDGE ( 'NONE', *, *, #179, .T. ) ;
#3064 = ADVANCED_FACE ( 'NONE', ( #4033 ), #106, .F. ) ;
#3065 = LINE ( 'NONE', #3116, #104 ) ;
#3066 = CARTESIAN_POINT ( 'NONE',  ( 0.09999999999999993600, 0.4430357340481053700, -0.8759217572800908100 ) ) ;
#3067 = VECTOR ( 'NONE', #6976, 1000.000000000000000 ) ;
#3068 = CARTESIAN_POINT ( 'NONE',  ( 2.168404344971008900E-016, 0.7150000000000003000, -1.030761184457488700 ) ) ;
#3069 = ORIENTED_EDGE ( 'NONE', *, *, #5971, .F. ) ;
#3070 = DIRECTION ( 'NONE',  ( 1.000000000000000000, 0.0000000000000000000, 0.0000000000000000000 ) ) ;
#3071 = ORIENTED_EDGE ( 'NONE', *, *, #577, .F. ) ;
#3072 = ORIENTED_EDGE ( 'NONE', *, *, #2516, .T. ) ;
#3073 = ORIENTED_EDGE ( 'NONE', *, *, #7175, .T. ) ;
#3074 = ORIENTED_EDGE ( 'NONE', *, *, #4935, .T. ) ;
#3075 = VECTOR ( 'NONE', #1425, 1000.000000000000000 ) ;
#3076 = ORIENTED_EDGE ( 'NONE', *, *, #4528, .T. ) ;
#3077 = CARTESIAN_POINT ( 'NONE',  ( 0.3549999999999983200, 0.4251110699893030400, -2.440000000000000400 ) ) ;
#3078 = ORIENTED_EDGE ( 'NONE', *, *, #3619, .F. ) ;
#3079 = DIRECTION ( 'NONE',  ( -1.000000000000000000, 1.000802005371234800E-015, -2.668805347656626100E-015 ) ) ;
#3080 = CARTESIAN_POINT ( 'NONE',  ( 0.8800000000000002300, 0.8599999999999996500, 0.5500000000000001600 ) ) ;
#3081 = ORIENTED_EDGE ( 'NONE', *, *, #1022, .F. ) ;
#3082 = B_SPLINE_CURVE_WITH_KNOTS ( 'NONE', 3,
 ( #144, #4019, #700, #4572, #1270, #5125, #1816, #5688, #2376, #6239, #2938, #6790, #3474 ),
 .UNSPECIFIED., .F., .F.,
 ( 4, 3, 3, 3, 4 ),
 ( 4.779958520217126400E-007, 1.012948432012500300E-005, 2.026229397174562500E-005, 3.034595186756903000E-005, 3.442784648747625900E-005 ),
 .UNSPECIFIED. ) ;
#3083 = LINE ( 'NONE', #6788, #5850 ) ;
#3084 = CARTESIAN_POINT ( 'NONE',  ( -0.6278445005324558800, 0.7900000000000000400, 0.6900000000000000600 ) ) ;
#3085 = CARTESIAN_POINT ( 'NONE',  ( 0.7111475934632101000, 0.3635452094501364100, 0.5260513083574611700 ) ) ;
#3086 = EDGE_CURVE ( 'NONE', #597, #6094, #4111, .T. ) ;
#3087 = AXIS2_PLACEMENT_3D ( 'NONE', #6697, #4511, #1212 ) ;
#3088 = CARTESIAN_POINT ( 'NONE',  ( -0.6500000000000001300, 1.129999999999999900, 0.1249999999999996800 ) ) ;
#3089 = EDGE_CURVE ( 'NONE', #2099, #3720, #5677, .T. ) ;
#3090 = ORIENTED_EDGE ( 'NONE', *, *, #4621, .F. ) ;
#3091 = AXIS2_PLACEMENT_3D ( 'NONE', #663, #4533, #1229 ) ;
#3092 = LINE ( 'NONE', #7002, #1614 ) ;
#3093 = EDGE_LOOP ( 'NONE', ( #735, #3541, #4867 ) ) ;
#3094 = CARTESIAN_POINT ( 'NONE',  ( 0.3149999999999997200, 1.040000000000000000, -2.550000000000000700 ) ) ;
#3095 = CARTESIAN_POINT ( 'NONE',  ( -9.629649721936179300E-032, 0.3971892336110938200, -4.336808689942017700E-016 ) ) ;
#3096 = FACE_OUTER_BOUND ( 'NONE', #5406, .T. ) ;
#3097 = CARTESIAN_POINT ( 'NONE',  ( 0.3108054053584014000, 0.8099999999999998300, -1.950000000000000400 ) ) ;
#3098 = DIRECTION ( 'NONE',  ( 0.0000000000000000000, 0.0000000000000000000, 1.000000000000000000 ) ) ;
#3099 = VERTEX_POINT ( 'NONE', #6251 ) ;
#3100 = VECTOR ( 'NONE', #4488, 1000.000000000000000 ) ;
#3101 = VECTOR ( 'NONE', #6250, 1000.000000000000000 ) ;
#3102 = EDGE_CURVE ( 'NONE', #6686, #185, #927, .T. ) ;
#3103 = CARTESIAN_POINT ( 'NONE',  ( 0.1449999999999999900, 0.7888417395787666900, -2.249999999999998200 ) ) ;
#3104 = FACE_OUTER_BOUND ( 'NONE', #6043, .T. ) ;
#3105 = DIRECTION ( 'NONE',  ( -1.000000000000000000, 2.006177025403370800E-031, -3.614007241618348400E-015 ) ) ;
#3106 = VERTEX_POINT ( 'NONE', #4961 ) ;
#3107 = LINE ( 'NONE', #6896, #4394 ) ;
#3108 = FACE_OUTER_BOUND ( 'NONE', #5173, .T. ) ;
#3109 = DIRECTION ( 'NONE',  ( 0.0000000000000000000, -1.000000000000000000, -5.551115123125782700E-017 ) ) ;
#3110 = DIRECTION ( 'NONE',  ( -0.6123724356957978000, -0.3535533905932724000, 0.7071067811865453500 ) ) ;
#3111 = AXIS2_PLACEMENT_3D ( 'NONE', #3068, #984, #4295 ) ;
#3112 = EDGE_CURVE ( 'NONE', #3949, #7038, #6795, .T. ) ;
#3113 = ORIENTED_EDGE ( 'NONE', *, *, #1145, .T. ) ;
#3114 = LINE ( 'NONE', #4880, #1636 ) ;
#3115 = CARTESIAN_POINT ( 'NONE',  ( -0.6716194374161237300, 0.2743501913595831600, 0.5032297168231063500 ) ) ;
#3116 = CARTESIAN_POINT ( 'NONE',  ( 0.05999999999999955400, 0.3356217782649110700, -2.449999999999999700 ) ) ;
#3117 = CARTESIAN_POINT ( 'NONE',  ( -0.1816025403784418700, 0.3250000000000008400, -2.360000000000000300 ) ) ;
#3118 = VECTOR ( 'NONE', #6147, 1000.000000000000000 ) ;
#3119 = CARTESIAN_POINT ( 'NONE',  ( -0.7500000000000000000, 0.1999999999999998200, 9.184850993605149700E-017 ) ) ;
#3120 = EDGE_LOOP ( 'NONE', ( #3137, #6745, #3490, #2245 ) ) ;
#3121 = VECTOR ( 'NONE', #1723, 1000.000000000000000 ) ;
#3122 = EDGE_CURVE ( 'NONE', #1288, #2122, #2391, .T. ) ;
#3123 = DIRECTION ( 'NONE',  ( 3.025117668765123600E-019, -1.000000000000000000, 6.756096126909301100E-018 ) ) ;
#3124 = CARTESIAN_POINT ( 'NONE',  ( -0.8800000000000000000, 0.1200000000000000000, -0.3169636963055252300 ) ) ;
#3125 = ORIENTED_EDGE ( 'NONE', *, *, #131, .T. ) ;
#3126 = LINE ( 'NONE', #1658, #163 ) ;
#3127 = ORIENTED_EDGE ( 'NONE', *, *, #2255, .T. ) ;
#3128 = CARTESIAN_POINT ( 'NONE',  ( 0.3250000000000001800, 0.7150000000000003000, -1.030761184457488700 ) ) ;
#3129 = ORIENTED_EDGE ( 'NONE', *, *, #1785, .T. ) ;
#3130 = ORIENTED_EDGE ( 'NONE', *, *, #931, .T. ) ;
#3131 = AXIS2_PLACEMENT_3D ( 'NONE', #5226, #1921, #5789 ) ;
#3132 = DIRECTION ( 'NONE',  ( 0.8660254037844397100, -0.4999999999999979500, 2.775557561562891000E-017 ) ) ;
#3133 = DIRECTION ( 'NONE',  ( 0.0000000000000000000, 1.000000000000000000, 0.0000000000000000000 ) ) ;
#3134 = ORIENTED_EDGE ( 'NONE', *, *, #3832, .T. ) ;
#3135 = DIRECTION ( 'NONE',  ( -0.7071067811865465700, 2.364379667557471300E-017, 0.7071067811865485700 ) ) ;
#3136 = DIRECTION ( 'NONE',  ( -0.4999999999999970600, 4.163336342344358000E-017, 0.8660254037844403700 ) ) ;
#3137 = ORIENTED_EDGE ( 'NONE', *, *, #6498, .T. ) ;
#3138 = VECTOR ( 'NONE', #2986, 1000.000000000000000 ) ;
#3139 = CARTESIAN_POINT ( 'NONE',  ( 0.9999999999999952300, -1.355252715606880500E-017, 0.6700000000000068100 ) ) ;
#3140 = DIRECTION ( 'NONE',  ( 5.551115123125782700E-017, -5.551115123125782700E-017, -1.000000000000000000 ) ) ;
#3141 = CARTESIAN_POINT ( 'NONE',  ( 0.8138620337916562300, 0.4600000000000002400, 0.3544134104549014300 ) ) ;
#3142 = CARTESIAN_POINT ( 'NONE',  ( -0.6500000000000001300, 1.159999999999999900, -0.1250000000000001100 ) ) ;
#3143 = EDGE_LOOP ( 'NONE', ( #893, #3475, #908, #3756, #1504, #2533, #2210, #2085, #1147, #6291, #7164, #2312, #1131, #3298, #5318, #6370, #1755, #694, #6062, #396, #7012, #4599, #5949, #1188, #4692, #6486, #2798, #5835, #1613, #7124, #6933 ) ) ;
#3144 = VECTOR ( 'NONE', #2644, 1000.000000000000200 ) ;
#3145 = DIRECTION ( 'NONE',  ( -5.551115123125782700E-017, 5.551115123125782700E-017, 1.000000000000000000 ) ) ;
#3146 = EDGE_CURVE ( 'NONE', #6930, #140, #5161, .T. ) ;
#3147 = EDGE_CURVE ( 'NONE', #4908, #1987, #2222, .T. ) ;
#3148 = ORIENTED_EDGE ( 'NONE', *, *, #2526, .T. ) ;
#3149 = VECTOR ( 'NONE', #913, 1000.000000000000000 ) ;
#3150 = EDGE_CURVE ( 'NONE', #3513, #3355, #742, .T. ) ;
#3151 = CARTESIAN_POINT ( 'NONE',  ( -0.2400000000000001300, 0.6349999999999999000, -0.9500000000000002900 ) ) ;
#3152 = EDGE_LOOP ( 'NONE', ( #6447, #5010, #6157, #3337 ) ) ;
#3153 = DIRECTION ( 'NONE',  ( 5.551115123125782700E-017, -5.551115123125782700E-017, -1.000000000000000000 ) ) ;
#3154 = AXIS2_PLACEMENT_3D ( 'NONE', #2910, #6769, #3456 ) ;
#3155 = VERTEX_POINT ( 'NONE', #2774 ) ;
#3156 = LINE ( 'NONE', #3618, #203 ) ;
#3157 = CIRCLE ( 'NONE', #2713, 0.5199999999999998000 ) ;
#3158 = DIRECTION ( 'NONE',  ( 0.2756373558169998800, 5.551115123125782100E-017, 0.9612616959383186700 ) ) ;
#3159 = ORIENTED_EDGE ( 'NONE', *, *, #6707, .T. ) ;
#3160 = EDGE_CURVE ( 'NONE', #6353, #3792, #6281, .T. ) ;
#3161 = DIRECTION ( 'NONE',  ( -6.162975822039154700E-033, -1.000000000000000000, 5.551115123125782700E-017 ) ) ;
#3162 = ORIENTED_EDGE ( 'NONE', *, *, #6332, .F. ) ;
#3163 = ORIENTED_EDGE ( 'NONE', *, *, #2314, .F. ) ;
#3164 = LINE ( 'NONE', #6660, #1852 ) ;
#3165 = CARTESIAN_POINT ( 'NONE',  ( 0.1000000000000001400, 0.3349243851456317800, -0.8993959643240528900 ) ) ;
#3166 = ORIENTED_EDGE ( 'NONE', *, *, #3048, .T. ) ;
#3167 = CARTESIAN_POINT ( 'NONE',  ( -2.168404344971012800E-016, 1.136002459094190000, 0.0000000000000000000 ) ) ;
#3168 = ORIENTED_EDGE ( 'NONE', *, *, #3361, .F. ) ;
#3169 = AXIS2_PLACEMENT_3D ( 'NONE', #6495, #4312, #991 ) ;
#3170 = EDGE_LOOP ( 'NONE', ( #3819, #3514, #2927, #1502 ) ) ;
#3171 = VECTOR ( 'NONE', #3284, 1000.000000000000000 ) ;
#3172 = CARTESIAN_POINT ( 'NONE',  ( -0.3249999999999997900, 0.7150000000000003000, -1.950000000000000400 ) ) ;
#3173 = CARTESIAN_POINT ( 'NONE',  ( 0.8123860577939306900, 0.4531182340343732900, 0.3535612553152968100 ) ) ;
#3174 = DIRECTION ( 'NONE',  ( 5.551115123125782700E-017, -5.551115123125782700E-017, -1.000000000000000000 ) ) ;
#3175 = EDGE_CURVE ( 'NONE', #5745, #3703, #566, .T. ) ;
#3176 = VECTOR ( 'NONE', #3013, 1000.000000000000000 ) ;
#3177 = EDGE_LOOP ( 'NONE', ( #4877, #729, #6348, #2362, #4967, #5282, #23, #2861, #1805 ) ) ;
#3178 = LINE ( 'NONE', #5627, #4460 ) ;
#3179 = ADVANCED_FACE ( 'NONE', ( #405 ), #1673, .F. ) ;
#3180 = PLANE ( 'NONE',  #5912 ) ;
#3181 = EDGE_CURVE ( 'NONE', #1215, #328, #3326, .T. ) ;
#3182 = VECTOR ( 'NONE', #7000, 1000.000000000000000 ) ;
#3183 = VERTEX_POINT ( 'NONE', #3911 ) ;
#3184 = ORIENTED_EDGE ( 'NONE', *, *, #2590, .F. ) ;
#3185 = VECTOR ( 'NONE', #6002, 1000.000000000000000 ) ;
#3186 = FACE_OUTER_BOUND ( 'NONE', #924, .T. ) ;
#3187 = CARTESIAN_POINT ( 'NONE',  ( 0.9795836943965736700, 1.159999999999999900, -0.5500000000000004900 ) ) ;
#3188 = DIRECTION ( 'NONE',  ( 5.551115123125782700E-017, -5.942384858043084500E-017, -1.000000000000000000 ) ) ;
#3189 = EDGE_CURVE ( 'NONE', #3302, #1138, #6109, .T. ) ;
#3190 = EDGE_LOOP ( 'NONE', ( #2577, #5929, #5944, #5160 ) ) ;
#3191 = CIRCLE ( 'NONE', #6595, 0.4200000000000000400 ) ;
#3192 = CARTESIAN_POINT ( 'NONE',  ( -2.710505431213761100E-017, 1.159999999999999900, -2.450000000000000600 ) ) ;
#3193 = CALENDAR_DATE ( 2018, 26, 4 ) ;
#3194 = AXIS2_PLACEMENT_3D ( 'NONE', #6222, #2385, #6248 ) ;
#3195 = DIRECTION ( 'NONE',  ( 0.8660254037844397100, -0.4999999999999979500, 2.775557561562891000E-017 ) ) ;
#3196 = ORIENTED_EDGE ( 'NONE', *, *, #952, .F. ) ;
#3197 = VECTOR ( 'NONE', #2395, 1000.000000000000200 ) ;
#3198 = DIRECTION ( 'NONE',  ( -1.000000000000000000, 5.586383961653367500E-017, -6.982962677686266700E-015 ) ) ;
#3199 = CARTESIAN_POINT ( 'NONE',  ( 0.6500000000000000200, 1.160000000000000400, -0.2000000000000005100 ) ) ;
#3200 = LINE ( 'NONE', #4852, #75 ) ;
#3201 = CARTESIAN_POINT ( 'NONE',  ( 0.3949999999999999100, 1.159999999999999900, -2.550000000000000300 ) ) ;
#3202 = EDGE_LOOP ( 'NONE', ( #2620, #6576, #3846, #434 ) ) ;
#3203 = CARTESIAN_POINT ( 'NONE',  ( -0.4949999999999223900, 0.8599999999999996500, -0.9500000000000001800 ) ) ;
#3204 = CARTESIAN_POINT ( 'NONE',  ( 0.2093241316039299000, 1.145907730151414900, 0.7299999999999997600 ) ) ;
#3205 = ORIENTED_EDGE ( 'NONE', *, *, #6235, .F. ) ;
#3206 = ORIENTED_EDGE ( 'NONE', *, *, #3444, .F. ) ;
#3207 = CARTESIAN_POINT ( 'NONE',  ( 0.09999999999999993600, 0.3506307787036006000, -0.9067643792598448800 ) ) ;
#3208 = ADVANCED_FACE ( 'NONE', ( #4641 ), #6674, .T. ) ;
#3209 = EDGE_LOOP ( 'NONE', ( #4604, #5347, #5893, #4315 ) ) ;
#3210 = DIRECTION ( 'NONE',  ( -2.220446049250313100E-016, -1.000000000000000000, 0.0000000000000000000 ) ) ;
#3211 = AXIS2_PLACEMENT_3D ( 'NONE', #1048, #7110, #1611 ) ;
#3212 = PRODUCT ( '20449-001E+20611-001RC MATING STEP R5R2 ALL', '20449-001E+20611-001RC MATING STEP R5R2 ALL', '', ( #1870 ) ) ;
#3213 = DIRECTION ( 'NONE',  ( -2.720046410331633500E-015, 0.0000000000000000000, -1.000000000000000000 ) ) ;
#3214 = DIRECTION ( 'NONE',  ( -1.000000000000000000, 0.0000000000000000000, 0.0000000000000000000 ) ) ;
#3215 = AXIS2_PLACEMENT_3D ( 'NONE', #4854, #4642, #4609 ) ;
#3216 = AXIS2_PLACEMENT_3D ( 'NONE', #4887, #1577, #5443 ) ;
#3217 = ORIENTED_EDGE ( 'NONE', *, *, #5245, .F. ) ;
#3218 = FACE_OUTER_BOUND ( 'NONE', #5701, .T. ) ;
#3219 = DIRECTION ( 'NONE',  ( -0.7071067811865474600, 1.730537381620172400E-017, 0.7071067811865476800 ) ) ;
#3220 = DIRECTION ( 'NONE',  ( -1.000000000000000000, 0.0000000000000000000, 0.0000000000000000000 ) ) ;
#3221 = ORIENTED_EDGE ( 'NONE', *, *, #7020, .F. ) ;
#3222 = CIRCLE ( 'NONE', #2922, 0.1000000000000000500 ) ;
#3223 = CARTESIAN_POINT ( 'NONE',  ( -0.1816025403784424800, 0.3250000000000000700, -2.100000000000000100 ) ) ;
#3224 = CARTESIAN_POINT ( 'NONE',  ( 0.1816025403784423400, 0.3250000000000000100, -2.100000000000000100 ) ) ;
#3225 = DIRECTION ( 'NONE',  ( -0.0000000000000000000, -1.000000000000000000, 5.551115123125782700E-017 ) ) ;
#3226 = ORIENTED_EDGE ( 'NONE', *, *, #6014, .F. ) ;
#3227 = FACE_OUTER_BOUND ( 'NONE', #5769, .T. ) ;
#3228 = LINE ( 'NONE', #335, #6346 ) ;
#3229 = ORIENTED_EDGE ( 'NONE', *, *, #5911, .F. ) ;
#3230 = EDGE_CURVE ( 'NONE', #2242, #4742, #1874, .T. ) ;
#3231 = DIRECTION ( 'NONE',  ( 0.0000000000000000000, 0.0000000000000000000, 1.000000000000000000 ) ) ;
#3232 = ORIENTED_EDGE ( 'NONE', *, *, #961, .F. ) ;
#3233 = ORIENTED_EDGE ( 'NONE', *, *, #1785, .F. ) ;
#3234 = LINE ( 'NONE', #255, #6175 ) ;
#3235 = CARTESIAN_POINT ( 'NONE',  ( -0.09999999999999988100, 0.3810179357589090200, -0.8522045459192497700 ) ) ;
#3236 = CARTESIAN_POINT ( 'NONE',  ( 0.5249999999999985800, 0.8599999999999998800, -2.400000000000000800 ) ) ;
#3237 = ORIENTED_EDGE ( 'NONE', *, *, #4707, .F. ) ;
#3238 = ADVANCED_FACE ( 'NONE', ( #4982 ), #5055, .T. ) ;
#3239 = EDGE_LOOP ( 'NONE', ( #4232, #2162, #4716, #2887 ) ) ;
#3240 = VERTEX_POINT ( 'NONE', #3397 ) ;
#3241 = CARTESIAN_POINT ( 'NONE',  ( -0.6843848172315094600, 0.4024648168546219900, 0.5105998122958274000 ) ) ;
#3242 = CARTESIAN_POINT ( 'NONE',  ( 0.6400000000000002400, 0.6349999999999996800, -0.9500000000000002900 ) ) ;
#3243 = CONICAL_SURFACE ( 'NONE', #143, 0.9122618261740693700, 0.4363323129985766100 ) ;
#3244 = EDGE_CURVE ( 'NONE', #2919, #1494, #5945, .T. ) ;
#3245 = ORIENTED_EDGE ( 'NONE', *, *, #3982, .T. ) ;
#3246 = CIRCLE ( 'NONE', #6363, 0.3250000000000000100 ) ;
#3247 = AXIS2_PLACEMENT_3D ( 'NONE', #4320, #4869, #1565 ) ;
#3248 = FACE_OUTER_BOUND ( 'NONE', #2336, .T. ) ;
#3249 = DIRECTION ( 'NONE',  ( -1.000000000000000000, -3.025117668765115400E-019, 1.232047923278980000E-016 ) ) ;
#3250 = ORIENTED_EDGE ( 'NONE', *, *, #6884, .T. ) ;
#3251 = FACE_OUTER_BOUND ( 'NONE', #1514, .T. ) ;
#3252 = LINE ( 'NONE', #6758, #6198 ) ;
#3253 = ORIENTED_EDGE ( 'NONE', *, *, #4635, .T. ) ;
#3254 = CARTESIAN_POINT ( 'NONE',  ( -0.1816025403784436400, 0.3250000000000000700, -2.550000000000000300 ) ) ;
#3255 = LINE ( 'NONE', #1297, #1469 ) ;
#3256 = VERTEX_POINT ( 'NONE', #2271 ) ;
#3257 = FACE_OUTER_BOUND ( 'NONE', #1686, .T. ) ;
#3258 = AXIS2_PLACEMENT_3D ( 'NONE', #4776, #5328, #2022 ) ;
#3259 = CARTESIAN_POINT ( 'NONE',  ( -0.6841141368543719500, 0.4007271886238693000, 0.5104435349072227200 ) ) ;
#3260 = DIRECTION ( 'NONE',  ( 0.0000000000000000000, 0.0000000000000000000, 1.000000000000000000 ) ) ;
#3261 = DIRECTION ( 'NONE',  ( -1.000000000000000000, 0.0000000000000000000, 0.0000000000000000000 ) ) ;
#3262 = ORIENTED_EDGE ( 'NONE', *, *, #5680, .F. ) ;
#3263 = FACE_OUTER_BOUND ( 'NONE', #764, .T. ) ;
#3264 = DIRECTION ( 'NONE',  ( 0.0000000000000000000, -1.000000000000000000, -0.0000000000000000000 ) ) ;
#3265 = EDGE_CURVE ( 'NONE', #6412, #6800, #2999, .T. ) ;
#3266 = EDGE_CURVE ( 'NONE', #5940, #1012, #3178, .T. ) ;
#3267 = VECTOR ( 'NONE', #6125, 1000.000000000000000 ) ;
#3268 = ADVANCED_FACE ( 'NONE', ( #4299 ), #5580, .T. ) ;
#3269 = EDGE_CURVE ( 'NONE', #1643, #2723, #48, .T. ) ;
#3270 = EDGE_LOOP ( 'NONE', ( #40, #1674, #1507, #2951, #4725 ) ) ;
#3271 = FACE_OUTER_BOUND ( 'NONE', #5433, .T. ) ;
#3272 = AXIS2_PLACEMENT_3D ( 'NONE', #2326, #3991, #677 ) ;
#3273 = VERTEX_POINT ( 'NONE', #669 ) ;
#3274 = VECTOR ( 'NONE', #6061, 1000.000000000000000 ) ;
#3275 = ORIENTED_EDGE ( 'NONE', *, *, #409, .T. ) ;
#3276 = DIRECTION ( 'NONE',  ( 1.000000000000000000, -0.0000000000000000000, -0.0000000000000000000 ) ) ;
#3277 = EDGE_CURVE ( 'NONE', #2995, #2405, #5770, .T. ) ;
#3278 = AXIS2_PLACEMENT_3D ( 'NONE', #6950, #558, #838 ) ;
#3279 = ORIENTED_EDGE ( 'NONE', *, *, #3401, .T. ) ;
#3280 = ORIENTED_EDGE ( 'NONE', *, *, #4314, .T. ) ;
#3281 = CARTESIAN_POINT ( 'NONE',  ( -0.6848996149649300100, 0.4057695524404763600, 0.5108970309057958600 ) ) ;
#3282 = ORIENTED_EDGE ( 'NONE', *, *, #4489, .T. ) ;
#3283 = CARTESIAN_POINT ( 'NONE',  ( -0.1216025403784446900, 0.4289230484541329800, -2.550000000000000700 ) ) ;
#3284 = DIRECTION ( 'NONE',  ( -1.609823385706477400E-015, 1.000000000000000000, -5.551115123125783900E-017 ) ) ;
#3285 = CARTESIAN_POINT ( 'NONE',  ( 0.5946732035358776000, 0.7900000000000000400, 0.6621659769244991900 ) ) ;
#3286 = DIRECTION ( 'NONE',  ( -5.551115123125782700E-017, 5.551115123125782700E-017, 1.000000000000000000 ) ) ;
#3287 = VERTEX_POINT ( 'NONE', #5096 ) ;
#3288 = FACE_OUTER_BOUND ( 'NONE', #7095, .T. ) ;
#3289 = DIRECTION ( 'NONE',  ( 5.551115123125782700E-017, -5.551115123125782700E-017, -1.000000000000000000 ) ) ;
#3290 = EDGE_CURVE ( 'NONE', #7096, #1189, #2667, .T. ) ;
#3291 = VERTEX_POINT ( 'NONE', #6213 ) ;
#3292 = LINE ( 'NONE', #3000, #3144 ) ;
#3293 = PLANE ( 'NONE',  #5009 ) ;
#3294 = EDGE_CURVE ( 'NONE', #6537, #6220, #6409, .T. ) ;
#3295 = CARTESIAN_POINT ( 'NONE',  ( -0.7387712897465943400, 0.8599999999999996500, 0.4963033159733601400 ) ) ;
#3296 = AXIS2_PLACEMENT_3D ( 'NONE', #3684, #5355, #5763 ) ;
#3297 = AXIS2_PLACEMENT_3D ( 'NONE', #4594, #6263, #2960 ) ;
#3298 = ORIENTED_EDGE ( 'NONE', *, *, #2646, .F. ) ;
#3299 = ADVANCED_FACE ( 'NONE', ( #7066 ), #2829, .F. ) ;
#3300 = FACE_OUTER_BOUND ( 'NONE', #4307, .T. ) ;
#3301 = ADVANCED_FACE ( 'NONE', ( #5422 ), #3448, .T. ) ;
#3302 = VERTEX_POINT ( 'NONE', #2399 ) ;
#3303 = CARTESIAN_POINT ( 'NONE',  ( 0.7000000000000034000, 0.1199999999999999800, -0.9999999999999976700 ) ) ;
#3304 = EDGE_CURVE ( 'NONE', #3949, #6181, #1183, .T. ) ;
#3305 = DIRECTION ( 'NONE',  ( 5.551115123125782700E-017, -5.551115123125782700E-017, -1.000000000000000000 ) ) ;
#3306 = VERTEX_POINT ( 'NONE', #3493 ) ;
#3307 = EDGE_CURVE ( 'NONE', #5938, #7101, #3943, .T. ) ;
#3308 = ORIENTED_EDGE ( 'NONE', *, *, #1731, .T. ) ;
#3309 = FACE_OUTER_BOUND ( 'NONE', #2542, .T. ) ;
#3310 = FACE_OUTER_BOUND ( 'NONE', #6669, .T. ) ;
#3311 = DIRECTION ( 'NONE',  ( 0.7071067811865474600, 0.0000000000000000000, 0.7071067811865475700 ) ) ;
#3312 = ORIENTED_EDGE ( 'NONE', *, *, #3875, .F. ) ;
#3313 = CARTESIAN_POINT ( 'NONE',  ( 0.8800000000000000000, 0.9900000000000004400, 0.5499999999999992700 ) ) ;
#3314 = CARTESIAN_POINT ( 'NONE',  ( -2.168404344971006900E-016, 1.040000000000000000, 0.7299999999999997600 ) ) ;
#3315 = ORIENTED_EDGE ( 'NONE', *, *, #6622, .F. ) ;
#3316 = ORIENTED_EDGE ( 'NONE', *, *, #6743, .T. ) ;
#3317 = VECTOR ( 'NONE', #5521, 1000.000000000000000 ) ;
#3318 = AXIS2_PLACEMENT_3D ( 'NONE', #3758, #4187, #6587 ) ;
#3319 = ORIENTED_EDGE ( 'NONE', *, *, #2082, .T. ) ;
#3320 = DIRECTION ( 'NONE',  ( 5.551115123125782700E-017, 5.551115123125782700E-017, 1.000000000000000000 ) ) ;
#3321 = VERTEX_POINT ( 'NONE', #5177 ) ;
#3322 = LINE ( 'NONE', #1071, #6099 ) ;
#3323 = CARTESIAN_POINT ( 'NONE',  ( 0.0000000000000000000, 0.3699999999999942200, 0.0000000000000000000 ) ) ;
#3324 = VECTOR ( 'NONE', #2438, 1000.000000000000000 ) ;
#3325 = VERTEX_POINT ( 'NONE', #2433 ) ;
#3326 = CIRCLE ( 'NONE', #5668, 0.1699999999999999000 ) ;
#3327 = CARTESIAN_POINT ( 'NONE',  ( 1.415534356397075000E-016, 0.6350000000000002300, -2.550000000000000700 ) ) ;
#3328 = CARTESIAN_POINT ( 'NONE',  ( -0.3349999999999986900, 0.4597520861406807500, -2.249999999999998200 ) ) ;
#3329 = ORIENTED_EDGE ( 'NONE', *, *, #6046, .F. ) ;
#3330 = DIRECTION ( 'NONE',  ( 0.0000000000000000000, -1.000000000000000000, -5.551115123125782700E-017 ) ) ;
#3331 = CARTESIAN_POINT ( 'NONE',  ( 0.1000000000000001000, 0.3192184062664930000, -0.8920266653907280600 ) ) ;
#3332 = DIRECTION ( 'NONE',  ( 3.025117668765123600E-019, -1.000000000000000000, 6.756096126909301100E-018 ) ) ;
#3333 = CARTESIAN_POINT ( 'NONE',  ( -0.6300000000000001200, 0.9900000000000002100, -0.9500000000000002900 ) ) ;
#3334 = CIRCLE ( 'NONE', #4664, 0.1699999999999998500 ) ;
#3335 = DIRECTION ( 'NONE',  ( 0.0000000000000000000, 1.000000000000000000, 0.0000000000000000000 ) ) ;
#3336 = ADVANCED_FACE ( 'NONE', ( #6882 ), #6911, .T. ) ;
#3337 = ORIENTED_EDGE ( 'NONE', *, *, #3147, .T. ) ;
#3338 = VECTOR ( 'NONE', #4846, 1000.000000000000000 ) ;
#3339 = LINE ( 'NONE', #5976, #6116 ) ;
#3340 = ADVANCED_FACE ( 'NONE', ( #1006 ), #224, .T. ) ;
#3341 = ORIENTED_EDGE ( 'NONE', *, *, #508, .F. ) ;
#3342 =( BOUNDED_SURFACE ( )  B_SPLINE_SURFACE ( 3, 1, ( 
 ( #3333, #3873 ),
 ( #29, #3897 ),
 ( #583, #4455 ),
 ( #1144, #5013 ) ),
 .UNSPECIFIED., .F., .F., .F. ) 
 B_SPLINE_SURFACE_WITH_KNOTS ( ( 4, 4 ),
 ( 2, 2 ),
 ( 0.0000000000000000000, 1.000000000000000000 ),
 ( 0.0000000000000000000, 1.000000000000000000 ),
 .UNSPECIFIED. ) 
 GEOMETRIC_REPRESENTATION_ITEM ( )  RATIONAL_B_SPLINE_SURFACE ( (
 ( 1.000000000000000000, 1.000000000000000000),
 ( 0.8047378541243646000, 0.8047378541243646000),
 ( 0.8047378541243646000, 0.8047378541243646000),
 ( 1.000000000000000000, 1.000000000000000000) ) ) 
 REPRESENTATION_ITEM ( '' )  SURFACE ( )  );
#3343 = CYLINDRICAL_SURFACE ( 'NONE', #5877, 0.3250000000000000100 ) ;
#3344 = DIRECTION ( 'NONE',  ( 6.162975822039154700E-033, 1.000000000000000000, -5.551115123125782700E-017 ) ) ;
#3345 = DIRECTION ( 'NONE',  ( 1.000000000000000000, 0.0000000000000000000, 0.0000000000000000000 ) ) ;
#3346 = EDGE_CURVE ( 'NONE', #953, #6462, #5448, .T. ) ;
#3347 = DATE_AND_TIME ( #4836, #6302 ) ;
#3348 = ORIENTED_EDGE ( 'NONE', *, *, #4489, .F. ) ;
#3349 = LINE ( 'NONE', #4153, #1716 ) ;
#3350 = CARTESIAN_POINT ( 'NONE',  ( 0.1000000000000000100, 0.1200000000000000000, -1.000000000000000000 ) ) ;
#3351 = CARTESIAN_POINT ( 'NONE',  ( 0.6839771384554396100, 0.3971892336095296800, 0.5103644388447203800 ) ) ;
#3352 = CARTESIAN_POINT ( 'NONE',  ( 3.080868893334809800E-016, 0.6350000000000000100, -5.550000000000000700 ) ) ;
#3353 = DIRECTION ( 'NONE',  ( 5.551115123125782700E-017, -5.551115123125782700E-017, -1.000000000000000000 ) ) ;
#3354 = LINE ( 'NONE', #2349, #1905 ) ;
#3355 = VERTEX_POINT ( 'NONE', #5761 ) ;
#3356 = CARTESIAN_POINT ( 'NONE',  ( -0.4000000000000000800, 1.159999999999999900, -1.850000000000000100 ) ) ;
#3357 = CARTESIAN_POINT ( 'NONE',  ( -0.5649999999999986100, 0.8599999999999996500, -2.289999999999998300 ) ) ;
#3358 = EDGE_CURVE ( 'NONE', #3634, #4610, #6737, .T. ) ;
#3359 = EDGE_CURVE ( 'NONE', #6967, #264, #3969, .T. ) ;
#3360 = DIRECTION ( 'NONE',  ( 5.551115123125782700E-017, -5.551115123125782700E-017, -1.000000000000000000 ) ) ;
#3361 = EDGE_CURVE ( 'NONE', #2122, #195, #1035, .T. ) ;
#3362 = EDGE_LOOP ( 'NONE', ( #2211, #4962, #5026, #987, #825 ) ) ;
#3363 = ORIENTED_EDGE ( 'NONE', *, *, #4332, .T. ) ;
#3364 = CC_DESIGN_APPROVAL ( #3015, ( #2656 ) ) ;
#3365 = DIRECTION ( 'NONE',  ( 5.551115123125782700E-017, 5.551115123125782700E-017, -1.000000000000000000 ) ) ;
#3366 = CARTESIAN_POINT ( 'NONE',  ( -4.336808689942017700E-016, 1.159999999999999900, 0.7299999999999997600 ) ) ;
#3367 = CARTESIAN_POINT ( 'NONE',  ( 0.5649999999999997200, 0.8599999999999998800, -2.289999999999998700 ) ) ;
#3368 = EDGE_CURVE ( 'NONE', #6775, #3792, #3799, .T. ) ;
#3369 = ORIENTED_EDGE ( 'NONE', *, *, #3651, .F. ) ;
#3370 = ADVANCED_FACE ( 'NONE', ( #6568 ), #675, .T. ) ;
#3371 = DIRECTION ( 'NONE',  ( -1.000000000000000000, 0.0000000000000000000, 0.0000000000000000000 ) ) ;
#3372 = ORIENTED_EDGE ( 'NONE', *, *, #2256, .T. ) ;
#3373 = LINE ( 'NONE', #1801, #5987 ) ;
#3374 = DIRECTION ( 'NONE',  ( 5.551115123125782700E-017, -5.551115123125782700E-017, -1.000000000000000000 ) ) ;
#3375 = AXIS2_PLACEMENT_3D ( 'NONE', #6300, #3539, #235 ) ;
#3376 = CARTESIAN_POINT ( 'NONE',  ( 0.1084838940473653000, 0.4078480117061094000, -2.121898599359988600 ) ) ;
#3377 = DIRECTION ( 'NONE',  ( -2.720046410331633500E-015, 0.0000000000000000000, -1.000000000000000000 ) ) ;
#3378 = CARTESIAN_POINT ( 'NONE',  ( 1.050000000000000000, 0.9899999999999999900, -0.5500000000000010400 ) ) ;
#3379 = VERTEX_POINT ( 'NONE', #4701 ) ;
#3380 = VECTOR ( 'NONE', #494, 1000.000000000000000 ) ;
#3381 = ORIENTED_EDGE ( 'NONE', *, *, #6337, .F. ) ;
#3382 = CARTESIAN_POINT ( 'NONE',  ( -0.2500000000000000000, -1.355252715606880500E-017, 0.8400000000000001900 ) ) ;
#3383 = ORIENTED_EDGE ( 'NONE', *, *, #5959, .F. ) ;
#3384 = CIRCLE ( 'NONE', #2350, 0.8899999999999996800 ) ;
#3385 = VECTOR ( 'NONE', #2529, 1000.000000000000000 ) ;
#3386 = CARTESIAN_POINT ( 'NONE',  ( -0.2999999999999999900, 1.159999999999999700, -2.450000000000000600 ) ) ;
#3387 = AXIS2_PLACEMENT_3D ( 'NONE', #1857, #5723, #2430 ) ;
#3388 = AXIS2_PLACEMENT_3D ( 'NONE', #2534, #6384, #3079 ) ;
#3389 = ORIENTED_EDGE ( 'NONE', *, *, #5392, .F. ) ;
#3391 = VERTEX_POINT ( 'NONE', #4146 ) ;
#3390 = VERTEX_POINT ( 'NONE', #828 ) ;
#3392 = ORIENTED_EDGE ( 'NONE', *, *, #312, .F. ) ;
#3393 = VERTEX_POINT ( 'NONE', #1397 ) ;
#3394 = CIRCLE ( 'NONE', #5567, 0.7500000000000000000 ) ;
#3395 = DIRECTION ( 'NONE',  ( -1.000000000000000000, 0.0000000000000000000, 5.551115123125782700E-017 ) ) ;
#3396 = VERTEX_POINT ( 'NONE', #5813 ) ;
#3397 = CARTESIAN_POINT ( 'NONE',  ( 0.6937196594771334300, 0.3222388905165391400, 0.2850491783033311500 ) ) ;
#3398 = EDGE_CURVE ( 'NONE', #6063, #264, #866, .T. ) ;
#3399 = CARTESIAN_POINT ( 'NONE',  ( 0.3149999999999997200, 1.040000000000000000, -2.550000000000000700 ) ) ;
#3400 = VERTEX_POINT ( 'NONE', #6367 ) ;
#3401 = EDGE_CURVE ( 'NONE', #1360, #1260, #6399, .T. ) ;
#3402 = VERTEX_POINT ( 'NONE', #5257 ) ;
#3403 = ORIENTED_EDGE ( 'NONE', *, *, #1056, .T. ) ;
#3404 = LINE ( 'NONE', #4544, #4896 ) ;
#3405 = DIRECTION ( 'NONE',  ( 0.8660254037844398200, 0.4999999999999978900, -5.551115123125780200E-017 ) ) ;
#3406 = CARTESIAN_POINT ( 'NONE',  ( 0.2400000000000001900, 0.2349999999999999000, -1.950000000000000400 ) ) ;
#3407 = CARTESIAN_POINT ( 'NONE',  ( -1.355615729727132300E-016, 0.1200000000000000000, -1.000000000000000000 ) ) ;
#3408 = ADVANCED_FACE ( 'NONE', ( #2157 ), #6914, .F. ) ;
#3409 = AXIS2_PLACEMENT_3D ( 'NONE', #1029, #6010, #2705 ) ;
#3410 = ADVANCED_FACE ( 'NONE', ( #3439 ), #853, .F. ) ;
#3411 = VERTEX_POINT ( 'NONE', #4969 ) ;
#3412 = VECTOR ( 'NONE', #1989, 1000.000000000000000 ) ;
#3413 = EDGE_CURVE ( 'NONE', #1510, #4015, #6962, .T. ) ;
#3414 = EDGE_LOOP ( 'NONE', ( #1299, #5495, #3071, #2952 ) ) ;
#3415 = CARTESIAN_POINT ( 'NONE',  ( -0.6400000000000003500, 0.8099999999999999400, -1.950000000000000400 ) ) ;
#3416 = DIRECTION ( 'NONE',  ( -1.000000000000000000, 0.0000000000000000000, 0.0000000000000000000 ) ) ;
#3417 = VECTOR ( 'NONE', #90, 1000.000000000000000 ) ;
#3418 = VERTEX_POINT ( 'NONE', #1684 ) ;
#3419 = LINE ( 'NONE', #5536, #1978 ) ;
#3420 = LINE ( 'NONE', #714, #3101 ) ;
#3421 = DIRECTION ( 'NONE',  ( 2.720046410331633500E-015, 0.0000000000000000000, -1.000000000000000000 ) ) ;
#3422 = CARTESIAN_POINT ( 'NONE',  ( 0.6980124752602119300, 0.3174235228784231800, 0.2875276366512729600 ) ) ;
#3423 = CARTESIAN_POINT ( 'NONE',  ( 0.06586813399370750100, 0.3967447739247840800, -1.030761184457488200 ) ) ;
#3424 = LINE ( 'NONE', #1923, #2143 ) ;
#3425 = DIRECTION ( 'NONE',  ( 0.3535533905932720700, 0.6123724356957954700, 0.7071067811865475700 ) ) ;
#3426 = EDGE_LOOP ( 'NONE', ( #5131, #447, #2773, #997 ) ) ;
#3427 = LINE ( 'NONE', #4678, #1630 ) ;
#3428 = PLANE ( 'NONE',  #3272 ) ;
#3429 = EDGE_CURVE ( 'NONE', #6181, #2153, #3630, .T. ) ;
#3430 = DIRECTION ( 'NONE',  ( -6.453584360032764700E-018, -1.000000000000000000, -4.717756710106837400E-032 ) ) ;
#3431 = CARTESIAN_POINT ( 'NONE',  ( 0.0000000000000000000, 0.4599999999999998500, 0.8899999999999996800 ) ) ;
#3432 = EDGE_LOOP ( 'NONE', ( #506, #5991, #4393, #2225 ) ) ;
#3433 = UNCERTAINTY_MEASURE_WITH_UNIT (LENGTH_MEASURE( 1.000000000000000100E-005 ), #2964, 'distance_accuracy_value', 'NONE');
#3434 = CYLINDRICAL_SURFACE ( 'NONE', #306, 0.4000000000000000200 ) ;
#3435 = EDGE_CURVE ( 'NONE', #953, #605, #507, .T. ) ;
#3436 = CARTESIAN_POINT ( 'NONE',  ( 0.3949999999999998500, 1.039999999999999800, -2.700000000000000200 ) ) ;
#3437 = VERTEX_POINT ( 'NONE', #5549 ) ;
#3438 = CARTESIAN_POINT ( 'NONE',  ( -1.084202172485506400E-016, 0.2349999999999998500, -0.9500000000000002900 ) ) ;
#3439 = FACE_OUTER_BOUND ( 'NONE', #876, .T. ) ;
#3440 = ADVANCED_FACE ( 'NONE', ( #2000 ), #3898, .T. ) ;
#3441 = ORIENTED_EDGE ( 'NONE', *, *, #4552, .F. ) ;
#3442 = ADVANCED_FACE ( 'NONE', ( #3271 ), #32, .T. ) ;
#3443 = VECTOR ( 'NONE', #4871, 1000.000000000000000 ) ;
#3444 = EDGE_CURVE ( 'NONE', #6352, #1486, #343, .T. ) ;
#3445 = CARTESIAN_POINT ( 'NONE',  ( 0.8800000000000002300, 1.040000000000000000, 0.5500000000000001600 ) ) ;
#3446 = DIRECTION ( 'NONE',  ( -1.000000000000000000, 0.0000000000000000000, 5.551115123125782700E-017 ) ) ;
#3447 = EDGE_LOOP ( 'NONE', ( #5242, #1156, #1059, #3847 ) ) ;
#3448 = PLANE ( 'NONE',  #3297 ) ;
#3449 = CARTESIAN_POINT ( 'NONE',  ( 0.8800000000000000000, -1.355252715606880500E-017, 0.7000000000000059500 ) ) ;
#3450 = ORIENTED_EDGE ( 'NONE', *, *, #3877, .F. ) ;
#3451 = EDGE_LOOP ( 'NONE', ( #4939, #4188, #19, #4367, #4281 ) ) ;
#3452 = PLANE ( 'NONE',  #3689 ) ;
#3453 = DIRECTION ( 'NONE',  ( 0.0000000000000000000, 6.352228914548922900E-017, -1.000000000000000000 ) ) ;
#3454 = CARTESIAN_POINT ( 'NONE',  ( -0.2760384833094575200, 1.040000000000000000, 0.7916041656178397500 ) ) ;
#3455 = EDGE_LOOP ( 'NONE', ( #6960, #4199, #2586, #4822, #654, #3697 ) ) ;
#3456 = DIRECTION ( 'NONE',  ( 1.000000000000000000, 0.0000000000000000000, -2.551063935260011500E-015 ) ) ;
#3457 = CARTESIAN_POINT ( 'NONE',  ( -0.8230064301731897500, 0.3204189081888483800, 0.3596929301673559800 ) ) ;
#3458 = EDGE_CURVE ( 'NONE', #6800, #5025, #6052, .T. ) ;
#3459 = DIRECTION ( 'NONE',  ( -1.000000000000000000, 0.0000000000000000000, 5.551115123125782700E-017 ) ) ;
#3460 = ORIENTED_EDGE ( 'NONE', *, *, #1259, .T. ) ;
#3461 = LINE ( 'NONE', #359, #6420 ) ;
#3462 = CARTESIAN_POINT ( 'NONE',  ( 0.1000000000000001600, 0.3189918276210514900, -0.7466459485686243200 ) ) ;
#3463 = CARTESIAN_POINT ( 'NONE',  ( 0.7387712897465963400, 0.8599999999999998800, -0.9499999999999999600 ) ) ;
#3464 = EDGE_CURVE ( 'NONE', #969, #1654, #4765, .T. ) ;
#3465 = ORIENTED_EDGE ( 'NONE', *, *, #3796, .T. ) ;
#3466 = FACE_OUTER_BOUND ( 'NONE', #5099, .T. ) ;
#3467 = PLANE ( 'NONE',  #3040 ) ;
#3468 = B_SPLINE_CURVE_WITH_KNOTS ( 'NONE', 3,
 ( #3207, #3165, #3331, #3621, #3645, #3695, #3714 ),
 .UNSPECIFIED., .F., .F.,
 ( 4, 3, 4 ),
 ( 0.0004733867662774177200, 0.0005254334619911579600, 0.0005735006493361290400 ),
 .UNSPECIFIED. ) ;
#3469 = DIRECTION ( 'NONE',  ( 2.775557561562890600E-015, 0.0000000000000000000, -1.000000000000000000 ) ) ;
#3470 = CARTESIAN_POINT ( 'NONE',  ( -0.7842217398585502600, 0.3930964232479472500, 0.3373005787737628500 ) ) ;
#3471 = ORIENTED_EDGE ( 'NONE', *, *, #6612, .T. ) ;
#3472 = FACE_OUTER_BOUND ( 'NONE', #4850, .T. ) ;
#3473 = AXIS2_PLACEMENT_3D ( 'NONE', #4041, #6264, #2961 ) ;
#3474 = CARTESIAN_POINT ( 'NONE',  ( 0.7839771384619768100, 0.3971892336107952800, 0.3371593580916070800 ) ) ;
#3475 = ORIENTED_EDGE ( 'NONE', *, *, #5392, .T. ) ;
#3476 = CARTESIAN_POINT ( 'NONE',  ( 0.6966769803634123000, 0.3712852932140452400, 0.5176966959889540700 ) ) ;
#3477 = CARTESIAN_POINT ( 'NONE',  ( -0.9699999999999998600, 0.1200000000000000000, 0.6700000000000002600 ) ) ;
#3478 = CARTESIAN_POINT ( 'NONE',  ( 0.5100000000000004500, 0.8599999999999998800, -0.9500000000000002900 ) ) ;
#3479 = ORIENTED_EDGE ( 'NONE', *, *, #2646, .T. ) ;
#3480 = ADVANCED_FACE ( 'NONE', ( #1644 ), #1487, .F. ) ;
#3481 = VECTOR ( 'NONE', #3105, 1000.000000000000000 ) ;
#3482 = FACE_OUTER_BOUND ( 'NONE', #7183, .T. ) ;
#3483 = ORIENTED_EDGE ( 'NONE', *, *, #3742, .F. ) ;
#3484 = DIRECTION ( 'NONE',  ( 1.000000000000000000, 0.0000000000000000000, -5.551115123125782700E-017 ) ) ;
#3485 = ORIENTED_EDGE ( 'NONE', *, *, #6321, .T. ) ;
#3486 = CARTESIAN_POINT ( 'NONE',  ( 0.1100000000000000000, -1.355252715606880500E-017, 0.9300000000000001600 ) ) ;
#3487 = AXIS2_PLACEMENT_3D ( 'NONE', #5787, #6329, #3033 ) ;
#3488 = LINE ( 'NONE', #2754, #4971 ) ;
#3489 = DIRECTION ( 'NONE',  ( -0.7071067811865475700, 1.095044262122345600E-015, 0.7071067811865474600 ) ) ;
#3490 = ORIENTED_EDGE ( 'NONE', *, *, #5459, .F. ) ;
#3491 = VERTEX_POINT ( 'NONE', #5034 ) ;
#3492 = LINE ( 'NONE', #6581, #6275 ) ;
#3493 = CARTESIAN_POINT ( 'NONE',  ( -0.6179502228979484300, 0.3030223961003892800, 0.4722437813738426000 ) ) ;
#3494 = EDGE_CURVE ( 'NONE', #3287, #4809, #5889, .T. ) ;
#3495 = EDGE_CURVE ( 'NONE', #597, #3888, #4407, .T. ) ;
#3496 = CARTESIAN_POINT ( 'NONE',  ( 0.7447871585130856300, 0.2886921089827731400, 0.3145330126185788600 ) ) ;
#3497 = VERTEX_POINT ( 'NONE', #627 ) ;
#3498 = EDGE_CURVE ( 'NONE', #195, #5512, #5699, .T. ) ;
#3499 = DIRECTION ( 'NONE',  ( 0.0000000000000000000, -6.106925250968112100E-017, 1.000000000000000000 ) ) ;
#3500 = DIRECTION ( 'NONE',  ( -1.232047923278980000E-016, -6.756096126909301100E-018, -1.000000000000000000 ) ) ;
#3501 = CARTESIAN_POINT ( 'NONE',  ( -1.391554127632064800E-019, 0.4599999999999998500, 0.0000000000000000000 ) ) ;
#3502 =( NAMED_UNIT ( * ) SI_UNIT ( $, .STERADIAN. ) SOLID_ANGLE_UNIT ( ) );
#3503 = CIRCLE ( 'NONE', #4376, 0.4000000000000000200 ) ;
#3504 = CARTESIAN_POINT ( 'NONE',  ( 0.09999999999999993600, 0.3506307787036006000, -0.9067643792598448800 ) ) ;
#3505 = ORIENTED_EDGE ( 'NONE', *, *, #6349, .T. ) ;
#3506 = VECTOR ( 'NONE', #5541, 1000.000000000000000 ) ;
#3507 = AXIS2_PLACEMENT_3D ( 'NONE', #3972, #2328, #6192 ) ;
#3508 = DIRECTION ( 'NONE',  ( 3.025117668765359500E-019, -1.000000000000000000, -0.0000000000000000000 ) ) ;
#3509 = CARTESIAN_POINT ( 'NONE',  ( 0.6092093928471228300, 0.3076897920382633000, 0.4671972607910575600 ) ) ;
#3510 = EDGE_CURVE ( 'NONE', #1339, #3396, #2937, .T. ) ;
#3511 = CIRCLE ( 'NONE', #2810, 0.8633839599355779300 ) ;
#3512 = CARTESIAN_POINT ( 'NONE',  ( -0.1100000000000000000, -1.355252715606880500E-017, 0.9300000000000001600 ) ) ;
#3513 = VERTEX_POINT ( 'NONE', #2307 ) ;
#3514 = ORIENTED_EDGE ( 'NONE', *, *, #2300, .T. ) ;
#3515 = VECTOR ( 'NONE', #3752, 1000.000000000000000 ) ;
#3516 = VECTOR ( 'NONE', #3725, 1000.000000000000000 ) ;
#3517 = CARTESIAN_POINT ( 'NONE',  ( -0.6840880932355848400, 0.3940040470015414600, 0.5104284986169050900 ) ) ;
#3518 = DIRECTION ( 'NONE',  ( -1.000000000000000000, 0.0000000000000000000, -3.336595314202347100E-015 ) ) ;
#3519 = ADVANCED_FACE ( 'NONE', ( #344 ), #5634, .T. ) ;
#3520 = ORIENTED_EDGE ( 'NONE', *, *, #4656, .F. ) ;
#3521 = FACE_OUTER_BOUND ( 'NONE', #5475, .T. ) ;
#3522 = CARTESIAN_POINT ( 'NONE',  ( -0.7387712897465940100, 0.9899999999999999900, 0.6900000000000000600 ) ) ;
#3523 = PLANE ( 'NONE',  #5619 ) ;
#3524 = AXIS2_PLACEMENT_3D ( 'NONE', #14, #3882, #567 ) ;
#3525 = B_SPLINE_CURVE_WITH_KNOTS ( 'NONE', 3,
 ( #1185, #637, #5069, #1751, #5618, #2318, #6183 ),
 .UNSPECIFIED., .F., .F.,
 ( 4, 3, 4 ),
 ( 2.030846291756531400E-007, 2.680796995577049700E-005, 4.790862807100246300E-005 ),
 .UNSPECIFIED. ) ;
#3526 = CARTESIAN_POINT ( 'NONE',  ( 2.168404344971008900E-016, 0.7150000000000003000, -1.030761184457488700 ) ) ;
#3527 = DIRECTION ( 'NONE',  ( -5.551115123125782700E-017, 0.0000000000000000000, 1.000000000000000000 ) ) ;
#3528 = PERSON_AND_ORGANIZATION ( #2677, #1484 ) ;
#3529 = ORIENTED_EDGE ( 'NONE', *, *, #1305, .F. ) ;
#3530 = VERTEX_POINT ( 'NONE', #3431 ) ;
#3531 = CARTESIAN_POINT ( 'NONE',  ( 0.09532849302035630000, 0.1651137933202430900, -2.100000000000000500 ) ) ;
#3532 = VECTOR ( 'NONE', #1902, 1000.000000000000100 ) ;
#3533 = EDGE_CURVE ( 'NONE', #2238, #7057, #4244, .T. ) ;
#3534 = DIRECTION ( 'NONE',  ( -0.8192319205190404800, 0.5734623443633283200, -2.775557561562891000E-017 ) ) ;
#3535 = PERSON_AND_ORGANIZATION_ROLE ( 'creator' ) ;
#3536 = DIRECTION ( 'NONE',  ( 1.000000000000000000, 7.058607893785842800E-018, 0.0000000000000000000 ) ) ;
#3537 = ORIENTED_EDGE ( 'NONE', *, *, #3549, .F. ) ;
#3538 = VECTOR ( 'NONE', #6269, 1000.000000000000100 ) ;
#3539 = DIRECTION ( 'NONE',  ( -1.000000000000000000, 0.0000000000000000000, 2.060779557754404700E-016 ) ) ;
#3540 = EDGE_CURVE ( 'NONE', #6873, #1339, #1298, .T. ) ;
#3541 = ORIENTED_EDGE ( 'NONE', *, *, #4866, .F. ) ;
#3542 = AXIS2_PLACEMENT_3D ( 'NONE', #6335, #3633, #3527 ) ;
#3543 = AXIS2_PLACEMENT_3D ( 'NONE', #5612, #2329, #6195 ) ;
#3544 = CARTESIAN_POINT ( 'NONE',  ( -0.7078170360182388700, 0.3093995863888855900, 0.2931883024442053000 ) ) ;
#3545 = VERTEX_POINT ( 'NONE', #1245 ) ;
#3546 = CARTESIAN_POINT ( 'NONE',  ( -0.3950000000000000700, 1.159999999999999500, -2.700000000000000600 ) ) ;
#3547 = ORIENTED_EDGE ( 'NONE', *, *, #5959, .T. ) ;
#3548 = DIRECTION ( 'NONE',  ( -5.551115123125782700E-017, 5.551115123125782700E-017, 1.000000000000000000 ) ) ;
#3549 = EDGE_CURVE ( 'NONE', #5650, #397, #2607, .T. ) ;
#3550 = DIRECTION ( 'NONE',  ( -1.000000000000000000, -3.025117668765360000E-019, -3.336595314202347100E-015 ) ) ;
#3551 = DIRECTION ( 'NONE',  ( 5.551115123125782700E-017, -5.551115123125782700E-017, -1.000000000000000000 ) ) ;
#3552 = ORIENTED_EDGE ( 'NONE', *, *, #4215, .T. ) ;
#3553 = DIRECTION ( 'NONE',  ( -0.7071067811865474600, 1.730537381620172400E-017, 0.7071067811865476800 ) ) ;
#3554 = PLANE ( 'NONE',  #207 ) ;
#3555 = AXIS2_PLACEMENT_3D ( 'NONE', #2448, #6303, #2997 ) ;
#3556 = DIRECTION ( 'NONE',  ( 0.9670961853396493600, -0.0000000000000000000, -0.2544110223663640400 ) ) ;
#3557 = CARTESIAN_POINT ( 'NONE',  ( 1.208347268291507700, 0.1200000000000000000, -0.2116527317084925300 ) ) ;
#3558 = DIRECTION ( 'NONE',  ( -3.885780586188046900E-016, -5.551115123125781500E-017, -1.000000000000000000 ) ) ;
#3559 = EDGE_CURVE ( 'NONE', #2858, #58, #289, .T. ) ;
#3560 = ORIENTED_EDGE ( 'NONE', *, *, #3974, .F. ) ;
#3561 = VECTOR ( 'NONE', #1205, 1000.000000000000000 ) ;
#3562 = ADVANCED_FACE ( 'NONE', ( #2771 ), #1796, .F. ) ;
#3563 = CARTESIAN_POINT ( 'NONE',  ( -1.355615729727132300E-016, 0.1200000000000000000, -0.9000000000000000200 ) ) ;
#3564 = ORIENTED_EDGE ( 'NONE', *, *, #372, .F. ) ;
#3565 = CARTESIAN_POINT ( 'NONE',  ( -1.084202172485504400E-016, 0.3936531748039935300, -4.336808689942017700E-016 ) ) ;
#3566 = VECTOR ( 'NONE', #4255, 1000.000000000000000 ) ;
#3567 = ORIENTED_EDGE ( 'NONE', *, *, #361, .T. ) ;
#3568 = DIRECTION ( 'NONE',  ( 3.336595314202347100E-015, -6.756096126909300300E-018, -1.000000000000000000 ) ) ;
#3569 = ORIENTED_EDGE ( 'NONE', *, *, #5321, .F. ) ;
#3570 = VERTEX_POINT ( 'NONE', #704 ) ;
#3571 = VECTOR ( 'NONE', #4794, 1000.000000000000000 ) ;
#3572 = CARTESIAN_POINT ( 'NONE',  ( 0.2769310333988042000, 0.1598862066797560300, -2.099999999999999600 ) ) ;
#3573 = DIRECTION ( 'NONE',  ( 5.551115123125782700E-017, -5.551115123125782700E-017, -1.000000000000000000 ) ) ;
#3574 = LINE ( 'NONE', #3042, #621 ) ;
#3575 = ORIENTED_EDGE ( 'NONE', *, *, #4163, .T. ) ;
#3576 = CARTESIAN_POINT ( 'NONE',  ( 0.9699999999999950900, 0.1199999999999999800, 0.7000000000000066200 ) ) ;
#3577 = DIRECTION ( 'NONE',  ( 0.0000000000000000000, -1.000000000000000000, -5.551115123125782700E-017 ) ) ;
#3578 = DIRECTION ( 'NONE',  ( 5.551115123125782700E-017, -5.551115123125782700E-017, -1.000000000000000000 ) ) ;
#3579 = VERTEX_POINT ( 'NONE', #1821 ) ;
#3580 = ORIENTED_EDGE ( 'NONE', *, *, #568, .T. ) ;
#3581 = CARTESIAN_POINT ( 'NONE',  ( 0.8232145854272729900, 0.3570887285029485400, 0.3598131086593343000 ) ) ;
#3582 = VECTOR ( 'NONE', #1868, 1000.000000000000000 ) ;
#3583 = EDGE_CURVE ( 'NONE', #3060, #3390, #4058, .T. ) ;
#3584 = AXIS2_PLACEMENT_3D ( 'NONE', #3236, #7105, #3795 ) ;
#3585 = VERTEX_POINT ( 'NONE', #6770 ) ;
#3586 = DIRECTION ( 'NONE',  ( 5.551115123125782700E-017, 5.551115123125782700E-017, 1.000000000000000000 ) ) ;
#3587 = EDGE_LOOP ( 'NONE', ( #2866, #1150, #5573, #6405 ) ) ;
#3588 = DIRECTION ( 'NONE',  ( 5.551115123125782700E-017, 5.551115123125782700E-017, 1.000000000000000000 ) ) ;
#3589 = VERTEX_POINT ( 'NONE', #6241 ) ;
#3590 = ORIENTED_EDGE ( 'NONE', *, *, #1320, .F. ) ;
#3591 = LINE ( 'NONE', #5075, #640 ) ;
#3592 = PLANE ( 'NONE',  #6503 ) ;
#3593 = ORIENTED_EDGE ( 'NONE', *, *, #4355, .T. ) ;
#3594 = CARTESIAN_POINT ( 'NONE',  ( 0.2760384833094575200, 1.159999999999999900, 0.7916041656178397500 ) ) ;
#3595 = CARTESIAN_POINT ( 'NONE',  ( -0.4599999999999999100, 0.0000000000000000000, -0.9500000000000002900 ) ) ;
#3596 = ORIENTED_EDGE ( 'NONE', *, *, #2789, .T. ) ;
#3597 = VECTOR ( 'NONE', #5267, 1000.000000000000000 ) ;
#3598 = CARTESIAN_POINT ( 'NONE',  ( -1.000000000000000000, 0.1199999999999999800, -0.6999999999999998400 ) ) ;
#3599 = DIRECTION ( 'NONE',  ( 6.162975822039154700E-033, 1.000000000000000000, -5.551115123125782700E-017 ) ) ;
#3600 = ADVANCED_FACE ( 'NONE', ( #2424 ), #5129, .F. ) ;
#3601 = CARTESIAN_POINT ( 'NONE',  ( -0.5937196594791880300, 5.356382351563584400E-018, 0.4582542590614048200 ) ) ;
#3602 = DIRECTION ( 'NONE',  ( 0.0000000000000000000, -1.000000000000000000, 0.0000000000000000000 ) ) ;
#3603 = FACE_OUTER_BOUND ( 'NONE', #1308, .T. ) ;
#3604 = CARTESIAN_POINT ( 'NONE',  ( -0.9700000000000000800, -4.116933054050589400E-017, -0.6699999999999999300 ) ) ;
#3605 = AXIS2_PLACEMENT_3D ( 'NONE', #4924, #6007, #5973 ) ;
#3606 = ORIENTED_EDGE ( 'NONE', *, *, #2808, .F. ) ;
#3607 = ORIENTED_EDGE ( 'NONE', *, *, #6768, .T. ) ;
#3608 = CYLINDRICAL_SURFACE ( 'NONE', #5818, 0.7500000000000000000 ) ;
#3609 = LINE ( 'NONE', #5044, #656 ) ;
#3610 = EDGE_CURVE ( 'NONE', #2900, #3807, #5529, .T. ) ;
#3611 = CARTESIAN_POINT ( 'NONE',  ( -0.5939647257281209800, 0.3219647999017605800, 0.4583957481261957700 ) ) ;
#3612 = CARTESIAN_POINT ( 'NONE',  ( -0.2645751311064596400, 1.087660585711987400, -2.450000000000000200 ) ) ;
#3613 = CARTESIAN_POINT ( 'NONE',  ( 0.4599999999999999100, 0.3009341382301984300, -0.9500000000000002900 ) ) ;
#3614 = LINE ( 'NONE', #6482, #497 ) ;
#3615 = VERTEX_POINT ( 'NONE', #1844 ) ;
#3616 = LINE ( 'NONE', #947, #6558 ) ;
#3617 = CARTESIAN_POINT ( 'NONE',  ( 0.1000000000000000500, 0.4336808401424629400, -0.8701180750909508500 ) ) ;
#3618 = CARTESIAN_POINT ( 'NONE',  ( 0.07899079662720265300, 0.3477623915945583500, -2.289990522125402400 ) ) ;
#3619 = EDGE_CURVE ( 'NONE', #5783, #5141, #5361, .T. ) ;
#3620 = CARTESIAN_POINT ( 'NONE',  ( -0.6937196594771336500, 0.3222388905165391400, 0.2850491783033312100 ) ) ;
#3621 = CARTESIAN_POINT ( 'NONE',  ( 0.1000000000000001000, 0.3035128740455371700, -0.8846564147219699900 ) ) ;
#3622 = CARTESIAN_POINT ( 'NONE',  ( 2.168404344971008900E-016, 0.7150000000000003000, -2.100000000000000100 ) ) ;
#3623 = ORIENTED_EDGE ( 'NONE', *, *, #2725, .T. ) ;
#3624 = VECTOR ( 'NONE', #2046, 1000.000000000000100 ) ;
#3625 = CARTESIAN_POINT ( 'NONE',  ( 0.1300000000000000300, 0.2349999999999998500, -1.950000000000000400 ) ) ;
#3626 = CARTESIAN_POINT ( 'NONE',  ( 0.0000000000000000000, 0.0000000000000000000, 0.0000000000000000000 ) ) ;
#3627 = VECTOR ( 'NONE', #4968, 1000.000000000000000 ) ;
#3628 = PLANE ( 'NONE',  #4893 ) ;
#3629 = ORIENTED_EDGE ( 'NONE', *, *, #6609, .T. ) ;
#3630 = LINE ( 'NONE', #3314, #6216 ) ;
#3631 = CARTESIAN_POINT ( 'NONE',  ( 0.7200000000000053000, 0.1765685424949229600, -0.6999999999999947400 ) ) ;
#3632 = CARTESIAN_POINT ( 'NONE',  ( 0.6990799234564902800, 0.3699999999999939400, 0.5190840358305906000 ) ) ;
#3633 = DIRECTION ( 'NONE',  ( 0.0000000000000000000, 1.000000000000000000, 5.551115123125782700E-017 ) ) ;
#3634 = VERTEX_POINT ( 'NONE', #201 ) ;
#3635 = CIRCLE ( 'NONE', #457, 0.3799999999999986200 ) ;
#3636 = CARTESIAN_POINT ( 'NONE',  ( 0.7200000000000053000, 0.0000000000000000000, -0.6999999999999947400 ) ) ;
#3637 = EDGE_LOOP ( 'NONE', ( #4785, #2566, #3312, #1528, #6316 ) ) ;
#3638 = DIRECTION ( 'NONE',  ( -0.7241379310344828700, 1.387778780781445700E-017, 0.6896551724137930400 ) ) ;
#3639 = CARTESIAN_POINT ( 'NONE',  ( 0.1000000000000001400, 0.3962334971498892000, -0.8475237969422947400 ) ) ;
#3640 = CARTESIAN_POINT ( 'NONE',  ( 0.4700000000000002500, 1.159999999999999900, -1.950000000000000400 ) ) ;
#3641 = ORIENTED_EDGE ( 'NONE', *, *, #42, .T. ) ;
#3642 = AXIS2_PLACEMENT_3D ( 'NONE', #5182, #1869, #5737 ) ;
#3643 = AXIS2_PLACEMENT_3D ( 'NONE', #5651, #668, #2344 ) ;
#3644 = ORIENTED_EDGE ( 'NONE', *, *, #1408, .F. ) ;
#3645 = CARTESIAN_POINT ( 'NONE',  ( 0.1000000000000001000, 0.2890081925164245100, -0.8778496960933951400 ) ) ;
#3646 = VERTEX_POINT ( 'NONE', #3504 ) ;
#3647 = ORIENTED_EDGE ( 'NONE', *, *, #172, .T. ) ;
#3648 = VECTOR ( 'NONE', #3123, 1000.000000000000000 ) ;
#3649 = CARTESIAN_POINT ( 'NONE',  ( 0.7000000000000034000, -1.355252715606880500E-017, -0.9999999999999976700 ) ) ;
#3650 = EDGE_CURVE ( 'NONE', #711, #1551, #945, .T. ) ;
#3651 = EDGE_CURVE ( 'NONE', #6305, #3418, #6651, .T. ) ;
#3652 = DIRECTION ( 'NONE',  ( -0.8660254037844404800, 0.4999999999999968400, 2.414735078559715500E-015 ) ) ;
#3653 = EDGE_CURVE ( 'NONE', #1081, #5241, #5181, .T. ) ;
#3654 = CARTESIAN_POINT ( 'NONE',  ( 0.0000000000000000000, 0.3030223961003282200, 0.0000000000000000000 ) ) ;
#3655 = DIRECTION ( 'NONE',  ( 1.000000000000000000, 0.0000000000000000000, -5.551115123125782700E-017 ) ) ;
#3656 = VERTEX_POINT ( 'NONE', #1323 ) ;
#3657 = VECTOR ( 'NONE', #5193, 1000.000000000000000 ) ;
#3658 = AXIS2_PLACEMENT_3D ( 'NONE', #755, #4629, #1319 ) ;
#3659 = CARTESIAN_POINT ( 'NONE',  ( -0.09999999999999988100, 0.4195329181894562600, -0.8575732401807046900 ) ) ;
#3660 = DIRECTION ( 'NONE',  ( 0.0000000000000000000, 1.000000000000000000, 5.551115123125782700E-017 ) ) ;
#3661 = CARTESIAN_POINT ( 'NONE',  ( -0.5249999999999985800, 0.8599999999999997600, -2.400000000000000800 ) ) ;
#3662 = EDGE_CURVE ( 'NONE', #2374, #6209, #5004, .T. ) ;
#3663 = VERTEX_POINT ( 'NONE', #231 ) ;
#3664 = CYLINDRICAL_SURFACE ( 'NONE', #2219, 0.05000000000000002400 ) ;
#3665 = AXIS2_PLACEMENT_3D ( 'NONE', #5522, #5496, #5472 ) ;
#3666 = CARTESIAN_POINT ( 'NONE',  ( 0.5799999999999999600, 0.1999999999999998200, -0.8400000000000001900 ) ) ;
#3667 = CARTESIAN_POINT ( 'NONE',  ( 0.5450000000000000400, 0.6099999999999999900, -0.7658818446731851000 ) ) ;
#3668 = ORIENTED_EDGE ( 'NONE', *, *, #2808, .T. ) ;
#3669 = CARTESIAN_POINT ( 'NONE',  ( -0.2839584187458733500, 1.160000000000000400, -1.850000000000000300 ) ) ;
#3670 = CARTESIAN_POINT ( 'NONE',  ( -0.2645751311064596900, 1.087660585711987400, -1.850000000000000300 ) ) ;
#3671 = ORIENTED_EDGE ( 'NONE', *, *, #5725, .T. ) ;
#3672 = LINE ( 'NONE', #5480, #6601 ) ;
#3673 = VECTOR ( 'NONE', #4424, 1000.000000000000100 ) ;
#3674 = ORIENTED_EDGE ( 'NONE', *, *, #1328, .T. ) ;
#3675 = DIRECTION ( 'NONE',  ( 1.000000000000000000, 0.0000000000000000000, 0.0000000000000000000 ) ) ;
#3676 = ORIENTED_EDGE ( 'NONE', *, *, #452, .F. ) ;
#3677 = CARTESIAN_POINT ( 'NONE',  ( 0.0000000000000000000, 0.3030223961003282200, 0.0000000000000000000 ) ) ;
#3678 = ORIENTED_EDGE ( 'NONE', *, *, #125, .F. ) ;
#3679 = ORIENTED_EDGE ( 'NONE', *, *, #2453, .F. ) ;
#3680 = LINE ( 'NONE', #3595, #731 ) ;
#3681 = PLANE ( 'NONE',  #1311 ) ;
#3682 = EDGE_CURVE ( 'NONE', #3391, #173, #6477, .T. ) ;
#3683 = VERTEX_POINT ( 'NONE', #5206 ) ;
#3684 = CARTESIAN_POINT ( 'NONE',  ( 0.9700000000000044100, -1.335891962526781900E-017, -0.6699999999999932700 ) ) ;
#3685 = DIRECTION ( 'NONE',  ( -1.000000000000000000, 0.0000000000000000000, 5.551115123125782700E-017 ) ) ;
#3686 = ORIENTED_EDGE ( 'NONE', *, *, #533, .F. ) ;
#3687 = EDGE_CURVE ( 'NONE', #7131, #689, #2241, .T. ) ;
#3688 = ORIENTED_EDGE ( 'NONE', *, *, #6073, .F. ) ;
#3689 = AXIS2_PLACEMENT_3D ( 'NONE', #6414, #6867, #5309 ) ;
#3690 = DIRECTION ( 'NONE',  ( 1.000000000000000000, -5.586383961653367500E-017, 6.982962677686266700E-015 ) ) ;
#3691 = VECTOR ( 'NONE', #2111, 1000.000000000000000 ) ;
#3692 = DIRECTION ( 'NONE',  ( 5.551115123125782700E-017, -5.551115123125782700E-017, -1.000000000000000000 ) ) ;
#3693 = DIRECTION ( 'NONE',  ( 1.000000000000000000, 0.0000000000000000000, -5.551115123125782700E-017 ) ) ;
#3694 = FACE_OUTER_BOUND ( 'NONE', #2144, .T. ) ;
#3695 = CARTESIAN_POINT ( 'NONE',  ( 0.1000000000000001400, 0.2745038919199515000, -0.8710421656539242300 ) ) ;
#3696 = DIRECTION ( 'NONE',  ( 0.0000000000000000000, 1.000000000000000000, 8.881784197001252300E-016 ) ) ;
#3697 = ORIENTED_EDGE ( 'NONE', *, *, #1535, .F. ) ;
#3698 = VECTOR ( 'NONE', #6628, 1000.000000000000100 ) ;
#3699 = EDGE_CURVE ( 'NONE', #328, #6775, #589, .T. ) ;
#3700 = EDGE_CURVE ( 'NONE', #116, #4742, #2078, .T. ) ;
#3701 = DIRECTION ( 'NONE',  ( 3.025117668765359500E-019, -1.000000000000000000, -0.0000000000000000000 ) ) ;
#3702 = LINE ( 'NONE', #6965, #407 ) ;
#3703 = VERTEX_POINT ( 'NONE', #4686 ) ;
#3704 = ORIENTED_EDGE ( 'NONE', *, *, #628, .T. ) ;
#3705 = FACE_OUTER_BOUND ( 'NONE', #5134, .T. ) ;
#3706 = FACE_OUTER_BOUND ( 'NONE', #3757, .T. ) ;
#3707 = CARTESIAN_POINT ( 'NONE',  ( 0.0000000000000000000, 0.3699999999999942200, 0.0000000000000000000 ) ) ;
#3708 = CARTESIAN_POINT ( 'NONE',  ( -0.1450000000000000200, 0.7888417395787665800, -2.289999999999998700 ) ) ;
#3709 = VERTEX_POINT ( 'NONE', #1927 ) ;
#3710 = VECTOR ( 'NONE', #1863, 1000.000000000000100 ) ;
#3711 = DIRECTION ( 'NONE',  ( -0.9659258262890669800, -0.2588190451025258500, 0.0000000000000000000 ) ) ;
#3712 = EDGE_LOOP ( 'NONE', ( #4017, #3282, #2651, #6455 ) ) ;
#3713 = VECTOR ( 'NONE', #6819, 1000.000000000000000 ) ;
#3714 = CARTESIAN_POINT ( 'NONE',  ( 0.09999999999999982500, 0.2600000000000020100, -0.8642337646724901300 ) ) ;
#3715 = DIRECTION ( 'NONE',  ( 5.551115123125780900E-017, 0.0000000000000000000, -1.000000000000000000 ) ) ;
#3716 = DIRECTION ( 'NONE',  ( 0.0000000000000000000, -8.881784197001252300E-016, -1.000000000000000000 ) ) ;
#3717 = ORIENTED_EDGE ( 'NONE', *, *, #2905, .T. ) ;
#3718 = CYLINDRICAL_SURFACE ( 'NONE', #1454, 0.4200000000000001500 ) ;
#3719 = ADVANCED_FACE ( 'NONE', ( #6129 ), #2495, .T. ) ;
#3720 = VERTEX_POINT ( 'NONE', #6341 ) ;
#3721 = PLANE ( 'NONE',  #4708 ) ;
#3722 = CARTESIAN_POINT ( 'NONE',  ( -0.1000000000000000500, 0.4157817718515718400, -0.8538790678398124900 ) ) ;
#3723 = ORIENTED_EDGE ( 'NONE', *, *, #5500, .T. ) ;
#3724 = AXIS2_PLACEMENT_3D ( 'NONE', #5101, #1793, #5657 ) ;
#3725 = DIRECTION ( 'NONE',  ( -5.551115123125782700E-017, 5.551115123125782700E-017, 1.000000000000000000 ) ) ;
#3726 = CARTESIAN_POINT ( 'NONE',  ( 0.7387712897465940100, 0.7900000000000000400, 0.6900000000000000600 ) ) ;
#3727 = VERTEX_POINT ( 'NONE', #4710 ) ;
#3728 = CARTESIAN_POINT ( 'NONE',  ( -0.02954833825060337200, 0.3382816799239845000, -2.100000000000000100 ) ) ;
#3729 = EDGE_CURVE ( 'NONE', #3391, #2242, #3349, .T. ) ;
#3730 = VERTEX_POINT ( 'NONE', #1405 ) ;
#3731 = CARTESIAN_POINT ( 'NONE',  ( -6.050235337530714500E-020, 0.1999999999999998200, 0.0000000000000000000 ) ) ;
#3732 = DIRECTION ( 'NONE',  ( 1.232047923278980000E-016, 0.0000000000000000000, 1.000000000000000000 ) ) ;
#3733 = DIRECTION ( 'NONE',  ( 0.0000000000000000000, 1.000000000000000000, 5.551115123125782700E-017 ) ) ;
#3734 = CARTESIAN_POINT ( 'NONE',  ( 1.050000000000000000, 1.089583694396574200, -0.5500000000000004900 ) ) ;
#3735 = ORIENTED_EDGE ( 'NONE', *, *, #6101, .T. ) ;
#3736 = CIRCLE ( 'NONE', #861, 0.4050150000000000700 ) ;
#3737 = CARTESIAN_POINT ( 'NONE',  ( 0.5235355654234189500, 0.4600000000000002400, 0.4177334534654769700 ) ) ;
#3738 = CARTESIAN_POINT ( 'NONE',  ( -0.5937196594791879200, 0.4599999999999998500, 0.4582542590614049300 ) ) ;
#3739 = EDGE_CURVE ( 'NONE', #1945, #940, #1898, .T. ) ;
#3740 = EDGE_CURVE ( 'NONE', #5207, #5938, #6675, .T. ) ;
#3741 = LINE ( 'NONE', #581, #6505 ) ;
#3742 = EDGE_CURVE ( 'NONE', #618, #5616, #254, .T. ) ;
#3743 = ORIENTED_EDGE ( 'NONE', *, *, #5030, .T. ) ;
#3744 = DIRECTION ( 'NONE',  ( 0.8641916239782085900, -0.07548569116831675700, 0.4974683381630916100 ) ) ;
#3745 = PLANE ( 'NONE',  #2770 ) ;
#3746 = PLANE ( 'NONE',  #2105 ) ;
#3747 = CC_DESIGN_PERSON_AND_ORGANIZATION_ASSIGNMENT ( #4319, #4657, ( #2656 ) ) ;
#3748 = ORIENTED_EDGE ( 'NONE', *, *, #2715, .F. ) ;
#3749 = ADVANCED_FACE ( 'NONE', ( #3024 ), #2957, .T. ) ;
#3750 = LINE ( 'NONE', #4569, #6345 ) ;
#3751 = FACE_OUTER_BOUND ( 'NONE', #7150, .T. ) ;
#3752 = DIRECTION ( 'NONE',  ( 1.000000000000000000, 0.0000000000000000000, -5.551115123125782700E-017 ) ) ;
#3753 = VERTEX_POINT ( 'NONE', #6925 ) ;
#3754 = EDGE_CURVE ( 'NONE', #5420, #2104, #1970, .T. ) ;
#3755 = PLANE ( 'NONE',  #3247 ) ;
#3756 = ORIENTED_EDGE ( 'NONE', *, *, #3810, .F. ) ;
#3757 = EDGE_LOOP ( 'NONE', ( #5290, #5106, #4580, #4161, #4333 ) ) ;
#3758 = CARTESIAN_POINT ( 'NONE',  ( 0.02999999999999986000, 0.5349999999999997000, -1.150000000000000400 ) ) ;
#3759 = LINE ( 'NONE', #1318, #3582 ) ;
#3760 = DIRECTION ( 'NONE',  ( -5.551115123125782700E-017, 5.942384858043084500E-017, 1.000000000000000000 ) ) ;
#3761 = VERTEX_POINT ( 'NONE', #2979 ) ;
#3762 = CARTESIAN_POINT ( 'NONE',  ( -0.7990799234564898200, 0.3699999999999942200, 0.3458789550737024200 ) ) ;
#3763 = DIRECTION ( 'NONE',  ( 0.4999999999999967800, -4.163336342344317300E-017, -0.8660254037844404800 ) ) ;
#3764 = VERTEX_POINT ( 'NONE', #6831 ) ;
#3765 = VERTEX_POINT ( 'NONE', #3522 ) ;
#3766 = ORIENTED_EDGE ( 'NONE', *, *, #3062, .T. ) ;
#3767 = CIRCLE ( 'NONE', #6585, 0.8633839599355779300 ) ;
#3768 = DIRECTION ( 'NONE',  ( 0.9670961853396489200, -2.775557561562891000E-017, -0.2544110223663653100 ) ) ;
#3769 = DIRECTION ( 'NONE',  ( -0.8660254037844399300, 0.4999999999999978400, 0.0000000000000000000 ) ) ;
#3770 = B_SPLINE_CURVE_WITH_KNOTS ( 'NONE', 3,
 ( #2842, #4497, #1740, #5611, #2305, #6169, #2863 ),
 .UNSPECIFIED., .F., .F.,
 ( 4, 3, 4 ),
 ( 0.0004733867662774177800, 0.0005254334619911579600, 0.0005735006493361293600 ),
 .UNSPECIFIED. ) ;
#3771 = CARTESIAN_POINT ( 'NONE',  ( 0.5649999999999987300, 0.8099999999999998300, -2.099999999999999600 ) ) ;
#3772 = LINE ( 'NONE', #1906, #2297 ) ;
#3773 = EDGE_LOOP ( 'NONE', ( #2038, #6953, #2467, #212, #900, #2804, #2284, #1340 ) ) ;
#3774 = AXIS2_PLACEMENT_3D ( 'NONE', #6229, #1834, #5706 ) ;
#3775 = AXIS2_PLACEMENT_3D ( 'NONE', #3572, #3051, #6908 ) ;
#3776 = CARTESIAN_POINT ( 'NONE',  ( -0.6937196594771336500, 0.3222388905165391400, 0.2850491783033312100 ) ) ;
#3777 = LINE ( 'NONE', #3908, #6713 ) ;
#3778 = ORIENTED_EDGE ( 'NONE', *, *, #3361, .T. ) ;
#3779 = VECTOR ( 'NONE', #3276, 1000.000000000000000 ) ;
#3780 = VECTOR ( 'NONE', #5020, 1000.000000000000200 ) ;
#3781 = CARTESIAN_POINT ( 'NONE',  ( 0.4599999999999999100, 0.3009341382301984300, -0.9500000000000002900 ) ) ;
#3782 = DIRECTION ( 'NONE',  ( 2.775557561562890600E-015, 0.0000000000000000000, -1.000000000000000000 ) ) ;
#3783 = CARTESIAN_POINT ( 'NONE',  ( -0.1000000000000001700, 0.2638584647009650800, -0.8559040522786479600 ) ) ;
#3784 = CARTESIAN_POINT ( 'NONE',  ( -0.1100000000000000000, 0.09999999999999999200, 1.000000000000000000 ) ) ;
#3785 = VECTOR ( 'NONE', #4683, 1000.000000000000000 ) ;
#3786 = EDGE_CURVE ( 'NONE', #4883, #3900, #1558, .T. ) ;
#3787 = ORIENTED_EDGE ( 'NONE', *, *, #4687, .F. ) ;
#3788 = ADVANCED_FACE ( 'NONE', ( #4483 ), #782, .T. ) ;
#3789 = VECTOR ( 'NONE', #6411, 1000.000000000000000 ) ;
#3790 = EDGE_CURVE ( 'NONE', #865, #4610, #7086, .T. ) ;
#3791 = DIRECTION ( 'NONE',  ( 3.025117668765123600E-019, -1.000000000000000000, 6.756096126909301100E-018 ) ) ;
#3792 = VERTEX_POINT ( 'NONE', #4675 ) ;
#3793 = FACE_OUTER_BOUND ( 'NONE', #3270, .T. ) ;
#3794 = CARTESIAN_POINT ( 'NONE',  ( -0.09999999999999988100, 0.3766592317967467600, -0.8554449805730931500 ) ) ;
#3795 = DIRECTION ( 'NONE',  ( 5.551115123125782700E-017, -5.551115123125782700E-017, -1.000000000000000000 ) ) ;
#3796 = EDGE_CURVE ( 'NONE', #1039, #2006, #4150, .T. ) ;
#3797 = LINE ( 'NONE', #532, #6566 ) ;
#3798 = ORIENTED_EDGE ( 'NONE', *, *, #5367, .F. ) ;
#3799 = CIRCLE ( 'NONE', #4806, 0.1699999999999999000 ) ;
#3800 = CARTESIAN_POINT ( 'NONE',  ( 0.2128949858952572900, 1.016251239182008000, 0.7424530488324256900 ) ) ;
#3801 = DIRECTION ( 'NONE',  ( -1.000000000000000000, 0.0000000000000000000, 5.551115123125782700E-017 ) ) ;
#3802 = VERTEX_POINT ( 'NONE', #5786 ) ;
#3803 = VECTOR ( 'NONE', #5407, 1000.000000000000000 ) ;
#3804 = ORIENTED_EDGE ( 'NONE', *, *, #1891, .T. ) ;
#3805 = CARTESIAN_POINT ( 'NONE',  ( 5.421010862427522200E-017, 1.159999999999999900, -1.850000000000000100 ) ) ;
#3806 = CARTESIAN_POINT ( 'NONE',  ( 3.080868893334809800E-016, 0.6350000000000000100, -5.550000000000000700 ) ) ;
#3807 = VERTEX_POINT ( 'NONE', #4614 ) ;
#3808 = ORIENTED_EDGE ( 'NONE', *, *, #3062, .F. ) ;
#3809 = ORIENTED_EDGE ( 'NONE', *, *, #2082, .F. ) ;
#3810 = EDGE_CURVE ( 'NONE', #3753, #6003, #1391, .T. ) ;
#3811 = CARTESIAN_POINT ( 'NONE',  ( 0.7984483950146471500, 0.2599999999999945100, 0.3455143419578031200 ) ) ;
#3812 = EDGE_CURVE ( 'NONE', #7101, #3942, #1203, .T. ) ;
#3813 = AXIS2_PLACEMENT_3D ( 'NONE', #4212, #5596, #5615 ) ;
#3814 = AXIS2_PLACEMENT_3D ( 'NONE', #3327, #21, #3890 ) ;
#3815 = ORIENTED_EDGE ( 'NONE', *, *, #6236, .T. ) ;
#3816 = VECTOR ( 'NONE', #1155, 1000.000000000000000 ) ;
#3817 = ADVANCED_FACE ( 'NONE', ( #5604 ), #6327, .F. ) ;
#3818 = CARTESIAN_POINT ( 'NONE',  ( -0.2500000000000000000, 0.09999999999999999200, 0.8400000000000001900 ) ) ;
#3819 = ORIENTED_EDGE ( 'NONE', *, *, #801, .F. ) ;
#3820 = VERTEX_POINT ( 'NONE', #1942 ) ;
#3821 = FACE_OUTER_BOUND ( 'NONE', #4929, .T. ) ;
#3822 = EDGE_CURVE ( 'NONE', #2724, #1025, #5794, .T. ) ;
#3823 = PLANE ( 'NONE',  #6084 ) ;
#3824 = CARTESIAN_POINT ( 'NONE',  ( -1.084202172485504400E-016, 0.3506307787036603800, -4.336808689942017700E-016 ) ) ;
#3825 = DIRECTION ( 'NONE',  ( -5.551115123125782700E-017, 5.551115123125782700E-017, 1.000000000000000000 ) ) ;
#3826 = CARTESIAN_POINT ( 'NONE',  ( 0.6278445005324558800, 0.9899999999999999900, 0.6900000000000000600 ) ) ;
#3827 = ORIENTED_EDGE ( 'NONE', *, *, #5321, .T. ) ;
#3828 = LINE ( 'NONE', #1239, #894 ) ;
#3829 = ORIENTED_EDGE ( 'NONE', *, *, #482, .T. ) ;
#3830 = AXIS2_PLACEMENT_3D ( 'NONE', #236, #2086, #435 ) ;
#3831 = CARTESIAN_POINT ( 'NONE',  ( 0.3549999999999983200, 0.4251110699893032600, -2.209999999999998200 ) ) ;
#3832 = EDGE_CURVE ( 'NONE', #1296, #5335, #5440, .T. ) ;
#3833 = VERTEX_POINT ( 'NONE', #1416 ) ;
#3834 = FACE_OUTER_BOUND ( 'NONE', #2274, .T. ) ;
#3835 = FACE_OUTER_BOUND ( 'NONE', #3451, .T. ) ;
#3836 = CARTESIAN_POINT ( 'NONE',  ( 0.5649999999999988400, 0.7888417395787665800, -2.099999999999998800 ) ) ;
#3837 = CARTESIAN_POINT ( 'NONE',  ( 0.0000000000000000000, 0.0000000000000000000, 0.0000000000000000000 ) ) ;
#3838 = EDGE_LOOP ( 'NONE', ( #6333, #750, #4133, #5235 ) ) ;
#3839 = ORIENTED_EDGE ( 'NONE', *, *, #1754, .T. ) ;
#3840 = VERTEX_POINT ( 'NONE', #5280 ) ;
#3841 = CARTESIAN_POINT ( 'NONE',  ( -0.5649999999999986100, 0.7888417395787666900, -2.209999999999998200 ) ) ;
#3842 = CONICAL_SURFACE ( 'NONE', #3854, 0.8707243970591990200, 1.134464013796320400 ) ;
#3843 = EDGE_CURVE ( 'NONE', #3840, #6605, #247, .T. ) ;
#3844 = DIRECTION ( 'NONE',  ( -1.000000000000000000, -7.058607893785842800E-018, 0.0000000000000000000 ) ) ;
#3845 = DIRECTION ( 'NONE',  ( 0.0000000000000000000, 0.0000000000000000000, 1.000000000000000000 ) ) ;
#3846 = ORIENTED_EDGE ( 'NONE', *, *, #4060, .F. ) ;
#3847 = ORIENTED_EDGE ( 'NONE', *, *, #62, .T. ) ;
#3848 = ORIENTED_EDGE ( 'NONE', *, *, #2302, .F. ) ;
#3849 = VECTOR ( 'NONE', #444, 1000.000000000000000 ) ;
#3850 = DIRECTION ( 'NONE',  ( 0.0000000000000000000, 1.000000000000000000, 5.551115123125782700E-017 ) ) ;
#3851 = DIRECTION ( 'NONE',  ( 0.9612616959383187800, 1.110223024625156300E-016, 0.2756373558169997700 ) ) ;
#3852 = ADVANCED_FACE ( 'NONE', ( #3965 ), #3628, .F. ) ;
#3853 = ADVANCED_FACE ( 'NONE', ( #1026 ), #6959, .T. ) ;
#3854 = AXIS2_PLACEMENT_3D ( 'NONE', #1892, #1347, #774 ) ;
#3855 = LINE ( 'NONE', #4751, #4980 ) ;
#3856 = ORIENTED_EDGE ( 'NONE', *, *, #2133, .T. ) ;
#3857 = VECTOR ( 'NONE', #2361, 1000.000000000000000 ) ;
#3858 = CARTESIAN_POINT ( 'NONE',  ( -0.2556856015201488500, 1.159999999999999900, 0.7142364707906673200 ) ) ;
#3859 = LINE ( 'NONE', #5227, #5511 ) ;
#3860 = ORIENTED_EDGE ( 'NONE', *, *, #5588, .T. ) ;
#3861 = ORIENTED_EDGE ( 'NONE', *, *, #1571, .F. ) ;
#3862 = CIRCLE ( 'NONE', #6971, 0.4200000000000001500 ) ;
#3863 = LINE ( 'NONE', #6990, #6639 ) ;
#3864 = AXIS2_PLACEMENT_3D ( 'NONE', #1564, #1021, #4895 ) ;
#3865 = CARTESIAN_POINT ( 'NONE',  ( 0.7500000000000000000, 0.3222388905185646900, 0.0000000000000000000 ) ) ;
#3866 = CARTESIAN_POINT ( 'NONE',  ( 0.3250000000000001800, 0.7150000000000003000, -2.099999999999999600 ) ) ;
#3867 = ORIENTED_EDGE ( 'NONE', *, *, #3729, .T. ) ;
#3868 = LINE ( 'NONE', #191, #5356 ) ;
#3869 = DIRECTION ( 'NONE',  ( -5.551115123125782700E-017, 0.0000000000000000000, 1.000000000000000000 ) ) ;
#3870 = DIRECTION ( 'NONE',  ( 1.000000000000000000, 0.0000000000000000000, 0.0000000000000000000 ) ) ;
#3871 = PLANE ( 'NONE',  #1460 ) ;
#3872 = DIRECTION ( 'NONE',  ( -1.000000000000000000, 0.0000000000000000000, 5.551115123125782700E-017 ) ) ;
#3873 = CARTESIAN_POINT ( 'NONE',  ( -1.050000000000000000, 0.9900000000000002100, -0.5500000000000003800 ) ) ;
#3874 = EDGE_CURVE ( 'NONE', #35, #1359, #5274, .T. ) ;
#3875 = EDGE_CURVE ( 'NONE', #3840, #2791, #6730, .T. ) ;
#3876 = CARTESIAN_POINT ( 'NONE',  ( -0.8033421168750580800, 0.4325012349780353900, 0.3483397335912504800 ) ) ;
#3877 = EDGE_CURVE ( 'NONE', #5986, #631, #6905, .T. ) ;
#3878 = ORIENTED_EDGE ( 'NONE', *, *, #2584, .T. ) ;
#3879 = VECTOR ( 'NONE', #2942, 1000.000000000000000 ) ;
#3880 = ORIENTED_EDGE ( 'NONE', *, *, #6803, .F. ) ;
#3881 = VECTOR ( 'NONE', #3971, 1000.000000000000000 ) ;
#3882 = DIRECTION ( 'NONE',  ( -5.551115123125782700E-017, 5.551115123125782700E-017, 1.000000000000000000 ) ) ;
#3883 = VERTEX_POINT ( 'NONE', #4797 ) ;
#3884 = EDGE_CURVE ( 'NONE', #6076, #4976, #5086, .T. ) ;
#3885 = ADVANCED_FACE ( 'NONE', ( #2320 ), #2149, .T. ) ;
#3886 = ORIENTED_EDGE ( 'NONE', *, *, #2555, .T. ) ;
#3887 = ADVANCED_FACE ( 'NONE', ( #3793 ), #3434, .T. ) ;
#3888 = VERTEX_POINT ( 'NONE', #4262 ) ;
#3889 = DIRECTION ( 'NONE',  ( 5.551115123125782700E-017, -6.225863063831157200E-017, -1.000000000000000000 ) ) ;
#3890 = DIRECTION ( 'NONE',  ( -1.000000000000000000, 0.0000000000000000000, 0.0000000000000000000 ) ) ;
#3891 = DIRECTION ( 'NONE',  ( -0.7071067811865490200, 2.314264048727872200E-018, 0.7071067811865460200 ) ) ;
#3892 = AXIS2_PLACEMENT_3D ( 'NONE', #5460, #6018, #2714 ) ;
#3893 = CARTESIAN_POINT ( 'NONE',  ( 0.6500000000000001300, 1.159999999999999900, 0.1250000000000001100 ) ) ;
#3894 = CARTESIAN_POINT ( 'NONE',  ( -0.7387712897465943400, 0.7900000000000000400, 0.4567268055841937100 ) ) ;
#3895 = CARTESIAN_POINT ( 'NONE',  ( -0.5649999999999990600, 0.7888417395787664700, -2.099999999999998800 ) ) ;
#3896 = ORIENTED_EDGE ( 'NONE', *, *, #5225, .T. ) ;
#3897 = CARTESIAN_POINT ( 'NONE',  ( -1.050000000000000000, 1.089583694396574200, -0.5500000000000002700 ) ) ;
#3898 = PLANE ( 'NONE',  #955 ) ;
#3899 = EDGE_CURVE ( 'NONE', #3530, #3545, #665, .T. ) ;
#3900 = VERTEX_POINT ( 'NONE', #389 ) ;
#3901 = FACE_OUTER_BOUND ( 'NONE', #4410, .T. ) ;
#3902 = CARTESIAN_POINT ( 'NONE',  ( -0.8800000000000000000, 1.159999999999999900, 0.5499999999999997100 ) ) ;
#3903 = EDGE_CURVE ( 'NONE', #1692, #6794, #6365, .T. ) ;
#3904 = CARTESIAN_POINT ( 'NONE',  ( 0.6400000000000001200, 0.9900000000000002100, -0.9500000000000002900 ) ) ;
#3905 = AXIS2_PLACEMENT_3D ( 'NONE', #6915, #1374, #2403 ) ;
#3906 = ORIENTED_EDGE ( 'NONE', *, *, #4481, .T. ) ;
#3907 = VECTOR ( 'NONE', #6374, 1000.000000000000000 ) ;
#3908 = CARTESIAN_POINT ( 'NONE',  ( -0.1291493443097004900, 0.3521436567384886300, -2.294452801955419600 ) ) ;
#3909 = ORIENTED_EDGE ( 'NONE', *, *, #6022, .T. ) ;
#3910 = CARTESIAN_POINT ( 'NONE',  ( 0.03000000000000013400, -1.084202172485504400E-016, -0.9500000000000002900 ) ) ;
#3911 = CARTESIAN_POINT ( 'NONE',  ( -0.7387712897465940100, 0.7900000000000000400, 0.6900000000000000600 ) ) ;
#3912 = VERTEX_POINT ( 'NONE', #2649 ) ;
#3913 = EDGE_CURVE ( 'NONE', #2201, #2006, #1993, .T. ) ;
#3914 = DIRECTION ( 'NONE',  ( -1.000000000000000000, 0.0000000000000000000, -3.097720492815726700E-015 ) ) ;
#3915 = ORIENTED_EDGE ( 'NONE', *, *, #3244, .T. ) ;
#3916 = EDGE_LOOP ( 'NONE', ( #1706, #1196, #7106, #2247, #5729, #1434, #6020, #4358 ) ) ;
#3917 = VECTOR ( 'NONE', #2671, 999.9999999999998900 ) ;
#3918 = EDGE_CURVE ( 'NONE', #873, #3937, #6561, .T. ) ;
#3919 = DIRECTION ( 'NONE',  ( 5.551115123125782700E-017, -5.551115123125782700E-017, -1.000000000000000000 ) ) ;
#3920 = LINE ( 'NONE', #1878, #2469 ) ;
#3921 = DIRECTION ( 'NONE',  ( 1.000000000000000000, 0.0000000000000000000, -5.551115123125782700E-017 ) ) ;
#3922 = VERTEX_POINT ( 'NONE', #436 ) ;
#3923 = CARTESIAN_POINT ( 'NONE',  ( 0.5937196594789009300, 0.3222388905188984200, 0.4582542590612391800 ) ) ;
#3924 = CARTESIAN_POINT ( 'NONE',  ( 0.7107290450971190900, 0.2902085691084646000, 0.5258096593456295100 ) ) ;
#3925 = ADVANCED_FACE ( 'NONE', ( #3263 ), #985, .F. ) ;
#3926 = AXIS2_PLACEMENT_3D ( 'NONE', #3512, #4078, #760 ) ;
#3927 = ORIENTED_EDGE ( 'NONE', *, *, #5923, .F. ) ;
#3928 = ADVANCED_FACE ( 'NONE', ( #4756 ), #6494, .F. ) ;
#3929 = ORIENTED_EDGE ( 'NONE', *, *, #3464, .F. ) ;
#3930 = ORIENTED_EDGE ( 'NONE', *, *, #1292, .T. ) ;
#3931 = FACE_OUTER_BOUND ( 'NONE', #6113, .T. ) ;
#3932 = ORIENTED_EDGE ( 'NONE', *, *, #4784, .T. ) ;
#3933 = EDGE_CURVE ( 'NONE', #3615, #2834, #4923, .T. ) ;
#3934 = VERTEX_POINT ( 'NONE', #4328 ) ;
#3935 = ORIENTED_EDGE ( 'NONE', *, *, #217, .F. ) ;
#3936 = CARTESIAN_POINT ( 'NONE',  ( -0.2500000000000000000, -1.355252715606880500E-017, 0.9300000000000000500 ) ) ;
#3937 = VERTEX_POINT ( 'NONE', #2676 ) ;
#3938 = VECTOR ( 'NONE', #599, 1000.000000000000000 ) ;
#3939 = CARTESIAN_POINT ( 'NONE',  ( 0.5799999999999999600, 0.1999999999999998200, -0.8400000000000001900 ) ) ;
#3940 = DIRECTION ( 'NONE',  ( -5.551115123125782700E-017, 5.551115123125782700E-017, 1.000000000000000000 ) ) ;
#3941 = VECTOR ( 'NONE', #5743, 999.9999999999998900 ) ;
#3942 = VERTEX_POINT ( 'NONE', #1575 ) ;
#3943 = LINE ( 'NONE', #6810, #233 ) ;
#3944 = DIRECTION ( 'NONE',  ( 6.162975822039154700E-033, 1.000000000000000000, -5.551115123125782700E-017 ) ) ;
#3945 = CARTESIAN_POINT ( 'NONE',  ( -9.629649721936179300E-032, 0.3971892336110938200, -4.336808689942017700E-016 ) ) ;
#3946 = DIRECTION ( 'NONE',  ( 5.551115123125782700E-017, -5.551115123125782700E-017, -1.000000000000000000 ) ) ;
#3947 = VECTOR ( 'NONE', #3371, 1000.000000000000000 ) ;
#3948 = CARTESIAN_POINT ( 'NONE',  ( -0.03499999999999892800, 0.3789230484541329400, -2.200000000000001500 ) ) ;
#3949 = VERTEX_POINT ( 'NONE', #5437 ) ;
#3950 = LINE ( 'NONE', #4937, #5428 ) ;
#3951 = LINE ( 'NONE', #4443, #2506 ) ;
#3952 = AXIS2_PLACEMENT_3D ( 'NONE', #1633, #5492, #2181 ) ;
#3953 = EDGE_CURVE ( 'NONE', #4853, #5058, #3114, .T. ) ;
#3954 = AXIS2_PLACEMENT_3D ( 'NONE', #4721, #4059, #3768 ) ;
#3955 = PLANE ( 'NONE',  #1113 ) ;
#3956 = CARTESIAN_POINT ( 'NONE',  ( 0.4949999999999997700, 0.8599999999999998800, -1.950000000000000400 ) ) ;
#3957 = ORIENTED_EDGE ( 'NONE', *, *, #1823, .T. ) ;
#3958 = VECTOR ( 'NONE', #3133, 1000.000000000000000 ) ;
#3959 = DIRECTION ( 'NONE',  ( 0.0000000000000000000, 1.000000000000000000, 0.0000000000000000000 ) ) ;
#3960 = PLANE ( 'NONE',  #3091 ) ;
#3961 = LOCAL_TIME ( 10, 48, 54.00000000000000000, #5436 ) ;
#3962 = ADVANCED_FACE ( 'NONE', ( #6044 ), #5881, .F. ) ;
#3963 = ADVANCED_FACE ( 'NONE', ( #4563 ), #2928, .F. ) ;
#3964 = ORIENTED_EDGE ( 'NONE', *, *, #575, .F. ) ;
#3965 = FACE_OUTER_BOUND ( 'NONE', #5147, .T. ) ;
#3966 = CARTESIAN_POINT ( 'NONE',  ( 0.0000000000000000000, 0.2599999999999949600, 0.0000000000000000000 ) ) ;
#3967 = VECTOR ( 'NONE', #2165, 1000.000000000000000 ) ;
#3968 = ORIENTED_EDGE ( 'NONE', *, *, #1221, .T. ) ;
#3969 = LINE ( 'NONE', #6833, #2324 ) ;
#3970 = DIRECTION ( 'NONE',  ( 5.551115123125782700E-017, -5.551115123125782700E-017, -1.000000000000000000 ) ) ;
#3971 = DIRECTION ( 'NONE',  ( 0.0000000000000000000, -4.717756710106838500E-032, 1.000000000000000000 ) ) ;
#3972 = CARTESIAN_POINT ( 'NONE',  ( 0.5649999999999986100, 0.7888417395787664700, -2.440000000000000400 ) ) ;
#3973 = DIRECTION ( 'NONE',  ( 0.0000000000000000000, 0.0000000000000000000, 1.000000000000000000 ) ) ;
#3974 = EDGE_CURVE ( 'NONE', #4976, #5113, #337, .T. ) ;
#3975 = VERTEX_POINT ( 'NONE', #3985 ) ;
#3976 = ORIENTED_EDGE ( 'NONE', *, *, #2865, .T. ) ;
#3977 = DIRECTION ( 'NONE',  ( 5.551115123125782700E-017, -6.231046968307496900E-017, -1.000000000000000000 ) ) ;
#3978 = ORIENTED_EDGE ( 'NONE', *, *, #5090, .F. ) ;
#3979 = EDGE_LOOP ( 'NONE', ( #3827, #6252, #5327, #986 ) ) ;
#3980 = CARTESIAN_POINT ( 'NONE',  ( 0.09999999999999982500, 0.2600000000000020100, -0.8642337646724901300 ) ) ;
#3981 = CARTESIAN_POINT ( 'NONE',  ( 0.5160106382978720800, 0.6099999999999998800, -0.7251434486799306400 ) ) ;
#3982 = EDGE_CURVE ( 'NONE', #3099, #3411, #6211, .T. ) ;
#3983 = ORIENTED_EDGE ( 'NONE', *, *, #1198, .T. ) ;
#3984 = CARTESIAN_POINT ( 'NONE',  ( 0.5695836943965739700, 1.159999999999999700, -1.950000000000000200 ) ) ;
#3985 = CARTESIAN_POINT ( 'NONE',  ( -0.4599999999999999600, 0.3009341382301985400, -0.9500000000000002900 ) ) ;
#3986 = ORIENTED_EDGE ( 'NONE', *, *, #6692, .F. ) ;
#3987 = VECTOR ( 'NONE', #1462, 1000.000000000000000 ) ;
#3988 = CARTESIAN_POINT ( 'NONE',  ( 0.1000000000000001600, 0.3222388905109489500, -0.7433034373606367500 ) ) ;
#3989 = DIRECTION ( 'NONE',  ( 1.000000000000000000, 0.0000000000000000000, 0.0000000000000000000 ) ) ;
#3990 = AXIS2_PLACEMENT_3D ( 'NONE', #5470, #2158, #6031 ) ;
#3991 = DIRECTION ( 'NONE',  ( 0.0000000000000000000, 0.0000000000000000000, -1.000000000000000000 ) ) ;
#3992 = DIRECTION ( 'NONE',  ( 0.0000000000000000000, -1.000000000000000000, -5.551115123125782700E-017 ) ) ;
#3993 = DIRECTION ( 'NONE',  ( -1.609823385706477400E-015, 1.000000000000000000, -5.551115123125783900E-017 ) ) ;
#3994 = ADVANCED_FACE ( 'NONE', ( #4399 ), #2764, .T. ) ;
#3995 = EDGE_LOOP ( 'NONE', ( #4361, #6167, #2743, #5481 ) ) ;
#3996 = VECTOR ( 'NONE', #4186, 1000.000000000000000 ) ;
#3997 = ADVANCED_FACE ( 'NONE', ( #1479 ), #137, .T. ) ;
#3998 = ORIENTED_EDGE ( 'NONE', *, *, #7030, .T. ) ;
#3999 = FACE_OUTER_BOUND ( 'NONE', #5930, .T. ) ;
#4000 = VECTOR ( 'NONE', #6467, 999.9999999999998900 ) ;
#4001 = CARTESIAN_POINT ( 'NONE',  ( 0.8800000000000000000, 0.1999999999999998200, -0.5400000000000001500 ) ) ;
#4002 = CARTESIAN_POINT ( 'NONE',  ( 0.6400000000000003500, 1.084202172485504400E-016, -1.950000000000000400 ) ) ;
#4003 = AXIS2_PLACEMENT_3D ( 'NONE', #1783, #4565, #1265 ) ;
#4004 = ORIENTED_EDGE ( 'NONE', *, *, #820, .T. ) ;
#4005 = ORIENTED_EDGE ( 'NONE', *, *, #2700, .F. ) ;
#4006 = VERTEX_POINT ( 'NONE', #4011 ) ;
#4007 = LINE ( 'NONE', #5067, #1073 ) ;
#4008 = CARTESIAN_POINT ( 'NONE',  ( 0.7078170360182385300, 0.3093995863888855900, 0.2931883024442053000 ) ) ;
#4009 = CIRCLE ( 'NONE', #2847, 0.1200000000000000600 ) ;
#4010 = ORIENTED_EDGE ( 'NONE', *, *, #6692, .T. ) ;
#4011 = CARTESIAN_POINT ( 'NONE',  ( -0.1000000000000001000, 0.2600000000000019000, -0.8642337646724901300 ) ) ;
#4012 = DIRECTION ( 'NONE',  ( -5.551115123125782700E-017, 5.551115123125782700E-017, 1.000000000000000000 ) ) ;
#4013 = EDGE_CURVE ( 'NONE', #290, #6617, #5691, .T. ) ;
#4014 = EDGE_CURVE ( 'NONE', #3820, #5390, #7165, .T. ) ;
#4015 = VERTEX_POINT ( 'NONE', #5117 ) ;
#4016 = EDGE_CURVE ( 'NONE', #2862, #5457, #5520, .T. ) ;
#4017 = ORIENTED_EDGE ( 'NONE', *, *, #6199, .F. ) ;
#4018 = DIRECTION ( 'NONE',  ( 2.775557561562890600E-015, 0.0000000000000000000, -1.000000000000000000 ) ) ;
#4019 = CARTESIAN_POINT ( 'NONE',  ( 0.7965517582452831300, 0.3713522723860213600, 0.3444193182084561200 ) ) ;
#4020 = FACE_OUTER_BOUND ( 'NONE', #749, .T. ) ;
#4021 = DIRECTION ( 'NONE',  ( 6.828076653045480500E-015, 2.018718687702645100E-033, -1.000000000000000000 ) ) ;
#4022 = CARTESIAN_POINT ( 'NONE',  ( 0.0000000000000000000, 0.7900000000000000400, 0.0000000000000000000 ) ) ;
#4023 = AXIS2_PLACEMENT_3D ( 'NONE', #3454, #4598, #701 ) ;
#4024 = ORIENTED_EDGE ( 'NONE', *, *, #919, .F. ) ;
#4025 = ORIENTED_EDGE ( 'NONE', *, *, #325, .T. ) ;
#4026 = CONICAL_SURFACE ( 'NONE', #1033, 0.8700000000000000000, 1.134464013796320700 ) ;
#4027 = EDGE_CURVE ( 'NONE', #5919, #873, #4239, .T. ) ;
#4028 = DIRECTION ( 'NONE',  ( -5.551115123125782700E-017, 5.551115123125782700E-017, 1.000000000000000000 ) ) ;
#4029 = AXIS2_PLACEMENT_3D ( 'NONE', #4430, #4715, #4811 ) ;
#4030 = CARTESIAN_POINT ( 'NONE',  ( -0.06586813399371384300, 0.3967447739247856300, -2.164356549058695600 ) ) ;
#4031 = LINE ( 'NONE', #6328, #1095 ) ;
#4032 = ORIENTED_EDGE ( 'NONE', *, *, #6101, .F. ) ;
#4033 = FACE_OUTER_BOUND ( 'NONE', #6694, .T. ) ;
#4034 = VECTOR ( 'NONE', #403, 999.9999999999998900 ) ;
#4035 = DIRECTION ( 'NONE',  ( -5.551115123125782700E-017, 5.551115123125782700E-017, 1.000000000000000000 ) ) ;
#4036 = ADVANCED_FACE ( 'NONE', ( #1115 ), #1835, .T. ) ;
#4037 = DIRECTION ( 'NONE',  ( 0.3535533905932729500, 0.6123724356957963600, 0.7071067811865464600 ) ) ;
#4038 = DIRECTION ( 'NONE',  ( 0.0000000000000000000, 0.0000000000000000000, 1.000000000000000000 ) ) ;
#4039 = LINE ( 'NONE', #4731, #1105 ) ;
#4040 = CARTESIAN_POINT ( 'NONE',  ( -0.7839771384638863900, 0.3958217188418156100, 0.3371593580927094200 ) ) ;
#4041 = CARTESIAN_POINT ( 'NONE',  ( -0.09532849302035624500, 0.1651137933202432000, -2.100000000000000500 ) ) ;
#4042 = ORIENTED_EDGE ( 'NONE', *, *, #3102, .T. ) ;
#4043 = VERTEX_POINT ( 'NONE', #5149 ) ;
#4044 = VECTOR ( 'NONE', #3690, 1000.000000000000000 ) ;
#4045 = FACE_OUTER_BOUND ( 'NONE', #741, .T. ) ;
#4046 = DIRECTION ( 'NONE',  ( 0.0000000000000000000, -0.7559289460184530600, -0.6546536707079787500 ) ) ;
#4047 = CARTESIAN_POINT ( 'NONE',  ( 0.2556856015201481900, 0.9899999999999999900, 0.7142364707906677700 ) ) ;
#4048 = EDGE_CURVE ( 'NONE', #3792, #1215, #4051, .T. ) ;
#4049 = DIRECTION ( 'NONE',  ( -1.000000000000000000, 0.0000000000000000000, 0.0000000000000000000 ) ) ;
#4050 = ORIENTED_EDGE ( 'NONE', *, *, #6144, .T. ) ;
#4051 = LINE ( 'NONE', #6809, #941 ) ;
#4052 = EDGE_CURVE ( 'NONE', #1114, #3497, #3868, .T. ) ;
#4053 = AXIS2_PLACEMENT_3D ( 'NONE', #5793, #4733, #3499 ) ;
#4054 = AXIS2_PLACEMENT_3D ( 'NONE', #1315, #5724, #2984 ) ;
#4055 = PLANE ( 'NONE',  #3318 ) ;
#4056 = CARTESIAN_POINT ( 'NONE',  ( 5.421010862427503100E-017, 0.2349999999999999600, -1.950000000000000400 ) ) ;
#4057 = ORIENTED_EDGE ( 'NONE', *, *, #6754, .T. ) ;
#4058 = LINE ( 'NONE', #2380, #3879 ) ;
#4059 = DIRECTION ( 'NONE',  ( 0.2544110223663653700, 5.551115123125782700E-017, 0.9670961853396490300 ) ) ;
#4060 = EDGE_CURVE ( 'NONE', #5025, #1255, #6643, .T. ) ;
#4061 = ORIENTED_EDGE ( 'NONE', *, *, #2363, .F. ) ;
#4062 = DIRECTION ( 'NONE',  ( 0.8660254037844398200, 0.4999999999999978900, -5.551115123125780200E-017 ) ) ;
#4063 = LINE ( 'NONE', #5584, #6822 ) ;
#4064 = EDGE_CURVE ( 'NONE', #4149, #3273, #2417, .T. ) ;
#4065 = DIRECTION ( 'NONE',  ( 0.7706247876320192500, 0.06731278470167967300, 0.6337242505244774500 ) ) ;
#4066 = ORIENTED_EDGE ( 'NONE', *, *, #1896, .F. ) ;
#4067 = DIRECTION ( 'NONE',  ( 5.551115123125782700E-017, -5.551115123125782700E-017, -1.000000000000000000 ) ) ;
#4068 = CARTESIAN_POINT ( 'NONE',  ( -0.6839771384554395000, 0.3971892336095296800, 0.5103644388447202700 ) ) ;
#4069 = ORIENTED_EDGE ( 'NONE', *, *, #3269, .F. ) ;
#4070 = CARTESIAN_POINT ( 'NONE',  ( 0.4599999999999998500, 1.159999999999999900, -0.9500000000000002900 ) ) ;
#4071 = DIRECTION ( 'NONE',  ( -0.9670961853396489200, 0.0000000000000000000, 0.2544110223663653100 ) ) ;
#4072 = VERTEX_POINT ( 'NONE', #223 ) ;
#4073 = DIRECTION ( 'NONE',  ( 0.0000000000000000000, -7.228014483236695800E-017, 1.000000000000000000 ) ) ;
#4074 = APPLICATION_PROTOCOL_DEFINITION ( 'international standard', 'config_control_design', 1994, #4630 ) ;
#4075 = AXIS2_PLACEMENT_3D ( 'NONE', #445, #5405, #5363 ) ;
#4076 = ADVANCED_FACE ( 'NONE', ( #6469 ), #5174, .T. ) ;
#4077 = EDGE_LOOP ( 'NONE', ( #4329, #4050, #6519, #3848 ) ) ;
#4078 = DIRECTION ( 'NONE',  ( -7.744301232039317700E-016, 0.0000000000000000000, 1.000000000000000000 ) ) ;
#4079 = CARTESIAN_POINT ( 'NONE',  ( -0.6847686962534121900, 0.3891419756939434900, 0.5108214449524589600 ) ) ;
#4080 = ORIENTED_EDGE ( 'NONE', *, *, #4120, .F. ) ;
#4081 = VECTOR ( 'NONE', #4770, 1000.000000000000000 ) ;
#4082 = DIRECTION ( 'NONE',  ( 0.0000000000000000000, 0.0000000000000000000, 1.000000000000000000 ) ) ;
#4083 = DIRECTION ( 'NONE',  ( 0.4999999999999979500, -0.8660254037844399300, 1.401656568589260300E-015 ) ) ;
#4084 = CARTESIAN_POINT ( 'NONE',  ( -0.5649999999999988400, 0.9899999999999999900, -2.099999999999998800 ) ) ;
#4085 = CARTESIAN_POINT ( 'NONE',  ( -0.5249999999999985800, 0.8599999999999997600, -2.400000000000000800 ) ) ;
#4086 = B_SPLINE_CURVE_WITH_KNOTS ( 'NONE', 3,
 ( #4559, #1804, #6224, #2924, #6779, #3462, #154 ),
 .UNSPECIFIED., .F., .F.,
 ( 4, 3, 4 ),
 ( 0.0006077155804430654600, 0.0006276281830732143300, 0.0006415403157472858600 ),
 .UNSPECIFIED. ) ;
#4087 = CARTESIAN_POINT ( 'NONE',  ( -1.084202172485505900E-016, 0.4791160770650623700, -4.336808689942017700E-016 ) ) ;
#4088 = DIRECTION ( 'NONE',  ( 0.0000000000000000000, 0.0000000000000000000, 1.000000000000000000 ) ) ;
#4089 = DIRECTION ( 'NONE',  ( 1.000000000000000000, 0.0000000000000000000, 0.0000000000000000000 ) ) ;
#4091 = VERTEX_POINT ( 'NONE', #1345 ) ;
#4090 = LINE ( 'NONE', #4236, #3907 ) ;
#4092 = CARTESIAN_POINT ( 'NONE',  ( -0.06586813399371384300, 0.3967447739247856300, -2.164356549058695600 ) ) ;
#4093 = AXIS2_PLACEMENT_3D ( 'NONE', #1218, #2883, #6748 ) ;
#4094 = CARTESIAN_POINT ( 'NONE',  ( 0.2645751311064595300, 1.087660585711987900, -1.850000000000000300 ) ) ;
#4095 = CARTESIAN_POINT ( 'NONE',  ( -0.5649999999999986100, 0.7888417395787666900, -2.360000000000000800 ) ) ;
#4096 = ORIENTED_EDGE ( 'NONE', *, *, #918, .T. ) ;
#4097 = APPROVAL_STATUS ( 'not_yet_approved' ) ;
#4098 = DIRECTION ( 'NONE',  ( 6.106226635438361000E-016, -1.000000000000000000, 0.0000000000000000000 ) ) ;
#4099 = ORIENTED_EDGE ( 'NONE', *, *, #5588, .F. ) ;
#4100 = VECTOR ( 'NONE', #658, 1000.000000000000200 ) ;
#4101 = VECTOR ( 'NONE', #6826, 1000.000000000000200 ) ;
#4102 = ORIENTED_EDGE ( 'NONE', *, *, #4259, .F. ) ;
#4103 = EDGE_CURVE ( 'NONE', #597, #3615, #2233, .T. ) ;
#4104 = CARTESIAN_POINT ( 'NONE',  ( 0.3349999999999985800, 0.4597520861406807500, -2.249999999999998700 ) ) ;
#4105 = ORIENTED_EDGE ( 'NONE', *, *, #1151, .T. ) ;
#4106 = CARTESIAN_POINT ( 'NONE',  ( 0.4700000000000002000, 1.159999999999999900, -0.9500000000000002900 ) ) ;
#4107 = VECTOR ( 'NONE', #600, 1000.000000000000000 ) ;
#4108 = EDGE_LOOP ( 'NONE', ( #3007, #1992, #419, #6390 ) ) ;
#4109 = CARTESIAN_POINT ( 'NONE',  ( 0.6300000000000001200, 0.8600000000000001000, -0.9500000000000007300 ) ) ;
#4110 = ADVANCED_FACE ( 'NONE', ( #3521 ), #3343, .T. ) ;
#4111 =( BOUNDED_CURVE ( )  B_SPLINE_CURVE ( 3, ( #4030, #156, #715, #4586 ),
 .UNSPECIFIED., .F., .T. ) 
 B_SPLINE_CURVE_WITH_KNOTS ( ( 4, 4 ),
 ( 1.251282497590023200, 1.454449130159603000 ),
 .UNSPECIFIED. ) 
 CURVE ( )  GEOMETRIC_REPRESENTATION_ITEM ( )  RATIONAL_B_SPLINE_CURVE ( ( 1.000000000000000000, 0.9965632335245083700, 0.9965632335245083700, 1.000000000000000000 ) ) 
 REPRESENTATION_ITEM ( '' )  );
#4112 = CARTESIAN_POINT ( 'NONE',  ( -0.1816025403784424800, 0.3250000000000000700, -2.100000000000000100 ) ) ;
#4113 = CARTESIAN_POINT ( 'NONE',  ( -0.8800000000000000000, 0.1999999999999998200, -0.8400000000000001900 ) ) ;
#4114 = ORIENTED_EDGE ( 'NONE', *, *, #7030, .F. ) ;
#4115 = ORIENTED_EDGE ( 'NONE', *, *, #1819, .F. ) ;
#4116 = LINE ( 'NONE', #4984, #2661 ) ;
#4117 = CARTESIAN_POINT ( 'NONE',  ( 0.6278445005324558800, 0.7900000000000000400, 0.6900000000000000600 ) ) ;
#4118 = DIRECTION ( 'NONE',  ( -1.000000000000000000, -5.646886315028674300E-017, 0.0000000000000000000 ) ) ;
#4119 = EDGE_CURVE ( 'NONE', #2785, #498, #6299, .T. ) ;
#4120 = EDGE_CURVE ( 'NONE', #2862, #1551, #4834, .T. ) ;
#4121 = DIRECTION ( 'NONE',  ( 0.0000000000000000000, -1.000000000000000000, -5.551115123125782700E-017 ) ) ;
#4122 = EDGE_CURVE ( 'NONE', #1544, #6605, #4998, .T. ) ;
#4123 = CARTESIAN_POINT ( 'NONE',  ( -0.3949999999999986300, 1.159999999999999500, -2.099999999999999600 ) ) ;
#4124 = DIRECTION ( 'NONE',  ( 0.2588190451025256800, 0.9659258262890668700, -1.110223024625156500E-016 ) ) ;
#4125 = EDGE_LOOP ( 'NONE', ( #703, #3861, #4139, #1207, #356 ) ) ;
#4126 = VECTOR ( 'NONE', #5652, 1000.000000000000000 ) ;
#4127 = CC_DESIGN_PERSON_AND_ORGANIZATION_ASSIGNMENT ( #2844, #1355, ( #2656 ) ) ;
#4128 = CARTESIAN_POINT ( 'NONE',  ( -0.3549999999999983200, 0.4251110699893032600, -2.440000000000000400 ) ) ;
#4129 = EDGE_CURVE ( 'NONE', #5650, #1172, #421, .T. ) ;
#4130 = CARTESIAN_POINT ( 'NONE',  ( -1.084202172485504400E-016, 0.3506307787036603800, -4.336808689942017700E-016 ) ) ;
#4131 = VECTOR ( 'NONE', #7092, 1000.000000000000200 ) ;
#4132 = CARTESIAN_POINT ( 'NONE',  ( -0.1000000000000000100, 0.1199999999999999800, -1.000000000000000000 ) ) ;
#4133 = ORIENTED_EDGE ( 'NONE', *, *, #1063, .T. ) ;
#4134 = ORIENTED_EDGE ( 'NONE', *, *, #1016, .T. ) ;
#4135 = TOROIDAL_SURFACE ( 'NONE', #4335, 0.8100000000000000500, 0.07999999999999986300 ) ;
#4136 = FACE_OUTER_BOUND ( 'NONE', #1938, .T. ) ;
#4137 = CARTESIAN_POINT ( 'NONE',  ( 0.09999999999999993600, 0.4157817718515715600, -0.8538790678398124900 ) ) ;
#4138 = CARTESIAN_POINT ( 'NONE',  ( -1.084202172485503400E-016, 0.5099999999999997900, -4.336808689942017700E-016 ) ) ;
#4139 = ORIENTED_EDGE ( 'NONE', *, *, #3429, .F. ) ;
#4140 = LINE ( 'NONE', #5331, #6900 ) ;
#4141 = DIRECTION ( 'NONE',  ( -3.025117668765359500E-019, 1.000000000000000000, 0.0000000000000000000 ) ) ;
#4142 = AXIS2_PLACEMENT_3D ( 'NONE', #4662, #783, #2993 ) ;
#4143 = B_SPLINE_CURVE_WITH_KNOTS ( 'NONE', 3,
 ( #2513, #6912, #4169, #850, #4727, #1419, #5284, #1971, #5836, #2538 ),
 .UNSPECIFIED., .F., .F.,
 ( 4, 3, 3, 4 ),
 ( 3.442784648747625900E-005, 4.037136983198547400E-005, 5.037539238755566000E-005, 5.954497327916445400E-005 ),
 .UNSPECIFIED. ) ;
#4144 = CARTESIAN_POINT ( 'NONE',  ( -0.01450460097196642000, 0.3421296303934691100, -2.177111734246612900 ) ) ;
#4145 = CARTESIAN_POINT ( 'NONE',  ( 5.237222008264700000E-015, 0.9899999999999999900, 0.7500000000000000000 ) ) ;
#4146 = CARTESIAN_POINT ( 'NONE',  ( 0.5649999999999987300, 0.9899999999999997700, -2.099999999999998800 ) ) ;
#4147 = CARTESIAN_POINT ( 'NONE',  ( 0.6400000000000000100, 0.9900000000000002100, -1.950000000000000400 ) ) ;
#4148 = CALENDAR_DATE ( 2018, 26, 4 ) ;
#4149 = VERTEX_POINT ( 'NONE', #3034 ) ;
#4150 = LINE ( 'NONE', #4112, #2687 ) ;
#4151 = CARTESIAN_POINT ( 'NONE',  ( -0.1450000000000000200, 0.7888417395787665800, -2.289999999999998700 ) ) ;
#4152 = CARTESIAN_POINT ( 'NONE',  ( 0.6984483950146478400, 0.2599999999999945100, 0.5187194227146912900 ) ) ;
#4153 = CARTESIAN_POINT ( 'NONE',  ( 0.5649999999999987300, 0.9899999999999997700, -2.099999999999998800 ) ) ;
#4154 = ADVANCED_FACE ( 'NONE', ( #6122 ), #1396, .T. ) ;
#4155 = VECTOR ( 'NONE', #6565, 1000.000000000000000 ) ;
#4156 = CARTESIAN_POINT ( 'NONE',  ( 0.1000000000000001400, 0.4559359878494708100, -0.8810254248299674900 ) ) ;
#4157 = VERTEX_POINT ( 'NONE', #4700 ) ;
#4158 = CARTESIAN_POINT ( 'NONE',  ( -0.5649999999999995000, 3.252606517456513300E-016, -2.099999999999998800 ) ) ;
#4159 = DIRECTION ( 'NONE',  ( 0.0000000000000000000, 0.0000000000000000000, -1.000000000000000000 ) ) ;
#4160 = ORIENTED_EDGE ( 'NONE', *, *, #6640, .F. ) ;
#4161 = ORIENTED_EDGE ( 'NONE', *, *, #2256, .F. ) ;
#4162 = CARTESIAN_POINT ( 'NONE',  ( -0.6278445005324558800, 0.7900000000000000400, 0.6900000000000000600 ) ) ;
#4163 = EDGE_CURVE ( 'NONE', #69, #5597, #3191, .T. ) ;
#4164 = CARTESIAN_POINT ( 'NONE',  ( 0.1000000000000000500, 0.3648284027082802100, -0.8761266772076542500 ) ) ;
#4165 = VERTEX_POINT ( 'NONE', #6913 ) ;
#4166 = EDGE_CURVE ( 'NONE', #6412, #2880, #5957, .T. ) ;
#4167 = CARTESIAN_POINT ( 'NONE',  ( -0.03000000000000007900, 0.5349999999999999200, -1.150000000000000400 ) ) ;
#4168 = ORIENTED_EDGE ( 'NONE', *, *, #5601, .T. ) ;
#4169 = CARTESIAN_POINT ( 'NONE',  ( 0.7841508460325390400, 0.4011709368256772300, 0.3372596482042318200 ) ) ;
#4170 = DIRECTION ( 'NONE',  ( 2.775557561562890600E-015, 0.0000000000000000000, -1.000000000000000000 ) ) ;
#4171 = ORIENTED_EDGE ( 'NONE', *, *, #7119, .F. ) ;
#4172 = DIRECTION ( 'NONE',  ( 1.000000000000000000, 7.058607893785842800E-018, 0.0000000000000000000 ) ) ;
#4173 = CARTESIAN_POINT ( 'NONE',  ( 0.5160106382978721900, 0.8599999999999998800, -0.7251434486799306400 ) ) ;
#4174 = AXIS2_PLACEMENT_3D ( 'NONE', #7168, #3850, #531 ) ;
#4175 = CARTESIAN_POINT ( 'NONE',  ( 0.8800000000000000000, 0.0000000000000000000, -0.5400000000000001500 ) ) ;
#4176 = CARTESIAN_POINT ( 'NONE',  ( -0.5937196594789011500, 0.3222388905188985900, 0.4582542590612392900 ) ) ;
#4177 = CARTESIAN_POINT ( 'NONE',  ( 0.6926802116013895900, 0.4195329181885938400, 0.5153891604683120700 ) ) ;
#4178 = EDGE_CURVE ( 'NONE', #689, #1948, #579, .T. ) ;
#4179 = ORIENTED_EDGE ( 'NONE', *, *, #2193, .T. ) ;
#4180 = LINE ( 'NONE', #6276, #6934 ) ;
#4181 = CARTESIAN_POINT ( 'NONE',  ( 0.1000000000000001400, 0.4237230536374971800, -0.8622816423968072700 ) ) ;
#4182 = CARTESIAN_POINT ( 'NONE',  ( 0.8800000000000001200, 0.1200000000000000000, -0.5400000000000001500 ) ) ;
#4183 = DIRECTION ( 'NONE',  ( -1.000000000000000000, 0.0000000000000000000, -2.668805347656626100E-015 ) ) ;
#4184 = ORIENTED_EDGE ( 'NONE', *, *, #5726, .F. ) ;
#4185 = LINE ( 'NONE', #6356, #3996 ) ;
#4186 = DIRECTION ( 'NONE',  ( -1.000000000000000000, -0.0000000000000000000, -0.0000000000000000000 ) ) ;
#4187 = DIRECTION ( 'NONE',  ( 0.4217307497155848800, 0.0000000000000000000, -0.9067211118885072400 ) ) ;
#4188 = ORIENTED_EDGE ( 'NONE', *, *, #2747, .T. ) ;
#4189 = VECTOR ( 'NONE', #5317, 1000.000000000000000 ) ;
#4190 = CARTESIAN_POINT ( 'NONE',  ( -0.1000000000000000500, 0.3092629552290589400, -0.7593833777762993800 ) ) ;
#4191 = DIRECTION ( 'NONE',  ( 0.0000000000000000000, -1.000000000000000000, -5.551115123125782700E-017 ) ) ;
#4192 = LINE ( 'NONE', #5920, #4000 ) ;
#4193 = B_SPLINE_CURVE_WITH_KNOTS ( 'NONE', 3,
 ( #2100, #2147, #2020, #2209, #2234, #2056, #2427, #2409, #3026, #2220 ),
 .UNSPECIFIED., .F., .F.,
 ( 4, 3, 3, 4 ),
 ( 3.442784648747636700E-005, 4.037136983198547400E-005, 5.037539238755566000E-005, 5.954497327916459000E-005 ),
 .UNSPECIFIED. ) ;
#4194 = EDGE_LOOP ( 'NONE', ( #3081, #5192, #978, #1275, #5962, #5453 ) ) ;
#4195 = PLANE ( 'NONE',  #4607 ) ;
#4196 = CARTESIAN_POINT ( 'NONE',  ( 0.7232145854272735700, 0.3570887285029484800, 0.5330181894162221400 ) ) ;
#4197 = EDGE_CURVE ( 'NONE', #7065, #1948, #3017, .T. ) ;
#4198 = DIRECTION ( 'NONE',  ( -0.7071067811865485700, 1.054711873393898900E-015, -0.7071067811865465700 ) ) ;
#4199 = ORIENTED_EDGE ( 'NONE', *, *, #3089, .F. ) ;
#4200 = ORIENTED_EDGE ( 'NONE', *, *, #5630, .F. ) ;
#4201 = DIRECTION ( 'NONE',  ( 5.551115123125782700E-017, -5.551115123125782700E-017, -1.000000000000000000 ) ) ;
#4202 = VECTOR ( 'NONE', #6966, 1000.000000000000000 ) ;
#4203 = EDGE_CURVE ( 'NONE', #3683, #6352, #5253, .T. ) ;
#4204 = AXIS2_PLACEMENT_3D ( 'NONE', #1184, #6877, #3977 ) ;
#4205 = AXIS2_PLACEMENT_3D ( 'NONE', #3438, #6225, #2925 ) ;
#4206 = CARTESIAN_POINT ( 'NONE',  ( 0.0000000000000000000, 0.3699999999999942200, 0.0000000000000000000 ) ) ;
#4207 = ORIENTED_EDGE ( 'NONE', *, *, #785, .T. ) ;
#4208 = CARTESIAN_POINT ( 'NONE',  ( -0.1300000000000001200, 0.2349999999999999600, -0.9500000000000002900 ) ) ;
#4209 = VERTEX_POINT ( 'NONE', #1972 ) ;
#4210 = EDGE_LOOP ( 'NONE', ( #6179, #1976 ) ) ;
#4211 = VECTOR ( 'NONE', #4067, 1000.000000000000000 ) ;
#4212 = CARTESIAN_POINT ( 'NONE',  ( 0.7000000000000034000, -1.355252715606880500E-017, -0.9999999999999976700 ) ) ;
#4213 = DIRECTION ( 'NONE',  ( -2.720046410331633500E-015, 0.0000000000000000000, -1.000000000000000000 ) ) ;
#4214 = CARTESIAN_POINT ( 'NONE',  ( -0.3249999999999997900, 0.7150000000000003000, -1.030761184457488700 ) ) ;
#4215 = EDGE_CURVE ( 'NONE', #6441, #3060, #4317, .T. ) ;
#4216 = ORIENTED_EDGE ( 'NONE', *, *, #125, .T. ) ;
#4217 = ORIENTED_EDGE ( 'NONE', *, *, #6413, .F. ) ;
#4218 = LINE ( 'NONE', #5941, #6970 ) ;
#4219 = PLANE ( 'NONE',  #3954 ) ;
#4220 = DIRECTION ( 'NONE',  ( -1.000000000000000000, 0.0000000000000000000, 5.551115123125782700E-017 ) ) ;
#4221 = DIRECTION ( 'NONE',  ( 5.551115123125782700E-017, -6.970226028330232600E-017, -1.000000000000000000 ) ) ;
#4222 = CARTESIAN_POINT ( 'NONE',  ( 0.5937196594791877000, 0.4599999999999998500, 0.4582542590614053800 ) ) ;
#4223 = FACE_OUTER_BOUND ( 'NONE', #171, .T. ) ;
#4224 = AXIS2_PLACEMENT_3D ( 'NONE', #2115, #410, #1433 ) ;
#4225 = ORIENTED_EDGE ( 'NONE', *, *, #1194, .T. ) ;
#4226 = VECTOR ( 'NONE', #1752, 1000.000000000000000 ) ;
#4227 = VECTOR ( 'NONE', #3022, 1000.000000000000000 ) ;
#4228 = EDGE_CURVE ( 'NONE', #265, #4677, #1553, .T. ) ;
#4229 = DIRECTION ( 'NONE',  ( 1.000000000000000000, 0.0000000000000000000, -2.551063935260011500E-015 ) ) ;
#4230 = VECTOR ( 'NONE', #1980, 1000.000000000000000 ) ;
#4231 = VERTEX_POINT ( 'NONE', #2539 ) ;
#4232 = ORIENTED_EDGE ( 'NONE', *, *, #4903, .F. ) ;
#4233 = CIRCLE ( 'NONE', #6226, 0.8707243970591990200 ) ;
#4234 = VECTOR ( 'NONE', #3053, 1000.000000000000000 ) ;
#4235 = EDGE_CURVE ( 'NONE', #1440, #1260, #1384, .T. ) ;
#4236 = CARTESIAN_POINT ( 'NONE',  ( -0.6300000000000002300, 0.8599999999999998800, -0.9500000000000002900 ) ) ;
#4237 = DIRECTION ( 'NONE',  ( -0.0000000000000000000, -0.0000000000000000000, -1.000000000000000000 ) ) ;
#4238 = ORIENTED_EDGE ( 'NONE', *, *, #3687, .T. ) ;
#4239 = LINE ( 'NONE', #725, #6805 ) ;
#4240 = CIRCLE ( 'NONE', #4266, 0.02999999999999997100 ) ;
#4241 = DIRECTION ( 'NONE',  ( 5.551115123125782700E-017, -6.970226028330232600E-017, -1.000000000000000000 ) ) ;
#4242 = AXIS2_PLACEMENT_3D ( 'NONE', #6290, #225, #4089 ) ;
#4243 = ORIENTED_EDGE ( 'NONE', *, *, #168, .F. ) ;
#4244 = LINE ( 'NONE', #6750, #7004 ) ;
#4245 = ORIENTED_EDGE ( 'NONE', *, *, #2042, .F. ) ;
#4246 = LINE ( 'NONE', #4475, #5533 ) ;
#4247 = CARTESIAN_POINT ( 'NONE',  ( 0.5649999999999986100, 0.8599999999999998800, -2.440000000000000400 ) ) ;
#4248 = VERTEX_POINT ( 'NONE', #4222 ) ;
#4249 = DIRECTION ( 'NONE',  ( -2.720046410331633500E-015, -0.0000000000000000000, -1.000000000000000000 ) ) ;
#4250 = DIRECTION ( 'NONE',  ( 1.000000000000000000, 3.330669073875474100E-016, 0.0000000000000000000 ) ) ;
#4251 = ORIENTED_EDGE ( 'NONE', *, *, #2821, .T. ) ;
#4252 = AXIS2_PLACEMENT_3D ( 'NONE', #6386, #291, #6937 ) ;
#4253 = CARTESIAN_POINT ( 'NONE',  ( 0.09999999999999993600, 0.3699999999999953300, -0.8649629909042947400 ) ) ;
#4254 = EDGE_LOOP ( 'NONE', ( #86, #4963 ) ) ;
#4255 = DIRECTION ( 'NONE',  ( -5.551115123125782700E-017, 5.551115123125782700E-017, 1.000000000000000000 ) ) ;
#4256 = DIRECTION ( 'NONE',  ( -5.551115123125782700E-016, -1.000000000000000000, 0.0000000000000000000 ) ) ;
#4257 = ORIENTED_EDGE ( 'NONE', *, *, #5781, .F. ) ;
#4258 = DIRECTION ( 'NONE',  ( 1.000000000000000000, 6.162975822039154700E-033, 5.551115123125782700E-017 ) ) ;
#4259 = EDGE_CURVE ( 'NONE', #4157, #4416, #1710, .T. ) ;
#4260 = EDGE_CURVE ( 'NONE', #1544, #5054, #4140, .T. ) ;
#4261 = EDGE_CURVE ( 'NONE', #4338, #2405, #1197, .T. ) ;
#4262 = CARTESIAN_POINT ( 'NONE',  ( -0.03499999999999914300, 0.3789230484541331600, -2.200000000000001500 ) ) ;
#4263 = CARTESIAN_POINT ( 'NONE',  ( -0.2000000000000001200, 0.1200000000000000000, -0.8400000000000003000 ) ) ;
#4264 = ORIENTED_EDGE ( 'NONE', *, *, #962, .F. ) ;
#4265 = VECTOR ( 'NONE', #2392, 1000.000000000000100 ) ;
#4266 = AXIS2_PLACEMENT_3D ( 'NONE', #3477, #177, #4049 ) ;
#4267 = CARTESIAN_POINT ( 'NONE',  ( 1.925929944387235900E-031, 1.039999999999999600, 0.0000000000000000000 ) ) ;
#4268 = EDGE_CURVE ( 'NONE', #6956, #4425, #7079, .T. ) ;
#4269 = ORIENTED_EDGE ( 'NONE', *, *, #4784, .F. ) ;
#4271 = EDGE_LOOP ( 'NONE', ( #2553, #1841, #2569, #3927 ) ) ;
#4270 = VECTOR ( 'NONE', #4386, 1000.000000000000000 ) ;
#4272 = ORIENTED_EDGE ( 'NONE', *, *, #2781, .T. ) ;
#4273 = ORIENTED_EDGE ( 'NONE', *, *, #3458, .T. ) ;
#4274 = ORIENTED_EDGE ( 'NONE', *, *, #6270, .F. ) ;
#4275 = CYLINDRICAL_SURFACE ( 'NONE', #3111, 0.3250000000000000100 ) ;
#4276 = LINE ( 'NONE', #5165, #5744 ) ;
#4277 = ORIENTED_EDGE ( 'NONE', *, *, #2005, .F. ) ;
#4278 = DIRECTION ( 'NONE',  ( -0.0000000000000000000, -1.000000000000000000, 0.0000000000000000000 ) ) ;
#4279 = DIRECTION ( 'NONE',  ( -0.0000000000000000000, -1.000000000000000000, -5.551115123125782700E-017 ) ) ;
#4280 = CARTESIAN_POINT ( 'NONE',  ( -0.1000000000000000500, 0.4107826734183048800, -0.8505909426893532000 ) ) ;
#4281 = ORIENTED_EDGE ( 'NONE', *, *, #2782, .F. ) ;
#4282 = ORIENTED_EDGE ( 'NONE', *, *, #5510, .F. ) ;
#4283 = ORIENTED_EDGE ( 'NONE', *, *, #3700, .F. ) ;
#4284 = LINE ( 'NONE', #1722, #7052 ) ;
#4285 = EDGE_CURVE ( 'NONE', #6081, #4382, #5434, .T. ) ;
#4286 = ORIENTED_EDGE ( 'NONE', *, *, #6796, .T. ) ;
#4287 = CARTESIAN_POINT ( 'NONE',  ( 0.8352809876858330300, 0.3506307787036600500, 0.3667796492514640000 ) ) ;
#4288 = ORIENTED_EDGE ( 'NONE', *, *, #206, .F. ) ;
#4289 = EDGE_CURVE ( 'NONE', #5146, #1643, #1019, .T. ) ;
#4290 = ORIENTED_EDGE ( 'NONE', *, *, #4663, .F. ) ;
#4291 = AXIS2_PLACEMENT_3D ( 'NONE', #4022, #4575, #1274 ) ;
#4292 = CARTESIAN_POINT ( 'NONE',  ( -0.2000000000000001200, 0.1499999999999999900, -0.8400000000000001900 ) ) ;
#4293 = LINE ( 'NONE', #2251, #2825 ) ;
#4294 = DIRECTION ( 'NONE',  ( -1.000000000000000000, 0.0000000000000000000, 0.0000000000000000000 ) ) ;
#4295 = DIRECTION ( 'NONE',  ( -1.000000000000000000, 0.0000000000000000000, 0.0000000000000000000 ) ) ;
#4296 = DIRECTION ( 'NONE',  ( -1.000000000000000000, 5.551115123125781700E-016, 2.720046410331633500E-015 ) ) ;
#4297 = CARTESIAN_POINT ( 'NONE',  ( 1.050000000000000000, 0.9899999999999999900, -0.5500000000000004900 ) ) ;
#4298 = ORIENTED_EDGE ( 'NONE', *, *, #482, .F. ) ;
#4299 = FACE_OUTER_BOUND ( 'NONE', #6958, .T. ) ;
#4300 = DIRECTION ( 'NONE',  ( -5.551115123125782700E-017, 5.551115123125782700E-017, 1.000000000000000000 ) ) ;
#4301 = EDGE_CURVE ( 'NONE', #557, #4308, #5266, .T. ) ;
#4302 = ADVANCED_FACE ( 'NONE', ( #5077 ), #6382, .T. ) ;
#4303 = EDGE_CURVE ( 'NONE', #4640, #2919, #662, .T. ) ;
#4304 = DIRECTION ( 'NONE',  ( 5.551115123125782700E-017, 5.551115123125782700E-017, -1.000000000000000000 ) ) ;
#4305 = LINE ( 'NONE', #6001, #4131 ) ;
#4306 = PLANE ( 'NONE',  #368 ) ;
#4307 = EDGE_LOOP ( 'NONE', ( #786, #4717, #2298, #2693 ) ) ;
#4308 = VERTEX_POINT ( 'NONE', #5373 ) ;
#4309 = FACE_OUTER_BOUND ( 'NONE', #4449, .T. ) ;
#4310 = VECTOR ( 'NONE', #7178, 1000.000000000000000 ) ;
#4311 = CARTESIAN_POINT ( 'NONE',  ( 0.5100000000000004500, 0.8599999999999998800, -0.9500000000000002900 ) ) ;
#4312 = DIRECTION ( 'NONE',  ( -6.162975822039154700E-033, -1.000000000000000000, 5.551115123125782700E-017 ) ) ;
#4313 = CARTESIAN_POINT ( 'NONE',  ( 0.3169636963055276200, 0.1200000000000000000, -0.6797308402774862000 ) ) ;
#4314 = EDGE_CURVE ( 'NONE', #69, #636, #3616, .T. ) ;
#4315 = ORIENTED_EDGE ( 'NONE', *, *, #1181, .F. ) ;
#4316 = PLANE ( 'NONE',  #6646 ) ;
#4317 = LINE ( 'NONE', #317, #2840 ) ;
#4318 = CARTESIAN_POINT ( 'NONE',  ( 0.5649999999999986100, 0.8599999999999998800, -2.289999999999998300 ) ) ;
#4319 = PERSON_AND_ORGANIZATION ( #2677, #1484 ) ;
#4320 = CARTESIAN_POINT ( 'NONE',  ( 0.5249999999999986900, 0.7888417395787666900, -2.400000000000000400 ) ) ;
#4321 = ORIENTED_EDGE ( 'NONE', *, *, #450, .F. ) ;
#4322 = DIRECTION ( 'NONE',  ( 5.551115123125782700E-017, -5.551115123125782700E-017, -1.000000000000000000 ) ) ;
#4323 = CARTESIAN_POINT ( 'NONE',  ( 0.4000000000000000200, 1.159999999999999900, -1.350000000000000100 ) ) ;
#4324 = LINE ( 'NONE', #6541, #3028 ) ;
#4325 = ORIENTED_EDGE ( 'NONE', *, *, #5530, .T. ) ;
#4326 = PLANE ( 'NONE',  #6177 ) ;
#4327 = CARTESIAN_POINT ( 'NONE',  ( 0.3949999999999986900, 1.159999999999999500, -2.099999999999999600 ) ) ;
#4328 = CARTESIAN_POINT ( 'NONE',  ( -0.6400000000000002400, 0.9900000000000002100, -0.9500000000000002900 ) ) ;
#4329 = ORIENTED_EDGE ( 'NONE', *, *, #5851, .F. ) ;
#4330 = AXIS2_PLACEMENT_3D ( 'NONE', #5466, #3260, #7134 ) ;
#4331 = B_SPLINE_CURVE_WITH_KNOTS ( 'NONE', 3,
 ( #4872, #5988, #4343, #1030, #4902, #1591, #5454, #2142, #6011, #2708 ),
 .UNSPECIFIED., .F., .F.,
 ( 4, 3, 3, 4 ),
 ( 0.0004732971659711724300, 0.0004858052069304514100, 0.0005021043867938858400, 0.0005209885942533792600 ),
 .UNSPECIFIED. ) ;
#4332 = EDGE_CURVE ( 'NONE', #7003, #3437, #2511, .T. ) ;
#4333 = ORIENTED_EDGE ( 'NONE', *, *, #820, .F. ) ;
#4334 = AXIS2_PLACEMENT_3D ( 'NONE', #3103, #3145, #3675 ) ;
#4335 = AXIS2_PLACEMENT_3D ( 'NONE', #2716, #4912, #6574 ) ;
#4336 = ORIENTED_EDGE ( 'NONE', *, *, #2072, .T. ) ;
#4337 = ADVANCED_FACE ( 'NONE', ( #2145 ), #4842, .T. ) ;
#4338 = VERTEX_POINT ( 'NONE', #3726 ) ;
#4339 = DIRECTION ( 'NONE',  ( 0.0000000000000000000, -1.000000000000000000, -5.551115123125782700E-017 ) ) ;
#4340 = DIRECTION ( 'NONE',  ( 2.775557561562890600E-015, 0.0000000000000000000, -1.000000000000000000 ) ) ;
#4341 = ORIENTED_EDGE ( 'NONE', *, *, #6413, .T. ) ;
#4342 = VECTOR ( 'NONE', #263, 1000.000000000000000 ) ;
#4343 = CARTESIAN_POINT ( 'NONE',  ( -0.1000000000000000500, 0.4519393521364601900, -0.8796930766579073000 ) ) ;
#4344 = AXIS2_PLACEMENT_3D ( 'NONE', #5403, #3845, #3989 ) ;
#4345 = ORIENTED_EDGE ( 'NONE', *, *, #533, .T. ) ;
#4346 = LINE ( 'NONE', #5965, #2873 ) ;
#4347 = EDGE_CURVE ( 'NONE', #1695, #6028, #1988, .T. ) ;
#4348 = CARTESIAN_POINT ( 'NONE',  ( -1.355615729727132300E-016, 0.1200000000000000000, -1.000000000000000000 ) ) ;
#4349 = CARTESIAN_POINT ( 'NONE',  ( -0.09999999999999982500, 0.3723730653985735700, -0.8607565905195888600 ) ) ;
#4350 = ORIENTED_EDGE ( 'NONE', *, *, #5276, .T. ) ;
#4351 = FACE_OUTER_BOUND ( 'NONE', #5467, .T. ) ;
#4352 = VECTOR ( 'NONE', #5343, 999.9999999999998900 ) ;
#4353 = CARTESIAN_POINT ( 'NONE',  ( 0.1621317938288405800, 1.227922588758896500, 0.5654207596045343100 ) ) ;
#4354 = ORIENTED_EDGE ( 'NONE', *, *, #6705, .T. ) ;
#4355 = EDGE_CURVE ( 'NONE', #4248, #6701, #499, .T. ) ;
#4356 = DIRECTION ( 'NONE',  ( 0.2756373558169998800, 0.0000000000000000000, 0.9612616959383186700 ) ) ;
#4357 = CARTESIAN_POINT ( 'NONE',  ( 0.1816025403784437000, 0.3250000000000000100, -2.550000000000000300 ) ) ;
#4358 = ORIENTED_EDGE ( 'NONE', *, *, #2335, .T. ) ;
#4359 = ORIENTED_EDGE ( 'NONE', *, *, #6349, .F. ) ;
#4360 = ORIENTED_EDGE ( 'NONE', *, *, #1786, .F. ) ;
#4361 = ORIENTED_EDGE ( 'NONE', *, *, #6067, .T. ) ;
#4362 = DIRECTION ( 'NONE',  ( -2.720046410331633500E-015, 0.0000000000000000000, -1.000000000000000000 ) ) ;
#4363 = LINE ( 'NONE', #859, #3075 ) ;
#4364 = EDGE_LOOP ( 'NONE', ( #4359, #975, #890, #1165 ) ) ;
#4365 = CARTESIAN_POINT ( 'NONE',  ( -0.09999999999999982500, 0.2715735200859761300, -0.8392437594997433900 ) ) ;
#4366 = ADVANCED_FACE ( 'NONE', ( #3257 ), #3745, .F. ) ;
#4367 = ORIENTED_EDGE ( 'NONE', *, *, #6472, .F. ) ;
#4368 = EDGE_LOOP ( 'NONE', ( #3369, #2474, #5421, #3798 ) ) ;
#4369 = AXIS2_PLACEMENT_3D ( 'NONE', #1587, #2139, #6004 ) ;
#4370 = FACE_OUTER_BOUND ( 'NONE', #5411, .T. ) ;
#4371 = PLANE ( 'NONE',  #6938 ) ;
#4372 = CARTESIAN_POINT ( 'NONE',  ( 0.8352809876858330300, 0.3506307787036600500, 0.3667796492514640000 ) ) ;
#4373 = DIRECTION ( 'NONE',  ( -0.8660254037844398200, 0.4999999999999978900, 2.775557561562890100E-017 ) ) ;
#4374 = VERTEX_POINT ( 'NONE', #2875 ) ;
#4375 = FACE_BOUND ( 'NONE', #6514, .T. ) ;
#4376 = AXIS2_PLACEMENT_3D ( 'NONE', #5204, #1900, #5766 ) ;
#4377 = AXIS2_PLACEMENT_3D ( 'NONE', #6887, #3577, #270 ) ;
#4378 = CARTESIAN_POINT ( 'NONE',  ( 1.050000000000000300, 0.8600000000000002100, -0.5500000000000001600 ) ) ;
#4379 = CARTESIAN_POINT ( 'NONE',  ( 0.2250000000000003700, 1.159999999999999900, 0.7299999999999997600 ) ) ;
#4380 = LINE ( 'NONE', #1888, #2911 ) ;
#4381 = ORIENTED_EDGE ( 'NONE', *, *, #345, .T. ) ;
#4382 = VERTEX_POINT ( 'NONE', #1233 ) ;
#4383 = CIRCLE ( 'NONE', #1604, 0.1699999999999998500 ) ;
#4384 = CIRCLE ( 'NONE', #793, 0.8876825308395818200 ) ;
#4385 = DIRECTION ( 'NONE',  ( 0.2588190451025257900, 0.9659258262890669800, -1.110223024625156800E-016 ) ) ;
#4386 = DIRECTION ( 'NONE',  ( 1.394333594823066400E-015, 0.0000000000000000000, 1.000000000000000000 ) ) ;
#4387 = CARTESIAN_POINT ( 'NONE',  ( -0.03499999999999962900, 0.3789230484541330500, -2.449999999999999700 ) ) ;
#4388 = DIRECTION ( 'NONE',  ( 0.0000000000000000000, 1.000000000000000000, 5.551115123125782700E-017 ) ) ;
#4389 = CIRCLE ( 'NONE', #4053, 0.8876825308395818200 ) ;
#4390 = EDGE_CURVE ( 'NONE', #2462, #6856, #5811, .T. ) ;
#4391 = EDGE_CURVE ( 'NONE', #296, #4503, #331, .T. ) ;
#4392 = ORIENTED_EDGE ( 'NONE', *, *, #6471, .T. ) ;
#4393 = ORIENTED_EDGE ( 'NONE', *, *, #3662, .F. ) ;
#4394 = VECTOR ( 'NONE', #1404, 1000.000000000000000 ) ;
#4395 = LINE ( 'NONE', #269, #2923 ) ;
#4396 = EDGE_CURVE ( 'NONE', #2345, #328, #1790, .T. ) ;
#4397 = AXIS2_PLACEMENT_3D ( 'NONE', #2637, #6490, #3188 ) ;
#4398 = VERTEX_POINT ( 'NONE', #248 ) ;
#4399 = FACE_OUTER_BOUND ( 'NONE', #1123, .T. ) ;
#4400 = DIRECTION ( 'NONE',  ( 1.000000000000000000, 0.0000000000000000000, 0.0000000000000000000 ) ) ;
#4401 = EDGE_CURVE ( 'NONE', #969, #346, #3427, .T. ) ;
#4402 = FACE_OUTER_BOUND ( 'NONE', #1350, .T. ) ;
#4403 = ORIENTED_EDGE ( 'NONE', *, *, #1937, .F. ) ;
#4404 = ADVANCED_FACE ( 'NONE', ( #6040 ), #5222, .T. ) ;
#4405 = AXIS2_PLACEMENT_3D ( 'NONE', #266, #743, #819 ) ;
#4406 = ORIENTED_EDGE ( 'NONE', *, *, #860, .T. ) ;
#4407 = LINE ( 'NONE', #3948, #4571 ) ;
#4408 = ORIENTED_EDGE ( 'NONE', *, *, #3102, .F. ) ;
#4409 = DIRECTION ( 'NONE',  ( 1.000000000000000000, -3.081487911019577400E-033, 5.551115123125782700E-017 ) ) ;
#4410 = EDGE_LOOP ( 'NONE', ( #4873, #5229, #7100, #1709, #4490, #595, #3245, #1512, #6137, #6053, #6098, #2848, #6546 ) ) ;
#4411 = FACE_OUTER_BOUND ( 'NONE', #1422, .T. ) ;
#4412 = ORIENTED_EDGE ( 'NONE', *, *, #707, .T. ) ;
#4413 = CARTESIAN_POINT ( 'NONE',  ( -0.2400000000000001300, 0.2350000000000000100, -1.052325581395349200 ) ) ;
#4414 = VERTEX_POINT ( 'NONE', #2484 ) ;
#4415 = ORIENTED_EDGE ( 'NONE', *, *, #5690, .F. ) ;
#4416 = VERTEX_POINT ( 'NONE', #3576 ) ;
#4417 = EDGE_CURVE ( 'NONE', #4908, #1339, #4395, .T. ) ;
#4418 = DIRECTION ( 'NONE',  ( 0.0000000000000000000, 0.0000000000000000000, 1.000000000000000000 ) ) ;
#4419 = EDGE_CURVE ( 'NONE', #7054, #6090, #142, .T. ) ;
#4420 = DIRECTION ( 'NONE',  ( -0.4472135954999679800, 0.0000000000000000000, -0.8944271909999108600 ) ) ;
#4421 = AXIS2_PLACEMENT_3D ( 'NONE', #1401, #699, #2460 ) ;
#4422 = AXIS2_PLACEMENT_3D ( 'NONE', #4619, #771, #4649 ) ;
#4423 = ORIENTED_EDGE ( 'NONE', *, *, #6517, .T. ) ;
#4424 = DIRECTION ( 'NONE',  ( -0.4472135954999679800, 2.775557561562891000E-017, 0.8944271909999107500 ) ) ;
#4425 = VERTEX_POINT ( 'NONE', #5254 ) ;
#4426 = LINE ( 'NONE', #917, #7028 ) ;
#4427 = EDGE_CURVE ( 'NONE', #2093, #3031, #5687, .T. ) ;
#4428 = EDGE_CURVE ( 'NONE', #4209, #3155, #4143, .T. ) ;
#4429 = PLANE ( 'NONE',  #391 ) ;
#4430 = CARTESIAN_POINT ( 'NONE',  ( 3.080868893334809800E-016, 0.6350000000000000100, -5.550000000000000700 ) ) ;
#4431 = PLANE ( 'NONE',  #6389 ) ;
#4432 = VERTEX_POINT ( 'NONE', #6886 ) ;
#4433 = CARTESIAN_POINT ( 'NONE',  ( -0.8100863096867225700, 0.4464080922911355400, 0.3522334951265316300 ) ) ;
#4434 = ADVANCED_FACE ( 'NONE', ( #3108 ), #6987, .T. ) ;
#4436 = ORIENTED_EDGE ( 'NONE', *, *, #3435, .T. ) ;
#4435 = VECTOR ( 'NONE', #1527, 1000.000000000000000 ) ;
#4437 = ADVANCED_FACE ( 'NONE', ( #2761 ), #4195, .T. ) ;
#4438 = ORIENTED_EDGE ( 'NONE', *, *, #2400, .F. ) ;
#4439 = ORIENTED_EDGE ( 'NONE', *, *, #4013, .F. ) ;
#4440 = ORIENTED_EDGE ( 'NONE', *, *, #4905, .F. ) ;
#4441 = VECTOR ( 'NONE', #3550, 1000.000000000000000 ) ;
#4442 = LINE ( 'NONE', #5672, #1521 ) ;
#4443 = CARTESIAN_POINT ( 'NONE',  ( 0.8800000000000000000, 0.1999999999999998200, 0.8400000000000001900 ) ) ;
#4444 = CARTESIAN_POINT ( 'NONE',  ( 0.1449999999999999900, 0.7888417395787666900, -2.289999999999998300 ) ) ;
#4445 = ORIENTED_EDGE ( 'NONE', *, *, #920, .F. ) ;
#4446 = ORIENTED_EDGE ( 'NONE', *, *, #5765, .T. ) ;
#4447 = FACE_OUTER_BOUND ( 'NONE', #3093, .T. ) ;
#4448 = DIRECTION ( 'NONE',  ( 1.000000000000000000, 0.0000000000000000000, -2.551063935260011500E-015 ) ) ;
#4449 = EDGE_LOOP ( 'NONE', ( #4452, #3250, #7049, #6375 ) ) ;
#4450 = DIRECTION ( 'NONE',  ( 0.7241379310344828700, 0.0000000000000000000, 0.6896551724137930400 ) ) ;
#4451 = EDGE_LOOP ( 'NONE', ( #5901, #6592, #4959 ) ) ;
#4452 = ORIENTED_EDGE ( 'NONE', *, *, #1731, .F. ) ;
#4453 = CARTESIAN_POINT ( 'NONE',  ( 2.168404344971008900E-016, 0.7150000000000003000, -2.100000000000000100 ) ) ;
#4454 = LINE ( 'NONE', #2206, #1531 ) ;
#4455 = CARTESIAN_POINT ( 'NONE',  ( -0.9795836943965740000, 1.159999999999999900, -0.5500000000000002700 ) ) ;
#4456 = DIRECTION ( 'NONE',  ( -1.110223024625156500E-016, -8.881784197001252300E-016, 1.000000000000000000 ) ) ;
#4457 = AXIS2_PLACEMENT_3D ( 'NONE', #2908, #6765, #3453 ) ;
#4458 = ORIENTED_EDGE ( 'NONE', *, *, #4856, .T. ) ;
#4459 = ORIENTED_EDGE ( 'NONE', *, *, #3662, .T. ) ;
#4460 = VECTOR ( 'NONE', #6189, 999.9999999999998900 ) ;
#4461 = CARTESIAN_POINT ( 'NONE',  ( 0.6499999999999999100, 1.159999999999999900, -0.1250000000000001100 ) ) ;
#4462 = CARTESIAN_POINT ( 'NONE',  ( -0.1449999999999999900, 0.7888417395787666900, -2.209999999999998600 ) ) ;
#4463 = EDGE_CURVE ( 'NONE', #5984, #6028, #1284, .T. ) ;
#4464 = VECTOR ( 'NONE', #3692, 1000.000000000000000 ) ;
#4465 = ORIENTED_EDGE ( 'NONE', *, *, #3742, .T. ) ;
#4466 = ADVANCED_FACE ( 'NONE', ( #5515 ), #874, .F. ) ;
#4467 = ORIENTED_EDGE ( 'NONE', *, *, #6484, .F. ) ;
#4468 = CIRCLE ( 'NONE', #1727, 0.4050150000000000700 ) ;
#4469 = CYLINDRICAL_SURFACE ( 'NONE', #4646, 0.02999999999999997100 ) ;
#4470 = ADVANCED_FACE ( 'NONE', ( #4045 ), #1111, .T. ) ;
#4471 = CARTESIAN_POINT ( 'NONE',  ( 0.6278445005324558800, 0.9899999999999999900, 0.6900000000000000600 ) ) ;
#4472 = CARTESIAN_POINT ( 'NONE',  ( 0.8800000000000000000, 0.9900000000000004400, 0.5499999999999992700 ) ) ;
#4473 = VECTOR ( 'NONE', #1420, 1000.000000000000000 ) ;
#4474 = CARTESIAN_POINT ( 'NONE',  ( 0.5249999999999986900, 0.7888417395787666900, -2.400000000000000400 ) ) ;
#4475 = CARTESIAN_POINT ( 'NONE',  ( 0.5649999999999986100, 0.7888417395787666900, -2.289999999999998300 ) ) ;
#4476 = CARTESIAN_POINT ( 'NONE',  ( 0.0000000000000000000, 0.9899999999999999900, 5.495603971894524800E-017 ) ) ;
#4477 = EDGE_CURVE ( 'NONE', #3720, #4414, #6802, .T. ) ;
#4478 = EDGE_CURVE ( 'NONE', #3273, #5451, #7160, .T. ) ;
#4479 = DIRECTION ( 'NONE',  ( 0.0000000000000000000, -1.000000000000000000, -5.551115123125782700E-017 ) ) ;
#4480 = COORDINATED_UNIVERSAL_TIME_OFFSET ( 9, 0, .AHEAD. ) ;
#4481 = EDGE_CURVE ( 'NONE', #6182, #1360, #3863, .T. ) ;
#4482 = ORIENTED_EDGE ( 'NONE', *, *, #3358, .T. ) ;
#4483 = FACE_OUTER_BOUND ( 'NONE', #6858, .T. ) ;
#4484 = SECURITY_CLASSIFICATION ( '', '', #5205 ) ;
#4485 = CARTESIAN_POINT ( 'NONE',  ( 0.02954833825060330200, 0.3382816799239845600, -2.100000000000000500 ) ) ;
#4486 = FACE_OUTER_BOUND ( 'NONE', #16, .T. ) ;
#4487 = ORIENTED_EDGE ( 'NONE', *, *, #4995, .F. ) ;
#4488 = DIRECTION ( 'NONE',  ( 1.000000000000000000, 5.646886315028674300E-017, 0.0000000000000000000 ) ) ;
#4489 = EDGE_CURVE ( 'NONE', #5322, #3273, #2598, .T. ) ;
#4490 = ORIENTED_EDGE ( 'NONE', *, *, #673, .T. ) ;
#4491 = CARTESIAN_POINT ( 'NONE',  ( -0.2250000000000001400, 1.039999999999999600, 0.7299999999999997600 ) ) ;
#4492 = EDGE_LOOP ( 'NONE', ( #3986, #2800, #2994, #1649, #5231, #7071, #5880, #2262, #437, #5843, #3229, #5666, #6952 ) ) ;
#4493 = CARTESIAN_POINT ( 'NONE',  ( -1.084202172485504400E-016, 0.3506307787036603800, -4.336808689942017700E-016 ) ) ;
#4494 = AXIS2_PLACEMENT_3D ( 'NONE', #4128, #5800, #2500 ) ;
#4495 = DIRECTION ( 'NONE',  ( 0.0000000000000000000, 6.352228914548922900E-017, -1.000000000000000000 ) ) ;
#4496 = ORIENTED_EDGE ( 'NONE', *, *, #2401, .T. ) ;
#4497 = CARTESIAN_POINT ( 'NONE',  ( -0.1000000000000001700, 0.3349243851456319400, -0.8993959643240528900 ) ) ;
#4498 = DIRECTION ( 'NONE',  ( -3.330669073875469600E-016, -1.000000000000000000, 0.0000000000000000000 ) ) ;
#4499 = ADVANCED_FACE ( 'NONE', ( #936 ), #3681, .T. ) ;
#4500 = ADVANCED_FACE ( 'NONE', ( #3706 ), #2065, .T. ) ;
#4501 = CARTESIAN_POINT ( 'NONE',  ( -0.4599999999999999600, 0.6099999999999994300, -0.9500000000000002900 ) ) ;
#4502 = ORIENTED_EDGE ( 'NONE', *, *, #1247, .T. ) ;
#4503 = VERTEX_POINT ( 'NONE', #946 ) ;
#4504 = CIRCLE ( 'NONE', #4204, 0.8700000000000000000 ) ;
#4505 = DIRECTION ( 'NONE',  ( -2.720046410331633500E-015, 0.0000000000000000000, -1.000000000000000000 ) ) ;
#4506 = CARTESIAN_POINT ( 'NONE',  ( -0.2500000000000000000, -1.355252715606880500E-017, 0.9300000000000000500 ) ) ;
#4507 = CARTESIAN_POINT ( 'NONE',  ( -0.3950000000000000700, 1.159999999999999500, -2.700000000000000600 ) ) ;
#4508 = VERTEX_POINT ( 'NONE', #4820 ) ;
#4509 = CIRCLE ( 'NONE', #4405, 0.4200000000000000400 ) ;
#4510 = DIRECTION ( 'NONE',  ( 5.551115123125782700E-017, -6.231046968307496900E-017, -1.000000000000000000 ) ) ;
#4511 = DIRECTION ( 'NONE',  ( 0.8660254037844403700, 0.4999999999999970000, 2.386979502944085800E-015 ) ) ;
#4512 = DIRECTION ( 'NONE',  ( -5.551115123125782700E-017, 0.0000000000000000000, -1.000000000000000000 ) ) ;
#4513 = EDGE_CURVE ( 'NONE', #3155, #711, #5758, .T. ) ;
#4514 = DIRECTION ( 'NONE',  ( -1.000000000000000000, 0.0000000000000000000, 5.551115123125782700E-017 ) ) ;
#4515 = ORIENTED_EDGE ( 'NONE', *, *, #5638, .F. ) ;
#4516 = LINE ( 'NONE', #905, #1749 ) ;
#4517 = EDGE_CURVE ( 'NONE', #3883, #35, #5168, .T. ) ;
#4518 = LINE ( 'NONE', #5853, #3067 ) ;
#4519 = CARTESIAN_POINT ( 'NONE',  ( 0.3549999999999983200, 0.4251110699893031500, -2.289999999999998300 ) ) ;
#4520 = ORIENTED_EDGE ( 'NONE', *, *, #1204, .F. ) ;
#4521 = CARTESIAN_POINT ( 'NONE',  ( 0.6839771384554396100, 0.3971892336095296800, 0.5103644388447203800 ) ) ;
#4522 = AXIS2_PLACEMENT_3D ( 'NONE', #4946, #1639, #5498 ) ;
#4523 = EDGE_LOOP ( 'NONE', ( #5046, #6785, #899, #6152, #160, #2481 ) ) ;
#4524 = ORIENTED_EDGE ( 'NONE', *, *, #3266, .F. ) ;
#4525 = FACE_OUTER_BOUND ( 'NONE', #2291, .T. ) ;
#4526 = CARTESIAN_POINT ( 'NONE',  ( -0.2000000000000000900, 0.1499999999999999900, -0.5599999999999991700 ) ) ;
#4527 = ORIENTED_EDGE ( 'NONE', *, *, #5210, .F. ) ;
#4528 = EDGE_CURVE ( 'NONE', #6672, #2482, #6464, .T. ) ;
#4529 = DIRECTION ( 'NONE',  ( 1.000000000000000000, 0.0000000000000000000, 3.614007241618348400E-015 ) ) ;
#4530 = EDGE_LOOP ( 'NONE', ( #5166, #3341, #358 ) ) ;
#4531 = VERTEX_POINT ( 'NONE', #4263 ) ;
#4532 = DIRECTION ( 'NONE',  ( -0.2756373558169997200, 0.0000000000000000000, 0.9612616959383186700 ) ) ;
#4533 = DIRECTION ( 'NONE',  ( 5.551115123125782700E-017, 5.551115123125782700E-017, 1.000000000000000000 ) ) ;
#4534 = VECTOR ( 'NONE', #697, 1000.000000000000000 ) ;
#4535 = ADVANCED_FACE ( 'NONE', ( #573 ), #4829, .T. ) ;
#4536 = ADVANCED_FACE ( 'NONE', ( #2229 ), #7063, .T. ) ;
#4537 = DIRECTION ( 'NONE',  ( 0.0000000000000000000, 1.000000000000000000, 5.551115123125782700E-017 ) ) ;
#4538 = CARTESIAN_POINT ( 'NONE',  ( 0.6400000000000002400, 1.089583694396573800, -1.950000000000000200 ) ) ;
#4539 = ORIENTED_EDGE ( 'NONE', *, *, #4513, .T. ) ;
#4540 = FACE_BOUND ( 'NONE', #815, .T. ) ;
#4541 = DIRECTION ( 'NONE',  ( 0.0000000000000000000, 0.0000000000000000000, 1.000000000000000000 ) ) ;
#4542 = EDGE_LOOP ( 'NONE', ( #3929, #232, #342, #129, #6480, #4465, #6698 ) ) ;
#4543 = CARTESIAN_POINT ( 'NONE',  ( -2.168404344971006900E-016, 1.040000000000000000, 0.7299999999999997600 ) ) ;
#4544 = CARTESIAN_POINT ( 'NONE',  ( -0.9300000000000006000, 0.8599999999999999900, 0.5499999999999997100 ) ) ;
#4545 = CARTESIAN_POINT ( 'NONE',  ( -1.590609214438026600E-016, 0.3506307787036603300, 0.9122618261740689200 ) ) ;
#4546 = EDGE_CURVE ( 'NONE', #6090, #840, #6293, .T. ) ;
#4547 = VECTOR ( 'NONE', #6783, 1000.000000000000000 ) ;
#4548 = CARTESIAN_POINT ( 'NONE',  ( 0.6278445005324558800, 0.7900000000000000400, 0.6900000000000000600 ) ) ;
#4549 = VERTEX_POINT ( 'NONE', #438 ) ;
#4550 = LINE ( 'NONE', #3386, #2914 ) ;
#4551 = VECTOR ( 'NONE', #5109, 1000.000000000000000 ) ;
#4552 = EDGE_CURVE ( 'NONE', #6686, #290, #3339, .T. ) ;
#4553 = AXIS2_PLACEMENT_3D ( 'NONE', #102, #4603, #4738 ) ;
#4554 = CARTESIAN_POINT ( 'NONE',  ( -0.2128949858952575200, 1.016251239182008400, 0.7424530488324256900 ) ) ;
#4555 = CYLINDRICAL_SURFACE ( 'NONE', #3296, 0.02999999999999997100 ) ;
#4556 = ORIENTED_EDGE ( 'NONE', *, *, #1662, .F. ) ;
#4557 = FACE_OUTER_BOUND ( 'NONE', #3426, .T. ) ;
#4558 = VECTOR ( 'NONE', #4537, 1000.000000000000000 ) ;
#4559 = CARTESIAN_POINT ( 'NONE',  ( 0.09999999999999982500, 0.3030223961003282200, -0.7712824819909327400 ) ) ;
#4560 = DIRECTION ( 'NONE',  ( 0.0000000000000000000, 1.000000000000000000, 0.0000000000000000000 ) ) ;
#4561 = EDGE_CURVE ( 'NONE', #5058, #1064, #752, .T. ) ;
#4562 = ORIENTED_EDGE ( 'NONE', *, *, #6111, .T. ) ;
#4563 = FACE_OUTER_BOUND ( 'NONE', #6715, .T. ) ;
#4564 = CARTESIAN_POINT ( 'NONE',  ( 0.7144586524009658400, 0.3048868119096525000, 0.2970228414506274600 ) ) ;
#4565 = DIRECTION ( 'NONE',  ( 1.000000000000000000, 5.551115123125782700E-016, 2.775557561562890600E-015 ) ) ;
#4566 = CARTESIAN_POINT ( 'NONE',  ( -0.7990799234564898200, 0.3699999999999942200, 0.3458789550737024200 ) ) ;
#4567 = CARTESIAN_POINT ( 'NONE',  ( -0.02506318850087644800, 0.006715661118558789000, -2.450000000000000600 ) ) ;
#4568 = CIRCLE ( 'NONE', #2050, 0.5199999999999998000 ) ;
#4569 = CARTESIAN_POINT ( 'NONE',  ( -0.03499999999999882400, 0.3789230484541329400, -2.100000000000000100 ) ) ;
#4570 = ORIENTED_EDGE ( 'NONE', *, *, #6988, .F. ) ;
#4571 = VECTOR ( 'NONE', #1743, 1000.000000000000000 ) ;
#4572 = CARTESIAN_POINT ( 'NONE',  ( 0.7921531792945530900, 0.3754022357621021900, 0.3418797974671997100 ) ) ;
#4573 = CARTESIAN_POINT ( 'NONE',  ( 0.6840880932355848400, 0.3940040470015414600, 0.5104284986169050900 ) ) ;
#4574 = PLANE ( 'NONE',  #4631 ) ;
#4575 = DIRECTION ( 'NONE',  ( 0.0000000000000000000, 1.000000000000000000, 0.0000000000000000000 ) ) ;
#4576 = EDGE_CURVE ( 'NONE', #6794, #5420, #6310, .T. ) ;
#4577 = ORIENTED_EDGE ( 'NONE', *, *, #5119, .F. ) ;
#4578 = ADVANCED_FACE ( 'NONE', ( #3186 ), #6526, .F. ) ;
#4579 = VECTOR ( 'NONE', #1103, 1000.000000000000100 ) ;
#4580 = ORIENTED_EDGE ( 'NONE', *, *, #4390, .T. ) ;
#4581 = DIRECTION ( 'NONE',  ( 0.0000000000000000000, 1.000000000000000000, 0.0000000000000000000 ) ) ;
#4582 = CARTESIAN_POINT ( 'NONE',  ( -0.3349999999999986900, 0.4597520861406807500, -2.249999999999998200 ) ) ;
#4583 = ORIENTED_EDGE ( 'NONE', *, *, #3918, .T. ) ;
#4584 = ORIENTED_EDGE ( 'NONE', *, *, #1690, .F. ) ;
#4585 = DIRECTION ( 'NONE',  ( -1.000000000000000000, 0.0000000000000000000, 0.0000000000000000000 ) ) ;
#4586 = CARTESIAN_POINT ( 'NONE',  ( -0.1287283372325185900, 0.4165808062584603300, -2.100000000000000100 ) ) ;
#4587 = EDGE_CURVE ( 'NONE', #6863, #3393, #4647, .T. ) ;
#4588 = EDGE_LOOP ( 'NONE', ( #6637, #7078, #7046, #1652 ) ) ;
#4589 = CARTESIAN_POINT ( 'NONE',  ( -0.3549999999999976500, 0.4251110699893017000, -2.099999999999999600 ) ) ;
#4590 = CARTESIAN_POINT ( 'NONE',  ( 0.5249999999999985800, 0.7888417395787668000, -2.249999999999998200 ) ) ;
#4591 = DIRECTION ( 'NONE',  ( 3.025117668765359500E-019, -1.000000000000000000, -0.0000000000000000000 ) ) ;
#4592 = VERTEX_POINT ( 'NONE', #4886 ) ;
#4593 = LINE ( 'NONE', #6789, #6232 ) ;
#4594 = CARTESIAN_POINT ( 'NONE',  ( 0.2760384833094576800, 1.040000000000000000, 0.7916041656178393100 ) ) ;
#4595 = PLANE ( 'NONE',  #2762 ) ;
#4596 = CARTESIAN_POINT ( 'NONE',  ( -0.7120157690046436900, 0.4513917560047874300, 0.5265525497400116400 ) ) ;
#4597 = CARTESIAN_POINT ( 'NONE',  ( 0.2556856015201484600, 1.040000000000000000, 0.7142364707906669900 ) ) ;
#4598 = DIRECTION ( 'NONE',  ( 0.0000000000000000000, 1.000000000000000000, 5.551115123125782700E-017 ) ) ;
#4599 = ORIENTED_EDGE ( 'NONE', *, *, #4931, .F. ) ;
#4600 = DIRECTION ( 'NONE',  ( -5.551115123125782700E-017, 5.551115123125782700E-017, 1.000000000000000000 ) ) ;
#4601 = ORIENTED_EDGE ( 'NONE', *, *, #5544, .T. ) ;
#4602 = CIRCLE ( 'NONE', #5065, 0.4199999999999986000 ) ;
#4603 = DIRECTION ( 'NONE',  ( -0.5734623443633283200, 0.8192319205190404800, 4.163336342344335200E-017 ) ) ;
#4604 = ORIENTED_EDGE ( 'NONE', *, *, #33, .F. ) ;
#4605 = FACE_OUTER_BOUND ( 'NONE', #7129, .T. ) ;
#4606 = CARTESIAN_POINT ( 'NONE',  ( -0.6797308402774873100, 0.1200000000000000000, -0.3169636963055252300 ) ) ;
#4607 = AXIS2_PLACEMENT_3D ( 'NONE', #3084, #4754, #1451 ) ;
#4608 = ORIENTED_EDGE ( 'NONE', *, *, #1057, .F. ) ;
#4609 = DIRECTION ( 'NONE',  ( 1.000000000000000000, 0.0000000000000000000, -0.0000000000000000000 ) ) ;
#4610 = VERTEX_POINT ( 'NONE', #3254 ) ;
#4611 = ADVANCED_FACE ( 'NONE', ( #1882 ), #4469, .T. ) ;
#4612 = ORIENTED_EDGE ( 'NONE', *, *, #609, .F. ) ;
#4613 = LINE ( 'NONE', #3128, #6087 ) ;
#4614 = CARTESIAN_POINT ( 'NONE',  ( -0.7387712897465941200, 0.8599999999999996500, 0.5871526029238066700 ) ) ;
#4615 = PLANE ( 'NONE',  #4892 ) ;
#4616 = VECTOR ( 'NONE', #6140, 1000.000000000000000 ) ;
#4617 = VERTEX_POINT ( 'NONE', #2741 ) ;
#4618 = DIRECTION ( 'NONE',  ( -1.000000000000000000, 0.0000000000000000000, 5.551115123125782700E-017 ) ) ;
#4619 = CARTESIAN_POINT ( 'NONE',  ( 0.1216025403784445800, 0.4289230484541331500, -1.020409781115728000 ) ) ;
#4620 = EDGE_CURVE ( 'NONE', #6128, #926, #242, .T. ) ;
#4621 = EDGE_CURVE ( 'NONE', #1669, #6441, #5951, .T. ) ;
#4622 = CARTESIAN_POINT ( 'NONE',  ( 0.7984483950146471500, 0.2599999999999945100, 0.3455143419578031200 ) ) ;
#4623 = DIRECTION ( 'NONE',  ( -0.7071067811865465700, 2.364379667557471300E-017, 0.7071067811865485700 ) ) ;
#4624 = EDGE_CURVE ( 'NONE', #3321, #5141, #1547, .T. ) ;
#4625 = DIRECTION ( 'NONE',  ( -0.9612616959383186700, -1.110223024625156300E-016, -0.2756373558169998300 ) ) ;
#4626 = ORIENTED_EDGE ( 'NONE', *, *, #4303, .T. ) ;
#4627 = DIRECTION ( 'NONE',  ( 0.7241379310344828700, 0.0000000000000000000, 0.6896551724137930400 ) ) ;
#4628 = FACE_OUTER_BOUND ( 'NONE', #3712, .T. ) ;
#4629 = DIRECTION ( 'NONE',  ( 0.0000000000000000000, -1.000000000000000000, -5.551115123125782700E-017 ) ) ;
#4630 = APPLICATION_CONTEXT ( 'configuration controlled 3d designs of mechanical parts and assemblies' ) ;
#4631 = AXIS2_PLACEMENT_3D ( 'NONE', #1272, #5128, #1820 ) ;
#4632 = ORIENTED_EDGE ( 'NONE', *, *, #2917, .T. ) ;
#4633 = ORIENTED_EDGE ( 'NONE', *, *, #2069, .T. ) ;
#4634 = FACE_OUTER_BOUND ( 'NONE', #4368, .T. ) ;
#4635 = EDGE_CURVE ( 'NONE', #4922, #5041, #4653, .T. ) ;
#4636 = DIRECTION ( 'NONE',  ( -1.394333594823066400E-015, 0.0000000000000000000, 1.000000000000000000 ) ) ;
#4637 = CARTESIAN_POINT ( 'NONE',  ( 0.4050150000000004600, 0.6350000000000001200, -5.550000000000000700 ) ) ;
#4638 = CARTESIAN_POINT ( 'NONE',  ( -0.6871048064772380400, 0.3829646094453618700, 0.5121701988190416900 ) ) ;
#4639 = LINE ( 'NONE', #4709, #1789 ) ;
#4640 = VERTEX_POINT ( 'NONE', #6590 ) ;
#4641 = FACE_OUTER_BOUND ( 'NONE', #705, .T. ) ;
#4642 = DIRECTION ( 'NONE',  ( 0.0000000000000000000, 0.0000000000000000000, 1.000000000000000000 ) ) ;
#4643 = CARTESIAN_POINT ( 'NONE',  ( -0.8800000000000000000, 0.1199999999999999800, 0.7000000000000000700 ) ) ;
#4644 = CARTESIAN_POINT ( 'NONE',  ( -0.6400000000000001200, 0.9899999999999999900, -1.950000000000000400 ) ) ;
#4645 = CARTESIAN_POINT ( 'NONE',  ( 0.2500000000000001100, -1.355252715606880500E-017, 0.4038873605350877800 ) ) ;
#4646 = AXIS2_PLACEMENT_3D ( 'NONE', #1625, #5484, #4934 ) ;
#4647 = B_SPLINE_CURVE_WITH_KNOTS ( 'NONE', 3,
 ( #3811, #7128, #503, #4372 ),
 .UNSPECIFIED., .F., .F.,
 ( 4, 4 ),
 ( 2.209393040573371200E-007, 0.0001003348305759882400 ),
 .UNSPECIFIED. ) ;
#4648 = LINE ( 'NONE', #1975, #3182 ) ;
#4649 = DIRECTION ( 'NONE',  ( 1.000000000000000000, 4.457975010683620400E-016, 0.0000000000000000000 ) ) ;
#4650 = ORIENTED_EDGE ( 'NONE', *, *, #3368, .F. ) ;
#4651 = ORIENTED_EDGE ( 'NONE', *, *, #2045, .F. ) ;
#4652 = FACE_OUTER_BOUND ( 'NONE', #3202, .T. ) ;
#4653 = LINE ( 'NONE', #2198, #2836 ) ;
#4654 = CARTESIAN_POINT ( 'NONE',  ( -0.5249999999999985800, 0.8599999999999997600, -2.400000000000000800 ) ) ;
#4655 = CARTESIAN_POINT ( 'NONE',  ( 0.8800000000000002300, 0.8599999999999996500, 0.5500000000000001600 ) ) ;
#4656 = EDGE_CURVE ( 'NONE', #296, #2319, #61, .T. ) ;
#4657 = PERSON_AND_ORGANIZATION_ROLE ( 'creator' ) ;
#4658 = DIRECTION ( 'NONE',  ( 5.551115123125782700E-017, -5.551115123125782700E-017, -1.000000000000000000 ) ) ;
#4659 = ADVANCED_FACE ( 'NONE', ( #4136 ), #3293, .T. ) ;
#4660 = ORIENTED_EDGE ( 'NONE', *, *, #7115, .F. ) ;
#4661 = VECTOR ( 'NONE', #795, 1000.000000000000000 ) ;
#4662 = CARTESIAN_POINT ( 'NONE',  ( 0.1449999999999986900, 0.7888417395787665800, -2.100000000000000100 ) ) ;
#4663 = EDGE_CURVE ( 'NONE', #6617, #6097, #1379, .T. ) ;
#4664 = AXIS2_PLACEMENT_3D ( 'NONE', #6394, #5915, #5899 ) ;
#4665 = AXIS2_PLACEMENT_3D ( 'NONE', #5184, #1872, #5739 ) ;
#4666 = CARTESIAN_POINT ( 'NONE',  ( -0.5946732035358774900, -2.057300141024108500, 0.6621659769244990800 ) ) ;
#4667 = LOCAL_TIME ( 10, 48, 54.00000000000000000, #6127 ) ;
#4668 = DIRECTION ( 'NONE',  ( 0.0000000000000000000, 1.000000000000000000, 5.551115123125782700E-017 ) ) ;
#4669 = CARTESIAN_POINT ( 'NONE',  ( -0.1100000000000000000, -1.355252715606880500E-017, 0.9300000000000001600 ) ) ;
#4670 = EDGE_LOOP ( 'NONE', ( #390, #3041, #3392, #4298 ) ) ;
#4671 = CARTESIAN_POINT ( 'NONE',  ( 0.5449999999999999300, 0.8599999999999998800, -0.7658818446731851000 ) ) ;
#4672 = EDGE_CURVE ( 'NONE', #2595, #2201, #2675, .T. ) ;
#4673 = CIRCLE ( 'NONE', #5130, 0.5199999999999998000 ) ;
#4674 = EDGE_CURVE ( 'NONE', #6441, #5141, #5591, .T. ) ;
#4675 = CARTESIAN_POINT ( 'NONE',  ( 1.050000000000000000, 0.9899999999999999900, -0.5500000000000010400 ) ) ;
#4676 = DIRECTION ( 'NONE',  ( -6.453584360032764700E-018, -1.000000000000000000, -4.717756710106838500E-032 ) ) ;
#4677 = VERTEX_POINT ( 'NONE', #3858 ) ;
#4678 = CARTESIAN_POINT ( 'NONE',  ( -0.4450867052023124700, 0.6099999999999998800, -0.9569364161849713800 ) ) ;
#4679 = CARTESIAN_POINT ( 'NONE',  ( 2.168404344971008900E-016, 0.7150000000000003000, -1.950000000000000400 ) ) ;
#4680 = CARTESIAN_POINT ( 'NONE',  ( 0.3549999999999977600, 0.4251110699893018200, -2.099999999999999600 ) ) ;
#4681 = AXIS2_PLACEMENT_3D ( 'NONE', #3594, #284, #4159 ) ;
#4682 = ORIENTED_EDGE ( 'NONE', *, *, #3583, .F. ) ;
#4683 = DIRECTION ( 'NONE',  ( -3.025117668765359500E-019, 1.000000000000000000, 0.0000000000000000000 ) ) ;
#4684 = EDGE_LOOP ( 'NONE', ( #5239, #6443, #5458, #4524 ) ) ;
#4685 = CARTESIAN_POINT ( 'NONE',  ( -0.6990799234564905000, 0.3699999999999943300, 0.5190840358305906000 ) ) ;
#4686 = CARTESIAN_POINT ( 'NONE',  ( 0.02999999999999991600, 0.6099999999999994300, -1.150000000000000400 ) ) ;
#4687 = EDGE_CURVE ( 'NONE', #140, #5360, #3951, .T. ) ;
#4688 = DIRECTION ( 'NONE',  ( -0.2756373558169998800, 0.0000000000000000000, 0.9612616959383186700 ) ) ;
#4689 = ORIENTED_EDGE ( 'NONE', *, *, #6883, .T. ) ;
#4690 = CARTESIAN_POINT ( 'NONE',  ( -0.9699999999999998600, -1.185846126156020500E-017, 0.7000000000000000700 ) ) ;
#4691 = CARTESIAN_POINT ( 'NONE',  ( 0.09999999999999993600, 0.4107826734183047700, -0.8505909426893533100 ) ) ;
#4692 = ORIENTED_EDGE ( 'NONE', *, *, #3346, .F. ) ;
#4693 = LINE ( 'NONE', #2573, #1736 ) ;
#4694 = PLANE ( 'NONE',  #3215 ) ;
#4695 = ADVANCED_FACE ( 'NONE', ( #6895 ), #6667, .F. ) ;
#4696 = DIRECTION ( 'NONE',  ( 3.025117668765123600E-019, -1.000000000000000000, 6.756096126909301100E-018 ) ) ;
#4697 = DIRECTION ( 'NONE',  ( 3.025117668765123600E-019, -1.000000000000000000, 6.756096126909301100E-018 ) ) ;
#4698 = B_SPLINE_CURVE_WITH_KNOTS ( 'NONE', 3,
 ( #2028, #3639, #1483, #907, #883, #376, #353, #326, #1020, #1045, #1068, #1582, #1608, #1631, #2155, #2180 ),
 .UNSPECIFIED., .F., .F.,
 ( 4, 3, 3, 3, 3, 4 ),
 ( 0.0001692067434954082300, 0.0001720527801859382200, 0.0001820577024539314000, 0.0001881656820498284400, 0.0001982957306261348100, 0.0002031060185459315700 ),
 .UNSPECIFIED. ) ;
#4699 = DIRECTION ( 'NONE',  ( 6.828076653045480500E-015, 2.018718687702645100E-033, -1.000000000000000000 ) ) ;
#4700 = CARTESIAN_POINT ( 'NONE',  ( 0.8800000000000001200, 0.1199999999999999800, 0.7000000000000059500 ) ) ;
#4701 = CARTESIAN_POINT ( 'NONE',  ( -0.4950000000000000000, 0.8599999999999998800, -0.7658818446731851000 ) ) ;
#4702 = ORIENTED_EDGE ( 'NONE', *, *, #6746, .F. ) ;
#4703 = VECTOR ( 'NONE', #6033, 1000.000000000000000 ) ;
#4704 = AXIS2_PLACEMENT_3D ( 'NONE', #5516, #2204, #6074 ) ;
#4705 = DIRECTION ( 'NONE',  ( 1.000000000000000000, 6.162975822039154700E-033, 5.551115123125782700E-017 ) ) ;
#4706 = DIRECTION ( 'NONE',  ( 1.000000000000000000, 0.0000000000000000000, 0.0000000000000000000 ) ) ;
#4707 = EDGE_CURVE ( 'NONE', #6187, #6947, #1191, .T. ) ;
#4708 = AXIS2_PLACEMENT_3D ( 'NONE', #3649, #3568, #3518 ) ;
#4709 = CARTESIAN_POINT ( 'NONE',  ( -0.09532849302035521800, 0.1651137933202432000, -2.550000000000001200 ) ) ;
#4710 = CARTESIAN_POINT ( 'NONE',  ( 0.7990799234564897000, 0.3699999999999941700, 0.3458789550737019800 ) ) ;
#4711 = EDGE_LOOP ( 'NONE', ( #2017, #3978, #4815, #6824 ) ) ;
#4712 = VECTOR ( 'NONE', #1074, 1000.000000000000000 ) ;
#4713 = LINE ( 'NONE', #6951, #6165 ) ;
#4714 = ORIENTED_EDGE ( 'NONE', *, *, #3810, .T. ) ;
#4715 = DIRECTION ( 'NONE',  ( 5.551115123125782700E-017, -5.551115123125782700E-017, -1.000000000000000000 ) ) ;
#4716 = ORIENTED_EDGE ( 'NONE', *, *, #1891, .F. ) ;
#4717 = ORIENTED_EDGE ( 'NONE', *, *, #5542, .F. ) ;
#4718 = ORIENTED_EDGE ( 'NONE', *, *, #3754, .T. ) ;
#4719 = VECTOR ( 'NONE', #777, 1000.000000000000000 ) ;
#4720 = ORIENTED_EDGE ( 'NONE', *, *, #2419, .F. ) ;
#4721 = CARTESIAN_POINT ( 'NONE',  ( 0.2556856015201481900, 1.040000000000000000, 0.7142364707906677700 ) ) ;
#4722 = EDGE_LOOP ( 'NONE', ( #6793, #162, #2404, #1252, #3766, #5393, #5468, #126, #2571, #2014, #6866, #4981, #6813, #3329 ) ) ;
#4723 = CARTESIAN_POINT ( 'NONE',  ( -0.1000000000000001000, 0.3030223961003282200, -0.7712824819909327400 ) ) ;
#4724 = DIRECTION ( 'NONE',  ( 0.9067211118885072400, 0.0000000000000000000, -0.4217307497155847700 ) ) ;
#4725 = ORIENTED_EDGE ( 'NONE', *, *, #2692, .F. ) ;
#4726 = LINE ( 'NONE', #2371, #1610 ) ;
#4727 = CARTESIAN_POINT ( 'NONE',  ( 0.7850674719494680200, 0.4063856639858410800, 0.3377888624241169900 ) ) ;
#4728 = CARTESIAN_POINT ( 'NONE',  ( 0.2839584187458735200, 1.159999999999999900, -1.850000000000000100 ) ) ;
#4729 = DIRECTION ( 'NONE',  ( 2.775557561562890600E-015, 0.0000000000000000000, -1.000000000000000000 ) ) ;
#4730 = AXIS2_PLACEMENT_3D ( 'NONE', #3667, #2445, #2356 ) ;
#4731 = CARTESIAN_POINT ( 'NONE',  ( 0.4050150000000004000, 0.6350000000000000100, -5.550000000000000700 ) ) ;
#4732 = EDGE_CURVE ( 'NONE', #1138, #1307, #5429, .T. ) ;
#4733 = DIRECTION ( 'NONE',  ( 0.0000000000000000000, 1.000000000000000000, 5.551115123125782700E-017 ) ) ;
#4734 = ORIENTED_EDGE ( 'NONE', *, *, #1194, .F. ) ;
#4735 = DIRECTION ( 'NONE',  ( 1.000000000000000000, -0.0000000000000000000, -0.0000000000000000000 ) ) ;
#4736 = FACE_OUTER_BOUND ( 'NONE', #2498, .T. ) ;
#4737 = EDGE_CURVE ( 'NONE', #1064, #1592, #5262, .T. ) ;
#4738 = DIRECTION ( 'NONE',  ( 0.8192319205190404800, 0.5734623443633283200, 0.0000000000000000000 ) ) ;
#4739 = LINE ( 'NONE', #2367, #4547 ) ;
#4740 = CARTESIAN_POINT ( 'NONE',  ( -0.6500000000000000200, 1.159999999999999900, -0.1250000000000001100 ) ) ;
#4741 = CARTESIAN_POINT ( 'NONE',  ( 0.1449999999999999600, 0.7888417395787666900, -2.440000000000000800 ) ) ;
#4742 = VERTEX_POINT ( 'NONE', #6133 ) ;
#4743 = VECTOR ( 'NONE', #1133, 1000.000000000000100 ) ;
#4744 = FACE_OUTER_BOUND ( 'NONE', #6266, .T. ) ;
#4745 = ORIENTED_EDGE ( 'NONE', *, *, #7130, .F. ) ;
#4746 = FACE_OUTER_BOUND ( 'NONE', #3362, .T. ) ;
#4747 = CARTESIAN_POINT ( 'NONE',  ( -0.2645751311064596900, 1.087660585711987400, -1.850000000000000300 ) ) ;
#4748 = ORIENTED_EDGE ( 'NONE', *, *, #4913, .F. ) ;
#4749 = VECTOR ( 'NONE', #6496, 1000.000000000000000 ) ;
#4750 = CARTESIAN_POINT ( 'NONE',  ( -0.1000000000000000500, 0.3159704330013294300, -0.7502232100926110600 ) ) ;
#4751 = CARTESIAN_POINT ( 'NONE',  ( 0.6400000000000004600, 1.084202172485504400E-016, -0.9500000000000007300 ) ) ;
#4752 = AXIS2_PLACEMENT_3D ( 'NONE', #6629, #3305, #1 ) ;
#4753 = B_SPLINE_CURVE_WITH_KNOTS ( 'NONE', 3,
 ( #228, #4596, #754, #1950, #6238, #2657, #6502 ),
 .UNSPECIFIED., .F., .F.,
 ( 4, 3, 4 ),
 ( 2.030846291755534300E-007, 2.680796995577049700E-005, 4.790862807100196800E-005 ),
 .UNSPECIFIED. ) ;
#4754 = DIRECTION ( 'NONE',  ( 0.0000000000000000000, -0.0000000000000000000, 1.000000000000000000 ) ) ;
#4755 = ORIENTED_EDGE ( 'NONE', *, *, #5410, .T. ) ;
#4756 = FACE_OUTER_BOUND ( 'NONE', #4271, .T. ) ;
#4757 = CARTESIAN_POINT ( 'NONE',  ( -0.1000000000000001600, -1.379453656957003600E-017, -1.000000000000000200 ) ) ;
#4758 = DIRECTION ( 'NONE',  ( 5.551115123125782700E-017, -6.225863063831157200E-017, -1.000000000000000000 ) ) ;
#4759 = PLANE ( 'NONE',  #5023 ) ;
#4760 = FACE_OUTER_BOUND ( 'NONE', #384, .T. ) ;
#4761 = DIRECTION ( 'NONE',  ( 3.614007241618348400E-015, -5.551115123125782700E-017, -1.000000000000000000 ) ) ;
#4762 = ORIENTED_EDGE ( 'NONE', *, *, #275, .T. ) ;
#4763 = AXIS2_PLACEMENT_3D ( 'NONE', #756, #6842, #3534 ) ;
#4764 = AXIS2_PLACEMENT_3D ( 'NONE', #5708, #6262, #2958 ) ;
#4765 = LINE ( 'NONE', #5565, #3121 ) ;
#4766 = DIRECTION ( 'NONE',  ( 1.000000000000000000, 0.0000000000000000000, 0.0000000000000000000 ) ) ;
#4767 = EDGE_LOOP ( 'NONE', ( #2630, #240, #3016 ) ) ;
#4768 = VECTOR ( 'NONE', #5473, 1000.000000000000200 ) ;
#4769 = ORIENTED_EDGE ( 'NONE', *, *, #1224, .T. ) ;
#4770 = DIRECTION ( 'NONE',  ( 2.775557561562890600E-015, 0.0000000000000000000, -1.000000000000000000 ) ) ;
#4771 = EDGE_CURVE ( 'NONE', #3761, #926, #6718, .T. ) ;
#4772 = EDGE_CURVE ( 'NONE', #4165, #3155, #5073, .T. ) ;
#4773 = DIRECTION ( 'NONE',  ( 5.551115123125782700E-017, -5.551115123125782700E-017, -1.000000000000000000 ) ) ;
#4774 = ORIENTED_EDGE ( 'NONE', *, *, #6104, .F. ) ;
#4775 = EDGE_CURVE ( 'NONE', #5532, #5146, #5197, .T. ) ;
#4776 = CARTESIAN_POINT ( 'NONE',  ( 5.834362940687621500E-015, -2.168404344971008900E-016, -2.100000000000000100 ) ) ;
#4777 = ORIENTED_EDGE ( 'NONE', *, *, #1661, .F. ) ;
#4778 = DIRECTION ( 'NONE',  ( 5.551115123125782700E-017, 5.551115123125782700E-017, -1.000000000000000000 ) ) ;
#4779 = CARTESIAN_POINT ( 'NONE',  ( 0.9999999999999950000, 0.1199999999999999800, 0.7000000000000068400 ) ) ;
#4780 = EDGE_LOOP ( 'NONE', ( #6075, #412, #5775, #1557 ) ) ;
#4781 = AXIS2_PLACEMENT_3D ( 'NONE', #7029, #3716, #406 ) ;
#4782 = DIRECTION ( 'NONE',  ( 1.000000000000000000, 0.0000000000000000000, -7.744301232039317700E-016 ) ) ;
#4783 = DIRECTION ( 'NONE',  ( -1.000000000000000000, 5.551115123125782100E-017, -1.110223024625156300E-016 ) ) ;
#4784 = EDGE_CURVE ( 'NONE', #1669, #2238, #3609, .T. ) ;
#4785 = ORIENTED_EDGE ( 'NONE', *, *, #6331, .F. ) ;
#4786 = VECTOR ( 'NONE', #1278, 1000.000000000000000 ) ;
#4787 = CARTESIAN_POINT ( 'NONE',  ( -0.3949999999999986300, 0.9899999999999997700, -2.099999999999999200 ) ) ;
#4788 = CARTESIAN_POINT ( 'NONE',  ( 2.168404344971008900E-016, 0.7150000000000003000, -1.950000000000000400 ) ) ;
#4789 = CARTESIAN_POINT ( 'NONE',  ( 0.5650000000000003900, 4.336808689942017700E-016, -2.549999999999998500 ) ) ;
#4790 = DIRECTION ( 'NONE',  ( -5.551115123125782700E-017, 5.551115123125782700E-017, 1.000000000000000000 ) ) ;
#4791 = CARTESIAN_POINT ( 'NONE',  ( 0.2769310333988041500, 0.1598862066797559200, -2.099999999999999600 ) ) ;
#4792 = ORIENTED_EDGE ( 'NONE', *, *, #5001, .F. ) ;
#4793 = VECTOR ( 'NONE', #2603, 999.9999999999998900 ) ;
#4794 = DIRECTION ( 'NONE',  ( 0.0000000000000000000, -1.000000000000000000, -5.551115123125782700E-017 ) ) ;
#4795 = ORIENTED_EDGE ( 'NONE', *, *, #1221, .F. ) ;
#4796 = VECTOR ( 'NONE', #515, 1000.000000000000000 ) ;
#4797 = CARTESIAN_POINT ( 'NONE',  ( -0.4050149999999997400, 0.6350000000000001200, -5.550000000000000700 ) ) ;
#4798 = ORIENTED_EDGE ( 'NONE', *, *, #5883, .T. ) ;
#4799 = DIRECTION ( 'NONE',  ( -2.775557561562890600E-015, -0.0000000000000000000, 1.000000000000000000 ) ) ;
#4800 = EDGE_CURVE ( 'NONE', #4936, #2549, #3525, .T. ) ;
#4801 = ORIENTED_EDGE ( 'NONE', *, *, #4396, .T. ) ;
#4802 = ORIENTED_EDGE ( 'NONE', *, *, #2199, .F. ) ;
#4803 = LINE ( 'NONE', #7146, #4441 ) ;
#4804 = CIRCLE ( 'NONE', #6917, 0.4000000000000000800 ) ;
#4805 = EDGE_CURVE ( 'NONE', #2965, #4382, #2138, .T. ) ;
#4806 = AXIS2_PLACEMENT_3D ( 'NONE', #6889, #3578, #272 ) ;
#4807 = ORIENTED_EDGE ( 'NONE', *, *, #2739, .F. ) ;
#4808 = CARTESIAN_POINT ( 'NONE',  ( -0.6400000000000002400, 0.9900000000000002100, -0.9500000000000002900 ) ) ;
#4809 = VERTEX_POINT ( 'NONE', #3415 ) ;
#4810 = LINE ( 'NONE', #580, #2987 ) ;
#4811 = DIRECTION ( 'NONE',  ( -1.000000000000000000, 0.0000000000000000000, 0.0000000000000000000 ) ) ;
#4812 = CARTESIAN_POINT ( 'NONE',  ( 0.8800000000000000000, 0.0000000000000000000, 0.8400000000000001900 ) ) ;
#4813 = EDGE_CURVE ( 'NONE', #6181, #6916, #1979, .T. ) ;
#4814 = EDGE_CURVE ( 'NONE', #6231, #615, #6548, .T. ) ;
#4815 = ORIENTED_EDGE ( 'NONE', *, *, #441, .T. ) ;
#4816 = ORIENTED_EDGE ( 'NONE', *, *, #4814, .T. ) ;
#4817 = FACE_OUTER_BOUND ( 'NONE', #6261, .T. ) ;
#4818 = CARTESIAN_POINT ( 'NONE',  ( -0.5649999999999985000, 0.7888417395787666900, -2.440000000000000800 ) ) ;
#4819 = DIRECTION ( 'NONE',  ( -5.551115123125782700E-017, 5.551115123125782700E-017, 1.000000000000000000 ) ) ;
#4820 = CARTESIAN_POINT ( 'NONE',  ( -0.1121153744479015700, 0.3310695875799495900, -2.249999999999998200 ) ) ;
#4821 = LINE ( 'NONE', #1321, #3324 ) ;
#4822 = ORIENTED_EDGE ( 'NONE', *, *, #3277, .T. ) ;
#4823 = VECTOR ( 'NONE', #4450, 1000.000000000000100 ) ;
#4824 = ORIENTED_EDGE ( 'NONE', *, *, #5156, .F. ) ;
#4825 = CARTESIAN_POINT ( 'NONE',  ( -0.6468044773754118000, -2.057300141024108500, 0.6113460297140399500 ) ) ;
#4826 = FACE_OUTER_BOUND ( 'NONE', #4210, .T. ) ;
#4827 = ORIENTED_EDGE ( 'NONE', *, *, #6176, .T. ) ;
#4828 = LINE ( 'NONE', #4353, #5950 ) ;
#4829 = CYLINDRICAL_SURFACE ( 'NONE', #2795, 0.4200000000000000400 ) ;
#4830 = DIRECTION ( 'NONE',  ( 0.0000000000000000000, 0.0000000000000000000, 1.000000000000000000 ) ) ;
#4831 = CARTESIAN_POINT ( 'NONE',  ( -0.7447871585130854100, 0.2886921089827731400, 0.3145330126185786900 ) ) ;
#4832 = CARTESIAN_POINT ( 'NONE',  ( -0.2000000000000001500, 0.1499999999999999700, -1.000000000000000000 ) ) ;
#4833 = ORIENTED_EDGE ( 'NONE', *, *, #5798, .T. ) ;
#4834 = LINE ( 'NONE', #249, #1886 ) ;
#4835 = DIRECTION ( 'NONE',  ( 7.058607893785836700E-018, -1.000000000000000000, -0.0000000000000000000 ) ) ;
#4836 = CALENDAR_DATE ( 2018, 26, 4 ) ;
#4837 = CARTESIAN_POINT ( 'NONE',  ( -0.1000000000000001000, 0.4043389018141632700, -0.8483942033185530900 ) ) ;
#4838 = AXIS2_PLACEMENT_3D ( 'NONE', #2410, #6267, #2963 ) ;
#4839 = EDGE_LOOP ( 'NONE', ( #2423, #3547, #1302, #1375 ) ) ;
#4840 = VECTOR ( 'NONE', #4124, 1000.000000000000200 ) ;
#4841 = DIRECTION ( 'NONE',  ( -1.000000000000000000, 0.0000000000000000000, -3.097720492815726700E-015 ) ) ;
#4842 = PLANE ( 'NONE',  #2032 ) ;
#4843 = CIRCLE ( 'NONE', #4397, 0.9122618261740693700 ) ;
#4844 = ADVANCED_FACE ( 'NONE', ( #4744 ), #2339, .T. ) ;
#4845 = ORIENTED_EDGE ( 'NONE', *, *, #3005, .T. ) ;
#4846 = DIRECTION ( 'NONE',  ( -5.551115123125782700E-017, 5.551115123125782700E-017, 1.000000000000000000 ) ) ;
#4847 = EDGE_CURVE ( 'NONE', #5241, #1138, #3252, .T. ) ;
#4848 = ORIENTED_EDGE ( 'NONE', *, *, #2167, .T. ) ;
#4849 = CARTESIAN_POINT ( 'NONE',  ( 0.4000000000000000200, 1.159999999999999900, -1.350000000000000100 ) ) ;
#4850 = EDGE_LOOP ( 'NONE', ( #3078, #1524, #602, #630 ) ) ;
#4851 = CARTESIAN_POINT ( 'NONE',  ( -0.7984483950146472600, 0.2599999999999948500, 0.3455143419578031200 ) ) ;
#4852 = CARTESIAN_POINT ( 'NONE',  ( 0.2556856015201481900, 1.159999999999999900, 0.7142364707906677700 ) ) ;
#4853 = VERTEX_POINT ( 'NONE', #4001 ) ;
#4854 = CARTESIAN_POINT ( 'NONE',  ( 2.168404344971008900E-016, 0.7150000000000003000, -2.180000000000000200 ) ) ;
#4855 = EDGE_CURVE ( 'NONE', #2248, #7006, #6030, .T. ) ;
#4856 = EDGE_CURVE ( 'NONE', #4592, #5457, #4086, .T. ) ;
#4857 = EDGE_CURVE ( 'NONE', #4231, #4592, #2432, .T. ) ;
#4858 = CARTESIAN_POINT ( 'NONE',  ( -0.1299999999999997500, 1.039999999999999800, -1.950000000000000400 ) ) ;
#4859 = CARTESIAN_POINT ( 'NONE',  ( 0.1144677903385026400, 0.3308641079912908500, -2.248645841510959800 ) ) ;
#4860 = DIRECTION ( 'NONE',  ( 3.491481338843133400E-015, -6.756096126909299500E-018, -1.000000000000000000 ) ) ;
#4861 = ORIENTED_EDGE ( 'NONE', *, *, #4477, .T. ) ;
#4862 = VECTOR ( 'NONE', #1362, 1000.000000000000000 ) ;
#4863 = CC_DESIGN_PERSON_AND_ORGANIZATION_ASSIGNMENT ( #1388, #1901, ( #4484 ) ) ;
#4864 = CARTESIAN_POINT ( 'NONE',  ( 0.3949999999999986300, 0.9899999999999999900, -2.099999999999999600 ) ) ;
#4865 = CARTESIAN_POINT ( 'NONE',  ( 0.2250000000000001400, 1.040000000000000000, 0.7299999999999997600 ) ) ;
#4866 = EDGE_CURVE ( 'NONE', #3585, #6600, #3420, .T. ) ;
#4867 = ORIENTED_EDGE ( 'NONE', *, *, #6426, .F. ) ;
#4868 = CONICAL_SURFACE ( 'NONE', #1067, 0.3799999999999986200, 0.7853981633974469500 ) ;
#4869 = DIRECTION ( 'NONE',  ( -0.7071067811865485700, -1.085536627833285500E-015, 0.7071067811865464600 ) ) ;
#4870 = EDGE_LOOP ( 'NONE', ( #472, #4520, #6691, #3069, #1344, #4608, #6659, #4440, #4245 ) ) ;
#4871 = DIRECTION ( 'NONE',  ( -5.551115123125782700E-016, -1.000000000000000000, 0.0000000000000000000 ) ) ;
#4872 = CARTESIAN_POINT ( 'NONE',  ( -0.1000000000000000500, 0.4600000000000000200, -0.8820319016666949800 ) ) ;
#4873 = ORIENTED_EDGE ( 'NONE', *, *, #2176, .F. ) ;
#4874 = ADVANCED_FACE ( 'NONE', ( #1780 ), #1467, .T. ) ;
#4875 = LINE ( 'NONE', #4789, #1940 ) ;
#4876 = FACE_OUTER_BOUND ( 'NONE', #4670, .T. ) ;
#4877 = ORIENTED_EDGE ( 'NONE', *, *, #852, .T. ) ;
#4878 = DIRECTION ( 'NONE',  ( 1.554312234475219600E-015, 1.000000000000000000, -0.0000000000000000000 ) ) ;
#4879 = DIRECTION ( 'NONE',  ( 5.551115123125782700E-017, 5.551115123125782700E-017, 1.000000000000000000 ) ) ;
#4880 = CARTESIAN_POINT ( 'NONE',  ( 0.5799999999999999600, 0.1999999999999998200, -0.8400000000000001900 ) ) ;
#4881 = ORIENTED_EDGE ( 'NONE', *, *, #2662, .T. ) ;
#4882 = ORIENTED_EDGE ( 'NONE', *, *, #5725, .F. ) ;
#4883 = VERTEX_POINT ( 'NONE', #3486 ) ;
#4884 = B_SPLINE_CURVE_WITH_KNOTS ( 'NONE', 3,
 ( #4521, #2909, #4573, #1271, #5127, #1817, #5689, #2378, #6240, #2939, #6791, #3476, #175 ),
 .UNSPECIFIED., .F., .F.,
 ( 4, 3, 3, 3, 4 ),
 ( 2.542577233235289900E-005, 3.017728865136337700E-005, 4.018191998514629200E-005, 5.020655214554966600E-005, 5.936823904869219600E-005 ),
 .UNSPECIFIED. ) ;
#4885 = VECTOR ( 'NONE', #6295, 1000.000000000000000 ) ;
#4886 = CARTESIAN_POINT ( 'NONE',  ( 0.09999999999999982500, 0.3030223961003282200, -0.7712824819909327400 ) ) ;
#4887 = CARTESIAN_POINT ( 'NONE',  ( 2.168404344971008900E-016, 0.7150000000000003000, -1.030761184457488700 ) ) ;
#4888 = ORIENTED_EDGE ( 'NONE', *, *, #6199, .T. ) ;
#4889 = EDGE_LOOP ( 'NONE', ( #2341, #4882, #6280, #2768, #928, #6820, #5354, #4720, #4168, #6343 ) ) ;
#4890 = ORIENTED_EDGE ( 'NONE', *, *, #2945, .T. ) ;
#4891 = EDGE_LOOP ( 'NONE', ( #4217, #6845, #3206, #4004 ) ) ;
#4892 = AXIS2_PLACEMENT_3D ( 'NONE', #5145, #6287, #2980 ) ;
#4893 = AXIS2_PLACEMENT_3D ( 'NONE', #6936, #2556, #6406 ) ;
#4894 = CARTESIAN_POINT ( 'NONE',  ( -0.003485717286246533600, 1.040000000000000500, -5.550000000000000700 ) ) ;
#4895 = DIRECTION ( 'NONE',  ( 2.220446049250313100E-016, -1.000000000000000000, -5.551115123125782700E-017 ) ) ;
#4896 = VECTOR ( 'NONE', #671, 1000.000000000000000 ) ;
#4897 = PLANE ( 'NONE',  #4369 ) ;
#4898 = ORIENTED_EDGE ( 'NONE', *, *, #1690, .T. ) ;
#4899 = CARTESIAN_POINT ( 'NONE',  ( -0.7179502228979478500, 0.3030223961003891700, 0.2990387006169543700 ) ) ;
#4900 = LINE ( 'NONE', #1959, #3412 ) ;
#4901 = CARTESIAN_POINT ( 'NONE',  ( -0.5650000000000006100, 3.252606517456513300E-016, -2.549999999999998900 ) ) ;
#4902 = CARTESIAN_POINT ( 'NONE',  ( -0.1000000000000000500, 0.4430357340481053700, -0.8759217572800909200 ) ) ;
#4903 = EDGE_CURVE ( 'NONE', #4398, #4936, #4384, .T. ) ;
#4904 = ORIENTED_EDGE ( 'NONE', *, *, #4546, .F. ) ;
#4905 = EDGE_CURVE ( 'NONE', #1897, #2462, #2982, .T. ) ;
#4906 = LINE ( 'NONE', #5624, #489 ) ;
#4907 = PLANE ( 'NONE',  #626 ) ;
#4908 = VERTEX_POINT ( 'NONE', #5718 ) ;
#4909 = CONICAL_SURFACE ( 'NONE', #5444, 0.3799999999999985100, 0.7853981633974482800 ) ;
#4910 = VECTOR ( 'NONE', #3959, 1000.000000000000000 ) ;
#4911 = CARTESIAN_POINT ( 'NONE',  ( -0.1000000000000001700, 0.3706766577590118200, -0.8635022280869497600 ) ) ;
#4912 = DIRECTION ( 'NONE',  ( 0.0000000000000000000, -1.000000000000000000, -5.551115123125782700E-017 ) ) ;
#4913 = EDGE_CURVE ( 'NONE', #3934, #915, #135, .T. ) ;
#4914 = LINE ( 'NONE', #2489, #6379 ) ;
#4915 = VERTEX_POINT ( 'NONE', #3546 ) ;
#4916 = ADVANCED_FACE ( 'NONE', ( #1623 ), #788, .T. ) ;
#4917 = AXIS2_PLACEMENT_3D ( 'NONE', #976, #4, #26 ) ;
#4918 = VECTOR ( 'NONE', #3198, 1000.000000000000000 ) ;
#4919 = DIRECTION ( 'NONE',  ( -5.551115123125782700E-017, 5.551115123125782700E-017, 1.000000000000000000 ) ) ;
#4920 = DIRECTION ( 'NONE',  ( 0.2485878067115380500, -0.4320170345481897400, 0.8669287076885476800 ) ) ;
#4921 = DIRECTION ( 'NONE',  ( -0.7071067811865465700, 2.364379667557471300E-017, 0.7071067811865485700 ) ) ;
#4922 = VERTEX_POINT ( 'NONE', #4106 ) ;
#4923 = LINE ( 'NONE', #2102, #1799 ) ;
#4924 = CARTESIAN_POINT ( 'NONE',  ( 0.3949999999999998000, 1.159999999999999900, -2.700000000000000200 ) ) ;
#4925 = DIRECTION ( 'NONE',  ( 1.000000000000000000, -2.744815626545581100E-016, 0.0000000000000000000 ) ) ;
#4926 = CARTESIAN_POINT ( 'NONE',  ( -0.1000000000000001600, 0.2925452217143825800, -0.7939389169247043100 ) ) ;
#4927 = CARTESIAN_POINT ( 'NONE',  ( -0.8800000000000000000, 0.1999999999999998200, -0.8400000000000001900 ) ) ;
#4928 = VECTOR ( 'NONE', #560, 1000.000000000000000 ) ;
#4929 = EDGE_LOOP ( 'NONE', ( #6724, #1162, #3688, #6436 ) ) ;
#4930 = VECTOR ( 'NONE', #4729, 1000.000000000000000 ) ;
#4931 = EDGE_CURVE ( 'NONE', #2965, #5919, #2915, .T. ) ;
#4932 = ORIENTED_EDGE ( 'NONE', *, *, #5530, .F. ) ;
#4933 = CIRCLE ( 'NONE', #3058, 0.4050150000000000700 ) ;
#4934 = DIRECTION ( 'NONE',  ( -1.000000000000000000, 6.453584360032747700E-018, 0.0000000000000000000 ) ) ;
#4935 = EDGE_CURVE ( 'NONE', #4165, #1798, #1861, .T. ) ;
#4936 = VERTEX_POINT ( 'NONE', #1911 ) ;
#4937 = CARTESIAN_POINT ( 'NONE',  ( -0.1466025403784443600, 0.3856217782649112300, -2.550000000000000300 ) ) ;
#4938 = ORIENTED_EDGE ( 'NONE', *, *, #1560, .F. ) ;
#4939 = ORIENTED_EDGE ( 'NONE', *, *, #4775, .F. ) ;
#4940 = CARTESIAN_POINT ( 'NONE',  ( -0.6859190069663340100, 0.4090167100330359700, 0.5114855771522167600 ) ) ;
#4941 = VERTEX_POINT ( 'NONE', #6903 ) ;
#4942 = CARTESIAN_POINT ( 'NONE',  ( 0.1121153744479016500, 0.3310695875799493600, -2.249999999999998200 ) ) ;
#4943 = CARTESIAN_POINT ( 'NONE',  ( 0.2645751311064597500, 1.087660585711987400, -2.450000000000000600 ) ) ;
#4944 = EDGE_CURVE ( 'NONE', #3437, #5273, #2752, .T. ) ;
#4945 = DIRECTION ( 'NONE',  ( -6.982962677686265900E-015, -2.112428377659777000E-033, 1.000000000000000000 ) ) ;
#4946 = CARTESIAN_POINT ( 'NONE',  ( -1.000000000000000000, -1.355252715606880500E-017, -0.6999999999999998400 ) ) ;
#4947 = ORIENTED_EDGE ( 'NONE', *, *, #1087, .T. ) ;
#4948 = FACE_OUTER_BOUND ( 'NONE', #4891, .T. ) ;
#4949 = CARTESIAN_POINT ( 'NONE',  ( -0.1000000000000001600, 0.4600000000000000200, -0.6622618261740695900 ) ) ;
#4950 = ADVANCED_FACE ( 'NONE', ( #5866 ), #5508, .T. ) ;
#4951 = AXIS2_PLACEMENT_3D ( 'NONE', #6825, #4322, #1100 ) ;
#4952 = CARTESIAN_POINT ( 'NONE',  ( -0.1450000000000000500, 0.7888417395787666900, -2.249999999999998700 ) ) ;
#4953 = EDGE_LOOP ( 'NONE', ( #979, #7112, #996, #910 ) ) ;
#4954 = VECTOR ( 'NONE', #4878, 1000.000000000000000 ) ;
#4955 = EDGE_CURVE ( 'NONE', #2431, #1530, #7149, .T. ) ;
#4956 = DIRECTION ( 'NONE',  ( 5.551115123125782700E-017, -5.551115123125782700E-017, -1.000000000000000000 ) ) ;
#4957 = ORIENTED_EDGE ( 'NONE', *, *, #641, .F. ) ;
#4958 = VECTOR ( 'NONE', #6096, 1000.000000000000000 ) ;
#4959 = ORIENTED_EDGE ( 'NONE', *, *, #5502, .T. ) ;
#4960 = EDGE_CURVE ( 'NONE', #6956, #4503, #5678, .T. ) ;
#4961 = CARTESIAN_POINT ( 'NONE',  ( 0.5649999999999986100, 0.7888417395787664700, -2.440000000000000400 ) ) ;
#4962 = ORIENTED_EDGE ( 'NONE', *, *, #1596, .T. ) ;
#4963 = ORIENTED_EDGE ( 'NONE', *, *, #5120, .F. ) ;
#4964 = FACE_OUTER_BOUND ( 'NONE', #304, .T. ) ;
#4965 = CIRCLE ( 'NONE', #6173, 0.8707243970591990200 ) ;
#4966 = CARTESIAN_POINT ( 'NONE',  ( -0.7387712897465943400, -2.057300141024108500, 0.4963033159733600300 ) ) ;
#4967 = ORIENTED_EDGE ( 'NONE', *, *, #4203, .T. ) ;
#4968 = DIRECTION ( 'NONE',  ( 1.232047923278980000E-016, 6.756096126909301100E-018, 1.000000000000000000 ) ) ;
#4969 = CARTESIAN_POINT ( 'NONE',  ( -0.5946732035358776000, 0.9899999999999999900, 0.6621659769244991900 ) ) ;
#4970 = ORIENTED_EDGE ( 'NONE', *, *, #4427, .T. ) ;
#4971 = VECTOR ( 'NONE', #3264, 1000.000000000000000 ) ;
#4972 = ORIENTED_EDGE ( 'NONE', *, *, #5135, .T. ) ;
#4973 = CARTESIAN_POINT ( 'NONE',  ( -0.1216025403784445600, 0.4289230484541331500, -2.550000000000000300 ) ) ;
#4974 = ORIENTED_EDGE ( 'NONE', *, *, #3429, .T. ) ;
#4975 = LINE ( 'NONE', #2753, #3171 ) ;
#4976 = VERTEX_POINT ( 'NONE', #2441 ) ;
#4977 = ADVANCED_FACE ( 'NONE', ( #1660 ), #6848, .T. ) ;
#4978 = ADVANCED_FACE ( 'NONE', ( #6979 ), #5418, .T. ) ;
#4979 = DIRECTION ( 'NONE',  ( 0.0000000000000000000, 1.000000000000000000, 0.0000000000000000000 ) ) ;
#4980 = VECTOR ( 'NONE', #6407, 1000.000000000000000 ) ;
#4981 = ORIENTED_EDGE ( 'NONE', *, *, #4944, .T. ) ;
#4982 = FACE_OUTER_BOUND ( 'NONE', #1231, .T. ) ;
#4983 = CARTESIAN_POINT ( 'NONE',  ( 0.9999999999999952300, -1.355252715606880500E-017, 0.6700000000000068100 ) ) ;
#4984 = CARTESIAN_POINT ( 'NONE',  ( -0.4350000000000002800, 0.3549999999999999800, -1.385000000000002500 ) ) ;
#4985 = DIRECTION ( 'NONE',  ( 5.551115123125782700E-017, -5.551115123125782700E-017, -1.000000000000000000 ) ) ;
#4986 = PLANE ( 'NONE',  #4917 ) ;
#4987 = DIRECTION ( 'NONE',  ( 6.162975822039154700E-033, 1.000000000000000000, -5.551115123125782700E-017 ) ) ;
#4988 = LINE ( 'NONE', #2434, #570 ) ;
#4989 = EDGE_CURVE ( 'NONE', #3321, #1012, #6879, .T. ) ;
#4990 = EDGE_CURVE ( 'NONE', #5058, #6930, #1004, .T. ) ;
#4991 = CARTESIAN_POINT ( 'NONE',  ( -0.8138620337916560000, 0.4600000000000000200, 0.3544134104549006000 ) ) ;
#4992 = ORIENTED_EDGE ( 'NONE', *, *, #4931, .T. ) ;
#4993 = ORIENTED_EDGE ( 'NONE', *, *, #7144, .F. ) ;
#4994 = VECTOR ( 'NONE', #3744, 1000.000000000000000 ) ;
#4995 = EDGE_CURVE ( 'NONE', #881, #4617, #3772, .T. ) ;
#4996 = AXIS2_PLACEMENT_3D ( 'NONE', #1300, #5157, #1842 ) ;
#4997 = ORIENTED_EDGE ( 'NONE', *, *, #3913, .F. ) ;
#4998 = CIRCLE ( 'NONE', #4377, 0.7500000000000001100 ) ;
#4999 = CARTESIAN_POINT ( 'NONE',  ( 0.1450000000000000200, 0.7888417395787666900, -2.360000000000000300 ) ) ;
#5000 = CARTESIAN_POINT ( 'NONE',  ( 0.4950000000000001100, 0.6099999999999997600, -0.7658818446731851000 ) ) ;
#5001 = EDGE_CURVE ( 'NONE', #1654, #5975, #5248, .T. ) ;
#5002 = PERSON_AND_ORGANIZATION ( #2677, #1484 ) ;
#5003 = ORIENTED_EDGE ( 'NONE', *, *, #76, .F. ) ;
#5004 = LINE ( 'NONE', #2440, #3532 ) ;
#5005 = CARTESIAN_POINT ( 'NONE',  ( 0.6887498560569728100, 0.4147681697970616600, 0.5131199686367322600 ) ) ;
#5006 = DIRECTION ( 'NONE',  ( -0.9067211118885072400, 2.341075942633355500E-017, -0.4217307497155845000 ) ) ;
#5007 = ORIENTED_EDGE ( 'NONE', *, *, #3398, .F. ) ;
#5008 = FACE_OUTER_BOUND ( 'NONE', #959, .T. ) ;
#5009 = AXIS2_PLACEMENT_3D ( 'NONE', #545, #4418, #1116 ) ;
#5010 = ORIENTED_EDGE ( 'NONE', *, *, #3540, .T. ) ;
#5011 = DIRECTION ( 'NONE',  ( -1.000000000000000000, 0.0000000000000000000, -2.668805347656626100E-015 ) ) ;
#5012 = DIRECTION ( 'NONE',  ( -0.7071067811865485700, 1.069941148779001100E-015, 0.7071067811865464600 ) ) ;
#5013 = CARTESIAN_POINT ( 'NONE',  ( -0.8799999999999998900, 1.159999999999999700, -0.5500000000000003800 ) ) ;
#5014 = ADVANCED_FACE ( 'NONE', ( #5068 ), #5240, .F. ) ;
#5015 = ORIENTED_EDGE ( 'NONE', *, *, #822, .T. ) ;
#5016 = ADVANCED_FACE ( 'NONE', ( #832 ), #1385, .F. ) ;
#5017 = EDGE_LOOP ( 'NONE', ( #6461, #5934, #4777, #3998 ) ) ;
#5018 = EDGE_CURVE ( 'NONE', #7138, #3411, #645, .T. ) ;
#5019 = CARTESIAN_POINT ( 'NONE',  ( 0.1000000000000000500, 0.4600000000000001300, -0.8820319016666949800 ) ) ;
#5020 = DIRECTION ( 'NONE',  ( 0.2588190451025257400, 0.9659258262890668700, 5.551115123125781500E-017 ) ) ;
#5021 = EDGE_CURVE ( 'NONE', #1551, #4165, #1312, .T. ) ;
#5022 = DIRECTION ( 'NONE',  ( 1.000000000000000000, 0.0000000000000000000, 0.0000000000000000000 ) ) ;
#5023 = AXIS2_PLACEMENT_3D ( 'NONE', #3094, #1505, #1459 ) ;
#5024 = AXIS2_PLACEMENT_3D ( 'NONE', #3478, #733, #4600 ) ;
#5025 = VERTEX_POINT ( 'NONE', #6901 ) ;
#5026 = ORIENTED_EDGE ( 'NONE', *, *, #3953, .T. ) ;
#5027 = LINE ( 'NONE', #182, #2097 ) ;
#5028 = DIRECTION ( 'NONE',  ( -1.000000000000000000, 0.0000000000000000000, 0.0000000000000000000 ) ) ;
#5029 = EDGE_CURVE ( 'NONE', #4374, #6799, #4900, .T. ) ;
#5030 = EDGE_CURVE ( 'NONE', #2959, #2595, #6371, .T. ) ;
#5031 = CARTESIAN_POINT ( 'NONE',  ( -0.5100000000000003400, 0.8599999999999998800, -0.9500000000000002900 ) ) ;
#5032 = DIRECTION ( 'NONE',  ( 0.0000000000000000000, 0.0000000000000000000, 1.000000000000000000 ) ) ;
#5033 = ORIENTED_EDGE ( 'NONE', *, *, #5785, .F. ) ;
#5034 = CARTESIAN_POINT ( 'NONE',  ( -0.2000000000000001500, -1.355252715606880500E-016, -1.000000000000000000 ) ) ;
#5035 = LINE ( 'NONE', #3669, #3566 ) ;
#5036 = AXIS2_PLACEMENT_3D ( 'NONE', #2472, #6323, #3021 ) ;
#5037 = ORIENTED_EDGE ( 'NONE', *, *, #5592, .F. ) ;
#5038 = EDGE_CURVE ( 'NONE', #5616, #6763, #2494, .T. ) ;
#5039 = DIRECTION ( 'NONE',  ( 0.0000000000000000000, 1.000000000000000000, 5.551115123125782700E-017 ) ) ;
#5040 = ORIENTED_EDGE ( 'NONE', *, *, #6142, .T. ) ;
#5041 = VERTEX_POINT ( 'NONE', #3640 ) ;
#5042 = VECTOR ( 'NONE', #4835, 1000.000000000000000 ) ;
#5043 = CIRCLE ( 'NONE', #6149, 0.3250000000000000100 ) ;
#5044 = CARTESIAN_POINT ( 'NONE',  ( 0.5249999999999985800, 0.7888417395787668000, -2.249999999999998200 ) ) ;
#5045 = PLANE ( 'NONE',  #1984 ) ;
#5046 = ORIENTED_EDGE ( 'NONE', *, *, #5501, .F. ) ;
#5047 = ADVANCED_FACE ( 'NONE', ( #4736 ), #884, .F. ) ;
#5048 = ORIENTED_EDGE ( 'NONE', *, *, #5333, .T. ) ;
#5049 = ADVANCED_FACE ( 'NONE', ( #1966 ), #6021, .T. ) ;
#5050 = EDGE_LOOP ( 'NONE', ( #1456, #5295, #6571, #4748, #387 ) ) ;
#5051 = ORIENTED_EDGE ( 'NONE', *, *, #1291, .F. ) ;
#5052 = VECTOR ( 'NONE', #3500, 1000.000000000000000 ) ;
#5053 = CARTESIAN_POINT ( 'NONE',  ( 0.3949999999999998500, 1.039999999999999800, -2.700000000000000200 ) ) ;
#5054 = VERTEX_POINT ( 'NONE', #3119 ) ;
#5055 = PLANE ( 'NONE',  #1482 ) ;
#5056 = CARTESIAN_POINT ( 'NONE',  ( 0.0000000000000000000, 0.4195329181894489900, -4.336808689942017700E-016 ) ) ;
#5057 = ORIENTED_EDGE ( 'NONE', *, *, #2442, .T. ) ;
#5058 = VERTEX_POINT ( 'NONE', #3666 ) ;
#5059 = ORIENTED_EDGE ( 'NONE', *, *, #2715, .T. ) ;
#5060 = VECTOR ( 'NONE', #617, 1000.000000000000100 ) ;
#5061 = CARTESIAN_POINT ( 'NONE',  ( -0.1449999999999988500, 0.7888417395787666900, -2.100000000000000100 ) ) ;
#5062 = CARTESIAN_POINT ( 'NONE',  ( -1.050000000000000300, 0.9899999999999999900, -0.5500000000000006000 ) ) ;
#5063 = EDGE_CURVE ( 'NONE', #498, #2096, #3246, .T. ) ;
#5064 = ORIENTED_EDGE ( 'NONE', *, *, #1957, .F. ) ;
#5065 = AXIS2_PLACEMENT_3D ( 'NONE', #1994, #1936, #1913 ) ;
#5066 = AXIS2_PLACEMENT_3D ( 'NONE', #1602, #504, #4373 ) ;
#5067 = CARTESIAN_POINT ( 'NONE',  ( 0.05999999999999847800, 0.3356217782649113000, -2.100000000000000100 ) ) ;
#5068 = FACE_OUTER_BOUND ( 'NONE', #6272, .T. ) ;
#5069 = CARTESIAN_POINT ( 'NONE',  ( 0.7088630208681158100, 0.4430332029867956600, 0.5247323097547005300 ) ) ;
#5070 = DIRECTION ( 'NONE',  ( 0.0000000000000000000, -1.000000000000000000, -5.551115123125782700E-017 ) ) ;
#5071 = ORIENTED_EDGE ( 'NONE', *, *, #349, .T. ) ;
#5072 = VECTOR ( 'NONE', #5509, 1000.000000000000000 ) ;
#5073 = CIRCLE ( 'NONE', #6123, 0.8633839599355779300 ) ;
#5074 = FACE_OUTER_BOUND ( 'NONE', #4684, .T. ) ;
#5075 = CARTESIAN_POINT ( 'NONE',  ( -0.8800000000000000000, 0.8599999999999996500, 0.5499999999999997100 ) ) ;
#5076 = VERTEX_POINT ( 'NONE', #355 ) ;
#5077 = FACE_OUTER_BOUND ( 'NONE', #4839, .T. ) ;
#5078 = PLANE ( 'NONE',  #4093 ) ;
#5079 = CARTESIAN_POINT ( 'NONE',  ( -1.444447458290426900E-031, 0.6400000000000004600, -2.100000000000000100 ) ) ;
#5080 = AXIS2_PLACEMENT_3D ( 'NONE', #3626, #94, #6400 ) ;
#5081 = DIRECTION ( 'NONE',  ( 6.453584360032764700E-018, 1.000000000000000000, 4.717756710106838500E-032 ) ) ;
#5082 = ADVANCED_FACE ( 'NONE', ( #486 ), #1771, .T. ) ;
#5083 = EDGE_CURVE ( 'NONE', #2345, #2353, #3092, .T. ) ;
#5084 = ADVANCED_FACE ( 'NONE', ( #5855 ), #5875, .T. ) ;
#5085 = VERTEX_POINT ( 'NONE', #2570 ) ;
#5086 = LINE ( 'NONE', #921, #3624 ) ;
#5087 = LINE ( 'NONE', #6634, #863 ) ;
#5088 = ORIENTED_EDGE ( 'NONE', *, *, #1476, .F. ) ;
#5089 = VECTOR ( 'NONE', #3335, 1000.000000000000000 ) ;
#5090 = EDGE_CURVE ( 'NONE', #3934, #3287, #128, .T. ) ;
#5091 = ORIENTED_EDGE ( 'NONE', *, *, #3277, .F. ) ;
#5092 = VECTOR ( 'NONE', #4340, 1000.000000000000000 ) ;
#5093 = CARTESIAN_POINT ( 'NONE',  ( -0.6990799234564905000, 0.3699999999999943300, 0.5190840358305906000 ) ) ;
#5094 = CARTESIAN_POINT ( 'NONE',  ( 0.6400000000000000100, 0.9899999999999997700, -1.950000000000000400 ) ) ;
#5095 = ORIENTED_EDGE ( 'NONE', *, *, #4163, .F. ) ;
#5096 = CARTESIAN_POINT ( 'NONE',  ( -0.6400000000000001200, 0.9900000000000002100, -1.950000000000000400 ) ) ;
#5097 = ORIENTED_EDGE ( 'NONE', *, *, #5883, .F. ) ;
#5098 = DIRECTION ( 'NONE',  ( -5.551115123125782700E-017, 5.551115123125782700E-017, 1.000000000000000000 ) ) ;
#5099 = EDGE_LOOP ( 'NONE', ( #5294, #3880, #4200, #550, #4801, #5676, #5427, #2309 ) ) ;
#5100 = AXIS2_PLACEMENT_3D ( 'NONE', #6095, #2794, #6654 ) ;
#5101 = CARTESIAN_POINT ( 'NONE',  ( -0.8800000000000004500, 0.9899999999999999900, -0.5500000000000006000 ) ) ;
#5102 = CARTESIAN_POINT ( 'NONE',  ( -0.02999999999999988800, 0.3049999999999998300, -1.850000000000000300 ) ) ;
#5103 = ORIENTED_EDGE ( 'NONE', *, *, #4857, .T. ) ;
#5104 = CARTESIAN_POINT ( 'NONE',  ( -0.1816025403784419500, 0.3250000000000008400, -2.209999999999998600 ) ) ;
#5105 = CARTESIAN_POINT ( 'NONE',  ( -0.7984483950146472600, 0.2599999999999948500, 0.3455143419578031200 ) ) ;
#5106 = ORIENTED_EDGE ( 'NONE', *, *, #5170, .T. ) ;
#5107 = VECTOR ( 'NONE', #4636, 1000.000000000000000 ) ;
#5108 = CARTESIAN_POINT ( 'NONE',  ( -0.8800000000000000000, 1.159999999999999900, 0.5499999999999997100 ) ) ;
#5109 = DIRECTION ( 'NONE',  ( -1.000000000000000000, 6.106226635438361000E-016, 5.551115123125782700E-017 ) ) ;
#5110 = AXIS2_PLACEMENT_3D ( 'NONE', #4087, #5176, #770 ) ;
#5111 = ORIENTED_EDGE ( 'NONE', *, *, #3181, .F. ) ;
#5112 = ADVANCED_FACE ( 'NONE', ( #1457, #4375, #4540, #310 ), #1506, .F. ) ;
#5113 = VERTEX_POINT ( 'NONE', #6465 ) ;
#5114 = FACE_OUTER_BOUND ( 'NONE', #6586, .T. ) ;
#5115 = ADVANCED_FACE ( 'NONE', ( #1264 ), #4026, .F. ) ;
#5116 = CARTESIAN_POINT ( 'NONE',  ( -0.3549999999999984800, 0.4251110699893017000, -2.359999999999999400 ) ) ;
#5117 = CARTESIAN_POINT ( 'NONE',  ( -0.8138620337916560000, 0.4600000000000000200, 0.3544134104549006000 ) ) ;
#5118 = CARTESIAN_POINT ( 'NONE',  ( -0.7941830889251375600, 0.3731984309669582600, 0.3430517663388487100 ) ) ;
#5119 = EDGE_CURVE ( 'NONE', #4149, #3400, #4218, .T. ) ;
#5120 = EDGE_CURVE ( 'NONE', #5054, #6255, #5497, .T. ) ;
#5121 = DIRECTION ( 'NONE',  ( 5.551115123125782700E-017, -5.551115123125782700E-017, -1.000000000000000000 ) ) ;
#5122 = ORIENTED_EDGE ( 'NONE', *, *, #3786, .T. ) ;
#5123 = LINE ( 'NONE', #2962, #4958 ) ;
#5124 = EDGE_CURVE ( 'NONE', #3656, #7147, #7141, .T. ) ;
#5125 = CARTESIAN_POINT ( 'NONE',  ( 0.7882083409013559400, 0.3804869946325152300, 0.3396022439589783100 ) ) ;
#5126 = ORIENTED_EDGE ( 'NONE', *, *, #2176, .T. ) ;
#5127 = CARTESIAN_POINT ( 'NONE',  ( 0.6847686962534120800, 0.3891419756939435400, 0.5108214449524589600 ) ) ;
#5128 = DIRECTION ( 'NONE',  ( -0.7071067811865476800, 1.054711873393898700E-015, -0.7071067811865474600 ) ) ;
#5129 = PLANE ( 'NONE',  #5024 ) ;
#5130 = AXIS2_PLACEMENT_3D ( 'NONE', #431, #4300, #977 ) ;
#5131 = ORIENTED_EDGE ( 'NONE', *, *, #775, .F. ) ;
#5132 = VECTOR ( 'NONE', #5830, 1000.000000000000000 ) ;
#5133 = FACE_OUTER_BOUND ( 'NONE', #4953, .T. ) ;
#5134 = EDGE_LOOP ( 'NONE', ( #4467, #5956, #5902, #5015 ) ) ;
#5135 = EDGE_CURVE ( 'NONE', #1226, #3764, #5670, .T. ) ;
#5136 = DIRECTION ( 'NONE',  ( 0.6123724356957933600, 0.3535533905932719500, 0.7071067811865492400 ) ) ;
#5137 = DIRECTION ( 'NONE',  ( 0.0000000000000000000, 0.7559289460184540600, 0.6546536707079775300 ) ) ;
#5138 = ORIENTED_EDGE ( 'NONE', *, *, #5224, .F. ) ;
#5139 = VERTEX_POINT ( 'NONE', #974 ) ;
#5140 = CARTESIAN_POINT ( 'NONE',  ( 0.1000000000000001600, 0.2715735200859759100, -0.8392437594997429500 ) ) ;
#5141 = VERTEX_POINT ( 'NONE', #1548 ) ;
#5142 = FACE_OUTER_BOUND ( 'NONE', #565, .T. ) ;
#5143 = PLANE ( 'NONE',  #256 ) ;
#5144 = CARTESIAN_POINT ( 'NONE',  ( -0.1920570140823642800, 0.1915600901423449900, -1.074624644612854200 ) ) ;
#5145 = CARTESIAN_POINT ( 'NONE',  ( 0.5799999999999999600, 0.1999999999999998200, -0.8400000000000001900 ) ) ;
#5146 = VERTEX_POINT ( 'NONE', #3204 ) ;
#5147 = EDGE_LOOP ( 'NONE', ( #519, #1237, #197 ) ) ;
#5148 = VECTOR ( 'NONE', #5450, 1000.000000000000100 ) ;
#5149 = CARTESIAN_POINT ( 'NONE',  ( 0.1816025403784419200, 0.3250000000000008400, -2.360000000000000300 ) ) ;
#5150 = DIRECTION ( 'NONE',  ( 5.551115123125782700E-017, 5.551115123125782700E-017, -1.000000000000000000 ) ) ;
#5151 = DIRECTION ( 'NONE',  ( 0.2588190451025257400, 0.9659258262890668700, 5.551115123125781500E-017 ) ) ;
#5152 = CARTESIAN_POINT ( 'NONE',  ( 0.1553284930203561500, 0.2690368417743760900, -2.100000000000001000 ) ) ;
#5153 = DIRECTION ( 'NONE',  ( 0.0000000000000000000, -1.000000000000000000, -5.551115123125782700E-017 ) ) ;
#5154 = CARTESIAN_POINT ( 'NONE',  ( 0.5249999999999985800, 0.8599999999999998800, -2.400000000000000800 ) ) ;
#5155 = ORIENTED_EDGE ( 'NONE', *, *, #6796, .F. ) ;
#5156 = EDGE_CURVE ( 'NONE', #2834, #6097, #2744, .T. ) ;
#5157 = DIRECTION ( 'NONE',  ( 0.0000000000000000000, -1.000000000000000000, -5.551115123125782700E-017 ) ) ;
#5158 = VECTOR ( 'NONE', #4191, 1000.000000000000000 ) ;
#5159 = CARTESIAN_POINT ( 'NONE',  ( -0.7387712897465963400, 0.8599999999999998800, -0.9499999999999986200 ) ) ;
#5160 = ORIENTED_EDGE ( 'NONE', *, *, #5021, .F. ) ;
#5161 = LINE ( 'NONE', #6078, #6456 ) ;
#5162 = ADVANCED_FACE ( 'NONE', ( #1092 ), #3755, .F. ) ;
#5163 = EDGE_CURVE ( 'NONE', #2953, #5574, #916, .T. ) ;
#5164 = CIRCLE ( 'NONE', #954, 0.8899999999999996800 ) ;
#5165 = CARTESIAN_POINT ( 'NONE',  ( -0.8800000000000000000, -1.355252715606880500E-017, -0.6999999999999998400 ) ) ;
#5166 = ORIENTED_EDGE ( 'NONE', *, *, #3189, .F. ) ;
#5167 = VECTOR ( 'NONE', #2614, 1000.000000000000100 ) ;
#5168 = LINE ( 'NONE', #5372, #3516 ) ;
#5169 = CARTESIAN_POINT ( 'NONE',  ( -0.6839771384554395000, 0.3971892336095296800, 0.5103644388447202700 ) ) ;
#5170 = EDGE_CURVE ( 'NONE', #3683, #2462, #2384, .T. ) ;
#5171 = DIRECTION ( 'NONE',  ( 5.551115123125782700E-017, -5.551115123125782700E-017, -1.000000000000000000 ) ) ;
#5172 = EDGE_CURVE ( 'NONE', #3663, #6921, #6621, .T. ) ;
#5173 = EDGE_LOOP ( 'NONE', ( #5007, #2308, #994, #2338 ) ) ;
#5174 = TOROIDAL_SURFACE ( 'NONE', #5110, 0.8100000000000000500, 0.07999999999999986300 ) ;
#5175 = CARTESIAN_POINT ( 'NONE',  ( -0.1000000000000000500, 0.3648284027082798200, -0.8761266772076543600 ) ) ;
#5176 = DIRECTION ( 'NONE',  ( 0.0000000000000000000, -1.000000000000000000, -5.551115123125782700E-017 ) ) ;
#5177 = CARTESIAN_POINT ( 'NONE',  ( 0.3349999999999986300, 0.4597520861406806400, -2.400000000000000800 ) ) ;
#5178 = CARTESIAN_POINT ( 'NONE',  ( 0.6500000000000002400, 1.129999999999999900, -0.1250000000000001100 ) ) ;
#5179 = DIRECTION ( 'NONE',  ( 0.0000000000000000000, -1.000000000000000000, -5.551115123125782700E-017 ) ) ;
#5180 = ORIENTED_EDGE ( 'NONE', *, *, #2126, .F. ) ;
#5181 = CIRCLE ( 'NONE', #5772, 0.5199999999999998000 ) ;
#5182 = CARTESIAN_POINT ( 'NONE',  ( -1.084202172485502800E-016, 0.6099999999999998800, -4.336808689942017700E-016 ) ) ;
#5183 = DIRECTION ( 'NONE',  ( 1.000000000000000000, 0.0000000000000000000, 0.0000000000000000000 ) ) ;
#5184 = CARTESIAN_POINT ( 'NONE',  ( -1.084202172485505900E-016, 0.4599999999999998000, -4.347420244391088200E-016 ) ) ;
#5185 = ORIENTED_EDGE ( 'NONE', *, *, #1224, .F. ) ;
#5186 = LINE ( 'NONE', #5610, #3881 ) ;
#5187 = CARTESIAN_POINT ( 'NONE',  ( 0.6500000000000000200, 1.159999999999999900, -0.1250000000000001100 ) ) ;
#5188 = ORIENTED_EDGE ( 'NONE', *, *, #3790, .F. ) ;
#5189 = DIRECTION ( 'NONE',  ( 6.106226635438361000E-016, -1.000000000000000000, 0.0000000000000000000 ) ) ;
#5190 = ORIENTED_EDGE ( 'NONE', *, *, #4771, .F. ) ;
#5191 = CARTESIAN_POINT ( 'NONE',  ( -0.6903206807485068300, 0.3773233719188935400, 0.5140268846952387200 ) ) ;
#5192 = ORIENTED_EDGE ( 'NONE', *, *, #5340, .T. ) ;
#5193 = DIRECTION ( 'NONE',  ( 0.0000000000000000000, 1.000000000000000000, 5.551115123125782700E-017 ) ) ;
#5194 = ADVANCED_FACE ( 'NONE', ( #2214 ), #4897, .T. ) ;
#5195 = CARTESIAN_POINT ( 'NONE',  ( -0.5649999999999989500, 1.089583694396573800, -2.099999999999998800 ) ) ;
#5196 = DIRECTION ( 'NONE',  ( 2.060779557754404700E-016, 0.0000000000000000000, -1.000000000000000000 ) ) ;
#5197 = B_SPLINE_CURVE_WITH_KNOTS ( 'NONE', 3,
 ( #3366, #607, #2852, #6711 ),
 .UNSPECIFIED., .F., .F.,
 ( 4, 4 ),
 ( 0.0003697725831834531700, 0.0005790119422993116500 ),
 .UNSPECIFIED. ) ;
#5198 = DIRECTION ( 'NONE',  ( -0.0000000000000000000, -0.0000000000000000000, -1.000000000000000000 ) ) ;
#5199 = ORIENTED_EDGE ( 'NONE', *, *, #2169, .T. ) ;
#5200 = CARTESIAN_POINT ( 'NONE',  ( -0.1816025403784424800, 0.3250000000000000700, -2.100000000000000100 ) ) ;
#5201 = DIRECTION ( 'NONE',  ( -5.551115123125782700E-017, 5.551115123125782700E-017, 1.000000000000000000 ) ) ;
#5202 = AXIS2_PLACEMENT_3D ( 'NONE', #676, #174, #730 ) ;
#5203 = CARTESIAN_POINT ( 'NONE',  ( -1.391554127632064800E-019, 0.4599999999999998500, 0.0000000000000000000 ) ) ;
#5204 = CARTESIAN_POINT ( 'NONE',  ( -0.2400000000000001300, 0.6349999999999999000, -0.9500000000000002900 ) ) ;
#5205 = SECURITY_CLASSIFICATION_LEVEL ( 'unclassified' ) ;
#5206 = CARTESIAN_POINT ( 'NONE',  ( 0.6990799234564902800, 0.3699999999999939400, 0.5190840358305906000 ) ) ;
#5207 = VERTEX_POINT ( 'NONE', #3781 ) ;
#5208 = CIRCLE ( 'NONE', #2337, 0.4199999999999986000 ) ;
#5209 = DIRECTION ( 'NONE',  ( 0.0000000000000000000, -0.0000000000000000000, -1.000000000000000000 ) ) ;
#5210 = EDGE_CURVE ( 'NONE', #3922, #1039, #738, .T. ) ;
#5211 = DIRECTION ( 'NONE',  ( -5.551115123125782700E-017, 5.551115123125782700E-017, 1.000000000000000000 ) ) ;
#5212 = VECTOR ( 'NONE', #5342, 1000.000000000000000 ) ;
#5213 = DIRECTION ( 'NONE',  ( -1.000000000000000000, -7.058607893785836700E-018, 0.0000000000000000000 ) ) ;
#5214 = ORIENTED_EDGE ( 'NONE', *, *, #2437, .F. ) ;
#5215 = DIRECTION ( 'NONE',  ( 3.330669073875474600E-016, -1.000000000000000000, 0.0000000000000000000 ) ) ;
#5216 = EDGE_LOOP ( 'NONE', ( #103, #4096, #6013, #2985 ) ) ;
#5217 = VECTOR ( 'NONE', #227, 1000.000000000000000 ) ;
#5218 = DIRECTION ( 'NONE',  ( 0.8660254037844397100, -0.4999999999999981100, 7.582964277521797200E-017 ) ) ;
#5219 = DIRECTION ( 'NONE',  ( 1.000000000000000000, 0.0000000000000000000, 0.0000000000000000000 ) ) ;
#5220 = VECTOR ( 'NONE', #812, 1000.000000000000000 ) ;
#5221 = VERTEX_POINT ( 'NONE', #4357 ) ;
#5222 = PLANE ( 'NONE',  #3487 ) ;
#5223 = DIRECTION ( 'NONE',  ( 1.000000000000000000, 0.0000000000000000000, 0.0000000000000000000 ) ) ;
#5224 = EDGE_CURVE ( 'NONE', #1987, #1314, #6449, .T. ) ;
#5225 = EDGE_CURVE ( 'NONE', #4072, #1081, #6786, .T. ) ;
#5226 = CARTESIAN_POINT ( 'NONE',  ( 0.1449999999999999300, 0.7888417395787666900, -2.209999999999998200 ) ) ;
#5227 = CARTESIAN_POINT ( 'NONE',  ( -0.1144677903385022800, 0.3308641079912907900, -2.248645841510959800 ) ) ;
#5228 = EDGE_CURVE ( 'NONE', #5221, #1440, #3492, .T. ) ;
#5229 = ORIENTED_EDGE ( 'NONE', *, *, #3899, .F. ) ;
#5230 = ORIENTED_EDGE ( 'NONE', *, *, #3189, .T. ) ;
#5231 = ORIENTED_EDGE ( 'NONE', *, *, #4391, .F. ) ;
#5232 = CARTESIAN_POINT ( 'NONE',  ( -9.629649721936179300E-032, 0.3971892336110938200, -4.336808689942017700E-016 ) ) ;
#5233 = CIRCLE ( 'NONE', #4838, 0.02999999999999997100 ) ;
#5234 = DIRECTION ( 'NONE',  ( 6.982962677686265900E-015, 2.112428377659777000E-033, -1.000000000000000000 ) ) ;
#5235 = ORIENTED_EDGE ( 'NONE', *, *, #4268, .T. ) ;
#5236 = CARTESIAN_POINT ( 'NONE',  ( 0.3949999999999986900, 1.159999999999999500, -2.099999999999999600 ) ) ;
#5237 = CC_DESIGN_DATE_AND_TIME_ASSIGNMENT ( #2684, #5767, ( #4484 ) ) ;
#5238 = ADVANCED_FACE ( 'NONE', ( #4817 ), #399, .T. ) ;
#5239 = ORIENTED_EDGE ( 'NONE', *, *, #1146, .F. ) ;
#5240 = PLANE ( 'NONE',  #4494 ) ;
#5241 = VERTEX_POINT ( 'NONE', #4943 ) ;
#5242 = ORIENTED_EDGE ( 'NONE', *, *, #5124, .T. ) ;
#5243 = DIRECTION ( 'NONE',  ( 1.000000000000000000, 0.0000000000000000000, 0.0000000000000000000 ) ) ;
#5244 = LINE ( 'NONE', #2272, #827 ) ;
#5245 = EDGE_CURVE ( 'NONE', #185, #6094, #3322, .T. ) ;
#5246 = DIRECTION ( 'NONE',  ( 0.0000000000000000000, -1.000000000000000000, -5.551115123125782700E-017 ) ) ;
#5247 = CARTESIAN_POINT ( 'NONE',  ( 0.09999999999999993600, 0.4043389018141635400, -0.8483942033185530900 ) ) ;
#5248 = LINE ( 'NONE', #3018, #6539 ) ;
#5249 = ORIENTED_EDGE ( 'NONE', *, *, #1480, .F. ) ;
#5250 = CARTESIAN_POINT ( 'NONE',  ( 0.6468044773754114700, -2.057300141024108500, 0.6113460297140400600 ) ) ;
#5251 = CARTESIAN_POINT ( 'NONE',  ( -0.6278445005324558800, 0.9899999999999999900, 0.6900000000000000600 ) ) ;
#5252 = AXIS2_PLACEMENT_3D ( 'NONE', #260, #3588, #281 ) ;
#5253 = B_SPLINE_CURVE_WITH_KNOTS ( 'NONE', 3,
 ( #3632, #3085, #4196, #875 ),
 .UNSPECIFIED., .F., .F.,
 ( 4, 4 ),
 ( 4.758323266641231300E-007, 4.654667779400571300E-005 ),
 .UNSPECIFIED. ) ;
#5254 = CARTESIAN_POINT ( 'NONE',  ( -0.3249999999999997900, 0.7150000000000003000, -2.100000000000001000 ) ) ;
#5255 = DIRECTION ( 'NONE',  ( 0.0000000000000000000, 1.000000000000000000, 0.0000000000000000000 ) ) ;
#5256 = LINE ( 'NONE', #2837, #2306 ) ;
#5257 = CARTESIAN_POINT ( 'NONE',  ( -1.050000000000000000, 0.8600000000000001000, -0.5500000000000006000 ) ) ;
#5258 = CARTESIAN_POINT ( 'NONE',  ( 0.0000000000000000000, 0.2599999999999949600, 0.0000000000000000000 ) ) ;
#5259 = ORIENTED_EDGE ( 'NONE', *, *, #6142, .F. ) ;
#5260 = ORIENTED_EDGE ( 'NONE', *, *, #4463, .T. ) ;
#5261 = LINE ( 'NONE', #1626, #3779 ) ;
#5262 = LINE ( 'NONE', #1160, #842 ) ;
#5263 = DIRECTION ( 'NONE',  ( 2.220446049250313100E-016, 1.000000000000000000, -0.0000000000000000000 ) ) ;
#5264 = CARTESIAN_POINT ( 'NONE',  ( 0.6447871585130862100, 0.2886921089827730300, 0.4877380933754668100 ) ) ;
#5265 = ORIENTED_EDGE ( 'NONE', *, *, #775, .T. ) ;
#5266 = LINE ( 'NONE', #5906, #847 ) ;
#5267 = DIRECTION ( 'NONE',  ( 0.7660444431189777900, 0.0000000000000000000, -0.6427876096865395800 ) ) ;
#5268 = AXIS2_PLACEMENT_3D ( 'NONE', #792, #4676, #1369 ) ;
#5269 = AXIS2_PLACEMENT_3D ( 'NONE', #5886, #2580, #6430 ) ;
#5270 = DIRECTION ( 'NONE',  ( 0.4999999999999970000, -0.8660254037844403700, -4.163336342344337000E-017 ) ) ;
#5271 = CARTESIAN_POINT ( 'NONE',  ( 0.1449999999999999300, 0.7888417395787668000, -2.400000000000000800 ) ) ;
#5272 = DIRECTION ( 'NONE',  ( 0.0000000000000000000, -1.000000000000000000, -5.551115123125782700E-017 ) ) ;
#5273 = VERTEX_POINT ( 'NONE', #1634 ) ;
#5274 = CIRCLE ( 'NONE', #5269, 0.4050150000000000700 ) ;
#5275 = CARTESIAN_POINT ( 'NONE',  ( -0.7230064301731902200, 0.3204189081888484400, 0.5328980109242438300 ) ) ;
#5276 = EDGE_CURVE ( 'NONE', #636, #1907, #4975, .T. ) ;
#5277 = ADVANCED_FACE ( 'NONE', ( #4634 ), #5939, .T. ) ;
#5278 = LINE ( 'NONE', #6035, #3627 ) ;
#5279 = EDGE_CURVE ( 'NONE', #6231, #5986, #559, .T. ) ;
#5280 = CARTESIAN_POINT ( 'NONE',  ( -0.1000000000000001000, 0.3030223961003282200, -0.7712824819909327400 ) ) ;
#5281 = PLANE ( 'NONE',  #1774 ) ;
#5282 = ORIENTED_EDGE ( 'NONE', *, *, #3444, .T. ) ;
#5283 = VECTOR ( 'NONE', #6864, 1000.000000000000000 ) ;
#5284 = CARTESIAN_POINT ( 'NONE',  ( 0.7876150096057900100, 0.4124505212557140200, 0.3392596839757651100 ) ) ;
#5285 = DIRECTION ( 'NONE',  ( 5.551115123125782700E-017, -6.231046968307496900E-017, -1.000000000000000000 ) ) ;
#5286 = ORIENTED_EDGE ( 'NONE', *, *, #6579, .F. ) ;
#5287 = LINE ( 'NONE', #4832, #3803 ) ;
#5288 = DIRECTION ( 'NONE',  ( -1.000000000000000000, 0.0000000000000000000, 0.0000000000000000000 ) ) ;
#5289 = CARTESIAN_POINT ( 'NONE',  ( 0.03000000000000000600, 0.0000000000000000000, -1.850000000000000500 ) ) ;
#5290 = ORIENTED_EDGE ( 'NONE', *, *, #4203, .F. ) ;
#5291 = DIRECTION ( 'NONE',  ( -1.000000000000000000, 0.0000000000000000000, 5.551115123125782700E-017 ) ) ;
#5292 = EDGE_CURVE ( 'NONE', #6254, #3883, #1697, .T. ) ;
#5293 = ORIENTED_EDGE ( 'NONE', *, *, #4771, .T. ) ;
#5294 = ORIENTED_EDGE ( 'NONE', *, *, #1087, .F. ) ;
#5295 = ORIENTED_EDGE ( 'NONE', *, *, #1445, .T. ) ;
#5296 = CARTESIAN_POINT ( 'NONE',  ( -0.7716194374161229300, 0.2743501913595833300, 0.3300246360662184000 ) ) ;
#5297 = DIRECTION ( 'NONE',  ( 5.551115123125782700E-017, -5.551115123125782700E-017, -1.000000000000000000 ) ) ;
#5298 = ORIENTED_EDGE ( 'NONE', *, *, #7068, .T. ) ;
#5299 = LINE ( 'NONE', #88, #3816 ) ;
#5300 = CARTESIAN_POINT ( 'NONE',  ( -0.3108054053584010100, 0.8099999999999997200, -1.030761184457488700 ) ) ;
#5301 = CARTESIAN_POINT ( 'NONE',  ( -0.1000000000000001600, 0.3222388905109489500, -0.7433034373606367500 ) ) ;
#5302 = CARTESIAN_POINT ( 'NONE',  ( -9.629649721936179300E-032, 0.3971892336110938200, -4.336808689942017700E-016 ) ) ;
#5303 = B_SPLINE_CURVE_WITH_KNOTS ( 'NONE', 3,
 ( #2544, #2722, #466, #6596, #4940, #3281, #3241, #3259, #2131, #7161 ),
 .UNSPECIFIED., .F., .F.,
 ( 4, 3, 3, 4 ),
 ( 2.985339267962237400E-007, 1.007145623986249300E-005, 2.014598647734418600E-005, 2.542577233235274000E-005 ),
 .UNSPECIFIED. ) ;
#5304 = CARTESIAN_POINT ( 'NONE',  ( -0.2556856015201486300, 1.040000000000000000, 0.7142364707906677700 ) ) ;
#5305 = EDGE_CURVE ( 'NONE', #5745, #5574, #4454, .T. ) ;
#5306 = ORIENTED_EDGE ( 'NONE', *, *, #3150, .T. ) ;
#5307 = ORIENTED_EDGE ( 'NONE', *, *, #6331, .T. ) ;
#5308 = FACE_OUTER_BOUND ( 'NONE', #6006, .T. ) ;
#5309 = DIRECTION ( 'NONE',  ( -0.4472135954999680300, 0.0000000000000000000, 0.8944271909999107500 ) ) ;
#5310 = DIRECTION ( 'NONE',  ( 0.6123724356957953600, -0.3535533905932712900, -0.7071067811865480200 ) ) ;
#5311 = EDGE_CURVE ( 'NONE', #826, #6921, #2996, .T. ) ;
#5312 = AXIS2_PLACEMENT_3D ( 'NONE', #3095, #6221, #3365 ) ;
#5313 = CARTESIAN_POINT ( 'NONE',  ( 0.2500000000000000000, -1.355252715606880500E-017, 0.8400000000000001900 ) ) ;
#5314 = ORIENTED_EDGE ( 'NONE', *, *, #6608, .T. ) ;
#5315 = FACE_OUTER_BOUND ( 'NONE', #3209, .T. ) ;
#5316 = CARTESIAN_POINT ( 'NONE',  ( 0.8800000000000004500, 0.9900000000000004400, -0.5500000000000006000 ) ) ;
#5317 = DIRECTION ( 'NONE',  ( -1.000000000000000000, 0.0000000000000000000, 5.551115123125782700E-017 ) ) ;
#5318 = ORIENTED_EDGE ( 'NONE', *, *, #1791, .F. ) ;
#5319 = CARTESIAN_POINT ( 'NONE',  ( 0.1216025403784421300, 0.4289230484541324300, -2.100000000000000100 ) ) ;
#5320 = ORIENTED_EDGE ( 'NONE', *, *, #2042, .T. ) ;
#5321 = EDGE_CURVE ( 'NONE', #6524, #4677, #41, .T. ) ;
#5322 = VERTEX_POINT ( 'NONE', #1122 ) ;
#5323 = FACE_OUTER_BOUND ( 'NONE', #5828, .T. ) ;
#5324 = FACE_OUTER_BOUND ( 'NONE', #1742, .T. ) ;
#5325 = ORIENTED_EDGE ( 'NONE', *, *, #4120, .T. ) ;
#5326 = CARTESIAN_POINT ( 'NONE',  ( 0.5249999999999985800, 0.8599999999999998800, -2.249999999999998700 ) ) ;
#5327 = ORIENTED_EDGE ( 'NONE', *, *, #2821, .F. ) ;
#5328 = DIRECTION ( 'NONE',  ( 2.720046410331633500E-015, 0.0000000000000000000, -1.000000000000000000 ) ) ;
#5329 = ORIENTED_EDGE ( 'NONE', *, *, #5700, .T. ) ;
#5330 = CIRCLE ( 'NONE', #3131, 0.4199999999999986000 ) ;
#5331 = CARTESIAN_POINT ( 'NONE',  ( -0.7500000000000000000, -2.268838251574019500E-019, 9.184850993605149700E-017 ) ) ;
#5332 = AXIS2_PLACEMENT_3D ( 'NONE', #1027, #3599, #5339 ) ;
#5333 = EDGE_CURVE ( 'NONE', #6766, #4508, #222, .T. ) ;
#5334 = DIRECTION ( 'NONE',  ( -6.162975822039154700E-033, -1.000000000000000000, 5.551115123125782700E-017 ) ) ;
#5335 = VERTEX_POINT ( 'NONE', #3866 ) ;
#5336 = VERTEX_POINT ( 'NONE', #22 ) ;
#5337 = VECTOR ( 'NONE', #6536, 1000.000000000000000 ) ;
#5338 = DIRECTION ( 'NONE',  ( 1.000000000000000000, 0.0000000000000000000, 0.0000000000000000000 ) ) ;
#5339 = DIRECTION ( 'NONE',  ( -5.551115123125782700E-017, 5.551115123125782700E-017, 1.000000000000000000 ) ) ;
#5340 = EDGE_CURVE ( 'NONE', #691, #2880, #4116, .T. ) ;
#5341 = VECTOR ( 'NONE', #824, 1000.000000000000000 ) ;
#5342 = DIRECTION ( 'NONE',  ( -1.000000000000000000, 5.586383961653367500E-017, -6.982962677686266700E-015 ) ) ;
#5343 = DIRECTION ( 'NONE',  ( -0.2588190451025258500, 0.9659258262890669800, -0.0000000000000000000 ) ) ;
#5344 = ORIENTED_EDGE ( 'NONE', *, *, #1937, .T. ) ;
#5345 = DESIGN_CONTEXT ( 'detailed design', #2439, 'design' ) ;
#5346 = VECTOR ( 'NONE', #6265, 1000.000000000000000 ) ;
#5347 = ORIENTED_EDGE ( 'NONE', *, *, #7119, .T. ) ;
#5348 = ORIENTED_EDGE ( 'NONE', *, *, #5279, .F. ) ;
#5349 = VECTOR ( 'NONE', #6969, 1000.000000000000000 ) ;
#5350 = VECTOR ( 'NONE', #2582, 1000.000000000000000 ) ;
#5351 = AXIS2_PLACEMENT_3D ( 'NONE', #1036, #6890, #2163 ) ;
#5352 = CARTESIAN_POINT ( 'NONE',  ( -0.1449999999999999300, 0.7888417395787664700, -2.400000000000000800 ) ) ;
#5353 = DIRECTION ( 'NONE',  ( 1.548860246407863600E-016, 0.0000000000000000000, 1.000000000000000000 ) ) ;
#5354 = ORIENTED_EDGE ( 'NONE', *, *, #4913, .T. ) ;
#5355 = DIRECTION ( 'NONE',  ( 6.453584360032764700E-018, 1.000000000000000000, 4.717756710106837400E-032 ) ) ;
#5356 = VECTOR ( 'NONE', #4618, 1000.000000000000000 ) ;
#5357 = DIRECTION ( 'NONE',  ( 2.720046410331633500E-015, 0.0000000000000000000, 1.000000000000000000 ) ) ;
#5358 = PLANE ( 'NONE',  #4344 ) ;
#5359 = CARTESIAN_POINT ( 'NONE',  ( 0.0000000000000000000, 0.2599999999999949600, 0.0000000000000000000 ) ) ;
#5360 = VERTEX_POINT ( 'NONE', #1702 ) ;
#5361 = LINE ( 'NONE', #2413, #3713 ) ;
#5362 = DIRECTION ( 'NONE',  ( -1.110223024625156300E-016, 5.551115123125780900E-017, 1.000000000000000000 ) ) ;
#5363 = DIRECTION ( 'NONE',  ( 1.394333594823066400E-015, 0.0000000000000000000, 1.000000000000000000 ) ) ;
#5364 = ORIENTED_EDGE ( 'NONE', *, *, #4772, .T. ) ;
#5365 = FACE_OUTER_BOUND ( 'NONE', #528, .T. ) ;
#5366 = ORIENTED_EDGE ( 'NONE', *, *, #508, .T. ) ;
#5367 = EDGE_CURVE ( 'NONE', #3418, #4308, #4293, .T. ) ;
#5368 = EDGE_CURVE ( 'NONE', #915, #5273, #1175, .T. ) ;
#5369 = EDGE_CURVE ( 'NONE', #2726, #3379, #5575, .T. ) ;
#5370 = CARTESIAN_POINT ( 'NONE',  ( -0.09999999999999988100, 0.4195329181894562600, -0.8575732401807046900 ) ) ;
#5371 = ORIENTED_EDGE ( 'NONE', *, *, #3510, .F. ) ;
#5372 = CARTESIAN_POINT ( 'NONE',  ( -0.4050149999999997400, 0.6350000000000000100, -5.550000000000000700 ) ) ;
#5373 = CARTESIAN_POINT ( 'NONE',  ( -0.9999999999999997800, 0.1199999999999999800, 0.6700000000000002600 ) ) ;
#5374 = ORIENTED_EDGE ( 'NONE', *, *, #1973, .T. ) ;
#5375 =( GEOMETRIC_REPRESENTATION_CONTEXT ( 3 ) GLOBAL_UNCERTAINTY_ASSIGNED_CONTEXT ( ( #3433 ) ) GLOBAL_UNIT_ASSIGNED_CONTEXT ( ( #2964, #6818, #3502 ) ) REPRESENTATION_CONTEXT ( 'NONE', 'WORKASPACE' ) );
#5376 = CARTESIAN_POINT ( 'NONE',  ( -0.1000000000000001600, -1.248212845100619400E-035, -0.7433034373659253000 ) ) ;
#5377 = EDGE_CURVE ( 'NONE', #4915, #5603, #7059, .T. ) ;
#5378 = ORIENTED_EDGE ( 'NONE', *, *, #423, .F. ) ;
#5379 = CARTESIAN_POINT ( 'NONE',  ( -1.050000000000000700, 0.9899999999999999900, 0.5500000000000001600 ) ) ;
#5380 = ORIENTED_EDGE ( 'NONE', *, *, #2166, .F. ) ;
#5381 = TOROIDAL_SURFACE ( 'NONE', #2717, 0.8834029449114199100, 0.03000000000000003000 ) ;
#5382 = DIRECTION ( 'NONE',  ( -1.000000000000000000, 0.0000000000000000000, 5.551115123125782700E-017 ) ) ;
#5383 = ADVANCED_FACE ( 'NONE', ( #5413 ), #2292, .T. ) ;
#5384 = AXIS2_PLACEMENT_3D ( 'NONE', #4999, #1693, #5553 ) ;
#5385 = CARTESIAN_POINT ( 'NONE',  ( 0.1287283372325176100, 0.4165808062584594500, -2.100000000000000100 ) ) ;
#5386 = DIRECTION ( 'NONE',  ( 0.4999999999999968400, 0.8660254037844404800, 0.0000000000000000000 ) ) ;
#5388 = ORIENTED_EDGE ( 'NONE', *, *, #2555, .F. ) ;
#5387 = LINE ( 'NONE', #6401, #5212 ) ;
#5389 = CARTESIAN_POINT ( 'NONE',  ( -0.1000000000000001700, 0.3995900520519482000, -0.8475237969422935200 ) ) ;
#5390 = VERTEX_POINT ( 'NONE', #2839 ) ;
#5391 = DIRECTION ( 'NONE',  ( 5.551115123125782700E-017, -5.551115123125782700E-017, -1.000000000000000000 ) ) ;
#5392 = EDGE_CURVE ( 'NONE', #2655, #3491, #5244, .T. ) ;
#5393 = ORIENTED_EDGE ( 'NONE', *, *, #3812, .F. ) ;
#5394 =( BOUNDED_CURVE ( )  B_SPLINE_CURVE ( 3, ( #1199, #3376, #2304, #6166 ),
 .UNSPECIFIED., .F., .F. ) 
 B_SPLINE_CURVE_WITH_KNOTS ( ( 4, 4 ),
 ( 4.828736177019989000, 5.031902809589565700 ),
 .UNSPECIFIED. ) 
 CURVE ( )  GEOMETRIC_REPRESENTATION_ITEM ( )  RATIONAL_B_SPLINE_CURVE ( ( 1.000000000000000000, 0.9965632335245084800, 0.9965632335245084800, 1.000000000000000000 ) ) 
 REPRESENTATION_ITEM ( '' )  );
#5395 = CYLINDRICAL_SURFACE ( 'NONE', #3830, 0.07999999999999998800 ) ;
#5396 = LINE ( 'NONE', #239, #2806 ) ;
#5397 = AXIS2_PLACEMENT_3D ( 'NONE', #4787, #4249, #4229 ) ;
#5398 = AXIS2_PLACEMENT_3D ( 'NONE', #2991, #6844, #3536 ) ;
#5399 = PLANE ( 'NONE',  #2769 ) ;
#5400 = ORIENTED_EDGE ( 'NONE', *, *, #1701, .T. ) ;
#5401 = ORIENTED_EDGE ( 'NONE', *, *, #349, .F. ) ;
#5402 = EDGE_LOOP ( 'NONE', ( #4273, #6588, #4403, #7132 ) ) ;
#5403 = CARTESIAN_POINT ( 'NONE',  ( -0.9999999999999997800, -1.355252715606880500E-017, 0.7000000000000000700 ) ) ;
#5404 = VECTOR ( 'NONE', #3970, 1000.000000000000000 ) ;
#5405 = DIRECTION ( 'NONE',  ( -1.000000000000000000, 0.0000000000000000000, 1.394333594823066400E-015 ) ) ;
#5406 = EDGE_LOOP ( 'NONE', ( #2227, #4997, #4066, #1499 ) ) ;
#5407 = DIRECTION ( 'NONE',  ( 3.025117668765123600E-019, -1.000000000000000000, 6.756096126909301100E-018 ) ) ;
#5408 = CARTESIAN_POINT ( 'NONE',  ( 0.3949999999999986300, 0.9899999999999999900, -2.099999999999999600 ) ) ;
#5409 = EDGE_CURVE ( 'NONE', #1692, #1510, #3767, .T. ) ;
#5410 = EDGE_CURVE ( 'NONE', #6028, #1064, #6703, .T. ) ;
#5411 = EDGE_LOOP ( 'NONE', ( #686, #4024, #1563, #2871 ) ) ;
#5412 = ORIENTED_EDGE ( 'NONE', *, *, #345, .F. ) ;
#5413 = FACE_OUTER_BOUND ( 'NONE', #6, .T. ) ;
#5414 = CARTESIAN_POINT ( 'NONE',  ( -0.8800000000000000000, -6.776263578034408900E-018, 0.7000000000000000700 ) ) ;
#5415 = AXIS2_PLACEMENT_3D ( 'NONE', #3565, #5246, #1932 ) ;
#5416 = DIRECTION ( 'NONE',  ( -5.551115123125782700E-017, 5.551115123125782700E-017, 1.000000000000000000 ) ) ;
#5417 = CARTESIAN_POINT ( 'NONE',  ( -0.1100000000000000000, -1.355252715606880500E-017, 0.9300000000000001600 ) ) ;
#5418 = CYLINDRICAL_SURFACE ( 'NONE', #4142, 0.4200000000000000400 ) ;
#5419 = EDGE_CURVE ( 'NONE', #1427, #2470, #6535, .T. ) ;
#5420 = VERTEX_POINT ( 'NONE', #2301 ) ;
#5421 = ORIENTED_EDGE ( 'NONE', *, *, #7163, .F. ) ;
#5422 = FACE_OUTER_BOUND ( 'NONE', #1568, .T. ) ;
#5423 = ADVANCED_FACE ( 'NONE', ( #2483 ), #6723, .T. ) ;
#5424 = PLANE ( 'NONE',  #4421 ) ;
#5425 = DIRECTION ( 'NONE',  ( -1.000000000000000000, -4.457975010683620400E-016, 0.0000000000000000000 ) ) ;
#5426 = VECTOR ( 'NONE', #3219, 1000.000000000000000 ) ;
#5427 = ORIENTED_EDGE ( 'NONE', *, *, #408, .F. ) ;
#5428 = VECTOR ( 'NONE', #1062, 1000.000000000000100 ) ;
#5429 = LINE ( 'NONE', #592, #3780 ) ;
#5430 = CARTESIAN_POINT ( 'NONE',  ( 0.4700000000000001400, 0.9899999999999999900, -1.950000000000000400 ) ) ;
#5431 = DIRECTION ( 'NONE',  ( 0.7241379310344828700, 0.0000000000000000000, 0.6896551724137930400 ) ) ;
#5432 = DIRECTION ( 'NONE',  ( 5.551115123125782700E-017, -5.551115123125782700E-017, -1.000000000000000000 ) ) ;
#5433 = EDGE_LOOP ( 'NONE', ( #6223, #6943, #1671, #2734 ) ) ;
#5434 = LINE ( 'NONE', #6991, #6725 ) ;
#5435 = CARTESIAN_POINT ( 'NONE',  ( 0.5649999999999988400, 0.7888417395787665800, -2.099999999999998800 ) ) ;
#5436 = COORDINATED_UNIVERSAL_TIME_OFFSET ( 9, 0, .AHEAD. ) ;
#5437 = CARTESIAN_POINT ( 'NONE',  ( -0.2093241316039303200, 1.145907730151415300, 0.7300000000000002000 ) ) ;
#5438 = ORIENTED_EDGE ( 'NONE', *, *, #5083, .F. ) ;
#5439 = B_SPLINE_CURVE_WITH_KNOTS ( 'NONE', 3,
 ( #7114, #3783, #495, #4365, #1052, #4926, #1615 ),
 .UNSPECIFIED., .F., .F.,
 ( 4, 3, 4 ),
 ( 0.0003676920357178205000, 0.0003952319399960518700, 0.0004701169740533837100 ),
 .UNSPECIFIED. ) ;
#5440 = CIRCLE ( 'NONE', #3388, 0.3250000000000000100 ) ;
#5441 = CARTESIAN_POINT ( 'NONE',  ( -0.09999999999999988100, 0.3943253452585098700, -0.8476617576370676400 ) ) ;
#5442 = EDGE_CURVE ( 'NONE', #5872, #3807, #3591, .T. ) ;
#5443 = DIRECTION ( 'NONE',  ( -1.000000000000000000, 0.0000000000000000000, 0.0000000000000000000 ) ) ;
#5444 = AXIS2_PLACEMENT_3D ( 'NONE', #2200, #1650, #4400 ) ;
#5445 = CYLINDRICAL_SURFACE ( 'NONE', #178, 0.4050150000000000700 ) ;
#5446 = VERTEX_POINT ( 'NONE', #1762 ) ;
#5447 = CARTESIAN_POINT ( 'NONE',  ( -0.07013229659958462900, 1.159999999999999900, 0.7299999999999997600 ) ) ;
#5448 = LINE ( 'NONE', #1346, #2525 ) ;
#5449 = DIRECTION ( 'NONE',  ( 0.0000000000000000000, 1.000000000000000000, 5.551115123125782700E-017 ) ) ;
#5450 = DIRECTION ( 'NONE',  ( 0.8660254037844397100, -0.4999999999999979500, 2.775557561562891000E-017 ) ) ;
#5451 = VERTEX_POINT ( 'NONE', #5629 ) ;
#5452 = CARTESIAN_POINT ( 'NONE',  ( 0.5249999999999986900, 0.7888417395787666900, -2.400000000000000400 ) ) ;
#5453 = ORIENTED_EDGE ( 'NONE', *, *, #2408, .T. ) ;
#5454 = CARTESIAN_POINT ( 'NONE',  ( -0.09999999999999999200, 0.4336808401424631600, -0.8701180750909508500 ) ) ;
#5455 = ADVANCED_FACE ( 'NONE', ( #6366 ), #3243, .T. ) ;
#5456 = ORIENTED_EDGE ( 'NONE', *, *, #7031, .F. ) ;
#5457 = VERTEX_POINT ( 'NONE', #3988 ) ;
#5458 = ORIENTED_EDGE ( 'NONE', *, *, #4989, .T. ) ;
#5459 = EDGE_CURVE ( 'NONE', #3922, #6766, #6185, .T. ) ;
#5460 = CARTESIAN_POINT ( 'NONE',  ( 0.5649999999999987300, 0.8099999999999998300, -2.099999999999999600 ) ) ;
#5461 = CARTESIAN_POINT ( 'NONE',  ( -0.2760384833094575200, 1.040000000000000000, 0.7916041656178397500 ) ) ;
#5462 = ORIENTED_EDGE ( 'NONE', *, *, #3619, .T. ) ;
#5463 = LINE ( 'NONE', #710, #2346 ) ;
#5464 = CARTESIAN_POINT ( 'NONE',  ( 0.3250000000000001800, 0.7150000000000003000, -1.950000000000000400 ) ) ;
#5465 = EDGE_CURVE ( 'NONE', #5872, #1945, #3404, .T. ) ;
#5466 = CARTESIAN_POINT ( 'NONE',  ( 0.1100000000000000000, -1.355252715606880500E-017, 1.000000000000000000 ) ) ;
#5467 = EDGE_LOOP ( 'NONE', ( #6827, #1837, #1069, #4898 ) ) ;
#5468 = ORIENTED_EDGE ( 'NONE', *, *, #6234, .F. ) ;
#5469 = LINE ( 'NONE', #4589, #1060 ) ;
#5470 = CARTESIAN_POINT ( 'NONE',  ( 0.9699999999999953100, -4.058245771276541200E-017, 0.6700000000000065900 ) ) ;
#5471 = CARTESIAN_POINT ( 'NONE',  ( -0.9699999999999998600, -1.334076891925523000E-017, 0.7000000000000000700 ) ) ;
#5472 = DIRECTION ( 'NONE',  ( 8.881784197001252300E-016, -7.228014483236694600E-017, 1.000000000000000000 ) ) ;
#5473 = DIRECTION ( 'NONE',  ( 0.9067211118885070100, 5.551115123125781500E-017, 0.4217307497155848800 ) ) ;
#5474 = CARTESIAN_POINT ( 'NONE',  ( -0.5249999999999984700, 0.8599999999999996500, -2.249999999999998200 ) ) ;
#5475 = EDGE_LOOP ( 'NONE', ( #4243, #279, #6488, #439, #2540, #5716, #5621, #6322, #6146, #3134 ) ) ;
#5476 = LINE ( 'NONE', #1216, #2191 ) ;
#5477 = LINE ( 'NONE', #960, #4034 ) ;
#5478 = AXIS2_PLACEMENT_3D ( 'NONE', #509, #1612, #3261 ) ;
#5479 = ORIENTED_EDGE ( 'NONE', *, *, #6283, .T. ) ;
#5480 = CARTESIAN_POINT ( 'NONE',  ( 0.6278445005324558800, 0.7900000000000000400, 0.6900000000000000600 ) ) ;
#5481 = ORIENTED_EDGE ( 'NONE', *, *, #1480, .T. ) ;
#5482 = CIRCLE ( 'NONE', #1741, 0.3799999999999985100 ) ;
#5483 = CIRCLE ( 'NONE', #2103, 0.8899999999999999000 ) ;
#5484 = DIRECTION ( 'NONE',  ( 6.453584360032764700E-018, 1.000000000000000000, 4.717756710106837400E-032 ) ) ;
#5485 = CARTESIAN_POINT ( 'NONE',  ( -0.7984483950146472600, 0.2599999999999948500, 0.3455143419578031200 ) ) ;
#5486 = ORIENTED_EDGE ( 'NONE', *, *, #2940, .F. ) ;
#5487 = ADVANCED_FACE ( 'NONE', ( #1766 ), #1236, .F. ) ;
#5488 = ORIENTED_EDGE ( 'NONE', *, *, #4013, .T. ) ;
#5489 = ORIENTED_EDGE ( 'NONE', *, *, #5029, .T. ) ;
#5490 = AXIS2_PLACEMENT_3D ( 'NONE', #4679, #1370, #5223 ) ;
#5491 = LINE ( 'NONE', #1373, #2377 ) ;
#5492 = DIRECTION ( 'NONE',  ( 0.0000000000000000000, 0.0000000000000000000, 1.000000000000000000 ) ) ;
#5493 = DIRECTION ( 'NONE',  ( 1.554312234475219600E-015, 1.000000000000000000, -0.0000000000000000000 ) ) ;
#5494 = ORIENTED_EDGE ( 'NONE', *, *, #4995, .T. ) ;
#5495 = ORIENTED_EDGE ( 'NONE', *, *, #6834, .F. ) ;
#5496 = DIRECTION ( 'NONE',  ( 0.0000000000000000000, -1.000000000000000000, -5.551115123125782700E-017 ) ) ;
#5497 = CIRCLE ( 'NONE', #1765, 0.7500000000000000000 ) ;
#5498 = DIRECTION ( 'NONE',  ( 1.548860246407863600E-016, 0.0000000000000000000, 1.000000000000000000 ) ) ;
#5499 = CARTESIAN_POINT ( 'NONE',  ( -0.8800000000000000000, -6.776263578034396500E-018, -0.6999999999999998400 ) ) ;
#5500 = EDGE_CURVE ( 'NONE', #940, #6187, #1962, .T. ) ;
#5501 = EDGE_CURVE ( 'NONE', #4157, #5085, #307, .T. ) ;
#5502 = EDGE_CURVE ( 'NONE', #926, #3302, #4726, .T. ) ;
#5503 = LINE ( 'NONE', #268, #2749 ) ;
#5504 = CARTESIAN_POINT ( 'NONE',  ( 0.09999999999999993600, 0.3506307787036006000, -0.9067643792598448800 ) ) ;
#5505 = EDGE_LOOP ( 'NONE', ( #3072, #2828, #1999, #527, #2920, #411, #6870, #2170 ) ) ;
#5506 = VECTOR ( 'NONE', #2205, 1000.000000000000000 ) ;
#5507 = AXIS2_PLACEMENT_3D ( 'NONE', #5408, #2098, #5967 ) ;
#5508 = CYLINDRICAL_SURFACE ( 'NONE', #3030, 0.7500000000000000000 ) ;
#5509 = DIRECTION ( 'NONE',  ( -1.000000000000000000, -3.025117668765360000E-019, -3.336595314202347100E-015 ) ) ;
#5510 = EDGE_CURVE ( 'NONE', #6313, #2077, #3083, .T. ) ;
#5511 = VECTOR ( 'NONE', #1453, 999.9999999999998900 ) ;
#5512 = VERTEX_POINT ( 'NONE', #1787 ) ;
#5513 = ORIENTED_EDGE ( 'NONE', *, *, #6529, .F. ) ;
#5514 = VECTOR ( 'NONE', #5291, 1000.000000000000000 ) ;
#5515 = FACE_OUTER_BOUND ( 'NONE', #2390, .T. ) ;
#5516 = CARTESIAN_POINT ( 'NONE',  ( -1.084202172485503400E-016, 0.8599999999999998800, -4.142519660632615500E-016 ) ) ;
#5517 = DIRECTION ( 'NONE',  ( -0.7706247876320170300, -0.06731278470167982600, 0.6337242505244802300 ) ) ;
#5518 = DIRECTION ( 'NONE',  ( 0.0000000000000000000, -1.000000000000000000, 8.881784197001252300E-016 ) ) ;
#5519 = ORIENTED_EDGE ( 'NONE', *, *, #5700, .F. ) ;
#5520 = LINE ( 'NONE', #166, #2602 ) ;
#5521 = DIRECTION ( 'NONE',  ( 0.0000000000000000000, 1.000000000000000000, 5.551115123125782700E-017 ) ) ;
#5522 = CARTESIAN_POINT ( 'NONE',  ( -1.084202172485504400E-016, 0.3222388905185646900, -4.376451581292422500E-016 ) ) ;
#5523 = PLANE ( 'NONE',  #5637 ) ;
#5524 = DIRECTION ( 'NONE',  ( 0.6337242505244767800, 0.4436069753671337800, 0.6337242505244794500 ) ) ;
#5525 = DIRECTION ( 'NONE',  ( -5.551115123125782700E-017, 5.551115123125782700E-017, 1.000000000000000000 ) ) ;
#5526 = ADVANCED_FACE ( 'NONE', ( #4370 ), #4595, .F. ) ;
#5527 = ADVANCED_FACE ( 'NONE', ( #121 ), #5710, .T. ) ;
#5528 = ORIENTED_EDGE ( 'NONE', *, *, #5419, .F. ) ;
#5529 = LINE ( 'NONE', #5159, #6815 ) ;
#5530 = EDGE_CURVE ( 'NONE', #661, #6863, #6808, .T. ) ;
#5531 = DIRECTION ( 'NONE',  ( 0.8660254037844402600, -2.775557561562890700E-017, -0.4999999999999970600 ) ) ;
#5532 = VERTEX_POINT ( 'NONE', #727 ) ;
#5533 = VECTOR ( 'NONE', #1176, 1000.000000000000000 ) ;
#5534 = EDGE_CURVE ( 'NONE', #7057, #1907, #7133, .T. ) ;
#5535 = EDGE_LOOP ( 'NONE', ( #1446, #7048, #964, #3580, #3808 ) ) ;
#5536 = CARTESIAN_POINT ( 'NONE',  ( 0.1999999999999999300, -1.219727444046192500E-016, -0.5599999999999991700 ) ) ;
#5537 = AXIS2_PLACEMENT_3D ( 'NONE', #4864, #4018, #1562 ) ;
#5538 = AXIS2_PLACEMENT_3D ( 'NONE', #3604, #293, #4172 ) ;
#5539 = ORIENTED_EDGE ( 'NONE', *, *, #4517, .F. ) ;
#5540 = ORIENTED_EDGE ( 'NONE', *, *, #3874, .T. ) ;
#5541 = DIRECTION ( 'NONE',  ( -6.453584360032764700E-018, -1.000000000000000000, -4.717756710106837400E-032 ) ) ;
#5542 = EDGE_CURVE ( 'NONE', #3833, #2431, #1450, .T. ) ;
#5543 = DIRECTION ( 'NONE',  ( 0.8660254037844397100, -0.4999999999999979500, 2.775557561562891000E-017 ) ) ;
#5544 = EDGE_CURVE ( 'NONE', #1189, #7111, #5658, .T. ) ;
#5545 = CARTESIAN_POINT ( 'NONE',  ( 0.1000000000000000500, 0.3583722931172772000, -0.8900606112027809000 ) ) ;
#5546 = DIRECTION ( 'NONE',  ( -0.7660444431189777900, 0.0000000000000000000, -0.6427876096865395800 ) ) ;
#5547 = CARTESIAN_POINT ( 'NONE',  ( 0.2500000000000000000, 0.09999999999999999200, 0.9300000000000000500 ) ) ;
#5548 = ORIENTED_EDGE ( 'NONE', *, *, #2601, .T. ) ;
#5549 = CARTESIAN_POINT ( 'NONE',  ( -0.2400000000000001900, 0.2350000000000001300, -1.950000000000000400 ) ) ;
#5550 = CARTESIAN_POINT ( 'NONE',  ( 0.1000000000000001400, 0.3545018001911698400, -0.8984126177367742800 ) ) ;
#5551 = EDGE_LOOP ( 'NONE', ( #5188, #3055, #4651, #2679, #475, #958 ) ) ;
#5552 = FACE_OUTER_BOUND ( 'NONE', #4108, .T. ) ;
#5553 = DIRECTION ( 'NONE',  ( -1.000000000000000000, 0.0000000000000000000, 0.0000000000000000000 ) ) ;
#5554 = ADVANCED_FACE ( 'NONE', ( #6016 ), #2572, .T. ) ;
#5555 = LINE ( 'NONE', #3224, #2631 ) ;
#5556 = ADVANCED_FACE ( 'NONE', ( #2736 ), #3842, .T. ) ;
#5557 = ORIENTED_EDGE ( 'NONE', *, *, #30, .F. ) ;
#5558 = CARTESIAN_POINT ( 'NONE',  ( 0.6859190069663341200, 0.4090167100330358600, 0.5114855771522168700 ) ) ;
#5559 = VERTEX_POINT ( 'NONE', #6311 ) ;
#5560 = LINE ( 'NONE', #744, #5217 ) ;
#5561 = DIRECTION ( 'NONE',  ( -1.000000000000000000, 0.0000000000000000000, 0.0000000000000000000 ) ) ;
#5562 = LINE ( 'NONE', #6277, #4101 ) ;
#5563 = DIRECTION ( 'NONE',  ( -1.000000000000000000, 0.0000000000000000000, 5.551115123125782700E-017 ) ) ;
#5564 = ORIENTED_EDGE ( 'NONE', *, *, #548, .F. ) ;
#5565 = CARTESIAN_POINT ( 'NONE',  ( -0.03000000000000007900, 10.35500000000000000, -1.150000000000001000 ) ) ;
#5566 = ORIENTED_EDGE ( 'NONE', *, *, #5921, .F. ) ;
#5567 = AXIS2_PLACEMENT_3D ( 'NONE', #5203, #1899, #5764 ) ;
#5568 = ORIENTED_EDGE ( 'NONE', *, *, #6283, .F. ) ;
#5569 = LINE ( 'NONE', #95, #5404 ) ;
#5570 = DIRECTION ( 'NONE',  ( -0.4999999999999975600, -0.8660254037844400400, 1.332267629550187800E-015 ) ) ;
#5571 = ORIENTED_EDGE ( 'NONE', *, *, #2690, .F. ) ;
#5572 = CARTESIAN_POINT ( 'NONE',  ( -0.003485717286341510600, 1.039999999999999800, -2.550000000000000700 ) ) ;
#5573 = ORIENTED_EDGE ( 'NONE', *, *, #4391, .T. ) ;
#5574 = VERTEX_POINT ( 'NONE', #3006 ) ;
#5575 = LINE ( 'NONE', #50, #3938 ) ;
#5576 = EDGE_CURVE ( 'NONE', #264, #2113, #6780, .T. ) ;
#5577 = DIRECTION ( 'NONE',  ( 6.162975822039154700E-033, 1.000000000000000000, -5.551115123125782700E-017 ) ) ;
#5578 = DIRECTION ( 'NONE',  ( -2.220446049250313100E-016, 1.000000000000000000, 5.551115123125782700E-017 ) ) ;
#5579 = EDGE_LOOP ( 'NONE', ( #3163, #6626, #762, #4381 ) ) ;
#5580 = CONICAL_SURFACE ( 'NONE', #1091, 0.9122618261740693700, 0.4363323129985766100 ) ;
#5581 = DIRECTION ( 'NONE',  ( 2.775557561562890600E-015, 0.0000000000000000000, -1.000000000000000000 ) ) ;
#5582 = CARTESIAN_POINT ( 'NONE',  ( -0.7990799234564898200, 0.3699999999999942200, 0.3458789550737024200 ) ) ;
#5583 = CARTESIAN_POINT ( 'NONE',  ( 1.925929944387235900E-031, 1.039999999999999600, 0.0000000000000000000 ) ) ;
#5584 = CARTESIAN_POINT ( 'NONE',  ( 0.1300000000000000600, 1.040000000000000000, -1.950000000000000600 ) ) ;
#5585 = CARTESIAN_POINT ( 'NONE',  ( 0.6500000000000002400, 1.129999999999999900, -0.1250000000000001100 ) ) ;
#5586 = LINE ( 'NONE', #4378, #1187 ) ;
#5587 = EDGE_CURVE ( 'NONE', #636, #6209, #5330, .T. ) ;
#5588 = EDGE_CURVE ( 'NONE', #6921, #6799, #5491, .T. ) ;
#5589 = ORIENTED_EDGE ( 'NONE', *, *, #6057, .T. ) ;
#5590 = CIRCLE ( 'NONE', #2492, 0.07999999999999998800 ) ;
#5591 = CIRCLE ( 'NONE', #5384, 0.4199999999999986000 ) ;
#5592 = EDGE_CURVE ( 'NONE', #5532, #6524, #6963, .T. ) ;
#5593 = EDGE_LOOP ( 'NONE', ( #5380, #4341, #3372, #6242 ) ) ;
#5594 = ADVANCED_FACE ( 'NONE', ( #4020 ), #3043, .T. ) ;
#5595 = APPROVAL ( #2464, 'UNSPECIFIED' ) ;
#5596 = DIRECTION ( 'NONE',  ( 3.336595314202347100E-015, -6.756096126909300300E-018, -1.000000000000000000 ) ) ;
#5597 = VERTEX_POINT ( 'NONE', #4680 ) ;
#5598 = VECTOR ( 'NONE', #3110, 1000.000000000000000 ) ;
#5599 = DIRECTION ( 'NONE',  ( 0.0000000000000000000, -1.000000000000000000, -5.551115123125782700E-017 ) ) ;
#5600 = CARTESIAN_POINT ( 'NONE',  ( 0.7387712897465943400, 0.9899999999999999900, 0.5871526029238066700 ) ) ;
#5601 = EDGE_CURVE ( 'NONE', #3975, #346, #3680, .T. ) ;
#5602 = LOCAL_TIME ( 10, 48, 54.00000000000000000, #7083 ) ;
#5603 = VERTEX_POINT ( 'NONE', #2729 ) ;
#5604 = FACE_OUTER_BOUND ( 'NONE', #5684, .T. ) ;
#5605 = DIRECTION ( 'NONE',  ( 1.000000000000000000, 0.0000000000000000000, 0.0000000000000000000 ) ) ;
#5606 = DIRECTION ( 'NONE',  ( -2.775557561562890600E-015, -0.0000000000000000000, 1.000000000000000000 ) ) ;
#5607 = DIRECTION ( 'NONE',  ( 5.551115123125782700E-017, -6.278794967226418000E-017, -1.000000000000000000 ) ) ;
#5608 = VECTOR ( 'NONE', #6607, 1000.000000000000000 ) ;
#5609 = ORIENTED_EDGE ( 'NONE', *, *, #3650, .T. ) ;
#5610 = CARTESIAN_POINT ( 'NONE',  ( 0.8800000000000000000, 0.1200000000000000000, 0.3169636963055300100 ) ) ;
#5611 = CARTESIAN_POINT ( 'NONE',  ( -0.09999999999999977000, 0.3035128740455373400, -0.8846564147219699900 ) ) ;
#5612 = CARTESIAN_POINT ( 'NONE',  ( 0.5249999999999985800, 0.8599999999999998800, -2.249999999999998700 ) ) ;
#5613 = ORIENTED_EDGE ( 'NONE', *, *, #3933, .F. ) ;
#5614 = EDGE_LOOP ( 'NONE', ( #6709, #2524, #796, #5513 ) ) ;
#5615 = DIRECTION ( 'NONE',  ( -1.000000000000000000, 0.0000000000000000000, -3.336595314202347100E-015 ) ) ;
#5616 = VERTEX_POINT ( 'NONE', #6032 ) ;
#5617 = EDGE_LOOP ( 'NONE', ( #4932, #5155, #5922, #3129 ) ) ;
#5618 = CARTESIAN_POINT ( 'NONE',  ( 0.7013211295832789700, 0.4296840933238113600, 0.5203779967912010000 ) ) ;
#5619 = AXIS2_PLACEMENT_3D ( 'NONE', #4645, #1342, #5196 ) ;
#5620 = AXIS2_PLACEMENT_3D ( 'NONE', #1969, #340, #4220 ) ;
#5621 = ORIENTED_EDGE ( 'NONE', *, *, #6073, .T. ) ;
#5622 = ADVANCED_FACE ( 'NONE', ( #2203 ), #3823, .T. ) ;
#5623 = ADVANCED_FACE ( 'NONE', ( #5142 ), #2048, .T. ) ;
#5624 = CARTESIAN_POINT ( 'NONE',  ( 4.997827247138355600E-017, 0.5099999999999997900, -0.8900000000000003500 ) ) ;
#5625 = ORIENTED_EDGE ( 'NONE', *, *, #6608, .F. ) ;
#5626 = LINE ( 'NONE', #2527, #3987 ) ;
#5627 = CARTESIAN_POINT ( 'NONE',  ( -0.07899079662720272200, 0.3477623915945582400, -2.289990522125402400 ) ) ;
#5628 = EDGE_CURVE ( 'NONE', #140, #6462, #3488, .T. ) ;
#5629 = CARTESIAN_POINT ( 'NONE',  ( -0.1121153744479018700, 0.3310695875799494800, -2.400000000000000800 ) ) ;
#5630 = EDGE_CURVE ( 'NONE', #2099, #2995, #6445, .T. ) ;
#5631 = CARTESIAN_POINT ( 'NONE',  ( -1.084202172485504400E-016, 0.3222388905185646900, -4.376451581292422500E-016 ) ) ;
#5632 = CARTESIAN_POINT ( 'NONE',  ( 0.5249999999999985800, 0.7888417395787668000, -2.249999999999998200 ) ) ;
#5633 = DIRECTION ( 'NONE',  ( 1.000000000000000000, 0.0000000000000000000, 0.0000000000000000000 ) ) ;
#5634 = PLANE ( 'NONE',  #3543 ) ;
#5635 = EDGE_LOOP ( 'NONE', ( #619, #6892, #3113, #2059, #1724, #7126 ) ) ;
#5636 = VECTOR ( 'NONE', #3701, 1000.000000000000000 ) ;
#5637 = AXIS2_PLACEMENT_3D ( 'NONE', #3313, #5, #3872 ) ;
#5638 = EDGE_CURVE ( 'NONE', #1226, #2900, #553, .T. ) ;
#5639 = DIRECTION ( 'NONE',  ( 0.0000000000000000000, 0.0000000000000000000, 1.000000000000000000 ) ) ;
#5640 = ORIENTED_EDGE ( 'NONE', *, *, #5726, .T. ) ;
#5641 = LINE ( 'NONE', #7174, #6944 ) ;
#5642 = AXIS2_PLACEMENT_3D ( 'NONE', #429, #1127, #1411 ) ;
#5643 = VECTOR ( 'NONE', #2058, 1000.000000000000000 ) ;
#5644 = DIRECTION ( 'NONE',  ( -5.551115123125782700E-017, 5.551115123125782700E-017, 1.000000000000000000 ) ) ;
#5645 = ORIENTED_EDGE ( 'NONE', *, *, #4178, .T. ) ;
#5646 = ORIENTED_EDGE ( 'NONE', *, *, #5576, .T. ) ;
#5647 = CARTESIAN_POINT ( 'NONE',  ( -0.7111475934632102100, 0.3635452094501363500, 0.5260513083574611700 ) ) ;
#5648 = VERTEX_POINT ( 'NONE', #2212 ) ;
#5649 = LINE ( 'NONE', #2564, #4202 ) ;
#5650 = VERTEX_POINT ( 'NONE', #2779 ) ;
#5651 = CARTESIAN_POINT ( 'NONE',  ( -0.1449999999999988500, 0.7888417395787666900, -2.100000000000000100 ) ) ;
#5652 = DIRECTION ( 'NONE',  ( -1.394333594823066400E-015, 0.0000000000000000000, 1.000000000000000000 ) ) ;
#5653 = CARTESIAN_POINT ( 'NONE',  ( 0.02506318850087650400, 0.006715661118558897400, -2.450000000000000600 ) ) ;
#5654 = ORIENTED_EDGE ( 'NONE', *, *, #3653, .T. ) ;
#5655 = DIRECTION ( 'NONE',  ( -0.0000000000000000000, -0.0000000000000000000, -1.000000000000000000 ) ) ;
#5656 = ORIENTED_EDGE ( 'NONE', *, *, #4129, .F. ) ;
#5657 = DIRECTION ( 'NONE',  ( 1.000000000000000000, 0.0000000000000000000, 0.0000000000000000000 ) ) ;
#5658 = LINE ( 'NONE', #1865, #1258 ) ;
#5659 = DIRECTION ( 'NONE',  ( 0.0000000000000000000, -1.000000000000000000, -5.551115123125782700E-017 ) ) ;
#5660 = EDGE_CURVE ( 'NONE', #2238, #636, #912, .T. ) ;
#5661 = CARTESIAN_POINT ( 'NONE',  ( 0.6839771384554396100, 0.3971892336095296800, 0.5103644388447203800 ) ) ;
#5662 = CARTESIAN_POINT ( 'NONE',  ( -0.8107290450971188500, 0.2902085691084647600, 0.3526045785887418300 ) ) ;
#5663 = ADVANCED_FACE ( 'NONE', ( #4628 ), #5931, .T. ) ;
#5664 = ADVANCED_FACE ( 'NONE', ( #6093 ), #4429, .T. ) ;
#5665 = EDGE_CURVE ( 'NONE', #1189, #7085, #3164, .T. ) ;
#5666 = ORIENTED_EDGE ( 'NONE', *, *, #5030, .F. ) ;
#5667 = AXIS2_PLACEMENT_3D ( 'NONE', #4130, #6931, #1387 ) ;
#5668 = AXIS2_PLACEMENT_3D ( 'NONE', #4472, #1170, #5028 ) ;
#5669 = DIRECTION ( 'NONE',  ( -0.8660254037844400400, 0.4999999999999975600, -2.775557561562890100E-017 ) ) ;
#5670 = CIRCLE ( 'NONE', #2146, 0.8899999999999996800 ) ;
#5671 = CARTESIAN_POINT ( 'NONE',  ( 0.2839584187458734100, 1.159999999999999900, -2.100000000000000100 ) ) ;
#5672 = CARTESIAN_POINT ( 'NONE',  ( -0.5249999999999986900, 0.7888417395787666900, -2.400000000000000800 ) ) ;
#5673 = CARTESIAN_POINT ( 'NONE',  ( -0.1449999999999999300, 0.7888417395787664700, -2.440000000000000800 ) ) ;
#5674 = CARTESIAN_POINT ( 'NONE',  ( -0.09061428288025802400, 0.3329476719223842800, -2.174824306478316100 ) ) ;
#5675 = FACE_OUTER_BOUND ( 'NONE', #2626, .T. ) ;
#5676 = ORIENTED_EDGE ( 'NONE', *, *, #6849, .F. ) ;
#5677 = LINE ( 'NONE', #3463, #3857 ) ;
#5678 = LINE ( 'NONE', #1327, #2588 ) ;
#5679 = ORIENTED_EDGE ( 'NONE', *, *, #262, .F. ) ;
#5680 = EDGE_CURVE ( 'NONE', #5335, #1935, #1689, .T. ) ;
#5681 = CARTESIAN_POINT ( 'NONE',  ( -0.03499999999999962900, 0.3789230484541330500, -2.449999999999999700 ) ) ;
#5682 = CYLINDRICAL_SURFACE ( 'NONE', #5537, 0.1699999999999999000 ) ;
#5683 = CARTESIAN_POINT ( 'NONE',  ( -0.7900223943281835500, 0.3777155575255710100, 0.3406495881932813900 ) ) ;
#5684 = EDGE_LOOP ( 'NONE', ( #6729, #1919, #1037, #6557, #4277 ) ) ;
#5685 = ORIENTED_EDGE ( 'NONE', *, *, #609, .T. ) ;
#5686 = FACE_OUTER_BOUND ( 'NONE', #2703, .T. ) ;
#5687 = LINE ( 'NONE', #1395, #4234 ) ;
#5688 = CARTESIAN_POINT ( 'NONE',  ( 0.7855286340537421800, 0.3864725099006954300, 0.3380551144891592000 ) ) ;
#5689 = CARTESIAN_POINT ( 'NONE',  ( 0.6871048064772379300, 0.3829646094453618700, 0.5121701988190421300 ) ) ;
#5690 = EDGE_CURVE ( 'NONE', #4883, #4617, #4810, .T. ) ;
#5691 = LINE ( 'NONE', #5681, #6996 ) ;
#5692 = CARTESIAN_POINT ( 'NONE',  ( -0.09532849302035624500, 0.1651137933202432000, -2.100000000000000500 ) ) ;
#5693 = DIRECTION ( 'NONE',  ( 0.9670961853396489200, -2.775557561562891000E-017, -0.2544110223663653100 ) ) ;
#5694 = CIRCLE ( 'NONE', #3154, 0.1699999999999999300 ) ;
#5695 = PLANE ( 'NONE',  #3194 ) ;
#5696 = CARTESIAN_POINT ( 'NONE',  ( 0.1000000000000001600, 0.2925452217143825800, -0.7939389169247042000 ) ) ;
#5697 = ORIENTED_EDGE ( 'NONE', *, *, #6983, .T. ) ;
#5698 = CARTESIAN_POINT ( 'NONE',  ( -0.1621317938288410200, 1.227922588758896500, 0.5654207596045347500 ) ) ;
#5699 = CIRCLE ( 'NONE', #2074, 0.1000000000000000500 ) ;
#5700 = EDGE_CURVE ( 'NONE', #3802, #6231, #213, .T. ) ;
#5701 = EDGE_LOOP ( 'NONE', ( #5374, #680, #1281, #3483 ) ) ;
#5702 = DIRECTION ( 'NONE',  ( -1.000000000000000000, 0.0000000000000000000, 0.0000000000000000000 ) ) ;
#5703 = VERTEX_POINT ( 'NONE', #1703 ) ;
#5704 = ADVANCED_FACE ( 'NONE', ( #4447 ), #6676, .F. ) ;
#5705 = VECTOR ( 'NONE', #28, 1000.000000000000000 ) ;
#5706 = DIRECTION ( 'NONE',  ( 0.0000000000000000000, 0.0000000000000000000, 1.000000000000000000 ) ) ;
#5707 = ORIENTED_EDGE ( 'NONE', *, *, #6712, .T. ) ;
#5708 = CARTESIAN_POINT ( 'NONE',  ( -0.6400000000000004600, 1.084202172485504400E-016, -0.9500000000000002900 ) ) ;
#5709 = CARTESIAN_POINT ( 'NONE',  ( -0.2093241316039303200, 1.040000000000000000, 0.7300000000000002000 ) ) ;
#5710 = PLANE ( 'NONE',  #3473 ) ;
#5711 = PLANE ( 'NONE',  #2003 ) ;
#5712 = ORIENTED_EDGE ( 'NONE', *, *, #6380, .F. ) ;
#5713 = CARTESIAN_POINT ( 'NONE',  ( 0.1999999999999999300, 0.1200000000000000000, -0.6797308402774862000 ) ) ;
#5714 = CARTESIAN_POINT ( 'NONE',  ( 0.02999999999999991600, 0.3049999999999998300, -1.150000000000000100 ) ) ;
#5715 = ORIENTED_EDGE ( 'NONE', *, *, #87, .F. ) ;
#5716 = ORIENTED_EDGE ( 'NONE', *, *, #4103, .T. ) ;
#5717 = CARTESIAN_POINT ( 'NONE',  ( 0.9699999999999950900, -1.187661196757279800E-017, 0.7000000000000066200 ) ) ;
#5718 = CARTESIAN_POINT ( 'NONE',  ( 0.9999999999999952300, 0.1199999999999999800, 0.6700000000000068100 ) ) ;
#5719 = ORIENTED_EDGE ( 'NONE', *, *, #5781, .T. ) ;
#5720 = LINE ( 'NONE', #1468, #4265 ) ;
#5721 = CARTESIAN_POINT ( 'NONE',  ( -9.629649721936179300E-032, 0.3971892336110938200, -4.336808689942017700E-016 ) ) ;
#5722 = CARTESIAN_POINT ( 'NONE',  ( -0.1000000000000000500, 0.3583722931172768600, -0.8900606112027807900 ) ) ;
#5723 = DIRECTION ( 'NONE',  ( 0.0000000000000000000, -1.000000000000000000, -5.551115123125782700E-017 ) ) ;
#5724 = DIRECTION ( 'NONE',  ( -2.720046410331633500E-015, 0.0000000000000000000, -1.000000000000000000 ) ) ;
#5725 = EDGE_CURVE ( 'NONE', #7085, #2726, #1526, .T. ) ;
#5726 = EDGE_CURVE ( 'NONE', #1530, #615, #4284, .T. ) ;
#5727 = DIRECTION ( 'NONE',  ( 0.7071067811865474600, 0.0000000000000000000, 0.7071067811865475700 ) ) ;
#5728 = DIRECTION ( 'NONE',  ( 5.551115123125782700E-017, -6.278794967226418000E-017, -1.000000000000000000 ) ) ;
#5729 = ORIENTED_EDGE ( 'NONE', *, *, #2648, .F. ) ;
#5731 = ORIENTED_EDGE ( 'NONE', *, *, #4674, .F. ) ;
#5730 = LINE ( 'NONE', #3124, #2971 ) ;
#5732 = EDGE_CURVE ( 'NONE', #77, #6441, #2817, .T. ) ;
#5733 = CARTESIAN_POINT ( 'NONE',  ( 0.8111475934632093000, 0.3635452094501364600, 0.3528462276005731000 ) ) ;
#5734 = CARTESIAN_POINT ( 'NONE',  ( -0.5249999999999986900, 0.7888417395787666900, -2.400000000000000800 ) ) ;
#5735 = ORIENTED_EDGE ( 'NONE', *, *, #6446, .F. ) ;
#5736 = PLANE ( 'NONE',  #4781 ) ;
#5737 = DIRECTION ( 'NONE',  ( -5.551115123125782700E-017, 0.0000000000000000000, 1.000000000000000000 ) ) ;
#5738 = PERSON_AND_ORGANIZATION_ROLE ( 'design_owner' ) ;
#5739 = DIRECTION ( 'NONE',  ( 0.0000000000000000000, -6.106925250968112100E-017, 1.000000000000000000 ) ) ;
#5740 = ORIENTED_EDGE ( 'NONE', *, *, #6498, .F. ) ;
#5741 = ADVANCED_FACE ( 'NONE', ( #1353 ), #78, .T. ) ;
#5742 = VECTOR ( 'NONE', #101, 1000.000000000000000 ) ;
#5743 = DIRECTION ( 'NONE',  ( -0.8660254037844398200, -0.4999999999999980600, -5.551115123125782100E-017 ) ) ;
#5744 = VECTOR ( 'NONE', #2421, 1000.000000000000000 ) ;
#5745 = VERTEX_POINT ( 'NONE', #2841 ) ;
#5746 = EDGE_CURVE ( 'NONE', #1296, #5113, #5394, .T. ) ;
#5747 = CARTESIAN_POINT ( 'NONE',  ( -0.1300000000000001200, 0.2349999999999999600, -1.950000000000000400 ) ) ;
#5748 = ORIENTED_EDGE ( 'NONE', *, *, #4955, .T. ) ;
#5749 = CARTESIAN_POINT ( 'NONE',  ( -0.6944190912509995400, 0.3730149659733721900, 0.5163931031021025100 ) ) ;
#5750 = VECTOR ( 'NONE', #1174, 1000.000000000000000 ) ;
#5751 = ORIENTED_EDGE ( 'NONE', *, *, #3699, .F. ) ;
#5752 = DIRECTION ( 'NONE',  ( 5.551115123125782700E-017, 5.551115123125782700E-017, -1.000000000000000000 ) ) ;
#5753 = PLANE ( 'NONE',  #5080 ) ;
#5754 = CARTESIAN_POINT ( 'NONE',  ( -0.4945836943965730700, 1.159999999999999900, -2.099999999999998800 ) ) ;
#5755 = CARTESIAN_POINT ( 'NONE',  ( -0.1299999999999999200, 0.3549999999999999800, -1.950000000000000400 ) ) ;
#5756 = ORIENTED_EDGE ( 'NONE', *, *, #3435, .F. ) ;
#5757 = ORIENTED_EDGE ( 'NONE', *, *, #2342, .F. ) ;
#5758 = B_SPLINE_CURVE_WITH_KNOTS ( 'NONE', 3,
 ( #1515, #2067, #5932, #2624, #6478, #3173, #7039 ),
 .UNSPECIFIED., .F., .F.,
 ( 4, 3, 4 ),
 ( 2.973169898450910700E-007, 2.684474950065568400E-005, 4.800486443119639300E-005 ),
 .UNSPECIFIED. ) ;
#5759 = VECTOR ( 'NONE', #5493, 1000.000000000000000 ) ;
#5760 = DIRECTION ( 'NONE',  ( -0.0000000000000000000, -0.0000000000000000000, -1.000000000000000000 ) ) ;
#5761 = CARTESIAN_POINT ( 'NONE',  ( 0.4050150000000002400, 0.6350000000000002300, -2.550000000000000700 ) ) ;
#5762 = CARTESIAN_POINT ( 'NONE',  ( -0.9700000000000000800, -1.334076891925523000E-017, -0.6999999999999998400 ) ) ;
#5763 = DIRECTION ( 'NONE',  ( -1.000000000000000000, 6.453584360032747700E-018, 0.0000000000000000000 ) ) ;
#5764 = DIRECTION ( 'NONE',  ( 0.0000000000000000000, -7.228014483236695800E-017, 1.000000000000000000 ) ) ;
#5765 = EDGE_CURVE ( 'NONE', #2990, #1879, #5569, .T. ) ;
#5766 = DIRECTION ( 'NONE',  ( -1.000000000000000000, 0.0000000000000000000, 0.0000000000000000000 ) ) ;
#5767 = DATE_TIME_ROLE ( 'classification_date' ) ;
#5768 = CARTESIAN_POINT ( 'NONE',  ( 0.5649999999999992800, 2.168404344971008900E-016, -2.099999999999998800 ) ) ;
#5769 = EDGE_LOOP ( 'NONE', ( #1013, #2123, #4974, #4251, #4848 ) ) ;
#5770 = LINE ( 'NONE', #117, #4126 ) ;
#5771 = ORIENTED_EDGE ( 'NONE', *, *, #4268, .F. ) ;
#5772 = AXIS2_PLACEMENT_3D ( 'NONE', #780, #4658, #1357 ) ;
#5773 = DIRECTION ( 'NONE',  ( 5.551115123125782700E-017, -0.0000000000000000000, -1.000000000000000000 ) ) ;
#5774 = VECTOR ( 'NONE', #2568, 1000.000000000000200 ) ;
#5775 = ORIENTED_EDGE ( 'NONE', *, *, #6383, .T. ) ;
#5776 = ORIENTED_EDGE ( 'NONE', *, *, #3982, .F. ) ;
#5777 = FACE_OUTER_BOUND ( 'NONE', #5981, .T. ) ;
#5778 = VECTOR ( 'NONE', #1648, 1000.000000000000000 ) ;
#5779 = CARTESIAN_POINT ( 'NONE',  ( 0.1000000000000001400, 0.4177940489784293100, -0.8556192948373714200 ) ) ;
#5780 = CARTESIAN_POINT ( 'NONE',  ( -0.1000000000000001600, 0.4600000000000000200, -0.6622618261740695900 ) ) ;
#5781 = EDGE_CURVE ( 'NONE', #6114, #3240, #1167, .T. ) ;
#5782 = ADVANCED_FACE ( 'NONE', ( #3931 ), #5078, .T. ) ;
#5783 = VERTEX_POINT ( 'NONE', #4519 ) ;
#5784 = VECTOR ( 'NONE', #1452, 1000.000000000000000 ) ;
#5785 = EDGE_CURVE ( 'NONE', #6947, #7111, #2653, .T. ) ;
#5786 = CARTESIAN_POINT ( 'NONE',  ( 0.6500000000000001300, 1.159999999999999900, 0.1250000000000001100 ) ) ;
#5787 = CARTESIAN_POINT ( 'NONE',  ( 0.3549999999999983200, 0.4251110699893032600, -2.209999999999998200 ) ) ;
#5788 = DIRECTION ( 'NONE',  ( 3.025117668765123600E-019, -1.000000000000000000, 6.756096126909301100E-018 ) ) ;
#5789 = DIRECTION ( 'NONE',  ( -1.000000000000000000, 0.0000000000000000000, 0.0000000000000000000 ) ) ;
#5790 = APPROVAL_DATE_TIME ( #68, #3015 ) ;
#5791 = AXIS2_PLACEMENT_3D ( 'NONE', #1412, #5272, #1964 ) ;
#5792 = ORIENTED_EDGE ( 'NONE', *, *, #538, .T. ) ;
#5793 = CARTESIAN_POINT ( 'NONE',  ( -1.084202172485505900E-016, 0.4599999999999998000, -4.347420244391088200E-016 ) ) ;
#5794 = LINE ( 'NONE', #3601, #2519 ) ;
#5795 = CARTESIAN_POINT ( 'NONE',  ( -0.03000000000000013400, 0.0000000000000000000, -0.9500000000000002900 ) ) ;
#5796 = DIRECTION ( 'NONE',  ( 1.000000000000000000, 0.0000000000000000000, 0.0000000000000000000 ) ) ;
#5797 = DIRECTION ( 'NONE',  ( 2.775557561562890600E-015, 0.0000000000000000000, -1.000000000000000000 ) ) ;
#5798 = EDGE_CURVE ( 'NONE', #6220, #6794, #2475, .T. ) ;
#5799 = FACE_OUTER_BOUND ( 'NONE', #3177, .T. ) ;
#5800 = DIRECTION ( 'NONE',  ( 0.3535533905932730100, 0.6123724356957962500, -0.7071067811865464600 ) ) ;
#5801 = ORIENTED_EDGE ( 'NONE', *, *, #6653, .T. ) ;
#5802 = CARTESIAN_POINT ( 'NONE',  ( -0.5649999999999985000, 0.7888417395787666900, -2.289999999999998300 ) ) ;
#5803 = ORIENTED_EDGE ( 'NONE', *, *, #3953, .F. ) ;
#5804 = CARTESIAN_POINT ( 'NONE',  ( 0.1000000000000001400, 0.3995900520519483100, -0.8475237969422935200 ) ) ;
#5805 = ORIENTED_EDGE ( 'NONE', *, *, #4235, .T. ) ;
#5806 = CARTESIAN_POINT ( 'NONE',  ( 1.415534356397075000E-016, 0.6350000000000002300, -2.550000000000000700 ) ) ;
#5807 = CARTESIAN_POINT ( 'NONE',  ( -0.6235355654234187000, 0.4599999999999999100, 0.2445283727085891800 ) ) ;
#5808 = EDGE_LOOP ( 'NONE', ( #3363, #4802, #5864, #5792 ) ) ;
#5809 = CARTESIAN_POINT ( 'NONE',  ( 0.2400000000000001900, 0.6349999999999999000, -1.950000000000000400 ) ) ;
#5810 = CARTESIAN_POINT ( 'NONE',  ( -0.6468044773754123600, 1.039999999999999600, 0.6113460297140394000 ) ) ;
#5811 = B_SPLINE_CURVE_WITH_KNOTS ( 'NONE', 3,
 ( #5093, #5647, #2343, #6210 ),
 .UNSPECIFIED., .F., .F.,
 ( 4, 4 ),
 ( 4.758323266637761600E-007, 4.654667779400616700E-005 ),
 .UNSPECIFIED. ) ;
#5812 = VERTEX_POINT ( 'NONE', #4545 ) ;
#5813 = CARTESIAN_POINT ( 'NONE',  ( 0.9700000000000046400, 0.1199999999999999800, -0.6999999999999934100 ) ) ;
#5814 = CARTESIAN_POINT ( 'NONE',  ( -0.5160106382978724100, 0.8599999999999998800, -0.7251434486799306400 ) ) ;
#5815 = AXIS2_PLACEMENT_3D ( 'NONE', #7162, #2772, #6623 ) ;
#5816 = CARTESIAN_POINT ( 'NONE',  ( -0.6179502228979484300, 0.3030223961003892800, 0.4722437813738426000 ) ) ;
#5817 = EDGE_CURVE ( 'NONE', #3727, #4209, #3082, .T. ) ;
#5818 = AXIS2_PLACEMENT_3D ( 'NONE', #3837, #1088, #2175 ) ;
#5819 = DIRECTION ( 'NONE',  ( -0.8660254037844398200, -0.4999999999999978400, -2.275957200481570500E-015 ) ) ;
#5820 = ORIENTED_EDGE ( 'NONE', *, *, #3832, .F. ) ;
#5821 = LINE ( 'NONE', #151, #4342 ) ;
#5822 = ADVANCED_FACE ( 'NONE', ( #990 ), #6696, .F. ) ;
#5823 = DIRECTION ( 'NONE',  ( 5.551115123125782700E-017, -5.551115123125782700E-017, -1.000000000000000000 ) ) ;
#5824 = CARTESIAN_POINT ( 'NONE',  ( -0.8352809876858333600, 0.3506307787036601600, 0.3667796492514640000 ) ) ;
#5825 = DIRECTION ( 'NONE',  ( -3.330669073875469600E-016, -1.000000000000000000, 0.0000000000000000000 ) ) ;
#5826 = DIRECTION ( 'NONE',  ( 0.0000000000000000000, -0.0000000000000000000, -1.000000000000000000 ) ) ;
#5827 = CIRCLE ( 'NONE', #4029, 0.4050150000000000700 ) ;
#5828 = EDGE_LOOP ( 'NONE', ( #295, #2177, #1041 ) ) ;
#5829 = DIRECTION ( 'NONE',  ( -2.720046410331633500E-015, 0.0000000000000000000, -1.000000000000000000 ) ) ;
#5830 = DIRECTION ( 'NONE',  ( -2.720046410331633500E-015, 0.0000000000000000000, -1.000000000000000000 ) ) ;
#5831 = ORIENTED_EDGE ( 'NONE', *, *, #2526, .F. ) ;
#5832 = LINE ( 'NONE', #5326, #7118 ) ;
#5833 = CARTESIAN_POINT ( 'NONE',  ( -0.1903284930203607800, 0.1098862066797565400, -2.200000000000000600 ) ) ;
#5834 = LINE ( 'NONE', #3670, #4352 ) ;
#5835 = ORIENTED_EDGE ( 'NONE', *, *, #670, .F. ) ;
#5836 = CARTESIAN_POINT ( 'NONE',  ( 0.7906994388798679300, 0.4174974771744667800, 0.3410404800474499700 ) ) ;
#5837 = DIRECTION ( 'NONE',  ( 0.2588190451025256800, 0.9659258262890668700, -1.110223024625156500E-016 ) ) ;
#5838 = EDGE_CURVE ( 'NONE', #2113, #557, #5233, .T. ) ;
#5839 = ORIENTED_EDGE ( 'NONE', *, *, #179, .F. ) ;
#5840 = ORIENTED_EDGE ( 'NONE', *, *, #3843, .F. ) ;
#5842 = ORIENTED_EDGE ( 'NONE', *, *, #5732, .F. ) ;
#5841 = DIRECTION ( 'NONE',  ( -5.551115123125782700E-017, 5.551115123125782700E-017, 1.000000000000000000 ) ) ;
#5843 = ORIENTED_EDGE ( 'NONE', *, *, #860, .F. ) ;
#5844 = DIRECTION ( 'NONE',  ( 2.220446049250313100E-016, -1.000000000000000000, -5.551115123125782700E-017 ) ) ;
#5845 = LINE ( 'NONE', #5289, #1441 ) ;
#5846 = ORIENTED_EDGE ( 'NONE', *, *, #5972, .T. ) ;
#5847 = ORIENTED_EDGE ( 'NONE', *, *, #7084, .F. ) ;
#5848 = CARTESIAN_POINT ( 'NONE',  ( -0.5649999999999990600, 0.7888417395787664700, -2.099999999999998800 ) ) ;
#5849 = VERTEX_POINT ( 'NONE', #4597 ) ;
#5850 = VECTOR ( 'NONE', #170, 1000.000000000000000 ) ;
#5851 = EDGE_CURVE ( 'NONE', #5446, #1288, #6525, .T. ) ;
#5852 = CARTESIAN_POINT ( 'NONE',  ( -5.568462357885536200E-017, 0.6099999999999998800, -0.9500000000000002900 ) ) ;
#5853 = CARTESIAN_POINT ( 'NONE',  ( -1.590609214438026600E-016, 0.3506307787036604400, 0.9122618261740689200 ) ) ;
#5854 = ORIENTED_EDGE ( 'NONE', *, *, #3359, .T. ) ;
#5855 = FACE_OUTER_BOUND ( 'NONE', #5535, .T. ) ;
#5856 = DIRECTION ( 'NONE',  ( 0.0000000000000000000, -1.000000000000000000, -5.551115123125782700E-017 ) ) ;
#5857 = ORIENTED_EDGE ( 'NONE', *, *, #885, .T. ) ;
#5858 = DIRECTION ( 'NONE',  ( 0.0000000000000000000, 6.352228914548922900E-017, -1.000000000000000000 ) ) ;
#5859 = AXIS2_PLACEMENT_3D ( 'NONE', #6054, #6599, #3844 ) ;
#5860 = B_SPLINE_CURVE_WITH_KNOTS ( 'NONE', 3,
 ( #2132, #5447, #1583, #2702 ),
 .UNSPECIFIED., .F., .F.,
 ( 4, 4 ),
 ( 0.0003697725831834536600, 0.0005790119422993115400 ),
 .UNSPECIFIED. ) ;
#5861 = CARTESIAN_POINT ( 'NONE',  ( -1.084202172485504400E-016, 0.3936531748039935300, -4.336808689942017700E-016 ) ) ;
#5862 = VECTOR ( 'NONE', #4065, 1000.000000000000100 ) ;
#5863 = CARTESIAN_POINT ( 'NONE',  ( 0.1000000000000001400, 0.3971892336110881500, -0.8475237969422329000 ) ) ;
#5864 = ORIENTED_EDGE ( 'NONE', *, *, #1973, .F. ) ;
#5865 = FACE_OUTER_BOUND ( 'NONE', #165, .T. ) ;
#5866 = FACE_OUTER_BOUND ( 'NONE', #1477, .T. ) ;
#5867 = CARTESIAN_POINT ( 'NONE',  ( 0.9700000000000046400, -1.187661196757278500E-017, -0.6999999999999934100 ) ) ;
#5868 = CARTESIAN_POINT ( 'NONE',  ( -0.5649999999999986100, 0.7888417395787666900, -2.360000000000000800 ) ) ;
#5869 = CARTESIAN_POINT ( 'NONE',  ( 4.997827247138356900E-017, 0.6099999999999998800, -0.8900000000000003500 ) ) ;
#5870 = FACE_OUTER_BOUND ( 'NONE', #3587, .T. ) ;
#5871 = EDGE_LOOP ( 'NONE', ( #1058, #571, #1885, #7074, #2616 ) ) ;
#5872 = VERTEX_POINT ( 'NONE', #1840 ) ;
#5873 = LINE ( 'NONE', #3612, #2921 ) ;
#5874 = VECTOR ( 'NONE', #1946, 1000.000000000000000 ) ;
#5875 = PLANE ( 'NONE',  #649 ) ;
#5876 = AXIS2_PLACEMENT_3D ( 'NONE', #1383, #5234, #1926 ) ;
#5877 = AXIS2_PLACEMENT_3D ( 'NONE', #3526, #5760, #2456 ) ;
#5878 = CARTESIAN_POINT ( 'NONE',  ( -0.7027620297511612000, 0.3130993166684551400, 0.2902697932151527800 ) ) ;
#5879 = CARTESIAN_POINT ( 'NONE',  ( 2.168404344971008900E-016, 0.7150000000000003000, -1.950000000000000400 ) ) ;
#5880 = ORIENTED_EDGE ( 'NONE', *, *, #6570, .T. ) ;
#5881 = CYLINDRICAL_SURFACE ( 'NONE', #2546, 0.05000000000000002400 ) ;
#5882 = EDGE_CURVE ( 'NONE', #5559, #6775, #817, .T. ) ;
#5883 = EDGE_CURVE ( 'NONE', #3579, #1403, #3759, .T. ) ;
#5884 = VECTOR ( 'NONE', #3992, 1000.000000000000000 ) ;
#5885 = EDGE_CURVE ( 'NONE', #5322, #2618, #632, .T. ) ;
#5886 = CARTESIAN_POINT ( 'NONE',  ( 1.415534356397075000E-016, 0.6350000000000002300, -2.550000000000000700 ) ) ;
#5887 = CARTESIAN_POINT ( 'NONE',  ( -0.4700000000000003600, 1.159999999999999900, -0.9500000000000002900 ) ) ;
#5888 = EDGE_LOOP ( 'NONE', ( #1072, #3678, #3471, #1465, #5589 ) ) ;
#5889 = LINE ( 'NONE', #81, #159 ) ;
#5890 = CARTESIAN_POINT ( 'NONE',  ( 0.7387712897465943400, -2.057300141024108500, 0.4963033159733600300 ) ) ;
#5891 = DIRECTION ( 'NONE',  ( 3.025117668765359500E-019, -1.000000000000000000, -0.0000000000000000000 ) ) ;
#5892 = VERTEX_POINT ( 'NONE', #196 ) ;
#5893 = ORIENTED_EDGE ( 'NONE', *, *, #4303, .F. ) ;
#5894 = VECTOR ( 'NONE', #6633, 1000.000000000000000 ) ;
#5895 = DIRECTION ( 'NONE',  ( 0.0000000000000000000, -1.000000000000000000, -5.551115123125782700E-017 ) ) ;
#5896 = ORIENTED_EDGE ( 'NONE', *, *, #3230, .T. ) ;
#5897 = CARTESIAN_POINT ( 'NONE',  ( 0.9999999999999950000, -1.355252715606880500E-017, 0.7000000000000068400 ) ) ;
#5898 = EDGE_CURVE ( 'NONE', #336, #2965, #6354, .T. ) ;
#5899 = DIRECTION ( 'NONE',  ( 1.000000000000000000, 0.0000000000000000000, 0.0000000000000000000 ) ) ;
#5900 = DIRECTION ( 'NONE',  ( 5.551115123125782700E-017, 5.551115123125782700E-017, -1.000000000000000000 ) ) ;
#5901 = ORIENTED_EDGE ( 'NONE', *, *, #7115, .T. ) ;
#5902 = ORIENTED_EDGE ( 'NONE', *, *, #6426, .T. ) ;
#5903 = ORIENTED_EDGE ( 'NONE', *, *, #2725, .F. ) ;
#5904 = CARTESIAN_POINT ( 'NONE',  ( 0.2500000000000000000, -1.355252715606880500E-017, 0.9300000000000000500 ) ) ;
#5905 = DIRECTION ( 'NONE',  ( 1.000000000000000000, 0.0000000000000000000, 0.0000000000000000000 ) ) ;
#5906 = CARTESIAN_POINT ( 'NONE',  ( -1.000000000000000000, 0.1199999999999999800, -0.6999999999999998400 ) ) ;
#5907 = EDGE_CURVE ( 'NONE', #6313, #1025, #3394, .T. ) ;
#5908 = EDGE_LOOP ( 'NONE', ( #2943, #4556, #5846, #5059 ) ) ;
#5909 = VECTOR ( 'NONE', #1337, 1000.000000000000000 ) ;
#5910 = CARTESIAN_POINT ( 'NONE',  ( 0.0000000000000000000, 0.2599999999999949600, 0.0000000000000000000 ) ) ;
#5911 = EDGE_CURVE ( 'NONE', #2595, #27, #1953, .T. ) ;
#5912 = AXIS2_PLACEMENT_3D ( 'NONE', #3531, #2628, #6814 ) ;
#5913 = AXIS2_PLACEMENT_3D ( 'NONE', #6330, #1372, #3035 ) ;
#5914 = CARTESIAN_POINT ( 'NONE',  ( -0.5649999999999988400, 0.9900000000000002100, -2.099999999999999200 ) ) ;
#5915 = DIRECTION ( 'NONE',  ( -5.551115123125782700E-017, 5.551115123125782700E-017, 1.000000000000000000 ) ) ;
#5916 = ORIENTED_EDGE ( 'NONE', *, *, #548, .T. ) ;
#5917 = FACE_OUTER_BOUND ( 'NONE', #4492, .T. ) ;
#5918 = CARTESIAN_POINT ( 'NONE',  ( 0.2760384833094575200, 1.159999999999999900, 0.7916041656178397500 ) ) ;
#5919 = VERTEX_POINT ( 'NONE', #3012 ) ;
#5920 = CARTESIAN_POINT ( 'NONE',  ( -0.2645751311064596900, 1.087660585711987400, -1.350000000000000300 ) ) ;
#5921 = EDGE_CURVE ( 'NONE', #2099, #2345, #1758, .T. ) ;
#5922 = ORIENTED_EDGE ( 'NONE', *, *, #4857, .F. ) ;
#5923 = EDGE_CURVE ( 'NONE', #2279, #1519, #3234, .T. ) ;
#5924 = CIRCLE ( 'NONE', #1619, 0.1699999999999997900 ) ;
#5925 = CIRCLE ( 'NONE', #1349, 0.5199999999999998000 ) ;
#5926 = VERTEX_POINT ( 'NONE', #6315 ) ;
#5927 = CARTESIAN_POINT ( 'NONE',  ( 0.1999999999999998700, 0.1199999999999999800, -1.000000000000000000 ) ) ;
#5928 = CARTESIAN_POINT ( 'NONE',  ( 0.0000000000000000000, 0.4599999999999999100, 2.553512956637859500E-017 ) ) ;
#5929 = ORIENTED_EDGE ( 'NONE', *, *, #4513, .F. ) ;
#5930 = EDGE_LOOP ( 'NONE', ( #1394, #3567, #6778, #6977 ) ) ;
#5931 = CONICAL_SURFACE ( 'NONE', #6452, 0.3799999999999986200, 0.7853981633974469500 ) ;
#5932 = CARTESIAN_POINT ( 'NONE',  ( 0.8033421168750577400, 0.4325012349780359400, 0.3483397335912500300 ) ) ;
#5933 = CARTESIAN_POINT ( 'NONE',  ( -0.5449999999999999300, 0.6099999999999998800, -0.7658818446731851000 ) ) ;
#5934 = ORIENTED_EDGE ( 'NONE', *, *, #275, .F. ) ;
#5935 = ADVANCED_FACE ( 'NONE', ( #4525 ), #6008, .F. ) ;
#5936 = DIRECTION ( 'NONE',  ( -5.551115123125782700E-017, 5.551115123125782700E-017, 1.000000000000000000 ) ) ;
#5937 = ORIENTED_EDGE ( 'NONE', *, *, #2905, .F. ) ;
#5938 = VERTEX_POINT ( 'NONE', #2490 ) ;
#5939 = CYLINDRICAL_SURFACE ( 'NONE', #5859, 0.02999999999999997100 ) ;
#5940 = VERTEX_POINT ( 'NONE', #6338 ) ;
#5941 = CARTESIAN_POINT ( 'NONE',  ( -0.3549999999999976500, 0.4251110699893017000, -2.099999999999999600 ) ) ;
#5942 = CARTESIAN_POINT ( 'NONE',  ( -0.2839584187458733500, 1.159999999999999900, -2.100000000000000100 ) ) ;
#5943 = CARTESIAN_POINT ( 'NONE',  ( 0.8799999999999996700, 1.159999999999999700, -0.5500000000000004900 ) ) ;
#5944 = ORIENTED_EDGE ( 'NONE', *, *, #4772, .F. ) ;
#5945 = LINE ( 'NONE', #647, #1700 ) ;
#5946 = CARTESIAN_POINT ( 'NONE',  ( 0.5799999999999999600, 0.0000000000000000000, -0.8400000000000001900 ) ) ;
#5947 = LINE ( 'NONE', #4208, #4464 ) ;
#5948 = CARTESIAN_POINT ( 'NONE',  ( 0.1449999999999999600, 0.7888417395787666900, -2.440000000000000800 ) ) ;
#5949 = ORIENTED_EDGE ( 'NONE', *, *, #5898, .F. ) ;
#5950 = VECTOR ( 'NONE', #4920, 999.9999999999998900 ) ;
#5951 = LINE ( 'NONE', #3836, #1708 ) ;
#5952 = DIRECTION ( 'NONE',  ( 1.000000000000000000, -0.0000000000000000000, -0.0000000000000000000 ) ) ;
#5953 = AXIS2_PLACEMENT_3D ( 'NONE', #4151, #830, #4706 ) ;
#5954 = DIRECTION ( 'NONE',  ( 2.720046410331633500E-015, 0.0000000000000000000, 1.000000000000000000 ) ) ;
#5955 = CARTESIAN_POINT ( 'NONE',  ( 1.000000000000004900, -1.355252715606880500E-017, -0.6999999999999931800 ) ) ;
#5956 = ORIENTED_EDGE ( 'NONE', *, *, #1754, .F. ) ;
#5957 = LINE ( 'NONE', #3054, #4473 ) ;
#5958 = DIRECTION ( 'NONE',  ( -0.9962068269422670300, -0.08701699807290534700, 5.551115123125781500E-017 ) ) ;
#5959 = EDGE_CURVE ( 'NONE', #2959, #3922, #473, .T. ) ;
#5960 = APPROVAL_PERSON_ORGANIZATION ( #251, #3015, #779 ) ;
#5961 = CARTESIAN_POINT ( 'NONE',  ( 0.0000000000000000000, 0.7899999999999999200, 4.385380947269367900E-017 ) ) ;
#5962 = ORIENTED_EDGE ( 'NONE', *, *, #5001, .T. ) ;
#5963 = VECTOR ( 'NONE', #3061, 1000.000000000000000 ) ;
#5964 = CARTESIAN_POINT ( 'NONE',  ( 0.5649999999999988400, 0.7888417395787665800, -2.099999999999998800 ) ) ;
#5965 = CARTESIAN_POINT ( 'NONE',  ( 0.6300000000000001200, 0.8600000000000001000, -0.9500000000000007300 ) ) ;
#5966 = CARTESIAN_POINT ( 'NONE',  ( 1.415534356397075000E-016, 0.6350000000000002300, -2.550000000000000700 ) ) ;
#5967 = DIRECTION ( 'NONE',  ( -1.000000000000000000, -1.275531967630005900E-015, -2.551063935260011900E-015 ) ) ;
#5968 = VECTOR ( 'NONE', #4071, 1000.000000000000100 ) ;
#5969 = ADVANCED_FACE ( 'NONE', ( #1599 ), #3037, .F. ) ;
#5970 = EDGE_LOOP ( 'NONE', ( #4350, #4272, #1606, #34, #3552, #2114, #5249, #3968, #3564, #2596, #1589, #214, #3280 ) ) ;
#5971 = EDGE_CURVE ( 'NONE', #3306, #2724, #2537, .T. ) ;
#5972 = EDGE_CURVE ( 'NONE', #7111, #3402, #4363, .T. ) ;
#5973 = DIRECTION ( 'NONE',  ( -5.551115123125782700E-017, 5.551115123125782700E-017, 1.000000000000000000 ) ) ;
#5974 = EDGE_CURVE ( 'NONE', #2880, #5025, #5845, .T. ) ;
#5975 = VERTEX_POINT ( 'NONE', #6369 ) ;
#5976 = CARTESIAN_POINT ( 'NONE',  ( -0.05999999999999847800, 0.3356217782649111900, -2.100000000000000100 ) ) ;
#5977 = ORIENTED_EDGE ( 'NONE', *, *, #1890, .T. ) ;
#5978 = DIRECTION ( 'NONE',  ( 0.4472135954999679800, 0.0000000000000000000, 0.8944271909999108600 ) ) ;
#5979 = CC_DESIGN_APPROVAL ( #5595, ( #4484 ) ) ;
#5980 = EDGE_CURVE ( 'NONE', #2663, #865, #2890, .T. ) ;
#5981 = EDGE_LOOP ( 'NONE', ( #6852, #6872, #870, #6344, #3778, #501, #2041 ) ) ;
#5982 = CARTESIAN_POINT ( 'NONE',  ( -0.5249999999999984700, 0.8599999999999996500, -2.249999999999998200 ) ) ;
#5983 = PLANE ( 'NONE',  #4075 ) ;
#5984 = VERTEX_POINT ( 'NONE', #2520 ) ;
#5985 = PLANE ( 'NONE',  #2694 ) ;
#5986 = VERTEX_POINT ( 'NONE', #3088 ) ;
#5987 = VECTOR ( 'NONE', #4529, 1000.000000000000000 ) ;
#5988 = CARTESIAN_POINT ( 'NONE',  ( -0.1000000000000001700, 0.4559359878494707000, -0.8810254248299674900 ) ) ;
#5989 = AXIS2_PLACEMENT_3D ( 'NONE', #2545, #4761, #1461 ) ;
#5990 = CARTESIAN_POINT ( 'NONE',  ( 0.03499999999999976700, 0.3789230484541328300, -2.449999999999999700 ) ) ;
#5991 = ORIENTED_EDGE ( 'NONE', *, *, #5587, .T. ) ;
#5992 = VECTOR ( 'NONE', #6538, 1000.000000000000000 ) ;
#5993 = DIRECTION ( 'NONE',  ( -0.7071067811865474600, 0.0000000000000000000, -0.7071067811865474600 ) ) ;
#5994 = CARTESIAN_POINT ( 'NONE',  ( -0.09999999999999999200, 0.3876949653030797900, -0.8488807788434024100 ) ) ;
#5995 = CARTESIAN_POINT ( 'NONE',  ( 0.3949999999999999100, 1.039999999999999800, -2.550000000000000700 ) ) ;
#5996 = ORIENTED_EDGE ( 'NONE', *, *, #3464, .T. ) ;
#5997 = ADVANCED_FACE ( 'NONE', ( #115 ), #1981, .T. ) ;
#5998 = VECTOR ( 'NONE', #737, 1000.000000000000100 ) ;
#5999 = VECTOR ( 'NONE', #4237, 1000.000000000000000 ) ;
#6000 = AXIS2_PLACEMENT_3D ( 'NONE', #3677, #365, #4241 ) ;
#6001 = CARTESIAN_POINT ( 'NONE',  ( 0.09532849302035630000, 0.1651137933202430900, -2.100000000000000500 ) ) ;
#6002 = DIRECTION ( 'NONE',  ( 5.551115123125782700E-017, -5.551115123125782700E-017, -1.000000000000000000 ) ) ;
#6003 = VERTEX_POINT ( 'NONE', #4757 ) ;
#6004 = DIRECTION ( 'NONE',  ( -0.8660254037844398200, 0.4999999999999978900, 2.775557561562890100E-017 ) ) ;
#6005 = ORIENTED_EDGE ( 'NONE', *, *, #2302, .T. ) ;
#6006 = EDGE_LOOP ( 'NONE', ( #5325, #6483, #3074, #547, #1132, #4412, #5103, #4458, #2476 ) ) ;
#6007 = DIRECTION ( 'NONE',  ( -1.000000000000000000, -6.162975822039154700E-033, -5.551115123125782700E-017 ) ) ;
#6008 = TOROIDAL_SURFACE ( 'NONE', #6314, 0.8834029449114199100, 0.03000000000000003000 ) ;
#6009 = ORIENTED_EDGE ( 'NONE', *, *, #3682, .F. ) ;
#6010 = DIRECTION ( 'NONE',  ( 1.000000000000000000, 0.0000000000000000000, 1.394333594823066400E-015 ) ) ;
#6011 = CARTESIAN_POINT ( 'NONE',  ( -0.1000000000000001700, 0.4237230536374975200, -0.8622816423968074900 ) ) ;
#6012 = EDGE_CURVE ( 'NONE', #2248, #2813, #5649, .T. ) ;
#6013 = ORIENTED_EDGE ( 'NONE', *, *, #670, .T. ) ;
#6014 = EDGE_CURVE ( 'NONE', #2723, #6091, #2728, .T. ) ;
#6015 = ORIENTED_EDGE ( 'NONE', *, *, #169, .T. ) ;
#6016 = FACE_OUTER_BOUND ( 'NONE', #4711, .T. ) ;
#6017 = ORIENTED_EDGE ( 'NONE', *, *, #6920, .T. ) ;
#6018 = DIRECTION ( 'NONE',  ( -0.8944271909999108600, -5.273559366969493600E-016, 0.4472135954999681400 ) ) ;
#6019 = DIRECTION ( 'NONE',  ( 0.0000000000000000000, 0.0000000000000000000, -1.000000000000000000 ) ) ;
#6020 = ORIENTED_EDGE ( 'NONE', *, *, #7144, .T. ) ;
#6021 = CYLINDRICAL_SURFACE ( 'NONE', #6726, 0.1699999999999999000 ) ;
#6022 = EDGE_CURVE ( 'NONE', #2723, #5849, #7127, .T. ) ;
#6023 = AXIS2_PLACEMENT_3D ( 'NONE', #2117, #2140, #2213 ) ;
#6024 = DIRECTION ( 'NONE',  ( 0.0000000000000000000, -5.551115123125782700E-017, -1.000000000000000000 ) ) ;
#6025 = PLANE ( 'NONE',  #4330 ) ;
#6026 = LINE ( 'NONE', #2396, #5862 ) ;
#6027 = ORIENTED_EDGE ( 'NONE', *, *, #6151, .T. ) ;
#6028 = VERTEX_POINT ( 'NONE', #3636 ) ;
#6029 = CONICAL_SURFACE ( 'NONE', #6178, 0.4199999999999986000, 0.7853981633974482800 ) ;
#6030 = LINE ( 'NONE', #3436, #4551 ) ;
#6031 = DIRECTION ( 'NONE',  ( 1.000000000000000000, -6.453584360032747700E-018, 0.0000000000000000000 ) ) ;
#6032 = CARTESIAN_POINT ( 'NONE',  ( -0.03000000000000007900, 0.3049999999999998300, -1.150000000000000400 ) ) ;
#6033 = DIRECTION ( 'NONE',  ( -5.551115123125782700E-017, 5.551115123125782700E-017, 1.000000000000000000 ) ) ;
#6034 = CARTESIAN_POINT ( 'NONE',  ( -0.1000000000000001600, 0.3222388905109489500, -0.7433034373606367500 ) ) ;
#6035 = CARTESIAN_POINT ( 'NONE',  ( -0.2000000000000000900, 0.1200000000000000000, -0.6797308402774860900 ) ) ;
#6036 = LINE ( 'NONE', #4094, #327 ) ;
#6037 = EDGE_LOOP ( 'NONE', ( #1725, #1681, #3804, #5320 ) ) ;
#6038 = ADVANCED_FACE ( 'NONE', ( #1251 ), #6438, .T. ) ;
#6039 = FACE_OUTER_BOUND ( 'NONE', #1895, .T. ) ;
#6040 = FACE_OUTER_BOUND ( 'NONE', #2106, .T. ) ;
#6041 = EDGE_CURVE ( 'NONE', #1960, #4640, #5483, .T. ) ;
#6042 = CARTESIAN_POINT ( 'NONE',  ( -0.3549999999999976500, 0.4251110699893017000, -2.099999999999999600 ) ) ;
#6043 = EDGE_LOOP ( 'NONE', ( #7034, #1595, #5854, #5646 ) ) ;
#6044 = FACE_OUTER_BOUND ( 'NONE', #2510, .T. ) ;
#6045 = DIRECTION ( 'NONE',  ( 2.775557561562890600E-015, 0.0000000000000000000, -1.000000000000000000 ) ) ;
#6046 = EDGE_CURVE ( 'NONE', #2785, #4809, #1075, .T. ) ;
#6047 = AXIS2_PLACEMENT_3D ( 'NONE', #4485, #2830, #2850 ) ;
#6048 = AXIS2_PLACEMENT_3D ( 'NONE', #2250, #6119, #2820 ) ;
#6049 = LINE ( 'NONE', #5585, #3118 ) ;
#6050 = EDGE_LOOP ( 'NONE', ( #2372, #868, #5412, #3886 ) ) ;
#6051 = DIRECTION ( 'NONE',  ( 0.8660254037844396000, 0.4999999999999981100, 2.031849154396034200E-017 ) ) ;
#6052 = LINE ( 'NONE', #57, #1807 ) ;
#6053 = ORIENTED_EDGE ( 'NONE', *, *, #5638, .T. ) ;
#6054 = CARTESIAN_POINT ( 'NONE',  ( -0.9699999999999998600, -1.334076891925522900E-017, 0.6700000000000002600 ) ) ;
#6055 = ORIENTED_EDGE ( 'NONE', *, *, #3610, .T. ) ;
#6056 = LINE ( 'NONE', #6606, #4579 ) ;
#6057 = EDGE_CURVE ( 'NONE', #7181, #1005, #4009, .T. ) ;
#6058 = PLANE ( 'NONE',  #2609 ) ;
#6059 = ORIENTED_EDGE ( 'NONE', *, *, #3160, .T. ) ;
#6060 = CARTESIAN_POINT ( 'NONE',  ( -1.084202172485503400E-016, 0.5099999999999997900, -4.336808689942017700E-016 ) ) ;
#6061 = DIRECTION ( 'NONE',  ( 0.0000000000000000000, -1.000000000000000000, -0.0000000000000000000 ) ) ;
#6062 = ORIENTED_EDGE ( 'NONE', *, *, #628, .F. ) ;
#6063 = VERTEX_POINT ( 'NONE', #6559 ) ;
#6064 = ORIENTED_EDGE ( 'NONE', *, *, #2940, .T. ) ;
#6065 = AXIS2_PLACEMENT_3D ( 'NONE', #5948, #4985, #5561 ) ;
#6066 = PLANE ( 'NONE',  #3605 ) ;
#6067 = EDGE_CURVE ( 'NONE', #3390, #6784, #2368, .T. ) ;
#6068 = CARTESIAN_POINT ( 'NONE',  ( 0.7000000000000034000, 0.1199999999999999800, -0.9999999999999976700 ) ) ;
#6069 = ORIENTED_EDGE ( 'NONE', *, *, #6046, .T. ) ;
#6070 = LINE ( 'NONE', #5376, #3785 ) ;
#6071 = ADVANCED_FACE ( 'NONE', ( #3835 ), #723, .T. ) ;
#6072 = ADVANCED_FACE ( 'NONE', ( #5324 ), #6025, .T. ) ;
#6073 = EDGE_CURVE ( 'NONE', #3615, #4976, #2197, .T. ) ;
#6074 = DIRECTION ( 'NONE',  ( 8.881784197001251300E-016, 0.0000000000000000000, 1.000000000000000000 ) ) ;
#6075 = ORIENTED_EDGE ( 'NONE', *, *, #4989, .F. ) ;
#6076 = VERTEX_POINT ( 'NONE', #1070 ) ;
#6077 = CONICAL_SURFACE ( 'NONE', #4334, 0.3799999999999985600, 0.7853981633974482800 ) ;
#6078 = CARTESIAN_POINT ( 'NONE',  ( -0.8800000000000000000, 0.1999999999999998200, -0.8400000000000001900 ) ) ;
#6079 = CARTESIAN_POINT ( 'NONE',  ( -1.084202172485504400E-016, 0.3506307787036603800, -4.336808689942017700E-016 ) ) ;
#6080 = CARTESIAN_POINT ( 'NONE',  ( 0.003485717286277490200, 1.040000000000000500, -2.700000000000000200 ) ) ;
#6081 = VERTEX_POINT ( 'NONE', #3818 ) ;
#6082 = CARTESIAN_POINT ( 'NONE',  ( -0.7926802116013889100, 0.4195329181885934500, 0.3421840797114233900 ) ) ;
#6083 = LINE ( 'NONE', #1590, #4435 ) ;
#6084 = AXIS2_PLACEMENT_3D ( 'NONE', #514, #4945, #1637 ) ;
#6085 = ORIENTED_EDGE ( 'NONE', *, *, #4552, .T. ) ;
#6086 = ORIENTED_EDGE ( 'NONE', *, *, #6941, .F. ) ;
#6087 = VECTOR ( 'NONE', #5655, 1000.000000000000000 ) ;
#6088 = LINE ( 'NONE', #598, #4616 ) ;
#6089 = DIRECTION ( 'NONE',  ( 1.232047923278980000E-016, 0.0000000000000000000, 1.000000000000000000 ) ) ;
#6090 = VERTEX_POINT ( 'NONE', #4942 ) ;
#6091 = VERTEX_POINT ( 'NONE', #4379 ) ;
#6092 = ORIENTED_EDGE ( 'NONE', *, *, #74, .T. ) ;
#6093 = FACE_OUTER_BOUND ( 'NONE', #6985, .T. ) ;
#6094 = VERTEX_POINT ( 'NONE', #6598 ) ;
#6095 = CARTESIAN_POINT ( 'NONE',  ( -0.2760384833094575200, 1.159999999999999900, 0.7916041656178401900 ) ) ;
#6096 = DIRECTION ( 'NONE',  ( -0.8660254037844402600, 0.0000000000000000000, -0.4999999999999971100 ) ) ;
#6097 = VERTEX_POINT ( 'NONE', #3283 ) ;
#6098 = ORIENTED_EDGE ( 'NONE', *, *, #834, .T. ) ;
#6099 = VECTOR ( 'NONE', #2184, 1000.000000000000200 ) ;
#6100 = EDGE_CURVE ( 'NONE', #2959, #826, #6603, .T. ) ;
#6101 = EDGE_CURVE ( 'NONE', #2093, #3720, #2565, .T. ) ;
#6102 = DIRECTION ( 'NONE',  ( -1.000000000000000000, 0.0000000000000000000, 5.551115123125783900E-017 ) ) ;
#6103 = ADVANCED_FACE ( 'NONE', ( #5133 ), #1094, .F. ) ;
#6104 = EDGE_CURVE ( 'NONE', #4503, #4809, #2040, .T. ) ;
#6105 = ADVANCED_FACE ( 'NONE', ( #6259 ), #7184, .F. ) ;
#6106 = VECTOR ( 'NONE', #6317, 1000.000000000000000 ) ;
#6107 = CARTESIAN_POINT ( 'NONE',  ( 0.6500000000000001300, 1.129999999999999900, 0.1250000000000001100 ) ) ;
#6108 = ORIENTED_EDGE ( 'NONE', *, *, #31, .T. ) ;
#6109 = CIRCLE ( 'NONE', #6417, 0.5199999999999998000 ) ;
#6110 = DIRECTION ( 'NONE',  ( 1.000000000000000000, -0.0000000000000000000, -0.0000000000000000000 ) ) ;
#6111 = EDGE_CURVE ( 'NONE', #5420, #6537, #4965, .T. ) ;
#6112 = FACE_OUTER_BOUND ( 'NONE', #5505, .T. ) ;
#6113 = EDGE_LOOP ( 'NONE', ( #1764, #2998, #109, #5091, #629 ) ) ;
#6114 = VERTEX_POINT ( 'NONE', #3865 ) ;
#6115 = VECTOR ( 'NONE', #5425, 1000.000000000000000 ) ;
#6116 = VECTOR ( 'NONE', #3213, 1000.000000000000000 ) ;
#6117 = CARTESIAN_POINT ( 'NONE',  ( 0.7387712897465941200, 0.8599999999999996500, 0.5871526029238067800 ) ) ;
#6118 = CARTESIAN_POINT ( 'NONE',  ( 0.6843848172315091200, 0.4024648168546222100, 0.5105998122958274000 ) ) ;
#6119 = DIRECTION ( 'NONE',  ( -0.7071067811865475700, -1.060433514489942000E-015, 0.7071067811865474600 ) ) ;
#6120 = DIRECTION ( 'NONE',  ( -7.058607893785836700E-018, 1.000000000000000000, 0.0000000000000000000 ) ) ;
#6121 = ORIENTED_EDGE ( 'NONE', *, *, #2590, .T. ) ;
#6122 = FACE_OUTER_BOUND ( 'NONE', #300, .T. ) ;
#6123 = AXIS2_PLACEMENT_3D ( 'NONE', #1729, #5599, #2290 ) ;
#6124 = CARTESIAN_POINT ( 'NONE',  ( 0.0000000000000000000, 0.3699999999999942200, 0.0000000000000000000 ) ) ;
#6125 = DIRECTION ( 'NONE',  ( 0.0000000000000000000, -1.000000000000000000, -0.0000000000000000000 ) ) ;
#6126 = DIRECTION ( 'NONE',  ( 0.0000000000000000000, 0.0000000000000000000, 1.000000000000000000 ) ) ;
#6127 = COORDINATED_UNIVERSAL_TIME_OFFSET ( 9, 0, .AHEAD. ) ;
#6128 = VERTEX_POINT ( 'NONE', #2231 ) ;
#6129 = FACE_OUTER_BOUND ( 'NONE', #4125, .T. ) ;
#6130 = EDGE_CURVE ( 'NONE', #2549, #7156, #2581, .T. ) ;
#6131 = CARTESIAN_POINT ( 'NONE',  ( -0.7110661682271051100, 0.3070215650412648800, 0.2950641897996269000 ) ) ;
#6132 = CYLINDRICAL_SURFACE ( 'NONE', #4023, 0.07999999999999998800 ) ;
#6133 = CARTESIAN_POINT ( 'NONE',  ( 0.3950000000000001300, 1.159999999999999500, -2.549999999999998900 ) ) ;
#6134 = ORIENTED_EDGE ( 'NONE', *, *, #562, .F. ) ;
#6135 = PLANE ( 'NONE',  #1225 ) ;
#6136 = ADVANCED_FACE ( 'NONE', ( #3310 ), #386, .T. ) ;
#6137 = ORIENTED_EDGE ( 'NONE', *, *, #5135, .F. ) ;
#6138 = ADVANCED_FACE ( 'NONE', ( #544 ), #1168, .F. ) ;
#6139 = ORIENTED_EDGE ( 'NONE', *, *, #5170, .F. ) ;
#6140 = DIRECTION ( 'NONE',  ( 3.025117668765115400E-019, -1.000000000000000000, 0.0000000000000000000 ) ) ;
#6141 = CARTESIAN_POINT ( 'NONE',  ( -5.421010862427534500E-017, 0.6400000000000003500, -2.100000000000000100 ) ) ;
#6142 = EDGE_CURVE ( 'NONE', #5207, #2750, #4804, .T. ) ;
#6143 = CARTESIAN_POINT ( 'NONE',  ( 0.5799999999999999600, 0.0000000000000000000, -0.8400000000000001900 ) ) ;
#6144 = EDGE_CURVE ( 'NONE', #5446, #1592, #6088, .T. ) ;
#6145 = DIRECTION ( 'NONE',  ( -2.220446049250313100E-016, 1.000000000000000000, 5.551115123125782700E-017 ) ) ;
#6146 = ORIENTED_EDGE ( 'NONE', *, *, #5746, .F. ) ;
#6147 = DIRECTION ( 'NONE',  ( -1.000000000000000000, 0.0000000000000000000, 5.551115123125782700E-017 ) ) ;
#6148 = ORIENTED_EDGE ( 'NONE', *, *, #3181, .T. ) ;
#6149 = AXIS2_PLACEMENT_3D ( 'NONE', #3622, #308, #4183 ) ;
#6150 = CARTESIAN_POINT ( 'NONE',  ( 0.1100000000000000000, -1.355252715606880500E-017, 0.9300000000000001600 ) ) ;
#6151 = EDGE_CURVE ( 'NONE', #3730, #7065, #1847, .T. ) ;
#6152 = ORIENTED_EDGE ( 'NONE', *, *, #1596, .F. ) ;
#6153 = VECTOR ( 'NONE', #5693, 1000.000000000000100 ) ;
#6154 = CARTESIAN_POINT ( 'NONE',  ( -0.4949999999999998800, 0.6099999999999998800, -0.9500000000000002900 ) ) ;
#6155 = DIRECTION ( 'NONE',  ( -0.7071067811865474600, 1.730537381620172400E-017, 0.7071067811865476800 ) ) ;
#6156 = DIRECTION ( 'NONE',  ( 0.3535533905932724000, 0.6123724356957953600, 0.7071067811865476800 ) ) ;
#6157 = ORIENTED_EDGE ( 'NONE', *, *, #4417, .F. ) ;
#6158 = VECTOR ( 'NONE', #7167, 1000.000000000000100 ) ;
#6159 = ORIENTED_EDGE ( 'NONE', *, *, #1908, .F. ) ;
#6160 = DIRECTION ( 'NONE',  ( 5.551115123125782700E-017, -5.551115123125782700E-017, -1.000000000000000000 ) ) ;
#6161 = DIRECTION ( 'NONE',  ( 0.4999999999999970600, -5.551115123125761700E-017, 0.8660254037844403700 ) ) ;
#6162 = DIRECTION ( 'NONE',  ( 0.4472135954999679800, -2.775557561562891000E-017, -0.8944271909999107500 ) ) ;
#6163 = ORIENTED_EDGE ( 'NONE', *, *, #6041, .T. ) ;
#6164 = LINE ( 'NONE', #6875, #4712 ) ;
#6165 = VECTOR ( 'NONE', #3098, 1000.000000000000000 ) ;
#6166 = CARTESIAN_POINT ( 'NONE',  ( 0.06586813399371332900, 0.3967447739247853500, -2.164356549058694200 ) ) ;
#6167 = ORIENTED_EDGE ( 'NONE', *, *, #1016, .F. ) ;
#6168 = PLANE ( 'NONE',  #1797 ) ;
#6169 = CARTESIAN_POINT ( 'NONE',  ( -0.1000000000000001700, 0.2745038919199515000, -0.8710421656539242300 ) ) ;
#6170 = ADVANCED_FACE ( 'NONE', ( #1678 ), #1734, .T. ) ;
#6171 = ORIENTED_EDGE ( 'NONE', *, *, #5980, .T. ) ;
#6172 = ADVANCED_FACE ( 'NONE', ( #3482 ), #1193, .F. ) ;
#6173 = AXIS2_PLACEMENT_3D ( 'NONE', #3323, #20, #3889 ) ;
#6174 = ORIENTED_EDGE ( 'NONE', *, *, #5885, .T. ) ;
#6175 = VECTOR ( 'NONE', #2461, 1000.000000000000000 ) ;
#6176 = EDGE_CURVE ( 'NONE', #6600, #7131, #3157, .T. ) ;
#6177 = AXIS2_PLACEMENT_3D ( 'NONE', #2425, #1853, #1832 ) ;
#6178 = AXIS2_PLACEMENT_3D ( 'NONE', #4444, #569, #2223 ) ;
#6179 = ORIENTED_EDGE ( 'NONE', *, *, #3899, .T. ) ;
#6180 = DIRECTION ( 'NONE',  ( 2.220446049250313100E-016, 1.000000000000000000, -0.0000000000000000000 ) ) ;
#6181 = VERTEX_POINT ( 'NONE', #643 ) ;
#6182 = VERTEX_POINT ( 'NONE', #1759 ) ;
#6183 = CARTESIAN_POINT ( 'NONE',  ( 0.6926802116013895900, 0.4195329181885938400, 0.5153891604683120700 ) ) ;
#6184 = CARTESIAN_POINT ( 'NONE',  ( 0.3169636963055276200, 0.1200000000000000000, -0.8400000000000001900 ) ) ;
#6185 = LINE ( 'NONE', #118, #479 ) ;
#6186 = CARTESIAN_POINT ( 'NONE',  ( 0.3949999999999989600, 1.159999999999999700, -2.099999999999998800 ) ) ;
#6187 = VERTEX_POINT ( 'NONE', #5108 ) ;
#6188 = VECTOR ( 'NONE', #5823, 1000.000000000000000 ) ;
#6189 = DIRECTION ( 'NONE',  ( -0.8641916239782080300, 0.07548569116831657700, 0.4974683381630926000 ) ) ;
#6190 = DIRECTION ( 'NONE',  ( -3.552713678800500900E-015, -7.228014483236694600E-017, 1.000000000000000000 ) ) ;
#6191 = DIRECTION ( 'NONE',  ( -0.7071067811865476800, -9.992007221626410800E-016, -0.7071067811865474600 ) ) ;
#6192 = DIRECTION ( 'NONE',  ( -0.7071067811865465700, 2.364379667557471300E-017, 0.7071067811865485700 ) ) ;
#6193 = FACE_OUTER_BOUND ( 'NONE', #552, .T. ) ;
#6194 = AXIS2_PLACEMENT_3D ( 'NONE', #2477, #2313, #2373 ) ;
#6195 = DIRECTION ( 'NONE',  ( 5.551115123125782700E-017, -5.551115123125782700E-017, -1.000000000000000000 ) ) ;
#6196 = ORIENTED_EDGE ( 'NONE', *, *, #4428, .F. ) ;
#6197 = FACE_OUTER_BOUND ( 'NONE', #2288, .T. ) ;
#6198 = VECTOR ( 'NONE', #5644, 1000.000000000000000 ) ;
#6199 = EDGE_CURVE ( 'NONE', #5322, #2595, #4442, .T. ) ;
#6200 = CARTESIAN_POINT ( 'NONE',  ( 1.000000000000004400, 0.1199999999999999800, -0.6699999999999930500 ) ) ;
#6201 = FACE_OUTER_BOUND ( 'NONE', #1497, .T. ) ;
#6202 = ORIENTED_EDGE ( 'NONE', *, *, #1925, .F. ) ;
#6203 = VECTOR ( 'NONE', #2898, 1000.000000000000000 ) ;
#6204 = DIRECTION ( 'NONE',  ( -6.162975822039154700E-033, -1.000000000000000000, 5.551115123125782700E-017 ) ) ;
#6205 = CARTESIAN_POINT ( 'NONE',  ( 0.6500000000000001300, 1.159999999999999900, 0.1250000000000001100 ) ) ;
#6206 = EDGE_CURVE ( 'NONE', #1081, #541, #5925, .T. ) ;
#6207 = ADVANCED_FACE ( 'NONE', ( #205 ), #6776, .F. ) ;
#6208 = ADVANCED_FACE ( 'NONE', ( #25 ), #5695, .F. ) ;
#6209 = VERTEX_POINT ( 'NONE', #91 ) ;
#6210 = CARTESIAN_POINT ( 'NONE',  ( -0.7352809876858338300, 0.3506307787036601600, 0.5399847300083522300 ) ) ;
#6211 = CIRCLE ( 'NONE', #1432, 0.8899999999999996800 ) ;
#6212 = CARTESIAN_POINT ( 'NONE',  ( 0.0000000000000000000, 0.9899999999999999900, 5.495603971894524800E-017 ) ) ;
#6213 = CARTESIAN_POINT ( 'NONE',  ( 0.2556856015201481900, 1.159999999999999900, 0.7142364707906677700 ) ) ;
#6214 = VECTOR ( 'NONE', #2237, 1000.000000000000000 ) ;
#6215 = ORIENTED_EDGE ( 'NONE', *, *, #5311, .T. ) ;
#6216 = VECTOR ( 'NONE', #6102, 1000.000000000000000 ) ;
#6217 = CARTESIAN_POINT ( 'NONE',  ( -0.3349999999999986900, 0.4597520861406807500, -2.249999999999998200 ) ) ;
#6218 = ORIENTED_EDGE ( 'NONE', *, *, #919, .T. ) ;
#6219 = LINE ( 'NONE', #2732, #4768 ) ;
#6220 = VERTEX_POINT ( 'NONE', #183 ) ;
#6221 = DIRECTION ( 'NONE',  ( 0.0000000000000000000, -1.000000000000000000, -5.551115123125782700E-017 ) ) ;
#6222 = CARTESIAN_POINT ( 'NONE',  ( -1.084202172485506400E-016, 0.2349999999999998500, -0.9500000000000002900 ) ) ;
#6223 = ORIENTED_EDGE ( 'NONE', *, *, #6898, .F. ) ;
#6224 = CARTESIAN_POINT ( 'NONE',  ( 0.09999999999999982500, 0.3092629552290589400, -0.7593833777762990500 ) ) ;
#6225 = DIRECTION ( 'NONE',  ( 6.162975822039154700E-033, 1.000000000000000000, -5.551115123125782700E-017 ) ) ;
#6226 = AXIS2_PLACEMENT_3D ( 'NONE', #4206, #880, #4758 ) ;
#6227 = VERTEX_POINT ( 'NONE', #2950 ) ;
#6228 = DIRECTION ( 'NONE',  ( 0.7660444431189777900, 0.0000000000000000000, -0.6427876096865395800 ) ) ;
#6229 = CARTESIAN_POINT ( 'NONE',  ( 0.8800000000000000000, 0.1999999999999998200, -0.5400000000000001500 ) ) ;
#6230 = DIRECTION ( 'NONE',  ( 0.4999999999999968400, 0.8660254037844404800, 0.0000000000000000000 ) ) ;
#6231 = VERTEX_POINT ( 'NONE', #739 ) ;
#6232 = VECTOR ( 'NONE', #929, 1000.000000000000000 ) ;
#6233 = CARTESIAN_POINT ( 'NONE',  ( -0.7868652504680488900, 0.3834869825984620900, 0.3388268103357624500 ) ) ;
#6234 = EDGE_CURVE ( 'NONE', #1255, #7101, #1343, .T. ) ;
#6235 = EDGE_CURVE ( 'NONE', #3589, #6967, #4276, .T. ) ;
#6236 = EDGE_CURVE ( 'NONE', #3400, #865, #5562, .T. ) ;
#6237 = CARTESIAN_POINT ( 'NONE',  ( -0.5649999999999983900, 0.8599999999999997600, -2.360000000000000300 ) ) ;
#6238 = CARTESIAN_POINT ( 'NONE',  ( -0.7013211295832791900, 0.4296840933238111900, 0.5203779967912014500 ) ) ;
#6239 = CARTESIAN_POINT ( 'NONE',  ( 0.7842217398585502600, 0.3930964232479473000, 0.3373005787737628500 ) ) ;
#6240 = CARTESIAN_POINT ( 'NONE',  ( 0.6903206807485068300, 0.3773233719188935900, 0.5140268846952387200 ) ) ;
#6241 = CARTESIAN_POINT ( 'NONE',  ( -0.8800000000000000000, 0.1200000000000000000, -0.6999999999999998400 ) ) ;
#6242 = ORIENTED_EDGE ( 'NONE', *, *, #1057, .T. ) ;
#6243 = FACE_OUTER_BOUND ( 'NONE', #1566, .T. ) ;
#6244 = AXIS2_PLACEMENT_3D ( 'NONE', #4476, #1177, #5032 ) ;
#6245 = ADVANCED_FACE ( 'NONE', ( #2981 ), #2970, .T. ) ;
#6246 = EDGE_CURVE ( 'NONE', #3287, #1427, #1159, .T. ) ;
#6247 = ORIENTED_EDGE ( 'NONE', *, *, #2551, .F. ) ;
#6248 = DIRECTION ( 'NONE',  ( -5.551115123125782700E-017, 5.551115123125782700E-017, 1.000000000000000000 ) ) ;
#6249 = LINE ( 'NONE', #1051, #4796 ) ;
#6250 = DIRECTION ( 'NONE',  ( 1.000000000000000000, 0.0000000000000000000, -5.551115123125782700E-017 ) ) ;
#6251 = CARTESIAN_POINT ( 'NONE',  ( -0.6468044773754123600, 0.9899999999999999900, 0.6113460297140394000 ) ) ;
#6252 = ORIENTED_EDGE ( 'NONE', *, *, #4228, .F. ) ;
#6253 = DIRECTION ( 'NONE',  ( 5.551115123125782700E-017, -5.551115123125782700E-017, -1.000000000000000000 ) ) ;
#6254 = VERTEX_POINT ( 'NONE', #4637 ) ;
#6255 = VERTEX_POINT ( 'NONE', #1332 ) ;
#6256 = FACE_OUTER_BOUND ( 'NONE', #4530, .T. ) ;
#6257 = CARTESIAN_POINT ( 'NONE',  ( -0.1000000000000001700, 0.3674143372116839800, -0.8705448969846258900 ) ) ;
#6258 = CARTESIAN_POINT ( 'NONE',  ( 0.3949999999999998500, 1.039999999999999800, -2.700000000000000200 ) ) ;
#6259 = FACE_OUTER_BOUND ( 'NONE', #2638, .T. ) ;
#6260 = B_SPLINE_CURVE_WITH_KNOTS ( 'NONE', 3,
 ( #2617, #3509, #2033, #1496, #1574, #1620, #1588 ),
 .UNSPECIFIED., .F., .F.,
 ( 4, 3, 4 ),
 ( 4.723825361664419100E-007, 3.383224373884576100E-005, 3.441509761759677400E-005 ),
 .UNSPECIFIED. ) ;
#6261 = EDGE_LOOP ( 'NONE', ( #5259, #2819, #2011, #2719, #2974 ) ) ;
#6262 = DIRECTION ( 'NONE',  ( -1.000000000000000000, 3.330669073875469600E-016, 1.110223024625156500E-016 ) ) ;
#6263 = DIRECTION ( 'NONE',  ( -6.162975822039154700E-033, -1.000000000000000000, 5.551115123125782700E-017 ) ) ;
#6264 = DIRECTION ( 'NONE',  ( 0.4999999999999979500, -0.8660254037844399300, 1.401656568589260300E-015 ) ) ;
#6265 = DIRECTION ( 'NONE',  ( 0.0000000000000000000, -0.0000000000000000000, -1.000000000000000000 ) ) ;
#6266 = EDGE_LOOP ( 'NONE', ( #3860, #4010, #6702 ) ) ;
#6267 = DIRECTION ( 'NONE',  ( -7.058607893785836700E-018, 1.000000000000000000, 0.0000000000000000000 ) ) ;
#6268 = VECTOR ( 'NONE', #1101, 1000.000000000000000 ) ;
#6269 = DIRECTION ( 'NONE',  ( 0.8641916239782079200, -0.07548569116831677100, 0.4974683381630927200 ) ) ;
#6270 = EDGE_CURVE ( 'NONE', #173, #69, #3920, .T. ) ;
#6271 = DIRECTION ( 'NONE',  ( 5.551115123125782700E-017, -5.551115123125782700E-017, -1.000000000000000000 ) ) ;
#6272 = EDGE_LOOP ( 'NONE', ( #6015, #778, #6515, #4225 ) ) ;
#6273 = EDGE_CURVE ( 'NONE', #3530, #3912, #5396, .T. ) ;
#6274 = EDGE_LOOP ( 'NONE', ( #5539, #535, #897, #3596, #6171, #3460 ) ) ;
#6275 = VECTOR ( 'NONE', #7136, 1000.000000000000000 ) ;
#6276 = CARTESIAN_POINT ( 'NONE',  ( -0.02999999999999997100, -1.084202172485504400E-016, -1.850000000000000100 ) ) ;
#6277 = CARTESIAN_POINT ( 'NONE',  ( 0.09532849302035494000, 0.1651137933202433100, -2.550000000000000700 ) ) ;
#6278 = DIRECTION ( 'NONE',  ( 0.0000000000000000000, 1.000000000000000000, 5.551115123125782700E-017 ) ) ;
#6279 = FACE_OUTER_BOUND ( 'NONE', #5402, .T. ) ;
#6280 = ORIENTED_EDGE ( 'NONE', *, *, #5665, .F. ) ;
#6281 = LINE ( 'NONE', #2793, #4823 ) ;
#6282 = CARTESIAN_POINT ( 'NONE',  ( 0.6400000000000003500, 1.084202172485504400E-016, -1.950000000000000400 ) ) ;
#6283 = EDGE_CURVE ( 'NONE', #2374, #6090, #2642, .T. ) ;
#6284 = ADVANCED_FACE ( 'NONE', ( #3751 ), #787, .F. ) ;
#6285 = EDGE_CURVE ( 'NONE', #5512, #6003, #2277, .T. ) ;
#6286 = CARTESIAN_POINT ( 'NONE',  ( -0.1000000000000000500, 0.3506307787036008200, -0.9067643792598448800 ) ) ;
#6287 = DIRECTION ( 'NONE',  ( -0.7071067811865475700, 0.0000000000000000000, 0.7071067811865475700 ) ) ;
#6288 = DIRECTION ( 'NONE',  ( 0.3535533905932716200, 0.6123724356957945800, 0.7071067811865485700 ) ) ;
#6289 = FACE_BOUND ( 'NONE', #6492, .T. ) ;
#6290 = CARTESIAN_POINT ( 'NONE',  ( -0.4700000000000003600, 0.9900000000000004400, -0.9500000000000002900 ) ) ;
#6291 = ORIENTED_EDGE ( 'NONE', *, *, #4347, .F. ) ;
#6292 = LINE ( 'NONE', #7067, #3515 ) ;
#6293 = LINE ( 'NONE', #4859, #4994 ) ;
#6294 = DIRECTION ( 'NONE',  ( 2.775557561562890600E-015, 0.0000000000000000000, -1.000000000000000000 ) ) ;
#6295 = DIRECTION ( 'NONE',  ( 1.554312234475219600E-015, 1.000000000000000000, -0.0000000000000000000 ) ) ;
#6296 = CARTESIAN_POINT ( 'NONE',  ( 0.6500000000000002400, 1.129999999999999900, -0.1250000000000001100 ) ) ;
#6297 = APPLICATION_PROTOCOL_DEFINITION ( 'international standard', 'config_control_design', 1994, #2439 ) ;
#6298 = ORIENTED_EDGE ( 'NONE', *, *, #5690, .T. ) ;
#6299 = CIRCLE ( 'NONE', #5490, 0.3250000000000000100 ) ;
#6300 = CARTESIAN_POINT ( 'NONE',  ( -0.2500000000000000000, -1.355252715606880500E-017, 0.9300000000000000500 ) ) ;
#6301 = PLANE ( 'NONE',  #4553 ) ;
#6302 = LOCAL_TIME ( 10, 48, 54.00000000000000000, #585 ) ;
#6303 = DIRECTION ( 'NONE',  ( 5.551115123125782700E-017, -5.551115123125782700E-017, -1.000000000000000000 ) ) ;
#6304 = CARTESIAN_POINT ( 'NONE',  ( -0.6990799234564905000, 0.3699999999999943300, 0.5190840358305906000 ) ) ;
#6305 = VERTEX_POINT ( 'NONE', #4690 ) ;
#6306 = VECTOR ( 'NONE', #3558, 1000.000000000000000 ) ;
#6307 = FACE_OUTER_BOUND ( 'NONE', #3979, .T. ) ;
#6308 = CARTESIAN_POINT ( 'NONE',  ( -0.3949999999999992400, 1.159999999999999900, -2.099999999999998800 ) ) ;
#6309 = ORIENTED_EDGE ( 'NONE', *, *, #5542, .T. ) ;
#6310 = B_SPLINE_CURVE_WITH_KNOTS ( 'NONE', 3,
 ( #1018, #459, #1576, #5441, #2127, #5994, #2697, #6552, #3235, #7104, #3794, #481, #4349, #1038, #4911, #1600 ),
 .UNSPECIFIED., .F., .F.,
 ( 4, 3, 3, 3, 3, 4 ),
 ( 0.0001692067434954080400, 0.0001720527801859382200, 0.0001820577024539314000, 0.0001881656820498284400, 0.0001982957306261348100, 0.0002031060185459318200 ),
 .UNSPECIFIED. ) ;
#6311 = CARTESIAN_POINT ( 'NONE',  ( 0.4599999999999998500, 1.159999999999999900, -0.9500000000000002900 ) ) ;
#6312 = CARTESIAN_POINT ( 'NONE',  ( -0.5235355654234190600, 0.4600000000000000200, 0.4177334534654769700 ) ) ;
#6313 = VERTEX_POINT ( 'NONE', #6878 ) ;
#6314 = AXIS2_PLACEMENT_3D ( 'NONE', #5232, #6868, #1924 ) ;
#6315 = CARTESIAN_POINT ( 'NONE',  ( -1.578879201317737600E-016, 0.2599999999999949000, 0.8700000000000001100 ) ) ;
#6316 = ORIENTED_EDGE ( 'NONE', *, *, #4122, .F. ) ;
#6317 = DIRECTION ( 'NONE',  ( 2.775557561562890600E-015, 0.0000000000000000000, -1.000000000000000000 ) ) ;
#6318 = APPROVAL_ROLE ( '' ) ;
#6319 = ADVANCED_FACE ( 'NONE', ( #6861 ), #981, .T. ) ;
#6320 = CARTESIAN_POINT ( 'NONE',  ( 0.5799999999999999600, 0.1999999999999998200, -0.8400000000000001900 ) ) ;
#6321 = EDGE_CURVE ( 'NONE', #6091, #3291, #6518, .T. ) ;
#6322 = ORIENTED_EDGE ( 'NONE', *, *, #3974, .T. ) ;
#6323 = DIRECTION ( 'NONE',  ( 1.000000000000000000, 5.551115123125781500E-017, -5.551115123125782700E-017 ) ) ;
#6324 = CARTESIAN_POINT ( 'NONE',  ( 0.1000000000000001600, 0.4195329181894561500, -0.8575732401807042400 ) ) ;
#6325 = EDGE_LOOP ( 'NONE', ( #4938, #3168, #5707, #1585 ) ) ;
#6326 = LINE ( 'NONE', #1253, #4862 ) ;
#6327 = PLANE ( 'NONE',  #3775 ) ;
#6328 = CARTESIAN_POINT ( 'NONE',  ( 0.1999999999999998700, 0.1499999999999999900, -1.000000000000000000 ) ) ;
#6329 = DIRECTION ( 'NONE',  ( 0.3535533905932724000, -0.6123724356957952500, -0.7071067811865475700 ) ) ;
#6330 = CARTESIAN_POINT ( 'NONE',  ( -0.8800000000000004500, 0.9899999999999999900, -0.5500000000000006000 ) ) ;
#6331 = EDGE_CURVE ( 'NONE', #2077, #1544, #807, .T. ) ;
#6332 = EDGE_CURVE ( 'NONE', #5532, #6091, #3574, .T. ) ;
#6333 = ORIENTED_EDGE ( 'NONE', *, *, #6416, .F. ) ;
#6334 = DIRECTION ( 'NONE',  ( -1.000000000000000000, 0.0000000000000000000, 5.551115123125783900E-017 ) ) ;
#6335 = CARTESIAN_POINT ( 'NONE',  ( 1.925929944387235900E-031, 1.039999999999999600, 0.0000000000000000000 ) ) ;
#6336 = LINE ( 'NONE', #7007, #4703 ) ;
#6337 = EDGE_CURVE ( 'NONE', #4425, #6094, #5043, .T. ) ;
#6338 = CARTESIAN_POINT ( 'NONE',  ( 0.1816025403784418400, 0.3250000000000008400, -2.440000000000000800 ) ) ;
#6339 = ORIENTED_EDGE ( 'NONE', *, *, #3796, .F. ) ;
#6340 = CARTESIAN_POINT ( 'NONE',  ( -0.3949999999999986300, 1.159999999999999500, -2.099999999999999600 ) ) ;
#6341 = CARTESIAN_POINT ( 'NONE',  ( 0.7387712897465942300, 0.8599999999999998800, 0.4963033159733602500 ) ) ;
#6342 = CC_DESIGN_SECURITY_CLASSIFICATION ( #4484, ( #2656 ) ) ;
#6343 = ORIENTED_EDGE ( 'NONE', *, *, #785, .F. ) ;
#6344 = ORIENTED_EDGE ( 'NONE', *, *, #3122, .T. ) ;
#6345 = VECTOR ( 'NONE', #4362, 1000.000000000000000 ) ;
#6346 = VECTOR ( 'NONE', #889, 999.9999999999998900 ) ;
#6347 = DIRECTION ( 'NONE',  ( 1.000000000000000000, 0.0000000000000000000, 0.0000000000000000000 ) ) ;
#6348 = ORIENTED_EDGE ( 'NONE', *, *, #6130, .T. ) ;
#6349 = EDGE_CURVE ( 'NONE', #2353, #1215, #2108, .T. ) ;
#6350 = DIRECTION ( 'NONE',  ( -0.8641916239782079200, -0.07548569116831674300, 0.4974683381630927700 ) ) ;
#6351 = DIRECTION ( 'NONE',  ( 1.000000000000000000, 0.0000000000000000000, -5.551115123125783900E-017 ) ) ;
#6352 = VERTEX_POINT ( 'NONE', #6932 ) ;
#6353 = VERTEX_POINT ( 'NONE', #1437 ) ;
#6354 = LINE ( 'NONE', #6841, #2285 ) ;
#6355 = EDGE_LOOP ( 'NONE', ( #7179, #3159, #1605, #6139 ) ) ;
#6356 = CARTESIAN_POINT ( 'NONE',  ( -0.2400000000000002400, 0.3549999999999999800, -1.950000000000000400 ) ) ;
#6357 = CARTESIAN_POINT ( 'NONE',  ( 2.710505431213749100E-017, 0.6400000000000002400, -1.850000000000000300 ) ) ;
#6358 = ADVANCED_FACE ( 'NONE', ( #4876 ), #1750, .T. ) ;
#6359 = ORIENTED_EDGE ( 'NONE', *, *, #2005, .T. ) ;
#6360 = DIRECTION ( 'NONE',  ( 1.000000000000000000, 0.0000000000000000000, 0.0000000000000000000 ) ) ;
#6361 = CARTESIAN_POINT ( 'NONE',  ( -0.7387712897465941200, 1.040000000000000000, 0.5871526029238068900 ) ) ;
#6362 = VERTEX_POINT ( 'NONE', #6402 ) ;
#6363 = AXIS2_PLACEMENT_3D ( 'NONE', #4788, #1485, #5338 ) ;
#6364 = ORIENTED_EDGE ( 'NONE', *, *, #2055, .T. ) ;
#6365 = B_SPLINE_CURVE_WITH_KNOTS ( 'NONE', 3,
 ( #5370, #7037, #3722, #416, #4280, #966, #4837, #1536, #5389, #2087 ),
 .UNSPECIFIED., .F., .F.,
 ( 4, 3, 3, 4 ),
 ( 0.0001440667315229523600, 0.0001519086627386612600, 0.0001620130246370888100, 0.0001692067434954080400 ),
 .UNSPECIFIED. ) ;
#6366 = FACE_OUTER_BOUND ( 'NONE', #119, .T. ) ;
#6367 = CARTESIAN_POINT ( 'NONE',  ( -0.3549999999999992100, 0.4251110699893017000, -2.549999999999999800 ) ) ;
#6368 = CARTESIAN_POINT ( 'NONE',  ( 0.5649999999999985000, 0.8599999999999998800, -2.209999999999998200 ) ) ;
#6369 = CARTESIAN_POINT ( 'NONE',  ( -0.03000000000000002300, 0.3549999999999999800, -1.850000000000000500 ) ) ;
#6370 = ORIENTED_EDGE ( 'NONE', *, *, #6474, .F. ) ;
#6371 = LINE ( 'NONE', #5848, #2129 ) ;
#6372 = CARTESIAN_POINT ( 'NONE',  ( 0.09999999999999993600, 0.4480841425009171600, -0.8780601195094999100 ) ) ;
#6373 = VECTOR ( 'NONE', #2857, 1000.000000000000100 ) ;
#6374 = DIRECTION ( 'NONE',  ( -0.7241379310344828700, 1.387778780781445700E-017, 0.6896551724137930400 ) ) ;
#6375 = ORIENTED_EDGE ( 'NONE', *, *, #3413, .T. ) ;
#6376 = LINE ( 'NONE', #1117, #6547 ) ;
#6377 = VECTOR ( 'NONE', #1772, 1000.000000000000000 ) ;
#6378 = DIRECTION ( 'NONE',  ( -1.609823385706477400E-015, 1.000000000000000000, -5.551115123125783900E-017 ) ) ;
#6379 = VECTOR ( 'NONE', #6294, 1000.000000000000000 ) ;
#6380 = EDGE_CURVE ( 'NONE', #1935, #843, #4713, .T. ) ;
#6381 = EDGE_LOOP ( 'NONE', ( #6419, #1813, #1858, #2613 ) ) ;
#6382 = CONICAL_SURFACE ( 'NONE', #525, 0.4199999999999986000, 0.7853981633974482800 ) ;
#6383 = EDGE_CURVE ( 'NONE', #5141, #4043, #3228, .T. ) ;
#6384 = DIRECTION ( 'NONE',  ( -2.775557561562890600E-015, -0.0000000000000000000, 1.000000000000000000 ) ) ;
#6385 = DIRECTION ( 'NONE',  ( -0.4999999999999968400, -0.8660254037844404800, 1.443289932012703100E-015 ) ) ;
#6386 = CARTESIAN_POINT ( 'NONE',  ( -0.9700000000000000800, -1.334076891925523000E-017, -0.6699999999999999300 ) ) ;
#6387 = CARTESIAN_POINT ( 'NONE',  ( 0.2645751311064595800, 1.087660585711987400, -1.350000000000000100 ) ) ;
#6388 = DIRECTION ( 'NONE',  ( 0.0000000000000000000, -7.228014483236695800E-017, 1.000000000000000000 ) ) ;
#6389 = AXIS2_PLACEMENT_3D ( 'NONE', #2780, #4987, #1682 ) ;
#6390 = ORIENTED_EDGE ( 'NONE', *, *, #2567, .F. ) ;
#6391 = VECTOR ( 'NONE', #5952, 1000.000000000000000 ) ;
#6392 = CARTESIAN_POINT ( 'NONE',  ( -0.4599999999999998000, 1.159999999999999900, -0.9500000000000002900 ) ) ;
#6393 = EDGE_CURVE ( 'NONE', #2096, #843, #1944, .T. ) ;
#6394 = CARTESIAN_POINT ( 'NONE',  ( 0.4700000000000002000, 0.9899999999999999900, -0.9500000000000002900 ) ) ;
#6395 = LINE ( 'NONE', #1683, #6214 ) ;
#6396 = AXIS2_PLACEMENT_3D ( 'NONE', #938, #1549, #1569 ) ;
#6397 = DIRECTION ( 'NONE',  ( -2.720046410331633500E-015, 0.0000000000000000000, -1.000000000000000000 ) ) ;
#6398 = ORIENTED_EDGE ( 'NONE', *, *, #6014, .T. ) ;
#6399 = LINE ( 'NONE', #2514, #4930 ) ;
#6400 = DIRECTION ( 'NONE',  ( 0.2756373558169998800, 5.551115123125782100E-017, 0.9612616959383186700 ) ) ;
#6401 = CARTESIAN_POINT ( 'NONE',  ( 1.000000000000004900, 0.1199999999999999800, -0.6999999999999931800 ) ) ;
#6402 = CARTESIAN_POINT ( 'NONE',  ( 0.09999999999999993600, 0.3699999999999953300, -0.8649629909042947400 ) ) ;
#6403 = ORIENTED_EDGE ( 'NONE', *, *, #534, .F. ) ;
#6404 = LINE ( 'NONE', #4901, #3443 ) ;
#6405 = ORIENTED_EDGE ( 'NONE', *, *, #6104, .T. ) ;
#6406 = DIRECTION ( 'NONE',  ( 1.000000000000000000, 0.0000000000000000000, -5.551115123125782700E-017 ) ) ;
#6407 = DIRECTION ( 'NONE',  ( 3.330669073875474600E-016, -1.000000000000000000, 0.0000000000000000000 ) ) ;
#6408 = ORIENTED_EDGE ( 'NONE', *, *, #3877, .T. ) ;
#6409 = B_SPLINE_CURVE_WITH_KNOTS ( 'NONE', 3,
 ( #4566, #1266, #5118, #1811, #5683, #2370, #6233, #2932, #6787, #3470, #167, #4040, #726 ),
 .UNSPECIFIED., .F., .F.,
 ( 4, 3, 3, 3, 4 ),
 ( 4.779958520218360900E-007, 1.012948432012500100E-005, 2.026229397174562100E-005, 3.034595186756903000E-005, 3.442784648747636700E-005 ),
 .UNSPECIFIED. ) ;
#6410 = CARTESIAN_POINT ( 'NONE',  ( -0.8800000000000004500, 0.9899999999999999900, 0.5499999999999997100 ) ) ;
#6411 = DIRECTION ( 'NONE',  ( 0.0000000000000000000, -1.000000000000000000, 0.0000000000000000000 ) ) ;
#6412 = VERTEX_POINT ( 'NONE', #2016 ) ;
#6413 = EDGE_CURVE ( 'NONE', #5926, #5812, #4518, .T. ) ;
#6414 = CARTESIAN_POINT ( 'NONE',  ( -0.5649999999999988400, 0.8099999999999999400, -2.099999999999999200 ) ) ;
#6415 = CARTESIAN_POINT ( 'NONE',  ( 0.2250000000000001400, 1.040000000000000000, 0.7299999999999997600 ) ) ;
#6416 = EDGE_CURVE ( 'NONE', #498, #4425, #465, .T. ) ;
#6417 = AXIS2_PLACEMENT_3D ( 'NONE', #6141, #2838, #6699 ) ;
#6418 = CARTESIAN_POINT ( 'NONE',  ( 0.2500000000000000000, -1.355252715606880500E-017, 0.9300000000000000500 ) ) ;
#6419 = ORIENTED_EDGE ( 'NONE', *, *, #5534, .T. ) ;
#6420 = VECTOR ( 'NONE', #5039, 1000.000000000000000 ) ;
#6422 = VERTEX_POINT ( 'NONE', #360 ) ;
#6421 = DIRECTION ( 'NONE',  ( 7.058607893785836700E-018, -1.000000000000000000, -0.0000000000000000000 ) ) ;
#6423 = DIRECTION ( 'NONE',  ( 1.000000000000000000, 0.0000000000000000000, 0.0000000000000000000 ) ) ;
#6424 = EDGE_LOOP ( 'NONE', ( #2112, #6069, #4774, #2051 ) ) ;
#6425 = FACE_OUTER_BOUND ( 'NONE', #3432, .T. ) ;
#6426 = EDGE_CURVE ( 'NONE', #380, #3585, #5834, .T. ) ;
#6427 = DIRECTION ( 'NONE',  ( -1.000000000000000000, -6.162975822039154700E-033, -5.551115123125782700E-017 ) ) ;
#6428 = ORIENTED_EDGE ( 'NONE', *, *, #1819, .T. ) ;
#6429 = VECTOR ( 'NONE', #5826, 1000.000000000000000 ) ;
#6430 = DIRECTION ( 'NONE',  ( -1.000000000000000000, 0.0000000000000000000, 0.0000000000000000000 ) ) ;
#6431 = CARTESIAN_POINT ( 'NONE',  ( 0.3349999999999985800, 0.4597520861406807500, -2.249999999999998700 ) ) ;
#6432 = ORIENTED_EDGE ( 'NONE', *, *, #1291, .T. ) ;
#6433 = CARTESIAN_POINT ( 'NONE',  ( 0.2093241316039301000, 1.040000000000000000, 0.7299999999999997600 ) ) ;
#6434 = AXIS2_PLACEMENT_3D ( 'NONE', #2276, #3652, #5386 ) ;
#6435 = EDGE_CURVE ( 'NONE', #1296, #513, #105, .T. ) ;
#6436 = ORIENTED_EDGE ( 'NONE', *, *, #3933, .T. ) ;
#6437 = FACE_OUTER_BOUND ( 'NONE', #7125, .T. ) ;
#6438 = PLANE ( 'NONE',  #2488 ) ;
#6439 = VECTOR ( 'NONE', #526, 1000.000000000000000 ) ;
#6440 = CARTESIAN_POINT ( 'NONE',  ( -0.6179502228979484300, 0.3030223961003892800, 0.4722437813738426000 ) ) ;
#6441 = VERTEX_POINT ( 'NONE', #2600 ) ;
#6442 = DIRECTION ( 'NONE',  ( 0.0000000000000000000, 1.000000000000000000, 0.0000000000000000000 ) ) ;
#6443 = ORIENTED_EDGE ( 'NONE', *, *, #312, .T. ) ;
#6444 = ORIENTED_EDGE ( 'NONE', *, *, #3822, .T. ) ;
#6445 = LINE ( 'NONE', #530, #6268 ) ;
#6446 = EDGE_CURVE ( 'NONE', #631, #615, #1594, .T. ) ;
#6447 = ORIENTED_EDGE ( 'NONE', *, *, #7151, .T. ) ;
#6448 = VERTEX_POINT ( 'NONE', #1490 ) ;
#6449 = CIRCLE ( 'NONE', #3990, 0.02999999999999997100 ) ;
#6450 = CARTESIAN_POINT ( 'NONE',  ( -0.1816025403784419200, 0.3250000000000008400, -2.289999999999998700 ) ) ;
#6451 = DIRECTION ( 'NONE',  ( 5.551115123125782700E-017, 5.551115123125782700E-017, -1.000000000000000000 ) ) ;
#6452 = AXIS2_PLACEMENT_3D ( 'NONE', #3, #3286, #3870 ) ;
#6453 = DIRECTION ( 'NONE',  ( -0.9670961853396489200, 5.551115123125782100E-017, -0.2544110223663652600 ) ) ;
#6454 = FACE_OUTER_BOUND ( 'NONE', #6733, .T. ) ;
#6455 = ORIENTED_EDGE ( 'NONE', *, *, #4672, .F. ) ;
#6456 = VECTOR ( 'NONE', #555, 1000.000000000000000 ) ;
#6457 = CARTESIAN_POINT ( 'NONE',  ( 0.2093241316039301000, 1.039999999999999600, 0.7299999999999997600 ) ) ;
#6458 = CARTESIAN_POINT ( 'NONE',  ( -0.3942171033686729400, 0.2576126291654244900, -0.9805966961075945900 ) ) ;
#6459 = CARTESIAN_POINT ( 'NONE',  ( -1.050000000000000300, 0.8600000000000002100, 0.5500000000000001600 ) ) ;
#6460 = FACE_OUTER_BOUND ( 'NONE', #4870, .T. ) ;
#6461 = ORIENTED_EDGE ( 'NONE', *, *, #2437, .T. ) ;
#6462 = VERTEX_POINT ( 'NONE', #7008 ) ;
#6463 = VECTOR ( 'NONE', #422, 1000.000000000000000 ) ;
#6464 = CIRCLE ( 'NONE', #1679, 0.4200000000000001500 ) ;
#6465 = CARTESIAN_POINT ( 'NONE',  ( 0.06586813399371332900, 0.3967447739247853500, -2.164356549058694200 ) ) ;
#6466 = CARTESIAN_POINT ( 'NONE',  ( -1.000000000000000000, -1.355252715606880500E-017, -0.6699999999999999300 ) ) ;
#6467 = DIRECTION ( 'NONE',  ( -0.2588190451025258500, 0.9659258262890669800, -0.0000000000000000000 ) ) ;
#6468 = VERTEX_POINT ( 'NONE', #382 ) ;
#6469 = FACE_OUTER_BOUND ( 'NONE', #3239, .T. ) ;
#6470 = DIRECTION ( 'NONE',  ( 0.0000000000000000000, 1.000000000000000000, 5.551115123125782700E-017 ) ) ;
#6471 = EDGE_CURVE ( 'NONE', #4503, #6672, #2721, .T. ) ;
#6472 = EDGE_CURVE ( 'NONE', #1005, #7038, #1430, .T. ) ;
#6473 = PLANE ( 'NONE',  #1244 ) ;
#6474 = EDGE_CURVE ( 'NONE', #6468, #3325, #6946, .T. ) ;
#6475 = DIRECTION ( 'NONE',  ( 0.0000000000000000000, -6.091023440929802800E-017, 1.000000000000000000 ) ) ;
#6476 = EDGE_LOOP ( 'NONE', ( #2254, #2283, #4216, #7091 ) ) ;
#6477 = LINE ( 'NONE', #5768, #763 ) ;
#6478 = CARTESIAN_POINT ( 'NONE',  ( 0.8100863096867221300, 0.4464080922911360400, 0.3522334951265312400 ) ) ;
#6479 = DIRECTION ( 'NONE',  ( 0.0000000000000000000, 0.0000000000000000000, 1.000000000000000000 ) ) ;
#6480 = ORIENTED_EDGE ( 'NONE', *, *, #538, .F. ) ;
#6481 = VECTOR ( 'NONE', #1219, 1000.000000000000000 ) ;
#6482 = CARTESIAN_POINT ( 'NONE',  ( -0.4000000000000001900, 1.159999999999999900, -1.350000000000000100 ) ) ;
#6483 = ORIENTED_EDGE ( 'NONE', *, *, #5021, .T. ) ;
#6484 = EDGE_CURVE ( 'NONE', #5703, #4549, #4192, .T. ) ;
#6485 = CARTESIAN_POINT ( 'NONE',  ( -0.1216025403784447300, 0.4289230484541330900, -1.020409781115728000 ) ) ;
#6486 = ORIENTED_EDGE ( 'NONE', *, *, #2956, .F. ) ;
#6487 = DIRECTION ( 'NONE',  ( 0.0000000000000000000, 0.0000000000000000000, -1.000000000000000000 ) ) ;
#6488 = ORIENTED_EDGE ( 'NONE', *, *, #6416, .T. ) ;
#6489 = CARTESIAN_POINT ( 'NONE',  ( 0.5595836943965737400, 1.159999999999999900, -0.9500000000000002900 ) ) ;
#6490 = DIRECTION ( 'NONE',  ( 0.0000000000000000000, -1.000000000000000000, -5.551115123125782700E-017 ) ) ;
#6491 = AXIS2_PLACEMENT_3D ( 'NONE', #2244, #3344, #39 ) ;
#6492 = EDGE_LOOP ( 'NONE', ( #3038, #1093, #369, #2548, #2267, #3964, #5609, #4080, #5977, #5697, #3308, #6092 ) ) ;
#6493 = CARTESIAN_POINT ( 'NONE',  ( -1.000000000000000000, 0.1199999999999999800, -0.6699999999999999300 ) ) ;
#6494 = PLANE ( 'NONE',  #1775 ) ;
#6495 = CARTESIAN_POINT ( 'NONE',  ( 0.2760384833094576800, 1.040000000000000000, 0.7916041656178393100 ) ) ;
#6496 = DIRECTION ( 'NONE',  ( 3.025117668765359500E-019, -1.000000000000000000, -0.0000000000000000000 ) ) ;
#6497 = CARTESIAN_POINT ( 'NONE',  ( -0.3108054053584009500, 0.8099999999999998300, -1.950000000000000400 ) ) ;
#6498 = EDGE_CURVE ( 'NONE', #1039, #4508, #5477, .T. ) ;
#6499 = ORIENTED_EDGE ( 'NONE', *, *, #2501, .F. ) ;
#6500 = LINE ( 'NONE', #5319, #606 ) ;
#6501 = ADVANCED_FACE ( 'NONE', ( #2557 ), #2084, .F. ) ;
#6502 = CARTESIAN_POINT ( 'NONE',  ( -0.6926802116013899300, 0.4195329181885937300, 0.5153891604683120700 ) ) ;
#6503 = AXIS2_PLACEMENT_3D ( 'NONE', #684, #1489, #2901 ) ;
#6504 = ORIENTED_EDGE ( 'NONE', *, *, #5465, .T. ) ;
#6505 = VECTOR ( 'NONE', #4925, 1000.000000000000000 ) ;
#6506 = DIRECTION ( 'NONE',  ( 0.0000000000000000000, 0.0000000000000000000, 1.000000000000000000 ) ) ;
#6507 = CARTESIAN_POINT ( 'NONE',  ( -0.5450000000000000400, 1.039999999999999800, -0.7658818446731851000 ) ) ;
#6508 = EDGE_LOOP ( 'NONE', ( #1666, #5180, #4179, #4325, #2130, #7171, #1522, #593, #4539 ) ) ;
#6509 = CARTESIAN_POINT ( 'NONE',  ( -0.6400000000000001200, 0.6350000000000001200, -0.9500000000000002900 ) ) ;
#6510 = DIRECTION ( 'NONE',  ( -0.2588190451025259000, 0.9659258262890669800, -8.326672684688672800E-017 ) ) ;
#6511 = CARTESIAN_POINT ( 'NONE',  ( -0.7352809876858338300, 0.3506307787036601600, 0.5399847300083522300 ) ) ;
#6512 = ORIENTED_EDGE ( 'NONE', *, *, #5628, .F. ) ;
#6513 = EDGE_CURVE ( 'NONE', #6545, #3491, #5287, .T. ) ;
#6514 = EDGE_LOOP ( 'NONE', ( #1770, #2891, #5645, #6909, #1691, #856 ) ) ;
#6515 = ORIENTED_EDGE ( 'NONE', *, *, #4064, .F. ) ;
#6516 = VECTOR ( 'NONE', #2079, 1000.000000000000000 ) ;
#6517 = EDGE_CURVE ( 'NONE', #541, #3761, #869, .T. ) ;
#6518 = CIRCLE ( 'NONE', #4681, 0.07999999999999998800 ) ;
#6519 = ORIENTED_EDGE ( 'NONE', *, *, #2907, .F. ) ;
#6520 = CARTESIAN_POINT ( 'NONE',  ( 0.1121153744479019800, 0.3310695875799494800, -2.400000000000000400 ) ) ;
#6521 = AXIS2_PLACEMENT_3D ( 'NONE', #4741, #5297, #1991 ) ;
#6522 = DIRECTION ( 'NONE',  ( -0.7071067811865491300, 1.570092458683778600E-016, 0.7071067811865459100 ) ) ;
#6523 = ORIENTED_EDGE ( 'NONE', *, *, #6111, .F. ) ;
#6524 = VERTEX_POINT ( 'NONE', #446 ) ;
#6525 = LINE ( 'NONE', #5713, #5052 ) ;
#6526 = PLANE ( 'NONE',  #3892 ) ;
#6527 = DIRECTION ( 'NONE',  ( 5.551115123125782700E-017, -5.551115123125782700E-017, -1.000000000000000000 ) ) ;
#6528 = ORIENTED_EDGE ( 'NONE', *, *, #5305, .T. ) ;
#6529 = EDGE_CURVE ( 'NONE', #77, #3321, #3635, .T. ) ;
#6530 = DIRECTION ( 'NONE',  ( -0.0000000000000000000, -1.000000000000000000, -5.551115123125782700E-017 ) ) ;
#6531 = ORIENTED_EDGE ( 'NONE', *, *, #6332, .T. ) ;
#6532 = ORIENTED_EDGE ( 'NONE', *, *, #1982, .T. ) ;
#6533 = ORIENTED_EDGE ( 'NONE', *, *, #5083, .T. ) ;
#6534 = DIRECTION ( 'NONE',  ( 6.453584360032764700E-018, 1.000000000000000000, 4.717756710106838500E-032 ) ) ;
#6535 = LINE ( 'NONE', #1195, #2124 ) ;
#6536 = DIRECTION ( 'NONE',  ( 1.110223024625156300E-016, -5.551115123125780900E-017, -1.000000000000000000 ) ) ;
#6537 = VERTEX_POINT ( 'NONE', #3762 ) ;
#6538 = DIRECTION ( 'NONE',  ( 0.7071067811865465700, 0.0000000000000000000, 0.7071067811865485700 ) ) ;
#6539 = VECTOR ( 'NONE', #806, 1000.000000000000000 ) ;
#6540 = DIRECTION ( 'NONE',  ( -1.000000000000000000, 0.0000000000000000000, -5.551115123125782700E-017 ) ) ;
#6541 = CARTESIAN_POINT ( 'NONE',  ( 0.02999999999999991600, 10.35500000000000000, -1.150000000000000800 ) ) ;
#6542 = ADVANCED_FACE ( 'NONE', ( #2160 ), #5985, .F. ) ;
#6543 = CARTESIAN_POINT ( 'NONE',  ( -0.7387712897465942300, 0.7900000000000000400, 0.4963033159733601400 ) ) ;
#6544 = FACE_OUTER_BOUND ( 'NONE', #2892, .T. ) ;
#6545 = VERTEX_POINT ( 'NONE', #7076 ) ;
#6546 = ORIENTED_EDGE ( 'NONE', *, *, #6041, .F. ) ;
#6547 = VECTOR ( 'NONE', #4420, 1000.000000000000000 ) ;
#6548 = LINE ( 'NONE', #6732, #6377 ) ;
#6549 = CARTESIAN_POINT ( 'NONE',  ( 0.5449999999999999300, 1.039999999999999800, -0.7658818446731851000 ) ) ;
#6550 = AXIS2_PLACEMENT_3D ( 'NONE', #1121, #4979, #1672 ) ;
#6551 = MANIFOLD_SOLID_BREP ( 'ŒﬁΩ - âüÇµèoÇµ2', #2316 ) ;
#6552 = CARTESIAN_POINT ( 'NONE',  ( -0.09999999999999999200, 0.3828026743919267200, -0.8511433667334938900 ) ) ;
#6553 = EDGE_CURVE ( 'NONE', #7054, #4043, #681, .T. ) ;
#6554 = AXIS2_PLACEMENT_3D ( 'NONE', #1495, #2508, #1443 ) ;
#6555 = AXIS2_PLACEMENT_3D ( 'NONE', #6645, #3320, #15 ) ;
#6556 = VECTOR ( 'NONE', #6530, 1000.000000000000000 ) ;
#6557 = ORIENTED_EDGE ( 'NONE', *, *, #4481, .F. ) ;
#6558 = VECTOR ( 'NONE', #7040, 1000.000000000000000 ) ;
#6559 = CARTESIAN_POINT ( 'NONE',  ( -1.000000000000000000, -1.355252715606880500E-017, -0.6699999999999999300 ) ) ;
#6560 = ORIENTED_EDGE ( 'NONE', *, *, #2645, .T. ) ;
#6561 = LINE ( 'NONE', #7061, #6391 ) ;
#6562 = PLANE ( 'NONE',  #5332 ) ;
#6563 = CARTESIAN_POINT ( 'NONE',  ( 0.4949999999999998800, 0.8599999999999998800, -0.7658818446731851000 ) ) ;
#6564 = PLANE ( 'NONE',  #4522 ) ;
#6565 = DIRECTION ( 'NONE',  ( 0.0000000000000000000, 0.0000000000000000000, 1.000000000000000000 ) ) ;
#6566 = VECTOR ( 'NONE', #1104, 1000.000000000000000 ) ;
#6567 = ORIENTED_EDGE ( 'NONE', *, *, #5882, .T. ) ;
#6568 = FACE_OUTER_BOUND ( 'NONE', #720, .T. ) ;
#6569 = AXIS2_PLACEMENT_3D ( 'NONE', #4554, #4625, #4688 ) ;
#6570 = EDGE_CURVE ( 'NONE', #2319, #6755, #6404, .T. ) ;
#6571 = ORIENTED_EDGE ( 'NONE', *, *, #5368, .F. ) ;
#6572 = VECTOR ( 'NONE', #6510, 999.9999999999998900 ) ;
#6573 = ORIENTED_EDGE ( 'NONE', *, *, #4561, .T. ) ;
#6574 = DIRECTION ( 'NONE',  ( 5.551115123125782700E-017, 5.551115123125782700E-017, -1.000000000000000000 ) ) ;
#6575 = ADVANCED_FACE ( 'NONE', ( #2334 ), #2141, .T. ) ;
#6576 = ORIENTED_EDGE ( 'NONE', *, *, #6706, .F. ) ;
#6577 = ORIENTED_EDGE ( 'NONE', *, *, #4587, .F. ) ;
#6578 = DIRECTION ( 'NONE',  ( -1.000000000000000000, 0.0000000000000000000, 5.551115123125782700E-017 ) ) ;
#6579 = EDGE_CURVE ( 'NONE', #4006, #3840, #5439, .T. ) ;
#6580 = EDGE_LOOP ( 'NONE', ( #490, #2517, #6017, #6738, #1949, #5494, #5801, #610 ) ) ;
#6581 = CARTESIAN_POINT ( 'NONE',  ( 0.1216025403784445600, 0.4289230484541330900, -2.550000000000000300 ) ) ;
#6582 = DIRECTION ( 'NONE',  ( 0.0000000000000000000, 6.756096126909295700E-018, 1.000000000000000000 ) ) ;
#6583 = ORIENTED_EDGE ( 'NONE', *, *, #282, .F. ) ;
#6584 = LINE ( 'NONE', #4666, #2178 ) ;
#6585 = AXIS2_PLACEMENT_3D ( 'NONE', #5056, #1738, #5607 ) ;
#6586 = EDGE_LOOP ( 'NONE', ( #816, #111, #1351, #5840, #5286, #1529, #2856, #2530, #2823 ) ) ;
#6587 = DIRECTION ( 'NONE',  ( -0.9067211118885072400, 0.0000000000000000000, -0.4217307497155848800 ) ) ;
#6588 = ORIENTED_EDGE ( 'NONE', *, *, #4060, .T. ) ;
#6589 = LINE ( 'NONE', #6282, #2183 ) ;
#6590 = CARTESIAN_POINT ( 'NONE',  ( -0.5160106382978724100, 0.6100000000000001000, -0.7251434486799306400 ) ) ;
#6591 = CARTESIAN_POINT ( 'NONE',  ( 0.1100000000000000000, 0.09999999999999999200, 1.000000000000000000 ) ) ;
#6592 = ORIENTED_EDGE ( 'NONE', *, *, #4620, .T. ) ;
#6593 = CYLINDRICAL_SURFACE ( 'NONE', #1843, 0.1000000000000000500 ) ;
#6594 = AXIS2_PLACEMENT_3D ( 'NONE', #802, #3039, #5796 ) ;
#6595 = AXIS2_PLACEMENT_3D ( 'NONE', #292, #4170, #851 ) ;
#6596 = CARTESIAN_POINT ( 'NONE',  ( -0.6873558465038146500, 0.4119359489336574300, 0.5123151368459635300 ) ) ;
#6597 = ORIENTED_EDGE ( 'NONE', *, *, #5419, .T. ) ;
#6598 = CARTESIAN_POINT ( 'NONE',  ( -0.1287283372325185900, 0.4165808062584603300, -2.100000000000000100 ) ) ;
#6599 = DIRECTION ( 'NONE',  ( -7.058607893785836700E-018, 1.000000000000000000, 0.0000000000000000000 ) ) ;
#6600 = VERTEX_POINT ( 'NONE', #3805 ) ;
#6601 = VECTOR ( 'NONE', #7025, 1000.000000000000000 ) ;
#6602 = DIRECTION ( 'NONE',  ( 1.000000000000000000, 0.0000000000000000000, 0.0000000000000000000 ) ) ;
#6603 = LINE ( 'NONE', #2748, #6439 ) ;
#6604 = DIRECTION ( 'NONE',  ( 3.025117668765123600E-019, -1.000000000000000000, 6.756096126909301100E-018 ) ) ;
#6605 = VERTEX_POINT ( 'NONE', #6034 ) ;
#6606 = CARTESIAN_POINT ( 'NONE',  ( -0.2556856015201486300, 0.9899999999999999900, 0.7142364707906677700 ) ) ;
#6607 = DIRECTION ( 'NONE',  ( 0.0000000000000000000, 1.000000000000000000, 5.551115123125782700E-017 ) ) ;
#6608 = EDGE_CURVE ( 'NONE', #7006, #3579, #4933, .T. ) ;
#6609 = EDGE_CURVE ( 'NONE', #6666, #5938, #6219, .T. ) ;
#6610 = ADVANCED_FACE ( 'NONE', ( #1809 ), #6564, .T. ) ;
#6611 = ORIENTED_EDGE ( 'NONE', *, *, #4620, .F. ) ;
#6612 = EDGE_CURVE ( 'NONE', #6916, #3912, #511, .T. ) ;
#6613 = ORIENTED_EDGE ( 'NONE', *, *, #3559, .T. ) ;
#6614 = VECTOR ( 'NONE', #6334, 1000.000000000000000 ) ;
#6615 = EDGE_LOOP ( 'NONE', ( #4445, #2394, #4286, #1955, #4257 ) ) ;
#6616 = AXIS2_PLACEMENT_3D ( 'NONE', #3737, #3763, #449 ) ;
#6617 = VERTEX_POINT ( 'NONE', #4387 ) ;
#6618 = CARTESIAN_POINT ( 'NONE',  ( -0.5649999999999988400, 0.9899999999999999900, -2.099999999999998800 ) ) ;
#6619 = CARTESIAN_POINT ( 'NONE',  ( 0.05999999999999942900, 0.3356217782649109600, -2.449999999999999700 ) ) ;
#6620 = ORIENTED_EDGE ( 'NONE', *, *, #2314, .T. ) ;
#6621 = LINE ( 'NONE', #5982, #3691 ) ;
#6622 = EDGE_CURVE ( 'NONE', #3099, #5892, #6056, .T. ) ;
#6623 = DIRECTION ( 'NONE',  ( -0.7241379310344828700, 1.387778780781445700E-017, 0.6896551724137930400 ) ) ;
#6624 = ORIENTED_EDGE ( 'NONE', *, *, #6982, .F. ) ;
#6625 = LINE ( 'NONE', #316, #5158 ) ;
#6626 = ORIENTED_EDGE ( 'NONE', *, *, #199, .F. ) ;
#6627 = VECTOR ( 'NONE', #5517, 999.9999999999998900 ) ;
#6628 = DIRECTION ( 'NONE',  ( -0.2485878067115379600, -0.4320170345481897400, 0.8669287076885475700 ) ) ;
#6629 = CARTESIAN_POINT ( 'NONE',  ( 3.080868893334809800E-016, 0.6350000000000000100, -5.550000000000000700 ) ) ;
#6630 = AXIS2_PLACEMENT_3D ( 'NONE', #5352, #2049, #5905 ) ;
#6631 = CARTESIAN_POINT ( 'NONE',  ( 0.5649999999999985000, 0.7888417395787666900, -2.209999999999998200 ) ) ;
#6632 = CARTESIAN_POINT ( 'NONE',  ( -1.355252715606880500E-016, -6.756096126909301100E-018, -1.000000000000000000 ) ) ;
#6633 = DIRECTION ( 'NONE',  ( 1.000000000000000000, -0.0000000000000000000, -7.744301232039317700E-016 ) ) ;
#6634 = CARTESIAN_POINT ( 'NONE',  ( 0.09630522088353339600, 0.3934136546184735000, -1.723694779116466300 ) ) ;
#6635 = FACE_OUTER_BOUND ( 'NONE', #3152, .T. ) ;
#6636 = EDGE_LOOP ( 'NONE', ( #210, #4689, #6695, #2666, #3629, #1230, #5685 ) ) ;
#6637 = ORIENTED_EDGE ( 'NONE', *, *, #4285, .F. ) ;
#6638 = FACE_OUTER_BOUND ( 'NONE', #6829, .T. ) ;
#6639 = VECTOR ( 'NONE', #366, 1000.000000000000000 ) ;
#6640 = EDGE_CURVE ( 'NONE', #5360, #3325, #2007, .T. ) ;
#6641 = CARTESIAN_POINT ( 'NONE',  ( 0.1000000000000000500, 0.3622422115419227100, -0.8817083385011712500 ) ) ;
#6642 = ORIENTED_EDGE ( 'NONE', *, *, #2286, .F. ) ;
#6643 = LINE ( 'NONE', #745, #3710 ) ;
#6644 = EDGE_CURVE ( 'NONE', #521, #3709, #3126, .T. ) ;
#6645 = CARTESIAN_POINT ( 'NONE',  ( -2.168404344971006900E-016, 1.040000000000000000, 0.7299999999999997600 ) ) ;
#6646 = AXIS2_PLACEMENT_3D ( 'NONE', #1839, #2681, #5288 ) ;
#6647 = AXIS2_PLACEMENT_3D ( 'NONE', #7169, #3851, #536 ) ;
#6648 = ADVANCED_FACE ( 'NONE', ( #4411 ), #5523, .F. ) ;
#6649 = ADVANCED_FACE ( 'NONE', ( #1647 ), #4431, .F. ) ;
#6650 = ORIENTED_EDGE ( 'NONE', *, *, #1444, .T. ) ;
#6651 = CIRCLE ( 'NONE', #5398, 0.02999999999999997100 ) ;
#6652 = CARTESIAN_POINT ( 'NONE',  ( -0.3949999999999986300, 0.9899999999999997700, -2.099999999999999200 ) ) ;
#6653 = EDGE_CURVE ( 'NONE', #4617, #521, #347, .T. ) ;
#6654 = DIRECTION ( 'NONE',  ( 0.0000000000000000000, 0.0000000000000000000, -1.000000000000000000 ) ) ;
#6655 = EDGE_LOOP ( 'NONE', ( #4827, #4238, #3878 ) ) ;
#6656 = FACE_OUTER_BOUND ( 'NONE', #1356, .T. ) ;
#6657 = EDGE_CURVE ( 'NONE', #4091, #4742, #1492, .T. ) ;
#6658 = DIRECTION ( 'NONE',  ( -0.0000000000000000000, -1.000000000000000000, 0.0000000000000000000 ) ) ;
#6659 = ORIENTED_EDGE ( 'NONE', *, *, #4390, .F. ) ;
#6660 = CARTESIAN_POINT ( 'NONE',  ( -0.6300000000000002300, 0.8599999999999998800, -0.9500000000000002900 ) ) ;
#6661 = CARTESIAN_POINT ( 'NONE',  ( -0.5649999999999983900, 0.8599999999999998800, -2.440000000000000800 ) ) ;
#6662 = CARTESIAN_POINT ( 'NONE',  ( 0.3949999999999998000, 1.159999999999999900, -2.700000000000000200 ) ) ;
#6663 = CARTESIAN_POINT ( 'NONE',  ( 0.1816025403784418700, 0.3250000000000008400, -2.289999999999998300 ) ) ;
#6664 = CARTESIAN_POINT ( 'NONE',  ( -0.1100000000000000000, -1.355252715606880500E-017, 1.000000000000000000 ) ) ;
#6665 = ORIENTED_EDGE ( 'NONE', *, *, #5018, .T. ) ;
#6666 = VERTEX_POINT ( 'NONE', #582 ) ;
#6667 = PLANE ( 'NONE',  #6491 ) ;
#6668 = DIRECTION ( 'NONE',  ( -5.551115123125782700E-017, 5.551115123125782700E-017, 1.000000000000000000 ) ) ;
#6669 = EDGE_LOOP ( 'NONE', ( #4993, #3520, #982, #7015 ) ) ;
#6670 = CARTESIAN_POINT ( 'NONE',  ( -0.8800000000000000000, 0.0000000000000000000, -0.8400000000000001900 ) ) ;
#6671 = CARTESIAN_POINT ( 'NONE',  ( 0.6839771384637883800, 0.3989547483664094300, 0.5103644388495405200 ) ) ;
#6672 = VERTEX_POINT ( 'NONE', #3895 ) ;
#6673 = CYLINDRICAL_SURFACE ( 'NONE', #1603, 0.8899999999999999000 ) ;
#6674 = PLANE ( 'NONE',  #351 ) ;
#6675 =( BOUNDED_CURVE ( )  B_SPLINE_CURVE ( 3, ( #3613, #1956, #2521, #1421 ),
 .UNSPECIFIED., .F., .T. ) 
 B_SPLINE_CURVE_WITH_KNOTS ( ( 4, 4 ),
 ( 4.130024742515947100, 4.712388980384689700 ),
 .UNSPECIFIED. ) 
 CURVE ( )  GEOMETRIC_REPRESENTATION_ITEM ( )  RATIONAL_B_SPLINE_CURVE ( ( 1.000000000000000000, 0.9719367843496034000, 0.9719367843496034000, 1.000000000000000000 ) ) 
 REPRESENTATION_ITEM ( '' )  );
#6676 = PLANE ( 'NONE',  #1513 ) ;
#6677 = CARTESIAN_POINT ( 'NONE',  ( 0.2645751311064595800, 1.087660585711987400, -1.350000000000000100 ) ) ;
#6678 = ORIENTED_EDGE ( 'NONE', *, *, #3413, .F. ) ;
#6679 = CARTESIAN_POINT ( 'NONE',  ( 0.7352809876858335000, 0.3506307787036600500, 0.5399847300083517900 ) ) ;
#6680 = ADVANCED_FACE ( 'NONE', ( #2944 ), #2236, .T. ) ;
#6681 = LINE ( 'NONE', #7140, #3380 ) ;
#6682 = ADVANCED_FACE ( 'NONE', ( #2777 ), #2611, .T. ) ;
#6683 = EDGE_LOOP ( 'NONE', ( #2232, #4833, #2758, #4562 ) ) ;
#6684 = ORIENTED_EDGE ( 'NONE', *, *, #3401, .F. ) ;
#6685 = ORIENTED_EDGE ( 'NONE', *, *, #2327, .F. ) ;
#6686 = VERTEX_POINT ( 'NONE', #55 ) ;
#6687 = LINE ( 'NONE', #2044, #2275 ) ;
#6688 = VECTOR ( 'NONE', #1363, 999.9999999999998900 ) ;
#6689 = CARTESIAN_POINT ( 'NONE',  ( -0.2839584187458734600, 1.160000000000000400, -2.450000000000000600 ) ) ;
#6690 = DIRECTION ( 'NONE',  ( 1.000000000000000000, 0.0000000000000000000, -5.551115123125782700E-017 ) ) ;
#6691 = ORIENTED_EDGE ( 'NONE', *, *, #3822, .F. ) ;
#6692 = EDGE_CURVE ( 'NONE', #6799, #3663, #7010, .T. ) ;
#6694 = EDGE_LOOP ( 'NONE', ( #2787, #2652, #5344, #588 ) ) ;
#6693 = ORIENTED_EDGE ( 'NONE', *, *, #2917, .F. ) ;
#6695 = ORIENTED_EDGE ( 'NONE', *, *, #3265, .T. ) ;
#6696 = TOROIDAL_SURFACE ( 'NONE', #5202, 0.8834029449114199100, 0.03000000000000003000 ) ;
#6697 = CARTESIAN_POINT ( 'NONE',  ( 0.1903284930203604000, 0.1098862066797567600, -2.100000000000000100 ) ) ;
#6698 = ORIENTED_EDGE ( 'NONE', *, *, #1247, .F. ) ;
#6699 = DIRECTION ( 'NONE',  ( -1.000000000000000000, 0.0000000000000000000, 0.0000000000000000000 ) ) ;
#6700 = ORIENTED_EDGE ( 'NONE', *, *, #885, .F. ) ;
#6701 = VERTEX_POINT ( 'NONE', #3923 ) ;
#6702 = ORIENTED_EDGE ( 'NONE', *, *, #5172, .T. ) ;
#6703 = LINE ( 'NONE', #6143, #5060 ) ;
#6704 = PLANE ( 'NONE',  #2414 ) ;
#6705 = EDGE_CURVE ( 'NONE', #1669, #2976, #4246, .T. ) ;
#6706 = EDGE_CURVE ( 'NONE', #1255, #691, #4063, .T. ) ;
#6707 = EDGE_CURVE ( 'NONE', #7156, #1897, #1124, .T. ) ;
#6708 = VECTOR ( 'NONE', #6871, 1000.000000000000000 ) ;
#6709 = ORIENTED_EDGE ( 'NONE', *, *, #5732, .T. ) ;
#6710 = PRODUCT_RELATED_PRODUCT_CATEGORY ( 'detail', '', ( #3212 ) ) ;
#6711 = CARTESIAN_POINT ( 'NONE',  ( 0.2093241316039299000, 1.145907730151414900, 0.7299999999999997600 ) ) ;
#6712 = EDGE_CURVE ( 'NONE', #2122, #3570, #1303, .T. ) ;
#6713 = VECTOR ( 'NONE', #596, 1000.000000000000100 ) ;
#6714 = ADVANCED_FACE ( 'NONE', ( #6656 ), #3718, .T. ) ;
#6715 = EDGE_LOOP ( 'NONE', ( #7050, #811, #4714, #458 ) ) ;
#6716 = ORIENTED_EDGE ( 'NONE', *, *, #641, .T. ) ;
#6717 = LINE ( 'NONE', #6591, #2674 ) ;
#6718 = LINE ( 'NONE', #6689, #2311 ) ;
#6719 = ADVANCED_FACE ( 'NONE', ( #950 ), #6168, .T. ) ;
#6720 = CARTESIAN_POINT ( 'NONE',  ( -0.2556856015201486300, 1.040000000000000000, 0.7142364707906677700 ) ) ;
#6721 = DIRECTION ( 'NONE',  ( -5.551115123125782700E-017, -5.551115123125782700E-017, -1.000000000000000000 ) ) ;
#6722 = DIRECTION ( 'NONE',  ( 0.0000000000000000000, 1.000000000000000000, 5.551115123125782700E-017 ) ) ;
#6723 = PLANE ( 'NONE',  #520 ) ;
#6724 = ORIENTED_EDGE ( 'NONE', *, *, #683, .F. ) ;
#6725 = VECTOR ( 'NONE', #367, 1000.000000000000000 ) ;
#6726 = AXIS2_PLACEMENT_3D ( 'NONE', #5316, #6945, #332 ) ;
#6727 = DIRECTION ( 'NONE',  ( 0.4999999999999979500, -0.8660254037844399300, 1.401656568589260300E-015 ) ) ;
#6728 = APPROVAL_DATE_TIME ( #1023, #5595 ) ;
#6729 = ORIENTED_EDGE ( 'NONE', *, *, #6435, .F. ) ;
#6730 = CIRCLE ( 'NONE', #6000, 0.7777381738259302500 ) ;
#6731 = VECTOR ( 'NONE', #1640, 1000.000000000000000 ) ;
#6732 = CARTESIAN_POINT ( 'NONE',  ( -0.6500000000000000200, 1.159999999999999900, -0.2000000000000005100 ) ) ;
#6733 = EDGE_LOOP ( 'NONE', ( #5820, #7036, #4114, #5095, #4274, #6716, #3262 ) ) ;
#6734 = DIRECTION ( 'NONE',  ( 5.551115123125782700E-017, -5.551115123125782700E-017, -1.000000000000000000 ) ) ;
#6735 = AXIS2_PLACEMENT_3D ( 'NONE', #4113, #5219, #1915 ) ;
#6736 = AXIS2_PLACEMENT_3D ( 'NONE', #6989, #1498, #6451 ) ;
#6737 = LINE ( 'NONE', #5200, #5283 ) ;
#6738 = ORIENTED_EDGE ( 'NONE', *, *, #6898, .T. ) ;
#6739 = CARTESIAN_POINT ( 'NONE',  ( 5.834362940687621500E-015, -2.168404344971008900E-016, -2.100000000000000100 ) ) ;
#6740 = EDGE_LOOP ( 'NONE', ( #283, #1282, #4992, #37 ) ) ;
#6741 = DIRECTION ( 'NONE',  ( 5.551115123125782700E-017, -5.551115123125782700E-017, -1.000000000000000000 ) ) ;
#6742 = DIRECTION ( 'NONE',  ( -5.551115123125782700E-017, 5.942384858043084500E-017, 1.000000000000000000 ) ) ;
#6743 = EDGE_CURVE ( 'NONE', #769, #4157, #5186, .T. ) ;
#6744 = DIRECTION ( 'NONE',  ( -5.551115123125782700E-017, 5.942384858043084500E-017, 1.000000000000000000 ) ) ;
#6745 = ORIENTED_EDGE ( 'NONE', *, *, #5333, .F. ) ;
#6746 = EDGE_CURVE ( 'NONE', #3937, #881, #2243, .T. ) ;
#6747 = ORIENTED_EDGE ( 'NONE', *, *, #87, .T. ) ;
#6748 = DIRECTION ( 'NONE',  ( 0.0000000000000000000, 0.0000000000000000000, 1.000000000000000000 ) ) ;
#6749 = EDGE_LOOP ( 'NONE', ( #2531, #1851, #5071, #664, #4824, #5613 ) ) ;
#6750 = CARTESIAN_POINT ( 'NONE',  ( 0.5249999999999985800, 0.7888417395787668000, -2.249999999999998200 ) ) ;
#6751 = ADVANCED_FACE ( 'NONE', ( #5365 ), #1767, .F. ) ;
#6752 = AXIS2_PLACEMENT_3D ( 'NONE', #6124, #2253, #1128 ) ;
#6753 = ADVANCED_FACE ( 'NONE', ( #5008 ), #3428, .F. ) ;
#6754 = EDGE_CURVE ( 'NONE', #3792, #6865, #591, .T. ) ;
#6755 = VERTEX_POINT ( 'NONE', #1242 ) ;
#6756 = VECTOR ( 'NONE', #5773, 1000.000000000000000 ) ;
#6757 = AXIS2_PLACEMENT_3D ( 'NONE', #3824, #3733, #3760 ) ;
#6758 = CARTESIAN_POINT ( 'NONE',  ( 0.2645751311064597500, 1.087660585711987400, -2.450000000000000600 ) ) ;
#6759 = ORIENTED_EDGE ( 'NONE', *, *, #5311, .F. ) ;
#6760 = LINE ( 'NONE', #5300, #2354 ) ;
#6761 = DIRECTION ( 'NONE',  ( 0.0000000000000000000, 0.0000000000000000000, 1.000000000000000000 ) ) ;
#6762 = DIRECTION ( 'NONE',  ( -0.2588190451025259000, 0.9659258262890668700, -8.326672684688671600E-017 ) ) ;
#6763 = VERTEX_POINT ( 'NONE', #5102 ) ;
#6764 = VECTOR ( 'NONE', #2393, 1000.000000000000100 ) ;
#6765 = DIRECTION ( 'NONE',  ( 0.0000000000000000000, -1.000000000000000000, -5.551115123125782700E-017 ) ) ;
#6766 = VERTEX_POINT ( 'NONE', #6217 ) ;
#6767 = DIRECTION ( 'NONE',  ( 1.000000000000000000, 0.0000000000000000000, 0.0000000000000000000 ) ) ;
#6768 = EDGE_CURVE ( 'NONE', #6081, #3709, #3354, .T. ) ;
#6769 = DIRECTION ( 'NONE',  ( -2.720046410331633500E-015, -0.0000000000000000000, -1.000000000000000000 ) ) ;
#6770 = CARTESIAN_POINT ( 'NONE',  ( -0.2839584187458733000, 1.159999999999999900, -1.850000000000000500 ) ) ;
#6771 = ORIENTED_EDGE ( 'NONE', *, *, #5442, .T. ) ;
#6772 = LINE ( 'NONE', #6042, #5132 ) ;
#6773 = VECTOR ( 'NONE', #3685, 1000.000000000000000 ) ;
#6774 = EDGE_CURVE ( 'NONE', #7156, #3683, #4884, .T. ) ;
#6775 = VERTEX_POINT ( 'NONE', #145 ) ;
#6776 = PLANE ( 'NONE',  #2459 ) ;
#6777 = ORIENTED_EDGE ( 'NONE', *, *, #3005, .F. ) ;
#6778 = ORIENTED_EDGE ( 'NONE', *, *, #5163, .T. ) ;
#6779 = CARTESIAN_POINT ( 'NONE',  ( 0.09999999999999982500, 0.3159704330013294300, -0.7502232100926107300 ) ) ;
#6780 = LINE ( 'NONE', #5762, #1083 ) ;
#6781 = ADVANCED_FACE ( 'NONE', ( #6307 ), #6132, .F. ) ;
#6782 = EDGE_CURVE ( 'NONE', #1012, #4043, #432, .T. ) ;
#6783 = DIRECTION ( 'NONE',  ( 2.060779557754404700E-016, -0.0000000000000000000, -1.000000000000000000 ) ) ;
#6784 = VERTEX_POINT ( 'NONE', #5154 ) ;
#6785 = ORIENTED_EDGE ( 'NONE', *, *, #6743, .F. ) ;
#6786 = LINE ( 'NONE', #1049, #2054 ) ;
#6787 = CARTESIAN_POINT ( 'NONE',  ( -0.7846215248024363000, 0.3897674103027593500, 0.3375313947187334500 ) ) ;
#6788 = CARTESIAN_POINT ( 'NONE',  ( -0.6937196594791874600, 5.356382351563524300E-018, 0.2850491783045168700 ) ) ;
#6789 = CARTESIAN_POINT ( 'NONE',  ( 0.5946732035358774900, -2.057300141024108500, 0.6621659769244990800 ) ) ;
#6790 = CARTESIAN_POINT ( 'NONE',  ( 0.7839771384638863900, 0.3958217188418156600, 0.3371593580927094700 ) ) ;
#6791 = CARTESIAN_POINT ( 'NONE',  ( 0.6944190912509995400, 0.3730149659733723000, 0.5163931031021025100 ) ) ;
#6792 = CIRCLE ( 'NONE', #1431, 0.8534029449114197700 ) ;
#6793 = ORIENTED_EDGE ( 'NONE', *, *, #4119, .T. ) ;
#6794 = VERTEX_POINT ( 'NONE', #6816 ) ;
#6795 = LINE ( 'NONE', #5698, #3698 ) ;
#6796 = EDGE_CURVE ( 'NONE', #4592, #661, #766, .T. ) ;
#6797 = DIRECTION ( 'NONE',  ( 0.0000000000000000000, -1.000000000000000000, -5.551115123125782700E-017 ) ) ;
#6798 = VECTOR ( 'NONE', #274, 1000.000000000000000 ) ;
#6799 = VERTEX_POINT ( 'NONE', #198 ) ;
#6800 = VERTEX_POINT ( 'NONE', #5714 ) ;
#6801 = LINE ( 'NONE', #2010, #5349 ) ;
#6802 = LINE ( 'NONE', #5890, #5350 ) ;
#6803 = EDGE_CURVE ( 'NONE', #2995, #1324, #259, .T. ) ;
#6804 = PLANE ( 'NONE',  #2864 ) ;
#6805 = VECTOR ( 'NONE', #4038, 1000.000000000000000 ) ;
#6806 = CARTESIAN_POINT ( 'NONE',  ( -0.5249999999999988000, 0.7888417395787668000, -2.249999999999998700 ) ) ;
#6807 = CARTESIAN_POINT ( 'NONE',  ( 0.5649999999999998400, 0.9899999999999999900, -2.549999999999998500 ) ) ;
#6808 = B_SPLINE_CURVE_WITH_KNOTS ( 'NONE', 3,
 ( #2402, #3496, #748, #4622 ),
 .UNSPECIFIED., .F., .F.,
 ( 4, 4 ),
 ( 4.764981121722907800E-007, 0.0001029014341306626600 ),
 .UNSPECIFIED. ) ;
#6809 = CARTESIAN_POINT ( 'NONE',  ( 1.050000000000000000, 0.9899999999999999900, -0.5500000000000010400 ) ) ;
#6810 = CARTESIAN_POINT ( 'NONE',  ( 0.2400000000000001300, 0.2349999999999996800, -0.9500000000000002900 ) ) ;
#6811 = SHAPE_DEFINITION_REPRESENTATION ( #2208, #1378 ) ;
#6812 = AXIS2_PLACEMENT_3D ( 'NONE', #6060, #2186, #1076 ) ;
#6813 = ORIENTED_EDGE ( 'NONE', *, *, #1445, .F. ) ;
#6814 = DIRECTION ( 'NONE',  ( -0.8660254037844398200, 0.4999999999999978900, 2.775557561562890100E-017 ) ) ;
#6815 = VECTOR ( 'NONE', #1301, 1000.000000000000000 ) ;
#6816 = CARTESIAN_POINT ( 'NONE',  ( -0.1000000000000001700, 0.3971892336110881500, -0.8475237969422329000 ) ) ;
#6817 = PLANE ( 'NONE',  #4763 ) ;
#6818 =( NAMED_UNIT ( * ) PLANE_ANGLE_UNIT ( ) SI_UNIT ( $, .RADIAN. ) );
#6819 = DIRECTION ( 'NONE',  ( 2.775557561562890600E-015, 0.0000000000000000000, -1.000000000000000000 ) ) ;
#6820 = ORIENTED_EDGE ( 'NONE', *, *, #441, .F. ) ;
#6821 = ADVANCED_FACE ( 'NONE', ( #4486 ), #5736, .T. ) ;
#6822 = VECTOR ( 'NONE', #6145, 1000.000000000000000 ) ;
#6823 = CARTESIAN_POINT ( 'NONE',  ( 0.0000000000000000000, 0.0000000000000000000, 0.0000000000000000000 ) ) ;
#6824 = ORIENTED_EDGE ( 'NONE', *, *, #562, .T. ) ;
#6825 = CARTESIAN_POINT ( 'NONE',  ( -0.4700000000000003600, 0.9900000000000004400, -0.9500000000000002900 ) ) ;
#6826 = DIRECTION ( 'NONE',  ( 0.8660254037844397100, -0.4999999999999978900, -2.414735078559715100E-015 ) ) ;
#6827 = ORIENTED_EDGE ( 'NONE', *, *, #4197, .T. ) ;
#6828 = CARTESIAN_POINT ( 'NONE',  ( -0.6400000000000004600, 1.084202172485504400E-016, -0.9500000000000002900 ) ) ;
#6829 = EDGE_LOOP ( 'NONE', ( #4482, #3127, #3441, #4042, #3674, #4115, #5740, #3465, #3529, #1449 ) ) ;
#6830 = CARTESIAN_POINT ( 'NONE',  ( 0.5249999999999986900, 0.7888417395787666900, -2.400000000000000400 ) ) ;
#6831 = CARTESIAN_POINT ( 'NONE',  ( -0.5946732035358776000, 0.7900000000000000400, 0.6621659769244991900 ) ) ;
#6832 = ORIENTED_EDGE ( 'NONE', *, *, #3610, .F. ) ;
#6833 = CARTESIAN_POINT ( 'NONE',  ( -1.000000000000000000, -1.355252715606880500E-017, -0.6999999999999998400 ) ) ;
#6834 = EDGE_CURVE ( 'NONE', #3646, #3393, #4843, .T. ) ;
#6835 = EDGE_CURVE ( 'NONE', #6600, #380, #4673, .T. ) ;
#6836 = DIRECTION ( 'NONE',  ( -0.7241379310344828700, 1.387778780781445700E-017, 0.6896551724137930400 ) ) ;
#6837 = DIRECTION ( 'NONE',  ( -0.4999999999999967800, -5.551115123125763000E-017, -0.8660254037844404800 ) ) ;
#6838 = EDGE_CURVE ( 'NONE', #3391, #116, #1720, .T. ) ;
#6839 = CARTESIAN_POINT ( 'NONE',  ( 0.1449999999999999900, 0.7888417395787666900, -2.249999999999998200 ) ) ;
#6840 = CARTESIAN_POINT ( 'NONE',  ( 0.1999999999999999000, -1.287490079826536500E-016, -0.8400000000000001900 ) ) ;
#6841 = CARTESIAN_POINT ( 'NONE',  ( -0.2500000000000000000, -1.355252715606880500E-017, 0.9300000000000000500 ) ) ;
#6842 = DIRECTION ( 'NONE',  ( 0.5734623443633283200, 0.8192319205190404800, 1.540743955509788700E-033 ) ) ;
#6843 = APPROVAL_ROLE ( '' ) ;
#6844 = DIRECTION ( 'NONE',  ( 7.058607893785836700E-018, -1.000000000000000000, -0.0000000000000000000 ) ) ;
#6845 = ORIENTED_EDGE ( 'NONE', *, *, #216, .F. ) ;
#6846 = LINE ( 'NONE', #2926, #2451 ) ;
#6847 = AXIS2_PLACEMENT_3D ( 'NONE', #2941, #1322, #5183 ) ;
#6848 = PLANE ( 'NONE',  #3375 ) ;
#6849 = EDGE_CURVE ( 'NONE', #3291, #328, #3200, .T. ) ;
#6850 = ORIENTED_EDGE ( 'NONE', *, *, #6206, .T. ) ;
#6852 = ORIENTED_EDGE ( 'NONE', *, *, #6999, .T. ) ;
#6851 = LINE ( 'NONE', #3894, #4270 ) ;
#6853 = ORIENTED_EDGE ( 'NONE', *, *, #1386, .T. ) ;
#6854 = DIRECTION ( 'NONE',  ( -1.000000000000000000, -3.025117668765360000E-019, -3.336595314202347100E-015 ) ) ;
#6855 = DIRECTION ( 'NONE',  ( 2.775557561562890600E-015, 0.0000000000000000000, -1.000000000000000000 ) ) ;
#6856 = VERTEX_POINT ( 'NONE', #6511 ) ;
#6857 = ADVANCED_FACE ( 'NONE', ( #5799 ), #7077, .T. ) ;
#6858 = EDGE_LOOP ( 'NONE', ( #2029, #6597, #5064, #4881 ) ) ;
#6859 = FACE_OUTER_BOUND ( 'NONE', #1573, .T. ) ;
#6860 = PLANE ( 'NONE',  #6735 ) ;
#6861 = FACE_OUTER_BOUND ( 'NONE', #3637, .T. ) ;
#6862 = B_SPLINE_CURVE_WITH_KNOTS ( 'NONE', 3,
 ( #2027, #3115, #2593, #6440 ),
 .UNSPECIFIED., .F., .F.,
 ( 4, 4 ),
 ( 4.758340871765715300E-007, 0.0001029007701056673700 ),
 .UNSPECIFIED. ) ;
#6863 = VERTEX_POINT ( 'NONE', #1007 ) ;
#6864 = DIRECTION ( 'NONE',  ( -2.720046410331633500E-015, 0.0000000000000000000, -1.000000000000000000 ) ) ;
#6865 = VERTEX_POINT ( 'NONE', #2668 ) ;
#6866 = ORIENTED_EDGE ( 'NONE', *, *, #2199, .T. ) ;
#6867 = DIRECTION ( 'NONE',  ( 0.8944271909999108600, -5.551115123125787600E-016, 0.4472135954999680900 ) ) ;
#6868 = DIRECTION ( 'NONE',  ( 0.0000000000000000000, -1.000000000000000000, -5.551115123125782700E-017 ) ) ;
#6869 = EDGE_CURVE ( 'NONE', #1948, #3730, #1561, .T. ) ;
#6870 = ORIENTED_EDGE ( 'NONE', *, *, #372, .T. ) ;
#6871 = DIRECTION ( 'NONE',  ( -1.000000000000000000, 0.0000000000000000000, 0.0000000000000000000 ) ) ;
#6872 = ORIENTED_EDGE ( 'NONE', *, *, #3019, .T. ) ;
#6873 = VERTEX_POINT ( 'NONE', #2689 ) ;
#6874 = AXIS2_PLACEMENT_3D ( 'NONE', #6897, #3586, #278 ) ;
#6875 = CARTESIAN_POINT ( 'NONE',  ( 0.2556856015201481900, 1.040000000000000000, 0.7142364707906677700 ) ) ;
#6876 = VECTOR ( 'NONE', #3353, 1000.000000000000000 ) ;
#6877 = DIRECTION ( 'NONE',  ( 0.0000000000000000000, 1.000000000000000000, 5.551115123125782700E-017 ) ) ;
#6878 = CARTESIAN_POINT ( 'NONE',  ( -0.6937196594791873400, 0.4599999999999998500, 0.2850491783045167600 ) ) ;
#6879 = LINE ( 'NONE', #1358, #3941 ) ;
#6880 = ORIENTED_EDGE ( 'NONE', *, *, #1661, .T. ) ;
#6881 = ORIENTED_EDGE ( 'NONE', *, *, #3011, .F. ) ;
#6882 = FACE_OUTER_BOUND ( 'NONE', #718, .T. ) ;
#6883 = EDGE_CURVE ( 'NONE', #3703, #6412, #4324, .T. ) ;
#6884 = EDGE_CURVE ( 'NONE', #4432, #1692, #4331, .T. ) ;
#6885 = DIRECTION ( 'NONE',  ( 1.000000000000000000, -6.453584360032764700E-018, 6.982962677686266700E-015 ) ) ;
#6886 = CARTESIAN_POINT ( 'NONE',  ( -0.1000000000000000500, 0.4600000000000000200, -0.8820319016666949800 ) ) ;
#6887 = CARTESIAN_POINT ( 'NONE',  ( -1.084202172485504400E-016, 0.3222388905185646900, -4.376451581292422500E-016 ) ) ;
#6888 = LINE ( 'NONE', #4471, #3947 ) ;
#6889 = CARTESIAN_POINT ( 'NONE',  ( 0.8800000000000004500, 0.9900000000000004400, -0.5500000000000006000 ) ) ;
#6890 = DIRECTION ( 'NONE',  ( 0.3535533905932724500, -0.6123724356957952500, 0.7071067811865475700 ) ) ;
#6891 = DIRECTION ( 'NONE',  ( 0.8660254037844404800, -1.387778780781445200E-017, -0.4999999999999967800 ) ) ;
#6892 = ORIENTED_EDGE ( 'NONE', *, *, #702, .T. ) ;
#6893 = FACE_OUTER_BOUND ( 'NONE', #639, .T. ) ;
#6894 = AXIS2_PLACEMENT_3D ( 'NONE', #5879, #2575, #6423 ) ;
#6895 = FACE_OUTER_BOUND ( 'NONE', #1715, .T. ) ;
#6896 = CARTESIAN_POINT ( 'NONE',  ( 0.3349999999999985800, 0.4597520861406807500, -2.249999999999998700 ) ) ;
#6897 = CARTESIAN_POINT ( 'NONE',  ( -2.168404344971006900E-016, 1.040000000000000000, 0.7299999999999997600 ) ) ;
#6898 = EDGE_CURVE ( 'NONE', #1400, #6448, #7089, .T. ) ;
#6899 = ADVANCED_FACE ( 'NONE', ( #1206 ), #5445, .T. ) ;
#6900 = VECTOR ( 'NONE', #5891, 1000.000000000000000 ) ;
#6901 = CARTESIAN_POINT ( 'NONE',  ( 0.03000000000000002300, 0.3049999999999998300, -1.850000000000000500 ) ) ;
#6902 = APPROVAL_PERSON_ORGANIZATION ( #1201, #5595, #6318 ) ;
#6903 = CARTESIAN_POINT ( 'NONE',  ( 0.5946732035358776000, 0.9899999999999999900, 0.6621659769244991900 ) ) ;
#6904 = ORIENTED_EDGE ( 'NONE', *, *, #5442, .F. ) ;
#6905 = LINE ( 'NONE', #1997, #858 ) ;
#6906 = DIRECTION ( 'NONE',  ( 1.000000000000000000, 0.0000000000000000000, 0.0000000000000000000 ) ) ;
#6907 = CIRCLE ( 'NONE', #6992, 0.9122618261740693700 ) ;
#6908 = DIRECTION ( 'NONE',  ( 0.4999999999999969500, -0.8660254037844403700, 1.429412144204889000E-015 ) ) ;
#6909 = ORIENTED_EDGE ( 'NONE', *, *, #6869, .T. ) ;
#6910 = B_SPLINE_CURVE_WITH_KNOTS ( 'NONE', 3,
 ( #3620, #6973, #5878, #3544, #6131, #590, #2968 ),
 .UNSPECIFIED., .F., .F.,
 ( 4, 3, 4 ),
 ( 7.947791990823432900E-005, 0.0001001643019563918400, 0.0001133333641264292500 ),
 .UNSPECIFIED. ) ;
#6911 = CYLINDRICAL_SURFACE ( 'NONE', #4054, 0.4200000000000001500 ) ;
#6912 = CARTESIAN_POINT ( 'NONE',  ( 0.7839771384638505300, 0.3991751661938231500, 0.3371593580926888200 ) ) ;
#6913 = CARTESIAN_POINT ( 'NONE',  ( 0.1000000000000001600, 0.4195329181894561500, -0.8575732401807042400 ) ) ;
#6914 = PLANE ( 'NONE',  #6647 ) ;
#6915 = CARTESIAN_POINT ( 'NONE',  ( 0.1000000000000001600, 0.4599999999999999100, -0.6622618261740695900 ) ) ;
#6916 = VERTEX_POINT ( 'NONE', #1616 ) ;
#6917 = AXIS2_PLACEMENT_3D ( 'NONE', #72, #3940, #616 ) ;
#6918 = DIRECTION ( 'NONE',  ( 0.0000000000000000000, -1.000000000000000000, -5.551115123125782700E-017 ) ) ;
#6919 = CARTESIAN_POINT ( 'NONE',  ( -0.5940877802430649700, 0.3218283798295166200, 0.4584667936835236700 ) ) ;
#6920 = EDGE_CURVE ( 'NONE', #4382, #1400, #2691, .T. ) ;
#6921 = VERTEX_POINT ( 'NONE', #5474 ) ;
#6922 = AXIS2_PLACEMENT_3D ( 'NONE', #4671, #4278, #4082 ) ;
#6923 = AXIS2_PLACEMENT_3D ( 'NONE', #2809, #6668, #3345 ) ;
#6924 = CARTESIAN_POINT ( 'NONE',  ( -0.6278445005324558800, 0.7900000000000000400, 0.6900000000000000600 ) ) ;
#6925 = CARTESIAN_POINT ( 'NONE',  ( -1.355434222667006500E-016, -6.080486514218370200E-018, -0.9000000000000000200 ) ) ;
#6926 = ORIENTED_EDGE ( 'NONE', *, *, #3790, .T. ) ;
#6927 = CARTESIAN_POINT ( 'NONE',  ( 0.1000000000000000500, 0.4381838285747633500, -0.8732457125554202700 ) ) ;
#6928 = ORIENTED_EDGE ( 'NONE', *, *, #4419, .T. ) ;
#6929 = CARTESIAN_POINT ( 'NONE',  ( -0.4050149999999999000, 0.6350000000000002300, -2.550000000000000700 ) ) ;
#6930 = VERTEX_POINT ( 'NONE', #4927 ) ;
#6931 = DIRECTION ( 'NONE',  ( 0.0000000000000000000, 1.000000000000000000, 5.551115123125782700E-017 ) ) ;
#6932 = CARTESIAN_POINT ( 'NONE',  ( 0.7352809876858335000, 0.3506307787036600500, 0.5399847300083517900 ) ) ;
#6933 = ORIENTED_EDGE ( 'NONE', *, *, #1338, .F. ) ;
#6934 = VECTOR ( 'NONE', #6180, 1000.000000000000000 ) ;
#6935 = DIRECTION ( 'NONE',  ( 0.0000000000000000000, -1.000000000000000000, -0.0000000000000000000 ) ) ;
#6936 = CARTESIAN_POINT ( 'NONE',  ( -0.2999999999999999900, 1.159999999999999700, -2.450000000000000600 ) ) ;
#6937 = DIRECTION ( 'NONE',  ( -1.000000000000000000, -7.058607893785842800E-018, 0.0000000000000000000 ) ) ;
#6938 = AXIS2_PLACEMENT_3D ( 'NONE', #2383, #2161, #2094 ) ;
#6939 = ORIENTED_EDGE ( 'NONE', *, *, #1338, .T. ) ;
#6940 = LINE ( 'NONE', #6830, #2550 ) ;
#6941 = EDGE_CURVE ( 'NONE', #2104, #58, #6907, .T. ) ;
#6942 = CARTESIAN_POINT ( 'NONE',  ( 0.2839584187458734100, 1.159999999999999900, -1.350000000000000100 ) ) ;
#6943 = ORIENTED_EDGE ( 'NONE', *, *, #2802, .F. ) ;
#6944 = VECTOR ( 'NONE', #2, 1000.000000000000000 ) ;
#6945 = DIRECTION ( 'NONE',  ( -5.551115123125782700E-017, 5.551115123125782700E-017, 1.000000000000000000 ) ) ;
#6946 = LINE ( 'NONE', #4812, #5643 ) ;
#6947 = VERTEX_POINT ( 'NONE', #7143 ) ;
#6948 = EDGE_CURVE ( 'NONE', #1172, #4941, #1031, .T. ) ;
#6949 = CARTESIAN_POINT ( 'NONE',  ( 0.6984483950146478400, 0.2599999999999945100, 0.5187194227146912900 ) ) ;
#6950 = CARTESIAN_POINT ( 'NONE',  ( 0.4000000000000000800, 1.159999999999999900, -1.850000000000000300 ) ) ;
#6951 = CARTESIAN_POINT ( 'NONE',  ( 0.3108054053584014500, 0.8099999999999997200, -1.030761184457488700 ) ) ;
#6952 = ORIENTED_EDGE ( 'NONE', *, *, #1447, .T. ) ;
#6953 = ORIENTED_EDGE ( 'NONE', *, *, #4122, .T. ) ;
#6954 = CIRCLE ( 'NONE', #273, 0.05000000000000002400 ) ;
#6955 = VECTOR ( 'NONE', #3660, 1000.000000000000000 ) ;
#6956 = VERTEX_POINT ( 'NONE', #2188 ) ;
#6957 = CARTESIAN_POINT ( 'NONE',  ( 0.7000000000000034000, -1.355252715606880500E-017, -0.9999999999999976700 ) ) ;
#6958 = EDGE_LOOP ( 'NONE', ( #6577, #3233, #1873, #120 ) ) ;
#6959 = PLANE ( 'NONE',  #5620 ) ;
#6960 = ORIENTED_EDGE ( 'NONE', *, *, #4477, .F. ) ;
#6961 = AXIS2_PLACEMENT_3D ( 'NONE', #1171, #5581, #3914 ) ;
#6962 = B_SPLINE_CURVE_WITH_KNOTS ( 'NONE', 3,
 ( #6082, #8, #3876, #561, #4433, #1130, #4991 ),
 .UNSPECIFIED., .F., .F.,
 ( 4, 3, 4 ),
 ( 2.973169898450286600E-007, 2.684474950065568100E-005, 4.800486443119600000E-005 ),
 .UNSPECIFIED. ) ;
#6963 = LINE ( 'NONE', #797, #6614 ) ;
#6964 = DIRECTION ( 'NONE',  ( -5.551115123125782700E-017, -5.551115123125782700E-017, -1.000000000000000000 ) ) ;
#6965 = CARTESIAN_POINT ( 'NONE',  ( 0.6300000000000001200, 0.8600000000000001000, -0.9500000000000007300 ) ) ;
#6966 = DIRECTION ( 'NONE',  ( -5.551115123125782700E-017, 5.551115123125782700E-017, 1.000000000000000000 ) ) ;
#6967 = VERTEX_POINT ( 'NONE', #5499 ) ;
#6968 = ORIENTED_EDGE ( 'NONE', *, *, #2700, .T. ) ;
#6969 = DIRECTION ( 'NONE',  ( 0.0000000000000000000, -1.000000000000000000, -5.551115123125782700E-017 ) ) ;
#6970 = VECTOR ( 'NONE', #2633, 1000.000000000000000 ) ;
#6971 = AXIS2_PLACEMENT_3D ( 'NONE', #1503, #5357, #2053 ) ;
#6972 = AXIS2_PLACEMENT_3D ( 'NONE', #4145, #5255, #1947 ) ;
#6973 = CARTESIAN_POINT ( 'NONE',  ( -0.6980124752602122600, 0.3174235228784231300, 0.2875276366512730100 ) ) ;
#6974 = LINE ( 'NONE', #5251, #5341 ) ;
#6975 = DIRECTION ( 'NONE',  ( 1.000000000000000000, -3.081487911019577400E-033, 5.551115123125782700E-017 ) ) ;
#6976 = DIRECTION ( 'NONE',  ( -2.346002624057897800E-017, 0.9063077870366523800, 0.4226182617406942200 ) ) ;
#6977 = ORIENTED_EDGE ( 'NONE', *, *, #500, .T. ) ;
#6978 = CIRCLE ( 'NONE', #2718, 0.7500000000000000000 ) ;
#6979 = FACE_OUTER_BOUND ( 'NONE', #2202, .T. ) ;
#6980 = CARTESIAN_POINT ( 'NONE',  ( -0.2650000000000000100, 0.09999999999999999200, 0.0000000000000000000 ) ) ;
#6981 = FACE_OUTER_BOUND ( 'NONE', #3143, .T. ) ;
#6982 = EDGE_CURVE ( 'NONE', #5872, #6187, #2851, .T. ) ;
#6983 = EDGE_CURVE ( 'NONE', #846, #4432, #2522, .T. ) ;
#6984 = EDGE_LOOP ( 'NONE', ( #1860, #383, #133, #4321 ) ) ;
#6985 = EDGE_LOOP ( 'NONE', ( #1778, #3537, #2009, #1078 ) ) ;
#6986 = LINE ( 'NONE', #6392, #2597 ) ;
#6987 = CYLINDRICAL_SURFACE ( 'NONE', #4252, 0.02999999999999997100 ) ;
#6988 = EDGE_CURVE ( 'NONE', #4922, #5559, #3797, .T. ) ;
#6989 = CARTESIAN_POINT ( 'NONE',  ( -1.084202172485504400E-016, 0.3936531748039935300, -4.336808689942017700E-016 ) ) ;
#6990 = CARTESIAN_POINT ( 'NONE',  ( 0.1903284930203608900, 0.1098862066797565400, -2.199999999999999700 ) ) ;
#6991 = CARTESIAN_POINT ( 'NONE',  ( -0.2500000000000000000, 0.09999999999999999200, 0.9300000000000000500 ) ) ;
#6992 = AXIS2_PLACEMENT_3D ( 'NONE', #517, #4388, #1080 ) ;
#6993 = ORIENTED_EDGE ( 'NONE', *, *, #4314, .F. ) ;
#6994 =( BOUNDED_SURFACE ( )  B_SPLINE_SURFACE ( 3, 1, ( 
 ( #6186, #2876 ),
 ( #114, #3984 ),
 ( #666, #4538 ),
 ( #1234, #5094 ) ),
 .UNSPECIFIED., .F., .F., .F. ) 
 B_SPLINE_SURFACE_WITH_KNOTS ( ( 4, 4 ),
 ( 2, 2 ),
 ( 0.0000000000000000000, 1.000000000000000000 ),
 ( 0.0000000000000000000, 1.000000000000000000 ),
 .UNSPECIFIED. ) 
 GEOMETRIC_REPRESENTATION_ITEM ( )  RATIONAL_B_SPLINE_SURFACE ( (
 ( 1.000000000000000000, 1.000000000000000000),
 ( 0.8047378541243644900, 0.8047378541243644900),
 ( 0.8047378541243644900, 0.8047378541243644900),
 ( 1.000000000000000000, 1.000000000000000000) ) ) 
 REPRESENTATION_ITEM ( '' )  SURFACE ( )  );
#6995 = DIRECTION ( 'NONE',  ( -1.000000000000000000, 0.0000000000000000000, 0.0000000000000000000 ) ) ;
#6996 = VECTOR ( 'NONE', #6230, 1000.000000000000100 ) ;
#6997 = DIRECTION ( 'NONE',  ( 0.8660254037844403700, 1.110223024625156200E-016, 0.4999999999999970600 ) ) ;
#6998 = CARTESIAN_POINT ( 'NONE',  ( -0.2000000000000001200, -1.330611757141300900E-016, -0.8400000000000001900 ) ) ;
#6999 = EDGE_CURVE ( 'NONE', #6545, #4531, #5278, .T. ) ;
#7000 = DIRECTION ( 'NONE',  ( 5.551115123125782700E-017, -5.551115123125782700E-017, -1.000000000000000000 ) ) ;
#7001 = CIRCLE ( 'NONE', #4996, 0.7500000000000001100 ) ;
#7002 = CARTESIAN_POINT ( 'NONE',  ( 0.9300000000000003800, 0.8599999999999999900, 0.5500000000000001600 ) ) ;
#7003 = VERTEX_POINT ( 'NONE', #4413 ) ;
#7004 = VECTOR ( 'NONE', #3993, 1000.000000000000000 ) ;
#7005 = DIRECTION ( 'NONE',  ( -1.000000000000000000, 0.0000000000000000000, 0.0000000000000000000 ) ) ;
#7006 = VERTEX_POINT ( 'NONE', #6080 ) ;
#7007 = CARTESIAN_POINT ( 'NONE',  ( 0.2839584187458734600, 1.159999999999999900, -2.450000000000000600 ) ) ;
#7008 = CARTESIAN_POINT ( 'NONE',  ( -0.8800000000000000000, 0.0000000000000000000, 0.8400000000000001900 ) ) ;
#7009 = ORIENTED_EDGE ( 'NONE', *, *, #1084, .T. ) ;
#7010 = LINE ( 'NONE', #3357, #7177 ) ;
#7011 = AXIS2_PLACEMENT_3D ( 'NONE', #6410, #6964, #3655 ) ;
#7012 = ORIENTED_EDGE ( 'NONE', *, *, #4027, .F. ) ;
#7013 = CARTESIAN_POINT ( 'NONE',  ( 0.2150237439110566100, 1.136002459094189500, 0.7498769102841649200 ) ) ;
#7014 = DIRECTION ( 'NONE',  ( 5.551115123125782700E-017, -5.551115123125782700E-017, -1.000000000000000000 ) ) ;
#7015 = ORIENTED_EDGE ( 'NONE', *, *, #1800, .T. ) ;
#7016 = DIRECTION ( 'NONE',  ( 0.0000000000000000000, -1.000000000000000000, -5.551115123125782700E-017 ) ) ;
#7017 = ORIENTED_EDGE ( 'NONE', *, *, #1198, .F. ) ;
#7018 = EDGE_CURVE ( 'NONE', #1519, #6763, #5087, .T. ) ;
#7019 = PLANE ( 'NONE',  #1481 ) ;
#7020 = EDGE_CURVE ( 'NONE', #1403, #5076, #2151, .T. ) ;
#7021 = AXIS2_PLACEMENT_3D ( 'NONE', #5258, #5179, #5285 ) ;
#7022 = CARTESIAN_POINT ( 'NONE',  ( -0.2645751311064596900, 1.087660585711987400, -1.850000000000000300 ) ) ;
#7023 = ORIENTED_EDGE ( 'NONE', *, *, #5465, .F. ) ;
#7024 = DIRECTION ( 'NONE',  ( 5.551115123125782700E-017, -5.551115123125782700E-017, -1.000000000000000000 ) ) ;
#7025 = DIRECTION ( 'NONE',  ( -1.000000000000000000, 0.0000000000000000000, 0.0000000000000000000 ) ) ;
#7026 = DIRECTION ( 'NONE',  ( 0.0000000000000000000, -1.000000000000000000, -5.551115123125782700E-017 ) ) ;
#7027 = ORIENTED_EDGE ( 'NONE', *, *, #5971, .T. ) ;
#7028 = VECTOR ( 'NONE', #791, 1000.000000000000100 ) ;
#7029 = CARTESIAN_POINT ( 'NONE',  ( 0.6500000000000001300, 1.159999999999999900, 0.1250000000000001100 ) ) ;
#7030 = EDGE_CURVE ( 'NONE', #5597, #513, #672, .T. ) ;
#7031 = EDGE_CURVE ( 'NONE', #1314, #4416, #6395, .T. ) ;
#7032 = PLANE ( 'NONE',  #993 ) ;
#7033 = CARTESIAN_POINT ( 'NONE',  ( 0.2645751311064596400, 1.087660585711987900, -1.850000000000000500 ) ) ;
#7034 = ORIENTED_EDGE ( 'NONE', *, *, #1145, .F. ) ;
#7036 = ORIENTED_EDGE ( 'NONE', *, *, #6435, .T. ) ;
#7035 = CYLINDRICAL_SURFACE ( 'NONE', #685, 0.4050150000000000700 ) ;
#7037 = CARTESIAN_POINT ( 'NONE',  ( -0.1000000000000001700, 0.4177940489784295300, -0.8556192948373716500 ) ) ;
#7038 = VERTEX_POINT ( 'NONE', #2797 ) ;
#7039 = CARTESIAN_POINT ( 'NONE',  ( 0.8138620337916562300, 0.4600000000000002400, 0.3544134104549014300 ) ) ;
#7040 = DIRECTION ( 'NONE',  ( 2.775557561562890600E-015, 0.0000000000000000000, -1.000000000000000000 ) ) ;
#7041 = ORIENTED_EDGE ( 'NONE', *, *, #772, .T. ) ;
#7042 = DIRECTION ( 'NONE',  ( 0.0000000000000000000, 1.000000000000000000, 0.0000000000000000000 ) ) ;
#7043 = LINE ( 'NONE', #1968, #4100 ) ;
#7044 = VECTOR ( 'NONE', #3484, 1000.000000000000000 ) ;
#7045 = CARTESIAN_POINT ( 'NONE',  ( -0.2500000000000000000, -1.355252715606880500E-017, 0.8400000000000001900 ) ) ;
#7046 = ORIENTED_EDGE ( 'NONE', *, *, #5898, .T. ) ;
#7047 = CARTESIAN_POINT ( 'NONE',  ( -0.3549999999999983700, 0.4251110699893032600, -2.209999999999998200 ) ) ;
#7049 = ORIENTED_EDGE ( 'NONE', *, *, #5409, .T. ) ;
#7048 = ORIENTED_EDGE ( 'NONE', *, *, #5765, .F. ) ;
#7050 = ORIENTED_EDGE ( 'NONE', *, *, #3498, .F. ) ;
#7051 = CARTESIAN_POINT ( 'NONE',  ( 0.2999999999999999300, 1.159999999999999900, -2.100000000000000100 ) ) ;
#7052 = VECTOR ( 'NONE', #2278, 1000.000000000000000 ) ;
#7053 = CARTESIAN_POINT ( 'NONE',  ( 0.1100000000000000000, 0.09999999999999999200, 1.000000000000000000 ) ) ;
#7054 = VERTEX_POINT ( 'NONE', #6663 ) ;
#7055 = CARTESIAN_POINT ( 'NONE',  ( 0.6300000000000001200, 1.089583694396574200, -0.9500000000000002900 ) ) ;
#7056 = ADVANCED_FACE ( 'NONE', ( #4760 ), #3342, .T. ) ;
#7057 = VERTEX_POINT ( 'NONE', #1129 ) ;
#7058 = ORIENTED_EDGE ( 'NONE', *, *, #7094, .T. ) ;
#7059 = LINE ( 'NONE', #1141, #1000 ) ;
#7060 = DIRECTION ( 'NONE',  ( -1.000000000000000000, 0.0000000000000000000, 5.551115123125782700E-017 ) ) ;
#7061 = CARTESIAN_POINT ( 'NONE',  ( 0.1100000000000000000, -1.355252715606880500E-017, 1.000000000000000000 ) ) ;
#7062 = AXIS2_PLACEMENT_3D ( 'NONE', #323, #4201, #879 ) ;
#7063 = PLANE ( 'NONE',  #3169 ) ;
#7064 = DIRECTION ( 'NONE',  ( 5.551115123125782700E-017, -5.551115123125782700E-017, -1.000000000000000000 ) ) ;
#7065 = VERTEX_POINT ( 'NONE', #6677 ) ;
#7066 = FACE_OUTER_BOUND ( 'NONE', #6037, .T. ) ;
#7067 = CARTESIAN_POINT ( 'NONE',  ( -2.168404344971008900E-016, 1.159999999999999700, -0.9500000000000002900 ) ) ;
#7068 = EDGE_CURVE ( 'NONE', #4941, #1324, #505, .T. ) ;
#7069 = VECTOR ( 'NONE', #6051, 1000.000000000000200 ) ;
#7070 = ORIENTED_EDGE ( 'NONE', *, *, #3700, .T. ) ;
#7071 = ORIENTED_EDGE ( 'NONE', *, *, #4656, .T. ) ;
#7072 = VECTOR ( 'NONE', #5978, 1000.000000000000000 ) ;
#7073 = VECTOR ( 'NONE', #2765, 1000.000000000000100 ) ;
#7074 = ORIENTED_EDGE ( 'NONE', *, *, #2045, .T. ) ;
#7075 = DIRECTION ( 'NONE',  ( 0.0000000000000000000, -6.091023440929802800E-017, 1.000000000000000000 ) ) ;
#7076 = CARTESIAN_POINT ( 'NONE',  ( -0.2000000000000001500, 0.1199999999999999800, -1.000000000000000000 ) ) ;
#7077 = PLANE ( 'NONE',  #6616 ) ;
#7078 = ORIENTED_EDGE ( 'NONE', *, *, #1578, .T. ) ;
#7079 = CIRCLE ( 'NONE', #158, 0.3250000000000000100 ) ;
#7080 = DIRECTION ( 'NONE',  ( 5.551115123125782700E-017, 5.551115123125782700E-017, 1.000000000000000000 ) ) ;
#7081 = EDGE_CURVE ( 'NONE', #6930, #2109, #339, .T. ) ;
#7082 = DIRECTION ( 'NONE',  ( 0.0000000000000000000, 1.000000000000000000, 0.0000000000000000000 ) ) ;
#7083 = COORDINATED_UNIVERSAL_TIME_OFFSET ( 9, 0, .AHEAD. ) ;
#7084 = EDGE_CURVE ( 'NONE', #2431, #631, #6049, .T. ) ;
#7085 = VERTEX_POINT ( 'NONE', #603 ) ;
#7086 = LINE ( 'NONE', #1368, #2849 ) ;
#7087 = CARTESIAN_POINT ( 'NONE',  ( 0.5799999999999999600, 0.1999999999999998200, -0.8400000000000001900 ) ) ;
#7088 = DIRECTION ( 'NONE',  ( 0.0000000000000000000, 1.000000000000000000, 0.0000000000000000000 ) ) ;
#7089 = LINE ( 'NONE', #3784, #4155 ) ;
#7090 = ADVANCED_FACE ( 'NONE', ( #1802 ), #6704, .T. ) ;
#7091 = ORIENTED_EDGE ( 'NONE', *, *, #3112, .F. ) ;
#7092 = DIRECTION ( 'NONE',  ( 0.8660254037844397100, -0.4999999999999978900, -2.414735078559715100E-015 ) ) ;
#7093 = CARTESIAN_POINT ( 'NONE',  ( 0.1216025403784446600, 0.4289230484541330900, -2.550000000000000700 ) ) ;
#7094 = EDGE_CURVE ( 'NONE', #2104, #4006, #3770, .T. ) ;
#7095 = EDGE_LOOP ( 'NONE', ( #404, #4406, #5857 ) ) ;
#7096 = VERTEX_POINT ( 'NONE', #625 ) ;
#7097 = CARTESIAN_POINT ( 'NONE',  ( -0.3415670387331891100, 0.4173555461858952100, -2.550000000000000300 ) ) ;
#7098 = CARTESIAN_POINT ( 'NONE',  ( 0.1816025403784423400, 0.3250000000000000100, -2.100000000000000100 ) ) ;
#7099 = DIRECTION ( 'NONE',  ( -5.551115123125782700E-017, 5.551115123125782700E-017, 1.000000000000000000 ) ) ;
#7100 = ORIENTED_EDGE ( 'NONE', *, *, #6273, .T. ) ;
#7101 = VERTEX_POINT ( 'NONE', #3406 ) ;
#7102 = AXIS2_PLACEMENT_3D ( 'NONE', #2031, #909, #5900 ) ;
#7103 = ORIENTED_EDGE ( 'NONE', *, *, #4419, .F. ) ;
#7104 = CARTESIAN_POINT ( 'NONE',  ( -0.09999999999999988100, 0.3793690869829431400, -0.8534303659701110200 ) ) ;
#7105 = DIRECTION ( 'NONE',  ( -6.162975822039154700E-033, -1.000000000000000000, 5.551115123125782700E-017 ) ) ;
#7106 = ORIENTED_EDGE ( 'NONE', *, *, #1259, .F. ) ;
#7107 = VECTOR ( 'NONE', #4505, 1000.000000000000000 ) ;
#7108 = AXIS2_PLACEMENT_3D ( 'NONE', #5928, #2623, #6475 ) ;
#7109 = CARTESIAN_POINT ( 'NONE',  ( 0.6400000000000002400, 0.8099999999999999400, -1.950000000000000400 ) ) ;
#7110 = DIRECTION ( 'NONE',  ( 0.0000000000000000000, -1.000000000000000000, -5.551115123125782700E-017 ) ) ;
#7111 = VERTEX_POINT ( 'NONE', #5062 ) ;
#7112 = ORIENTED_EDGE ( 'NONE', *, *, #5544, .F. ) ;
#7113 = LINE ( 'NONE', #6957, #1232 ) ;
#7114 = CARTESIAN_POINT ( 'NONE',  ( -0.1000000000000001000, 0.2600000000000019000, -0.8642337646724901300 ) ) ;
#7115 = EDGE_CURVE ( 'NONE', #3302, #6128, #4568, .T. ) ;
#7116 = EDGE_LOOP ( 'NONE', ( #2369, #944, #6218, #5366, #523, #5190 ) ) ;
#7117 = ADVANCED_FACE ( 'NONE', ( #1641 ), #651, .F. ) ;
#7118 = VECTOR ( 'NONE', #512, 1000.000000000000000 ) ;
#7119 = EDGE_CURVE ( 'NONE', #3379, #2919, #2934, .T. ) ;
#7120 = VECTOR ( 'NONE', #3696, 1000.000000000000000 ) ;
#7121 = ORIENTED_EDGE ( 'NONE', *, *, #5785, .T. ) ;
#7122 = CARTESIAN_POINT ( 'NONE',  ( 0.4949999999999997700, 1.039999999999999800, -1.950000000000000400 ) ) ;
#7123 = AXIS2_PLACEMENT_3D ( 'NONE', #1143, #5012, #1704 ) ;
#7124 = ORIENTED_EDGE ( 'NONE', *, *, #3359, .F. ) ;
#7125 = EDGE_LOOP ( 'NONE', ( #454, #7158, #933, #5571 ) ) ;
#7126 = ORIENTED_EDGE ( 'NONE', *, *, #7163, .T. ) ;
#7127 = CIRCLE ( 'NONE', #988, 0.07999999999999998800 ) ;
#7128 = CARTESIAN_POINT ( 'NONE',  ( 0.8107290450971185200, 0.2902085691084645400, 0.3526045785887417200 ) ) ;
#7129 = EDGE_LOOP ( 'NONE', ( #1331, #107, #127, #6408 ) ) ;
#7130 = EDGE_CURVE ( 'NONE', #3396, #1695, #152, .T. ) ;
#7131 = VERTEX_POINT ( 'NONE', #2886 ) ;
#7132 = ORIENTED_EDGE ( 'NONE', *, *, #1533, .T. ) ;
#7133 = LINE ( 'NONE', #1316, #2897 ) ;
#7134 = DIRECTION ( 'NONE',  ( 1.000000000000000000, 0.0000000000000000000, 0.0000000000000000000 ) ) ;
#7135 = ORIENTED_EDGE ( 'NONE', *, *, #3290, .T. ) ;
#7136 = DIRECTION ( 'NONE',  ( -0.4999999999999970000, 0.8660254037844403700, 4.163336342344337000E-017 ) ) ;
#7137 = DIRECTION ( 'NONE',  ( 6.106226635438361000E-016, -1.000000000000000000, 0.0000000000000000000 ) ) ;
#7138 = VERTEX_POINT ( 'NONE', #1243 ) ;
#7139 = DIRECTION ( 'NONE',  ( 0.0000000000000000000, 1.000000000000000000, 5.551115123125782700E-017 ) ) ;
#7140 = CARTESIAN_POINT ( 'NONE',  ( -0.5649999999999983900, 0.8599999999999997600, -2.360000000000000300 ) ) ;
#7141 = LINE ( 'NONE', #7047, #2578 ) ;
#7142 = CARTESIAN_POINT ( 'NONE',  ( 1.498801083243961400E-016, 0.6350000000000001200, -2.700000000000000200 ) ) ;
#7143 = CARTESIAN_POINT ( 'NONE',  ( -0.8800000000000002300, 1.159999999999999900, -0.5500000000000006000 ) ) ;
#7144 = EDGE_CURVE ( 'NONE', #2319, #5603, #5694, .T. ) ;
#7145 = CIRCLE ( 'NONE', #5268, 0.02999999999999997100 ) ;
#7146 = CARTESIAN_POINT ( 'NONE',  ( 0.7000000000000034000, -1.355252715606880500E-017, -0.9999999999999976700 ) ) ;
#7147 = VERTEX_POINT ( 'NONE', #5104 ) ;
#7148 = LINE ( 'NONE', #6184, #4226 ) ;
#7149 = LINE ( 'NONE', #5187, #1277 ) ;
#7150 = EDGE_LOOP ( 'NONE', ( #800, #5057, #2047, #4171 ) ) ;
#7151 = EDGE_CURVE ( 'NONE', #1987, #6873, #2767, .T. ) ;
#7152 = DIRECTION ( 'NONE',  ( 1.000000000000000000, -0.0000000000000000000, -0.0000000000000000000 ) ) ;
#7153 = AXIS2_PLACEMENT_3D ( 'NONE', #4654, #5334, #348 ) ;
#7154 = AXIS2_PLACEMENT_3D ( 'NONE', #1737, #5606, #2299 ) ;
#7155 = CIRCLE ( 'NONE', #7021, 0.8700000000000000000 ) ;
#7156 = VERTEX_POINT ( 'NONE', #5661 ) ;
#7157 = ADVANCED_FACE ( 'NONE', ( #4402 ), #4574, .T. ) ;
#7158 = ORIENTED_EDGE ( 'NONE', *, *, #2782, .T. ) ;
#7159 = VECTOR ( 'NONE', #4735, 1000.000000000000000 ) ;
#7160 = LINE ( 'NONE', #898, #2407 ) ;
#7161 = CARTESIAN_POINT ( 'NONE',  ( -0.6839771384554395000, 0.3971892336095296800, 0.5103644388447202700 ) ) ;
#7162 = CARTESIAN_POINT ( 'NONE',  ( -0.6300000000000002300, 0.8599999999999998800, -0.9500000000000002900 ) ) ;
#7163 = EDGE_CURVE ( 'NONE', #4308, #682, #4240, .T. ) ;
#7164 = ORIENTED_EDGE ( 'NONE', *, *, #2286, .T. ) ;
#7165 = LINE ( 'NONE', #2931, #1289 ) ;
#7166 = PLANE ( 'NONE',  #6434 ) ;
#7167 = DIRECTION ( 'NONE',  ( 0.8660254037844404800, 0.0000000000000000000, 0.4999999999999968400 ) ) ;
#7168 = CARTESIAN_POINT ( 'NONE',  ( 1.925929944387235900E-031, 1.039999999999999600, 0.0000000000000000000 ) ) ;
#7169 = CARTESIAN_POINT ( 'NONE',  ( 0.0000000000000000000, 0.0000000000000000000, 0.0000000000000000000 ) ) ;
#7170 = VECTOR ( 'NONE', #3430, 1000.000000000000000 ) ;
#7171 = ORIENTED_EDGE ( 'NONE', *, *, #1664, .T. ) ;
#7172 = VECTOR ( 'NONE', #679, 1000.000000000000000 ) ;
#7173 = ORIENTED_EDGE ( 'NONE', *, *, #5798, .F. ) ;
#7174 = CARTESIAN_POINT ( 'NONE',  ( 0.4949999999999996600, 1.039999999999999800, -0.9500000000000002900 ) ) ;
#7175 = EDGE_CURVE ( 'NONE', #6701, #2724, #7001, .T. ) ;
#7176 = EDGE_LOOP ( 'NONE', ( #4487, #4702, #3704, #6298 ) ) ;
#7177 = VECTOR ( 'NONE', #601, 1000.000000000000000 ) ;
#7178 = DIRECTION ( 'NONE',  ( -2.720046410331633500E-015, 0.0000000000000000000, -1.000000000000000000 ) ) ;
#7179 = ORIENTED_EDGE ( 'NONE', *, *, #6774, .F. ) ;
#7180 = ORIENTED_EDGE ( 'NONE', *, *, #834, .F. ) ;
#7181 = VERTEX_POINT ( 'NONE', #2379 ) ;
#7182 = EDGE_CURVE ( 'NONE', #5783, #7054, #2604, .T. ) ;
#7183 = EDGE_LOOP ( 'NONE', ( #3279, #1085, #1721, #3906 ) ) ;
#7184 = PLANE ( 'NONE',  #6550 ) ;
ENDSEC;
END-ISO-10303-21;
