ISO-10303-21;
HEADER;
FILE_DESCRIPTION(('FreeCAD Model'),'2;1');
FILE_NAME('Open CASCADE Shape Model','2026-09-07T11:37:41',('Author'),(
    ''),'Open CASCADE STEP processor 7.8','FreeCAD','Unknown');
FILE_SCHEMA(('AUTOMOTIVE_DESIGN { 1 0 10303 214 1 1 1 1 }'));
ENDSEC;
DATA;
#1 = APPLICATION_PROTOCOL_DEFINITION('international standard',
  'automotive_design',2000,#2);
#2 = APPLICATION_CONTEXT(
  'core data for automotive mechanical design processes');
#3 = SHAPE_DEFINITION_REPRESENTATION(#4,#10);
#4 = PRODUCT_DEFINITION_SHAPE('','',#5);
#5 = PRODUCT_DEFINITION('design','',#6,#9);
#6 = PRODUCT_DEFINITION_FORMATION('','',#7);
#7 = PRODUCT('Unnamed','Unnamed','',(#8));
#8 = PRODUCT_CONTEXT('',#2,'mechanical');
#9 = PRODUCT_DEFINITION_CONTEXT('part definition',#2,'design');
#10 = SHAPE_REPRESENTATION('',(#11,#15,#19,#23,#27,#31,#35,#39,#43,#47,
    #51,#55,#59,#63,#67,#71),#75);
#11 = AXIS2_PLACEMENT_3D('',#12,#13,#14);
#12 = CARTESIAN_POINT('',(0.,0.,0.));
#13 = DIRECTION('',(0.,0.,1.));
#14 = DIRECTION('',(1.,0.,-0.));
#15 = AXIS2_PLACEMENT_3D('',#16,#17,#18);
#16 = CARTESIAN_POINT('',(0.,0.,0.));
#17 = DIRECTION('',(0.,0.,1.));
#18 = DIRECTION('',(1.,0.,0.));
#19 = AXIS2_PLACEMENT_3D('',#20,#21,#22);
#20 = CARTESIAN_POINT('',(0.,0.,0.));
#21 = DIRECTION('',(0.,0.,1.));
#22 = DIRECTION('',(1.,0.,0.));
#23 = AXIS2_PLACEMENT_3D('',#24,#25,#26);
#24 = CARTESIAN_POINT('',(0.,0.,0.));
#25 = DIRECTION('',(0.,0.,1.));
#26 = DIRECTION('',(1.,0.,0.));
#27 = AXIS2_PLACEMENT_3D('',#28,#29,#30);
#28 = CARTESIAN_POINT('',(0.,0.,0.));
#29 = DIRECTION('',(0.,0.,1.));
#30 = DIRECTION('',(1.,0.,0.));
#31 = AXIS2_PLACEMENT_3D('',#32,#33,#34);
#32 = CARTESIAN_POINT('',(0.,0.,0.));
#33 = DIRECTION('',(0.,0.,1.));
#34 = DIRECTION('',(1.,0.,0.));
#35 = AXIS2_PLACEMENT_3D('',#36,#37,#38);
#36 = CARTESIAN_POINT('',(0.,0.,0.));
#37 = DIRECTION('',(0.,0.,1.));
#38 = DIRECTION('',(1.,0.,0.));
#39 = AXIS2_PLACEMENT_3D('',#40,#41,#42);
#40 = CARTESIAN_POINT('',(0.,0.,0.));
#41 = DIRECTION('',(0.,0.,1.));
#42 = DIRECTION('',(1.,0.,0.));
#43 = AXIS2_PLACEMENT_3D('',#44,#45,#46);
#44 = CARTESIAN_POINT('',(0.,0.,0.));
#45 = DIRECTION('',(0.,0.,1.));
#46 = DIRECTION('',(1.,0.,0.));
#47 = AXIS2_PLACEMENT_3D('',#48,#49,#50);
#48 = CARTESIAN_POINT('',(0.,0.,0.));
#49 = DIRECTION('',(0.,0.,1.));
#50 = DIRECTION('',(1.,0.,0.));
#51 = AXIS2_PLACEMENT_3D('',#52,#53,#54);
#52 = CARTESIAN_POINT('',(0.,0.,0.));
#53 = DIRECTION('',(0.,0.,1.));
#54 = DIRECTION('',(1.,0.,0.));
#55 = AXIS2_PLACEMENT_3D('',#56,#57,#58);
#56 = CARTESIAN_POINT('',(0.,0.,0.));
#57 = DIRECTION('',(0.,0.,1.));
#58 = DIRECTION('',(1.,0.,0.));
#59 = AXIS2_PLACEMENT_3D('',#60,#61,#62);
#60 = CARTESIAN_POINT('',(0.,0.,0.));
#61 = DIRECTION('',(0.,0.,1.));
#62 = DIRECTION('',(1.,0.,0.));
#63 = AXIS2_PLACEMENT_3D('',#64,#65,#66);
#64 = CARTESIAN_POINT('',(0.,0.,0.));
#65 = DIRECTION('',(0.,0.,1.));
#66 = DIRECTION('',(1.,0.,0.));
#67 = AXIS2_PLACEMENT_3D('',#68,#69,#70);
#68 = CARTESIAN_POINT('',(0.,0.,0.));
#69 = DIRECTION('',(0.,0.,1.));
#70 = DIRECTION('',(1.,0.,0.));
#71 = AXIS2_PLACEMENT_3D('',#72,#73,#74);
#72 = CARTESIAN_POINT('',(0.,0.,0.));
#73 = DIRECTION('',(0.,0.,1.));
#74 = DIRECTION('',(1.,0.,0.));
#75 = ( GEOMETRIC_REPRESENTATION_CONTEXT(3) 
GLOBAL_UNCERTAINTY_ASSIGNED_CONTEXT((#79)) GLOBAL_UNIT_ASSIGNED_CONTEXT(
(#76,#77,#78)) REPRESENTATION_CONTEXT('Context #1',
  '3D Context with UNIT and UNCERTAINTY') );
#76 = ( LENGTH_UNIT() NAMED_UNIT(*) SI_UNIT(.MILLI.,.METRE.) );
#77 = ( NAMED_UNIT(*) PLANE_ANGLE_UNIT() SI_UNIT($,.RADIAN.) );
#78 = ( NAMED_UNIT(*) SI_UNIT($,.STERADIAN.) SOLID_ANGLE_UNIT() );
#79 = UNCERTAINTY_MEASURE_WITH_UNIT(LENGTH_MEASURE(1.E-07),#76,
  'distance_accuracy_value','confusion accuracy');
#80 = PRODUCT_RELATED_PRODUCT_CATEGORY('part',$,(#7));
#81 = SHAPE_DEFINITION_REPRESENTATION(#82,#88);
#82 = PRODUCT_DEFINITION_SHAPE('','',#83);
#83 = PRODUCT_DEFINITION('design','',#84,#87);
#84 = PRODUCT_DEFINITION_FORMATION('','',#85);
#85 = PRODUCT('Shell','Shell','',(#86));
#86 = PRODUCT_CONTEXT('',#2,'mechanical');
#87 = PRODUCT_DEFINITION_CONTEXT('part definition',#2,'design');
#88 = MANIFOLD_SURFACE_SHAPE_REPRESENTATION('',(#11,#89),#6443);
#89 = SHELL_BASED_SURFACE_MODEL('',(#90));
#90 = CLOSED_SHELL('',(#91,#133,#165,#247,#287,#320,#360,#391,#424,#455,
    #488,#519,#552,#583,#614,#645,#676,#709,#740,#773,#804,#837,#859,
    #892,#925,#971,#1013,#1045,#1127,#1309,#1491,#1602,#1633,#1735,#1846
    ,#1877,#1979,#2090,#2121,#2223,#2325,#2356,#2449,#2560,#2591,#2693,
    #2804,#2835,#2937,#3048,#3079,#3181,#3292,#3323,#3425,#3447,#3469,
    #3491,#3513,#3535,#3557,#3579,#3601,#3657,#3679,#3701,#3723,#3745,
    #3767,#3789,#4107,#4174,#4241,#4308,#4375,#4397,#4419,#4441,#4463,
    #4521,#4579,#4596,#4613,#4630,#4647,#4659,#4671,#4688,#4700,#4712,
    #4724,#4736,#4748,#4760,#4772,#4784,#4801,#4813,#4830,#4842,#4859,
    #4871,#4883,#4895,#4907,#4919,#4931,#4943,#4955,#4967,#4979,#4991,
    #5003,#5015,#5027,#5039,#5051,#5063,#5075,#5087,#5099,#5116,#5133,
    #5177,#5208,#5239,#5256,#5273,#5285,#5316,#5347,#5364,#5381,#5393,
    #5411,#5427,#5445,#5461,#5473,#5485,#5509,#5533,#5550,#5562,#5586,
    #5610,#5627,#5639,#5663,#5687,#5704,#5716,#5740,#5764,#5781,#5793,
    #5824,#5855,#5886,#5919,#5950,#5983,#6014,#6047,#6078,#6109,#6140,
    #6171,#6204,#6235,#6268,#6299,#6332,#6363,#6387,#6415));
#91 = ADVANCED_FACE('',(#92),#128,.T.);
#92 = FACE_BOUND('',#93,.T.);
#93 = EDGE_LOOP('',(#94,#105,#113,#122));
#94 = ORIENTED_EDGE('',*,*,#95,.F.);
#95 = EDGE_CURVE('',#96,#98,#100,.T.);
#96 = VERTEX_POINT('',#97);
#97 = CARTESIAN_POINT('',(1.95,-1.25,-0.599999999999));
#98 = VERTEX_POINT('',#99);
#99 = CARTESIAN_POINT('',(2.25,-1.25,-0.599999999999));
#100 = CIRCLE('',#101,0.149999999999);
#101 = AXIS2_PLACEMENT_3D('',#102,#103,#104);
#102 = CARTESIAN_POINT('',(2.1,-1.25,-0.599999999999));
#103 = DIRECTION('',(0.,0.,-1.));
#104 = DIRECTION('',(-1.,0.,0.));
#105 = ORIENTED_EDGE('',*,*,#106,.T.);
#106 = EDGE_CURVE('',#96,#107,#109,.T.);
#107 = VERTEX_POINT('',#108);
#108 = CARTESIAN_POINT('',(1.85,-1.25,-0.499999999999));
#109 = LINE('',#110,#111);
#110 = CARTESIAN_POINT('',(1.95,-1.25,-0.599999999999));
#111 = VECTOR('',#112,1.);
#112 = DIRECTION('',(-0.707106781187,8.659560562361E-17,0.707106781187)
  );
#113 = ORIENTED_EDGE('',*,*,#114,.F.);
#114 = EDGE_CURVE('',#115,#107,#117,.T.);
#115 = VERTEX_POINT('',#116);
#116 = CARTESIAN_POINT('',(2.35,-1.25,-0.499999999999));
#117 = CIRCLE('',#118,0.25);
#118 = AXIS2_PLACEMENT_3D('',#119,#120,#121);
#119 = CARTESIAN_POINT('',(2.1,-1.25,-0.499999999999));
#120 = DIRECTION('',(0.,0.,1.));
#121 = DIRECTION('',(-1.,0.,0.));
#122 = ORIENTED_EDGE('',*,*,#123,.F.);
#123 = EDGE_CURVE('',#98,#115,#124,.T.);
#124 = LINE('',#125,#126);
#125 = CARTESIAN_POINT('',(2.25,-1.25,-0.599999999999));
#126 = VECTOR('',#127,1.);
#127 = DIRECTION('',(0.707106781187,0.,0.707106781187));
#128 = CONICAL_SURFACE('',#129,0.149999999999,0.785398163397);
#129 = AXIS2_PLACEMENT_3D('',#130,#131,#132);
#130 = CARTESIAN_POINT('',(2.1,-1.25,-0.599999999999));
#131 = DIRECTION('',(0.,0.,1.));
#132 = DIRECTION('',(1.,0.,0.));
#133 = ADVANCED_FACE('',(#134),#160,.T.);
#134 = FACE_BOUND('',#135,.T.);
#135 = EDGE_LOOP('',(#136,#137,#145,#154));
#136 = ORIENTED_EDGE('',*,*,#114,.T.);
#137 = ORIENTED_EDGE('',*,*,#138,.T.);
#138 = EDGE_CURVE('',#107,#139,#141,.T.);
#139 = VERTEX_POINT('',#140);
#140 = CARTESIAN_POINT('',(1.85,-1.25,0.));
#141 = LINE('',#142,#143);
#142 = CARTESIAN_POINT('',(1.85,-1.25,-0.599999999999));
#143 = VECTOR('',#144,1.);
#144 = DIRECTION('',(0.,0.,1.));
#145 = ORIENTED_EDGE('',*,*,#146,.T.);
#146 = EDGE_CURVE('',#139,#147,#149,.T.);
#147 = VERTEX_POINT('',#148);
#148 = CARTESIAN_POINT('',(2.35,-1.25,0.));
#149 = CIRCLE('',#150,0.25);
#150 = AXIS2_PLACEMENT_3D('',#151,#152,#153);
#151 = CARTESIAN_POINT('',(2.1,-1.25,0.));
#152 = DIRECTION('',(0.,0.,-1.));
#153 = DIRECTION('',(1.,0.,0.));
#154 = ORIENTED_EDGE('',*,*,#155,.F.);
#155 = EDGE_CURVE('',#115,#147,#156,.T.);
#156 = LINE('',#157,#158);
#157 = CARTESIAN_POINT('',(2.35,-1.25,-0.599999999999));
#158 = VECTOR('',#159,1.);
#159 = DIRECTION('',(0.,0.,1.));
#160 = CYLINDRICAL_SURFACE('',#161,0.25);
#161 = AXIS2_PLACEMENT_3D('',#162,#163,#164);
#162 = CARTESIAN_POINT('',(2.1,-1.25,-0.599999999999));
#163 = DIRECTION('',(0.,0.,1.));
#164 = DIRECTION('',(1.,0.,0.));
#165 = ADVANCED_FACE('',(#166,#176),#242,.F.);
#166 = FACE_BOUND('',#167,.T.);
#167 = EDGE_LOOP('',(#168,#175));
#168 = ORIENTED_EDGE('',*,*,#169,.F.);
#169 = EDGE_CURVE('',#147,#139,#170,.T.);
#170 = CIRCLE('',#171,0.25);
#171 = AXIS2_PLACEMENT_3D('',#172,#173,#174);
#172 = CARTESIAN_POINT('',(2.1,-1.25,0.));
#173 = DIRECTION('',(0.,0.,-1.));
#174 = DIRECTION('',(1.,0.,0.));
#175 = ORIENTED_EDGE('',*,*,#146,.F.);
#176 = FACE_BOUND('',#177,.T.);
#177 = EDGE_LOOP('',(#178,#188,#196,#204,#212,#220,#228,#236));
#178 = ORIENTED_EDGE('',*,*,#179,.F.);
#179 = EDGE_CURVE('',#180,#182,#184,.T.);
#180 = VERTEX_POINT('',#181);
#181 = CARTESIAN_POINT('',(2.349999999999,-0.5,0.));
#182 = VERTEX_POINT('',#183);
#183 = CARTESIAN_POINT('',(2.349999999999,0.5,0.));
#184 = LINE('',#185,#186);
#185 = CARTESIAN_POINT('',(2.349999999999,0.5,0.));
#186 = VECTOR('',#187,1.);
#187 = DIRECTION('',(0.,1.,0.));
#188 = ORIENTED_EDGE('',*,*,#189,.F.);
#189 = EDGE_CURVE('',#190,#180,#192,.T.);
#190 = VERTEX_POINT('',#191);
#191 = CARTESIAN_POINT('',(2.549999999999,-0.5,0.));
#192 = LINE('',#193,#194);
#193 = CARTESIAN_POINT('',(2.75,-0.5,0.));
#194 = VECTOR('',#195,1.);
#195 = DIRECTION('',(-1.,0.,0.));
#196 = ORIENTED_EDGE('',*,*,#197,.F.);
#197 = EDGE_CURVE('',#198,#190,#200,.T.);
#198 = VERTEX_POINT('',#199);
#199 = CARTESIAN_POINT('',(2.549999999999,-1.999999999999,0.));
#200 = LINE('',#201,#202);
#201 = CARTESIAN_POINT('',(2.549999999999,2.,0.));
#202 = VECTOR('',#203,1.);
#203 = DIRECTION('',(0.,1.,0.));
#204 = ORIENTED_EDGE('',*,*,#205,.F.);
#205 = EDGE_CURVE('',#206,#198,#208,.T.);
#206 = VERTEX_POINT('',#207);
#207 = CARTESIAN_POINT('',(1.55,-1.999999999999,0.));
#208 = LINE('',#209,#210);
#209 = CARTESIAN_POINT('',(-2.549999999999,-1.999999999999,0.));
#210 = VECTOR('',#211,1.);
#211 = DIRECTION('',(1.,0.,0.));
#212 = ORIENTED_EDGE('',*,*,#213,.F.);
#213 = EDGE_CURVE('',#214,#206,#216,.T.);
#214 = VERTEX_POINT('',#215);
#215 = CARTESIAN_POINT('',(1.55,2.,0.));
#216 = LINE('',#217,#218);
#217 = CARTESIAN_POINT('',(1.55,2.,0.));
#218 = VECTOR('',#219,1.);
#219 = DIRECTION('',(0.,-1.,0.));
#220 = ORIENTED_EDGE('',*,*,#221,.F.);
#221 = EDGE_CURVE('',#222,#214,#224,.T.);
#222 = VERTEX_POINT('',#223);
#223 = CARTESIAN_POINT('',(2.549999999999,2.,0.));
#224 = LINE('',#225,#226);
#225 = CARTESIAN_POINT('',(-2.55,2.,0.));
#226 = VECTOR('',#227,1.);
#227 = DIRECTION('',(-1.,0.,0.));
#228 = ORIENTED_EDGE('',*,*,#229,.F.);
#229 = EDGE_CURVE('',#230,#222,#232,.T.);
#230 = VERTEX_POINT('',#231);
#231 = CARTESIAN_POINT('',(2.549999999999,0.5,0.));
#232 = LINE('',#233,#234);
#233 = CARTESIAN_POINT('',(2.549999999999,2.,0.));
#234 = VECTOR('',#235,1.);
#235 = DIRECTION('',(0.,1.,0.));
#236 = ORIENTED_EDGE('',*,*,#237,.F.);
#237 = EDGE_CURVE('',#182,#230,#238,.T.);
#238 = LINE('',#239,#240);
#239 = CARTESIAN_POINT('',(2.75,0.5,0.));
#240 = VECTOR('',#241,1.);
#241 = DIRECTION('',(1.,0.,0.));
#242 = PLANE('',#243);
#243 = AXIS2_PLACEMENT_3D('',#244,#245,#246);
#244 = CARTESIAN_POINT('',(0.,0.,0.));
#245 = DIRECTION('',(0.,0.,1.));
#246 = DIRECTION('',(1.,0.,0.));
#247 = ADVANCED_FACE('',(#248),#282,.F.);
#248 = FACE_BOUND('',#249,.T.);
#249 = EDGE_LOOP('',(#250,#260,#268,#276));
#250 = ORIENTED_EDGE('',*,*,#251,.T.);
#251 = EDGE_CURVE('',#252,#254,#256,.T.);
#252 = VERTEX_POINT('',#253);
#253 = CARTESIAN_POINT('',(-0.525,-1.125442325903,2.005847854242));
#254 = VERTEX_POINT('',#255);
#255 = CARTESIAN_POINT('',(-0.525,-1.08,2.26356409098));
#256 = LINE('',#257,#258);
#257 = CARTESIAN_POINT('',(-0.525,-1.125442325903,2.005847854242));
#258 = VECTOR('',#259,1.);
#259 = DIRECTION('',(0.,0.173648177666,0.984807753012));
#260 = ORIENTED_EDGE('',*,*,#261,.T.);
#261 = EDGE_CURVE('',#254,#262,#264,.T.);
#262 = VERTEX_POINT('',#263);
#263 = CARTESIAN_POINT('',(-0.274999999999,-1.08,2.26356409098));
#264 = LINE('',#265,#266);
#265 = CARTESIAN_POINT('',(-0.525,-1.08,2.26356409098));
#266 = VECTOR('',#267,1.);
#267 = DIRECTION('',(1.,0.,0.));
#268 = ORIENTED_EDGE('',*,*,#269,.F.);
#269 = EDGE_CURVE('',#270,#262,#272,.T.);
#270 = VERTEX_POINT('',#271);
#271 = CARTESIAN_POINT('',(-0.274999999999,-1.125442325903,
    2.005847854242));
#272 = LINE('',#273,#274);
#273 = CARTESIAN_POINT('',(-0.274999999999,-1.125442325903,
    2.005847854242));
#274 = VECTOR('',#275,1.);
#275 = DIRECTION('',(0.,0.173648177666,0.984807753012));
#276 = ORIENTED_EDGE('',*,*,#277,.F.);
#277 = EDGE_CURVE('',#252,#270,#278,.T.);
#278 = LINE('',#279,#280);
#279 = CARTESIAN_POINT('',(-0.525,-1.125442325903,2.005847854242));
#280 = VECTOR('',#281,1.);
#281 = DIRECTION('',(1.,0.,0.));
#282 = PLANE('',#283);
#283 = AXIS2_PLACEMENT_3D('',#284,#285,#286);
#284 = CARTESIAN_POINT('',(-0.525,-1.125442325903,2.005847854242));
#285 = DIRECTION('',(0.,-0.984807753012,0.173648177666));
#286 = DIRECTION('',(0.,0.173648177666,0.984807753012));
#287 = ADVANCED_FACE('',(#288),#315,.F.);
#288 = FACE_BOUND('',#289,.F.);
#289 = EDGE_LOOP('',(#290,#291,#300,#308));
#290 = ORIENTED_EDGE('',*,*,#277,.F.);
#291 = ORIENTED_EDGE('',*,*,#292,.F.);
#292 = EDGE_CURVE('',#293,#252,#295,.T.);
#293 = VERTEX_POINT('',#294);
#294 = CARTESIAN_POINT('',(-0.525,-1.129999999999,1.953753400942));
#295 = CIRCLE('',#296,0.299999999999);
#296 = AXIS2_PLACEMENT_3D('',#297,#298,#299);
#297 = CARTESIAN_POINT('',(-0.525,-0.829999999999,1.953753400942));
#298 = DIRECTION('',(-1.,0.,0.));
#299 = DIRECTION('',(0.,0.,-1.));
#300 = ORIENTED_EDGE('',*,*,#301,.T.);
#301 = EDGE_CURVE('',#293,#302,#304,.T.);
#302 = VERTEX_POINT('',#303);
#303 = CARTESIAN_POINT('',(-0.274999999999,-1.129999999999,
    1.953753400942));
#304 = LINE('',#305,#306);
#305 = CARTESIAN_POINT('',(-0.525,-1.129999999999,1.953753400942));
#306 = VECTOR('',#307,1.);
#307 = DIRECTION('',(1.,0.,0.));
#308 = ORIENTED_EDGE('',*,*,#309,.T.);
#309 = EDGE_CURVE('',#302,#270,#310,.T.);
#310 = CIRCLE('',#311,0.299999999999);
#311 = AXIS2_PLACEMENT_3D('',#312,#313,#314);
#312 = CARTESIAN_POINT('',(-0.274999999999,-0.829999999999,
    1.953753400942));
#313 = DIRECTION('',(-1.,0.,0.));
#314 = DIRECTION('',(0.,0.,-1.));
#315 = CYLINDRICAL_SURFACE('',#316,0.299999999999);
#316 = AXIS2_PLACEMENT_3D('',#317,#318,#319);
#317 = CARTESIAN_POINT('',(-0.525,-0.829999999999,1.953753400942));
#318 = DIRECTION('',(1.,0.,0.));
#319 = DIRECTION('',(0.,0.,-1.));
#320 = ADVANCED_FACE('',(#321),#355,.T.);
#321 = FACE_BOUND('',#322,.T.);
#322 = EDGE_LOOP('',(#323,#333,#341,#349));
#323 = ORIENTED_EDGE('',*,*,#324,.F.);
#324 = EDGE_CURVE('',#325,#327,#329,.T.);
#325 = VERTEX_POINT('',#326);
#326 = CARTESIAN_POINT('',(-0.525,-1.08,2.27581163453));
#327 = VERTEX_POINT('',#328);
#328 = CARTESIAN_POINT('',(-0.274999999999,-1.08,2.27581163453));
#329 = LINE('',#330,#331);
#330 = CARTESIAN_POINT('',(-0.525,-1.08,2.27581163453));
#331 = VECTOR('',#332,1.);
#332 = DIRECTION('',(1.,0.,0.));
#333 = ORIENTED_EDGE('',*,*,#334,.F.);
#334 = EDGE_CURVE('',#335,#325,#337,.T.);
#335 = VERTEX_POINT('',#336);
#336 = CARTESIAN_POINT('',(-0.525,-1.324107484952,2.31885437032));
#337 = LINE('',#338,#339);
#338 = CARTESIAN_POINT('',(-0.525,-1.324107484952,2.31885437032));
#339 = VECTOR('',#340,1.);
#340 = DIRECTION('',(0.,0.984807753012,-0.173648177666));
#341 = ORIENTED_EDGE('',*,*,#342,.T.);
#342 = EDGE_CURVE('',#335,#343,#345,.T.);
#343 = VERTEX_POINT('',#344);
#344 = CARTESIAN_POINT('',(-0.274999999999,-1.324107484952,2.31885437032
    ));
#345 = LINE('',#346,#347);
#346 = CARTESIAN_POINT('',(-0.525,-1.324107484952,2.31885437032));
#347 = VECTOR('',#348,1.);
#348 = DIRECTION('',(1.,0.,0.));
#349 = ORIENTED_EDGE('',*,*,#350,.T.);
#350 = EDGE_CURVE('',#343,#327,#351,.T.);
#351 = LINE('',#352,#353);
#352 = CARTESIAN_POINT('',(-0.274999999999,-1.324107484952,2.31885437032
    ));
#353 = VECTOR('',#354,1.);
#354 = DIRECTION('',(0.,0.984807753012,-0.173648177666));
#355 = PLANE('',#356);
#356 = AXIS2_PLACEMENT_3D('',#357,#358,#359);
#357 = CARTESIAN_POINT('',(-0.525,-1.324107484952,2.31885437032));
#358 = DIRECTION('',(0.,0.173648177666,0.984807753012));
#359 = DIRECTION('',(0.,0.984807753012,-0.173648177666));
#360 = ADVANCED_FACE('',(#361),#386,.T.);
#361 = FACE_BOUND('',#362,.T.);
#362 = EDGE_LOOP('',(#363,#371,#372,#380));
#363 = ORIENTED_EDGE('',*,*,#364,.T.);
#364 = EDGE_CURVE('',#365,#343,#367,.T.);
#365 = VERTEX_POINT('',#366);
#366 = CARTESIAN_POINT('',(-0.274999999999,-1.371644264156,
    2.049259898659));
#367 = LINE('',#368,#369);
#368 = CARTESIAN_POINT('',(-0.274999999999,-1.371644264156,
    2.049259898659));
#369 = VECTOR('',#370,1.);
#370 = DIRECTION('',(0.,0.173648177666,0.984807753012));
#371 = ORIENTED_EDGE('',*,*,#342,.F.);
#372 = ORIENTED_EDGE('',*,*,#373,.F.);
#373 = EDGE_CURVE('',#374,#335,#376,.T.);
#374 = VERTEX_POINT('',#375);
#375 = CARTESIAN_POINT('',(-0.525,-1.371644264156,2.049259898659));
#376 = LINE('',#377,#378);
#377 = CARTESIAN_POINT('',(-0.525,-1.371644264156,2.049259898659));
#378 = VECTOR('',#379,1.);
#379 = DIRECTION('',(0.,0.173648177666,0.984807753012));
#380 = ORIENTED_EDGE('',*,*,#381,.T.);
#381 = EDGE_CURVE('',#374,#365,#382,.T.);
#382 = LINE('',#383,#384);
#383 = CARTESIAN_POINT('',(-0.525,-1.371644264156,2.049259898659));
#384 = VECTOR('',#385,1.);
#385 = DIRECTION('',(1.,0.,0.));
#386 = PLANE('',#387);
#387 = AXIS2_PLACEMENT_3D('',#388,#389,#390);
#388 = CARTESIAN_POINT('',(-0.525,-1.371644264156,2.049259898659));
#389 = DIRECTION('',(0.,-0.984807753012,0.173648177666));
#390 = DIRECTION('',(0.,0.173648177666,0.984807753012));
#391 = ADVANCED_FACE('',(#392),#419,.T.);
#392 = FACE_BOUND('',#393,.T.);
#393 = EDGE_LOOP('',(#394,#403,#404,#413));
#394 = ORIENTED_EDGE('',*,*,#395,.T.);
#395 = EDGE_CURVE('',#396,#365,#398,.T.);
#396 = VERTEX_POINT('',#397);
#397 = CARTESIAN_POINT('',(-0.274999999999,-1.379999999999,
    1.953753400942));
#398 = CIRCLE('',#399,0.549999999999);
#399 = AXIS2_PLACEMENT_3D('',#400,#401,#402);
#400 = CARTESIAN_POINT('',(-0.274999999999,-0.829999999999,
    1.953753400942));
#401 = DIRECTION('',(-1.,0.,0.));
#402 = DIRECTION('',(0.,1.163053239575E-14,1.));
#403 = ORIENTED_EDGE('',*,*,#381,.F.);
#404 = ORIENTED_EDGE('',*,*,#405,.F.);
#405 = EDGE_CURVE('',#406,#374,#408,.T.);
#406 = VERTEX_POINT('',#407);
#407 = CARTESIAN_POINT('',(-0.525,-1.379999999999,1.953753400942));
#408 = CIRCLE('',#409,0.549999999999);
#409 = AXIS2_PLACEMENT_3D('',#410,#411,#412);
#410 = CARTESIAN_POINT('',(-0.525,-0.829999999999,1.953753400942));
#411 = DIRECTION('',(-1.,0.,0.));
#412 = DIRECTION('',(0.,1.163053239575E-14,1.));
#413 = ORIENTED_EDGE('',*,*,#414,.T.);
#414 = EDGE_CURVE('',#406,#396,#415,.T.);
#415 = LINE('',#416,#417);
#416 = CARTESIAN_POINT('',(-0.525,-1.379999999999,1.953753400942));
#417 = VECTOR('',#418,1.);
#418 = DIRECTION('',(1.,0.,0.));
#419 = CYLINDRICAL_SURFACE('',#420,0.549999999999);
#420 = AXIS2_PLACEMENT_3D('',#421,#422,#423);
#421 = CARTESIAN_POINT('',(-0.525,-0.829999999999,1.953753400942));
#422 = DIRECTION('',(1.,0.,0.));
#423 = DIRECTION('',(0.,0.,-1.));
#424 = ADVANCED_FACE('',(#425),#450,.T.);
#425 = FACE_BOUND('',#426,.T.);
#426 = EDGE_LOOP('',(#427,#435,#436,#444));
#427 = ORIENTED_EDGE('',*,*,#428,.T.);
#428 = EDGE_CURVE('',#429,#396,#431,.T.);
#429 = VERTEX_POINT('',#430);
#430 = CARTESIAN_POINT('',(-0.274999999999,-1.379999999999,
    1.271774600533));
#431 = LINE('',#432,#433);
#432 = CARTESIAN_POINT('',(-0.274999999999,-1.379999999999,
    1.271774600533));
#433 = VECTOR('',#434,1.);
#434 = DIRECTION('',(0.,6.359154694171E-16,1.));
#435 = ORIENTED_EDGE('',*,*,#414,.F.);
#436 = ORIENTED_EDGE('',*,*,#437,.F.);
#437 = EDGE_CURVE('',#438,#406,#440,.T.);
#438 = VERTEX_POINT('',#439);
#439 = CARTESIAN_POINT('',(-0.525,-1.379999999999,1.271774600533));
#440 = LINE('',#441,#442);
#441 = CARTESIAN_POINT('',(-0.525,-1.379999999999,1.271774600533));
#442 = VECTOR('',#443,1.);
#443 = DIRECTION('',(0.,6.359154694171E-16,1.));
#444 = ORIENTED_EDGE('',*,*,#445,.T.);
#445 = EDGE_CURVE('',#438,#429,#446,.T.);
#446 = LINE('',#447,#448);
#447 = CARTESIAN_POINT('',(-0.525,-1.379999999999,1.271774600533));
#448 = VECTOR('',#449,1.);
#449 = DIRECTION('',(1.,0.,0.));
#450 = PLANE('',#451);
#451 = AXIS2_PLACEMENT_3D('',#452,#453,#454);
#452 = CARTESIAN_POINT('',(-0.525,-1.379999999999,1.271774600533));
#453 = DIRECTION('',(0.,-1.,6.359154694171E-16));
#454 = DIRECTION('',(0.,6.359154694171E-16,1.));
#455 = ADVANCED_FACE('',(#456),#483,.F.);
#456 = FACE_BOUND('',#457,.F.);
#457 = EDGE_LOOP('',(#458,#468,#475,#476));
#458 = ORIENTED_EDGE('',*,*,#459,.F.);
#459 = EDGE_CURVE('',#460,#462,#464,.T.);
#460 = VERTEX_POINT('',#461);
#461 = CARTESIAN_POINT('',(-0.525,-1.388557566296,1.243800957783));
#462 = VERTEX_POINT('',#463);
#463 = CARTESIAN_POINT('',(-0.274999999999,-1.388557566296,
    1.243800957783));
#464 = LINE('',#465,#466);
#465 = CARTESIAN_POINT('',(-0.525,-1.388557566296,1.243800957783));
#466 = VECTOR('',#467,1.);
#467 = DIRECTION('',(1.,0.,0.));
#468 = ORIENTED_EDGE('',*,*,#469,.T.);
#469 = EDGE_CURVE('',#460,#438,#470,.T.);
#470 = CIRCLE('',#471,4.9999999999E-02);
#471 = AXIS2_PLACEMENT_3D('',#472,#473,#474);
#472 = CARTESIAN_POINT('',(-0.525,-1.429999999999,1.271774600533));
#473 = DIRECTION('',(1.,0.,-0.));
#474 = DIRECTION('',(0.,0.,1.));
#475 = ORIENTED_EDGE('',*,*,#445,.T.);
#476 = ORIENTED_EDGE('',*,*,#477,.F.);
#477 = EDGE_CURVE('',#462,#429,#478,.T.);
#478 = CIRCLE('',#479,4.9999999999E-02);
#479 = AXIS2_PLACEMENT_3D('',#480,#481,#482);
#480 = CARTESIAN_POINT('',(-0.274999999999,-1.429999999999,
    1.271774600533));
#481 = DIRECTION('',(1.,0.,-0.));
#482 = DIRECTION('',(0.,0.,1.));
#483 = CYLINDRICAL_SURFACE('',#484,4.9999999999E-02);
#484 = AXIS2_PLACEMENT_3D('',#485,#486,#487);
#485 = CARTESIAN_POINT('',(-0.525,-1.429999999999,1.271774600533));
#486 = DIRECTION('',(1.,0.,0.));
#487 = DIRECTION('',(0.,0.,-1.));
#488 = ADVANCED_FACE('',(#489),#514,.T.);
#489 = FACE_BOUND('',#490,.T.);
#490 = EDGE_LOOP('',(#491,#499,#500,#508));
#491 = ORIENTED_EDGE('',*,*,#492,.T.);
#492 = EDGE_CURVE('',#493,#462,#495,.T.);
#493 = VERTEX_POINT('',#494);
#494 = CARTESIAN_POINT('',(-0.274999999999,-1.555866770741,
    0.995935469716));
#495 = LINE('',#496,#497);
#496 = CARTESIAN_POINT('',(-0.274999999999,-1.555866770741,
    0.995935469716));
#497 = VECTOR('',#498,1.);
#498 = DIRECTION('',(0.,0.559472855001,0.828848674075));
#499 = ORIENTED_EDGE('',*,*,#459,.F.);
#500 = ORIENTED_EDGE('',*,*,#501,.F.);
#501 = EDGE_CURVE('',#502,#460,#504,.T.);
#502 = VERTEX_POINT('',#503);
#503 = CARTESIAN_POINT('',(-0.525,-1.555866770741,0.995935469716));
#504 = LINE('',#505,#506);
#505 = CARTESIAN_POINT('',(-0.525,-1.555866770741,0.995935469716));
#506 = VECTOR('',#507,1.);
#507 = DIRECTION('',(0.,0.559472855001,0.828848674075));
#508 = ORIENTED_EDGE('',*,*,#509,.T.);
#509 = EDGE_CURVE('',#502,#493,#510,.T.);
#510 = LINE('',#511,#512);
#511 = CARTESIAN_POINT('',(-0.525,-1.555866770741,0.995935469716));
#512 = VECTOR('',#513,1.);
#513 = DIRECTION('',(1.,0.,0.));
#514 = PLANE('',#515);
#515 = AXIS2_PLACEMENT_3D('',#516,#517,#518);
#516 = CARTESIAN_POINT('',(-0.525,-1.555866770741,0.995935469716));
#517 = DIRECTION('',(0.,-0.828848674075,0.559472855001));
#518 = DIRECTION('',(0.,0.559472855001,0.828848674075));
#519 = ADVANCED_FACE('',(#520),#547,.T.);
#520 = FACE_BOUND('',#521,.T.);
#521 = EDGE_LOOP('',(#522,#531,#532,#541));
#522 = ORIENTED_EDGE('',*,*,#523,.T.);
#523 = EDGE_CURVE('',#524,#493,#526,.T.);
#524 = VERTEX_POINT('',#525);
#525 = CARTESIAN_POINT('',(-0.274999999999,-1.649999999999,
    0.688225399466));
#526 = CIRCLE('',#527,0.55);
#527 = AXIS2_PLACEMENT_3D('',#528,#529,#530);
#528 = CARTESIAN_POINT('',(-0.274999999999,-1.1,0.688225399466));
#529 = DIRECTION('',(-1.,0.,0.));
#530 = DIRECTION('',(0.,-7.096596038086E-15,1.));
#531 = ORIENTED_EDGE('',*,*,#509,.F.);
#532 = ORIENTED_EDGE('',*,*,#533,.F.);
#533 = EDGE_CURVE('',#534,#502,#536,.T.);
#534 = VERTEX_POINT('',#535);
#535 = CARTESIAN_POINT('',(-0.525,-1.649999999999,0.688225399466));
#536 = CIRCLE('',#537,0.55);
#537 = AXIS2_PLACEMENT_3D('',#538,#539,#540);
#538 = CARTESIAN_POINT('',(-0.525,-1.1,0.688225399466));
#539 = DIRECTION('',(-1.,0.,0.));
#540 = DIRECTION('',(0.,-7.096596038086E-15,1.));
#541 = ORIENTED_EDGE('',*,*,#542,.T.);
#542 = EDGE_CURVE('',#534,#524,#543,.T.);
#543 = LINE('',#544,#545);
#544 = CARTESIAN_POINT('',(-0.525,-1.649999999999,0.688225399466));
#545 = VECTOR('',#546,1.);
#546 = DIRECTION('',(1.,0.,0.));
#547 = CYLINDRICAL_SURFACE('',#548,0.549999999999);
#548 = AXIS2_PLACEMENT_3D('',#549,#550,#551);
#549 = CARTESIAN_POINT('',(-0.525,-1.1,0.688225399466));
#550 = DIRECTION('',(1.,0.,0.));
#551 = DIRECTION('',(0.,0.,-1.));
#552 = ADVANCED_FACE('',(#553),#578,.T.);
#553 = FACE_BOUND('',#554,.T.);
#554 = EDGE_LOOP('',(#555,#563,#564,#572));
#555 = ORIENTED_EDGE('',*,*,#556,.T.);
#556 = EDGE_CURVE('',#557,#524,#559,.T.);
#557 = VERTEX_POINT('',#558);
#558 = CARTESIAN_POINT('',(-0.274999999999,-1.649999999999,0.23));
#559 = LINE('',#560,#561);
#560 = CARTESIAN_POINT('',(-0.274999999999,-1.649999999999,0.18));
#561 = VECTOR('',#562,1.);
#562 = DIRECTION('',(0.,0.,1.));
#563 = ORIENTED_EDGE('',*,*,#542,.F.);
#564 = ORIENTED_EDGE('',*,*,#565,.F.);
#565 = EDGE_CURVE('',#566,#534,#568,.T.);
#566 = VERTEX_POINT('',#567);
#567 = CARTESIAN_POINT('',(-0.525,-1.649999999999,0.23));
#568 = LINE('',#569,#570);
#569 = CARTESIAN_POINT('',(-0.525,-1.649999999999,0.18));
#570 = VECTOR('',#571,1.);
#571 = DIRECTION('',(0.,0.,1.));
#572 = ORIENTED_EDGE('',*,*,#573,.T.);
#573 = EDGE_CURVE('',#566,#557,#574,.T.);
#574 = LINE('',#575,#576);
#575 = CARTESIAN_POINT('',(-0.525,-1.649999999999,0.23));
#576 = VECTOR('',#577,1.);
#577 = DIRECTION('',(1.,0.,0.));
#578 = PLANE('',#579);
#579 = AXIS2_PLACEMENT_3D('',#580,#581,#582);
#580 = CARTESIAN_POINT('',(-0.525,-1.649999999999,0.18));
#581 = DIRECTION('',(0.,-1.,0.));
#582 = DIRECTION('',(0.,0.,1.));
#583 = ADVANCED_FACE('',(#584),#609,.T.);
#584 = FACE_BOUND('',#585,.T.);
#585 = EDGE_LOOP('',(#586,#594,#595,#603));
#586 = ORIENTED_EDGE('',*,*,#587,.T.);
#587 = EDGE_CURVE('',#588,#557,#590,.T.);
#588 = VERTEX_POINT('',#589);
#589 = CARTESIAN_POINT('',(-0.274999999999,-2.6,0.23));
#590 = LINE('',#591,#592);
#591 = CARTESIAN_POINT('',(-0.274999999999,-2.6,0.23));
#592 = VECTOR('',#593,1.);
#593 = DIRECTION('',(0.,1.,7.453889935837E-17));
#594 = ORIENTED_EDGE('',*,*,#573,.F.);
#595 = ORIENTED_EDGE('',*,*,#596,.F.);
#596 = EDGE_CURVE('',#597,#566,#599,.T.);
#597 = VERTEX_POINT('',#598);
#598 = CARTESIAN_POINT('',(-0.525,-2.6,0.23));
#599 = LINE('',#600,#601);
#600 = CARTESIAN_POINT('',(-0.525,-2.6,0.23));
#601 = VECTOR('',#602,1.);
#602 = DIRECTION('',(0.,1.,7.453889935837E-17));
#603 = ORIENTED_EDGE('',*,*,#604,.T.);
#604 = EDGE_CURVE('',#597,#588,#605,.T.);
#605 = LINE('',#606,#607);
#606 = CARTESIAN_POINT('',(-0.525,-2.6,0.23));
#607 = VECTOR('',#608,1.);
#608 = DIRECTION('',(1.,0.,0.));
#609 = PLANE('',#610);
#610 = AXIS2_PLACEMENT_3D('',#611,#612,#613);
#611 = CARTESIAN_POINT('',(-0.525,-2.6,0.23));
#612 = DIRECTION('',(0.,-7.453889935837E-17,1.));
#613 = DIRECTION('',(0.,1.,7.453889935837E-17));
#614 = ADVANCED_FACE('',(#615),#640,.T.);
#615 = FACE_BOUND('',#616,.T.);
#616 = EDGE_LOOP('',(#617,#625,#626,#634));
#617 = ORIENTED_EDGE('',*,*,#618,.T.);
#618 = EDGE_CURVE('',#619,#588,#621,.T.);
#619 = VERTEX_POINT('',#620);
#620 = CARTESIAN_POINT('',(-0.274999999999,-2.6,-1.9999999999E-02));
#621 = LINE('',#622,#623);
#622 = CARTESIAN_POINT('',(-0.274999999999,-2.6,-1.9999999999E-02));
#623 = VECTOR('',#624,1.);
#624 = DIRECTION('',(0.,0.,1.));
#625 = ORIENTED_EDGE('',*,*,#604,.F.);
#626 = ORIENTED_EDGE('',*,*,#627,.F.);
#627 = EDGE_CURVE('',#628,#597,#630,.T.);
#628 = VERTEX_POINT('',#629);
#629 = CARTESIAN_POINT('',(-0.525,-2.6,-1.9999999999E-02));
#630 = LINE('',#631,#632);
#631 = CARTESIAN_POINT('',(-0.525,-2.6,-1.9999999999E-02));
#632 = VECTOR('',#633,1.);
#633 = DIRECTION('',(0.,0.,1.));
#634 = ORIENTED_EDGE('',*,*,#635,.T.);
#635 = EDGE_CURVE('',#628,#619,#636,.T.);
#636 = LINE('',#637,#638);
#637 = CARTESIAN_POINT('',(-0.525,-2.6,-1.9999999999E-02));
#638 = VECTOR('',#639,1.);
#639 = DIRECTION('',(1.,0.,0.));
#640 = PLANE('',#641);
#641 = AXIS2_PLACEMENT_3D('',#642,#643,#644);
#642 = CARTESIAN_POINT('',(-0.525,-2.6,-1.9999999999E-02));
#643 = DIRECTION('',(0.,-1.,0.));
#644 = DIRECTION('',(0.,0.,1.));
#645 = ADVANCED_FACE('',(#646),#671,.F.);
#646 = FACE_BOUND('',#647,.T.);
#647 = EDGE_LOOP('',(#648,#656,#657,#665));
#648 = ORIENTED_EDGE('',*,*,#649,.F.);
#649 = EDGE_CURVE('',#619,#650,#652,.T.);
#650 = VERTEX_POINT('',#651);
#651 = CARTESIAN_POINT('',(-0.274999999999,-1.6,-1.9999999999E-02));
#652 = LINE('',#653,#654);
#653 = CARTESIAN_POINT('',(-0.274999999999,-2.6,-1.9999999999E-02));
#654 = VECTOR('',#655,1.);
#655 = DIRECTION('',(0.,1.,7.453889935837E-17));
#656 = ORIENTED_EDGE('',*,*,#635,.F.);
#657 = ORIENTED_EDGE('',*,*,#658,.T.);
#658 = EDGE_CURVE('',#628,#659,#661,.T.);
#659 = VERTEX_POINT('',#660);
#660 = CARTESIAN_POINT('',(-0.525,-1.6,-1.9999999999E-02));
#661 = LINE('',#662,#663);
#662 = CARTESIAN_POINT('',(-0.525,-2.6,-1.9999999999E-02));
#663 = VECTOR('',#664,1.);
#664 = DIRECTION('',(0.,1.,7.453889935837E-17));
#665 = ORIENTED_EDGE('',*,*,#666,.T.);
#666 = EDGE_CURVE('',#659,#650,#667,.T.);
#667 = LINE('',#668,#669);
#668 = CARTESIAN_POINT('',(-0.525,-1.6,-1.9999999999E-02));
#669 = VECTOR('',#670,1.);
#670 = DIRECTION('',(1.,0.,0.));
#671 = PLANE('',#672);
#672 = AXIS2_PLACEMENT_3D('',#673,#674,#675);
#673 = CARTESIAN_POINT('',(-0.525,-2.6,-1.9999999999E-02));
#674 = DIRECTION('',(0.,-7.453889935837E-17,1.));
#675 = DIRECTION('',(0.,1.,7.453889935837E-17));
#676 = ADVANCED_FACE('',(#677),#704,.T.);
#677 = FACE_BOUND('',#678,.T.);
#678 = EDGE_LOOP('',(#679,#688,#689,#698));
#679 = ORIENTED_EDGE('',*,*,#680,.F.);
#680 = EDGE_CURVE('',#650,#681,#683,.T.);
#681 = VERTEX_POINT('',#682);
#682 = CARTESIAN_POINT('',(-0.274999999999,-1.399999999999,0.18));
#683 = CIRCLE('',#684,0.2);
#684 = AXIS2_PLACEMENT_3D('',#685,#686,#687);
#685 = CARTESIAN_POINT('',(-0.274999999999,-1.6,0.18));
#686 = DIRECTION('',(1.,0.,-0.));
#687 = DIRECTION('',(0.,0.,1.));
#688 = ORIENTED_EDGE('',*,*,#666,.F.);
#689 = ORIENTED_EDGE('',*,*,#690,.T.);
#690 = EDGE_CURVE('',#659,#691,#693,.T.);
#691 = VERTEX_POINT('',#692);
#692 = CARTESIAN_POINT('',(-0.525,-1.399999999999,0.18));
#693 = CIRCLE('',#694,0.2);
#694 = AXIS2_PLACEMENT_3D('',#695,#696,#697);
#695 = CARTESIAN_POINT('',(-0.525,-1.6,0.18));
#696 = DIRECTION('',(1.,0.,-0.));
#697 = DIRECTION('',(0.,0.,1.));
#698 = ORIENTED_EDGE('',*,*,#699,.T.);
#699 = EDGE_CURVE('',#691,#681,#700,.T.);
#700 = LINE('',#701,#702);
#701 = CARTESIAN_POINT('',(-0.525,-1.399999999999,0.18));
#702 = VECTOR('',#703,1.);
#703 = DIRECTION('',(1.,0.,0.));
#704 = CYLINDRICAL_SURFACE('',#705,0.2);
#705 = AXIS2_PLACEMENT_3D('',#706,#707,#708);
#706 = CARTESIAN_POINT('',(-0.525,-1.6,0.18));
#707 = DIRECTION('',(1.,0.,0.));
#708 = DIRECTION('',(0.,0.,-1.));
#709 = ADVANCED_FACE('',(#710),#735,.F.);
#710 = FACE_BOUND('',#711,.T.);
#711 = EDGE_LOOP('',(#712,#720,#721,#729));
#712 = ORIENTED_EDGE('',*,*,#713,.F.);
#713 = EDGE_CURVE('',#681,#714,#716,.T.);
#714 = VERTEX_POINT('',#715);
#715 = CARTESIAN_POINT('',(-0.274999999999,-1.399999999999,
    0.688225399466));
#716 = LINE('',#717,#718);
#717 = CARTESIAN_POINT('',(-0.274999999999,-1.399999999999,0.18));
#718 = VECTOR('',#719,1.);
#719 = DIRECTION('',(0.,0.,1.));
#720 = ORIENTED_EDGE('',*,*,#699,.F.);
#721 = ORIENTED_EDGE('',*,*,#722,.T.);
#722 = EDGE_CURVE('',#691,#723,#725,.T.);
#723 = VERTEX_POINT('',#724);
#724 = CARTESIAN_POINT('',(-0.525,-1.399999999999,0.688225399466));
#725 = LINE('',#726,#727);
#726 = CARTESIAN_POINT('',(-0.525,-1.399999999999,0.18));
#727 = VECTOR('',#728,1.);
#728 = DIRECTION('',(0.,0.,1.));
#729 = ORIENTED_EDGE('',*,*,#730,.T.);
#730 = EDGE_CURVE('',#723,#714,#731,.T.);
#731 = LINE('',#732,#733);
#732 = CARTESIAN_POINT('',(-0.525,-1.399999999999,0.688225399466));
#733 = VECTOR('',#734,1.);
#734 = DIRECTION('',(1.,0.,0.));
#735 = PLANE('',#736);
#736 = AXIS2_PLACEMENT_3D('',#737,#738,#739);
#737 = CARTESIAN_POINT('',(-0.525,-1.399999999999,0.18));
#738 = DIRECTION('',(0.,-1.,0.));
#739 = DIRECTION('',(0.,0.,1.));
#740 = ADVANCED_FACE('',(#741),#768,.F.);
#741 = FACE_BOUND('',#742,.F.);
#742 = EDGE_LOOP('',(#743,#753,#760,#761));
#743 = ORIENTED_EDGE('',*,*,#744,.F.);
#744 = EDGE_CURVE('',#745,#747,#749,.T.);
#745 = VERTEX_POINT('',#746);
#746 = CARTESIAN_POINT('',(-0.525,-1.348654602222,0.856067255966));
#747 = VERTEX_POINT('',#748);
#748 = CARTESIAN_POINT('',(-0.274999999999,-1.348654602222,
    0.856067255966));
#749 = LINE('',#750,#751);
#750 = CARTESIAN_POINT('',(-0.525,-1.348654602222,0.856067255966));
#751 = VECTOR('',#752,1.);
#752 = DIRECTION('',(1.,0.,0.));
#753 = ORIENTED_EDGE('',*,*,#754,.F.);
#754 = EDGE_CURVE('',#723,#745,#755,.T.);
#755 = CIRCLE('',#756,0.299999999999);
#756 = AXIS2_PLACEMENT_3D('',#757,#758,#759);
#757 = CARTESIAN_POINT('',(-0.525,-1.1,0.688225399466));
#758 = DIRECTION('',(-1.,0.,0.));
#759 = DIRECTION('',(0.,0.,-1.));
#760 = ORIENTED_EDGE('',*,*,#730,.T.);
#761 = ORIENTED_EDGE('',*,*,#762,.T.);
#762 = EDGE_CURVE('',#714,#747,#763,.T.);
#763 = CIRCLE('',#764,0.299999999999);
#764 = AXIS2_PLACEMENT_3D('',#765,#766,#767);
#765 = CARTESIAN_POINT('',(-0.274999999999,-1.1,0.688225399466));
#766 = DIRECTION('',(-1.,0.,0.));
#767 = DIRECTION('',(0.,0.,-1.));
#768 = CYLINDRICAL_SURFACE('',#769,0.299999999999);
#769 = AXIS2_PLACEMENT_3D('',#770,#771,#772);
#770 = CARTESIAN_POINT('',(-0.525,-1.1,0.688225399466));
#771 = DIRECTION('',(1.,0.,0.));
#772 = DIRECTION('',(0.,0.,-1.));
#773 = ADVANCED_FACE('',(#774),#799,.F.);
#774 = FACE_BOUND('',#775,.T.);
#775 = EDGE_LOOP('',(#776,#784,#785,#793));
#776 = ORIENTED_EDGE('',*,*,#777,.F.);
#777 = EDGE_CURVE('',#747,#778,#780,.T.);
#778 = VERTEX_POINT('',#779);
#779 = CARTESIAN_POINT('',(-0.274999999999,-1.181345397777,
    1.103932744033));
#780 = LINE('',#781,#782);
#781 = CARTESIAN_POINT('',(-0.274999999999,-1.348654602222,
    0.856067255966));
#782 = VECTOR('',#783,1.);
#783 = DIRECTION('',(0.,0.559472855001,0.828848674075));
#784 = ORIENTED_EDGE('',*,*,#744,.F.);
#785 = ORIENTED_EDGE('',*,*,#786,.T.);
#786 = EDGE_CURVE('',#745,#787,#789,.T.);
#787 = VERTEX_POINT('',#788);
#788 = CARTESIAN_POINT('',(-0.525,-1.181345397777,1.103932744033));
#789 = LINE('',#790,#791);
#790 = CARTESIAN_POINT('',(-0.525,-1.348654602222,0.856067255966));
#791 = VECTOR('',#792,1.);
#792 = DIRECTION('',(0.,0.559472855001,0.828848674075));
#793 = ORIENTED_EDGE('',*,*,#794,.T.);
#794 = EDGE_CURVE('',#787,#778,#795,.T.);
#795 = LINE('',#796,#797);
#796 = CARTESIAN_POINT('',(-0.525,-1.181345397777,1.103932744033));
#797 = VECTOR('',#798,1.);
#798 = DIRECTION('',(1.,0.,0.));
#799 = PLANE('',#800);
#800 = AXIS2_PLACEMENT_3D('',#801,#802,#803);
#801 = CARTESIAN_POINT('',(-0.525,-1.348654602222,0.856067255966));
#802 = DIRECTION('',(0.,-0.828848674075,0.559472855001));
#803 = DIRECTION('',(0.,0.559472855001,0.828848674075));
#804 = ADVANCED_FACE('',(#805),#832,.T.);
#805 = FACE_BOUND('',#806,.T.);
#806 = EDGE_LOOP('',(#807,#816,#817,#826));
#807 = ORIENTED_EDGE('',*,*,#808,.F.);
#808 = EDGE_CURVE('',#778,#809,#811,.T.);
#809 = VERTEX_POINT('',#810);
#810 = CARTESIAN_POINT('',(-0.274999999999,-1.129999999999,
    1.271774600533));
#811 = CIRCLE('',#812,0.299999999999);
#812 = AXIS2_PLACEMENT_3D('',#813,#814,#815);
#813 = CARTESIAN_POINT('',(-0.274999999999,-1.429999999999,
    1.271774600533));
#814 = DIRECTION('',(1.,0.,-0.));
#815 = DIRECTION('',(0.,0.,1.));
#816 = ORIENTED_EDGE('',*,*,#794,.F.);
#817 = ORIENTED_EDGE('',*,*,#818,.T.);
#818 = EDGE_CURVE('',#787,#819,#821,.T.);
#819 = VERTEX_POINT('',#820);
#820 = CARTESIAN_POINT('',(-0.525,-1.129999999999,1.271774600533));
#821 = CIRCLE('',#822,0.299999999999);
#822 = AXIS2_PLACEMENT_3D('',#823,#824,#825);
#823 = CARTESIAN_POINT('',(-0.525,-1.429999999999,1.271774600533));
#824 = DIRECTION('',(1.,0.,-0.));
#825 = DIRECTION('',(0.,0.,1.));
#826 = ORIENTED_EDGE('',*,*,#827,.T.);
#827 = EDGE_CURVE('',#819,#809,#828,.T.);
#828 = LINE('',#829,#830);
#829 = CARTESIAN_POINT('',(-0.525,-1.129999999999,1.271774600533));
#830 = VECTOR('',#831,1.);
#831 = DIRECTION('',(1.,0.,0.));
#832 = CYLINDRICAL_SURFACE('',#833,0.299999999999);
#833 = AXIS2_PLACEMENT_3D('',#834,#835,#836);
#834 = CARTESIAN_POINT('',(-0.525,-1.429999999999,1.271774600533));
#835 = DIRECTION('',(1.,0.,0.));
#836 = DIRECTION('',(0.,0.,-1.));
#837 = ADVANCED_FACE('',(#838),#854,.F.);
#838 = FACE_BOUND('',#839,.T.);
#839 = EDGE_LOOP('',(#840,#846,#847,#853));
#840 = ORIENTED_EDGE('',*,*,#841,.F.);
#841 = EDGE_CURVE('',#809,#302,#842,.T.);
#842 = LINE('',#843,#844);
#843 = CARTESIAN_POINT('',(-0.274999999999,-1.129999999999,
    1.271774600533));
#844 = VECTOR('',#845,1.);
#845 = DIRECTION('',(0.,6.359154694171E-16,1.));
#846 = ORIENTED_EDGE('',*,*,#827,.F.);
#847 = ORIENTED_EDGE('',*,*,#848,.T.);
#848 = EDGE_CURVE('',#819,#293,#849,.T.);
#849 = LINE('',#850,#851);
#850 = CARTESIAN_POINT('',(-0.525,-1.129999999999,1.271774600533));
#851 = VECTOR('',#852,1.);
#852 = DIRECTION('',(0.,6.359154694171E-16,1.));
#853 = ORIENTED_EDGE('',*,*,#301,.T.);
#854 = PLANE('',#855);
#855 = AXIS2_PLACEMENT_3D('',#856,#857,#858);
#856 = CARTESIAN_POINT('',(-0.525,-1.129999999999,1.271774600533));
#857 = DIRECTION('',(0.,-1.,6.359154694171E-16));
#858 = DIRECTION('',(0.,6.359154694171E-16,1.));
#859 = ADVANCED_FACE('',(#860),#887,.T.);
#860 = FACE_BOUND('',#861,.T.);
#861 = EDGE_LOOP('',(#862,#868,#869,#870,#871,#872,#873,#874,#875,#876,
    #877,#878,#879,#880,#881,#882,#883,#884,#885,#886));
#862 = ORIENTED_EDGE('',*,*,#863,.F.);
#863 = EDGE_CURVE('',#254,#325,#864,.T.);
#864 = LINE('',#865,#866);
#865 = CARTESIAN_POINT('',(-0.525,-1.08,1.953753400942));
#866 = VECTOR('',#867,1.);
#867 = DIRECTION('',(0.,0.,1.));
#868 = ORIENTED_EDGE('',*,*,#251,.F.);
#869 = ORIENTED_EDGE('',*,*,#292,.F.);
#870 = ORIENTED_EDGE('',*,*,#848,.F.);
#871 = ORIENTED_EDGE('',*,*,#818,.F.);
#872 = ORIENTED_EDGE('',*,*,#786,.F.);
#873 = ORIENTED_EDGE('',*,*,#754,.F.);
#874 = ORIENTED_EDGE('',*,*,#722,.F.);
#875 = ORIENTED_EDGE('',*,*,#690,.F.);
#876 = ORIENTED_EDGE('',*,*,#658,.F.);
#877 = ORIENTED_EDGE('',*,*,#627,.T.);
#878 = ORIENTED_EDGE('',*,*,#596,.T.);
#879 = ORIENTED_EDGE('',*,*,#565,.T.);
#880 = ORIENTED_EDGE('',*,*,#533,.T.);
#881 = ORIENTED_EDGE('',*,*,#501,.T.);
#882 = ORIENTED_EDGE('',*,*,#469,.T.);
#883 = ORIENTED_EDGE('',*,*,#437,.T.);
#884 = ORIENTED_EDGE('',*,*,#405,.T.);
#885 = ORIENTED_EDGE('',*,*,#373,.T.);
#886 = ORIENTED_EDGE('',*,*,#334,.T.);
#887 = PLANE('',#888);
#888 = AXIS2_PLACEMENT_3D('',#889,#890,#891);
#889 = CARTESIAN_POINT('',(-0.525,-0.829999999999,1.953753400942));
#890 = DIRECTION('',(-1.,0.,0.));
#891 = DIRECTION('',(0.,0.,1.));
#892 = ADVANCED_FACE('',(#893),#920,.F.);
#893 = FACE_BOUND('',#894,.T.);
#894 = EDGE_LOOP('',(#895,#896,#902,#903,#904,#905,#906,#907,#908,#909,
    #910,#911,#912,#913,#914,#915,#916,#917,#918,#919));
#895 = ORIENTED_EDGE('',*,*,#269,.T.);
#896 = ORIENTED_EDGE('',*,*,#897,.T.);
#897 = EDGE_CURVE('',#262,#327,#898,.T.);
#898 = LINE('',#899,#900);
#899 = CARTESIAN_POINT('',(-0.274999999999,-1.08,1.953753400942));
#900 = VECTOR('',#901,1.);
#901 = DIRECTION('',(0.,0.,1.));
#902 = ORIENTED_EDGE('',*,*,#350,.F.);
#903 = ORIENTED_EDGE('',*,*,#364,.F.);
#904 = ORIENTED_EDGE('',*,*,#395,.F.);
#905 = ORIENTED_EDGE('',*,*,#428,.F.);
#906 = ORIENTED_EDGE('',*,*,#477,.F.);
#907 = ORIENTED_EDGE('',*,*,#492,.F.);
#908 = ORIENTED_EDGE('',*,*,#523,.F.);
#909 = ORIENTED_EDGE('',*,*,#556,.F.);
#910 = ORIENTED_EDGE('',*,*,#587,.F.);
#911 = ORIENTED_EDGE('',*,*,#618,.F.);
#912 = ORIENTED_EDGE('',*,*,#649,.T.);
#913 = ORIENTED_EDGE('',*,*,#680,.T.);
#914 = ORIENTED_EDGE('',*,*,#713,.T.);
#915 = ORIENTED_EDGE('',*,*,#762,.T.);
#916 = ORIENTED_EDGE('',*,*,#777,.T.);
#917 = ORIENTED_EDGE('',*,*,#808,.T.);
#918 = ORIENTED_EDGE('',*,*,#841,.T.);
#919 = ORIENTED_EDGE('',*,*,#309,.T.);
#920 = PLANE('',#921);
#921 = AXIS2_PLACEMENT_3D('',#922,#923,#924);
#922 = CARTESIAN_POINT('',(-0.274999999999,-0.829999999999,
    1.953753400942));
#923 = DIRECTION('',(-1.,0.,0.));
#924 = DIRECTION('',(0.,0.,1.));
#925 = ADVANCED_FACE('',(#926,#932),#966,.T.);
#926 = FACE_BOUND('',#927,.T.);
#927 = EDGE_LOOP('',(#928,#929,#930,#931));
#928 = ORIENTED_EDGE('',*,*,#261,.F.);
#929 = ORIENTED_EDGE('',*,*,#863,.T.);
#930 = ORIENTED_EDGE('',*,*,#324,.T.);
#931 = ORIENTED_EDGE('',*,*,#897,.F.);
#932 = FACE_BOUND('',#933,.T.);
#933 = EDGE_LOOP('',(#934,#944,#952,#960));
#934 = ORIENTED_EDGE('',*,*,#935,.T.);
#935 = EDGE_CURVE('',#936,#938,#940,.T.);
#936 = VERTEX_POINT('',#937);
#937 = CARTESIAN_POINT('',(-0.549999999999,-1.08,2.5));
#938 = VERTEX_POINT('',#939);
#939 = CARTESIAN_POINT('',(-0.549999999999,-1.08,2.));
#940 = LINE('',#941,#942);
#941 = CARTESIAN_POINT('',(-0.549999999999,-1.08,2.5));
#942 = VECTOR('',#943,1.);
#943 = DIRECTION('',(0.,0.,-1.));
#944 = ORIENTED_EDGE('',*,*,#945,.T.);
#945 = EDGE_CURVE('',#938,#946,#948,.T.);
#946 = VERTEX_POINT('',#947);
#947 = CARTESIAN_POINT('',(-0.249999999999,-1.08,2.));
#948 = LINE('',#949,#950);
#949 = CARTESIAN_POINT('',(-0.549999999999,-1.08,2.));
#950 = VECTOR('',#951,1.);
#951 = DIRECTION('',(1.,0.,0.));
#952 = ORIENTED_EDGE('',*,*,#953,.F.);
#953 = EDGE_CURVE('',#954,#946,#956,.T.);
#954 = VERTEX_POINT('',#955);
#955 = CARTESIAN_POINT('',(-0.249999999999,-1.08,2.5));
#956 = LINE('',#957,#958);
#957 = CARTESIAN_POINT('',(-0.249999999999,-1.08,2.5));
#958 = VECTOR('',#959,1.);
#959 = DIRECTION('',(0.,0.,-1.));
#960 = ORIENTED_EDGE('',*,*,#961,.T.);
#961 = EDGE_CURVE('',#954,#936,#962,.T.);
#962 = LINE('',#963,#964);
#963 = CARTESIAN_POINT('',(-0.549999999999,-1.08,2.5));
#964 = VECTOR('',#965,1.);
#965 = DIRECTION('',(-1.,0.,0.));
#966 = PLANE('',#967);
#967 = AXIS2_PLACEMENT_3D('',#968,#969,#970);
#968 = CARTESIAN_POINT('',(-0.549999999999,-1.08,2.5));
#969 = DIRECTION('',(0.,-1.,0.));
#970 = DIRECTION('',(0.,0.,-1.));
#971 = ADVANCED_FACE('',(#972),#1008,.T.);
#972 = FACE_BOUND('',#973,.T.);
#973 = EDGE_LOOP('',(#974,#985,#993,#1002));
#974 = ORIENTED_EDGE('',*,*,#975,.F.);
#975 = EDGE_CURVE('',#976,#978,#980,.T.);
#976 = VERTEX_POINT('',#977);
#977 = CARTESIAN_POINT('',(-2.25,-1.249999999999,-0.599999999999));
#978 = VERTEX_POINT('',#979);
#979 = CARTESIAN_POINT('',(-1.95,-1.249999999999,-0.599999999999));
#980 = CIRCLE('',#981,0.149999999999);
#981 = AXIS2_PLACEMENT_3D('',#982,#983,#984);
#982 = CARTESIAN_POINT('',(-2.1,-1.249999999999,-0.599999999999));
#983 = DIRECTION('',(0.,0.,-1.));
#984 = DIRECTION('',(1.,0.,0.));
#985 = ORIENTED_EDGE('',*,*,#986,.T.);
#986 = EDGE_CURVE('',#976,#987,#989,.T.);
#987 = VERTEX_POINT('',#988);
#988 = CARTESIAN_POINT('',(-2.35,-1.249999999999,-0.499999999999));
#989 = LINE('',#990,#991);
#990 = CARTESIAN_POINT('',(-2.25,-1.249999999999,-0.599999999999));
#991 = VECTOR('',#992,1.);
#992 = DIRECTION('',(-0.707106781187,8.659560562361E-17,0.707106781187)
  );
#993 = ORIENTED_EDGE('',*,*,#994,.F.);
#994 = EDGE_CURVE('',#995,#987,#997,.T.);
#995 = VERTEX_POINT('',#996);
#996 = CARTESIAN_POINT('',(-1.85,-1.249999999999,-0.499999999999));
#997 = CIRCLE('',#998,0.25);
#998 = AXIS2_PLACEMENT_3D('',#999,#1000,#1001);
#999 = CARTESIAN_POINT('',(-2.1,-1.249999999999,-0.499999999999));
#1000 = DIRECTION('',(0.,0.,1.));
#1001 = DIRECTION('',(1.,0.,0.));
#1002 = ORIENTED_EDGE('',*,*,#1003,.F.);
#1003 = EDGE_CURVE('',#978,#995,#1004,.T.);
#1004 = LINE('',#1005,#1006);
#1005 = CARTESIAN_POINT('',(-1.95,-1.249999999999,-0.599999999999));
#1006 = VECTOR('',#1007,1.);
#1007 = DIRECTION('',(0.707106781187,0.,0.707106781187));
#1008 = CONICAL_SURFACE('',#1009,0.149999999999,0.785398163397);
#1009 = AXIS2_PLACEMENT_3D('',#1010,#1011,#1012);
#1010 = CARTESIAN_POINT('',(-2.1,-1.249999999999,-0.599999999999));
#1011 = DIRECTION('',(0.,0.,1.));
#1012 = DIRECTION('',(1.,0.,0.));
#1013 = ADVANCED_FACE('',(#1014),#1040,.T.);
#1014 = FACE_BOUND('',#1015,.T.);
#1015 = EDGE_LOOP('',(#1016,#1017,#1025,#1034));
#1016 = ORIENTED_EDGE('',*,*,#994,.T.);
#1017 = ORIENTED_EDGE('',*,*,#1018,.T.);
#1018 = EDGE_CURVE('',#987,#1019,#1021,.T.);
#1019 = VERTEX_POINT('',#1020);
#1020 = CARTESIAN_POINT('',(-2.35,-1.249999999999,0.));
#1021 = LINE('',#1022,#1023);
#1022 = CARTESIAN_POINT('',(-2.35,-1.249999999999,-0.599999999999));
#1023 = VECTOR('',#1024,1.);
#1024 = DIRECTION('',(0.,0.,1.));
#1025 = ORIENTED_EDGE('',*,*,#1026,.T.);
#1026 = EDGE_CURVE('',#1019,#1027,#1029,.T.);
#1027 = VERTEX_POINT('',#1028);
#1028 = CARTESIAN_POINT('',(-1.85,-1.249999999999,0.));
#1029 = CIRCLE('',#1030,0.25);
#1030 = AXIS2_PLACEMENT_3D('',#1031,#1032,#1033);
#1031 = CARTESIAN_POINT('',(-2.1,-1.249999999999,0.));
#1032 = DIRECTION('',(0.,0.,-1.));
#1033 = DIRECTION('',(1.,0.,0.));
#1034 = ORIENTED_EDGE('',*,*,#1035,.F.);
#1035 = EDGE_CURVE('',#995,#1027,#1036,.T.);
#1036 = LINE('',#1037,#1038);
#1037 = CARTESIAN_POINT('',(-1.85,-1.249999999999,-0.599999999999));
#1038 = VECTOR('',#1039,1.);
#1039 = DIRECTION('',(0.,0.,1.));
#1040 = CYLINDRICAL_SURFACE('',#1041,0.25);
#1041 = AXIS2_PLACEMENT_3D('',#1042,#1043,#1044);
#1042 = CARTESIAN_POINT('',(-2.1,-1.249999999999,-0.599999999999));
#1043 = DIRECTION('',(0.,0.,1.));
#1044 = DIRECTION('',(1.,0.,0.));
#1045 = ADVANCED_FACE('',(#1046,#1056),#1122,.F.);
#1046 = FACE_BOUND('',#1047,.T.);
#1047 = EDGE_LOOP('',(#1048,#1055));
#1048 = ORIENTED_EDGE('',*,*,#1049,.F.);
#1049 = EDGE_CURVE('',#1027,#1019,#1050,.T.);
#1050 = CIRCLE('',#1051,0.25);
#1051 = AXIS2_PLACEMENT_3D('',#1052,#1053,#1054);
#1052 = CARTESIAN_POINT('',(-2.1,-1.249999999999,0.));
#1053 = DIRECTION('',(0.,0.,-1.));
#1054 = DIRECTION('',(1.,0.,0.));
#1055 = ORIENTED_EDGE('',*,*,#1026,.F.);
#1056 = FACE_BOUND('',#1057,.T.);
#1057 = EDGE_LOOP('',(#1058,#1068,#1076,#1084,#1092,#1100,#1108,#1116));
#1058 = ORIENTED_EDGE('',*,*,#1059,.F.);
#1059 = EDGE_CURVE('',#1060,#1062,#1064,.T.);
#1060 = VERTEX_POINT('',#1061);
#1061 = CARTESIAN_POINT('',(-2.55,-0.5,0.));
#1062 = VERTEX_POINT('',#1063);
#1063 = CARTESIAN_POINT('',(-2.549999999999,-1.999999999999,0.));
#1064 = LINE('',#1065,#1066);
#1065 = CARTESIAN_POINT('',(-2.55,2.,0.));
#1066 = VECTOR('',#1067,1.);
#1067 = DIRECTION('',(2.168404344971E-16,-1.,0.));
#1068 = ORIENTED_EDGE('',*,*,#1069,.F.);
#1069 = EDGE_CURVE('',#1070,#1060,#1072,.T.);
#1070 = VERTEX_POINT('',#1071);
#1071 = CARTESIAN_POINT('',(-2.349999999999,-0.5,0.));
#1072 = LINE('',#1073,#1074);
#1073 = CARTESIAN_POINT('',(-2.75,-0.5,0.));
#1074 = VECTOR('',#1075,1.);
#1075 = DIRECTION('',(-1.,0.,0.));
#1076 = ORIENTED_EDGE('',*,*,#1077,.F.);
#1077 = EDGE_CURVE('',#1078,#1070,#1080,.T.);
#1078 = VERTEX_POINT('',#1079);
#1079 = CARTESIAN_POINT('',(-2.349999999999,0.5,0.));
#1080 = LINE('',#1081,#1082);
#1081 = CARTESIAN_POINT('',(-2.349999999999,0.5,0.));
#1082 = VECTOR('',#1083,1.);
#1083 = DIRECTION('',(0.,-1.,0.));
#1084 = ORIENTED_EDGE('',*,*,#1085,.F.);
#1085 = EDGE_CURVE('',#1086,#1078,#1088,.T.);
#1086 = VERTEX_POINT('',#1087);
#1087 = CARTESIAN_POINT('',(-2.55,0.5,0.));
#1088 = LINE('',#1089,#1090);
#1089 = CARTESIAN_POINT('',(-2.75,0.5,0.));
#1090 = VECTOR('',#1091,1.);
#1091 = DIRECTION('',(1.,0.,0.));
#1092 = ORIENTED_EDGE('',*,*,#1093,.F.);
#1093 = EDGE_CURVE('',#1094,#1086,#1096,.T.);
#1094 = VERTEX_POINT('',#1095);
#1095 = CARTESIAN_POINT('',(-2.55,2.,0.));
#1096 = LINE('',#1097,#1098);
#1097 = CARTESIAN_POINT('',(-2.55,2.,0.));
#1098 = VECTOR('',#1099,1.);
#1099 = DIRECTION('',(2.168404344971E-16,-1.,0.));
#1100 = ORIENTED_EDGE('',*,*,#1101,.F.);
#1101 = EDGE_CURVE('',#1102,#1094,#1104,.T.);
#1102 = VERTEX_POINT('',#1103);
#1103 = CARTESIAN_POINT('',(-1.55,2.,0.));
#1104 = LINE('',#1105,#1106);
#1105 = CARTESIAN_POINT('',(-2.55,2.,0.));
#1106 = VECTOR('',#1107,1.);
#1107 = DIRECTION('',(-1.,0.,0.));
#1108 = ORIENTED_EDGE('',*,*,#1109,.F.);
#1109 = EDGE_CURVE('',#1110,#1102,#1112,.T.);
#1110 = VERTEX_POINT('',#1111);
#1111 = CARTESIAN_POINT('',(-1.55,-1.999999999999,0.));
#1112 = LINE('',#1113,#1114);
#1113 = CARTESIAN_POINT('',(-1.55,2.,0.));
#1114 = VECTOR('',#1115,1.);
#1115 = DIRECTION('',(0.,1.,0.));
#1116 = ORIENTED_EDGE('',*,*,#1117,.F.);
#1117 = EDGE_CURVE('',#1062,#1110,#1118,.T.);
#1118 = LINE('',#1119,#1120);
#1119 = CARTESIAN_POINT('',(-2.549999999999,-1.999999999999,0.));
#1120 = VECTOR('',#1121,1.);
#1121 = DIRECTION('',(1.,0.,0.));
#1122 = PLANE('',#1123);
#1123 = AXIS2_PLACEMENT_3D('',#1124,#1125,#1126);
#1124 = CARTESIAN_POINT('',(0.,0.,0.));
#1125 = DIRECTION('',(0.,0.,1.));
#1126 = DIRECTION('',(1.,0.,0.));
#1127 = ADVANCED_FACE('',(#1128),#1304,.T.);
#1128 = FACE_BOUND('',#1129,.T.);
#1129 = EDGE_LOOP('',(#1130,#1140,#1146,#1147,#1155,#1163,#1169,#1170,
    #1178,#1186,#1194,#1202,#1210,#1218,#1226,#1234,#1242,#1250,#1258,
    #1266,#1274,#1282,#1290,#1298));
#1130 = ORIENTED_EDGE('',*,*,#1131,.F.);
#1131 = EDGE_CURVE('',#1132,#1134,#1136,.T.);
#1132 = VERTEX_POINT('',#1133);
#1133 = CARTESIAN_POINT('',(1.55,-1.999999999999,5.E-02));
#1134 = VERTEX_POINT('',#1135);
#1135 = CARTESIAN_POINT('',(1.35,-1.999999999999,5.E-02));
#1136 = LINE('',#1137,#1138);
#1137 = CARTESIAN_POINT('',(1.55,-1.999999999999,5.E-02));
#1138 = VECTOR('',#1139,1.);
#1139 = DIRECTION('',(-1.,0.,0.));
#1140 = ORIENTED_EDGE('',*,*,#1141,.T.);
#1141 = EDGE_CURVE('',#1132,#206,#1142,.T.);
#1142 = LINE('',#1143,#1144);
#1143 = CARTESIAN_POINT('',(1.55,-1.999999999999,5.E-02));
#1144 = VECTOR('',#1145,1.);
#1145 = DIRECTION('',(0.,0.,-1.));
#1146 = ORIENTED_EDGE('',*,*,#205,.T.);
#1147 = ORIENTED_EDGE('',*,*,#1148,.F.);
#1148 = EDGE_CURVE('',#1149,#198,#1151,.T.);
#1149 = VERTEX_POINT('',#1150);
#1150 = CARTESIAN_POINT('',(2.549999999999,-1.999999999999,1.));
#1151 = LINE('',#1152,#1153);
#1152 = CARTESIAN_POINT('',(2.549999999999,-1.999999999999,1.));
#1153 = VECTOR('',#1154,1.);
#1154 = DIRECTION('',(0.,0.,-1.));
#1155 = ORIENTED_EDGE('',*,*,#1156,.F.);
#1156 = EDGE_CURVE('',#1157,#1149,#1159,.T.);
#1157 = VERTEX_POINT('',#1158);
#1158 = CARTESIAN_POINT('',(-2.549999999999,-1.999999999999,1.));
#1159 = LINE('',#1160,#1161);
#1160 = CARTESIAN_POINT('',(-2.549999999999,-1.999999999999,1.));
#1161 = VECTOR('',#1162,1.);
#1162 = DIRECTION('',(1.,0.,0.));
#1163 = ORIENTED_EDGE('',*,*,#1164,.T.);
#1164 = EDGE_CURVE('',#1157,#1062,#1165,.T.);
#1165 = LINE('',#1166,#1167);
#1166 = CARTESIAN_POINT('',(-2.549999999999,-1.999999999999,1.));
#1167 = VECTOR('',#1168,1.);
#1168 = DIRECTION('',(0.,0.,-1.));
#1169 = ORIENTED_EDGE('',*,*,#1117,.T.);
#1170 = ORIENTED_EDGE('',*,*,#1171,.F.);
#1171 = EDGE_CURVE('',#1172,#1110,#1174,.T.);
#1172 = VERTEX_POINT('',#1173);
#1173 = CARTESIAN_POINT('',(-1.55,-1.999999999999,5.E-02));
#1174 = LINE('',#1175,#1176);
#1175 = CARTESIAN_POINT('',(-1.55,-1.999999999999,5.E-02));
#1176 = VECTOR('',#1177,1.);
#1177 = DIRECTION('',(0.,0.,-1.));
#1178 = ORIENTED_EDGE('',*,*,#1179,.F.);
#1179 = EDGE_CURVE('',#1180,#1172,#1182,.T.);
#1180 = VERTEX_POINT('',#1181);
#1181 = CARTESIAN_POINT('',(-1.349999999999,-1.999999999999,5.E-02));
#1182 = LINE('',#1183,#1184);
#1183 = CARTESIAN_POINT('',(1.55,-1.999999999999,5.E-02));
#1184 = VECTOR('',#1185,1.);
#1185 = DIRECTION('',(-1.,0.,0.));
#1186 = ORIENTED_EDGE('',*,*,#1187,.F.);
#1187 = EDGE_CURVE('',#1188,#1180,#1190,.T.);
#1188 = VERTEX_POINT('',#1189);
#1189 = CARTESIAN_POINT('',(-1.349999999999,-1.999999999999,0.25));
#1190 = LINE('',#1191,#1192);
#1191 = CARTESIAN_POINT('',(-1.349999999999,-1.999999999999,0.25));
#1192 = VECTOR('',#1193,1.);
#1193 = DIRECTION('',(0.,0.,-1.));
#1194 = ORIENTED_EDGE('',*,*,#1195,.F.);
#1195 = EDGE_CURVE('',#1196,#1188,#1198,.T.);
#1196 = VERTEX_POINT('',#1197);
#1197 = CARTESIAN_POINT('',(-1.049999999999,-1.999999999999,0.25));
#1198 = LINE('',#1199,#1200);
#1199 = CARTESIAN_POINT('',(-1.349999999999,-1.999999999999,0.25));
#1200 = VECTOR('',#1201,1.);
#1201 = DIRECTION('',(-1.,0.,0.));
#1202 = ORIENTED_EDGE('',*,*,#1203,.T.);
#1203 = EDGE_CURVE('',#1196,#1204,#1206,.T.);
#1204 = VERTEX_POINT('',#1205);
#1205 = CARTESIAN_POINT('',(-1.049999999999,-1.999999999999,5.E-02));
#1206 = LINE('',#1207,#1208);
#1207 = CARTESIAN_POINT('',(-1.049999999999,-1.999999999999,0.25));
#1208 = VECTOR('',#1209,1.);
#1209 = DIRECTION('',(0.,0.,-1.));
#1210 = ORIENTED_EDGE('',*,*,#1211,.F.);
#1211 = EDGE_CURVE('',#1212,#1204,#1214,.T.);
#1212 = VERTEX_POINT('',#1213);
#1213 = CARTESIAN_POINT('',(-0.549999999999,-1.999999999999,5.E-02));
#1214 = LINE('',#1215,#1216);
#1215 = CARTESIAN_POINT('',(1.55,-1.999999999999,5.E-02));
#1216 = VECTOR('',#1217,1.);
#1217 = DIRECTION('',(-1.,0.,0.));
#1218 = ORIENTED_EDGE('',*,*,#1219,.F.);
#1219 = EDGE_CURVE('',#1220,#1212,#1222,.T.);
#1220 = VERTEX_POINT('',#1221);
#1221 = CARTESIAN_POINT('',(-0.549999999999,-1.999999999999,0.25));
#1222 = LINE('',#1223,#1224);
#1223 = CARTESIAN_POINT('',(-0.549999999999,-1.999999999999,0.25));
#1224 = VECTOR('',#1225,1.);
#1225 = DIRECTION('',(0.,0.,-1.));
#1226 = ORIENTED_EDGE('',*,*,#1227,.F.);
#1227 = EDGE_CURVE('',#1228,#1220,#1230,.T.);
#1228 = VERTEX_POINT('',#1229);
#1229 = CARTESIAN_POINT('',(-0.249999999999,-1.999999999999,0.25));
#1230 = LINE('',#1231,#1232);
#1231 = CARTESIAN_POINT('',(-0.549999999999,-1.999999999999,0.25));
#1232 = VECTOR('',#1233,1.);
#1233 = DIRECTION('',(-1.,0.,0.));
#1234 = ORIENTED_EDGE('',*,*,#1235,.T.);
#1235 = EDGE_CURVE('',#1228,#1236,#1238,.T.);
#1236 = VERTEX_POINT('',#1237);
#1237 = CARTESIAN_POINT('',(-0.249999999999,-1.999999999999,5.E-02));
#1238 = LINE('',#1239,#1240);
#1239 = CARTESIAN_POINT('',(-0.249999999999,-1.999999999999,0.25));
#1240 = VECTOR('',#1241,1.);
#1241 = DIRECTION('',(0.,0.,-1.));
#1242 = ORIENTED_EDGE('',*,*,#1243,.F.);
#1243 = EDGE_CURVE('',#1244,#1236,#1246,.T.);
#1244 = VERTEX_POINT('',#1245);
#1245 = CARTESIAN_POINT('',(0.25,-1.999999999999,5.E-02));
#1246 = LINE('',#1247,#1248);
#1247 = CARTESIAN_POINT('',(1.55,-1.999999999999,5.E-02));
#1248 = VECTOR('',#1249,1.);
#1249 = DIRECTION('',(-1.,0.,0.));
#1250 = ORIENTED_EDGE('',*,*,#1251,.F.);
#1251 = EDGE_CURVE('',#1252,#1244,#1254,.T.);
#1252 = VERTEX_POINT('',#1253);
#1253 = CARTESIAN_POINT('',(0.25,-1.999999999999,0.25));
#1254 = LINE('',#1255,#1256);
#1255 = CARTESIAN_POINT('',(0.25,-1.999999999999,0.25));
#1256 = VECTOR('',#1257,1.);
#1257 = DIRECTION('',(0.,0.,-1.));
#1258 = ORIENTED_EDGE('',*,*,#1259,.F.);
#1259 = EDGE_CURVE('',#1260,#1252,#1262,.T.);
#1260 = VERTEX_POINT('',#1261);
#1261 = CARTESIAN_POINT('',(0.55,-1.999999999999,0.25));
#1262 = LINE('',#1263,#1264);
#1263 = CARTESIAN_POINT('',(0.25,-1.999999999999,0.25));
#1264 = VECTOR('',#1265,1.);
#1265 = DIRECTION('',(-1.,0.,0.));
#1266 = ORIENTED_EDGE('',*,*,#1267,.T.);
#1267 = EDGE_CURVE('',#1260,#1268,#1270,.T.);
#1268 = VERTEX_POINT('',#1269);
#1269 = CARTESIAN_POINT('',(0.55,-1.999999999999,5.E-02));
#1270 = LINE('',#1271,#1272);
#1271 = CARTESIAN_POINT('',(0.55,-1.999999999999,0.25));
#1272 = VECTOR('',#1273,1.);
#1273 = DIRECTION('',(0.,0.,-1.));
#1274 = ORIENTED_EDGE('',*,*,#1275,.F.);
#1275 = EDGE_CURVE('',#1276,#1268,#1278,.T.);
#1276 = VERTEX_POINT('',#1277);
#1277 = CARTESIAN_POINT('',(1.05,-1.999999999999,5.E-02));
#1278 = LINE('',#1279,#1280);
#1279 = CARTESIAN_POINT('',(1.55,-1.999999999999,5.E-02));
#1280 = VECTOR('',#1281,1.);
#1281 = DIRECTION('',(-1.,0.,0.));
#1282 = ORIENTED_EDGE('',*,*,#1283,.F.);
#1283 = EDGE_CURVE('',#1284,#1276,#1286,.T.);
#1284 = VERTEX_POINT('',#1285);
#1285 = CARTESIAN_POINT('',(1.05,-1.999999999999,0.25));
#1286 = LINE('',#1287,#1288);
#1287 = CARTESIAN_POINT('',(1.05,-1.999999999999,0.25));
#1288 = VECTOR('',#1289,1.);
#1289 = DIRECTION('',(0.,0.,-1.));
#1290 = ORIENTED_EDGE('',*,*,#1291,.F.);
#1291 = EDGE_CURVE('',#1292,#1284,#1294,.T.);
#1292 = VERTEX_POINT('',#1293);
#1293 = CARTESIAN_POINT('',(1.35,-1.999999999999,0.25));
#1294 = LINE('',#1295,#1296);
#1295 = CARTESIAN_POINT('',(1.05,-1.999999999999,0.25));
#1296 = VECTOR('',#1297,1.);
#1297 = DIRECTION('',(-1.,0.,0.));
#1298 = ORIENTED_EDGE('',*,*,#1299,.T.);
#1299 = EDGE_CURVE('',#1292,#1134,#1300,.T.);
#1300 = LINE('',#1301,#1302);
#1301 = CARTESIAN_POINT('',(1.35,-1.999999999999,0.25));
#1302 = VECTOR('',#1303,1.);
#1303 = DIRECTION('',(0.,0.,-1.));
#1304 = PLANE('',#1305);
#1305 = AXIS2_PLACEMENT_3D('',#1306,#1307,#1308);
#1306 = CARTESIAN_POINT('',(5.75039616244E-14,-1.999999999999,
    0.484712230216));
#1307 = DIRECTION('',(-0.,-1.,-0.));
#1308 = DIRECTION('',(0.,0.,-1.));
#1309 = ADVANCED_FACE('',(#1310),#1486,.F.);
#1310 = FACE_BOUND('',#1311,.T.);
#1311 = EDGE_LOOP('',(#1312,#1322,#1328,#1329,#1337,#1345,#1351,#1352,
    #1360,#1368,#1376,#1384,#1392,#1400,#1408,#1416,#1424,#1432,#1440,
    #1448,#1456,#1464,#1472,#1480));
#1312 = ORIENTED_EDGE('',*,*,#1313,.F.);
#1313 = EDGE_CURVE('',#1314,#1316,#1318,.T.);
#1314 = VERTEX_POINT('',#1315);
#1315 = CARTESIAN_POINT('',(-1.55,2.,5.E-02));
#1316 = VERTEX_POINT('',#1317);
#1317 = CARTESIAN_POINT('',(-1.35,2.,5.E-02));
#1318 = LINE('',#1319,#1320);
#1319 = CARTESIAN_POINT('',(1.55,2.,5.E-02));
#1320 = VECTOR('',#1321,1.);
#1321 = DIRECTION('',(1.,0.,0.));
#1322 = ORIENTED_EDGE('',*,*,#1323,.T.);
#1323 = EDGE_CURVE('',#1314,#1102,#1324,.T.);
#1324 = LINE('',#1325,#1326);
#1325 = CARTESIAN_POINT('',(-1.55,2.,5.E-02));
#1326 = VECTOR('',#1327,1.);
#1327 = DIRECTION('',(0.,0.,-1.));
#1328 = ORIENTED_EDGE('',*,*,#1101,.T.);
#1329 = ORIENTED_EDGE('',*,*,#1330,.F.);
#1330 = EDGE_CURVE('',#1331,#1094,#1333,.T.);
#1331 = VERTEX_POINT('',#1332);
#1332 = CARTESIAN_POINT('',(-2.55,2.,1.));
#1333 = LINE('',#1334,#1335);
#1334 = CARTESIAN_POINT('',(-2.55,2.,1.));
#1335 = VECTOR('',#1336,1.);
#1336 = DIRECTION('',(0.,0.,-1.));
#1337 = ORIENTED_EDGE('',*,*,#1338,.F.);
#1338 = EDGE_CURVE('',#1339,#1331,#1341,.T.);
#1339 = VERTEX_POINT('',#1340);
#1340 = CARTESIAN_POINT('',(2.549999999999,2.,1.));
#1341 = LINE('',#1342,#1343);
#1342 = CARTESIAN_POINT('',(-2.55,2.,1.));
#1343 = VECTOR('',#1344,1.);
#1344 = DIRECTION('',(-1.,0.,0.));
#1345 = ORIENTED_EDGE('',*,*,#1346,.T.);
#1346 = EDGE_CURVE('',#1339,#222,#1347,.T.);
#1347 = LINE('',#1348,#1349);
#1348 = CARTESIAN_POINT('',(2.549999999999,2.,1.));
#1349 = VECTOR('',#1350,1.);
#1350 = DIRECTION('',(0.,0.,-1.));
#1351 = ORIENTED_EDGE('',*,*,#221,.T.);
#1352 = ORIENTED_EDGE('',*,*,#1353,.F.);
#1353 = EDGE_CURVE('',#1354,#214,#1356,.T.);
#1354 = VERTEX_POINT('',#1355);
#1355 = CARTESIAN_POINT('',(1.55,2.,5.E-02));
#1356 = LINE('',#1357,#1358);
#1357 = CARTESIAN_POINT('',(1.55,2.,5.E-02));
#1358 = VECTOR('',#1359,1.);
#1359 = DIRECTION('',(0.,0.,-1.));
#1360 = ORIENTED_EDGE('',*,*,#1361,.F.);
#1361 = EDGE_CURVE('',#1362,#1354,#1364,.T.);
#1362 = VERTEX_POINT('',#1363);
#1363 = CARTESIAN_POINT('',(1.35,2.,5.E-02));
#1364 = LINE('',#1365,#1366);
#1365 = CARTESIAN_POINT('',(1.55,2.,5.E-02));
#1366 = VECTOR('',#1367,1.);
#1367 = DIRECTION('',(1.,0.,0.));
#1368 = ORIENTED_EDGE('',*,*,#1369,.F.);
#1369 = EDGE_CURVE('',#1370,#1362,#1372,.T.);
#1370 = VERTEX_POINT('',#1371);
#1371 = CARTESIAN_POINT('',(1.35,2.,0.25));
#1372 = LINE('',#1373,#1374);
#1373 = CARTESIAN_POINT('',(1.35,2.,0.25));
#1374 = VECTOR('',#1375,1.);
#1375 = DIRECTION('',(0.,0.,-1.));
#1376 = ORIENTED_EDGE('',*,*,#1377,.F.);
#1377 = EDGE_CURVE('',#1378,#1370,#1380,.T.);
#1378 = VERTEX_POINT('',#1379);
#1379 = CARTESIAN_POINT('',(1.05,2.,0.25));
#1380 = LINE('',#1381,#1382);
#1381 = CARTESIAN_POINT('',(1.05,2.,0.25));
#1382 = VECTOR('',#1383,1.);
#1383 = DIRECTION('',(1.,0.,0.));
#1384 = ORIENTED_EDGE('',*,*,#1385,.T.);
#1385 = EDGE_CURVE('',#1378,#1386,#1388,.T.);
#1386 = VERTEX_POINT('',#1387);
#1387 = CARTESIAN_POINT('',(1.05,2.,5.E-02));
#1388 = LINE('',#1389,#1390);
#1389 = CARTESIAN_POINT('',(1.05,2.,0.25));
#1390 = VECTOR('',#1391,1.);
#1391 = DIRECTION('',(0.,0.,-1.));
#1392 = ORIENTED_EDGE('',*,*,#1393,.F.);
#1393 = EDGE_CURVE('',#1394,#1386,#1396,.T.);
#1394 = VERTEX_POINT('',#1395);
#1395 = CARTESIAN_POINT('',(0.55,2.,5.E-02));
#1396 = LINE('',#1397,#1398);
#1397 = CARTESIAN_POINT('',(1.55,2.,5.E-02));
#1398 = VECTOR('',#1399,1.);
#1399 = DIRECTION('',(1.,0.,0.));
#1400 = ORIENTED_EDGE('',*,*,#1401,.F.);
#1401 = EDGE_CURVE('',#1402,#1394,#1404,.T.);
#1402 = VERTEX_POINT('',#1403);
#1403 = CARTESIAN_POINT('',(0.55,2.,0.25));
#1404 = LINE('',#1405,#1406);
#1405 = CARTESIAN_POINT('',(0.55,2.,0.25));
#1406 = VECTOR('',#1407,1.);
#1407 = DIRECTION('',(0.,0.,-1.));
#1408 = ORIENTED_EDGE('',*,*,#1409,.F.);
#1409 = EDGE_CURVE('',#1410,#1402,#1412,.T.);
#1410 = VERTEX_POINT('',#1411);
#1411 = CARTESIAN_POINT('',(0.25,2.,0.25));
#1412 = LINE('',#1413,#1414);
#1413 = CARTESIAN_POINT('',(0.25,2.,0.25));
#1414 = VECTOR('',#1415,1.);
#1415 = DIRECTION('',(1.,0.,0.));
#1416 = ORIENTED_EDGE('',*,*,#1417,.T.);
#1417 = EDGE_CURVE('',#1410,#1418,#1420,.T.);
#1418 = VERTEX_POINT('',#1419);
#1419 = CARTESIAN_POINT('',(0.25,2.,5.E-02));
#1420 = LINE('',#1421,#1422);
#1421 = CARTESIAN_POINT('',(0.25,2.,0.25));
#1422 = VECTOR('',#1423,1.);
#1423 = DIRECTION('',(0.,0.,-1.));
#1424 = ORIENTED_EDGE('',*,*,#1425,.F.);
#1425 = EDGE_CURVE('',#1426,#1418,#1428,.T.);
#1426 = VERTEX_POINT('',#1427);
#1427 = CARTESIAN_POINT('',(-0.25,2.,5.E-02));
#1428 = LINE('',#1429,#1430);
#1429 = CARTESIAN_POINT('',(1.55,2.,5.E-02));
#1430 = VECTOR('',#1431,1.);
#1431 = DIRECTION('',(1.,0.,0.));
#1432 = ORIENTED_EDGE('',*,*,#1433,.F.);
#1433 = EDGE_CURVE('',#1434,#1426,#1436,.T.);
#1434 = VERTEX_POINT('',#1435);
#1435 = CARTESIAN_POINT('',(-0.249999999999,2.,0.25));
#1436 = LINE('',#1437,#1438);
#1437 = CARTESIAN_POINT('',(-0.249999999999,2.,0.25));
#1438 = VECTOR('',#1439,1.);
#1439 = DIRECTION('',(0.,0.,-1.));
#1440 = ORIENTED_EDGE('',*,*,#1441,.F.);
#1441 = EDGE_CURVE('',#1442,#1434,#1444,.T.);
#1442 = VERTEX_POINT('',#1443);
#1443 = CARTESIAN_POINT('',(-0.549999999999,2.,0.25));
#1444 = LINE('',#1445,#1446);
#1445 = CARTESIAN_POINT('',(-0.549999999999,2.,0.25));
#1446 = VECTOR('',#1447,1.);
#1447 = DIRECTION('',(1.,0.,0.));
#1448 = ORIENTED_EDGE('',*,*,#1449,.T.);
#1449 = EDGE_CURVE('',#1442,#1450,#1452,.T.);
#1450 = VERTEX_POINT('',#1451);
#1451 = CARTESIAN_POINT('',(-0.549999999999,2.,5.E-02));
#1452 = LINE('',#1453,#1454);
#1453 = CARTESIAN_POINT('',(-0.549999999999,2.,0.25));
#1454 = VECTOR('',#1455,1.);
#1455 = DIRECTION('',(0.,0.,-1.));
#1456 = ORIENTED_EDGE('',*,*,#1457,.F.);
#1457 = EDGE_CURVE('',#1458,#1450,#1460,.T.);
#1458 = VERTEX_POINT('',#1459);
#1459 = CARTESIAN_POINT('',(-1.05,2.,5.E-02));
#1460 = LINE('',#1461,#1462);
#1461 = CARTESIAN_POINT('',(1.55,2.,5.E-02));
#1462 = VECTOR('',#1463,1.);
#1463 = DIRECTION('',(1.,0.,0.));
#1464 = ORIENTED_EDGE('',*,*,#1465,.F.);
#1465 = EDGE_CURVE('',#1466,#1458,#1468,.T.);
#1466 = VERTEX_POINT('',#1467);
#1467 = CARTESIAN_POINT('',(-1.049999999999,2.,0.25));
#1468 = LINE('',#1469,#1470);
#1469 = CARTESIAN_POINT('',(-1.049999999999,2.,0.25));
#1470 = VECTOR('',#1471,1.);
#1471 = DIRECTION('',(0.,0.,-1.));
#1472 = ORIENTED_EDGE('',*,*,#1473,.F.);
#1473 = EDGE_CURVE('',#1474,#1466,#1476,.T.);
#1474 = VERTEX_POINT('',#1475);
#1475 = CARTESIAN_POINT('',(-1.349999999999,2.,0.25));
#1476 = LINE('',#1477,#1478);
#1477 = CARTESIAN_POINT('',(-1.349999999999,2.,0.25));
#1478 = VECTOR('',#1479,1.);
#1479 = DIRECTION('',(1.,0.,0.));
#1480 = ORIENTED_EDGE('',*,*,#1481,.T.);
#1481 = EDGE_CURVE('',#1474,#1316,#1482,.T.);
#1482 = LINE('',#1483,#1484);
#1483 = CARTESIAN_POINT('',(-1.349999999999,2.,0.25));
#1484 = VECTOR('',#1485,1.);
#1485 = DIRECTION('',(0.,0.,-1.));
#1486 = PLANE('',#1487);
#1487 = AXIS2_PLACEMENT_3D('',#1488,#1489,#1490);
#1488 = CARTESIAN_POINT('',(-2.55,2.,1.));
#1489 = DIRECTION('',(0.,-1.,0.));
#1490 = DIRECTION('',(0.,0.,-1.));
#1491 = ADVANCED_FACE('',(#1492),#1597,.T.);
#1492 = FACE_BOUND('',#1493,.T.);
#1493 = EDGE_LOOP('',(#1494,#1495,#1503,#1511,#1519,#1527,#1535,#1543,
    #1551,#1559,#1567,#1575,#1583,#1591));
#1494 = ORIENTED_EDGE('',*,*,#1187,.T.);
#1495 = ORIENTED_EDGE('',*,*,#1496,.T.);
#1496 = EDGE_CURVE('',#1180,#1497,#1499,.T.);
#1497 = VERTEX_POINT('',#1498);
#1498 = CARTESIAN_POINT('',(-1.349999999999,-0.22,5.E-02));
#1499 = LINE('',#1500,#1501);
#1500 = CARTESIAN_POINT('',(-1.349999999999,-0.22,5.E-02));
#1501 = VECTOR('',#1502,1.);
#1502 = DIRECTION('',(0.,1.,0.));
#1503 = ORIENTED_EDGE('',*,*,#1504,.F.);
#1504 = EDGE_CURVE('',#1505,#1497,#1507,.T.);
#1505 = VERTEX_POINT('',#1506);
#1506 = CARTESIAN_POINT('',(-1.349999999999,-0.22,1.));
#1507 = LINE('',#1508,#1509);
#1508 = CARTESIAN_POINT('',(-1.349999999999,-0.22,2.5));
#1509 = VECTOR('',#1510,1.);
#1510 = DIRECTION('',(0.,0.,-1.));
#1511 = ORIENTED_EDGE('',*,*,#1512,.F.);
#1512 = EDGE_CURVE('',#1513,#1505,#1515,.T.);
#1513 = VERTEX_POINT('',#1514);
#1514 = CARTESIAN_POINT('',(-1.349999999999,-0.619999999999,1.));
#1515 = LINE('',#1516,#1517);
#1516 = CARTESIAN_POINT('',(-1.349999999999,0.,1.));
#1517 = VECTOR('',#1518,1.);
#1518 = DIRECTION('',(0.,1.,0.));
#1519 = ORIENTED_EDGE('',*,*,#1520,.T.);
#1520 = EDGE_CURVE('',#1513,#1521,#1523,.T.);
#1521 = VERTEX_POINT('',#1522);
#1522 = CARTESIAN_POINT('',(-1.349999999999,-0.619999999999,2.5));
#1523 = LINE('',#1524,#1525);
#1524 = CARTESIAN_POINT('',(-1.349999999999,-0.619999999999,
    2.899999999999));
#1525 = VECTOR('',#1526,1.);
#1526 = DIRECTION('',(0.,0.,1.));
#1527 = ORIENTED_EDGE('',*,*,#1528,.T.);
#1528 = EDGE_CURVE('',#1521,#1529,#1531,.T.);
#1529 = VERTEX_POINT('',#1530);
#1530 = CARTESIAN_POINT('',(-1.349999999999,-0.82,2.5));
#1531 = LINE('',#1532,#1533);
#1532 = CARTESIAN_POINT('',(-1.349999999999,-0.22,2.5));
#1533 = VECTOR('',#1534,1.);
#1534 = DIRECTION('',(0.,-1.,0.));
#1535 = ORIENTED_EDGE('',*,*,#1536,.T.);
#1536 = EDGE_CURVE('',#1529,#1537,#1539,.T.);
#1537 = VERTEX_POINT('',#1538);
#1538 = CARTESIAN_POINT('',(-1.349999999999,-0.819999999999,2.));
#1539 = LINE('',#1540,#1541);
#1540 = CARTESIAN_POINT('',(-1.349999999999,-0.82,2.5));
#1541 = VECTOR('',#1542,1.);
#1542 = DIRECTION('',(0.,0.,-1.));
#1543 = ORIENTED_EDGE('',*,*,#1544,.F.);
#1544 = EDGE_CURVE('',#1545,#1537,#1547,.T.);
#1545 = VERTEX_POINT('',#1546);
#1546 = CARTESIAN_POINT('',(-1.349999999999,-1.08,2.));
#1547 = LINE('',#1548,#1549);
#1548 = CARTESIAN_POINT('',(-1.349999999999,-0.22,2.));
#1549 = VECTOR('',#1550,1.);
#1550 = DIRECTION('',(1.485208455459E-16,1.,0.));
#1551 = ORIENTED_EDGE('',*,*,#1552,.F.);
#1552 = EDGE_CURVE('',#1553,#1545,#1555,.T.);
#1553 = VERTEX_POINT('',#1554);
#1554 = CARTESIAN_POINT('',(-1.349999999999,-1.08,2.5));
#1555 = LINE('',#1556,#1557);
#1556 = CARTESIAN_POINT('',(-1.349999999999,-1.08,2.5));
#1557 = VECTOR('',#1558,1.);
#1558 = DIRECTION('',(0.,0.,-1.));
#1559 = ORIENTED_EDGE('',*,*,#1560,.T.);
#1560 = EDGE_CURVE('',#1553,#1561,#1563,.T.);
#1561 = VERTEX_POINT('',#1562);
#1562 = CARTESIAN_POINT('',(-1.349999999999,-1.279999999999,2.5));
#1563 = LINE('',#1564,#1565);
#1564 = CARTESIAN_POINT('',(-1.349999999999,-1.68,2.5));
#1565 = VECTOR('',#1566,1.);
#1566 = DIRECTION('',(3.614007241618E-16,-1.,0.));
#1567 = ORIENTED_EDGE('',*,*,#1568,.T.);
#1568 = EDGE_CURVE('',#1561,#1569,#1571,.T.);
#1569 = VERTEX_POINT('',#1570);
#1570 = CARTESIAN_POINT('',(-1.349999999999,-1.279999999999,1.));
#1571 = LINE('',#1572,#1573);
#1572 = CARTESIAN_POINT('',(-1.349999999999,-1.279999999999,
    2.899999999999));
#1573 = VECTOR('',#1574,1.);
#1574 = DIRECTION('',(0.,0.,-1.));
#1575 = ORIENTED_EDGE('',*,*,#1576,.F.);
#1576 = EDGE_CURVE('',#1577,#1569,#1579,.T.);
#1577 = VERTEX_POINT('',#1578);
#1578 = CARTESIAN_POINT('',(-1.349999999999,-1.68,1.));
#1579 = LINE('',#1580,#1581);
#1580 = CARTESIAN_POINT('',(-1.35,-4.878909776184E-16,1.));
#1581 = VECTOR('',#1582,1.);
#1582 = DIRECTION('',(-3.614007241618E-16,1.,0.));
#1583 = ORIENTED_EDGE('',*,*,#1584,.T.);
#1584 = EDGE_CURVE('',#1577,#1585,#1587,.T.);
#1585 = VERTEX_POINT('',#1586);
#1586 = CARTESIAN_POINT('',(-1.349999999999,-1.68,0.249999999999));
#1587 = LINE('',#1588,#1589);
#1588 = CARTESIAN_POINT('',(-1.349999999999,-1.68,2.5));
#1589 = VECTOR('',#1590,1.);
#1590 = DIRECTION('',(0.,0.,-1.));
#1591 = ORIENTED_EDGE('',*,*,#1592,.F.);
#1592 = EDGE_CURVE('',#1188,#1585,#1593,.T.);
#1593 = LINE('',#1594,#1595);
#1594 = CARTESIAN_POINT('',(-1.349999999999,-1.68,0.25));
#1595 = VECTOR('',#1596,1.);
#1596 = DIRECTION('',(0.,1.,0.));
#1597 = PLANE('',#1598);
#1598 = AXIS2_PLACEMENT_3D('',#1599,#1600,#1601);
#1599 = CARTESIAN_POINT('',(-1.349999999999,-0.22,2.5));
#1600 = DIRECTION('',(1.,0.,0.));
#1601 = DIRECTION('',(0.,0.,-1.));
#1602 = ADVANCED_FACE('',(#1603),#1628,.T.);
#1603 = FACE_BOUND('',#1604,.T.);
#1604 = EDGE_LOOP('',(#1605,#1606,#1614,#1622));
#1605 = ORIENTED_EDGE('',*,*,#1504,.T.);
#1606 = ORIENTED_EDGE('',*,*,#1607,.T.);
#1607 = EDGE_CURVE('',#1497,#1608,#1610,.T.);
#1608 = VERTEX_POINT('',#1609);
#1609 = CARTESIAN_POINT('',(-1.049999999999,-0.22,5.E-02));
#1610 = LINE('',#1611,#1612);
#1611 = CARTESIAN_POINT('',(-1.349999999999,-0.22,5.E-02));
#1612 = VECTOR('',#1613,1.);
#1613 = DIRECTION('',(1.,-5.421010862427E-16,0.));
#1614 = ORIENTED_EDGE('',*,*,#1615,.F.);
#1615 = EDGE_CURVE('',#1616,#1608,#1618,.T.);
#1616 = VERTEX_POINT('',#1617);
#1617 = CARTESIAN_POINT('',(-1.049999999999,-0.22,1.));
#1618 = LINE('',#1619,#1620);
#1619 = CARTESIAN_POINT('',(-1.049999999999,-0.22,2.5));
#1620 = VECTOR('',#1621,1.);
#1621 = DIRECTION('',(0.,0.,-1.));
#1622 = ORIENTED_EDGE('',*,*,#1623,.F.);
#1623 = EDGE_CURVE('',#1505,#1616,#1624,.T.);
#1624 = LINE('',#1625,#1626);
#1625 = CARTESIAN_POINT('',(-1.192622389734E-16,-0.22,1.));
#1626 = VECTOR('',#1627,1.);
#1627 = DIRECTION('',(1.,-5.421010862427E-16,0.));
#1628 = PLANE('',#1629);
#1629 = AXIS2_PLACEMENT_3D('',#1630,#1631,#1632);
#1630 = CARTESIAN_POINT('',(-1.349999999999,-0.22,2.5));
#1631 = DIRECTION('',(-5.421010862427E-16,-1.,0.));
#1632 = DIRECTION('',(1.,-5.421010862427E-16,0.));
#1633 = ADVANCED_FACE('',(#1634),#1730,.T.);
#1634 = FACE_BOUND('',#1635,.T.);
#1635 = EDGE_LOOP('',(#1636,#1637,#1643,#1644,#1652,#1660,#1668,#1676,
    #1684,#1692,#1700,#1708,#1716,#1724));
#1636 = ORIENTED_EDGE('',*,*,#1615,.T.);
#1637 = ORIENTED_EDGE('',*,*,#1638,.T.);
#1638 = EDGE_CURVE('',#1608,#1204,#1639,.T.);
#1639 = LINE('',#1640,#1641);
#1640 = CARTESIAN_POINT('',(-1.049999999999,-0.22,5.E-02));
#1641 = VECTOR('',#1642,1.);
#1642 = DIRECTION('',(0.,-1.,0.));
#1643 = ORIENTED_EDGE('',*,*,#1203,.F.);
#1644 = ORIENTED_EDGE('',*,*,#1645,.F.);
#1645 = EDGE_CURVE('',#1646,#1196,#1648,.T.);
#1646 = VERTEX_POINT('',#1647);
#1647 = CARTESIAN_POINT('',(-1.049999999999,-1.68,0.25));
#1648 = LINE('',#1649,#1650);
#1649 = CARTESIAN_POINT('',(-1.049999999999,-1.68,0.25));
#1650 = VECTOR('',#1651,1.);
#1651 = DIRECTION('',(-6.776263578034E-16,-1.,0.));
#1652 = ORIENTED_EDGE('',*,*,#1653,.F.);
#1653 = EDGE_CURVE('',#1654,#1646,#1656,.T.);
#1654 = VERTEX_POINT('',#1655);
#1655 = CARTESIAN_POINT('',(-1.049999999999,-1.68,1.));
#1656 = LINE('',#1657,#1658);
#1657 = CARTESIAN_POINT('',(-1.049999999999,-1.68,2.5));
#1658 = VECTOR('',#1659,1.);
#1659 = DIRECTION('',(0.,0.,-1.));
#1660 = ORIENTED_EDGE('',*,*,#1661,.F.);
#1661 = EDGE_CURVE('',#1662,#1654,#1664,.T.);
#1662 = VERTEX_POINT('',#1663);
#1663 = CARTESIAN_POINT('',(-1.049999999999,-1.279999999999,1.));
#1664 = LINE('',#1665,#1666);
#1665 = CARTESIAN_POINT('',(-1.05,-3.794707603699E-16,1.));
#1666 = VECTOR('',#1667,1.);
#1667 = DIRECTION('',(3.614007241618E-16,-1.,0.));
#1668 = ORIENTED_EDGE('',*,*,#1669,.T.);
#1669 = EDGE_CURVE('',#1662,#1670,#1672,.T.);
#1670 = VERTEX_POINT('',#1671);
#1671 = CARTESIAN_POINT('',(-1.049999999999,-1.279999999999,2.5));
#1672 = LINE('',#1673,#1674);
#1673 = CARTESIAN_POINT('',(-1.049999999999,-1.279999999999,
    2.899999999999));
#1674 = VECTOR('',#1675,1.);
#1675 = DIRECTION('',(0.,0.,1.));
#1676 = ORIENTED_EDGE('',*,*,#1677,.T.);
#1677 = EDGE_CURVE('',#1670,#1678,#1680,.T.);
#1678 = VERTEX_POINT('',#1679);
#1679 = CARTESIAN_POINT('',(-1.049999999999,-1.08,2.5));
#1680 = LINE('',#1681,#1682);
#1681 = CARTESIAN_POINT('',(-1.049999999999,-1.68,2.5));
#1682 = VECTOR('',#1683,1.);
#1683 = DIRECTION('',(-3.614007241618E-16,1.,0.));
#1684 = ORIENTED_EDGE('',*,*,#1685,.T.);
#1685 = EDGE_CURVE('',#1678,#1686,#1688,.T.);
#1686 = VERTEX_POINT('',#1687);
#1687 = CARTESIAN_POINT('',(-1.049999999999,-1.08,2.));
#1688 = LINE('',#1689,#1690);
#1689 = CARTESIAN_POINT('',(-1.049999999999,-1.08,2.5));
#1690 = VECTOR('',#1691,1.);
#1691 = DIRECTION('',(0.,0.,-1.));
#1692 = ORIENTED_EDGE('',*,*,#1693,.F.);
#1693 = EDGE_CURVE('',#1694,#1686,#1696,.T.);
#1694 = VERTEX_POINT('',#1695);
#1695 = CARTESIAN_POINT('',(-1.049999999999,-0.819999999999,2.));
#1696 = LINE('',#1697,#1698);
#1697 = CARTESIAN_POINT('',(-1.049999999999,-0.22,2.));
#1698 = VECTOR('',#1699,1.);
#1699 = DIRECTION('',(-1.485208455459E-16,-1.,0.));
#1700 = ORIENTED_EDGE('',*,*,#1701,.F.);
#1701 = EDGE_CURVE('',#1702,#1694,#1704,.T.);
#1702 = VERTEX_POINT('',#1703);
#1703 = CARTESIAN_POINT('',(-1.049999999999,-0.819999999999,2.5));
#1704 = LINE('',#1705,#1706);
#1705 = CARTESIAN_POINT('',(-1.049999999999,-0.819999999999,2.5));
#1706 = VECTOR('',#1707,1.);
#1707 = DIRECTION('',(0.,0.,-1.));
#1708 = ORIENTED_EDGE('',*,*,#1709,.T.);
#1709 = EDGE_CURVE('',#1702,#1710,#1712,.T.);
#1710 = VERTEX_POINT('',#1711);
#1711 = CARTESIAN_POINT('',(-1.049999999999,-0.619999999999,2.5));
#1712 = LINE('',#1713,#1714);
#1713 = CARTESIAN_POINT('',(-1.049999999999,-0.22,2.5));
#1714 = VECTOR('',#1715,1.);
#1715 = DIRECTION('',(0.,1.,0.));
#1716 = ORIENTED_EDGE('',*,*,#1717,.T.);
#1717 = EDGE_CURVE('',#1710,#1718,#1720,.T.);
#1718 = VERTEX_POINT('',#1719);
#1719 = CARTESIAN_POINT('',(-1.049999999999,-0.619999999999,1.));
#1720 = LINE('',#1721,#1722);
#1721 = CARTESIAN_POINT('',(-1.049999999999,-0.619999999999,
    2.899999999999));
#1722 = VECTOR('',#1723,1.);
#1723 = DIRECTION('',(0.,0.,-1.));
#1724 = ORIENTED_EDGE('',*,*,#1725,.F.);
#1725 = EDGE_CURVE('',#1616,#1718,#1726,.T.);
#1726 = LINE('',#1727,#1728);
#1727 = CARTESIAN_POINT('',(-1.049999999999,0.,1.));
#1728 = VECTOR('',#1729,1.);
#1729 = DIRECTION('',(0.,-1.,0.));
#1730 = PLANE('',#1731);
#1731 = AXIS2_PLACEMENT_3D('',#1732,#1733,#1734);
#1732 = CARTESIAN_POINT('',(-1.049999999999,-0.22,2.5));
#1733 = DIRECTION('',(-1.,0.,0.));
#1734 = DIRECTION('',(0.,0.,1.));
#1735 = ADVANCED_FACE('',(#1736),#1841,.T.);
#1736 = FACE_BOUND('',#1737,.T.);
#1737 = EDGE_LOOP('',(#1738,#1739,#1747,#1755,#1763,#1771,#1779,#1787,
    #1795,#1803,#1811,#1819,#1827,#1835));
#1738 = ORIENTED_EDGE('',*,*,#1465,.T.);
#1739 = ORIENTED_EDGE('',*,*,#1740,.T.);
#1740 = EDGE_CURVE('',#1458,#1741,#1743,.T.);
#1741 = VERTEX_POINT('',#1742);
#1742 = CARTESIAN_POINT('',(-1.049999999999,0.219999999999,5.E-02));
#1743 = LINE('',#1744,#1745);
#1744 = CARTESIAN_POINT('',(-1.05,1.68,5.E-02));
#1745 = VECTOR('',#1746,1.);
#1746 = DIRECTION('',(0.,-1.,0.));
#1747 = ORIENTED_EDGE('',*,*,#1748,.F.);
#1748 = EDGE_CURVE('',#1749,#1741,#1751,.T.);
#1749 = VERTEX_POINT('',#1750);
#1750 = CARTESIAN_POINT('',(-1.049999999999,0.219999999999,1.));
#1751 = LINE('',#1752,#1753);
#1752 = CARTESIAN_POINT('',(-1.049999999999,0.219999999999,2.5));
#1753 = VECTOR('',#1754,1.);
#1754 = DIRECTION('',(0.,0.,-1.));
#1755 = ORIENTED_EDGE('',*,*,#1756,.F.);
#1756 = EDGE_CURVE('',#1757,#1749,#1759,.T.);
#1757 = VERTEX_POINT('',#1758);
#1758 = CARTESIAN_POINT('',(-1.049999999999,0.619999999999,1.));
#1759 = LINE('',#1760,#1761);
#1760 = CARTESIAN_POINT('',(-1.049999999999,-3.794707603699E-16,1.));
#1761 = VECTOR('',#1762,1.);
#1762 = DIRECTION('',(3.614007241618E-16,-1.,0.));
#1763 = ORIENTED_EDGE('',*,*,#1764,.T.);
#1764 = EDGE_CURVE('',#1757,#1765,#1767,.T.);
#1765 = VERTEX_POINT('',#1766);
#1766 = CARTESIAN_POINT('',(-1.049999999999,0.619999999999,2.5));
#1767 = LINE('',#1768,#1769);
#1768 = CARTESIAN_POINT('',(-1.049999999999,0.619999999999,
    2.899999999999));
#1769 = VECTOR('',#1770,1.);
#1770 = DIRECTION('',(0.,0.,1.));
#1771 = ORIENTED_EDGE('',*,*,#1772,.T.);
#1772 = EDGE_CURVE('',#1765,#1773,#1775,.T.);
#1773 = VERTEX_POINT('',#1774);
#1774 = CARTESIAN_POINT('',(-1.05,0.819999999999,2.5));
#1775 = LINE('',#1776,#1777);
#1776 = CARTESIAN_POINT('',(-1.049999999999,0.219999999999,2.5));
#1777 = VECTOR('',#1778,1.);
#1778 = DIRECTION('',(-3.614007241618E-16,1.,0.));
#1779 = ORIENTED_EDGE('',*,*,#1780,.T.);
#1780 = EDGE_CURVE('',#1773,#1781,#1783,.T.);
#1781 = VERTEX_POINT('',#1782);
#1782 = CARTESIAN_POINT('',(-1.05,0.819999999999,2.));
#1783 = LINE('',#1784,#1785);
#1784 = CARTESIAN_POINT('',(-1.05,0.819999999999,2.5));
#1785 = VECTOR('',#1786,1.);
#1786 = DIRECTION('',(0.,0.,-1.));
#1787 = ORIENTED_EDGE('',*,*,#1788,.F.);
#1788 = EDGE_CURVE('',#1789,#1781,#1791,.T.);
#1789 = VERTEX_POINT('',#1790);
#1790 = CARTESIAN_POINT('',(-1.05,1.08,2.));
#1791 = LINE('',#1792,#1793);
#1792 = CARTESIAN_POINT('',(-1.05,1.68,2.));
#1793 = VECTOR('',#1794,1.);
#1794 = DIRECTION('',(-1.485208455459E-16,-1.,0.));
#1795 = ORIENTED_EDGE('',*,*,#1796,.F.);
#1796 = EDGE_CURVE('',#1797,#1789,#1799,.T.);
#1797 = VERTEX_POINT('',#1798);
#1798 = CARTESIAN_POINT('',(-1.05,1.08,2.5));
#1799 = LINE('',#1800,#1801);
#1800 = CARTESIAN_POINT('',(-1.05,1.08,2.5));
#1801 = VECTOR('',#1802,1.);
#1802 = DIRECTION('',(0.,0.,-1.));
#1803 = ORIENTED_EDGE('',*,*,#1804,.T.);
#1804 = EDGE_CURVE('',#1797,#1805,#1807,.T.);
#1805 = VERTEX_POINT('',#1806);
#1806 = CARTESIAN_POINT('',(-1.05,1.279999999999,2.5));
#1807 = LINE('',#1808,#1809);
#1808 = CARTESIAN_POINT('',(-1.05,1.68,2.5));
#1809 = VECTOR('',#1810,1.);
#1810 = DIRECTION('',(0.,1.,0.));
#1811 = ORIENTED_EDGE('',*,*,#1812,.T.);
#1812 = EDGE_CURVE('',#1805,#1813,#1815,.T.);
#1813 = VERTEX_POINT('',#1814);
#1814 = CARTESIAN_POINT('',(-1.05,1.279999999999,1.));
#1815 = LINE('',#1816,#1817);
#1816 = CARTESIAN_POINT('',(-1.05,1.279999999999,2.899999999999));
#1817 = VECTOR('',#1818,1.);
#1818 = DIRECTION('',(0.,0.,-1.));
#1819 = ORIENTED_EDGE('',*,*,#1820,.F.);
#1820 = EDGE_CURVE('',#1821,#1813,#1823,.T.);
#1821 = VERTEX_POINT('',#1822);
#1822 = CARTESIAN_POINT('',(-1.05,1.68,1.));
#1823 = LINE('',#1824,#1825);
#1824 = CARTESIAN_POINT('',(-1.05,0.,1.));
#1825 = VECTOR('',#1826,1.);
#1826 = DIRECTION('',(0.,-1.,0.));
#1827 = ORIENTED_EDGE('',*,*,#1828,.T.);
#1828 = EDGE_CURVE('',#1821,#1829,#1831,.T.);
#1829 = VERTEX_POINT('',#1830);
#1830 = CARTESIAN_POINT('',(-1.049999999999,1.68,0.25));
#1831 = LINE('',#1832,#1833);
#1832 = CARTESIAN_POINT('',(-1.05,1.68,2.5));
#1833 = VECTOR('',#1834,1.);
#1834 = DIRECTION('',(0.,0.,-1.));
#1835 = ORIENTED_EDGE('',*,*,#1836,.F.);
#1836 = EDGE_CURVE('',#1466,#1829,#1837,.T.);
#1837 = LINE('',#1838,#1839);
#1838 = CARTESIAN_POINT('',(-1.049999999999,1.68,0.25));
#1839 = VECTOR('',#1840,1.);
#1840 = DIRECTION('',(0.,-1.,0.));
#1841 = PLANE('',#1842);
#1842 = AXIS2_PLACEMENT_3D('',#1843,#1844,#1845);
#1843 = CARTESIAN_POINT('',(-1.05,1.68,2.5));
#1844 = DIRECTION('',(-1.,0.,0.));
#1845 = DIRECTION('',(0.,0.,1.));
#1846 = ADVANCED_FACE('',(#1847),#1872,.T.);
#1847 = FACE_BOUND('',#1848,.T.);
#1848 = EDGE_LOOP('',(#1849,#1850,#1858,#1866));
#1849 = ORIENTED_EDGE('',*,*,#1748,.T.);
#1850 = ORIENTED_EDGE('',*,*,#1851,.T.);
#1851 = EDGE_CURVE('',#1741,#1852,#1854,.T.);
#1852 = VERTEX_POINT('',#1853);
#1853 = CARTESIAN_POINT('',(-1.349999999999,0.219999999999,5.E-02));
#1854 = LINE('',#1855,#1856);
#1855 = CARTESIAN_POINT('',(-1.349999999999,0.219999999999,5.E-02));
#1856 = VECTOR('',#1857,1.);
#1857 = DIRECTION('',(-1.,-7.228014483236E-16,0.));
#1858 = ORIENTED_EDGE('',*,*,#1859,.F.);
#1859 = EDGE_CURVE('',#1860,#1852,#1862,.T.);
#1860 = VERTEX_POINT('',#1861);
#1861 = CARTESIAN_POINT('',(-1.349999999999,0.219999999999,1.));
#1862 = LINE('',#1863,#1864);
#1863 = CARTESIAN_POINT('',(-1.349999999999,0.219999999999,2.5));
#1864 = VECTOR('',#1865,1.);
#1865 = DIRECTION('',(0.,0.,-1.));
#1866 = ORIENTED_EDGE('',*,*,#1867,.F.);
#1867 = EDGE_CURVE('',#1749,#1860,#1868,.T.);
#1868 = LINE('',#1869,#1870);
#1869 = CARTESIAN_POINT('',(-1.590163186312E-16,0.22,1.));
#1870 = VECTOR('',#1871,1.);
#1871 = DIRECTION('',(-1.,-7.228014483236E-16,0.));
#1872 = PLANE('',#1873);
#1873 = AXIS2_PLACEMENT_3D('',#1874,#1875,#1876);
#1874 = CARTESIAN_POINT('',(-1.349999999999,0.219999999999,2.5));
#1875 = DIRECTION('',(-7.228014483236E-16,1.,0.));
#1876 = DIRECTION('',(-1.,-7.228014483236E-16,0.));
#1877 = ADVANCED_FACE('',(#1878),#1974,.T.);
#1878 = FACE_BOUND('',#1879,.T.);
#1879 = EDGE_LOOP('',(#1880,#1881,#1887,#1888,#1896,#1904,#1912,#1920,
    #1928,#1936,#1944,#1952,#1960,#1968));
#1880 = ORIENTED_EDGE('',*,*,#1859,.T.);
#1881 = ORIENTED_EDGE('',*,*,#1882,.T.);
#1882 = EDGE_CURVE('',#1852,#1316,#1883,.T.);
#1883 = LINE('',#1884,#1885);
#1884 = CARTESIAN_POINT('',(-1.349999999999,1.68,5.E-02));
#1885 = VECTOR('',#1886,1.);
#1886 = DIRECTION('',(0.,1.,0.));
#1887 = ORIENTED_EDGE('',*,*,#1481,.F.);
#1888 = ORIENTED_EDGE('',*,*,#1889,.F.);
#1889 = EDGE_CURVE('',#1890,#1474,#1892,.T.);
#1890 = VERTEX_POINT('',#1891);
#1891 = CARTESIAN_POINT('',(-1.349999999999,1.68,0.249999999999));
#1892 = LINE('',#1893,#1894);
#1893 = CARTESIAN_POINT('',(-1.349999999999,1.68,0.25));
#1894 = VECTOR('',#1895,1.);
#1895 = DIRECTION('',(6.776263578034E-16,1.,0.));
#1896 = ORIENTED_EDGE('',*,*,#1897,.F.);
#1897 = EDGE_CURVE('',#1898,#1890,#1900,.T.);
#1898 = VERTEX_POINT('',#1899);
#1899 = CARTESIAN_POINT('',(-1.349999999999,1.68,1.));
#1900 = LINE('',#1901,#1902);
#1901 = CARTESIAN_POINT('',(-1.349999999999,1.68,2.5));
#1902 = VECTOR('',#1903,1.);
#1903 = DIRECTION('',(0.,0.,-1.));
#1904 = ORIENTED_EDGE('',*,*,#1905,.F.);
#1905 = EDGE_CURVE('',#1906,#1898,#1908,.T.);
#1906 = VERTEX_POINT('',#1907);
#1907 = CARTESIAN_POINT('',(-1.349999999999,1.279999999999,1.));
#1908 = LINE('',#1909,#1910);
#1909 = CARTESIAN_POINT('',(-1.349999999999,0.,1.));
#1910 = VECTOR('',#1911,1.);
#1911 = DIRECTION('',(0.,1.,0.));
#1912 = ORIENTED_EDGE('',*,*,#1913,.T.);
#1913 = EDGE_CURVE('',#1906,#1914,#1916,.T.);
#1914 = VERTEX_POINT('',#1915);
#1915 = CARTESIAN_POINT('',(-1.349999999999,1.279999999999,2.5));
#1916 = LINE('',#1917,#1918);
#1917 = CARTESIAN_POINT('',(-1.349999999999,1.279999999999,
    2.899999999999));
#1918 = VECTOR('',#1919,1.);
#1919 = DIRECTION('',(0.,0.,1.));
#1920 = ORIENTED_EDGE('',*,*,#1921,.T.);
#1921 = EDGE_CURVE('',#1914,#1922,#1924,.T.);
#1922 = VERTEX_POINT('',#1923);
#1923 = CARTESIAN_POINT('',(-1.349999999999,1.08,2.5));
#1924 = LINE('',#1925,#1926);
#1925 = CARTESIAN_POINT('',(-1.349999999999,1.68,2.5));
#1926 = VECTOR('',#1927,1.);
#1927 = DIRECTION('',(0.,-1.,0.));
#1928 = ORIENTED_EDGE('',*,*,#1929,.T.);
#1929 = EDGE_CURVE('',#1922,#1930,#1932,.T.);
#1930 = VERTEX_POINT('',#1931);
#1931 = CARTESIAN_POINT('',(-1.349999999999,1.08,2.));
#1932 = LINE('',#1933,#1934);
#1933 = CARTESIAN_POINT('',(-1.349999999999,1.08,2.5));
#1934 = VECTOR('',#1935,1.);
#1935 = DIRECTION('',(0.,0.,-1.));
#1936 = ORIENTED_EDGE('',*,*,#1937,.F.);
#1937 = EDGE_CURVE('',#1938,#1930,#1940,.T.);
#1938 = VERTEX_POINT('',#1939);
#1939 = CARTESIAN_POINT('',(-1.349999999999,0.819999999999,2.));
#1940 = LINE('',#1941,#1942);
#1941 = CARTESIAN_POINT('',(-1.349999999999,1.68,2.));
#1942 = VECTOR('',#1943,1.);
#1943 = DIRECTION('',(1.485208455459E-16,1.,0.));
#1944 = ORIENTED_EDGE('',*,*,#1945,.F.);
#1945 = EDGE_CURVE('',#1946,#1938,#1948,.T.);
#1946 = VERTEX_POINT('',#1947);
#1947 = CARTESIAN_POINT('',(-1.349999999999,0.819999999999,2.5));
#1948 = LINE('',#1949,#1950);
#1949 = CARTESIAN_POINT('',(-1.349999999999,0.819999999999,2.5));
#1950 = VECTOR('',#1951,1.);
#1951 = DIRECTION('',(0.,0.,-1.));
#1952 = ORIENTED_EDGE('',*,*,#1953,.T.);
#1953 = EDGE_CURVE('',#1946,#1954,#1956,.T.);
#1954 = VERTEX_POINT('',#1955);
#1955 = CARTESIAN_POINT('',(-1.349999999999,0.619999999999,2.5));
#1956 = LINE('',#1957,#1958);
#1957 = CARTESIAN_POINT('',(-1.349999999999,0.219999999999,2.5));
#1958 = VECTOR('',#1959,1.);
#1959 = DIRECTION('',(3.614007241618E-16,-1.,0.));
#1960 = ORIENTED_EDGE('',*,*,#1961,.T.);
#1961 = EDGE_CURVE('',#1954,#1962,#1964,.T.);
#1962 = VERTEX_POINT('',#1963);
#1963 = CARTESIAN_POINT('',(-1.349999999999,0.619999999999,1.));
#1964 = LINE('',#1965,#1966);
#1965 = CARTESIAN_POINT('',(-1.349999999999,0.619999999999,
    2.899999999999));
#1966 = VECTOR('',#1967,1.);
#1967 = DIRECTION('',(0.,0.,-1.));
#1968 = ORIENTED_EDGE('',*,*,#1969,.F.);
#1969 = EDGE_CURVE('',#1860,#1962,#1970,.T.);
#1970 = LINE('',#1971,#1972);
#1971 = CARTESIAN_POINT('',(-1.349999999999,-4.878909776184E-16,1.));
#1972 = VECTOR('',#1973,1.);
#1973 = DIRECTION('',(-3.614007241618E-16,1.,0.));
#1974 = PLANE('',#1975);
#1975 = AXIS2_PLACEMENT_3D('',#1976,#1977,#1978);
#1976 = CARTESIAN_POINT('',(-1.349999999999,1.68,2.5));
#1977 = DIRECTION('',(1.,0.,0.));
#1978 = DIRECTION('',(0.,0.,-1.));
#1979 = ADVANCED_FACE('',(#1980),#2085,.T.);
#1980 = FACE_BOUND('',#1981,.T.);
#1981 = EDGE_LOOP('',(#1982,#1983,#1991,#1999,#2007,#2015,#2023,#2031,
    #2039,#2047,#2055,#2063,#2071,#2079));
#1982 = ORIENTED_EDGE('',*,*,#1283,.T.);
#1983 = ORIENTED_EDGE('',*,*,#1984,.T.);
#1984 = EDGE_CURVE('',#1276,#1985,#1987,.T.);
#1985 = VERTEX_POINT('',#1986);
#1986 = CARTESIAN_POINT('',(1.05,-0.22,5.E-02));
#1987 = LINE('',#1988,#1989);
#1988 = CARTESIAN_POINT('',(1.05,-0.22,5.E-02));
#1989 = VECTOR('',#1990,1.);
#1990 = DIRECTION('',(0.,1.,0.));
#1991 = ORIENTED_EDGE('',*,*,#1992,.F.);
#1992 = EDGE_CURVE('',#1993,#1985,#1995,.T.);
#1993 = VERTEX_POINT('',#1994);
#1994 = CARTESIAN_POINT('',(1.05,-0.22,1.));
#1995 = LINE('',#1996,#1997);
#1996 = CARTESIAN_POINT('',(1.05,-0.22,2.5));
#1997 = VECTOR('',#1998,1.);
#1998 = DIRECTION('',(0.,0.,-1.));
#1999 = ORIENTED_EDGE('',*,*,#2000,.F.);
#2000 = EDGE_CURVE('',#2001,#1993,#2003,.T.);
#2001 = VERTEX_POINT('',#2002);
#2002 = CARTESIAN_POINT('',(1.05,-0.62,1.));
#2003 = LINE('',#2004,#2005);
#2004 = CARTESIAN_POINT('',(1.05,0.,1.));
#2005 = VECTOR('',#2006,1.);
#2006 = DIRECTION('',(0.,1.,0.));
#2007 = ORIENTED_EDGE('',*,*,#2008,.T.);
#2008 = EDGE_CURVE('',#2001,#2009,#2011,.T.);
#2009 = VERTEX_POINT('',#2010);
#2010 = CARTESIAN_POINT('',(1.05,-0.62,2.5));
#2011 = LINE('',#2012,#2013);
#2012 = CARTESIAN_POINT('',(1.05,-0.62,2.899999999999));
#2013 = VECTOR('',#2014,1.);
#2014 = DIRECTION('',(0.,0.,1.));
#2015 = ORIENTED_EDGE('',*,*,#2016,.T.);
#2016 = EDGE_CURVE('',#2009,#2017,#2019,.T.);
#2017 = VERTEX_POINT('',#2018);
#2018 = CARTESIAN_POINT('',(1.05,-0.82,2.5));
#2019 = LINE('',#2020,#2021);
#2020 = CARTESIAN_POINT('',(1.05,-0.22,2.5));
#2021 = VECTOR('',#2022,1.);
#2022 = DIRECTION('',(0.,-1.,0.));
#2023 = ORIENTED_EDGE('',*,*,#2024,.T.);
#2024 = EDGE_CURVE('',#2017,#2025,#2027,.T.);
#2025 = VERTEX_POINT('',#2026);
#2026 = CARTESIAN_POINT('',(1.05,-0.819999999999,2.));
#2027 = LINE('',#2028,#2029);
#2028 = CARTESIAN_POINT('',(1.05,-0.82,2.5));
#2029 = VECTOR('',#2030,1.);
#2030 = DIRECTION('',(0.,0.,-1.));
#2031 = ORIENTED_EDGE('',*,*,#2032,.F.);
#2032 = EDGE_CURVE('',#2033,#2025,#2035,.T.);
#2033 = VERTEX_POINT('',#2034);
#2034 = CARTESIAN_POINT('',(1.05,-1.08,2.));
#2035 = LINE('',#2036,#2037);
#2036 = CARTESIAN_POINT('',(1.05,-0.22,2.));
#2037 = VECTOR('',#2038,1.);
#2038 = DIRECTION('',(1.485208455459E-16,1.,0.));
#2039 = ORIENTED_EDGE('',*,*,#2040,.F.);
#2040 = EDGE_CURVE('',#2041,#2033,#2043,.T.);
#2041 = VERTEX_POINT('',#2042);
#2042 = CARTESIAN_POINT('',(1.05,-1.08,2.5));
#2043 = LINE('',#2044,#2045);
#2044 = CARTESIAN_POINT('',(1.05,-1.08,2.5));
#2045 = VECTOR('',#2046,1.);
#2046 = DIRECTION('',(0.,0.,-1.));
#2047 = ORIENTED_EDGE('',*,*,#2048,.T.);
#2048 = EDGE_CURVE('',#2041,#2049,#2051,.T.);
#2049 = VERTEX_POINT('',#2050);
#2050 = CARTESIAN_POINT('',(1.05,-1.28,2.5));
#2051 = LINE('',#2052,#2053);
#2052 = CARTESIAN_POINT('',(1.05,-1.68,2.5));
#2053 = VECTOR('',#2054,1.);
#2054 = DIRECTION('',(3.614007241618E-16,-1.,0.));
#2055 = ORIENTED_EDGE('',*,*,#2056,.T.);
#2056 = EDGE_CURVE('',#2049,#2057,#2059,.T.);
#2057 = VERTEX_POINT('',#2058);
#2058 = CARTESIAN_POINT('',(1.05,-1.28,1.));
#2059 = LINE('',#2060,#2061);
#2060 = CARTESIAN_POINT('',(1.05,-1.28,2.899999999999));
#2061 = VECTOR('',#2062,1.);
#2062 = DIRECTION('',(0.,0.,-1.));
#2063 = ORIENTED_EDGE('',*,*,#2064,.F.);
#2064 = EDGE_CURVE('',#2065,#2057,#2067,.T.);
#2065 = VERTEX_POINT('',#2066);
#2066 = CARTESIAN_POINT('',(1.05,-1.68,1.));
#2067 = LINE('',#2068,#2069);
#2068 = CARTESIAN_POINT('',(1.05,3.794707603699E-16,1.));
#2069 = VECTOR('',#2070,1.);
#2070 = DIRECTION('',(-3.614007241618E-16,1.,0.));
#2071 = ORIENTED_EDGE('',*,*,#2072,.T.);
#2072 = EDGE_CURVE('',#2065,#2073,#2075,.T.);
#2073 = VERTEX_POINT('',#2074);
#2074 = CARTESIAN_POINT('',(1.05,-1.68,0.249999999999));
#2075 = LINE('',#2076,#2077);
#2076 = CARTESIAN_POINT('',(1.05,-1.68,2.5));
#2077 = VECTOR('',#2078,1.);
#2078 = DIRECTION('',(0.,0.,-1.));
#2079 = ORIENTED_EDGE('',*,*,#2080,.F.);
#2080 = EDGE_CURVE('',#1284,#2073,#2081,.T.);
#2081 = LINE('',#2082,#2083);
#2082 = CARTESIAN_POINT('',(1.05,-1.68,0.25));
#2083 = VECTOR('',#2084,1.);
#2084 = DIRECTION('',(0.,1.,0.));
#2085 = PLANE('',#2086);
#2086 = AXIS2_PLACEMENT_3D('',#2087,#2088,#2089);
#2087 = CARTESIAN_POINT('',(1.05,-0.22,2.5));
#2088 = DIRECTION('',(1.,0.,0.));
#2089 = DIRECTION('',(0.,0.,-1.));
#2090 = ADVANCED_FACE('',(#2091),#2116,.T.);
#2091 = FACE_BOUND('',#2092,.T.);
#2092 = EDGE_LOOP('',(#2093,#2094,#2102,#2110));
#2093 = ORIENTED_EDGE('',*,*,#1992,.T.);
#2094 = ORIENTED_EDGE('',*,*,#2095,.T.);
#2095 = EDGE_CURVE('',#1985,#2096,#2098,.T.);
#2096 = VERTEX_POINT('',#2097);
#2097 = CARTESIAN_POINT('',(1.35,-0.22,5.E-02));
#2098 = LINE('',#2099,#2100);
#2099 = CARTESIAN_POINT('',(1.05,-0.22,5.E-02));
#2100 = VECTOR('',#2101,1.);
#2101 = DIRECTION('',(1.,-5.421010862427E-16,0.));
#2102 = ORIENTED_EDGE('',*,*,#2103,.F.);
#2103 = EDGE_CURVE('',#2104,#2096,#2106,.T.);
#2104 = VERTEX_POINT('',#2105);
#2105 = CARTESIAN_POINT('',(1.35,-0.22,1.));
#2106 = LINE('',#2107,#2108);
#2107 = CARTESIAN_POINT('',(1.35,-0.22,2.5));
#2108 = VECTOR('',#2109,1.);
#2109 = DIRECTION('',(0.,0.,-1.));
#2110 = ORIENTED_EDGE('',*,*,#2111,.F.);
#2111 = EDGE_CURVE('',#1993,#2104,#2112,.T.);
#2112 = LINE('',#2113,#2114);
#2113 = CARTESIAN_POINT('',(-1.192622389734E-16,-0.219999999999,1.));
#2114 = VECTOR('',#2115,1.);
#2115 = DIRECTION('',(1.,-5.421010862427E-16,0.));
#2116 = PLANE('',#2117);
#2117 = AXIS2_PLACEMENT_3D('',#2118,#2119,#2120);
#2118 = CARTESIAN_POINT('',(1.05,-0.22,2.5));
#2119 = DIRECTION('',(-5.421010862427E-16,-1.,0.));
#2120 = DIRECTION('',(1.,-5.421010862427E-16,0.));
#2121 = ADVANCED_FACE('',(#2122),#2218,.T.);
#2122 = FACE_BOUND('',#2123,.T.);
#2123 = EDGE_LOOP('',(#2124,#2125,#2131,#2132,#2140,#2148,#2156,#2164,
    #2172,#2180,#2188,#2196,#2204,#2212));
#2124 = ORIENTED_EDGE('',*,*,#2103,.T.);
#2125 = ORIENTED_EDGE('',*,*,#2126,.T.);
#2126 = EDGE_CURVE('',#2096,#1134,#2127,.T.);
#2127 = LINE('',#2128,#2129);
#2128 = CARTESIAN_POINT('',(1.35,-0.22,5.E-02));
#2129 = VECTOR('',#2130,1.);
#2130 = DIRECTION('',(0.,-1.,0.));
#2131 = ORIENTED_EDGE('',*,*,#1299,.F.);
#2132 = ORIENTED_EDGE('',*,*,#2133,.F.);
#2133 = EDGE_CURVE('',#2134,#1292,#2136,.T.);
#2134 = VERTEX_POINT('',#2135);
#2135 = CARTESIAN_POINT('',(1.35,-1.68,0.25));
#2136 = LINE('',#2137,#2138);
#2137 = CARTESIAN_POINT('',(1.35,-1.68,0.25));
#2138 = VECTOR('',#2139,1.);
#2139 = DIRECTION('',(-6.776263578034E-16,-1.,0.));
#2140 = ORIENTED_EDGE('',*,*,#2141,.F.);
#2141 = EDGE_CURVE('',#2142,#2134,#2144,.T.);
#2142 = VERTEX_POINT('',#2143);
#2143 = CARTESIAN_POINT('',(1.35,-1.68,1.));
#2144 = LINE('',#2145,#2146);
#2145 = CARTESIAN_POINT('',(1.35,-1.68,2.5));
#2146 = VECTOR('',#2147,1.);
#2147 = DIRECTION('',(0.,0.,-1.));
#2148 = ORIENTED_EDGE('',*,*,#2149,.F.);
#2149 = EDGE_CURVE('',#2150,#2142,#2152,.T.);
#2150 = VERTEX_POINT('',#2151);
#2151 = CARTESIAN_POINT('',(1.35,-1.28,1.));
#2152 = LINE('',#2153,#2154);
#2153 = CARTESIAN_POINT('',(1.35,4.878909776184E-16,1.));
#2154 = VECTOR('',#2155,1.);
#2155 = DIRECTION('',(3.614007241618E-16,-1.,0.));
#2156 = ORIENTED_EDGE('',*,*,#2157,.T.);
#2157 = EDGE_CURVE('',#2150,#2158,#2160,.T.);
#2158 = VERTEX_POINT('',#2159);
#2159 = CARTESIAN_POINT('',(1.35,-1.28,2.5));
#2160 = LINE('',#2161,#2162);
#2161 = CARTESIAN_POINT('',(1.35,-1.28,2.899999999999));
#2162 = VECTOR('',#2163,1.);
#2163 = DIRECTION('',(0.,0.,1.));
#2164 = ORIENTED_EDGE('',*,*,#2165,.T.);
#2165 = EDGE_CURVE('',#2158,#2166,#2168,.T.);
#2166 = VERTEX_POINT('',#2167);
#2167 = CARTESIAN_POINT('',(1.35,-1.08,2.5));
#2168 = LINE('',#2169,#2170);
#2169 = CARTESIAN_POINT('',(1.35,-1.68,2.5));
#2170 = VECTOR('',#2171,1.);
#2171 = DIRECTION('',(-3.614007241618E-16,1.,0.));
#2172 = ORIENTED_EDGE('',*,*,#2173,.T.);
#2173 = EDGE_CURVE('',#2166,#2174,#2176,.T.);
#2174 = VERTEX_POINT('',#2175);
#2175 = CARTESIAN_POINT('',(1.35,-1.08,2.));
#2176 = LINE('',#2177,#2178);
#2177 = CARTESIAN_POINT('',(1.35,-1.08,2.5));
#2178 = VECTOR('',#2179,1.);
#2179 = DIRECTION('',(0.,0.,-1.));
#2180 = ORIENTED_EDGE('',*,*,#2181,.F.);
#2181 = EDGE_CURVE('',#2182,#2174,#2184,.T.);
#2182 = VERTEX_POINT('',#2183);
#2183 = CARTESIAN_POINT('',(1.35,-0.819999999999,2.));
#2184 = LINE('',#2185,#2186);
#2185 = CARTESIAN_POINT('',(1.35,-0.22,2.));
#2186 = VECTOR('',#2187,1.);
#2187 = DIRECTION('',(-1.485208455459E-16,-1.,0.));
#2188 = ORIENTED_EDGE('',*,*,#2189,.F.);
#2189 = EDGE_CURVE('',#2190,#2182,#2192,.T.);
#2190 = VERTEX_POINT('',#2191);
#2191 = CARTESIAN_POINT('',(1.35,-0.819999999999,2.5));
#2192 = LINE('',#2193,#2194);
#2193 = CARTESIAN_POINT('',(1.35,-0.819999999999,2.5));
#2194 = VECTOR('',#2195,1.);
#2195 = DIRECTION('',(0.,0.,-1.));
#2196 = ORIENTED_EDGE('',*,*,#2197,.T.);
#2197 = EDGE_CURVE('',#2190,#2198,#2200,.T.);
#2198 = VERTEX_POINT('',#2199);
#2199 = CARTESIAN_POINT('',(1.35,-0.62,2.5));
#2200 = LINE('',#2201,#2202);
#2201 = CARTESIAN_POINT('',(1.35,-0.22,2.5));
#2202 = VECTOR('',#2203,1.);
#2203 = DIRECTION('',(0.,1.,0.));
#2204 = ORIENTED_EDGE('',*,*,#2205,.T.);
#2205 = EDGE_CURVE('',#2198,#2206,#2208,.T.);
#2206 = VERTEX_POINT('',#2207);
#2207 = CARTESIAN_POINT('',(1.35,-0.62,1.));
#2208 = LINE('',#2209,#2210);
#2209 = CARTESIAN_POINT('',(1.35,-0.62,2.899999999999));
#2210 = VECTOR('',#2211,1.);
#2211 = DIRECTION('',(0.,0.,-1.));
#2212 = ORIENTED_EDGE('',*,*,#2213,.F.);
#2213 = EDGE_CURVE('',#2104,#2206,#2214,.T.);
#2214 = LINE('',#2215,#2216);
#2215 = CARTESIAN_POINT('',(1.35,0.,1.));
#2216 = VECTOR('',#2217,1.);
#2217 = DIRECTION('',(0.,-1.,0.));
#2218 = PLANE('',#2219);
#2219 = AXIS2_PLACEMENT_3D('',#2220,#2221,#2222);
#2220 = CARTESIAN_POINT('',(1.35,-0.22,2.5));
#2221 = DIRECTION('',(-1.,0.,0.));
#2222 = DIRECTION('',(0.,0.,1.));
#2223 = ADVANCED_FACE('',(#2224),#2320,.T.);
#2224 = FACE_BOUND('',#2225,.T.);
#2225 = EDGE_LOOP('',(#2226,#2227,#2235,#2243,#2251,#2259,#2267,#2275,
    #2281,#2282,#2290,#2298,#2306,#2314));
#2226 = ORIENTED_EDGE('',*,*,#1219,.T.);
#2227 = ORIENTED_EDGE('',*,*,#2228,.T.);
#2228 = EDGE_CURVE('',#1212,#2229,#2231,.T.);
#2229 = VERTEX_POINT('',#2230);
#2230 = CARTESIAN_POINT('',(-0.549999999999,-0.22,5.E-02));
#2231 = LINE('',#2232,#2233);
#2232 = CARTESIAN_POINT('',(-0.549999999999,-1.68,5.E-02));
#2233 = VECTOR('',#2234,1.);
#2234 = DIRECTION('',(-3.614007241618E-16,1.,0.));
#2235 = ORIENTED_EDGE('',*,*,#2236,.F.);
#2236 = EDGE_CURVE('',#2237,#2229,#2239,.T.);
#2237 = VERTEX_POINT('',#2238);
#2238 = CARTESIAN_POINT('',(-0.549999999999,-0.22,1.));
#2239 = LINE('',#2240,#2241);
#2240 = CARTESIAN_POINT('',(-0.549999999999,-0.22,2.5));
#2241 = VECTOR('',#2242,1.);
#2242 = DIRECTION('',(0.,0.,-1.));
#2243 = ORIENTED_EDGE('',*,*,#2244,.F.);
#2244 = EDGE_CURVE('',#2245,#2237,#2247,.T.);
#2245 = VERTEX_POINT('',#2246);
#2246 = CARTESIAN_POINT('',(-0.549999999999,-0.619999999999,1.));
#2247 = LINE('',#2248,#2249);
#2248 = CARTESIAN_POINT('',(-0.549999999999,0.,1.));
#2249 = VECTOR('',#2250,1.);
#2250 = DIRECTION('',(0.,1.,0.));
#2251 = ORIENTED_EDGE('',*,*,#2252,.T.);
#2252 = EDGE_CURVE('',#2245,#2253,#2255,.T.);
#2253 = VERTEX_POINT('',#2254);
#2254 = CARTESIAN_POINT('',(-0.549999999999,-0.619999999999,2.5));
#2255 = LINE('',#2256,#2257);
#2256 = CARTESIAN_POINT('',(-0.549999999999,-0.619999999999,
    2.899999999999));
#2257 = VECTOR('',#2258,1.);
#2258 = DIRECTION('',(0.,0.,1.));
#2259 = ORIENTED_EDGE('',*,*,#2260,.T.);
#2260 = EDGE_CURVE('',#2253,#2261,#2263,.T.);
#2261 = VERTEX_POINT('',#2262);
#2262 = CARTESIAN_POINT('',(-0.549999999999,-0.82,2.5));
#2263 = LINE('',#2264,#2265);
#2264 = CARTESIAN_POINT('',(-0.549999999999,-0.22,2.5));
#2265 = VECTOR('',#2266,1.);
#2266 = DIRECTION('',(0.,-1.,0.));
#2267 = ORIENTED_EDGE('',*,*,#2268,.T.);
#2268 = EDGE_CURVE('',#2261,#2269,#2271,.T.);
#2269 = VERTEX_POINT('',#2270);
#2270 = CARTESIAN_POINT('',(-0.549999999999,-0.819999999999,2.));
#2271 = LINE('',#2272,#2273);
#2272 = CARTESIAN_POINT('',(-0.549999999999,-0.82,2.5));
#2273 = VECTOR('',#2274,1.);
#2274 = DIRECTION('',(0.,0.,-1.));
#2275 = ORIENTED_EDGE('',*,*,#2276,.F.);
#2276 = EDGE_CURVE('',#938,#2269,#2277,.T.);
#2277 = LINE('',#2278,#2279);
#2278 = CARTESIAN_POINT('',(-0.549999999999,-0.22,2.));
#2279 = VECTOR('',#2280,1.);
#2280 = DIRECTION('',(1.485208455459E-16,1.,0.));
#2281 = ORIENTED_EDGE('',*,*,#935,.F.);
#2282 = ORIENTED_EDGE('',*,*,#2283,.T.);
#2283 = EDGE_CURVE('',#936,#2284,#2286,.T.);
#2284 = VERTEX_POINT('',#2285);
#2285 = CARTESIAN_POINT('',(-0.549999999999,-1.28,2.5));
#2286 = LINE('',#2287,#2288);
#2287 = CARTESIAN_POINT('',(-0.549999999999,-1.68,2.5));
#2288 = VECTOR('',#2289,1.);
#2289 = DIRECTION('',(3.614007241618E-16,-1.,0.));
#2290 = ORIENTED_EDGE('',*,*,#2291,.T.);
#2291 = EDGE_CURVE('',#2284,#2292,#2294,.T.);
#2292 = VERTEX_POINT('',#2293);
#2293 = CARTESIAN_POINT('',(-0.549999999999,-1.28,1.));
#2294 = LINE('',#2295,#2296);
#2295 = CARTESIAN_POINT('',(-0.549999999999,-1.28,2.899999999999));
#2296 = VECTOR('',#2297,1.);
#2297 = DIRECTION('',(0.,0.,-1.));
#2298 = ORIENTED_EDGE('',*,*,#2299,.F.);
#2299 = EDGE_CURVE('',#2300,#2292,#2302,.T.);
#2300 = VERTEX_POINT('',#2301);
#2301 = CARTESIAN_POINT('',(-0.549999999999,-1.68,1.));
#2302 = LINE('',#2303,#2304);
#2303 = CARTESIAN_POINT('',(-0.55,-1.98770398289E-16,1.));
#2304 = VECTOR('',#2305,1.);
#2305 = DIRECTION('',(-3.614007241618E-16,1.,0.));
#2306 = ORIENTED_EDGE('',*,*,#2307,.T.);
#2307 = EDGE_CURVE('',#2300,#2308,#2310,.T.);
#2308 = VERTEX_POINT('',#2309);
#2309 = CARTESIAN_POINT('',(-0.549999999999,-1.68,0.25));
#2310 = LINE('',#2311,#2312);
#2311 = CARTESIAN_POINT('',(-0.549999999999,-1.68,2.5));
#2312 = VECTOR('',#2313,1.);
#2313 = DIRECTION('',(0.,0.,-1.));
#2314 = ORIENTED_EDGE('',*,*,#2315,.F.);
#2315 = EDGE_CURVE('',#1220,#2308,#2316,.T.);
#2316 = LINE('',#2317,#2318);
#2317 = CARTESIAN_POINT('',(-0.549999999999,-1.68,0.25));
#2318 = VECTOR('',#2319,1.);
#2319 = DIRECTION('',(0.,1.,0.));
#2320 = PLANE('',#2321);
#2321 = AXIS2_PLACEMENT_3D('',#2322,#2323,#2324);
#2322 = CARTESIAN_POINT('',(-0.549999999999,-1.68,2.5));
#2323 = DIRECTION('',(1.,3.614007241618E-16,0.));
#2324 = DIRECTION('',(-3.614007241618E-16,1.,0.));
#2325 = ADVANCED_FACE('',(#2326),#2351,.T.);
#2326 = FACE_BOUND('',#2327,.T.);
#2327 = EDGE_LOOP('',(#2328,#2329,#2337,#2345));
#2328 = ORIENTED_EDGE('',*,*,#2236,.T.);
#2329 = ORIENTED_EDGE('',*,*,#2330,.T.);
#2330 = EDGE_CURVE('',#2229,#2331,#2333,.T.);
#2331 = VERTEX_POINT('',#2332);
#2332 = CARTESIAN_POINT('',(-0.25,-0.22,5.E-02));
#2333 = LINE('',#2334,#2335);
#2334 = CARTESIAN_POINT('',(-0.549999999999,-0.22,5.E-02));
#2335 = VECTOR('',#2336,1.);
#2336 = DIRECTION('',(1.,-5.421010862427E-16,0.));
#2337 = ORIENTED_EDGE('',*,*,#2338,.F.);
#2338 = EDGE_CURVE('',#2339,#2331,#2341,.T.);
#2339 = VERTEX_POINT('',#2340);
#2340 = CARTESIAN_POINT('',(-0.249999999999,-0.22,1.));
#2341 = LINE('',#2342,#2343);
#2342 = CARTESIAN_POINT('',(-0.249999999999,-0.22,2.5));
#2343 = VECTOR('',#2344,1.);
#2344 = DIRECTION('',(0.,0.,-1.));
#2345 = ORIENTED_EDGE('',*,*,#2346,.F.);
#2346 = EDGE_CURVE('',#2237,#2339,#2347,.T.);
#2347 = LINE('',#2348,#2349);
#2348 = CARTESIAN_POINT('',(-1.192622389734E-16,-0.22,1.));
#2349 = VECTOR('',#2350,1.);
#2350 = DIRECTION('',(1.,-5.421010862427E-16,0.));
#2351 = PLANE('',#2352);
#2352 = AXIS2_PLACEMENT_3D('',#2353,#2354,#2355);
#2353 = CARTESIAN_POINT('',(-0.549999999999,-0.22,2.5));
#2354 = DIRECTION('',(-5.421010862427E-16,-1.,0.));
#2355 = DIRECTION('',(1.,-5.421010862427E-16,0.));
#2356 = ADVANCED_FACE('',(#2357),#2444,.T.);
#2357 = FACE_BOUND('',#2358,.T.);
#2358 = EDGE_LOOP('',(#2359,#2360,#2366,#2367,#2375,#2383,#2391,#2399,
    #2405,#2406,#2414,#2422,#2430,#2438));
#2359 = ORIENTED_EDGE('',*,*,#2338,.T.);
#2360 = ORIENTED_EDGE('',*,*,#2361,.T.);
#2361 = EDGE_CURVE('',#2331,#1236,#2362,.T.);
#2362 = LINE('',#2363,#2364);
#2363 = CARTESIAN_POINT('',(-0.249999999999,-1.68,5.E-02));
#2364 = VECTOR('',#2365,1.);
#2365 = DIRECTION('',(3.614007241618E-16,-1.,0.));
#2366 = ORIENTED_EDGE('',*,*,#1235,.F.);
#2367 = ORIENTED_EDGE('',*,*,#2368,.F.);
#2368 = EDGE_CURVE('',#2369,#1228,#2371,.T.);
#2369 = VERTEX_POINT('',#2370);
#2370 = CARTESIAN_POINT('',(-0.249999999999,-1.68,0.249999999999));
#2371 = LINE('',#2372,#2373);
#2372 = CARTESIAN_POINT('',(-0.249999999999,-1.68,0.25));
#2373 = VECTOR('',#2374,1.);
#2374 = DIRECTION('',(-6.776263578034E-16,-1.,0.));
#2375 = ORIENTED_EDGE('',*,*,#2376,.F.);
#2376 = EDGE_CURVE('',#2377,#2369,#2379,.T.);
#2377 = VERTEX_POINT('',#2378);
#2378 = CARTESIAN_POINT('',(-0.249999999999,-1.68,1.));
#2379 = LINE('',#2380,#2381);
#2380 = CARTESIAN_POINT('',(-0.249999999999,-1.68,2.5));
#2381 = VECTOR('',#2382,1.);
#2382 = DIRECTION('',(0.,0.,-1.));
#2383 = ORIENTED_EDGE('',*,*,#2384,.F.);
#2384 = EDGE_CURVE('',#2385,#2377,#2387,.T.);
#2385 = VERTEX_POINT('',#2386);
#2386 = CARTESIAN_POINT('',(-0.249999999999,-1.28,1.));
#2387 = LINE('',#2388,#2389);
#2388 = CARTESIAN_POINT('',(-0.25,-9.035018104045E-17,1.));
#2389 = VECTOR('',#2390,1.);
#2390 = DIRECTION('',(3.614007241618E-16,-1.,0.));
#2391 = ORIENTED_EDGE('',*,*,#2392,.T.);
#2392 = EDGE_CURVE('',#2385,#2393,#2395,.T.);
#2393 = VERTEX_POINT('',#2394);
#2394 = CARTESIAN_POINT('',(-0.249999999999,-1.28,2.5));
#2395 = LINE('',#2396,#2397);
#2396 = CARTESIAN_POINT('',(-0.249999999999,-1.28,2.899999999999));
#2397 = VECTOR('',#2398,1.);
#2398 = DIRECTION('',(0.,0.,1.));
#2399 = ORIENTED_EDGE('',*,*,#2400,.T.);
#2400 = EDGE_CURVE('',#2393,#954,#2401,.T.);
#2401 = LINE('',#2402,#2403);
#2402 = CARTESIAN_POINT('',(-0.249999999999,-1.68,2.5));
#2403 = VECTOR('',#2404,1.);
#2404 = DIRECTION('',(-3.614007241618E-16,1.,0.));
#2405 = ORIENTED_EDGE('',*,*,#953,.T.);
#2406 = ORIENTED_EDGE('',*,*,#2407,.F.);
#2407 = EDGE_CURVE('',#2408,#946,#2410,.T.);
#2408 = VERTEX_POINT('',#2409);
#2409 = CARTESIAN_POINT('',(-0.249999999999,-0.819999999999,2.));
#2410 = LINE('',#2411,#2412);
#2411 = CARTESIAN_POINT('',(-0.249999999999,-0.22,2.));
#2412 = VECTOR('',#2413,1.);
#2413 = DIRECTION('',(-1.485208455459E-16,-1.,0.));
#2414 = ORIENTED_EDGE('',*,*,#2415,.F.);
#2415 = EDGE_CURVE('',#2416,#2408,#2418,.T.);
#2416 = VERTEX_POINT('',#2417);
#2417 = CARTESIAN_POINT('',(-0.249999999999,-0.819999999999,2.5));
#2418 = LINE('',#2419,#2420);
#2419 = CARTESIAN_POINT('',(-0.249999999999,-0.819999999999,2.5));
#2420 = VECTOR('',#2421,1.);
#2421 = DIRECTION('',(0.,0.,-1.));
#2422 = ORIENTED_EDGE('',*,*,#2423,.T.);
#2423 = EDGE_CURVE('',#2416,#2424,#2426,.T.);
#2424 = VERTEX_POINT('',#2425);
#2425 = CARTESIAN_POINT('',(-0.249999999999,-0.62,2.5));
#2426 = LINE('',#2427,#2428);
#2427 = CARTESIAN_POINT('',(-0.249999999999,-0.22,2.5));
#2428 = VECTOR('',#2429,1.);
#2429 = DIRECTION('',(0.,1.,0.));
#2430 = ORIENTED_EDGE('',*,*,#2431,.T.);
#2431 = EDGE_CURVE('',#2424,#2432,#2434,.T.);
#2432 = VERTEX_POINT('',#2433);
#2433 = CARTESIAN_POINT('',(-0.249999999999,-0.62,1.));
#2434 = LINE('',#2435,#2436);
#2435 = CARTESIAN_POINT('',(-0.249999999999,-0.62,2.899999999999));
#2436 = VECTOR('',#2437,1.);
#2437 = DIRECTION('',(0.,0.,-1.));
#2438 = ORIENTED_EDGE('',*,*,#2439,.F.);
#2439 = EDGE_CURVE('',#2339,#2432,#2440,.T.);
#2440 = LINE('',#2441,#2442);
#2441 = CARTESIAN_POINT('',(-0.249999999999,0.,1.));
#2442 = VECTOR('',#2443,1.);
#2443 = DIRECTION('',(0.,-1.,0.));
#2444 = PLANE('',#2445);
#2445 = AXIS2_PLACEMENT_3D('',#2446,#2447,#2448);
#2446 = CARTESIAN_POINT('',(-0.249999999999,-1.68,2.5));
#2447 = DIRECTION('',(-1.,-3.614007241618E-16,0.));
#2448 = DIRECTION('',(3.614007241618E-16,-1.,0.));
#2449 = ADVANCED_FACE('',(#2450),#2555,.T.);
#2450 = FACE_BOUND('',#2451,.T.);
#2451 = EDGE_LOOP('',(#2452,#2453,#2461,#2469,#2477,#2485,#2493,#2501,
    #2509,#2517,#2525,#2533,#2541,#2549));
#2452 = ORIENTED_EDGE('',*,*,#1251,.T.);
#2453 = ORIENTED_EDGE('',*,*,#2454,.T.);
#2454 = EDGE_CURVE('',#1244,#2455,#2457,.T.);
#2455 = VERTEX_POINT('',#2456);
#2456 = CARTESIAN_POINT('',(0.25,-0.22,5.E-02));
#2457 = LINE('',#2458,#2459);
#2458 = CARTESIAN_POINT('',(0.25,-1.68,5.E-02));
#2459 = VECTOR('',#2460,1.);
#2460 = DIRECTION('',(-3.614007241618E-16,1.,0.));
#2461 = ORIENTED_EDGE('',*,*,#2462,.F.);
#2462 = EDGE_CURVE('',#2463,#2455,#2465,.T.);
#2463 = VERTEX_POINT('',#2464);
#2464 = CARTESIAN_POINT('',(0.25,-0.22,1.));
#2465 = LINE('',#2466,#2467);
#2466 = CARTESIAN_POINT('',(0.25,-0.22,2.5));
#2467 = VECTOR('',#2468,1.);
#2468 = DIRECTION('',(0.,0.,-1.));
#2469 = ORIENTED_EDGE('',*,*,#2470,.F.);
#2470 = EDGE_CURVE('',#2471,#2463,#2473,.T.);
#2471 = VERTEX_POINT('',#2472);
#2472 = CARTESIAN_POINT('',(0.25,-0.62,1.));
#2473 = LINE('',#2474,#2475);
#2474 = CARTESIAN_POINT('',(0.25,0.,1.));
#2475 = VECTOR('',#2476,1.);
#2476 = DIRECTION('',(0.,1.,0.));
#2477 = ORIENTED_EDGE('',*,*,#2478,.T.);
#2478 = EDGE_CURVE('',#2471,#2479,#2481,.T.);
#2479 = VERTEX_POINT('',#2480);
#2480 = CARTESIAN_POINT('',(0.25,-0.62,2.5));
#2481 = LINE('',#2482,#2483);
#2482 = CARTESIAN_POINT('',(0.25,-0.62,2.899999999999));
#2483 = VECTOR('',#2484,1.);
#2484 = DIRECTION('',(0.,0.,1.));
#2485 = ORIENTED_EDGE('',*,*,#2486,.T.);
#2486 = EDGE_CURVE('',#2479,#2487,#2489,.T.);
#2487 = VERTEX_POINT('',#2488);
#2488 = CARTESIAN_POINT('',(0.25,-0.82,2.5));
#2489 = LINE('',#2490,#2491);
#2490 = CARTESIAN_POINT('',(0.25,-0.22,2.5));
#2491 = VECTOR('',#2492,1.);
#2492 = DIRECTION('',(0.,-1.,0.));
#2493 = ORIENTED_EDGE('',*,*,#2494,.T.);
#2494 = EDGE_CURVE('',#2487,#2495,#2497,.T.);
#2495 = VERTEX_POINT('',#2496);
#2496 = CARTESIAN_POINT('',(0.25,-0.819999999999,2.));
#2497 = LINE('',#2498,#2499);
#2498 = CARTESIAN_POINT('',(0.25,-0.82,2.5));
#2499 = VECTOR('',#2500,1.);
#2500 = DIRECTION('',(0.,0.,-1.));
#2501 = ORIENTED_EDGE('',*,*,#2502,.F.);
#2502 = EDGE_CURVE('',#2503,#2495,#2505,.T.);
#2503 = VERTEX_POINT('',#2504);
#2504 = CARTESIAN_POINT('',(0.25,-1.08,2.));
#2505 = LINE('',#2506,#2507);
#2506 = CARTESIAN_POINT('',(0.25,-0.22,2.));
#2507 = VECTOR('',#2508,1.);
#2508 = DIRECTION('',(1.485208455459E-16,1.,0.));
#2509 = ORIENTED_EDGE('',*,*,#2510,.F.);
#2510 = EDGE_CURVE('',#2511,#2503,#2513,.T.);
#2511 = VERTEX_POINT('',#2512);
#2512 = CARTESIAN_POINT('',(0.25,-1.08,2.5));
#2513 = LINE('',#2514,#2515);
#2514 = CARTESIAN_POINT('',(0.25,-1.08,2.5));
#2515 = VECTOR('',#2516,1.);
#2516 = DIRECTION('',(0.,0.,-1.));
#2517 = ORIENTED_EDGE('',*,*,#2518,.T.);
#2518 = EDGE_CURVE('',#2511,#2519,#2521,.T.);
#2519 = VERTEX_POINT('',#2520);
#2520 = CARTESIAN_POINT('',(0.25,-1.28,2.5));
#2521 = LINE('',#2522,#2523);
#2522 = CARTESIAN_POINT('',(0.25,-1.68,2.5));
#2523 = VECTOR('',#2524,1.);
#2524 = DIRECTION('',(3.614007241618E-16,-1.,0.));
#2525 = ORIENTED_EDGE('',*,*,#2526,.T.);
#2526 = EDGE_CURVE('',#2519,#2527,#2529,.T.);
#2527 = VERTEX_POINT('',#2528);
#2528 = CARTESIAN_POINT('',(0.25,-1.28,1.));
#2529 = LINE('',#2530,#2531);
#2530 = CARTESIAN_POINT('',(0.25,-1.28,2.899999999999));
#2531 = VECTOR('',#2532,1.);
#2532 = DIRECTION('',(0.,0.,-1.));
#2533 = ORIENTED_EDGE('',*,*,#2534,.F.);
#2534 = EDGE_CURVE('',#2535,#2527,#2537,.T.);
#2535 = VERTEX_POINT('',#2536);
#2536 = CARTESIAN_POINT('',(0.25,-1.68,1.));
#2537 = LINE('',#2538,#2539);
#2538 = CARTESIAN_POINT('',(0.25,9.035018104045E-17,1.));
#2539 = VECTOR('',#2540,1.);
#2540 = DIRECTION('',(-3.614007241618E-16,1.,0.));
#2541 = ORIENTED_EDGE('',*,*,#2542,.T.);
#2542 = EDGE_CURVE('',#2535,#2543,#2545,.T.);
#2543 = VERTEX_POINT('',#2544);
#2544 = CARTESIAN_POINT('',(0.25,-1.68,0.25));
#2545 = LINE('',#2546,#2547);
#2546 = CARTESIAN_POINT('',(0.25,-1.68,2.5));
#2547 = VECTOR('',#2548,1.);
#2548 = DIRECTION('',(0.,0.,-1.));
#2549 = ORIENTED_EDGE('',*,*,#2550,.F.);
#2550 = EDGE_CURVE('',#1252,#2543,#2551,.T.);
#2551 = LINE('',#2552,#2553);
#2552 = CARTESIAN_POINT('',(0.25,-1.68,0.25));
#2553 = VECTOR('',#2554,1.);
#2554 = DIRECTION('',(0.,1.,0.));
#2555 = PLANE('',#2556);
#2556 = AXIS2_PLACEMENT_3D('',#2557,#2558,#2559);
#2557 = CARTESIAN_POINT('',(0.25,-1.68,2.5));
#2558 = DIRECTION('',(1.,3.614007241618E-16,0.));
#2559 = DIRECTION('',(-3.614007241618E-16,1.,0.));
#2560 = ADVANCED_FACE('',(#2561),#2586,.T.);
#2561 = FACE_BOUND('',#2562,.T.);
#2562 = EDGE_LOOP('',(#2563,#2564,#2572,#2580));
#2563 = ORIENTED_EDGE('',*,*,#2462,.T.);
#2564 = ORIENTED_EDGE('',*,*,#2565,.T.);
#2565 = EDGE_CURVE('',#2455,#2566,#2568,.T.);
#2566 = VERTEX_POINT('',#2567);
#2567 = CARTESIAN_POINT('',(0.55,-0.22,5.E-02));
#2568 = LINE('',#2569,#2570);
#2569 = CARTESIAN_POINT('',(0.25,-0.22,5.E-02));
#2570 = VECTOR('',#2571,1.);
#2571 = DIRECTION('',(1.,-5.421010862427E-16,0.));
#2572 = ORIENTED_EDGE('',*,*,#2573,.F.);
#2573 = EDGE_CURVE('',#2574,#2566,#2576,.T.);
#2574 = VERTEX_POINT('',#2575);
#2575 = CARTESIAN_POINT('',(0.55,-0.22,1.));
#2576 = LINE('',#2577,#2578);
#2577 = CARTESIAN_POINT('',(0.55,-0.22,2.5));
#2578 = VECTOR('',#2579,1.);
#2579 = DIRECTION('',(0.,0.,-1.));
#2580 = ORIENTED_EDGE('',*,*,#2581,.F.);
#2581 = EDGE_CURVE('',#2463,#2574,#2582,.T.);
#2582 = LINE('',#2583,#2584);
#2583 = CARTESIAN_POINT('',(-1.192622389734E-16,-0.219999999999,1.));
#2584 = VECTOR('',#2585,1.);
#2585 = DIRECTION('',(1.,-5.421010862427E-16,0.));
#2586 = PLANE('',#2587);
#2587 = AXIS2_PLACEMENT_3D('',#2588,#2589,#2590);
#2588 = CARTESIAN_POINT('',(0.25,-0.22,2.5));
#2589 = DIRECTION('',(-5.421010862427E-16,-1.,0.));
#2590 = DIRECTION('',(1.,-5.421010862427E-16,0.));
#2591 = ADVANCED_FACE('',(#2592),#2688,.T.);
#2592 = FACE_BOUND('',#2593,.T.);
#2593 = EDGE_LOOP('',(#2594,#2595,#2601,#2602,#2610,#2618,#2626,#2634,
    #2642,#2650,#2658,#2666,#2674,#2682));
#2594 = ORIENTED_EDGE('',*,*,#2573,.T.);
#2595 = ORIENTED_EDGE('',*,*,#2596,.T.);
#2596 = EDGE_CURVE('',#2566,#1268,#2597,.T.);
#2597 = LINE('',#2598,#2599);
#2598 = CARTESIAN_POINT('',(0.55,-1.68,5.E-02));
#2599 = VECTOR('',#2600,1.);
#2600 = DIRECTION('',(3.614007241618E-16,-1.,0.));
#2601 = ORIENTED_EDGE('',*,*,#1267,.F.);
#2602 = ORIENTED_EDGE('',*,*,#2603,.F.);
#2603 = EDGE_CURVE('',#2604,#1260,#2606,.T.);
#2604 = VERTEX_POINT('',#2605);
#2605 = CARTESIAN_POINT('',(0.55,-1.68,0.249999999999));
#2606 = LINE('',#2607,#2608);
#2607 = CARTESIAN_POINT('',(0.55,-1.68,0.25));
#2608 = VECTOR('',#2609,1.);
#2609 = DIRECTION('',(-6.776263578034E-16,-1.,0.));
#2610 = ORIENTED_EDGE('',*,*,#2611,.F.);
#2611 = EDGE_CURVE('',#2612,#2604,#2614,.T.);
#2612 = VERTEX_POINT('',#2613);
#2613 = CARTESIAN_POINT('',(0.55,-1.68,1.));
#2614 = LINE('',#2615,#2616);
#2615 = CARTESIAN_POINT('',(0.55,-1.68,2.5));
#2616 = VECTOR('',#2617,1.);
#2617 = DIRECTION('',(0.,0.,-1.));
#2618 = ORIENTED_EDGE('',*,*,#2619,.F.);
#2619 = EDGE_CURVE('',#2620,#2612,#2622,.T.);
#2620 = VERTEX_POINT('',#2621);
#2621 = CARTESIAN_POINT('',(0.55,-1.28,1.));
#2622 = LINE('',#2623,#2624);
#2623 = CARTESIAN_POINT('',(0.549999999999,1.98770398289E-16,1.));
#2624 = VECTOR('',#2625,1.);
#2625 = DIRECTION('',(3.614007241618E-16,-1.,0.));
#2626 = ORIENTED_EDGE('',*,*,#2627,.T.);
#2627 = EDGE_CURVE('',#2620,#2628,#2630,.T.);
#2628 = VERTEX_POINT('',#2629);
#2629 = CARTESIAN_POINT('',(0.55,-1.28,2.5));
#2630 = LINE('',#2631,#2632);
#2631 = CARTESIAN_POINT('',(0.55,-1.28,2.899999999999));
#2632 = VECTOR('',#2633,1.);
#2633 = DIRECTION('',(0.,0.,1.));
#2634 = ORIENTED_EDGE('',*,*,#2635,.T.);
#2635 = EDGE_CURVE('',#2628,#2636,#2638,.T.);
#2636 = VERTEX_POINT('',#2637);
#2637 = CARTESIAN_POINT('',(0.55,-1.08,2.5));
#2638 = LINE('',#2639,#2640);
#2639 = CARTESIAN_POINT('',(0.55,-1.68,2.5));
#2640 = VECTOR('',#2641,1.);
#2641 = DIRECTION('',(-3.614007241618E-16,1.,0.));
#2642 = ORIENTED_EDGE('',*,*,#2643,.T.);
#2643 = EDGE_CURVE('',#2636,#2644,#2646,.T.);
#2644 = VERTEX_POINT('',#2645);
#2645 = CARTESIAN_POINT('',(0.55,-1.08,2.));
#2646 = LINE('',#2647,#2648);
#2647 = CARTESIAN_POINT('',(0.55,-1.08,2.5));
#2648 = VECTOR('',#2649,1.);
#2649 = DIRECTION('',(0.,0.,-1.));
#2650 = ORIENTED_EDGE('',*,*,#2651,.F.);
#2651 = EDGE_CURVE('',#2652,#2644,#2654,.T.);
#2652 = VERTEX_POINT('',#2653);
#2653 = CARTESIAN_POINT('',(0.55,-0.819999999999,2.));
#2654 = LINE('',#2655,#2656);
#2655 = CARTESIAN_POINT('',(0.55,-0.22,2.));
#2656 = VECTOR('',#2657,1.);
#2657 = DIRECTION('',(-1.485208455459E-16,-1.,0.));
#2658 = ORIENTED_EDGE('',*,*,#2659,.F.);
#2659 = EDGE_CURVE('',#2660,#2652,#2662,.T.);
#2660 = VERTEX_POINT('',#2661);
#2661 = CARTESIAN_POINT('',(0.55,-0.819999999999,2.5));
#2662 = LINE('',#2663,#2664);
#2663 = CARTESIAN_POINT('',(0.55,-0.819999999999,2.5));
#2664 = VECTOR('',#2665,1.);
#2665 = DIRECTION('',(0.,0.,-1.));
#2666 = ORIENTED_EDGE('',*,*,#2667,.T.);
#2667 = EDGE_CURVE('',#2660,#2668,#2670,.T.);
#2668 = VERTEX_POINT('',#2669);
#2669 = CARTESIAN_POINT('',(0.55,-0.62,2.5));
#2670 = LINE('',#2671,#2672);
#2671 = CARTESIAN_POINT('',(0.55,-0.22,2.5));
#2672 = VECTOR('',#2673,1.);
#2673 = DIRECTION('',(0.,1.,0.));
#2674 = ORIENTED_EDGE('',*,*,#2675,.T.);
#2675 = EDGE_CURVE('',#2668,#2676,#2678,.T.);
#2676 = VERTEX_POINT('',#2677);
#2677 = CARTESIAN_POINT('',(0.55,-0.62,1.));
#2678 = LINE('',#2679,#2680);
#2679 = CARTESIAN_POINT('',(0.55,-0.62,2.899999999999));
#2680 = VECTOR('',#2681,1.);
#2681 = DIRECTION('',(0.,0.,-1.));
#2682 = ORIENTED_EDGE('',*,*,#2683,.F.);
#2683 = EDGE_CURVE('',#2574,#2676,#2684,.T.);
#2684 = LINE('',#2685,#2686);
#2685 = CARTESIAN_POINT('',(0.55,0.,1.));
#2686 = VECTOR('',#2687,1.);
#2687 = DIRECTION('',(0.,-1.,0.));
#2688 = PLANE('',#2689);
#2689 = AXIS2_PLACEMENT_3D('',#2690,#2691,#2692);
#2690 = CARTESIAN_POINT('',(0.55,-1.68,2.5));
#2691 = DIRECTION('',(-1.,-3.614007241618E-16,0.));
#2692 = DIRECTION('',(3.614007241618E-16,-1.,0.));
#2693 = ADVANCED_FACE('',(#2694),#2799,.T.);
#2694 = FACE_BOUND('',#2695,.T.);
#2695 = EDGE_LOOP('',(#2696,#2706,#2712,#2713,#2721,#2729,#2737,#2745,
    #2753,#2761,#2769,#2777,#2785,#2793));
#2696 = ORIENTED_EDGE('',*,*,#2697,.T.);
#2697 = EDGE_CURVE('',#2698,#2700,#2702,.T.);
#2698 = VERTEX_POINT('',#2699);
#2699 = CARTESIAN_POINT('',(-0.549999999999,0.219999999999,1.));
#2700 = VERTEX_POINT('',#2701);
#2701 = CARTESIAN_POINT('',(-0.549999999999,0.219999999999,5.E-02));
#2702 = LINE('',#2703,#2704);
#2703 = CARTESIAN_POINT('',(-0.549999999999,0.219999999999,2.5));
#2704 = VECTOR('',#2705,1.);
#2705 = DIRECTION('',(0.,0.,-1.));
#2706 = ORIENTED_EDGE('',*,*,#2707,.T.);
#2707 = EDGE_CURVE('',#2700,#1450,#2708,.T.);
#2708 = LINE('',#2709,#2710);
#2709 = CARTESIAN_POINT('',(-0.549999999999,0.219999999999,5.E-02));
#2710 = VECTOR('',#2711,1.);
#2711 = DIRECTION('',(-3.614007241618E-16,1.,0.));
#2712 = ORIENTED_EDGE('',*,*,#1449,.F.);
#2713 = ORIENTED_EDGE('',*,*,#2714,.F.);
#2714 = EDGE_CURVE('',#2715,#1442,#2717,.T.);
#2715 = VERTEX_POINT('',#2716);
#2716 = CARTESIAN_POINT('',(-0.549999999999,1.68,0.25));
#2717 = LINE('',#2718,#2719);
#2718 = CARTESIAN_POINT('',(-0.549999999999,1.68,0.25));
#2719 = VECTOR('',#2720,1.);
#2720 = DIRECTION('',(6.776263578034E-16,1.,0.));
#2721 = ORIENTED_EDGE('',*,*,#2722,.F.);
#2722 = EDGE_CURVE('',#2723,#2715,#2725,.T.);
#2723 = VERTEX_POINT('',#2724);
#2724 = CARTESIAN_POINT('',(-0.549999999999,1.68,1.));
#2725 = LINE('',#2726,#2727);
#2726 = CARTESIAN_POINT('',(-0.549999999999,1.68,2.5));
#2727 = VECTOR('',#2728,1.);
#2728 = DIRECTION('',(0.,0.,-1.));
#2729 = ORIENTED_EDGE('',*,*,#2730,.F.);
#2730 = EDGE_CURVE('',#2731,#2723,#2733,.T.);
#2731 = VERTEX_POINT('',#2732);
#2732 = CARTESIAN_POINT('',(-0.549999999999,1.28,1.));
#2733 = LINE('',#2734,#2735);
#2734 = CARTESIAN_POINT('',(-0.549999999999,0.,1.));
#2735 = VECTOR('',#2736,1.);
#2736 = DIRECTION('',(0.,1.,0.));
#2737 = ORIENTED_EDGE('',*,*,#2738,.T.);
#2738 = EDGE_CURVE('',#2731,#2739,#2741,.T.);
#2739 = VERTEX_POINT('',#2740);
#2740 = CARTESIAN_POINT('',(-0.549999999999,1.28,2.5));
#2741 = LINE('',#2742,#2743);
#2742 = CARTESIAN_POINT('',(-0.549999999999,1.28,2.899999999999));
#2743 = VECTOR('',#2744,1.);
#2744 = DIRECTION('',(0.,0.,1.));
#2745 = ORIENTED_EDGE('',*,*,#2746,.T.);
#2746 = EDGE_CURVE('',#2739,#2747,#2749,.T.);
#2747 = VERTEX_POINT('',#2748);
#2748 = CARTESIAN_POINT('',(-0.549999999999,1.08,2.5));
#2749 = LINE('',#2750,#2751);
#2750 = CARTESIAN_POINT('',(-0.549999999999,1.68,2.5));
#2751 = VECTOR('',#2752,1.);
#2752 = DIRECTION('',(0.,-1.,0.));
#2753 = ORIENTED_EDGE('',*,*,#2754,.T.);
#2754 = EDGE_CURVE('',#2747,#2755,#2757,.T.);
#2755 = VERTEX_POINT('',#2756);
#2756 = CARTESIAN_POINT('',(-0.549999999999,1.08,2.));
#2757 = LINE('',#2758,#2759);
#2758 = CARTESIAN_POINT('',(-0.549999999999,1.08,2.5));
#2759 = VECTOR('',#2760,1.);
#2760 = DIRECTION('',(0.,0.,-1.));
#2761 = ORIENTED_EDGE('',*,*,#2762,.F.);
#2762 = EDGE_CURVE('',#2763,#2755,#2765,.T.);
#2763 = VERTEX_POINT('',#2764);
#2764 = CARTESIAN_POINT('',(-0.549999999999,0.819999999999,2.));
#2765 = LINE('',#2766,#2767);
#2766 = CARTESIAN_POINT('',(-0.549999999999,1.68,2.));
#2767 = VECTOR('',#2768,1.);
#2768 = DIRECTION('',(1.485208455459E-16,1.,0.));
#2769 = ORIENTED_EDGE('',*,*,#2770,.F.);
#2770 = EDGE_CURVE('',#2771,#2763,#2773,.T.);
#2771 = VERTEX_POINT('',#2772);
#2772 = CARTESIAN_POINT('',(-0.549999999999,0.819999999999,2.5));
#2773 = LINE('',#2774,#2775);
#2774 = CARTESIAN_POINT('',(-0.549999999999,0.819999999999,2.5));
#2775 = VECTOR('',#2776,1.);
#2776 = DIRECTION('',(0.,0.,-1.));
#2777 = ORIENTED_EDGE('',*,*,#2778,.T.);
#2778 = EDGE_CURVE('',#2771,#2779,#2781,.T.);
#2779 = VERTEX_POINT('',#2780);
#2780 = CARTESIAN_POINT('',(-0.549999999999,0.62,2.5));
#2781 = LINE('',#2782,#2783);
#2782 = CARTESIAN_POINT('',(-0.549999999999,0.219999999999,2.5));
#2783 = VECTOR('',#2784,1.);
#2784 = DIRECTION('',(3.614007241618E-16,-1.,0.));
#2785 = ORIENTED_EDGE('',*,*,#2786,.T.);
#2786 = EDGE_CURVE('',#2779,#2787,#2789,.T.);
#2787 = VERTEX_POINT('',#2788);
#2788 = CARTESIAN_POINT('',(-0.549999999999,0.619999999999,1.));
#2789 = LINE('',#2790,#2791);
#2790 = CARTESIAN_POINT('',(-0.549999999999,0.619999999999,
    2.899999999999));
#2791 = VECTOR('',#2792,1.);
#2792 = DIRECTION('',(0.,0.,-1.));
#2793 = ORIENTED_EDGE('',*,*,#2794,.F.);
#2794 = EDGE_CURVE('',#2698,#2787,#2795,.T.);
#2795 = LINE('',#2796,#2797);
#2796 = CARTESIAN_POINT('',(-0.549999999999,-1.98770398289E-16,1.));
#2797 = VECTOR('',#2798,1.);
#2798 = DIRECTION('',(-3.614007241618E-16,1.,0.));
#2799 = PLANE('',#2800);
#2800 = AXIS2_PLACEMENT_3D('',#2801,#2802,#2803);
#2801 = CARTESIAN_POINT('',(-0.549999999999,0.219999999999,2.5));
#2802 = DIRECTION('',(1.,3.614007241618E-16,0.));
#2803 = DIRECTION('',(-3.614007241618E-16,1.,0.));
#2804 = ADVANCED_FACE('',(#2805),#2830,.T.);
#2805 = FACE_BOUND('',#2806,.T.);
#2806 = EDGE_LOOP('',(#2807,#2817,#2823,#2824));
#2807 = ORIENTED_EDGE('',*,*,#2808,.T.);
#2808 = EDGE_CURVE('',#2809,#2811,#2813,.T.);
#2809 = VERTEX_POINT('',#2810);
#2810 = CARTESIAN_POINT('',(-0.249999999999,0.219999999999,1.));
#2811 = VERTEX_POINT('',#2812);
#2812 = CARTESIAN_POINT('',(-0.249999999999,0.219999999999,5.E-02));
#2813 = LINE('',#2814,#2815);
#2814 = CARTESIAN_POINT('',(-0.249999999999,0.219999999999,2.5));
#2815 = VECTOR('',#2816,1.);
#2816 = DIRECTION('',(0.,0.,-1.));
#2817 = ORIENTED_EDGE('',*,*,#2818,.T.);
#2818 = EDGE_CURVE('',#2811,#2700,#2819,.T.);
#2819 = LINE('',#2820,#2821);
#2820 = CARTESIAN_POINT('',(-0.549999999999,0.219999999999,5.E-02));
#2821 = VECTOR('',#2822,1.);
#2822 = DIRECTION('',(-1.,-7.228014483236E-16,0.));
#2823 = ORIENTED_EDGE('',*,*,#2697,.F.);
#2824 = ORIENTED_EDGE('',*,*,#2825,.F.);
#2825 = EDGE_CURVE('',#2809,#2698,#2826,.T.);
#2826 = LINE('',#2827,#2828);
#2827 = CARTESIAN_POINT('',(-1.590163186312E-16,0.22,1.));
#2828 = VECTOR('',#2829,1.);
#2829 = DIRECTION('',(-1.,-7.228014483236E-16,0.));
#2830 = PLANE('',#2831);
#2831 = AXIS2_PLACEMENT_3D('',#2832,#2833,#2834);
#2832 = CARTESIAN_POINT('',(-0.549999999999,0.219999999999,2.5));
#2833 = DIRECTION('',(-7.228014483236E-16,1.,0.));
#2834 = DIRECTION('',(-1.,-7.228014483236E-16,0.));
#2835 = ADVANCED_FACE('',(#2836),#2932,.T.);
#2836 = FACE_BOUND('',#2837,.T.);
#2837 = EDGE_LOOP('',(#2838,#2839,#2845,#2846,#2854,#2862,#2870,#2878,
    #2886,#2894,#2902,#2910,#2918,#2926));
#2838 = ORIENTED_EDGE('',*,*,#1433,.T.);
#2839 = ORIENTED_EDGE('',*,*,#2840,.T.);
#2840 = EDGE_CURVE('',#1426,#2811,#2841,.T.);
#2841 = LINE('',#2842,#2843);
#2842 = CARTESIAN_POINT('',(-0.249999999999,0.219999999999,5.E-02));
#2843 = VECTOR('',#2844,1.);
#2844 = DIRECTION('',(3.614007241618E-16,-1.,0.));
#2845 = ORIENTED_EDGE('',*,*,#2808,.F.);
#2846 = ORIENTED_EDGE('',*,*,#2847,.F.);
#2847 = EDGE_CURVE('',#2848,#2809,#2850,.T.);
#2848 = VERTEX_POINT('',#2849);
#2849 = CARTESIAN_POINT('',(-0.25,0.62,1.));
#2850 = LINE('',#2851,#2852);
#2851 = CARTESIAN_POINT('',(-0.249999999999,-9.035018104045E-17,1.));
#2852 = VECTOR('',#2853,1.);
#2853 = DIRECTION('',(3.614007241618E-16,-1.,0.));
#2854 = ORIENTED_EDGE('',*,*,#2855,.T.);
#2855 = EDGE_CURVE('',#2848,#2856,#2858,.T.);
#2856 = VERTEX_POINT('',#2857);
#2857 = CARTESIAN_POINT('',(-0.249999999999,0.62,2.5));
#2858 = LINE('',#2859,#2860);
#2859 = CARTESIAN_POINT('',(-0.25,0.62,2.899999999999));
#2860 = VECTOR('',#2861,1.);
#2861 = DIRECTION('',(0.,0.,1.));
#2862 = ORIENTED_EDGE('',*,*,#2863,.T.);
#2863 = EDGE_CURVE('',#2856,#2864,#2866,.T.);
#2864 = VERTEX_POINT('',#2865);
#2865 = CARTESIAN_POINT('',(-0.249999999999,0.819999999999,2.5));
#2866 = LINE('',#2867,#2868);
#2867 = CARTESIAN_POINT('',(-0.249999999999,0.219999999999,2.5));
#2868 = VECTOR('',#2869,1.);
#2869 = DIRECTION('',(-3.614007241618E-16,1.,0.));
#2870 = ORIENTED_EDGE('',*,*,#2871,.T.);
#2871 = EDGE_CURVE('',#2864,#2872,#2874,.T.);
#2872 = VERTEX_POINT('',#2873);
#2873 = CARTESIAN_POINT('',(-0.25,0.819999999999,2.));
#2874 = LINE('',#2875,#2876);
#2875 = CARTESIAN_POINT('',(-0.249999999999,0.819999999999,2.5));
#2876 = VECTOR('',#2877,1.);
#2877 = DIRECTION('',(0.,0.,-1.));
#2878 = ORIENTED_EDGE('',*,*,#2879,.F.);
#2879 = EDGE_CURVE('',#2880,#2872,#2882,.T.);
#2880 = VERTEX_POINT('',#2881);
#2881 = CARTESIAN_POINT('',(-0.25,1.08,2.));
#2882 = LINE('',#2883,#2884);
#2883 = CARTESIAN_POINT('',(-0.249999999999,1.68,2.));
#2884 = VECTOR('',#2885,1.);
#2885 = DIRECTION('',(-1.485208455459E-16,-1.,0.));
#2886 = ORIENTED_EDGE('',*,*,#2887,.F.);
#2887 = EDGE_CURVE('',#2888,#2880,#2890,.T.);
#2888 = VERTEX_POINT('',#2889);
#2889 = CARTESIAN_POINT('',(-0.249999999999,1.08,2.5));
#2890 = LINE('',#2891,#2892);
#2891 = CARTESIAN_POINT('',(-0.249999999999,1.08,2.5));
#2892 = VECTOR('',#2893,1.);
#2893 = DIRECTION('',(0.,0.,-1.));
#2894 = ORIENTED_EDGE('',*,*,#2895,.T.);
#2895 = EDGE_CURVE('',#2888,#2896,#2898,.T.);
#2896 = VERTEX_POINT('',#2897);
#2897 = CARTESIAN_POINT('',(-0.249999999999,1.28,2.5));
#2898 = LINE('',#2899,#2900);
#2899 = CARTESIAN_POINT('',(-0.249999999999,1.68,2.5));
#2900 = VECTOR('',#2901,1.);
#2901 = DIRECTION('',(0.,1.,0.));
#2902 = ORIENTED_EDGE('',*,*,#2903,.T.);
#2903 = EDGE_CURVE('',#2896,#2904,#2906,.T.);
#2904 = VERTEX_POINT('',#2905);
#2905 = CARTESIAN_POINT('',(-0.249999999999,1.28,1.));
#2906 = LINE('',#2907,#2908);
#2907 = CARTESIAN_POINT('',(-0.249999999999,1.28,2.899999999999));
#2908 = VECTOR('',#2909,1.);
#2909 = DIRECTION('',(0.,0.,-1.));
#2910 = ORIENTED_EDGE('',*,*,#2911,.F.);
#2911 = EDGE_CURVE('',#2912,#2904,#2914,.T.);
#2912 = VERTEX_POINT('',#2913);
#2913 = CARTESIAN_POINT('',(-0.249999999999,1.68,1.));
#2914 = LINE('',#2915,#2916);
#2915 = CARTESIAN_POINT('',(-0.249999999999,0.,1.));
#2916 = VECTOR('',#2917,1.);
#2917 = DIRECTION('',(0.,-1.,0.));
#2918 = ORIENTED_EDGE('',*,*,#2919,.T.);
#2919 = EDGE_CURVE('',#2912,#2920,#2922,.T.);
#2920 = VERTEX_POINT('',#2921);
#2921 = CARTESIAN_POINT('',(-0.249999999999,1.68,0.249999999999));
#2922 = LINE('',#2923,#2924);
#2923 = CARTESIAN_POINT('',(-0.249999999999,1.68,2.5));
#2924 = VECTOR('',#2925,1.);
#2925 = DIRECTION('',(0.,0.,-1.));
#2926 = ORIENTED_EDGE('',*,*,#2927,.F.);
#2927 = EDGE_CURVE('',#1434,#2920,#2928,.T.);
#2928 = LINE('',#2929,#2930);
#2929 = CARTESIAN_POINT('',(-0.249999999999,1.68,0.25));
#2930 = VECTOR('',#2931,1.);
#2931 = DIRECTION('',(0.,-1.,0.));
#2932 = PLANE('',#2933);
#2933 = AXIS2_PLACEMENT_3D('',#2934,#2935,#2936);
#2934 = CARTESIAN_POINT('',(-0.249999999999,0.219999999999,2.5));
#2935 = DIRECTION('',(-1.,-3.614007241618E-16,0.));
#2936 = DIRECTION('',(3.614007241618E-16,-1.,0.));
#2937 = ADVANCED_FACE('',(#2938),#3043,.T.);
#2938 = FACE_BOUND('',#2939,.T.);
#2939 = EDGE_LOOP('',(#2940,#2950,#2956,#2957,#2965,#2973,#2981,#2989,
    #2997,#3005,#3013,#3021,#3029,#3037));
#2940 = ORIENTED_EDGE('',*,*,#2941,.T.);
#2941 = EDGE_CURVE('',#2942,#2944,#2946,.T.);
#2942 = VERTEX_POINT('',#2943);
#2943 = CARTESIAN_POINT('',(0.25,0.219999999999,1.));
#2944 = VERTEX_POINT('',#2945);
#2945 = CARTESIAN_POINT('',(0.25,0.219999999999,5.E-02));
#2946 = LINE('',#2947,#2948);
#2947 = CARTESIAN_POINT('',(0.25,0.219999999999,2.5));
#2948 = VECTOR('',#2949,1.);
#2949 = DIRECTION('',(0.,0.,-1.));
#2950 = ORIENTED_EDGE('',*,*,#2951,.T.);
#2951 = EDGE_CURVE('',#2944,#1418,#2952,.T.);
#2952 = LINE('',#2953,#2954);
#2953 = CARTESIAN_POINT('',(0.25,0.219999999999,5.E-02));
#2954 = VECTOR('',#2955,1.);
#2955 = DIRECTION('',(-3.614007241618E-16,1.,0.));
#2956 = ORIENTED_EDGE('',*,*,#1417,.F.);
#2957 = ORIENTED_EDGE('',*,*,#2958,.F.);
#2958 = EDGE_CURVE('',#2959,#1410,#2961,.T.);
#2959 = VERTEX_POINT('',#2960);
#2960 = CARTESIAN_POINT('',(0.25,1.68,0.25));
#2961 = LINE('',#2962,#2963);
#2962 = CARTESIAN_POINT('',(0.25,1.68,0.25));
#2963 = VECTOR('',#2964,1.);
#2964 = DIRECTION('',(6.776263578034E-16,1.,0.));
#2965 = ORIENTED_EDGE('',*,*,#2966,.F.);
#2966 = EDGE_CURVE('',#2967,#2959,#2969,.T.);
#2967 = VERTEX_POINT('',#2968);
#2968 = CARTESIAN_POINT('',(0.25,1.68,1.));
#2969 = LINE('',#2970,#2971);
#2970 = CARTESIAN_POINT('',(0.25,1.68,2.5));
#2971 = VECTOR('',#2972,1.);
#2972 = DIRECTION('',(0.,0.,-1.));
#2973 = ORIENTED_EDGE('',*,*,#2974,.F.);
#2974 = EDGE_CURVE('',#2975,#2967,#2977,.T.);
#2975 = VERTEX_POINT('',#2976);
#2976 = CARTESIAN_POINT('',(0.25,1.28,1.));
#2977 = LINE('',#2978,#2979);
#2978 = CARTESIAN_POINT('',(0.25,0.,1.));
#2979 = VECTOR('',#2980,1.);
#2980 = DIRECTION('',(0.,1.,0.));
#2981 = ORIENTED_EDGE('',*,*,#2982,.T.);
#2982 = EDGE_CURVE('',#2975,#2983,#2985,.T.);
#2983 = VERTEX_POINT('',#2984);
#2984 = CARTESIAN_POINT('',(0.25,1.28,2.5));
#2985 = LINE('',#2986,#2987);
#2986 = CARTESIAN_POINT('',(0.25,1.28,2.899999999999));
#2987 = VECTOR('',#2988,1.);
#2988 = DIRECTION('',(0.,0.,1.));
#2989 = ORIENTED_EDGE('',*,*,#2990,.T.);
#2990 = EDGE_CURVE('',#2983,#2991,#2993,.T.);
#2991 = VERTEX_POINT('',#2992);
#2992 = CARTESIAN_POINT('',(0.25,1.08,2.5));
#2993 = LINE('',#2994,#2995);
#2994 = CARTESIAN_POINT('',(0.25,1.68,2.5));
#2995 = VECTOR('',#2996,1.);
#2996 = DIRECTION('',(0.,-1.,0.));
#2997 = ORIENTED_EDGE('',*,*,#2998,.T.);
#2998 = EDGE_CURVE('',#2991,#2999,#3001,.T.);
#2999 = VERTEX_POINT('',#3000);
#3000 = CARTESIAN_POINT('',(0.25,1.08,2.));
#3001 = LINE('',#3002,#3003);
#3002 = CARTESIAN_POINT('',(0.25,1.08,2.5));
#3003 = VECTOR('',#3004,1.);
#3004 = DIRECTION('',(0.,0.,-1.));
#3005 = ORIENTED_EDGE('',*,*,#3006,.F.);
#3006 = EDGE_CURVE('',#3007,#2999,#3009,.T.);
#3007 = VERTEX_POINT('',#3008);
#3008 = CARTESIAN_POINT('',(0.25,0.819999999999,2.));
#3009 = LINE('',#3010,#3011);
#3010 = CARTESIAN_POINT('',(0.25,1.68,2.));
#3011 = VECTOR('',#3012,1.);
#3012 = DIRECTION('',(1.485208455459E-16,1.,0.));
#3013 = ORIENTED_EDGE('',*,*,#3014,.F.);
#3014 = EDGE_CURVE('',#3015,#3007,#3017,.T.);
#3015 = VERTEX_POINT('',#3016);
#3016 = CARTESIAN_POINT('',(0.25,0.819999999999,2.5));
#3017 = LINE('',#3018,#3019);
#3018 = CARTESIAN_POINT('',(0.25,0.819999999999,2.5));
#3019 = VECTOR('',#3020,1.);
#3020 = DIRECTION('',(0.,0.,-1.));
#3021 = ORIENTED_EDGE('',*,*,#3022,.T.);
#3022 = EDGE_CURVE('',#3015,#3023,#3025,.T.);
#3023 = VERTEX_POINT('',#3024);
#3024 = CARTESIAN_POINT('',(0.25,0.62,2.5));
#3025 = LINE('',#3026,#3027);
#3026 = CARTESIAN_POINT('',(0.25,0.219999999999,2.5));
#3027 = VECTOR('',#3028,1.);
#3028 = DIRECTION('',(3.614007241618E-16,-1.,0.));
#3029 = ORIENTED_EDGE('',*,*,#3030,.T.);
#3030 = EDGE_CURVE('',#3023,#3031,#3033,.T.);
#3031 = VERTEX_POINT('',#3032);
#3032 = CARTESIAN_POINT('',(0.25,0.62,1.));
#3033 = LINE('',#3034,#3035);
#3034 = CARTESIAN_POINT('',(0.25,0.62,2.899999999999));
#3035 = VECTOR('',#3036,1.);
#3036 = DIRECTION('',(0.,0.,-1.));
#3037 = ORIENTED_EDGE('',*,*,#3038,.F.);
#3038 = EDGE_CURVE('',#2942,#3031,#3039,.T.);
#3039 = LINE('',#3040,#3041);
#3040 = CARTESIAN_POINT('',(0.25,9.035018104045E-17,1.));
#3041 = VECTOR('',#3042,1.);
#3042 = DIRECTION('',(-3.614007241618E-16,1.,0.));
#3043 = PLANE('',#3044);
#3044 = AXIS2_PLACEMENT_3D('',#3045,#3046,#3047);
#3045 = CARTESIAN_POINT('',(0.25,0.219999999999,2.5));
#3046 = DIRECTION('',(1.,3.614007241618E-16,0.));
#3047 = DIRECTION('',(-3.614007241618E-16,1.,0.));
#3048 = ADVANCED_FACE('',(#3049),#3074,.T.);
#3049 = FACE_BOUND('',#3050,.T.);
#3050 = EDGE_LOOP('',(#3051,#3061,#3067,#3068));
#3051 = ORIENTED_EDGE('',*,*,#3052,.T.);
#3052 = EDGE_CURVE('',#3053,#3055,#3057,.T.);
#3053 = VERTEX_POINT('',#3054);
#3054 = CARTESIAN_POINT('',(0.55,0.219999999999,1.));
#3055 = VERTEX_POINT('',#3056);
#3056 = CARTESIAN_POINT('',(0.55,0.219999999999,5.E-02));
#3057 = LINE('',#3058,#3059);
#3058 = CARTESIAN_POINT('',(0.55,0.219999999999,2.5));
#3059 = VECTOR('',#3060,1.);
#3060 = DIRECTION('',(0.,0.,-1.));
#3061 = ORIENTED_EDGE('',*,*,#3062,.T.);
#3062 = EDGE_CURVE('',#3055,#2944,#3063,.T.);
#3063 = LINE('',#3064,#3065);
#3064 = CARTESIAN_POINT('',(0.25,0.219999999999,5.E-02));
#3065 = VECTOR('',#3066,1.);
#3066 = DIRECTION('',(-1.,-7.228014483236E-16,0.));
#3067 = ORIENTED_EDGE('',*,*,#2941,.F.);
#3068 = ORIENTED_EDGE('',*,*,#3069,.F.);
#3069 = EDGE_CURVE('',#3053,#2942,#3070,.T.);
#3070 = LINE('',#3071,#3072);
#3071 = CARTESIAN_POINT('',(-1.590163186312E-16,0.219999999999,1.));
#3072 = VECTOR('',#3073,1.);
#3073 = DIRECTION('',(-1.,-7.228014483236E-16,0.));
#3074 = PLANE('',#3075);
#3075 = AXIS2_PLACEMENT_3D('',#3076,#3077,#3078);
#3076 = CARTESIAN_POINT('',(0.25,0.219999999999,2.5));
#3077 = DIRECTION('',(-7.228014483236E-16,1.,0.));
#3078 = DIRECTION('',(-1.,-7.228014483236E-16,0.));
#3079 = ADVANCED_FACE('',(#3080),#3176,.T.);
#3080 = FACE_BOUND('',#3081,.T.);
#3081 = EDGE_LOOP('',(#3082,#3083,#3089,#3090,#3098,#3106,#3114,#3122,
    #3130,#3138,#3146,#3154,#3162,#3170));
#3082 = ORIENTED_EDGE('',*,*,#1401,.T.);
#3083 = ORIENTED_EDGE('',*,*,#3084,.T.);
#3084 = EDGE_CURVE('',#1394,#3055,#3085,.T.);
#3085 = LINE('',#3086,#3087);
#3086 = CARTESIAN_POINT('',(0.55,0.219999999999,5.E-02));
#3087 = VECTOR('',#3088,1.);
#3088 = DIRECTION('',(3.614007241618E-16,-1.,0.));
#3089 = ORIENTED_EDGE('',*,*,#3052,.F.);
#3090 = ORIENTED_EDGE('',*,*,#3091,.F.);
#3091 = EDGE_CURVE('',#3092,#3053,#3094,.T.);
#3092 = VERTEX_POINT('',#3093);
#3093 = CARTESIAN_POINT('',(0.55,0.62,1.));
#3094 = LINE('',#3095,#3096);
#3095 = CARTESIAN_POINT('',(0.55,1.98770398289E-16,1.));
#3096 = VECTOR('',#3097,1.);
#3097 = DIRECTION('',(3.614007241618E-16,-1.,0.));
#3098 = ORIENTED_EDGE('',*,*,#3099,.T.);
#3099 = EDGE_CURVE('',#3092,#3100,#3102,.T.);
#3100 = VERTEX_POINT('',#3101);
#3101 = CARTESIAN_POINT('',(0.55,0.62,2.5));
#3102 = LINE('',#3103,#3104);
#3103 = CARTESIAN_POINT('',(0.55,0.62,2.899999999999));
#3104 = VECTOR('',#3105,1.);
#3105 = DIRECTION('',(0.,0.,1.));
#3106 = ORIENTED_EDGE('',*,*,#3107,.T.);
#3107 = EDGE_CURVE('',#3100,#3108,#3110,.T.);
#3108 = VERTEX_POINT('',#3109);
#3109 = CARTESIAN_POINT('',(0.55,0.819999999999,2.5));
#3110 = LINE('',#3111,#3112);
#3111 = CARTESIAN_POINT('',(0.55,0.219999999999,2.5));
#3112 = VECTOR('',#3113,1.);
#3113 = DIRECTION('',(-3.614007241618E-16,1.,0.));
#3114 = ORIENTED_EDGE('',*,*,#3115,.T.);
#3115 = EDGE_CURVE('',#3108,#3116,#3118,.T.);
#3116 = VERTEX_POINT('',#3117);
#3117 = CARTESIAN_POINT('',(0.55,0.819999999999,2.));
#3118 = LINE('',#3119,#3120);
#3119 = CARTESIAN_POINT('',(0.55,0.819999999999,2.5));
#3120 = VECTOR('',#3121,1.);
#3121 = DIRECTION('',(0.,0.,-1.));
#3122 = ORIENTED_EDGE('',*,*,#3123,.F.);
#3123 = EDGE_CURVE('',#3124,#3116,#3126,.T.);
#3124 = VERTEX_POINT('',#3125);
#3125 = CARTESIAN_POINT('',(0.55,1.08,2.));
#3126 = LINE('',#3127,#3128);
#3127 = CARTESIAN_POINT('',(0.55,1.68,2.));
#3128 = VECTOR('',#3129,1.);
#3129 = DIRECTION('',(-1.485208455459E-16,-1.,0.));
#3130 = ORIENTED_EDGE('',*,*,#3131,.F.);
#3131 = EDGE_CURVE('',#3132,#3124,#3134,.T.);
#3132 = VERTEX_POINT('',#3133);
#3133 = CARTESIAN_POINT('',(0.55,1.08,2.5));
#3134 = LINE('',#3135,#3136);
#3135 = CARTESIAN_POINT('',(0.55,1.08,2.5));
#3136 = VECTOR('',#3137,1.);
#3137 = DIRECTION('',(0.,0.,-1.));
#3138 = ORIENTED_EDGE('',*,*,#3139,.T.);
#3139 = EDGE_CURVE('',#3132,#3140,#3142,.T.);
#3140 = VERTEX_POINT('',#3141);
#3141 = CARTESIAN_POINT('',(0.55,1.28,2.5));
#3142 = LINE('',#3143,#3144);
#3143 = CARTESIAN_POINT('',(0.55,1.68,2.5));
#3144 = VECTOR('',#3145,1.);
#3145 = DIRECTION('',(0.,1.,0.));
#3146 = ORIENTED_EDGE('',*,*,#3147,.T.);
#3147 = EDGE_CURVE('',#3140,#3148,#3150,.T.);
#3148 = VERTEX_POINT('',#3149);
#3149 = CARTESIAN_POINT('',(0.55,1.28,1.));
#3150 = LINE('',#3151,#3152);
#3151 = CARTESIAN_POINT('',(0.55,1.28,2.899999999999));
#3152 = VECTOR('',#3153,1.);
#3153 = DIRECTION('',(0.,0.,-1.));
#3154 = ORIENTED_EDGE('',*,*,#3155,.F.);
#3155 = EDGE_CURVE('',#3156,#3148,#3158,.T.);
#3156 = VERTEX_POINT('',#3157);
#3157 = CARTESIAN_POINT('',(0.55,1.68,1.));
#3158 = LINE('',#3159,#3160);
#3159 = CARTESIAN_POINT('',(0.55,0.,1.));
#3160 = VECTOR('',#3161,1.);
#3161 = DIRECTION('',(0.,-1.,0.));
#3162 = ORIENTED_EDGE('',*,*,#3163,.T.);
#3163 = EDGE_CURVE('',#3156,#3164,#3166,.T.);
#3164 = VERTEX_POINT('',#3165);
#3165 = CARTESIAN_POINT('',(0.55,1.68,0.249999999999));
#3166 = LINE('',#3167,#3168);
#3167 = CARTESIAN_POINT('',(0.55,1.68,2.5));
#3168 = VECTOR('',#3169,1.);
#3169 = DIRECTION('',(0.,0.,-1.));
#3170 = ORIENTED_EDGE('',*,*,#3171,.F.);
#3171 = EDGE_CURVE('',#1402,#3164,#3172,.T.);
#3172 = LINE('',#3173,#3174);
#3173 = CARTESIAN_POINT('',(0.55,1.68,0.25));
#3174 = VECTOR('',#3175,1.);
#3175 = DIRECTION('',(0.,-1.,0.));
#3176 = PLANE('',#3177);
#3177 = AXIS2_PLACEMENT_3D('',#3178,#3179,#3180);
#3178 = CARTESIAN_POINT('',(0.55,0.219999999999,2.5));
#3179 = DIRECTION('',(-1.,-3.614007241618E-16,0.));
#3180 = DIRECTION('',(3.614007241618E-16,-1.,0.));
#3181 = ADVANCED_FACE('',(#3182),#3287,.T.);
#3182 = FACE_BOUND('',#3183,.T.);
#3183 = EDGE_LOOP('',(#3184,#3185,#3193,#3201,#3209,#3217,#3225,#3233,
    #3241,#3249,#3257,#3265,#3273,#3281));
#3184 = ORIENTED_EDGE('',*,*,#1369,.T.);
#3185 = ORIENTED_EDGE('',*,*,#3186,.T.);
#3186 = EDGE_CURVE('',#1362,#3187,#3189,.T.);
#3187 = VERTEX_POINT('',#3188);
#3188 = CARTESIAN_POINT('',(1.35,0.219999999999,5.E-02));
#3189 = LINE('',#3190,#3191);
#3190 = CARTESIAN_POINT('',(1.35,1.68,5.E-02));
#3191 = VECTOR('',#3192,1.);
#3192 = DIRECTION('',(0.,-1.,0.));
#3193 = ORIENTED_EDGE('',*,*,#3194,.F.);
#3194 = EDGE_CURVE('',#3195,#3187,#3197,.T.);
#3195 = VERTEX_POINT('',#3196);
#3196 = CARTESIAN_POINT('',(1.35,0.219999999999,1.));
#3197 = LINE('',#3198,#3199);
#3198 = CARTESIAN_POINT('',(1.35,0.219999999999,2.5));
#3199 = VECTOR('',#3200,1.);
#3200 = DIRECTION('',(0.,0.,-1.));
#3201 = ORIENTED_EDGE('',*,*,#3202,.F.);
#3202 = EDGE_CURVE('',#3203,#3195,#3205,.T.);
#3203 = VERTEX_POINT('',#3204);
#3204 = CARTESIAN_POINT('',(1.35,0.62,1.));
#3205 = LINE('',#3206,#3207);
#3206 = CARTESIAN_POINT('',(1.35,4.878909776184E-16,1.));
#3207 = VECTOR('',#3208,1.);
#3208 = DIRECTION('',(3.614007241618E-16,-1.,0.));
#3209 = ORIENTED_EDGE('',*,*,#3210,.T.);
#3210 = EDGE_CURVE('',#3203,#3211,#3213,.T.);
#3211 = VERTEX_POINT('',#3212);
#3212 = CARTESIAN_POINT('',(1.35,0.62,2.5));
#3213 = LINE('',#3214,#3215);
#3214 = CARTESIAN_POINT('',(1.35,0.62,2.899999999999));
#3215 = VECTOR('',#3216,1.);
#3216 = DIRECTION('',(0.,0.,1.));
#3217 = ORIENTED_EDGE('',*,*,#3218,.T.);
#3218 = EDGE_CURVE('',#3211,#3219,#3221,.T.);
#3219 = VERTEX_POINT('',#3220);
#3220 = CARTESIAN_POINT('',(1.35,0.819999999999,2.5));
#3221 = LINE('',#3222,#3223);
#3222 = CARTESIAN_POINT('',(1.35,0.219999999999,2.5));
#3223 = VECTOR('',#3224,1.);
#3224 = DIRECTION('',(-3.614007241618E-16,1.,0.));
#3225 = ORIENTED_EDGE('',*,*,#3226,.T.);
#3226 = EDGE_CURVE('',#3219,#3227,#3229,.T.);
#3227 = VERTEX_POINT('',#3228);
#3228 = CARTESIAN_POINT('',(1.35,0.819999999999,2.));
#3229 = LINE('',#3230,#3231);
#3230 = CARTESIAN_POINT('',(1.35,0.819999999999,2.5));
#3231 = VECTOR('',#3232,1.);
#3232 = DIRECTION('',(0.,0.,-1.));
#3233 = ORIENTED_EDGE('',*,*,#3234,.F.);
#3234 = EDGE_CURVE('',#3235,#3227,#3237,.T.);
#3235 = VERTEX_POINT('',#3236);
#3236 = CARTESIAN_POINT('',(1.35,1.08,2.));
#3237 = LINE('',#3238,#3239);
#3238 = CARTESIAN_POINT('',(1.35,1.68,2.));
#3239 = VECTOR('',#3240,1.);
#3240 = DIRECTION('',(-1.485208455459E-16,-1.,0.));
#3241 = ORIENTED_EDGE('',*,*,#3242,.F.);
#3242 = EDGE_CURVE('',#3243,#3235,#3245,.T.);
#3243 = VERTEX_POINT('',#3244);
#3244 = CARTESIAN_POINT('',(1.35,1.08,2.5));
#3245 = LINE('',#3246,#3247);
#3246 = CARTESIAN_POINT('',(1.35,1.08,2.5));
#3247 = VECTOR('',#3248,1.);
#3248 = DIRECTION('',(0.,0.,-1.));
#3249 = ORIENTED_EDGE('',*,*,#3250,.T.);
#3250 = EDGE_CURVE('',#3243,#3251,#3253,.T.);
#3251 = VERTEX_POINT('',#3252);
#3252 = CARTESIAN_POINT('',(1.35,1.28,2.5));
#3253 = LINE('',#3254,#3255);
#3254 = CARTESIAN_POINT('',(1.35,1.68,2.5));
#3255 = VECTOR('',#3256,1.);
#3256 = DIRECTION('',(0.,1.,0.));
#3257 = ORIENTED_EDGE('',*,*,#3258,.T.);
#3258 = EDGE_CURVE('',#3251,#3259,#3261,.T.);
#3259 = VERTEX_POINT('',#3260);
#3260 = CARTESIAN_POINT('',(1.35,1.28,1.));
#3261 = LINE('',#3262,#3263);
#3262 = CARTESIAN_POINT('',(1.35,1.28,2.899999999999));
#3263 = VECTOR('',#3264,1.);
#3264 = DIRECTION('',(0.,0.,-1.));
#3265 = ORIENTED_EDGE('',*,*,#3266,.F.);
#3266 = EDGE_CURVE('',#3267,#3259,#3269,.T.);
#3267 = VERTEX_POINT('',#3268);
#3268 = CARTESIAN_POINT('',(1.35,1.68,1.));
#3269 = LINE('',#3270,#3271);
#3270 = CARTESIAN_POINT('',(1.35,0.,1.));
#3271 = VECTOR('',#3272,1.);
#3272 = DIRECTION('',(0.,-1.,0.));
#3273 = ORIENTED_EDGE('',*,*,#3274,.T.);
#3274 = EDGE_CURVE('',#3267,#3275,#3277,.T.);
#3275 = VERTEX_POINT('',#3276);
#3276 = CARTESIAN_POINT('',(1.35,1.68,0.25));
#3277 = LINE('',#3278,#3279);
#3278 = CARTESIAN_POINT('',(1.35,1.68,2.5));
#3279 = VECTOR('',#3280,1.);
#3280 = DIRECTION('',(0.,0.,-1.));
#3281 = ORIENTED_EDGE('',*,*,#3282,.F.);
#3282 = EDGE_CURVE('',#1370,#3275,#3283,.T.);
#3283 = LINE('',#3284,#3285);
#3284 = CARTESIAN_POINT('',(1.35,1.68,0.25));
#3285 = VECTOR('',#3286,1.);
#3286 = DIRECTION('',(0.,-1.,0.));
#3287 = PLANE('',#3288);
#3288 = AXIS2_PLACEMENT_3D('',#3289,#3290,#3291);
#3289 = CARTESIAN_POINT('',(1.35,1.68,2.5));
#3290 = DIRECTION('',(-1.,0.,0.));
#3291 = DIRECTION('',(0.,0.,1.));
#3292 = ADVANCED_FACE('',(#3293),#3318,.T.);
#3293 = FACE_BOUND('',#3294,.T.);
#3294 = EDGE_LOOP('',(#3295,#3296,#3304,#3312));
#3295 = ORIENTED_EDGE('',*,*,#3194,.T.);
#3296 = ORIENTED_EDGE('',*,*,#3297,.T.);
#3297 = EDGE_CURVE('',#3187,#3298,#3300,.T.);
#3298 = VERTEX_POINT('',#3299);
#3299 = CARTESIAN_POINT('',(1.05,0.219999999999,5.E-02));
#3300 = LINE('',#3301,#3302);
#3301 = CARTESIAN_POINT('',(1.05,0.219999999999,5.E-02));
#3302 = VECTOR('',#3303,1.);
#3303 = DIRECTION('',(-1.,-7.228014483236E-16,0.));
#3304 = ORIENTED_EDGE('',*,*,#3305,.F.);
#3305 = EDGE_CURVE('',#3306,#3298,#3308,.T.);
#3306 = VERTEX_POINT('',#3307);
#3307 = CARTESIAN_POINT('',(1.05,0.219999999999,1.));
#3308 = LINE('',#3309,#3310);
#3309 = CARTESIAN_POINT('',(1.05,0.219999999999,2.5));
#3310 = VECTOR('',#3311,1.);
#3311 = DIRECTION('',(0.,0.,-1.));
#3312 = ORIENTED_EDGE('',*,*,#3313,.F.);
#3313 = EDGE_CURVE('',#3195,#3306,#3314,.T.);
#3314 = LINE('',#3315,#3316);
#3315 = CARTESIAN_POINT('',(-1.590163186312E-16,0.219999999999,1.));
#3316 = VECTOR('',#3317,1.);
#3317 = DIRECTION('',(-1.,-7.228014483236E-16,0.));
#3318 = PLANE('',#3319);
#3319 = AXIS2_PLACEMENT_3D('',#3320,#3321,#3322);
#3320 = CARTESIAN_POINT('',(1.05,0.219999999999,2.5));
#3321 = DIRECTION('',(-7.228014483236E-16,1.,0.));
#3322 = DIRECTION('',(-1.,-7.228014483236E-16,0.));
#3323 = ADVANCED_FACE('',(#3324),#3420,.T.);
#3324 = FACE_BOUND('',#3325,.T.);
#3325 = EDGE_LOOP('',(#3326,#3327,#3333,#3334,#3342,#3350,#3358,#3366,
    #3374,#3382,#3390,#3398,#3406,#3414));
#3326 = ORIENTED_EDGE('',*,*,#3305,.T.);
#3327 = ORIENTED_EDGE('',*,*,#3328,.T.);
#3328 = EDGE_CURVE('',#3298,#1386,#3329,.T.);
#3329 = LINE('',#3330,#3331);
#3330 = CARTESIAN_POINT('',(1.05,1.68,5.E-02));
#3331 = VECTOR('',#3332,1.);
#3332 = DIRECTION('',(0.,1.,0.));
#3333 = ORIENTED_EDGE('',*,*,#1385,.F.);
#3334 = ORIENTED_EDGE('',*,*,#3335,.F.);
#3335 = EDGE_CURVE('',#3336,#1378,#3338,.T.);
#3336 = VERTEX_POINT('',#3337);
#3337 = CARTESIAN_POINT('',(1.05,1.68,0.249999999999));
#3338 = LINE('',#3339,#3340);
#3339 = CARTESIAN_POINT('',(1.05,1.68,0.25));
#3340 = VECTOR('',#3341,1.);
#3341 = DIRECTION('',(6.776263578034E-16,1.,0.));
#3342 = ORIENTED_EDGE('',*,*,#3343,.F.);
#3343 = EDGE_CURVE('',#3344,#3336,#3346,.T.);
#3344 = VERTEX_POINT('',#3345);
#3345 = CARTESIAN_POINT('',(1.05,1.68,1.));
#3346 = LINE('',#3347,#3348);
#3347 = CARTESIAN_POINT('',(1.05,1.68,2.5));
#3348 = VECTOR('',#3349,1.);
#3349 = DIRECTION('',(0.,0.,-1.));
#3350 = ORIENTED_EDGE('',*,*,#3351,.F.);
#3351 = EDGE_CURVE('',#3352,#3344,#3354,.T.);
#3352 = VERTEX_POINT('',#3353);
#3353 = CARTESIAN_POINT('',(1.05,1.28,1.));
#3354 = LINE('',#3355,#3356);
#3355 = CARTESIAN_POINT('',(1.05,0.,1.));
#3356 = VECTOR('',#3357,1.);
#3357 = DIRECTION('',(0.,1.,0.));
#3358 = ORIENTED_EDGE('',*,*,#3359,.T.);
#3359 = EDGE_CURVE('',#3352,#3360,#3362,.T.);
#3360 = VERTEX_POINT('',#3361);
#3361 = CARTESIAN_POINT('',(1.05,1.28,2.5));
#3362 = LINE('',#3363,#3364);
#3363 = CARTESIAN_POINT('',(1.05,1.28,2.899999999999));
#3364 = VECTOR('',#3365,1.);
#3365 = DIRECTION('',(0.,0.,1.));
#3366 = ORIENTED_EDGE('',*,*,#3367,.T.);
#3367 = EDGE_CURVE('',#3360,#3368,#3370,.T.);
#3368 = VERTEX_POINT('',#3369);
#3369 = CARTESIAN_POINT('',(1.05,1.08,2.5));
#3370 = LINE('',#3371,#3372);
#3371 = CARTESIAN_POINT('',(1.05,1.68,2.5));
#3372 = VECTOR('',#3373,1.);
#3373 = DIRECTION('',(0.,-1.,0.));
#3374 = ORIENTED_EDGE('',*,*,#3375,.T.);
#3375 = EDGE_CURVE('',#3368,#3376,#3378,.T.);
#3376 = VERTEX_POINT('',#3377);
#3377 = CARTESIAN_POINT('',(1.05,1.08,2.));
#3378 = LINE('',#3379,#3380);
#3379 = CARTESIAN_POINT('',(1.05,1.08,2.5));
#3380 = VECTOR('',#3381,1.);
#3381 = DIRECTION('',(0.,0.,-1.));
#3382 = ORIENTED_EDGE('',*,*,#3383,.F.);
#3383 = EDGE_CURVE('',#3384,#3376,#3386,.T.);
#3384 = VERTEX_POINT('',#3385);
#3385 = CARTESIAN_POINT('',(1.05,0.819999999999,2.));
#3386 = LINE('',#3387,#3388);
#3387 = CARTESIAN_POINT('',(1.05,1.68,2.));
#3388 = VECTOR('',#3389,1.);
#3389 = DIRECTION('',(1.485208455459E-16,1.,0.));
#3390 = ORIENTED_EDGE('',*,*,#3391,.F.);
#3391 = EDGE_CURVE('',#3392,#3384,#3394,.T.);
#3392 = VERTEX_POINT('',#3393);
#3393 = CARTESIAN_POINT('',(1.05,0.819999999999,2.5));
#3394 = LINE('',#3395,#3396);
#3395 = CARTESIAN_POINT('',(1.05,0.819999999999,2.5));
#3396 = VECTOR('',#3397,1.);
#3397 = DIRECTION('',(0.,0.,-1.));
#3398 = ORIENTED_EDGE('',*,*,#3399,.T.);
#3399 = EDGE_CURVE('',#3392,#3400,#3402,.T.);
#3400 = VERTEX_POINT('',#3401);
#3401 = CARTESIAN_POINT('',(1.05,0.62,2.5));
#3402 = LINE('',#3403,#3404);
#3403 = CARTESIAN_POINT('',(1.05,0.219999999999,2.5));
#3404 = VECTOR('',#3405,1.);
#3405 = DIRECTION('',(3.614007241618E-16,-1.,0.));
#3406 = ORIENTED_EDGE('',*,*,#3407,.T.);
#3407 = EDGE_CURVE('',#3400,#3408,#3410,.T.);
#3408 = VERTEX_POINT('',#3409);
#3409 = CARTESIAN_POINT('',(1.05,0.62,1.));
#3410 = LINE('',#3411,#3412);
#3411 = CARTESIAN_POINT('',(1.05,0.62,2.899999999999));
#3412 = VECTOR('',#3413,1.);
#3413 = DIRECTION('',(0.,0.,-1.));
#3414 = ORIENTED_EDGE('',*,*,#3415,.F.);
#3415 = EDGE_CURVE('',#3306,#3408,#3416,.T.);
#3416 = LINE('',#3417,#3418);
#3417 = CARTESIAN_POINT('',(1.05,3.794707603699E-16,1.));
#3418 = VECTOR('',#3419,1.);
#3419 = DIRECTION('',(-3.614007241618E-16,1.,0.));
#3420 = PLANE('',#3421);
#3421 = AXIS2_PLACEMENT_3D('',#3422,#3423,#3424);
#3422 = CARTESIAN_POINT('',(1.05,1.68,2.5));
#3423 = DIRECTION('',(1.,0.,0.));
#3424 = DIRECTION('',(0.,0.,-1.));
#3425 = ADVANCED_FACE('',(#3426),#3442,.T.);
#3426 = FACE_BOUND('',#3427,.T.);
#3427 = EDGE_LOOP('',(#3428,#3429,#3435,#3436));
#3428 = ORIENTED_EDGE('',*,*,#2722,.T.);
#3429 = ORIENTED_EDGE('',*,*,#3430,.F.);
#3430 = EDGE_CURVE('',#2920,#2715,#3431,.T.);
#3431 = LINE('',#3432,#3433);
#3432 = CARTESIAN_POINT('',(-0.549999999999,1.68,0.25));
#3433 = VECTOR('',#3434,1.);
#3434 = DIRECTION('',(-1.,0.,0.));
#3435 = ORIENTED_EDGE('',*,*,#2919,.F.);
#3436 = ORIENTED_EDGE('',*,*,#3437,.F.);
#3437 = EDGE_CURVE('',#2723,#2912,#3438,.T.);
#3438 = LINE('',#3439,#3440);
#3439 = CARTESIAN_POINT('',(0.,1.68,1.));
#3440 = VECTOR('',#3441,1.);
#3441 = DIRECTION('',(1.,0.,0.));
#3442 = PLANE('',#3443);
#3443 = AXIS2_PLACEMENT_3D('',#3444,#3445,#3446);
#3444 = CARTESIAN_POINT('',(-0.549999999999,1.68,2.5));
#3445 = DIRECTION('',(0.,-1.,0.));
#3446 = DIRECTION('',(0.,0.,-1.));
#3447 = ADVANCED_FACE('',(#3448),#3464,.T.);
#3448 = FACE_BOUND('',#3449,.T.);
#3449 = EDGE_LOOP('',(#3450,#3451,#3457,#3458));
#3450 = ORIENTED_EDGE('',*,*,#2966,.T.);
#3451 = ORIENTED_EDGE('',*,*,#3452,.F.);
#3452 = EDGE_CURVE('',#3164,#2959,#3453,.T.);
#3453 = LINE('',#3454,#3455);
#3454 = CARTESIAN_POINT('',(0.25,1.68,0.25));
#3455 = VECTOR('',#3456,1.);
#3456 = DIRECTION('',(-1.,0.,0.));
#3457 = ORIENTED_EDGE('',*,*,#3163,.F.);
#3458 = ORIENTED_EDGE('',*,*,#3459,.F.);
#3459 = EDGE_CURVE('',#2967,#3156,#3460,.T.);
#3460 = LINE('',#3461,#3462);
#3461 = CARTESIAN_POINT('',(0.,1.68,1.));
#3462 = VECTOR('',#3463,1.);
#3463 = DIRECTION('',(1.,0.,0.));
#3464 = PLANE('',#3465);
#3465 = AXIS2_PLACEMENT_3D('',#3466,#3467,#3468);
#3466 = CARTESIAN_POINT('',(0.25,1.68,2.5));
#3467 = DIRECTION('',(0.,-1.,0.));
#3468 = DIRECTION('',(0.,0.,-1.));
#3469 = ADVANCED_FACE('',(#3470),#3486,.T.);
#3470 = FACE_BOUND('',#3471,.T.);
#3471 = EDGE_LOOP('',(#3472,#3473,#3479,#3480));
#3472 = ORIENTED_EDGE('',*,*,#3343,.T.);
#3473 = ORIENTED_EDGE('',*,*,#3474,.F.);
#3474 = EDGE_CURVE('',#3275,#3336,#3475,.T.);
#3475 = LINE('',#3476,#3477);
#3476 = CARTESIAN_POINT('',(1.05,1.68,0.25));
#3477 = VECTOR('',#3478,1.);
#3478 = DIRECTION('',(-1.,0.,0.));
#3479 = ORIENTED_EDGE('',*,*,#3274,.F.);
#3480 = ORIENTED_EDGE('',*,*,#3481,.F.);
#3481 = EDGE_CURVE('',#3344,#3267,#3482,.T.);
#3482 = LINE('',#3483,#3484);
#3483 = CARTESIAN_POINT('',(0.,1.68,1.));
#3484 = VECTOR('',#3485,1.);
#3485 = DIRECTION('',(1.,0.,0.));
#3486 = PLANE('',#3487);
#3487 = AXIS2_PLACEMENT_3D('',#3488,#3489,#3490);
#3488 = CARTESIAN_POINT('',(1.05,1.68,2.5));
#3489 = DIRECTION('',(0.,-1.,0.));
#3490 = DIRECTION('',(0.,0.,-1.));
#3491 = ADVANCED_FACE('',(#3492),#3508,.T.);
#3492 = FACE_BOUND('',#3493,.T.);
#3493 = EDGE_LOOP('',(#3494,#3495,#3501,#3502));
#3494 = ORIENTED_EDGE('',*,*,#1897,.T.);
#3495 = ORIENTED_EDGE('',*,*,#3496,.F.);
#3496 = EDGE_CURVE('',#1829,#1890,#3497,.T.);
#3497 = LINE('',#3498,#3499);
#3498 = CARTESIAN_POINT('',(-1.349999999999,1.68,0.25));
#3499 = VECTOR('',#3500,1.);
#3500 = DIRECTION('',(-1.,0.,0.));
#3501 = ORIENTED_EDGE('',*,*,#1828,.F.);
#3502 = ORIENTED_EDGE('',*,*,#3503,.F.);
#3503 = EDGE_CURVE('',#1898,#1821,#3504,.T.);
#3504 = LINE('',#3505,#3506);
#3505 = CARTESIAN_POINT('',(0.,1.68,1.));
#3506 = VECTOR('',#3507,1.);
#3507 = DIRECTION('',(1.,0.,0.));
#3508 = PLANE('',#3509);
#3509 = AXIS2_PLACEMENT_3D('',#3510,#3511,#3512);
#3510 = CARTESIAN_POINT('',(-1.349999999999,1.68,2.5));
#3511 = DIRECTION('',(0.,-1.,0.));
#3512 = DIRECTION('',(0.,0.,-1.));
#3513 = ADVANCED_FACE('',(#3514),#3530,.T.);
#3514 = FACE_BOUND('',#3515,.T.);
#3515 = EDGE_LOOP('',(#3516,#3517,#3523,#3524));
#3516 = ORIENTED_EDGE('',*,*,#2189,.T.);
#3517 = ORIENTED_EDGE('',*,*,#3518,.T.);
#3518 = EDGE_CURVE('',#2182,#2025,#3519,.T.);
#3519 = LINE('',#3520,#3521);
#3520 = CARTESIAN_POINT('',(1.05,-0.82,2.));
#3521 = VECTOR('',#3522,1.);
#3522 = DIRECTION('',(-1.,-3.614007241618E-16,0.));
#3523 = ORIENTED_EDGE('',*,*,#2024,.F.);
#3524 = ORIENTED_EDGE('',*,*,#3525,.T.);
#3525 = EDGE_CURVE('',#2017,#2190,#3526,.T.);
#3526 = LINE('',#3527,#3528);
#3527 = CARTESIAN_POINT('',(1.05,-0.82,2.5));
#3528 = VECTOR('',#3529,1.);
#3529 = DIRECTION('',(1.,3.614007241618E-16,0.));
#3530 = PLANE('',#3531);
#3531 = AXIS2_PLACEMENT_3D('',#3532,#3533,#3534);
#3532 = CARTESIAN_POINT('',(1.05,-0.82,2.5));
#3533 = DIRECTION('',(-3.614007241618E-16,1.,0.));
#3534 = DIRECTION('',(-1.,-3.614007241618E-16,0.));
#3535 = ADVANCED_FACE('',(#3536),#3552,.T.);
#3536 = FACE_BOUND('',#3537,.T.);
#3537 = EDGE_LOOP('',(#3538,#3539,#3545,#3546));
#3538 = ORIENTED_EDGE('',*,*,#2415,.T.);
#3539 = ORIENTED_EDGE('',*,*,#3540,.T.);
#3540 = EDGE_CURVE('',#2408,#2269,#3541,.T.);
#3541 = LINE('',#3542,#3543);
#3542 = CARTESIAN_POINT('',(-0.549999999999,-0.82,2.));
#3543 = VECTOR('',#3544,1.);
#3544 = DIRECTION('',(-1.,-3.614007241618E-16,0.));
#3545 = ORIENTED_EDGE('',*,*,#2268,.F.);
#3546 = ORIENTED_EDGE('',*,*,#3547,.T.);
#3547 = EDGE_CURVE('',#2261,#2416,#3548,.T.);
#3548 = LINE('',#3549,#3550);
#3549 = CARTESIAN_POINT('',(-0.549999999999,-0.82,2.5));
#3550 = VECTOR('',#3551,1.);
#3551 = DIRECTION('',(1.,3.614007241618E-16,0.));
#3552 = PLANE('',#3553);
#3553 = AXIS2_PLACEMENT_3D('',#3554,#3555,#3556);
#3554 = CARTESIAN_POINT('',(-0.549999999999,-0.82,2.5));
#3555 = DIRECTION('',(-3.614007241618E-16,1.,0.));
#3556 = DIRECTION('',(-1.,-3.614007241618E-16,0.));
#3557 = ADVANCED_FACE('',(#3558),#3574,.T.);
#3558 = FACE_BOUND('',#3559,.T.);
#3559 = EDGE_LOOP('',(#3560,#3561,#3567,#3568));
#3560 = ORIENTED_EDGE('',*,*,#2659,.T.);
#3561 = ORIENTED_EDGE('',*,*,#3562,.T.);
#3562 = EDGE_CURVE('',#2652,#2495,#3563,.T.);
#3563 = LINE('',#3564,#3565);
#3564 = CARTESIAN_POINT('',(0.25,-0.82,2.));
#3565 = VECTOR('',#3566,1.);
#3566 = DIRECTION('',(-1.,-3.614007241618E-16,0.));
#3567 = ORIENTED_EDGE('',*,*,#2494,.F.);
#3568 = ORIENTED_EDGE('',*,*,#3569,.T.);
#3569 = EDGE_CURVE('',#2487,#2660,#3570,.T.);
#3570 = LINE('',#3571,#3572);
#3571 = CARTESIAN_POINT('',(0.25,-0.82,2.5));
#3572 = VECTOR('',#3573,1.);
#3573 = DIRECTION('',(1.,3.614007241618E-16,0.));
#3574 = PLANE('',#3575);
#3575 = AXIS2_PLACEMENT_3D('',#3576,#3577,#3578);
#3576 = CARTESIAN_POINT('',(0.25,-0.82,2.5));
#3577 = DIRECTION('',(-3.614007241618E-16,1.,0.));
#3578 = DIRECTION('',(-1.,-3.614007241618E-16,0.));
#3579 = ADVANCED_FACE('',(#3580),#3596,.T.);
#3580 = FACE_BOUND('',#3581,.T.);
#3581 = EDGE_LOOP('',(#3582,#3583,#3589,#3590));
#3582 = ORIENTED_EDGE('',*,*,#2040,.T.);
#3583 = ORIENTED_EDGE('',*,*,#3584,.T.);
#3584 = EDGE_CURVE('',#2033,#2174,#3585,.T.);
#3585 = LINE('',#3586,#3587);
#3586 = CARTESIAN_POINT('',(1.05,-1.08,2.));
#3587 = VECTOR('',#3588,1.);
#3588 = DIRECTION('',(1.,0.,0.));
#3589 = ORIENTED_EDGE('',*,*,#2173,.F.);
#3590 = ORIENTED_EDGE('',*,*,#3591,.T.);
#3591 = EDGE_CURVE('',#2166,#2041,#3592,.T.);
#3592 = LINE('',#3593,#3594);
#3593 = CARTESIAN_POINT('',(1.05,-1.08,2.5));
#3594 = VECTOR('',#3595,1.);
#3595 = DIRECTION('',(-1.,0.,0.));
#3596 = PLANE('',#3597);
#3597 = AXIS2_PLACEMENT_3D('',#3598,#3599,#3600);
#3598 = CARTESIAN_POINT('',(1.05,-1.08,2.5));
#3599 = DIRECTION('',(0.,-1.,0.));
#3600 = DIRECTION('',(0.,0.,-1.));
#3601 = ADVANCED_FACE('',(#3602,#3636),#3652,.T.);
#3602 = FACE_BOUND('',#3603,.T.);
#3603 = EDGE_LOOP('',(#3604,#3614,#3622,#3630));
#3604 = ORIENTED_EDGE('',*,*,#3605,.F.);
#3605 = EDGE_CURVE('',#3606,#3608,#3610,.T.);
#3606 = VERTEX_POINT('',#3607);
#3607 = CARTESIAN_POINT('',(0.275,-1.08,2.27581163453));
#3608 = VERTEX_POINT('',#3609);
#3609 = CARTESIAN_POINT('',(0.275,-1.08,2.26356409098));
#3610 = LINE('',#3611,#3612);
#3611 = CARTESIAN_POINT('',(0.275,-1.08,2.5));
#3612 = VECTOR('',#3613,1.);
#3613 = DIRECTION('',(0.,0.,-1.));
#3614 = ORIENTED_EDGE('',*,*,#3615,.F.);
#3615 = EDGE_CURVE('',#3616,#3606,#3618,.T.);
#3616 = VERTEX_POINT('',#3617);
#3617 = CARTESIAN_POINT('',(0.525,-1.08,2.27581163453));
#3618 = LINE('',#3619,#3620);
#3619 = CARTESIAN_POINT('',(0.25,-1.08,2.27581163453));
#3620 = VECTOR('',#3621,1.);
#3621 = DIRECTION('',(-1.,0.,0.));
#3622 = ORIENTED_EDGE('',*,*,#3623,.T.);
#3623 = EDGE_CURVE('',#3616,#3624,#3626,.T.);
#3624 = VERTEX_POINT('',#3625);
#3625 = CARTESIAN_POINT('',(0.525,-1.08,2.26356409098));
#3626 = LINE('',#3627,#3628);
#3627 = CARTESIAN_POINT('',(0.525,-1.08,2.5));
#3628 = VECTOR('',#3629,1.);
#3629 = DIRECTION('',(0.,0.,-1.));
#3630 = ORIENTED_EDGE('',*,*,#3631,.T.);
#3631 = EDGE_CURVE('',#3624,#3608,#3632,.T.);
#3632 = LINE('',#3633,#3634);
#3633 = CARTESIAN_POINT('',(0.25,-1.08,2.26356409098));
#3634 = VECTOR('',#3635,1.);
#3635 = DIRECTION('',(-1.,0.,0.));
#3636 = FACE_BOUND('',#3637,.T.);
#3637 = EDGE_LOOP('',(#3638,#3639,#3645,#3646));
#3638 = ORIENTED_EDGE('',*,*,#2510,.T.);
#3639 = ORIENTED_EDGE('',*,*,#3640,.T.);
#3640 = EDGE_CURVE('',#2503,#2644,#3641,.T.);
#3641 = LINE('',#3642,#3643);
#3642 = CARTESIAN_POINT('',(0.25,-1.08,2.));
#3643 = VECTOR('',#3644,1.);
#3644 = DIRECTION('',(1.,0.,0.));
#3645 = ORIENTED_EDGE('',*,*,#2643,.F.);
#3646 = ORIENTED_EDGE('',*,*,#3647,.T.);
#3647 = EDGE_CURVE('',#2636,#2511,#3648,.T.);
#3648 = LINE('',#3649,#3650);
#3649 = CARTESIAN_POINT('',(0.25,-1.08,2.5));
#3650 = VECTOR('',#3651,1.);
#3651 = DIRECTION('',(-1.,0.,0.));
#3652 = PLANE('',#3653);
#3653 = AXIS2_PLACEMENT_3D('',#3654,#3655,#3656);
#3654 = CARTESIAN_POINT('',(0.25,-1.08,2.5));
#3655 = DIRECTION('',(0.,-1.,0.));
#3656 = DIRECTION('',(0.,0.,-1.));
#3657 = ADVANCED_FACE('',(#3658),#3674,.T.);
#3658 = FACE_BOUND('',#3659,.T.);
#3659 = EDGE_LOOP('',(#3660,#3661,#3667,#3668));
#3660 = ORIENTED_EDGE('',*,*,#3391,.T.);
#3661 = ORIENTED_EDGE('',*,*,#3662,.T.);
#3662 = EDGE_CURVE('',#3384,#3227,#3663,.T.);
#3663 = LINE('',#3664,#3665);
#3664 = CARTESIAN_POINT('',(1.05,0.819999999999,2.));
#3665 = VECTOR('',#3666,1.);
#3666 = DIRECTION('',(1.,3.614007241618E-16,0.));
#3667 = ORIENTED_EDGE('',*,*,#3226,.F.);
#3668 = ORIENTED_EDGE('',*,*,#3669,.T.);
#3669 = EDGE_CURVE('',#3219,#3392,#3670,.T.);
#3670 = LINE('',#3671,#3672);
#3671 = CARTESIAN_POINT('',(1.05,0.819999999999,2.5));
#3672 = VECTOR('',#3673,1.);
#3673 = DIRECTION('',(-1.,-3.614007241618E-16,0.));
#3674 = PLANE('',#3675);
#3675 = AXIS2_PLACEMENT_3D('',#3676,#3677,#3678);
#3676 = CARTESIAN_POINT('',(1.05,0.819999999999,2.5));
#3677 = DIRECTION('',(3.614007241618E-16,-1.,0.));
#3678 = DIRECTION('',(1.,3.614007241618E-16,0.));
#3679 = ADVANCED_FACE('',(#3680),#3696,.T.);
#3680 = FACE_BOUND('',#3681,.T.);
#3681 = EDGE_LOOP('',(#3682,#3683,#3689,#3690));
#3682 = ORIENTED_EDGE('',*,*,#2770,.T.);
#3683 = ORIENTED_EDGE('',*,*,#3684,.T.);
#3684 = EDGE_CURVE('',#2763,#2872,#3685,.T.);
#3685 = LINE('',#3686,#3687);
#3686 = CARTESIAN_POINT('',(-0.549999999999,0.819999999999,2.));
#3687 = VECTOR('',#3688,1.);
#3688 = DIRECTION('',(1.,3.614007241618E-16,0.));
#3689 = ORIENTED_EDGE('',*,*,#2871,.F.);
#3690 = ORIENTED_EDGE('',*,*,#3691,.T.);
#3691 = EDGE_CURVE('',#2864,#2771,#3692,.T.);
#3692 = LINE('',#3693,#3694);
#3693 = CARTESIAN_POINT('',(-0.549999999999,0.819999999999,2.5));
#3694 = VECTOR('',#3695,1.);
#3695 = DIRECTION('',(-1.,-3.614007241618E-16,0.));
#3696 = PLANE('',#3697);
#3697 = AXIS2_PLACEMENT_3D('',#3698,#3699,#3700);
#3698 = CARTESIAN_POINT('',(-0.549999999999,0.819999999999,2.5));
#3699 = DIRECTION('',(3.614007241618E-16,-1.,0.));
#3700 = DIRECTION('',(1.,3.614007241618E-16,0.));
#3701 = ADVANCED_FACE('',(#3702),#3718,.T.);
#3702 = FACE_BOUND('',#3703,.T.);
#3703 = EDGE_LOOP('',(#3704,#3705,#3711,#3712));
#3704 = ORIENTED_EDGE('',*,*,#3014,.T.);
#3705 = ORIENTED_EDGE('',*,*,#3706,.T.);
#3706 = EDGE_CURVE('',#3007,#3116,#3707,.T.);
#3707 = LINE('',#3708,#3709);
#3708 = CARTESIAN_POINT('',(0.25,0.819999999999,2.));
#3709 = VECTOR('',#3710,1.);
#3710 = DIRECTION('',(1.,3.614007241618E-16,0.));
#3711 = ORIENTED_EDGE('',*,*,#3115,.F.);
#3712 = ORIENTED_EDGE('',*,*,#3713,.T.);
#3713 = EDGE_CURVE('',#3108,#3015,#3714,.T.);
#3714 = LINE('',#3715,#3716);
#3715 = CARTESIAN_POINT('',(0.25,0.819999999999,2.5));
#3716 = VECTOR('',#3717,1.);
#3717 = DIRECTION('',(-1.,-3.614007241618E-16,0.));
#3718 = PLANE('',#3719);
#3719 = AXIS2_PLACEMENT_3D('',#3720,#3721,#3722);
#3720 = CARTESIAN_POINT('',(0.25,0.819999999999,2.5));
#3721 = DIRECTION('',(3.614007241618E-16,-1.,0.));
#3722 = DIRECTION('',(1.,3.614007241618E-16,0.));
#3723 = ADVANCED_FACE('',(#3724),#3740,.T.);
#3724 = FACE_BOUND('',#3725,.T.);
#3725 = EDGE_LOOP('',(#3726,#3727,#3733,#3734));
#3726 = ORIENTED_EDGE('',*,*,#2887,.T.);
#3727 = ORIENTED_EDGE('',*,*,#3728,.T.);
#3728 = EDGE_CURVE('',#2880,#2755,#3729,.T.);
#3729 = LINE('',#3730,#3731);
#3730 = CARTESIAN_POINT('',(-0.549999999999,1.08,2.));
#3731 = VECTOR('',#3732,1.);
#3732 = DIRECTION('',(-1.,0.,0.));
#3733 = ORIENTED_EDGE('',*,*,#2754,.F.);
#3734 = ORIENTED_EDGE('',*,*,#3735,.T.);
#3735 = EDGE_CURVE('',#2747,#2888,#3736,.T.);
#3736 = LINE('',#3737,#3738);
#3737 = CARTESIAN_POINT('',(-0.549999999999,1.08,2.5));
#3738 = VECTOR('',#3739,1.);
#3739 = DIRECTION('',(1.,0.,0.));
#3740 = PLANE('',#3741);
#3741 = AXIS2_PLACEMENT_3D('',#3742,#3743,#3744);
#3742 = CARTESIAN_POINT('',(-0.549999999999,1.08,2.5));
#3743 = DIRECTION('',(0.,1.,0.));
#3744 = DIRECTION('',(0.,0.,1.));
#3745 = ADVANCED_FACE('',(#3746),#3762,.T.);
#3746 = FACE_BOUND('',#3747,.T.);
#3747 = EDGE_LOOP('',(#3748,#3749,#3755,#3756));
#3748 = ORIENTED_EDGE('',*,*,#3131,.T.);
#3749 = ORIENTED_EDGE('',*,*,#3750,.T.);
#3750 = EDGE_CURVE('',#3124,#2999,#3751,.T.);
#3751 = LINE('',#3752,#3753);
#3752 = CARTESIAN_POINT('',(0.25,1.08,2.));
#3753 = VECTOR('',#3754,1.);
#3754 = DIRECTION('',(-1.,0.,0.));
#3755 = ORIENTED_EDGE('',*,*,#2998,.F.);
#3756 = ORIENTED_EDGE('',*,*,#3757,.T.);
#3757 = EDGE_CURVE('',#2991,#3132,#3758,.T.);
#3758 = LINE('',#3759,#3760);
#3759 = CARTESIAN_POINT('',(0.25,1.08,2.5));
#3760 = VECTOR('',#3761,1.);
#3761 = DIRECTION('',(1.,0.,0.));
#3762 = PLANE('',#3763);
#3763 = AXIS2_PLACEMENT_3D('',#3764,#3765,#3766);
#3764 = CARTESIAN_POINT('',(0.25,1.08,2.5));
#3765 = DIRECTION('',(0.,1.,0.));
#3766 = DIRECTION('',(0.,0.,1.));
#3767 = ADVANCED_FACE('',(#3768),#3784,.T.);
#3768 = FACE_BOUND('',#3769,.T.);
#3769 = EDGE_LOOP('',(#3770,#3771,#3777,#3778));
#3770 = ORIENTED_EDGE('',*,*,#3242,.T.);
#3771 = ORIENTED_EDGE('',*,*,#3772,.T.);
#3772 = EDGE_CURVE('',#3235,#3376,#3773,.T.);
#3773 = LINE('',#3774,#3775);
#3774 = CARTESIAN_POINT('',(1.05,1.08,2.));
#3775 = VECTOR('',#3776,1.);
#3776 = DIRECTION('',(-1.,0.,0.));
#3777 = ORIENTED_EDGE('',*,*,#3375,.F.);
#3778 = ORIENTED_EDGE('',*,*,#3779,.T.);
#3779 = EDGE_CURVE('',#3368,#3243,#3780,.T.);
#3780 = LINE('',#3781,#3782);
#3781 = CARTESIAN_POINT('',(1.05,1.08,2.5));
#3782 = VECTOR('',#3783,1.);
#3783 = DIRECTION('',(1.,0.,0.));
#3784 = PLANE('',#3785);
#3785 = AXIS2_PLACEMENT_3D('',#3786,#3787,#3788);
#3786 = CARTESIAN_POINT('',(1.05,1.08,2.5));
#3787 = DIRECTION('',(0.,1.,0.));
#3788 = DIRECTION('',(0.,0.,1.));
#3789 = ADVANCED_FACE('',(#3790,#3870,#3976),#4102,.T.);
#3790 = FACE_BOUND('',#3791,.T.);
#3791 = EDGE_LOOP('',(#3792,#3802,#3810,#3818,#3824,#3825,#3833,#3841,
    #3849,#3857,#3863,#3864));
#3792 = ORIENTED_EDGE('',*,*,#3793,.F.);
#3793 = EDGE_CURVE('',#3794,#3796,#3798,.T.);
#3794 = VERTEX_POINT('',#3795);
#3795 = CARTESIAN_POINT('',(-2.349999999999,0.5,1.));
#3796 = VERTEX_POINT('',#3797);
#3797 = CARTESIAN_POINT('',(-2.55,0.5,1.));
#3798 = LINE('',#3799,#3800);
#3799 = CARTESIAN_POINT('',(-2.349999999999,0.5,1.));
#3800 = VECTOR('',#3801,1.);
#3801 = DIRECTION('',(-1.,0.,0.));
#3802 = ORIENTED_EDGE('',*,*,#3803,.F.);
#3803 = EDGE_CURVE('',#3804,#3794,#3806,.T.);
#3804 = VERTEX_POINT('',#3805);
#3805 = CARTESIAN_POINT('',(-2.349999999999,-0.5,1.));
#3806 = LINE('',#3807,#3808);
#3807 = CARTESIAN_POINT('',(-2.349999999999,-0.5,1.));
#3808 = VECTOR('',#3809,1.);
#3809 = DIRECTION('',(0.,1.,0.));
#3810 = ORIENTED_EDGE('',*,*,#3811,.F.);
#3811 = EDGE_CURVE('',#3812,#3804,#3814,.T.);
#3812 = VERTEX_POINT('',#3813);
#3813 = CARTESIAN_POINT('',(-2.55,-0.5,1.));
#3814 = LINE('',#3815,#3816);
#3815 = CARTESIAN_POINT('',(-2.75,-0.5,1.));
#3816 = VECTOR('',#3817,1.);
#3817 = DIRECTION('',(1.,0.,0.));
#3818 = ORIENTED_EDGE('',*,*,#3819,.T.);
#3819 = EDGE_CURVE('',#3812,#1157,#3820,.T.);
#3820 = LINE('',#3821,#3822);
#3821 = CARTESIAN_POINT('',(-2.55,2.,1.));
#3822 = VECTOR('',#3823,1.);
#3823 = DIRECTION('',(2.168404344971E-16,-1.,0.));
#3824 = ORIENTED_EDGE('',*,*,#1156,.T.);
#3825 = ORIENTED_EDGE('',*,*,#3826,.T.);
#3826 = EDGE_CURVE('',#1149,#3827,#3829,.T.);
#3827 = VERTEX_POINT('',#3828);
#3828 = CARTESIAN_POINT('',(2.549999999999,-0.5,1.));
#3829 = LINE('',#3830,#3831);
#3830 = CARTESIAN_POINT('',(2.549999999999,2.,1.));
#3831 = VECTOR('',#3832,1.);
#3832 = DIRECTION('',(0.,1.,0.));
#3833 = ORIENTED_EDGE('',*,*,#3834,.F.);
#3834 = EDGE_CURVE('',#3835,#3827,#3837,.T.);
#3835 = VERTEX_POINT('',#3836);
#3836 = CARTESIAN_POINT('',(2.349999999999,-0.5,1.));
#3837 = LINE('',#3838,#3839);
#3838 = CARTESIAN_POINT('',(2.349999999999,-0.5,1.));
#3839 = VECTOR('',#3840,1.);
#3840 = DIRECTION('',(1.,0.,0.));
#3841 = ORIENTED_EDGE('',*,*,#3842,.F.);
#3842 = EDGE_CURVE('',#3843,#3835,#3845,.T.);
#3843 = VERTEX_POINT('',#3844);
#3844 = CARTESIAN_POINT('',(2.349999999999,0.5,1.));
#3845 = LINE('',#3846,#3847);
#3846 = CARTESIAN_POINT('',(2.349999999999,0.5,1.));
#3847 = VECTOR('',#3848,1.);
#3848 = DIRECTION('',(0.,-1.,0.));
#3849 = ORIENTED_EDGE('',*,*,#3850,.F.);
#3850 = EDGE_CURVE('',#3851,#3843,#3853,.T.);
#3851 = VERTEX_POINT('',#3852);
#3852 = CARTESIAN_POINT('',(2.549999999999,0.5,1.));
#3853 = LINE('',#3854,#3855);
#3854 = CARTESIAN_POINT('',(2.75,0.5,1.));
#3855 = VECTOR('',#3856,1.);
#3856 = DIRECTION('',(-1.,0.,0.));
#3857 = ORIENTED_EDGE('',*,*,#3858,.T.);
#3858 = EDGE_CURVE('',#3851,#1339,#3859,.T.);
#3859 = LINE('',#3860,#3861);
#3860 = CARTESIAN_POINT('',(2.549999999999,2.,1.));
#3861 = VECTOR('',#3862,1.);
#3862 = DIRECTION('',(0.,1.,0.));
#3863 = ORIENTED_EDGE('',*,*,#1338,.T.);
#3864 = ORIENTED_EDGE('',*,*,#3865,.T.);
#3865 = EDGE_CURVE('',#1331,#3796,#3866,.T.);
#3866 = LINE('',#3867,#3868);
#3867 = CARTESIAN_POINT('',(-2.55,2.,1.));
#3868 = VECTOR('',#3869,1.);
#3869 = DIRECTION('',(2.168404344971E-16,-1.,0.));
#3870 = FACE_BOUND('',#3871,.T.);
#3871 = EDGE_LOOP('',(#3872,#3873,#3874,#3880,#3881,#3882,#3883,#3889,
    #3890,#3891,#3892,#3900,#3908,#3914,#3915,#3916,#3917,#3923,#3924,
    #3925,#3926,#3932,#3933,#3934,#3935,#3941,#3942,#3943,#3944,#3952,
    #3960,#3966,#3967,#3968,#3969,#3975));
#3872 = ORIENTED_EDGE('',*,*,#3069,.T.);
#3873 = ORIENTED_EDGE('',*,*,#3038,.T.);
#3874 = ORIENTED_EDGE('',*,*,#3875,.F.);
#3875 = EDGE_CURVE('',#2848,#3031,#3876,.T.);
#3876 = LINE('',#3877,#3878);
#3877 = CARTESIAN_POINT('',(-1.725,0.619999999999,1.));
#3878 = VECTOR('',#3879,1.);
#3879 = DIRECTION('',(1.,1.885568995626E-16,0.));
#3880 = ORIENTED_EDGE('',*,*,#2847,.T.);
#3881 = ORIENTED_EDGE('',*,*,#2825,.T.);
#3882 = ORIENTED_EDGE('',*,*,#2794,.T.);
#3883 = ORIENTED_EDGE('',*,*,#3884,.F.);
#3884 = EDGE_CURVE('',#1757,#2787,#3885,.T.);
#3885 = LINE('',#3886,#3887);
#3886 = CARTESIAN_POINT('',(-1.725,0.619999999999,1.));
#3887 = VECTOR('',#3888,1.);
#3888 = DIRECTION('',(1.,1.885568995626E-16,0.));
#3889 = ORIENTED_EDGE('',*,*,#1756,.T.);
#3890 = ORIENTED_EDGE('',*,*,#1867,.T.);
#3891 = ORIENTED_EDGE('',*,*,#1969,.T.);
#3892 = ORIENTED_EDGE('',*,*,#3893,.F.);
#3893 = EDGE_CURVE('',#3894,#1962,#3896,.T.);
#3894 = VERTEX_POINT('',#3895);
#3895 = CARTESIAN_POINT('',(-1.725,0.619999999999,1.));
#3896 = LINE('',#3897,#3898);
#3897 = CARTESIAN_POINT('',(-1.725,0.619999999999,1.));
#3898 = VECTOR('',#3899,1.);
#3899 = DIRECTION('',(1.,1.885568995626E-16,0.));
#3900 = ORIENTED_EDGE('',*,*,#3901,.F.);
#3901 = EDGE_CURVE('',#3902,#3894,#3904,.T.);
#3902 = VERTEX_POINT('',#3903);
#3903 = CARTESIAN_POINT('',(-1.725,1.279999999999,1.));
#3904 = LINE('',#3905,#3906);
#3905 = CARTESIAN_POINT('',(-1.725,1.279999999999,1.));
#3906 = VECTOR('',#3907,1.);
#3907 = DIRECTION('',(0.,-1.,0.));
#3908 = ORIENTED_EDGE('',*,*,#3909,.F.);
#3909 = EDGE_CURVE('',#1906,#3902,#3910,.T.);
#3910 = LINE('',#3911,#3912);
#3911 = CARTESIAN_POINT('',(-1.725,1.279999999999,1.));
#3912 = VECTOR('',#3913,1.);
#3913 = DIRECTION('',(-1.,-1.257045997084E-16,0.));
#3914 = ORIENTED_EDGE('',*,*,#1905,.T.);
#3915 = ORIENTED_EDGE('',*,*,#3503,.T.);
#3916 = ORIENTED_EDGE('',*,*,#1820,.T.);
#3917 = ORIENTED_EDGE('',*,*,#3918,.F.);
#3918 = EDGE_CURVE('',#2731,#1813,#3919,.T.);
#3919 = LINE('',#3920,#3921);
#3920 = CARTESIAN_POINT('',(-1.725,1.279999999999,1.));
#3921 = VECTOR('',#3922,1.);
#3922 = DIRECTION('',(-1.,-1.257045997084E-16,0.));
#3923 = ORIENTED_EDGE('',*,*,#2730,.T.);
#3924 = ORIENTED_EDGE('',*,*,#3437,.T.);
#3925 = ORIENTED_EDGE('',*,*,#2911,.T.);
#3926 = ORIENTED_EDGE('',*,*,#3927,.F.);
#3927 = EDGE_CURVE('',#2975,#2904,#3928,.T.);
#3928 = LINE('',#3929,#3930);
#3929 = CARTESIAN_POINT('',(-1.725,1.279999999999,1.));
#3930 = VECTOR('',#3931,1.);
#3931 = DIRECTION('',(-1.,-1.257045997084E-16,0.));
#3932 = ORIENTED_EDGE('',*,*,#2974,.T.);
#3933 = ORIENTED_EDGE('',*,*,#3459,.T.);
#3934 = ORIENTED_EDGE('',*,*,#3155,.T.);
#3935 = ORIENTED_EDGE('',*,*,#3936,.F.);
#3936 = EDGE_CURVE('',#3352,#3148,#3937,.T.);
#3937 = LINE('',#3938,#3939);
#3938 = CARTESIAN_POINT('',(-1.725,1.279999999999,1.));
#3939 = VECTOR('',#3940,1.);
#3940 = DIRECTION('',(-1.,-1.257045997084E-16,0.));
#3941 = ORIENTED_EDGE('',*,*,#3351,.T.);
#3942 = ORIENTED_EDGE('',*,*,#3481,.T.);
#3943 = ORIENTED_EDGE('',*,*,#3266,.T.);
#3944 = ORIENTED_EDGE('',*,*,#3945,.F.);
#3945 = EDGE_CURVE('',#3946,#3259,#3948,.T.);
#3946 = VERTEX_POINT('',#3947);
#3947 = CARTESIAN_POINT('',(1.724999999999,1.28,1.));
#3948 = LINE('',#3949,#3950);
#3949 = CARTESIAN_POINT('',(-1.725,1.279999999999,1.));
#3950 = VECTOR('',#3951,1.);
#3951 = DIRECTION('',(-1.,-1.257045997084E-16,0.));
#3952 = ORIENTED_EDGE('',*,*,#3953,.F.);
#3953 = EDGE_CURVE('',#3954,#3946,#3956,.T.);
#3954 = VERTEX_POINT('',#3955);
#3955 = CARTESIAN_POINT('',(1.724999999999,0.62,1.));
#3956 = LINE('',#3957,#3958);
#3957 = CARTESIAN_POINT('',(1.724999999999,1.28,1.));
#3958 = VECTOR('',#3959,1.);
#3959 = DIRECTION('',(0.,1.,0.));
#3960 = ORIENTED_EDGE('',*,*,#3961,.F.);
#3961 = EDGE_CURVE('',#3203,#3954,#3962,.T.);
#3962 = LINE('',#3963,#3964);
#3963 = CARTESIAN_POINT('',(-1.725,0.619999999999,1.));
#3964 = VECTOR('',#3965,1.);
#3965 = DIRECTION('',(1.,1.885568995626E-16,0.));
#3966 = ORIENTED_EDGE('',*,*,#3202,.T.);
#3967 = ORIENTED_EDGE('',*,*,#3313,.T.);
#3968 = ORIENTED_EDGE('',*,*,#3415,.T.);
#3969 = ORIENTED_EDGE('',*,*,#3970,.F.);
#3970 = EDGE_CURVE('',#3092,#3408,#3971,.T.);
#3971 = LINE('',#3972,#3973);
#3972 = CARTESIAN_POINT('',(-1.725,0.619999999999,1.));
#3973 = VECTOR('',#3974,1.);
#3974 = DIRECTION('',(1.,1.885568995626E-16,0.));
#3975 = ORIENTED_EDGE('',*,*,#3091,.T.);
#3976 = FACE_BOUND('',#3977,.T.);
#3977 = EDGE_LOOP('',(#3978,#3984,#3985,#3991,#3992,#3998,#3999,#4005,
    #4006,#4012,#4013,#4021,#4029,#4035,#4036,#4037,#4038,#4044,#4045,
    #4046,#4047,#4053,#4054,#4055,#4056,#4062,#4063,#4064,#4065,#4073,
    #4081,#4087,#4088,#4094,#4095,#4101));
#3978 = ORIENTED_EDGE('',*,*,#3979,.T.);
#3979 = EDGE_CURVE('',#2612,#2535,#3980,.T.);
#3980 = LINE('',#3981,#3982);
#3981 = CARTESIAN_POINT('',(0.,-1.68,1.));
#3982 = VECTOR('',#3983,1.);
#3983 = DIRECTION('',(-1.,0.,0.));
#3984 = ORIENTED_EDGE('',*,*,#2534,.T.);
#3985 = ORIENTED_EDGE('',*,*,#3986,.F.);
#3986 = EDGE_CURVE('',#2385,#2527,#3987,.T.);
#3987 = LINE('',#3988,#3989);
#3988 = CARTESIAN_POINT('',(-1.725,-1.279999999999,1.));
#3989 = VECTOR('',#3990,1.);
#3990 = DIRECTION('',(1.,-1.257045997084E-16,0.));
#3991 = ORIENTED_EDGE('',*,*,#2384,.T.);
#3992 = ORIENTED_EDGE('',*,*,#3993,.T.);
#3993 = EDGE_CURVE('',#2377,#2300,#3994,.T.);
#3994 = LINE('',#3995,#3996);
#3995 = CARTESIAN_POINT('',(0.,-1.68,1.));
#3996 = VECTOR('',#3997,1.);
#3997 = DIRECTION('',(-1.,0.,0.));
#3998 = ORIENTED_EDGE('',*,*,#2299,.T.);
#3999 = ORIENTED_EDGE('',*,*,#4000,.F.);
#4000 = EDGE_CURVE('',#1662,#2292,#4001,.T.);
#4001 = LINE('',#4002,#4003);
#4002 = CARTESIAN_POINT('',(-1.725,-1.279999999999,1.));
#4003 = VECTOR('',#4004,1.);
#4004 = DIRECTION('',(1.,-1.257045997084E-16,0.));
#4005 = ORIENTED_EDGE('',*,*,#1661,.T.);
#4006 = ORIENTED_EDGE('',*,*,#4007,.T.);
#4007 = EDGE_CURVE('',#1654,#1577,#4008,.T.);
#4008 = LINE('',#4009,#4010);
#4009 = CARTESIAN_POINT('',(0.,-1.68,1.));
#4010 = VECTOR('',#4011,1.);
#4011 = DIRECTION('',(-1.,0.,0.));
#4012 = ORIENTED_EDGE('',*,*,#1576,.T.);
#4013 = ORIENTED_EDGE('',*,*,#4014,.F.);
#4014 = EDGE_CURVE('',#4015,#1569,#4017,.T.);
#4015 = VERTEX_POINT('',#4016);
#4016 = CARTESIAN_POINT('',(-1.725,-1.279999999999,1.));
#4017 = LINE('',#4018,#4019);
#4018 = CARTESIAN_POINT('',(-1.725,-1.279999999999,1.));
#4019 = VECTOR('',#4020,1.);
#4020 = DIRECTION('',(1.,-1.257045997084E-16,0.));
#4021 = ORIENTED_EDGE('',*,*,#4022,.F.);
#4022 = EDGE_CURVE('',#4023,#4015,#4025,.T.);
#4023 = VERTEX_POINT('',#4024);
#4024 = CARTESIAN_POINT('',(-1.725,-0.619999999999,1.));
#4025 = LINE('',#4026,#4027);
#4026 = CARTESIAN_POINT('',(-1.725,-1.279999999999,1.));
#4027 = VECTOR('',#4028,1.);
#4028 = DIRECTION('',(0.,-1.,0.));
#4029 = ORIENTED_EDGE('',*,*,#4030,.F.);
#4030 = EDGE_CURVE('',#1513,#4023,#4031,.T.);
#4031 = LINE('',#4032,#4033);
#4032 = CARTESIAN_POINT('',(-1.725,-0.619999999999,1.));
#4033 = VECTOR('',#4034,1.);
#4034 = DIRECTION('',(-1.,1.885568995626E-16,0.));
#4035 = ORIENTED_EDGE('',*,*,#1512,.T.);
#4036 = ORIENTED_EDGE('',*,*,#1623,.T.);
#4037 = ORIENTED_EDGE('',*,*,#1725,.T.);
#4038 = ORIENTED_EDGE('',*,*,#4039,.F.);
#4039 = EDGE_CURVE('',#2245,#1718,#4040,.T.);
#4040 = LINE('',#4041,#4042);
#4041 = CARTESIAN_POINT('',(-1.725,-0.619999999999,1.));
#4042 = VECTOR('',#4043,1.);
#4043 = DIRECTION('',(-1.,1.885568995626E-16,0.));
#4044 = ORIENTED_EDGE('',*,*,#2244,.T.);
#4045 = ORIENTED_EDGE('',*,*,#2346,.T.);
#4046 = ORIENTED_EDGE('',*,*,#2439,.T.);
#4047 = ORIENTED_EDGE('',*,*,#4048,.F.);
#4048 = EDGE_CURVE('',#2471,#2432,#4049,.T.);
#4049 = LINE('',#4050,#4051);
#4050 = CARTESIAN_POINT('',(-1.725,-0.619999999999,1.));
#4051 = VECTOR('',#4052,1.);
#4052 = DIRECTION('',(-1.,1.885568995626E-16,0.));
#4053 = ORIENTED_EDGE('',*,*,#2470,.T.);
#4054 = ORIENTED_EDGE('',*,*,#2581,.T.);
#4055 = ORIENTED_EDGE('',*,*,#2683,.T.);
#4056 = ORIENTED_EDGE('',*,*,#4057,.F.);
#4057 = EDGE_CURVE('',#2001,#2676,#4058,.T.);
#4058 = LINE('',#4059,#4060);
#4059 = CARTESIAN_POINT('',(-1.725,-0.619999999999,1.));
#4060 = VECTOR('',#4061,1.);
#4061 = DIRECTION('',(-1.,1.885568995626E-16,0.));
#4062 = ORIENTED_EDGE('',*,*,#2000,.T.);
#4063 = ORIENTED_EDGE('',*,*,#2111,.T.);
#4064 = ORIENTED_EDGE('',*,*,#2213,.T.);
#4065 = ORIENTED_EDGE('',*,*,#4066,.F.);
#4066 = EDGE_CURVE('',#4067,#2206,#4069,.T.);
#4067 = VERTEX_POINT('',#4068);
#4068 = CARTESIAN_POINT('',(1.724999999999,-0.62,1.));
#4069 = LINE('',#4070,#4071);
#4070 = CARTESIAN_POINT('',(-1.725,-0.619999999999,1.));
#4071 = VECTOR('',#4072,1.);
#4072 = DIRECTION('',(-1.,1.885568995626E-16,0.));
#4073 = ORIENTED_EDGE('',*,*,#4074,.F.);
#4074 = EDGE_CURVE('',#4075,#4067,#4077,.T.);
#4075 = VERTEX_POINT('',#4076);
#4076 = CARTESIAN_POINT('',(1.724999999999,-1.28,1.));
#4077 = LINE('',#4078,#4079);
#4078 = CARTESIAN_POINT('',(1.724999999999,-1.28,1.));
#4079 = VECTOR('',#4080,1.);
#4080 = DIRECTION('',(0.,1.,0.));
#4081 = ORIENTED_EDGE('',*,*,#4082,.F.);
#4082 = EDGE_CURVE('',#2150,#4075,#4083,.T.);
#4083 = LINE('',#4084,#4085);
#4084 = CARTESIAN_POINT('',(-1.725,-1.279999999999,1.));
#4085 = VECTOR('',#4086,1.);
#4086 = DIRECTION('',(1.,-1.257045997084E-16,0.));
#4087 = ORIENTED_EDGE('',*,*,#2149,.T.);
#4088 = ORIENTED_EDGE('',*,*,#4089,.T.);
#4089 = EDGE_CURVE('',#2142,#2065,#4090,.T.);
#4090 = LINE('',#4091,#4092);
#4091 = CARTESIAN_POINT('',(0.,-1.68,1.));
#4092 = VECTOR('',#4093,1.);
#4093 = DIRECTION('',(-1.,0.,0.));
#4094 = ORIENTED_EDGE('',*,*,#2064,.T.);
#4095 = ORIENTED_EDGE('',*,*,#4096,.F.);
#4096 = EDGE_CURVE('',#2620,#2057,#4097,.T.);
#4097 = LINE('',#4098,#4099);
#4098 = CARTESIAN_POINT('',(-1.725,-1.279999999999,1.));
#4099 = VECTOR('',#4100,1.);
#4100 = DIRECTION('',(1.,-1.257045997084E-16,0.));
#4101 = ORIENTED_EDGE('',*,*,#2619,.T.);
#4102 = PLANE('',#4103);
#4103 = AXIS2_PLACEMENT_3D('',#4104,#4105,#4106);
#4104 = CARTESIAN_POINT('',(0.,0.,1.));
#4105 = DIRECTION('',(0.,0.,1.));
#4106 = DIRECTION('',(1.,0.,0.));
#4107 = ADVANCED_FACE('',(#4108),#4169,.F.);
#4108 = FACE_BOUND('',#4109,.T.);
#4109 = EDGE_LOOP('',(#4110,#4118,#4126,#4132,#4133,#4134,#4140,#4141,
    #4142,#4143,#4149,#4150,#4151,#4152,#4158,#4159,#4160,#4161,#4167,
    #4168));
#4110 = ORIENTED_EDGE('',*,*,#4111,.F.);
#4111 = EDGE_CURVE('',#4112,#3902,#4114,.T.);
#4112 = VERTEX_POINT('',#4113);
#4113 = CARTESIAN_POINT('',(-1.725,1.279999999999,2.8));
#4114 = LINE('',#4115,#4116);
#4115 = CARTESIAN_POINT('',(-1.725,1.279999999999,2.899999999999));
#4116 = VECTOR('',#4117,1.);
#4117 = DIRECTION('',(0.,0.,-1.));
#4118 = ORIENTED_EDGE('',*,*,#4119,.T.);
#4119 = EDGE_CURVE('',#4112,#4120,#4122,.T.);
#4120 = VERTEX_POINT('',#4121);
#4121 = CARTESIAN_POINT('',(1.724999999999,1.28,2.8));
#4122 = LINE('',#4123,#4124);
#4123 = CARTESIAN_POINT('',(1.724999999999,1.28,2.8));
#4124 = VECTOR('',#4125,1.);
#4125 = DIRECTION('',(1.,1.257045997084E-16,0.));
#4126 = ORIENTED_EDGE('',*,*,#4127,.T.);
#4127 = EDGE_CURVE('',#4120,#3946,#4128,.T.);
#4128 = LINE('',#4129,#4130);
#4129 = CARTESIAN_POINT('',(1.724999999999,1.28,2.899999999999));
#4130 = VECTOR('',#4131,1.);
#4131 = DIRECTION('',(0.,0.,-1.));
#4132 = ORIENTED_EDGE('',*,*,#3945,.T.);
#4133 = ORIENTED_EDGE('',*,*,#3258,.F.);
#4134 = ORIENTED_EDGE('',*,*,#4135,.T.);
#4135 = EDGE_CURVE('',#3251,#3360,#4136,.T.);
#4136 = LINE('',#4137,#4138);
#4137 = CARTESIAN_POINT('',(-1.725,1.279999999999,2.5));
#4138 = VECTOR('',#4139,1.);
#4139 = DIRECTION('',(-1.,-1.257045997084E-16,0.));
#4140 = ORIENTED_EDGE('',*,*,#3359,.F.);
#4141 = ORIENTED_EDGE('',*,*,#3936,.T.);
#4142 = ORIENTED_EDGE('',*,*,#3147,.F.);
#4143 = ORIENTED_EDGE('',*,*,#4144,.T.);
#4144 = EDGE_CURVE('',#3140,#2983,#4145,.T.);
#4145 = LINE('',#4146,#4147);
#4146 = CARTESIAN_POINT('',(-1.725,1.279999999999,2.5));
#4147 = VECTOR('',#4148,1.);
#4148 = DIRECTION('',(-1.,-1.257045997084E-16,0.));
#4149 = ORIENTED_EDGE('',*,*,#2982,.F.);
#4150 = ORIENTED_EDGE('',*,*,#3927,.T.);
#4151 = ORIENTED_EDGE('',*,*,#2903,.F.);
#4152 = ORIENTED_EDGE('',*,*,#4153,.T.);
#4153 = EDGE_CURVE('',#2896,#2739,#4154,.T.);
#4154 = LINE('',#4155,#4156);
#4155 = CARTESIAN_POINT('',(-1.725,1.279999999999,2.5));
#4156 = VECTOR('',#4157,1.);
#4157 = DIRECTION('',(-1.,-1.257045997084E-16,0.));
#4158 = ORIENTED_EDGE('',*,*,#2738,.F.);
#4159 = ORIENTED_EDGE('',*,*,#3918,.T.);
#4160 = ORIENTED_EDGE('',*,*,#1812,.F.);
#4161 = ORIENTED_EDGE('',*,*,#4162,.T.);
#4162 = EDGE_CURVE('',#1805,#1914,#4163,.T.);
#4163 = LINE('',#4164,#4165);
#4164 = CARTESIAN_POINT('',(-1.725,1.279999999999,2.5));
#4165 = VECTOR('',#4166,1.);
#4166 = DIRECTION('',(-1.,-1.257045997084E-16,0.));
#4167 = ORIENTED_EDGE('',*,*,#1913,.F.);
#4168 = ORIENTED_EDGE('',*,*,#3909,.T.);
#4169 = PLANE('',#4170);
#4170 = AXIS2_PLACEMENT_3D('',#4171,#4172,#4173);
#4171 = CARTESIAN_POINT('',(-1.725,1.279999999999,2.899999999999));
#4172 = DIRECTION('',(1.257045997084E-16,-1.,0.));
#4173 = DIRECTION('',(1.,1.257045997084E-16,0.));
#4174 = ADVANCED_FACE('',(#4175),#4236,.F.);
#4175 = FACE_BOUND('',#4176,.T.);
#4176 = EDGE_LOOP('',(#4177,#4185,#4193,#4199,#4200,#4201,#4207,#4208,
    #4209,#4210,#4216,#4217,#4218,#4219,#4225,#4226,#4227,#4228,#4234,
    #4235));
#4177 = ORIENTED_EDGE('',*,*,#4178,.F.);
#4178 = EDGE_CURVE('',#4179,#3954,#4181,.T.);
#4179 = VERTEX_POINT('',#4180);
#4180 = CARTESIAN_POINT('',(1.724999999999,0.62,2.8));
#4181 = LINE('',#4182,#4183);
#4182 = CARTESIAN_POINT('',(1.724999999999,0.62,2.899999999999));
#4183 = VECTOR('',#4184,1.);
#4184 = DIRECTION('',(0.,0.,-1.));
#4185 = ORIENTED_EDGE('',*,*,#4186,.T.);
#4186 = EDGE_CURVE('',#4179,#4187,#4189,.T.);
#4187 = VERTEX_POINT('',#4188);
#4188 = CARTESIAN_POINT('',(-1.725,0.619999999999,2.8));
#4189 = LINE('',#4190,#4191);
#4190 = CARTESIAN_POINT('',(-1.725,0.619999999999,2.8));
#4191 = VECTOR('',#4192,1.);
#4192 = DIRECTION('',(-1.,-1.885568995626E-16,0.));
#4193 = ORIENTED_EDGE('',*,*,#4194,.T.);
#4194 = EDGE_CURVE('',#4187,#3894,#4195,.T.);
#4195 = LINE('',#4196,#4197);
#4196 = CARTESIAN_POINT('',(-1.725,0.619999999999,2.899999999999));
#4197 = VECTOR('',#4198,1.);
#4198 = DIRECTION('',(0.,0.,-1.));
#4199 = ORIENTED_EDGE('',*,*,#3893,.T.);
#4200 = ORIENTED_EDGE('',*,*,#1961,.F.);
#4201 = ORIENTED_EDGE('',*,*,#4202,.F.);
#4202 = EDGE_CURVE('',#1765,#1954,#4203,.T.);
#4203 = LINE('',#4204,#4205);
#4204 = CARTESIAN_POINT('',(-1.725,0.619999999999,2.5));
#4205 = VECTOR('',#4206,1.);
#4206 = DIRECTION('',(-1.,-1.885568995626E-16,0.));
#4207 = ORIENTED_EDGE('',*,*,#1764,.F.);
#4208 = ORIENTED_EDGE('',*,*,#3884,.T.);
#4209 = ORIENTED_EDGE('',*,*,#2786,.F.);
#4210 = ORIENTED_EDGE('',*,*,#4211,.F.);
#4211 = EDGE_CURVE('',#2856,#2779,#4212,.T.);
#4212 = LINE('',#4213,#4214);
#4213 = CARTESIAN_POINT('',(-1.725,0.619999999999,2.5));
#4214 = VECTOR('',#4215,1.);
#4215 = DIRECTION('',(-1.,-1.885568995626E-16,0.));
#4216 = ORIENTED_EDGE('',*,*,#2855,.F.);
#4217 = ORIENTED_EDGE('',*,*,#3875,.T.);
#4218 = ORIENTED_EDGE('',*,*,#3030,.F.);
#4219 = ORIENTED_EDGE('',*,*,#4220,.F.);
#4220 = EDGE_CURVE('',#3100,#3023,#4221,.T.);
#4221 = LINE('',#4222,#4223);
#4222 = CARTESIAN_POINT('',(-1.725,0.619999999999,2.5));
#4223 = VECTOR('',#4224,1.);
#4224 = DIRECTION('',(-1.,-1.885568995626E-16,0.));
#4225 = ORIENTED_EDGE('',*,*,#3099,.F.);
#4226 = ORIENTED_EDGE('',*,*,#3970,.T.);
#4227 = ORIENTED_EDGE('',*,*,#3407,.F.);
#4228 = ORIENTED_EDGE('',*,*,#4229,.F.);
#4229 = EDGE_CURVE('',#3211,#3400,#4230,.T.);
#4230 = LINE('',#4231,#4232);
#4231 = CARTESIAN_POINT('',(-1.725,0.619999999999,2.5));
#4232 = VECTOR('',#4233,1.);
#4233 = DIRECTION('',(-1.,-1.885568995626E-16,0.));
#4234 = ORIENTED_EDGE('',*,*,#3210,.F.);
#4235 = ORIENTED_EDGE('',*,*,#3961,.T.);
#4236 = PLANE('',#4237);
#4237 = AXIS2_PLACEMENT_3D('',#4238,#4239,#4240);
#4238 = CARTESIAN_POINT('',(-1.725,0.619999999999,2.899999999999));
#4239 = DIRECTION('',(-1.885568995626E-16,1.,0.));
#4240 = DIRECTION('',(-1.,-1.885568995626E-16,0.));
#4241 = ADVANCED_FACE('',(#4242),#4303,.F.);
#4242 = FACE_BOUND('',#4243,.T.);
#4243 = EDGE_LOOP('',(#4244,#4252,#4260,#4266,#4267,#4268,#4274,#4275,
    #4276,#4277,#4283,#4284,#4285,#4286,#4292,#4293,#4294,#4295,#4301,
    #4302));
#4244 = ORIENTED_EDGE('',*,*,#4245,.F.);
#4245 = EDGE_CURVE('',#4246,#4075,#4248,.T.);
#4246 = VERTEX_POINT('',#4247);
#4247 = CARTESIAN_POINT('',(1.724999999999,-1.28,2.799999999999));
#4248 = LINE('',#4249,#4250);
#4249 = CARTESIAN_POINT('',(1.724999999999,-1.28,2.899999999999));
#4250 = VECTOR('',#4251,1.);
#4251 = DIRECTION('',(0.,0.,-1.));
#4252 = ORIENTED_EDGE('',*,*,#4253,.T.);
#4253 = EDGE_CURVE('',#4246,#4254,#4256,.T.);
#4254 = VERTEX_POINT('',#4255);
#4255 = CARTESIAN_POINT('',(-1.725,-1.279999999999,2.799999999999));
#4256 = LINE('',#4257,#4258);
#4257 = CARTESIAN_POINT('',(-1.725,-1.279999999999,2.799999999999));
#4258 = VECTOR('',#4259,1.);
#4259 = DIRECTION('',(-1.,1.257045997084E-16,0.));
#4260 = ORIENTED_EDGE('',*,*,#4261,.T.);
#4261 = EDGE_CURVE('',#4254,#4015,#4262,.T.);
#4262 = LINE('',#4263,#4264);
#4263 = CARTESIAN_POINT('',(-1.725,-1.279999999999,2.899999999999));
#4264 = VECTOR('',#4265,1.);
#4265 = DIRECTION('',(0.,0.,-1.));
#4266 = ORIENTED_EDGE('',*,*,#4014,.T.);
#4267 = ORIENTED_EDGE('',*,*,#1568,.F.);
#4268 = ORIENTED_EDGE('',*,*,#4269,.F.);
#4269 = EDGE_CURVE('',#1670,#1561,#4270,.T.);
#4270 = LINE('',#4271,#4272);
#4271 = CARTESIAN_POINT('',(-1.725,-1.279999999999,2.5));
#4272 = VECTOR('',#4273,1.);
#4273 = DIRECTION('',(-1.,1.257045997084E-16,0.));
#4274 = ORIENTED_EDGE('',*,*,#1669,.F.);
#4275 = ORIENTED_EDGE('',*,*,#4000,.T.);
#4276 = ORIENTED_EDGE('',*,*,#2291,.F.);
#4277 = ORIENTED_EDGE('',*,*,#4278,.F.);
#4278 = EDGE_CURVE('',#2393,#2284,#4279,.T.);
#4279 = LINE('',#4280,#4281);
#4280 = CARTESIAN_POINT('',(-1.725,-1.279999999999,2.5));
#4281 = VECTOR('',#4282,1.);
#4282 = DIRECTION('',(-1.,1.257045997084E-16,0.));
#4283 = ORIENTED_EDGE('',*,*,#2392,.F.);
#4284 = ORIENTED_EDGE('',*,*,#3986,.T.);
#4285 = ORIENTED_EDGE('',*,*,#2526,.F.);
#4286 = ORIENTED_EDGE('',*,*,#4287,.F.);
#4287 = EDGE_CURVE('',#2628,#2519,#4288,.T.);
#4288 = LINE('',#4289,#4290);
#4289 = CARTESIAN_POINT('',(-1.725,-1.279999999999,2.5));
#4290 = VECTOR('',#4291,1.);
#4291 = DIRECTION('',(-1.,1.257045997084E-16,0.));
#4292 = ORIENTED_EDGE('',*,*,#2627,.F.);
#4293 = ORIENTED_EDGE('',*,*,#4096,.T.);
#4294 = ORIENTED_EDGE('',*,*,#2056,.F.);
#4295 = ORIENTED_EDGE('',*,*,#4296,.F.);
#4296 = EDGE_CURVE('',#2158,#2049,#4297,.T.);
#4297 = LINE('',#4298,#4299);
#4298 = CARTESIAN_POINT('',(-1.725,-1.279999999999,2.5));
#4299 = VECTOR('',#4300,1.);
#4300 = DIRECTION('',(-1.,1.257045997084E-16,0.));
#4301 = ORIENTED_EDGE('',*,*,#2157,.F.);
#4302 = ORIENTED_EDGE('',*,*,#4082,.T.);
#4303 = PLANE('',#4304);
#4304 = AXIS2_PLACEMENT_3D('',#4305,#4306,#4307);
#4305 = CARTESIAN_POINT('',(-1.725,-1.279999999999,2.899999999999));
#4306 = DIRECTION('',(1.257045997084E-16,1.,0.));
#4307 = DIRECTION('',(-1.,1.257045997084E-16,0.));
#4308 = ADVANCED_FACE('',(#4309),#4370,.F.);
#4309 = FACE_BOUND('',#4310,.T.);
#4310 = EDGE_LOOP('',(#4311,#4319,#4327,#4333,#4334,#4335,#4341,#4342,
    #4343,#4344,#4350,#4351,#4352,#4353,#4359,#4360,#4361,#4362,#4368,
    #4369));
#4311 = ORIENTED_EDGE('',*,*,#4312,.F.);
#4312 = EDGE_CURVE('',#4313,#4023,#4315,.T.);
#4313 = VERTEX_POINT('',#4314);
#4314 = CARTESIAN_POINT('',(-1.725,-0.619999999999,2.799999999999));
#4315 = LINE('',#4316,#4317);
#4316 = CARTESIAN_POINT('',(-1.725,-0.619999999999,2.899999999999));
#4317 = VECTOR('',#4318,1.);
#4318 = DIRECTION('',(0.,0.,-1.));
#4319 = ORIENTED_EDGE('',*,*,#4320,.T.);
#4320 = EDGE_CURVE('',#4313,#4321,#4323,.T.);
#4321 = VERTEX_POINT('',#4322);
#4322 = CARTESIAN_POINT('',(1.724999999999,-0.62,2.799999999999));
#4323 = LINE('',#4324,#4325);
#4324 = CARTESIAN_POINT('',(-1.725,-0.619999999999,2.799999999999));
#4325 = VECTOR('',#4326,1.);
#4326 = DIRECTION('',(1.,-1.885568995626E-16,0.));
#4327 = ORIENTED_EDGE('',*,*,#4328,.T.);
#4328 = EDGE_CURVE('',#4321,#4067,#4329,.T.);
#4329 = LINE('',#4330,#4331);
#4330 = CARTESIAN_POINT('',(1.724999999999,-0.62,2.899999999999));
#4331 = VECTOR('',#4332,1.);
#4332 = DIRECTION('',(0.,0.,-1.));
#4333 = ORIENTED_EDGE('',*,*,#4066,.T.);
#4334 = ORIENTED_EDGE('',*,*,#2205,.F.);
#4335 = ORIENTED_EDGE('',*,*,#4336,.F.);
#4336 = EDGE_CURVE('',#2009,#2198,#4337,.T.);
#4337 = LINE('',#4338,#4339);
#4338 = CARTESIAN_POINT('',(-1.725,-0.619999999999,2.5));
#4339 = VECTOR('',#4340,1.);
#4340 = DIRECTION('',(1.,-1.885568995626E-16,0.));
#4341 = ORIENTED_EDGE('',*,*,#2008,.F.);
#4342 = ORIENTED_EDGE('',*,*,#4057,.T.);
#4343 = ORIENTED_EDGE('',*,*,#2675,.F.);
#4344 = ORIENTED_EDGE('',*,*,#4345,.F.);
#4345 = EDGE_CURVE('',#2479,#2668,#4346,.T.);
#4346 = LINE('',#4347,#4348);
#4347 = CARTESIAN_POINT('',(-1.725,-0.619999999999,2.5));
#4348 = VECTOR('',#4349,1.);
#4349 = DIRECTION('',(1.,-1.885568995626E-16,0.));
#4350 = ORIENTED_EDGE('',*,*,#2478,.F.);
#4351 = ORIENTED_EDGE('',*,*,#4048,.T.);
#4352 = ORIENTED_EDGE('',*,*,#2431,.F.);
#4353 = ORIENTED_EDGE('',*,*,#4354,.F.);
#4354 = EDGE_CURVE('',#2253,#2424,#4355,.T.);
#4355 = LINE('',#4356,#4357);
#4356 = CARTESIAN_POINT('',(-1.725,-0.619999999999,2.5));
#4357 = VECTOR('',#4358,1.);
#4358 = DIRECTION('',(1.,-1.885568995626E-16,0.));
#4359 = ORIENTED_EDGE('',*,*,#2252,.F.);
#4360 = ORIENTED_EDGE('',*,*,#4039,.T.);
#4361 = ORIENTED_EDGE('',*,*,#1717,.F.);
#4362 = ORIENTED_EDGE('',*,*,#4363,.F.);
#4363 = EDGE_CURVE('',#1521,#1710,#4364,.T.);
#4364 = LINE('',#4365,#4366);
#4365 = CARTESIAN_POINT('',(-1.725,-0.619999999999,2.5));
#4366 = VECTOR('',#4367,1.);
#4367 = DIRECTION('',(1.,-1.885568995626E-16,0.));
#4368 = ORIENTED_EDGE('',*,*,#1520,.F.);
#4369 = ORIENTED_EDGE('',*,*,#4030,.T.);
#4370 = PLANE('',#4371);
#4371 = AXIS2_PLACEMENT_3D('',#4372,#4373,#4374);
#4372 = CARTESIAN_POINT('',(-1.725,-0.619999999999,2.899999999999));
#4373 = DIRECTION('',(-1.885568995626E-16,-1.,0.));
#4374 = DIRECTION('',(1.,-1.885568995626E-16,0.));
#4375 = ADVANCED_FACE('',(#4376),#4392,.T.);
#4376 = FACE_BOUND('',#4377,.T.);
#4377 = EDGE_LOOP('',(#4378,#4379,#4385,#4386));
#4378 = ORIENTED_EDGE('',*,*,#1701,.T.);
#4379 = ORIENTED_EDGE('',*,*,#4380,.T.);
#4380 = EDGE_CURVE('',#1694,#1537,#4381,.T.);
#4381 = LINE('',#4382,#4383);
#4382 = CARTESIAN_POINT('',(-1.349999999999,-0.82,2.));
#4383 = VECTOR('',#4384,1.);
#4384 = DIRECTION('',(-1.,-3.614007241618E-16,0.));
#4385 = ORIENTED_EDGE('',*,*,#1536,.F.);
#4386 = ORIENTED_EDGE('',*,*,#4387,.T.);
#4387 = EDGE_CURVE('',#1529,#1702,#4388,.T.);
#4388 = LINE('',#4389,#4390);
#4389 = CARTESIAN_POINT('',(-1.349999999999,-0.82,2.5));
#4390 = VECTOR('',#4391,1.);
#4391 = DIRECTION('',(1.,3.614007241618E-16,0.));
#4392 = PLANE('',#4393);
#4393 = AXIS2_PLACEMENT_3D('',#4394,#4395,#4396);
#4394 = CARTESIAN_POINT('',(-1.349999999999,-0.82,2.5));
#4395 = DIRECTION('',(-3.614007241618E-16,1.,0.));
#4396 = DIRECTION('',(-1.,-3.614007241618E-16,0.));
#4397 = ADVANCED_FACE('',(#4398),#4414,.T.);
#4398 = FACE_BOUND('',#4399,.T.);
#4399 = EDGE_LOOP('',(#4400,#4401,#4407,#4408));
#4400 = ORIENTED_EDGE('',*,*,#1552,.T.);
#4401 = ORIENTED_EDGE('',*,*,#4402,.T.);
#4402 = EDGE_CURVE('',#1545,#1686,#4403,.T.);
#4403 = LINE('',#4404,#4405);
#4404 = CARTESIAN_POINT('',(-1.349999999999,-1.08,2.));
#4405 = VECTOR('',#4406,1.);
#4406 = DIRECTION('',(1.,0.,0.));
#4407 = ORIENTED_EDGE('',*,*,#1685,.F.);
#4408 = ORIENTED_EDGE('',*,*,#4409,.T.);
#4409 = EDGE_CURVE('',#1678,#1553,#4410,.T.);
#4410 = LINE('',#4411,#4412);
#4411 = CARTESIAN_POINT('',(-1.349999999999,-1.08,2.5));
#4412 = VECTOR('',#4413,1.);
#4413 = DIRECTION('',(-1.,0.,0.));
#4414 = PLANE('',#4415);
#4415 = AXIS2_PLACEMENT_3D('',#4416,#4417,#4418);
#4416 = CARTESIAN_POINT('',(-1.349999999999,-1.08,2.5));
#4417 = DIRECTION('',(0.,-1.,0.));
#4418 = DIRECTION('',(0.,0.,-1.));
#4419 = ADVANCED_FACE('',(#4420),#4436,.T.);
#4420 = FACE_BOUND('',#4421,.T.);
#4421 = EDGE_LOOP('',(#4422,#4423,#4429,#4430));
#4422 = ORIENTED_EDGE('',*,*,#1945,.T.);
#4423 = ORIENTED_EDGE('',*,*,#4424,.T.);
#4424 = EDGE_CURVE('',#1938,#1781,#4425,.T.);
#4425 = LINE('',#4426,#4427);
#4426 = CARTESIAN_POINT('',(-1.349999999999,0.819999999999,2.));
#4427 = VECTOR('',#4428,1.);
#4428 = DIRECTION('',(1.,3.614007241618E-16,0.));
#4429 = ORIENTED_EDGE('',*,*,#1780,.F.);
#4430 = ORIENTED_EDGE('',*,*,#4431,.T.);
#4431 = EDGE_CURVE('',#1773,#1946,#4432,.T.);
#4432 = LINE('',#4433,#4434);
#4433 = CARTESIAN_POINT('',(-1.349999999999,0.819999999999,2.5));
#4434 = VECTOR('',#4435,1.);
#4435 = DIRECTION('',(-1.,-3.614007241618E-16,0.));
#4436 = PLANE('',#4437);
#4437 = AXIS2_PLACEMENT_3D('',#4438,#4439,#4440);
#4438 = CARTESIAN_POINT('',(-1.349999999999,0.819999999999,2.5));
#4439 = DIRECTION('',(3.614007241618E-16,-1.,0.));
#4440 = DIRECTION('',(1.,3.614007241618E-16,0.));
#4441 = ADVANCED_FACE('',(#4442),#4458,.T.);
#4442 = FACE_BOUND('',#4443,.T.);
#4443 = EDGE_LOOP('',(#4444,#4445,#4451,#4452));
#4444 = ORIENTED_EDGE('',*,*,#1796,.T.);
#4445 = ORIENTED_EDGE('',*,*,#4446,.T.);
#4446 = EDGE_CURVE('',#1789,#1930,#4447,.T.);
#4447 = LINE('',#4448,#4449);
#4448 = CARTESIAN_POINT('',(-1.349999999999,1.08,2.));
#4449 = VECTOR('',#4450,1.);
#4450 = DIRECTION('',(-1.,0.,0.));
#4451 = ORIENTED_EDGE('',*,*,#1929,.F.);
#4452 = ORIENTED_EDGE('',*,*,#4453,.T.);
#4453 = EDGE_CURVE('',#1922,#1797,#4454,.T.);
#4454 = LINE('',#4455,#4456);
#4455 = CARTESIAN_POINT('',(-1.349999999999,1.08,2.5));
#4456 = VECTOR('',#4457,1.);
#4457 = DIRECTION('',(1.,0.,0.));
#4458 = PLANE('',#4459);
#4459 = AXIS2_PLACEMENT_3D('',#4460,#4461,#4462);
#4460 = CARTESIAN_POINT('',(-1.349999999999,1.08,2.5));
#4461 = DIRECTION('',(0.,1.,0.));
#4462 = DIRECTION('',(0.,0.,1.));
#4463 = ADVANCED_FACE('',(#4464),#4516,.F.);
#4464 = FACE_BOUND('',#4465,.T.);
#4465 = EDGE_LOOP('',(#4466,#4476,#4482,#4483,#4484,#4485,#4493,#4501,
    #4507,#4508,#4509,#4510));
#4466 = ORIENTED_EDGE('',*,*,#4467,.F.);
#4467 = EDGE_CURVE('',#4468,#4470,#4472,.T.);
#4468 = VERTEX_POINT('',#4469);
#4469 = CARTESIAN_POINT('',(2.549999999999,-0.5,0.8));
#4470 = VERTEX_POINT('',#4471);
#4471 = CARTESIAN_POINT('',(2.549999999999,0.5,0.8));
#4472 = LINE('',#4473,#4474);
#4473 = CARTESIAN_POINT('',(2.549999999999,2.,0.8));
#4474 = VECTOR('',#4475,1.);
#4475 = DIRECTION('',(0.,1.,0.));
#4476 = ORIENTED_EDGE('',*,*,#4477,.T.);
#4477 = EDGE_CURVE('',#4468,#3827,#4478,.T.);
#4478 = LINE('',#4479,#4480);
#4479 = CARTESIAN_POINT('',(2.549999999999,-0.5,1.));
#4480 = VECTOR('',#4481,1.);
#4481 = DIRECTION('',(0.,0.,1.));
#4482 = ORIENTED_EDGE('',*,*,#3826,.F.);
#4483 = ORIENTED_EDGE('',*,*,#1148,.T.);
#4484 = ORIENTED_EDGE('',*,*,#197,.T.);
#4485 = ORIENTED_EDGE('',*,*,#4486,.T.);
#4486 = EDGE_CURVE('',#190,#4487,#4489,.T.);
#4487 = VERTEX_POINT('',#4488);
#4488 = CARTESIAN_POINT('',(2.549999999999,-0.5,0.2));
#4489 = LINE('',#4490,#4491);
#4490 = CARTESIAN_POINT('',(2.549999999999,-0.5,1.));
#4491 = VECTOR('',#4492,1.);
#4492 = DIRECTION('',(0.,0.,1.));
#4493 = ORIENTED_EDGE('',*,*,#4494,.F.);
#4494 = EDGE_CURVE('',#4495,#4487,#4497,.T.);
#4495 = VERTEX_POINT('',#4496);
#4496 = CARTESIAN_POINT('',(2.549999999999,0.5,0.199999999999));
#4497 = LINE('',#4498,#4499);
#4498 = CARTESIAN_POINT('',(2.549999999999,2.,0.199999999999));
#4499 = VECTOR('',#4500,1.);
#4500 = DIRECTION('',(0.,-1.,0.));
#4501 = ORIENTED_EDGE('',*,*,#4502,.T.);
#4502 = EDGE_CURVE('',#4495,#230,#4503,.T.);
#4503 = LINE('',#4504,#4505);
#4504 = CARTESIAN_POINT('',(2.549999999999,0.5,1.));
#4505 = VECTOR('',#4506,1.);
#4506 = DIRECTION('',(0.,0.,-1.));
#4507 = ORIENTED_EDGE('',*,*,#229,.T.);
#4508 = ORIENTED_EDGE('',*,*,#1346,.F.);
#4509 = ORIENTED_EDGE('',*,*,#3858,.F.);
#4510 = ORIENTED_EDGE('',*,*,#4511,.T.);
#4511 = EDGE_CURVE('',#3851,#4470,#4512,.T.);
#4512 = LINE('',#4513,#4514);
#4513 = CARTESIAN_POINT('',(2.549999999999,0.5,1.));
#4514 = VECTOR('',#4515,1.);
#4515 = DIRECTION('',(0.,0.,-1.));
#4516 = PLANE('',#4517);
#4517 = AXIS2_PLACEMENT_3D('',#4518,#4519,#4520);
#4518 = CARTESIAN_POINT('',(2.549999999999,2.,1.));
#4519 = DIRECTION('',(-1.,0.,0.));
#4520 = DIRECTION('',(0.,0.,1.));
#4521 = ADVANCED_FACE('',(#4522),#4574,.F.);
#4522 = FACE_BOUND('',#4523,.T.);
#4523 = EDGE_LOOP('',(#4524,#4534,#4540,#4541,#4542,#4543,#4551,#4559,
    #4565,#4566,#4567,#4568));
#4524 = ORIENTED_EDGE('',*,*,#4525,.F.);
#4525 = EDGE_CURVE('',#4526,#4528,#4530,.T.);
#4526 = VERTEX_POINT('',#4527);
#4527 = CARTESIAN_POINT('',(-2.55,0.5,0.8));
#4528 = VERTEX_POINT('',#4529);
#4529 = CARTESIAN_POINT('',(-2.55,-0.5,0.8));
#4530 = LINE('',#4531,#4532);
#4531 = CARTESIAN_POINT('',(-2.55,2.,0.8));
#4532 = VECTOR('',#4533,1.);
#4533 = DIRECTION('',(2.168404344971E-16,-1.,0.));
#4534 = ORIENTED_EDGE('',*,*,#4535,.T.);
#4535 = EDGE_CURVE('',#4526,#3796,#4536,.T.);
#4536 = LINE('',#4537,#4538);
#4537 = CARTESIAN_POINT('',(-2.55,0.5,1.));
#4538 = VECTOR('',#4539,1.);
#4539 = DIRECTION('',(0.,0.,1.));
#4540 = ORIENTED_EDGE('',*,*,#3865,.F.);
#4541 = ORIENTED_EDGE('',*,*,#1330,.T.);
#4542 = ORIENTED_EDGE('',*,*,#1093,.T.);
#4543 = ORIENTED_EDGE('',*,*,#4544,.T.);
#4544 = EDGE_CURVE('',#1086,#4545,#4547,.T.);
#4545 = VERTEX_POINT('',#4546);
#4546 = CARTESIAN_POINT('',(-2.55,0.5,0.2));
#4547 = LINE('',#4548,#4549);
#4548 = CARTESIAN_POINT('',(-2.55,0.5,1.));
#4549 = VECTOR('',#4550,1.);
#4550 = DIRECTION('',(0.,0.,1.));
#4551 = ORIENTED_EDGE('',*,*,#4552,.T.);
#4552 = EDGE_CURVE('',#4545,#4553,#4555,.T.);
#4553 = VERTEX_POINT('',#4554);
#4554 = CARTESIAN_POINT('',(-2.55,-0.5,0.199999999999));
#4555 = LINE('',#4556,#4557);
#4556 = CARTESIAN_POINT('',(-2.55,2.,0.199999999999));
#4557 = VECTOR('',#4558,1.);
#4558 = DIRECTION('',(2.168404344971E-16,-1.,0.));
#4559 = ORIENTED_EDGE('',*,*,#4560,.T.);
#4560 = EDGE_CURVE('',#4553,#1060,#4561,.T.);
#4561 = LINE('',#4562,#4563);
#4562 = CARTESIAN_POINT('',(-2.55,-0.5,1.));
#4563 = VECTOR('',#4564,1.);
#4564 = DIRECTION('',(0.,0.,-1.));
#4565 = ORIENTED_EDGE('',*,*,#1059,.T.);
#4566 = ORIENTED_EDGE('',*,*,#1164,.F.);
#4567 = ORIENTED_EDGE('',*,*,#3819,.F.);
#4568 = ORIENTED_EDGE('',*,*,#4569,.T.);
#4569 = EDGE_CURVE('',#3812,#4528,#4570,.T.);
#4570 = LINE('',#4571,#4572);
#4571 = CARTESIAN_POINT('',(-2.55,-0.5,1.));
#4572 = VECTOR('',#4573,1.);
#4573 = DIRECTION('',(0.,0.,-1.));
#4574 = PLANE('',#4575);
#4575 = AXIS2_PLACEMENT_3D('',#4576,#4577,#4578);
#4576 = CARTESIAN_POINT('',(-2.55,2.,1.));
#4577 = DIRECTION('',(1.,2.168404344971E-16,0.));
#4578 = DIRECTION('',(-2.168404344971E-16,1.,0.));
#4579 = ADVANCED_FACE('',(#4580),#4591,.F.);
#4580 = FACE_BOUND('',#4581,.T.);
#4581 = EDGE_LOOP('',(#4582,#4583,#4589,#4590));
#4582 = ORIENTED_EDGE('',*,*,#4127,.F.);
#4583 = ORIENTED_EDGE('',*,*,#4584,.T.);
#4584 = EDGE_CURVE('',#4120,#4179,#4585,.T.);
#4585 = LINE('',#4586,#4587);
#4586 = CARTESIAN_POINT('',(1.724999999999,0.62,2.8));
#4587 = VECTOR('',#4588,1.);
#4588 = DIRECTION('',(0.,-1.,0.));
#4589 = ORIENTED_EDGE('',*,*,#4178,.T.);
#4590 = ORIENTED_EDGE('',*,*,#3953,.T.);
#4591 = PLANE('',#4592);
#4592 = AXIS2_PLACEMENT_3D('',#4593,#4594,#4595);
#4593 = CARTESIAN_POINT('',(1.724999999999,1.28,2.899999999999));
#4594 = DIRECTION('',(-1.,0.,0.));
#4595 = DIRECTION('',(0.,0.,1.));
#4596 = ADVANCED_FACE('',(#4597),#4608,.F.);
#4597 = FACE_BOUND('',#4598,.T.);
#4598 = EDGE_LOOP('',(#4599,#4600,#4606,#4607));
#4599 = ORIENTED_EDGE('',*,*,#4194,.F.);
#4600 = ORIENTED_EDGE('',*,*,#4601,.T.);
#4601 = EDGE_CURVE('',#4187,#4112,#4602,.T.);
#4602 = LINE('',#4603,#4604);
#4603 = CARTESIAN_POINT('',(-1.725,1.279999999999,2.8));
#4604 = VECTOR('',#4605,1.);
#4605 = DIRECTION('',(0.,1.,0.));
#4606 = ORIENTED_EDGE('',*,*,#4111,.T.);
#4607 = ORIENTED_EDGE('',*,*,#3901,.T.);
#4608 = PLANE('',#4609);
#4609 = AXIS2_PLACEMENT_3D('',#4610,#4611,#4612);
#4610 = CARTESIAN_POINT('',(-1.725,1.279999999999,2.899999999999));
#4611 = DIRECTION('',(1.,0.,0.));
#4612 = DIRECTION('',(0.,0.,-1.));
#4613 = ADVANCED_FACE('',(#4614),#4625,.F.);
#4614 = FACE_BOUND('',#4615,.T.);
#4615 = EDGE_LOOP('',(#4616,#4617,#4623,#4624));
#4616 = ORIENTED_EDGE('',*,*,#4261,.F.);
#4617 = ORIENTED_EDGE('',*,*,#4618,.T.);
#4618 = EDGE_CURVE('',#4254,#4313,#4619,.T.);
#4619 = LINE('',#4620,#4621);
#4620 = CARTESIAN_POINT('',(-1.725,-1.279999999999,2.799999999999));
#4621 = VECTOR('',#4622,1.);
#4622 = DIRECTION('',(0.,1.,0.));
#4623 = ORIENTED_EDGE('',*,*,#4312,.T.);
#4624 = ORIENTED_EDGE('',*,*,#4022,.T.);
#4625 = PLANE('',#4626);
#4626 = AXIS2_PLACEMENT_3D('',#4627,#4628,#4629);
#4627 = CARTESIAN_POINT('',(-1.725,-1.279999999999,2.899999999999));
#4628 = DIRECTION('',(1.,0.,0.));
#4629 = DIRECTION('',(0.,0.,-1.));
#4630 = ADVANCED_FACE('',(#4631),#4642,.F.);
#4631 = FACE_BOUND('',#4632,.T.);
#4632 = EDGE_LOOP('',(#4633,#4634,#4640,#4641));
#4633 = ORIENTED_EDGE('',*,*,#4328,.F.);
#4634 = ORIENTED_EDGE('',*,*,#4635,.T.);
#4635 = EDGE_CURVE('',#4321,#4246,#4636,.T.);
#4636 = LINE('',#4637,#4638);
#4637 = CARTESIAN_POINT('',(1.724999999999,-1.28,2.799999999999));
#4638 = VECTOR('',#4639,1.);
#4639 = DIRECTION('',(0.,-1.,0.));
#4640 = ORIENTED_EDGE('',*,*,#4245,.T.);
#4641 = ORIENTED_EDGE('',*,*,#4074,.T.);
#4642 = PLANE('',#4643);
#4643 = AXIS2_PLACEMENT_3D('',#4644,#4645,#4646);
#4644 = CARTESIAN_POINT('',(1.724999999999,-1.28,2.899999999999));
#4645 = DIRECTION('',(-1.,0.,0.));
#4646 = DIRECTION('',(0.,0.,1.));
#4647 = ADVANCED_FACE('',(#4648),#4654,.T.);
#4648 = FACE_BOUND('',#4649,.T.);
#4649 = EDGE_LOOP('',(#4650,#4651,#4652,#4653));
#4650 = ORIENTED_EDGE('',*,*,#4363,.T.);
#4651 = ORIENTED_EDGE('',*,*,#1709,.F.);
#4652 = ORIENTED_EDGE('',*,*,#4387,.F.);
#4653 = ORIENTED_EDGE('',*,*,#1528,.F.);
#4654 = PLANE('',#4655);
#4655 = AXIS2_PLACEMENT_3D('',#4656,#4657,#4658);
#4656 = CARTESIAN_POINT('',(0.,0.,2.5));
#4657 = DIRECTION('',(0.,0.,-1.));
#4658 = DIRECTION('',(-1.,0.,0.));
#4659 = ADVANCED_FACE('',(#4660),#4666,.T.);
#4660 = FACE_BOUND('',#4661,.T.);
#4661 = EDGE_LOOP('',(#4662,#4663,#4664,#4665));
#4662 = ORIENTED_EDGE('',*,*,#4269,.T.);
#4663 = ORIENTED_EDGE('',*,*,#1560,.F.);
#4664 = ORIENTED_EDGE('',*,*,#4409,.F.);
#4665 = ORIENTED_EDGE('',*,*,#1677,.F.);
#4666 = PLANE('',#4667);
#4667 = AXIS2_PLACEMENT_3D('',#4668,#4669,#4670);
#4668 = CARTESIAN_POINT('',(0.,0.,2.5));
#4669 = DIRECTION('',(0.,0.,-1.));
#4670 = DIRECTION('',(-1.,0.,0.));
#4671 = ADVANCED_FACE('',(#4672),#4683,.T.);
#4672 = FACE_BOUND('',#4673,.T.);
#4673 = EDGE_LOOP('',(#4674,#4680,#4681,#4682));
#4674 = ORIENTED_EDGE('',*,*,#4675,.F.);
#4675 = EDGE_CURVE('',#1585,#1646,#4676,.T.);
#4676 = LINE('',#4677,#4678);
#4677 = CARTESIAN_POINT('',(-1.349999999999,-1.68,0.25));
#4678 = VECTOR('',#4679,1.);
#4679 = DIRECTION('',(1.,0.,0.));
#4680 = ORIENTED_EDGE('',*,*,#1584,.F.);
#4681 = ORIENTED_EDGE('',*,*,#4007,.F.);
#4682 = ORIENTED_EDGE('',*,*,#1653,.T.);
#4683 = PLANE('',#4684);
#4684 = AXIS2_PLACEMENT_3D('',#4685,#4686,#4687);
#4685 = CARTESIAN_POINT('',(-1.349999999999,-1.68,2.5));
#4686 = DIRECTION('',(0.,1.,0.));
#4687 = DIRECTION('',(0.,0.,1.));
#4688 = ADVANCED_FACE('',(#4689),#4695,.T.);
#4689 = FACE_BOUND('',#4690,.T.);
#4690 = EDGE_LOOP('',(#4691,#4692,#4693,#4694));
#4691 = ORIENTED_EDGE('',*,*,#4202,.T.);
#4692 = ORIENTED_EDGE('',*,*,#1953,.F.);
#4693 = ORIENTED_EDGE('',*,*,#4431,.F.);
#4694 = ORIENTED_EDGE('',*,*,#1772,.F.);
#4695 = PLANE('',#4696);
#4696 = AXIS2_PLACEMENT_3D('',#4697,#4698,#4699);
#4697 = CARTESIAN_POINT('',(0.,0.,2.5));
#4698 = DIRECTION('',(0.,0.,-1.));
#4699 = DIRECTION('',(-1.,0.,0.));
#4700 = ADVANCED_FACE('',(#4701),#4707,.F.);
#4701 = FACE_BOUND('',#4702,.T.);
#4702 = EDGE_LOOP('',(#4703,#4704,#4705,#4706));
#4703 = ORIENTED_EDGE('',*,*,#1804,.F.);
#4704 = ORIENTED_EDGE('',*,*,#4453,.F.);
#4705 = ORIENTED_EDGE('',*,*,#1921,.F.);
#4706 = ORIENTED_EDGE('',*,*,#4162,.F.);
#4707 = PLANE('',#4708);
#4708 = AXIS2_PLACEMENT_3D('',#4709,#4710,#4711);
#4709 = CARTESIAN_POINT('',(0.,0.,2.5));
#4710 = DIRECTION('',(0.,0.,1.));
#4711 = DIRECTION('',(1.,0.,0.));
#4712 = ADVANCED_FACE('',(#4713),#4719,.T.);
#4713 = FACE_BOUND('',#4714,.T.);
#4714 = EDGE_LOOP('',(#4715,#4716,#4717,#4718));
#4715 = ORIENTED_EDGE('',*,*,#1937,.T.);
#4716 = ORIENTED_EDGE('',*,*,#4446,.F.);
#4717 = ORIENTED_EDGE('',*,*,#1788,.T.);
#4718 = ORIENTED_EDGE('',*,*,#4424,.F.);
#4719 = PLANE('',#4720);
#4720 = AXIS2_PLACEMENT_3D('',#4721,#4722,#4723);
#4721 = CARTESIAN_POINT('',(0.,0.,2.));
#4722 = DIRECTION('',(0.,0.,-1.));
#4723 = DIRECTION('',(-1.,0.,0.));
#4724 = ADVANCED_FACE('',(#4725),#4731,.T.);
#4725 = FACE_BOUND('',#4726,.T.);
#4726 = EDGE_LOOP('',(#4727,#4728,#4729,#4730));
#4727 = ORIENTED_EDGE('',*,*,#1693,.T.);
#4728 = ORIENTED_EDGE('',*,*,#4402,.F.);
#4729 = ORIENTED_EDGE('',*,*,#1544,.T.);
#4730 = ORIENTED_EDGE('',*,*,#4380,.F.);
#4731 = PLANE('',#4732);
#4732 = AXIS2_PLACEMENT_3D('',#4733,#4734,#4735);
#4733 = CARTESIAN_POINT('',(0.,0.,2.));
#4734 = DIRECTION('',(0.,0.,-1.));
#4735 = DIRECTION('',(-1.,0.,0.));
#4736 = ADVANCED_FACE('',(#4737),#4743,.T.);
#4737 = FACE_BOUND('',#4738,.T.);
#4738 = EDGE_LOOP('',(#4739,#4740,#4741,#4742));
#4739 = ORIENTED_EDGE('',*,*,#4336,.T.);
#4740 = ORIENTED_EDGE('',*,*,#2197,.F.);
#4741 = ORIENTED_EDGE('',*,*,#3525,.F.);
#4742 = ORIENTED_EDGE('',*,*,#2016,.F.);
#4743 = PLANE('',#4744);
#4744 = AXIS2_PLACEMENT_3D('',#4745,#4746,#4747);
#4745 = CARTESIAN_POINT('',(2.4,0.,2.5));
#4746 = DIRECTION('',(0.,0.,-1.));
#4747 = DIRECTION('',(-1.,0.,0.));
#4748 = ADVANCED_FACE('',(#4749),#4755,.T.);
#4749 = FACE_BOUND('',#4750,.T.);
#4750 = EDGE_LOOP('',(#4751,#4752,#4753,#4754));
#4751 = ORIENTED_EDGE('',*,*,#4354,.T.);
#4752 = ORIENTED_EDGE('',*,*,#2423,.F.);
#4753 = ORIENTED_EDGE('',*,*,#3547,.F.);
#4754 = ORIENTED_EDGE('',*,*,#2260,.F.);
#4755 = PLANE('',#4756);
#4756 = AXIS2_PLACEMENT_3D('',#4757,#4758,#4759);
#4757 = CARTESIAN_POINT('',(0.8,0.,2.5));
#4758 = DIRECTION('',(0.,0.,-1.));
#4759 = DIRECTION('',(-1.,0.,0.));
#4760 = ADVANCED_FACE('',(#4761),#4767,.T.);
#4761 = FACE_BOUND('',#4762,.T.);
#4762 = EDGE_LOOP('',(#4763,#4764,#4765,#4766));
#4763 = ORIENTED_EDGE('',*,*,#4345,.T.);
#4764 = ORIENTED_EDGE('',*,*,#2667,.F.);
#4765 = ORIENTED_EDGE('',*,*,#3569,.F.);
#4766 = ORIENTED_EDGE('',*,*,#2486,.F.);
#4767 = PLANE('',#4768);
#4768 = AXIS2_PLACEMENT_3D('',#4769,#4770,#4771);
#4769 = CARTESIAN_POINT('',(1.6,0.,2.5));
#4770 = DIRECTION('',(0.,0.,-1.));
#4771 = DIRECTION('',(-1.,0.,0.));
#4772 = ADVANCED_FACE('',(#4773),#4779,.T.);
#4773 = FACE_BOUND('',#4774,.T.);
#4774 = EDGE_LOOP('',(#4775,#4776,#4777,#4778));
#4775 = ORIENTED_EDGE('',*,*,#4296,.T.);
#4776 = ORIENTED_EDGE('',*,*,#2048,.F.);
#4777 = ORIENTED_EDGE('',*,*,#3591,.F.);
#4778 = ORIENTED_EDGE('',*,*,#2165,.F.);
#4779 = PLANE('',#4780);
#4780 = AXIS2_PLACEMENT_3D('',#4781,#4782,#4783);
#4781 = CARTESIAN_POINT('',(2.4,0.,2.5));
#4782 = DIRECTION('',(0.,0.,-1.));
#4783 = DIRECTION('',(-1.,0.,0.));
#4784 = ADVANCED_FACE('',(#4785),#4796,.T.);
#4785 = FACE_BOUND('',#4786,.T.);
#4786 = EDGE_LOOP('',(#4787,#4793,#4794,#4795));
#4787 = ORIENTED_EDGE('',*,*,#4788,.F.);
#4788 = EDGE_CURVE('',#2073,#2134,#4789,.T.);
#4789 = LINE('',#4790,#4791);
#4790 = CARTESIAN_POINT('',(1.05,-1.68,0.25));
#4791 = VECTOR('',#4792,1.);
#4792 = DIRECTION('',(1.,0.,0.));
#4793 = ORIENTED_EDGE('',*,*,#2072,.F.);
#4794 = ORIENTED_EDGE('',*,*,#4089,.F.);
#4795 = ORIENTED_EDGE('',*,*,#2141,.T.);
#4796 = PLANE('',#4797);
#4797 = AXIS2_PLACEMENT_3D('',#4798,#4799,#4800);
#4798 = CARTESIAN_POINT('',(1.05,-1.68,2.5));
#4799 = DIRECTION('',(0.,1.,0.));
#4800 = DIRECTION('',(0.,0.,1.));
#4801 = ADVANCED_FACE('',(#4802),#4808,.T.);
#4802 = FACE_BOUND('',#4803,.T.);
#4803 = EDGE_LOOP('',(#4804,#4805,#4806,#4807));
#4804 = ORIENTED_EDGE('',*,*,#4278,.T.);
#4805 = ORIENTED_EDGE('',*,*,#2283,.F.);
#4806 = ORIENTED_EDGE('',*,*,#961,.F.);
#4807 = ORIENTED_EDGE('',*,*,#2400,.F.);
#4808 = PLANE('',#4809);
#4809 = AXIS2_PLACEMENT_3D('',#4810,#4811,#4812);
#4810 = CARTESIAN_POINT('',(0.8,0.,2.5));
#4811 = DIRECTION('',(0.,0.,-1.));
#4812 = DIRECTION('',(-1.,0.,0.));
#4813 = ADVANCED_FACE('',(#4814),#4825,.T.);
#4814 = FACE_BOUND('',#4815,.T.);
#4815 = EDGE_LOOP('',(#4816,#4822,#4823,#4824));
#4816 = ORIENTED_EDGE('',*,*,#4817,.F.);
#4817 = EDGE_CURVE('',#2308,#2369,#4818,.T.);
#4818 = LINE('',#4819,#4820);
#4819 = CARTESIAN_POINT('',(-0.549999999999,-1.68,0.25));
#4820 = VECTOR('',#4821,1.);
#4821 = DIRECTION('',(1.,0.,0.));
#4822 = ORIENTED_EDGE('',*,*,#2307,.F.);
#4823 = ORIENTED_EDGE('',*,*,#3993,.F.);
#4824 = ORIENTED_EDGE('',*,*,#2376,.T.);
#4825 = PLANE('',#4826);
#4826 = AXIS2_PLACEMENT_3D('',#4827,#4828,#4829);
#4827 = CARTESIAN_POINT('',(-0.549999999999,-1.68,2.5));
#4828 = DIRECTION('',(0.,1.,0.));
#4829 = DIRECTION('',(0.,0.,1.));
#4830 = ADVANCED_FACE('',(#4831),#4837,.T.);
#4831 = FACE_BOUND('',#4832,.T.);
#4832 = EDGE_LOOP('',(#4833,#4834,#4835,#4836));
#4833 = ORIENTED_EDGE('',*,*,#4287,.T.);
#4834 = ORIENTED_EDGE('',*,*,#2518,.F.);
#4835 = ORIENTED_EDGE('',*,*,#3647,.F.);
#4836 = ORIENTED_EDGE('',*,*,#2635,.F.);
#4837 = PLANE('',#4838);
#4838 = AXIS2_PLACEMENT_3D('',#4839,#4840,#4841);
#4839 = CARTESIAN_POINT('',(1.6,0.,2.5));
#4840 = DIRECTION('',(0.,0.,-1.));
#4841 = DIRECTION('',(-1.,0.,0.));
#4842 = ADVANCED_FACE('',(#4843),#4854,.T.);
#4843 = FACE_BOUND('',#4844,.T.);
#4844 = EDGE_LOOP('',(#4845,#4851,#4852,#4853));
#4845 = ORIENTED_EDGE('',*,*,#4846,.F.);
#4846 = EDGE_CURVE('',#2543,#2604,#4847,.T.);
#4847 = LINE('',#4848,#4849);
#4848 = CARTESIAN_POINT('',(0.25,-1.68,0.25));
#4849 = VECTOR('',#4850,1.);
#4850 = DIRECTION('',(1.,0.,0.));
#4851 = ORIENTED_EDGE('',*,*,#2542,.F.);
#4852 = ORIENTED_EDGE('',*,*,#3979,.F.);
#4853 = ORIENTED_EDGE('',*,*,#2611,.T.);
#4854 = PLANE('',#4855);
#4855 = AXIS2_PLACEMENT_3D('',#4856,#4857,#4858);
#4856 = CARTESIAN_POINT('',(0.25,-1.68,2.5));
#4857 = DIRECTION('',(0.,1.,0.));
#4858 = DIRECTION('',(0.,0.,1.));
#4859 = ADVANCED_FACE('',(#4860),#4866,.T.);
#4860 = FACE_BOUND('',#4861,.T.);
#4861 = EDGE_LOOP('',(#4862,#4863,#4864,#4865));
#4862 = ORIENTED_EDGE('',*,*,#4229,.T.);
#4863 = ORIENTED_EDGE('',*,*,#3399,.F.);
#4864 = ORIENTED_EDGE('',*,*,#3669,.F.);
#4865 = ORIENTED_EDGE('',*,*,#3218,.F.);
#4866 = PLANE('',#4867);
#4867 = AXIS2_PLACEMENT_3D('',#4868,#4869,#4870);
#4868 = CARTESIAN_POINT('',(2.4,0.,2.5));
#4869 = DIRECTION('',(0.,0.,-1.));
#4870 = DIRECTION('',(-1.,0.,0.));
#4871 = ADVANCED_FACE('',(#4872),#4878,.T.);
#4872 = FACE_BOUND('',#4873,.T.);
#4873 = EDGE_LOOP('',(#4874,#4875,#4876,#4877));
#4874 = ORIENTED_EDGE('',*,*,#4211,.T.);
#4875 = ORIENTED_EDGE('',*,*,#2778,.F.);
#4876 = ORIENTED_EDGE('',*,*,#3691,.F.);
#4877 = ORIENTED_EDGE('',*,*,#2863,.F.);
#4878 = PLANE('',#4879);
#4879 = AXIS2_PLACEMENT_3D('',#4880,#4881,#4882);
#4880 = CARTESIAN_POINT('',(0.8,0.,2.5));
#4881 = DIRECTION('',(0.,0.,-1.));
#4882 = DIRECTION('',(-1.,0.,0.));
#4883 = ADVANCED_FACE('',(#4884),#4890,.T.);
#4884 = FACE_BOUND('',#4885,.T.);
#4885 = EDGE_LOOP('',(#4886,#4887,#4888,#4889));
#4886 = ORIENTED_EDGE('',*,*,#4220,.T.);
#4887 = ORIENTED_EDGE('',*,*,#3022,.F.);
#4888 = ORIENTED_EDGE('',*,*,#3713,.F.);
#4889 = ORIENTED_EDGE('',*,*,#3107,.F.);
#4890 = PLANE('',#4891);
#4891 = AXIS2_PLACEMENT_3D('',#4892,#4893,#4894);
#4892 = CARTESIAN_POINT('',(1.6,0.,2.5));
#4893 = DIRECTION('',(0.,0.,-1.));
#4894 = DIRECTION('',(-1.,0.,0.));
#4895 = ADVANCED_FACE('',(#4896),#4902,.F.);
#4896 = FACE_BOUND('',#4897,.T.);
#4897 = EDGE_LOOP('',(#4898,#4899,#4900,#4901));
#4898 = ORIENTED_EDGE('',*,*,#2895,.F.);
#4899 = ORIENTED_EDGE('',*,*,#3735,.F.);
#4900 = ORIENTED_EDGE('',*,*,#2746,.F.);
#4901 = ORIENTED_EDGE('',*,*,#4153,.F.);
#4902 = PLANE('',#4903);
#4903 = AXIS2_PLACEMENT_3D('',#4904,#4905,#4906);
#4904 = CARTESIAN_POINT('',(0.8,0.,2.5));
#4905 = DIRECTION('',(0.,0.,1.));
#4906 = DIRECTION('',(1.,0.,0.));
#4907 = ADVANCED_FACE('',(#4908),#4914,.F.);
#4908 = FACE_BOUND('',#4909,.T.);
#4909 = EDGE_LOOP('',(#4910,#4911,#4912,#4913));
#4910 = ORIENTED_EDGE('',*,*,#3139,.F.);
#4911 = ORIENTED_EDGE('',*,*,#3757,.F.);
#4912 = ORIENTED_EDGE('',*,*,#2990,.F.);
#4913 = ORIENTED_EDGE('',*,*,#4144,.F.);
#4914 = PLANE('',#4915);
#4915 = AXIS2_PLACEMENT_3D('',#4916,#4917,#4918);
#4916 = CARTESIAN_POINT('',(1.6,0.,2.5));
#4917 = DIRECTION('',(0.,0.,1.));
#4918 = DIRECTION('',(1.,0.,0.));
#4919 = ADVANCED_FACE('',(#4920),#4926,.F.);
#4920 = FACE_BOUND('',#4921,.T.);
#4921 = EDGE_LOOP('',(#4922,#4923,#4924,#4925));
#4922 = ORIENTED_EDGE('',*,*,#3250,.F.);
#4923 = ORIENTED_EDGE('',*,*,#3779,.F.);
#4924 = ORIENTED_EDGE('',*,*,#3367,.F.);
#4925 = ORIENTED_EDGE('',*,*,#4135,.F.);
#4926 = PLANE('',#4927);
#4927 = AXIS2_PLACEMENT_3D('',#4928,#4929,#4930);
#4928 = CARTESIAN_POINT('',(2.4,0.,2.5));
#4929 = DIRECTION('',(0.,0.,1.));
#4930 = DIRECTION('',(1.,0.,0.));
#4931 = ADVANCED_FACE('',(#4932),#4938,.T.);
#4932 = FACE_BOUND('',#4933,.T.);
#4933 = EDGE_LOOP('',(#4934,#4935,#4936,#4937));
#4934 = ORIENTED_EDGE('',*,*,#3383,.T.);
#4935 = ORIENTED_EDGE('',*,*,#3772,.F.);
#4936 = ORIENTED_EDGE('',*,*,#3234,.T.);
#4937 = ORIENTED_EDGE('',*,*,#3662,.F.);
#4938 = PLANE('',#4939);
#4939 = AXIS2_PLACEMENT_3D('',#4940,#4941,#4942);
#4940 = CARTESIAN_POINT('',(2.4,0.,2.));
#4941 = DIRECTION('',(0.,0.,-1.));
#4942 = DIRECTION('',(-1.,0.,0.));
#4943 = ADVANCED_FACE('',(#4944),#4950,.T.);
#4944 = FACE_BOUND('',#4945,.T.);
#4945 = EDGE_LOOP('',(#4946,#4947,#4948,#4949));
#4946 = ORIENTED_EDGE('',*,*,#3006,.T.);
#4947 = ORIENTED_EDGE('',*,*,#3750,.F.);
#4948 = ORIENTED_EDGE('',*,*,#3123,.T.);
#4949 = ORIENTED_EDGE('',*,*,#3706,.F.);
#4950 = PLANE('',#4951);
#4951 = AXIS2_PLACEMENT_3D('',#4952,#4953,#4954);
#4952 = CARTESIAN_POINT('',(1.6,0.,2.));
#4953 = DIRECTION('',(0.,0.,-1.));
#4954 = DIRECTION('',(-1.,0.,0.));
#4955 = ADVANCED_FACE('',(#4956),#4962,.T.);
#4956 = FACE_BOUND('',#4957,.T.);
#4957 = EDGE_LOOP('',(#4958,#4959,#4960,#4961));
#4958 = ORIENTED_EDGE('',*,*,#2762,.T.);
#4959 = ORIENTED_EDGE('',*,*,#3728,.F.);
#4960 = ORIENTED_EDGE('',*,*,#2879,.T.);
#4961 = ORIENTED_EDGE('',*,*,#3684,.F.);
#4962 = PLANE('',#4963);
#4963 = AXIS2_PLACEMENT_3D('',#4964,#4965,#4966);
#4964 = CARTESIAN_POINT('',(0.8,0.,2.));
#4965 = DIRECTION('',(0.,0.,-1.));
#4966 = DIRECTION('',(-1.,0.,0.));
#4967 = ADVANCED_FACE('',(#4968),#4974,.T.);
#4968 = FACE_BOUND('',#4969,.T.);
#4969 = EDGE_LOOP('',(#4970,#4971,#4972,#4973));
#4970 = ORIENTED_EDGE('',*,*,#2651,.T.);
#4971 = ORIENTED_EDGE('',*,*,#3640,.F.);
#4972 = ORIENTED_EDGE('',*,*,#2502,.T.);
#4973 = ORIENTED_EDGE('',*,*,#3562,.F.);
#4974 = PLANE('',#4975);
#4975 = AXIS2_PLACEMENT_3D('',#4976,#4977,#4978);
#4976 = CARTESIAN_POINT('',(1.6,0.,2.));
#4977 = DIRECTION('',(0.,0.,-1.));
#4978 = DIRECTION('',(-1.,0.,0.));
#4979 = ADVANCED_FACE('',(#4980),#4986,.T.);
#4980 = FACE_BOUND('',#4981,.T.);
#4981 = EDGE_LOOP('',(#4982,#4983,#4984,#4985));
#4982 = ORIENTED_EDGE('',*,*,#2407,.T.);
#4983 = ORIENTED_EDGE('',*,*,#945,.F.);
#4984 = ORIENTED_EDGE('',*,*,#2276,.T.);
#4985 = ORIENTED_EDGE('',*,*,#3540,.F.);
#4986 = PLANE('',#4987);
#4987 = AXIS2_PLACEMENT_3D('',#4988,#4989,#4990);
#4988 = CARTESIAN_POINT('',(0.8,0.,2.));
#4989 = DIRECTION('',(0.,0.,-1.));
#4990 = DIRECTION('',(-1.,0.,0.));
#4991 = ADVANCED_FACE('',(#4992),#4998,.T.);
#4992 = FACE_BOUND('',#4993,.T.);
#4993 = EDGE_LOOP('',(#4994,#4995,#4996,#4997));
#4994 = ORIENTED_EDGE('',*,*,#2181,.T.);
#4995 = ORIENTED_EDGE('',*,*,#3584,.F.);
#4996 = ORIENTED_EDGE('',*,*,#2032,.T.);
#4997 = ORIENTED_EDGE('',*,*,#3518,.F.);
#4998 = PLANE('',#4999);
#4999 = AXIS2_PLACEMENT_3D('',#5000,#5001,#5002);
#5000 = CARTESIAN_POINT('',(2.4,0.,2.));
#5001 = DIRECTION('',(0.,0.,-1.));
#5002 = DIRECTION('',(-1.,0.,0.));
#5003 = ADVANCED_FACE('',(#5004),#5010,.T.);
#5004 = FACE_BOUND('',#5005,.T.);
#5005 = EDGE_LOOP('',(#5006,#5007,#5008,#5009));
#5006 = ORIENTED_EDGE('',*,*,#1889,.T.);
#5007 = ORIENTED_EDGE('',*,*,#1473,.T.);
#5008 = ORIENTED_EDGE('',*,*,#1836,.T.);
#5009 = ORIENTED_EDGE('',*,*,#3496,.T.);
#5010 = PLANE('',#5011);
#5011 = AXIS2_PLACEMENT_3D('',#5012,#5013,#5014);
#5012 = CARTESIAN_POINT('',(0.,0.,0.25));
#5013 = DIRECTION('',(0.,0.,-1.));
#5014 = DIRECTION('',(-1.,0.,0.));
#5015 = ADVANCED_FACE('',(#5016),#5022,.F.);
#5016 = FACE_BOUND('',#5017,.T.);
#5017 = EDGE_LOOP('',(#5018,#5019,#5020,#5021));
#5018 = ORIENTED_EDGE('',*,*,#1592,.T.);
#5019 = ORIENTED_EDGE('',*,*,#4675,.T.);
#5020 = ORIENTED_EDGE('',*,*,#1645,.T.);
#5021 = ORIENTED_EDGE('',*,*,#1195,.T.);
#5022 = PLANE('',#5023);
#5023 = AXIS2_PLACEMENT_3D('',#5024,#5025,#5026);
#5024 = CARTESIAN_POINT('',(0.,0.,0.25));
#5025 = DIRECTION('',(0.,0.,1.));
#5026 = DIRECTION('',(1.,0.,0.));
#5027 = ADVANCED_FACE('',(#5028),#5034,.T.);
#5028 = FACE_BOUND('',#5029,.T.);
#5029 = EDGE_LOOP('',(#5030,#5031,#5032,#5033));
#5030 = ORIENTED_EDGE('',*,*,#3335,.T.);
#5031 = ORIENTED_EDGE('',*,*,#1377,.T.);
#5032 = ORIENTED_EDGE('',*,*,#3282,.T.);
#5033 = ORIENTED_EDGE('',*,*,#3474,.T.);
#5034 = PLANE('',#5035);
#5035 = AXIS2_PLACEMENT_3D('',#5036,#5037,#5038);
#5036 = CARTESIAN_POINT('',(2.4,0.,0.25));
#5037 = DIRECTION('',(0.,0.,-1.));
#5038 = DIRECTION('',(-1.,0.,0.));
#5039 = ADVANCED_FACE('',(#5040),#5046,.T.);
#5040 = FACE_BOUND('',#5041,.T.);
#5041 = EDGE_LOOP('',(#5042,#5043,#5044,#5045));
#5042 = ORIENTED_EDGE('',*,*,#2958,.T.);
#5043 = ORIENTED_EDGE('',*,*,#1409,.T.);
#5044 = ORIENTED_EDGE('',*,*,#3171,.T.);
#5045 = ORIENTED_EDGE('',*,*,#3452,.T.);
#5046 = PLANE('',#5047);
#5047 = AXIS2_PLACEMENT_3D('',#5048,#5049,#5050);
#5048 = CARTESIAN_POINT('',(1.6,0.,0.25));
#5049 = DIRECTION('',(0.,0.,-1.));
#5050 = DIRECTION('',(-1.,0.,0.));
#5051 = ADVANCED_FACE('',(#5052),#5058,.T.);
#5052 = FACE_BOUND('',#5053,.T.);
#5053 = EDGE_LOOP('',(#5054,#5055,#5056,#5057));
#5054 = ORIENTED_EDGE('',*,*,#2714,.T.);
#5055 = ORIENTED_EDGE('',*,*,#1441,.T.);
#5056 = ORIENTED_EDGE('',*,*,#2927,.T.);
#5057 = ORIENTED_EDGE('',*,*,#3430,.T.);
#5058 = PLANE('',#5059);
#5059 = AXIS2_PLACEMENT_3D('',#5060,#5061,#5062);
#5060 = CARTESIAN_POINT('',(0.8,0.,0.25));
#5061 = DIRECTION('',(0.,0.,-1.));
#5062 = DIRECTION('',(-1.,0.,0.));
#5063 = ADVANCED_FACE('',(#5064),#5070,.F.);
#5064 = FACE_BOUND('',#5065,.T.);
#5065 = EDGE_LOOP('',(#5066,#5067,#5068,#5069));
#5066 = ORIENTED_EDGE('',*,*,#2550,.T.);
#5067 = ORIENTED_EDGE('',*,*,#4846,.T.);
#5068 = ORIENTED_EDGE('',*,*,#2603,.T.);
#5069 = ORIENTED_EDGE('',*,*,#1259,.T.);
#5070 = PLANE('',#5071);
#5071 = AXIS2_PLACEMENT_3D('',#5072,#5073,#5074);
#5072 = CARTESIAN_POINT('',(1.6,0.,0.25));
#5073 = DIRECTION('',(0.,0.,1.));
#5074 = DIRECTION('',(1.,0.,0.));
#5075 = ADVANCED_FACE('',(#5076),#5082,.F.);
#5076 = FACE_BOUND('',#5077,.T.);
#5077 = EDGE_LOOP('',(#5078,#5079,#5080,#5081));
#5078 = ORIENTED_EDGE('',*,*,#2315,.T.);
#5079 = ORIENTED_EDGE('',*,*,#4817,.T.);
#5080 = ORIENTED_EDGE('',*,*,#2368,.T.);
#5081 = ORIENTED_EDGE('',*,*,#1227,.T.);
#5082 = PLANE('',#5083);
#5083 = AXIS2_PLACEMENT_3D('',#5084,#5085,#5086);
#5084 = CARTESIAN_POINT('',(0.8,0.,0.25));
#5085 = DIRECTION('',(0.,0.,1.));
#5086 = DIRECTION('',(1.,0.,0.));
#5087 = ADVANCED_FACE('',(#5088),#5094,.F.);
#5088 = FACE_BOUND('',#5089,.T.);
#5089 = EDGE_LOOP('',(#5090,#5091,#5092,#5093));
#5090 = ORIENTED_EDGE('',*,*,#2080,.T.);
#5091 = ORIENTED_EDGE('',*,*,#4788,.T.);
#5092 = ORIENTED_EDGE('',*,*,#2133,.T.);
#5093 = ORIENTED_EDGE('',*,*,#1291,.T.);
#5094 = PLANE('',#5095);
#5095 = AXIS2_PLACEMENT_3D('',#5096,#5097,#5098);
#5096 = CARTESIAN_POINT('',(2.4,0.,0.25));
#5097 = DIRECTION('',(0.,0.,1.));
#5098 = DIRECTION('',(1.,0.,0.));
#5099 = ADVANCED_FACE('',(#5100),#5111,.F.);
#5100 = FACE_BOUND('',#5101,.T.);
#5101 = EDGE_LOOP('',(#5102,#5103,#5104,#5110));
#5102 = ORIENTED_EDGE('',*,*,#1109,.T.);
#5103 = ORIENTED_EDGE('',*,*,#1323,.F.);
#5104 = ORIENTED_EDGE('',*,*,#5105,.F.);
#5105 = EDGE_CURVE('',#1172,#1314,#5106,.T.);
#5106 = LINE('',#5107,#5108);
#5107 = CARTESIAN_POINT('',(-1.55,2.,5.E-02));
#5108 = VECTOR('',#5109,1.);
#5109 = DIRECTION('',(0.,1.,0.));
#5110 = ORIENTED_EDGE('',*,*,#1171,.T.);
#5111 = PLANE('',#5112);
#5112 = AXIS2_PLACEMENT_3D('',#5113,#5114,#5115);
#5113 = CARTESIAN_POINT('',(-1.55,2.,5.E-02));
#5114 = DIRECTION('',(-1.,0.,0.));
#5115 = DIRECTION('',(0.,0.,1.));
#5116 = ADVANCED_FACE('',(#5117),#5128,.F.);
#5117 = FACE_BOUND('',#5118,.T.);
#5118 = EDGE_LOOP('',(#5119,#5120,#5121,#5127));
#5119 = ORIENTED_EDGE('',*,*,#213,.T.);
#5120 = ORIENTED_EDGE('',*,*,#1141,.F.);
#5121 = ORIENTED_EDGE('',*,*,#5122,.F.);
#5122 = EDGE_CURVE('',#1354,#1132,#5123,.T.);
#5123 = LINE('',#5124,#5125);
#5124 = CARTESIAN_POINT('',(1.55,2.,5.E-02));
#5125 = VECTOR('',#5126,1.);
#5126 = DIRECTION('',(0.,-1.,0.));
#5127 = ORIENTED_EDGE('',*,*,#1353,.T.);
#5128 = PLANE('',#5129);
#5129 = AXIS2_PLACEMENT_3D('',#5130,#5131,#5132);
#5130 = CARTESIAN_POINT('',(1.55,2.,5.E-02));
#5131 = DIRECTION('',(1.,0.,0.));
#5132 = DIRECTION('',(0.,0.,-1.));
#5133 = ADVANCED_FACE('',(#5134),#5172,.T.);
#5134 = FACE_BOUND('',#5135,.T.);
#5135 = EDGE_LOOP('',(#5136,#5137,#5138,#5139,#5140,#5141,#5142,#5143,
    #5144,#5145,#5146,#5147,#5148,#5149,#5150,#5151,#5152,#5153,#5154,
    #5155,#5156,#5157,#5158,#5159,#5160,#5161,#5162,#5163,#5164,#5165,
    #5166,#5167,#5168,#5169,#5170,#5171));
#5136 = ORIENTED_EDGE('',*,*,#1179,.T.);
#5137 = ORIENTED_EDGE('',*,*,#5105,.T.);
#5138 = ORIENTED_EDGE('',*,*,#1313,.T.);
#5139 = ORIENTED_EDGE('',*,*,#1882,.F.);
#5140 = ORIENTED_EDGE('',*,*,#1851,.F.);
#5141 = ORIENTED_EDGE('',*,*,#1740,.F.);
#5142 = ORIENTED_EDGE('',*,*,#1457,.T.);
#5143 = ORIENTED_EDGE('',*,*,#2707,.F.);
#5144 = ORIENTED_EDGE('',*,*,#2818,.F.);
#5145 = ORIENTED_EDGE('',*,*,#2840,.F.);
#5146 = ORIENTED_EDGE('',*,*,#1425,.T.);
#5147 = ORIENTED_EDGE('',*,*,#2951,.F.);
#5148 = ORIENTED_EDGE('',*,*,#3062,.F.);
#5149 = ORIENTED_EDGE('',*,*,#3084,.F.);
#5150 = ORIENTED_EDGE('',*,*,#1393,.T.);
#5151 = ORIENTED_EDGE('',*,*,#3328,.F.);
#5152 = ORIENTED_EDGE('',*,*,#3297,.F.);
#5153 = ORIENTED_EDGE('',*,*,#3186,.F.);
#5154 = ORIENTED_EDGE('',*,*,#1361,.T.);
#5155 = ORIENTED_EDGE('',*,*,#5122,.T.);
#5156 = ORIENTED_EDGE('',*,*,#1131,.T.);
#5157 = ORIENTED_EDGE('',*,*,#2126,.F.);
#5158 = ORIENTED_EDGE('',*,*,#2095,.F.);
#5159 = ORIENTED_EDGE('',*,*,#1984,.F.);
#5160 = ORIENTED_EDGE('',*,*,#1275,.T.);
#5161 = ORIENTED_EDGE('',*,*,#2596,.F.);
#5162 = ORIENTED_EDGE('',*,*,#2565,.F.);
#5163 = ORIENTED_EDGE('',*,*,#2454,.F.);
#5164 = ORIENTED_EDGE('',*,*,#1243,.T.);
#5165 = ORIENTED_EDGE('',*,*,#2361,.F.);
#5166 = ORIENTED_EDGE('',*,*,#2330,.F.);
#5167 = ORIENTED_EDGE('',*,*,#2228,.F.);
#5168 = ORIENTED_EDGE('',*,*,#1211,.T.);
#5169 = ORIENTED_EDGE('',*,*,#1638,.F.);
#5170 = ORIENTED_EDGE('',*,*,#1607,.F.);
#5171 = ORIENTED_EDGE('',*,*,#1496,.F.);
#5172 = PLANE('',#5173);
#5173 = AXIS2_PLACEMENT_3D('',#5174,#5175,#5176);
#5174 = CARTESIAN_POINT('',(0.,0.,5.E-02));
#5175 = DIRECTION('',(0.,0.,-1.));
#5176 = DIRECTION('',(-1.,0.,0.));
#5177 = ADVANCED_FACE('',(#5178),#5203,.F.);
#5178 = FACE_BOUND('',#5179,.T.);
#5179 = EDGE_LOOP('',(#5180,#5188,#5189,#5197));
#5180 = ORIENTED_EDGE('',*,*,#5181,.F.);
#5181 = EDGE_CURVE('',#4254,#5182,#5184,.T.);
#5182 = VERTEX_POINT('',#5183);
#5183 = CARTESIAN_POINT('',(-1.625,-1.18,2.899999999999));
#5184 = LINE('',#5185,#5186);
#5185 = CARTESIAN_POINT('',(-1.231666666666,-0.786666666666,
    3.293333333333));
#5186 = VECTOR('',#5187,1.);
#5187 = DIRECTION('',(0.57735026919,0.57735026919,0.57735026919));
#5188 = ORIENTED_EDGE('',*,*,#4253,.F.);
#5189 = ORIENTED_EDGE('',*,*,#5190,.F.);
#5190 = EDGE_CURVE('',#5191,#4246,#5193,.T.);
#5191 = VERTEX_POINT('',#5192);
#5192 = CARTESIAN_POINT('',(1.625,-1.18,2.899999999999));
#5193 = LINE('',#5194,#5195);
#5194 = CARTESIAN_POINT('',(1.083333333333,-0.638333333333,
    3.441666666666));
#5195 = VECTOR('',#5196,1.);
#5196 = DIRECTION('',(0.57735026919,-0.57735026919,-0.57735026919));
#5197 = ORIENTED_EDGE('',*,*,#5198,.F.);
#5198 = EDGE_CURVE('',#5182,#5191,#5199,.T.);
#5199 = LINE('',#5200,#5201);
#5200 = CARTESIAN_POINT('',(-1.483314276559E-16,-1.18,2.899999999999));
#5201 = VECTOR('',#5202,1.);
#5202 = DIRECTION('',(1.,-1.257045997084E-16,0.));
#5203 = PLANE('',#5204);
#5204 = AXIS2_PLACEMENT_3D('',#5205,#5206,#5207);
#5205 = CARTESIAN_POINT('',(-1.483314276559E-16,-1.18,2.899999999999));
#5206 = DIRECTION('',(8.888657488026E-17,0.707106781187,-0.707106781187)
  );
#5207 = DIRECTION('',(1.,-1.257045997085E-16,7.686463445247E-29));
#5208 = ADVANCED_FACE('',(#5209),#5234,.F.);
#5209 = FACE_BOUND('',#5210,.T.);
#5210 = EDGE_LOOP('',(#5211,#5219,#5227,#5233));
#5211 = ORIENTED_EDGE('',*,*,#5212,.T.);
#5212 = EDGE_CURVE('',#5191,#5213,#5215,.T.);
#5213 = VERTEX_POINT('',#5214);
#5214 = CARTESIAN_POINT('',(1.625,-0.719999999999,2.899999999999));
#5215 = LINE('',#5216,#5217);
#5216 = CARTESIAN_POINT('',(1.625,0.,2.899999999999));
#5217 = VECTOR('',#5218,1.);
#5218 = DIRECTION('',(0.,1.,0.));
#5219 = ORIENTED_EDGE('',*,*,#5220,.T.);
#5220 = EDGE_CURVE('',#5213,#5221,#5223,.T.);
#5221 = VERTEX_POINT('',#5222);
#5222 = CARTESIAN_POINT('',(-1.625,-0.719999999999,2.899999999999));
#5223 = LINE('',#5224,#5225);
#5224 = CARTESIAN_POINT('',(-1.357609676851E-16,-0.719999999999,
    2.899999999999));
#5225 = VECTOR('',#5226,1.);
#5226 = DIRECTION('',(-1.,1.885568995626E-16,0.));
#5227 = ORIENTED_EDGE('',*,*,#5228,.T.);
#5228 = EDGE_CURVE('',#5221,#5182,#5229,.T.);
#5229 = LINE('',#5230,#5231);
#5230 = CARTESIAN_POINT('',(-1.625,0.,2.899999999999));
#5231 = VECTOR('',#5232,1.);
#5232 = DIRECTION('',(0.,-1.,0.));
#5233 = ORIENTED_EDGE('',*,*,#5198,.T.);
#5234 = PLANE('',#5235);
#5235 = AXIS2_PLACEMENT_3D('',#5236,#5237,#5238);
#5236 = CARTESIAN_POINT('',(0.,0.,2.899999999999));
#5237 = DIRECTION('',(0.,0.,-1.));
#5238 = DIRECTION('',(-1.,0.,0.));
#5239 = ADVANCED_FACE('',(#5240),#5251,.F.);
#5240 = FACE_BOUND('',#5241,.T.);
#5241 = EDGE_LOOP('',(#5242,#5243,#5244,#5250));
#5242 = ORIENTED_EDGE('',*,*,#5190,.T.);
#5243 = ORIENTED_EDGE('',*,*,#4635,.F.);
#5244 = ORIENTED_EDGE('',*,*,#5245,.F.);
#5245 = EDGE_CURVE('',#5213,#4321,#5246,.T.);
#5246 = LINE('',#5247,#5248);
#5247 = CARTESIAN_POINT('',(1.864999999999,-0.48,2.659999999999));
#5248 = VECTOR('',#5249,1.);
#5249 = DIRECTION('',(0.57735026919,0.57735026919,-0.57735026919));
#5250 = ORIENTED_EDGE('',*,*,#5212,.F.);
#5251 = PLANE('',#5252);
#5252 = AXIS2_PLACEMENT_3D('',#5253,#5254,#5255);
#5253 = CARTESIAN_POINT('',(1.625,0.,2.899999999999));
#5254 = DIRECTION('',(-0.707106781187,0.,-0.707106781187));
#5255 = DIRECTION('',(0.,1.,0.));
#5256 = ADVANCED_FACE('',(#5257),#5268,.F.);
#5257 = FACE_BOUND('',#5258,.T.);
#5258 = EDGE_LOOP('',(#5259,#5260,#5261,#5267));
#5259 = ORIENTED_EDGE('',*,*,#5181,.T.);
#5260 = ORIENTED_EDGE('',*,*,#5228,.F.);
#5261 = ORIENTED_EDGE('',*,*,#5262,.F.);
#5262 = EDGE_CURVE('',#4313,#5221,#5263,.T.);
#5263 = LINE('',#5264,#5265);
#5264 = CARTESIAN_POINT('',(-1.864999999999,-0.48,2.659999999999));
#5265 = VECTOR('',#5266,1.);
#5266 = DIRECTION('',(0.57735026919,-0.57735026919,0.57735026919));
#5267 = ORIENTED_EDGE('',*,*,#4618,.F.);
#5268 = PLANE('',#5269);
#5269 = AXIS2_PLACEMENT_3D('',#5270,#5271,#5272);
#5270 = CARTESIAN_POINT('',(-1.625,0.,2.899999999999));
#5271 = DIRECTION('',(0.707106781187,0.,-0.707106781187));
#5272 = DIRECTION('',(0.,-1.,0.));
#5273 = ADVANCED_FACE('',(#5274),#5280,.F.);
#5274 = FACE_BOUND('',#5275,.T.);
#5275 = EDGE_LOOP('',(#5276,#5277,#5278,#5279));
#5276 = ORIENTED_EDGE('',*,*,#5245,.T.);
#5277 = ORIENTED_EDGE('',*,*,#4320,.F.);
#5278 = ORIENTED_EDGE('',*,*,#5262,.T.);
#5279 = ORIENTED_EDGE('',*,*,#5220,.F.);
#5280 = PLANE('',#5281);
#5281 = AXIS2_PLACEMENT_3D('',#5282,#5283,#5284);
#5282 = CARTESIAN_POINT('',(-1.357609676851E-16,-0.719999999999,
    2.899999999999));
#5283 = DIRECTION('',(-1.333298623203E-16,-0.707106781187,
    -0.707106781187));
#5284 = DIRECTION('',(-1.,1.885568995627E-16,5.518328551054E-29));
#5285 = ADVANCED_FACE('',(#5286),#5311,.T.);
#5286 = FACE_BOUND('',#5287,.T.);
#5287 = EDGE_LOOP('',(#5288,#5296,#5297,#5305));
#5288 = ORIENTED_EDGE('',*,*,#5289,.F.);
#5289 = EDGE_CURVE('',#4120,#5290,#5292,.T.);
#5290 = VERTEX_POINT('',#5291);
#5291 = CARTESIAN_POINT('',(1.625,1.18,2.899999999999));
#5292 = LINE('',#5293,#5294);
#5293 = CARTESIAN_POINT('',(1.231666666666,0.786666666666,3.293333333333
    ));
#5294 = VECTOR('',#5295,1.);
#5295 = DIRECTION('',(-0.57735026919,-0.57735026919,0.57735026919));
#5296 = ORIENTED_EDGE('',*,*,#4119,.F.);
#5297 = ORIENTED_EDGE('',*,*,#5298,.F.);
#5298 = EDGE_CURVE('',#5299,#4112,#5301,.T.);
#5299 = VERTEX_POINT('',#5300);
#5300 = CARTESIAN_POINT('',(-1.625,1.18,2.899999999999));
#5301 = LINE('',#5302,#5303);
#5302 = CARTESIAN_POINT('',(-1.083333333333,0.638333333333,
    3.441666666666));
#5303 = VECTOR('',#5304,1.);
#5304 = DIRECTION('',(-0.57735026919,0.57735026919,-0.57735026919));
#5305 = ORIENTED_EDGE('',*,*,#5306,.F.);
#5306 = EDGE_CURVE('',#5290,#5299,#5307,.T.);
#5307 = LINE('',#5308,#5309);
#5308 = CARTESIAN_POINT('',(-1.725,1.18,2.899999999999));
#5309 = VECTOR('',#5310,1.);
#5310 = DIRECTION('',(-1.,-1.257045997084E-16,0.));
#5311 = PLANE('',#5312);
#5312 = AXIS2_PLACEMENT_3D('',#5313,#5314,#5315);
#5313 = CARTESIAN_POINT('',(-1.483314276559E-16,1.18,2.899999999999));
#5314 = DIRECTION('',(-8.888657488026E-17,0.707106781187,0.707106781187)
  );
#5315 = DIRECTION('',(1.,1.257045997085E-16,7.686463445247E-29));
#5316 = ADVANCED_FACE('',(#5317),#5342,.T.);
#5317 = FACE_BOUND('',#5318,.T.);
#5318 = EDGE_LOOP('',(#5319,#5327,#5335,#5341));
#5319 = ORIENTED_EDGE('',*,*,#5320,.T.);
#5320 = EDGE_CURVE('',#5299,#5321,#5323,.T.);
#5321 = VERTEX_POINT('',#5322);
#5322 = CARTESIAN_POINT('',(-1.625,0.719999999999,2.899999999999));
#5323 = LINE('',#5324,#5325);
#5324 = CARTESIAN_POINT('',(-1.625,0.619999999999,2.899999999999));
#5325 = VECTOR('',#5326,1.);
#5326 = DIRECTION('',(0.,-1.,0.));
#5327 = ORIENTED_EDGE('',*,*,#5328,.T.);
#5328 = EDGE_CURVE('',#5321,#5329,#5331,.T.);
#5329 = VERTEX_POINT('',#5330);
#5330 = CARTESIAN_POINT('',(1.625,0.719999999999,2.899999999999));
#5331 = LINE('',#5332,#5333);
#5332 = CARTESIAN_POINT('',(1.724999999999,0.719999999999,2.899999999999
    ));
#5333 = VECTOR('',#5334,1.);
#5334 = DIRECTION('',(1.,1.885568995626E-16,0.));
#5335 = ORIENTED_EDGE('',*,*,#5336,.T.);
#5336 = EDGE_CURVE('',#5329,#5290,#5337,.T.);
#5337 = LINE('',#5338,#5339);
#5338 = CARTESIAN_POINT('',(1.625,1.28,2.899999999999));
#5339 = VECTOR('',#5340,1.);
#5340 = DIRECTION('',(0.,1.,0.));
#5341 = ORIENTED_EDGE('',*,*,#5306,.T.);
#5342 = PLANE('',#5343);
#5343 = AXIS2_PLACEMENT_3D('',#5344,#5345,#5346);
#5344 = CARTESIAN_POINT('',(0.,0.,2.899999999999));
#5345 = DIRECTION('',(0.,0.,1.));
#5346 = DIRECTION('',(1.,0.,0.));
#5347 = ADVANCED_FACE('',(#5348),#5359,.T.);
#5348 = FACE_BOUND('',#5349,.T.);
#5349 = EDGE_LOOP('',(#5350,#5351,#5352,#5358));
#5350 = ORIENTED_EDGE('',*,*,#5298,.T.);
#5351 = ORIENTED_EDGE('',*,*,#4601,.F.);
#5352 = ORIENTED_EDGE('',*,*,#5353,.F.);
#5353 = EDGE_CURVE('',#5321,#4187,#5354,.T.);
#5354 = LINE('',#5355,#5356);
#5355 = CARTESIAN_POINT('',(-1.864999999999,0.48,2.659999999999));
#5356 = VECTOR('',#5357,1.);
#5357 = DIRECTION('',(-0.57735026919,-0.57735026919,-0.57735026919));
#5358 = ORIENTED_EDGE('',*,*,#5320,.F.);
#5359 = PLANE('',#5360);
#5360 = AXIS2_PLACEMENT_3D('',#5361,#5362,#5363);
#5361 = CARTESIAN_POINT('',(-1.625,0.,2.899999999999));
#5362 = DIRECTION('',(-0.707106781187,0.,0.707106781187));
#5363 = DIRECTION('',(0.,1.,0.));
#5364 = ADVANCED_FACE('',(#5365),#5376,.T.);
#5365 = FACE_BOUND('',#5366,.T.);
#5366 = EDGE_LOOP('',(#5367,#5368,#5369,#5375));
#5367 = ORIENTED_EDGE('',*,*,#5289,.T.);
#5368 = ORIENTED_EDGE('',*,*,#5336,.F.);
#5369 = ORIENTED_EDGE('',*,*,#5370,.F.);
#5370 = EDGE_CURVE('',#4179,#5329,#5371,.T.);
#5371 = LINE('',#5372,#5373);
#5372 = CARTESIAN_POINT('',(1.864999999999,0.48,2.659999999999));
#5373 = VECTOR('',#5374,1.);
#5374 = DIRECTION('',(-0.57735026919,0.57735026919,0.57735026919));
#5375 = ORIENTED_EDGE('',*,*,#4584,.F.);
#5376 = PLANE('',#5377);
#5377 = AXIS2_PLACEMENT_3D('',#5378,#5379,#5380);
#5378 = CARTESIAN_POINT('',(1.625,0.,2.899999999999));
#5379 = DIRECTION('',(0.707106781187,0.,0.707106781187));
#5380 = DIRECTION('',(0.,-1.,0.));
#5381 = ADVANCED_FACE('',(#5382),#5388,.T.);
#5382 = FACE_BOUND('',#5383,.T.);
#5383 = EDGE_LOOP('',(#5384,#5385,#5386,#5387));
#5384 = ORIENTED_EDGE('',*,*,#5353,.T.);
#5385 = ORIENTED_EDGE('',*,*,#4186,.F.);
#5386 = ORIENTED_EDGE('',*,*,#5370,.T.);
#5387 = ORIENTED_EDGE('',*,*,#5328,.F.);
#5388 = PLANE('',#5389);
#5389 = AXIS2_PLACEMENT_3D('',#5390,#5391,#5392);
#5390 = CARTESIAN_POINT('',(-1.357609676851E-16,0.719999999999,
    2.899999999999));
#5391 = DIRECTION('',(1.333298623203E-16,-0.707106781187,0.707106781187)
  );
#5392 = DIRECTION('',(-1.,-1.885568995627E-16,5.518328551054E-29));
#5393 = ADVANCED_FACE('',(#5394),#5406,.T.);
#5394 = FACE_BOUND('',#5395,.T.);
#5395 = EDGE_LOOP('',(#5396,#5397,#5404,#5405));
#5396 = ORIENTED_EDGE('',*,*,#138,.F.);
#5397 = ORIENTED_EDGE('',*,*,#5398,.T.);
#5398 = EDGE_CURVE('',#107,#115,#5399,.T.);
#5399 = CIRCLE('',#5400,0.25);
#5400 = AXIS2_PLACEMENT_3D('',#5401,#5402,#5403);
#5401 = CARTESIAN_POINT('',(2.1,-1.25,-0.499999999999));
#5402 = DIRECTION('',(0.,0.,1.));
#5403 = DIRECTION('',(-1.,0.,0.));
#5404 = ORIENTED_EDGE('',*,*,#155,.T.);
#5405 = ORIENTED_EDGE('',*,*,#169,.T.);
#5406 = CYLINDRICAL_SURFACE('',#5407,0.25);
#5407 = AXIS2_PLACEMENT_3D('',#5408,#5409,#5410);
#5408 = CARTESIAN_POINT('',(2.1,-1.25,-0.599999999999));
#5409 = DIRECTION('',(0.,0.,1.));
#5410 = DIRECTION('',(1.,0.,0.));
#5411 = ADVANCED_FACE('',(#5412),#5422,.T.);
#5412 = FACE_BOUND('',#5413,.T.);
#5413 = EDGE_LOOP('',(#5414,#5421));
#5414 = ORIENTED_EDGE('',*,*,#5415,.T.);
#5415 = EDGE_CURVE('',#98,#96,#5416,.T.);
#5416 = CIRCLE('',#5417,0.149999999999);
#5417 = AXIS2_PLACEMENT_3D('',#5418,#5419,#5420);
#5418 = CARTESIAN_POINT('',(2.1,-1.25,-0.599999999999));
#5419 = DIRECTION('',(0.,0.,-1.));
#5420 = DIRECTION('',(-1.,0.,0.));
#5421 = ORIENTED_EDGE('',*,*,#95,.T.);
#5422 = PLANE('',#5423);
#5423 = AXIS2_PLACEMENT_3D('',#5424,#5425,#5426);
#5424 = CARTESIAN_POINT('',(2.1,-1.25,-0.599999999999));
#5425 = DIRECTION('',(0.,0.,-1.));
#5426 = DIRECTION('',(-1.,0.,0.));
#5427 = ADVANCED_FACE('',(#5428),#5440,.T.);
#5428 = FACE_BOUND('',#5429,.T.);
#5429 = EDGE_LOOP('',(#5430,#5431,#5438,#5439));
#5430 = ORIENTED_EDGE('',*,*,#1018,.F.);
#5431 = ORIENTED_EDGE('',*,*,#5432,.T.);
#5432 = EDGE_CURVE('',#987,#995,#5433,.T.);
#5433 = CIRCLE('',#5434,0.25);
#5434 = AXIS2_PLACEMENT_3D('',#5435,#5436,#5437);
#5435 = CARTESIAN_POINT('',(-2.1,-1.249999999999,-0.499999999999));
#5436 = DIRECTION('',(0.,0.,1.));
#5437 = DIRECTION('',(1.,0.,0.));
#5438 = ORIENTED_EDGE('',*,*,#1035,.T.);
#5439 = ORIENTED_EDGE('',*,*,#1049,.T.);
#5440 = CYLINDRICAL_SURFACE('',#5441,0.25);
#5441 = AXIS2_PLACEMENT_3D('',#5442,#5443,#5444);
#5442 = CARTESIAN_POINT('',(-2.1,-1.249999999999,-0.599999999999));
#5443 = DIRECTION('',(0.,0.,1.));
#5444 = DIRECTION('',(1.,0.,0.));
#5445 = ADVANCED_FACE('',(#5446),#5456,.F.);
#5446 = FACE_BOUND('',#5447,.T.);
#5447 = EDGE_LOOP('',(#5448,#5455));
#5448 = ORIENTED_EDGE('',*,*,#5449,.T.);
#5449 = EDGE_CURVE('',#978,#976,#5450,.T.);
#5450 = CIRCLE('',#5451,0.149999999999);
#5451 = AXIS2_PLACEMENT_3D('',#5452,#5453,#5454);
#5452 = CARTESIAN_POINT('',(-2.1,-1.249999999999,-0.599999999999));
#5453 = DIRECTION('',(0.,0.,-1.));
#5454 = DIRECTION('',(1.,0.,0.));
#5455 = ORIENTED_EDGE('',*,*,#975,.T.);
#5456 = PLANE('',#5457);
#5457 = AXIS2_PLACEMENT_3D('',#5458,#5459,#5460);
#5458 = CARTESIAN_POINT('',(-2.1,-1.249999999999,-0.599999999999));
#5459 = DIRECTION('',(0.,0.,1.));
#5460 = DIRECTION('',(1.,0.,0.));
#5461 = ADVANCED_FACE('',(#5462),#5468,.T.);
#5462 = FACE_BOUND('',#5463,.T.);
#5463 = EDGE_LOOP('',(#5464,#5465,#5466,#5467));
#5464 = ORIENTED_EDGE('',*,*,#986,.F.);
#5465 = ORIENTED_EDGE('',*,*,#5449,.F.);
#5466 = ORIENTED_EDGE('',*,*,#1003,.T.);
#5467 = ORIENTED_EDGE('',*,*,#5432,.F.);
#5468 = CONICAL_SURFACE('',#5469,0.149999999999,0.785398163397);
#5469 = AXIS2_PLACEMENT_3D('',#5470,#5471,#5472);
#5470 = CARTESIAN_POINT('',(-2.1,-1.249999999999,-0.599999999999));
#5471 = DIRECTION('',(0.,0.,1.));
#5472 = DIRECTION('',(1.,0.,0.));
#5473 = ADVANCED_FACE('',(#5474),#5480,.T.);
#5474 = FACE_BOUND('',#5475,.T.);
#5475 = EDGE_LOOP('',(#5476,#5477,#5478,#5479));
#5476 = ORIENTED_EDGE('',*,*,#106,.F.);
#5477 = ORIENTED_EDGE('',*,*,#5415,.F.);
#5478 = ORIENTED_EDGE('',*,*,#123,.T.);
#5479 = ORIENTED_EDGE('',*,*,#5398,.F.);
#5480 = CONICAL_SURFACE('',#5481,0.149999999999,0.785398163397);
#5481 = AXIS2_PLACEMENT_3D('',#5482,#5483,#5484);
#5482 = CARTESIAN_POINT('',(2.1,-1.25,-0.599999999999));
#5483 = DIRECTION('',(0.,0.,1.));
#5484 = DIRECTION('',(1.,0.,0.));
#5485 = ADVANCED_FACE('',(#5486),#5504,.F.);
#5486 = FACE_BOUND('',#5487,.T.);
#5487 = EDGE_LOOP('',(#5488,#5496,#5502,#5503));
#5488 = ORIENTED_EDGE('',*,*,#5489,.F.);
#5489 = EDGE_CURVE('',#5490,#4553,#5492,.T.);
#5490 = VERTEX_POINT('',#5491);
#5491 = CARTESIAN_POINT('',(-2.349999999999,-0.5,0.2));
#5492 = LINE('',#5493,#5494);
#5493 = CARTESIAN_POINT('',(-2.75,-0.5,0.2));
#5494 = VECTOR('',#5495,1.);
#5495 = DIRECTION('',(-1.,0.,0.));
#5496 = ORIENTED_EDGE('',*,*,#5497,.T.);
#5497 = EDGE_CURVE('',#5490,#1070,#5498,.T.);
#5498 = LINE('',#5499,#5500);
#5499 = CARTESIAN_POINT('',(-2.349999999999,-0.5,0.2));
#5500 = VECTOR('',#5501,1.);
#5501 = DIRECTION('',(0.,0.,-1.));
#5502 = ORIENTED_EDGE('',*,*,#1069,.T.);
#5503 = ORIENTED_EDGE('',*,*,#4560,.F.);
#5504 = PLANE('',#5505);
#5505 = AXIS2_PLACEMENT_3D('',#5506,#5507,#5508);
#5506 = CARTESIAN_POINT('',(-2.75,-0.5,0.2));
#5507 = DIRECTION('',(0.,-1.,0.));
#5508 = DIRECTION('',(0.,0.,-1.));
#5509 = ADVANCED_FACE('',(#5510),#5528,.F.);
#5510 = FACE_BOUND('',#5511,.T.);
#5511 = EDGE_LOOP('',(#5512,#5513,#5521,#5527));
#5512 = ORIENTED_EDGE('',*,*,#1085,.T.);
#5513 = ORIENTED_EDGE('',*,*,#5514,.F.);
#5514 = EDGE_CURVE('',#5515,#1078,#5517,.T.);
#5515 = VERTEX_POINT('',#5516);
#5516 = CARTESIAN_POINT('',(-2.349999999999,0.5,0.2));
#5517 = LINE('',#5518,#5519);
#5518 = CARTESIAN_POINT('',(-2.349999999999,0.5,0.2));
#5519 = VECTOR('',#5520,1.);
#5520 = DIRECTION('',(0.,0.,-1.));
#5521 = ORIENTED_EDGE('',*,*,#5522,.F.);
#5522 = EDGE_CURVE('',#4545,#5515,#5523,.T.);
#5523 = LINE('',#5524,#5525);
#5524 = CARTESIAN_POINT('',(-2.75,0.5,0.2));
#5525 = VECTOR('',#5526,1.);
#5526 = DIRECTION('',(1.,0.,0.));
#5527 = ORIENTED_EDGE('',*,*,#4544,.F.);
#5528 = PLANE('',#5529);
#5529 = AXIS2_PLACEMENT_3D('',#5530,#5531,#5532);
#5530 = CARTESIAN_POINT('',(-2.75,0.5,0.2));
#5531 = DIRECTION('',(0.,1.,0.));
#5532 = DIRECTION('',(0.,0.,1.));
#5533 = ADVANCED_FACE('',(#5534),#5545,.F.);
#5534 = FACE_BOUND('',#5535,.T.);
#5535 = EDGE_LOOP('',(#5536,#5537,#5543,#5544));
#5536 = ORIENTED_EDGE('',*,*,#5522,.T.);
#5537 = ORIENTED_EDGE('',*,*,#5538,.T.);
#5538 = EDGE_CURVE('',#5515,#5490,#5539,.T.);
#5539 = LINE('',#5540,#5541);
#5540 = CARTESIAN_POINT('',(-2.349999999999,0.5,0.2));
#5541 = VECTOR('',#5542,1.);
#5542 = DIRECTION('',(0.,-1.,0.));
#5543 = ORIENTED_EDGE('',*,*,#5489,.T.);
#5544 = ORIENTED_EDGE('',*,*,#4552,.F.);
#5545 = PLANE('',#5546);
#5546 = AXIS2_PLACEMENT_3D('',#5547,#5548,#5549);
#5547 = CARTESIAN_POINT('',(0.,0.,0.2));
#5548 = DIRECTION('',(0.,0.,1.));
#5549 = DIRECTION('',(1.,0.,0.));
#5550 = ADVANCED_FACE('',(#5551),#5557,.F.);
#5551 = FACE_BOUND('',#5552,.T.);
#5552 = EDGE_LOOP('',(#5553,#5554,#5555,#5556));
#5553 = ORIENTED_EDGE('',*,*,#1077,.T.);
#5554 = ORIENTED_EDGE('',*,*,#5497,.F.);
#5555 = ORIENTED_EDGE('',*,*,#5538,.F.);
#5556 = ORIENTED_EDGE('',*,*,#5514,.T.);
#5557 = PLANE('',#5558);
#5558 = AXIS2_PLACEMENT_3D('',#5559,#5560,#5561);
#5559 = CARTESIAN_POINT('',(-2.349999999999,0.5,0.2));
#5560 = DIRECTION('',(1.,0.,0.));
#5561 = DIRECTION('',(0.,0.,-1.));
#5562 = ADVANCED_FACE('',(#5563),#5581,.F.);
#5563 = FACE_BOUND('',#5564,.T.);
#5564 = EDGE_LOOP('',(#5565,#5566,#5574,#5580));
#5565 = ORIENTED_EDGE('',*,*,#189,.T.);
#5566 = ORIENTED_EDGE('',*,*,#5567,.F.);
#5567 = EDGE_CURVE('',#5568,#180,#5570,.T.);
#5568 = VERTEX_POINT('',#5569);
#5569 = CARTESIAN_POINT('',(2.349999999999,-0.5,0.2));
#5570 = LINE('',#5571,#5572);
#5571 = CARTESIAN_POINT('',(2.349999999999,-0.5,0.2));
#5572 = VECTOR('',#5573,1.);
#5573 = DIRECTION('',(0.,0.,-1.));
#5574 = ORIENTED_EDGE('',*,*,#5575,.F.);
#5575 = EDGE_CURVE('',#4487,#5568,#5576,.T.);
#5576 = LINE('',#5577,#5578);
#5577 = CARTESIAN_POINT('',(2.75,-0.5,0.2));
#5578 = VECTOR('',#5579,1.);
#5579 = DIRECTION('',(-1.,0.,0.));
#5580 = ORIENTED_EDGE('',*,*,#4486,.F.);
#5581 = PLANE('',#5582);
#5582 = AXIS2_PLACEMENT_3D('',#5583,#5584,#5585);
#5583 = CARTESIAN_POINT('',(2.75,-0.5,0.2));
#5584 = DIRECTION('',(0.,-1.,0.));
#5585 = DIRECTION('',(0.,0.,-1.));
#5586 = ADVANCED_FACE('',(#5587),#5605,.F.);
#5587 = FACE_BOUND('',#5588,.T.);
#5588 = EDGE_LOOP('',(#5589,#5597,#5603,#5604));
#5589 = ORIENTED_EDGE('',*,*,#5590,.F.);
#5590 = EDGE_CURVE('',#5591,#4495,#5593,.T.);
#5591 = VERTEX_POINT('',#5592);
#5592 = CARTESIAN_POINT('',(2.349999999999,0.5,0.2));
#5593 = LINE('',#5594,#5595);
#5594 = CARTESIAN_POINT('',(2.75,0.5,0.2));
#5595 = VECTOR('',#5596,1.);
#5596 = DIRECTION('',(1.,0.,0.));
#5597 = ORIENTED_EDGE('',*,*,#5598,.T.);
#5598 = EDGE_CURVE('',#5591,#182,#5599,.T.);
#5599 = LINE('',#5600,#5601);
#5600 = CARTESIAN_POINT('',(2.349999999999,0.5,0.2));
#5601 = VECTOR('',#5602,1.);
#5602 = DIRECTION('',(0.,0.,-1.));
#5603 = ORIENTED_EDGE('',*,*,#237,.T.);
#5604 = ORIENTED_EDGE('',*,*,#4502,.F.);
#5605 = PLANE('',#5606);
#5606 = AXIS2_PLACEMENT_3D('',#5607,#5608,#5609);
#5607 = CARTESIAN_POINT('',(2.75,0.5,0.2));
#5608 = DIRECTION('',(0.,1.,0.));
#5609 = DIRECTION('',(0.,0.,1.));
#5610 = ADVANCED_FACE('',(#5611),#5622,.T.);
#5611 = FACE_BOUND('',#5612,.T.);
#5612 = EDGE_LOOP('',(#5613,#5614,#5615,#5621));
#5613 = ORIENTED_EDGE('',*,*,#4494,.T.);
#5614 = ORIENTED_EDGE('',*,*,#5575,.T.);
#5615 = ORIENTED_EDGE('',*,*,#5616,.T.);
#5616 = EDGE_CURVE('',#5568,#5591,#5617,.T.);
#5617 = LINE('',#5618,#5619);
#5618 = CARTESIAN_POINT('',(2.349999999999,0.5,0.2));
#5619 = VECTOR('',#5620,1.);
#5620 = DIRECTION('',(0.,1.,0.));
#5621 = ORIENTED_EDGE('',*,*,#5590,.T.);
#5622 = PLANE('',#5623);
#5623 = AXIS2_PLACEMENT_3D('',#5624,#5625,#5626);
#5624 = CARTESIAN_POINT('',(0.,0.,0.2));
#5625 = DIRECTION('',(0.,0.,-1.));
#5626 = DIRECTION('',(-1.,0.,0.));
#5627 = ADVANCED_FACE('',(#5628),#5634,.F.);
#5628 = FACE_BOUND('',#5629,.T.);
#5629 = EDGE_LOOP('',(#5630,#5631,#5632,#5633));
#5630 = ORIENTED_EDGE('',*,*,#179,.T.);
#5631 = ORIENTED_EDGE('',*,*,#5598,.F.);
#5632 = ORIENTED_EDGE('',*,*,#5616,.F.);
#5633 = ORIENTED_EDGE('',*,*,#5567,.T.);
#5634 = PLANE('',#5635);
#5635 = AXIS2_PLACEMENT_3D('',#5636,#5637,#5638);
#5636 = CARTESIAN_POINT('',(2.349999999999,0.5,0.2));
#5637 = DIRECTION('',(-1.,0.,0.));
#5638 = DIRECTION('',(0.,0.,1.));
#5639 = ADVANCED_FACE('',(#5640),#5658,.F.);
#5640 = FACE_BOUND('',#5641,.T.);
#5641 = EDGE_LOOP('',(#5642,#5650,#5656,#5657));
#5642 = ORIENTED_EDGE('',*,*,#5643,.F.);
#5643 = EDGE_CURVE('',#5644,#4526,#5646,.T.);
#5644 = VERTEX_POINT('',#5645);
#5645 = CARTESIAN_POINT('',(-2.349999999999,0.5,0.8));
#5646 = LINE('',#5647,#5648);
#5647 = CARTESIAN_POINT('',(-2.349999999999,0.5,0.8));
#5648 = VECTOR('',#5649,1.);
#5649 = DIRECTION('',(-1.,0.,0.));
#5650 = ORIENTED_EDGE('',*,*,#5651,.T.);
#5651 = EDGE_CURVE('',#5644,#3794,#5652,.T.);
#5652 = LINE('',#5653,#5654);
#5653 = CARTESIAN_POINT('',(-2.349999999999,0.5,0.8));
#5654 = VECTOR('',#5655,1.);
#5655 = DIRECTION('',(0.,0.,1.));
#5656 = ORIENTED_EDGE('',*,*,#3793,.T.);
#5657 = ORIENTED_EDGE('',*,*,#4535,.F.);
#5658 = PLANE('',#5659);
#5659 = AXIS2_PLACEMENT_3D('',#5660,#5661,#5662);
#5660 = CARTESIAN_POINT('',(-2.349999999999,0.5,0.8));
#5661 = DIRECTION('',(0.,1.,0.));
#5662 = DIRECTION('',(0.,0.,1.));
#5663 = ADVANCED_FACE('',(#5664),#5682,.F.);
#5664 = FACE_BOUND('',#5665,.T.);
#5665 = EDGE_LOOP('',(#5666,#5667,#5675,#5681));
#5666 = ORIENTED_EDGE('',*,*,#3811,.T.);
#5667 = ORIENTED_EDGE('',*,*,#5668,.F.);
#5668 = EDGE_CURVE('',#5669,#3804,#5671,.T.);
#5669 = VERTEX_POINT('',#5670);
#5670 = CARTESIAN_POINT('',(-2.349999999999,-0.5,0.8));
#5671 = LINE('',#5672,#5673);
#5672 = CARTESIAN_POINT('',(-2.349999999999,-0.5,0.8));
#5673 = VECTOR('',#5674,1.);
#5674 = DIRECTION('',(0.,0.,1.));
#5675 = ORIENTED_EDGE('',*,*,#5676,.F.);
#5676 = EDGE_CURVE('',#4528,#5669,#5677,.T.);
#5677 = LINE('',#5678,#5679);
#5678 = CARTESIAN_POINT('',(-2.75,-0.5,0.8));
#5679 = VECTOR('',#5680,1.);
#5680 = DIRECTION('',(1.,0.,0.));
#5681 = ORIENTED_EDGE('',*,*,#4569,.F.);
#5682 = PLANE('',#5683);
#5683 = AXIS2_PLACEMENT_3D('',#5684,#5685,#5686);
#5684 = CARTESIAN_POINT('',(-2.75,-0.5,0.8));
#5685 = DIRECTION('',(0.,-1.,0.));
#5686 = DIRECTION('',(0.,0.,-1.));
#5687 = ADVANCED_FACE('',(#5688),#5699,.T.);
#5688 = FACE_BOUND('',#5689,.T.);
#5689 = EDGE_LOOP('',(#5690,#5691,#5692,#5698));
#5690 = ORIENTED_EDGE('',*,*,#4525,.T.);
#5691 = ORIENTED_EDGE('',*,*,#5676,.T.);
#5692 = ORIENTED_EDGE('',*,*,#5693,.T.);
#5693 = EDGE_CURVE('',#5669,#5644,#5694,.T.);
#5694 = LINE('',#5695,#5696);
#5695 = CARTESIAN_POINT('',(-2.349999999999,-0.5,0.8));
#5696 = VECTOR('',#5697,1.);
#5697 = DIRECTION('',(0.,1.,0.));
#5698 = ORIENTED_EDGE('',*,*,#5643,.T.);
#5699 = PLANE('',#5700);
#5700 = AXIS2_PLACEMENT_3D('',#5701,#5702,#5703);
#5701 = CARTESIAN_POINT('',(0.,0.,0.8));
#5702 = DIRECTION('',(0.,0.,1.));
#5703 = DIRECTION('',(1.,0.,0.));
#5704 = ADVANCED_FACE('',(#5705),#5711,.F.);
#5705 = FACE_BOUND('',#5706,.T.);
#5706 = EDGE_LOOP('',(#5707,#5708,#5709,#5710));
#5707 = ORIENTED_EDGE('',*,*,#3803,.T.);
#5708 = ORIENTED_EDGE('',*,*,#5651,.F.);
#5709 = ORIENTED_EDGE('',*,*,#5693,.F.);
#5710 = ORIENTED_EDGE('',*,*,#5668,.T.);
#5711 = PLANE('',#5712);
#5712 = AXIS2_PLACEMENT_3D('',#5713,#5714,#5715);
#5713 = CARTESIAN_POINT('',(-2.349999999999,-0.5,0.8));
#5714 = DIRECTION('',(1.,0.,0.));
#5715 = DIRECTION('',(0.,0.,-1.));
#5716 = ADVANCED_FACE('',(#5717),#5735,.F.);
#5717 = FACE_BOUND('',#5718,.T.);
#5718 = EDGE_LOOP('',(#5719,#5727,#5733,#5734));
#5719 = ORIENTED_EDGE('',*,*,#5720,.F.);
#5720 = EDGE_CURVE('',#5721,#4468,#5723,.T.);
#5721 = VERTEX_POINT('',#5722);
#5722 = CARTESIAN_POINT('',(2.349999999999,-0.5,0.8));
#5723 = LINE('',#5724,#5725);
#5724 = CARTESIAN_POINT('',(2.349999999999,-0.5,0.8));
#5725 = VECTOR('',#5726,1.);
#5726 = DIRECTION('',(1.,0.,0.));
#5727 = ORIENTED_EDGE('',*,*,#5728,.T.);
#5728 = EDGE_CURVE('',#5721,#3835,#5729,.T.);
#5729 = LINE('',#5730,#5731);
#5730 = CARTESIAN_POINT('',(2.349999999999,-0.5,0.8));
#5731 = VECTOR('',#5732,1.);
#5732 = DIRECTION('',(0.,0.,1.));
#5733 = ORIENTED_EDGE('',*,*,#3834,.T.);
#5734 = ORIENTED_EDGE('',*,*,#4477,.F.);
#5735 = PLANE('',#5736);
#5736 = AXIS2_PLACEMENT_3D('',#5737,#5738,#5739);
#5737 = CARTESIAN_POINT('',(2.349999999999,-0.5,0.8));
#5738 = DIRECTION('',(0.,-1.,0.));
#5739 = DIRECTION('',(0.,0.,-1.));
#5740 = ADVANCED_FACE('',(#5741),#5759,.F.);
#5741 = FACE_BOUND('',#5742,.T.);
#5742 = EDGE_LOOP('',(#5743,#5744,#5752,#5758));
#5743 = ORIENTED_EDGE('',*,*,#3850,.T.);
#5744 = ORIENTED_EDGE('',*,*,#5745,.F.);
#5745 = EDGE_CURVE('',#5746,#3843,#5748,.T.);
#5746 = VERTEX_POINT('',#5747);
#5747 = CARTESIAN_POINT('',(2.349999999999,0.5,0.8));
#5748 = LINE('',#5749,#5750);
#5749 = CARTESIAN_POINT('',(2.349999999999,0.5,0.8));
#5750 = VECTOR('',#5751,1.);
#5751 = DIRECTION('',(0.,0.,1.));
#5752 = ORIENTED_EDGE('',*,*,#5753,.F.);
#5753 = EDGE_CURVE('',#4470,#5746,#5754,.T.);
#5754 = LINE('',#5755,#5756);
#5755 = CARTESIAN_POINT('',(2.75,0.5,0.8));
#5756 = VECTOR('',#5757,1.);
#5757 = DIRECTION('',(-1.,0.,0.));
#5758 = ORIENTED_EDGE('',*,*,#4511,.F.);
#5759 = PLANE('',#5760);
#5760 = AXIS2_PLACEMENT_3D('',#5761,#5762,#5763);
#5761 = CARTESIAN_POINT('',(2.75,0.5,0.8));
#5762 = DIRECTION('',(0.,1.,0.));
#5763 = DIRECTION('',(0.,0.,1.));
#5764 = ADVANCED_FACE('',(#5765),#5776,.T.);
#5765 = FACE_BOUND('',#5766,.T.);
#5766 = EDGE_LOOP('',(#5767,#5768,#5769,#5775));
#5767 = ORIENTED_EDGE('',*,*,#4467,.T.);
#5768 = ORIENTED_EDGE('',*,*,#5753,.T.);
#5769 = ORIENTED_EDGE('',*,*,#5770,.T.);
#5770 = EDGE_CURVE('',#5746,#5721,#5771,.T.);
#5771 = LINE('',#5772,#5773);
#5772 = CARTESIAN_POINT('',(2.349999999999,0.5,0.8));
#5773 = VECTOR('',#5774,1.);
#5774 = DIRECTION('',(0.,-1.,0.));
#5775 = ORIENTED_EDGE('',*,*,#5720,.T.);
#5776 = PLANE('',#5777);
#5777 = AXIS2_PLACEMENT_3D('',#5778,#5779,#5780);
#5778 = CARTESIAN_POINT('',(0.,0.,0.8));
#5779 = DIRECTION('',(0.,0.,1.));
#5780 = DIRECTION('',(1.,0.,0.));
#5781 = ADVANCED_FACE('',(#5782),#5788,.F.);
#5782 = FACE_BOUND('',#5783,.T.);
#5783 = EDGE_LOOP('',(#5784,#5785,#5786,#5787));
#5784 = ORIENTED_EDGE('',*,*,#3842,.T.);
#5785 = ORIENTED_EDGE('',*,*,#5728,.F.);
#5786 = ORIENTED_EDGE('',*,*,#5770,.F.);
#5787 = ORIENTED_EDGE('',*,*,#5745,.T.);
#5788 = PLANE('',#5789);
#5789 = AXIS2_PLACEMENT_3D('',#5790,#5791,#5792);
#5790 = CARTESIAN_POINT('',(2.349999999999,0.5,0.8));
#5791 = DIRECTION('',(-1.,0.,0.));
#5792 = DIRECTION('',(0.,0.,1.));
#5793 = ADVANCED_FACE('',(#5794),#5819,.F.);
#5794 = FACE_BOUND('',#5795,.T.);
#5795 = EDGE_LOOP('',(#5796,#5797,#5805,#5813));
#5796 = ORIENTED_EDGE('',*,*,#3631,.F.);
#5797 = ORIENTED_EDGE('',*,*,#5798,.F.);
#5798 = EDGE_CURVE('',#5799,#3624,#5801,.T.);
#5799 = VERTEX_POINT('',#5800);
#5800 = CARTESIAN_POINT('',(0.525,-1.125442325903,2.005847854242));
#5801 = LINE('',#5802,#5803);
#5802 = CARTESIAN_POINT('',(0.525,-1.125442325903,2.005847854242));
#5803 = VECTOR('',#5804,1.);
#5804 = DIRECTION('',(0.,0.173648177666,0.984807753012));
#5805 = ORIENTED_EDGE('',*,*,#5806,.F.);
#5806 = EDGE_CURVE('',#5807,#5799,#5809,.T.);
#5807 = VERTEX_POINT('',#5808);
#5808 = CARTESIAN_POINT('',(0.275,-1.125442325903,2.005847854242));
#5809 = LINE('',#5810,#5811);
#5810 = CARTESIAN_POINT('',(0.275,-1.125442325903,2.005847854242));
#5811 = VECTOR('',#5812,1.);
#5812 = DIRECTION('',(1.,0.,0.));
#5813 = ORIENTED_EDGE('',*,*,#5814,.T.);
#5814 = EDGE_CURVE('',#5807,#3608,#5815,.T.);
#5815 = LINE('',#5816,#5817);
#5816 = CARTESIAN_POINT('',(0.275,-1.125442325903,2.005847854242));
#5817 = VECTOR('',#5818,1.);
#5818 = DIRECTION('',(0.,0.173648177666,0.984807753012));
#5819 = PLANE('',#5820);
#5820 = AXIS2_PLACEMENT_3D('',#5821,#5822,#5823);
#5821 = CARTESIAN_POINT('',(0.275,-1.125442325903,2.005847854242));
#5822 = DIRECTION('',(0.,-0.984807753012,0.173648177666));
#5823 = DIRECTION('',(0.,0.173648177666,0.984807753012));
#5824 = ADVANCED_FACE('',(#5825),#5850,.T.);
#5825 = FACE_BOUND('',#5826,.T.);
#5826 = EDGE_LOOP('',(#5827,#5835,#5836,#5844));
#5827 = ORIENTED_EDGE('',*,*,#5828,.T.);
#5828 = EDGE_CURVE('',#5829,#3616,#5831,.T.);
#5829 = VERTEX_POINT('',#5830);
#5830 = CARTESIAN_POINT('',(0.525,-1.324107484952,2.31885437032));
#5831 = LINE('',#5832,#5833);
#5832 = CARTESIAN_POINT('',(0.525,-1.324107484952,2.31885437032));
#5833 = VECTOR('',#5834,1.);
#5834 = DIRECTION('',(0.,0.984807753012,-0.173648177666));
#5835 = ORIENTED_EDGE('',*,*,#3615,.T.);
#5836 = ORIENTED_EDGE('',*,*,#5837,.F.);
#5837 = EDGE_CURVE('',#5838,#3606,#5840,.T.);
#5838 = VERTEX_POINT('',#5839);
#5839 = CARTESIAN_POINT('',(0.275,-1.324107484952,2.31885437032));
#5840 = LINE('',#5841,#5842);
#5841 = CARTESIAN_POINT('',(0.275,-1.324107484952,2.31885437032));
#5842 = VECTOR('',#5843,1.);
#5843 = DIRECTION('',(0.,0.984807753012,-0.173648177666));
#5844 = ORIENTED_EDGE('',*,*,#5845,.T.);
#5845 = EDGE_CURVE('',#5838,#5829,#5846,.T.);
#5846 = LINE('',#5847,#5848);
#5847 = CARTESIAN_POINT('',(0.275,-1.324107484952,2.31885437032));
#5848 = VECTOR('',#5849,1.);
#5849 = DIRECTION('',(1.,0.,0.));
#5850 = PLANE('',#5851);
#5851 = AXIS2_PLACEMENT_3D('',#5852,#5853,#5854);
#5852 = CARTESIAN_POINT('',(0.275,-1.324107484952,2.31885437032));
#5853 = DIRECTION('',(0.,0.173648177666,0.984807753012));
#5854 = DIRECTION('',(0.,0.984807753012,-0.173648177666));
#5855 = ADVANCED_FACE('',(#5856),#5881,.T.);
#5856 = FACE_BOUND('',#5857,.T.);
#5857 = EDGE_LOOP('',(#5858,#5866,#5867,#5875));
#5858 = ORIENTED_EDGE('',*,*,#5859,.T.);
#5859 = EDGE_CURVE('',#5860,#5829,#5862,.T.);
#5860 = VERTEX_POINT('',#5861);
#5861 = CARTESIAN_POINT('',(0.525,-1.371644264156,2.049259898659));
#5862 = LINE('',#5863,#5864);
#5863 = CARTESIAN_POINT('',(0.525,-1.371644264156,2.049259898659));
#5864 = VECTOR('',#5865,1.);
#5865 = DIRECTION('',(0.,0.173648177666,0.984807753012));
#5866 = ORIENTED_EDGE('',*,*,#5845,.F.);
#5867 = ORIENTED_EDGE('',*,*,#5868,.F.);
#5868 = EDGE_CURVE('',#5869,#5838,#5871,.T.);
#5869 = VERTEX_POINT('',#5870);
#5870 = CARTESIAN_POINT('',(0.275,-1.371644264156,2.049259898659));
#5871 = LINE('',#5872,#5873);
#5872 = CARTESIAN_POINT('',(0.275,-1.371644264156,2.049259898659));
#5873 = VECTOR('',#5874,1.);
#5874 = DIRECTION('',(0.,0.173648177666,0.984807753012));
#5875 = ORIENTED_EDGE('',*,*,#5876,.T.);
#5876 = EDGE_CURVE('',#5869,#5860,#5877,.T.);
#5877 = LINE('',#5878,#5879);
#5878 = CARTESIAN_POINT('',(0.275,-1.371644264156,2.049259898659));
#5879 = VECTOR('',#5880,1.);
#5880 = DIRECTION('',(1.,0.,0.));
#5881 = PLANE('',#5882);
#5882 = AXIS2_PLACEMENT_3D('',#5883,#5884,#5885);
#5883 = CARTESIAN_POINT('',(0.275,-1.371644264156,2.049259898659));
#5884 = DIRECTION('',(0.,-0.984807753012,0.173648177666));
#5885 = DIRECTION('',(0.,0.173648177666,0.984807753012));
#5886 = ADVANCED_FACE('',(#5887),#5914,.T.);
#5887 = FACE_BOUND('',#5888,.T.);
#5888 = EDGE_LOOP('',(#5889,#5898,#5899,#5908));
#5889 = ORIENTED_EDGE('',*,*,#5890,.T.);
#5890 = EDGE_CURVE('',#5891,#5860,#5893,.T.);
#5891 = VERTEX_POINT('',#5892);
#5892 = CARTESIAN_POINT('',(0.525,-1.379999999999,1.953753400942));
#5893 = CIRCLE('',#5894,0.549999999999);
#5894 = AXIS2_PLACEMENT_3D('',#5895,#5896,#5897);
#5895 = CARTESIAN_POINT('',(0.525,-0.829999999999,1.953753400942));
#5896 = DIRECTION('',(-1.,0.,0.));
#5897 = DIRECTION('',(0.,1.163053239575E-14,1.));
#5898 = ORIENTED_EDGE('',*,*,#5876,.F.);
#5899 = ORIENTED_EDGE('',*,*,#5900,.F.);
#5900 = EDGE_CURVE('',#5901,#5869,#5903,.T.);
#5901 = VERTEX_POINT('',#5902);
#5902 = CARTESIAN_POINT('',(0.275,-1.379999999999,1.953753400942));
#5903 = CIRCLE('',#5904,0.549999999999);
#5904 = AXIS2_PLACEMENT_3D('',#5905,#5906,#5907);
#5905 = CARTESIAN_POINT('',(0.275,-0.829999999999,1.953753400942));
#5906 = DIRECTION('',(-1.,0.,0.));
#5907 = DIRECTION('',(0.,1.163053239575E-14,1.));
#5908 = ORIENTED_EDGE('',*,*,#5909,.T.);
#5909 = EDGE_CURVE('',#5901,#5891,#5910,.T.);
#5910 = LINE('',#5911,#5912);
#5911 = CARTESIAN_POINT('',(0.275,-1.379999999999,1.953753400942));
#5912 = VECTOR('',#5913,1.);
#5913 = DIRECTION('',(1.,0.,0.));
#5914 = CYLINDRICAL_SURFACE('',#5915,0.549999999999);
#5915 = AXIS2_PLACEMENT_3D('',#5916,#5917,#5918);
#5916 = CARTESIAN_POINT('',(0.275,-0.829999999999,1.953753400942));
#5917 = DIRECTION('',(1.,0.,0.));
#5918 = DIRECTION('',(0.,0.,-1.));
#5919 = ADVANCED_FACE('',(#5920),#5945,.T.);
#5920 = FACE_BOUND('',#5921,.T.);
#5921 = EDGE_LOOP('',(#5922,#5930,#5931,#5939));
#5922 = ORIENTED_EDGE('',*,*,#5923,.T.);
#5923 = EDGE_CURVE('',#5924,#5891,#5926,.T.);
#5924 = VERTEX_POINT('',#5925);
#5925 = CARTESIAN_POINT('',(0.525,-1.379999999999,1.271774600533));
#5926 = LINE('',#5927,#5928);
#5927 = CARTESIAN_POINT('',(0.525,-1.379999999999,1.271774600533));
#5928 = VECTOR('',#5929,1.);
#5929 = DIRECTION('',(0.,6.359154694171E-16,1.));
#5930 = ORIENTED_EDGE('',*,*,#5909,.F.);
#5931 = ORIENTED_EDGE('',*,*,#5932,.F.);
#5932 = EDGE_CURVE('',#5933,#5901,#5935,.T.);
#5933 = VERTEX_POINT('',#5934);
#5934 = CARTESIAN_POINT('',(0.275,-1.379999999999,1.271774600533));
#5935 = LINE('',#5936,#5937);
#5936 = CARTESIAN_POINT('',(0.275,-1.379999999999,1.271774600533));
#5937 = VECTOR('',#5938,1.);
#5938 = DIRECTION('',(0.,6.359154694171E-16,1.));
#5939 = ORIENTED_EDGE('',*,*,#5940,.T.);
#5940 = EDGE_CURVE('',#5933,#5924,#5941,.T.);
#5941 = LINE('',#5942,#5943);
#5942 = CARTESIAN_POINT('',(0.275,-1.379999999999,1.271774600533));
#5943 = VECTOR('',#5944,1.);
#5944 = DIRECTION('',(1.,0.,0.));
#5945 = PLANE('',#5946);
#5946 = AXIS2_PLACEMENT_3D('',#5947,#5948,#5949);
#5947 = CARTESIAN_POINT('',(0.275,-1.379999999999,1.271774600533));
#5948 = DIRECTION('',(0.,-1.,6.359154694171E-16));
#5949 = DIRECTION('',(0.,6.359154694171E-16,1.));
#5950 = ADVANCED_FACE('',(#5951),#5978,.F.);
#5951 = FACE_BOUND('',#5952,.F.);
#5952 = EDGE_LOOP('',(#5953,#5963,#5970,#5971));
#5953 = ORIENTED_EDGE('',*,*,#5954,.F.);
#5954 = EDGE_CURVE('',#5955,#5957,#5959,.T.);
#5955 = VERTEX_POINT('',#5956);
#5956 = CARTESIAN_POINT('',(0.275,-1.388557566296,1.243800957783));
#5957 = VERTEX_POINT('',#5958);
#5958 = CARTESIAN_POINT('',(0.525,-1.388557566296,1.243800957783));
#5959 = LINE('',#5960,#5961);
#5960 = CARTESIAN_POINT('',(0.275,-1.388557566296,1.243800957783));
#5961 = VECTOR('',#5962,1.);
#5962 = DIRECTION('',(1.,0.,0.));
#5963 = ORIENTED_EDGE('',*,*,#5964,.T.);
#5964 = EDGE_CURVE('',#5955,#5933,#5965,.T.);
#5965 = CIRCLE('',#5966,4.9999999999E-02);
#5966 = AXIS2_PLACEMENT_3D('',#5967,#5968,#5969);
#5967 = CARTESIAN_POINT('',(0.275,-1.429999999999,1.271774600533));
#5968 = DIRECTION('',(1.,0.,-0.));
#5969 = DIRECTION('',(0.,0.,1.));
#5970 = ORIENTED_EDGE('',*,*,#5940,.T.);
#5971 = ORIENTED_EDGE('',*,*,#5972,.F.);
#5972 = EDGE_CURVE('',#5957,#5924,#5973,.T.);
#5973 = CIRCLE('',#5974,4.9999999999E-02);
#5974 = AXIS2_PLACEMENT_3D('',#5975,#5976,#5977);
#5975 = CARTESIAN_POINT('',(0.525,-1.429999999999,1.271774600533));
#5976 = DIRECTION('',(1.,0.,-0.));
#5977 = DIRECTION('',(0.,0.,1.));
#5978 = CYLINDRICAL_SURFACE('',#5979,4.9999999999E-02);
#5979 = AXIS2_PLACEMENT_3D('',#5980,#5981,#5982);
#5980 = CARTESIAN_POINT('',(0.275,-1.429999999999,1.271774600533));
#5981 = DIRECTION('',(1.,0.,0.));
#5982 = DIRECTION('',(0.,0.,-1.));
#5983 = ADVANCED_FACE('',(#5984),#6009,.T.);
#5984 = FACE_BOUND('',#5985,.T.);
#5985 = EDGE_LOOP('',(#5986,#5994,#5995,#6003));
#5986 = ORIENTED_EDGE('',*,*,#5987,.T.);
#5987 = EDGE_CURVE('',#5988,#5957,#5990,.T.);
#5988 = VERTEX_POINT('',#5989);
#5989 = CARTESIAN_POINT('',(0.525,-1.555866770741,0.995935469716));
#5990 = LINE('',#5991,#5992);
#5991 = CARTESIAN_POINT('',(0.525,-1.555866770741,0.995935469716));
#5992 = VECTOR('',#5993,1.);
#5993 = DIRECTION('',(0.,0.559472855001,0.828848674075));
#5994 = ORIENTED_EDGE('',*,*,#5954,.F.);
#5995 = ORIENTED_EDGE('',*,*,#5996,.F.);
#5996 = EDGE_CURVE('',#5997,#5955,#5999,.T.);
#5997 = VERTEX_POINT('',#5998);
#5998 = CARTESIAN_POINT('',(0.275,-1.555866770741,0.995935469716));
#5999 = LINE('',#6000,#6001);
#6000 = CARTESIAN_POINT('',(0.275,-1.555866770741,0.995935469716));
#6001 = VECTOR('',#6002,1.);
#6002 = DIRECTION('',(0.,0.559472855001,0.828848674075));
#6003 = ORIENTED_EDGE('',*,*,#6004,.T.);
#6004 = EDGE_CURVE('',#5997,#5988,#6005,.T.);
#6005 = LINE('',#6006,#6007);
#6006 = CARTESIAN_POINT('',(0.275,-1.555866770741,0.995935469716));
#6007 = VECTOR('',#6008,1.);
#6008 = DIRECTION('',(1.,0.,0.));
#6009 = PLANE('',#6010);
#6010 = AXIS2_PLACEMENT_3D('',#6011,#6012,#6013);
#6011 = CARTESIAN_POINT('',(0.275,-1.555866770741,0.995935469716));
#6012 = DIRECTION('',(0.,-0.828848674075,0.559472855001));
#6013 = DIRECTION('',(0.,0.559472855001,0.828848674075));
#6014 = ADVANCED_FACE('',(#6015),#6042,.T.);
#6015 = FACE_BOUND('',#6016,.T.);
#6016 = EDGE_LOOP('',(#6017,#6026,#6027,#6036));
#6017 = ORIENTED_EDGE('',*,*,#6018,.T.);
#6018 = EDGE_CURVE('',#6019,#5988,#6021,.T.);
#6019 = VERTEX_POINT('',#6020);
#6020 = CARTESIAN_POINT('',(0.525,-1.649999999999,0.688225399466));
#6021 = CIRCLE('',#6022,0.55);
#6022 = AXIS2_PLACEMENT_3D('',#6023,#6024,#6025);
#6023 = CARTESIAN_POINT('',(0.525,-1.1,0.688225399466));
#6024 = DIRECTION('',(-1.,0.,0.));
#6025 = DIRECTION('',(0.,-7.096596038086E-15,1.));
#6026 = ORIENTED_EDGE('',*,*,#6004,.F.);
#6027 = ORIENTED_EDGE('',*,*,#6028,.F.);
#6028 = EDGE_CURVE('',#6029,#5997,#6031,.T.);
#6029 = VERTEX_POINT('',#6030);
#6030 = CARTESIAN_POINT('',(0.275,-1.649999999999,0.688225399466));
#6031 = CIRCLE('',#6032,0.55);
#6032 = AXIS2_PLACEMENT_3D('',#6033,#6034,#6035);
#6033 = CARTESIAN_POINT('',(0.275,-1.1,0.688225399466));
#6034 = DIRECTION('',(-1.,0.,0.));
#6035 = DIRECTION('',(0.,-7.096596038086E-15,1.));
#6036 = ORIENTED_EDGE('',*,*,#6037,.T.);
#6037 = EDGE_CURVE('',#6029,#6019,#6038,.T.);
#6038 = LINE('',#6039,#6040);
#6039 = CARTESIAN_POINT('',(0.275,-1.649999999999,0.688225399466));
#6040 = VECTOR('',#6041,1.);
#6041 = DIRECTION('',(1.,0.,0.));
#6042 = CYLINDRICAL_SURFACE('',#6043,0.549999999999);
#6043 = AXIS2_PLACEMENT_3D('',#6044,#6045,#6046);
#6044 = CARTESIAN_POINT('',(0.275,-1.1,0.688225399466));
#6045 = DIRECTION('',(1.,0.,0.));
#6046 = DIRECTION('',(0.,0.,-1.));
#6047 = ADVANCED_FACE('',(#6048),#6073,.T.);
#6048 = FACE_BOUND('',#6049,.T.);
#6049 = EDGE_LOOP('',(#6050,#6058,#6059,#6067));
#6050 = ORIENTED_EDGE('',*,*,#6051,.T.);
#6051 = EDGE_CURVE('',#6052,#6019,#6054,.T.);
#6052 = VERTEX_POINT('',#6053);
#6053 = CARTESIAN_POINT('',(0.525,-1.649999999999,0.23));
#6054 = LINE('',#6055,#6056);
#6055 = CARTESIAN_POINT('',(0.525,-1.649999999999,0.18));
#6056 = VECTOR('',#6057,1.);
#6057 = DIRECTION('',(0.,0.,1.));
#6058 = ORIENTED_EDGE('',*,*,#6037,.F.);
#6059 = ORIENTED_EDGE('',*,*,#6060,.F.);
#6060 = EDGE_CURVE('',#6061,#6029,#6063,.T.);
#6061 = VERTEX_POINT('',#6062);
#6062 = CARTESIAN_POINT('',(0.275,-1.649999999999,0.23));
#6063 = LINE('',#6064,#6065);
#6064 = CARTESIAN_POINT('',(0.275,-1.649999999999,0.18));
#6065 = VECTOR('',#6066,1.);
#6066 = DIRECTION('',(0.,0.,1.));
#6067 = ORIENTED_EDGE('',*,*,#6068,.T.);
#6068 = EDGE_CURVE('',#6061,#6052,#6069,.T.);
#6069 = LINE('',#6070,#6071);
#6070 = CARTESIAN_POINT('',(0.275,-1.649999999999,0.23));
#6071 = VECTOR('',#6072,1.);
#6072 = DIRECTION('',(1.,0.,0.));
#6073 = PLANE('',#6074);
#6074 = AXIS2_PLACEMENT_3D('',#6075,#6076,#6077);
#6075 = CARTESIAN_POINT('',(0.275,-1.649999999999,0.18));
#6076 = DIRECTION('',(0.,-1.,0.));
#6077 = DIRECTION('',(0.,0.,1.));
#6078 = ADVANCED_FACE('',(#6079),#6104,.T.);
#6079 = FACE_BOUND('',#6080,.T.);
#6080 = EDGE_LOOP('',(#6081,#6089,#6090,#6098));
#6081 = ORIENTED_EDGE('',*,*,#6082,.T.);
#6082 = EDGE_CURVE('',#6083,#6052,#6085,.T.);
#6083 = VERTEX_POINT('',#6084);
#6084 = CARTESIAN_POINT('',(0.525,-2.6,0.23));
#6085 = LINE('',#6086,#6087);
#6086 = CARTESIAN_POINT('',(0.525,-2.6,0.23));
#6087 = VECTOR('',#6088,1.);
#6088 = DIRECTION('',(0.,1.,7.453889935837E-17));
#6089 = ORIENTED_EDGE('',*,*,#6068,.F.);
#6090 = ORIENTED_EDGE('',*,*,#6091,.F.);
#6091 = EDGE_CURVE('',#6092,#6061,#6094,.T.);
#6092 = VERTEX_POINT('',#6093);
#6093 = CARTESIAN_POINT('',(0.275,-2.6,0.23));
#6094 = LINE('',#6095,#6096);
#6095 = CARTESIAN_POINT('',(0.275,-2.6,0.23));
#6096 = VECTOR('',#6097,1.);
#6097 = DIRECTION('',(0.,1.,7.453889935837E-17));
#6098 = ORIENTED_EDGE('',*,*,#6099,.T.);
#6099 = EDGE_CURVE('',#6092,#6083,#6100,.T.);
#6100 = LINE('',#6101,#6102);
#6101 = CARTESIAN_POINT('',(0.275,-2.6,0.23));
#6102 = VECTOR('',#6103,1.);
#6103 = DIRECTION('',(1.,0.,0.));
#6104 = PLANE('',#6105);
#6105 = AXIS2_PLACEMENT_3D('',#6106,#6107,#6108);
#6106 = CARTESIAN_POINT('',(0.275,-2.6,0.23));
#6107 = DIRECTION('',(0.,-7.453889935837E-17,1.));
#6108 = DIRECTION('',(0.,1.,7.453889935837E-17));
#6109 = ADVANCED_FACE('',(#6110),#6135,.T.);
#6110 = FACE_BOUND('',#6111,.T.);
#6111 = EDGE_LOOP('',(#6112,#6120,#6121,#6129));
#6112 = ORIENTED_EDGE('',*,*,#6113,.T.);
#6113 = EDGE_CURVE('',#6114,#6083,#6116,.T.);
#6114 = VERTEX_POINT('',#6115);
#6115 = CARTESIAN_POINT('',(0.525,-2.6,-1.9999999999E-02));
#6116 = LINE('',#6117,#6118);
#6117 = CARTESIAN_POINT('',(0.525,-2.6,-1.9999999999E-02));
#6118 = VECTOR('',#6119,1.);
#6119 = DIRECTION('',(0.,0.,1.));
#6120 = ORIENTED_EDGE('',*,*,#6099,.F.);
#6121 = ORIENTED_EDGE('',*,*,#6122,.F.);
#6122 = EDGE_CURVE('',#6123,#6092,#6125,.T.);
#6123 = VERTEX_POINT('',#6124);
#6124 = CARTESIAN_POINT('',(0.275,-2.6,-1.9999999999E-02));
#6125 = LINE('',#6126,#6127);
#6126 = CARTESIAN_POINT('',(0.275,-2.6,-1.9999999999E-02));
#6127 = VECTOR('',#6128,1.);
#6128 = DIRECTION('',(0.,0.,1.));
#6129 = ORIENTED_EDGE('',*,*,#6130,.T.);
#6130 = EDGE_CURVE('',#6123,#6114,#6131,.T.);
#6131 = LINE('',#6132,#6133);
#6132 = CARTESIAN_POINT('',(0.275,-2.6,-1.9999999999E-02));
#6133 = VECTOR('',#6134,1.);
#6134 = DIRECTION('',(1.,0.,0.));
#6135 = PLANE('',#6136);
#6136 = AXIS2_PLACEMENT_3D('',#6137,#6138,#6139);
#6137 = CARTESIAN_POINT('',(0.275,-2.6,-1.9999999999E-02));
#6138 = DIRECTION('',(0.,-1.,0.));
#6139 = DIRECTION('',(0.,0.,1.));
#6140 = ADVANCED_FACE('',(#6141),#6166,.F.);
#6141 = FACE_BOUND('',#6142,.T.);
#6142 = EDGE_LOOP('',(#6143,#6151,#6152,#6160));
#6143 = ORIENTED_EDGE('',*,*,#6144,.F.);
#6144 = EDGE_CURVE('',#6114,#6145,#6147,.T.);
#6145 = VERTEX_POINT('',#6146);
#6146 = CARTESIAN_POINT('',(0.525,-1.6,-1.9999999999E-02));
#6147 = LINE('',#6148,#6149);
#6148 = CARTESIAN_POINT('',(0.525,-2.6,-1.9999999999E-02));
#6149 = VECTOR('',#6150,1.);
#6150 = DIRECTION('',(0.,1.,7.453889935837E-17));
#6151 = ORIENTED_EDGE('',*,*,#6130,.F.);
#6152 = ORIENTED_EDGE('',*,*,#6153,.T.);
#6153 = EDGE_CURVE('',#6123,#6154,#6156,.T.);
#6154 = VERTEX_POINT('',#6155);
#6155 = CARTESIAN_POINT('',(0.275,-1.6,-1.9999999999E-02));
#6156 = LINE('',#6157,#6158);
#6157 = CARTESIAN_POINT('',(0.275,-2.6,-1.9999999999E-02));
#6158 = VECTOR('',#6159,1.);
#6159 = DIRECTION('',(0.,1.,7.453889935837E-17));
#6160 = ORIENTED_EDGE('',*,*,#6161,.T.);
#6161 = EDGE_CURVE('',#6154,#6145,#6162,.T.);
#6162 = LINE('',#6163,#6164);
#6163 = CARTESIAN_POINT('',(0.275,-1.6,-1.9999999999E-02));
#6164 = VECTOR('',#6165,1.);
#6165 = DIRECTION('',(1.,0.,0.));
#6166 = PLANE('',#6167);
#6167 = AXIS2_PLACEMENT_3D('',#6168,#6169,#6170);
#6168 = CARTESIAN_POINT('',(0.275,-2.6,-1.9999999999E-02));
#6169 = DIRECTION('',(0.,-7.453889935837E-17,1.));
#6170 = DIRECTION('',(0.,1.,7.453889935837E-17));
#6171 = ADVANCED_FACE('',(#6172),#6199,.T.);
#6172 = FACE_BOUND('',#6173,.T.);
#6173 = EDGE_LOOP('',(#6174,#6183,#6184,#6193));
#6174 = ORIENTED_EDGE('',*,*,#6175,.F.);
#6175 = EDGE_CURVE('',#6145,#6176,#6178,.T.);
#6176 = VERTEX_POINT('',#6177);
#6177 = CARTESIAN_POINT('',(0.525,-1.399999999999,0.18));
#6178 = CIRCLE('',#6179,0.2);
#6179 = AXIS2_PLACEMENT_3D('',#6180,#6181,#6182);
#6180 = CARTESIAN_POINT('',(0.525,-1.6,0.18));
#6181 = DIRECTION('',(1.,0.,-0.));
#6182 = DIRECTION('',(0.,0.,1.));
#6183 = ORIENTED_EDGE('',*,*,#6161,.F.);
#6184 = ORIENTED_EDGE('',*,*,#6185,.T.);
#6185 = EDGE_CURVE('',#6154,#6186,#6188,.T.);
#6186 = VERTEX_POINT('',#6187);
#6187 = CARTESIAN_POINT('',(0.275,-1.399999999999,0.18));
#6188 = CIRCLE('',#6189,0.2);
#6189 = AXIS2_PLACEMENT_3D('',#6190,#6191,#6192);
#6190 = CARTESIAN_POINT('',(0.275,-1.6,0.18));
#6191 = DIRECTION('',(1.,0.,-0.));
#6192 = DIRECTION('',(0.,0.,1.));
#6193 = ORIENTED_EDGE('',*,*,#6194,.T.);
#6194 = EDGE_CURVE('',#6186,#6176,#6195,.T.);
#6195 = LINE('',#6196,#6197);
#6196 = CARTESIAN_POINT('',(0.275,-1.399999999999,0.18));
#6197 = VECTOR('',#6198,1.);
#6198 = DIRECTION('',(1.,0.,0.));
#6199 = CYLINDRICAL_SURFACE('',#6200,0.2);
#6200 = AXIS2_PLACEMENT_3D('',#6201,#6202,#6203);
#6201 = CARTESIAN_POINT('',(0.275,-1.6,0.18));
#6202 = DIRECTION('',(1.,0.,0.));
#6203 = DIRECTION('',(0.,0.,-1.));
#6204 = ADVANCED_FACE('',(#6205),#6230,.F.);
#6205 = FACE_BOUND('',#6206,.T.);
#6206 = EDGE_LOOP('',(#6207,#6215,#6216,#6224));
#6207 = ORIENTED_EDGE('',*,*,#6208,.F.);
#6208 = EDGE_CURVE('',#6176,#6209,#6211,.T.);
#6209 = VERTEX_POINT('',#6210);
#6210 = CARTESIAN_POINT('',(0.525,-1.399999999999,0.688225399466));
#6211 = LINE('',#6212,#6213);
#6212 = CARTESIAN_POINT('',(0.525,-1.399999999999,0.18));
#6213 = VECTOR('',#6214,1.);
#6214 = DIRECTION('',(0.,0.,1.));
#6215 = ORIENTED_EDGE('',*,*,#6194,.F.);
#6216 = ORIENTED_EDGE('',*,*,#6217,.T.);
#6217 = EDGE_CURVE('',#6186,#6218,#6220,.T.);
#6218 = VERTEX_POINT('',#6219);
#6219 = CARTESIAN_POINT('',(0.275,-1.399999999999,0.688225399466));
#6220 = LINE('',#6221,#6222);
#6221 = CARTESIAN_POINT('',(0.275,-1.399999999999,0.18));
#6222 = VECTOR('',#6223,1.);
#6223 = DIRECTION('',(0.,0.,1.));
#6224 = ORIENTED_EDGE('',*,*,#6225,.T.);
#6225 = EDGE_CURVE('',#6218,#6209,#6226,.T.);
#6226 = LINE('',#6227,#6228);
#6227 = CARTESIAN_POINT('',(0.275,-1.399999999999,0.688225399466));
#6228 = VECTOR('',#6229,1.);
#6229 = DIRECTION('',(1.,0.,0.));
#6230 = PLANE('',#6231);
#6231 = AXIS2_PLACEMENT_3D('',#6232,#6233,#6234);
#6232 = CARTESIAN_POINT('',(0.275,-1.399999999999,0.18));
#6233 = DIRECTION('',(0.,-1.,0.));
#6234 = DIRECTION('',(0.,0.,1.));
#6235 = ADVANCED_FACE('',(#6236),#6263,.F.);
#6236 = FACE_BOUND('',#6237,.F.);
#6237 = EDGE_LOOP('',(#6238,#6248,#6255,#6256));
#6238 = ORIENTED_EDGE('',*,*,#6239,.F.);
#6239 = EDGE_CURVE('',#6240,#6242,#6244,.T.);
#6240 = VERTEX_POINT('',#6241);
#6241 = CARTESIAN_POINT('',(0.275,-1.348654602222,0.856067255966));
#6242 = VERTEX_POINT('',#6243);
#6243 = CARTESIAN_POINT('',(0.525,-1.348654602222,0.856067255966));
#6244 = LINE('',#6245,#6246);
#6245 = CARTESIAN_POINT('',(0.275,-1.348654602222,0.856067255966));
#6246 = VECTOR('',#6247,1.);
#6247 = DIRECTION('',(1.,0.,0.));
#6248 = ORIENTED_EDGE('',*,*,#6249,.F.);
#6249 = EDGE_CURVE('',#6218,#6240,#6250,.T.);
#6250 = CIRCLE('',#6251,0.299999999999);
#6251 = AXIS2_PLACEMENT_3D('',#6252,#6253,#6254);
#6252 = CARTESIAN_POINT('',(0.275,-1.1,0.688225399466));
#6253 = DIRECTION('',(-1.,0.,0.));
#6254 = DIRECTION('',(0.,0.,-1.));
#6255 = ORIENTED_EDGE('',*,*,#6225,.T.);
#6256 = ORIENTED_EDGE('',*,*,#6257,.T.);
#6257 = EDGE_CURVE('',#6209,#6242,#6258,.T.);
#6258 = CIRCLE('',#6259,0.299999999999);
#6259 = AXIS2_PLACEMENT_3D('',#6260,#6261,#6262);
#6260 = CARTESIAN_POINT('',(0.525,-1.1,0.688225399466));
#6261 = DIRECTION('',(-1.,0.,0.));
#6262 = DIRECTION('',(0.,0.,-1.));
#6263 = CYLINDRICAL_SURFACE('',#6264,0.299999999999);
#6264 = AXIS2_PLACEMENT_3D('',#6265,#6266,#6267);
#6265 = CARTESIAN_POINT('',(0.275,-1.1,0.688225399466));
#6266 = DIRECTION('',(1.,0.,0.));
#6267 = DIRECTION('',(0.,0.,-1.));
#6268 = ADVANCED_FACE('',(#6269),#6294,.F.);
#6269 = FACE_BOUND('',#6270,.T.);
#6270 = EDGE_LOOP('',(#6271,#6279,#6280,#6288));
#6271 = ORIENTED_EDGE('',*,*,#6272,.F.);
#6272 = EDGE_CURVE('',#6242,#6273,#6275,.T.);
#6273 = VERTEX_POINT('',#6274);
#6274 = CARTESIAN_POINT('',(0.525,-1.181345397777,1.103932744033));
#6275 = LINE('',#6276,#6277);
#6276 = CARTESIAN_POINT('',(0.525,-1.348654602222,0.856067255966));
#6277 = VECTOR('',#6278,1.);
#6278 = DIRECTION('',(0.,0.559472855001,0.828848674075));
#6279 = ORIENTED_EDGE('',*,*,#6239,.F.);
#6280 = ORIENTED_EDGE('',*,*,#6281,.T.);
#6281 = EDGE_CURVE('',#6240,#6282,#6284,.T.);
#6282 = VERTEX_POINT('',#6283);
#6283 = CARTESIAN_POINT('',(0.275,-1.181345397777,1.103932744033));
#6284 = LINE('',#6285,#6286);
#6285 = CARTESIAN_POINT('',(0.275,-1.348654602222,0.856067255966));
#6286 = VECTOR('',#6287,1.);
#6287 = DIRECTION('',(0.,0.559472855001,0.828848674075));
#6288 = ORIENTED_EDGE('',*,*,#6289,.T.);
#6289 = EDGE_CURVE('',#6282,#6273,#6290,.T.);
#6290 = LINE('',#6291,#6292);
#6291 = CARTESIAN_POINT('',(0.275,-1.181345397777,1.103932744033));
#6292 = VECTOR('',#6293,1.);
#6293 = DIRECTION('',(1.,0.,0.));
#6294 = PLANE('',#6295);
#6295 = AXIS2_PLACEMENT_3D('',#6296,#6297,#6298);
#6296 = CARTESIAN_POINT('',(0.275,-1.348654602222,0.856067255966));
#6297 = DIRECTION('',(0.,-0.828848674075,0.559472855001));
#6298 = DIRECTION('',(0.,0.559472855001,0.828848674075));
#6299 = ADVANCED_FACE('',(#6300),#6327,.T.);
#6300 = FACE_BOUND('',#6301,.T.);
#6301 = EDGE_LOOP('',(#6302,#6311,#6312,#6321));
#6302 = ORIENTED_EDGE('',*,*,#6303,.F.);
#6303 = EDGE_CURVE('',#6273,#6304,#6306,.T.);
#6304 = VERTEX_POINT('',#6305);
#6305 = CARTESIAN_POINT('',(0.525,-1.129999999999,1.271774600533));
#6306 = CIRCLE('',#6307,0.299999999999);
#6307 = AXIS2_PLACEMENT_3D('',#6308,#6309,#6310);
#6308 = CARTESIAN_POINT('',(0.525,-1.429999999999,1.271774600533));
#6309 = DIRECTION('',(1.,0.,-0.));
#6310 = DIRECTION('',(0.,0.,1.));
#6311 = ORIENTED_EDGE('',*,*,#6289,.F.);
#6312 = ORIENTED_EDGE('',*,*,#6313,.T.);
#6313 = EDGE_CURVE('',#6282,#6314,#6316,.T.);
#6314 = VERTEX_POINT('',#6315);
#6315 = CARTESIAN_POINT('',(0.275,-1.129999999999,1.271774600533));
#6316 = CIRCLE('',#6317,0.299999999999);
#6317 = AXIS2_PLACEMENT_3D('',#6318,#6319,#6320);
#6318 = CARTESIAN_POINT('',(0.275,-1.429999999999,1.271774600533));
#6319 = DIRECTION('',(1.,0.,-0.));
#6320 = DIRECTION('',(0.,0.,1.));
#6321 = ORIENTED_EDGE('',*,*,#6322,.T.);
#6322 = EDGE_CURVE('',#6314,#6304,#6323,.T.);
#6323 = LINE('',#6324,#6325);
#6324 = CARTESIAN_POINT('',(0.275,-1.129999999999,1.271774600533));
#6325 = VECTOR('',#6326,1.);
#6326 = DIRECTION('',(1.,0.,0.));
#6327 = CYLINDRICAL_SURFACE('',#6328,0.299999999999);
#6328 = AXIS2_PLACEMENT_3D('',#6329,#6330,#6331);
#6329 = CARTESIAN_POINT('',(0.275,-1.429999999999,1.271774600533));
#6330 = DIRECTION('',(1.,0.,0.));
#6331 = DIRECTION('',(0.,0.,-1.));
#6332 = ADVANCED_FACE('',(#6333),#6358,.F.);
#6333 = FACE_BOUND('',#6334,.T.);
#6334 = EDGE_LOOP('',(#6335,#6343,#6344,#6352));
#6335 = ORIENTED_EDGE('',*,*,#6336,.F.);
#6336 = EDGE_CURVE('',#6304,#6337,#6339,.T.);
#6337 = VERTEX_POINT('',#6338);
#6338 = CARTESIAN_POINT('',(0.525,-1.129999999999,1.953753400942));
#6339 = LINE('',#6340,#6341);
#6340 = CARTESIAN_POINT('',(0.525,-1.129999999999,1.271774600533));
#6341 = VECTOR('',#6342,1.);
#6342 = DIRECTION('',(0.,6.359154694171E-16,1.));
#6343 = ORIENTED_EDGE('',*,*,#6322,.F.);
#6344 = ORIENTED_EDGE('',*,*,#6345,.T.);
#6345 = EDGE_CURVE('',#6314,#6346,#6348,.T.);
#6346 = VERTEX_POINT('',#6347);
#6347 = CARTESIAN_POINT('',(0.275,-1.129999999999,1.953753400942));
#6348 = LINE('',#6349,#6350);
#6349 = CARTESIAN_POINT('',(0.275,-1.129999999999,1.271774600533));
#6350 = VECTOR('',#6351,1.);
#6351 = DIRECTION('',(0.,6.359154694171E-16,1.));
#6352 = ORIENTED_EDGE('',*,*,#6353,.T.);
#6353 = EDGE_CURVE('',#6346,#6337,#6354,.T.);
#6354 = LINE('',#6355,#6356);
#6355 = CARTESIAN_POINT('',(0.275,-1.129999999999,1.953753400942));
#6356 = VECTOR('',#6357,1.);
#6357 = DIRECTION('',(1.,0.,0.));
#6358 = PLANE('',#6359);
#6359 = AXIS2_PLACEMENT_3D('',#6360,#6361,#6362);
#6360 = CARTESIAN_POINT('',(0.275,-1.129999999999,1.271774600533));
#6361 = DIRECTION('',(0.,-1.,6.359154694171E-16));
#6362 = DIRECTION('',(0.,6.359154694171E-16,1.));
#6363 = ADVANCED_FACE('',(#6364),#6382,.F.);
#6364 = FACE_BOUND('',#6365,.F.);
#6365 = EDGE_LOOP('',(#6366,#6367,#6374,#6375));
#6366 = ORIENTED_EDGE('',*,*,#5806,.F.);
#6367 = ORIENTED_EDGE('',*,*,#6368,.F.);
#6368 = EDGE_CURVE('',#6346,#5807,#6369,.T.);
#6369 = CIRCLE('',#6370,0.299999999999);
#6370 = AXIS2_PLACEMENT_3D('',#6371,#6372,#6373);
#6371 = CARTESIAN_POINT('',(0.275,-0.829999999999,1.953753400942));
#6372 = DIRECTION('',(-1.,0.,0.));
#6373 = DIRECTION('',(0.,0.,-1.));
#6374 = ORIENTED_EDGE('',*,*,#6353,.T.);
#6375 = ORIENTED_EDGE('',*,*,#6376,.T.);
#6376 = EDGE_CURVE('',#6337,#5799,#6377,.T.);
#6377 = CIRCLE('',#6378,0.299999999999);
#6378 = AXIS2_PLACEMENT_3D('',#6379,#6380,#6381);
#6379 = CARTESIAN_POINT('',(0.525,-0.829999999999,1.953753400942));
#6380 = DIRECTION('',(-1.,0.,0.));
#6381 = DIRECTION('',(0.,0.,-1.));
#6382 = CYLINDRICAL_SURFACE('',#6383,0.299999999999);
#6383 = AXIS2_PLACEMENT_3D('',#6384,#6385,#6386);
#6384 = CARTESIAN_POINT('',(0.275,-0.829999999999,1.953753400942));
#6385 = DIRECTION('',(1.,0.,0.));
#6386 = DIRECTION('',(0.,0.,-1.));
#6387 = ADVANCED_FACE('',(#6388),#6410,.T.);
#6388 = FACE_BOUND('',#6389,.T.);
#6389 = EDGE_LOOP('',(#6390,#6391,#6392,#6393,#6394,#6395,#6396,#6397,
    #6398,#6399,#6400,#6401,#6402,#6403,#6404,#6405,#6406,#6407,#6408,
    #6409));
#6390 = ORIENTED_EDGE('',*,*,#5837,.T.);
#6391 = ORIENTED_EDGE('',*,*,#3605,.T.);
#6392 = ORIENTED_EDGE('',*,*,#5814,.F.);
#6393 = ORIENTED_EDGE('',*,*,#6368,.F.);
#6394 = ORIENTED_EDGE('',*,*,#6345,.F.);
#6395 = ORIENTED_EDGE('',*,*,#6313,.F.);
#6396 = ORIENTED_EDGE('',*,*,#6281,.F.);
#6397 = ORIENTED_EDGE('',*,*,#6249,.F.);
#6398 = ORIENTED_EDGE('',*,*,#6217,.F.);
#6399 = ORIENTED_EDGE('',*,*,#6185,.F.);
#6400 = ORIENTED_EDGE('',*,*,#6153,.F.);
#6401 = ORIENTED_EDGE('',*,*,#6122,.T.);
#6402 = ORIENTED_EDGE('',*,*,#6091,.T.);
#6403 = ORIENTED_EDGE('',*,*,#6060,.T.);
#6404 = ORIENTED_EDGE('',*,*,#6028,.T.);
#6405 = ORIENTED_EDGE('',*,*,#5996,.T.);
#6406 = ORIENTED_EDGE('',*,*,#5964,.T.);
#6407 = ORIENTED_EDGE('',*,*,#5932,.T.);
#6408 = ORIENTED_EDGE('',*,*,#5900,.T.);
#6409 = ORIENTED_EDGE('',*,*,#5868,.T.);
#6410 = PLANE('',#6411);
#6411 = AXIS2_PLACEMENT_3D('',#6412,#6413,#6414);
#6412 = CARTESIAN_POINT('',(0.275,-0.829999999999,1.953753400942));
#6413 = DIRECTION('',(-1.,0.,0.));
#6414 = DIRECTION('',(0.,0.,1.));
#6415 = ADVANCED_FACE('',(#6416),#6438,.F.);
#6416 = FACE_BOUND('',#6417,.T.);
#6417 = EDGE_LOOP('',(#6418,#6419,#6420,#6421,#6422,#6423,#6424,#6425,
    #6426,#6427,#6428,#6429,#6430,#6431,#6432,#6433,#6434,#6435,#6436,
    #6437));
#6418 = ORIENTED_EDGE('',*,*,#3623,.F.);
#6419 = ORIENTED_EDGE('',*,*,#5828,.F.);
#6420 = ORIENTED_EDGE('',*,*,#5859,.F.);
#6421 = ORIENTED_EDGE('',*,*,#5890,.F.);
#6422 = ORIENTED_EDGE('',*,*,#5923,.F.);
#6423 = ORIENTED_EDGE('',*,*,#5972,.F.);
#6424 = ORIENTED_EDGE('',*,*,#5987,.F.);
#6425 = ORIENTED_EDGE('',*,*,#6018,.F.);
#6426 = ORIENTED_EDGE('',*,*,#6051,.F.);
#6427 = ORIENTED_EDGE('',*,*,#6082,.F.);
#6428 = ORIENTED_EDGE('',*,*,#6113,.F.);
#6429 = ORIENTED_EDGE('',*,*,#6144,.T.);
#6430 = ORIENTED_EDGE('',*,*,#6175,.T.);
#6431 = ORIENTED_EDGE('',*,*,#6208,.T.);
#6432 = ORIENTED_EDGE('',*,*,#6257,.T.);
#6433 = ORIENTED_EDGE('',*,*,#6272,.T.);
#6434 = ORIENTED_EDGE('',*,*,#6303,.T.);
#6435 = ORIENTED_EDGE('',*,*,#6336,.T.);
#6436 = ORIENTED_EDGE('',*,*,#6376,.T.);
#6437 = ORIENTED_EDGE('',*,*,#5798,.T.);
#6438 = PLANE('',#6439);
#6439 = AXIS2_PLACEMENT_3D('',#6440,#6441,#6442);
#6440 = CARTESIAN_POINT('',(0.525,-0.829999999999,1.953753400942));
#6441 = DIRECTION('',(-1.,0.,0.));
#6442 = DIRECTION('',(0.,0.,1.));
#6443 = ( GEOMETRIC_REPRESENTATION_CONTEXT(3) 
GLOBAL_UNCERTAINTY_ASSIGNED_CONTEXT((#6447)) 
GLOBAL_UNIT_ASSIGNED_CONTEXT((#6444,#6445,#6446)) REPRESENTATION_CONTEXT
('Context #1','3D Context with UNIT and UNCERTAINTY') );
#6444 = ( LENGTH_UNIT() NAMED_UNIT(*) SI_UNIT(.MILLI.,.METRE.) );
#6445 = ( NAMED_UNIT(*) PLANE_ANGLE_UNIT() SI_UNIT($,.RADIAN.) );
#6446 = ( NAMED_UNIT(*) SI_UNIT($,.STERADIAN.) SOLID_ANGLE_UNIT() );
#6447 = UNCERTAINTY_MEASURE_WITH_UNIT(LENGTH_MEASURE(1.E-07),#6444,
  'distance_accuracy_value','confusion accuracy');
#6448 = CONTEXT_DEPENDENT_SHAPE_REPRESENTATION(#6449,#6451);
#6449 = ( REPRESENTATION_RELATIONSHIP('','',#88,#10) 
REPRESENTATION_RELATIONSHIP_WITH_TRANSFORMATION(#6450) 
SHAPE_REPRESENTATION_RELATIONSHIP() );
#6450 = ITEM_DEFINED_TRANSFORMATION('','',#11,#15);
#6451 = PRODUCT_DEFINITION_SHAPE('Placement','Placement of an item',
  #6452);
#6452 = NEXT_ASSEMBLY_USAGE_OCCURRENCE('1','Shell','',#5,#83,$);
#6453 = PRODUCT_RELATED_PRODUCT_CATEGORY('part',$,(#85));
#6454 = SHAPE_DEFINITION_REPRESENTATION(#6455,#6461);
#6455 = PRODUCT_DEFINITION_SHAPE('','',#6456);
#6456 = PRODUCT_DEFINITION('design','',#6457,#6460);
#6457 = PRODUCT_DEFINITION_FORMATION('','',#6458);
#6458 = PRODUCT(
'CONN-SMD_HC-PBB08-2-08-M-H1.0-G1-R-P-04_1~CONN-SMD_
HC-PBB08-2-08-M-H1.0-G1-R-P-04_1~bmqH',
'CONN-SMD_HC-PBB08-2-08-M-H1.0-G1-R-P-04_1~CONN-SMD_
HC-PBB08-2-08-M-H1.0-G1-R-P-04_1~bmqH','',(#6459));
#6459 = PRODUCT_CONTEXT('',#2,'mechanical');
#6460 = PRODUCT_DEFINITION_CONTEXT('part definition',#2,'design');
#6461 = ADVANCED_BREP_SHAPE_REPRESENTATION('',(#11,#6462),#7121);
#6462 = MANIFOLD_SOLID_BREP('',#6463);
#6463 = CLOSED_SHELL('',(#6464,#6504,#6535,#6566,#6599,#6630,#6663,#6694
    ,#6727,#6758,#6789,#6820,#6851,#6884,#6915,#6948,#6979,#7012,#7043,
    #7067,#7094));
#6464 = ADVANCED_FACE('',(#6465),#6499,.F.);
#6465 = FACE_BOUND('',#6466,.T.);
#6466 = EDGE_LOOP('',(#6467,#6477,#6485,#6493));
#6467 = ORIENTED_EDGE('',*,*,#6468,.T.);
#6468 = EDGE_CURVE('',#6469,#6471,#6473,.T.);
#6469 = VERTEX_POINT('',#6470);
#6470 = CARTESIAN_POINT('',(-1.074999999999,1.125442325903,
    2.005847854242));
#6471 = VERTEX_POINT('',#6472);
#6472 = CARTESIAN_POINT('',(-1.074999999999,1.077905546699,
    2.275442325903));
#6473 = LINE('',#6474,#6475);
#6474 = CARTESIAN_POINT('',(-1.074999999999,1.125442325903,
    2.005847854242));
#6475 = VECTOR('',#6476,1.);
#6476 = DIRECTION('',(0.,-0.173648177666,0.984807753012));
#6477 = ORIENTED_EDGE('',*,*,#6478,.F.);
#6478 = EDGE_CURVE('',#6479,#6471,#6481,.T.);
#6479 = VERTEX_POINT('',#6480);
#6480 = CARTESIAN_POINT('',(-1.324999999999,1.077905546699,
    2.275442325903));
#6481 = LINE('',#6482,#6483);
#6482 = CARTESIAN_POINT('',(-1.324999999999,1.077905546699,
    2.275442325903));
#6483 = VECTOR('',#6484,1.);
#6484 = DIRECTION('',(1.,0.,0.));
#6485 = ORIENTED_EDGE('',*,*,#6486,.F.);
#6486 = EDGE_CURVE('',#6487,#6479,#6489,.T.);
#6487 = VERTEX_POINT('',#6488);
#6488 = CARTESIAN_POINT('',(-1.324999999999,1.125442325903,
    2.005847854242));
#6489 = LINE('',#6490,#6491);
#6490 = CARTESIAN_POINT('',(-1.324999999999,1.125442325903,
    2.005847854242));
#6491 = VECTOR('',#6492,1.);
#6492 = DIRECTION('',(0.,-0.173648177666,0.984807753012));
#6493 = ORIENTED_EDGE('',*,*,#6494,.T.);
#6494 = EDGE_CURVE('',#6487,#6469,#6495,.T.);
#6495 = LINE('',#6496,#6497);
#6496 = CARTESIAN_POINT('',(-1.324999999999,1.125442325903,
    2.005847854242));
#6497 = VECTOR('',#6498,1.);
#6498 = DIRECTION('',(1.,0.,0.));
#6499 = PLANE('',#6500);
#6500 = AXIS2_PLACEMENT_3D('',#6501,#6502,#6503);
#6501 = CARTESIAN_POINT('',(-1.324999999999,1.125442325903,
    2.005847854242));
#6502 = DIRECTION('',(0.,0.984807753012,0.173648177666));
#6503 = DIRECTION('',(0.,-0.173648177666,0.984807753012));
#6504 = ADVANCED_FACE('',(#6505),#6530,.T.);
#6505 = FACE_BOUND('',#6506,.T.);
#6506 = EDGE_LOOP('',(#6507,#6515,#6523,#6529));
#6507 = ORIENTED_EDGE('',*,*,#6508,.F.);
#6508 = EDGE_CURVE('',#6509,#6471,#6511,.T.);
#6509 = VERTEX_POINT('',#6510);
#6510 = CARTESIAN_POINT('',(-1.074999999999,1.324107484952,2.31885437032
    ));
#6511 = LINE('',#6512,#6513);
#6512 = CARTESIAN_POINT('',(-1.074999999999,1.324107484952,2.31885437032
    ));
#6513 = VECTOR('',#6514,1.);
#6514 = DIRECTION('',(0.,-0.984807753012,-0.173648177666));
#6515 = ORIENTED_EDGE('',*,*,#6516,.F.);
#6516 = EDGE_CURVE('',#6517,#6509,#6519,.T.);
#6517 = VERTEX_POINT('',#6518);
#6518 = CARTESIAN_POINT('',(-1.324999999999,1.324107484952,2.31885437032
    ));
#6519 = LINE('',#6520,#6521);
#6520 = CARTESIAN_POINT('',(-1.324999999999,1.324107484952,2.31885437032
    ));
#6521 = VECTOR('',#6522,1.);
#6522 = DIRECTION('',(1.,0.,0.));
#6523 = ORIENTED_EDGE('',*,*,#6524,.T.);
#6524 = EDGE_CURVE('',#6517,#6479,#6525,.T.);
#6525 = LINE('',#6526,#6527);
#6526 = CARTESIAN_POINT('',(-1.324999999999,1.324107484952,2.31885437032
    ));
#6527 = VECTOR('',#6528,1.);
#6528 = DIRECTION('',(0.,-0.984807753012,-0.173648177666));
#6529 = ORIENTED_EDGE('',*,*,#6478,.T.);
#6530 = PLANE('',#6531);
#6531 = AXIS2_PLACEMENT_3D('',#6532,#6533,#6534);
#6532 = CARTESIAN_POINT('',(-1.324999999999,1.324107484952,2.31885437032
    ));
#6533 = DIRECTION('',(0.,-0.173648177666,0.984807753012));
#6534 = DIRECTION('',(0.,-0.984807753012,-0.173648177666));
#6535 = ADVANCED_FACE('',(#6536),#6561,.T.);
#6536 = FACE_BOUND('',#6537,.T.);
#6537 = EDGE_LOOP('',(#6538,#6546,#6554,#6560));
#6538 = ORIENTED_EDGE('',*,*,#6539,.F.);
#6539 = EDGE_CURVE('',#6540,#6509,#6542,.T.);
#6540 = VERTEX_POINT('',#6541);
#6541 = CARTESIAN_POINT('',(-1.074999999999,1.371644264156,
    2.049259898659));
#6542 = LINE('',#6543,#6544);
#6543 = CARTESIAN_POINT('',(-1.074999999999,1.371644264156,
    2.049259898659));
#6544 = VECTOR('',#6545,1.);
#6545 = DIRECTION('',(0.,-0.173648177666,0.984807753012));
#6546 = ORIENTED_EDGE('',*,*,#6547,.F.);
#6547 = EDGE_CURVE('',#6548,#6540,#6550,.T.);
#6548 = VERTEX_POINT('',#6549);
#6549 = CARTESIAN_POINT('',(-1.324999999999,1.371644264156,
    2.049259898659));
#6550 = LINE('',#6551,#6552);
#6551 = CARTESIAN_POINT('',(-1.324999999999,1.371644264156,
    2.049259898659));
#6552 = VECTOR('',#6553,1.);
#6553 = DIRECTION('',(1.,0.,0.));
#6554 = ORIENTED_EDGE('',*,*,#6555,.T.);
#6555 = EDGE_CURVE('',#6548,#6517,#6556,.T.);
#6556 = LINE('',#6557,#6558);
#6557 = CARTESIAN_POINT('',(-1.324999999999,1.371644264156,
    2.049259898659));
#6558 = VECTOR('',#6559,1.);
#6559 = DIRECTION('',(0.,-0.173648177666,0.984807753012));
#6560 = ORIENTED_EDGE('',*,*,#6516,.T.);
#6561 = PLANE('',#6562);
#6562 = AXIS2_PLACEMENT_3D('',#6563,#6564,#6565);
#6563 = CARTESIAN_POINT('',(-1.324999999999,1.371644264156,
    2.049259898659));
#6564 = DIRECTION('',(0.,0.984807753012,0.173648177666));
#6565 = DIRECTION('',(0.,-0.173648177666,0.984807753012));
#6566 = ADVANCED_FACE('',(#6567),#6594,.T.);
#6567 = FACE_BOUND('',#6568,.T.);
#6568 = EDGE_LOOP('',(#6569,#6578,#6586,#6593));
#6569 = ORIENTED_EDGE('',*,*,#6570,.F.);
#6570 = EDGE_CURVE('',#6571,#6540,#6573,.T.);
#6571 = VERTEX_POINT('',#6572);
#6572 = CARTESIAN_POINT('',(-1.074999999999,1.379999999999,
    1.953753400942));
#6573 = CIRCLE('',#6574,0.549999999999);
#6574 = AXIS2_PLACEMENT_3D('',#6575,#6576,#6577);
#6575 = CARTESIAN_POINT('',(-1.074999999999,0.829999999999,
    1.953753400942));
#6576 = DIRECTION('',(1.,0.,0.));
#6577 = DIRECTION('',(0.,-1.163053239575E-14,1.));
#6578 = ORIENTED_EDGE('',*,*,#6579,.F.);
#6579 = EDGE_CURVE('',#6580,#6571,#6582,.T.);
#6580 = VERTEX_POINT('',#6581);
#6581 = CARTESIAN_POINT('',(-1.324999999999,1.379999999999,
    1.953753400942));
#6582 = LINE('',#6583,#6584);
#6583 = CARTESIAN_POINT('',(-1.324999999999,1.379999999999,
    1.953753400942));
#6584 = VECTOR('',#6585,1.);
#6585 = DIRECTION('',(1.,0.,0.));
#6586 = ORIENTED_EDGE('',*,*,#6587,.T.);
#6587 = EDGE_CURVE('',#6580,#6548,#6588,.T.);
#6588 = CIRCLE('',#6589,0.549999999999);
#6589 = AXIS2_PLACEMENT_3D('',#6590,#6591,#6592);
#6590 = CARTESIAN_POINT('',(-1.324999999999,0.829999999999,
    1.953753400942));
#6591 = DIRECTION('',(1.,0.,0.));
#6592 = DIRECTION('',(0.,-1.163053239575E-14,1.));
#6593 = ORIENTED_EDGE('',*,*,#6547,.T.);
#6594 = CYLINDRICAL_SURFACE('',#6595,0.549999999999);
#6595 = AXIS2_PLACEMENT_3D('',#6596,#6597,#6598);
#6596 = CARTESIAN_POINT('',(-1.324999999999,0.829999999999,
    1.953753400942));
#6597 = DIRECTION('',(1.,0.,0.));
#6598 = DIRECTION('',(0.,0.,-1.));
#6599 = ADVANCED_FACE('',(#6600),#6625,.T.);
#6600 = FACE_BOUND('',#6601,.T.);
#6601 = EDGE_LOOP('',(#6602,#6610,#6618,#6624));
#6602 = ORIENTED_EDGE('',*,*,#6603,.F.);
#6603 = EDGE_CURVE('',#6604,#6571,#6606,.T.);
#6604 = VERTEX_POINT('',#6605);
#6605 = CARTESIAN_POINT('',(-1.074999999999,1.379999999999,
    1.271774600533));
#6606 = LINE('',#6607,#6608);
#6607 = CARTESIAN_POINT('',(-1.074999999999,1.379999999999,
    1.271774600533));
#6608 = VECTOR('',#6609,1.);
#6609 = DIRECTION('',(0.,-6.359154694171E-16,1.));
#6610 = ORIENTED_EDGE('',*,*,#6611,.F.);
#6611 = EDGE_CURVE('',#6612,#6604,#6614,.T.);
#6612 = VERTEX_POINT('',#6613);
#6613 = CARTESIAN_POINT('',(-1.324999999999,1.379999999999,
    1.271774600533));
#6614 = LINE('',#6615,#6616);
#6615 = CARTESIAN_POINT('',(-1.324999999999,1.379999999999,
    1.271774600533));
#6616 = VECTOR('',#6617,1.);
#6617 = DIRECTION('',(1.,0.,0.));
#6618 = ORIENTED_EDGE('',*,*,#6619,.T.);
#6619 = EDGE_CURVE('',#6612,#6580,#6620,.T.);
#6620 = LINE('',#6621,#6622);
#6621 = CARTESIAN_POINT('',(-1.324999999999,1.379999999999,
    1.271774600533));
#6622 = VECTOR('',#6623,1.);
#6623 = DIRECTION('',(0.,-6.359154694171E-16,1.));
#6624 = ORIENTED_EDGE('',*,*,#6579,.T.);
#6625 = PLANE('',#6626);
#6626 = AXIS2_PLACEMENT_3D('',#6627,#6628,#6629);
#6627 = CARTESIAN_POINT('',(-1.324999999999,1.379999999999,
    1.271774600533));
#6628 = DIRECTION('',(0.,1.,6.359154694171E-16));
#6629 = DIRECTION('',(0.,-6.359154694171E-16,1.));
#6630 = ADVANCED_FACE('',(#6631),#6658,.F.);
#6631 = FACE_BOUND('',#6632,.F.);
#6632 = EDGE_LOOP('',(#6633,#6634,#6643,#6651));
#6633 = ORIENTED_EDGE('',*,*,#6611,.F.);
#6634 = ORIENTED_EDGE('',*,*,#6635,.F.);
#6635 = EDGE_CURVE('',#6636,#6612,#6638,.T.);
#6636 = VERTEX_POINT('',#6637);
#6637 = CARTESIAN_POINT('',(-1.324999999999,1.388557566296,
    1.243800957783));
#6638 = CIRCLE('',#6639,4.9999999999E-02);
#6639 = AXIS2_PLACEMENT_3D('',#6640,#6641,#6642);
#6640 = CARTESIAN_POINT('',(-1.324999999999,1.429999999999,
    1.271774600533));
#6641 = DIRECTION('',(-1.,0.,0.));
#6642 = DIRECTION('',(0.,0.,1.));
#6643 = ORIENTED_EDGE('',*,*,#6644,.T.);
#6644 = EDGE_CURVE('',#6636,#6645,#6647,.T.);
#6645 = VERTEX_POINT('',#6646);
#6646 = CARTESIAN_POINT('',(-1.074999999999,1.388557566296,
    1.243800957783));
#6647 = LINE('',#6648,#6649);
#6648 = CARTESIAN_POINT('',(-1.324999999999,1.388557566296,
    1.243800957783));
#6649 = VECTOR('',#6650,1.);
#6650 = DIRECTION('',(1.,0.,0.));
#6651 = ORIENTED_EDGE('',*,*,#6652,.T.);
#6652 = EDGE_CURVE('',#6645,#6604,#6653,.T.);
#6653 = CIRCLE('',#6654,4.9999999999E-02);
#6654 = AXIS2_PLACEMENT_3D('',#6655,#6656,#6657);
#6655 = CARTESIAN_POINT('',(-1.074999999999,1.429999999999,
    1.271774600533));
#6656 = DIRECTION('',(-1.,0.,0.));
#6657 = DIRECTION('',(0.,0.,1.));
#6658 = CYLINDRICAL_SURFACE('',#6659,4.9999999999E-02);
#6659 = AXIS2_PLACEMENT_3D('',#6660,#6661,#6662);
#6660 = CARTESIAN_POINT('',(-1.324999999999,1.429999999999,
    1.271774600533));
#6661 = DIRECTION('',(1.,0.,0.));
#6662 = DIRECTION('',(0.,0.,-1.));
#6663 = ADVANCED_FACE('',(#6664),#6689,.T.);
#6664 = FACE_BOUND('',#6665,.T.);
#6665 = EDGE_LOOP('',(#6666,#6674,#6682,#6688));
#6666 = ORIENTED_EDGE('',*,*,#6667,.F.);
#6667 = EDGE_CURVE('',#6668,#6645,#6670,.T.);
#6668 = VERTEX_POINT('',#6669);
#6669 = CARTESIAN_POINT('',(-1.074999999999,1.555866770741,
    0.995935469716));
#6670 = LINE('',#6671,#6672);
#6671 = CARTESIAN_POINT('',(-1.074999999999,1.555866770741,
    0.995935469716));
#6672 = VECTOR('',#6673,1.);
#6673 = DIRECTION('',(0.,-0.559472855001,0.828848674075));
#6674 = ORIENTED_EDGE('',*,*,#6675,.F.);
#6675 = EDGE_CURVE('',#6676,#6668,#6678,.T.);
#6676 = VERTEX_POINT('',#6677);
#6677 = CARTESIAN_POINT('',(-1.324999999999,1.555866770741,
    0.995935469716));
#6678 = LINE('',#6679,#6680);
#6679 = CARTESIAN_POINT('',(-1.324999999999,1.555866770741,
    0.995935469716));
#6680 = VECTOR('',#6681,1.);
#6681 = DIRECTION('',(1.,0.,0.));
#6682 = ORIENTED_EDGE('',*,*,#6683,.T.);
#6683 = EDGE_CURVE('',#6676,#6636,#6684,.T.);
#6684 = LINE('',#6685,#6686);
#6685 = CARTESIAN_POINT('',(-1.324999999999,1.555866770741,
    0.995935469716));
#6686 = VECTOR('',#6687,1.);
#6687 = DIRECTION('',(0.,-0.559472855001,0.828848674075));
#6688 = ORIENTED_EDGE('',*,*,#6644,.T.);
#6689 = PLANE('',#6690);
#6690 = AXIS2_PLACEMENT_3D('',#6691,#6692,#6693);
#6691 = CARTESIAN_POINT('',(-1.324999999999,1.555866770741,
    0.995935469716));
#6692 = DIRECTION('',(0.,0.828848674075,0.559472855001));
#6693 = DIRECTION('',(0.,-0.559472855001,0.828848674075));
#6694 = ADVANCED_FACE('',(#6695),#6722,.T.);
#6695 = FACE_BOUND('',#6696,.T.);
#6696 = EDGE_LOOP('',(#6697,#6706,#6714,#6721));
#6697 = ORIENTED_EDGE('',*,*,#6698,.F.);
#6698 = EDGE_CURVE('',#6699,#6668,#6701,.T.);
#6699 = VERTEX_POINT('',#6700);
#6700 = CARTESIAN_POINT('',(-1.074999999999,1.649999999999,
    0.688225399466));
#6701 = CIRCLE('',#6702,0.55);
#6702 = AXIS2_PLACEMENT_3D('',#6703,#6704,#6705);
#6703 = CARTESIAN_POINT('',(-1.074999999999,1.1,0.688225399466));
#6704 = DIRECTION('',(1.,0.,0.));
#6705 = DIRECTION('',(-0.,7.096596038086E-15,1.));
#6706 = ORIENTED_EDGE('',*,*,#6707,.F.);
#6707 = EDGE_CURVE('',#6708,#6699,#6710,.T.);
#6708 = VERTEX_POINT('',#6709);
#6709 = CARTESIAN_POINT('',(-1.324999999999,1.649999999999,
    0.688225399466));
#6710 = LINE('',#6711,#6712);
#6711 = CARTESIAN_POINT('',(-1.324999999999,1.649999999999,
    0.688225399466));
#6712 = VECTOR('',#6713,1.);
#6713 = DIRECTION('',(1.,0.,0.));
#6714 = ORIENTED_EDGE('',*,*,#6715,.T.);
#6715 = EDGE_CURVE('',#6708,#6676,#6716,.T.);
#6716 = CIRCLE('',#6717,0.55);
#6717 = AXIS2_PLACEMENT_3D('',#6718,#6719,#6720);
#6718 = CARTESIAN_POINT('',(-1.324999999999,1.1,0.688225399466));
#6719 = DIRECTION('',(1.,0.,0.));
#6720 = DIRECTION('',(-0.,7.096596038086E-15,1.));
#6721 = ORIENTED_EDGE('',*,*,#6675,.T.);
#6722 = CYLINDRICAL_SURFACE('',#6723,0.549999999999);
#6723 = AXIS2_PLACEMENT_3D('',#6724,#6725,#6726);
#6724 = CARTESIAN_POINT('',(-1.324999999999,1.1,0.688225399466));
#6725 = DIRECTION('',(1.,0.,0.));
#6726 = DIRECTION('',(0.,0.,-1.));
#6727 = ADVANCED_FACE('',(#6728),#6753,.T.);
#6728 = FACE_BOUND('',#6729,.T.);
#6729 = EDGE_LOOP('',(#6730,#6738,#6746,#6752));
#6730 = ORIENTED_EDGE('',*,*,#6731,.F.);
#6731 = EDGE_CURVE('',#6732,#6699,#6734,.T.);
#6732 = VERTEX_POINT('',#6733);
#6733 = CARTESIAN_POINT('',(-1.074999999999,1.649999999999,0.23));
#6734 = LINE('',#6735,#6736);
#6735 = CARTESIAN_POINT('',(-1.074999999999,1.649999999999,0.18));
#6736 = VECTOR('',#6737,1.);
#6737 = DIRECTION('',(0.,0.,1.));
#6738 = ORIENTED_EDGE('',*,*,#6739,.F.);
#6739 = EDGE_CURVE('',#6740,#6732,#6742,.T.);
#6740 = VERTEX_POINT('',#6741);
#6741 = CARTESIAN_POINT('',(-1.324999999999,1.649999999999,0.23));
#6742 = LINE('',#6743,#6744);
#6743 = CARTESIAN_POINT('',(-1.324999999999,1.649999999999,0.23));
#6744 = VECTOR('',#6745,1.);
#6745 = DIRECTION('',(1.,0.,0.));
#6746 = ORIENTED_EDGE('',*,*,#6747,.T.);
#6747 = EDGE_CURVE('',#6740,#6708,#6748,.T.);
#6748 = LINE('',#6749,#6750);
#6749 = CARTESIAN_POINT('',(-1.324999999999,1.649999999999,0.18));
#6750 = VECTOR('',#6751,1.);
#6751 = DIRECTION('',(0.,0.,1.));
#6752 = ORIENTED_EDGE('',*,*,#6707,.T.);
#6753 = PLANE('',#6754);
#6754 = AXIS2_PLACEMENT_3D('',#6755,#6756,#6757);
#6755 = CARTESIAN_POINT('',(-1.324999999999,1.649999999999,0.18));
#6756 = DIRECTION('',(0.,1.,0.));
#6757 = DIRECTION('',(0.,-0.,1.));
#6758 = ADVANCED_FACE('',(#6759),#6784,.T.);
#6759 = FACE_BOUND('',#6760,.T.);
#6760 = EDGE_LOOP('',(#6761,#6769,#6777,#6783));
#6761 = ORIENTED_EDGE('',*,*,#6762,.F.);
#6762 = EDGE_CURVE('',#6763,#6732,#6765,.T.);
#6763 = VERTEX_POINT('',#6764);
#6764 = CARTESIAN_POINT('',(-1.074999999999,2.6,0.23));
#6765 = LINE('',#6766,#6767);
#6766 = CARTESIAN_POINT('',(-1.074999999999,2.6,0.23));
#6767 = VECTOR('',#6768,1.);
#6768 = DIRECTION('',(0.,-1.,7.453889935837E-17));
#6769 = ORIENTED_EDGE('',*,*,#6770,.F.);
#6770 = EDGE_CURVE('',#6771,#6763,#6773,.T.);
#6771 = VERTEX_POINT('',#6772);
#6772 = CARTESIAN_POINT('',(-1.324999999999,2.6,0.23));
#6773 = LINE('',#6774,#6775);
#6774 = CARTESIAN_POINT('',(-1.324999999999,2.6,0.23));
#6775 = VECTOR('',#6776,1.);
#6776 = DIRECTION('',(1.,0.,0.));
#6777 = ORIENTED_EDGE('',*,*,#6778,.T.);
#6778 = EDGE_CURVE('',#6771,#6740,#6779,.T.);
#6779 = LINE('',#6780,#6781);
#6780 = CARTESIAN_POINT('',(-1.324999999999,2.6,0.23));
#6781 = VECTOR('',#6782,1.);
#6782 = DIRECTION('',(0.,-1.,7.453889935837E-17));
#6783 = ORIENTED_EDGE('',*,*,#6739,.T.);
#6784 = PLANE('',#6785);
#6785 = AXIS2_PLACEMENT_3D('',#6786,#6787,#6788);
#6786 = CARTESIAN_POINT('',(-1.324999999999,2.6,0.23));
#6787 = DIRECTION('',(0.,7.453889935837E-17,1.));
#6788 = DIRECTION('',(0.,-1.,7.453889935837E-17));
#6789 = ADVANCED_FACE('',(#6790),#6815,.T.);
#6790 = FACE_BOUND('',#6791,.T.);
#6791 = EDGE_LOOP('',(#6792,#6800,#6808,#6814));
#6792 = ORIENTED_EDGE('',*,*,#6793,.F.);
#6793 = EDGE_CURVE('',#6794,#6763,#6796,.T.);
#6794 = VERTEX_POINT('',#6795);
#6795 = CARTESIAN_POINT('',(-1.074999999999,2.6,-1.9999999999E-02));
#6796 = LINE('',#6797,#6798);
#6797 = CARTESIAN_POINT('',(-1.074999999999,2.6,-1.9999999999E-02));
#6798 = VECTOR('',#6799,1.);
#6799 = DIRECTION('',(0.,0.,1.));
#6800 = ORIENTED_EDGE('',*,*,#6801,.F.);
#6801 = EDGE_CURVE('',#6802,#6794,#6804,.T.);
#6802 = VERTEX_POINT('',#6803);
#6803 = CARTESIAN_POINT('',(-1.324999999999,2.6,-1.9999999999E-02));
#6804 = LINE('',#6805,#6806);
#6805 = CARTESIAN_POINT('',(-1.324999999999,2.6,-1.9999999999E-02));
#6806 = VECTOR('',#6807,1.);
#6807 = DIRECTION('',(1.,0.,0.));
#6808 = ORIENTED_EDGE('',*,*,#6809,.T.);
#6809 = EDGE_CURVE('',#6802,#6771,#6810,.T.);
#6810 = LINE('',#6811,#6812);
#6811 = CARTESIAN_POINT('',(-1.324999999999,2.6,-1.9999999999E-02));
#6812 = VECTOR('',#6813,1.);
#6813 = DIRECTION('',(0.,0.,1.));
#6814 = ORIENTED_EDGE('',*,*,#6770,.T.);
#6815 = PLANE('',#6816);
#6816 = AXIS2_PLACEMENT_3D('',#6817,#6818,#6819);
#6817 = CARTESIAN_POINT('',(-1.324999999999,2.6,-1.9999999999E-02));
#6818 = DIRECTION('',(0.,1.,0.));
#6819 = DIRECTION('',(0.,-0.,1.));
#6820 = ADVANCED_FACE('',(#6821),#6846,.F.);
#6821 = FACE_BOUND('',#6822,.T.);
#6822 = EDGE_LOOP('',(#6823,#6831,#6839,#6845));
#6823 = ORIENTED_EDGE('',*,*,#6824,.T.);
#6824 = EDGE_CURVE('',#6794,#6825,#6827,.T.);
#6825 = VERTEX_POINT('',#6826);
#6826 = CARTESIAN_POINT('',(-1.074999999999,1.6,-1.9999999999E-02));
#6827 = LINE('',#6828,#6829);
#6828 = CARTESIAN_POINT('',(-1.074999999999,2.6,-1.9999999999E-02));
#6829 = VECTOR('',#6830,1.);
#6830 = DIRECTION('',(0.,-1.,7.453889935837E-17));
#6831 = ORIENTED_EDGE('',*,*,#6832,.F.);
#6832 = EDGE_CURVE('',#6833,#6825,#6835,.T.);
#6833 = VERTEX_POINT('',#6834);
#6834 = CARTESIAN_POINT('',(-1.324999999999,1.6,-1.9999999999E-02));
#6835 = LINE('',#6836,#6837);
#6836 = CARTESIAN_POINT('',(-1.324999999999,1.6,-1.9999999999E-02));
#6837 = VECTOR('',#6838,1.);
#6838 = DIRECTION('',(1.,0.,0.));
#6839 = ORIENTED_EDGE('',*,*,#6840,.F.);
#6840 = EDGE_CURVE('',#6802,#6833,#6841,.T.);
#6841 = LINE('',#6842,#6843);
#6842 = CARTESIAN_POINT('',(-1.324999999999,2.6,-1.9999999999E-02));
#6843 = VECTOR('',#6844,1.);
#6844 = DIRECTION('',(0.,-1.,7.453889935837E-17));
#6845 = ORIENTED_EDGE('',*,*,#6801,.T.);
#6846 = PLANE('',#6847);
#6847 = AXIS2_PLACEMENT_3D('',#6848,#6849,#6850);
#6848 = CARTESIAN_POINT('',(-1.324999999999,2.6,-1.9999999999E-02));
#6849 = DIRECTION('',(0.,7.453889935837E-17,1.));
#6850 = DIRECTION('',(0.,-1.,7.453889935837E-17));
#6851 = ADVANCED_FACE('',(#6852),#6879,.T.);
#6852 = FACE_BOUND('',#6853,.T.);
#6853 = EDGE_LOOP('',(#6854,#6863,#6871,#6878));
#6854 = ORIENTED_EDGE('',*,*,#6855,.T.);
#6855 = EDGE_CURVE('',#6825,#6856,#6858,.T.);
#6856 = VERTEX_POINT('',#6857);
#6857 = CARTESIAN_POINT('',(-1.074999999999,1.399999999999,0.18));
#6858 = CIRCLE('',#6859,0.2);
#6859 = AXIS2_PLACEMENT_3D('',#6860,#6861,#6862);
#6860 = CARTESIAN_POINT('',(-1.074999999999,1.6,0.18));
#6861 = DIRECTION('',(-1.,0.,0.));
#6862 = DIRECTION('',(0.,0.,1.));
#6863 = ORIENTED_EDGE('',*,*,#6864,.F.);
#6864 = EDGE_CURVE('',#6865,#6856,#6867,.T.);
#6865 = VERTEX_POINT('',#6866);
#6866 = CARTESIAN_POINT('',(-1.324999999999,1.399999999999,0.18));
#6867 = LINE('',#6868,#6869);
#6868 = CARTESIAN_POINT('',(-1.324999999999,1.399999999999,0.18));
#6869 = VECTOR('',#6870,1.);
#6870 = DIRECTION('',(1.,0.,0.));
#6871 = ORIENTED_EDGE('',*,*,#6872,.F.);
#6872 = EDGE_CURVE('',#6833,#6865,#6873,.T.);
#6873 = CIRCLE('',#6874,0.2);
#6874 = AXIS2_PLACEMENT_3D('',#6875,#6876,#6877);
#6875 = CARTESIAN_POINT('',(-1.324999999999,1.6,0.18));
#6876 = DIRECTION('',(-1.,0.,0.));
#6877 = DIRECTION('',(0.,0.,1.));
#6878 = ORIENTED_EDGE('',*,*,#6832,.T.);
#6879 = CYLINDRICAL_SURFACE('',#6880,0.2);
#6880 = AXIS2_PLACEMENT_3D('',#6881,#6882,#6883);
#6881 = CARTESIAN_POINT('',(-1.324999999999,1.6,0.18));
#6882 = DIRECTION('',(1.,0.,0.));
#6883 = DIRECTION('',(0.,0.,-1.));
#6884 = ADVANCED_FACE('',(#6885),#6910,.F.);
#6885 = FACE_BOUND('',#6886,.T.);
#6886 = EDGE_LOOP('',(#6887,#6895,#6903,#6909));
#6887 = ORIENTED_EDGE('',*,*,#6888,.T.);
#6888 = EDGE_CURVE('',#6856,#6889,#6891,.T.);
#6889 = VERTEX_POINT('',#6890);
#6890 = CARTESIAN_POINT('',(-1.074999999999,1.399999999999,
    0.688225399466));
#6891 = LINE('',#6892,#6893);
#6892 = CARTESIAN_POINT('',(-1.074999999999,1.399999999999,0.18));
#6893 = VECTOR('',#6894,1.);
#6894 = DIRECTION('',(0.,0.,1.));
#6895 = ORIENTED_EDGE('',*,*,#6896,.F.);
#6896 = EDGE_CURVE('',#6897,#6889,#6899,.T.);
#6897 = VERTEX_POINT('',#6898);
#6898 = CARTESIAN_POINT('',(-1.324999999999,1.399999999999,
    0.688225399466));
#6899 = LINE('',#6900,#6901);
#6900 = CARTESIAN_POINT('',(-1.324999999999,1.399999999999,
    0.688225399466));
#6901 = VECTOR('',#6902,1.);
#6902 = DIRECTION('',(1.,0.,0.));
#6903 = ORIENTED_EDGE('',*,*,#6904,.F.);
#6904 = EDGE_CURVE('',#6865,#6897,#6905,.T.);
#6905 = LINE('',#6906,#6907);
#6906 = CARTESIAN_POINT('',(-1.324999999999,1.399999999999,0.18));
#6907 = VECTOR('',#6908,1.);
#6908 = DIRECTION('',(0.,0.,1.));
#6909 = ORIENTED_EDGE('',*,*,#6864,.T.);
#6910 = PLANE('',#6911);
#6911 = AXIS2_PLACEMENT_3D('',#6912,#6913,#6914);
#6912 = CARTESIAN_POINT('',(-1.324999999999,1.399999999999,0.18));
#6913 = DIRECTION('',(0.,1.,0.));
#6914 = DIRECTION('',(0.,-0.,1.));
#6915 = ADVANCED_FACE('',(#6916),#6943,.F.);
#6916 = FACE_BOUND('',#6917,.F.);
#6917 = EDGE_LOOP('',(#6918,#6919,#6928,#6936));
#6918 = ORIENTED_EDGE('',*,*,#6896,.F.);
#6919 = ORIENTED_EDGE('',*,*,#6920,.T.);
#6920 = EDGE_CURVE('',#6897,#6921,#6923,.T.);
#6921 = VERTEX_POINT('',#6922);
#6922 = CARTESIAN_POINT('',(-1.324999999999,1.348654602222,
    0.856067255966));
#6923 = CIRCLE('',#6924,0.299999999999);
#6924 = AXIS2_PLACEMENT_3D('',#6925,#6926,#6927);
#6925 = CARTESIAN_POINT('',(-1.324999999999,1.1,0.688225399466));
#6926 = DIRECTION('',(1.,0.,0.));
#6927 = DIRECTION('',(0.,0.,-1.));
#6928 = ORIENTED_EDGE('',*,*,#6929,.T.);
#6929 = EDGE_CURVE('',#6921,#6930,#6932,.T.);
#6930 = VERTEX_POINT('',#6931);
#6931 = CARTESIAN_POINT('',(-1.074999999999,1.348654602222,
    0.856067255966));
#6932 = LINE('',#6933,#6934);
#6933 = CARTESIAN_POINT('',(-1.324999999999,1.348654602222,
    0.856067255966));
#6934 = VECTOR('',#6935,1.);
#6935 = DIRECTION('',(1.,0.,0.));
#6936 = ORIENTED_EDGE('',*,*,#6937,.F.);
#6937 = EDGE_CURVE('',#6889,#6930,#6938,.T.);
#6938 = CIRCLE('',#6939,0.299999999999);
#6939 = AXIS2_PLACEMENT_3D('',#6940,#6941,#6942);
#6940 = CARTESIAN_POINT('',(-1.074999999999,1.1,0.688225399466));
#6941 = DIRECTION('',(1.,0.,0.));
#6942 = DIRECTION('',(0.,0.,-1.));
#6943 = CYLINDRICAL_SURFACE('',#6944,0.299999999999);
#6944 = AXIS2_PLACEMENT_3D('',#6945,#6946,#6947);
#6945 = CARTESIAN_POINT('',(-1.324999999999,1.1,0.688225399466));
#6946 = DIRECTION('',(1.,0.,0.));
#6947 = DIRECTION('',(0.,0.,-1.));
#6948 = ADVANCED_FACE('',(#6949),#6974,.F.);
#6949 = FACE_BOUND('',#6950,.T.);
#6950 = EDGE_LOOP('',(#6951,#6959,#6967,#6973));
#6951 = ORIENTED_EDGE('',*,*,#6952,.T.);
#6952 = EDGE_CURVE('',#6930,#6953,#6955,.T.);
#6953 = VERTEX_POINT('',#6954);
#6954 = CARTESIAN_POINT('',(-1.074999999999,1.181345397777,
    1.103932744033));
#6955 = LINE('',#6956,#6957);
#6956 = CARTESIAN_POINT('',(-1.074999999999,1.348654602222,
    0.856067255966));
#6957 = VECTOR('',#6958,1.);
#6958 = DIRECTION('',(0.,-0.559472855001,0.828848674075));
#6959 = ORIENTED_EDGE('',*,*,#6960,.F.);
#6960 = EDGE_CURVE('',#6961,#6953,#6963,.T.);
#6961 = VERTEX_POINT('',#6962);
#6962 = CARTESIAN_POINT('',(-1.324999999999,1.181345397777,
    1.103932744033));
#6963 = LINE('',#6964,#6965);
#6964 = CARTESIAN_POINT('',(-1.324999999999,1.181345397777,
    1.103932744033));
#6965 = VECTOR('',#6966,1.);
#6966 = DIRECTION('',(1.,0.,0.));
#6967 = ORIENTED_EDGE('',*,*,#6968,.F.);
#6968 = EDGE_CURVE('',#6921,#6961,#6969,.T.);
#6969 = LINE('',#6970,#6971);
#6970 = CARTESIAN_POINT('',(-1.324999999999,1.348654602222,
    0.856067255966));
#6971 = VECTOR('',#6972,1.);
#6972 = DIRECTION('',(0.,-0.559472855001,0.828848674075));
#6973 = ORIENTED_EDGE('',*,*,#6929,.T.);
#6974 = PLANE('',#6975);
#6975 = AXIS2_PLACEMENT_3D('',#6976,#6977,#6978);
#6976 = CARTESIAN_POINT('',(-1.324999999999,1.348654602222,
    0.856067255966));
#6977 = DIRECTION('',(0.,0.828848674075,0.559472855001));
#6978 = DIRECTION('',(0.,-0.559472855001,0.828848674075));
#6979 = ADVANCED_FACE('',(#6980),#7007,.T.);
#6980 = FACE_BOUND('',#6981,.T.);
#6981 = EDGE_LOOP('',(#6982,#6991,#6999,#7006));
#6982 = ORIENTED_EDGE('',*,*,#6983,.T.);
#6983 = EDGE_CURVE('',#6953,#6984,#6986,.T.);
#6984 = VERTEX_POINT('',#6985);
#6985 = CARTESIAN_POINT('',(-1.074999999999,1.129999999999,
    1.271774600533));
#6986 = CIRCLE('',#6987,0.299999999999);
#6987 = AXIS2_PLACEMENT_3D('',#6988,#6989,#6990);
#6988 = CARTESIAN_POINT('',(-1.074999999999,1.429999999999,
    1.271774600533));
#6989 = DIRECTION('',(-1.,0.,0.));
#6990 = DIRECTION('',(0.,0.,1.));
#6991 = ORIENTED_EDGE('',*,*,#6992,.F.);
#6992 = EDGE_CURVE('',#6993,#6984,#6995,.T.);
#6993 = VERTEX_POINT('',#6994);
#6994 = CARTESIAN_POINT('',(-1.324999999999,1.129999999999,
    1.271774600533));
#6995 = LINE('',#6996,#6997);
#6996 = CARTESIAN_POINT('',(-1.324999999999,1.129999999999,
    1.271774600533));
#6997 = VECTOR('',#6998,1.);
#6998 = DIRECTION('',(1.,0.,0.));
#6999 = ORIENTED_EDGE('',*,*,#7000,.F.);
#7000 = EDGE_CURVE('',#6961,#6993,#7001,.T.);
#7001 = CIRCLE('',#7002,0.299999999999);
#7002 = AXIS2_PLACEMENT_3D('',#7003,#7004,#7005);
#7003 = CARTESIAN_POINT('',(-1.324999999999,1.429999999999,
    1.271774600533));
#7004 = DIRECTION('',(-1.,0.,0.));
#7005 = DIRECTION('',(0.,0.,1.));
#7006 = ORIENTED_EDGE('',*,*,#6960,.T.);
#7007 = CYLINDRICAL_SURFACE('',#7008,0.299999999999);
#7008 = AXIS2_PLACEMENT_3D('',#7009,#7010,#7011);
#7009 = CARTESIAN_POINT('',(-1.324999999999,1.429999999999,
    1.271774600533));
#7010 = DIRECTION('',(1.,0.,0.));
#7011 = DIRECTION('',(0.,0.,-1.));
#7012 = ADVANCED_FACE('',(#7013),#7038,.F.);
#7013 = FACE_BOUND('',#7014,.T.);
#7014 = EDGE_LOOP('',(#7015,#7023,#7031,#7037));
#7015 = ORIENTED_EDGE('',*,*,#7016,.T.);
#7016 = EDGE_CURVE('',#6984,#7017,#7019,.T.);
#7017 = VERTEX_POINT('',#7018);
#7018 = CARTESIAN_POINT('',(-1.074999999999,1.129999999999,
    1.953753400942));
#7019 = LINE('',#7020,#7021);
#7020 = CARTESIAN_POINT('',(-1.074999999999,1.129999999999,
    1.271774600533));
#7021 = VECTOR('',#7022,1.);
#7022 = DIRECTION('',(0.,-6.359154694171E-16,1.));
#7023 = ORIENTED_EDGE('',*,*,#7024,.F.);
#7024 = EDGE_CURVE('',#7025,#7017,#7027,.T.);
#7025 = VERTEX_POINT('',#7026);
#7026 = CARTESIAN_POINT('',(-1.324999999999,1.129999999999,
    1.953753400942));
#7027 = LINE('',#7028,#7029);
#7028 = CARTESIAN_POINT('',(-1.324999999999,1.129999999999,
    1.953753400942));
#7029 = VECTOR('',#7030,1.);
#7030 = DIRECTION('',(1.,0.,0.));
#7031 = ORIENTED_EDGE('',*,*,#7032,.F.);
#7032 = EDGE_CURVE('',#6993,#7025,#7033,.T.);
#7033 = LINE('',#7034,#7035);
#7034 = CARTESIAN_POINT('',(-1.324999999999,1.129999999999,
    1.271774600533));
#7035 = VECTOR('',#7036,1.);
#7036 = DIRECTION('',(0.,-6.359154694171E-16,1.));
#7037 = ORIENTED_EDGE('',*,*,#6992,.T.);
#7038 = PLANE('',#7039);
#7039 = AXIS2_PLACEMENT_3D('',#7040,#7041,#7042);
#7040 = CARTESIAN_POINT('',(-1.324999999999,1.129999999999,
    1.271774600533));
#7041 = DIRECTION('',(0.,1.,6.359154694171E-16));
#7042 = DIRECTION('',(0.,-6.359154694171E-16,1.));
#7043 = ADVANCED_FACE('',(#7044),#7062,.F.);
#7044 = FACE_BOUND('',#7045,.F.);
#7045 = EDGE_LOOP('',(#7046,#7047,#7054,#7055));
#7046 = ORIENTED_EDGE('',*,*,#7024,.F.);
#7047 = ORIENTED_EDGE('',*,*,#7048,.T.);
#7048 = EDGE_CURVE('',#7025,#6487,#7049,.T.);
#7049 = CIRCLE('',#7050,0.299999999999);
#7050 = AXIS2_PLACEMENT_3D('',#7051,#7052,#7053);
#7051 = CARTESIAN_POINT('',(-1.324999999999,0.829999999999,
    1.953753400942));
#7052 = DIRECTION('',(1.,0.,0.));
#7053 = DIRECTION('',(0.,0.,-1.));
#7054 = ORIENTED_EDGE('',*,*,#6494,.T.);
#7055 = ORIENTED_EDGE('',*,*,#7056,.F.);
#7056 = EDGE_CURVE('',#7017,#6469,#7057,.T.);
#7057 = CIRCLE('',#7058,0.299999999999);
#7058 = AXIS2_PLACEMENT_3D('',#7059,#7060,#7061);
#7059 = CARTESIAN_POINT('',(-1.074999999999,0.829999999999,
    1.953753400942));
#7060 = DIRECTION('',(1.,0.,0.));
#7061 = DIRECTION('',(0.,0.,-1.));
#7062 = CYLINDRICAL_SURFACE('',#7063,0.299999999999);
#7063 = AXIS2_PLACEMENT_3D('',#7064,#7065,#7066);
#7064 = CARTESIAN_POINT('',(-1.324999999999,0.829999999999,
    1.953753400942));
#7065 = DIRECTION('',(1.,0.,0.));
#7066 = DIRECTION('',(0.,0.,-1.));
#7067 = ADVANCED_FACE('',(#7068),#7089,.T.);
#7068 = FACE_BOUND('',#7069,.T.);
#7069 = EDGE_LOOP('',(#7070,#7071,#7072,#7073,#7074,#7075,#7076,#7077,
    #7078,#7079,#7080,#7081,#7082,#7083,#7084,#7085,#7086,#7087,#7088));
#7070 = ORIENTED_EDGE('',*,*,#6486,.T.);
#7071 = ORIENTED_EDGE('',*,*,#6524,.F.);
#7072 = ORIENTED_EDGE('',*,*,#6555,.F.);
#7073 = ORIENTED_EDGE('',*,*,#6587,.F.);
#7074 = ORIENTED_EDGE('',*,*,#6619,.F.);
#7075 = ORIENTED_EDGE('',*,*,#6635,.F.);
#7076 = ORIENTED_EDGE('',*,*,#6683,.F.);
#7077 = ORIENTED_EDGE('',*,*,#6715,.F.);
#7078 = ORIENTED_EDGE('',*,*,#6747,.F.);
#7079 = ORIENTED_EDGE('',*,*,#6778,.F.);
#7080 = ORIENTED_EDGE('',*,*,#6809,.F.);
#7081 = ORIENTED_EDGE('',*,*,#6840,.T.);
#7082 = ORIENTED_EDGE('',*,*,#6872,.T.);
#7083 = ORIENTED_EDGE('',*,*,#6904,.T.);
#7084 = ORIENTED_EDGE('',*,*,#6920,.T.);
#7085 = ORIENTED_EDGE('',*,*,#6968,.T.);
#7086 = ORIENTED_EDGE('',*,*,#7000,.T.);
#7087 = ORIENTED_EDGE('',*,*,#7032,.T.);
#7088 = ORIENTED_EDGE('',*,*,#7048,.T.);
#7089 = PLANE('',#7090);
#7090 = AXIS2_PLACEMENT_3D('',#7091,#7092,#7093);
#7091 = CARTESIAN_POINT('',(-1.324999999999,0.829999999999,
    1.953753400942));
#7092 = DIRECTION('',(-1.,0.,0.));
#7093 = DIRECTION('',(0.,0.,1.));
#7094 = ADVANCED_FACE('',(#7095),#7116,.F.);
#7095 = FACE_BOUND('',#7096,.T.);
#7096 = EDGE_LOOP('',(#7097,#7098,#7099,#7100,#7101,#7102,#7103,#7104,
    #7105,#7106,#7107,#7108,#7109,#7110,#7111,#7112,#7113,#7114,#7115));
#7097 = ORIENTED_EDGE('',*,*,#6468,.F.);
#7098 = ORIENTED_EDGE('',*,*,#7056,.F.);
#7099 = ORIENTED_EDGE('',*,*,#7016,.F.);
#7100 = ORIENTED_EDGE('',*,*,#6983,.F.);
#7101 = ORIENTED_EDGE('',*,*,#6952,.F.);
#7102 = ORIENTED_EDGE('',*,*,#6937,.F.);
#7103 = ORIENTED_EDGE('',*,*,#6888,.F.);
#7104 = ORIENTED_EDGE('',*,*,#6855,.F.);
#7105 = ORIENTED_EDGE('',*,*,#6824,.F.);
#7106 = ORIENTED_EDGE('',*,*,#6793,.T.);
#7107 = ORIENTED_EDGE('',*,*,#6762,.T.);
#7108 = ORIENTED_EDGE('',*,*,#6731,.T.);
#7109 = ORIENTED_EDGE('',*,*,#6698,.T.);
#7110 = ORIENTED_EDGE('',*,*,#6667,.T.);
#7111 = ORIENTED_EDGE('',*,*,#6652,.T.);
#7112 = ORIENTED_EDGE('',*,*,#6603,.T.);
#7113 = ORIENTED_EDGE('',*,*,#6570,.T.);
#7114 = ORIENTED_EDGE('',*,*,#6539,.T.);
#7115 = ORIENTED_EDGE('',*,*,#6508,.T.);
#7116 = PLANE('',#7117);
#7117 = AXIS2_PLACEMENT_3D('',#7118,#7119,#7120);
#7118 = CARTESIAN_POINT('',(-1.074999999999,0.829999999999,
    1.953753400942));
#7119 = DIRECTION('',(-1.,0.,0.));
#7120 = DIRECTION('',(0.,0.,1.));
#7121 = ( GEOMETRIC_REPRESENTATION_CONTEXT(3) 
GLOBAL_UNCERTAINTY_ASSIGNED_CONTEXT((#7125)) 
GLOBAL_UNIT_ASSIGNED_CONTEXT((#7122,#7123,#7124)) REPRESENTATION_CONTEXT
('Context #1','3D Context with UNIT and UNCERTAINTY') );
#7122 = ( LENGTH_UNIT() NAMED_UNIT(*) SI_UNIT(.MILLI.,.METRE.) );
#7123 = ( NAMED_UNIT(*) PLANE_ANGLE_UNIT() SI_UNIT($,.RADIAN.) );
#7124 = ( NAMED_UNIT(*) SI_UNIT($,.STERADIAN.) SOLID_ANGLE_UNIT() );
#7125 = UNCERTAINTY_MEASURE_WITH_UNIT(LENGTH_MEASURE(1.E-07),#7122,
  'distance_accuracy_value','confusion accuracy');
#7126 = CONTEXT_DEPENDENT_SHAPE_REPRESENTATION(#7127,#7129);
#7127 = ( REPRESENTATION_RELATIONSHIP('','',#6461,#10) 
REPRESENTATION_RELATIONSHIP_WITH_TRANSFORMATION(#7128) 
SHAPE_REPRESENTATION_RELATIONSHIP() );
#7128 = ITEM_DEFINED_TRANSFORMATION('','',#11,#19);
#7129 = PRODUCT_DEFINITION_SHAPE('Placement','Placement of an item',
  #7130);
#7130 = NEXT_ASSEMBLY_USAGE_OCCURRENCE('2',
'CONN-SMD_HC-PBB08-2-08-M-H1.0-G1-R-P-04_1~CONN-SMD_
HC-PBB08-2-08-M-H1.0-G1-R-P-04_1~bmqH','',#5,#6456,$);
#7131 = PRODUCT_RELATED_PRODUCT_CATEGORY('part',$,(#6458));
#7132 = SHAPE_DEFINITION_REPRESENTATION(#7133,#7139);
#7133 = PRODUCT_DEFINITION_SHAPE('','',#7134);
#7134 = PRODUCT_DEFINITION('design','',#7135,#7138);
#7135 = PRODUCT_DEFINITION_FORMATION('','',#7136);
#7136 = PRODUCT(
'CONN-SMD_HC-PBB08-2-08-M-H1.0-G1-R-P-04_1~CONN-SMD_
HC-PBB08-2-08-M-H1.0-G1-R-P-04_1~bmqH001',
'CONN-SMD_HC-PBB08-2-08-M-H1.0-G1-R-P-04_1~CONN-SMD_
HC-PBB08-2-08-M-H1.0-G1-R-P-04_1~bmqH001','',(#7137));
#7137 = PRODUCT_CONTEXT('',#2,'mechanical');
#7138 = PRODUCT_DEFINITION_CONTEXT('part definition',#2,'design');
#7139 = ADVANCED_BREP_SHAPE_REPRESENTATION('',(#11,#7140),#7698);
#7140 = MANIFOLD_SOLID_BREP('',#7141);
#7141 = CLOSED_SHELL('',(#7142,#7182,#7222,#7346,#7470,#7492,#7509,#7526
    ,#7543,#7560,#7577,#7594,#7606,#7623,#7640,#7657,#7674,#7686));
#7142 = ADVANCED_FACE('',(#7143),#7177,.T.);
#7143 = FACE_BOUND('',#7144,.T.);
#7144 = EDGE_LOOP('',(#7145,#7155,#7163,#7171));
#7145 = ORIENTED_EDGE('',*,*,#7146,.F.);
#7146 = EDGE_CURVE('',#7147,#7149,#7151,.T.);
#7147 = VERTEX_POINT('',#7148);
#7148 = CARTESIAN_POINT('',(-1.324999999999,0.25,0.28));
#7149 = VERTEX_POINT('',#7150);
#7150 = CARTESIAN_POINT('',(-1.324999999999,0.25,0.688225399466));
#7151 = LINE('',#7152,#7153);
#7152 = CARTESIAN_POINT('',(-1.324999999999,0.25,0.18));
#7153 = VECTOR('',#7154,1.);
#7154 = DIRECTION('',(0.,0.,1.));
#7155 = ORIENTED_EDGE('',*,*,#7156,.T.);
#7156 = EDGE_CURVE('',#7147,#7157,#7159,.T.);
#7157 = VERTEX_POINT('',#7158);
#7158 = CARTESIAN_POINT('',(-1.074999999999,0.25,0.28));
#7159 = LINE('',#7160,#7161);
#7160 = CARTESIAN_POINT('',(-1.324999999999,0.25,0.28));
#7161 = VECTOR('',#7162,1.);
#7162 = DIRECTION('',(1.,3.669607353027E-16,2.693841220634E-32));
#7163 = ORIENTED_EDGE('',*,*,#7164,.T.);
#7164 = EDGE_CURVE('',#7157,#7165,#7167,.T.);
#7165 = VERTEX_POINT('',#7166);
#7166 = CARTESIAN_POINT('',(-1.074999999999,0.25,0.688225399466));
#7167 = LINE('',#7168,#7169);
#7168 = CARTESIAN_POINT('',(-1.074999999999,0.25,0.18));
#7169 = VECTOR('',#7170,1.);
#7170 = DIRECTION('',(0.,0.,1.));
#7171 = ORIENTED_EDGE('',*,*,#7172,.F.);
#7172 = EDGE_CURVE('',#7149,#7165,#7173,.T.);
#7173 = LINE('',#7174,#7175);
#7174 = CARTESIAN_POINT('',(-1.324999999999,0.25,0.688225399466));
#7175 = VECTOR('',#7176,1.);
#7176 = DIRECTION('',(1.,3.669607353027E-16,0.));
#7177 = PLANE('',#7178);
#7178 = AXIS2_PLACEMENT_3D('',#7179,#7180,#7181);
#7179 = CARTESIAN_POINT('',(-1.324999999999,0.25,0.18));
#7180 = DIRECTION('',(3.669607353027E-16,-1.,0.));
#7181 = DIRECTION('',(0.,0.,1.));
#7182 = ADVANCED_FACE('',(#7183),#7217,.F.);
#7183 = FACE_BOUND('',#7184,.T.);
#7184 = EDGE_LOOP('',(#7185,#7195,#7203,#7211));
#7185 = ORIENTED_EDGE('',*,*,#7186,.F.);
#7186 = EDGE_CURVE('',#7187,#7189,#7191,.T.);
#7187 = VERTEX_POINT('',#7188);
#7188 = CARTESIAN_POINT('',(-1.324999999999,0.5,0.28));
#7189 = VERTEX_POINT('',#7190);
#7190 = CARTESIAN_POINT('',(-1.074999999999,0.5,0.279999999999));
#7191 = LINE('',#7192,#7193);
#7192 = CARTESIAN_POINT('',(-1.324999999999,0.5,0.28));
#7193 = VECTOR('',#7194,1.);
#7194 = DIRECTION('',(1.,0.,0.));
#7195 = ORIENTED_EDGE('',*,*,#7196,.T.);
#7196 = EDGE_CURVE('',#7187,#7197,#7199,.T.);
#7197 = VERTEX_POINT('',#7198);
#7198 = CARTESIAN_POINT('',(-1.324999999999,0.5,0.688225399466));
#7199 = LINE('',#7200,#7201);
#7200 = CARTESIAN_POINT('',(-1.324999999999,0.5,0.18));
#7201 = VECTOR('',#7202,1.);
#7202 = DIRECTION('',(0.,0.,1.));
#7203 = ORIENTED_EDGE('',*,*,#7204,.T.);
#7204 = EDGE_CURVE('',#7197,#7205,#7207,.T.);
#7205 = VERTEX_POINT('',#7206);
#7206 = CARTESIAN_POINT('',(-1.074999999999,0.5,0.688225399466));
#7207 = LINE('',#7208,#7209);
#7208 = CARTESIAN_POINT('',(-1.324999999999,0.5,0.688225399466));
#7209 = VECTOR('',#7210,1.);
#7210 = DIRECTION('',(1.,3.669607353027E-16,0.));
#7211 = ORIENTED_EDGE('',*,*,#7212,.F.);
#7212 = EDGE_CURVE('',#7189,#7205,#7213,.T.);
#7213 = LINE('',#7214,#7215);
#7214 = CARTESIAN_POINT('',(-1.074999999999,0.5,0.18));
#7215 = VECTOR('',#7216,1.);
#7216 = DIRECTION('',(0.,0.,1.));
#7217 = PLANE('',#7218);
#7218 = AXIS2_PLACEMENT_3D('',#7219,#7220,#7221);
#7219 = CARTESIAN_POINT('',(-1.324999999999,0.5,0.18));
#7220 = DIRECTION('',(3.669607353027E-16,-1.,0.));
#7221 = DIRECTION('',(0.,0.,1.));
#7222 = ADVANCED_FACE('',(#7223),#7341,.T.);
#7223 = FACE_BOUND('',#7224,.T.);
#7224 = EDGE_LOOP('',(#7225,#7226,#7232,#7233,#7242,#7250,#7259,#7267,
    #7276,#7284,#7292,#7300,#7309,#7317,#7326,#7334));
#7225 = ORIENTED_EDGE('',*,*,#7196,.F.);
#7226 = ORIENTED_EDGE('',*,*,#7227,.F.);
#7227 = EDGE_CURVE('',#7147,#7187,#7228,.T.);
#7228 = LINE('',#7229,#7230);
#7229 = CARTESIAN_POINT('',(-1.324999999999,-0.699999999999,0.28));
#7230 = VECTOR('',#7231,1.);
#7231 = DIRECTION('',(0.,1.,7.340952209537E-17));
#7232 = ORIENTED_EDGE('',*,*,#7146,.T.);
#7233 = ORIENTED_EDGE('',*,*,#7234,.T.);
#7234 = EDGE_CURVE('',#7149,#7235,#7237,.T.);
#7235 = VERTEX_POINT('',#7236);
#7236 = CARTESIAN_POINT('',(-1.324999999999,0.344133229258,
    0.995935469716));
#7237 = CIRCLE('',#7238,0.55);
#7238 = AXIS2_PLACEMENT_3D('',#7239,#7240,#7241);
#7239 = CARTESIAN_POINT('',(-1.324999999999,0.799999999999,
    0.688225399466));
#7240 = DIRECTION('',(-1.,-3.669607353027E-16,0.));
#7241 = DIRECTION('',(2.604172100282E-30,-7.096596038086E-15,1.));
#7242 = ORIENTED_EDGE('',*,*,#7243,.T.);
#7243 = EDGE_CURVE('',#7235,#7244,#7246,.T.);
#7244 = VERTEX_POINT('',#7245);
#7245 = CARTESIAN_POINT('',(-1.324999999999,0.511442433703,
    1.243800957783));
#7246 = LINE('',#7247,#7248);
#7247 = CARTESIAN_POINT('',(-1.324999999999,0.344133229258,
    0.995935469716));
#7248 = VECTOR('',#7249,1.);
#7249 = DIRECTION('',(-2.053045702532E-16,0.559472855001,0.828848674075)
  );
#7250 = ORIENTED_EDGE('',*,*,#7251,.T.);
#7251 = EDGE_CURVE('',#7244,#7252,#7254,.T.);
#7252 = VERTEX_POINT('',#7253);
#7253 = CARTESIAN_POINT('',(-1.324999999999,0.52,1.271774600533));
#7254 = CIRCLE('',#7255,4.9999999999E-02);
#7255 = AXIS2_PLACEMENT_3D('',#7256,#7257,#7258);
#7256 = CARTESIAN_POINT('',(-1.324999999999,0.47,1.271774600533));
#7257 = DIRECTION('',(1.,3.669607353027E-16,0.));
#7258 = DIRECTION('',(0.,-0.,1.));
#7259 = ORIENTED_EDGE('',*,*,#7260,.T.);
#7260 = EDGE_CURVE('',#7252,#7261,#7263,.T.);
#7261 = VERTEX_POINT('',#7262);
#7262 = CARTESIAN_POINT('',(-1.324999999999,0.52,1.953753400942));
#7263 = LINE('',#7264,#7265);
#7264 = CARTESIAN_POINT('',(-1.324999999999,0.52,1.271774600533));
#7265 = VECTOR('',#7266,1.);
#7266 = DIRECTION('',(-2.333560082477E-31,6.359154694171E-16,1.));
#7267 = ORIENTED_EDGE('',*,*,#7268,.T.);
#7268 = EDGE_CURVE('',#7261,#7269,#7271,.T.);
#7269 = VERTEX_POINT('',#7270);
#7270 = CARTESIAN_POINT('',(-1.324999999999,0.528355735843,
    2.049259898659));
#7271 = CIRCLE('',#7272,0.549999999999);
#7272 = AXIS2_PLACEMENT_3D('',#7273,#7274,#7275);
#7273 = CARTESIAN_POINT('',(-1.325,1.07,1.953753400942));
#7274 = DIRECTION('',(-1.,-3.669607353027E-16,0.));
#7275 = DIRECTION('',(-4.195610606008E-30,1.143340472802E-14,1.));
#7276 = ORIENTED_EDGE('',*,*,#7277,.T.);
#7277 = EDGE_CURVE('',#7269,#7278,#7280,.T.);
#7278 = VERTEX_POINT('',#7279);
#7279 = CARTESIAN_POINT('',(-1.324999999999,0.575892515047,2.31885437032
    ));
#7280 = LINE('',#7281,#7282);
#7281 = CARTESIAN_POINT('',(-1.324999999999,0.528355735843,
    2.049259898659));
#7282 = VECTOR('',#7283,1.);
#7283 = DIRECTION('',(-6.372206296066E-17,0.173648177666,0.984807753012)
  );
#7284 = ORIENTED_EDGE('',*,*,#7285,.T.);
#7285 = EDGE_CURVE('',#7278,#7286,#7288,.T.);
#7286 = VERTEX_POINT('',#7287);
#7287 = CARTESIAN_POINT('',(-1.324999999999,0.8220944533,2.275442325903)
  );
#7288 = LINE('',#7289,#7290);
#7289 = CARTESIAN_POINT('',(-1.324999999999,0.575892515047,2.31885437032
    ));
#7290 = VECTOR('',#7291,1.);
#7291 = DIRECTION('',(-3.613857771773E-16,0.984807753012,-0.173648177666
    ));
#7292 = ORIENTED_EDGE('',*,*,#7293,.F.);
#7293 = EDGE_CURVE('',#7294,#7286,#7296,.T.);
#7294 = VERTEX_POINT('',#7295);
#7295 = CARTESIAN_POINT('',(-1.324999999999,0.774557674096,
    2.005847854242));
#7296 = LINE('',#7297,#7298);
#7297 = CARTESIAN_POINT('',(-1.324999999999,0.774557674096,
    2.005847854242));
#7298 = VECTOR('',#7299,1.);
#7299 = DIRECTION('',(-6.372206296066E-17,0.173648177666,0.984807753012)
  );
#7300 = ORIENTED_EDGE('',*,*,#7301,.F.);
#7301 = EDGE_CURVE('',#7302,#7294,#7304,.T.);
#7302 = VERTEX_POINT('',#7303);
#7303 = CARTESIAN_POINT('',(-1.324999999999,0.77,1.953753400942));
#7304 = CIRCLE('',#7305,0.299999999999);
#7305 = AXIS2_PLACEMENT_3D('',#7306,#7307,#7308);
#7306 = CARTESIAN_POINT('',(-1.325,1.07,1.953753400942));
#7307 = DIRECTION('',(-1.,-3.669607353027E-16,0.));
#7308 = DIRECTION('',(-0.,0.,-1.));
#7309 = ORIENTED_EDGE('',*,*,#7310,.F.);
#7310 = EDGE_CURVE('',#7311,#7302,#7313,.T.);
#7311 = VERTEX_POINT('',#7312);
#7312 = CARTESIAN_POINT('',(-1.324999999999,0.77,1.271774600533));
#7313 = LINE('',#7314,#7315);
#7314 = CARTESIAN_POINT('',(-1.324999999999,0.77,1.271774600533));
#7315 = VECTOR('',#7316,1.);
#7316 = DIRECTION('',(-2.333560082477E-31,6.359154694171E-16,1.));
#7317 = ORIENTED_EDGE('',*,*,#7318,.F.);
#7318 = EDGE_CURVE('',#7319,#7311,#7321,.T.);
#7319 = VERTEX_POINT('',#7320);
#7320 = CARTESIAN_POINT('',(-1.324999999999,0.718654602222,
    1.103932744033));
#7321 = CIRCLE('',#7322,0.299999999999);
#7322 = AXIS2_PLACEMENT_3D('',#7323,#7324,#7325);
#7323 = CARTESIAN_POINT('',(-1.324999999999,0.47,1.271774600533));
#7324 = DIRECTION('',(1.,3.669607353027E-16,0.));
#7325 = DIRECTION('',(0.,-0.,1.));
#7326 = ORIENTED_EDGE('',*,*,#7327,.F.);
#7327 = EDGE_CURVE('',#7328,#7319,#7330,.T.);
#7328 = VERTEX_POINT('',#7329);
#7329 = CARTESIAN_POINT('',(-1.324999999999,0.551345397777,
    0.856067255966));
#7330 = LINE('',#7331,#7332);
#7331 = CARTESIAN_POINT('',(-1.324999999999,0.551345397777,
    0.856067255966));
#7332 = VECTOR('',#7333,1.);
#7333 = DIRECTION('',(-2.053045702532E-16,0.559472855001,0.828848674075)
  );
#7334 = ORIENTED_EDGE('',*,*,#7335,.F.);
#7335 = EDGE_CURVE('',#7197,#7328,#7336,.T.);
#7336 = CIRCLE('',#7337,0.299999999999);
#7337 = AXIS2_PLACEMENT_3D('',#7338,#7339,#7340);
#7338 = CARTESIAN_POINT('',(-1.324999999999,0.799999999999,
    0.688225399466));
#7339 = DIRECTION('',(-1.,-3.669607353027E-16,0.));
#7340 = DIRECTION('',(-0.,0.,-1.));
#7341 = PLANE('',#7342);
#7342 = AXIS2_PLACEMENT_3D('',#7343,#7344,#7345);
#7343 = CARTESIAN_POINT('',(-1.325,1.07,1.953753400942));
#7344 = DIRECTION('',(-1.,-3.669607353027E-16,0.));
#7345 = DIRECTION('',(0.,0.,1.));
#7346 = ADVANCED_FACE('',(#7347),#7465,.F.);
#7347 = FACE_BOUND('',#7348,.T.);
#7348 = EDGE_LOOP('',(#7349,#7355,#7356,#7365,#7373,#7382,#7390,#7399,
    #7407,#7415,#7423,#7432,#7440,#7449,#7457,#7464));
#7349 = ORIENTED_EDGE('',*,*,#7350,.F.);
#7350 = EDGE_CURVE('',#7189,#7157,#7351,.T.);
#7351 = LINE('',#7352,#7353);
#7352 = CARTESIAN_POINT('',(-1.074999999999,-0.699999999999,0.28));
#7353 = VECTOR('',#7354,1.);
#7354 = DIRECTION('',(0.,-1.,-7.340952209537E-17));
#7355 = ORIENTED_EDGE('',*,*,#7212,.T.);
#7356 = ORIENTED_EDGE('',*,*,#7357,.T.);
#7357 = EDGE_CURVE('',#7205,#7358,#7360,.T.);
#7358 = VERTEX_POINT('',#7359);
#7359 = CARTESIAN_POINT('',(-1.074999999999,0.551345397777,
    0.856067255966));
#7360 = CIRCLE('',#7361,0.299999999999);
#7361 = AXIS2_PLACEMENT_3D('',#7362,#7363,#7364);
#7362 = CARTESIAN_POINT('',(-1.074999999999,0.799999999999,
    0.688225399466));
#7363 = DIRECTION('',(-1.,-3.669607353027E-16,0.));
#7364 = DIRECTION('',(-0.,0.,-1.));
#7365 = ORIENTED_EDGE('',*,*,#7366,.T.);
#7366 = EDGE_CURVE('',#7358,#7367,#7369,.T.);
#7367 = VERTEX_POINT('',#7368);
#7368 = CARTESIAN_POINT('',(-1.074999999999,0.718654602222,
    1.103932744033));
#7369 = LINE('',#7370,#7371);
#7370 = CARTESIAN_POINT('',(-1.074999999999,0.551345397777,
    0.856067255966));
#7371 = VECTOR('',#7372,1.);
#7372 = DIRECTION('',(-2.053045702532E-16,0.559472855001,0.828848674075)
  );
#7373 = ORIENTED_EDGE('',*,*,#7374,.T.);
#7374 = EDGE_CURVE('',#7367,#7375,#7377,.T.);
#7375 = VERTEX_POINT('',#7376);
#7376 = CARTESIAN_POINT('',(-1.074999999999,0.77,1.271774600533));
#7377 = CIRCLE('',#7378,0.299999999999);
#7378 = AXIS2_PLACEMENT_3D('',#7379,#7380,#7381);
#7379 = CARTESIAN_POINT('',(-1.074999999999,0.47,1.271774600533));
#7380 = DIRECTION('',(1.,3.669607353027E-16,0.));
#7381 = DIRECTION('',(0.,-0.,1.));
#7382 = ORIENTED_EDGE('',*,*,#7383,.T.);
#7383 = EDGE_CURVE('',#7375,#7384,#7386,.T.);
#7384 = VERTEX_POINT('',#7385);
#7385 = CARTESIAN_POINT('',(-1.074999999999,0.77,1.953753400942));
#7386 = LINE('',#7387,#7388);
#7387 = CARTESIAN_POINT('',(-1.074999999999,0.77,1.271774600533));
#7388 = VECTOR('',#7389,1.);
#7389 = DIRECTION('',(-2.333560082477E-31,6.359154694171E-16,1.));
#7390 = ORIENTED_EDGE('',*,*,#7391,.T.);
#7391 = EDGE_CURVE('',#7384,#7392,#7394,.T.);
#7392 = VERTEX_POINT('',#7393);
#7393 = CARTESIAN_POINT('',(-1.074999999999,0.774557674096,
    2.005847854242));
#7394 = CIRCLE('',#7395,0.299999999999);
#7395 = AXIS2_PLACEMENT_3D('',#7396,#7397,#7398);
#7396 = CARTESIAN_POINT('',(-1.075,1.07,1.953753400942));
#7397 = DIRECTION('',(-1.,-3.669607353027E-16,0.));
#7398 = DIRECTION('',(-0.,0.,-1.));
#7399 = ORIENTED_EDGE('',*,*,#7400,.T.);
#7400 = EDGE_CURVE('',#7392,#7401,#7403,.T.);
#7401 = VERTEX_POINT('',#7402);
#7402 = CARTESIAN_POINT('',(-1.074999999999,0.8220944533,2.275442325903)
  );
#7403 = LINE('',#7404,#7405);
#7404 = CARTESIAN_POINT('',(-1.074999999999,0.774557674096,
    2.005847854242));
#7405 = VECTOR('',#7406,1.);
#7406 = DIRECTION('',(-6.372206296066E-17,0.173648177666,0.984807753012)
  );
#7407 = ORIENTED_EDGE('',*,*,#7408,.F.);
#7408 = EDGE_CURVE('',#7409,#7401,#7411,.T.);
#7409 = VERTEX_POINT('',#7410);
#7410 = CARTESIAN_POINT('',(-1.074999999999,0.575892515047,2.31885437032
    ));
#7411 = LINE('',#7412,#7413);
#7412 = CARTESIAN_POINT('',(-1.074999999999,0.575892515047,2.31885437032
    ));
#7413 = VECTOR('',#7414,1.);
#7414 = DIRECTION('',(-3.613857771773E-16,0.984807753012,-0.173648177666
    ));
#7415 = ORIENTED_EDGE('',*,*,#7416,.F.);
#7416 = EDGE_CURVE('',#7417,#7409,#7419,.T.);
#7417 = VERTEX_POINT('',#7418);
#7418 = CARTESIAN_POINT('',(-1.074999999999,0.528355735843,
    2.049259898659));
#7419 = LINE('',#7420,#7421);
#7420 = CARTESIAN_POINT('',(-1.074999999999,0.528355735843,
    2.049259898659));
#7421 = VECTOR('',#7422,1.);
#7422 = DIRECTION('',(-6.372206296066E-17,0.173648177666,0.984807753012)
  );
#7423 = ORIENTED_EDGE('',*,*,#7424,.F.);
#7424 = EDGE_CURVE('',#7425,#7417,#7427,.T.);
#7425 = VERTEX_POINT('',#7426);
#7426 = CARTESIAN_POINT('',(-1.074999999999,0.52,1.953753400942));
#7427 = CIRCLE('',#7428,0.549999999999);
#7428 = AXIS2_PLACEMENT_3D('',#7429,#7430,#7431);
#7429 = CARTESIAN_POINT('',(-1.075,1.07,1.953753400942));
#7430 = DIRECTION('',(-1.,-3.669607353027E-16,0.));
#7431 = DIRECTION('',(-4.195610606008E-30,1.143340472802E-14,1.));
#7432 = ORIENTED_EDGE('',*,*,#7433,.F.);
#7433 = EDGE_CURVE('',#7434,#7425,#7436,.T.);
#7434 = VERTEX_POINT('',#7435);
#7435 = CARTESIAN_POINT('',(-1.074999999999,0.52,1.271774600533));
#7436 = LINE('',#7437,#7438);
#7437 = CARTESIAN_POINT('',(-1.074999999999,0.52,1.271774600533));
#7438 = VECTOR('',#7439,1.);
#7439 = DIRECTION('',(-2.333560082477E-31,6.359154694171E-16,1.));
#7440 = ORIENTED_EDGE('',*,*,#7441,.F.);
#7441 = EDGE_CURVE('',#7442,#7434,#7444,.T.);
#7442 = VERTEX_POINT('',#7443);
#7443 = CARTESIAN_POINT('',(-1.074999999999,0.511442433703,
    1.243800957783));
#7444 = CIRCLE('',#7445,4.9999999999E-02);
#7445 = AXIS2_PLACEMENT_3D('',#7446,#7447,#7448);
#7446 = CARTESIAN_POINT('',(-1.074999999999,0.47,1.271774600533));
#7447 = DIRECTION('',(1.,3.669607353027E-16,0.));
#7448 = DIRECTION('',(0.,-0.,1.));
#7449 = ORIENTED_EDGE('',*,*,#7450,.F.);
#7450 = EDGE_CURVE('',#7451,#7442,#7453,.T.);
#7451 = VERTEX_POINT('',#7452);
#7452 = CARTESIAN_POINT('',(-1.074999999999,0.344133229258,
    0.995935469716));
#7453 = LINE('',#7454,#7455);
#7454 = CARTESIAN_POINT('',(-1.074999999999,0.344133229258,
    0.995935469716));
#7455 = VECTOR('',#7456,1.);
#7456 = DIRECTION('',(-2.053045702532E-16,0.559472855001,0.828848674075)
  );
#7457 = ORIENTED_EDGE('',*,*,#7458,.F.);
#7458 = EDGE_CURVE('',#7165,#7451,#7459,.T.);
#7459 = CIRCLE('',#7460,0.55);
#7460 = AXIS2_PLACEMENT_3D('',#7461,#7462,#7463);
#7461 = CARTESIAN_POINT('',(-1.074999999999,0.799999999999,
    0.688225399466));
#7462 = DIRECTION('',(-1.,-3.669607353027E-16,0.));
#7463 = DIRECTION('',(2.604172100282E-30,-7.096596038086E-15,1.));
#7464 = ORIENTED_EDGE('',*,*,#7164,.F.);
#7465 = PLANE('',#7466);
#7466 = AXIS2_PLACEMENT_3D('',#7467,#7468,#7469);
#7467 = CARTESIAN_POINT('',(-1.075,1.07,1.953753400942));
#7468 = DIRECTION('',(-1.,-3.669607353027E-16,0.));
#7469 = DIRECTION('',(0.,0.,1.));
#7470 = ADVANCED_FACE('',(#7471),#7487,.F.);
#7471 = FACE_BOUND('',#7472,.T.);
#7472 = EDGE_LOOP('',(#7473,#7474,#7480,#7481));
#7473 = ORIENTED_EDGE('',*,*,#7400,.F.);
#7474 = ORIENTED_EDGE('',*,*,#7475,.F.);
#7475 = EDGE_CURVE('',#7294,#7392,#7476,.T.);
#7476 = LINE('',#7477,#7478);
#7477 = CARTESIAN_POINT('',(-1.324999999999,0.774557674096,
    2.005847854242));
#7478 = VECTOR('',#7479,1.);
#7479 = DIRECTION('',(1.,3.669607353027E-16,0.));
#7480 = ORIENTED_EDGE('',*,*,#7293,.T.);
#7481 = ORIENTED_EDGE('',*,*,#7482,.T.);
#7482 = EDGE_CURVE('',#7286,#7401,#7483,.T.);
#7483 = LINE('',#7484,#7485);
#7484 = CARTESIAN_POINT('',(-1.324999999999,0.8220944533,2.275442325903)
  );
#7485 = VECTOR('',#7486,1.);
#7486 = DIRECTION('',(1.,3.669607353027E-16,0.));
#7487 = PLANE('',#7488);
#7488 = AXIS2_PLACEMENT_3D('',#7489,#7490,#7491);
#7489 = CARTESIAN_POINT('',(-1.324999999999,0.774557674096,
    2.005847854242));
#7490 = DIRECTION('',(3.613857771773E-16,-0.984807753012,0.173648177666)
  );
#7491 = DIRECTION('',(-6.372206296066E-17,0.173648177666,0.984807753012)
  );
#7492 = ADVANCED_FACE('',(#7493),#7504,.T.);
#7493 = FACE_BOUND('',#7494,.T.);
#7494 = EDGE_LOOP('',(#7495,#7496,#7497,#7498));
#7495 = ORIENTED_EDGE('',*,*,#7408,.T.);
#7496 = ORIENTED_EDGE('',*,*,#7482,.F.);
#7497 = ORIENTED_EDGE('',*,*,#7285,.F.);
#7498 = ORIENTED_EDGE('',*,*,#7499,.T.);
#7499 = EDGE_CURVE('',#7278,#7409,#7500,.T.);
#7500 = LINE('',#7501,#7502);
#7501 = CARTESIAN_POINT('',(-1.324999999999,0.575892515047,2.31885437032
    ));
#7502 = VECTOR('',#7503,1.);
#7503 = DIRECTION('',(1.,3.669607353027E-16,0.));
#7504 = PLANE('',#7505);
#7505 = AXIS2_PLACEMENT_3D('',#7506,#7507,#7508);
#7506 = CARTESIAN_POINT('',(-1.324999999999,0.575892515047,2.31885437032
    ));
#7507 = DIRECTION('',(-6.372206296066E-17,0.173648177666,0.984807753012)
  );
#7508 = DIRECTION('',(-3.613857771773E-16,0.984807753012,-0.173648177666
    ));
#7509 = ADVANCED_FACE('',(#7510),#7521,.T.);
#7510 = FACE_BOUND('',#7511,.T.);
#7511 = EDGE_LOOP('',(#7512,#7513,#7514,#7515));
#7512 = ORIENTED_EDGE('',*,*,#7416,.T.);
#7513 = ORIENTED_EDGE('',*,*,#7499,.F.);
#7514 = ORIENTED_EDGE('',*,*,#7277,.F.);
#7515 = ORIENTED_EDGE('',*,*,#7516,.T.);
#7516 = EDGE_CURVE('',#7269,#7417,#7517,.T.);
#7517 = LINE('',#7518,#7519);
#7518 = CARTESIAN_POINT('',(-1.324999999999,0.528355735843,
    2.049259898659));
#7519 = VECTOR('',#7520,1.);
#7520 = DIRECTION('',(1.,3.669607353027E-16,0.));
#7521 = PLANE('',#7522);
#7522 = AXIS2_PLACEMENT_3D('',#7523,#7524,#7525);
#7523 = CARTESIAN_POINT('',(-1.324999999999,0.528355735843,
    2.049259898659));
#7524 = DIRECTION('',(3.613857771773E-16,-0.984807753012,0.173648177666)
  );
#7525 = DIRECTION('',(-6.372206296066E-17,0.173648177666,0.984807753012)
  );
#7526 = ADVANCED_FACE('',(#7527),#7538,.T.);
#7527 = FACE_BOUND('',#7528,.T.);
#7528 = EDGE_LOOP('',(#7529,#7530,#7531,#7532));
#7529 = ORIENTED_EDGE('',*,*,#7424,.T.);
#7530 = ORIENTED_EDGE('',*,*,#7516,.F.);
#7531 = ORIENTED_EDGE('',*,*,#7268,.F.);
#7532 = ORIENTED_EDGE('',*,*,#7533,.T.);
#7533 = EDGE_CURVE('',#7261,#7425,#7534,.T.);
#7534 = LINE('',#7535,#7536);
#7535 = CARTESIAN_POINT('',(-1.324999999999,0.52,1.953753400942));
#7536 = VECTOR('',#7537,1.);
#7537 = DIRECTION('',(1.,3.669607353027E-16,0.));
#7538 = CYLINDRICAL_SURFACE('',#7539,0.549999999999);
#7539 = AXIS2_PLACEMENT_3D('',#7540,#7541,#7542);
#7540 = CARTESIAN_POINT('',(-1.325,1.07,1.953753400942));
#7541 = DIRECTION('',(1.,3.669607353027E-16,0.));
#7542 = DIRECTION('',(0.,0.,-1.));
#7543 = ADVANCED_FACE('',(#7544),#7555,.T.);
#7544 = FACE_BOUND('',#7545,.T.);
#7545 = EDGE_LOOP('',(#7546,#7547,#7548,#7549));
#7546 = ORIENTED_EDGE('',*,*,#7433,.T.);
#7547 = ORIENTED_EDGE('',*,*,#7533,.F.);
#7548 = ORIENTED_EDGE('',*,*,#7260,.F.);
#7549 = ORIENTED_EDGE('',*,*,#7550,.T.);
#7550 = EDGE_CURVE('',#7252,#7434,#7551,.T.);
#7551 = LINE('',#7552,#7553);
#7552 = CARTESIAN_POINT('',(-1.324999999999,0.52,1.271774600533));
#7553 = VECTOR('',#7554,1.);
#7554 = DIRECTION('',(1.,3.669607353027E-16,0.));
#7555 = PLANE('',#7556);
#7556 = AXIS2_PLACEMENT_3D('',#7557,#7558,#7559);
#7557 = CARTESIAN_POINT('',(-1.324999999999,0.52,1.271774600533));
#7558 = DIRECTION('',(3.669607353027E-16,-1.,6.359154694171E-16));
#7559 = DIRECTION('',(-2.333560082477E-31,6.359154694171E-16,1.));
#7560 = ADVANCED_FACE('',(#7561),#7572,.F.);
#7561 = FACE_BOUND('',#7562,.F.);
#7562 = EDGE_LOOP('',(#7563,#7569,#7570,#7571));
#7563 = ORIENTED_EDGE('',*,*,#7564,.F.);
#7564 = EDGE_CURVE('',#7244,#7442,#7565,.T.);
#7565 = LINE('',#7566,#7567);
#7566 = CARTESIAN_POINT('',(-1.324999999999,0.511442433703,
    1.243800957783));
#7567 = VECTOR('',#7568,1.);
#7568 = DIRECTION('',(1.,3.669607353027E-16,0.));
#7569 = ORIENTED_EDGE('',*,*,#7251,.T.);
#7570 = ORIENTED_EDGE('',*,*,#7550,.T.);
#7571 = ORIENTED_EDGE('',*,*,#7441,.F.);
#7572 = CYLINDRICAL_SURFACE('',#7573,4.9999999999E-02);
#7573 = AXIS2_PLACEMENT_3D('',#7574,#7575,#7576);
#7574 = CARTESIAN_POINT('',(-1.324999999999,0.47,1.271774600533));
#7575 = DIRECTION('',(1.,3.669607353027E-16,0.));
#7576 = DIRECTION('',(0.,0.,-1.));
#7577 = ADVANCED_FACE('',(#7578),#7589,.T.);
#7578 = FACE_BOUND('',#7579,.T.);
#7579 = EDGE_LOOP('',(#7580,#7581,#7582,#7583));
#7580 = ORIENTED_EDGE('',*,*,#7450,.T.);
#7581 = ORIENTED_EDGE('',*,*,#7564,.F.);
#7582 = ORIENTED_EDGE('',*,*,#7243,.F.);
#7583 = ORIENTED_EDGE('',*,*,#7584,.T.);
#7584 = EDGE_CURVE('',#7235,#7451,#7585,.T.);
#7585 = LINE('',#7586,#7587);
#7586 = CARTESIAN_POINT('',(-1.324999999999,0.344133229258,
    0.995935469716));
#7587 = VECTOR('',#7588,1.);
#7588 = DIRECTION('',(1.,3.669607353027E-16,0.));
#7589 = PLANE('',#7590);
#7590 = AXIS2_PLACEMENT_3D('',#7591,#7592,#7593);
#7591 = CARTESIAN_POINT('',(-1.324999999999,0.344133229258,
    0.995935469716));
#7592 = DIRECTION('',(3.041549188937E-16,-0.828848674075,0.559472855001)
  );
#7593 = DIRECTION('',(-2.053045702532E-16,0.559472855001,0.828848674075)
  );
#7594 = ADVANCED_FACE('',(#7595),#7601,.T.);
#7595 = FACE_BOUND('',#7596,.T.);
#7596 = EDGE_LOOP('',(#7597,#7598,#7599,#7600));
#7597 = ORIENTED_EDGE('',*,*,#7458,.T.);
#7598 = ORIENTED_EDGE('',*,*,#7584,.F.);
#7599 = ORIENTED_EDGE('',*,*,#7234,.F.);
#7600 = ORIENTED_EDGE('',*,*,#7172,.T.);
#7601 = CYLINDRICAL_SURFACE('',#7602,0.549999999999);
#7602 = AXIS2_PLACEMENT_3D('',#7603,#7604,#7605);
#7603 = CARTESIAN_POINT('',(-1.324999999999,0.799999999999,
    0.688225399466));
#7604 = DIRECTION('',(1.,3.669607353027E-16,0.));
#7605 = DIRECTION('',(0.,0.,-1.));
#7606 = ADVANCED_FACE('',(#7607),#7618,.F.);
#7607 = FACE_BOUND('',#7608,.F.);
#7608 = EDGE_LOOP('',(#7609,#7615,#7616,#7617));
#7609 = ORIENTED_EDGE('',*,*,#7610,.F.);
#7610 = EDGE_CURVE('',#7328,#7358,#7611,.T.);
#7611 = LINE('',#7612,#7613);
#7612 = CARTESIAN_POINT('',(-1.324999999999,0.551345397777,
    0.856067255966));
#7613 = VECTOR('',#7614,1.);
#7614 = DIRECTION('',(1.,3.669607353027E-16,0.));
#7615 = ORIENTED_EDGE('',*,*,#7335,.F.);
#7616 = ORIENTED_EDGE('',*,*,#7204,.T.);
#7617 = ORIENTED_EDGE('',*,*,#7357,.T.);
#7618 = CYLINDRICAL_SURFACE('',#7619,0.299999999999);
#7619 = AXIS2_PLACEMENT_3D('',#7620,#7621,#7622);
#7620 = CARTESIAN_POINT('',(-1.324999999999,0.799999999999,
    0.688225399466));
#7621 = DIRECTION('',(1.,3.669607353027E-16,0.));
#7622 = DIRECTION('',(0.,0.,-1.));
#7623 = ADVANCED_FACE('',(#7624),#7635,.F.);
#7624 = FACE_BOUND('',#7625,.T.);
#7625 = EDGE_LOOP('',(#7626,#7627,#7628,#7629));
#7626 = ORIENTED_EDGE('',*,*,#7366,.F.);
#7627 = ORIENTED_EDGE('',*,*,#7610,.F.);
#7628 = ORIENTED_EDGE('',*,*,#7327,.T.);
#7629 = ORIENTED_EDGE('',*,*,#7630,.T.);
#7630 = EDGE_CURVE('',#7319,#7367,#7631,.T.);
#7631 = LINE('',#7632,#7633);
#7632 = CARTESIAN_POINT('',(-1.324999999999,0.718654602222,
    1.103932744033));
#7633 = VECTOR('',#7634,1.);
#7634 = DIRECTION('',(1.,3.669607353027E-16,0.));
#7635 = PLANE('',#7636);
#7636 = AXIS2_PLACEMENT_3D('',#7637,#7638,#7639);
#7637 = CARTESIAN_POINT('',(-1.324999999999,0.551345397777,
    0.856067255966));
#7638 = DIRECTION('',(3.041549188937E-16,-0.828848674075,0.559472855001)
  );
#7639 = DIRECTION('',(-2.053045702532E-16,0.559472855001,0.828848674075)
  );
#7640 = ADVANCED_FACE('',(#7641),#7652,.T.);
#7641 = FACE_BOUND('',#7642,.T.);
#7642 = EDGE_LOOP('',(#7643,#7644,#7645,#7646));
#7643 = ORIENTED_EDGE('',*,*,#7374,.F.);
#7644 = ORIENTED_EDGE('',*,*,#7630,.F.);
#7645 = ORIENTED_EDGE('',*,*,#7318,.T.);
#7646 = ORIENTED_EDGE('',*,*,#7647,.T.);
#7647 = EDGE_CURVE('',#7311,#7375,#7648,.T.);
#7648 = LINE('',#7649,#7650);
#7649 = CARTESIAN_POINT('',(-1.324999999999,0.77,1.271774600533));
#7650 = VECTOR('',#7651,1.);
#7651 = DIRECTION('',(1.,3.669607353027E-16,0.));
#7652 = CYLINDRICAL_SURFACE('',#7653,0.299999999999);
#7653 = AXIS2_PLACEMENT_3D('',#7654,#7655,#7656);
#7654 = CARTESIAN_POINT('',(-1.324999999999,0.47,1.271774600533));
#7655 = DIRECTION('',(1.,3.669607353027E-16,0.));
#7656 = DIRECTION('',(0.,0.,-1.));
#7657 = ADVANCED_FACE('',(#7658),#7669,.F.);
#7658 = FACE_BOUND('',#7659,.T.);
#7659 = EDGE_LOOP('',(#7660,#7661,#7662,#7663));
#7660 = ORIENTED_EDGE('',*,*,#7383,.F.);
#7661 = ORIENTED_EDGE('',*,*,#7647,.F.);
#7662 = ORIENTED_EDGE('',*,*,#7310,.T.);
#7663 = ORIENTED_EDGE('',*,*,#7664,.T.);
#7664 = EDGE_CURVE('',#7302,#7384,#7665,.T.);
#7665 = LINE('',#7666,#7667);
#7666 = CARTESIAN_POINT('',(-1.324999999999,0.77,1.953753400942));
#7667 = VECTOR('',#7668,1.);
#7668 = DIRECTION('',(1.,3.669607353027E-16,0.));
#7669 = PLANE('',#7670);
#7670 = AXIS2_PLACEMENT_3D('',#7671,#7672,#7673);
#7671 = CARTESIAN_POINT('',(-1.324999999999,0.77,1.271774600533));
#7672 = DIRECTION('',(3.669607353027E-16,-1.,6.359154694171E-16));
#7673 = DIRECTION('',(-2.333560082477E-31,6.359154694171E-16,1.));
#7674 = ADVANCED_FACE('',(#7675),#7681,.F.);
#7675 = FACE_BOUND('',#7676,.F.);
#7676 = EDGE_LOOP('',(#7677,#7678,#7679,#7680));
#7677 = ORIENTED_EDGE('',*,*,#7475,.F.);
#7678 = ORIENTED_EDGE('',*,*,#7301,.F.);
#7679 = ORIENTED_EDGE('',*,*,#7664,.T.);
#7680 = ORIENTED_EDGE('',*,*,#7391,.T.);
#7681 = CYLINDRICAL_SURFACE('',#7682,0.299999999999);
#7682 = AXIS2_PLACEMENT_3D('',#7683,#7684,#7685);
#7683 = CARTESIAN_POINT('',(-1.325,1.07,1.953753400942));
#7684 = DIRECTION('',(1.,3.669607353027E-16,0.));
#7685 = DIRECTION('',(0.,0.,-1.));
#7686 = ADVANCED_FACE('',(#7687),#7693,.T.);
#7687 = FACE_BOUND('',#7688,.T.);
#7688 = EDGE_LOOP('',(#7689,#7690,#7691,#7692));
#7689 = ORIENTED_EDGE('',*,*,#7227,.T.);
#7690 = ORIENTED_EDGE('',*,*,#7186,.T.);
#7691 = ORIENTED_EDGE('',*,*,#7350,.T.);
#7692 = ORIENTED_EDGE('',*,*,#7156,.F.);
#7693 = PLANE('',#7694);
#7694 = AXIS2_PLACEMENT_3D('',#7695,#7696,#7697);
#7695 = CARTESIAN_POINT('',(8.205854795163E-33,-2.08934793656E-17,0.28)
  );
#7696 = DIRECTION('',(0.,7.340952209537E-17,-1.));
#7697 = DIRECTION('',(0.,1.,7.340952209537E-17));
#7698 = ( GEOMETRIC_REPRESENTATION_CONTEXT(3) 
GLOBAL_UNCERTAINTY_ASSIGNED_CONTEXT((#7702)) 
GLOBAL_UNIT_ASSIGNED_CONTEXT((#7699,#7700,#7701)) REPRESENTATION_CONTEXT
('Context #1','3D Context with UNIT and UNCERTAINTY') );
#7699 = ( LENGTH_UNIT() NAMED_UNIT(*) SI_UNIT(.MILLI.,.METRE.) );
#7700 = ( NAMED_UNIT(*) PLANE_ANGLE_UNIT() SI_UNIT($,.RADIAN.) );
#7701 = ( NAMED_UNIT(*) SI_UNIT($,.STERADIAN.) SOLID_ANGLE_UNIT() );
#7702 = UNCERTAINTY_MEASURE_WITH_UNIT(LENGTH_MEASURE(1.E-07),#7699,
  'distance_accuracy_value','confusion accuracy');
#7703 = CONTEXT_DEPENDENT_SHAPE_REPRESENTATION(#7704,#7706);
#7704 = ( REPRESENTATION_RELATIONSHIP('','',#7139,#10) 
REPRESENTATION_RELATIONSHIP_WITH_TRANSFORMATION(#7705) 
SHAPE_REPRESENTATION_RELATIONSHIP() );
#7705 = ITEM_DEFINED_TRANSFORMATION('','',#11,#23);
#7706 = PRODUCT_DEFINITION_SHAPE('Placement','Placement of an item',
  #7707);
#7707 = NEXT_ASSEMBLY_USAGE_OCCURRENCE('3',
'CONN-SMD_HC-PBB08-2-08-M-H1.0-G1-R-P-04_1~CONN-SMD_
HC-PBB08-2-08-M-H1.0-G1-R-P-04_1~bmqH001','',#5,#7134,$);
#7708 = PRODUCT_RELATED_PRODUCT_CATEGORY('part',$,(#7136));
#7709 = SHAPE_DEFINITION_REPRESENTATION(#7710,#7716);
#7710 = PRODUCT_DEFINITION_SHAPE('','',#7711);
#7711 = PRODUCT_DEFINITION('design','',#7712,#7715);
#7712 = PRODUCT_DEFINITION_FORMATION('','',#7713);
#7713 = PRODUCT(
'CONN-SMD_HC-PBB08-2-08-M-H1.0-G1-R-P-04_1~CONN-SMD_
HC-PBB08-2-08-M-H1.0-G1-R-P-04_1~bmqH002',
'CONN-SMD_HC-PBB08-2-08-M-H1.0-G1-R-P-04_1~CONN-SMD_
HC-PBB08-2-08-M-H1.0-G1-R-P-04_1~bmqH002','',(#7714));
#7714 = PRODUCT_CONTEXT('',#2,'mechanical');
#7715 = PRODUCT_DEFINITION_CONTEXT('part definition',#2,'design');
#7716 = ADVANCED_BREP_SHAPE_REPRESENTATION('',(#11,#7717),#8376);
#7717 = MANIFOLD_SOLID_BREP('',#7718);
#7718 = CLOSED_SHELL('',(#7719,#7759,#7790,#7821,#7854,#7885,#7918,#7949
    ,#7982,#8013,#8044,#8075,#8106,#8139,#8170,#8203,#8234,#8267,#8298,
    #8322,#8349));
#7719 = ADVANCED_FACE('',(#7720),#7754,.F.);
#7720 = FACE_BOUND('',#7721,.T.);
#7721 = EDGE_LOOP('',(#7722,#7732,#7740,#7748));
#7722 = ORIENTED_EDGE('',*,*,#7723,.F.);
#7723 = EDGE_CURVE('',#7724,#7726,#7728,.T.);
#7724 = VERTEX_POINT('',#7725);
#7725 = CARTESIAN_POINT('',(-1.074999999999,-1.125442325903,
    2.005847854242));
#7726 = VERTEX_POINT('',#7727);
#7727 = CARTESIAN_POINT('',(-1.074999999999,-1.077905546699,
    2.275442325903));
#7728 = LINE('',#7729,#7730);
#7729 = CARTESIAN_POINT('',(-1.074999999999,-1.125442325903,
    2.005847854242));
#7730 = VECTOR('',#7731,1.);
#7731 = DIRECTION('',(0.,0.173648177666,0.984807753012));
#7732 = ORIENTED_EDGE('',*,*,#7733,.F.);
#7733 = EDGE_CURVE('',#7734,#7724,#7736,.T.);
#7734 = VERTEX_POINT('',#7735);
#7735 = CARTESIAN_POINT('',(-1.324999999999,-1.125442325903,
    2.005847854242));
#7736 = LINE('',#7737,#7738);
#7737 = CARTESIAN_POINT('',(-1.324999999999,-1.125442325903,
    2.005847854242));
#7738 = VECTOR('',#7739,1.);
#7739 = DIRECTION('',(1.,0.,0.));
#7740 = ORIENTED_EDGE('',*,*,#7741,.T.);
#7741 = EDGE_CURVE('',#7734,#7742,#7744,.T.);
#7742 = VERTEX_POINT('',#7743);
#7743 = CARTESIAN_POINT('',(-1.324999999999,-1.077905546699,
    2.275442325903));
#7744 = LINE('',#7745,#7746);
#7745 = CARTESIAN_POINT('',(-1.324999999999,-1.125442325903,
    2.005847854242));
#7746 = VECTOR('',#7747,1.);
#7747 = DIRECTION('',(0.,0.173648177666,0.984807753012));
#7748 = ORIENTED_EDGE('',*,*,#7749,.T.);
#7749 = EDGE_CURVE('',#7742,#7726,#7750,.T.);
#7750 = LINE('',#7751,#7752);
#7751 = CARTESIAN_POINT('',(-1.324999999999,-1.077905546699,
    2.275442325903));
#7752 = VECTOR('',#7753,1.);
#7753 = DIRECTION('',(1.,0.,0.));
#7754 = PLANE('',#7755);
#7755 = AXIS2_PLACEMENT_3D('',#7756,#7757,#7758);
#7756 = CARTESIAN_POINT('',(-1.324999999999,-1.125442325903,
    2.005847854242));
#7757 = DIRECTION('',(0.,-0.984807753012,0.173648177666));
#7758 = DIRECTION('',(0.,0.173648177666,0.984807753012));
#7759 = ADVANCED_FACE('',(#7760),#7785,.T.);
#7760 = FACE_BOUND('',#7761,.T.);
#7761 = EDGE_LOOP('',(#7762,#7770,#7771,#7779));
#7762 = ORIENTED_EDGE('',*,*,#7763,.T.);
#7763 = EDGE_CURVE('',#7764,#7726,#7766,.T.);
#7764 = VERTEX_POINT('',#7765);
#7765 = CARTESIAN_POINT('',(-1.074999999999,-1.324107484952,
    2.31885437032));
#7766 = LINE('',#7767,#7768);
#7767 = CARTESIAN_POINT('',(-1.074999999999,-1.324107484952,
    2.31885437032));
#7768 = VECTOR('',#7769,1.);
#7769 = DIRECTION('',(0.,0.984807753012,-0.173648177666));
#7770 = ORIENTED_EDGE('',*,*,#7749,.F.);
#7771 = ORIENTED_EDGE('',*,*,#7772,.F.);
#7772 = EDGE_CURVE('',#7773,#7742,#7775,.T.);
#7773 = VERTEX_POINT('',#7774);
#7774 = CARTESIAN_POINT('',(-1.324999999999,-1.324107484952,
    2.31885437032));
#7775 = LINE('',#7776,#7777);
#7776 = CARTESIAN_POINT('',(-1.324999999999,-1.324107484952,
    2.31885437032));
#7777 = VECTOR('',#7778,1.);
#7778 = DIRECTION('',(0.,0.984807753012,-0.173648177666));
#7779 = ORIENTED_EDGE('',*,*,#7780,.T.);
#7780 = EDGE_CURVE('',#7773,#7764,#7781,.T.);
#7781 = LINE('',#7782,#7783);
#7782 = CARTESIAN_POINT('',(-1.324999999999,-1.324107484952,
    2.31885437032));
#7783 = VECTOR('',#7784,1.);
#7784 = DIRECTION('',(1.,0.,0.));
#7785 = PLANE('',#7786);
#7786 = AXIS2_PLACEMENT_3D('',#7787,#7788,#7789);
#7787 = CARTESIAN_POINT('',(-1.324999999999,-1.324107484952,
    2.31885437032));
#7788 = DIRECTION('',(0.,0.173648177666,0.984807753012));
#7789 = DIRECTION('',(0.,0.984807753012,-0.173648177666));
#7790 = ADVANCED_FACE('',(#7791),#7816,.T.);
#7791 = FACE_BOUND('',#7792,.T.);
#7792 = EDGE_LOOP('',(#7793,#7801,#7802,#7810));
#7793 = ORIENTED_EDGE('',*,*,#7794,.T.);
#7794 = EDGE_CURVE('',#7795,#7764,#7797,.T.);
#7795 = VERTEX_POINT('',#7796);
#7796 = CARTESIAN_POINT('',(-1.074999999999,-1.371644264156,
    2.049259898659));
#7797 = LINE('',#7798,#7799);
#7798 = CARTESIAN_POINT('',(-1.074999999999,-1.371644264156,
    2.049259898659));
#7799 = VECTOR('',#7800,1.);
#7800 = DIRECTION('',(0.,0.173648177666,0.984807753012));
#7801 = ORIENTED_EDGE('',*,*,#7780,.F.);
#7802 = ORIENTED_EDGE('',*,*,#7803,.F.);
#7803 = EDGE_CURVE('',#7804,#7773,#7806,.T.);
#7804 = VERTEX_POINT('',#7805);
#7805 = CARTESIAN_POINT('',(-1.324999999999,-1.371644264156,
    2.049259898659));
#7806 = LINE('',#7807,#7808);
#7807 = CARTESIAN_POINT('',(-1.324999999999,-1.371644264156,
    2.049259898659));
#7808 = VECTOR('',#7809,1.);
#7809 = DIRECTION('',(0.,0.173648177666,0.984807753012));
#7810 = ORIENTED_EDGE('',*,*,#7811,.T.);
#7811 = EDGE_CURVE('',#7804,#7795,#7812,.T.);
#7812 = LINE('',#7813,#7814);
#7813 = CARTESIAN_POINT('',(-1.324999999999,-1.371644264156,
    2.049259898659));
#7814 = VECTOR('',#7815,1.);
#7815 = DIRECTION('',(1.,0.,0.));
#7816 = PLANE('',#7817);
#7817 = AXIS2_PLACEMENT_3D('',#7818,#7819,#7820);
#7818 = CARTESIAN_POINT('',(-1.324999999999,-1.371644264156,
    2.049259898659));
#7819 = DIRECTION('',(0.,-0.984807753012,0.173648177666));
#7820 = DIRECTION('',(0.,0.173648177666,0.984807753012));
#7821 = ADVANCED_FACE('',(#7822),#7849,.T.);
#7822 = FACE_BOUND('',#7823,.T.);
#7823 = EDGE_LOOP('',(#7824,#7833,#7834,#7843));
#7824 = ORIENTED_EDGE('',*,*,#7825,.T.);
#7825 = EDGE_CURVE('',#7826,#7795,#7828,.T.);
#7826 = VERTEX_POINT('',#7827);
#7827 = CARTESIAN_POINT('',(-1.074999999999,-1.379999999999,
    1.953753400942));
#7828 = CIRCLE('',#7829,0.549999999999);
#7829 = AXIS2_PLACEMENT_3D('',#7830,#7831,#7832);
#7830 = CARTESIAN_POINT('',(-1.074999999999,-0.829999999999,
    1.953753400942));
#7831 = DIRECTION('',(-1.,0.,0.));
#7832 = DIRECTION('',(0.,1.163053239575E-14,1.));
#7833 = ORIENTED_EDGE('',*,*,#7811,.F.);
#7834 = ORIENTED_EDGE('',*,*,#7835,.F.);
#7835 = EDGE_CURVE('',#7836,#7804,#7838,.T.);
#7836 = VERTEX_POINT('',#7837);
#7837 = CARTESIAN_POINT('',(-1.324999999999,-1.379999999999,
    1.953753400942));
#7838 = CIRCLE('',#7839,0.549999999999);
#7839 = AXIS2_PLACEMENT_3D('',#7840,#7841,#7842);
#7840 = CARTESIAN_POINT('',(-1.324999999999,-0.829999999999,
    1.953753400942));
#7841 = DIRECTION('',(-1.,0.,0.));
#7842 = DIRECTION('',(0.,1.163053239575E-14,1.));
#7843 = ORIENTED_EDGE('',*,*,#7844,.T.);
#7844 = EDGE_CURVE('',#7836,#7826,#7845,.T.);
#7845 = LINE('',#7846,#7847);
#7846 = CARTESIAN_POINT('',(-1.324999999999,-1.379999999999,
    1.953753400942));
#7847 = VECTOR('',#7848,1.);
#7848 = DIRECTION('',(1.,0.,0.));
#7849 = CYLINDRICAL_SURFACE('',#7850,0.549999999999);
#7850 = AXIS2_PLACEMENT_3D('',#7851,#7852,#7853);
#7851 = CARTESIAN_POINT('',(-1.324999999999,-0.829999999999,
    1.953753400942));
#7852 = DIRECTION('',(1.,0.,0.));
#7853 = DIRECTION('',(0.,0.,-1.));
#7854 = ADVANCED_FACE('',(#7855),#7880,.T.);
#7855 = FACE_BOUND('',#7856,.T.);
#7856 = EDGE_LOOP('',(#7857,#7865,#7866,#7874));
#7857 = ORIENTED_EDGE('',*,*,#7858,.T.);
#7858 = EDGE_CURVE('',#7859,#7826,#7861,.T.);
#7859 = VERTEX_POINT('',#7860);
#7860 = CARTESIAN_POINT('',(-1.074999999999,-1.379999999999,
    1.271774600533));
#7861 = LINE('',#7862,#7863);
#7862 = CARTESIAN_POINT('',(-1.074999999999,-1.379999999999,
    1.271774600533));
#7863 = VECTOR('',#7864,1.);
#7864 = DIRECTION('',(0.,6.359154694171E-16,1.));
#7865 = ORIENTED_EDGE('',*,*,#7844,.F.);
#7866 = ORIENTED_EDGE('',*,*,#7867,.F.);
#7867 = EDGE_CURVE('',#7868,#7836,#7870,.T.);
#7868 = VERTEX_POINT('',#7869);
#7869 = CARTESIAN_POINT('',(-1.324999999999,-1.379999999999,
    1.271774600533));
#7870 = LINE('',#7871,#7872);
#7871 = CARTESIAN_POINT('',(-1.324999999999,-1.379999999999,
    1.271774600533));
#7872 = VECTOR('',#7873,1.);
#7873 = DIRECTION('',(0.,6.359154694171E-16,1.));
#7874 = ORIENTED_EDGE('',*,*,#7875,.T.);
#7875 = EDGE_CURVE('',#7868,#7859,#7876,.T.);
#7876 = LINE('',#7877,#7878);
#7877 = CARTESIAN_POINT('',(-1.324999999999,-1.379999999999,
    1.271774600533));
#7878 = VECTOR('',#7879,1.);
#7879 = DIRECTION('',(1.,0.,0.));
#7880 = PLANE('',#7881);
#7881 = AXIS2_PLACEMENT_3D('',#7882,#7883,#7884);
#7882 = CARTESIAN_POINT('',(-1.324999999999,-1.379999999999,
    1.271774600533));
#7883 = DIRECTION('',(0.,-1.,6.359154694171E-16));
#7884 = DIRECTION('',(0.,6.359154694171E-16,1.));
#7885 = ADVANCED_FACE('',(#7886),#7913,.F.);
#7886 = FACE_BOUND('',#7887,.F.);
#7887 = EDGE_LOOP('',(#7888,#7898,#7905,#7906));
#7888 = ORIENTED_EDGE('',*,*,#7889,.F.);
#7889 = EDGE_CURVE('',#7890,#7892,#7894,.T.);
#7890 = VERTEX_POINT('',#7891);
#7891 = CARTESIAN_POINT('',(-1.324999999999,-1.388557566296,
    1.243800957783));
#7892 = VERTEX_POINT('',#7893);
#7893 = CARTESIAN_POINT('',(-1.074999999999,-1.388557566296,
    1.243800957783));
#7894 = LINE('',#7895,#7896);
#7895 = CARTESIAN_POINT('',(-1.324999999999,-1.388557566296,
    1.243800957783));
#7896 = VECTOR('',#7897,1.);
#7897 = DIRECTION('',(1.,0.,0.));
#7898 = ORIENTED_EDGE('',*,*,#7899,.T.);
#7899 = EDGE_CURVE('',#7890,#7868,#7900,.T.);
#7900 = CIRCLE('',#7901,4.9999999999E-02);
#7901 = AXIS2_PLACEMENT_3D('',#7902,#7903,#7904);
#7902 = CARTESIAN_POINT('',(-1.324999999999,-1.429999999999,
    1.271774600533));
#7903 = DIRECTION('',(1.,0.,-0.));
#7904 = DIRECTION('',(0.,0.,1.));
#7905 = ORIENTED_EDGE('',*,*,#7875,.T.);
#7906 = ORIENTED_EDGE('',*,*,#7907,.F.);
#7907 = EDGE_CURVE('',#7892,#7859,#7908,.T.);
#7908 = CIRCLE('',#7909,4.9999999999E-02);
#7909 = AXIS2_PLACEMENT_3D('',#7910,#7911,#7912);
#7910 = CARTESIAN_POINT('',(-1.074999999999,-1.429999999999,
    1.271774600533));
#7911 = DIRECTION('',(1.,0.,-0.));
#7912 = DIRECTION('',(0.,0.,1.));
#7913 = CYLINDRICAL_SURFACE('',#7914,4.9999999999E-02);
#7914 = AXIS2_PLACEMENT_3D('',#7915,#7916,#7917);
#7915 = CARTESIAN_POINT('',(-1.324999999999,-1.429999999999,
    1.271774600533));
#7916 = DIRECTION('',(1.,0.,0.));
#7917 = DIRECTION('',(0.,0.,-1.));
#7918 = ADVANCED_FACE('',(#7919),#7944,.T.);
#7919 = FACE_BOUND('',#7920,.T.);
#7920 = EDGE_LOOP('',(#7921,#7929,#7930,#7938));
#7921 = ORIENTED_EDGE('',*,*,#7922,.T.);
#7922 = EDGE_CURVE('',#7923,#7892,#7925,.T.);
#7923 = VERTEX_POINT('',#7924);
#7924 = CARTESIAN_POINT('',(-1.074999999999,-1.555866770741,
    0.995935469716));
#7925 = LINE('',#7926,#7927);
#7926 = CARTESIAN_POINT('',(-1.074999999999,-1.555866770741,
    0.995935469716));
#7927 = VECTOR('',#7928,1.);
#7928 = DIRECTION('',(0.,0.559472855001,0.828848674075));
#7929 = ORIENTED_EDGE('',*,*,#7889,.F.);
#7930 = ORIENTED_EDGE('',*,*,#7931,.F.);
#7931 = EDGE_CURVE('',#7932,#7890,#7934,.T.);
#7932 = VERTEX_POINT('',#7933);
#7933 = CARTESIAN_POINT('',(-1.324999999999,-1.555866770741,
    0.995935469716));
#7934 = LINE('',#7935,#7936);
#7935 = CARTESIAN_POINT('',(-1.324999999999,-1.555866770741,
    0.995935469716));
#7936 = VECTOR('',#7937,1.);
#7937 = DIRECTION('',(0.,0.559472855001,0.828848674075));
#7938 = ORIENTED_EDGE('',*,*,#7939,.T.);
#7939 = EDGE_CURVE('',#7932,#7923,#7940,.T.);
#7940 = LINE('',#7941,#7942);
#7941 = CARTESIAN_POINT('',(-1.324999999999,-1.555866770741,
    0.995935469716));
#7942 = VECTOR('',#7943,1.);
#7943 = DIRECTION('',(1.,0.,0.));
#7944 = PLANE('',#7945);
#7945 = AXIS2_PLACEMENT_3D('',#7946,#7947,#7948);
#7946 = CARTESIAN_POINT('',(-1.324999999999,-1.555866770741,
    0.995935469716));
#7947 = DIRECTION('',(0.,-0.828848674075,0.559472855001));
#7948 = DIRECTION('',(0.,0.559472855001,0.828848674075));
#7949 = ADVANCED_FACE('',(#7950),#7977,.T.);
#7950 = FACE_BOUND('',#7951,.T.);
#7951 = EDGE_LOOP('',(#7952,#7961,#7962,#7971));
#7952 = ORIENTED_EDGE('',*,*,#7953,.T.);
#7953 = EDGE_CURVE('',#7954,#7923,#7956,.T.);
#7954 = VERTEX_POINT('',#7955);
#7955 = CARTESIAN_POINT('',(-1.074999999999,-1.649999999999,
    0.688225399466));
#7956 = CIRCLE('',#7957,0.55);
#7957 = AXIS2_PLACEMENT_3D('',#7958,#7959,#7960);
#7958 = CARTESIAN_POINT('',(-1.074999999999,-1.1,0.688225399466));
#7959 = DIRECTION('',(-1.,0.,0.));
#7960 = DIRECTION('',(0.,-7.096596038086E-15,1.));
#7961 = ORIENTED_EDGE('',*,*,#7939,.F.);
#7962 = ORIENTED_EDGE('',*,*,#7963,.F.);
#7963 = EDGE_CURVE('',#7964,#7932,#7966,.T.);
#7964 = VERTEX_POINT('',#7965);
#7965 = CARTESIAN_POINT('',(-1.324999999999,-1.649999999999,
    0.688225399466));
#7966 = CIRCLE('',#7967,0.55);
#7967 = AXIS2_PLACEMENT_3D('',#7968,#7969,#7970);
#7968 = CARTESIAN_POINT('',(-1.324999999999,-1.1,0.688225399466));
#7969 = DIRECTION('',(-1.,0.,0.));
#7970 = DIRECTION('',(0.,-7.096596038086E-15,1.));
#7971 = ORIENTED_EDGE('',*,*,#7972,.T.);
#7972 = EDGE_CURVE('',#7964,#7954,#7973,.T.);
#7973 = LINE('',#7974,#7975);
#7974 = CARTESIAN_POINT('',(-1.324999999999,-1.649999999999,
    0.688225399466));
#7975 = VECTOR('',#7976,1.);
#7976 = DIRECTION('',(1.,0.,0.));
#7977 = CYLINDRICAL_SURFACE('',#7978,0.549999999999);
#7978 = AXIS2_PLACEMENT_3D('',#7979,#7980,#7981);
#7979 = CARTESIAN_POINT('',(-1.324999999999,-1.1,0.688225399466));
#7980 = DIRECTION('',(1.,0.,0.));
#7981 = DIRECTION('',(0.,0.,-1.));
#7982 = ADVANCED_FACE('',(#7983),#8008,.T.);
#7983 = FACE_BOUND('',#7984,.T.);
#7984 = EDGE_LOOP('',(#7985,#7993,#7994,#8002));
#7985 = ORIENTED_EDGE('',*,*,#7986,.T.);
#7986 = EDGE_CURVE('',#7987,#7954,#7989,.T.);
#7987 = VERTEX_POINT('',#7988);
#7988 = CARTESIAN_POINT('',(-1.074999999999,-1.649999999999,0.23));
#7989 = LINE('',#7990,#7991);
#7990 = CARTESIAN_POINT('',(-1.074999999999,-1.649999999999,0.18));
#7991 = VECTOR('',#7992,1.);
#7992 = DIRECTION('',(0.,0.,1.));
#7993 = ORIENTED_EDGE('',*,*,#7972,.F.);
#7994 = ORIENTED_EDGE('',*,*,#7995,.F.);
#7995 = EDGE_CURVE('',#7996,#7964,#7998,.T.);
#7996 = VERTEX_POINT('',#7997);
#7997 = CARTESIAN_POINT('',(-1.324999999999,-1.649999999999,0.23));
#7998 = LINE('',#7999,#8000);
#7999 = CARTESIAN_POINT('',(-1.324999999999,-1.649999999999,0.18));
#8000 = VECTOR('',#8001,1.);
#8001 = DIRECTION('',(0.,0.,1.));
#8002 = ORIENTED_EDGE('',*,*,#8003,.T.);
#8003 = EDGE_CURVE('',#7996,#7987,#8004,.T.);
#8004 = LINE('',#8005,#8006);
#8005 = CARTESIAN_POINT('',(-1.324999999999,-1.649999999999,0.23));
#8006 = VECTOR('',#8007,1.);
#8007 = DIRECTION('',(1.,0.,0.));
#8008 = PLANE('',#8009);
#8009 = AXIS2_PLACEMENT_3D('',#8010,#8011,#8012);
#8010 = CARTESIAN_POINT('',(-1.324999999999,-1.649999999999,0.18));
#8011 = DIRECTION('',(0.,-1.,0.));
#8012 = DIRECTION('',(0.,0.,1.));
#8013 = ADVANCED_FACE('',(#8014),#8039,.T.);
#8014 = FACE_BOUND('',#8015,.T.);
#8015 = EDGE_LOOP('',(#8016,#8024,#8025,#8033));
#8016 = ORIENTED_EDGE('',*,*,#8017,.T.);
#8017 = EDGE_CURVE('',#8018,#7987,#8020,.T.);
#8018 = VERTEX_POINT('',#8019);
#8019 = CARTESIAN_POINT('',(-1.074999999999,-2.6,0.23));
#8020 = LINE('',#8021,#8022);
#8021 = CARTESIAN_POINT('',(-1.074999999999,-2.6,0.23));
#8022 = VECTOR('',#8023,1.);
#8023 = DIRECTION('',(0.,1.,7.453889935837E-17));
#8024 = ORIENTED_EDGE('',*,*,#8003,.F.);
#8025 = ORIENTED_EDGE('',*,*,#8026,.F.);
#8026 = EDGE_CURVE('',#8027,#7996,#8029,.T.);
#8027 = VERTEX_POINT('',#8028);
#8028 = CARTESIAN_POINT('',(-1.324999999999,-2.6,0.23));
#8029 = LINE('',#8030,#8031);
#8030 = CARTESIAN_POINT('',(-1.324999999999,-2.6,0.23));
#8031 = VECTOR('',#8032,1.);
#8032 = DIRECTION('',(0.,1.,7.453889935837E-17));
#8033 = ORIENTED_EDGE('',*,*,#8034,.T.);
#8034 = EDGE_CURVE('',#8027,#8018,#8035,.T.);
#8035 = LINE('',#8036,#8037);
#8036 = CARTESIAN_POINT('',(-1.324999999999,-2.6,0.23));
#8037 = VECTOR('',#8038,1.);
#8038 = DIRECTION('',(1.,0.,0.));
#8039 = PLANE('',#8040);
#8040 = AXIS2_PLACEMENT_3D('',#8041,#8042,#8043);
#8041 = CARTESIAN_POINT('',(-1.324999999999,-2.6,0.23));
#8042 = DIRECTION('',(0.,-7.453889935837E-17,1.));
#8043 = DIRECTION('',(0.,1.,7.453889935837E-17));
#8044 = ADVANCED_FACE('',(#8045),#8070,.T.);
#8045 = FACE_BOUND('',#8046,.T.);
#8046 = EDGE_LOOP('',(#8047,#8055,#8056,#8064));
#8047 = ORIENTED_EDGE('',*,*,#8048,.T.);
#8048 = EDGE_CURVE('',#8049,#8018,#8051,.T.);
#8049 = VERTEX_POINT('',#8050);
#8050 = CARTESIAN_POINT('',(-1.074999999999,-2.6,-1.9999999999E-02));
#8051 = LINE('',#8052,#8053);
#8052 = CARTESIAN_POINT('',(-1.074999999999,-2.6,-1.9999999999E-02));
#8053 = VECTOR('',#8054,1.);
#8054 = DIRECTION('',(0.,0.,1.));
#8055 = ORIENTED_EDGE('',*,*,#8034,.F.);
#8056 = ORIENTED_EDGE('',*,*,#8057,.F.);
#8057 = EDGE_CURVE('',#8058,#8027,#8060,.T.);
#8058 = VERTEX_POINT('',#8059);
#8059 = CARTESIAN_POINT('',(-1.324999999999,-2.6,-1.9999999999E-02));
#8060 = LINE('',#8061,#8062);
#8061 = CARTESIAN_POINT('',(-1.324999999999,-2.6,-1.9999999999E-02));
#8062 = VECTOR('',#8063,1.);
#8063 = DIRECTION('',(0.,0.,1.));
#8064 = ORIENTED_EDGE('',*,*,#8065,.T.);
#8065 = EDGE_CURVE('',#8058,#8049,#8066,.T.);
#8066 = LINE('',#8067,#8068);
#8067 = CARTESIAN_POINT('',(-1.324999999999,-2.6,-1.9999999999E-02));
#8068 = VECTOR('',#8069,1.);
#8069 = DIRECTION('',(1.,0.,0.));
#8070 = PLANE('',#8071);
#8071 = AXIS2_PLACEMENT_3D('',#8072,#8073,#8074);
#8072 = CARTESIAN_POINT('',(-1.324999999999,-2.6,-1.9999999999E-02));
#8073 = DIRECTION('',(0.,-1.,0.));
#8074 = DIRECTION('',(0.,0.,1.));
#8075 = ADVANCED_FACE('',(#8076),#8101,.F.);
#8076 = FACE_BOUND('',#8077,.T.);
#8077 = EDGE_LOOP('',(#8078,#8086,#8087,#8095));
#8078 = ORIENTED_EDGE('',*,*,#8079,.F.);
#8079 = EDGE_CURVE('',#8049,#8080,#8082,.T.);
#8080 = VERTEX_POINT('',#8081);
#8081 = CARTESIAN_POINT('',(-1.074999999999,-1.6,-1.9999999999E-02));
#8082 = LINE('',#8083,#8084);
#8083 = CARTESIAN_POINT('',(-1.074999999999,-2.6,-1.9999999999E-02));
#8084 = VECTOR('',#8085,1.);
#8085 = DIRECTION('',(0.,1.,7.453889935837E-17));
#8086 = ORIENTED_EDGE('',*,*,#8065,.F.);
#8087 = ORIENTED_EDGE('',*,*,#8088,.T.);
#8088 = EDGE_CURVE('',#8058,#8089,#8091,.T.);
#8089 = VERTEX_POINT('',#8090);
#8090 = CARTESIAN_POINT('',(-1.324999999999,-1.6,-1.9999999999E-02));
#8091 = LINE('',#8092,#8093);
#8092 = CARTESIAN_POINT('',(-1.324999999999,-2.6,-1.9999999999E-02));
#8093 = VECTOR('',#8094,1.);
#8094 = DIRECTION('',(0.,1.,7.453889935837E-17));
#8095 = ORIENTED_EDGE('',*,*,#8096,.T.);
#8096 = EDGE_CURVE('',#8089,#8080,#8097,.T.);
#8097 = LINE('',#8098,#8099);
#8098 = CARTESIAN_POINT('',(-1.324999999999,-1.6,-1.9999999999E-02));
#8099 = VECTOR('',#8100,1.);
#8100 = DIRECTION('',(1.,0.,0.));
#8101 = PLANE('',#8102);
#8102 = AXIS2_PLACEMENT_3D('',#8103,#8104,#8105);
#8103 = CARTESIAN_POINT('',(-1.324999999999,-2.6,-1.9999999999E-02));
#8104 = DIRECTION('',(0.,-7.453889935837E-17,1.));
#8105 = DIRECTION('',(0.,1.,7.453889935837E-17));
#8106 = ADVANCED_FACE('',(#8107),#8134,.T.);
#8107 = FACE_BOUND('',#8108,.T.);
#8108 = EDGE_LOOP('',(#8109,#8118,#8119,#8128));
#8109 = ORIENTED_EDGE('',*,*,#8110,.F.);
#8110 = EDGE_CURVE('',#8080,#8111,#8113,.T.);
#8111 = VERTEX_POINT('',#8112);
#8112 = CARTESIAN_POINT('',(-1.074999999999,-1.399999999999,0.18));
#8113 = CIRCLE('',#8114,0.2);
#8114 = AXIS2_PLACEMENT_3D('',#8115,#8116,#8117);
#8115 = CARTESIAN_POINT('',(-1.074999999999,-1.6,0.18));
#8116 = DIRECTION('',(1.,0.,-0.));
#8117 = DIRECTION('',(0.,0.,1.));
#8118 = ORIENTED_EDGE('',*,*,#8096,.F.);
#8119 = ORIENTED_EDGE('',*,*,#8120,.T.);
#8120 = EDGE_CURVE('',#8089,#8121,#8123,.T.);
#8121 = VERTEX_POINT('',#8122);
#8122 = CARTESIAN_POINT('',(-1.324999999999,-1.399999999999,0.18));
#8123 = CIRCLE('',#8124,0.2);
#8124 = AXIS2_PLACEMENT_3D('',#8125,#8126,#8127);
#8125 = CARTESIAN_POINT('',(-1.324999999999,-1.6,0.18));
#8126 = DIRECTION('',(1.,0.,-0.));
#8127 = DIRECTION('',(0.,0.,1.));
#8128 = ORIENTED_EDGE('',*,*,#8129,.T.);
#8129 = EDGE_CURVE('',#8121,#8111,#8130,.T.);
#8130 = LINE('',#8131,#8132);
#8131 = CARTESIAN_POINT('',(-1.324999999999,-1.399999999999,0.18));
#8132 = VECTOR('',#8133,1.);
#8133 = DIRECTION('',(1.,0.,0.));
#8134 = CYLINDRICAL_SURFACE('',#8135,0.2);
#8135 = AXIS2_PLACEMENT_3D('',#8136,#8137,#8138);
#8136 = CARTESIAN_POINT('',(-1.324999999999,-1.6,0.18));
#8137 = DIRECTION('',(1.,0.,0.));
#8138 = DIRECTION('',(0.,0.,-1.));
#8139 = ADVANCED_FACE('',(#8140),#8165,.F.);
#8140 = FACE_BOUND('',#8141,.T.);
#8141 = EDGE_LOOP('',(#8142,#8150,#8151,#8159));
#8142 = ORIENTED_EDGE('',*,*,#8143,.F.);
#8143 = EDGE_CURVE('',#8111,#8144,#8146,.T.);
#8144 = VERTEX_POINT('',#8145);
#8145 = CARTESIAN_POINT('',(-1.074999999999,-1.399999999999,
    0.688225399466));
#8146 = LINE('',#8147,#8148);
#8147 = CARTESIAN_POINT('',(-1.074999999999,-1.399999999999,0.18));
#8148 = VECTOR('',#8149,1.);
#8149 = DIRECTION('',(0.,0.,1.));
#8150 = ORIENTED_EDGE('',*,*,#8129,.F.);
#8151 = ORIENTED_EDGE('',*,*,#8152,.T.);
#8152 = EDGE_CURVE('',#8121,#8153,#8155,.T.);
#8153 = VERTEX_POINT('',#8154);
#8154 = CARTESIAN_POINT('',(-1.324999999999,-1.399999999999,
    0.688225399466));
#8155 = LINE('',#8156,#8157);
#8156 = CARTESIAN_POINT('',(-1.324999999999,-1.399999999999,0.18));
#8157 = VECTOR('',#8158,1.);
#8158 = DIRECTION('',(0.,0.,1.));
#8159 = ORIENTED_EDGE('',*,*,#8160,.T.);
#8160 = EDGE_CURVE('',#8153,#8144,#8161,.T.);
#8161 = LINE('',#8162,#8163);
#8162 = CARTESIAN_POINT('',(-1.324999999999,-1.399999999999,
    0.688225399466));
#8163 = VECTOR('',#8164,1.);
#8164 = DIRECTION('',(1.,0.,0.));
#8165 = PLANE('',#8166);
#8166 = AXIS2_PLACEMENT_3D('',#8167,#8168,#8169);
#8167 = CARTESIAN_POINT('',(-1.324999999999,-1.399999999999,0.18));
#8168 = DIRECTION('',(0.,-1.,0.));
#8169 = DIRECTION('',(0.,0.,1.));
#8170 = ADVANCED_FACE('',(#8171),#8198,.F.);
#8171 = FACE_BOUND('',#8172,.F.);
#8172 = EDGE_LOOP('',(#8173,#8183,#8190,#8191));
#8173 = ORIENTED_EDGE('',*,*,#8174,.F.);
#8174 = EDGE_CURVE('',#8175,#8177,#8179,.T.);
#8175 = VERTEX_POINT('',#8176);
#8176 = CARTESIAN_POINT('',(-1.324999999999,-1.348654602222,
    0.856067255966));
#8177 = VERTEX_POINT('',#8178);
#8178 = CARTESIAN_POINT('',(-1.074999999999,-1.348654602222,
    0.856067255966));
#8179 = LINE('',#8180,#8181);
#8180 = CARTESIAN_POINT('',(-1.324999999999,-1.348654602222,
    0.856067255966));
#8181 = VECTOR('',#8182,1.);
#8182 = DIRECTION('',(1.,0.,0.));
#8183 = ORIENTED_EDGE('',*,*,#8184,.F.);
#8184 = EDGE_CURVE('',#8153,#8175,#8185,.T.);
#8185 = CIRCLE('',#8186,0.299999999999);
#8186 = AXIS2_PLACEMENT_3D('',#8187,#8188,#8189);
#8187 = CARTESIAN_POINT('',(-1.324999999999,-1.1,0.688225399466));
#8188 = DIRECTION('',(-1.,0.,0.));
#8189 = DIRECTION('',(0.,0.,-1.));
#8190 = ORIENTED_EDGE('',*,*,#8160,.T.);
#8191 = ORIENTED_EDGE('',*,*,#8192,.T.);
#8192 = EDGE_CURVE('',#8144,#8177,#8193,.T.);
#8193 = CIRCLE('',#8194,0.299999999999);
#8194 = AXIS2_PLACEMENT_3D('',#8195,#8196,#8197);
#8195 = CARTESIAN_POINT('',(-1.074999999999,-1.1,0.688225399466));
#8196 = DIRECTION('',(-1.,0.,0.));
#8197 = DIRECTION('',(0.,0.,-1.));
#8198 = CYLINDRICAL_SURFACE('',#8199,0.299999999999);
#8199 = AXIS2_PLACEMENT_3D('',#8200,#8201,#8202);
#8200 = CARTESIAN_POINT('',(-1.324999999999,-1.1,0.688225399466));
#8201 = DIRECTION('',(1.,0.,0.));
#8202 = DIRECTION('',(0.,0.,-1.));
#8203 = ADVANCED_FACE('',(#8204),#8229,.F.);
#8204 = FACE_BOUND('',#8205,.T.);
#8205 = EDGE_LOOP('',(#8206,#8214,#8215,#8223));
#8206 = ORIENTED_EDGE('',*,*,#8207,.F.);
#8207 = EDGE_CURVE('',#8177,#8208,#8210,.T.);
#8208 = VERTEX_POINT('',#8209);
#8209 = CARTESIAN_POINT('',(-1.074999999999,-1.181345397777,
    1.103932744033));
#8210 = LINE('',#8211,#8212);
#8211 = CARTESIAN_POINT('',(-1.074999999999,-1.348654602222,
    0.856067255966));
#8212 = VECTOR('',#8213,1.);
#8213 = DIRECTION('',(0.,0.559472855001,0.828848674075));
#8214 = ORIENTED_EDGE('',*,*,#8174,.F.);
#8215 = ORIENTED_EDGE('',*,*,#8216,.T.);
#8216 = EDGE_CURVE('',#8175,#8217,#8219,.T.);
#8217 = VERTEX_POINT('',#8218);
#8218 = CARTESIAN_POINT('',(-1.324999999999,-1.181345397777,
    1.103932744033));
#8219 = LINE('',#8220,#8221);
#8220 = CARTESIAN_POINT('',(-1.324999999999,-1.348654602222,
    0.856067255966));
#8221 = VECTOR('',#8222,1.);
#8222 = DIRECTION('',(0.,0.559472855001,0.828848674075));
#8223 = ORIENTED_EDGE('',*,*,#8224,.T.);
#8224 = EDGE_CURVE('',#8217,#8208,#8225,.T.);
#8225 = LINE('',#8226,#8227);
#8226 = CARTESIAN_POINT('',(-1.324999999999,-1.181345397777,
    1.103932744033));
#8227 = VECTOR('',#8228,1.);
#8228 = DIRECTION('',(1.,0.,0.));
#8229 = PLANE('',#8230);
#8230 = AXIS2_PLACEMENT_3D('',#8231,#8232,#8233);
#8231 = CARTESIAN_POINT('',(-1.324999999999,-1.348654602222,
    0.856067255966));
#8232 = DIRECTION('',(0.,-0.828848674075,0.559472855001));
#8233 = DIRECTION('',(0.,0.559472855001,0.828848674075));
#8234 = ADVANCED_FACE('',(#8235),#8262,.T.);
#8235 = FACE_BOUND('',#8236,.T.);
#8236 = EDGE_LOOP('',(#8237,#8246,#8247,#8256));
#8237 = ORIENTED_EDGE('',*,*,#8238,.F.);
#8238 = EDGE_CURVE('',#8208,#8239,#8241,.T.);
#8239 = VERTEX_POINT('',#8240);
#8240 = CARTESIAN_POINT('',(-1.074999999999,-1.129999999999,
    1.271774600533));
#8241 = CIRCLE('',#8242,0.299999999999);
#8242 = AXIS2_PLACEMENT_3D('',#8243,#8244,#8245);
#8243 = CARTESIAN_POINT('',(-1.074999999999,-1.429999999999,
    1.271774600533));
#8244 = DIRECTION('',(1.,0.,-0.));
#8245 = DIRECTION('',(0.,0.,1.));
#8246 = ORIENTED_EDGE('',*,*,#8224,.F.);
#8247 = ORIENTED_EDGE('',*,*,#8248,.T.);
#8248 = EDGE_CURVE('',#8217,#8249,#8251,.T.);
#8249 = VERTEX_POINT('',#8250);
#8250 = CARTESIAN_POINT('',(-1.324999999999,-1.129999999999,
    1.271774600533));
#8251 = CIRCLE('',#8252,0.299999999999);
#8252 = AXIS2_PLACEMENT_3D('',#8253,#8254,#8255);
#8253 = CARTESIAN_POINT('',(-1.324999999999,-1.429999999999,
    1.271774600533));
#8254 = DIRECTION('',(1.,0.,-0.));
#8255 = DIRECTION('',(0.,0.,1.));
#8256 = ORIENTED_EDGE('',*,*,#8257,.T.);
#8257 = EDGE_CURVE('',#8249,#8239,#8258,.T.);
#8258 = LINE('',#8259,#8260);
#8259 = CARTESIAN_POINT('',(-1.324999999999,-1.129999999999,
    1.271774600533));
#8260 = VECTOR('',#8261,1.);
#8261 = DIRECTION('',(1.,0.,0.));
#8262 = CYLINDRICAL_SURFACE('',#8263,0.299999999999);
#8263 = AXIS2_PLACEMENT_3D('',#8264,#8265,#8266);
#8264 = CARTESIAN_POINT('',(-1.324999999999,-1.429999999999,
    1.271774600533));
#8265 = DIRECTION('',(1.,0.,0.));
#8266 = DIRECTION('',(0.,0.,-1.));
#8267 = ADVANCED_FACE('',(#8268),#8293,.F.);
#8268 = FACE_BOUND('',#8269,.T.);
#8269 = EDGE_LOOP('',(#8270,#8278,#8279,#8287));
#8270 = ORIENTED_EDGE('',*,*,#8271,.F.);
#8271 = EDGE_CURVE('',#8239,#8272,#8274,.T.);
#8272 = VERTEX_POINT('',#8273);
#8273 = CARTESIAN_POINT('',(-1.074999999999,-1.129999999999,
    1.953753400942));
#8274 = LINE('',#8275,#8276);
#8275 = CARTESIAN_POINT('',(-1.074999999999,-1.129999999999,
    1.271774600533));
#8276 = VECTOR('',#8277,1.);
#8277 = DIRECTION('',(0.,6.359154694171E-16,1.));
#8278 = ORIENTED_EDGE('',*,*,#8257,.F.);
#8279 = ORIENTED_EDGE('',*,*,#8280,.T.);
#8280 = EDGE_CURVE('',#8249,#8281,#8283,.T.);
#8281 = VERTEX_POINT('',#8282);
#8282 = CARTESIAN_POINT('',(-1.324999999999,-1.129999999999,
    1.953753400942));
#8283 = LINE('',#8284,#8285);
#8284 = CARTESIAN_POINT('',(-1.324999999999,-1.129999999999,
    1.271774600533));
#8285 = VECTOR('',#8286,1.);
#8286 = DIRECTION('',(0.,6.359154694171E-16,1.));
#8287 = ORIENTED_EDGE('',*,*,#8288,.T.);
#8288 = EDGE_CURVE('',#8281,#8272,#8289,.T.);
#8289 = LINE('',#8290,#8291);
#8290 = CARTESIAN_POINT('',(-1.324999999999,-1.129999999999,
    1.953753400942));
#8291 = VECTOR('',#8292,1.);
#8292 = DIRECTION('',(1.,0.,0.));
#8293 = PLANE('',#8294);
#8294 = AXIS2_PLACEMENT_3D('',#8295,#8296,#8297);
#8295 = CARTESIAN_POINT('',(-1.324999999999,-1.129999999999,
    1.271774600533));
#8296 = DIRECTION('',(0.,-1.,6.359154694171E-16));
#8297 = DIRECTION('',(0.,6.359154694171E-16,1.));
#8298 = ADVANCED_FACE('',(#8299),#8317,.F.);
#8299 = FACE_BOUND('',#8300,.F.);
#8300 = EDGE_LOOP('',(#8301,#8302,#8309,#8310));
#8301 = ORIENTED_EDGE('',*,*,#7733,.F.);
#8302 = ORIENTED_EDGE('',*,*,#8303,.F.);
#8303 = EDGE_CURVE('',#8281,#7734,#8304,.T.);
#8304 = CIRCLE('',#8305,0.299999999999);
#8305 = AXIS2_PLACEMENT_3D('',#8306,#8307,#8308);
#8306 = CARTESIAN_POINT('',(-1.324999999999,-0.829999999999,
    1.953753400942));
#8307 = DIRECTION('',(-1.,0.,0.));
#8308 = DIRECTION('',(0.,0.,-1.));
#8309 = ORIENTED_EDGE('',*,*,#8288,.T.);
#8310 = ORIENTED_EDGE('',*,*,#8311,.T.);
#8311 = EDGE_CURVE('',#8272,#7724,#8312,.T.);
#8312 = CIRCLE('',#8313,0.299999999999);
#8313 = AXIS2_PLACEMENT_3D('',#8314,#8315,#8316);
#8314 = CARTESIAN_POINT('',(-1.074999999999,-0.829999999999,
    1.953753400942));
#8315 = DIRECTION('',(-1.,0.,0.));
#8316 = DIRECTION('',(0.,0.,-1.));
#8317 = CYLINDRICAL_SURFACE('',#8318,0.299999999999);
#8318 = AXIS2_PLACEMENT_3D('',#8319,#8320,#8321);
#8319 = CARTESIAN_POINT('',(-1.324999999999,-0.829999999999,
    1.953753400942));
#8320 = DIRECTION('',(1.,0.,0.));
#8321 = DIRECTION('',(0.,0.,-1.));
#8322 = ADVANCED_FACE('',(#8323),#8344,.T.);
#8323 = FACE_BOUND('',#8324,.T.);
#8324 = EDGE_LOOP('',(#8325,#8326,#8327,#8328,#8329,#8330,#8331,#8332,
    #8333,#8334,#8335,#8336,#8337,#8338,#8339,#8340,#8341,#8342,#8343));
#8325 = ORIENTED_EDGE('',*,*,#7741,.F.);
#8326 = ORIENTED_EDGE('',*,*,#8303,.F.);
#8327 = ORIENTED_EDGE('',*,*,#8280,.F.);
#8328 = ORIENTED_EDGE('',*,*,#8248,.F.);
#8329 = ORIENTED_EDGE('',*,*,#8216,.F.);
#8330 = ORIENTED_EDGE('',*,*,#8184,.F.);
#8331 = ORIENTED_EDGE('',*,*,#8152,.F.);
#8332 = ORIENTED_EDGE('',*,*,#8120,.F.);
#8333 = ORIENTED_EDGE('',*,*,#8088,.F.);
#8334 = ORIENTED_EDGE('',*,*,#8057,.T.);
#8335 = ORIENTED_EDGE('',*,*,#8026,.T.);
#8336 = ORIENTED_EDGE('',*,*,#7995,.T.);
#8337 = ORIENTED_EDGE('',*,*,#7963,.T.);
#8338 = ORIENTED_EDGE('',*,*,#7931,.T.);
#8339 = ORIENTED_EDGE('',*,*,#7899,.T.);
#8340 = ORIENTED_EDGE('',*,*,#7867,.T.);
#8341 = ORIENTED_EDGE('',*,*,#7835,.T.);
#8342 = ORIENTED_EDGE('',*,*,#7803,.T.);
#8343 = ORIENTED_EDGE('',*,*,#7772,.T.);
#8344 = PLANE('',#8345);
#8345 = AXIS2_PLACEMENT_3D('',#8346,#8347,#8348);
#8346 = CARTESIAN_POINT('',(-1.324999999999,-0.829999999999,
    1.953753400942));
#8347 = DIRECTION('',(-1.,0.,0.));
#8348 = DIRECTION('',(0.,0.,1.));
#8349 = ADVANCED_FACE('',(#8350),#8371,.F.);
#8350 = FACE_BOUND('',#8351,.T.);
#8351 = EDGE_LOOP('',(#8352,#8353,#8354,#8355,#8356,#8357,#8358,#8359,
    #8360,#8361,#8362,#8363,#8364,#8365,#8366,#8367,#8368,#8369,#8370));
#8352 = ORIENTED_EDGE('',*,*,#7723,.T.);
#8353 = ORIENTED_EDGE('',*,*,#7763,.F.);
#8354 = ORIENTED_EDGE('',*,*,#7794,.F.);
#8355 = ORIENTED_EDGE('',*,*,#7825,.F.);
#8356 = ORIENTED_EDGE('',*,*,#7858,.F.);
#8357 = ORIENTED_EDGE('',*,*,#7907,.F.);
#8358 = ORIENTED_EDGE('',*,*,#7922,.F.);
#8359 = ORIENTED_EDGE('',*,*,#7953,.F.);
#8360 = ORIENTED_EDGE('',*,*,#7986,.F.);
#8361 = ORIENTED_EDGE('',*,*,#8017,.F.);
#8362 = ORIENTED_EDGE('',*,*,#8048,.F.);
#8363 = ORIENTED_EDGE('',*,*,#8079,.T.);
#8364 = ORIENTED_EDGE('',*,*,#8110,.T.);
#8365 = ORIENTED_EDGE('',*,*,#8143,.T.);
#8366 = ORIENTED_EDGE('',*,*,#8192,.T.);
#8367 = ORIENTED_EDGE('',*,*,#8207,.T.);
#8368 = ORIENTED_EDGE('',*,*,#8238,.T.);
#8369 = ORIENTED_EDGE('',*,*,#8271,.T.);
#8370 = ORIENTED_EDGE('',*,*,#8311,.T.);
#8371 = PLANE('',#8372);
#8372 = AXIS2_PLACEMENT_3D('',#8373,#8374,#8375);
#8373 = CARTESIAN_POINT('',(-1.074999999999,-0.829999999999,
    1.953753400942));
#8374 = DIRECTION('',(-1.,0.,0.));
#8375 = DIRECTION('',(0.,0.,1.));
#8376 = ( GEOMETRIC_REPRESENTATION_CONTEXT(3) 
GLOBAL_UNCERTAINTY_ASSIGNED_CONTEXT((#8380)) 
GLOBAL_UNIT_ASSIGNED_CONTEXT((#8377,#8378,#8379)) REPRESENTATION_CONTEXT
('Context #1','3D Context with UNIT and UNCERTAINTY') );
#8377 = ( LENGTH_UNIT() NAMED_UNIT(*) SI_UNIT(.MILLI.,.METRE.) );
#8378 = ( NAMED_UNIT(*) PLANE_ANGLE_UNIT() SI_UNIT($,.RADIAN.) );
#8379 = ( NAMED_UNIT(*) SI_UNIT($,.STERADIAN.) SOLID_ANGLE_UNIT() );
#8380 = UNCERTAINTY_MEASURE_WITH_UNIT(LENGTH_MEASURE(1.E-07),#8377,
  'distance_accuracy_value','confusion accuracy');
#8381 = CONTEXT_DEPENDENT_SHAPE_REPRESENTATION(#8382,#8384);
#8382 = ( REPRESENTATION_RELATIONSHIP('','',#7716,#10) 
REPRESENTATION_RELATIONSHIP_WITH_TRANSFORMATION(#8383) 
SHAPE_REPRESENTATION_RELATIONSHIP() );
#8383 = ITEM_DEFINED_TRANSFORMATION('','',#11,#27);
#8384 = PRODUCT_DEFINITION_SHAPE('Placement','Placement of an item',
  #8385);
#8385 = NEXT_ASSEMBLY_USAGE_OCCURRENCE('4',
'CONN-SMD_HC-PBB08-2-08-M-H1.0-G1-R-P-04_1~CONN-SMD_
HC-PBB08-2-08-M-H1.0-G1-R-P-04_1~bmqH002','',#5,#7711,$);
#8386 = PRODUCT_RELATED_PRODUCT_CATEGORY('part',$,(#7713));
#8387 = SHAPE_DEFINITION_REPRESENTATION(#8388,#8394);
#8388 = PRODUCT_DEFINITION_SHAPE('','',#8389);
#8389 = PRODUCT_DEFINITION('design','',#8390,#8393);
#8390 = PRODUCT_DEFINITION_FORMATION('','',#8391);
#8391 = PRODUCT(
'CONN-SMD_HC-PBB08-2-08-M-H1.0-G1-R-P-04_1~CONN-SMD_
HC-PBB08-2-08-M-H1.0-G1-R-P-04_1~bmqH003',
'CONN-SMD_HC-PBB08-2-08-M-H1.0-G1-R-P-04_1~CONN-SMD_
HC-PBB08-2-08-M-H1.0-G1-R-P-04_1~bmqH003','',(#8392));
#8392 = PRODUCT_CONTEXT('',#2,'mechanical');
#8393 = PRODUCT_DEFINITION_CONTEXT('part definition',#2,'design');
#8394 = ADVANCED_BREP_SHAPE_REPRESENTATION('',(#11,#8395),#8953);
#8395 = MANIFOLD_SOLID_BREP('',#8396);
#8396 = CLOSED_SHELL('',(#8397,#8437,#8477,#8601,#8725,#8747,#8764,#8781
    ,#8798,#8815,#8832,#8849,#8861,#8878,#8895,#8912,#8929,#8941));
#8397 = ADVANCED_FACE('',(#8398),#8432,.T.);
#8398 = FACE_BOUND('',#8399,.T.);
#8399 = EDGE_LOOP('',(#8400,#8410,#8418,#8426));
#8400 = ORIENTED_EDGE('',*,*,#8401,.T.);
#8401 = EDGE_CURVE('',#8402,#8404,#8406,.T.);
#8402 = VERTEX_POINT('',#8403);
#8403 = CARTESIAN_POINT('',(-1.324999999999,-0.25,0.28));
#8404 = VERTEX_POINT('',#8405);
#8405 = CARTESIAN_POINT('',(-1.324999999999,-0.25,0.688225399466));
#8406 = LINE('',#8407,#8408);
#8407 = CARTESIAN_POINT('',(-1.324999999999,-0.25,0.18));
#8408 = VECTOR('',#8409,1.);
#8409 = DIRECTION('',(0.,0.,1.));
#8410 = ORIENTED_EDGE('',*,*,#8411,.T.);
#8411 = EDGE_CURVE('',#8404,#8412,#8414,.T.);
#8412 = VERTEX_POINT('',#8413);
#8413 = CARTESIAN_POINT('',(-1.074999999999,-0.25,0.688225399466));
#8414 = LINE('',#8415,#8416);
#8415 = CARTESIAN_POINT('',(-1.324999999999,-0.25,0.688225399466));
#8416 = VECTOR('',#8417,1.);
#8417 = DIRECTION('',(1.,-3.669607353027E-16,0.));
#8418 = ORIENTED_EDGE('',*,*,#8419,.F.);
#8419 = EDGE_CURVE('',#8420,#8412,#8422,.T.);
#8420 = VERTEX_POINT('',#8421);
#8421 = CARTESIAN_POINT('',(-1.074999999999,-0.25,0.28));
#8422 = LINE('',#8423,#8424);
#8423 = CARTESIAN_POINT('',(-1.074999999999,-0.25,0.18));
#8424 = VECTOR('',#8425,1.);
#8425 = DIRECTION('',(0.,0.,1.));
#8426 = ORIENTED_EDGE('',*,*,#8427,.F.);
#8427 = EDGE_CURVE('',#8402,#8420,#8428,.T.);
#8428 = LINE('',#8429,#8430);
#8429 = CARTESIAN_POINT('',(-1.324999999999,-0.25,0.28));
#8430 = VECTOR('',#8431,1.);
#8431 = DIRECTION('',(1.,-3.669607353027E-16,2.693841220634E-32));
#8432 = PLANE('',#8433);
#8433 = AXIS2_PLACEMENT_3D('',#8434,#8435,#8436);
#8434 = CARTESIAN_POINT('',(-1.324999999999,-0.25,0.18));
#8435 = DIRECTION('',(3.669607353027E-16,1.,0.));
#8436 = DIRECTION('',(0.,-0.,1.));
#8437 = ADVANCED_FACE('',(#8438),#8472,.F.);
#8438 = FACE_BOUND('',#8439,.T.);
#8439 = EDGE_LOOP('',(#8440,#8450,#8458,#8466));
#8440 = ORIENTED_EDGE('',*,*,#8441,.T.);
#8441 = EDGE_CURVE('',#8442,#8444,#8446,.T.);
#8442 = VERTEX_POINT('',#8443);
#8443 = CARTESIAN_POINT('',(-1.324999999999,-0.5,0.28));
#8444 = VERTEX_POINT('',#8445);
#8445 = CARTESIAN_POINT('',(-1.074999999999,-0.5,0.279999999999));
#8446 = LINE('',#8447,#8448);
#8447 = CARTESIAN_POINT('',(-1.324999999999,-0.5,0.28));
#8448 = VECTOR('',#8449,1.);
#8449 = DIRECTION('',(1.,0.,0.));
#8450 = ORIENTED_EDGE('',*,*,#8451,.T.);
#8451 = EDGE_CURVE('',#8444,#8452,#8454,.T.);
#8452 = VERTEX_POINT('',#8453);
#8453 = CARTESIAN_POINT('',(-1.074999999999,-0.5,0.688225399466));
#8454 = LINE('',#8455,#8456);
#8455 = CARTESIAN_POINT('',(-1.074999999999,-0.5,0.18));
#8456 = VECTOR('',#8457,1.);
#8457 = DIRECTION('',(0.,0.,1.));
#8458 = ORIENTED_EDGE('',*,*,#8459,.F.);
#8459 = EDGE_CURVE('',#8460,#8452,#8462,.T.);
#8460 = VERTEX_POINT('',#8461);
#8461 = CARTESIAN_POINT('',(-1.324999999999,-0.5,0.688225399466));
#8462 = LINE('',#8463,#8464);
#8463 = CARTESIAN_POINT('',(-1.324999999999,-0.5,0.688225399466));
#8464 = VECTOR('',#8465,1.);
#8465 = DIRECTION('',(1.,-3.669607353027E-16,0.));
#8466 = ORIENTED_EDGE('',*,*,#8467,.F.);
#8467 = EDGE_CURVE('',#8442,#8460,#8468,.T.);
#8468 = LINE('',#8469,#8470);
#8469 = CARTESIAN_POINT('',(-1.324999999999,-0.5,0.18));
#8470 = VECTOR('',#8471,1.);
#8471 = DIRECTION('',(0.,0.,1.));
#8472 = PLANE('',#8473);
#8473 = AXIS2_PLACEMENT_3D('',#8474,#8475,#8476);
#8474 = CARTESIAN_POINT('',(-1.324999999999,-0.5,0.18));
#8475 = DIRECTION('',(3.669607353027E-16,1.,0.));
#8476 = DIRECTION('',(0.,-0.,1.));
#8477 = ADVANCED_FACE('',(#8478),#8596,.T.);
#8478 = FACE_BOUND('',#8479,.T.);
#8479 = EDGE_LOOP('',(#8480,#8481,#8490,#8498,#8507,#8515,#8524,#8532,
    #8540,#8548,#8557,#8565,#8574,#8582,#8589,#8590));
#8480 = ORIENTED_EDGE('',*,*,#8467,.T.);
#8481 = ORIENTED_EDGE('',*,*,#8482,.T.);
#8482 = EDGE_CURVE('',#8460,#8483,#8485,.T.);
#8483 = VERTEX_POINT('',#8484);
#8484 = CARTESIAN_POINT('',(-1.324999999999,-0.551345397777,
    0.856067255966));
#8485 = CIRCLE('',#8486,0.299999999999);
#8486 = AXIS2_PLACEMENT_3D('',#8487,#8488,#8489);
#8487 = CARTESIAN_POINT('',(-1.324999999999,-0.799999999999,
    0.688225399466));
#8488 = DIRECTION('',(1.,-3.669607353027E-16,0.));
#8489 = DIRECTION('',(0.,0.,-1.));
#8490 = ORIENTED_EDGE('',*,*,#8491,.T.);
#8491 = EDGE_CURVE('',#8483,#8492,#8494,.T.);
#8492 = VERTEX_POINT('',#8493);
#8493 = CARTESIAN_POINT('',(-1.324999999999,-0.718654602222,
    1.103932744033));
#8494 = LINE('',#8495,#8496);
#8495 = CARTESIAN_POINT('',(-1.324999999999,-0.551345397777,
    0.856067255966));
#8496 = VECTOR('',#8497,1.);
#8497 = DIRECTION('',(-2.053045702532E-16,-0.559472855001,0.828848674075
    ));
#8498 = ORIENTED_EDGE('',*,*,#8499,.T.);
#8499 = EDGE_CURVE('',#8492,#8500,#8502,.T.);
#8500 = VERTEX_POINT('',#8501);
#8501 = CARTESIAN_POINT('',(-1.324999999999,-0.77,1.271774600533));
#8502 = CIRCLE('',#8503,0.299999999999);
#8503 = AXIS2_PLACEMENT_3D('',#8504,#8505,#8506);
#8504 = CARTESIAN_POINT('',(-1.324999999999,-0.47,1.271774600533));
#8505 = DIRECTION('',(-1.,3.669607353027E-16,0.));
#8506 = DIRECTION('',(0.,0.,1.));
#8507 = ORIENTED_EDGE('',*,*,#8508,.T.);
#8508 = EDGE_CURVE('',#8500,#8509,#8511,.T.);
#8509 = VERTEX_POINT('',#8510);
#8510 = CARTESIAN_POINT('',(-1.324999999999,-0.77,1.953753400942));
#8511 = LINE('',#8512,#8513);
#8512 = CARTESIAN_POINT('',(-1.324999999999,-0.77,1.271774600533));
#8513 = VECTOR('',#8514,1.);
#8514 = DIRECTION('',(-2.333560082477E-31,-6.359154694171E-16,1.));
#8515 = ORIENTED_EDGE('',*,*,#8516,.T.);
#8516 = EDGE_CURVE('',#8509,#8517,#8519,.T.);
#8517 = VERTEX_POINT('',#8518);
#8518 = CARTESIAN_POINT('',(-1.324999999999,-0.774557674096,
    2.005847854242));
#8519 = CIRCLE('',#8520,0.299999999999);
#8520 = AXIS2_PLACEMENT_3D('',#8521,#8522,#8523);
#8521 = CARTESIAN_POINT('',(-1.325,-1.07,1.953753400942));
#8522 = DIRECTION('',(1.,-3.669607353027E-16,0.));
#8523 = DIRECTION('',(0.,0.,-1.));
#8524 = ORIENTED_EDGE('',*,*,#8525,.T.);
#8525 = EDGE_CURVE('',#8517,#8526,#8528,.T.);
#8526 = VERTEX_POINT('',#8527);
#8527 = CARTESIAN_POINT('',(-1.324999999999,-0.8220944533,2.275442325903
    ));
#8528 = LINE('',#8529,#8530);
#8529 = CARTESIAN_POINT('',(-1.324999999999,-0.774557674096,
    2.005847854242));
#8530 = VECTOR('',#8531,1.);
#8531 = DIRECTION('',(-6.372206296066E-17,-0.173648177666,0.984807753012
    ));
#8532 = ORIENTED_EDGE('',*,*,#8533,.F.);
#8533 = EDGE_CURVE('',#8534,#8526,#8536,.T.);
#8534 = VERTEX_POINT('',#8535);
#8535 = CARTESIAN_POINT('',(-1.324999999999,-0.575892515047,
    2.31885437032));
#8536 = LINE('',#8537,#8538);
#8537 = CARTESIAN_POINT('',(-1.324999999999,-0.575892515047,
    2.31885437032));
#8538 = VECTOR('',#8539,1.);
#8539 = DIRECTION('',(-3.613857771773E-16,-0.984807753012,
    -0.173648177666));
#8540 = ORIENTED_EDGE('',*,*,#8541,.F.);
#8541 = EDGE_CURVE('',#8542,#8534,#8544,.T.);
#8542 = VERTEX_POINT('',#8543);
#8543 = CARTESIAN_POINT('',(-1.324999999999,-0.528355735843,
    2.049259898659));
#8544 = LINE('',#8545,#8546);
#8545 = CARTESIAN_POINT('',(-1.324999999999,-0.528355735843,
    2.049259898659));
#8546 = VECTOR('',#8547,1.);
#8547 = DIRECTION('',(-6.372206296066E-17,-0.173648177666,0.984807753012
    ));
#8548 = ORIENTED_EDGE('',*,*,#8549,.F.);
#8549 = EDGE_CURVE('',#8550,#8542,#8552,.T.);
#8550 = VERTEX_POINT('',#8551);
#8551 = CARTESIAN_POINT('',(-1.324999999999,-0.52,1.953753400942));
#8552 = CIRCLE('',#8553,0.549999999999);
#8553 = AXIS2_PLACEMENT_3D('',#8554,#8555,#8556);
#8554 = CARTESIAN_POINT('',(-1.325,-1.07,1.953753400942));
#8555 = DIRECTION('',(1.,-3.669607353027E-16,0.));
#8556 = DIRECTION('',(-4.195610606008E-30,-1.143340472802E-14,1.));
#8557 = ORIENTED_EDGE('',*,*,#8558,.F.);
#8558 = EDGE_CURVE('',#8559,#8550,#8561,.T.);
#8559 = VERTEX_POINT('',#8560);
#8560 = CARTESIAN_POINT('',(-1.324999999999,-0.52,1.271774600533));
#8561 = LINE('',#8562,#8563);
#8562 = CARTESIAN_POINT('',(-1.324999999999,-0.52,1.271774600533));
#8563 = VECTOR('',#8564,1.);
#8564 = DIRECTION('',(-2.333560082477E-31,-6.359154694171E-16,1.));
#8565 = ORIENTED_EDGE('',*,*,#8566,.F.);
#8566 = EDGE_CURVE('',#8567,#8559,#8569,.T.);
#8567 = VERTEX_POINT('',#8568);
#8568 = CARTESIAN_POINT('',(-1.324999999999,-0.511442433703,
    1.243800957783));
#8569 = CIRCLE('',#8570,4.9999999999E-02);
#8570 = AXIS2_PLACEMENT_3D('',#8571,#8572,#8573);
#8571 = CARTESIAN_POINT('',(-1.324999999999,-0.47,1.271774600533));
#8572 = DIRECTION('',(-1.,3.669607353027E-16,0.));
#8573 = DIRECTION('',(0.,0.,1.));
#8574 = ORIENTED_EDGE('',*,*,#8575,.F.);
#8575 = EDGE_CURVE('',#8576,#8567,#8578,.T.);
#8576 = VERTEX_POINT('',#8577);
#8577 = CARTESIAN_POINT('',(-1.324999999999,-0.344133229258,
    0.995935469716));
#8578 = LINE('',#8579,#8580);
#8579 = CARTESIAN_POINT('',(-1.324999999999,-0.344133229258,
    0.995935469716));
#8580 = VECTOR('',#8581,1.);
#8581 = DIRECTION('',(-2.053045702532E-16,-0.559472855001,0.828848674075
    ));
#8582 = ORIENTED_EDGE('',*,*,#8583,.F.);
#8583 = EDGE_CURVE('',#8404,#8576,#8584,.T.);
#8584 = CIRCLE('',#8585,0.55);
#8585 = AXIS2_PLACEMENT_3D('',#8586,#8587,#8588);
#8586 = CARTESIAN_POINT('',(-1.324999999999,-0.799999999999,
    0.688225399466));
#8587 = DIRECTION('',(1.,-3.669607353027E-16,0.));
#8588 = DIRECTION('',(2.604172100282E-30,7.096596038086E-15,1.));
#8589 = ORIENTED_EDGE('',*,*,#8401,.F.);
#8590 = ORIENTED_EDGE('',*,*,#8591,.T.);
#8591 = EDGE_CURVE('',#8402,#8442,#8592,.T.);
#8592 = LINE('',#8593,#8594);
#8593 = CARTESIAN_POINT('',(-1.324999999999,0.699999999999,0.28));
#8594 = VECTOR('',#8595,1.);
#8595 = DIRECTION('',(0.,-1.,7.340952209537E-17));
#8596 = PLANE('',#8597);
#8597 = AXIS2_PLACEMENT_3D('',#8598,#8599,#8600);
#8598 = CARTESIAN_POINT('',(-1.325,-1.07,1.953753400942));
#8599 = DIRECTION('',(-1.,3.669607353027E-16,0.));
#8600 = DIRECTION('',(0.,0.,1.));
#8601 = ADVANCED_FACE('',(#8602),#8720,.F.);
#8602 = FACE_BOUND('',#8603,.T.);
#8603 = EDGE_LOOP('',(#8604,#8610,#8611,#8620,#8628,#8637,#8645,#8654,
    #8662,#8670,#8678,#8687,#8695,#8704,#8712,#8719));
#8604 = ORIENTED_EDGE('',*,*,#8605,.T.);
#8605 = EDGE_CURVE('',#8444,#8420,#8606,.T.);
#8606 = LINE('',#8607,#8608);
#8607 = CARTESIAN_POINT('',(-1.074999999999,0.699999999999,0.28));
#8608 = VECTOR('',#8609,1.);
#8609 = DIRECTION('',(0.,1.,-7.340952209537E-17));
#8610 = ORIENTED_EDGE('',*,*,#8419,.T.);
#8611 = ORIENTED_EDGE('',*,*,#8612,.T.);
#8612 = EDGE_CURVE('',#8412,#8613,#8615,.T.);
#8613 = VERTEX_POINT('',#8614);
#8614 = CARTESIAN_POINT('',(-1.074999999999,-0.344133229258,
    0.995935469716));
#8615 = CIRCLE('',#8616,0.55);
#8616 = AXIS2_PLACEMENT_3D('',#8617,#8618,#8619);
#8617 = CARTESIAN_POINT('',(-1.074999999999,-0.799999999999,
    0.688225399466));
#8618 = DIRECTION('',(1.,-3.669607353027E-16,0.));
#8619 = DIRECTION('',(2.604172100282E-30,7.096596038086E-15,1.));
#8620 = ORIENTED_EDGE('',*,*,#8621,.T.);
#8621 = EDGE_CURVE('',#8613,#8622,#8624,.T.);
#8622 = VERTEX_POINT('',#8623);
#8623 = CARTESIAN_POINT('',(-1.074999999999,-0.511442433703,
    1.243800957783));
#8624 = LINE('',#8625,#8626);
#8625 = CARTESIAN_POINT('',(-1.074999999999,-0.344133229258,
    0.995935469716));
#8626 = VECTOR('',#8627,1.);
#8627 = DIRECTION('',(-2.053045702532E-16,-0.559472855001,0.828848674075
    ));
#8628 = ORIENTED_EDGE('',*,*,#8629,.T.);
#8629 = EDGE_CURVE('',#8622,#8630,#8632,.T.);
#8630 = VERTEX_POINT('',#8631);
#8631 = CARTESIAN_POINT('',(-1.074999999999,-0.52,1.271774600533));
#8632 = CIRCLE('',#8633,4.9999999999E-02);
#8633 = AXIS2_PLACEMENT_3D('',#8634,#8635,#8636);
#8634 = CARTESIAN_POINT('',(-1.074999999999,-0.47,1.271774600533));
#8635 = DIRECTION('',(-1.,3.669607353027E-16,0.));
#8636 = DIRECTION('',(0.,0.,1.));
#8637 = ORIENTED_EDGE('',*,*,#8638,.T.);
#8638 = EDGE_CURVE('',#8630,#8639,#8641,.T.);
#8639 = VERTEX_POINT('',#8640);
#8640 = CARTESIAN_POINT('',(-1.074999999999,-0.52,1.953753400942));
#8641 = LINE('',#8642,#8643);
#8642 = CARTESIAN_POINT('',(-1.074999999999,-0.52,1.271774600533));
#8643 = VECTOR('',#8644,1.);
#8644 = DIRECTION('',(-2.333560082477E-31,-6.359154694171E-16,1.));
#8645 = ORIENTED_EDGE('',*,*,#8646,.T.);
#8646 = EDGE_CURVE('',#8639,#8647,#8649,.T.);
#8647 = VERTEX_POINT('',#8648);
#8648 = CARTESIAN_POINT('',(-1.074999999999,-0.528355735843,
    2.049259898659));
#8649 = CIRCLE('',#8650,0.549999999999);
#8650 = AXIS2_PLACEMENT_3D('',#8651,#8652,#8653);
#8651 = CARTESIAN_POINT('',(-1.075,-1.07,1.953753400942));
#8652 = DIRECTION('',(1.,-3.669607353027E-16,0.));
#8653 = DIRECTION('',(-4.195610606008E-30,-1.143340472802E-14,1.));
#8654 = ORIENTED_EDGE('',*,*,#8655,.T.);
#8655 = EDGE_CURVE('',#8647,#8656,#8658,.T.);
#8656 = VERTEX_POINT('',#8657);
#8657 = CARTESIAN_POINT('',(-1.074999999999,-0.575892515047,
    2.31885437032));
#8658 = LINE('',#8659,#8660);
#8659 = CARTESIAN_POINT('',(-1.074999999999,-0.528355735843,
    2.049259898659));
#8660 = VECTOR('',#8661,1.);
#8661 = DIRECTION('',(-6.372206296066E-17,-0.173648177666,0.984807753012
    ));
#8662 = ORIENTED_EDGE('',*,*,#8663,.T.);
#8663 = EDGE_CURVE('',#8656,#8664,#8666,.T.);
#8664 = VERTEX_POINT('',#8665);
#8665 = CARTESIAN_POINT('',(-1.074999999999,-0.8220944533,2.275442325903
    ));
#8666 = LINE('',#8667,#8668);
#8667 = CARTESIAN_POINT('',(-1.074999999999,-0.575892515047,
    2.31885437032));
#8668 = VECTOR('',#8669,1.);
#8669 = DIRECTION('',(-3.613857771773E-16,-0.984807753012,
    -0.173648177666));
#8670 = ORIENTED_EDGE('',*,*,#8671,.F.);
#8671 = EDGE_CURVE('',#8672,#8664,#8674,.T.);
#8672 = VERTEX_POINT('',#8673);
#8673 = CARTESIAN_POINT('',(-1.074999999999,-0.774557674096,
    2.005847854242));
#8674 = LINE('',#8675,#8676);
#8675 = CARTESIAN_POINT('',(-1.074999999999,-0.774557674096,
    2.005847854242));
#8676 = VECTOR('',#8677,1.);
#8677 = DIRECTION('',(-6.372206296066E-17,-0.173648177666,0.984807753012
    ));
#8678 = ORIENTED_EDGE('',*,*,#8679,.F.);
#8679 = EDGE_CURVE('',#8680,#8672,#8682,.T.);
#8680 = VERTEX_POINT('',#8681);
#8681 = CARTESIAN_POINT('',(-1.074999999999,-0.77,1.953753400942));
#8682 = CIRCLE('',#8683,0.299999999999);
#8683 = AXIS2_PLACEMENT_3D('',#8684,#8685,#8686);
#8684 = CARTESIAN_POINT('',(-1.075,-1.07,1.953753400942));
#8685 = DIRECTION('',(1.,-3.669607353027E-16,0.));
#8686 = DIRECTION('',(0.,0.,-1.));
#8687 = ORIENTED_EDGE('',*,*,#8688,.F.);
#8688 = EDGE_CURVE('',#8689,#8680,#8691,.T.);
#8689 = VERTEX_POINT('',#8690);
#8690 = CARTESIAN_POINT('',(-1.074999999999,-0.77,1.271774600533));
#8691 = LINE('',#8692,#8693);
#8692 = CARTESIAN_POINT('',(-1.074999999999,-0.77,1.271774600533));
#8693 = VECTOR('',#8694,1.);
#8694 = DIRECTION('',(-2.333560082477E-31,-6.359154694171E-16,1.));
#8695 = ORIENTED_EDGE('',*,*,#8696,.F.);
#8696 = EDGE_CURVE('',#8697,#8689,#8699,.T.);
#8697 = VERTEX_POINT('',#8698);
#8698 = CARTESIAN_POINT('',(-1.074999999999,-0.718654602222,
    1.103932744033));
#8699 = CIRCLE('',#8700,0.299999999999);
#8700 = AXIS2_PLACEMENT_3D('',#8701,#8702,#8703);
#8701 = CARTESIAN_POINT('',(-1.074999999999,-0.47,1.271774600533));
#8702 = DIRECTION('',(-1.,3.669607353027E-16,0.));
#8703 = DIRECTION('',(0.,0.,1.));
#8704 = ORIENTED_EDGE('',*,*,#8705,.F.);
#8705 = EDGE_CURVE('',#8706,#8697,#8708,.T.);
#8706 = VERTEX_POINT('',#8707);
#8707 = CARTESIAN_POINT('',(-1.074999999999,-0.551345397777,
    0.856067255966));
#8708 = LINE('',#8709,#8710);
#8709 = CARTESIAN_POINT('',(-1.074999999999,-0.551345397777,
    0.856067255966));
#8710 = VECTOR('',#8711,1.);
#8711 = DIRECTION('',(-2.053045702532E-16,-0.559472855001,0.828848674075
    ));
#8712 = ORIENTED_EDGE('',*,*,#8713,.F.);
#8713 = EDGE_CURVE('',#8452,#8706,#8714,.T.);
#8714 = CIRCLE('',#8715,0.299999999999);
#8715 = AXIS2_PLACEMENT_3D('',#8716,#8717,#8718);
#8716 = CARTESIAN_POINT('',(-1.074999999999,-0.799999999999,
    0.688225399466));
#8717 = DIRECTION('',(1.,-3.669607353027E-16,0.));
#8718 = DIRECTION('',(0.,0.,-1.));
#8719 = ORIENTED_EDGE('',*,*,#8451,.F.);
#8720 = PLANE('',#8721);
#8721 = AXIS2_PLACEMENT_3D('',#8722,#8723,#8724);
#8722 = CARTESIAN_POINT('',(-1.075,-1.07,1.953753400942));
#8723 = DIRECTION('',(-1.,3.669607353027E-16,0.));
#8724 = DIRECTION('',(0.,0.,1.));
#8725 = ADVANCED_FACE('',(#8726),#8742,.F.);
#8726 = FACE_BOUND('',#8727,.T.);
#8727 = EDGE_LOOP('',(#8728,#8729,#8735,#8736));
#8728 = ORIENTED_EDGE('',*,*,#8671,.T.);
#8729 = ORIENTED_EDGE('',*,*,#8730,.F.);
#8730 = EDGE_CURVE('',#8526,#8664,#8731,.T.);
#8731 = LINE('',#8732,#8733);
#8732 = CARTESIAN_POINT('',(-1.324999999999,-0.8220944533,2.275442325903
    ));
#8733 = VECTOR('',#8734,1.);
#8734 = DIRECTION('',(1.,-3.669607353027E-16,0.));
#8735 = ORIENTED_EDGE('',*,*,#8525,.F.);
#8736 = ORIENTED_EDGE('',*,*,#8737,.T.);
#8737 = EDGE_CURVE('',#8517,#8672,#8738,.T.);
#8738 = LINE('',#8739,#8740);
#8739 = CARTESIAN_POINT('',(-1.324999999999,-0.774557674096,
    2.005847854242));
#8740 = VECTOR('',#8741,1.);
#8741 = DIRECTION('',(1.,-3.669607353027E-16,0.));
#8742 = PLANE('',#8743);
#8743 = AXIS2_PLACEMENT_3D('',#8744,#8745,#8746);
#8744 = CARTESIAN_POINT('',(-1.324999999999,-0.774557674096,
    2.005847854242));
#8745 = DIRECTION('',(3.613857771773E-16,0.984807753012,0.173648177666)
  );
#8746 = DIRECTION('',(-6.372206296066E-17,-0.173648177666,0.984807753012
    ));
#8747 = ADVANCED_FACE('',(#8748),#8759,.T.);
#8748 = FACE_BOUND('',#8749,.T.);
#8749 = EDGE_LOOP('',(#8750,#8751,#8757,#8758));
#8750 = ORIENTED_EDGE('',*,*,#8663,.F.);
#8751 = ORIENTED_EDGE('',*,*,#8752,.F.);
#8752 = EDGE_CURVE('',#8534,#8656,#8753,.T.);
#8753 = LINE('',#8754,#8755);
#8754 = CARTESIAN_POINT('',(-1.324999999999,-0.575892515047,
    2.31885437032));
#8755 = VECTOR('',#8756,1.);
#8756 = DIRECTION('',(1.,-3.669607353027E-16,0.));
#8757 = ORIENTED_EDGE('',*,*,#8533,.T.);
#8758 = ORIENTED_EDGE('',*,*,#8730,.T.);
#8759 = PLANE('',#8760);
#8760 = AXIS2_PLACEMENT_3D('',#8761,#8762,#8763);
#8761 = CARTESIAN_POINT('',(-1.324999999999,-0.575892515047,
    2.31885437032));
#8762 = DIRECTION('',(-6.372206296066E-17,-0.173648177666,0.984807753012
    ));
#8763 = DIRECTION('',(-3.613857771773E-16,-0.984807753012,
    -0.173648177666));
#8764 = ADVANCED_FACE('',(#8765),#8776,.T.);
#8765 = FACE_BOUND('',#8766,.T.);
#8766 = EDGE_LOOP('',(#8767,#8768,#8774,#8775));
#8767 = ORIENTED_EDGE('',*,*,#8655,.F.);
#8768 = ORIENTED_EDGE('',*,*,#8769,.F.);
#8769 = EDGE_CURVE('',#8542,#8647,#8770,.T.);
#8770 = LINE('',#8771,#8772);
#8771 = CARTESIAN_POINT('',(-1.324999999999,-0.528355735843,
    2.049259898659));
#8772 = VECTOR('',#8773,1.);
#8773 = DIRECTION('',(1.,-3.669607353027E-16,0.));
#8774 = ORIENTED_EDGE('',*,*,#8541,.T.);
#8775 = ORIENTED_EDGE('',*,*,#8752,.T.);
#8776 = PLANE('',#8777);
#8777 = AXIS2_PLACEMENT_3D('',#8778,#8779,#8780);
#8778 = CARTESIAN_POINT('',(-1.324999999999,-0.528355735843,
    2.049259898659));
#8779 = DIRECTION('',(3.613857771773E-16,0.984807753012,0.173648177666)
  );
#8780 = DIRECTION('',(-6.372206296066E-17,-0.173648177666,0.984807753012
    ));
#8781 = ADVANCED_FACE('',(#8782),#8793,.T.);
#8782 = FACE_BOUND('',#8783,.T.);
#8783 = EDGE_LOOP('',(#8784,#8785,#8791,#8792));
#8784 = ORIENTED_EDGE('',*,*,#8646,.F.);
#8785 = ORIENTED_EDGE('',*,*,#8786,.F.);
#8786 = EDGE_CURVE('',#8550,#8639,#8787,.T.);
#8787 = LINE('',#8788,#8789);
#8788 = CARTESIAN_POINT('',(-1.324999999999,-0.52,1.953753400942));
#8789 = VECTOR('',#8790,1.);
#8790 = DIRECTION('',(1.,-3.669607353027E-16,0.));
#8791 = ORIENTED_EDGE('',*,*,#8549,.T.);
#8792 = ORIENTED_EDGE('',*,*,#8769,.T.);
#8793 = CYLINDRICAL_SURFACE('',#8794,0.549999999999);
#8794 = AXIS2_PLACEMENT_3D('',#8795,#8796,#8797);
#8795 = CARTESIAN_POINT('',(-1.325,-1.07,1.953753400942));
#8796 = DIRECTION('',(1.,-3.669607353027E-16,0.));
#8797 = DIRECTION('',(0.,0.,-1.));
#8798 = ADVANCED_FACE('',(#8799),#8810,.T.);
#8799 = FACE_BOUND('',#8800,.T.);
#8800 = EDGE_LOOP('',(#8801,#8802,#8808,#8809));
#8801 = ORIENTED_EDGE('',*,*,#8638,.F.);
#8802 = ORIENTED_EDGE('',*,*,#8803,.F.);
#8803 = EDGE_CURVE('',#8559,#8630,#8804,.T.);
#8804 = LINE('',#8805,#8806);
#8805 = CARTESIAN_POINT('',(-1.324999999999,-0.52,1.271774600533));
#8806 = VECTOR('',#8807,1.);
#8807 = DIRECTION('',(1.,-3.669607353027E-16,0.));
#8808 = ORIENTED_EDGE('',*,*,#8558,.T.);
#8809 = ORIENTED_EDGE('',*,*,#8786,.T.);
#8810 = PLANE('',#8811);
#8811 = AXIS2_PLACEMENT_3D('',#8812,#8813,#8814);
#8812 = CARTESIAN_POINT('',(-1.324999999999,-0.52,1.271774600533));
#8813 = DIRECTION('',(3.669607353027E-16,1.,6.359154694171E-16));
#8814 = DIRECTION('',(-2.333560082477E-31,-6.359154694171E-16,1.));
#8815 = ADVANCED_FACE('',(#8816),#8827,.F.);
#8816 = FACE_BOUND('',#8817,.F.);
#8817 = EDGE_LOOP('',(#8818,#8819,#8820,#8826));
#8818 = ORIENTED_EDGE('',*,*,#8803,.F.);
#8819 = ORIENTED_EDGE('',*,*,#8566,.F.);
#8820 = ORIENTED_EDGE('',*,*,#8821,.T.);
#8821 = EDGE_CURVE('',#8567,#8622,#8822,.T.);
#8822 = LINE('',#8823,#8824);
#8823 = CARTESIAN_POINT('',(-1.324999999999,-0.511442433703,
    1.243800957783));
#8824 = VECTOR('',#8825,1.);
#8825 = DIRECTION('',(1.,-3.669607353027E-16,0.));
#8826 = ORIENTED_EDGE('',*,*,#8629,.T.);
#8827 = CYLINDRICAL_SURFACE('',#8828,4.9999999999E-02);
#8828 = AXIS2_PLACEMENT_3D('',#8829,#8830,#8831);
#8829 = CARTESIAN_POINT('',(-1.324999999999,-0.47,1.271774600533));
#8830 = DIRECTION('',(1.,-3.669607353027E-16,0.));
#8831 = DIRECTION('',(0.,0.,-1.));
#8832 = ADVANCED_FACE('',(#8833),#8844,.T.);
#8833 = FACE_BOUND('',#8834,.T.);
#8834 = EDGE_LOOP('',(#8835,#8836,#8842,#8843));
#8835 = ORIENTED_EDGE('',*,*,#8621,.F.);
#8836 = ORIENTED_EDGE('',*,*,#8837,.F.);
#8837 = EDGE_CURVE('',#8576,#8613,#8838,.T.);
#8838 = LINE('',#8839,#8840);
#8839 = CARTESIAN_POINT('',(-1.324999999999,-0.344133229258,
    0.995935469716));
#8840 = VECTOR('',#8841,1.);
#8841 = DIRECTION('',(1.,-3.669607353027E-16,0.));
#8842 = ORIENTED_EDGE('',*,*,#8575,.T.);
#8843 = ORIENTED_EDGE('',*,*,#8821,.T.);
#8844 = PLANE('',#8845);
#8845 = AXIS2_PLACEMENT_3D('',#8846,#8847,#8848);
#8846 = CARTESIAN_POINT('',(-1.324999999999,-0.344133229258,
    0.995935469716));
#8847 = DIRECTION('',(3.041549188937E-16,0.828848674075,0.559472855001)
  );
#8848 = DIRECTION('',(-2.053045702532E-16,-0.559472855001,0.828848674075
    ));
#8849 = ADVANCED_FACE('',(#8850),#8856,.T.);
#8850 = FACE_BOUND('',#8851,.T.);
#8851 = EDGE_LOOP('',(#8852,#8853,#8854,#8855));
#8852 = ORIENTED_EDGE('',*,*,#8612,.F.);
#8853 = ORIENTED_EDGE('',*,*,#8411,.F.);
#8854 = ORIENTED_EDGE('',*,*,#8583,.T.);
#8855 = ORIENTED_EDGE('',*,*,#8837,.T.);
#8856 = CYLINDRICAL_SURFACE('',#8857,0.549999999999);
#8857 = AXIS2_PLACEMENT_3D('',#8858,#8859,#8860);
#8858 = CARTESIAN_POINT('',(-1.324999999999,-0.799999999999,
    0.688225399466));
#8859 = DIRECTION('',(1.,-3.669607353027E-16,0.));
#8860 = DIRECTION('',(0.,0.,-1.));
#8861 = ADVANCED_FACE('',(#8862),#8873,.F.);
#8862 = FACE_BOUND('',#8863,.F.);
#8863 = EDGE_LOOP('',(#8864,#8865,#8866,#8872));
#8864 = ORIENTED_EDGE('',*,*,#8459,.F.);
#8865 = ORIENTED_EDGE('',*,*,#8482,.T.);
#8866 = ORIENTED_EDGE('',*,*,#8867,.T.);
#8867 = EDGE_CURVE('',#8483,#8706,#8868,.T.);
#8868 = LINE('',#8869,#8870);
#8869 = CARTESIAN_POINT('',(-1.324999999999,-0.551345397777,
    0.856067255966));
#8870 = VECTOR('',#8871,1.);
#8871 = DIRECTION('',(1.,-3.669607353027E-16,0.));
#8872 = ORIENTED_EDGE('',*,*,#8713,.F.);
#8873 = CYLINDRICAL_SURFACE('',#8874,0.299999999999);
#8874 = AXIS2_PLACEMENT_3D('',#8875,#8876,#8877);
#8875 = CARTESIAN_POINT('',(-1.324999999999,-0.799999999999,
    0.688225399466));
#8876 = DIRECTION('',(1.,-3.669607353027E-16,0.));
#8877 = DIRECTION('',(0.,0.,-1.));
#8878 = ADVANCED_FACE('',(#8879),#8890,.F.);
#8879 = FACE_BOUND('',#8880,.T.);
#8880 = EDGE_LOOP('',(#8881,#8882,#8888,#8889));
#8881 = ORIENTED_EDGE('',*,*,#8705,.T.);
#8882 = ORIENTED_EDGE('',*,*,#8883,.F.);
#8883 = EDGE_CURVE('',#8492,#8697,#8884,.T.);
#8884 = LINE('',#8885,#8886);
#8885 = CARTESIAN_POINT('',(-1.324999999999,-0.718654602222,
    1.103932744033));
#8886 = VECTOR('',#8887,1.);
#8887 = DIRECTION('',(1.,-3.669607353027E-16,0.));
#8888 = ORIENTED_EDGE('',*,*,#8491,.F.);
#8889 = ORIENTED_EDGE('',*,*,#8867,.T.);
#8890 = PLANE('',#8891);
#8891 = AXIS2_PLACEMENT_3D('',#8892,#8893,#8894);
#8892 = CARTESIAN_POINT('',(-1.324999999999,-0.551345397777,
    0.856067255966));
#8893 = DIRECTION('',(3.041549188937E-16,0.828848674075,0.559472855001)
  );
#8894 = DIRECTION('',(-2.053045702532E-16,-0.559472855001,0.828848674075
    ));
#8895 = ADVANCED_FACE('',(#8896),#8907,.T.);
#8896 = FACE_BOUND('',#8897,.T.);
#8897 = EDGE_LOOP('',(#8898,#8899,#8905,#8906));
#8898 = ORIENTED_EDGE('',*,*,#8696,.T.);
#8899 = ORIENTED_EDGE('',*,*,#8900,.F.);
#8900 = EDGE_CURVE('',#8500,#8689,#8901,.T.);
#8901 = LINE('',#8902,#8903);
#8902 = CARTESIAN_POINT('',(-1.324999999999,-0.77,1.271774600533));
#8903 = VECTOR('',#8904,1.);
#8904 = DIRECTION('',(1.,-3.669607353027E-16,0.));
#8905 = ORIENTED_EDGE('',*,*,#8499,.F.);
#8906 = ORIENTED_EDGE('',*,*,#8883,.T.);
#8907 = CYLINDRICAL_SURFACE('',#8908,0.299999999999);
#8908 = AXIS2_PLACEMENT_3D('',#8909,#8910,#8911);
#8909 = CARTESIAN_POINT('',(-1.324999999999,-0.47,1.271774600533));
#8910 = DIRECTION('',(1.,-3.669607353027E-16,0.));
#8911 = DIRECTION('',(0.,0.,-1.));
#8912 = ADVANCED_FACE('',(#8913),#8924,.F.);
#8913 = FACE_BOUND('',#8914,.T.);
#8914 = EDGE_LOOP('',(#8915,#8916,#8922,#8923));
#8915 = ORIENTED_EDGE('',*,*,#8688,.T.);
#8916 = ORIENTED_EDGE('',*,*,#8917,.F.);
#8917 = EDGE_CURVE('',#8509,#8680,#8918,.T.);
#8918 = LINE('',#8919,#8920);
#8919 = CARTESIAN_POINT('',(-1.324999999999,-0.77,1.953753400942));
#8920 = VECTOR('',#8921,1.);
#8921 = DIRECTION('',(1.,-3.669607353027E-16,0.));
#8922 = ORIENTED_EDGE('',*,*,#8508,.F.);
#8923 = ORIENTED_EDGE('',*,*,#8900,.T.);
#8924 = PLANE('',#8925);
#8925 = AXIS2_PLACEMENT_3D('',#8926,#8927,#8928);
#8926 = CARTESIAN_POINT('',(-1.324999999999,-0.77,1.271774600533));
#8927 = DIRECTION('',(3.669607353027E-16,1.,6.359154694171E-16));
#8928 = DIRECTION('',(-2.333560082477E-31,-6.359154694171E-16,1.));
#8929 = ADVANCED_FACE('',(#8930),#8936,.F.);
#8930 = FACE_BOUND('',#8931,.F.);
#8931 = EDGE_LOOP('',(#8932,#8933,#8934,#8935));
#8932 = ORIENTED_EDGE('',*,*,#8917,.F.);
#8933 = ORIENTED_EDGE('',*,*,#8516,.T.);
#8934 = ORIENTED_EDGE('',*,*,#8737,.T.);
#8935 = ORIENTED_EDGE('',*,*,#8679,.F.);
#8936 = CYLINDRICAL_SURFACE('',#8937,0.299999999999);
#8937 = AXIS2_PLACEMENT_3D('',#8938,#8939,#8940);
#8938 = CARTESIAN_POINT('',(-1.325,-1.07,1.953753400942));
#8939 = DIRECTION('',(1.,-3.669607353027E-16,0.));
#8940 = DIRECTION('',(0.,0.,-1.));
#8941 = ADVANCED_FACE('',(#8942),#8948,.T.);
#8942 = FACE_BOUND('',#8943,.T.);
#8943 = EDGE_LOOP('',(#8944,#8945,#8946,#8947));
#8944 = ORIENTED_EDGE('',*,*,#8591,.F.);
#8945 = ORIENTED_EDGE('',*,*,#8427,.T.);
#8946 = ORIENTED_EDGE('',*,*,#8605,.F.);
#8947 = ORIENTED_EDGE('',*,*,#8441,.F.);
#8948 = PLANE('',#8949);
#8949 = AXIS2_PLACEMENT_3D('',#8950,#8951,#8952);
#8950 = CARTESIAN_POINT('',(8.205854795163E-33,2.08934793656E-17,0.28));
#8951 = DIRECTION('',(0.,-7.340952209537E-17,-1.));
#8952 = DIRECTION('',(0.,-1.,7.340952209537E-17));
#8953 = ( GEOMETRIC_REPRESENTATION_CONTEXT(3) 
GLOBAL_UNCERTAINTY_ASSIGNED_CONTEXT((#8957)) 
GLOBAL_UNIT_ASSIGNED_CONTEXT((#8954,#8955,#8956)) REPRESENTATION_CONTEXT
('Context #1','3D Context with UNIT and UNCERTAINTY') );
#8954 = ( LENGTH_UNIT() NAMED_UNIT(*) SI_UNIT(.MILLI.,.METRE.) );
#8955 = ( NAMED_UNIT(*) PLANE_ANGLE_UNIT() SI_UNIT($,.RADIAN.) );
#8956 = ( NAMED_UNIT(*) SI_UNIT($,.STERADIAN.) SOLID_ANGLE_UNIT() );
#8957 = UNCERTAINTY_MEASURE_WITH_UNIT(LENGTH_MEASURE(1.E-07),#8954,
  'distance_accuracy_value','confusion accuracy');
#8958 = CONTEXT_DEPENDENT_SHAPE_REPRESENTATION(#8959,#8961);
#8959 = ( REPRESENTATION_RELATIONSHIP('','',#8394,#10) 
REPRESENTATION_RELATIONSHIP_WITH_TRANSFORMATION(#8960) 
SHAPE_REPRESENTATION_RELATIONSHIP() );
#8960 = ITEM_DEFINED_TRANSFORMATION('','',#11,#31);
#8961 = PRODUCT_DEFINITION_SHAPE('Placement','Placement of an item',
  #8962);
#8962 = NEXT_ASSEMBLY_USAGE_OCCURRENCE('5',
'CONN-SMD_HC-PBB08-2-08-M-H1.0-G1-R-P-04_1~CONN-SMD_
HC-PBB08-2-08-M-H1.0-G1-R-P-04_1~bmqH003','',#5,#8389,$);
#8963 = PRODUCT_RELATED_PRODUCT_CATEGORY('part',$,(#8391));
#8964 = SHAPE_DEFINITION_REPRESENTATION(#8965,#8971);
#8965 = PRODUCT_DEFINITION_SHAPE('','',#8966);
#8966 = PRODUCT_DEFINITION('design','',#8967,#8970);
#8967 = PRODUCT_DEFINITION_FORMATION('','',#8968);
#8968 = PRODUCT(
'CONN-SMD_HC-PBB08-2-08-M-H1.0-G1-R-P-04_1~CONN-SMD_
HC-PBB08-2-08-M-H1.0-G1-R-P-04_1~bmqH004',
'CONN-SMD_HC-PBB08-2-08-M-H1.0-G1-R-P-04_1~CONN-SMD_
HC-PBB08-2-08-M-H1.0-G1-R-P-04_1~bmqH004','',(#8969));
#8969 = PRODUCT_CONTEXT('',#2,'mechanical');
#8970 = PRODUCT_DEFINITION_CONTEXT('part definition',#2,'design');
#8971 = ADVANCED_BREP_SHAPE_REPRESENTATION('',(#11,#8972),#9631);
#8972 = MANIFOLD_SOLID_BREP('',#8973);
#8973 = CLOSED_SHELL('',(#8974,#9014,#9045,#9076,#9109,#9140,#9173,#9204
    ,#9237,#9268,#9299,#9330,#9361,#9394,#9425,#9458,#9489,#9522,#9553,
    #9577,#9604));
#8974 = ADVANCED_FACE('',(#8975),#9009,.F.);
#8975 = FACE_BOUND('',#8976,.T.);
#8976 = EDGE_LOOP('',(#8977,#8987,#8995,#9003));
#8977 = ORIENTED_EDGE('',*,*,#8978,.T.);
#8978 = EDGE_CURVE('',#8979,#8981,#8983,.T.);
#8979 = VERTEX_POINT('',#8980);
#8980 = CARTESIAN_POINT('',(-0.274999999999,1.125442325903,
    2.005847854242));
#8981 = VERTEX_POINT('',#8982);
#8982 = CARTESIAN_POINT('',(-0.274999999999,1.077905546699,
    2.275442325903));
#8983 = LINE('',#8984,#8985);
#8984 = CARTESIAN_POINT('',(-0.274999999999,1.125442325903,
    2.005847854242));
#8985 = VECTOR('',#8986,1.);
#8986 = DIRECTION('',(0.,-0.173648177666,0.984807753012));
#8987 = ORIENTED_EDGE('',*,*,#8988,.F.);
#8988 = EDGE_CURVE('',#8989,#8981,#8991,.T.);
#8989 = VERTEX_POINT('',#8990);
#8990 = CARTESIAN_POINT('',(-0.525,1.077905546699,2.275442325903));
#8991 = LINE('',#8992,#8993);
#8992 = CARTESIAN_POINT('',(-0.525,1.077905546699,2.275442325903));
#8993 = VECTOR('',#8994,1.);
#8994 = DIRECTION('',(1.,0.,0.));
#8995 = ORIENTED_EDGE('',*,*,#8996,.F.);
#8996 = EDGE_CURVE('',#8997,#8989,#8999,.T.);
#8997 = VERTEX_POINT('',#8998);
#8998 = CARTESIAN_POINT('',(-0.525,1.125442325903,2.005847854242));
#8999 = LINE('',#9000,#9001);
#9000 = CARTESIAN_POINT('',(-0.525,1.125442325903,2.005847854242));
#9001 = VECTOR('',#9002,1.);
#9002 = DIRECTION('',(0.,-0.173648177666,0.984807753012));
#9003 = ORIENTED_EDGE('',*,*,#9004,.T.);
#9004 = EDGE_CURVE('',#8997,#8979,#9005,.T.);
#9005 = LINE('',#9006,#9007);
#9006 = CARTESIAN_POINT('',(-0.525,1.125442325903,2.005847854242));
#9007 = VECTOR('',#9008,1.);
#9008 = DIRECTION('',(1.,0.,0.));
#9009 = PLANE('',#9010);
#9010 = AXIS2_PLACEMENT_3D('',#9011,#9012,#9013);
#9011 = CARTESIAN_POINT('',(-0.525,1.125442325903,2.005847854242));
#9012 = DIRECTION('',(0.,0.984807753012,0.173648177666));
#9013 = DIRECTION('',(0.,-0.173648177666,0.984807753012));
#9014 = ADVANCED_FACE('',(#9015),#9040,.T.);
#9015 = FACE_BOUND('',#9016,.T.);
#9016 = EDGE_LOOP('',(#9017,#9025,#9033,#9039));
#9017 = ORIENTED_EDGE('',*,*,#9018,.F.);
#9018 = EDGE_CURVE('',#9019,#8981,#9021,.T.);
#9019 = VERTEX_POINT('',#9020);
#9020 = CARTESIAN_POINT('',(-0.274999999999,1.324107484952,2.31885437032
    ));
#9021 = LINE('',#9022,#9023);
#9022 = CARTESIAN_POINT('',(-0.274999999999,1.324107484952,2.31885437032
    ));
#9023 = VECTOR('',#9024,1.);
#9024 = DIRECTION('',(0.,-0.984807753012,-0.173648177666));
#9025 = ORIENTED_EDGE('',*,*,#9026,.F.);
#9026 = EDGE_CURVE('',#9027,#9019,#9029,.T.);
#9027 = VERTEX_POINT('',#9028);
#9028 = CARTESIAN_POINT('',(-0.525,1.324107484952,2.31885437032));
#9029 = LINE('',#9030,#9031);
#9030 = CARTESIAN_POINT('',(-0.525,1.324107484952,2.31885437032));
#9031 = VECTOR('',#9032,1.);
#9032 = DIRECTION('',(1.,0.,0.));
#9033 = ORIENTED_EDGE('',*,*,#9034,.T.);
#9034 = EDGE_CURVE('',#9027,#8989,#9035,.T.);
#9035 = LINE('',#9036,#9037);
#9036 = CARTESIAN_POINT('',(-0.525,1.324107484952,2.31885437032));
#9037 = VECTOR('',#9038,1.);
#9038 = DIRECTION('',(0.,-0.984807753012,-0.173648177666));
#9039 = ORIENTED_EDGE('',*,*,#8988,.T.);
#9040 = PLANE('',#9041);
#9041 = AXIS2_PLACEMENT_3D('',#9042,#9043,#9044);
#9042 = CARTESIAN_POINT('',(-0.525,1.324107484952,2.31885437032));
#9043 = DIRECTION('',(0.,-0.173648177666,0.984807753012));
#9044 = DIRECTION('',(0.,-0.984807753012,-0.173648177666));
#9045 = ADVANCED_FACE('',(#9046),#9071,.T.);
#9046 = FACE_BOUND('',#9047,.T.);
#9047 = EDGE_LOOP('',(#9048,#9056,#9064,#9070));
#9048 = ORIENTED_EDGE('',*,*,#9049,.F.);
#9049 = EDGE_CURVE('',#9050,#9019,#9052,.T.);
#9050 = VERTEX_POINT('',#9051);
#9051 = CARTESIAN_POINT('',(-0.274999999999,1.371644264156,
    2.049259898659));
#9052 = LINE('',#9053,#9054);
#9053 = CARTESIAN_POINT('',(-0.274999999999,1.371644264156,
    2.049259898659));
#9054 = VECTOR('',#9055,1.);
#9055 = DIRECTION('',(0.,-0.173648177666,0.984807753012));
#9056 = ORIENTED_EDGE('',*,*,#9057,.F.);
#9057 = EDGE_CURVE('',#9058,#9050,#9060,.T.);
#9058 = VERTEX_POINT('',#9059);
#9059 = CARTESIAN_POINT('',(-0.525,1.371644264156,2.049259898659));
#9060 = LINE('',#9061,#9062);
#9061 = CARTESIAN_POINT('',(-0.525,1.371644264156,2.049259898659));
#9062 = VECTOR('',#9063,1.);
#9063 = DIRECTION('',(1.,0.,0.));
#9064 = ORIENTED_EDGE('',*,*,#9065,.T.);
#9065 = EDGE_CURVE('',#9058,#9027,#9066,.T.);
#9066 = LINE('',#9067,#9068);
#9067 = CARTESIAN_POINT('',(-0.525,1.371644264156,2.049259898659));
#9068 = VECTOR('',#9069,1.);
#9069 = DIRECTION('',(0.,-0.173648177666,0.984807753012));
#9070 = ORIENTED_EDGE('',*,*,#9026,.T.);
#9071 = PLANE('',#9072);
#9072 = AXIS2_PLACEMENT_3D('',#9073,#9074,#9075);
#9073 = CARTESIAN_POINT('',(-0.525,1.371644264156,2.049259898659));
#9074 = DIRECTION('',(0.,0.984807753012,0.173648177666));
#9075 = DIRECTION('',(0.,-0.173648177666,0.984807753012));
#9076 = ADVANCED_FACE('',(#9077),#9104,.T.);
#9077 = FACE_BOUND('',#9078,.T.);
#9078 = EDGE_LOOP('',(#9079,#9088,#9096,#9103));
#9079 = ORIENTED_EDGE('',*,*,#9080,.F.);
#9080 = EDGE_CURVE('',#9081,#9050,#9083,.T.);
#9081 = VERTEX_POINT('',#9082);
#9082 = CARTESIAN_POINT('',(-0.274999999999,1.379999999999,
    1.953753400942));
#9083 = CIRCLE('',#9084,0.549999999999);
#9084 = AXIS2_PLACEMENT_3D('',#9085,#9086,#9087);
#9085 = CARTESIAN_POINT('',(-0.274999999999,0.829999999999,
    1.953753400942));
#9086 = DIRECTION('',(1.,0.,0.));
#9087 = DIRECTION('',(0.,-1.163053239575E-14,1.));
#9088 = ORIENTED_EDGE('',*,*,#9089,.F.);
#9089 = EDGE_CURVE('',#9090,#9081,#9092,.T.);
#9090 = VERTEX_POINT('',#9091);
#9091 = CARTESIAN_POINT('',(-0.525,1.379999999999,1.953753400942));
#9092 = LINE('',#9093,#9094);
#9093 = CARTESIAN_POINT('',(-0.525,1.379999999999,1.953753400942));
#9094 = VECTOR('',#9095,1.);
#9095 = DIRECTION('',(1.,0.,0.));
#9096 = ORIENTED_EDGE('',*,*,#9097,.T.);
#9097 = EDGE_CURVE('',#9090,#9058,#9098,.T.);
#9098 = CIRCLE('',#9099,0.549999999999);
#9099 = AXIS2_PLACEMENT_3D('',#9100,#9101,#9102);
#9100 = CARTESIAN_POINT('',(-0.525,0.829999999999,1.953753400942));
#9101 = DIRECTION('',(1.,0.,0.));
#9102 = DIRECTION('',(0.,-1.163053239575E-14,1.));
#9103 = ORIENTED_EDGE('',*,*,#9057,.T.);
#9104 = CYLINDRICAL_SURFACE('',#9105,0.549999999999);
#9105 = AXIS2_PLACEMENT_3D('',#9106,#9107,#9108);
#9106 = CARTESIAN_POINT('',(-0.525,0.829999999999,1.953753400942));
#9107 = DIRECTION('',(1.,0.,0.));
#9108 = DIRECTION('',(0.,0.,-1.));
#9109 = ADVANCED_FACE('',(#9110),#9135,.T.);
#9110 = FACE_BOUND('',#9111,.T.);
#9111 = EDGE_LOOP('',(#9112,#9120,#9128,#9134));
#9112 = ORIENTED_EDGE('',*,*,#9113,.F.);
#9113 = EDGE_CURVE('',#9114,#9081,#9116,.T.);
#9114 = VERTEX_POINT('',#9115);
#9115 = CARTESIAN_POINT('',(-0.274999999999,1.379999999999,
    1.271774600533));
#9116 = LINE('',#9117,#9118);
#9117 = CARTESIAN_POINT('',(-0.274999999999,1.379999999999,
    1.271774600533));
#9118 = VECTOR('',#9119,1.);
#9119 = DIRECTION('',(0.,-6.359154694171E-16,1.));
#9120 = ORIENTED_EDGE('',*,*,#9121,.F.);
#9121 = EDGE_CURVE('',#9122,#9114,#9124,.T.);
#9122 = VERTEX_POINT('',#9123);
#9123 = CARTESIAN_POINT('',(-0.525,1.379999999999,1.271774600533));
#9124 = LINE('',#9125,#9126);
#9125 = CARTESIAN_POINT('',(-0.525,1.379999999999,1.271774600533));
#9126 = VECTOR('',#9127,1.);
#9127 = DIRECTION('',(1.,0.,0.));
#9128 = ORIENTED_EDGE('',*,*,#9129,.T.);
#9129 = EDGE_CURVE('',#9122,#9090,#9130,.T.);
#9130 = LINE('',#9131,#9132);
#9131 = CARTESIAN_POINT('',(-0.525,1.379999999999,1.271774600533));
#9132 = VECTOR('',#9133,1.);
#9133 = DIRECTION('',(0.,-6.359154694171E-16,1.));
#9134 = ORIENTED_EDGE('',*,*,#9089,.T.);
#9135 = PLANE('',#9136);
#9136 = AXIS2_PLACEMENT_3D('',#9137,#9138,#9139);
#9137 = CARTESIAN_POINT('',(-0.525,1.379999999999,1.271774600533));
#9138 = DIRECTION('',(0.,1.,6.359154694171E-16));
#9139 = DIRECTION('',(0.,-6.359154694171E-16,1.));
#9140 = ADVANCED_FACE('',(#9141),#9168,.F.);
#9141 = FACE_BOUND('',#9142,.F.);
#9142 = EDGE_LOOP('',(#9143,#9144,#9153,#9161));
#9143 = ORIENTED_EDGE('',*,*,#9121,.F.);
#9144 = ORIENTED_EDGE('',*,*,#9145,.F.);
#9145 = EDGE_CURVE('',#9146,#9122,#9148,.T.);
#9146 = VERTEX_POINT('',#9147);
#9147 = CARTESIAN_POINT('',(-0.525,1.388557566296,1.243800957783));
#9148 = CIRCLE('',#9149,4.9999999999E-02);
#9149 = AXIS2_PLACEMENT_3D('',#9150,#9151,#9152);
#9150 = CARTESIAN_POINT('',(-0.525,1.429999999999,1.271774600533));
#9151 = DIRECTION('',(-1.,0.,0.));
#9152 = DIRECTION('',(0.,0.,1.));
#9153 = ORIENTED_EDGE('',*,*,#9154,.T.);
#9154 = EDGE_CURVE('',#9146,#9155,#9157,.T.);
#9155 = VERTEX_POINT('',#9156);
#9156 = CARTESIAN_POINT('',(-0.274999999999,1.388557566296,
    1.243800957783));
#9157 = LINE('',#9158,#9159);
#9158 = CARTESIAN_POINT('',(-0.525,1.388557566296,1.243800957783));
#9159 = VECTOR('',#9160,1.);
#9160 = DIRECTION('',(1.,0.,0.));
#9161 = ORIENTED_EDGE('',*,*,#9162,.T.);
#9162 = EDGE_CURVE('',#9155,#9114,#9163,.T.);
#9163 = CIRCLE('',#9164,4.9999999999E-02);
#9164 = AXIS2_PLACEMENT_3D('',#9165,#9166,#9167);
#9165 = CARTESIAN_POINT('',(-0.274999999999,1.429999999999,
    1.271774600533));
#9166 = DIRECTION('',(-1.,0.,0.));
#9167 = DIRECTION('',(0.,0.,1.));
#9168 = CYLINDRICAL_SURFACE('',#9169,4.9999999999E-02);
#9169 = AXIS2_PLACEMENT_3D('',#9170,#9171,#9172);
#9170 = CARTESIAN_POINT('',(-0.525,1.429999999999,1.271774600533));
#9171 = DIRECTION('',(1.,0.,0.));
#9172 = DIRECTION('',(0.,0.,-1.));
#9173 = ADVANCED_FACE('',(#9174),#9199,.T.);
#9174 = FACE_BOUND('',#9175,.T.);
#9175 = EDGE_LOOP('',(#9176,#9184,#9192,#9198));
#9176 = ORIENTED_EDGE('',*,*,#9177,.F.);
#9177 = EDGE_CURVE('',#9178,#9155,#9180,.T.);
#9178 = VERTEX_POINT('',#9179);
#9179 = CARTESIAN_POINT('',(-0.274999999999,1.555866770741,
    0.995935469716));
#9180 = LINE('',#9181,#9182);
#9181 = CARTESIAN_POINT('',(-0.274999999999,1.555866770741,
    0.995935469716));
#9182 = VECTOR('',#9183,1.);
#9183 = DIRECTION('',(0.,-0.559472855001,0.828848674075));
#9184 = ORIENTED_EDGE('',*,*,#9185,.F.);
#9185 = EDGE_CURVE('',#9186,#9178,#9188,.T.);
#9186 = VERTEX_POINT('',#9187);
#9187 = CARTESIAN_POINT('',(-0.525,1.555866770741,0.995935469716));
#9188 = LINE('',#9189,#9190);
#9189 = CARTESIAN_POINT('',(-0.525,1.555866770741,0.995935469716));
#9190 = VECTOR('',#9191,1.);
#9191 = DIRECTION('',(1.,0.,0.));
#9192 = ORIENTED_EDGE('',*,*,#9193,.T.);
#9193 = EDGE_CURVE('',#9186,#9146,#9194,.T.);
#9194 = LINE('',#9195,#9196);
#9195 = CARTESIAN_POINT('',(-0.525,1.555866770741,0.995935469716));
#9196 = VECTOR('',#9197,1.);
#9197 = DIRECTION('',(0.,-0.559472855001,0.828848674075));
#9198 = ORIENTED_EDGE('',*,*,#9154,.T.);
#9199 = PLANE('',#9200);
#9200 = AXIS2_PLACEMENT_3D('',#9201,#9202,#9203);
#9201 = CARTESIAN_POINT('',(-0.525,1.555866770741,0.995935469716));
#9202 = DIRECTION('',(0.,0.828848674075,0.559472855001));
#9203 = DIRECTION('',(0.,-0.559472855001,0.828848674075));
#9204 = ADVANCED_FACE('',(#9205),#9232,.T.);
#9205 = FACE_BOUND('',#9206,.T.);
#9206 = EDGE_LOOP('',(#9207,#9216,#9224,#9231));
#9207 = ORIENTED_EDGE('',*,*,#9208,.F.);
#9208 = EDGE_CURVE('',#9209,#9178,#9211,.T.);
#9209 = VERTEX_POINT('',#9210);
#9210 = CARTESIAN_POINT('',(-0.274999999999,1.649999999999,
    0.688225399466));
#9211 = CIRCLE('',#9212,0.55);
#9212 = AXIS2_PLACEMENT_3D('',#9213,#9214,#9215);
#9213 = CARTESIAN_POINT('',(-0.274999999999,1.1,0.688225399466));
#9214 = DIRECTION('',(1.,0.,0.));
#9215 = DIRECTION('',(-0.,7.096596038086E-15,1.));
#9216 = ORIENTED_EDGE('',*,*,#9217,.F.);
#9217 = EDGE_CURVE('',#9218,#9209,#9220,.T.);
#9218 = VERTEX_POINT('',#9219);
#9219 = CARTESIAN_POINT('',(-0.525,1.649999999999,0.688225399466));
#9220 = LINE('',#9221,#9222);
#9221 = CARTESIAN_POINT('',(-0.525,1.649999999999,0.688225399466));
#9222 = VECTOR('',#9223,1.);
#9223 = DIRECTION('',(1.,0.,0.));
#9224 = ORIENTED_EDGE('',*,*,#9225,.T.);
#9225 = EDGE_CURVE('',#9218,#9186,#9226,.T.);
#9226 = CIRCLE('',#9227,0.55);
#9227 = AXIS2_PLACEMENT_3D('',#9228,#9229,#9230);
#9228 = CARTESIAN_POINT('',(-0.525,1.1,0.688225399466));
#9229 = DIRECTION('',(1.,0.,0.));
#9230 = DIRECTION('',(-0.,7.096596038086E-15,1.));
#9231 = ORIENTED_EDGE('',*,*,#9185,.T.);
#9232 = CYLINDRICAL_SURFACE('',#9233,0.549999999999);
#9233 = AXIS2_PLACEMENT_3D('',#9234,#9235,#9236);
#9234 = CARTESIAN_POINT('',(-0.525,1.1,0.688225399466));
#9235 = DIRECTION('',(1.,0.,0.));
#9236 = DIRECTION('',(0.,0.,-1.));
#9237 = ADVANCED_FACE('',(#9238),#9263,.T.);
#9238 = FACE_BOUND('',#9239,.T.);
#9239 = EDGE_LOOP('',(#9240,#9248,#9256,#9262));
#9240 = ORIENTED_EDGE('',*,*,#9241,.F.);
#9241 = EDGE_CURVE('',#9242,#9209,#9244,.T.);
#9242 = VERTEX_POINT('',#9243);
#9243 = CARTESIAN_POINT('',(-0.274999999999,1.649999999999,0.23));
#9244 = LINE('',#9245,#9246);
#9245 = CARTESIAN_POINT('',(-0.274999999999,1.649999999999,0.18));
#9246 = VECTOR('',#9247,1.);
#9247 = DIRECTION('',(0.,0.,1.));
#9248 = ORIENTED_EDGE('',*,*,#9249,.F.);
#9249 = EDGE_CURVE('',#9250,#9242,#9252,.T.);
#9250 = VERTEX_POINT('',#9251);
#9251 = CARTESIAN_POINT('',(-0.525,1.649999999999,0.23));
#9252 = LINE('',#9253,#9254);
#9253 = CARTESIAN_POINT('',(-0.525,1.649999999999,0.23));
#9254 = VECTOR('',#9255,1.);
#9255 = DIRECTION('',(1.,0.,0.));
#9256 = ORIENTED_EDGE('',*,*,#9257,.T.);
#9257 = EDGE_CURVE('',#9250,#9218,#9258,.T.);
#9258 = LINE('',#9259,#9260);
#9259 = CARTESIAN_POINT('',(-0.525,1.649999999999,0.18));
#9260 = VECTOR('',#9261,1.);
#9261 = DIRECTION('',(0.,0.,1.));
#9262 = ORIENTED_EDGE('',*,*,#9217,.T.);
#9263 = PLANE('',#9264);
#9264 = AXIS2_PLACEMENT_3D('',#9265,#9266,#9267);
#9265 = CARTESIAN_POINT('',(-0.525,1.649999999999,0.18));
#9266 = DIRECTION('',(0.,1.,0.));
#9267 = DIRECTION('',(0.,-0.,1.));
#9268 = ADVANCED_FACE('',(#9269),#9294,.T.);
#9269 = FACE_BOUND('',#9270,.T.);
#9270 = EDGE_LOOP('',(#9271,#9279,#9287,#9293));
#9271 = ORIENTED_EDGE('',*,*,#9272,.F.);
#9272 = EDGE_CURVE('',#9273,#9242,#9275,.T.);
#9273 = VERTEX_POINT('',#9274);
#9274 = CARTESIAN_POINT('',(-0.274999999999,2.6,0.23));
#9275 = LINE('',#9276,#9277);
#9276 = CARTESIAN_POINT('',(-0.274999999999,2.6,0.23));
#9277 = VECTOR('',#9278,1.);
#9278 = DIRECTION('',(0.,-1.,7.453889935837E-17));
#9279 = ORIENTED_EDGE('',*,*,#9280,.F.);
#9280 = EDGE_CURVE('',#9281,#9273,#9283,.T.);
#9281 = VERTEX_POINT('',#9282);
#9282 = CARTESIAN_POINT('',(-0.525,2.6,0.23));
#9283 = LINE('',#9284,#9285);
#9284 = CARTESIAN_POINT('',(-0.525,2.6,0.23));
#9285 = VECTOR('',#9286,1.);
#9286 = DIRECTION('',(1.,0.,0.));
#9287 = ORIENTED_EDGE('',*,*,#9288,.T.);
#9288 = EDGE_CURVE('',#9281,#9250,#9289,.T.);
#9289 = LINE('',#9290,#9291);
#9290 = CARTESIAN_POINT('',(-0.525,2.6,0.23));
#9291 = VECTOR('',#9292,1.);
#9292 = DIRECTION('',(0.,-1.,7.453889935837E-17));
#9293 = ORIENTED_EDGE('',*,*,#9249,.T.);
#9294 = PLANE('',#9295);
#9295 = AXIS2_PLACEMENT_3D('',#9296,#9297,#9298);
#9296 = CARTESIAN_POINT('',(-0.525,2.6,0.23));
#9297 = DIRECTION('',(0.,7.453889935837E-17,1.));
#9298 = DIRECTION('',(0.,-1.,7.453889935837E-17));
#9299 = ADVANCED_FACE('',(#9300),#9325,.T.);
#9300 = FACE_BOUND('',#9301,.T.);
#9301 = EDGE_LOOP('',(#9302,#9310,#9318,#9324));
#9302 = ORIENTED_EDGE('',*,*,#9303,.F.);
#9303 = EDGE_CURVE('',#9304,#9273,#9306,.T.);
#9304 = VERTEX_POINT('',#9305);
#9305 = CARTESIAN_POINT('',(-0.274999999999,2.6,-1.9999999999E-02));
#9306 = LINE('',#9307,#9308);
#9307 = CARTESIAN_POINT('',(-0.274999999999,2.6,-1.9999999999E-02));
#9308 = VECTOR('',#9309,1.);
#9309 = DIRECTION('',(0.,0.,1.));
#9310 = ORIENTED_EDGE('',*,*,#9311,.F.);
#9311 = EDGE_CURVE('',#9312,#9304,#9314,.T.);
#9312 = VERTEX_POINT('',#9313);
#9313 = CARTESIAN_POINT('',(-0.525,2.6,-1.9999999999E-02));
#9314 = LINE('',#9315,#9316);
#9315 = CARTESIAN_POINT('',(-0.525,2.6,-1.9999999999E-02));
#9316 = VECTOR('',#9317,1.);
#9317 = DIRECTION('',(1.,0.,0.));
#9318 = ORIENTED_EDGE('',*,*,#9319,.T.);
#9319 = EDGE_CURVE('',#9312,#9281,#9320,.T.);
#9320 = LINE('',#9321,#9322);
#9321 = CARTESIAN_POINT('',(-0.525,2.6,-1.9999999999E-02));
#9322 = VECTOR('',#9323,1.);
#9323 = DIRECTION('',(0.,0.,1.));
#9324 = ORIENTED_EDGE('',*,*,#9280,.T.);
#9325 = PLANE('',#9326);
#9326 = AXIS2_PLACEMENT_3D('',#9327,#9328,#9329);
#9327 = CARTESIAN_POINT('',(-0.525,2.6,-1.9999999999E-02));
#9328 = DIRECTION('',(0.,1.,0.));
#9329 = DIRECTION('',(0.,-0.,1.));
#9330 = ADVANCED_FACE('',(#9331),#9356,.F.);
#9331 = FACE_BOUND('',#9332,.T.);
#9332 = EDGE_LOOP('',(#9333,#9341,#9349,#9355));
#9333 = ORIENTED_EDGE('',*,*,#9334,.T.);
#9334 = EDGE_CURVE('',#9304,#9335,#9337,.T.);
#9335 = VERTEX_POINT('',#9336);
#9336 = CARTESIAN_POINT('',(-0.274999999999,1.6,-1.9999999999E-02));
#9337 = LINE('',#9338,#9339);
#9338 = CARTESIAN_POINT('',(-0.274999999999,2.6,-1.9999999999E-02));
#9339 = VECTOR('',#9340,1.);
#9340 = DIRECTION('',(0.,-1.,7.453889935837E-17));
#9341 = ORIENTED_EDGE('',*,*,#9342,.F.);
#9342 = EDGE_CURVE('',#9343,#9335,#9345,.T.);
#9343 = VERTEX_POINT('',#9344);
#9344 = CARTESIAN_POINT('',(-0.525,1.6,-1.9999999999E-02));
#9345 = LINE('',#9346,#9347);
#9346 = CARTESIAN_POINT('',(-0.525,1.6,-1.9999999999E-02));
#9347 = VECTOR('',#9348,1.);
#9348 = DIRECTION('',(1.,0.,0.));
#9349 = ORIENTED_EDGE('',*,*,#9350,.F.);
#9350 = EDGE_CURVE('',#9312,#9343,#9351,.T.);
#9351 = LINE('',#9352,#9353);
#9352 = CARTESIAN_POINT('',(-0.525,2.6,-1.9999999999E-02));
#9353 = VECTOR('',#9354,1.);
#9354 = DIRECTION('',(0.,-1.,7.453889935837E-17));
#9355 = ORIENTED_EDGE('',*,*,#9311,.T.);
#9356 = PLANE('',#9357);
#9357 = AXIS2_PLACEMENT_3D('',#9358,#9359,#9360);
#9358 = CARTESIAN_POINT('',(-0.525,2.6,-1.9999999999E-02));
#9359 = DIRECTION('',(0.,7.453889935837E-17,1.));
#9360 = DIRECTION('',(0.,-1.,7.453889935837E-17));
#9361 = ADVANCED_FACE('',(#9362),#9389,.T.);
#9362 = FACE_BOUND('',#9363,.T.);
#9363 = EDGE_LOOP('',(#9364,#9373,#9381,#9388));
#9364 = ORIENTED_EDGE('',*,*,#9365,.T.);
#9365 = EDGE_CURVE('',#9335,#9366,#9368,.T.);
#9366 = VERTEX_POINT('',#9367);
#9367 = CARTESIAN_POINT('',(-0.274999999999,1.399999999999,0.18));
#9368 = CIRCLE('',#9369,0.2);
#9369 = AXIS2_PLACEMENT_3D('',#9370,#9371,#9372);
#9370 = CARTESIAN_POINT('',(-0.274999999999,1.6,0.18));
#9371 = DIRECTION('',(-1.,0.,0.));
#9372 = DIRECTION('',(0.,0.,1.));
#9373 = ORIENTED_EDGE('',*,*,#9374,.F.);
#9374 = EDGE_CURVE('',#9375,#9366,#9377,.T.);
#9375 = VERTEX_POINT('',#9376);
#9376 = CARTESIAN_POINT('',(-0.525,1.399999999999,0.18));
#9377 = LINE('',#9378,#9379);
#9378 = CARTESIAN_POINT('',(-0.525,1.399999999999,0.18));
#9379 = VECTOR('',#9380,1.);
#9380 = DIRECTION('',(1.,0.,0.));
#9381 = ORIENTED_EDGE('',*,*,#9382,.F.);
#9382 = EDGE_CURVE('',#9343,#9375,#9383,.T.);
#9383 = CIRCLE('',#9384,0.2);
#9384 = AXIS2_PLACEMENT_3D('',#9385,#9386,#9387);
#9385 = CARTESIAN_POINT('',(-0.525,1.6,0.18));
#9386 = DIRECTION('',(-1.,0.,0.));
#9387 = DIRECTION('',(0.,0.,1.));
#9388 = ORIENTED_EDGE('',*,*,#9342,.T.);
#9389 = CYLINDRICAL_SURFACE('',#9390,0.2);
#9390 = AXIS2_PLACEMENT_3D('',#9391,#9392,#9393);
#9391 = CARTESIAN_POINT('',(-0.525,1.6,0.18));
#9392 = DIRECTION('',(1.,0.,0.));
#9393 = DIRECTION('',(0.,0.,-1.));
#9394 = ADVANCED_FACE('',(#9395),#9420,.F.);
#9395 = FACE_BOUND('',#9396,.T.);
#9396 = EDGE_LOOP('',(#9397,#9405,#9413,#9419));
#9397 = ORIENTED_EDGE('',*,*,#9398,.T.);
#9398 = EDGE_CURVE('',#9366,#9399,#9401,.T.);
#9399 = VERTEX_POINT('',#9400);
#9400 = CARTESIAN_POINT('',(-0.274999999999,1.399999999999,
    0.688225399466));
#9401 = LINE('',#9402,#9403);
#9402 = CARTESIAN_POINT('',(-0.274999999999,1.399999999999,0.18));
#9403 = VECTOR('',#9404,1.);
#9404 = DIRECTION('',(0.,0.,1.));
#9405 = ORIENTED_EDGE('',*,*,#9406,.F.);
#9406 = EDGE_CURVE('',#9407,#9399,#9409,.T.);
#9407 = VERTEX_POINT('',#9408);
#9408 = CARTESIAN_POINT('',(-0.525,1.399999999999,0.688225399466));
#9409 = LINE('',#9410,#9411);
#9410 = CARTESIAN_POINT('',(-0.525,1.399999999999,0.688225399466));
#9411 = VECTOR('',#9412,1.);
#9412 = DIRECTION('',(1.,0.,0.));
#9413 = ORIENTED_EDGE('',*,*,#9414,.F.);
#9414 = EDGE_CURVE('',#9375,#9407,#9415,.T.);
#9415 = LINE('',#9416,#9417);
#9416 = CARTESIAN_POINT('',(-0.525,1.399999999999,0.18));
#9417 = VECTOR('',#9418,1.);
#9418 = DIRECTION('',(0.,0.,1.));
#9419 = ORIENTED_EDGE('',*,*,#9374,.T.);
#9420 = PLANE('',#9421);
#9421 = AXIS2_PLACEMENT_3D('',#9422,#9423,#9424);
#9422 = CARTESIAN_POINT('',(-0.525,1.399999999999,0.18));
#9423 = DIRECTION('',(0.,1.,0.));
#9424 = DIRECTION('',(0.,-0.,1.));
#9425 = ADVANCED_FACE('',(#9426),#9453,.F.);
#9426 = FACE_BOUND('',#9427,.F.);
#9427 = EDGE_LOOP('',(#9428,#9429,#9438,#9446));
#9428 = ORIENTED_EDGE('',*,*,#9406,.F.);
#9429 = ORIENTED_EDGE('',*,*,#9430,.T.);
#9430 = EDGE_CURVE('',#9407,#9431,#9433,.T.);
#9431 = VERTEX_POINT('',#9432);
#9432 = CARTESIAN_POINT('',(-0.525,1.348654602222,0.856067255966));
#9433 = CIRCLE('',#9434,0.299999999999);
#9434 = AXIS2_PLACEMENT_3D('',#9435,#9436,#9437);
#9435 = CARTESIAN_POINT('',(-0.525,1.1,0.688225399466));
#9436 = DIRECTION('',(1.,0.,0.));
#9437 = DIRECTION('',(0.,0.,-1.));
#9438 = ORIENTED_EDGE('',*,*,#9439,.T.);
#9439 = EDGE_CURVE('',#9431,#9440,#9442,.T.);
#9440 = VERTEX_POINT('',#9441);
#9441 = CARTESIAN_POINT('',(-0.274999999999,1.348654602222,
    0.856067255966));
#9442 = LINE('',#9443,#9444);
#9443 = CARTESIAN_POINT('',(-0.525,1.348654602222,0.856067255966));
#9444 = VECTOR('',#9445,1.);
#9445 = DIRECTION('',(1.,0.,0.));
#9446 = ORIENTED_EDGE('',*,*,#9447,.F.);
#9447 = EDGE_CURVE('',#9399,#9440,#9448,.T.);
#9448 = CIRCLE('',#9449,0.299999999999);
#9449 = AXIS2_PLACEMENT_3D('',#9450,#9451,#9452);
#9450 = CARTESIAN_POINT('',(-0.274999999999,1.1,0.688225399466));
#9451 = DIRECTION('',(1.,0.,0.));
#9452 = DIRECTION('',(0.,0.,-1.));
#9453 = CYLINDRICAL_SURFACE('',#9454,0.299999999999);
#9454 = AXIS2_PLACEMENT_3D('',#9455,#9456,#9457);
#9455 = CARTESIAN_POINT('',(-0.525,1.1,0.688225399466));
#9456 = DIRECTION('',(1.,0.,0.));
#9457 = DIRECTION('',(0.,0.,-1.));
#9458 = ADVANCED_FACE('',(#9459),#9484,.F.);
#9459 = FACE_BOUND('',#9460,.T.);
#9460 = EDGE_LOOP('',(#9461,#9469,#9477,#9483));
#9461 = ORIENTED_EDGE('',*,*,#9462,.T.);
#9462 = EDGE_CURVE('',#9440,#9463,#9465,.T.);
#9463 = VERTEX_POINT('',#9464);
#9464 = CARTESIAN_POINT('',(-0.274999999999,1.181345397777,
    1.103932744033));
#9465 = LINE('',#9466,#9467);
#9466 = CARTESIAN_POINT('',(-0.274999999999,1.348654602222,
    0.856067255966));
#9467 = VECTOR('',#9468,1.);
#9468 = DIRECTION('',(0.,-0.559472855001,0.828848674075));
#9469 = ORIENTED_EDGE('',*,*,#9470,.F.);
#9470 = EDGE_CURVE('',#9471,#9463,#9473,.T.);
#9471 = VERTEX_POINT('',#9472);
#9472 = CARTESIAN_POINT('',(-0.525,1.181345397777,1.103932744033));
#9473 = LINE('',#9474,#9475);
#9474 = CARTESIAN_POINT('',(-0.525,1.181345397777,1.103932744033));
#9475 = VECTOR('',#9476,1.);
#9476 = DIRECTION('',(1.,0.,0.));
#9477 = ORIENTED_EDGE('',*,*,#9478,.F.);
#9478 = EDGE_CURVE('',#9431,#9471,#9479,.T.);
#9479 = LINE('',#9480,#9481);
#9480 = CARTESIAN_POINT('',(-0.525,1.348654602222,0.856067255966));
#9481 = VECTOR('',#9482,1.);
#9482 = DIRECTION('',(0.,-0.559472855001,0.828848674075));
#9483 = ORIENTED_EDGE('',*,*,#9439,.T.);
#9484 = PLANE('',#9485);
#9485 = AXIS2_PLACEMENT_3D('',#9486,#9487,#9488);
#9486 = CARTESIAN_POINT('',(-0.525,1.348654602222,0.856067255966));
#9487 = DIRECTION('',(0.,0.828848674075,0.559472855001));
#9488 = DIRECTION('',(0.,-0.559472855001,0.828848674075));
#9489 = ADVANCED_FACE('',(#9490),#9517,.T.);
#9490 = FACE_BOUND('',#9491,.T.);
#9491 = EDGE_LOOP('',(#9492,#9501,#9509,#9516));
#9492 = ORIENTED_EDGE('',*,*,#9493,.T.);
#9493 = EDGE_CURVE('',#9463,#9494,#9496,.T.);
#9494 = VERTEX_POINT('',#9495);
#9495 = CARTESIAN_POINT('',(-0.274999999999,1.129999999999,
    1.271774600533));
#9496 = CIRCLE('',#9497,0.299999999999);
#9497 = AXIS2_PLACEMENT_3D('',#9498,#9499,#9500);
#9498 = CARTESIAN_POINT('',(-0.274999999999,1.429999999999,
    1.271774600533));
#9499 = DIRECTION('',(-1.,0.,0.));
#9500 = DIRECTION('',(0.,0.,1.));
#9501 = ORIENTED_EDGE('',*,*,#9502,.F.);
#9502 = EDGE_CURVE('',#9503,#9494,#9505,.T.);
#9503 = VERTEX_POINT('',#9504);
#9504 = CARTESIAN_POINT('',(-0.525,1.129999999999,1.271774600533));
#9505 = LINE('',#9506,#9507);
#9506 = CARTESIAN_POINT('',(-0.525,1.129999999999,1.271774600533));
#9507 = VECTOR('',#9508,1.);
#9508 = DIRECTION('',(1.,0.,0.));
#9509 = ORIENTED_EDGE('',*,*,#9510,.F.);
#9510 = EDGE_CURVE('',#9471,#9503,#9511,.T.);
#9511 = CIRCLE('',#9512,0.299999999999);
#9512 = AXIS2_PLACEMENT_3D('',#9513,#9514,#9515);
#9513 = CARTESIAN_POINT('',(-0.525,1.429999999999,1.271774600533));
#9514 = DIRECTION('',(-1.,0.,0.));
#9515 = DIRECTION('',(0.,0.,1.));
#9516 = ORIENTED_EDGE('',*,*,#9470,.T.);
#9517 = CYLINDRICAL_SURFACE('',#9518,0.299999999999);
#9518 = AXIS2_PLACEMENT_3D('',#9519,#9520,#9521);
#9519 = CARTESIAN_POINT('',(-0.525,1.429999999999,1.271774600533));
#9520 = DIRECTION('',(1.,0.,0.));
#9521 = DIRECTION('',(0.,0.,-1.));
#9522 = ADVANCED_FACE('',(#9523),#9548,.F.);
#9523 = FACE_BOUND('',#9524,.T.);
#9524 = EDGE_LOOP('',(#9525,#9533,#9541,#9547));
#9525 = ORIENTED_EDGE('',*,*,#9526,.T.);
#9526 = EDGE_CURVE('',#9494,#9527,#9529,.T.);
#9527 = VERTEX_POINT('',#9528);
#9528 = CARTESIAN_POINT('',(-0.274999999999,1.129999999999,
    1.953753400942));
#9529 = LINE('',#9530,#9531);
#9530 = CARTESIAN_POINT('',(-0.274999999999,1.129999999999,
    1.271774600533));
#9531 = VECTOR('',#9532,1.);
#9532 = DIRECTION('',(0.,-6.359154694171E-16,1.));
#9533 = ORIENTED_EDGE('',*,*,#9534,.F.);
#9534 = EDGE_CURVE('',#9535,#9527,#9537,.T.);
#9535 = VERTEX_POINT('',#9536);
#9536 = CARTESIAN_POINT('',(-0.525,1.129999999999,1.953753400942));
#9537 = LINE('',#9538,#9539);
#9538 = CARTESIAN_POINT('',(-0.525,1.129999999999,1.953753400942));
#9539 = VECTOR('',#9540,1.);
#9540 = DIRECTION('',(1.,0.,0.));
#9541 = ORIENTED_EDGE('',*,*,#9542,.F.);
#9542 = EDGE_CURVE('',#9503,#9535,#9543,.T.);
#9543 = LINE('',#9544,#9545);
#9544 = CARTESIAN_POINT('',(-0.525,1.129999999999,1.271774600533));
#9545 = VECTOR('',#9546,1.);
#9546 = DIRECTION('',(0.,-6.359154694171E-16,1.));
#9547 = ORIENTED_EDGE('',*,*,#9502,.T.);
#9548 = PLANE('',#9549);
#9549 = AXIS2_PLACEMENT_3D('',#9550,#9551,#9552);
#9550 = CARTESIAN_POINT('',(-0.525,1.129999999999,1.271774600533));
#9551 = DIRECTION('',(0.,1.,6.359154694171E-16));
#9552 = DIRECTION('',(0.,-6.359154694171E-16,1.));
#9553 = ADVANCED_FACE('',(#9554),#9572,.F.);
#9554 = FACE_BOUND('',#9555,.F.);
#9555 = EDGE_LOOP('',(#9556,#9557,#9564,#9565));
#9556 = ORIENTED_EDGE('',*,*,#9534,.F.);
#9557 = ORIENTED_EDGE('',*,*,#9558,.T.);
#9558 = EDGE_CURVE('',#9535,#8997,#9559,.T.);
#9559 = CIRCLE('',#9560,0.299999999999);
#9560 = AXIS2_PLACEMENT_3D('',#9561,#9562,#9563);
#9561 = CARTESIAN_POINT('',(-0.525,0.829999999999,1.953753400942));
#9562 = DIRECTION('',(1.,0.,0.));
#9563 = DIRECTION('',(0.,0.,-1.));
#9564 = ORIENTED_EDGE('',*,*,#9004,.T.);
#9565 = ORIENTED_EDGE('',*,*,#9566,.F.);
#9566 = EDGE_CURVE('',#9527,#8979,#9567,.T.);
#9567 = CIRCLE('',#9568,0.299999999999);
#9568 = AXIS2_PLACEMENT_3D('',#9569,#9570,#9571);
#9569 = CARTESIAN_POINT('',(-0.274999999999,0.829999999999,
    1.953753400942));
#9570 = DIRECTION('',(1.,0.,0.));
#9571 = DIRECTION('',(0.,0.,-1.));
#9572 = CYLINDRICAL_SURFACE('',#9573,0.299999999999);
#9573 = AXIS2_PLACEMENT_3D('',#9574,#9575,#9576);
#9574 = CARTESIAN_POINT('',(-0.525,0.829999999999,1.953753400942));
#9575 = DIRECTION('',(1.,0.,0.));
#9576 = DIRECTION('',(0.,0.,-1.));
#9577 = ADVANCED_FACE('',(#9578),#9599,.T.);
#9578 = FACE_BOUND('',#9579,.T.);
#9579 = EDGE_LOOP('',(#9580,#9581,#9582,#9583,#9584,#9585,#9586,#9587,
    #9588,#9589,#9590,#9591,#9592,#9593,#9594,#9595,#9596,#9597,#9598));
#9580 = ORIENTED_EDGE('',*,*,#8996,.T.);
#9581 = ORIENTED_EDGE('',*,*,#9034,.F.);
#9582 = ORIENTED_EDGE('',*,*,#9065,.F.);
#9583 = ORIENTED_EDGE('',*,*,#9097,.F.);
#9584 = ORIENTED_EDGE('',*,*,#9129,.F.);
#9585 = ORIENTED_EDGE('',*,*,#9145,.F.);
#9586 = ORIENTED_EDGE('',*,*,#9193,.F.);
#9587 = ORIENTED_EDGE('',*,*,#9225,.F.);
#9588 = ORIENTED_EDGE('',*,*,#9257,.F.);
#9589 = ORIENTED_EDGE('',*,*,#9288,.F.);
#9590 = ORIENTED_EDGE('',*,*,#9319,.F.);
#9591 = ORIENTED_EDGE('',*,*,#9350,.T.);
#9592 = ORIENTED_EDGE('',*,*,#9382,.T.);
#9593 = ORIENTED_EDGE('',*,*,#9414,.T.);
#9594 = ORIENTED_EDGE('',*,*,#9430,.T.);
#9595 = ORIENTED_EDGE('',*,*,#9478,.T.);
#9596 = ORIENTED_EDGE('',*,*,#9510,.T.);
#9597 = ORIENTED_EDGE('',*,*,#9542,.T.);
#9598 = ORIENTED_EDGE('',*,*,#9558,.T.);
#9599 = PLANE('',#9600);
#9600 = AXIS2_PLACEMENT_3D('',#9601,#9602,#9603);
#9601 = CARTESIAN_POINT('',(-0.525,0.829999999999,1.953753400942));
#9602 = DIRECTION('',(-1.,0.,0.));
#9603 = DIRECTION('',(0.,0.,1.));
#9604 = ADVANCED_FACE('',(#9605),#9626,.F.);
#9605 = FACE_BOUND('',#9606,.T.);
#9606 = EDGE_LOOP('',(#9607,#9608,#9609,#9610,#9611,#9612,#9613,#9614,
    #9615,#9616,#9617,#9618,#9619,#9620,#9621,#9622,#9623,#9624,#9625));
#9607 = ORIENTED_EDGE('',*,*,#8978,.F.);
#9608 = ORIENTED_EDGE('',*,*,#9566,.F.);
#9609 = ORIENTED_EDGE('',*,*,#9526,.F.);
#9610 = ORIENTED_EDGE('',*,*,#9493,.F.);
#9611 = ORIENTED_EDGE('',*,*,#9462,.F.);
#9612 = ORIENTED_EDGE('',*,*,#9447,.F.);
#9613 = ORIENTED_EDGE('',*,*,#9398,.F.);
#9614 = ORIENTED_EDGE('',*,*,#9365,.F.);
#9615 = ORIENTED_EDGE('',*,*,#9334,.F.);
#9616 = ORIENTED_EDGE('',*,*,#9303,.T.);
#9617 = ORIENTED_EDGE('',*,*,#9272,.T.);
#9618 = ORIENTED_EDGE('',*,*,#9241,.T.);
#9619 = ORIENTED_EDGE('',*,*,#9208,.T.);
#9620 = ORIENTED_EDGE('',*,*,#9177,.T.);
#9621 = ORIENTED_EDGE('',*,*,#9162,.T.);
#9622 = ORIENTED_EDGE('',*,*,#9113,.T.);
#9623 = ORIENTED_EDGE('',*,*,#9080,.T.);
#9624 = ORIENTED_EDGE('',*,*,#9049,.T.);
#9625 = ORIENTED_EDGE('',*,*,#9018,.T.);
#9626 = PLANE('',#9627);
#9627 = AXIS2_PLACEMENT_3D('',#9628,#9629,#9630);
#9628 = CARTESIAN_POINT('',(-0.274999999999,0.829999999999,
    1.953753400942));
#9629 = DIRECTION('',(-1.,0.,0.));
#9630 = DIRECTION('',(0.,0.,1.));
#9631 = ( GEOMETRIC_REPRESENTATION_CONTEXT(3) 
GLOBAL_UNCERTAINTY_ASSIGNED_CONTEXT((#9635)) 
GLOBAL_UNIT_ASSIGNED_CONTEXT((#9632,#9633,#9634)) REPRESENTATION_CONTEXT
('Context #1','3D Context with UNIT and UNCERTAINTY') );
#9632 = ( LENGTH_UNIT() NAMED_UNIT(*) SI_UNIT(.MILLI.,.METRE.) );
#9633 = ( NAMED_UNIT(*) PLANE_ANGLE_UNIT() SI_UNIT($,.RADIAN.) );
#9634 = ( NAMED_UNIT(*) SI_UNIT($,.STERADIAN.) SOLID_ANGLE_UNIT() );
#9635 = UNCERTAINTY_MEASURE_WITH_UNIT(LENGTH_MEASURE(1.E-07),#9632,
  'distance_accuracy_value','confusion accuracy');
#9636 = CONTEXT_DEPENDENT_SHAPE_REPRESENTATION(#9637,#9639);
#9637 = ( REPRESENTATION_RELATIONSHIP('','',#8971,#10) 
REPRESENTATION_RELATIONSHIP_WITH_TRANSFORMATION(#9638) 
SHAPE_REPRESENTATION_RELATIONSHIP() );
#9638 = ITEM_DEFINED_TRANSFORMATION('','',#11,#35);
#9639 = PRODUCT_DEFINITION_SHAPE('Placement','Placement of an item',
  #9640);
#9640 = NEXT_ASSEMBLY_USAGE_OCCURRENCE('6',
'CONN-SMD_HC-PBB08-2-08-M-H1.0-G1-R-P-04_1~CONN-SMD_
HC-PBB08-2-08-M-H1.0-G1-R-P-04_1~bmqH004','',#5,#8966,$);
#9641 = PRODUCT_RELATED_PRODUCT_CATEGORY('part',$,(#8968));
#9642 = SHAPE_DEFINITION_REPRESENTATION(#9643,#9649);
#9643 = PRODUCT_DEFINITION_SHAPE('','',#9644);
#9644 = PRODUCT_DEFINITION('design','',#9645,#9648);
#9645 = PRODUCT_DEFINITION_FORMATION('','',#9646);
#9646 = PRODUCT(
'CONN-SMD_HC-PBB08-2-08-M-H1.0-G1-R-P-04_1~CONN-SMD_
HC-PBB08-2-08-M-H1.0-G1-R-P-04_1~bmqH005',
'CONN-SMD_HC-PBB08-2-08-M-H1.0-G1-R-P-04_1~CONN-SMD_
HC-PBB08-2-08-M-H1.0-G1-R-P-04_1~bmqH005','',(#9647));
#9647 = PRODUCT_CONTEXT('',#2,'mechanical');
#9648 = PRODUCT_DEFINITION_CONTEXT('part definition',#2,'design');
#9649 = ADVANCED_BREP_SHAPE_REPRESENTATION('',(#11,#9650),#10309);
#9650 = MANIFOLD_SOLID_BREP('',#9651);
#9651 = CLOSED_SHELL('',(#9652,#9692,#9723,#9754,#9787,#9818,#9851,#9882
    ,#9915,#9946,#9977,#10008,#10039,#10072,#10103,#10136,#10167,#10200,
    #10231,#10255,#10282));
#9652 = ADVANCED_FACE('',(#9653),#9687,.F.);
#9653 = FACE_BOUND('',#9654,.T.);
#9654 = EDGE_LOOP('',(#9655,#9665,#9673,#9681));
#9655 = ORIENTED_EDGE('',*,*,#9656,.T.);
#9656 = EDGE_CURVE('',#9657,#9659,#9661,.T.);
#9657 = VERTEX_POINT('',#9658);
#9658 = CARTESIAN_POINT('',(0.525,1.125442325903,2.005847854242));
#9659 = VERTEX_POINT('',#9660);
#9660 = CARTESIAN_POINT('',(0.525,1.077905546699,2.275442325903));
#9661 = LINE('',#9662,#9663);
#9662 = CARTESIAN_POINT('',(0.525,1.125442325903,2.005847854242));
#9663 = VECTOR('',#9664,1.);
#9664 = DIRECTION('',(0.,-0.173648177666,0.984807753012));
#9665 = ORIENTED_EDGE('',*,*,#9666,.F.);
#9666 = EDGE_CURVE('',#9667,#9659,#9669,.T.);
#9667 = VERTEX_POINT('',#9668);
#9668 = CARTESIAN_POINT('',(0.275,1.077905546699,2.275442325903));
#9669 = LINE('',#9670,#9671);
#9670 = CARTESIAN_POINT('',(0.275,1.077905546699,2.275442325903));
#9671 = VECTOR('',#9672,1.);
#9672 = DIRECTION('',(1.,0.,0.));
#9673 = ORIENTED_EDGE('',*,*,#9674,.F.);
#9674 = EDGE_CURVE('',#9675,#9667,#9677,.T.);
#9675 = VERTEX_POINT('',#9676);
#9676 = CARTESIAN_POINT('',(0.275,1.125442325903,2.005847854242));
#9677 = LINE('',#9678,#9679);
#9678 = CARTESIAN_POINT('',(0.275,1.125442325903,2.005847854242));
#9679 = VECTOR('',#9680,1.);
#9680 = DIRECTION('',(0.,-0.173648177666,0.984807753012));
#9681 = ORIENTED_EDGE('',*,*,#9682,.T.);
#9682 = EDGE_CURVE('',#9675,#9657,#9683,.T.);
#9683 = LINE('',#9684,#9685);
#9684 = CARTESIAN_POINT('',(0.275,1.125442325903,2.005847854242));
#9685 = VECTOR('',#9686,1.);
#9686 = DIRECTION('',(1.,0.,0.));
#9687 = PLANE('',#9688);
#9688 = AXIS2_PLACEMENT_3D('',#9689,#9690,#9691);
#9689 = CARTESIAN_POINT('',(0.275,1.125442325903,2.005847854242));
#9690 = DIRECTION('',(0.,0.984807753012,0.173648177666));
#9691 = DIRECTION('',(0.,-0.173648177666,0.984807753012));
#9692 = ADVANCED_FACE('',(#9693),#9718,.T.);
#9693 = FACE_BOUND('',#9694,.T.);
#9694 = EDGE_LOOP('',(#9695,#9703,#9711,#9717));
#9695 = ORIENTED_EDGE('',*,*,#9696,.F.);
#9696 = EDGE_CURVE('',#9697,#9659,#9699,.T.);
#9697 = VERTEX_POINT('',#9698);
#9698 = CARTESIAN_POINT('',(0.525,1.324107484952,2.31885437032));
#9699 = LINE('',#9700,#9701);
#9700 = CARTESIAN_POINT('',(0.525,1.324107484952,2.31885437032));
#9701 = VECTOR('',#9702,1.);
#9702 = DIRECTION('',(0.,-0.984807753012,-0.173648177666));
#9703 = ORIENTED_EDGE('',*,*,#9704,.F.);
#9704 = EDGE_CURVE('',#9705,#9697,#9707,.T.);
#9705 = VERTEX_POINT('',#9706);
#9706 = CARTESIAN_POINT('',(0.275,1.324107484952,2.31885437032));
#9707 = LINE('',#9708,#9709);
#9708 = CARTESIAN_POINT('',(0.275,1.324107484952,2.31885437032));
#9709 = VECTOR('',#9710,1.);
#9710 = DIRECTION('',(1.,0.,0.));
#9711 = ORIENTED_EDGE('',*,*,#9712,.T.);
#9712 = EDGE_CURVE('',#9705,#9667,#9713,.T.);
#9713 = LINE('',#9714,#9715);
#9714 = CARTESIAN_POINT('',(0.275,1.324107484952,2.31885437032));
#9715 = VECTOR('',#9716,1.);
#9716 = DIRECTION('',(0.,-0.984807753012,-0.173648177666));
#9717 = ORIENTED_EDGE('',*,*,#9666,.T.);
#9718 = PLANE('',#9719);
#9719 = AXIS2_PLACEMENT_3D('',#9720,#9721,#9722);
#9720 = CARTESIAN_POINT('',(0.275,1.324107484952,2.31885437032));
#9721 = DIRECTION('',(0.,-0.173648177666,0.984807753012));
#9722 = DIRECTION('',(0.,-0.984807753012,-0.173648177666));
#9723 = ADVANCED_FACE('',(#9724),#9749,.T.);
#9724 = FACE_BOUND('',#9725,.T.);
#9725 = EDGE_LOOP('',(#9726,#9734,#9742,#9748));
#9726 = ORIENTED_EDGE('',*,*,#9727,.F.);
#9727 = EDGE_CURVE('',#9728,#9697,#9730,.T.);
#9728 = VERTEX_POINT('',#9729);
#9729 = CARTESIAN_POINT('',(0.525,1.371644264156,2.049259898659));
#9730 = LINE('',#9731,#9732);
#9731 = CARTESIAN_POINT('',(0.525,1.371644264156,2.049259898659));
#9732 = VECTOR('',#9733,1.);
#9733 = DIRECTION('',(0.,-0.173648177666,0.984807753012));
#9734 = ORIENTED_EDGE('',*,*,#9735,.F.);
#9735 = EDGE_CURVE('',#9736,#9728,#9738,.T.);
#9736 = VERTEX_POINT('',#9737);
#9737 = CARTESIAN_POINT('',(0.275,1.371644264156,2.049259898659));
#9738 = LINE('',#9739,#9740);
#9739 = CARTESIAN_POINT('',(0.275,1.371644264156,2.049259898659));
#9740 = VECTOR('',#9741,1.);
#9741 = DIRECTION('',(1.,0.,0.));
#9742 = ORIENTED_EDGE('',*,*,#9743,.T.);
#9743 = EDGE_CURVE('',#9736,#9705,#9744,.T.);
#9744 = LINE('',#9745,#9746);
#9745 = CARTESIAN_POINT('',(0.275,1.371644264156,2.049259898659));
#9746 = VECTOR('',#9747,1.);
#9747 = DIRECTION('',(0.,-0.173648177666,0.984807753012));
#9748 = ORIENTED_EDGE('',*,*,#9704,.T.);
#9749 = PLANE('',#9750);
#9750 = AXIS2_PLACEMENT_3D('',#9751,#9752,#9753);
#9751 = CARTESIAN_POINT('',(0.275,1.371644264156,2.049259898659));
#9752 = DIRECTION('',(0.,0.984807753012,0.173648177666));
#9753 = DIRECTION('',(0.,-0.173648177666,0.984807753012));
#9754 = ADVANCED_FACE('',(#9755),#9782,.T.);
#9755 = FACE_BOUND('',#9756,.T.);
#9756 = EDGE_LOOP('',(#9757,#9766,#9774,#9781));
#9757 = ORIENTED_EDGE('',*,*,#9758,.F.);
#9758 = EDGE_CURVE('',#9759,#9728,#9761,.T.);
#9759 = VERTEX_POINT('',#9760);
#9760 = CARTESIAN_POINT('',(0.525,1.379999999999,1.953753400942));
#9761 = CIRCLE('',#9762,0.549999999999);
#9762 = AXIS2_PLACEMENT_3D('',#9763,#9764,#9765);
#9763 = CARTESIAN_POINT('',(0.525,0.829999999999,1.953753400942));
#9764 = DIRECTION('',(1.,0.,0.));
#9765 = DIRECTION('',(0.,-1.163053239575E-14,1.));
#9766 = ORIENTED_EDGE('',*,*,#9767,.F.);
#9767 = EDGE_CURVE('',#9768,#9759,#9770,.T.);
#9768 = VERTEX_POINT('',#9769);
#9769 = CARTESIAN_POINT('',(0.275,1.379999999999,1.953753400942));
#9770 = LINE('',#9771,#9772);
#9771 = CARTESIAN_POINT('',(0.275,1.379999999999,1.953753400942));
#9772 = VECTOR('',#9773,1.);
#9773 = DIRECTION('',(1.,0.,0.));
#9774 = ORIENTED_EDGE('',*,*,#9775,.T.);
#9775 = EDGE_CURVE('',#9768,#9736,#9776,.T.);
#9776 = CIRCLE('',#9777,0.549999999999);
#9777 = AXIS2_PLACEMENT_3D('',#9778,#9779,#9780);
#9778 = CARTESIAN_POINT('',(0.275,0.829999999999,1.953753400942));
#9779 = DIRECTION('',(1.,0.,0.));
#9780 = DIRECTION('',(0.,-1.163053239575E-14,1.));
#9781 = ORIENTED_EDGE('',*,*,#9735,.T.);
#9782 = CYLINDRICAL_SURFACE('',#9783,0.549999999999);
#9783 = AXIS2_PLACEMENT_3D('',#9784,#9785,#9786);
#9784 = CARTESIAN_POINT('',(0.275,0.829999999999,1.953753400942));
#9785 = DIRECTION('',(1.,0.,0.));
#9786 = DIRECTION('',(0.,0.,-1.));
#9787 = ADVANCED_FACE('',(#9788),#9813,.T.);
#9788 = FACE_BOUND('',#9789,.T.);
#9789 = EDGE_LOOP('',(#9790,#9798,#9806,#9812));
#9790 = ORIENTED_EDGE('',*,*,#9791,.F.);
#9791 = EDGE_CURVE('',#9792,#9759,#9794,.T.);
#9792 = VERTEX_POINT('',#9793);
#9793 = CARTESIAN_POINT('',(0.525,1.379999999999,1.271774600533));
#9794 = LINE('',#9795,#9796);
#9795 = CARTESIAN_POINT('',(0.525,1.379999999999,1.271774600533));
#9796 = VECTOR('',#9797,1.);
#9797 = DIRECTION('',(0.,-6.359154694171E-16,1.));
#9798 = ORIENTED_EDGE('',*,*,#9799,.F.);
#9799 = EDGE_CURVE('',#9800,#9792,#9802,.T.);
#9800 = VERTEX_POINT('',#9801);
#9801 = CARTESIAN_POINT('',(0.275,1.379999999999,1.271774600533));
#9802 = LINE('',#9803,#9804);
#9803 = CARTESIAN_POINT('',(0.275,1.379999999999,1.271774600533));
#9804 = VECTOR('',#9805,1.);
#9805 = DIRECTION('',(1.,0.,0.));
#9806 = ORIENTED_EDGE('',*,*,#9807,.T.);
#9807 = EDGE_CURVE('',#9800,#9768,#9808,.T.);
#9808 = LINE('',#9809,#9810);
#9809 = CARTESIAN_POINT('',(0.275,1.379999999999,1.271774600533));
#9810 = VECTOR('',#9811,1.);
#9811 = DIRECTION('',(0.,-6.359154694171E-16,1.));
#9812 = ORIENTED_EDGE('',*,*,#9767,.T.);
#9813 = PLANE('',#9814);
#9814 = AXIS2_PLACEMENT_3D('',#9815,#9816,#9817);
#9815 = CARTESIAN_POINT('',(0.275,1.379999999999,1.271774600533));
#9816 = DIRECTION('',(0.,1.,6.359154694171E-16));
#9817 = DIRECTION('',(0.,-6.359154694171E-16,1.));
#9818 = ADVANCED_FACE('',(#9819),#9846,.F.);
#9819 = FACE_BOUND('',#9820,.F.);
#9820 = EDGE_LOOP('',(#9821,#9822,#9831,#9839));
#9821 = ORIENTED_EDGE('',*,*,#9799,.F.);
#9822 = ORIENTED_EDGE('',*,*,#9823,.F.);
#9823 = EDGE_CURVE('',#9824,#9800,#9826,.T.);
#9824 = VERTEX_POINT('',#9825);
#9825 = CARTESIAN_POINT('',(0.275,1.388557566296,1.243800957783));
#9826 = CIRCLE('',#9827,4.9999999999E-02);
#9827 = AXIS2_PLACEMENT_3D('',#9828,#9829,#9830);
#9828 = CARTESIAN_POINT('',(0.275,1.429999999999,1.271774600533));
#9829 = DIRECTION('',(-1.,0.,0.));
#9830 = DIRECTION('',(0.,0.,1.));
#9831 = ORIENTED_EDGE('',*,*,#9832,.T.);
#9832 = EDGE_CURVE('',#9824,#9833,#9835,.T.);
#9833 = VERTEX_POINT('',#9834);
#9834 = CARTESIAN_POINT('',(0.525,1.388557566296,1.243800957783));
#9835 = LINE('',#9836,#9837);
#9836 = CARTESIAN_POINT('',(0.275,1.388557566296,1.243800957783));
#9837 = VECTOR('',#9838,1.);
#9838 = DIRECTION('',(1.,0.,0.));
#9839 = ORIENTED_EDGE('',*,*,#9840,.T.);
#9840 = EDGE_CURVE('',#9833,#9792,#9841,.T.);
#9841 = CIRCLE('',#9842,4.9999999999E-02);
#9842 = AXIS2_PLACEMENT_3D('',#9843,#9844,#9845);
#9843 = CARTESIAN_POINT('',(0.525,1.429999999999,1.271774600533));
#9844 = DIRECTION('',(-1.,0.,0.));
#9845 = DIRECTION('',(0.,0.,1.));
#9846 = CYLINDRICAL_SURFACE('',#9847,4.9999999999E-02);
#9847 = AXIS2_PLACEMENT_3D('',#9848,#9849,#9850);
#9848 = CARTESIAN_POINT('',(0.275,1.429999999999,1.271774600533));
#9849 = DIRECTION('',(1.,0.,0.));
#9850 = DIRECTION('',(0.,0.,-1.));
#9851 = ADVANCED_FACE('',(#9852),#9877,.T.);
#9852 = FACE_BOUND('',#9853,.T.);
#9853 = EDGE_LOOP('',(#9854,#9862,#9870,#9876));
#9854 = ORIENTED_EDGE('',*,*,#9855,.F.);
#9855 = EDGE_CURVE('',#9856,#9833,#9858,.T.);
#9856 = VERTEX_POINT('',#9857);
#9857 = CARTESIAN_POINT('',(0.525,1.555866770741,0.995935469716));
#9858 = LINE('',#9859,#9860);
#9859 = CARTESIAN_POINT('',(0.525,1.555866770741,0.995935469716));
#9860 = VECTOR('',#9861,1.);
#9861 = DIRECTION('',(0.,-0.559472855001,0.828848674075));
#9862 = ORIENTED_EDGE('',*,*,#9863,.F.);
#9863 = EDGE_CURVE('',#9864,#9856,#9866,.T.);
#9864 = VERTEX_POINT('',#9865);
#9865 = CARTESIAN_POINT('',(0.275,1.555866770741,0.995935469716));
#9866 = LINE('',#9867,#9868);
#9867 = CARTESIAN_POINT('',(0.275,1.555866770741,0.995935469716));
#9868 = VECTOR('',#9869,1.);
#9869 = DIRECTION('',(1.,0.,0.));
#9870 = ORIENTED_EDGE('',*,*,#9871,.T.);
#9871 = EDGE_CURVE('',#9864,#9824,#9872,.T.);
#9872 = LINE('',#9873,#9874);
#9873 = CARTESIAN_POINT('',(0.275,1.555866770741,0.995935469716));
#9874 = VECTOR('',#9875,1.);
#9875 = DIRECTION('',(0.,-0.559472855001,0.828848674075));
#9876 = ORIENTED_EDGE('',*,*,#9832,.T.);
#9877 = PLANE('',#9878);
#9878 = AXIS2_PLACEMENT_3D('',#9879,#9880,#9881);
#9879 = CARTESIAN_POINT('',(0.275,1.555866770741,0.995935469716));
#9880 = DIRECTION('',(0.,0.828848674075,0.559472855001));
#9881 = DIRECTION('',(0.,-0.559472855001,0.828848674075));
#9882 = ADVANCED_FACE('',(#9883),#9910,.T.);
#9883 = FACE_BOUND('',#9884,.T.);
#9884 = EDGE_LOOP('',(#9885,#9894,#9902,#9909));
#9885 = ORIENTED_EDGE('',*,*,#9886,.F.);
#9886 = EDGE_CURVE('',#9887,#9856,#9889,.T.);
#9887 = VERTEX_POINT('',#9888);
#9888 = CARTESIAN_POINT('',(0.525,1.649999999999,0.688225399466));
#9889 = CIRCLE('',#9890,0.55);
#9890 = AXIS2_PLACEMENT_3D('',#9891,#9892,#9893);
#9891 = CARTESIAN_POINT('',(0.525,1.1,0.688225399466));
#9892 = DIRECTION('',(1.,0.,0.));
#9893 = DIRECTION('',(-0.,7.096596038086E-15,1.));
#9894 = ORIENTED_EDGE('',*,*,#9895,.F.);
#9895 = EDGE_CURVE('',#9896,#9887,#9898,.T.);
#9896 = VERTEX_POINT('',#9897);
#9897 = CARTESIAN_POINT('',(0.275,1.649999999999,0.688225399466));
#9898 = LINE('',#9899,#9900);
#9899 = CARTESIAN_POINT('',(0.275,1.649999999999,0.688225399466));
#9900 = VECTOR('',#9901,1.);
#9901 = DIRECTION('',(1.,0.,0.));
#9902 = ORIENTED_EDGE('',*,*,#9903,.T.);
#9903 = EDGE_CURVE('',#9896,#9864,#9904,.T.);
#9904 = CIRCLE('',#9905,0.55);
#9905 = AXIS2_PLACEMENT_3D('',#9906,#9907,#9908);
#9906 = CARTESIAN_POINT('',(0.275,1.1,0.688225399466));
#9907 = DIRECTION('',(1.,0.,0.));
#9908 = DIRECTION('',(-0.,7.096596038086E-15,1.));
#9909 = ORIENTED_EDGE('',*,*,#9863,.T.);
#9910 = CYLINDRICAL_SURFACE('',#9911,0.549999999999);
#9911 = AXIS2_PLACEMENT_3D('',#9912,#9913,#9914);
#9912 = CARTESIAN_POINT('',(0.275,1.1,0.688225399466));
#9913 = DIRECTION('',(1.,0.,0.));
#9914 = DIRECTION('',(0.,0.,-1.));
#9915 = ADVANCED_FACE('',(#9916),#9941,.T.);
#9916 = FACE_BOUND('',#9917,.T.);
#9917 = EDGE_LOOP('',(#9918,#9926,#9934,#9940));
#9918 = ORIENTED_EDGE('',*,*,#9919,.F.);
#9919 = EDGE_CURVE('',#9920,#9887,#9922,.T.);
#9920 = VERTEX_POINT('',#9921);
#9921 = CARTESIAN_POINT('',(0.525,1.649999999999,0.23));
#9922 = LINE('',#9923,#9924);
#9923 = CARTESIAN_POINT('',(0.525,1.649999999999,0.18));
#9924 = VECTOR('',#9925,1.);
#9925 = DIRECTION('',(0.,0.,1.));
#9926 = ORIENTED_EDGE('',*,*,#9927,.F.);
#9927 = EDGE_CURVE('',#9928,#9920,#9930,.T.);
#9928 = VERTEX_POINT('',#9929);
#9929 = CARTESIAN_POINT('',(0.275,1.649999999999,0.23));
#9930 = LINE('',#9931,#9932);
#9931 = CARTESIAN_POINT('',(0.275,1.649999999999,0.23));
#9932 = VECTOR('',#9933,1.);
#9933 = DIRECTION('',(1.,0.,0.));
#9934 = ORIENTED_EDGE('',*,*,#9935,.T.);
#9935 = EDGE_CURVE('',#9928,#9896,#9936,.T.);
#9936 = LINE('',#9937,#9938);
#9937 = CARTESIAN_POINT('',(0.275,1.649999999999,0.18));
#9938 = VECTOR('',#9939,1.);
#9939 = DIRECTION('',(0.,0.,1.));
#9940 = ORIENTED_EDGE('',*,*,#9895,.T.);
#9941 = PLANE('',#9942);
#9942 = AXIS2_PLACEMENT_3D('',#9943,#9944,#9945);
#9943 = CARTESIAN_POINT('',(0.275,1.649999999999,0.18));
#9944 = DIRECTION('',(0.,1.,0.));
#9945 = DIRECTION('',(0.,-0.,1.));
#9946 = ADVANCED_FACE('',(#9947),#9972,.T.);
#9947 = FACE_BOUND('',#9948,.T.);
#9948 = EDGE_LOOP('',(#9949,#9957,#9965,#9971));
#9949 = ORIENTED_EDGE('',*,*,#9950,.F.);
#9950 = EDGE_CURVE('',#9951,#9920,#9953,.T.);
#9951 = VERTEX_POINT('',#9952);
#9952 = CARTESIAN_POINT('',(0.525,2.6,0.23));
#9953 = LINE('',#9954,#9955);
#9954 = CARTESIAN_POINT('',(0.525,2.6,0.23));
#9955 = VECTOR('',#9956,1.);
#9956 = DIRECTION('',(0.,-1.,7.453889935837E-17));
#9957 = ORIENTED_EDGE('',*,*,#9958,.F.);
#9958 = EDGE_CURVE('',#9959,#9951,#9961,.T.);
#9959 = VERTEX_POINT('',#9960);
#9960 = CARTESIAN_POINT('',(0.275,2.6,0.23));
#9961 = LINE('',#9962,#9963);
#9962 = CARTESIAN_POINT('',(0.275,2.6,0.23));
#9963 = VECTOR('',#9964,1.);
#9964 = DIRECTION('',(1.,0.,0.));
#9965 = ORIENTED_EDGE('',*,*,#9966,.T.);
#9966 = EDGE_CURVE('',#9959,#9928,#9967,.T.);
#9967 = LINE('',#9968,#9969);
#9968 = CARTESIAN_POINT('',(0.275,2.6,0.23));
#9969 = VECTOR('',#9970,1.);
#9970 = DIRECTION('',(0.,-1.,7.453889935837E-17));
#9971 = ORIENTED_EDGE('',*,*,#9927,.T.);
#9972 = PLANE('',#9973);
#9973 = AXIS2_PLACEMENT_3D('',#9974,#9975,#9976);
#9974 = CARTESIAN_POINT('',(0.275,2.6,0.23));
#9975 = DIRECTION('',(0.,7.453889935837E-17,1.));
#9976 = DIRECTION('',(0.,-1.,7.453889935837E-17));
#9977 = ADVANCED_FACE('',(#9978),#10003,.T.);
#9978 = FACE_BOUND('',#9979,.T.);
#9979 = EDGE_LOOP('',(#9980,#9988,#9996,#10002));
#9980 = ORIENTED_EDGE('',*,*,#9981,.F.);
#9981 = EDGE_CURVE('',#9982,#9951,#9984,.T.);
#9982 = VERTEX_POINT('',#9983);
#9983 = CARTESIAN_POINT('',(0.525,2.6,-1.9999999999E-02));
#9984 = LINE('',#9985,#9986);
#9985 = CARTESIAN_POINT('',(0.525,2.6,-1.9999999999E-02));
#9986 = VECTOR('',#9987,1.);
#9987 = DIRECTION('',(0.,0.,1.));
#9988 = ORIENTED_EDGE('',*,*,#9989,.F.);
#9989 = EDGE_CURVE('',#9990,#9982,#9992,.T.);
#9990 = VERTEX_POINT('',#9991);
#9991 = CARTESIAN_POINT('',(0.275,2.6,-1.9999999999E-02));
#9992 = LINE('',#9993,#9994);
#9993 = CARTESIAN_POINT('',(0.275,2.6,-1.9999999999E-02));
#9994 = VECTOR('',#9995,1.);
#9995 = DIRECTION('',(1.,0.,0.));
#9996 = ORIENTED_EDGE('',*,*,#9997,.T.);
#9997 = EDGE_CURVE('',#9990,#9959,#9998,.T.);
#9998 = LINE('',#9999,#10000);
#9999 = CARTESIAN_POINT('',(0.275,2.6,-1.9999999999E-02));
#10000 = VECTOR('',#10001,1.);
#10001 = DIRECTION('',(0.,0.,1.));
#10002 = ORIENTED_EDGE('',*,*,#9958,.T.);
#10003 = PLANE('',#10004);
#10004 = AXIS2_PLACEMENT_3D('',#10005,#10006,#10007);
#10005 = CARTESIAN_POINT('',(0.275,2.6,-1.9999999999E-02));
#10006 = DIRECTION('',(0.,1.,0.));
#10007 = DIRECTION('',(0.,-0.,1.));
#10008 = ADVANCED_FACE('',(#10009),#10034,.F.);
#10009 = FACE_BOUND('',#10010,.T.);
#10010 = EDGE_LOOP('',(#10011,#10019,#10027,#10033));
#10011 = ORIENTED_EDGE('',*,*,#10012,.T.);
#10012 = EDGE_CURVE('',#9982,#10013,#10015,.T.);
#10013 = VERTEX_POINT('',#10014);
#10014 = CARTESIAN_POINT('',(0.525,1.6,-1.9999999999E-02));
#10015 = LINE('',#10016,#10017);
#10016 = CARTESIAN_POINT('',(0.525,2.6,-1.9999999999E-02));
#10017 = VECTOR('',#10018,1.);
#10018 = DIRECTION('',(0.,-1.,7.453889935837E-17));
#10019 = ORIENTED_EDGE('',*,*,#10020,.F.);
#10020 = EDGE_CURVE('',#10021,#10013,#10023,.T.);
#10021 = VERTEX_POINT('',#10022);
#10022 = CARTESIAN_POINT('',(0.275,1.6,-1.9999999999E-02));
#10023 = LINE('',#10024,#10025);
#10024 = CARTESIAN_POINT('',(0.275,1.6,-1.9999999999E-02));
#10025 = VECTOR('',#10026,1.);
#10026 = DIRECTION('',(1.,0.,0.));
#10027 = ORIENTED_EDGE('',*,*,#10028,.F.);
#10028 = EDGE_CURVE('',#9990,#10021,#10029,.T.);
#10029 = LINE('',#10030,#10031);
#10030 = CARTESIAN_POINT('',(0.275,2.6,-1.9999999999E-02));
#10031 = VECTOR('',#10032,1.);
#10032 = DIRECTION('',(0.,-1.,7.453889935837E-17));
#10033 = ORIENTED_EDGE('',*,*,#9989,.T.);
#10034 = PLANE('',#10035);
#10035 = AXIS2_PLACEMENT_3D('',#10036,#10037,#10038);
#10036 = CARTESIAN_POINT('',(0.275,2.6,-1.9999999999E-02));
#10037 = DIRECTION('',(0.,7.453889935837E-17,1.));
#10038 = DIRECTION('',(0.,-1.,7.453889935837E-17));
#10039 = ADVANCED_FACE('',(#10040),#10067,.T.);
#10040 = FACE_BOUND('',#10041,.T.);
#10041 = EDGE_LOOP('',(#10042,#10051,#10059,#10066));
#10042 = ORIENTED_EDGE('',*,*,#10043,.T.);
#10043 = EDGE_CURVE('',#10013,#10044,#10046,.T.);
#10044 = VERTEX_POINT('',#10045);
#10045 = CARTESIAN_POINT('',(0.525,1.399999999999,0.18));
#10046 = CIRCLE('',#10047,0.2);
#10047 = AXIS2_PLACEMENT_3D('',#10048,#10049,#10050);
#10048 = CARTESIAN_POINT('',(0.525,1.6,0.18));
#10049 = DIRECTION('',(-1.,0.,0.));
#10050 = DIRECTION('',(0.,0.,1.));
#10051 = ORIENTED_EDGE('',*,*,#10052,.F.);
#10052 = EDGE_CURVE('',#10053,#10044,#10055,.T.);
#10053 = VERTEX_POINT('',#10054);
#10054 = CARTESIAN_POINT('',(0.275,1.399999999999,0.18));
#10055 = LINE('',#10056,#10057);
#10056 = CARTESIAN_POINT('',(0.275,1.399999999999,0.18));
#10057 = VECTOR('',#10058,1.);
#10058 = DIRECTION('',(1.,0.,0.));
#10059 = ORIENTED_EDGE('',*,*,#10060,.F.);
#10060 = EDGE_CURVE('',#10021,#10053,#10061,.T.);
#10061 = CIRCLE('',#10062,0.2);
#10062 = AXIS2_PLACEMENT_3D('',#10063,#10064,#10065);
#10063 = CARTESIAN_POINT('',(0.275,1.6,0.18));
#10064 = DIRECTION('',(-1.,0.,0.));
#10065 = DIRECTION('',(0.,0.,1.));
#10066 = ORIENTED_EDGE('',*,*,#10020,.T.);
#10067 = CYLINDRICAL_SURFACE('',#10068,0.2);
#10068 = AXIS2_PLACEMENT_3D('',#10069,#10070,#10071);
#10069 = CARTESIAN_POINT('',(0.275,1.6,0.18));
#10070 = DIRECTION('',(1.,0.,0.));
#10071 = DIRECTION('',(0.,0.,-1.));
#10072 = ADVANCED_FACE('',(#10073),#10098,.F.);
#10073 = FACE_BOUND('',#10074,.T.);
#10074 = EDGE_LOOP('',(#10075,#10083,#10091,#10097));
#10075 = ORIENTED_EDGE('',*,*,#10076,.T.);
#10076 = EDGE_CURVE('',#10044,#10077,#10079,.T.);
#10077 = VERTEX_POINT('',#10078);
#10078 = CARTESIAN_POINT('',(0.525,1.399999999999,0.688225399466));
#10079 = LINE('',#10080,#10081);
#10080 = CARTESIAN_POINT('',(0.525,1.399999999999,0.18));
#10081 = VECTOR('',#10082,1.);
#10082 = DIRECTION('',(0.,0.,1.));
#10083 = ORIENTED_EDGE('',*,*,#10084,.F.);
#10084 = EDGE_CURVE('',#10085,#10077,#10087,.T.);
#10085 = VERTEX_POINT('',#10086);
#10086 = CARTESIAN_POINT('',(0.275,1.399999999999,0.688225399466));
#10087 = LINE('',#10088,#10089);
#10088 = CARTESIAN_POINT('',(0.275,1.399999999999,0.688225399466));
#10089 = VECTOR('',#10090,1.);
#10090 = DIRECTION('',(1.,0.,0.));
#10091 = ORIENTED_EDGE('',*,*,#10092,.F.);
#10092 = EDGE_CURVE('',#10053,#10085,#10093,.T.);
#10093 = LINE('',#10094,#10095);
#10094 = CARTESIAN_POINT('',(0.275,1.399999999999,0.18));
#10095 = VECTOR('',#10096,1.);
#10096 = DIRECTION('',(0.,0.,1.));
#10097 = ORIENTED_EDGE('',*,*,#10052,.T.);
#10098 = PLANE('',#10099);
#10099 = AXIS2_PLACEMENT_3D('',#10100,#10101,#10102);
#10100 = CARTESIAN_POINT('',(0.275,1.399999999999,0.18));
#10101 = DIRECTION('',(0.,1.,0.));
#10102 = DIRECTION('',(0.,-0.,1.));
#10103 = ADVANCED_FACE('',(#10104),#10131,.F.);
#10104 = FACE_BOUND('',#10105,.F.);
#10105 = EDGE_LOOP('',(#10106,#10107,#10116,#10124));
#10106 = ORIENTED_EDGE('',*,*,#10084,.F.);
#10107 = ORIENTED_EDGE('',*,*,#10108,.T.);
#10108 = EDGE_CURVE('',#10085,#10109,#10111,.T.);
#10109 = VERTEX_POINT('',#10110);
#10110 = CARTESIAN_POINT('',(0.275,1.348654602222,0.856067255966));
#10111 = CIRCLE('',#10112,0.299999999999);
#10112 = AXIS2_PLACEMENT_3D('',#10113,#10114,#10115);
#10113 = CARTESIAN_POINT('',(0.275,1.1,0.688225399466));
#10114 = DIRECTION('',(1.,0.,0.));
#10115 = DIRECTION('',(0.,0.,-1.));
#10116 = ORIENTED_EDGE('',*,*,#10117,.T.);
#10117 = EDGE_CURVE('',#10109,#10118,#10120,.T.);
#10118 = VERTEX_POINT('',#10119);
#10119 = CARTESIAN_POINT('',(0.525,1.348654602222,0.856067255966));
#10120 = LINE('',#10121,#10122);
#10121 = CARTESIAN_POINT('',(0.275,1.348654602222,0.856067255966));
#10122 = VECTOR('',#10123,1.);
#10123 = DIRECTION('',(1.,0.,0.));
#10124 = ORIENTED_EDGE('',*,*,#10125,.F.);
#10125 = EDGE_CURVE('',#10077,#10118,#10126,.T.);
#10126 = CIRCLE('',#10127,0.299999999999);
#10127 = AXIS2_PLACEMENT_3D('',#10128,#10129,#10130);
#10128 = CARTESIAN_POINT('',(0.525,1.1,0.688225399466));
#10129 = DIRECTION('',(1.,0.,0.));
#10130 = DIRECTION('',(0.,0.,-1.));
#10131 = CYLINDRICAL_SURFACE('',#10132,0.299999999999);
#10132 = AXIS2_PLACEMENT_3D('',#10133,#10134,#10135);
#10133 = CARTESIAN_POINT('',(0.275,1.1,0.688225399466));
#10134 = DIRECTION('',(1.,0.,0.));
#10135 = DIRECTION('',(0.,0.,-1.));
#10136 = ADVANCED_FACE('',(#10137),#10162,.F.);
#10137 = FACE_BOUND('',#10138,.T.);
#10138 = EDGE_LOOP('',(#10139,#10147,#10155,#10161));
#10139 = ORIENTED_EDGE('',*,*,#10140,.T.);
#10140 = EDGE_CURVE('',#10118,#10141,#10143,.T.);
#10141 = VERTEX_POINT('',#10142);
#10142 = CARTESIAN_POINT('',(0.525,1.181345397777,1.103932744033));
#10143 = LINE('',#10144,#10145);
#10144 = CARTESIAN_POINT('',(0.525,1.348654602222,0.856067255966));
#10145 = VECTOR('',#10146,1.);
#10146 = DIRECTION('',(0.,-0.559472855001,0.828848674075));
#10147 = ORIENTED_EDGE('',*,*,#10148,.F.);
#10148 = EDGE_CURVE('',#10149,#10141,#10151,.T.);
#10149 = VERTEX_POINT('',#10150);
#10150 = CARTESIAN_POINT('',(0.275,1.181345397777,1.103932744033));
#10151 = LINE('',#10152,#10153);
#10152 = CARTESIAN_POINT('',(0.275,1.181345397777,1.103932744033));
#10153 = VECTOR('',#10154,1.);
#10154 = DIRECTION('',(1.,0.,0.));
#10155 = ORIENTED_EDGE('',*,*,#10156,.F.);
#10156 = EDGE_CURVE('',#10109,#10149,#10157,.T.);
#10157 = LINE('',#10158,#10159);
#10158 = CARTESIAN_POINT('',(0.275,1.348654602222,0.856067255966));
#10159 = VECTOR('',#10160,1.);
#10160 = DIRECTION('',(0.,-0.559472855001,0.828848674075));
#10161 = ORIENTED_EDGE('',*,*,#10117,.T.);
#10162 = PLANE('',#10163);
#10163 = AXIS2_PLACEMENT_3D('',#10164,#10165,#10166);
#10164 = CARTESIAN_POINT('',(0.275,1.348654602222,0.856067255966));
#10165 = DIRECTION('',(0.,0.828848674075,0.559472855001));
#10166 = DIRECTION('',(0.,-0.559472855001,0.828848674075));
#10167 = ADVANCED_FACE('',(#10168),#10195,.T.);
#10168 = FACE_BOUND('',#10169,.T.);
#10169 = EDGE_LOOP('',(#10170,#10179,#10187,#10194));
#10170 = ORIENTED_EDGE('',*,*,#10171,.T.);
#10171 = EDGE_CURVE('',#10141,#10172,#10174,.T.);
#10172 = VERTEX_POINT('',#10173);
#10173 = CARTESIAN_POINT('',(0.525,1.129999999999,1.271774600533));
#10174 = CIRCLE('',#10175,0.299999999999);
#10175 = AXIS2_PLACEMENT_3D('',#10176,#10177,#10178);
#10176 = CARTESIAN_POINT('',(0.525,1.429999999999,1.271774600533));
#10177 = DIRECTION('',(-1.,0.,0.));
#10178 = DIRECTION('',(0.,0.,1.));
#10179 = ORIENTED_EDGE('',*,*,#10180,.F.);
#10180 = EDGE_CURVE('',#10181,#10172,#10183,.T.);
#10181 = VERTEX_POINT('',#10182);
#10182 = CARTESIAN_POINT('',(0.275,1.129999999999,1.271774600533));
#10183 = LINE('',#10184,#10185);
#10184 = CARTESIAN_POINT('',(0.275,1.129999999999,1.271774600533));
#10185 = VECTOR('',#10186,1.);
#10186 = DIRECTION('',(1.,0.,0.));
#10187 = ORIENTED_EDGE('',*,*,#10188,.F.);
#10188 = EDGE_CURVE('',#10149,#10181,#10189,.T.);
#10189 = CIRCLE('',#10190,0.299999999999);
#10190 = AXIS2_PLACEMENT_3D('',#10191,#10192,#10193);
#10191 = CARTESIAN_POINT('',(0.275,1.429999999999,1.271774600533));
#10192 = DIRECTION('',(-1.,0.,0.));
#10193 = DIRECTION('',(0.,0.,1.));
#10194 = ORIENTED_EDGE('',*,*,#10148,.T.);
#10195 = CYLINDRICAL_SURFACE('',#10196,0.299999999999);
#10196 = AXIS2_PLACEMENT_3D('',#10197,#10198,#10199);
#10197 = CARTESIAN_POINT('',(0.275,1.429999999999,1.271774600533));
#10198 = DIRECTION('',(1.,0.,0.));
#10199 = DIRECTION('',(0.,0.,-1.));
#10200 = ADVANCED_FACE('',(#10201),#10226,.F.);
#10201 = FACE_BOUND('',#10202,.T.);
#10202 = EDGE_LOOP('',(#10203,#10211,#10219,#10225));
#10203 = ORIENTED_EDGE('',*,*,#10204,.T.);
#10204 = EDGE_CURVE('',#10172,#10205,#10207,.T.);
#10205 = VERTEX_POINT('',#10206);
#10206 = CARTESIAN_POINT('',(0.525,1.129999999999,1.953753400942));
#10207 = LINE('',#10208,#10209);
#10208 = CARTESIAN_POINT('',(0.525,1.129999999999,1.271774600533));
#10209 = VECTOR('',#10210,1.);
#10210 = DIRECTION('',(0.,-6.359154694171E-16,1.));
#10211 = ORIENTED_EDGE('',*,*,#10212,.F.);
#10212 = EDGE_CURVE('',#10213,#10205,#10215,.T.);
#10213 = VERTEX_POINT('',#10214);
#10214 = CARTESIAN_POINT('',(0.275,1.129999999999,1.953753400942));
#10215 = LINE('',#10216,#10217);
#10216 = CARTESIAN_POINT('',(0.275,1.129999999999,1.953753400942));
#10217 = VECTOR('',#10218,1.);
#10218 = DIRECTION('',(1.,0.,0.));
#10219 = ORIENTED_EDGE('',*,*,#10220,.F.);
#10220 = EDGE_CURVE('',#10181,#10213,#10221,.T.);
#10221 = LINE('',#10222,#10223);
#10222 = CARTESIAN_POINT('',(0.275,1.129999999999,1.271774600533));
#10223 = VECTOR('',#10224,1.);
#10224 = DIRECTION('',(0.,-6.359154694171E-16,1.));
#10225 = ORIENTED_EDGE('',*,*,#10180,.T.);
#10226 = PLANE('',#10227);
#10227 = AXIS2_PLACEMENT_3D('',#10228,#10229,#10230);
#10228 = CARTESIAN_POINT('',(0.275,1.129999999999,1.271774600533));
#10229 = DIRECTION('',(0.,1.,6.359154694171E-16));
#10230 = DIRECTION('',(0.,-6.359154694171E-16,1.));
#10231 = ADVANCED_FACE('',(#10232),#10250,.F.);
#10232 = FACE_BOUND('',#10233,.F.);
#10233 = EDGE_LOOP('',(#10234,#10235,#10242,#10243));
#10234 = ORIENTED_EDGE('',*,*,#10212,.F.);
#10235 = ORIENTED_EDGE('',*,*,#10236,.T.);
#10236 = EDGE_CURVE('',#10213,#9675,#10237,.T.);
#10237 = CIRCLE('',#10238,0.299999999999);
#10238 = AXIS2_PLACEMENT_3D('',#10239,#10240,#10241);
#10239 = CARTESIAN_POINT('',(0.275,0.829999999999,1.953753400942));
#10240 = DIRECTION('',(1.,0.,0.));
#10241 = DIRECTION('',(0.,0.,-1.));
#10242 = ORIENTED_EDGE('',*,*,#9682,.T.);
#10243 = ORIENTED_EDGE('',*,*,#10244,.F.);
#10244 = EDGE_CURVE('',#10205,#9657,#10245,.T.);
#10245 = CIRCLE('',#10246,0.299999999999);
#10246 = AXIS2_PLACEMENT_3D('',#10247,#10248,#10249);
#10247 = CARTESIAN_POINT('',(0.525,0.829999999999,1.953753400942));
#10248 = DIRECTION('',(1.,0.,0.));
#10249 = DIRECTION('',(0.,0.,-1.));
#10250 = CYLINDRICAL_SURFACE('',#10251,0.299999999999);
#10251 = AXIS2_PLACEMENT_3D('',#10252,#10253,#10254);
#10252 = CARTESIAN_POINT('',(0.275,0.829999999999,1.953753400942));
#10253 = DIRECTION('',(1.,0.,0.));
#10254 = DIRECTION('',(0.,0.,-1.));
#10255 = ADVANCED_FACE('',(#10256),#10277,.T.);
#10256 = FACE_BOUND('',#10257,.T.);
#10257 = EDGE_LOOP('',(#10258,#10259,#10260,#10261,#10262,#10263,#10264,
    #10265,#10266,#10267,#10268,#10269,#10270,#10271,#10272,#10273,
    #10274,#10275,#10276));
#10258 = ORIENTED_EDGE('',*,*,#9674,.T.);
#10259 = ORIENTED_EDGE('',*,*,#9712,.F.);
#10260 = ORIENTED_EDGE('',*,*,#9743,.F.);
#10261 = ORIENTED_EDGE('',*,*,#9775,.F.);
#10262 = ORIENTED_EDGE('',*,*,#9807,.F.);
#10263 = ORIENTED_EDGE('',*,*,#9823,.F.);
#10264 = ORIENTED_EDGE('',*,*,#9871,.F.);
#10265 = ORIENTED_EDGE('',*,*,#9903,.F.);
#10266 = ORIENTED_EDGE('',*,*,#9935,.F.);
#10267 = ORIENTED_EDGE('',*,*,#9966,.F.);
#10268 = ORIENTED_EDGE('',*,*,#9997,.F.);
#10269 = ORIENTED_EDGE('',*,*,#10028,.T.);
#10270 = ORIENTED_EDGE('',*,*,#10060,.T.);
#10271 = ORIENTED_EDGE('',*,*,#10092,.T.);
#10272 = ORIENTED_EDGE('',*,*,#10108,.T.);
#10273 = ORIENTED_EDGE('',*,*,#10156,.T.);
#10274 = ORIENTED_EDGE('',*,*,#10188,.T.);
#10275 = ORIENTED_EDGE('',*,*,#10220,.T.);
#10276 = ORIENTED_EDGE('',*,*,#10236,.T.);
#10277 = PLANE('',#10278);
#10278 = AXIS2_PLACEMENT_3D('',#10279,#10280,#10281);
#10279 = CARTESIAN_POINT('',(0.275,0.829999999999,1.953753400942));
#10280 = DIRECTION('',(-1.,0.,0.));
#10281 = DIRECTION('',(0.,0.,1.));
#10282 = ADVANCED_FACE('',(#10283),#10304,.F.);
#10283 = FACE_BOUND('',#10284,.T.);
#10284 = EDGE_LOOP('',(#10285,#10286,#10287,#10288,#10289,#10290,#10291,
    #10292,#10293,#10294,#10295,#10296,#10297,#10298,#10299,#10300,
    #10301,#10302,#10303));
#10285 = ORIENTED_EDGE('',*,*,#9656,.F.);
#10286 = ORIENTED_EDGE('',*,*,#10244,.F.);
#10287 = ORIENTED_EDGE('',*,*,#10204,.F.);
#10288 = ORIENTED_EDGE('',*,*,#10171,.F.);
#10289 = ORIENTED_EDGE('',*,*,#10140,.F.);
#10290 = ORIENTED_EDGE('',*,*,#10125,.F.);
#10291 = ORIENTED_EDGE('',*,*,#10076,.F.);
#10292 = ORIENTED_EDGE('',*,*,#10043,.F.);
#10293 = ORIENTED_EDGE('',*,*,#10012,.F.);
#10294 = ORIENTED_EDGE('',*,*,#9981,.T.);
#10295 = ORIENTED_EDGE('',*,*,#9950,.T.);
#10296 = ORIENTED_EDGE('',*,*,#9919,.T.);
#10297 = ORIENTED_EDGE('',*,*,#9886,.T.);
#10298 = ORIENTED_EDGE('',*,*,#9855,.T.);
#10299 = ORIENTED_EDGE('',*,*,#9840,.T.);
#10300 = ORIENTED_EDGE('',*,*,#9791,.T.);
#10301 = ORIENTED_EDGE('',*,*,#9758,.T.);
#10302 = ORIENTED_EDGE('',*,*,#9727,.T.);
#10303 = ORIENTED_EDGE('',*,*,#9696,.T.);
#10304 = PLANE('',#10305);
#10305 = AXIS2_PLACEMENT_3D('',#10306,#10307,#10308);
#10306 = CARTESIAN_POINT('',(0.525,0.829999999999,1.953753400942));
#10307 = DIRECTION('',(-1.,0.,0.));
#10308 = DIRECTION('',(0.,0.,1.));
#10309 = ( GEOMETRIC_REPRESENTATION_CONTEXT(3) 
GLOBAL_UNCERTAINTY_ASSIGNED_CONTEXT((#10313)) 
GLOBAL_UNIT_ASSIGNED_CONTEXT((#10310,#10311,#10312)) 
REPRESENTATION_CONTEXT('Context #1',
  '3D Context with UNIT and UNCERTAINTY') );
#10310 = ( LENGTH_UNIT() NAMED_UNIT(*) SI_UNIT(.MILLI.,.METRE.) );
#10311 = ( NAMED_UNIT(*) PLANE_ANGLE_UNIT() SI_UNIT($,.RADIAN.) );
#10312 = ( NAMED_UNIT(*) SI_UNIT($,.STERADIAN.) SOLID_ANGLE_UNIT() );
#10313 = UNCERTAINTY_MEASURE_WITH_UNIT(LENGTH_MEASURE(1.E-07),#10310,
  'distance_accuracy_value','confusion accuracy');
#10314 = CONTEXT_DEPENDENT_SHAPE_REPRESENTATION(#10315,#10317);
#10315 = ( REPRESENTATION_RELATIONSHIP('','',#9649,#10) 
REPRESENTATION_RELATIONSHIP_WITH_TRANSFORMATION(#10316) 
SHAPE_REPRESENTATION_RELATIONSHIP() );
#10316 = ITEM_DEFINED_TRANSFORMATION('','',#11,#39);
#10317 = PRODUCT_DEFINITION_SHAPE('Placement','Placement of an item',
  #10318);
#10318 = NEXT_ASSEMBLY_USAGE_OCCURRENCE('7',
'CONN-SMD_HC-PBB08-2-08-M-H1.0-G1-R-P-04_1~CONN-SMD_
HC-PBB08-2-08-M-H1.0-G1-R-P-04_1~bmqH005','',#5,#9644,$);
#10319 = PRODUCT_RELATED_PRODUCT_CATEGORY('part',$,(#9646));
#10320 = SHAPE_DEFINITION_REPRESENTATION(#10321,#10327);
#10321 = PRODUCT_DEFINITION_SHAPE('','',#10322);
#10322 = PRODUCT_DEFINITION('design','',#10323,#10326);
#10323 = PRODUCT_DEFINITION_FORMATION('','',#10324);
#10324 = PRODUCT(
'CONN-SMD_HC-PBB08-2-08-M-H1.0-G1-R-P-04_1~CONN-SMD_
HC-PBB08-2-08-M-H1.0-G1-R-P-04_1~bmqH006',
'CONN-SMD_HC-PBB08-2-08-M-H1.0-G1-R-P-04_1~CONN-SMD_
HC-PBB08-2-08-M-H1.0-G1-R-P-04_1~bmqH006','',(#10325));
#10325 = PRODUCT_CONTEXT('',#2,'mechanical');
#10326 = PRODUCT_DEFINITION_CONTEXT('part definition',#2,'design');
#10327 = ADVANCED_BREP_SHAPE_REPRESENTATION('',(#11,#10328),#10987);
#10328 = MANIFOLD_SOLID_BREP('',#10329);
#10329 = CLOSED_SHELL('',(#10330,#10370,#10401,#10432,#10465,#10496,
    #10529,#10560,#10593,#10624,#10655,#10686,#10717,#10750,#10781,
    #10814,#10845,#10878,#10909,#10933,#10960));
#10330 = ADVANCED_FACE('',(#10331),#10365,.F.);
#10331 = FACE_BOUND('',#10332,.T.);
#10332 = EDGE_LOOP('',(#10333,#10343,#10351,#10359));
#10333 = ORIENTED_EDGE('',*,*,#10334,.T.);
#10334 = EDGE_CURVE('',#10335,#10337,#10339,.T.);
#10335 = VERTEX_POINT('',#10336);
#10336 = CARTESIAN_POINT('',(1.325,1.125442325903,2.005847854242));
#10337 = VERTEX_POINT('',#10338);
#10338 = CARTESIAN_POINT('',(1.325,1.077905546699,2.275442325903));
#10339 = LINE('',#10340,#10341);
#10340 = CARTESIAN_POINT('',(1.325,1.125442325903,2.005847854242));
#10341 = VECTOR('',#10342,1.);
#10342 = DIRECTION('',(0.,-0.173648177666,0.984807753012));
#10343 = ORIENTED_EDGE('',*,*,#10344,.F.);
#10344 = EDGE_CURVE('',#10345,#10337,#10347,.T.);
#10345 = VERTEX_POINT('',#10346);
#10346 = CARTESIAN_POINT('',(1.075,1.077905546699,2.275442325903));
#10347 = LINE('',#10348,#10349);
#10348 = CARTESIAN_POINT('',(1.075,1.077905546699,2.275442325903));
#10349 = VECTOR('',#10350,1.);
#10350 = DIRECTION('',(1.,0.,0.));
#10351 = ORIENTED_EDGE('',*,*,#10352,.F.);
#10352 = EDGE_CURVE('',#10353,#10345,#10355,.T.);
#10353 = VERTEX_POINT('',#10354);
#10354 = CARTESIAN_POINT('',(1.075,1.125442325903,2.005847854242));
#10355 = LINE('',#10356,#10357);
#10356 = CARTESIAN_POINT('',(1.075,1.125442325903,2.005847854242));
#10357 = VECTOR('',#10358,1.);
#10358 = DIRECTION('',(0.,-0.173648177666,0.984807753012));
#10359 = ORIENTED_EDGE('',*,*,#10360,.T.);
#10360 = EDGE_CURVE('',#10353,#10335,#10361,.T.);
#10361 = LINE('',#10362,#10363);
#10362 = CARTESIAN_POINT('',(1.075,1.125442325903,2.005847854242));
#10363 = VECTOR('',#10364,1.);
#10364 = DIRECTION('',(1.,0.,0.));
#10365 = PLANE('',#10366);
#10366 = AXIS2_PLACEMENT_3D('',#10367,#10368,#10369);
#10367 = CARTESIAN_POINT('',(1.075,1.125442325903,2.005847854242));
#10368 = DIRECTION('',(0.,0.984807753012,0.173648177666));
#10369 = DIRECTION('',(0.,-0.173648177666,0.984807753012));
#10370 = ADVANCED_FACE('',(#10371),#10396,.T.);
#10371 = FACE_BOUND('',#10372,.T.);
#10372 = EDGE_LOOP('',(#10373,#10381,#10389,#10395));
#10373 = ORIENTED_EDGE('',*,*,#10374,.F.);
#10374 = EDGE_CURVE('',#10375,#10337,#10377,.T.);
#10375 = VERTEX_POINT('',#10376);
#10376 = CARTESIAN_POINT('',(1.325,1.324107484952,2.31885437032));
#10377 = LINE('',#10378,#10379);
#10378 = CARTESIAN_POINT('',(1.325,1.324107484952,2.31885437032));
#10379 = VECTOR('',#10380,1.);
#10380 = DIRECTION('',(0.,-0.984807753012,-0.173648177666));
#10381 = ORIENTED_EDGE('',*,*,#10382,.F.);
#10382 = EDGE_CURVE('',#10383,#10375,#10385,.T.);
#10383 = VERTEX_POINT('',#10384);
#10384 = CARTESIAN_POINT('',(1.075,1.324107484952,2.31885437032));
#10385 = LINE('',#10386,#10387);
#10386 = CARTESIAN_POINT('',(1.075,1.324107484952,2.31885437032));
#10387 = VECTOR('',#10388,1.);
#10388 = DIRECTION('',(1.,0.,0.));
#10389 = ORIENTED_EDGE('',*,*,#10390,.T.);
#10390 = EDGE_CURVE('',#10383,#10345,#10391,.T.);
#10391 = LINE('',#10392,#10393);
#10392 = CARTESIAN_POINT('',(1.075,1.324107484952,2.31885437032));
#10393 = VECTOR('',#10394,1.);
#10394 = DIRECTION('',(0.,-0.984807753012,-0.173648177666));
#10395 = ORIENTED_EDGE('',*,*,#10344,.T.);
#10396 = PLANE('',#10397);
#10397 = AXIS2_PLACEMENT_3D('',#10398,#10399,#10400);
#10398 = CARTESIAN_POINT('',(1.075,1.324107484952,2.31885437032));
#10399 = DIRECTION('',(0.,-0.173648177666,0.984807753012));
#10400 = DIRECTION('',(0.,-0.984807753012,-0.173648177666));
#10401 = ADVANCED_FACE('',(#10402),#10427,.T.);
#10402 = FACE_BOUND('',#10403,.T.);
#10403 = EDGE_LOOP('',(#10404,#10412,#10420,#10426));
#10404 = ORIENTED_EDGE('',*,*,#10405,.F.);
#10405 = EDGE_CURVE('',#10406,#10375,#10408,.T.);
#10406 = VERTEX_POINT('',#10407);
#10407 = CARTESIAN_POINT('',(1.325,1.371644264156,2.049259898659));
#10408 = LINE('',#10409,#10410);
#10409 = CARTESIAN_POINT('',(1.325,1.371644264156,2.049259898659));
#10410 = VECTOR('',#10411,1.);
#10411 = DIRECTION('',(0.,-0.173648177666,0.984807753012));
#10412 = ORIENTED_EDGE('',*,*,#10413,.F.);
#10413 = EDGE_CURVE('',#10414,#10406,#10416,.T.);
#10414 = VERTEX_POINT('',#10415);
#10415 = CARTESIAN_POINT('',(1.075,1.371644264156,2.049259898659));
#10416 = LINE('',#10417,#10418);
#10417 = CARTESIAN_POINT('',(1.075,1.371644264156,2.049259898659));
#10418 = VECTOR('',#10419,1.);
#10419 = DIRECTION('',(1.,0.,0.));
#10420 = ORIENTED_EDGE('',*,*,#10421,.T.);
#10421 = EDGE_CURVE('',#10414,#10383,#10422,.T.);
#10422 = LINE('',#10423,#10424);
#10423 = CARTESIAN_POINT('',(1.075,1.371644264156,2.049259898659));
#10424 = VECTOR('',#10425,1.);
#10425 = DIRECTION('',(0.,-0.173648177666,0.984807753012));
#10426 = ORIENTED_EDGE('',*,*,#10382,.T.);
#10427 = PLANE('',#10428);
#10428 = AXIS2_PLACEMENT_3D('',#10429,#10430,#10431);
#10429 = CARTESIAN_POINT('',(1.075,1.371644264156,2.049259898659));
#10430 = DIRECTION('',(0.,0.984807753012,0.173648177666));
#10431 = DIRECTION('',(0.,-0.173648177666,0.984807753012));
#10432 = ADVANCED_FACE('',(#10433),#10460,.T.);
#10433 = FACE_BOUND('',#10434,.T.);
#10434 = EDGE_LOOP('',(#10435,#10444,#10452,#10459));
#10435 = ORIENTED_EDGE('',*,*,#10436,.F.);
#10436 = EDGE_CURVE('',#10437,#10406,#10439,.T.);
#10437 = VERTEX_POINT('',#10438);
#10438 = CARTESIAN_POINT('',(1.325,1.379999999999,1.953753400942));
#10439 = CIRCLE('',#10440,0.549999999999);
#10440 = AXIS2_PLACEMENT_3D('',#10441,#10442,#10443);
#10441 = CARTESIAN_POINT('',(1.325,0.829999999999,1.953753400942));
#10442 = DIRECTION('',(1.,0.,0.));
#10443 = DIRECTION('',(0.,-1.163053239575E-14,1.));
#10444 = ORIENTED_EDGE('',*,*,#10445,.F.);
#10445 = EDGE_CURVE('',#10446,#10437,#10448,.T.);
#10446 = VERTEX_POINT('',#10447);
#10447 = CARTESIAN_POINT('',(1.075,1.379999999999,1.953753400942));
#10448 = LINE('',#10449,#10450);
#10449 = CARTESIAN_POINT('',(1.075,1.379999999999,1.953753400942));
#10450 = VECTOR('',#10451,1.);
#10451 = DIRECTION('',(1.,0.,0.));
#10452 = ORIENTED_EDGE('',*,*,#10453,.T.);
#10453 = EDGE_CURVE('',#10446,#10414,#10454,.T.);
#10454 = CIRCLE('',#10455,0.549999999999);
#10455 = AXIS2_PLACEMENT_3D('',#10456,#10457,#10458);
#10456 = CARTESIAN_POINT('',(1.075,0.829999999999,1.953753400942));
#10457 = DIRECTION('',(1.,0.,0.));
#10458 = DIRECTION('',(0.,-1.163053239575E-14,1.));
#10459 = ORIENTED_EDGE('',*,*,#10413,.T.);
#10460 = CYLINDRICAL_SURFACE('',#10461,0.549999999999);
#10461 = AXIS2_PLACEMENT_3D('',#10462,#10463,#10464);
#10462 = CARTESIAN_POINT('',(1.075,0.829999999999,1.953753400942));
#10463 = DIRECTION('',(1.,0.,0.));
#10464 = DIRECTION('',(0.,0.,-1.));
#10465 = ADVANCED_FACE('',(#10466),#10491,.T.);
#10466 = FACE_BOUND('',#10467,.T.);
#10467 = EDGE_LOOP('',(#10468,#10476,#10484,#10490));
#10468 = ORIENTED_EDGE('',*,*,#10469,.F.);
#10469 = EDGE_CURVE('',#10470,#10437,#10472,.T.);
#10470 = VERTEX_POINT('',#10471);
#10471 = CARTESIAN_POINT('',(1.325,1.379999999999,1.271774600533));
#10472 = LINE('',#10473,#10474);
#10473 = CARTESIAN_POINT('',(1.325,1.379999999999,1.271774600533));
#10474 = VECTOR('',#10475,1.);
#10475 = DIRECTION('',(0.,-6.359154694171E-16,1.));
#10476 = ORIENTED_EDGE('',*,*,#10477,.F.);
#10477 = EDGE_CURVE('',#10478,#10470,#10480,.T.);
#10478 = VERTEX_POINT('',#10479);
#10479 = CARTESIAN_POINT('',(1.075,1.379999999999,1.271774600533));
#10480 = LINE('',#10481,#10482);
#10481 = CARTESIAN_POINT('',(1.075,1.379999999999,1.271774600533));
#10482 = VECTOR('',#10483,1.);
#10483 = DIRECTION('',(1.,0.,0.));
#10484 = ORIENTED_EDGE('',*,*,#10485,.T.);
#10485 = EDGE_CURVE('',#10478,#10446,#10486,.T.);
#10486 = LINE('',#10487,#10488);
#10487 = CARTESIAN_POINT('',(1.075,1.379999999999,1.271774600533));
#10488 = VECTOR('',#10489,1.);
#10489 = DIRECTION('',(0.,-6.359154694171E-16,1.));
#10490 = ORIENTED_EDGE('',*,*,#10445,.T.);
#10491 = PLANE('',#10492);
#10492 = AXIS2_PLACEMENT_3D('',#10493,#10494,#10495);
#10493 = CARTESIAN_POINT('',(1.075,1.379999999999,1.271774600533));
#10494 = DIRECTION('',(0.,1.,6.359154694171E-16));
#10495 = DIRECTION('',(0.,-6.359154694171E-16,1.));
#10496 = ADVANCED_FACE('',(#10497),#10524,.F.);
#10497 = FACE_BOUND('',#10498,.F.);
#10498 = EDGE_LOOP('',(#10499,#10500,#10509,#10517));
#10499 = ORIENTED_EDGE('',*,*,#10477,.F.);
#10500 = ORIENTED_EDGE('',*,*,#10501,.F.);
#10501 = EDGE_CURVE('',#10502,#10478,#10504,.T.);
#10502 = VERTEX_POINT('',#10503);
#10503 = CARTESIAN_POINT('',(1.075,1.388557566296,1.243800957783));
#10504 = CIRCLE('',#10505,4.9999999999E-02);
#10505 = AXIS2_PLACEMENT_3D('',#10506,#10507,#10508);
#10506 = CARTESIAN_POINT('',(1.075,1.429999999999,1.271774600533));
#10507 = DIRECTION('',(-1.,0.,0.));
#10508 = DIRECTION('',(0.,0.,1.));
#10509 = ORIENTED_EDGE('',*,*,#10510,.T.);
#10510 = EDGE_CURVE('',#10502,#10511,#10513,.T.);
#10511 = VERTEX_POINT('',#10512);
#10512 = CARTESIAN_POINT('',(1.325,1.388557566296,1.243800957783));
#10513 = LINE('',#10514,#10515);
#10514 = CARTESIAN_POINT('',(1.075,1.388557566296,1.243800957783));
#10515 = VECTOR('',#10516,1.);
#10516 = DIRECTION('',(1.,0.,0.));
#10517 = ORIENTED_EDGE('',*,*,#10518,.T.);
#10518 = EDGE_CURVE('',#10511,#10470,#10519,.T.);
#10519 = CIRCLE('',#10520,4.9999999999E-02);
#10520 = AXIS2_PLACEMENT_3D('',#10521,#10522,#10523);
#10521 = CARTESIAN_POINT('',(1.325,1.429999999999,1.271774600533));
#10522 = DIRECTION('',(-1.,0.,0.));
#10523 = DIRECTION('',(0.,0.,1.));
#10524 = CYLINDRICAL_SURFACE('',#10525,4.9999999999E-02);
#10525 = AXIS2_PLACEMENT_3D('',#10526,#10527,#10528);
#10526 = CARTESIAN_POINT('',(1.075,1.429999999999,1.271774600533));
#10527 = DIRECTION('',(1.,0.,0.));
#10528 = DIRECTION('',(0.,0.,-1.));
#10529 = ADVANCED_FACE('',(#10530),#10555,.T.);
#10530 = FACE_BOUND('',#10531,.T.);
#10531 = EDGE_LOOP('',(#10532,#10540,#10548,#10554));
#10532 = ORIENTED_EDGE('',*,*,#10533,.F.);
#10533 = EDGE_CURVE('',#10534,#10511,#10536,.T.);
#10534 = VERTEX_POINT('',#10535);
#10535 = CARTESIAN_POINT('',(1.325,1.555866770741,0.995935469716));
#10536 = LINE('',#10537,#10538);
#10537 = CARTESIAN_POINT('',(1.325,1.555866770741,0.995935469716));
#10538 = VECTOR('',#10539,1.);
#10539 = DIRECTION('',(0.,-0.559472855001,0.828848674075));
#10540 = ORIENTED_EDGE('',*,*,#10541,.F.);
#10541 = EDGE_CURVE('',#10542,#10534,#10544,.T.);
#10542 = VERTEX_POINT('',#10543);
#10543 = CARTESIAN_POINT('',(1.075,1.555866770741,0.995935469716));
#10544 = LINE('',#10545,#10546);
#10545 = CARTESIAN_POINT('',(1.075,1.555866770741,0.995935469716));
#10546 = VECTOR('',#10547,1.);
#10547 = DIRECTION('',(1.,0.,0.));
#10548 = ORIENTED_EDGE('',*,*,#10549,.T.);
#10549 = EDGE_CURVE('',#10542,#10502,#10550,.T.);
#10550 = LINE('',#10551,#10552);
#10551 = CARTESIAN_POINT('',(1.075,1.555866770741,0.995935469716));
#10552 = VECTOR('',#10553,1.);
#10553 = DIRECTION('',(0.,-0.559472855001,0.828848674075));
#10554 = ORIENTED_EDGE('',*,*,#10510,.T.);
#10555 = PLANE('',#10556);
#10556 = AXIS2_PLACEMENT_3D('',#10557,#10558,#10559);
#10557 = CARTESIAN_POINT('',(1.075,1.555866770741,0.995935469716));
#10558 = DIRECTION('',(0.,0.828848674075,0.559472855001));
#10559 = DIRECTION('',(0.,-0.559472855001,0.828848674075));
#10560 = ADVANCED_FACE('',(#10561),#10588,.T.);
#10561 = FACE_BOUND('',#10562,.T.);
#10562 = EDGE_LOOP('',(#10563,#10572,#10580,#10587));
#10563 = ORIENTED_EDGE('',*,*,#10564,.F.);
#10564 = EDGE_CURVE('',#10565,#10534,#10567,.T.);
#10565 = VERTEX_POINT('',#10566);
#10566 = CARTESIAN_POINT('',(1.325,1.649999999999,0.688225399466));
#10567 = CIRCLE('',#10568,0.55);
#10568 = AXIS2_PLACEMENT_3D('',#10569,#10570,#10571);
#10569 = CARTESIAN_POINT('',(1.325,1.1,0.688225399466));
#10570 = DIRECTION('',(1.,0.,0.));
#10571 = DIRECTION('',(-0.,7.096596038086E-15,1.));
#10572 = ORIENTED_EDGE('',*,*,#10573,.F.);
#10573 = EDGE_CURVE('',#10574,#10565,#10576,.T.);
#10574 = VERTEX_POINT('',#10575);
#10575 = CARTESIAN_POINT('',(1.075,1.649999999999,0.688225399466));
#10576 = LINE('',#10577,#10578);
#10577 = CARTESIAN_POINT('',(1.075,1.649999999999,0.688225399466));
#10578 = VECTOR('',#10579,1.);
#10579 = DIRECTION('',(1.,0.,0.));
#10580 = ORIENTED_EDGE('',*,*,#10581,.T.);
#10581 = EDGE_CURVE('',#10574,#10542,#10582,.T.);
#10582 = CIRCLE('',#10583,0.55);
#10583 = AXIS2_PLACEMENT_3D('',#10584,#10585,#10586);
#10584 = CARTESIAN_POINT('',(1.075,1.1,0.688225399466));
#10585 = DIRECTION('',(1.,0.,0.));
#10586 = DIRECTION('',(-0.,7.096596038086E-15,1.));
#10587 = ORIENTED_EDGE('',*,*,#10541,.T.);
#10588 = CYLINDRICAL_SURFACE('',#10589,0.549999999999);
#10589 = AXIS2_PLACEMENT_3D('',#10590,#10591,#10592);
#10590 = CARTESIAN_POINT('',(1.075,1.1,0.688225399466));
#10591 = DIRECTION('',(1.,0.,0.));
#10592 = DIRECTION('',(0.,0.,-1.));
#10593 = ADVANCED_FACE('',(#10594),#10619,.T.);
#10594 = FACE_BOUND('',#10595,.T.);
#10595 = EDGE_LOOP('',(#10596,#10604,#10612,#10618));
#10596 = ORIENTED_EDGE('',*,*,#10597,.F.);
#10597 = EDGE_CURVE('',#10598,#10565,#10600,.T.);
#10598 = VERTEX_POINT('',#10599);
#10599 = CARTESIAN_POINT('',(1.325,1.649999999999,0.23));
#10600 = LINE('',#10601,#10602);
#10601 = CARTESIAN_POINT('',(1.325,1.649999999999,0.18));
#10602 = VECTOR('',#10603,1.);
#10603 = DIRECTION('',(0.,0.,1.));
#10604 = ORIENTED_EDGE('',*,*,#10605,.F.);
#10605 = EDGE_CURVE('',#10606,#10598,#10608,.T.);
#10606 = VERTEX_POINT('',#10607);
#10607 = CARTESIAN_POINT('',(1.075,1.649999999999,0.23));
#10608 = LINE('',#10609,#10610);
#10609 = CARTESIAN_POINT('',(1.075,1.649999999999,0.23));
#10610 = VECTOR('',#10611,1.);
#10611 = DIRECTION('',(1.,0.,0.));
#10612 = ORIENTED_EDGE('',*,*,#10613,.T.);
#10613 = EDGE_CURVE('',#10606,#10574,#10614,.T.);
#10614 = LINE('',#10615,#10616);
#10615 = CARTESIAN_POINT('',(1.075,1.649999999999,0.18));
#10616 = VECTOR('',#10617,1.);
#10617 = DIRECTION('',(0.,0.,1.));
#10618 = ORIENTED_EDGE('',*,*,#10573,.T.);
#10619 = PLANE('',#10620);
#10620 = AXIS2_PLACEMENT_3D('',#10621,#10622,#10623);
#10621 = CARTESIAN_POINT('',(1.075,1.649999999999,0.18));
#10622 = DIRECTION('',(0.,1.,0.));
#10623 = DIRECTION('',(0.,-0.,1.));
#10624 = ADVANCED_FACE('',(#10625),#10650,.T.);
#10625 = FACE_BOUND('',#10626,.T.);
#10626 = EDGE_LOOP('',(#10627,#10635,#10643,#10649));
#10627 = ORIENTED_EDGE('',*,*,#10628,.F.);
#10628 = EDGE_CURVE('',#10629,#10598,#10631,.T.);
#10629 = VERTEX_POINT('',#10630);
#10630 = CARTESIAN_POINT('',(1.325,2.6,0.23));
#10631 = LINE('',#10632,#10633);
#10632 = CARTESIAN_POINT('',(1.325,2.6,0.23));
#10633 = VECTOR('',#10634,1.);
#10634 = DIRECTION('',(0.,-1.,7.453889935837E-17));
#10635 = ORIENTED_EDGE('',*,*,#10636,.F.);
#10636 = EDGE_CURVE('',#10637,#10629,#10639,.T.);
#10637 = VERTEX_POINT('',#10638);
#10638 = CARTESIAN_POINT('',(1.075,2.6,0.23));
#10639 = LINE('',#10640,#10641);
#10640 = CARTESIAN_POINT('',(1.075,2.6,0.23));
#10641 = VECTOR('',#10642,1.);
#10642 = DIRECTION('',(1.,0.,0.));
#10643 = ORIENTED_EDGE('',*,*,#10644,.T.);
#10644 = EDGE_CURVE('',#10637,#10606,#10645,.T.);
#10645 = LINE('',#10646,#10647);
#10646 = CARTESIAN_POINT('',(1.075,2.6,0.23));
#10647 = VECTOR('',#10648,1.);
#10648 = DIRECTION('',(0.,-1.,7.453889935837E-17));
#10649 = ORIENTED_EDGE('',*,*,#10605,.T.);
#10650 = PLANE('',#10651);
#10651 = AXIS2_PLACEMENT_3D('',#10652,#10653,#10654);
#10652 = CARTESIAN_POINT('',(1.075,2.6,0.23));
#10653 = DIRECTION('',(0.,7.453889935837E-17,1.));
#10654 = DIRECTION('',(0.,-1.,7.453889935837E-17));
#10655 = ADVANCED_FACE('',(#10656),#10681,.T.);
#10656 = FACE_BOUND('',#10657,.T.);
#10657 = EDGE_LOOP('',(#10658,#10666,#10674,#10680));
#10658 = ORIENTED_EDGE('',*,*,#10659,.F.);
#10659 = EDGE_CURVE('',#10660,#10629,#10662,.T.);
#10660 = VERTEX_POINT('',#10661);
#10661 = CARTESIAN_POINT('',(1.325,2.6,-1.9999999999E-02));
#10662 = LINE('',#10663,#10664);
#10663 = CARTESIAN_POINT('',(1.325,2.6,-1.9999999999E-02));
#10664 = VECTOR('',#10665,1.);
#10665 = DIRECTION('',(0.,0.,1.));
#10666 = ORIENTED_EDGE('',*,*,#10667,.F.);
#10667 = EDGE_CURVE('',#10668,#10660,#10670,.T.);
#10668 = VERTEX_POINT('',#10669);
#10669 = CARTESIAN_POINT('',(1.075,2.6,-1.9999999999E-02));
#10670 = LINE('',#10671,#10672);
#10671 = CARTESIAN_POINT('',(1.075,2.6,-1.9999999999E-02));
#10672 = VECTOR('',#10673,1.);
#10673 = DIRECTION('',(1.,0.,0.));
#10674 = ORIENTED_EDGE('',*,*,#10675,.T.);
#10675 = EDGE_CURVE('',#10668,#10637,#10676,.T.);
#10676 = LINE('',#10677,#10678);
#10677 = CARTESIAN_POINT('',(1.075,2.6,-1.9999999999E-02));
#10678 = VECTOR('',#10679,1.);
#10679 = DIRECTION('',(0.,0.,1.));
#10680 = ORIENTED_EDGE('',*,*,#10636,.T.);
#10681 = PLANE('',#10682);
#10682 = AXIS2_PLACEMENT_3D('',#10683,#10684,#10685);
#10683 = CARTESIAN_POINT('',(1.075,2.6,-1.9999999999E-02));
#10684 = DIRECTION('',(0.,1.,0.));
#10685 = DIRECTION('',(0.,-0.,1.));
#10686 = ADVANCED_FACE('',(#10687),#10712,.F.);
#10687 = FACE_BOUND('',#10688,.T.);
#10688 = EDGE_LOOP('',(#10689,#10697,#10705,#10711));
#10689 = ORIENTED_EDGE('',*,*,#10690,.T.);
#10690 = EDGE_CURVE('',#10660,#10691,#10693,.T.);
#10691 = VERTEX_POINT('',#10692);
#10692 = CARTESIAN_POINT('',(1.325,1.6,-1.9999999999E-02));
#10693 = LINE('',#10694,#10695);
#10694 = CARTESIAN_POINT('',(1.325,2.6,-1.9999999999E-02));
#10695 = VECTOR('',#10696,1.);
#10696 = DIRECTION('',(0.,-1.,7.453889935837E-17));
#10697 = ORIENTED_EDGE('',*,*,#10698,.F.);
#10698 = EDGE_CURVE('',#10699,#10691,#10701,.T.);
#10699 = VERTEX_POINT('',#10700);
#10700 = CARTESIAN_POINT('',(1.075,1.6,-1.9999999999E-02));
#10701 = LINE('',#10702,#10703);
#10702 = CARTESIAN_POINT('',(1.075,1.6,-1.9999999999E-02));
#10703 = VECTOR('',#10704,1.);
#10704 = DIRECTION('',(1.,0.,0.));
#10705 = ORIENTED_EDGE('',*,*,#10706,.F.);
#10706 = EDGE_CURVE('',#10668,#10699,#10707,.T.);
#10707 = LINE('',#10708,#10709);
#10708 = CARTESIAN_POINT('',(1.075,2.6,-1.9999999999E-02));
#10709 = VECTOR('',#10710,1.);
#10710 = DIRECTION('',(0.,-1.,7.453889935837E-17));
#10711 = ORIENTED_EDGE('',*,*,#10667,.T.);
#10712 = PLANE('',#10713);
#10713 = AXIS2_PLACEMENT_3D('',#10714,#10715,#10716);
#10714 = CARTESIAN_POINT('',(1.075,2.6,-1.9999999999E-02));
#10715 = DIRECTION('',(0.,7.453889935837E-17,1.));
#10716 = DIRECTION('',(0.,-1.,7.453889935837E-17));
#10717 = ADVANCED_FACE('',(#10718),#10745,.T.);
#10718 = FACE_BOUND('',#10719,.T.);
#10719 = EDGE_LOOP('',(#10720,#10729,#10737,#10744));
#10720 = ORIENTED_EDGE('',*,*,#10721,.T.);
#10721 = EDGE_CURVE('',#10691,#10722,#10724,.T.);
#10722 = VERTEX_POINT('',#10723);
#10723 = CARTESIAN_POINT('',(1.325,1.399999999999,0.18));
#10724 = CIRCLE('',#10725,0.2);
#10725 = AXIS2_PLACEMENT_3D('',#10726,#10727,#10728);
#10726 = CARTESIAN_POINT('',(1.325,1.6,0.18));
#10727 = DIRECTION('',(-1.,0.,0.));
#10728 = DIRECTION('',(0.,0.,1.));
#10729 = ORIENTED_EDGE('',*,*,#10730,.F.);
#10730 = EDGE_CURVE('',#10731,#10722,#10733,.T.);
#10731 = VERTEX_POINT('',#10732);
#10732 = CARTESIAN_POINT('',(1.075,1.399999999999,0.18));
#10733 = LINE('',#10734,#10735);
#10734 = CARTESIAN_POINT('',(1.075,1.399999999999,0.18));
#10735 = VECTOR('',#10736,1.);
#10736 = DIRECTION('',(1.,0.,0.));
#10737 = ORIENTED_EDGE('',*,*,#10738,.F.);
#10738 = EDGE_CURVE('',#10699,#10731,#10739,.T.);
#10739 = CIRCLE('',#10740,0.2);
#10740 = AXIS2_PLACEMENT_3D('',#10741,#10742,#10743);
#10741 = CARTESIAN_POINT('',(1.075,1.6,0.18));
#10742 = DIRECTION('',(-1.,0.,0.));
#10743 = DIRECTION('',(0.,0.,1.));
#10744 = ORIENTED_EDGE('',*,*,#10698,.T.);
#10745 = CYLINDRICAL_SURFACE('',#10746,0.2);
#10746 = AXIS2_PLACEMENT_3D('',#10747,#10748,#10749);
#10747 = CARTESIAN_POINT('',(1.075,1.6,0.18));
#10748 = DIRECTION('',(1.,0.,0.));
#10749 = DIRECTION('',(0.,0.,-1.));
#10750 = ADVANCED_FACE('',(#10751),#10776,.F.);
#10751 = FACE_BOUND('',#10752,.T.);
#10752 = EDGE_LOOP('',(#10753,#10761,#10769,#10775));
#10753 = ORIENTED_EDGE('',*,*,#10754,.T.);
#10754 = EDGE_CURVE('',#10722,#10755,#10757,.T.);
#10755 = VERTEX_POINT('',#10756);
#10756 = CARTESIAN_POINT('',(1.325,1.399999999999,0.688225399466));
#10757 = LINE('',#10758,#10759);
#10758 = CARTESIAN_POINT('',(1.325,1.399999999999,0.18));
#10759 = VECTOR('',#10760,1.);
#10760 = DIRECTION('',(0.,0.,1.));
#10761 = ORIENTED_EDGE('',*,*,#10762,.F.);
#10762 = EDGE_CURVE('',#10763,#10755,#10765,.T.);
#10763 = VERTEX_POINT('',#10764);
#10764 = CARTESIAN_POINT('',(1.075,1.399999999999,0.688225399466));
#10765 = LINE('',#10766,#10767);
#10766 = CARTESIAN_POINT('',(1.075,1.399999999999,0.688225399466));
#10767 = VECTOR('',#10768,1.);
#10768 = DIRECTION('',(1.,0.,0.));
#10769 = ORIENTED_EDGE('',*,*,#10770,.F.);
#10770 = EDGE_CURVE('',#10731,#10763,#10771,.T.);
#10771 = LINE('',#10772,#10773);
#10772 = CARTESIAN_POINT('',(1.075,1.399999999999,0.18));
#10773 = VECTOR('',#10774,1.);
#10774 = DIRECTION('',(0.,0.,1.));
#10775 = ORIENTED_EDGE('',*,*,#10730,.T.);
#10776 = PLANE('',#10777);
#10777 = AXIS2_PLACEMENT_3D('',#10778,#10779,#10780);
#10778 = CARTESIAN_POINT('',(1.075,1.399999999999,0.18));
#10779 = DIRECTION('',(0.,1.,0.));
#10780 = DIRECTION('',(0.,-0.,1.));
#10781 = ADVANCED_FACE('',(#10782),#10809,.F.);
#10782 = FACE_BOUND('',#10783,.F.);
#10783 = EDGE_LOOP('',(#10784,#10785,#10794,#10802));
#10784 = ORIENTED_EDGE('',*,*,#10762,.F.);
#10785 = ORIENTED_EDGE('',*,*,#10786,.T.);
#10786 = EDGE_CURVE('',#10763,#10787,#10789,.T.);
#10787 = VERTEX_POINT('',#10788);
#10788 = CARTESIAN_POINT('',(1.075,1.348654602222,0.856067255966));
#10789 = CIRCLE('',#10790,0.299999999999);
#10790 = AXIS2_PLACEMENT_3D('',#10791,#10792,#10793);
#10791 = CARTESIAN_POINT('',(1.075,1.1,0.688225399466));
#10792 = DIRECTION('',(1.,0.,0.));
#10793 = DIRECTION('',(0.,0.,-1.));
#10794 = ORIENTED_EDGE('',*,*,#10795,.T.);
#10795 = EDGE_CURVE('',#10787,#10796,#10798,.T.);
#10796 = VERTEX_POINT('',#10797);
#10797 = CARTESIAN_POINT('',(1.325,1.348654602222,0.856067255966));
#10798 = LINE('',#10799,#10800);
#10799 = CARTESIAN_POINT('',(1.075,1.348654602222,0.856067255966));
#10800 = VECTOR('',#10801,1.);
#10801 = DIRECTION('',(1.,0.,0.));
#10802 = ORIENTED_EDGE('',*,*,#10803,.F.);
#10803 = EDGE_CURVE('',#10755,#10796,#10804,.T.);
#10804 = CIRCLE('',#10805,0.299999999999);
#10805 = AXIS2_PLACEMENT_3D('',#10806,#10807,#10808);
#10806 = CARTESIAN_POINT('',(1.325,1.1,0.688225399466));
#10807 = DIRECTION('',(1.,0.,0.));
#10808 = DIRECTION('',(0.,0.,-1.));
#10809 = CYLINDRICAL_SURFACE('',#10810,0.299999999999);
#10810 = AXIS2_PLACEMENT_3D('',#10811,#10812,#10813);
#10811 = CARTESIAN_POINT('',(1.075,1.1,0.688225399466));
#10812 = DIRECTION('',(1.,0.,0.));
#10813 = DIRECTION('',(0.,0.,-1.));
#10814 = ADVANCED_FACE('',(#10815),#10840,.F.);
#10815 = FACE_BOUND('',#10816,.T.);
#10816 = EDGE_LOOP('',(#10817,#10825,#10833,#10839));
#10817 = ORIENTED_EDGE('',*,*,#10818,.T.);
#10818 = EDGE_CURVE('',#10796,#10819,#10821,.T.);
#10819 = VERTEX_POINT('',#10820);
#10820 = CARTESIAN_POINT('',(1.325,1.181345397777,1.103932744033));
#10821 = LINE('',#10822,#10823);
#10822 = CARTESIAN_POINT('',(1.325,1.348654602222,0.856067255966));
#10823 = VECTOR('',#10824,1.);
#10824 = DIRECTION('',(0.,-0.559472855001,0.828848674075));
#10825 = ORIENTED_EDGE('',*,*,#10826,.F.);
#10826 = EDGE_CURVE('',#10827,#10819,#10829,.T.);
#10827 = VERTEX_POINT('',#10828);
#10828 = CARTESIAN_POINT('',(1.075,1.181345397777,1.103932744033));
#10829 = LINE('',#10830,#10831);
#10830 = CARTESIAN_POINT('',(1.075,1.181345397777,1.103932744033));
#10831 = VECTOR('',#10832,1.);
#10832 = DIRECTION('',(1.,0.,0.));
#10833 = ORIENTED_EDGE('',*,*,#10834,.F.);
#10834 = EDGE_CURVE('',#10787,#10827,#10835,.T.);
#10835 = LINE('',#10836,#10837);
#10836 = CARTESIAN_POINT('',(1.075,1.348654602222,0.856067255966));
#10837 = VECTOR('',#10838,1.);
#10838 = DIRECTION('',(0.,-0.559472855001,0.828848674075));
#10839 = ORIENTED_EDGE('',*,*,#10795,.T.);
#10840 = PLANE('',#10841);
#10841 = AXIS2_PLACEMENT_3D('',#10842,#10843,#10844);
#10842 = CARTESIAN_POINT('',(1.075,1.348654602222,0.856067255966));
#10843 = DIRECTION('',(0.,0.828848674075,0.559472855001));
#10844 = DIRECTION('',(0.,-0.559472855001,0.828848674075));
#10845 = ADVANCED_FACE('',(#10846),#10873,.T.);
#10846 = FACE_BOUND('',#10847,.T.);
#10847 = EDGE_LOOP('',(#10848,#10857,#10865,#10872));
#10848 = ORIENTED_EDGE('',*,*,#10849,.T.);
#10849 = EDGE_CURVE('',#10819,#10850,#10852,.T.);
#10850 = VERTEX_POINT('',#10851);
#10851 = CARTESIAN_POINT('',(1.325,1.129999999999,1.271774600533));
#10852 = CIRCLE('',#10853,0.299999999999);
#10853 = AXIS2_PLACEMENT_3D('',#10854,#10855,#10856);
#10854 = CARTESIAN_POINT('',(1.325,1.429999999999,1.271774600533));
#10855 = DIRECTION('',(-1.,0.,0.));
#10856 = DIRECTION('',(0.,0.,1.));
#10857 = ORIENTED_EDGE('',*,*,#10858,.F.);
#10858 = EDGE_CURVE('',#10859,#10850,#10861,.T.);
#10859 = VERTEX_POINT('',#10860);
#10860 = CARTESIAN_POINT('',(1.075,1.129999999999,1.271774600533));
#10861 = LINE('',#10862,#10863);
#10862 = CARTESIAN_POINT('',(1.075,1.129999999999,1.271774600533));
#10863 = VECTOR('',#10864,1.);
#10864 = DIRECTION('',(1.,0.,0.));
#10865 = ORIENTED_EDGE('',*,*,#10866,.F.);
#10866 = EDGE_CURVE('',#10827,#10859,#10867,.T.);
#10867 = CIRCLE('',#10868,0.299999999999);
#10868 = AXIS2_PLACEMENT_3D('',#10869,#10870,#10871);
#10869 = CARTESIAN_POINT('',(1.075,1.429999999999,1.271774600533));
#10870 = DIRECTION('',(-1.,0.,0.));
#10871 = DIRECTION('',(0.,0.,1.));
#10872 = ORIENTED_EDGE('',*,*,#10826,.T.);
#10873 = CYLINDRICAL_SURFACE('',#10874,0.299999999999);
#10874 = AXIS2_PLACEMENT_3D('',#10875,#10876,#10877);
#10875 = CARTESIAN_POINT('',(1.075,1.429999999999,1.271774600533));
#10876 = DIRECTION('',(1.,0.,0.));
#10877 = DIRECTION('',(0.,0.,-1.));
#10878 = ADVANCED_FACE('',(#10879),#10904,.F.);
#10879 = FACE_BOUND('',#10880,.T.);
#10880 = EDGE_LOOP('',(#10881,#10889,#10897,#10903));
#10881 = ORIENTED_EDGE('',*,*,#10882,.T.);
#10882 = EDGE_CURVE('',#10850,#10883,#10885,.T.);
#10883 = VERTEX_POINT('',#10884);
#10884 = CARTESIAN_POINT('',(1.325,1.129999999999,1.953753400942));
#10885 = LINE('',#10886,#10887);
#10886 = CARTESIAN_POINT('',(1.325,1.129999999999,1.271774600533));
#10887 = VECTOR('',#10888,1.);
#10888 = DIRECTION('',(0.,-6.359154694171E-16,1.));
#10889 = ORIENTED_EDGE('',*,*,#10890,.F.);
#10890 = EDGE_CURVE('',#10891,#10883,#10893,.T.);
#10891 = VERTEX_POINT('',#10892);
#10892 = CARTESIAN_POINT('',(1.075,1.129999999999,1.953753400942));
#10893 = LINE('',#10894,#10895);
#10894 = CARTESIAN_POINT('',(1.075,1.129999999999,1.953753400942));
#10895 = VECTOR('',#10896,1.);
#10896 = DIRECTION('',(1.,0.,0.));
#10897 = ORIENTED_EDGE('',*,*,#10898,.F.);
#10898 = EDGE_CURVE('',#10859,#10891,#10899,.T.);
#10899 = LINE('',#10900,#10901);
#10900 = CARTESIAN_POINT('',(1.075,1.129999999999,1.271774600533));
#10901 = VECTOR('',#10902,1.);
#10902 = DIRECTION('',(0.,-6.359154694171E-16,1.));
#10903 = ORIENTED_EDGE('',*,*,#10858,.T.);
#10904 = PLANE('',#10905);
#10905 = AXIS2_PLACEMENT_3D('',#10906,#10907,#10908);
#10906 = CARTESIAN_POINT('',(1.075,1.129999999999,1.271774600533));
#10907 = DIRECTION('',(0.,1.,6.359154694171E-16));
#10908 = DIRECTION('',(0.,-6.359154694171E-16,1.));
#10909 = ADVANCED_FACE('',(#10910),#10928,.F.);
#10910 = FACE_BOUND('',#10911,.F.);
#10911 = EDGE_LOOP('',(#10912,#10913,#10920,#10921));
#10912 = ORIENTED_EDGE('',*,*,#10890,.F.);
#10913 = ORIENTED_EDGE('',*,*,#10914,.T.);
#10914 = EDGE_CURVE('',#10891,#10353,#10915,.T.);
#10915 = CIRCLE('',#10916,0.299999999999);
#10916 = AXIS2_PLACEMENT_3D('',#10917,#10918,#10919);
#10917 = CARTESIAN_POINT('',(1.075,0.829999999999,1.953753400942));
#10918 = DIRECTION('',(1.,0.,0.));
#10919 = DIRECTION('',(0.,0.,-1.));
#10920 = ORIENTED_EDGE('',*,*,#10360,.T.);
#10921 = ORIENTED_EDGE('',*,*,#10922,.F.);
#10922 = EDGE_CURVE('',#10883,#10335,#10923,.T.);
#10923 = CIRCLE('',#10924,0.299999999999);
#10924 = AXIS2_PLACEMENT_3D('',#10925,#10926,#10927);
#10925 = CARTESIAN_POINT('',(1.325,0.829999999999,1.953753400942));
#10926 = DIRECTION('',(1.,0.,0.));
#10927 = DIRECTION('',(0.,0.,-1.));
#10928 = CYLINDRICAL_SURFACE('',#10929,0.299999999999);
#10929 = AXIS2_PLACEMENT_3D('',#10930,#10931,#10932);
#10930 = CARTESIAN_POINT('',(1.075,0.829999999999,1.953753400942));
#10931 = DIRECTION('',(1.,0.,0.));
#10932 = DIRECTION('',(0.,0.,-1.));
#10933 = ADVANCED_FACE('',(#10934),#10955,.T.);
#10934 = FACE_BOUND('',#10935,.T.);
#10935 = EDGE_LOOP('',(#10936,#10937,#10938,#10939,#10940,#10941,#10942,
    #10943,#10944,#10945,#10946,#10947,#10948,#10949,#10950,#10951,
    #10952,#10953,#10954));
#10936 = ORIENTED_EDGE('',*,*,#10352,.T.);
#10937 = ORIENTED_EDGE('',*,*,#10390,.F.);
#10938 = ORIENTED_EDGE('',*,*,#10421,.F.);
#10939 = ORIENTED_EDGE('',*,*,#10453,.F.);
#10940 = ORIENTED_EDGE('',*,*,#10485,.F.);
#10941 = ORIENTED_EDGE('',*,*,#10501,.F.);
#10942 = ORIENTED_EDGE('',*,*,#10549,.F.);
#10943 = ORIENTED_EDGE('',*,*,#10581,.F.);
#10944 = ORIENTED_EDGE('',*,*,#10613,.F.);
#10945 = ORIENTED_EDGE('',*,*,#10644,.F.);
#10946 = ORIENTED_EDGE('',*,*,#10675,.F.);
#10947 = ORIENTED_EDGE('',*,*,#10706,.T.);
#10948 = ORIENTED_EDGE('',*,*,#10738,.T.);
#10949 = ORIENTED_EDGE('',*,*,#10770,.T.);
#10950 = ORIENTED_EDGE('',*,*,#10786,.T.);
#10951 = ORIENTED_EDGE('',*,*,#10834,.T.);
#10952 = ORIENTED_EDGE('',*,*,#10866,.T.);
#10953 = ORIENTED_EDGE('',*,*,#10898,.T.);
#10954 = ORIENTED_EDGE('',*,*,#10914,.T.);
#10955 = PLANE('',#10956);
#10956 = AXIS2_PLACEMENT_3D('',#10957,#10958,#10959);
#10957 = CARTESIAN_POINT('',(1.075,0.829999999999,1.953753400942));
#10958 = DIRECTION('',(-1.,0.,0.));
#10959 = DIRECTION('',(0.,0.,1.));
#10960 = ADVANCED_FACE('',(#10961),#10982,.F.);
#10961 = FACE_BOUND('',#10962,.T.);
#10962 = EDGE_LOOP('',(#10963,#10964,#10965,#10966,#10967,#10968,#10969,
    #10970,#10971,#10972,#10973,#10974,#10975,#10976,#10977,#10978,
    #10979,#10980,#10981));
#10963 = ORIENTED_EDGE('',*,*,#10334,.F.);
#10964 = ORIENTED_EDGE('',*,*,#10922,.F.);
#10965 = ORIENTED_EDGE('',*,*,#10882,.F.);
#10966 = ORIENTED_EDGE('',*,*,#10849,.F.);
#10967 = ORIENTED_EDGE('',*,*,#10818,.F.);
#10968 = ORIENTED_EDGE('',*,*,#10803,.F.);
#10969 = ORIENTED_EDGE('',*,*,#10754,.F.);
#10970 = ORIENTED_EDGE('',*,*,#10721,.F.);
#10971 = ORIENTED_EDGE('',*,*,#10690,.F.);
#10972 = ORIENTED_EDGE('',*,*,#10659,.T.);
#10973 = ORIENTED_EDGE('',*,*,#10628,.T.);
#10974 = ORIENTED_EDGE('',*,*,#10597,.T.);
#10975 = ORIENTED_EDGE('',*,*,#10564,.T.);
#10976 = ORIENTED_EDGE('',*,*,#10533,.T.);
#10977 = ORIENTED_EDGE('',*,*,#10518,.T.);
#10978 = ORIENTED_EDGE('',*,*,#10469,.T.);
#10979 = ORIENTED_EDGE('',*,*,#10436,.T.);
#10980 = ORIENTED_EDGE('',*,*,#10405,.T.);
#10981 = ORIENTED_EDGE('',*,*,#10374,.T.);
#10982 = PLANE('',#10983);
#10983 = AXIS2_PLACEMENT_3D('',#10984,#10985,#10986);
#10984 = CARTESIAN_POINT('',(1.325,0.829999999999,1.953753400942));
#10985 = DIRECTION('',(-1.,0.,0.));
#10986 = DIRECTION('',(0.,0.,1.));
#10987 = ( GEOMETRIC_REPRESENTATION_CONTEXT(3) 
GLOBAL_UNCERTAINTY_ASSIGNED_CONTEXT((#10991)) 
GLOBAL_UNIT_ASSIGNED_CONTEXT((#10988,#10989,#10990)) 
REPRESENTATION_CONTEXT('Context #1',
  '3D Context with UNIT and UNCERTAINTY') );
#10988 = ( LENGTH_UNIT() NAMED_UNIT(*) SI_UNIT(.MILLI.,.METRE.) );
#10989 = ( NAMED_UNIT(*) PLANE_ANGLE_UNIT() SI_UNIT($,.RADIAN.) );
#10990 = ( NAMED_UNIT(*) SI_UNIT($,.STERADIAN.) SOLID_ANGLE_UNIT() );
#10991 = UNCERTAINTY_MEASURE_WITH_UNIT(LENGTH_MEASURE(1.E-07),#10988,
  'distance_accuracy_value','confusion accuracy');
#10992 = CONTEXT_DEPENDENT_SHAPE_REPRESENTATION(#10993,#10995);
#10993 = ( REPRESENTATION_RELATIONSHIP('','',#10327,#10) 
REPRESENTATION_RELATIONSHIP_WITH_TRANSFORMATION(#10994) 
SHAPE_REPRESENTATION_RELATIONSHIP() );
#10994 = ITEM_DEFINED_TRANSFORMATION('','',#11,#43);
#10995 = PRODUCT_DEFINITION_SHAPE('Placement','Placement of an item',
  #10996);
#10996 = NEXT_ASSEMBLY_USAGE_OCCURRENCE('8',
'CONN-SMD_HC-PBB08-2-08-M-H1.0-G1-R-P-04_1~CONN-SMD_
HC-PBB08-2-08-M-H1.0-G1-R-P-04_1~bmqH006','',#5,#10322,$);
#10997 = PRODUCT_RELATED_PRODUCT_CATEGORY('part',$,(#10324));
#10998 = SHAPE_DEFINITION_REPRESENTATION(#10999,#11005);
#10999 = PRODUCT_DEFINITION_SHAPE('','',#11000);
#11000 = PRODUCT_DEFINITION('design','',#11001,#11004);
#11001 = PRODUCT_DEFINITION_FORMATION('','',#11002);
#11002 = PRODUCT(
'CONN-SMD_HC-PBB08-2-08-M-H1.0-G1-R-P-04_1~CONN-SMD_
HC-PBB08-2-08-M-H1.0-G1-R-P-04_1~bmqH007',
'CONN-SMD_HC-PBB08-2-08-M-H1.0-G1-R-P-04_1~CONN-SMD_
HC-PBB08-2-08-M-H1.0-G1-R-P-04_1~bmqH007','',(#11003));
#11003 = PRODUCT_CONTEXT('',#2,'mechanical');
#11004 = PRODUCT_DEFINITION_CONTEXT('part definition',#2,'design');
#11005 = ADVANCED_BREP_SHAPE_REPRESENTATION('',(#11,#11006),#11564);
#11006 = MANIFOLD_SOLID_BREP('',#11007);
#11007 = CLOSED_SHELL('',(#11008,#11048,#11088,#11212,#11336,#11358,
    #11375,#11392,#11409,#11426,#11443,#11460,#11472,#11489,#11506,
    #11523,#11540,#11552));
#11008 = ADVANCED_FACE('',(#11009),#11043,.T.);
#11009 = FACE_BOUND('',#11010,.T.);
#11010 = EDGE_LOOP('',(#11011,#11021,#11029,#11037));
#11011 = ORIENTED_EDGE('',*,*,#11012,.T.);
#11012 = EDGE_CURVE('',#11013,#11015,#11017,.T.);
#11013 = VERTEX_POINT('',#11014);
#11014 = CARTESIAN_POINT('',(-0.524999999999,-0.25,0.28));
#11015 = VERTEX_POINT('',#11016);
#11016 = CARTESIAN_POINT('',(-0.524999999999,-0.25,0.688225399466));
#11017 = LINE('',#11018,#11019);
#11018 = CARTESIAN_POINT('',(-0.524999999999,-0.25,0.18));
#11019 = VECTOR('',#11020,1.);
#11020 = DIRECTION('',(0.,0.,1.));
#11021 = ORIENTED_EDGE('',*,*,#11022,.T.);
#11022 = EDGE_CURVE('',#11015,#11023,#11025,.T.);
#11023 = VERTEX_POINT('',#11024);
#11024 = CARTESIAN_POINT('',(-0.274999999999,-0.25,0.688225399466));
#11025 = LINE('',#11026,#11027);
#11026 = CARTESIAN_POINT('',(-0.524999999999,-0.25,0.688225399466));
#11027 = VECTOR('',#11028,1.);
#11028 = DIRECTION('',(1.,-3.669607353027E-16,0.));
#11029 = ORIENTED_EDGE('',*,*,#11030,.F.);
#11030 = EDGE_CURVE('',#11031,#11023,#11033,.T.);
#11031 = VERTEX_POINT('',#11032);
#11032 = CARTESIAN_POINT('',(-0.274999999999,-0.25,0.28));
#11033 = LINE('',#11034,#11035);
#11034 = CARTESIAN_POINT('',(-0.274999999999,-0.25,0.18));
#11035 = VECTOR('',#11036,1.);
#11036 = DIRECTION('',(0.,0.,1.));
#11037 = ORIENTED_EDGE('',*,*,#11038,.F.);
#11038 = EDGE_CURVE('',#11013,#11031,#11039,.T.);
#11039 = LINE('',#11040,#11041);
#11040 = CARTESIAN_POINT('',(-0.524999999999,-0.25,0.28));
#11041 = VECTOR('',#11042,1.);
#11042 = DIRECTION('',(1.,-3.669607353027E-16,2.693841220634E-32));
#11043 = PLANE('',#11044);
#11044 = AXIS2_PLACEMENT_3D('',#11045,#11046,#11047);
#11045 = CARTESIAN_POINT('',(-0.524999999999,-0.25,0.18));
#11046 = DIRECTION('',(3.669607353027E-16,1.,0.));
#11047 = DIRECTION('',(0.,-0.,1.));
#11048 = ADVANCED_FACE('',(#11049),#11083,.F.);
#11049 = FACE_BOUND('',#11050,.T.);
#11050 = EDGE_LOOP('',(#11051,#11061,#11069,#11077));
#11051 = ORIENTED_EDGE('',*,*,#11052,.T.);
#11052 = EDGE_CURVE('',#11053,#11055,#11057,.T.);
#11053 = VERTEX_POINT('',#11054);
#11054 = CARTESIAN_POINT('',(-0.524999999999,-0.5,0.28));
#11055 = VERTEX_POINT('',#11056);
#11056 = CARTESIAN_POINT('',(-0.274999999999,-0.5,0.279999999999));
#11057 = LINE('',#11058,#11059);
#11058 = CARTESIAN_POINT('',(-0.524999999999,-0.5,0.28));
#11059 = VECTOR('',#11060,1.);
#11060 = DIRECTION('',(1.,0.,0.));
#11061 = ORIENTED_EDGE('',*,*,#11062,.T.);
#11062 = EDGE_CURVE('',#11055,#11063,#11065,.T.);
#11063 = VERTEX_POINT('',#11064);
#11064 = CARTESIAN_POINT('',(-0.274999999999,-0.5,0.688225399466));
#11065 = LINE('',#11066,#11067);
#11066 = CARTESIAN_POINT('',(-0.274999999999,-0.5,0.18));
#11067 = VECTOR('',#11068,1.);
#11068 = DIRECTION('',(0.,0.,1.));
#11069 = ORIENTED_EDGE('',*,*,#11070,.F.);
#11070 = EDGE_CURVE('',#11071,#11063,#11073,.T.);
#11071 = VERTEX_POINT('',#11072);
#11072 = CARTESIAN_POINT('',(-0.525,-0.5,0.688225399466));
#11073 = LINE('',#11074,#11075);
#11074 = CARTESIAN_POINT('',(-0.525,-0.5,0.688225399466));
#11075 = VECTOR('',#11076,1.);
#11076 = DIRECTION('',(1.,-3.669607353027E-16,0.));
#11077 = ORIENTED_EDGE('',*,*,#11078,.F.);
#11078 = EDGE_CURVE('',#11053,#11071,#11079,.T.);
#11079 = LINE('',#11080,#11081);
#11080 = CARTESIAN_POINT('',(-0.525,-0.5,0.18));
#11081 = VECTOR('',#11082,1.);
#11082 = DIRECTION('',(0.,0.,1.));
#11083 = PLANE('',#11084);
#11084 = AXIS2_PLACEMENT_3D('',#11085,#11086,#11087);
#11085 = CARTESIAN_POINT('',(-0.525,-0.5,0.18));
#11086 = DIRECTION('',(3.669607353027E-16,1.,0.));
#11087 = DIRECTION('',(0.,-0.,1.));
#11088 = ADVANCED_FACE('',(#11089),#11207,.T.);
#11089 = FACE_BOUND('',#11090,.T.);
#11090 = EDGE_LOOP('',(#11091,#11092,#11101,#11109,#11118,#11126,#11135,
    #11143,#11151,#11159,#11168,#11176,#11185,#11193,#11200,#11201));
#11091 = ORIENTED_EDGE('',*,*,#11078,.T.);
#11092 = ORIENTED_EDGE('',*,*,#11093,.T.);
#11093 = EDGE_CURVE('',#11071,#11094,#11096,.T.);
#11094 = VERTEX_POINT('',#11095);
#11095 = CARTESIAN_POINT('',(-0.525,-0.551345397777,0.856067255966));
#11096 = CIRCLE('',#11097,0.299999999999);
#11097 = AXIS2_PLACEMENT_3D('',#11098,#11099,#11100);
#11098 = CARTESIAN_POINT('',(-0.525,-0.799999999999,0.688225399466));
#11099 = DIRECTION('',(1.,-3.669607353027E-16,0.));
#11100 = DIRECTION('',(0.,0.,-1.));
#11101 = ORIENTED_EDGE('',*,*,#11102,.T.);
#11102 = EDGE_CURVE('',#11094,#11103,#11105,.T.);
#11103 = VERTEX_POINT('',#11104);
#11104 = CARTESIAN_POINT('',(-0.525,-0.718654602222,1.103932744033));
#11105 = LINE('',#11106,#11107);
#11106 = CARTESIAN_POINT('',(-0.525,-0.551345397777,0.856067255966));
#11107 = VECTOR('',#11108,1.);
#11108 = DIRECTION('',(-2.053045702532E-16,-0.559472855001,
    0.828848674075));
#11109 = ORIENTED_EDGE('',*,*,#11110,.T.);
#11110 = EDGE_CURVE('',#11103,#11111,#11113,.T.);
#11111 = VERTEX_POINT('',#11112);
#11112 = CARTESIAN_POINT('',(-0.525,-0.77,1.271774600533));
#11113 = CIRCLE('',#11114,0.299999999999);
#11114 = AXIS2_PLACEMENT_3D('',#11115,#11116,#11117);
#11115 = CARTESIAN_POINT('',(-0.525,-0.47,1.271774600533));
#11116 = DIRECTION('',(-1.,3.669607353027E-16,0.));
#11117 = DIRECTION('',(0.,0.,1.));
#11118 = ORIENTED_EDGE('',*,*,#11119,.T.);
#11119 = EDGE_CURVE('',#11111,#11120,#11122,.T.);
#11120 = VERTEX_POINT('',#11121);
#11121 = CARTESIAN_POINT('',(-0.525,-0.77,1.953753400942));
#11122 = LINE('',#11123,#11124);
#11123 = CARTESIAN_POINT('',(-0.525,-0.77,1.271774600533));
#11124 = VECTOR('',#11125,1.);
#11125 = DIRECTION('',(-2.333560082477E-31,-6.359154694171E-16,1.));
#11126 = ORIENTED_EDGE('',*,*,#11127,.T.);
#11127 = EDGE_CURVE('',#11120,#11128,#11130,.T.);
#11128 = VERTEX_POINT('',#11129);
#11129 = CARTESIAN_POINT('',(-0.525,-0.774557674096,2.005847854242));
#11130 = CIRCLE('',#11131,0.299999999999);
#11131 = AXIS2_PLACEMENT_3D('',#11132,#11133,#11134);
#11132 = CARTESIAN_POINT('',(-0.525,-1.07,1.953753400942));
#11133 = DIRECTION('',(1.,-3.669607353027E-16,0.));
#11134 = DIRECTION('',(0.,0.,-1.));
#11135 = ORIENTED_EDGE('',*,*,#11136,.T.);
#11136 = EDGE_CURVE('',#11128,#11137,#11139,.T.);
#11137 = VERTEX_POINT('',#11138);
#11138 = CARTESIAN_POINT('',(-0.525,-0.8220944533,2.275442325903));
#11139 = LINE('',#11140,#11141);
#11140 = CARTESIAN_POINT('',(-0.525,-0.774557674096,2.005847854242));
#11141 = VECTOR('',#11142,1.);
#11142 = DIRECTION('',(-6.372206296066E-17,-0.173648177666,
    0.984807753012));
#11143 = ORIENTED_EDGE('',*,*,#11144,.F.);
#11144 = EDGE_CURVE('',#11145,#11137,#11147,.T.);
#11145 = VERTEX_POINT('',#11146);
#11146 = CARTESIAN_POINT('',(-0.525,-0.575892515047,2.31885437032));
#11147 = LINE('',#11148,#11149);
#11148 = CARTESIAN_POINT('',(-0.525,-0.575892515047,2.31885437032));
#11149 = VECTOR('',#11150,1.);
#11150 = DIRECTION('',(-3.613857771773E-16,-0.984807753012,
    -0.173648177666));
#11151 = ORIENTED_EDGE('',*,*,#11152,.F.);
#11152 = EDGE_CURVE('',#11153,#11145,#11155,.T.);
#11153 = VERTEX_POINT('',#11154);
#11154 = CARTESIAN_POINT('',(-0.525,-0.528355735843,2.049259898659));
#11155 = LINE('',#11156,#11157);
#11156 = CARTESIAN_POINT('',(-0.525,-0.528355735843,2.049259898659));
#11157 = VECTOR('',#11158,1.);
#11158 = DIRECTION('',(-6.372206296066E-17,-0.173648177666,
    0.984807753012));
#11159 = ORIENTED_EDGE('',*,*,#11160,.F.);
#11160 = EDGE_CURVE('',#11161,#11153,#11163,.T.);
#11161 = VERTEX_POINT('',#11162);
#11162 = CARTESIAN_POINT('',(-0.525,-0.52,1.953753400942));
#11163 = CIRCLE('',#11164,0.549999999999);
#11164 = AXIS2_PLACEMENT_3D('',#11165,#11166,#11167);
#11165 = CARTESIAN_POINT('',(-0.525,-1.07,1.953753400942));
#11166 = DIRECTION('',(1.,-3.669607353027E-16,0.));
#11167 = DIRECTION('',(-4.195610606008E-30,-1.143340472802E-14,1.));
#11168 = ORIENTED_EDGE('',*,*,#11169,.F.);
#11169 = EDGE_CURVE('',#11170,#11161,#11172,.T.);
#11170 = VERTEX_POINT('',#11171);
#11171 = CARTESIAN_POINT('',(-0.525,-0.52,1.271774600533));
#11172 = LINE('',#11173,#11174);
#11173 = CARTESIAN_POINT('',(-0.525,-0.52,1.271774600533));
#11174 = VECTOR('',#11175,1.);
#11175 = DIRECTION('',(-2.333560082477E-31,-6.359154694171E-16,1.));
#11176 = ORIENTED_EDGE('',*,*,#11177,.F.);
#11177 = EDGE_CURVE('',#11178,#11170,#11180,.T.);
#11178 = VERTEX_POINT('',#11179);
#11179 = CARTESIAN_POINT('',(-0.525,-0.511442433703,1.243800957783));
#11180 = CIRCLE('',#11181,4.9999999999E-02);
#11181 = AXIS2_PLACEMENT_3D('',#11182,#11183,#11184);
#11182 = CARTESIAN_POINT('',(-0.525,-0.47,1.271774600533));
#11183 = DIRECTION('',(-1.,3.669607353027E-16,0.));
#11184 = DIRECTION('',(0.,0.,1.));
#11185 = ORIENTED_EDGE('',*,*,#11186,.F.);
#11186 = EDGE_CURVE('',#11187,#11178,#11189,.T.);
#11187 = VERTEX_POINT('',#11188);
#11188 = CARTESIAN_POINT('',(-0.524999999999,-0.344133229258,
    0.995935469716));
#11189 = LINE('',#11190,#11191);
#11190 = CARTESIAN_POINT('',(-0.524999999999,-0.344133229258,
    0.995935469716));
#11191 = VECTOR('',#11192,1.);
#11192 = DIRECTION('',(-2.053045702532E-16,-0.559472855001,
    0.828848674075));
#11193 = ORIENTED_EDGE('',*,*,#11194,.F.);
#11194 = EDGE_CURVE('',#11015,#11187,#11195,.T.);
#11195 = CIRCLE('',#11196,0.55);
#11196 = AXIS2_PLACEMENT_3D('',#11197,#11198,#11199);
#11197 = CARTESIAN_POINT('',(-0.525,-0.799999999999,0.688225399466));
#11198 = DIRECTION('',(1.,-3.669607353027E-16,0.));
#11199 = DIRECTION('',(2.604172100282E-30,7.096596038086E-15,1.));
#11200 = ORIENTED_EDGE('',*,*,#11012,.F.);
#11201 = ORIENTED_EDGE('',*,*,#11202,.T.);
#11202 = EDGE_CURVE('',#11013,#11053,#11203,.T.);
#11203 = LINE('',#11204,#11205);
#11204 = CARTESIAN_POINT('',(-0.524999999999,0.699999999999,0.28));
#11205 = VECTOR('',#11206,1.);
#11206 = DIRECTION('',(0.,-1.,7.340952209537E-17));
#11207 = PLANE('',#11208);
#11208 = AXIS2_PLACEMENT_3D('',#11209,#11210,#11211);
#11209 = CARTESIAN_POINT('',(-0.525,-1.07,1.953753400942));
#11210 = DIRECTION('',(-1.,3.669607353027E-16,0.));
#11211 = DIRECTION('',(0.,0.,1.));
#11212 = ADVANCED_FACE('',(#11213),#11331,.F.);
#11213 = FACE_BOUND('',#11214,.T.);
#11214 = EDGE_LOOP('',(#11215,#11221,#11222,#11231,#11239,#11248,#11256,
    #11265,#11273,#11281,#11289,#11298,#11306,#11315,#11323,#11330));
#11215 = ORIENTED_EDGE('',*,*,#11216,.T.);
#11216 = EDGE_CURVE('',#11055,#11031,#11217,.T.);
#11217 = LINE('',#11218,#11219);
#11218 = CARTESIAN_POINT('',(-0.274999999999,0.699999999999,0.28));
#11219 = VECTOR('',#11220,1.);
#11220 = DIRECTION('',(0.,1.,-7.340952209537E-17));
#11221 = ORIENTED_EDGE('',*,*,#11030,.T.);
#11222 = ORIENTED_EDGE('',*,*,#11223,.T.);
#11223 = EDGE_CURVE('',#11023,#11224,#11226,.T.);
#11224 = VERTEX_POINT('',#11225);
#11225 = CARTESIAN_POINT('',(-0.274999999999,-0.344133229258,
    0.995935469716));
#11226 = CIRCLE('',#11227,0.55);
#11227 = AXIS2_PLACEMENT_3D('',#11228,#11229,#11230);
#11228 = CARTESIAN_POINT('',(-0.274999999999,-0.799999999999,
    0.688225399466));
#11229 = DIRECTION('',(1.,-3.669607353027E-16,0.));
#11230 = DIRECTION('',(2.604172100282E-30,7.096596038086E-15,1.));
#11231 = ORIENTED_EDGE('',*,*,#11232,.T.);
#11232 = EDGE_CURVE('',#11224,#11233,#11235,.T.);
#11233 = VERTEX_POINT('',#11234);
#11234 = CARTESIAN_POINT('',(-0.274999999999,-0.511442433703,
    1.243800957783));
#11235 = LINE('',#11236,#11237);
#11236 = CARTESIAN_POINT('',(-0.274999999999,-0.344133229258,
    0.995935469716));
#11237 = VECTOR('',#11238,1.);
#11238 = DIRECTION('',(-2.053045702532E-16,-0.559472855001,
    0.828848674075));
#11239 = ORIENTED_EDGE('',*,*,#11240,.T.);
#11240 = EDGE_CURVE('',#11233,#11241,#11243,.T.);
#11241 = VERTEX_POINT('',#11242);
#11242 = CARTESIAN_POINT('',(-0.274999999999,-0.52,1.271774600533));
#11243 = CIRCLE('',#11244,4.9999999999E-02);
#11244 = AXIS2_PLACEMENT_3D('',#11245,#11246,#11247);
#11245 = CARTESIAN_POINT('',(-0.274999999999,-0.47,1.271774600533));
#11246 = DIRECTION('',(-1.,3.669607353027E-16,0.));
#11247 = DIRECTION('',(0.,0.,1.));
#11248 = ORIENTED_EDGE('',*,*,#11249,.T.);
#11249 = EDGE_CURVE('',#11241,#11250,#11252,.T.);
#11250 = VERTEX_POINT('',#11251);
#11251 = CARTESIAN_POINT('',(-0.274999999999,-0.52,1.953753400942));
#11252 = LINE('',#11253,#11254);
#11253 = CARTESIAN_POINT('',(-0.274999999999,-0.52,1.271774600533));
#11254 = VECTOR('',#11255,1.);
#11255 = DIRECTION('',(-2.333560082477E-31,-6.359154694171E-16,1.));
#11256 = ORIENTED_EDGE('',*,*,#11257,.T.);
#11257 = EDGE_CURVE('',#11250,#11258,#11260,.T.);
#11258 = VERTEX_POINT('',#11259);
#11259 = CARTESIAN_POINT('',(-0.274999999999,-0.528355735843,
    2.049259898659));
#11260 = CIRCLE('',#11261,0.549999999999);
#11261 = AXIS2_PLACEMENT_3D('',#11262,#11263,#11264);
#11262 = CARTESIAN_POINT('',(-0.275,-1.07,1.953753400942));
#11263 = DIRECTION('',(1.,-3.669607353027E-16,0.));
#11264 = DIRECTION('',(-4.195610606008E-30,-1.143340472802E-14,1.));
#11265 = ORIENTED_EDGE('',*,*,#11266,.T.);
#11266 = EDGE_CURVE('',#11258,#11267,#11269,.T.);
#11267 = VERTEX_POINT('',#11268);
#11268 = CARTESIAN_POINT('',(-0.274999999999,-0.575892515047,
    2.31885437032));
#11269 = LINE('',#11270,#11271);
#11270 = CARTESIAN_POINT('',(-0.274999999999,-0.528355735843,
    2.049259898659));
#11271 = VECTOR('',#11272,1.);
#11272 = DIRECTION('',(-6.372206296066E-17,-0.173648177666,
    0.984807753012));
#11273 = ORIENTED_EDGE('',*,*,#11274,.T.);
#11274 = EDGE_CURVE('',#11267,#11275,#11277,.T.);
#11275 = VERTEX_POINT('',#11276);
#11276 = CARTESIAN_POINT('',(-0.274999999999,-0.8220944533,
    2.275442325903));
#11277 = LINE('',#11278,#11279);
#11278 = CARTESIAN_POINT('',(-0.274999999999,-0.575892515047,
    2.31885437032));
#11279 = VECTOR('',#11280,1.);
#11280 = DIRECTION('',(-3.613857771773E-16,-0.984807753012,
    -0.173648177666));
#11281 = ORIENTED_EDGE('',*,*,#11282,.F.);
#11282 = EDGE_CURVE('',#11283,#11275,#11285,.T.);
#11283 = VERTEX_POINT('',#11284);
#11284 = CARTESIAN_POINT('',(-0.274999999999,-0.774557674096,
    2.005847854242));
#11285 = LINE('',#11286,#11287);
#11286 = CARTESIAN_POINT('',(-0.274999999999,-0.774557674096,
    2.005847854242));
#11287 = VECTOR('',#11288,1.);
#11288 = DIRECTION('',(-6.372206296066E-17,-0.173648177666,
    0.984807753012));
#11289 = ORIENTED_EDGE('',*,*,#11290,.F.);
#11290 = EDGE_CURVE('',#11291,#11283,#11293,.T.);
#11291 = VERTEX_POINT('',#11292);
#11292 = CARTESIAN_POINT('',(-0.274999999999,-0.77,1.953753400942));
#11293 = CIRCLE('',#11294,0.299999999999);
#11294 = AXIS2_PLACEMENT_3D('',#11295,#11296,#11297);
#11295 = CARTESIAN_POINT('',(-0.275,-1.07,1.953753400942));
#11296 = DIRECTION('',(1.,-3.669607353027E-16,0.));
#11297 = DIRECTION('',(0.,0.,-1.));
#11298 = ORIENTED_EDGE('',*,*,#11299,.F.);
#11299 = EDGE_CURVE('',#11300,#11291,#11302,.T.);
#11300 = VERTEX_POINT('',#11301);
#11301 = CARTESIAN_POINT('',(-0.274999999999,-0.77,1.271774600533));
#11302 = LINE('',#11303,#11304);
#11303 = CARTESIAN_POINT('',(-0.274999999999,-0.77,1.271774600533));
#11304 = VECTOR('',#11305,1.);
#11305 = DIRECTION('',(-2.333560082477E-31,-6.359154694171E-16,1.));
#11306 = ORIENTED_EDGE('',*,*,#11307,.F.);
#11307 = EDGE_CURVE('',#11308,#11300,#11310,.T.);
#11308 = VERTEX_POINT('',#11309);
#11309 = CARTESIAN_POINT('',(-0.274999999999,-0.718654602222,
    1.103932744033));
#11310 = CIRCLE('',#11311,0.299999999999);
#11311 = AXIS2_PLACEMENT_3D('',#11312,#11313,#11314);
#11312 = CARTESIAN_POINT('',(-0.274999999999,-0.47,1.271774600533));
#11313 = DIRECTION('',(-1.,3.669607353027E-16,0.));
#11314 = DIRECTION('',(0.,0.,1.));
#11315 = ORIENTED_EDGE('',*,*,#11316,.F.);
#11316 = EDGE_CURVE('',#11317,#11308,#11319,.T.);
#11317 = VERTEX_POINT('',#11318);
#11318 = CARTESIAN_POINT('',(-0.274999999999,-0.551345397777,
    0.856067255966));
#11319 = LINE('',#11320,#11321);
#11320 = CARTESIAN_POINT('',(-0.274999999999,-0.551345397777,
    0.856067255966));
#11321 = VECTOR('',#11322,1.);
#11322 = DIRECTION('',(-2.053045702532E-16,-0.559472855001,
    0.828848674075));
#11323 = ORIENTED_EDGE('',*,*,#11324,.F.);
#11324 = EDGE_CURVE('',#11063,#11317,#11325,.T.);
#11325 = CIRCLE('',#11326,0.299999999999);
#11326 = AXIS2_PLACEMENT_3D('',#11327,#11328,#11329);
#11327 = CARTESIAN_POINT('',(-0.274999999999,-0.799999999999,
    0.688225399466));
#11328 = DIRECTION('',(1.,-3.669607353027E-16,0.));
#11329 = DIRECTION('',(0.,0.,-1.));
#11330 = ORIENTED_EDGE('',*,*,#11062,.F.);
#11331 = PLANE('',#11332);
#11332 = AXIS2_PLACEMENT_3D('',#11333,#11334,#11335);
#11333 = CARTESIAN_POINT('',(-0.275,-1.07,1.953753400942));
#11334 = DIRECTION('',(-1.,3.669607353027E-16,0.));
#11335 = DIRECTION('',(0.,0.,1.));
#11336 = ADVANCED_FACE('',(#11337),#11353,.F.);
#11337 = FACE_BOUND('',#11338,.T.);
#11338 = EDGE_LOOP('',(#11339,#11340,#11346,#11347));
#11339 = ORIENTED_EDGE('',*,*,#11282,.T.);
#11340 = ORIENTED_EDGE('',*,*,#11341,.F.);
#11341 = EDGE_CURVE('',#11137,#11275,#11342,.T.);
#11342 = LINE('',#11343,#11344);
#11343 = CARTESIAN_POINT('',(-0.525,-0.8220944533,2.275442325903));
#11344 = VECTOR('',#11345,1.);
#11345 = DIRECTION('',(1.,-3.669607353027E-16,0.));
#11346 = ORIENTED_EDGE('',*,*,#11136,.F.);
#11347 = ORIENTED_EDGE('',*,*,#11348,.T.);
#11348 = EDGE_CURVE('',#11128,#11283,#11349,.T.);
#11349 = LINE('',#11350,#11351);
#11350 = CARTESIAN_POINT('',(-0.525,-0.774557674096,2.005847854242));
#11351 = VECTOR('',#11352,1.);
#11352 = DIRECTION('',(1.,-3.669607353027E-16,0.));
#11353 = PLANE('',#11354);
#11354 = AXIS2_PLACEMENT_3D('',#11355,#11356,#11357);
#11355 = CARTESIAN_POINT('',(-0.525,-0.774557674096,2.005847854242));
#11356 = DIRECTION('',(3.613857771773E-16,0.984807753012,0.173648177666)
  );
#11357 = DIRECTION('',(-6.372206296066E-17,-0.173648177666,
    0.984807753012));
#11358 = ADVANCED_FACE('',(#11359),#11370,.T.);
#11359 = FACE_BOUND('',#11360,.T.);
#11360 = EDGE_LOOP('',(#11361,#11362,#11368,#11369));
#11361 = ORIENTED_EDGE('',*,*,#11274,.F.);
#11362 = ORIENTED_EDGE('',*,*,#11363,.F.);
#11363 = EDGE_CURVE('',#11145,#11267,#11364,.T.);
#11364 = LINE('',#11365,#11366);
#11365 = CARTESIAN_POINT('',(-0.525,-0.575892515047,2.31885437032));
#11366 = VECTOR('',#11367,1.);
#11367 = DIRECTION('',(1.,-3.669607353027E-16,0.));
#11368 = ORIENTED_EDGE('',*,*,#11144,.T.);
#11369 = ORIENTED_EDGE('',*,*,#11341,.T.);
#11370 = PLANE('',#11371);
#11371 = AXIS2_PLACEMENT_3D('',#11372,#11373,#11374);
#11372 = CARTESIAN_POINT('',(-0.525,-0.575892515047,2.31885437032));
#11373 = DIRECTION('',(-6.372206296066E-17,-0.173648177666,
    0.984807753012));
#11374 = DIRECTION('',(-3.613857771773E-16,-0.984807753012,
    -0.173648177666));
#11375 = ADVANCED_FACE('',(#11376),#11387,.T.);
#11376 = FACE_BOUND('',#11377,.T.);
#11377 = EDGE_LOOP('',(#11378,#11379,#11385,#11386));
#11378 = ORIENTED_EDGE('',*,*,#11266,.F.);
#11379 = ORIENTED_EDGE('',*,*,#11380,.F.);
#11380 = EDGE_CURVE('',#11153,#11258,#11381,.T.);
#11381 = LINE('',#11382,#11383);
#11382 = CARTESIAN_POINT('',(-0.525,-0.528355735843,2.049259898659));
#11383 = VECTOR('',#11384,1.);
#11384 = DIRECTION('',(1.,-3.669607353027E-16,0.));
#11385 = ORIENTED_EDGE('',*,*,#11152,.T.);
#11386 = ORIENTED_EDGE('',*,*,#11363,.T.);
#11387 = PLANE('',#11388);
#11388 = AXIS2_PLACEMENT_3D('',#11389,#11390,#11391);
#11389 = CARTESIAN_POINT('',(-0.525,-0.528355735843,2.049259898659));
#11390 = DIRECTION('',(3.613857771773E-16,0.984807753012,0.173648177666)
  );
#11391 = DIRECTION('',(-6.372206296066E-17,-0.173648177666,
    0.984807753012));
#11392 = ADVANCED_FACE('',(#11393),#11404,.T.);
#11393 = FACE_BOUND('',#11394,.T.);
#11394 = EDGE_LOOP('',(#11395,#11396,#11402,#11403));
#11395 = ORIENTED_EDGE('',*,*,#11257,.F.);
#11396 = ORIENTED_EDGE('',*,*,#11397,.F.);
#11397 = EDGE_CURVE('',#11161,#11250,#11398,.T.);
#11398 = LINE('',#11399,#11400);
#11399 = CARTESIAN_POINT('',(-0.525,-0.52,1.953753400942));
#11400 = VECTOR('',#11401,1.);
#11401 = DIRECTION('',(1.,-3.669607353027E-16,0.));
#11402 = ORIENTED_EDGE('',*,*,#11160,.T.);
#11403 = ORIENTED_EDGE('',*,*,#11380,.T.);
#11404 = CYLINDRICAL_SURFACE('',#11405,0.549999999999);
#11405 = AXIS2_PLACEMENT_3D('',#11406,#11407,#11408);
#11406 = CARTESIAN_POINT('',(-0.525,-1.07,1.953753400942));
#11407 = DIRECTION('',(1.,-3.669607353027E-16,0.));
#11408 = DIRECTION('',(0.,0.,-1.));
#11409 = ADVANCED_FACE('',(#11410),#11421,.T.);
#11410 = FACE_BOUND('',#11411,.T.);
#11411 = EDGE_LOOP('',(#11412,#11413,#11419,#11420));
#11412 = ORIENTED_EDGE('',*,*,#11249,.F.);
#11413 = ORIENTED_EDGE('',*,*,#11414,.F.);
#11414 = EDGE_CURVE('',#11170,#11241,#11415,.T.);
#11415 = LINE('',#11416,#11417);
#11416 = CARTESIAN_POINT('',(-0.525,-0.52,1.271774600533));
#11417 = VECTOR('',#11418,1.);
#11418 = DIRECTION('',(1.,-3.669607353027E-16,0.));
#11419 = ORIENTED_EDGE('',*,*,#11169,.T.);
#11420 = ORIENTED_EDGE('',*,*,#11397,.T.);
#11421 = PLANE('',#11422);
#11422 = AXIS2_PLACEMENT_3D('',#11423,#11424,#11425);
#11423 = CARTESIAN_POINT('',(-0.525,-0.52,1.271774600533));
#11424 = DIRECTION('',(3.669607353027E-16,1.,6.359154694171E-16));
#11425 = DIRECTION('',(-2.333560082477E-31,-6.359154694171E-16,1.));
#11426 = ADVANCED_FACE('',(#11427),#11438,.F.);
#11427 = FACE_BOUND('',#11428,.F.);
#11428 = EDGE_LOOP('',(#11429,#11430,#11431,#11437));
#11429 = ORIENTED_EDGE('',*,*,#11414,.F.);
#11430 = ORIENTED_EDGE('',*,*,#11177,.F.);
#11431 = ORIENTED_EDGE('',*,*,#11432,.T.);
#11432 = EDGE_CURVE('',#11178,#11233,#11433,.T.);
#11433 = LINE('',#11434,#11435);
#11434 = CARTESIAN_POINT('',(-0.525,-0.511442433703,1.243800957783));
#11435 = VECTOR('',#11436,1.);
#11436 = DIRECTION('',(1.,-3.669607353027E-16,0.));
#11437 = ORIENTED_EDGE('',*,*,#11240,.T.);
#11438 = CYLINDRICAL_SURFACE('',#11439,4.9999999999E-02);
#11439 = AXIS2_PLACEMENT_3D('',#11440,#11441,#11442);
#11440 = CARTESIAN_POINT('',(-0.525,-0.47,1.271774600533));
#11441 = DIRECTION('',(1.,-3.669607353027E-16,0.));
#11442 = DIRECTION('',(0.,0.,-1.));
#11443 = ADVANCED_FACE('',(#11444),#11455,.T.);
#11444 = FACE_BOUND('',#11445,.T.);
#11445 = EDGE_LOOP('',(#11446,#11447,#11453,#11454));
#11446 = ORIENTED_EDGE('',*,*,#11232,.F.);
#11447 = ORIENTED_EDGE('',*,*,#11448,.F.);
#11448 = EDGE_CURVE('',#11187,#11224,#11449,.T.);
#11449 = LINE('',#11450,#11451);
#11450 = CARTESIAN_POINT('',(-0.524999999999,-0.344133229258,
    0.995935469716));
#11451 = VECTOR('',#11452,1.);
#11452 = DIRECTION('',(1.,-3.669607353027E-16,0.));
#11453 = ORIENTED_EDGE('',*,*,#11186,.T.);
#11454 = ORIENTED_EDGE('',*,*,#11432,.T.);
#11455 = PLANE('',#11456);
#11456 = AXIS2_PLACEMENT_3D('',#11457,#11458,#11459);
#11457 = CARTESIAN_POINT('',(-0.524999999999,-0.344133229258,
    0.995935469716));
#11458 = DIRECTION('',(3.041549188937E-16,0.828848674075,0.559472855001)
  );
#11459 = DIRECTION('',(-2.053045702532E-16,-0.559472855001,
    0.828848674075));
#11460 = ADVANCED_FACE('',(#11461),#11467,.T.);
#11461 = FACE_BOUND('',#11462,.T.);
#11462 = EDGE_LOOP('',(#11463,#11464,#11465,#11466));
#11463 = ORIENTED_EDGE('',*,*,#11223,.F.);
#11464 = ORIENTED_EDGE('',*,*,#11022,.F.);
#11465 = ORIENTED_EDGE('',*,*,#11194,.T.);
#11466 = ORIENTED_EDGE('',*,*,#11448,.T.);
#11467 = CYLINDRICAL_SURFACE('',#11468,0.549999999999);
#11468 = AXIS2_PLACEMENT_3D('',#11469,#11470,#11471);
#11469 = CARTESIAN_POINT('',(-0.525,-0.799999999999,0.688225399466));
#11470 = DIRECTION('',(1.,-3.669607353027E-16,0.));
#11471 = DIRECTION('',(0.,0.,-1.));
#11472 = ADVANCED_FACE('',(#11473),#11484,.F.);
#11473 = FACE_BOUND('',#11474,.F.);
#11474 = EDGE_LOOP('',(#11475,#11476,#11477,#11483));
#11475 = ORIENTED_EDGE('',*,*,#11070,.F.);
#11476 = ORIENTED_EDGE('',*,*,#11093,.T.);
#11477 = ORIENTED_EDGE('',*,*,#11478,.T.);
#11478 = EDGE_CURVE('',#11094,#11317,#11479,.T.);
#11479 = LINE('',#11480,#11481);
#11480 = CARTESIAN_POINT('',(-0.525,-0.551345397777,0.856067255966));
#11481 = VECTOR('',#11482,1.);
#11482 = DIRECTION('',(1.,-3.669607353027E-16,0.));
#11483 = ORIENTED_EDGE('',*,*,#11324,.F.);
#11484 = CYLINDRICAL_SURFACE('',#11485,0.299999999999);
#11485 = AXIS2_PLACEMENT_3D('',#11486,#11487,#11488);
#11486 = CARTESIAN_POINT('',(-0.525,-0.799999999999,0.688225399466));
#11487 = DIRECTION('',(1.,-3.669607353027E-16,0.));
#11488 = DIRECTION('',(0.,0.,-1.));
#11489 = ADVANCED_FACE('',(#11490),#11501,.F.);
#11490 = FACE_BOUND('',#11491,.T.);
#11491 = EDGE_LOOP('',(#11492,#11493,#11499,#11500));
#11492 = ORIENTED_EDGE('',*,*,#11316,.T.);
#11493 = ORIENTED_EDGE('',*,*,#11494,.F.);
#11494 = EDGE_CURVE('',#11103,#11308,#11495,.T.);
#11495 = LINE('',#11496,#11497);
#11496 = CARTESIAN_POINT('',(-0.525,-0.718654602222,1.103932744033));
#11497 = VECTOR('',#11498,1.);
#11498 = DIRECTION('',(1.,-3.669607353027E-16,0.));
#11499 = ORIENTED_EDGE('',*,*,#11102,.F.);
#11500 = ORIENTED_EDGE('',*,*,#11478,.T.);
#11501 = PLANE('',#11502);
#11502 = AXIS2_PLACEMENT_3D('',#11503,#11504,#11505);
#11503 = CARTESIAN_POINT('',(-0.525,-0.551345397777,0.856067255966));
#11504 = DIRECTION('',(3.041549188937E-16,0.828848674075,0.559472855001)
  );
#11505 = DIRECTION('',(-2.053045702532E-16,-0.559472855001,
    0.828848674075));
#11506 = ADVANCED_FACE('',(#11507),#11518,.T.);
#11507 = FACE_BOUND('',#11508,.T.);
#11508 = EDGE_LOOP('',(#11509,#11510,#11516,#11517));
#11509 = ORIENTED_EDGE('',*,*,#11307,.T.);
#11510 = ORIENTED_EDGE('',*,*,#11511,.F.);
#11511 = EDGE_CURVE('',#11111,#11300,#11512,.T.);
#11512 = LINE('',#11513,#11514);
#11513 = CARTESIAN_POINT('',(-0.525,-0.77,1.271774600533));
#11514 = VECTOR('',#11515,1.);
#11515 = DIRECTION('',(1.,-3.669607353027E-16,0.));
#11516 = ORIENTED_EDGE('',*,*,#11110,.F.);
#11517 = ORIENTED_EDGE('',*,*,#11494,.T.);
#11518 = CYLINDRICAL_SURFACE('',#11519,0.299999999999);
#11519 = AXIS2_PLACEMENT_3D('',#11520,#11521,#11522);
#11520 = CARTESIAN_POINT('',(-0.525,-0.47,1.271774600533));
#11521 = DIRECTION('',(1.,-3.669607353027E-16,0.));
#11522 = DIRECTION('',(0.,0.,-1.));
#11523 = ADVANCED_FACE('',(#11524),#11535,.F.);
#11524 = FACE_BOUND('',#11525,.T.);
#11525 = EDGE_LOOP('',(#11526,#11527,#11533,#11534));
#11526 = ORIENTED_EDGE('',*,*,#11299,.T.);
#11527 = ORIENTED_EDGE('',*,*,#11528,.F.);
#11528 = EDGE_CURVE('',#11120,#11291,#11529,.T.);
#11529 = LINE('',#11530,#11531);
#11530 = CARTESIAN_POINT('',(-0.525,-0.77,1.953753400942));
#11531 = VECTOR('',#11532,1.);
#11532 = DIRECTION('',(1.,-3.669607353027E-16,0.));
#11533 = ORIENTED_EDGE('',*,*,#11119,.F.);
#11534 = ORIENTED_EDGE('',*,*,#11511,.T.);
#11535 = PLANE('',#11536);
#11536 = AXIS2_PLACEMENT_3D('',#11537,#11538,#11539);
#11537 = CARTESIAN_POINT('',(-0.525,-0.77,1.271774600533));
#11538 = DIRECTION('',(3.669607353027E-16,1.,6.359154694171E-16));
#11539 = DIRECTION('',(-2.333560082477E-31,-6.359154694171E-16,1.));
#11540 = ADVANCED_FACE('',(#11541),#11547,.F.);
#11541 = FACE_BOUND('',#11542,.F.);
#11542 = EDGE_LOOP('',(#11543,#11544,#11545,#11546));
#11543 = ORIENTED_EDGE('',*,*,#11528,.F.);
#11544 = ORIENTED_EDGE('',*,*,#11127,.T.);
#11545 = ORIENTED_EDGE('',*,*,#11348,.T.);
#11546 = ORIENTED_EDGE('',*,*,#11290,.F.);
#11547 = CYLINDRICAL_SURFACE('',#11548,0.299999999999);
#11548 = AXIS2_PLACEMENT_3D('',#11549,#11550,#11551);
#11549 = CARTESIAN_POINT('',(-0.525,-1.07,1.953753400942));
#11550 = DIRECTION('',(1.,-3.669607353027E-16,0.));
#11551 = DIRECTION('',(0.,0.,-1.));
#11552 = ADVANCED_FACE('',(#11553),#11559,.T.);
#11553 = FACE_BOUND('',#11554,.T.);
#11554 = EDGE_LOOP('',(#11555,#11556,#11557,#11558));
#11555 = ORIENTED_EDGE('',*,*,#11202,.F.);
#11556 = ORIENTED_EDGE('',*,*,#11038,.T.);
#11557 = ORIENTED_EDGE('',*,*,#11216,.F.);
#11558 = ORIENTED_EDGE('',*,*,#11052,.F.);
#11559 = PLANE('',#11560);
#11560 = AXIS2_PLACEMENT_3D('',#11561,#11562,#11563);
#11561 = CARTESIAN_POINT('',(0.8,2.08934793656E-17,0.28));
#11562 = DIRECTION('',(0.,-7.340952209537E-17,-1.));
#11563 = DIRECTION('',(0.,-1.,7.340952209537E-17));
#11564 = ( GEOMETRIC_REPRESENTATION_CONTEXT(3) 
GLOBAL_UNCERTAINTY_ASSIGNED_CONTEXT((#11568)) 
GLOBAL_UNIT_ASSIGNED_CONTEXT((#11565,#11566,#11567)) 
REPRESENTATION_CONTEXT('Context #1',
  '3D Context with UNIT and UNCERTAINTY') );
#11565 = ( LENGTH_UNIT() NAMED_UNIT(*) SI_UNIT(.MILLI.,.METRE.) );
#11566 = ( NAMED_UNIT(*) PLANE_ANGLE_UNIT() SI_UNIT($,.RADIAN.) );
#11567 = ( NAMED_UNIT(*) SI_UNIT($,.STERADIAN.) SOLID_ANGLE_UNIT() );
#11568 = UNCERTAINTY_MEASURE_WITH_UNIT(LENGTH_MEASURE(1.E-07),#11565,
  'distance_accuracy_value','confusion accuracy');
#11569 = CONTEXT_DEPENDENT_SHAPE_REPRESENTATION(#11570,#11572);
#11570 = ( REPRESENTATION_RELATIONSHIP('','',#11005,#10) 
REPRESENTATION_RELATIONSHIP_WITH_TRANSFORMATION(#11571) 
SHAPE_REPRESENTATION_RELATIONSHIP() );
#11571 = ITEM_DEFINED_TRANSFORMATION('','',#11,#47);
#11572 = PRODUCT_DEFINITION_SHAPE('Placement','Placement of an item',
  #11573);
#11573 = NEXT_ASSEMBLY_USAGE_OCCURRENCE('9',
'CONN-SMD_HC-PBB08-2-08-M-H1.0-G1-R-P-04_1~CONN-SMD_
HC-PBB08-2-08-M-H1.0-G1-R-P-04_1~bmqH007','',#5,#11000,$);
#11574 = PRODUCT_RELATED_PRODUCT_CATEGORY('part',$,(#11002));
#11575 = SHAPE_DEFINITION_REPRESENTATION(#11576,#11582);
#11576 = PRODUCT_DEFINITION_SHAPE('','',#11577);
#11577 = PRODUCT_DEFINITION('design','',#11578,#11581);
#11578 = PRODUCT_DEFINITION_FORMATION('','',#11579);
#11579 = PRODUCT(
'CONN-SMD_HC-PBB08-2-08-M-H1.0-G1-R-P-04_1~CONN-SMD_
HC-PBB08-2-08-M-H1.0-G1-R-P-04_1~bmqH008',
'CONN-SMD_HC-PBB08-2-08-M-H1.0-G1-R-P-04_1~CONN-SMD_
HC-PBB08-2-08-M-H1.0-G1-R-P-04_1~bmqH008','',(#11580));
#11580 = PRODUCT_CONTEXT('',#2,'mechanical');
#11581 = PRODUCT_DEFINITION_CONTEXT('part definition',#2,'design');
#11582 = ADVANCED_BREP_SHAPE_REPRESENTATION('',(#11,#11583),#12141);
#11583 = MANIFOLD_SOLID_BREP('',#11584);
#11584 = CLOSED_SHELL('',(#11585,#11625,#11665,#11789,#11913,#11935,
    #11952,#11969,#11986,#12003,#12020,#12037,#12049,#12066,#12083,
    #12100,#12117,#12129));
#11585 = ADVANCED_FACE('',(#11586),#11620,.T.);
#11586 = FACE_BOUND('',#11587,.T.);
#11587 = EDGE_LOOP('',(#11588,#11598,#11606,#11614));
#11588 = ORIENTED_EDGE('',*,*,#11589,.T.);
#11589 = EDGE_CURVE('',#11590,#11592,#11594,.T.);
#11590 = VERTEX_POINT('',#11591);
#11591 = CARTESIAN_POINT('',(0.275,-0.25,0.28));
#11592 = VERTEX_POINT('',#11593);
#11593 = CARTESIAN_POINT('',(0.275,-0.25,0.688225399466));
#11594 = LINE('',#11595,#11596);
#11595 = CARTESIAN_POINT('',(0.275,-0.25,0.18));
#11596 = VECTOR('',#11597,1.);
#11597 = DIRECTION('',(0.,0.,1.));
#11598 = ORIENTED_EDGE('',*,*,#11599,.T.);
#11599 = EDGE_CURVE('',#11592,#11600,#11602,.T.);
#11600 = VERTEX_POINT('',#11601);
#11601 = CARTESIAN_POINT('',(0.525,-0.25,0.688225399466));
#11602 = LINE('',#11603,#11604);
#11603 = CARTESIAN_POINT('',(0.275,-0.25,0.688225399466));
#11604 = VECTOR('',#11605,1.);
#11605 = DIRECTION('',(1.,-3.669607353027E-16,0.));
#11606 = ORIENTED_EDGE('',*,*,#11607,.F.);
#11607 = EDGE_CURVE('',#11608,#11600,#11610,.T.);
#11608 = VERTEX_POINT('',#11609);
#11609 = CARTESIAN_POINT('',(0.525,-0.25,0.28));
#11610 = LINE('',#11611,#11612);
#11611 = CARTESIAN_POINT('',(0.525,-0.25,0.18));
#11612 = VECTOR('',#11613,1.);
#11613 = DIRECTION('',(0.,0.,1.));
#11614 = ORIENTED_EDGE('',*,*,#11615,.F.);
#11615 = EDGE_CURVE('',#11590,#11608,#11616,.T.);
#11616 = LINE('',#11617,#11618);
#11617 = CARTESIAN_POINT('',(0.275,-0.25,0.28));
#11618 = VECTOR('',#11619,1.);
#11619 = DIRECTION('',(1.,-3.669607353027E-16,2.693841220634E-32));
#11620 = PLANE('',#11621);
#11621 = AXIS2_PLACEMENT_3D('',#11622,#11623,#11624);
#11622 = CARTESIAN_POINT('',(0.275,-0.25,0.18));
#11623 = DIRECTION('',(3.669607353027E-16,1.,0.));
#11624 = DIRECTION('',(0.,-0.,1.));
#11625 = ADVANCED_FACE('',(#11626),#11660,.F.);
#11626 = FACE_BOUND('',#11627,.T.);
#11627 = EDGE_LOOP('',(#11628,#11638,#11646,#11654));
#11628 = ORIENTED_EDGE('',*,*,#11629,.T.);
#11629 = EDGE_CURVE('',#11630,#11632,#11634,.T.);
#11630 = VERTEX_POINT('',#11631);
#11631 = CARTESIAN_POINT('',(0.275,-0.5,0.28));
#11632 = VERTEX_POINT('',#11633);
#11633 = CARTESIAN_POINT('',(0.525,-0.5,0.279999999999));
#11634 = LINE('',#11635,#11636);
#11635 = CARTESIAN_POINT('',(0.275,-0.5,0.28));
#11636 = VECTOR('',#11637,1.);
#11637 = DIRECTION('',(1.,0.,0.));
#11638 = ORIENTED_EDGE('',*,*,#11639,.T.);
#11639 = EDGE_CURVE('',#11632,#11640,#11642,.T.);
#11640 = VERTEX_POINT('',#11641);
#11641 = CARTESIAN_POINT('',(0.525,-0.5,0.688225399466));
#11642 = LINE('',#11643,#11644);
#11643 = CARTESIAN_POINT('',(0.525,-0.5,0.18));
#11644 = VECTOR('',#11645,1.);
#11645 = DIRECTION('',(0.,0.,1.));
#11646 = ORIENTED_EDGE('',*,*,#11647,.F.);
#11647 = EDGE_CURVE('',#11648,#11640,#11650,.T.);
#11648 = VERTEX_POINT('',#11649);
#11649 = CARTESIAN_POINT('',(0.275,-0.5,0.688225399466));
#11650 = LINE('',#11651,#11652);
#11651 = CARTESIAN_POINT('',(0.275,-0.5,0.688225399466));
#11652 = VECTOR('',#11653,1.);
#11653 = DIRECTION('',(1.,-3.669607353027E-16,0.));
#11654 = ORIENTED_EDGE('',*,*,#11655,.F.);
#11655 = EDGE_CURVE('',#11630,#11648,#11656,.T.);
#11656 = LINE('',#11657,#11658);
#11657 = CARTESIAN_POINT('',(0.275,-0.5,0.18));
#11658 = VECTOR('',#11659,1.);
#11659 = DIRECTION('',(0.,0.,1.));
#11660 = PLANE('',#11661);
#11661 = AXIS2_PLACEMENT_3D('',#11662,#11663,#11664);
#11662 = CARTESIAN_POINT('',(0.275,-0.5,0.18));
#11663 = DIRECTION('',(3.669607353027E-16,1.,0.));
#11664 = DIRECTION('',(0.,-0.,1.));
#11665 = ADVANCED_FACE('',(#11666),#11784,.T.);
#11666 = FACE_BOUND('',#11667,.T.);
#11667 = EDGE_LOOP('',(#11668,#11669,#11678,#11686,#11695,#11703,#11712,
    #11720,#11728,#11736,#11745,#11753,#11762,#11770,#11777,#11778));
#11668 = ORIENTED_EDGE('',*,*,#11655,.T.);
#11669 = ORIENTED_EDGE('',*,*,#11670,.T.);
#11670 = EDGE_CURVE('',#11648,#11671,#11673,.T.);
#11671 = VERTEX_POINT('',#11672);
#11672 = CARTESIAN_POINT('',(0.275,-0.551345397777,0.856067255966));
#11673 = CIRCLE('',#11674,0.299999999999);
#11674 = AXIS2_PLACEMENT_3D('',#11675,#11676,#11677);
#11675 = CARTESIAN_POINT('',(0.275,-0.799999999999,0.688225399466));
#11676 = DIRECTION('',(1.,-3.669607353027E-16,0.));
#11677 = DIRECTION('',(0.,0.,-1.));
#11678 = ORIENTED_EDGE('',*,*,#11679,.T.);
#11679 = EDGE_CURVE('',#11671,#11680,#11682,.T.);
#11680 = VERTEX_POINT('',#11681);
#11681 = CARTESIAN_POINT('',(0.275,-0.718654602222,1.103932744033));
#11682 = LINE('',#11683,#11684);
#11683 = CARTESIAN_POINT('',(0.275,-0.551345397777,0.856067255966));
#11684 = VECTOR('',#11685,1.);
#11685 = DIRECTION('',(-2.053045702532E-16,-0.559472855001,
    0.828848674075));
#11686 = ORIENTED_EDGE('',*,*,#11687,.T.);
#11687 = EDGE_CURVE('',#11680,#11688,#11690,.T.);
#11688 = VERTEX_POINT('',#11689);
#11689 = CARTESIAN_POINT('',(0.275,-0.77,1.271774600533));
#11690 = CIRCLE('',#11691,0.299999999999);
#11691 = AXIS2_PLACEMENT_3D('',#11692,#11693,#11694);
#11692 = CARTESIAN_POINT('',(0.275,-0.47,1.271774600533));
#11693 = DIRECTION('',(-1.,3.669607353027E-16,0.));
#11694 = DIRECTION('',(0.,0.,1.));
#11695 = ORIENTED_EDGE('',*,*,#11696,.T.);
#11696 = EDGE_CURVE('',#11688,#11697,#11699,.T.);
#11697 = VERTEX_POINT('',#11698);
#11698 = CARTESIAN_POINT('',(0.275,-0.77,1.953753400942));
#11699 = LINE('',#11700,#11701);
#11700 = CARTESIAN_POINT('',(0.275,-0.77,1.271774600533));
#11701 = VECTOR('',#11702,1.);
#11702 = DIRECTION('',(-2.333560082477E-31,-6.359154694171E-16,1.));
#11703 = ORIENTED_EDGE('',*,*,#11704,.T.);
#11704 = EDGE_CURVE('',#11697,#11705,#11707,.T.);
#11705 = VERTEX_POINT('',#11706);
#11706 = CARTESIAN_POINT('',(0.275,-0.774557674096,2.005847854242));
#11707 = CIRCLE('',#11708,0.299999999999);
#11708 = AXIS2_PLACEMENT_3D('',#11709,#11710,#11711);
#11709 = CARTESIAN_POINT('',(0.274999999999,-1.07,1.953753400942));
#11710 = DIRECTION('',(1.,-3.669607353027E-16,0.));
#11711 = DIRECTION('',(0.,0.,-1.));
#11712 = ORIENTED_EDGE('',*,*,#11713,.T.);
#11713 = EDGE_CURVE('',#11705,#11714,#11716,.T.);
#11714 = VERTEX_POINT('',#11715);
#11715 = CARTESIAN_POINT('',(0.275,-0.8220944533,2.275442325903));
#11716 = LINE('',#11717,#11718);
#11717 = CARTESIAN_POINT('',(0.275,-0.774557674096,2.005847854242));
#11718 = VECTOR('',#11719,1.);
#11719 = DIRECTION('',(-6.372206296066E-17,-0.173648177666,
    0.984807753012));
#11720 = ORIENTED_EDGE('',*,*,#11721,.F.);
#11721 = EDGE_CURVE('',#11722,#11714,#11724,.T.);
#11722 = VERTEX_POINT('',#11723);
#11723 = CARTESIAN_POINT('',(0.275,-0.575892515047,2.31885437032));
#11724 = LINE('',#11725,#11726);
#11725 = CARTESIAN_POINT('',(0.275,-0.575892515047,2.31885437032));
#11726 = VECTOR('',#11727,1.);
#11727 = DIRECTION('',(-3.613857771773E-16,-0.984807753012,
    -0.173648177666));
#11728 = ORIENTED_EDGE('',*,*,#11729,.F.);
#11729 = EDGE_CURVE('',#11730,#11722,#11732,.T.);
#11730 = VERTEX_POINT('',#11731);
#11731 = CARTESIAN_POINT('',(0.275,-0.528355735843,2.049259898659));
#11732 = LINE('',#11733,#11734);
#11733 = CARTESIAN_POINT('',(0.275,-0.528355735843,2.049259898659));
#11734 = VECTOR('',#11735,1.);
#11735 = DIRECTION('',(-6.372206296066E-17,-0.173648177666,
    0.984807753012));
#11736 = ORIENTED_EDGE('',*,*,#11737,.F.);
#11737 = EDGE_CURVE('',#11738,#11730,#11740,.T.);
#11738 = VERTEX_POINT('',#11739);
#11739 = CARTESIAN_POINT('',(0.275,-0.52,1.953753400942));
#11740 = CIRCLE('',#11741,0.549999999999);
#11741 = AXIS2_PLACEMENT_3D('',#11742,#11743,#11744);
#11742 = CARTESIAN_POINT('',(0.274999999999,-1.07,1.953753400942));
#11743 = DIRECTION('',(1.,-3.669607353027E-16,0.));
#11744 = DIRECTION('',(-4.195610606008E-30,-1.143340472802E-14,1.));
#11745 = ORIENTED_EDGE('',*,*,#11746,.F.);
#11746 = EDGE_CURVE('',#11747,#11738,#11749,.T.);
#11747 = VERTEX_POINT('',#11748);
#11748 = CARTESIAN_POINT('',(0.275,-0.52,1.271774600533));
#11749 = LINE('',#11750,#11751);
#11750 = CARTESIAN_POINT('',(0.275,-0.52,1.271774600533));
#11751 = VECTOR('',#11752,1.);
#11752 = DIRECTION('',(-2.333560082477E-31,-6.359154694171E-16,1.));
#11753 = ORIENTED_EDGE('',*,*,#11754,.F.);
#11754 = EDGE_CURVE('',#11755,#11747,#11757,.T.);
#11755 = VERTEX_POINT('',#11756);
#11756 = CARTESIAN_POINT('',(0.275,-0.511442433703,1.243800957783));
#11757 = CIRCLE('',#11758,4.9999999999E-02);
#11758 = AXIS2_PLACEMENT_3D('',#11759,#11760,#11761);
#11759 = CARTESIAN_POINT('',(0.275,-0.47,1.271774600533));
#11760 = DIRECTION('',(-1.,3.669607353027E-16,0.));
#11761 = DIRECTION('',(0.,0.,1.));
#11762 = ORIENTED_EDGE('',*,*,#11763,.F.);
#11763 = EDGE_CURVE('',#11764,#11755,#11766,.T.);
#11764 = VERTEX_POINT('',#11765);
#11765 = CARTESIAN_POINT('',(0.275,-0.344133229258,0.995935469716));
#11766 = LINE('',#11767,#11768);
#11767 = CARTESIAN_POINT('',(0.275,-0.344133229258,0.995935469716));
#11768 = VECTOR('',#11769,1.);
#11769 = DIRECTION('',(-2.053045702532E-16,-0.559472855001,
    0.828848674075));
#11770 = ORIENTED_EDGE('',*,*,#11771,.F.);
#11771 = EDGE_CURVE('',#11592,#11764,#11772,.T.);
#11772 = CIRCLE('',#11773,0.55);
#11773 = AXIS2_PLACEMENT_3D('',#11774,#11775,#11776);
#11774 = CARTESIAN_POINT('',(0.275,-0.799999999999,0.688225399466));
#11775 = DIRECTION('',(1.,-3.669607353027E-16,0.));
#11776 = DIRECTION('',(2.604172100282E-30,7.096596038086E-15,1.));
#11777 = ORIENTED_EDGE('',*,*,#11589,.F.);
#11778 = ORIENTED_EDGE('',*,*,#11779,.T.);
#11779 = EDGE_CURVE('',#11590,#11630,#11780,.T.);
#11780 = LINE('',#11781,#11782);
#11781 = CARTESIAN_POINT('',(0.275,0.699999999999,0.28));
#11782 = VECTOR('',#11783,1.);
#11783 = DIRECTION('',(0.,-1.,7.340952209537E-17));
#11784 = PLANE('',#11785);
#11785 = AXIS2_PLACEMENT_3D('',#11786,#11787,#11788);
#11786 = CARTESIAN_POINT('',(0.274999999999,-1.07,1.953753400942));
#11787 = DIRECTION('',(-1.,3.669607353027E-16,0.));
#11788 = DIRECTION('',(0.,0.,1.));
#11789 = ADVANCED_FACE('',(#11790),#11908,.F.);
#11790 = FACE_BOUND('',#11791,.T.);
#11791 = EDGE_LOOP('',(#11792,#11798,#11799,#11808,#11816,#11825,#11833,
    #11842,#11850,#11858,#11866,#11875,#11883,#11892,#11900,#11907));
#11792 = ORIENTED_EDGE('',*,*,#11793,.T.);
#11793 = EDGE_CURVE('',#11632,#11608,#11794,.T.);
#11794 = LINE('',#11795,#11796);
#11795 = CARTESIAN_POINT('',(0.525,0.699999999999,0.28));
#11796 = VECTOR('',#11797,1.);
#11797 = DIRECTION('',(0.,1.,-7.340952209537E-17));
#11798 = ORIENTED_EDGE('',*,*,#11607,.T.);
#11799 = ORIENTED_EDGE('',*,*,#11800,.T.);
#11800 = EDGE_CURVE('',#11600,#11801,#11803,.T.);
#11801 = VERTEX_POINT('',#11802);
#11802 = CARTESIAN_POINT('',(0.525,-0.344133229258,0.995935469716));
#11803 = CIRCLE('',#11804,0.55);
#11804 = AXIS2_PLACEMENT_3D('',#11805,#11806,#11807);
#11805 = CARTESIAN_POINT('',(0.525,-0.799999999999,0.688225399466));
#11806 = DIRECTION('',(1.,-3.669607353027E-16,0.));
#11807 = DIRECTION('',(2.604172100282E-30,7.096596038086E-15,1.));
#11808 = ORIENTED_EDGE('',*,*,#11809,.T.);
#11809 = EDGE_CURVE('',#11801,#11810,#11812,.T.);
#11810 = VERTEX_POINT('',#11811);
#11811 = CARTESIAN_POINT('',(0.525,-0.511442433703,1.243800957783));
#11812 = LINE('',#11813,#11814);
#11813 = CARTESIAN_POINT('',(0.525,-0.344133229258,0.995935469716));
#11814 = VECTOR('',#11815,1.);
#11815 = DIRECTION('',(-2.053045702532E-16,-0.559472855001,
    0.828848674075));
#11816 = ORIENTED_EDGE('',*,*,#11817,.T.);
#11817 = EDGE_CURVE('',#11810,#11818,#11820,.T.);
#11818 = VERTEX_POINT('',#11819);
#11819 = CARTESIAN_POINT('',(0.525,-0.52,1.271774600533));
#11820 = CIRCLE('',#11821,4.9999999999E-02);
#11821 = AXIS2_PLACEMENT_3D('',#11822,#11823,#11824);
#11822 = CARTESIAN_POINT('',(0.525,-0.47,1.271774600533));
#11823 = DIRECTION('',(-1.,3.669607353027E-16,0.));
#11824 = DIRECTION('',(0.,0.,1.));
#11825 = ORIENTED_EDGE('',*,*,#11826,.T.);
#11826 = EDGE_CURVE('',#11818,#11827,#11829,.T.);
#11827 = VERTEX_POINT('',#11828);
#11828 = CARTESIAN_POINT('',(0.525,-0.52,1.953753400942));
#11829 = LINE('',#11830,#11831);
#11830 = CARTESIAN_POINT('',(0.525,-0.52,1.271774600533));
#11831 = VECTOR('',#11832,1.);
#11832 = DIRECTION('',(-2.333560082477E-31,-6.359154694171E-16,1.));
#11833 = ORIENTED_EDGE('',*,*,#11834,.T.);
#11834 = EDGE_CURVE('',#11827,#11835,#11837,.T.);
#11835 = VERTEX_POINT('',#11836);
#11836 = CARTESIAN_POINT('',(0.525,-0.528355735843,2.049259898659));
#11837 = CIRCLE('',#11838,0.549999999999);
#11838 = AXIS2_PLACEMENT_3D('',#11839,#11840,#11841);
#11839 = CARTESIAN_POINT('',(0.524999999999,-1.07,1.953753400942));
#11840 = DIRECTION('',(1.,-3.669607353027E-16,0.));
#11841 = DIRECTION('',(-4.195610606008E-30,-1.143340472802E-14,1.));
#11842 = ORIENTED_EDGE('',*,*,#11843,.T.);
#11843 = EDGE_CURVE('',#11835,#11844,#11846,.T.);
#11844 = VERTEX_POINT('',#11845);
#11845 = CARTESIAN_POINT('',(0.525,-0.575892515047,2.31885437032));
#11846 = LINE('',#11847,#11848);
#11847 = CARTESIAN_POINT('',(0.525,-0.528355735843,2.049259898659));
#11848 = VECTOR('',#11849,1.);
#11849 = DIRECTION('',(-6.372206296066E-17,-0.173648177666,
    0.984807753012));
#11850 = ORIENTED_EDGE('',*,*,#11851,.T.);
#11851 = EDGE_CURVE('',#11844,#11852,#11854,.T.);
#11852 = VERTEX_POINT('',#11853);
#11853 = CARTESIAN_POINT('',(0.525,-0.8220944533,2.275442325903));
#11854 = LINE('',#11855,#11856);
#11855 = CARTESIAN_POINT('',(0.525,-0.575892515047,2.31885437032));
#11856 = VECTOR('',#11857,1.);
#11857 = DIRECTION('',(-3.613857771773E-16,-0.984807753012,
    -0.173648177666));
#11858 = ORIENTED_EDGE('',*,*,#11859,.F.);
#11859 = EDGE_CURVE('',#11860,#11852,#11862,.T.);
#11860 = VERTEX_POINT('',#11861);
#11861 = CARTESIAN_POINT('',(0.525,-0.774557674096,2.005847854242));
#11862 = LINE('',#11863,#11864);
#11863 = CARTESIAN_POINT('',(0.525,-0.774557674096,2.005847854242));
#11864 = VECTOR('',#11865,1.);
#11865 = DIRECTION('',(-6.372206296066E-17,-0.173648177666,
    0.984807753012));
#11866 = ORIENTED_EDGE('',*,*,#11867,.F.);
#11867 = EDGE_CURVE('',#11868,#11860,#11870,.T.);
#11868 = VERTEX_POINT('',#11869);
#11869 = CARTESIAN_POINT('',(0.525,-0.77,1.953753400942));
#11870 = CIRCLE('',#11871,0.299999999999);
#11871 = AXIS2_PLACEMENT_3D('',#11872,#11873,#11874);
#11872 = CARTESIAN_POINT('',(0.524999999999,-1.07,1.953753400942));
#11873 = DIRECTION('',(1.,-3.669607353027E-16,0.));
#11874 = DIRECTION('',(0.,0.,-1.));
#11875 = ORIENTED_EDGE('',*,*,#11876,.F.);
#11876 = EDGE_CURVE('',#11877,#11868,#11879,.T.);
#11877 = VERTEX_POINT('',#11878);
#11878 = CARTESIAN_POINT('',(0.525,-0.77,1.271774600533));
#11879 = LINE('',#11880,#11881);
#11880 = CARTESIAN_POINT('',(0.525,-0.77,1.271774600533));
#11881 = VECTOR('',#11882,1.);
#11882 = DIRECTION('',(-2.333560082477E-31,-6.359154694171E-16,1.));
#11883 = ORIENTED_EDGE('',*,*,#11884,.F.);
#11884 = EDGE_CURVE('',#11885,#11877,#11887,.T.);
#11885 = VERTEX_POINT('',#11886);
#11886 = CARTESIAN_POINT('',(0.525,-0.718654602222,1.103932744033));
#11887 = CIRCLE('',#11888,0.299999999999);
#11888 = AXIS2_PLACEMENT_3D('',#11889,#11890,#11891);
#11889 = CARTESIAN_POINT('',(0.525,-0.47,1.271774600533));
#11890 = DIRECTION('',(-1.,3.669607353027E-16,0.));
#11891 = DIRECTION('',(0.,0.,1.));
#11892 = ORIENTED_EDGE('',*,*,#11893,.F.);
#11893 = EDGE_CURVE('',#11894,#11885,#11896,.T.);
#11894 = VERTEX_POINT('',#11895);
#11895 = CARTESIAN_POINT('',(0.525,-0.551345397777,0.856067255966));
#11896 = LINE('',#11897,#11898);
#11897 = CARTESIAN_POINT('',(0.525,-0.551345397777,0.856067255966));
#11898 = VECTOR('',#11899,1.);
#11899 = DIRECTION('',(-2.053045702532E-16,-0.559472855001,
    0.828848674075));
#11900 = ORIENTED_EDGE('',*,*,#11901,.F.);
#11901 = EDGE_CURVE('',#11640,#11894,#11902,.T.);
#11902 = CIRCLE('',#11903,0.299999999999);
#11903 = AXIS2_PLACEMENT_3D('',#11904,#11905,#11906);
#11904 = CARTESIAN_POINT('',(0.525,-0.799999999999,0.688225399466));
#11905 = DIRECTION('',(1.,-3.669607353027E-16,0.));
#11906 = DIRECTION('',(0.,0.,-1.));
#11907 = ORIENTED_EDGE('',*,*,#11639,.F.);
#11908 = PLANE('',#11909);
#11909 = AXIS2_PLACEMENT_3D('',#11910,#11911,#11912);
#11910 = CARTESIAN_POINT('',(0.524999999999,-1.07,1.953753400942));
#11911 = DIRECTION('',(-1.,3.669607353027E-16,0.));
#11912 = DIRECTION('',(0.,0.,1.));
#11913 = ADVANCED_FACE('',(#11914),#11930,.F.);
#11914 = FACE_BOUND('',#11915,.T.);
#11915 = EDGE_LOOP('',(#11916,#11917,#11923,#11924));
#11916 = ORIENTED_EDGE('',*,*,#11859,.T.);
#11917 = ORIENTED_EDGE('',*,*,#11918,.F.);
#11918 = EDGE_CURVE('',#11714,#11852,#11919,.T.);
#11919 = LINE('',#11920,#11921);
#11920 = CARTESIAN_POINT('',(0.275,-0.8220944533,2.275442325903));
#11921 = VECTOR('',#11922,1.);
#11922 = DIRECTION('',(1.,-3.669607353027E-16,0.));
#11923 = ORIENTED_EDGE('',*,*,#11713,.F.);
#11924 = ORIENTED_EDGE('',*,*,#11925,.T.);
#11925 = EDGE_CURVE('',#11705,#11860,#11926,.T.);
#11926 = LINE('',#11927,#11928);
#11927 = CARTESIAN_POINT('',(0.275,-0.774557674096,2.005847854242));
#11928 = VECTOR('',#11929,1.);
#11929 = DIRECTION('',(1.,-3.669607353027E-16,0.));
#11930 = PLANE('',#11931);
#11931 = AXIS2_PLACEMENT_3D('',#11932,#11933,#11934);
#11932 = CARTESIAN_POINT('',(0.275,-0.774557674096,2.005847854242));
#11933 = DIRECTION('',(3.613857771773E-16,0.984807753012,0.173648177666)
  );
#11934 = DIRECTION('',(-6.372206296066E-17,-0.173648177666,
    0.984807753012));
#11935 = ADVANCED_FACE('',(#11936),#11947,.T.);
#11936 = FACE_BOUND('',#11937,.T.);
#11937 = EDGE_LOOP('',(#11938,#11939,#11945,#11946));
#11938 = ORIENTED_EDGE('',*,*,#11851,.F.);
#11939 = ORIENTED_EDGE('',*,*,#11940,.F.);
#11940 = EDGE_CURVE('',#11722,#11844,#11941,.T.);
#11941 = LINE('',#11942,#11943);
#11942 = CARTESIAN_POINT('',(0.275,-0.575892515047,2.31885437032));
#11943 = VECTOR('',#11944,1.);
#11944 = DIRECTION('',(1.,-3.669607353027E-16,0.));
#11945 = ORIENTED_EDGE('',*,*,#11721,.T.);
#11946 = ORIENTED_EDGE('',*,*,#11918,.T.);
#11947 = PLANE('',#11948);
#11948 = AXIS2_PLACEMENT_3D('',#11949,#11950,#11951);
#11949 = CARTESIAN_POINT('',(0.275,-0.575892515047,2.31885437032));
#11950 = DIRECTION('',(-6.372206296066E-17,-0.173648177666,
    0.984807753012));
#11951 = DIRECTION('',(-3.613857771773E-16,-0.984807753012,
    -0.173648177666));
#11952 = ADVANCED_FACE('',(#11953),#11964,.T.);
#11953 = FACE_BOUND('',#11954,.T.);
#11954 = EDGE_LOOP('',(#11955,#11956,#11962,#11963));
#11955 = ORIENTED_EDGE('',*,*,#11843,.F.);
#11956 = ORIENTED_EDGE('',*,*,#11957,.F.);
#11957 = EDGE_CURVE('',#11730,#11835,#11958,.T.);
#11958 = LINE('',#11959,#11960);
#11959 = CARTESIAN_POINT('',(0.275,-0.528355735843,2.049259898659));
#11960 = VECTOR('',#11961,1.);
#11961 = DIRECTION('',(1.,-3.669607353027E-16,0.));
#11962 = ORIENTED_EDGE('',*,*,#11729,.T.);
#11963 = ORIENTED_EDGE('',*,*,#11940,.T.);
#11964 = PLANE('',#11965);
#11965 = AXIS2_PLACEMENT_3D('',#11966,#11967,#11968);
#11966 = CARTESIAN_POINT('',(0.275,-0.528355735843,2.049259898659));
#11967 = DIRECTION('',(3.613857771773E-16,0.984807753012,0.173648177666)
  );
#11968 = DIRECTION('',(-6.372206296066E-17,-0.173648177666,
    0.984807753012));
#11969 = ADVANCED_FACE('',(#11970),#11981,.T.);
#11970 = FACE_BOUND('',#11971,.T.);
#11971 = EDGE_LOOP('',(#11972,#11973,#11979,#11980));
#11972 = ORIENTED_EDGE('',*,*,#11834,.F.);
#11973 = ORIENTED_EDGE('',*,*,#11974,.F.);
#11974 = EDGE_CURVE('',#11738,#11827,#11975,.T.);
#11975 = LINE('',#11976,#11977);
#11976 = CARTESIAN_POINT('',(0.275,-0.52,1.953753400942));
#11977 = VECTOR('',#11978,1.);
#11978 = DIRECTION('',(1.,-3.669607353027E-16,0.));
#11979 = ORIENTED_EDGE('',*,*,#11737,.T.);
#11980 = ORIENTED_EDGE('',*,*,#11957,.T.);
#11981 = CYLINDRICAL_SURFACE('',#11982,0.549999999999);
#11982 = AXIS2_PLACEMENT_3D('',#11983,#11984,#11985);
#11983 = CARTESIAN_POINT('',(0.274999999999,-1.07,1.953753400942));
#11984 = DIRECTION('',(1.,-3.669607353027E-16,0.));
#11985 = DIRECTION('',(0.,0.,-1.));
#11986 = ADVANCED_FACE('',(#11987),#11998,.T.);
#11987 = FACE_BOUND('',#11988,.T.);
#11988 = EDGE_LOOP('',(#11989,#11990,#11996,#11997));
#11989 = ORIENTED_EDGE('',*,*,#11826,.F.);
#11990 = ORIENTED_EDGE('',*,*,#11991,.F.);
#11991 = EDGE_CURVE('',#11747,#11818,#11992,.T.);
#11992 = LINE('',#11993,#11994);
#11993 = CARTESIAN_POINT('',(0.275,-0.52,1.271774600533));
#11994 = VECTOR('',#11995,1.);
#11995 = DIRECTION('',(1.,-3.669607353027E-16,0.));
#11996 = ORIENTED_EDGE('',*,*,#11746,.T.);
#11997 = ORIENTED_EDGE('',*,*,#11974,.T.);
#11998 = PLANE('',#11999);
#11999 = AXIS2_PLACEMENT_3D('',#12000,#12001,#12002);
#12000 = CARTESIAN_POINT('',(0.275,-0.52,1.271774600533));
#12001 = DIRECTION('',(3.669607353027E-16,1.,6.359154694171E-16));
#12002 = DIRECTION('',(-2.333560082477E-31,-6.359154694171E-16,1.));
#12003 = ADVANCED_FACE('',(#12004),#12015,.F.);
#12004 = FACE_BOUND('',#12005,.F.);
#12005 = EDGE_LOOP('',(#12006,#12007,#12008,#12014));
#12006 = ORIENTED_EDGE('',*,*,#11991,.F.);
#12007 = ORIENTED_EDGE('',*,*,#11754,.F.);
#12008 = ORIENTED_EDGE('',*,*,#12009,.T.);
#12009 = EDGE_CURVE('',#11755,#11810,#12010,.T.);
#12010 = LINE('',#12011,#12012);
#12011 = CARTESIAN_POINT('',(0.275,-0.511442433703,1.243800957783));
#12012 = VECTOR('',#12013,1.);
#12013 = DIRECTION('',(1.,-3.669607353027E-16,0.));
#12014 = ORIENTED_EDGE('',*,*,#11817,.T.);
#12015 = CYLINDRICAL_SURFACE('',#12016,4.9999999999E-02);
#12016 = AXIS2_PLACEMENT_3D('',#12017,#12018,#12019);
#12017 = CARTESIAN_POINT('',(0.275,-0.47,1.271774600533));
#12018 = DIRECTION('',(1.,-3.669607353027E-16,0.));
#12019 = DIRECTION('',(0.,0.,-1.));
#12020 = ADVANCED_FACE('',(#12021),#12032,.T.);
#12021 = FACE_BOUND('',#12022,.T.);
#12022 = EDGE_LOOP('',(#12023,#12024,#12030,#12031));
#12023 = ORIENTED_EDGE('',*,*,#11809,.F.);
#12024 = ORIENTED_EDGE('',*,*,#12025,.F.);
#12025 = EDGE_CURVE('',#11764,#11801,#12026,.T.);
#12026 = LINE('',#12027,#12028);
#12027 = CARTESIAN_POINT('',(0.275,-0.344133229258,0.995935469716));
#12028 = VECTOR('',#12029,1.);
#12029 = DIRECTION('',(1.,-3.669607353027E-16,0.));
#12030 = ORIENTED_EDGE('',*,*,#11763,.T.);
#12031 = ORIENTED_EDGE('',*,*,#12009,.T.);
#12032 = PLANE('',#12033);
#12033 = AXIS2_PLACEMENT_3D('',#12034,#12035,#12036);
#12034 = CARTESIAN_POINT('',(0.275,-0.344133229258,0.995935469716));
#12035 = DIRECTION('',(3.041549188937E-16,0.828848674075,0.559472855001)
  );
#12036 = DIRECTION('',(-2.053045702532E-16,-0.559472855001,
    0.828848674075));
#12037 = ADVANCED_FACE('',(#12038),#12044,.T.);
#12038 = FACE_BOUND('',#12039,.T.);
#12039 = EDGE_LOOP('',(#12040,#12041,#12042,#12043));
#12040 = ORIENTED_EDGE('',*,*,#11800,.F.);
#12041 = ORIENTED_EDGE('',*,*,#11599,.F.);
#12042 = ORIENTED_EDGE('',*,*,#11771,.T.);
#12043 = ORIENTED_EDGE('',*,*,#12025,.T.);
#12044 = CYLINDRICAL_SURFACE('',#12045,0.549999999999);
#12045 = AXIS2_PLACEMENT_3D('',#12046,#12047,#12048);
#12046 = CARTESIAN_POINT('',(0.275,-0.799999999999,0.688225399466));
#12047 = DIRECTION('',(1.,-3.669607353027E-16,0.));
#12048 = DIRECTION('',(0.,0.,-1.));
#12049 = ADVANCED_FACE('',(#12050),#12061,.F.);
#12050 = FACE_BOUND('',#12051,.F.);
#12051 = EDGE_LOOP('',(#12052,#12053,#12054,#12060));
#12052 = ORIENTED_EDGE('',*,*,#11647,.F.);
#12053 = ORIENTED_EDGE('',*,*,#11670,.T.);
#12054 = ORIENTED_EDGE('',*,*,#12055,.T.);
#12055 = EDGE_CURVE('',#11671,#11894,#12056,.T.);
#12056 = LINE('',#12057,#12058);
#12057 = CARTESIAN_POINT('',(0.275,-0.551345397777,0.856067255966));
#12058 = VECTOR('',#12059,1.);
#12059 = DIRECTION('',(1.,-3.669607353027E-16,0.));
#12060 = ORIENTED_EDGE('',*,*,#11901,.F.);
#12061 = CYLINDRICAL_SURFACE('',#12062,0.299999999999);
#12062 = AXIS2_PLACEMENT_3D('',#12063,#12064,#12065);
#12063 = CARTESIAN_POINT('',(0.275,-0.799999999999,0.688225399466));
#12064 = DIRECTION('',(1.,-3.669607353027E-16,0.));
#12065 = DIRECTION('',(0.,0.,-1.));
#12066 = ADVANCED_FACE('',(#12067),#12078,.F.);
#12067 = FACE_BOUND('',#12068,.T.);
#12068 = EDGE_LOOP('',(#12069,#12070,#12076,#12077));
#12069 = ORIENTED_EDGE('',*,*,#11893,.T.);
#12070 = ORIENTED_EDGE('',*,*,#12071,.F.);
#12071 = EDGE_CURVE('',#11680,#11885,#12072,.T.);
#12072 = LINE('',#12073,#12074);
#12073 = CARTESIAN_POINT('',(0.275,-0.718654602222,1.103932744033));
#12074 = VECTOR('',#12075,1.);
#12075 = DIRECTION('',(1.,-3.669607353027E-16,0.));
#12076 = ORIENTED_EDGE('',*,*,#11679,.F.);
#12077 = ORIENTED_EDGE('',*,*,#12055,.T.);
#12078 = PLANE('',#12079);
#12079 = AXIS2_PLACEMENT_3D('',#12080,#12081,#12082);
#12080 = CARTESIAN_POINT('',(0.275,-0.551345397777,0.856067255966));
#12081 = DIRECTION('',(3.041549188937E-16,0.828848674075,0.559472855001)
  );
#12082 = DIRECTION('',(-2.053045702532E-16,-0.559472855001,
    0.828848674075));
#12083 = ADVANCED_FACE('',(#12084),#12095,.T.);
#12084 = FACE_BOUND('',#12085,.T.);
#12085 = EDGE_LOOP('',(#12086,#12087,#12093,#12094));
#12086 = ORIENTED_EDGE('',*,*,#11884,.T.);
#12087 = ORIENTED_EDGE('',*,*,#12088,.F.);
#12088 = EDGE_CURVE('',#11688,#11877,#12089,.T.);
#12089 = LINE('',#12090,#12091);
#12090 = CARTESIAN_POINT('',(0.275,-0.77,1.271774600533));
#12091 = VECTOR('',#12092,1.);
#12092 = DIRECTION('',(1.,-3.669607353027E-16,0.));
#12093 = ORIENTED_EDGE('',*,*,#11687,.F.);
#12094 = ORIENTED_EDGE('',*,*,#12071,.T.);
#12095 = CYLINDRICAL_SURFACE('',#12096,0.299999999999);
#12096 = AXIS2_PLACEMENT_3D('',#12097,#12098,#12099);
#12097 = CARTESIAN_POINT('',(0.275,-0.47,1.271774600533));
#12098 = DIRECTION('',(1.,-3.669607353027E-16,0.));
#12099 = DIRECTION('',(0.,0.,-1.));
#12100 = ADVANCED_FACE('',(#12101),#12112,.F.);
#12101 = FACE_BOUND('',#12102,.T.);
#12102 = EDGE_LOOP('',(#12103,#12104,#12110,#12111));
#12103 = ORIENTED_EDGE('',*,*,#11876,.T.);
#12104 = ORIENTED_EDGE('',*,*,#12105,.F.);
#12105 = EDGE_CURVE('',#11697,#11868,#12106,.T.);
#12106 = LINE('',#12107,#12108);
#12107 = CARTESIAN_POINT('',(0.275,-0.77,1.953753400942));
#12108 = VECTOR('',#12109,1.);
#12109 = DIRECTION('',(1.,-3.669607353027E-16,0.));
#12110 = ORIENTED_EDGE('',*,*,#11696,.F.);
#12111 = ORIENTED_EDGE('',*,*,#12088,.T.);
#12112 = PLANE('',#12113);
#12113 = AXIS2_PLACEMENT_3D('',#12114,#12115,#12116);
#12114 = CARTESIAN_POINT('',(0.275,-0.77,1.271774600533));
#12115 = DIRECTION('',(3.669607353027E-16,1.,6.359154694171E-16));
#12116 = DIRECTION('',(-2.333560082477E-31,-6.359154694171E-16,1.));
#12117 = ADVANCED_FACE('',(#12118),#12124,.F.);
#12118 = FACE_BOUND('',#12119,.F.);
#12119 = EDGE_LOOP('',(#12120,#12121,#12122,#12123));
#12120 = ORIENTED_EDGE('',*,*,#12105,.F.);
#12121 = ORIENTED_EDGE('',*,*,#11704,.T.);
#12122 = ORIENTED_EDGE('',*,*,#11925,.T.);
#12123 = ORIENTED_EDGE('',*,*,#11867,.F.);
#12124 = CYLINDRICAL_SURFACE('',#12125,0.299999999999);
#12125 = AXIS2_PLACEMENT_3D('',#12126,#12127,#12128);
#12126 = CARTESIAN_POINT('',(0.274999999999,-1.07,1.953753400942));
#12127 = DIRECTION('',(1.,-3.669607353027E-16,0.));
#12128 = DIRECTION('',(0.,0.,-1.));
#12129 = ADVANCED_FACE('',(#12130),#12136,.T.);
#12130 = FACE_BOUND('',#12131,.T.);
#12131 = EDGE_LOOP('',(#12132,#12133,#12134,#12135));
#12132 = ORIENTED_EDGE('',*,*,#11779,.F.);
#12133 = ORIENTED_EDGE('',*,*,#11615,.T.);
#12134 = ORIENTED_EDGE('',*,*,#11793,.F.);
#12135 = ORIENTED_EDGE('',*,*,#11629,.F.);
#12136 = PLANE('',#12137);
#12137 = AXIS2_PLACEMENT_3D('',#12138,#12139,#12140);
#12138 = CARTESIAN_POINT('',(1.6,2.08934793656E-17,0.28));
#12139 = DIRECTION('',(0.,-7.340952209537E-17,-1.));
#12140 = DIRECTION('',(0.,-1.,7.340952209537E-17));
#12141 = ( GEOMETRIC_REPRESENTATION_CONTEXT(3) 
GLOBAL_UNCERTAINTY_ASSIGNED_CONTEXT((#12145)) 
GLOBAL_UNIT_ASSIGNED_CONTEXT((#12142,#12143,#12144)) 
REPRESENTATION_CONTEXT('Context #1',
  '3D Context with UNIT and UNCERTAINTY') );
#12142 = ( LENGTH_UNIT() NAMED_UNIT(*) SI_UNIT(.MILLI.,.METRE.) );
#12143 = ( NAMED_UNIT(*) PLANE_ANGLE_UNIT() SI_UNIT($,.RADIAN.) );
#12144 = ( NAMED_UNIT(*) SI_UNIT($,.STERADIAN.) SOLID_ANGLE_UNIT() );
#12145 = UNCERTAINTY_MEASURE_WITH_UNIT(LENGTH_MEASURE(1.E-07),#12142,
  'distance_accuracy_value','confusion accuracy');
#12146 = CONTEXT_DEPENDENT_SHAPE_REPRESENTATION(#12147,#12149);
#12147 = ( REPRESENTATION_RELATIONSHIP('','',#11582,#10) 
REPRESENTATION_RELATIONSHIP_WITH_TRANSFORMATION(#12148) 
SHAPE_REPRESENTATION_RELATIONSHIP() );
#12148 = ITEM_DEFINED_TRANSFORMATION('','',#11,#51);
#12149 = PRODUCT_DEFINITION_SHAPE('Placement','Placement of an item',
  #12150);
#12150 = NEXT_ASSEMBLY_USAGE_OCCURRENCE('10',
'CONN-SMD_HC-PBB08-2-08-M-H1.0-G1-R-P-04_1~CONN-SMD_
HC-PBB08-2-08-M-H1.0-G1-R-P-04_1~bmqH008','',#5,#11577,$);
#12151 = PRODUCT_RELATED_PRODUCT_CATEGORY('part',$,(#11579));
#12152 = SHAPE_DEFINITION_REPRESENTATION(#12153,#12159);
#12153 = PRODUCT_DEFINITION_SHAPE('','',#12154);
#12154 = PRODUCT_DEFINITION('design','',#12155,#12158);
#12155 = PRODUCT_DEFINITION_FORMATION('','',#12156);
#12156 = PRODUCT(
'CONN-SMD_HC-PBB08-2-08-M-H1.0-G1-R-P-04_1~CONN-SMD_
HC-PBB08-2-08-M-H1.0-G1-R-P-04_1~bmqH009',
'CONN-SMD_HC-PBB08-2-08-M-H1.0-G1-R-P-04_1~CONN-SMD_
HC-PBB08-2-08-M-H1.0-G1-R-P-04_1~bmqH009','',(#12157));
#12157 = PRODUCT_CONTEXT('',#2,'mechanical');
#12158 = PRODUCT_DEFINITION_CONTEXT('part definition',#2,'design');
#12159 = ADVANCED_BREP_SHAPE_REPRESENTATION('',(#11,#12160),#12718);
#12160 = MANIFOLD_SOLID_BREP('',#12161);
#12161 = CLOSED_SHELL('',(#12162,#12202,#12242,#12366,#12490,#12512,
    #12529,#12546,#12563,#12580,#12597,#12614,#12626,#12643,#12660,
    #12677,#12694,#12706));
#12162 = ADVANCED_FACE('',(#12163),#12197,.T.);
#12163 = FACE_BOUND('',#12164,.T.);
#12164 = EDGE_LOOP('',(#12165,#12175,#12183,#12191));
#12165 = ORIENTED_EDGE('',*,*,#12166,.T.);
#12166 = EDGE_CURVE('',#12167,#12169,#12171,.T.);
#12167 = VERTEX_POINT('',#12168);
#12168 = CARTESIAN_POINT('',(1.075,-0.25,0.28));
#12169 = VERTEX_POINT('',#12170);
#12170 = CARTESIAN_POINT('',(1.075,-0.25,0.688225399466));
#12171 = LINE('',#12172,#12173);
#12172 = CARTESIAN_POINT('',(1.075,-0.25,0.18));
#12173 = VECTOR('',#12174,1.);
#12174 = DIRECTION('',(0.,0.,1.));
#12175 = ORIENTED_EDGE('',*,*,#12176,.T.);
#12176 = EDGE_CURVE('',#12169,#12177,#12179,.T.);
#12177 = VERTEX_POINT('',#12178);
#12178 = CARTESIAN_POINT('',(1.325,-0.25,0.688225399466));
#12179 = LINE('',#12180,#12181);
#12180 = CARTESIAN_POINT('',(1.075,-0.25,0.688225399466));
#12181 = VECTOR('',#12182,1.);
#12182 = DIRECTION('',(1.,-3.669607353027E-16,0.));
#12183 = ORIENTED_EDGE('',*,*,#12184,.F.);
#12184 = EDGE_CURVE('',#12185,#12177,#12187,.T.);
#12185 = VERTEX_POINT('',#12186);
#12186 = CARTESIAN_POINT('',(1.325,-0.25,0.28));
#12187 = LINE('',#12188,#12189);
#12188 = CARTESIAN_POINT('',(1.325,-0.25,0.18));
#12189 = VECTOR('',#12190,1.);
#12190 = DIRECTION('',(0.,0.,1.));
#12191 = ORIENTED_EDGE('',*,*,#12192,.F.);
#12192 = EDGE_CURVE('',#12167,#12185,#12193,.T.);
#12193 = LINE('',#12194,#12195);
#12194 = CARTESIAN_POINT('',(1.075,-0.25,0.28));
#12195 = VECTOR('',#12196,1.);
#12196 = DIRECTION('',(1.,-3.669607353027E-16,2.693841220634E-32));
#12197 = PLANE('',#12198);
#12198 = AXIS2_PLACEMENT_3D('',#12199,#12200,#12201);
#12199 = CARTESIAN_POINT('',(1.075,-0.25,0.18));
#12200 = DIRECTION('',(3.669607353027E-16,1.,0.));
#12201 = DIRECTION('',(0.,-0.,1.));
#12202 = ADVANCED_FACE('',(#12203),#12237,.F.);
#12203 = FACE_BOUND('',#12204,.T.);
#12204 = EDGE_LOOP('',(#12205,#12215,#12223,#12231));
#12205 = ORIENTED_EDGE('',*,*,#12206,.T.);
#12206 = EDGE_CURVE('',#12207,#12209,#12211,.T.);
#12207 = VERTEX_POINT('',#12208);
#12208 = CARTESIAN_POINT('',(1.075,-0.5,0.28));
#12209 = VERTEX_POINT('',#12210);
#12210 = CARTESIAN_POINT('',(1.325,-0.5,0.279999999999));
#12211 = LINE('',#12212,#12213);
#12212 = CARTESIAN_POINT('',(1.075,-0.5,0.28));
#12213 = VECTOR('',#12214,1.);
#12214 = DIRECTION('',(1.,0.,0.));
#12215 = ORIENTED_EDGE('',*,*,#12216,.T.);
#12216 = EDGE_CURVE('',#12209,#12217,#12219,.T.);
#12217 = VERTEX_POINT('',#12218);
#12218 = CARTESIAN_POINT('',(1.325,-0.5,0.688225399466));
#12219 = LINE('',#12220,#12221);
#12220 = CARTESIAN_POINT('',(1.325,-0.5,0.18));
#12221 = VECTOR('',#12222,1.);
#12222 = DIRECTION('',(0.,0.,1.));
#12223 = ORIENTED_EDGE('',*,*,#12224,.F.);
#12224 = EDGE_CURVE('',#12225,#12217,#12227,.T.);
#12225 = VERTEX_POINT('',#12226);
#12226 = CARTESIAN_POINT('',(1.075,-0.5,0.688225399466));
#12227 = LINE('',#12228,#12229);
#12228 = CARTESIAN_POINT('',(1.075,-0.5,0.688225399466));
#12229 = VECTOR('',#12230,1.);
#12230 = DIRECTION('',(1.,-3.669607353027E-16,0.));
#12231 = ORIENTED_EDGE('',*,*,#12232,.F.);
#12232 = EDGE_CURVE('',#12207,#12225,#12233,.T.);
#12233 = LINE('',#12234,#12235);
#12234 = CARTESIAN_POINT('',(1.075,-0.5,0.18));
#12235 = VECTOR('',#12236,1.);
#12236 = DIRECTION('',(0.,0.,1.));
#12237 = PLANE('',#12238);
#12238 = AXIS2_PLACEMENT_3D('',#12239,#12240,#12241);
#12239 = CARTESIAN_POINT('',(1.075,-0.5,0.18));
#12240 = DIRECTION('',(3.669607353027E-16,1.,0.));
#12241 = DIRECTION('',(0.,-0.,1.));
#12242 = ADVANCED_FACE('',(#12243),#12361,.T.);
#12243 = FACE_BOUND('',#12244,.T.);
#12244 = EDGE_LOOP('',(#12245,#12246,#12255,#12263,#12272,#12280,#12289,
    #12297,#12305,#12313,#12322,#12330,#12339,#12347,#12354,#12355));
#12245 = ORIENTED_EDGE('',*,*,#12232,.T.);
#12246 = ORIENTED_EDGE('',*,*,#12247,.T.);
#12247 = EDGE_CURVE('',#12225,#12248,#12250,.T.);
#12248 = VERTEX_POINT('',#12249);
#12249 = CARTESIAN_POINT('',(1.075,-0.551345397777,0.856067255966));
#12250 = CIRCLE('',#12251,0.299999999999);
#12251 = AXIS2_PLACEMENT_3D('',#12252,#12253,#12254);
#12252 = CARTESIAN_POINT('',(1.075,-0.799999999999,0.688225399466));
#12253 = DIRECTION('',(1.,-3.669607353027E-16,0.));
#12254 = DIRECTION('',(0.,0.,-1.));
#12255 = ORIENTED_EDGE('',*,*,#12256,.T.);
#12256 = EDGE_CURVE('',#12248,#12257,#12259,.T.);
#12257 = VERTEX_POINT('',#12258);
#12258 = CARTESIAN_POINT('',(1.075,-0.718654602222,1.103932744033));
#12259 = LINE('',#12260,#12261);
#12260 = CARTESIAN_POINT('',(1.075,-0.551345397777,0.856067255966));
#12261 = VECTOR('',#12262,1.);
#12262 = DIRECTION('',(-2.053045702532E-16,-0.559472855001,
    0.828848674075));
#12263 = ORIENTED_EDGE('',*,*,#12264,.T.);
#12264 = EDGE_CURVE('',#12257,#12265,#12267,.T.);
#12265 = VERTEX_POINT('',#12266);
#12266 = CARTESIAN_POINT('',(1.075,-0.77,1.271774600533));
#12267 = CIRCLE('',#12268,0.299999999999);
#12268 = AXIS2_PLACEMENT_3D('',#12269,#12270,#12271);
#12269 = CARTESIAN_POINT('',(1.075,-0.47,1.271774600533));
#12270 = DIRECTION('',(-1.,3.669607353027E-16,0.));
#12271 = DIRECTION('',(0.,0.,1.));
#12272 = ORIENTED_EDGE('',*,*,#12273,.T.);
#12273 = EDGE_CURVE('',#12265,#12274,#12276,.T.);
#12274 = VERTEX_POINT('',#12275);
#12275 = CARTESIAN_POINT('',(1.075,-0.77,1.953753400942));
#12276 = LINE('',#12277,#12278);
#12277 = CARTESIAN_POINT('',(1.075,-0.77,1.271774600533));
#12278 = VECTOR('',#12279,1.);
#12279 = DIRECTION('',(-2.333560082477E-31,-6.359154694171E-16,1.));
#12280 = ORIENTED_EDGE('',*,*,#12281,.T.);
#12281 = EDGE_CURVE('',#12274,#12282,#12284,.T.);
#12282 = VERTEX_POINT('',#12283);
#12283 = CARTESIAN_POINT('',(1.075,-0.774557674096,2.005847854242));
#12284 = CIRCLE('',#12285,0.299999999999);
#12285 = AXIS2_PLACEMENT_3D('',#12286,#12287,#12288);
#12286 = CARTESIAN_POINT('',(1.074999999999,-1.07,1.953753400942));
#12287 = DIRECTION('',(1.,-3.669607353027E-16,0.));
#12288 = DIRECTION('',(0.,0.,-1.));
#12289 = ORIENTED_EDGE('',*,*,#12290,.T.);
#12290 = EDGE_CURVE('',#12282,#12291,#12293,.T.);
#12291 = VERTEX_POINT('',#12292);
#12292 = CARTESIAN_POINT('',(1.075,-0.8220944533,2.275442325903));
#12293 = LINE('',#12294,#12295);
#12294 = CARTESIAN_POINT('',(1.075,-0.774557674096,2.005847854242));
#12295 = VECTOR('',#12296,1.);
#12296 = DIRECTION('',(-6.372206296066E-17,-0.173648177666,
    0.984807753012));
#12297 = ORIENTED_EDGE('',*,*,#12298,.F.);
#12298 = EDGE_CURVE('',#12299,#12291,#12301,.T.);
#12299 = VERTEX_POINT('',#12300);
#12300 = CARTESIAN_POINT('',(1.075,-0.575892515047,2.31885437032));
#12301 = LINE('',#12302,#12303);
#12302 = CARTESIAN_POINT('',(1.075,-0.575892515047,2.31885437032));
#12303 = VECTOR('',#12304,1.);
#12304 = DIRECTION('',(-3.613857771773E-16,-0.984807753012,
    -0.173648177666));
#12305 = ORIENTED_EDGE('',*,*,#12306,.F.);
#12306 = EDGE_CURVE('',#12307,#12299,#12309,.T.);
#12307 = VERTEX_POINT('',#12308);
#12308 = CARTESIAN_POINT('',(1.075,-0.528355735843,2.049259898659));
#12309 = LINE('',#12310,#12311);
#12310 = CARTESIAN_POINT('',(1.075,-0.528355735843,2.049259898659));
#12311 = VECTOR('',#12312,1.);
#12312 = DIRECTION('',(-6.372206296066E-17,-0.173648177666,
    0.984807753012));
#12313 = ORIENTED_EDGE('',*,*,#12314,.F.);
#12314 = EDGE_CURVE('',#12315,#12307,#12317,.T.);
#12315 = VERTEX_POINT('',#12316);
#12316 = CARTESIAN_POINT('',(1.075,-0.52,1.953753400942));
#12317 = CIRCLE('',#12318,0.549999999999);
#12318 = AXIS2_PLACEMENT_3D('',#12319,#12320,#12321);
#12319 = CARTESIAN_POINT('',(1.074999999999,-1.07,1.953753400942));
#12320 = DIRECTION('',(1.,-3.669607353027E-16,0.));
#12321 = DIRECTION('',(-4.195610606008E-30,-1.143340472802E-14,1.));
#12322 = ORIENTED_EDGE('',*,*,#12323,.F.);
#12323 = EDGE_CURVE('',#12324,#12315,#12326,.T.);
#12324 = VERTEX_POINT('',#12325);
#12325 = CARTESIAN_POINT('',(1.075,-0.52,1.271774600533));
#12326 = LINE('',#12327,#12328);
#12327 = CARTESIAN_POINT('',(1.075,-0.52,1.271774600533));
#12328 = VECTOR('',#12329,1.);
#12329 = DIRECTION('',(-2.333560082477E-31,-6.359154694171E-16,1.));
#12330 = ORIENTED_EDGE('',*,*,#12331,.F.);
#12331 = EDGE_CURVE('',#12332,#12324,#12334,.T.);
#12332 = VERTEX_POINT('',#12333);
#12333 = CARTESIAN_POINT('',(1.075,-0.511442433703,1.243800957783));
#12334 = CIRCLE('',#12335,4.9999999999E-02);
#12335 = AXIS2_PLACEMENT_3D('',#12336,#12337,#12338);
#12336 = CARTESIAN_POINT('',(1.075,-0.47,1.271774600533));
#12337 = DIRECTION('',(-1.,3.669607353027E-16,0.));
#12338 = DIRECTION('',(0.,0.,1.));
#12339 = ORIENTED_EDGE('',*,*,#12340,.F.);
#12340 = EDGE_CURVE('',#12341,#12332,#12343,.T.);
#12341 = VERTEX_POINT('',#12342);
#12342 = CARTESIAN_POINT('',(1.075,-0.344133229258,0.995935469716));
#12343 = LINE('',#12344,#12345);
#12344 = CARTESIAN_POINT('',(1.075,-0.344133229258,0.995935469716));
#12345 = VECTOR('',#12346,1.);
#12346 = DIRECTION('',(-2.053045702532E-16,-0.559472855001,
    0.828848674075));
#12347 = ORIENTED_EDGE('',*,*,#12348,.F.);
#12348 = EDGE_CURVE('',#12169,#12341,#12349,.T.);
#12349 = CIRCLE('',#12350,0.55);
#12350 = AXIS2_PLACEMENT_3D('',#12351,#12352,#12353);
#12351 = CARTESIAN_POINT('',(1.075,-0.799999999999,0.688225399466));
#12352 = DIRECTION('',(1.,-3.669607353027E-16,0.));
#12353 = DIRECTION('',(2.604172100282E-30,7.096596038086E-15,1.));
#12354 = ORIENTED_EDGE('',*,*,#12166,.F.);
#12355 = ORIENTED_EDGE('',*,*,#12356,.T.);
#12356 = EDGE_CURVE('',#12167,#12207,#12357,.T.);
#12357 = LINE('',#12358,#12359);
#12358 = CARTESIAN_POINT('',(1.075,0.699999999999,0.28));
#12359 = VECTOR('',#12360,1.);
#12360 = DIRECTION('',(0.,-1.,7.340952209537E-17));
#12361 = PLANE('',#12362);
#12362 = AXIS2_PLACEMENT_3D('',#12363,#12364,#12365);
#12363 = CARTESIAN_POINT('',(1.074999999999,-1.07,1.953753400942));
#12364 = DIRECTION('',(-1.,3.669607353027E-16,0.));
#12365 = DIRECTION('',(0.,0.,1.));
#12366 = ADVANCED_FACE('',(#12367),#12485,.F.);
#12367 = FACE_BOUND('',#12368,.T.);
#12368 = EDGE_LOOP('',(#12369,#12375,#12376,#12385,#12393,#12402,#12410,
    #12419,#12427,#12435,#12443,#12452,#12460,#12469,#12477,#12484));
#12369 = ORIENTED_EDGE('',*,*,#12370,.T.);
#12370 = EDGE_CURVE('',#12209,#12185,#12371,.T.);
#12371 = LINE('',#12372,#12373);
#12372 = CARTESIAN_POINT('',(1.325,0.699999999999,0.28));
#12373 = VECTOR('',#12374,1.);
#12374 = DIRECTION('',(0.,1.,-7.340952209537E-17));
#12375 = ORIENTED_EDGE('',*,*,#12184,.T.);
#12376 = ORIENTED_EDGE('',*,*,#12377,.T.);
#12377 = EDGE_CURVE('',#12177,#12378,#12380,.T.);
#12378 = VERTEX_POINT('',#12379);
#12379 = CARTESIAN_POINT('',(1.325,-0.344133229258,0.995935469716));
#12380 = CIRCLE('',#12381,0.55);
#12381 = AXIS2_PLACEMENT_3D('',#12382,#12383,#12384);
#12382 = CARTESIAN_POINT('',(1.325,-0.799999999999,0.688225399466));
#12383 = DIRECTION('',(1.,-3.669607353027E-16,0.));
#12384 = DIRECTION('',(2.604172100282E-30,7.096596038086E-15,1.));
#12385 = ORIENTED_EDGE('',*,*,#12386,.T.);
#12386 = EDGE_CURVE('',#12378,#12387,#12389,.T.);
#12387 = VERTEX_POINT('',#12388);
#12388 = CARTESIAN_POINT('',(1.325,-0.511442433703,1.243800957783));
#12389 = LINE('',#12390,#12391);
#12390 = CARTESIAN_POINT('',(1.325,-0.344133229258,0.995935469716));
#12391 = VECTOR('',#12392,1.);
#12392 = DIRECTION('',(-2.053045702532E-16,-0.559472855001,
    0.828848674075));
#12393 = ORIENTED_EDGE('',*,*,#12394,.T.);
#12394 = EDGE_CURVE('',#12387,#12395,#12397,.T.);
#12395 = VERTEX_POINT('',#12396);
#12396 = CARTESIAN_POINT('',(1.325,-0.52,1.271774600533));
#12397 = CIRCLE('',#12398,4.9999999999E-02);
#12398 = AXIS2_PLACEMENT_3D('',#12399,#12400,#12401);
#12399 = CARTESIAN_POINT('',(1.325,-0.47,1.271774600533));
#12400 = DIRECTION('',(-1.,3.669607353027E-16,0.));
#12401 = DIRECTION('',(0.,0.,1.));
#12402 = ORIENTED_EDGE('',*,*,#12403,.T.);
#12403 = EDGE_CURVE('',#12395,#12404,#12406,.T.);
#12404 = VERTEX_POINT('',#12405);
#12405 = CARTESIAN_POINT('',(1.325,-0.52,1.953753400942));
#12406 = LINE('',#12407,#12408);
#12407 = CARTESIAN_POINT('',(1.325,-0.52,1.271774600533));
#12408 = VECTOR('',#12409,1.);
#12409 = DIRECTION('',(-2.333560082477E-31,-6.359154694171E-16,1.));
#12410 = ORIENTED_EDGE('',*,*,#12411,.T.);
#12411 = EDGE_CURVE('',#12404,#12412,#12414,.T.);
#12412 = VERTEX_POINT('',#12413);
#12413 = CARTESIAN_POINT('',(1.325,-0.528355735843,2.049259898659));
#12414 = CIRCLE('',#12415,0.549999999999);
#12415 = AXIS2_PLACEMENT_3D('',#12416,#12417,#12418);
#12416 = CARTESIAN_POINT('',(1.324999999999,-1.07,1.953753400942));
#12417 = DIRECTION('',(1.,-3.669607353027E-16,0.));
#12418 = DIRECTION('',(-4.195610606008E-30,-1.143340472802E-14,1.));
#12419 = ORIENTED_EDGE('',*,*,#12420,.T.);
#12420 = EDGE_CURVE('',#12412,#12421,#12423,.T.);
#12421 = VERTEX_POINT('',#12422);
#12422 = CARTESIAN_POINT('',(1.325,-0.575892515047,2.31885437032));
#12423 = LINE('',#12424,#12425);
#12424 = CARTESIAN_POINT('',(1.325,-0.528355735843,2.049259898659));
#12425 = VECTOR('',#12426,1.);
#12426 = DIRECTION('',(-6.372206296066E-17,-0.173648177666,
    0.984807753012));
#12427 = ORIENTED_EDGE('',*,*,#12428,.T.);
#12428 = EDGE_CURVE('',#12421,#12429,#12431,.T.);
#12429 = VERTEX_POINT('',#12430);
#12430 = CARTESIAN_POINT('',(1.325,-0.8220944533,2.275442325903));
#12431 = LINE('',#12432,#12433);
#12432 = CARTESIAN_POINT('',(1.325,-0.575892515047,2.31885437032));
#12433 = VECTOR('',#12434,1.);
#12434 = DIRECTION('',(-3.613857771773E-16,-0.984807753012,
    -0.173648177666));
#12435 = ORIENTED_EDGE('',*,*,#12436,.F.);
#12436 = EDGE_CURVE('',#12437,#12429,#12439,.T.);
#12437 = VERTEX_POINT('',#12438);
#12438 = CARTESIAN_POINT('',(1.325,-0.774557674096,2.005847854242));
#12439 = LINE('',#12440,#12441);
#12440 = CARTESIAN_POINT('',(1.325,-0.774557674096,2.005847854242));
#12441 = VECTOR('',#12442,1.);
#12442 = DIRECTION('',(-6.372206296066E-17,-0.173648177666,
    0.984807753012));
#12443 = ORIENTED_EDGE('',*,*,#12444,.F.);
#12444 = EDGE_CURVE('',#12445,#12437,#12447,.T.);
#12445 = VERTEX_POINT('',#12446);
#12446 = CARTESIAN_POINT('',(1.325,-0.77,1.953753400942));
#12447 = CIRCLE('',#12448,0.299999999999);
#12448 = AXIS2_PLACEMENT_3D('',#12449,#12450,#12451);
#12449 = CARTESIAN_POINT('',(1.324999999999,-1.07,1.953753400942));
#12450 = DIRECTION('',(1.,-3.669607353027E-16,0.));
#12451 = DIRECTION('',(0.,0.,-1.));
#12452 = ORIENTED_EDGE('',*,*,#12453,.F.);
#12453 = EDGE_CURVE('',#12454,#12445,#12456,.T.);
#12454 = VERTEX_POINT('',#12455);
#12455 = CARTESIAN_POINT('',(1.325,-0.77,1.271774600533));
#12456 = LINE('',#12457,#12458);
#12457 = CARTESIAN_POINT('',(1.325,-0.77,1.271774600533));
#12458 = VECTOR('',#12459,1.);
#12459 = DIRECTION('',(-2.333560082477E-31,-6.359154694171E-16,1.));
#12460 = ORIENTED_EDGE('',*,*,#12461,.F.);
#12461 = EDGE_CURVE('',#12462,#12454,#12464,.T.);
#12462 = VERTEX_POINT('',#12463);
#12463 = CARTESIAN_POINT('',(1.325,-0.718654602222,1.103932744033));
#12464 = CIRCLE('',#12465,0.299999999999);
#12465 = AXIS2_PLACEMENT_3D('',#12466,#12467,#12468);
#12466 = CARTESIAN_POINT('',(1.325,-0.47,1.271774600533));
#12467 = DIRECTION('',(-1.,3.669607353027E-16,0.));
#12468 = DIRECTION('',(0.,0.,1.));
#12469 = ORIENTED_EDGE('',*,*,#12470,.F.);
#12470 = EDGE_CURVE('',#12471,#12462,#12473,.T.);
#12471 = VERTEX_POINT('',#12472);
#12472 = CARTESIAN_POINT('',(1.325,-0.551345397777,0.856067255966));
#12473 = LINE('',#12474,#12475);
#12474 = CARTESIAN_POINT('',(1.325,-0.551345397777,0.856067255966));
#12475 = VECTOR('',#12476,1.);
#12476 = DIRECTION('',(-2.053045702532E-16,-0.559472855001,
    0.828848674075));
#12477 = ORIENTED_EDGE('',*,*,#12478,.F.);
#12478 = EDGE_CURVE('',#12217,#12471,#12479,.T.);
#12479 = CIRCLE('',#12480,0.299999999999);
#12480 = AXIS2_PLACEMENT_3D('',#12481,#12482,#12483);
#12481 = CARTESIAN_POINT('',(1.325,-0.799999999999,0.688225399466));
#12482 = DIRECTION('',(1.,-3.669607353027E-16,0.));
#12483 = DIRECTION('',(0.,0.,-1.));
#12484 = ORIENTED_EDGE('',*,*,#12216,.F.);
#12485 = PLANE('',#12486);
#12486 = AXIS2_PLACEMENT_3D('',#12487,#12488,#12489);
#12487 = CARTESIAN_POINT('',(1.324999999999,-1.07,1.953753400942));
#12488 = DIRECTION('',(-1.,3.669607353027E-16,0.));
#12489 = DIRECTION('',(0.,0.,1.));
#12490 = ADVANCED_FACE('',(#12491),#12507,.F.);
#12491 = FACE_BOUND('',#12492,.T.);
#12492 = EDGE_LOOP('',(#12493,#12494,#12500,#12501));
#12493 = ORIENTED_EDGE('',*,*,#12436,.T.);
#12494 = ORIENTED_EDGE('',*,*,#12495,.F.);
#12495 = EDGE_CURVE('',#12291,#12429,#12496,.T.);
#12496 = LINE('',#12497,#12498);
#12497 = CARTESIAN_POINT('',(1.075,-0.8220944533,2.275442325903));
#12498 = VECTOR('',#12499,1.);
#12499 = DIRECTION('',(1.,-3.669607353027E-16,0.));
#12500 = ORIENTED_EDGE('',*,*,#12290,.F.);
#12501 = ORIENTED_EDGE('',*,*,#12502,.T.);
#12502 = EDGE_CURVE('',#12282,#12437,#12503,.T.);
#12503 = LINE('',#12504,#12505);
#12504 = CARTESIAN_POINT('',(1.075,-0.774557674096,2.005847854242));
#12505 = VECTOR('',#12506,1.);
#12506 = DIRECTION('',(1.,-3.669607353027E-16,0.));
#12507 = PLANE('',#12508);
#12508 = AXIS2_PLACEMENT_3D('',#12509,#12510,#12511);
#12509 = CARTESIAN_POINT('',(1.075,-0.774557674096,2.005847854242));
#12510 = DIRECTION('',(3.613857771773E-16,0.984807753012,0.173648177666)
  );
#12511 = DIRECTION('',(-6.372206296066E-17,-0.173648177666,
    0.984807753012));
#12512 = ADVANCED_FACE('',(#12513),#12524,.T.);
#12513 = FACE_BOUND('',#12514,.T.);
#12514 = EDGE_LOOP('',(#12515,#12516,#12522,#12523));
#12515 = ORIENTED_EDGE('',*,*,#12428,.F.);
#12516 = ORIENTED_EDGE('',*,*,#12517,.F.);
#12517 = EDGE_CURVE('',#12299,#12421,#12518,.T.);
#12518 = LINE('',#12519,#12520);
#12519 = CARTESIAN_POINT('',(1.075,-0.575892515047,2.31885437032));
#12520 = VECTOR('',#12521,1.);
#12521 = DIRECTION('',(1.,-3.669607353027E-16,0.));
#12522 = ORIENTED_EDGE('',*,*,#12298,.T.);
#12523 = ORIENTED_EDGE('',*,*,#12495,.T.);
#12524 = PLANE('',#12525);
#12525 = AXIS2_PLACEMENT_3D('',#12526,#12527,#12528);
#12526 = CARTESIAN_POINT('',(1.075,-0.575892515047,2.31885437032));
#12527 = DIRECTION('',(-6.372206296066E-17,-0.173648177666,
    0.984807753012));
#12528 = DIRECTION('',(-3.613857771773E-16,-0.984807753012,
    -0.173648177666));
#12529 = ADVANCED_FACE('',(#12530),#12541,.T.);
#12530 = FACE_BOUND('',#12531,.T.);
#12531 = EDGE_LOOP('',(#12532,#12533,#12539,#12540));
#12532 = ORIENTED_EDGE('',*,*,#12420,.F.);
#12533 = ORIENTED_EDGE('',*,*,#12534,.F.);
#12534 = EDGE_CURVE('',#12307,#12412,#12535,.T.);
#12535 = LINE('',#12536,#12537);
#12536 = CARTESIAN_POINT('',(1.075,-0.528355735843,2.049259898659));
#12537 = VECTOR('',#12538,1.);
#12538 = DIRECTION('',(1.,-3.669607353027E-16,0.));
#12539 = ORIENTED_EDGE('',*,*,#12306,.T.);
#12540 = ORIENTED_EDGE('',*,*,#12517,.T.);
#12541 = PLANE('',#12542);
#12542 = AXIS2_PLACEMENT_3D('',#12543,#12544,#12545);
#12543 = CARTESIAN_POINT('',(1.075,-0.528355735843,2.049259898659));
#12544 = DIRECTION('',(3.613857771773E-16,0.984807753012,0.173648177666)
  );
#12545 = DIRECTION('',(-6.372206296066E-17,-0.173648177666,
    0.984807753012));
#12546 = ADVANCED_FACE('',(#12547),#12558,.T.);
#12547 = FACE_BOUND('',#12548,.T.);
#12548 = EDGE_LOOP('',(#12549,#12550,#12556,#12557));
#12549 = ORIENTED_EDGE('',*,*,#12411,.F.);
#12550 = ORIENTED_EDGE('',*,*,#12551,.F.);
#12551 = EDGE_CURVE('',#12315,#12404,#12552,.T.);
#12552 = LINE('',#12553,#12554);
#12553 = CARTESIAN_POINT('',(1.075,-0.52,1.953753400942));
#12554 = VECTOR('',#12555,1.);
#12555 = DIRECTION('',(1.,-3.669607353027E-16,0.));
#12556 = ORIENTED_EDGE('',*,*,#12314,.T.);
#12557 = ORIENTED_EDGE('',*,*,#12534,.T.);
#12558 = CYLINDRICAL_SURFACE('',#12559,0.549999999999);
#12559 = AXIS2_PLACEMENT_3D('',#12560,#12561,#12562);
#12560 = CARTESIAN_POINT('',(1.074999999999,-1.07,1.953753400942));
#12561 = DIRECTION('',(1.,-3.669607353027E-16,0.));
#12562 = DIRECTION('',(0.,0.,-1.));
#12563 = ADVANCED_FACE('',(#12564),#12575,.T.);
#12564 = FACE_BOUND('',#12565,.T.);
#12565 = EDGE_LOOP('',(#12566,#12567,#12573,#12574));
#12566 = ORIENTED_EDGE('',*,*,#12403,.F.);
#12567 = ORIENTED_EDGE('',*,*,#12568,.F.);
#12568 = EDGE_CURVE('',#12324,#12395,#12569,.T.);
#12569 = LINE('',#12570,#12571);
#12570 = CARTESIAN_POINT('',(1.075,-0.52,1.271774600533));
#12571 = VECTOR('',#12572,1.);
#12572 = DIRECTION('',(1.,-3.669607353027E-16,0.));
#12573 = ORIENTED_EDGE('',*,*,#12323,.T.);
#12574 = ORIENTED_EDGE('',*,*,#12551,.T.);
#12575 = PLANE('',#12576);
#12576 = AXIS2_PLACEMENT_3D('',#12577,#12578,#12579);
#12577 = CARTESIAN_POINT('',(1.075,-0.52,1.271774600533));
#12578 = DIRECTION('',(3.669607353027E-16,1.,6.359154694171E-16));
#12579 = DIRECTION('',(-2.333560082477E-31,-6.359154694171E-16,1.));
#12580 = ADVANCED_FACE('',(#12581),#12592,.F.);
#12581 = FACE_BOUND('',#12582,.F.);
#12582 = EDGE_LOOP('',(#12583,#12584,#12585,#12591));
#12583 = ORIENTED_EDGE('',*,*,#12568,.F.);
#12584 = ORIENTED_EDGE('',*,*,#12331,.F.);
#12585 = ORIENTED_EDGE('',*,*,#12586,.T.);
#12586 = EDGE_CURVE('',#12332,#12387,#12587,.T.);
#12587 = LINE('',#12588,#12589);
#12588 = CARTESIAN_POINT('',(1.075,-0.511442433703,1.243800957783));
#12589 = VECTOR('',#12590,1.);
#12590 = DIRECTION('',(1.,-3.669607353027E-16,0.));
#12591 = ORIENTED_EDGE('',*,*,#12394,.T.);
#12592 = CYLINDRICAL_SURFACE('',#12593,4.9999999999E-02);
#12593 = AXIS2_PLACEMENT_3D('',#12594,#12595,#12596);
#12594 = CARTESIAN_POINT('',(1.075,-0.47,1.271774600533));
#12595 = DIRECTION('',(1.,-3.669607353027E-16,0.));
#12596 = DIRECTION('',(0.,0.,-1.));
#12597 = ADVANCED_FACE('',(#12598),#12609,.T.);
#12598 = FACE_BOUND('',#12599,.T.);
#12599 = EDGE_LOOP('',(#12600,#12601,#12607,#12608));
#12600 = ORIENTED_EDGE('',*,*,#12386,.F.);
#12601 = ORIENTED_EDGE('',*,*,#12602,.F.);
#12602 = EDGE_CURVE('',#12341,#12378,#12603,.T.);
#12603 = LINE('',#12604,#12605);
#12604 = CARTESIAN_POINT('',(1.075,-0.344133229258,0.995935469716));
#12605 = VECTOR('',#12606,1.);
#12606 = DIRECTION('',(1.,-3.669607353027E-16,0.));
#12607 = ORIENTED_EDGE('',*,*,#12340,.T.);
#12608 = ORIENTED_EDGE('',*,*,#12586,.T.);
#12609 = PLANE('',#12610);
#12610 = AXIS2_PLACEMENT_3D('',#12611,#12612,#12613);
#12611 = CARTESIAN_POINT('',(1.075,-0.344133229258,0.995935469716));
#12612 = DIRECTION('',(3.041549188937E-16,0.828848674075,0.559472855001)
  );
#12613 = DIRECTION('',(-2.053045702532E-16,-0.559472855001,
    0.828848674075));
#12614 = ADVANCED_FACE('',(#12615),#12621,.T.);
#12615 = FACE_BOUND('',#12616,.T.);
#12616 = EDGE_LOOP('',(#12617,#12618,#12619,#12620));
#12617 = ORIENTED_EDGE('',*,*,#12377,.F.);
#12618 = ORIENTED_EDGE('',*,*,#12176,.F.);
#12619 = ORIENTED_EDGE('',*,*,#12348,.T.);
#12620 = ORIENTED_EDGE('',*,*,#12602,.T.);
#12621 = CYLINDRICAL_SURFACE('',#12622,0.549999999999);
#12622 = AXIS2_PLACEMENT_3D('',#12623,#12624,#12625);
#12623 = CARTESIAN_POINT('',(1.075,-0.799999999999,0.688225399466));
#12624 = DIRECTION('',(1.,-3.669607353027E-16,0.));
#12625 = DIRECTION('',(0.,0.,-1.));
#12626 = ADVANCED_FACE('',(#12627),#12638,.F.);
#12627 = FACE_BOUND('',#12628,.F.);
#12628 = EDGE_LOOP('',(#12629,#12630,#12631,#12637));
#12629 = ORIENTED_EDGE('',*,*,#12224,.F.);
#12630 = ORIENTED_EDGE('',*,*,#12247,.T.);
#12631 = ORIENTED_EDGE('',*,*,#12632,.T.);
#12632 = EDGE_CURVE('',#12248,#12471,#12633,.T.);
#12633 = LINE('',#12634,#12635);
#12634 = CARTESIAN_POINT('',(1.075,-0.551345397777,0.856067255966));
#12635 = VECTOR('',#12636,1.);
#12636 = DIRECTION('',(1.,-3.669607353027E-16,0.));
#12637 = ORIENTED_EDGE('',*,*,#12478,.F.);
#12638 = CYLINDRICAL_SURFACE('',#12639,0.299999999999);
#12639 = AXIS2_PLACEMENT_3D('',#12640,#12641,#12642);
#12640 = CARTESIAN_POINT('',(1.075,-0.799999999999,0.688225399466));
#12641 = DIRECTION('',(1.,-3.669607353027E-16,0.));
#12642 = DIRECTION('',(0.,0.,-1.));
#12643 = ADVANCED_FACE('',(#12644),#12655,.F.);
#12644 = FACE_BOUND('',#12645,.T.);
#12645 = EDGE_LOOP('',(#12646,#12647,#12653,#12654));
#12646 = ORIENTED_EDGE('',*,*,#12470,.T.);
#12647 = ORIENTED_EDGE('',*,*,#12648,.F.);
#12648 = EDGE_CURVE('',#12257,#12462,#12649,.T.);
#12649 = LINE('',#12650,#12651);
#12650 = CARTESIAN_POINT('',(1.075,-0.718654602222,1.103932744033));
#12651 = VECTOR('',#12652,1.);
#12652 = DIRECTION('',(1.,-3.669607353027E-16,0.));
#12653 = ORIENTED_EDGE('',*,*,#12256,.F.);
#12654 = ORIENTED_EDGE('',*,*,#12632,.T.);
#12655 = PLANE('',#12656);
#12656 = AXIS2_PLACEMENT_3D('',#12657,#12658,#12659);
#12657 = CARTESIAN_POINT('',(1.075,-0.551345397777,0.856067255966));
#12658 = DIRECTION('',(3.041549188937E-16,0.828848674075,0.559472855001)
  );
#12659 = DIRECTION('',(-2.053045702532E-16,-0.559472855001,
    0.828848674075));
#12660 = ADVANCED_FACE('',(#12661),#12672,.T.);
#12661 = FACE_BOUND('',#12662,.T.);
#12662 = EDGE_LOOP('',(#12663,#12664,#12670,#12671));
#12663 = ORIENTED_EDGE('',*,*,#12461,.T.);
#12664 = ORIENTED_EDGE('',*,*,#12665,.F.);
#12665 = EDGE_CURVE('',#12265,#12454,#12666,.T.);
#12666 = LINE('',#12667,#12668);
#12667 = CARTESIAN_POINT('',(1.075,-0.77,1.271774600533));
#12668 = VECTOR('',#12669,1.);
#12669 = DIRECTION('',(1.,-3.669607353027E-16,0.));
#12670 = ORIENTED_EDGE('',*,*,#12264,.F.);
#12671 = ORIENTED_EDGE('',*,*,#12648,.T.);
#12672 = CYLINDRICAL_SURFACE('',#12673,0.299999999999);
#12673 = AXIS2_PLACEMENT_3D('',#12674,#12675,#12676);
#12674 = CARTESIAN_POINT('',(1.075,-0.47,1.271774600533));
#12675 = DIRECTION('',(1.,-3.669607353027E-16,0.));
#12676 = DIRECTION('',(0.,0.,-1.));
#12677 = ADVANCED_FACE('',(#12678),#12689,.F.);
#12678 = FACE_BOUND('',#12679,.T.);
#12679 = EDGE_LOOP('',(#12680,#12681,#12687,#12688));
#12680 = ORIENTED_EDGE('',*,*,#12453,.T.);
#12681 = ORIENTED_EDGE('',*,*,#12682,.F.);
#12682 = EDGE_CURVE('',#12274,#12445,#12683,.T.);
#12683 = LINE('',#12684,#12685);
#12684 = CARTESIAN_POINT('',(1.075,-0.77,1.953753400942));
#12685 = VECTOR('',#12686,1.);
#12686 = DIRECTION('',(1.,-3.669607353027E-16,0.));
#12687 = ORIENTED_EDGE('',*,*,#12273,.F.);
#12688 = ORIENTED_EDGE('',*,*,#12665,.T.);
#12689 = PLANE('',#12690);
#12690 = AXIS2_PLACEMENT_3D('',#12691,#12692,#12693);
#12691 = CARTESIAN_POINT('',(1.075,-0.77,1.271774600533));
#12692 = DIRECTION('',(3.669607353027E-16,1.,6.359154694171E-16));
#12693 = DIRECTION('',(-2.333560082477E-31,-6.359154694171E-16,1.));
#12694 = ADVANCED_FACE('',(#12695),#12701,.F.);
#12695 = FACE_BOUND('',#12696,.F.);
#12696 = EDGE_LOOP('',(#12697,#12698,#12699,#12700));
#12697 = ORIENTED_EDGE('',*,*,#12682,.F.);
#12698 = ORIENTED_EDGE('',*,*,#12281,.T.);
#12699 = ORIENTED_EDGE('',*,*,#12502,.T.);
#12700 = ORIENTED_EDGE('',*,*,#12444,.F.);
#12701 = CYLINDRICAL_SURFACE('',#12702,0.299999999999);
#12702 = AXIS2_PLACEMENT_3D('',#12703,#12704,#12705);
#12703 = CARTESIAN_POINT('',(1.074999999999,-1.07,1.953753400942));
#12704 = DIRECTION('',(1.,-3.669607353027E-16,0.));
#12705 = DIRECTION('',(0.,0.,-1.));
#12706 = ADVANCED_FACE('',(#12707),#12713,.T.);
#12707 = FACE_BOUND('',#12708,.T.);
#12708 = EDGE_LOOP('',(#12709,#12710,#12711,#12712));
#12709 = ORIENTED_EDGE('',*,*,#12356,.F.);
#12710 = ORIENTED_EDGE('',*,*,#12192,.T.);
#12711 = ORIENTED_EDGE('',*,*,#12370,.F.);
#12712 = ORIENTED_EDGE('',*,*,#12206,.F.);
#12713 = PLANE('',#12714);
#12714 = AXIS2_PLACEMENT_3D('',#12715,#12716,#12717);
#12715 = CARTESIAN_POINT('',(2.4,2.08934793656E-17,0.28));
#12716 = DIRECTION('',(0.,-7.340952209537E-17,-1.));
#12717 = DIRECTION('',(0.,-1.,7.340952209537E-17));
#12718 = ( GEOMETRIC_REPRESENTATION_CONTEXT(3) 
GLOBAL_UNCERTAINTY_ASSIGNED_CONTEXT((#12722)) 
GLOBAL_UNIT_ASSIGNED_CONTEXT((#12719,#12720,#12721)) 
REPRESENTATION_CONTEXT('Context #1',
  '3D Context with UNIT and UNCERTAINTY') );
#12719 = ( LENGTH_UNIT() NAMED_UNIT(*) SI_UNIT(.MILLI.,.METRE.) );
#12720 = ( NAMED_UNIT(*) PLANE_ANGLE_UNIT() SI_UNIT($,.RADIAN.) );
#12721 = ( NAMED_UNIT(*) SI_UNIT($,.STERADIAN.) SOLID_ANGLE_UNIT() );
#12722 = UNCERTAINTY_MEASURE_WITH_UNIT(LENGTH_MEASURE(1.E-07),#12719,
  'distance_accuracy_value','confusion accuracy');
#12723 = CONTEXT_DEPENDENT_SHAPE_REPRESENTATION(#12724,#12726);
#12724 = ( REPRESENTATION_RELATIONSHIP('','',#12159,#10) 
REPRESENTATION_RELATIONSHIP_WITH_TRANSFORMATION(#12725) 
SHAPE_REPRESENTATION_RELATIONSHIP() );
#12725 = ITEM_DEFINED_TRANSFORMATION('','',#11,#55);
#12726 = PRODUCT_DEFINITION_SHAPE('Placement','Placement of an item',
  #12727);
#12727 = NEXT_ASSEMBLY_USAGE_OCCURRENCE('11',
'CONN-SMD_HC-PBB08-2-08-M-H1.0-G1-R-P-04_1~CONN-SMD_
HC-PBB08-2-08-M-H1.0-G1-R-P-04_1~bmqH009','',#5,#12154,$);
#12728 = PRODUCT_RELATED_PRODUCT_CATEGORY('part',$,(#12156));
#12729 = SHAPE_DEFINITION_REPRESENTATION(#12730,#12736);
#12730 = PRODUCT_DEFINITION_SHAPE('','',#12731);
#12731 = PRODUCT_DEFINITION('design','',#12732,#12735);
#12732 = PRODUCT_DEFINITION_FORMATION('','',#12733);
#12733 = PRODUCT(
'CONN-SMD_HC-PBB08-2-08-M-H1.0-G1-R-P-04_1~CONN-SMD_
HC-PBB08-2-08-M-H1.0-G1-R-P-04_1~bmqH010',
'CONN-SMD_HC-PBB08-2-08-M-H1.0-G1-R-P-04_1~CONN-SMD_
HC-PBB08-2-08-M-H1.0-G1-R-P-04_1~bmqH010','',(#12734));
#12734 = PRODUCT_CONTEXT('',#2,'mechanical');
#12735 = PRODUCT_DEFINITION_CONTEXT('part definition',#2,'design');
#12736 = ADVANCED_BREP_SHAPE_REPRESENTATION('',(#11,#12737),#13396);
#12737 = MANIFOLD_SOLID_BREP('',#12738);
#12738 = CLOSED_SHELL('',(#12739,#12779,#12810,#12841,#12874,#12905,
    #12938,#12969,#13002,#13033,#13064,#13095,#13126,#13159,#13190,
    #13223,#13254,#13287,#13318,#13342,#13369));
#12739 = ADVANCED_FACE('',(#12740),#12774,.F.);
#12740 = FACE_BOUND('',#12741,.T.);
#12741 = EDGE_LOOP('',(#12742,#12752,#12760,#12768));
#12742 = ORIENTED_EDGE('',*,*,#12743,.F.);
#12743 = EDGE_CURVE('',#12744,#12746,#12748,.T.);
#12744 = VERTEX_POINT('',#12745);
#12745 = CARTESIAN_POINT('',(1.325,-1.125442325903,2.005847854242));
#12746 = VERTEX_POINT('',#12747);
#12747 = CARTESIAN_POINT('',(1.325,-1.077905546699,2.275442325903));
#12748 = LINE('',#12749,#12750);
#12749 = CARTESIAN_POINT('',(1.325,-1.125442325903,2.005847854242));
#12750 = VECTOR('',#12751,1.);
#12751 = DIRECTION('',(0.,0.173648177666,0.984807753012));
#12752 = ORIENTED_EDGE('',*,*,#12753,.F.);
#12753 = EDGE_CURVE('',#12754,#12744,#12756,.T.);
#12754 = VERTEX_POINT('',#12755);
#12755 = CARTESIAN_POINT('',(1.075,-1.125442325903,2.005847854242));
#12756 = LINE('',#12757,#12758);
#12757 = CARTESIAN_POINT('',(1.075,-1.125442325903,2.005847854242));
#12758 = VECTOR('',#12759,1.);
#12759 = DIRECTION('',(1.,0.,0.));
#12760 = ORIENTED_EDGE('',*,*,#12761,.T.);
#12761 = EDGE_CURVE('',#12754,#12762,#12764,.T.);
#12762 = VERTEX_POINT('',#12763);
#12763 = CARTESIAN_POINT('',(1.075,-1.077905546699,2.275442325903));
#12764 = LINE('',#12765,#12766);
#12765 = CARTESIAN_POINT('',(1.075,-1.125442325903,2.005847854242));
#12766 = VECTOR('',#12767,1.);
#12767 = DIRECTION('',(0.,0.173648177666,0.984807753012));
#12768 = ORIENTED_EDGE('',*,*,#12769,.T.);
#12769 = EDGE_CURVE('',#12762,#12746,#12770,.T.);
#12770 = LINE('',#12771,#12772);
#12771 = CARTESIAN_POINT('',(1.075,-1.077905546699,2.275442325903));
#12772 = VECTOR('',#12773,1.);
#12773 = DIRECTION('',(1.,0.,0.));
#12774 = PLANE('',#12775);
#12775 = AXIS2_PLACEMENT_3D('',#12776,#12777,#12778);
#12776 = CARTESIAN_POINT('',(1.075,-1.125442325903,2.005847854242));
#12777 = DIRECTION('',(0.,-0.984807753012,0.173648177666));
#12778 = DIRECTION('',(0.,0.173648177666,0.984807753012));
#12779 = ADVANCED_FACE('',(#12780),#12805,.T.);
#12780 = FACE_BOUND('',#12781,.T.);
#12781 = EDGE_LOOP('',(#12782,#12790,#12791,#12799));
#12782 = ORIENTED_EDGE('',*,*,#12783,.T.);
#12783 = EDGE_CURVE('',#12784,#12746,#12786,.T.);
#12784 = VERTEX_POINT('',#12785);
#12785 = CARTESIAN_POINT('',(1.325,-1.324107484952,2.31885437032));
#12786 = LINE('',#12787,#12788);
#12787 = CARTESIAN_POINT('',(1.325,-1.324107484952,2.31885437032));
#12788 = VECTOR('',#12789,1.);
#12789 = DIRECTION('',(0.,0.984807753012,-0.173648177666));
#12790 = ORIENTED_EDGE('',*,*,#12769,.F.);
#12791 = ORIENTED_EDGE('',*,*,#12792,.F.);
#12792 = EDGE_CURVE('',#12793,#12762,#12795,.T.);
#12793 = VERTEX_POINT('',#12794);
#12794 = CARTESIAN_POINT('',(1.075,-1.324107484952,2.31885437032));
#12795 = LINE('',#12796,#12797);
#12796 = CARTESIAN_POINT('',(1.075,-1.324107484952,2.31885437032));
#12797 = VECTOR('',#12798,1.);
#12798 = DIRECTION('',(0.,0.984807753012,-0.173648177666));
#12799 = ORIENTED_EDGE('',*,*,#12800,.T.);
#12800 = EDGE_CURVE('',#12793,#12784,#12801,.T.);
#12801 = LINE('',#12802,#12803);
#12802 = CARTESIAN_POINT('',(1.075,-1.324107484952,2.31885437032));
#12803 = VECTOR('',#12804,1.);
#12804 = DIRECTION('',(1.,0.,0.));
#12805 = PLANE('',#12806);
#12806 = AXIS2_PLACEMENT_3D('',#12807,#12808,#12809);
#12807 = CARTESIAN_POINT('',(1.075,-1.324107484952,2.31885437032));
#12808 = DIRECTION('',(0.,0.173648177666,0.984807753012));
#12809 = DIRECTION('',(0.,0.984807753012,-0.173648177666));
#12810 = ADVANCED_FACE('',(#12811),#12836,.T.);
#12811 = FACE_BOUND('',#12812,.T.);
#12812 = EDGE_LOOP('',(#12813,#12821,#12822,#12830));
#12813 = ORIENTED_EDGE('',*,*,#12814,.T.);
#12814 = EDGE_CURVE('',#12815,#12784,#12817,.T.);
#12815 = VERTEX_POINT('',#12816);
#12816 = CARTESIAN_POINT('',(1.325,-1.371644264156,2.049259898659));
#12817 = LINE('',#12818,#12819);
#12818 = CARTESIAN_POINT('',(1.325,-1.371644264156,2.049259898659));
#12819 = VECTOR('',#12820,1.);
#12820 = DIRECTION('',(0.,0.173648177666,0.984807753012));
#12821 = ORIENTED_EDGE('',*,*,#12800,.F.);
#12822 = ORIENTED_EDGE('',*,*,#12823,.F.);
#12823 = EDGE_CURVE('',#12824,#12793,#12826,.T.);
#12824 = VERTEX_POINT('',#12825);
#12825 = CARTESIAN_POINT('',(1.075,-1.371644264156,2.049259898659));
#12826 = LINE('',#12827,#12828);
#12827 = CARTESIAN_POINT('',(1.075,-1.371644264156,2.049259898659));
#12828 = VECTOR('',#12829,1.);
#12829 = DIRECTION('',(0.,0.173648177666,0.984807753012));
#12830 = ORIENTED_EDGE('',*,*,#12831,.T.);
#12831 = EDGE_CURVE('',#12824,#12815,#12832,.T.);
#12832 = LINE('',#12833,#12834);
#12833 = CARTESIAN_POINT('',(1.075,-1.371644264156,2.049259898659));
#12834 = VECTOR('',#12835,1.);
#12835 = DIRECTION('',(1.,0.,0.));
#12836 = PLANE('',#12837);
#12837 = AXIS2_PLACEMENT_3D('',#12838,#12839,#12840);
#12838 = CARTESIAN_POINT('',(1.075,-1.371644264156,2.049259898659));
#12839 = DIRECTION('',(0.,-0.984807753012,0.173648177666));
#12840 = DIRECTION('',(0.,0.173648177666,0.984807753012));
#12841 = ADVANCED_FACE('',(#12842),#12869,.T.);
#12842 = FACE_BOUND('',#12843,.T.);
#12843 = EDGE_LOOP('',(#12844,#12853,#12854,#12863));
#12844 = ORIENTED_EDGE('',*,*,#12845,.T.);
#12845 = EDGE_CURVE('',#12846,#12815,#12848,.T.);
#12846 = VERTEX_POINT('',#12847);
#12847 = CARTESIAN_POINT('',(1.325,-1.379999999999,1.953753400942));
#12848 = CIRCLE('',#12849,0.549999999999);
#12849 = AXIS2_PLACEMENT_3D('',#12850,#12851,#12852);
#12850 = CARTESIAN_POINT('',(1.325,-0.829999999999,1.953753400942));
#12851 = DIRECTION('',(-1.,0.,0.));
#12852 = DIRECTION('',(0.,1.163053239575E-14,1.));
#12853 = ORIENTED_EDGE('',*,*,#12831,.F.);
#12854 = ORIENTED_EDGE('',*,*,#12855,.F.);
#12855 = EDGE_CURVE('',#12856,#12824,#12858,.T.);
#12856 = VERTEX_POINT('',#12857);
#12857 = CARTESIAN_POINT('',(1.075,-1.379999999999,1.953753400942));
#12858 = CIRCLE('',#12859,0.549999999999);
#12859 = AXIS2_PLACEMENT_3D('',#12860,#12861,#12862);
#12860 = CARTESIAN_POINT('',(1.075,-0.829999999999,1.953753400942));
#12861 = DIRECTION('',(-1.,0.,0.));
#12862 = DIRECTION('',(0.,1.163053239575E-14,1.));
#12863 = ORIENTED_EDGE('',*,*,#12864,.T.);
#12864 = EDGE_CURVE('',#12856,#12846,#12865,.T.);
#12865 = LINE('',#12866,#12867);
#12866 = CARTESIAN_POINT('',(1.075,-1.379999999999,1.953753400942));
#12867 = VECTOR('',#12868,1.);
#12868 = DIRECTION('',(1.,0.,0.));
#12869 = CYLINDRICAL_SURFACE('',#12870,0.549999999999);
#12870 = AXIS2_PLACEMENT_3D('',#12871,#12872,#12873);
#12871 = CARTESIAN_POINT('',(1.075,-0.829999999999,1.953753400942));
#12872 = DIRECTION('',(1.,0.,0.));
#12873 = DIRECTION('',(0.,0.,-1.));
#12874 = ADVANCED_FACE('',(#12875),#12900,.T.);
#12875 = FACE_BOUND('',#12876,.T.);
#12876 = EDGE_LOOP('',(#12877,#12885,#12886,#12894));
#12877 = ORIENTED_EDGE('',*,*,#12878,.T.);
#12878 = EDGE_CURVE('',#12879,#12846,#12881,.T.);
#12879 = VERTEX_POINT('',#12880);
#12880 = CARTESIAN_POINT('',(1.325,-1.379999999999,1.271774600533));
#12881 = LINE('',#12882,#12883);
#12882 = CARTESIAN_POINT('',(1.325,-1.379999999999,1.271774600533));
#12883 = VECTOR('',#12884,1.);
#12884 = DIRECTION('',(0.,6.359154694171E-16,1.));
#12885 = ORIENTED_EDGE('',*,*,#12864,.F.);
#12886 = ORIENTED_EDGE('',*,*,#12887,.F.);
#12887 = EDGE_CURVE('',#12888,#12856,#12890,.T.);
#12888 = VERTEX_POINT('',#12889);
#12889 = CARTESIAN_POINT('',(1.075,-1.379999999999,1.271774600533));
#12890 = LINE('',#12891,#12892);
#12891 = CARTESIAN_POINT('',(1.075,-1.379999999999,1.271774600533));
#12892 = VECTOR('',#12893,1.);
#12893 = DIRECTION('',(0.,6.359154694171E-16,1.));
#12894 = ORIENTED_EDGE('',*,*,#12895,.T.);
#12895 = EDGE_CURVE('',#12888,#12879,#12896,.T.);
#12896 = LINE('',#12897,#12898);
#12897 = CARTESIAN_POINT('',(1.075,-1.379999999999,1.271774600533));
#12898 = VECTOR('',#12899,1.);
#12899 = DIRECTION('',(1.,0.,0.));
#12900 = PLANE('',#12901);
#12901 = AXIS2_PLACEMENT_3D('',#12902,#12903,#12904);
#12902 = CARTESIAN_POINT('',(1.075,-1.379999999999,1.271774600533));
#12903 = DIRECTION('',(0.,-1.,6.359154694171E-16));
#12904 = DIRECTION('',(0.,6.359154694171E-16,1.));
#12905 = ADVANCED_FACE('',(#12906),#12933,.F.);
#12906 = FACE_BOUND('',#12907,.F.);
#12907 = EDGE_LOOP('',(#12908,#12918,#12925,#12926));
#12908 = ORIENTED_EDGE('',*,*,#12909,.F.);
#12909 = EDGE_CURVE('',#12910,#12912,#12914,.T.);
#12910 = VERTEX_POINT('',#12911);
#12911 = CARTESIAN_POINT('',(1.075,-1.388557566296,1.243800957783));
#12912 = VERTEX_POINT('',#12913);
#12913 = CARTESIAN_POINT('',(1.325,-1.388557566296,1.243800957783));
#12914 = LINE('',#12915,#12916);
#12915 = CARTESIAN_POINT('',(1.075,-1.388557566296,1.243800957783));
#12916 = VECTOR('',#12917,1.);
#12917 = DIRECTION('',(1.,0.,0.));
#12918 = ORIENTED_EDGE('',*,*,#12919,.T.);
#12919 = EDGE_CURVE('',#12910,#12888,#12920,.T.);
#12920 = CIRCLE('',#12921,4.9999999999E-02);
#12921 = AXIS2_PLACEMENT_3D('',#12922,#12923,#12924);
#12922 = CARTESIAN_POINT('',(1.075,-1.429999999999,1.271774600533));
#12923 = DIRECTION('',(1.,0.,-0.));
#12924 = DIRECTION('',(0.,0.,1.));
#12925 = ORIENTED_EDGE('',*,*,#12895,.T.);
#12926 = ORIENTED_EDGE('',*,*,#12927,.F.);
#12927 = EDGE_CURVE('',#12912,#12879,#12928,.T.);
#12928 = CIRCLE('',#12929,4.9999999999E-02);
#12929 = AXIS2_PLACEMENT_3D('',#12930,#12931,#12932);
#12930 = CARTESIAN_POINT('',(1.325,-1.429999999999,1.271774600533));
#12931 = DIRECTION('',(1.,0.,-0.));
#12932 = DIRECTION('',(0.,0.,1.));
#12933 = CYLINDRICAL_SURFACE('',#12934,4.9999999999E-02);
#12934 = AXIS2_PLACEMENT_3D('',#12935,#12936,#12937);
#12935 = CARTESIAN_POINT('',(1.075,-1.429999999999,1.271774600533));
#12936 = DIRECTION('',(1.,0.,0.));
#12937 = DIRECTION('',(0.,0.,-1.));
#12938 = ADVANCED_FACE('',(#12939),#12964,.T.);
#12939 = FACE_BOUND('',#12940,.T.);
#12940 = EDGE_LOOP('',(#12941,#12949,#12950,#12958));
#12941 = ORIENTED_EDGE('',*,*,#12942,.T.);
#12942 = EDGE_CURVE('',#12943,#12912,#12945,.T.);
#12943 = VERTEX_POINT('',#12944);
#12944 = CARTESIAN_POINT('',(1.325,-1.555866770741,0.995935469716));
#12945 = LINE('',#12946,#12947);
#12946 = CARTESIAN_POINT('',(1.325,-1.555866770741,0.995935469716));
#12947 = VECTOR('',#12948,1.);
#12948 = DIRECTION('',(0.,0.559472855001,0.828848674075));
#12949 = ORIENTED_EDGE('',*,*,#12909,.F.);
#12950 = ORIENTED_EDGE('',*,*,#12951,.F.);
#12951 = EDGE_CURVE('',#12952,#12910,#12954,.T.);
#12952 = VERTEX_POINT('',#12953);
#12953 = CARTESIAN_POINT('',(1.075,-1.555866770741,0.995935469716));
#12954 = LINE('',#12955,#12956);
#12955 = CARTESIAN_POINT('',(1.075,-1.555866770741,0.995935469716));
#12956 = VECTOR('',#12957,1.);
#12957 = DIRECTION('',(0.,0.559472855001,0.828848674075));
#12958 = ORIENTED_EDGE('',*,*,#12959,.T.);
#12959 = EDGE_CURVE('',#12952,#12943,#12960,.T.);
#12960 = LINE('',#12961,#12962);
#12961 = CARTESIAN_POINT('',(1.075,-1.555866770741,0.995935469716));
#12962 = VECTOR('',#12963,1.);
#12963 = DIRECTION('',(1.,0.,0.));
#12964 = PLANE('',#12965);
#12965 = AXIS2_PLACEMENT_3D('',#12966,#12967,#12968);
#12966 = CARTESIAN_POINT('',(1.075,-1.555866770741,0.995935469716));
#12967 = DIRECTION('',(0.,-0.828848674075,0.559472855001));
#12968 = DIRECTION('',(0.,0.559472855001,0.828848674075));
#12969 = ADVANCED_FACE('',(#12970),#12997,.T.);
#12970 = FACE_BOUND('',#12971,.T.);
#12971 = EDGE_LOOP('',(#12972,#12981,#12982,#12991));
#12972 = ORIENTED_EDGE('',*,*,#12973,.T.);
#12973 = EDGE_CURVE('',#12974,#12943,#12976,.T.);
#12974 = VERTEX_POINT('',#12975);
#12975 = CARTESIAN_POINT('',(1.325,-1.649999999999,0.688225399466));
#12976 = CIRCLE('',#12977,0.55);
#12977 = AXIS2_PLACEMENT_3D('',#12978,#12979,#12980);
#12978 = CARTESIAN_POINT('',(1.325,-1.1,0.688225399466));
#12979 = DIRECTION('',(-1.,0.,0.));
#12980 = DIRECTION('',(0.,-7.096596038086E-15,1.));
#12981 = ORIENTED_EDGE('',*,*,#12959,.F.);
#12982 = ORIENTED_EDGE('',*,*,#12983,.F.);
#12983 = EDGE_CURVE('',#12984,#12952,#12986,.T.);
#12984 = VERTEX_POINT('',#12985);
#12985 = CARTESIAN_POINT('',(1.075,-1.649999999999,0.688225399466));
#12986 = CIRCLE('',#12987,0.55);
#12987 = AXIS2_PLACEMENT_3D('',#12988,#12989,#12990);
#12988 = CARTESIAN_POINT('',(1.075,-1.1,0.688225399466));
#12989 = DIRECTION('',(-1.,0.,0.));
#12990 = DIRECTION('',(0.,-7.096596038086E-15,1.));
#12991 = ORIENTED_EDGE('',*,*,#12992,.T.);
#12992 = EDGE_CURVE('',#12984,#12974,#12993,.T.);
#12993 = LINE('',#12994,#12995);
#12994 = CARTESIAN_POINT('',(1.075,-1.649999999999,0.688225399466));
#12995 = VECTOR('',#12996,1.);
#12996 = DIRECTION('',(1.,0.,0.));
#12997 = CYLINDRICAL_SURFACE('',#12998,0.549999999999);
#12998 = AXIS2_PLACEMENT_3D('',#12999,#13000,#13001);
#12999 = CARTESIAN_POINT('',(1.075,-1.1,0.688225399466));
#13000 = DIRECTION('',(1.,0.,0.));
#13001 = DIRECTION('',(0.,0.,-1.));
#13002 = ADVANCED_FACE('',(#13003),#13028,.T.);
#13003 = FACE_BOUND('',#13004,.T.);
#13004 = EDGE_LOOP('',(#13005,#13013,#13014,#13022));
#13005 = ORIENTED_EDGE('',*,*,#13006,.T.);
#13006 = EDGE_CURVE('',#13007,#12974,#13009,.T.);
#13007 = VERTEX_POINT('',#13008);
#13008 = CARTESIAN_POINT('',(1.325,-1.649999999999,0.23));
#13009 = LINE('',#13010,#13011);
#13010 = CARTESIAN_POINT('',(1.325,-1.649999999999,0.18));
#13011 = VECTOR('',#13012,1.);
#13012 = DIRECTION('',(0.,0.,1.));
#13013 = ORIENTED_EDGE('',*,*,#12992,.F.);
#13014 = ORIENTED_EDGE('',*,*,#13015,.F.);
#13015 = EDGE_CURVE('',#13016,#12984,#13018,.T.);
#13016 = VERTEX_POINT('',#13017);
#13017 = CARTESIAN_POINT('',(1.075,-1.649999999999,0.23));
#13018 = LINE('',#13019,#13020);
#13019 = CARTESIAN_POINT('',(1.075,-1.649999999999,0.18));
#13020 = VECTOR('',#13021,1.);
#13021 = DIRECTION('',(0.,0.,1.));
#13022 = ORIENTED_EDGE('',*,*,#13023,.T.);
#13023 = EDGE_CURVE('',#13016,#13007,#13024,.T.);
#13024 = LINE('',#13025,#13026);
#13025 = CARTESIAN_POINT('',(1.075,-1.649999999999,0.23));
#13026 = VECTOR('',#13027,1.);
#13027 = DIRECTION('',(1.,0.,0.));
#13028 = PLANE('',#13029);
#13029 = AXIS2_PLACEMENT_3D('',#13030,#13031,#13032);
#13030 = CARTESIAN_POINT('',(1.075,-1.649999999999,0.18));
#13031 = DIRECTION('',(0.,-1.,0.));
#13032 = DIRECTION('',(0.,0.,1.));
#13033 = ADVANCED_FACE('',(#13034),#13059,.T.);
#13034 = FACE_BOUND('',#13035,.T.);
#13035 = EDGE_LOOP('',(#13036,#13044,#13045,#13053));
#13036 = ORIENTED_EDGE('',*,*,#13037,.T.);
#13037 = EDGE_CURVE('',#13038,#13007,#13040,.T.);
#13038 = VERTEX_POINT('',#13039);
#13039 = CARTESIAN_POINT('',(1.325,-2.6,0.23));
#13040 = LINE('',#13041,#13042);
#13041 = CARTESIAN_POINT('',(1.325,-2.6,0.23));
#13042 = VECTOR('',#13043,1.);
#13043 = DIRECTION('',(0.,1.,7.453889935837E-17));
#13044 = ORIENTED_EDGE('',*,*,#13023,.F.);
#13045 = ORIENTED_EDGE('',*,*,#13046,.F.);
#13046 = EDGE_CURVE('',#13047,#13016,#13049,.T.);
#13047 = VERTEX_POINT('',#13048);
#13048 = CARTESIAN_POINT('',(1.075,-2.6,0.23));
#13049 = LINE('',#13050,#13051);
#13050 = CARTESIAN_POINT('',(1.075,-2.6,0.23));
#13051 = VECTOR('',#13052,1.);
#13052 = DIRECTION('',(0.,1.,7.453889935837E-17));
#13053 = ORIENTED_EDGE('',*,*,#13054,.T.);
#13054 = EDGE_CURVE('',#13047,#13038,#13055,.T.);
#13055 = LINE('',#13056,#13057);
#13056 = CARTESIAN_POINT('',(1.075,-2.6,0.23));
#13057 = VECTOR('',#13058,1.);
#13058 = DIRECTION('',(1.,0.,0.));
#13059 = PLANE('',#13060);
#13060 = AXIS2_PLACEMENT_3D('',#13061,#13062,#13063);
#13061 = CARTESIAN_POINT('',(1.075,-2.6,0.23));
#13062 = DIRECTION('',(0.,-7.453889935837E-17,1.));
#13063 = DIRECTION('',(0.,1.,7.453889935837E-17));
#13064 = ADVANCED_FACE('',(#13065),#13090,.T.);
#13065 = FACE_BOUND('',#13066,.T.);
#13066 = EDGE_LOOP('',(#13067,#13075,#13076,#13084));
#13067 = ORIENTED_EDGE('',*,*,#13068,.T.);
#13068 = EDGE_CURVE('',#13069,#13038,#13071,.T.);
#13069 = VERTEX_POINT('',#13070);
#13070 = CARTESIAN_POINT('',(1.325,-2.6,-1.9999999999E-02));
#13071 = LINE('',#13072,#13073);
#13072 = CARTESIAN_POINT('',(1.325,-2.6,-1.9999999999E-02));
#13073 = VECTOR('',#13074,1.);
#13074 = DIRECTION('',(0.,0.,1.));
#13075 = ORIENTED_EDGE('',*,*,#13054,.F.);
#13076 = ORIENTED_EDGE('',*,*,#13077,.F.);
#13077 = EDGE_CURVE('',#13078,#13047,#13080,.T.);
#13078 = VERTEX_POINT('',#13079);
#13079 = CARTESIAN_POINT('',(1.075,-2.6,-1.9999999999E-02));
#13080 = LINE('',#13081,#13082);
#13081 = CARTESIAN_POINT('',(1.075,-2.6,-1.9999999999E-02));
#13082 = VECTOR('',#13083,1.);
#13083 = DIRECTION('',(0.,0.,1.));
#13084 = ORIENTED_EDGE('',*,*,#13085,.T.);
#13085 = EDGE_CURVE('',#13078,#13069,#13086,.T.);
#13086 = LINE('',#13087,#13088);
#13087 = CARTESIAN_POINT('',(1.075,-2.6,-1.9999999999E-02));
#13088 = VECTOR('',#13089,1.);
#13089 = DIRECTION('',(1.,0.,0.));
#13090 = PLANE('',#13091);
#13091 = AXIS2_PLACEMENT_3D('',#13092,#13093,#13094);
#13092 = CARTESIAN_POINT('',(1.075,-2.6,-1.9999999999E-02));
#13093 = DIRECTION('',(0.,-1.,0.));
#13094 = DIRECTION('',(0.,0.,1.));
#13095 = ADVANCED_FACE('',(#13096),#13121,.F.);
#13096 = FACE_BOUND('',#13097,.T.);
#13097 = EDGE_LOOP('',(#13098,#13106,#13107,#13115));
#13098 = ORIENTED_EDGE('',*,*,#13099,.F.);
#13099 = EDGE_CURVE('',#13069,#13100,#13102,.T.);
#13100 = VERTEX_POINT('',#13101);
#13101 = CARTESIAN_POINT('',(1.325,-1.6,-1.9999999999E-02));
#13102 = LINE('',#13103,#13104);
#13103 = CARTESIAN_POINT('',(1.325,-2.6,-1.9999999999E-02));
#13104 = VECTOR('',#13105,1.);
#13105 = DIRECTION('',(0.,1.,7.453889935837E-17));
#13106 = ORIENTED_EDGE('',*,*,#13085,.F.);
#13107 = ORIENTED_EDGE('',*,*,#13108,.T.);
#13108 = EDGE_CURVE('',#13078,#13109,#13111,.T.);
#13109 = VERTEX_POINT('',#13110);
#13110 = CARTESIAN_POINT('',(1.075,-1.6,-1.9999999999E-02));
#13111 = LINE('',#13112,#13113);
#13112 = CARTESIAN_POINT('',(1.075,-2.6,-1.9999999999E-02));
#13113 = VECTOR('',#13114,1.);
#13114 = DIRECTION('',(0.,1.,7.453889935837E-17));
#13115 = ORIENTED_EDGE('',*,*,#13116,.T.);
#13116 = EDGE_CURVE('',#13109,#13100,#13117,.T.);
#13117 = LINE('',#13118,#13119);
#13118 = CARTESIAN_POINT('',(1.075,-1.6,-1.9999999999E-02));
#13119 = VECTOR('',#13120,1.);
#13120 = DIRECTION('',(1.,0.,0.));
#13121 = PLANE('',#13122);
#13122 = AXIS2_PLACEMENT_3D('',#13123,#13124,#13125);
#13123 = CARTESIAN_POINT('',(1.075,-2.6,-1.9999999999E-02));
#13124 = DIRECTION('',(0.,-7.453889935837E-17,1.));
#13125 = DIRECTION('',(0.,1.,7.453889935837E-17));
#13126 = ADVANCED_FACE('',(#13127),#13154,.T.);
#13127 = FACE_BOUND('',#13128,.T.);
#13128 = EDGE_LOOP('',(#13129,#13138,#13139,#13148));
#13129 = ORIENTED_EDGE('',*,*,#13130,.F.);
#13130 = EDGE_CURVE('',#13100,#13131,#13133,.T.);
#13131 = VERTEX_POINT('',#13132);
#13132 = CARTESIAN_POINT('',(1.325,-1.399999999999,0.18));
#13133 = CIRCLE('',#13134,0.2);
#13134 = AXIS2_PLACEMENT_3D('',#13135,#13136,#13137);
#13135 = CARTESIAN_POINT('',(1.325,-1.6,0.18));
#13136 = DIRECTION('',(1.,0.,-0.));
#13137 = DIRECTION('',(0.,0.,1.));
#13138 = ORIENTED_EDGE('',*,*,#13116,.F.);
#13139 = ORIENTED_EDGE('',*,*,#13140,.T.);
#13140 = EDGE_CURVE('',#13109,#13141,#13143,.T.);
#13141 = VERTEX_POINT('',#13142);
#13142 = CARTESIAN_POINT('',(1.075,-1.399999999999,0.18));
#13143 = CIRCLE('',#13144,0.2);
#13144 = AXIS2_PLACEMENT_3D('',#13145,#13146,#13147);
#13145 = CARTESIAN_POINT('',(1.075,-1.6,0.18));
#13146 = DIRECTION('',(1.,0.,-0.));
#13147 = DIRECTION('',(0.,0.,1.));
#13148 = ORIENTED_EDGE('',*,*,#13149,.T.);
#13149 = EDGE_CURVE('',#13141,#13131,#13150,.T.);
#13150 = LINE('',#13151,#13152);
#13151 = CARTESIAN_POINT('',(1.075,-1.399999999999,0.18));
#13152 = VECTOR('',#13153,1.);
#13153 = DIRECTION('',(1.,0.,0.));
#13154 = CYLINDRICAL_SURFACE('',#13155,0.2);
#13155 = AXIS2_PLACEMENT_3D('',#13156,#13157,#13158);
#13156 = CARTESIAN_POINT('',(1.075,-1.6,0.18));
#13157 = DIRECTION('',(1.,0.,0.));
#13158 = DIRECTION('',(0.,0.,-1.));
#13159 = ADVANCED_FACE('',(#13160),#13185,.F.);
#13160 = FACE_BOUND('',#13161,.T.);
#13161 = EDGE_LOOP('',(#13162,#13170,#13171,#13179));
#13162 = ORIENTED_EDGE('',*,*,#13163,.F.);
#13163 = EDGE_CURVE('',#13131,#13164,#13166,.T.);
#13164 = VERTEX_POINT('',#13165);
#13165 = CARTESIAN_POINT('',(1.325,-1.399999999999,0.688225399466));
#13166 = LINE('',#13167,#13168);
#13167 = CARTESIAN_POINT('',(1.325,-1.399999999999,0.18));
#13168 = VECTOR('',#13169,1.);
#13169 = DIRECTION('',(0.,0.,1.));
#13170 = ORIENTED_EDGE('',*,*,#13149,.F.);
#13171 = ORIENTED_EDGE('',*,*,#13172,.T.);
#13172 = EDGE_CURVE('',#13141,#13173,#13175,.T.);
#13173 = VERTEX_POINT('',#13174);
#13174 = CARTESIAN_POINT('',(1.075,-1.399999999999,0.688225399466));
#13175 = LINE('',#13176,#13177);
#13176 = CARTESIAN_POINT('',(1.075,-1.399999999999,0.18));
#13177 = VECTOR('',#13178,1.);
#13178 = DIRECTION('',(0.,0.,1.));
#13179 = ORIENTED_EDGE('',*,*,#13180,.T.);
#13180 = EDGE_CURVE('',#13173,#13164,#13181,.T.);
#13181 = LINE('',#13182,#13183);
#13182 = CARTESIAN_POINT('',(1.075,-1.399999999999,0.688225399466));
#13183 = VECTOR('',#13184,1.);
#13184 = DIRECTION('',(1.,0.,0.));
#13185 = PLANE('',#13186);
#13186 = AXIS2_PLACEMENT_3D('',#13187,#13188,#13189);
#13187 = CARTESIAN_POINT('',(1.075,-1.399999999999,0.18));
#13188 = DIRECTION('',(0.,-1.,0.));
#13189 = DIRECTION('',(0.,0.,1.));
#13190 = ADVANCED_FACE('',(#13191),#13218,.F.);
#13191 = FACE_BOUND('',#13192,.F.);
#13192 = EDGE_LOOP('',(#13193,#13203,#13210,#13211));
#13193 = ORIENTED_EDGE('',*,*,#13194,.F.);
#13194 = EDGE_CURVE('',#13195,#13197,#13199,.T.);
#13195 = VERTEX_POINT('',#13196);
#13196 = CARTESIAN_POINT('',(1.075,-1.348654602222,0.856067255966));
#13197 = VERTEX_POINT('',#13198);
#13198 = CARTESIAN_POINT('',(1.325,-1.348654602222,0.856067255966));
#13199 = LINE('',#13200,#13201);
#13200 = CARTESIAN_POINT('',(1.075,-1.348654602222,0.856067255966));
#13201 = VECTOR('',#13202,1.);
#13202 = DIRECTION('',(1.,0.,0.));
#13203 = ORIENTED_EDGE('',*,*,#13204,.F.);
#13204 = EDGE_CURVE('',#13173,#13195,#13205,.T.);
#13205 = CIRCLE('',#13206,0.299999999999);
#13206 = AXIS2_PLACEMENT_3D('',#13207,#13208,#13209);
#13207 = CARTESIAN_POINT('',(1.075,-1.1,0.688225399466));
#13208 = DIRECTION('',(-1.,0.,0.));
#13209 = DIRECTION('',(0.,0.,-1.));
#13210 = ORIENTED_EDGE('',*,*,#13180,.T.);
#13211 = ORIENTED_EDGE('',*,*,#13212,.T.);
#13212 = EDGE_CURVE('',#13164,#13197,#13213,.T.);
#13213 = CIRCLE('',#13214,0.299999999999);
#13214 = AXIS2_PLACEMENT_3D('',#13215,#13216,#13217);
#13215 = CARTESIAN_POINT('',(1.325,-1.1,0.688225399466));
#13216 = DIRECTION('',(-1.,0.,0.));
#13217 = DIRECTION('',(0.,0.,-1.));
#13218 = CYLINDRICAL_SURFACE('',#13219,0.299999999999);
#13219 = AXIS2_PLACEMENT_3D('',#13220,#13221,#13222);
#13220 = CARTESIAN_POINT('',(1.075,-1.1,0.688225399466));
#13221 = DIRECTION('',(1.,0.,0.));
#13222 = DIRECTION('',(0.,0.,-1.));
#13223 = ADVANCED_FACE('',(#13224),#13249,.F.);
#13224 = FACE_BOUND('',#13225,.T.);
#13225 = EDGE_LOOP('',(#13226,#13234,#13235,#13243));
#13226 = ORIENTED_EDGE('',*,*,#13227,.F.);
#13227 = EDGE_CURVE('',#13197,#13228,#13230,.T.);
#13228 = VERTEX_POINT('',#13229);
#13229 = CARTESIAN_POINT('',(1.325,-1.181345397777,1.103932744033));
#13230 = LINE('',#13231,#13232);
#13231 = CARTESIAN_POINT('',(1.325,-1.348654602222,0.856067255966));
#13232 = VECTOR('',#13233,1.);
#13233 = DIRECTION('',(0.,0.559472855001,0.828848674075));
#13234 = ORIENTED_EDGE('',*,*,#13194,.F.);
#13235 = ORIENTED_EDGE('',*,*,#13236,.T.);
#13236 = EDGE_CURVE('',#13195,#13237,#13239,.T.);
#13237 = VERTEX_POINT('',#13238);
#13238 = CARTESIAN_POINT('',(1.075,-1.181345397777,1.103932744033));
#13239 = LINE('',#13240,#13241);
#13240 = CARTESIAN_POINT('',(1.075,-1.348654602222,0.856067255966));
#13241 = VECTOR('',#13242,1.);
#13242 = DIRECTION('',(0.,0.559472855001,0.828848674075));
#13243 = ORIENTED_EDGE('',*,*,#13244,.T.);
#13244 = EDGE_CURVE('',#13237,#13228,#13245,.T.);
#13245 = LINE('',#13246,#13247);
#13246 = CARTESIAN_POINT('',(1.075,-1.181345397777,1.103932744033));
#13247 = VECTOR('',#13248,1.);
#13248 = DIRECTION('',(1.,0.,0.));
#13249 = PLANE('',#13250);
#13250 = AXIS2_PLACEMENT_3D('',#13251,#13252,#13253);
#13251 = CARTESIAN_POINT('',(1.075,-1.348654602222,0.856067255966));
#13252 = DIRECTION('',(0.,-0.828848674075,0.559472855001));
#13253 = DIRECTION('',(0.,0.559472855001,0.828848674075));
#13254 = ADVANCED_FACE('',(#13255),#13282,.T.);
#13255 = FACE_BOUND('',#13256,.T.);
#13256 = EDGE_LOOP('',(#13257,#13266,#13267,#13276));
#13257 = ORIENTED_EDGE('',*,*,#13258,.F.);
#13258 = EDGE_CURVE('',#13228,#13259,#13261,.T.);
#13259 = VERTEX_POINT('',#13260);
#13260 = CARTESIAN_POINT('',(1.325,-1.129999999999,1.271774600533));
#13261 = CIRCLE('',#13262,0.299999999999);
#13262 = AXIS2_PLACEMENT_3D('',#13263,#13264,#13265);
#13263 = CARTESIAN_POINT('',(1.325,-1.429999999999,1.271774600533));
#13264 = DIRECTION('',(1.,0.,-0.));
#13265 = DIRECTION('',(0.,0.,1.));
#13266 = ORIENTED_EDGE('',*,*,#13244,.F.);
#13267 = ORIENTED_EDGE('',*,*,#13268,.T.);
#13268 = EDGE_CURVE('',#13237,#13269,#13271,.T.);
#13269 = VERTEX_POINT('',#13270);
#13270 = CARTESIAN_POINT('',(1.075,-1.129999999999,1.271774600533));
#13271 = CIRCLE('',#13272,0.299999999999);
#13272 = AXIS2_PLACEMENT_3D('',#13273,#13274,#13275);
#13273 = CARTESIAN_POINT('',(1.075,-1.429999999999,1.271774600533));
#13274 = DIRECTION('',(1.,0.,-0.));
#13275 = DIRECTION('',(0.,0.,1.));
#13276 = ORIENTED_EDGE('',*,*,#13277,.T.);
#13277 = EDGE_CURVE('',#13269,#13259,#13278,.T.);
#13278 = LINE('',#13279,#13280);
#13279 = CARTESIAN_POINT('',(1.075,-1.129999999999,1.271774600533));
#13280 = VECTOR('',#13281,1.);
#13281 = DIRECTION('',(1.,0.,0.));
#13282 = CYLINDRICAL_SURFACE('',#13283,0.299999999999);
#13283 = AXIS2_PLACEMENT_3D('',#13284,#13285,#13286);
#13284 = CARTESIAN_POINT('',(1.075,-1.429999999999,1.271774600533));
#13285 = DIRECTION('',(1.,0.,0.));
#13286 = DIRECTION('',(0.,0.,-1.));
#13287 = ADVANCED_FACE('',(#13288),#13313,.F.);
#13288 = FACE_BOUND('',#13289,.T.);
#13289 = EDGE_LOOP('',(#13290,#13298,#13299,#13307));
#13290 = ORIENTED_EDGE('',*,*,#13291,.F.);
#13291 = EDGE_CURVE('',#13259,#13292,#13294,.T.);
#13292 = VERTEX_POINT('',#13293);
#13293 = CARTESIAN_POINT('',(1.325,-1.129999999999,1.953753400942));
#13294 = LINE('',#13295,#13296);
#13295 = CARTESIAN_POINT('',(1.325,-1.129999999999,1.271774600533));
#13296 = VECTOR('',#13297,1.);
#13297 = DIRECTION('',(0.,6.359154694171E-16,1.));
#13298 = ORIENTED_EDGE('',*,*,#13277,.F.);
#13299 = ORIENTED_EDGE('',*,*,#13300,.T.);
#13300 = EDGE_CURVE('',#13269,#13301,#13303,.T.);
#13301 = VERTEX_POINT('',#13302);
#13302 = CARTESIAN_POINT('',(1.075,-1.129999999999,1.953753400942));
#13303 = LINE('',#13304,#13305);
#13304 = CARTESIAN_POINT('',(1.075,-1.129999999999,1.271774600533));
#13305 = VECTOR('',#13306,1.);
#13306 = DIRECTION('',(0.,6.359154694171E-16,1.));
#13307 = ORIENTED_EDGE('',*,*,#13308,.T.);
#13308 = EDGE_CURVE('',#13301,#13292,#13309,.T.);
#13309 = LINE('',#13310,#13311);
#13310 = CARTESIAN_POINT('',(1.075,-1.129999999999,1.953753400942));
#13311 = VECTOR('',#13312,1.);
#13312 = DIRECTION('',(1.,0.,0.));
#13313 = PLANE('',#13314);
#13314 = AXIS2_PLACEMENT_3D('',#13315,#13316,#13317);
#13315 = CARTESIAN_POINT('',(1.075,-1.129999999999,1.271774600533));
#13316 = DIRECTION('',(0.,-1.,6.359154694171E-16));
#13317 = DIRECTION('',(0.,6.359154694171E-16,1.));
#13318 = ADVANCED_FACE('',(#13319),#13337,.F.);
#13319 = FACE_BOUND('',#13320,.F.);
#13320 = EDGE_LOOP('',(#13321,#13322,#13329,#13330));
#13321 = ORIENTED_EDGE('',*,*,#12753,.F.);
#13322 = ORIENTED_EDGE('',*,*,#13323,.F.);
#13323 = EDGE_CURVE('',#13301,#12754,#13324,.T.);
#13324 = CIRCLE('',#13325,0.299999999999);
#13325 = AXIS2_PLACEMENT_3D('',#13326,#13327,#13328);
#13326 = CARTESIAN_POINT('',(1.075,-0.829999999999,1.953753400942));
#13327 = DIRECTION('',(-1.,0.,0.));
#13328 = DIRECTION('',(0.,0.,-1.));
#13329 = ORIENTED_EDGE('',*,*,#13308,.T.);
#13330 = ORIENTED_EDGE('',*,*,#13331,.T.);
#13331 = EDGE_CURVE('',#13292,#12744,#13332,.T.);
#13332 = CIRCLE('',#13333,0.299999999999);
#13333 = AXIS2_PLACEMENT_3D('',#13334,#13335,#13336);
#13334 = CARTESIAN_POINT('',(1.325,-0.829999999999,1.953753400942));
#13335 = DIRECTION('',(-1.,0.,0.));
#13336 = DIRECTION('',(0.,0.,-1.));
#13337 = CYLINDRICAL_SURFACE('',#13338,0.299999999999);
#13338 = AXIS2_PLACEMENT_3D('',#13339,#13340,#13341);
#13339 = CARTESIAN_POINT('',(1.075,-0.829999999999,1.953753400942));
#13340 = DIRECTION('',(1.,0.,0.));
#13341 = DIRECTION('',(0.,0.,-1.));
#13342 = ADVANCED_FACE('',(#13343),#13364,.T.);
#13343 = FACE_BOUND('',#13344,.T.);
#13344 = EDGE_LOOP('',(#13345,#13346,#13347,#13348,#13349,#13350,#13351,
    #13352,#13353,#13354,#13355,#13356,#13357,#13358,#13359,#13360,
    #13361,#13362,#13363));
#13345 = ORIENTED_EDGE('',*,*,#12761,.F.);
#13346 = ORIENTED_EDGE('',*,*,#13323,.F.);
#13347 = ORIENTED_EDGE('',*,*,#13300,.F.);
#13348 = ORIENTED_EDGE('',*,*,#13268,.F.);
#13349 = ORIENTED_EDGE('',*,*,#13236,.F.);
#13350 = ORIENTED_EDGE('',*,*,#13204,.F.);
#13351 = ORIENTED_EDGE('',*,*,#13172,.F.);
#13352 = ORIENTED_EDGE('',*,*,#13140,.F.);
#13353 = ORIENTED_EDGE('',*,*,#13108,.F.);
#13354 = ORIENTED_EDGE('',*,*,#13077,.T.);
#13355 = ORIENTED_EDGE('',*,*,#13046,.T.);
#13356 = ORIENTED_EDGE('',*,*,#13015,.T.);
#13357 = ORIENTED_EDGE('',*,*,#12983,.T.);
#13358 = ORIENTED_EDGE('',*,*,#12951,.T.);
#13359 = ORIENTED_EDGE('',*,*,#12919,.T.);
#13360 = ORIENTED_EDGE('',*,*,#12887,.T.);
#13361 = ORIENTED_EDGE('',*,*,#12855,.T.);
#13362 = ORIENTED_EDGE('',*,*,#12823,.T.);
#13363 = ORIENTED_EDGE('',*,*,#12792,.T.);
#13364 = PLANE('',#13365);
#13365 = AXIS2_PLACEMENT_3D('',#13366,#13367,#13368);
#13366 = CARTESIAN_POINT('',(1.075,-0.829999999999,1.953753400942));
#13367 = DIRECTION('',(-1.,0.,0.));
#13368 = DIRECTION('',(0.,0.,1.));
#13369 = ADVANCED_FACE('',(#13370),#13391,.F.);
#13370 = FACE_BOUND('',#13371,.T.);
#13371 = EDGE_LOOP('',(#13372,#13373,#13374,#13375,#13376,#13377,#13378,
    #13379,#13380,#13381,#13382,#13383,#13384,#13385,#13386,#13387,
    #13388,#13389,#13390));
#13372 = ORIENTED_EDGE('',*,*,#12743,.T.);
#13373 = ORIENTED_EDGE('',*,*,#12783,.F.);
#13374 = ORIENTED_EDGE('',*,*,#12814,.F.);
#13375 = ORIENTED_EDGE('',*,*,#12845,.F.);
#13376 = ORIENTED_EDGE('',*,*,#12878,.F.);
#13377 = ORIENTED_EDGE('',*,*,#12927,.F.);
#13378 = ORIENTED_EDGE('',*,*,#12942,.F.);
#13379 = ORIENTED_EDGE('',*,*,#12973,.F.);
#13380 = ORIENTED_EDGE('',*,*,#13006,.F.);
#13381 = ORIENTED_EDGE('',*,*,#13037,.F.);
#13382 = ORIENTED_EDGE('',*,*,#13068,.F.);
#13383 = ORIENTED_EDGE('',*,*,#13099,.T.);
#13384 = ORIENTED_EDGE('',*,*,#13130,.T.);
#13385 = ORIENTED_EDGE('',*,*,#13163,.T.);
#13386 = ORIENTED_EDGE('',*,*,#13212,.T.);
#13387 = ORIENTED_EDGE('',*,*,#13227,.T.);
#13388 = ORIENTED_EDGE('',*,*,#13258,.T.);
#13389 = ORIENTED_EDGE('',*,*,#13291,.T.);
#13390 = ORIENTED_EDGE('',*,*,#13331,.T.);
#13391 = PLANE('',#13392);
#13392 = AXIS2_PLACEMENT_3D('',#13393,#13394,#13395);
#13393 = CARTESIAN_POINT('',(1.325,-0.829999999999,1.953753400942));
#13394 = DIRECTION('',(-1.,0.,0.));
#13395 = DIRECTION('',(0.,0.,1.));
#13396 = ( GEOMETRIC_REPRESENTATION_CONTEXT(3) 
GLOBAL_UNCERTAINTY_ASSIGNED_CONTEXT((#13400)) 
GLOBAL_UNIT_ASSIGNED_CONTEXT((#13397,#13398,#13399)) 
REPRESENTATION_CONTEXT('Context #1',
  '3D Context with UNIT and UNCERTAINTY') );
#13397 = ( LENGTH_UNIT() NAMED_UNIT(*) SI_UNIT(.MILLI.,.METRE.) );
#13398 = ( NAMED_UNIT(*) PLANE_ANGLE_UNIT() SI_UNIT($,.RADIAN.) );
#13399 = ( NAMED_UNIT(*) SI_UNIT($,.STERADIAN.) SOLID_ANGLE_UNIT() );
#13400 = UNCERTAINTY_MEASURE_WITH_UNIT(LENGTH_MEASURE(1.E-07),#13397,
  'distance_accuracy_value','confusion accuracy');
#13401 = CONTEXT_DEPENDENT_SHAPE_REPRESENTATION(#13402,#13404);
#13402 = ( REPRESENTATION_RELATIONSHIP('','',#12736,#10) 
REPRESENTATION_RELATIONSHIP_WITH_TRANSFORMATION(#13403) 
SHAPE_REPRESENTATION_RELATIONSHIP() );
#13403 = ITEM_DEFINED_TRANSFORMATION('','',#11,#59);
#13404 = PRODUCT_DEFINITION_SHAPE('Placement','Placement of an item',
  #13405);
#13405 = NEXT_ASSEMBLY_USAGE_OCCURRENCE('12',
'CONN-SMD_HC-PBB08-2-08-M-H1.0-G1-R-P-04_1~CONN-SMD_
HC-PBB08-2-08-M-H1.0-G1-R-P-04_1~bmqH010','',#5,#12731,$);
#13406 = PRODUCT_RELATED_PRODUCT_CATEGORY('part',$,(#12733));
#13407 = SHAPE_DEFINITION_REPRESENTATION(#13408,#13414);
#13408 = PRODUCT_DEFINITION_SHAPE('','',#13409);
#13409 = PRODUCT_DEFINITION('design','',#13410,#13413);
#13410 = PRODUCT_DEFINITION_FORMATION('','',#13411);
#13411 = PRODUCT(
'CONN-SMD_HC-PBB08-2-08-M-H1.0-G1-R-P-04_1~CONN-SMD_
HC-PBB08-2-08-M-H1.0-G1-R-P-04_1~bmqH011',
'CONN-SMD_HC-PBB08-2-08-M-H1.0-G1-R-P-04_1~CONN-SMD_
HC-PBB08-2-08-M-H1.0-G1-R-P-04_1~bmqH011','',(#13412));
#13412 = PRODUCT_CONTEXT('',#2,'mechanical');
#13413 = PRODUCT_DEFINITION_CONTEXT('part definition',#2,'design');
#13414 = ADVANCED_BREP_SHAPE_REPRESENTATION('',(#11,#13415),#13973);
#13415 = MANIFOLD_SOLID_BREP('',#13416);
#13416 = CLOSED_SHELL('',(#13417,#13457,#13497,#13621,#13745,#13767,
    #13784,#13801,#13818,#13835,#13852,#13869,#13881,#13898,#13915,
    #13932,#13949,#13961));
#13417 = ADVANCED_FACE('',(#13418),#13452,.T.);
#13418 = FACE_BOUND('',#13419,.T.);
#13419 = EDGE_LOOP('',(#13420,#13430,#13438,#13446));
#13420 = ORIENTED_EDGE('',*,*,#13421,.F.);
#13421 = EDGE_CURVE('',#13422,#13424,#13426,.T.);
#13422 = VERTEX_POINT('',#13423);
#13423 = CARTESIAN_POINT('',(-0.524999999999,0.25,0.28));
#13424 = VERTEX_POINT('',#13425);
#13425 = CARTESIAN_POINT('',(-0.524999999999,0.25,0.688225399466));
#13426 = LINE('',#13427,#13428);
#13427 = CARTESIAN_POINT('',(-0.524999999999,0.25,0.18));
#13428 = VECTOR('',#13429,1.);
#13429 = DIRECTION('',(0.,0.,1.));
#13430 = ORIENTED_EDGE('',*,*,#13431,.T.);
#13431 = EDGE_CURVE('',#13422,#13432,#13434,.T.);
#13432 = VERTEX_POINT('',#13433);
#13433 = CARTESIAN_POINT('',(-0.274999999999,0.25,0.28));
#13434 = LINE('',#13435,#13436);
#13435 = CARTESIAN_POINT('',(-0.524999999999,0.25,0.28));
#13436 = VECTOR('',#13437,1.);
#13437 = DIRECTION('',(1.,3.669607353027E-16,2.693841220634E-32));
#13438 = ORIENTED_EDGE('',*,*,#13439,.T.);
#13439 = EDGE_CURVE('',#13432,#13440,#13442,.T.);
#13440 = VERTEX_POINT('',#13441);
#13441 = CARTESIAN_POINT('',(-0.274999999999,0.25,0.688225399466));
#13442 = LINE('',#13443,#13444);
#13443 = CARTESIAN_POINT('',(-0.274999999999,0.25,0.18));
#13444 = VECTOR('',#13445,1.);
#13445 = DIRECTION('',(0.,0.,1.));
#13446 = ORIENTED_EDGE('',*,*,#13447,.F.);
#13447 = EDGE_CURVE('',#13424,#13440,#13448,.T.);
#13448 = LINE('',#13449,#13450);
#13449 = CARTESIAN_POINT('',(-0.524999999999,0.25,0.688225399466));
#13450 = VECTOR('',#13451,1.);
#13451 = DIRECTION('',(1.,3.669607353027E-16,0.));
#13452 = PLANE('',#13453);
#13453 = AXIS2_PLACEMENT_3D('',#13454,#13455,#13456);
#13454 = CARTESIAN_POINT('',(-0.524999999999,0.25,0.18));
#13455 = DIRECTION('',(3.669607353027E-16,-1.,0.));
#13456 = DIRECTION('',(0.,0.,1.));
#13457 = ADVANCED_FACE('',(#13458),#13492,.F.);
#13458 = FACE_BOUND('',#13459,.T.);
#13459 = EDGE_LOOP('',(#13460,#13470,#13478,#13486));
#13460 = ORIENTED_EDGE('',*,*,#13461,.F.);
#13461 = EDGE_CURVE('',#13462,#13464,#13466,.T.);
#13462 = VERTEX_POINT('',#13463);
#13463 = CARTESIAN_POINT('',(-0.524999999999,0.5,0.28));
#13464 = VERTEX_POINT('',#13465);
#13465 = CARTESIAN_POINT('',(-0.274999999999,0.5,0.279999999999));
#13466 = LINE('',#13467,#13468);
#13467 = CARTESIAN_POINT('',(-0.524999999999,0.5,0.28));
#13468 = VECTOR('',#13469,1.);
#13469 = DIRECTION('',(1.,0.,0.));
#13470 = ORIENTED_EDGE('',*,*,#13471,.T.);
#13471 = EDGE_CURVE('',#13462,#13472,#13474,.T.);
#13472 = VERTEX_POINT('',#13473);
#13473 = CARTESIAN_POINT('',(-0.525,0.5,0.688225399466));
#13474 = LINE('',#13475,#13476);
#13475 = CARTESIAN_POINT('',(-0.525,0.5,0.18));
#13476 = VECTOR('',#13477,1.);
#13477 = DIRECTION('',(0.,0.,1.));
#13478 = ORIENTED_EDGE('',*,*,#13479,.T.);
#13479 = EDGE_CURVE('',#13472,#13480,#13482,.T.);
#13480 = VERTEX_POINT('',#13481);
#13481 = CARTESIAN_POINT('',(-0.274999999999,0.5,0.688225399466));
#13482 = LINE('',#13483,#13484);
#13483 = CARTESIAN_POINT('',(-0.525,0.5,0.688225399466));
#13484 = VECTOR('',#13485,1.);
#13485 = DIRECTION('',(1.,3.669607353027E-16,0.));
#13486 = ORIENTED_EDGE('',*,*,#13487,.F.);
#13487 = EDGE_CURVE('',#13464,#13480,#13488,.T.);
#13488 = LINE('',#13489,#13490);
#13489 = CARTESIAN_POINT('',(-0.274999999999,0.5,0.18));
#13490 = VECTOR('',#13491,1.);
#13491 = DIRECTION('',(0.,0.,1.));
#13492 = PLANE('',#13493);
#13493 = AXIS2_PLACEMENT_3D('',#13494,#13495,#13496);
#13494 = CARTESIAN_POINT('',(-0.525,0.5,0.18));
#13495 = DIRECTION('',(3.669607353027E-16,-1.,0.));
#13496 = DIRECTION('',(0.,0.,1.));
#13497 = ADVANCED_FACE('',(#13498),#13616,.T.);
#13498 = FACE_BOUND('',#13499,.T.);
#13499 = EDGE_LOOP('',(#13500,#13501,#13507,#13508,#13517,#13525,#13534,
    #13542,#13551,#13559,#13567,#13575,#13584,#13592,#13601,#13609));
#13500 = ORIENTED_EDGE('',*,*,#13471,.F.);
#13501 = ORIENTED_EDGE('',*,*,#13502,.F.);
#13502 = EDGE_CURVE('',#13422,#13462,#13503,.T.);
#13503 = LINE('',#13504,#13505);
#13504 = CARTESIAN_POINT('',(-0.524999999999,-0.699999999999,0.28));
#13505 = VECTOR('',#13506,1.);
#13506 = DIRECTION('',(0.,1.,7.340952209537E-17));
#13507 = ORIENTED_EDGE('',*,*,#13421,.T.);
#13508 = ORIENTED_EDGE('',*,*,#13509,.T.);
#13509 = EDGE_CURVE('',#13424,#13510,#13512,.T.);
#13510 = VERTEX_POINT('',#13511);
#13511 = CARTESIAN_POINT('',(-0.524999999999,0.344133229258,
    0.995935469716));
#13512 = CIRCLE('',#13513,0.55);
#13513 = AXIS2_PLACEMENT_3D('',#13514,#13515,#13516);
#13514 = CARTESIAN_POINT('',(-0.525,0.799999999999,0.688225399466));
#13515 = DIRECTION('',(-1.,-3.669607353027E-16,0.));
#13516 = DIRECTION('',(2.604172100282E-30,-7.096596038086E-15,1.));
#13517 = ORIENTED_EDGE('',*,*,#13518,.T.);
#13518 = EDGE_CURVE('',#13510,#13519,#13521,.T.);
#13519 = VERTEX_POINT('',#13520);
#13520 = CARTESIAN_POINT('',(-0.525,0.511442433703,1.243800957783));
#13521 = LINE('',#13522,#13523);
#13522 = CARTESIAN_POINT('',(-0.524999999999,0.344133229258,
    0.995935469716));
#13523 = VECTOR('',#13524,1.);
#13524 = DIRECTION('',(-2.053045702532E-16,0.559472855001,0.828848674075
    ));
#13525 = ORIENTED_EDGE('',*,*,#13526,.T.);
#13526 = EDGE_CURVE('',#13519,#13527,#13529,.T.);
#13527 = VERTEX_POINT('',#13528);
#13528 = CARTESIAN_POINT('',(-0.525,0.52,1.271774600533));
#13529 = CIRCLE('',#13530,4.9999999999E-02);
#13530 = AXIS2_PLACEMENT_3D('',#13531,#13532,#13533);
#13531 = CARTESIAN_POINT('',(-0.525,0.47,1.271774600533));
#13532 = DIRECTION('',(1.,3.669607353027E-16,0.));
#13533 = DIRECTION('',(0.,-0.,1.));
#13534 = ORIENTED_EDGE('',*,*,#13535,.T.);
#13535 = EDGE_CURVE('',#13527,#13536,#13538,.T.);
#13536 = VERTEX_POINT('',#13537);
#13537 = CARTESIAN_POINT('',(-0.525,0.52,1.953753400942));
#13538 = LINE('',#13539,#13540);
#13539 = CARTESIAN_POINT('',(-0.525,0.52,1.271774600533));
#13540 = VECTOR('',#13541,1.);
#13541 = DIRECTION('',(-2.333560082477E-31,6.359154694171E-16,1.));
#13542 = ORIENTED_EDGE('',*,*,#13543,.T.);
#13543 = EDGE_CURVE('',#13536,#13544,#13546,.T.);
#13544 = VERTEX_POINT('',#13545);
#13545 = CARTESIAN_POINT('',(-0.525,0.528355735843,2.049259898659));
#13546 = CIRCLE('',#13547,0.549999999999);
#13547 = AXIS2_PLACEMENT_3D('',#13548,#13549,#13550);
#13548 = CARTESIAN_POINT('',(-0.525,1.07,1.953753400942));
#13549 = DIRECTION('',(-1.,-3.669607353027E-16,0.));
#13550 = DIRECTION('',(-4.195610606008E-30,1.143340472802E-14,1.));
#13551 = ORIENTED_EDGE('',*,*,#13552,.T.);
#13552 = EDGE_CURVE('',#13544,#13553,#13555,.T.);
#13553 = VERTEX_POINT('',#13554);
#13554 = CARTESIAN_POINT('',(-0.525,0.575892515047,2.31885437032));
#13555 = LINE('',#13556,#13557);
#13556 = CARTESIAN_POINT('',(-0.525,0.528355735843,2.049259898659));
#13557 = VECTOR('',#13558,1.);
#13558 = DIRECTION('',(-6.372206296066E-17,0.173648177666,0.984807753012
    ));
#13559 = ORIENTED_EDGE('',*,*,#13560,.T.);
#13560 = EDGE_CURVE('',#13553,#13561,#13563,.T.);
#13561 = VERTEX_POINT('',#13562);
#13562 = CARTESIAN_POINT('',(-0.525,0.8220944533,2.275442325903));
#13563 = LINE('',#13564,#13565);
#13564 = CARTESIAN_POINT('',(-0.525,0.575892515047,2.31885437032));
#13565 = VECTOR('',#13566,1.);
#13566 = DIRECTION('',(-3.613857771773E-16,0.984807753012,
    -0.173648177666));
#13567 = ORIENTED_EDGE('',*,*,#13568,.F.);
#13568 = EDGE_CURVE('',#13569,#13561,#13571,.T.);
#13569 = VERTEX_POINT('',#13570);
#13570 = CARTESIAN_POINT('',(-0.525,0.774557674096,2.005847854242));
#13571 = LINE('',#13572,#13573);
#13572 = CARTESIAN_POINT('',(-0.525,0.774557674096,2.005847854242));
#13573 = VECTOR('',#13574,1.);
#13574 = DIRECTION('',(-6.372206296066E-17,0.173648177666,0.984807753012
    ));
#13575 = ORIENTED_EDGE('',*,*,#13576,.F.);
#13576 = EDGE_CURVE('',#13577,#13569,#13579,.T.);
#13577 = VERTEX_POINT('',#13578);
#13578 = CARTESIAN_POINT('',(-0.525,0.77,1.953753400942));
#13579 = CIRCLE('',#13580,0.299999999999);
#13580 = AXIS2_PLACEMENT_3D('',#13581,#13582,#13583);
#13581 = CARTESIAN_POINT('',(-0.525,1.07,1.953753400942));
#13582 = DIRECTION('',(-1.,-3.669607353027E-16,0.));
#13583 = DIRECTION('',(-0.,0.,-1.));
#13584 = ORIENTED_EDGE('',*,*,#13585,.F.);
#13585 = EDGE_CURVE('',#13586,#13577,#13588,.T.);
#13586 = VERTEX_POINT('',#13587);
#13587 = CARTESIAN_POINT('',(-0.525,0.77,1.271774600533));
#13588 = LINE('',#13589,#13590);
#13589 = CARTESIAN_POINT('',(-0.525,0.77,1.271774600533));
#13590 = VECTOR('',#13591,1.);
#13591 = DIRECTION('',(-2.333560082477E-31,6.359154694171E-16,1.));
#13592 = ORIENTED_EDGE('',*,*,#13593,.F.);
#13593 = EDGE_CURVE('',#13594,#13586,#13596,.T.);
#13594 = VERTEX_POINT('',#13595);
#13595 = CARTESIAN_POINT('',(-0.525,0.718654602222,1.103932744033));
#13596 = CIRCLE('',#13597,0.299999999999);
#13597 = AXIS2_PLACEMENT_3D('',#13598,#13599,#13600);
#13598 = CARTESIAN_POINT('',(-0.525,0.47,1.271774600533));
#13599 = DIRECTION('',(1.,3.669607353027E-16,0.));
#13600 = DIRECTION('',(0.,-0.,1.));
#13601 = ORIENTED_EDGE('',*,*,#13602,.F.);
#13602 = EDGE_CURVE('',#13603,#13594,#13605,.T.);
#13603 = VERTEX_POINT('',#13604);
#13604 = CARTESIAN_POINT('',(-0.525,0.551345397777,0.856067255966));
#13605 = LINE('',#13606,#13607);
#13606 = CARTESIAN_POINT('',(-0.525,0.551345397777,0.856067255966));
#13607 = VECTOR('',#13608,1.);
#13608 = DIRECTION('',(-2.053045702532E-16,0.559472855001,0.828848674075
    ));
#13609 = ORIENTED_EDGE('',*,*,#13610,.F.);
#13610 = EDGE_CURVE('',#13472,#13603,#13611,.T.);
#13611 = CIRCLE('',#13612,0.299999999999);
#13612 = AXIS2_PLACEMENT_3D('',#13613,#13614,#13615);
#13613 = CARTESIAN_POINT('',(-0.525,0.799999999999,0.688225399466));
#13614 = DIRECTION('',(-1.,-3.669607353027E-16,0.));
#13615 = DIRECTION('',(-0.,0.,-1.));
#13616 = PLANE('',#13617);
#13617 = AXIS2_PLACEMENT_3D('',#13618,#13619,#13620);
#13618 = CARTESIAN_POINT('',(-0.525,1.07,1.953753400942));
#13619 = DIRECTION('',(-1.,-3.669607353027E-16,0.));
#13620 = DIRECTION('',(0.,0.,1.));
#13621 = ADVANCED_FACE('',(#13622),#13740,.F.);
#13622 = FACE_BOUND('',#13623,.T.);
#13623 = EDGE_LOOP('',(#13624,#13630,#13631,#13640,#13648,#13657,#13665,
    #13674,#13682,#13690,#13698,#13707,#13715,#13724,#13732,#13739));
#13624 = ORIENTED_EDGE('',*,*,#13625,.F.);
#13625 = EDGE_CURVE('',#13464,#13432,#13626,.T.);
#13626 = LINE('',#13627,#13628);
#13627 = CARTESIAN_POINT('',(-0.274999999999,-0.699999999999,0.28));
#13628 = VECTOR('',#13629,1.);
#13629 = DIRECTION('',(0.,-1.,-7.340952209537E-17));
#13630 = ORIENTED_EDGE('',*,*,#13487,.T.);
#13631 = ORIENTED_EDGE('',*,*,#13632,.T.);
#13632 = EDGE_CURVE('',#13480,#13633,#13635,.T.);
#13633 = VERTEX_POINT('',#13634);
#13634 = CARTESIAN_POINT('',(-0.274999999999,0.551345397777,
    0.856067255966));
#13635 = CIRCLE('',#13636,0.299999999999);
#13636 = AXIS2_PLACEMENT_3D('',#13637,#13638,#13639);
#13637 = CARTESIAN_POINT('',(-0.274999999999,0.799999999999,
    0.688225399466));
#13638 = DIRECTION('',(-1.,-3.669607353027E-16,0.));
#13639 = DIRECTION('',(-0.,0.,-1.));
#13640 = ORIENTED_EDGE('',*,*,#13641,.T.);
#13641 = EDGE_CURVE('',#13633,#13642,#13644,.T.);
#13642 = VERTEX_POINT('',#13643);
#13643 = CARTESIAN_POINT('',(-0.274999999999,0.718654602222,
    1.103932744033));
#13644 = LINE('',#13645,#13646);
#13645 = CARTESIAN_POINT('',(-0.274999999999,0.551345397777,
    0.856067255966));
#13646 = VECTOR('',#13647,1.);
#13647 = DIRECTION('',(-2.053045702532E-16,0.559472855001,0.828848674075
    ));
#13648 = ORIENTED_EDGE('',*,*,#13649,.T.);
#13649 = EDGE_CURVE('',#13642,#13650,#13652,.T.);
#13650 = VERTEX_POINT('',#13651);
#13651 = CARTESIAN_POINT('',(-0.274999999999,0.77,1.271774600533));
#13652 = CIRCLE('',#13653,0.299999999999);
#13653 = AXIS2_PLACEMENT_3D('',#13654,#13655,#13656);
#13654 = CARTESIAN_POINT('',(-0.274999999999,0.47,1.271774600533));
#13655 = DIRECTION('',(1.,3.669607353027E-16,0.));
#13656 = DIRECTION('',(0.,-0.,1.));
#13657 = ORIENTED_EDGE('',*,*,#13658,.T.);
#13658 = EDGE_CURVE('',#13650,#13659,#13661,.T.);
#13659 = VERTEX_POINT('',#13660);
#13660 = CARTESIAN_POINT('',(-0.274999999999,0.77,1.953753400942));
#13661 = LINE('',#13662,#13663);
#13662 = CARTESIAN_POINT('',(-0.274999999999,0.77,1.271774600533));
#13663 = VECTOR('',#13664,1.);
#13664 = DIRECTION('',(-2.333560082477E-31,6.359154694171E-16,1.));
#13665 = ORIENTED_EDGE('',*,*,#13666,.T.);
#13666 = EDGE_CURVE('',#13659,#13667,#13669,.T.);
#13667 = VERTEX_POINT('',#13668);
#13668 = CARTESIAN_POINT('',(-0.274999999999,0.774557674096,
    2.005847854242));
#13669 = CIRCLE('',#13670,0.299999999999);
#13670 = AXIS2_PLACEMENT_3D('',#13671,#13672,#13673);
#13671 = CARTESIAN_POINT('',(-0.275,1.07,1.953753400942));
#13672 = DIRECTION('',(-1.,-3.669607353027E-16,0.));
#13673 = DIRECTION('',(-0.,0.,-1.));
#13674 = ORIENTED_EDGE('',*,*,#13675,.T.);
#13675 = EDGE_CURVE('',#13667,#13676,#13678,.T.);
#13676 = VERTEX_POINT('',#13677);
#13677 = CARTESIAN_POINT('',(-0.274999999999,0.8220944533,2.275442325903
    ));
#13678 = LINE('',#13679,#13680);
#13679 = CARTESIAN_POINT('',(-0.274999999999,0.774557674096,
    2.005847854242));
#13680 = VECTOR('',#13681,1.);
#13681 = DIRECTION('',(-6.372206296066E-17,0.173648177666,0.984807753012
    ));
#13682 = ORIENTED_EDGE('',*,*,#13683,.F.);
#13683 = EDGE_CURVE('',#13684,#13676,#13686,.T.);
#13684 = VERTEX_POINT('',#13685);
#13685 = CARTESIAN_POINT('',(-0.274999999999,0.575892515047,
    2.31885437032));
#13686 = LINE('',#13687,#13688);
#13687 = CARTESIAN_POINT('',(-0.274999999999,0.575892515047,
    2.31885437032));
#13688 = VECTOR('',#13689,1.);
#13689 = DIRECTION('',(-3.613857771773E-16,0.984807753012,
    -0.173648177666));
#13690 = ORIENTED_EDGE('',*,*,#13691,.F.);
#13691 = EDGE_CURVE('',#13692,#13684,#13694,.T.);
#13692 = VERTEX_POINT('',#13693);
#13693 = CARTESIAN_POINT('',(-0.274999999999,0.528355735843,
    2.049259898659));
#13694 = LINE('',#13695,#13696);
#13695 = CARTESIAN_POINT('',(-0.274999999999,0.528355735843,
    2.049259898659));
#13696 = VECTOR('',#13697,1.);
#13697 = DIRECTION('',(-6.372206296066E-17,0.173648177666,0.984807753012
    ));
#13698 = ORIENTED_EDGE('',*,*,#13699,.F.);
#13699 = EDGE_CURVE('',#13700,#13692,#13702,.T.);
#13700 = VERTEX_POINT('',#13701);
#13701 = CARTESIAN_POINT('',(-0.274999999999,0.52,1.953753400942));
#13702 = CIRCLE('',#13703,0.549999999999);
#13703 = AXIS2_PLACEMENT_3D('',#13704,#13705,#13706);
#13704 = CARTESIAN_POINT('',(-0.275,1.07,1.953753400942));
#13705 = DIRECTION('',(-1.,-3.669607353027E-16,0.));
#13706 = DIRECTION('',(-4.195610606008E-30,1.143340472802E-14,1.));
#13707 = ORIENTED_EDGE('',*,*,#13708,.F.);
#13708 = EDGE_CURVE('',#13709,#13700,#13711,.T.);
#13709 = VERTEX_POINT('',#13710);
#13710 = CARTESIAN_POINT('',(-0.274999999999,0.52,1.271774600533));
#13711 = LINE('',#13712,#13713);
#13712 = CARTESIAN_POINT('',(-0.274999999999,0.52,1.271774600533));
#13713 = VECTOR('',#13714,1.);
#13714 = DIRECTION('',(-2.333560082477E-31,6.359154694171E-16,1.));
#13715 = ORIENTED_EDGE('',*,*,#13716,.F.);
#13716 = EDGE_CURVE('',#13717,#13709,#13719,.T.);
#13717 = VERTEX_POINT('',#13718);
#13718 = CARTESIAN_POINT('',(-0.274999999999,0.511442433703,
    1.243800957783));
#13719 = CIRCLE('',#13720,4.9999999999E-02);
#13720 = AXIS2_PLACEMENT_3D('',#13721,#13722,#13723);
#13721 = CARTESIAN_POINT('',(-0.274999999999,0.47,1.271774600533));
#13722 = DIRECTION('',(1.,3.669607353027E-16,0.));
#13723 = DIRECTION('',(0.,-0.,1.));
#13724 = ORIENTED_EDGE('',*,*,#13725,.F.);
#13725 = EDGE_CURVE('',#13726,#13717,#13728,.T.);
#13726 = VERTEX_POINT('',#13727);
#13727 = CARTESIAN_POINT('',(-0.274999999999,0.344133229258,
    0.995935469716));
#13728 = LINE('',#13729,#13730);
#13729 = CARTESIAN_POINT('',(-0.274999999999,0.344133229258,
    0.995935469716));
#13730 = VECTOR('',#13731,1.);
#13731 = DIRECTION('',(-2.053045702532E-16,0.559472855001,0.828848674075
    ));
#13732 = ORIENTED_EDGE('',*,*,#13733,.F.);
#13733 = EDGE_CURVE('',#13440,#13726,#13734,.T.);
#13734 = CIRCLE('',#13735,0.55);
#13735 = AXIS2_PLACEMENT_3D('',#13736,#13737,#13738);
#13736 = CARTESIAN_POINT('',(-0.274999999999,0.799999999999,
    0.688225399466));
#13737 = DIRECTION('',(-1.,-3.669607353027E-16,0.));
#13738 = DIRECTION('',(2.604172100282E-30,-7.096596038086E-15,1.));
#13739 = ORIENTED_EDGE('',*,*,#13439,.F.);
#13740 = PLANE('',#13741);
#13741 = AXIS2_PLACEMENT_3D('',#13742,#13743,#13744);
#13742 = CARTESIAN_POINT('',(-0.275,1.07,1.953753400942));
#13743 = DIRECTION('',(-1.,-3.669607353027E-16,0.));
#13744 = DIRECTION('',(0.,0.,1.));
#13745 = ADVANCED_FACE('',(#13746),#13762,.F.);
#13746 = FACE_BOUND('',#13747,.T.);
#13747 = EDGE_LOOP('',(#13748,#13749,#13755,#13756));
#13748 = ORIENTED_EDGE('',*,*,#13675,.F.);
#13749 = ORIENTED_EDGE('',*,*,#13750,.F.);
#13750 = EDGE_CURVE('',#13569,#13667,#13751,.T.);
#13751 = LINE('',#13752,#13753);
#13752 = CARTESIAN_POINT('',(-0.525,0.774557674096,2.005847854242));
#13753 = VECTOR('',#13754,1.);
#13754 = DIRECTION('',(1.,3.669607353027E-16,0.));
#13755 = ORIENTED_EDGE('',*,*,#13568,.T.);
#13756 = ORIENTED_EDGE('',*,*,#13757,.T.);
#13757 = EDGE_CURVE('',#13561,#13676,#13758,.T.);
#13758 = LINE('',#13759,#13760);
#13759 = CARTESIAN_POINT('',(-0.525,0.8220944533,2.275442325903));
#13760 = VECTOR('',#13761,1.);
#13761 = DIRECTION('',(1.,3.669607353027E-16,0.));
#13762 = PLANE('',#13763);
#13763 = AXIS2_PLACEMENT_3D('',#13764,#13765,#13766);
#13764 = CARTESIAN_POINT('',(-0.525,0.774557674096,2.005847854242));
#13765 = DIRECTION('',(3.613857771773E-16,-0.984807753012,0.173648177666
    ));
#13766 = DIRECTION('',(-6.372206296066E-17,0.173648177666,0.984807753012
    ));
#13767 = ADVANCED_FACE('',(#13768),#13779,.T.);
#13768 = FACE_BOUND('',#13769,.T.);
#13769 = EDGE_LOOP('',(#13770,#13771,#13772,#13773));
#13770 = ORIENTED_EDGE('',*,*,#13683,.T.);
#13771 = ORIENTED_EDGE('',*,*,#13757,.F.);
#13772 = ORIENTED_EDGE('',*,*,#13560,.F.);
#13773 = ORIENTED_EDGE('',*,*,#13774,.T.);
#13774 = EDGE_CURVE('',#13553,#13684,#13775,.T.);
#13775 = LINE('',#13776,#13777);
#13776 = CARTESIAN_POINT('',(-0.525,0.575892515047,2.31885437032));
#13777 = VECTOR('',#13778,1.);
#13778 = DIRECTION('',(1.,3.669607353027E-16,0.));
#13779 = PLANE('',#13780);
#13780 = AXIS2_PLACEMENT_3D('',#13781,#13782,#13783);
#13781 = CARTESIAN_POINT('',(-0.525,0.575892515047,2.31885437032));
#13782 = DIRECTION('',(-6.372206296066E-17,0.173648177666,0.984807753012
    ));
#13783 = DIRECTION('',(-3.613857771773E-16,0.984807753012,
    -0.173648177666));
#13784 = ADVANCED_FACE('',(#13785),#13796,.T.);
#13785 = FACE_BOUND('',#13786,.T.);
#13786 = EDGE_LOOP('',(#13787,#13788,#13789,#13790));
#13787 = ORIENTED_EDGE('',*,*,#13691,.T.);
#13788 = ORIENTED_EDGE('',*,*,#13774,.F.);
#13789 = ORIENTED_EDGE('',*,*,#13552,.F.);
#13790 = ORIENTED_EDGE('',*,*,#13791,.T.);
#13791 = EDGE_CURVE('',#13544,#13692,#13792,.T.);
#13792 = LINE('',#13793,#13794);
#13793 = CARTESIAN_POINT('',(-0.525,0.528355735843,2.049259898659));
#13794 = VECTOR('',#13795,1.);
#13795 = DIRECTION('',(1.,3.669607353027E-16,0.));
#13796 = PLANE('',#13797);
#13797 = AXIS2_PLACEMENT_3D('',#13798,#13799,#13800);
#13798 = CARTESIAN_POINT('',(-0.525,0.528355735843,2.049259898659));
#13799 = DIRECTION('',(3.613857771773E-16,-0.984807753012,0.173648177666
    ));
#13800 = DIRECTION('',(-6.372206296066E-17,0.173648177666,0.984807753012
    ));
#13801 = ADVANCED_FACE('',(#13802),#13813,.T.);
#13802 = FACE_BOUND('',#13803,.T.);
#13803 = EDGE_LOOP('',(#13804,#13805,#13806,#13807));
#13804 = ORIENTED_EDGE('',*,*,#13699,.T.);
#13805 = ORIENTED_EDGE('',*,*,#13791,.F.);
#13806 = ORIENTED_EDGE('',*,*,#13543,.F.);
#13807 = ORIENTED_EDGE('',*,*,#13808,.T.);
#13808 = EDGE_CURVE('',#13536,#13700,#13809,.T.);
#13809 = LINE('',#13810,#13811);
#13810 = CARTESIAN_POINT('',(-0.525,0.52,1.953753400942));
#13811 = VECTOR('',#13812,1.);
#13812 = DIRECTION('',(1.,3.669607353027E-16,0.));
#13813 = CYLINDRICAL_SURFACE('',#13814,0.549999999999);
#13814 = AXIS2_PLACEMENT_3D('',#13815,#13816,#13817);
#13815 = CARTESIAN_POINT('',(-0.525,1.07,1.953753400942));
#13816 = DIRECTION('',(1.,3.669607353027E-16,0.));
#13817 = DIRECTION('',(0.,0.,-1.));
#13818 = ADVANCED_FACE('',(#13819),#13830,.T.);
#13819 = FACE_BOUND('',#13820,.T.);
#13820 = EDGE_LOOP('',(#13821,#13822,#13823,#13824));
#13821 = ORIENTED_EDGE('',*,*,#13708,.T.);
#13822 = ORIENTED_EDGE('',*,*,#13808,.F.);
#13823 = ORIENTED_EDGE('',*,*,#13535,.F.);
#13824 = ORIENTED_EDGE('',*,*,#13825,.T.);
#13825 = EDGE_CURVE('',#13527,#13709,#13826,.T.);
#13826 = LINE('',#13827,#13828);
#13827 = CARTESIAN_POINT('',(-0.525,0.52,1.271774600533));
#13828 = VECTOR('',#13829,1.);
#13829 = DIRECTION('',(1.,3.669607353027E-16,0.));
#13830 = PLANE('',#13831);
#13831 = AXIS2_PLACEMENT_3D('',#13832,#13833,#13834);
#13832 = CARTESIAN_POINT('',(-0.525,0.52,1.271774600533));
#13833 = DIRECTION('',(3.669607353027E-16,-1.,6.359154694171E-16));
#13834 = DIRECTION('',(-2.333560082477E-31,6.359154694171E-16,1.));
#13835 = ADVANCED_FACE('',(#13836),#13847,.F.);
#13836 = FACE_BOUND('',#13837,.F.);
#13837 = EDGE_LOOP('',(#13838,#13844,#13845,#13846));
#13838 = ORIENTED_EDGE('',*,*,#13839,.F.);
#13839 = EDGE_CURVE('',#13519,#13717,#13840,.T.);
#13840 = LINE('',#13841,#13842);
#13841 = CARTESIAN_POINT('',(-0.525,0.511442433703,1.243800957783));
#13842 = VECTOR('',#13843,1.);
#13843 = DIRECTION('',(1.,3.669607353027E-16,0.));
#13844 = ORIENTED_EDGE('',*,*,#13526,.T.);
#13845 = ORIENTED_EDGE('',*,*,#13825,.T.);
#13846 = ORIENTED_EDGE('',*,*,#13716,.F.);
#13847 = CYLINDRICAL_SURFACE('',#13848,4.9999999999E-02);
#13848 = AXIS2_PLACEMENT_3D('',#13849,#13850,#13851);
#13849 = CARTESIAN_POINT('',(-0.525,0.47,1.271774600533));
#13850 = DIRECTION('',(1.,3.669607353027E-16,0.));
#13851 = DIRECTION('',(0.,0.,-1.));
#13852 = ADVANCED_FACE('',(#13853),#13864,.T.);
#13853 = FACE_BOUND('',#13854,.T.);
#13854 = EDGE_LOOP('',(#13855,#13856,#13857,#13858));
#13855 = ORIENTED_EDGE('',*,*,#13725,.T.);
#13856 = ORIENTED_EDGE('',*,*,#13839,.F.);
#13857 = ORIENTED_EDGE('',*,*,#13518,.F.);
#13858 = ORIENTED_EDGE('',*,*,#13859,.T.);
#13859 = EDGE_CURVE('',#13510,#13726,#13860,.T.);
#13860 = LINE('',#13861,#13862);
#13861 = CARTESIAN_POINT('',(-0.524999999999,0.344133229258,
    0.995935469716));
#13862 = VECTOR('',#13863,1.);
#13863 = DIRECTION('',(1.,3.669607353027E-16,0.));
#13864 = PLANE('',#13865);
#13865 = AXIS2_PLACEMENT_3D('',#13866,#13867,#13868);
#13866 = CARTESIAN_POINT('',(-0.524999999999,0.344133229258,
    0.995935469716));
#13867 = DIRECTION('',(3.041549188937E-16,-0.828848674075,0.559472855001
    ));
#13868 = DIRECTION('',(-2.053045702532E-16,0.559472855001,0.828848674075
    ));
#13869 = ADVANCED_FACE('',(#13870),#13876,.T.);
#13870 = FACE_BOUND('',#13871,.T.);
#13871 = EDGE_LOOP('',(#13872,#13873,#13874,#13875));
#13872 = ORIENTED_EDGE('',*,*,#13733,.T.);
#13873 = ORIENTED_EDGE('',*,*,#13859,.F.);
#13874 = ORIENTED_EDGE('',*,*,#13509,.F.);
#13875 = ORIENTED_EDGE('',*,*,#13447,.T.);
#13876 = CYLINDRICAL_SURFACE('',#13877,0.549999999999);
#13877 = AXIS2_PLACEMENT_3D('',#13878,#13879,#13880);
#13878 = CARTESIAN_POINT('',(-0.525,0.799999999999,0.688225399466));
#13879 = DIRECTION('',(1.,3.669607353027E-16,0.));
#13880 = DIRECTION('',(0.,0.,-1.));
#13881 = ADVANCED_FACE('',(#13882),#13893,.F.);
#13882 = FACE_BOUND('',#13883,.F.);
#13883 = EDGE_LOOP('',(#13884,#13890,#13891,#13892));
#13884 = ORIENTED_EDGE('',*,*,#13885,.F.);
#13885 = EDGE_CURVE('',#13603,#13633,#13886,.T.);
#13886 = LINE('',#13887,#13888);
#13887 = CARTESIAN_POINT('',(-0.525,0.551345397777,0.856067255966));
#13888 = VECTOR('',#13889,1.);
#13889 = DIRECTION('',(1.,3.669607353027E-16,0.));
#13890 = ORIENTED_EDGE('',*,*,#13610,.F.);
#13891 = ORIENTED_EDGE('',*,*,#13479,.T.);
#13892 = ORIENTED_EDGE('',*,*,#13632,.T.);
#13893 = CYLINDRICAL_SURFACE('',#13894,0.299999999999);
#13894 = AXIS2_PLACEMENT_3D('',#13895,#13896,#13897);
#13895 = CARTESIAN_POINT('',(-0.525,0.799999999999,0.688225399466));
#13896 = DIRECTION('',(1.,3.669607353027E-16,0.));
#13897 = DIRECTION('',(0.,0.,-1.));
#13898 = ADVANCED_FACE('',(#13899),#13910,.F.);
#13899 = FACE_BOUND('',#13900,.T.);
#13900 = EDGE_LOOP('',(#13901,#13902,#13903,#13904));
#13901 = ORIENTED_EDGE('',*,*,#13641,.F.);
#13902 = ORIENTED_EDGE('',*,*,#13885,.F.);
#13903 = ORIENTED_EDGE('',*,*,#13602,.T.);
#13904 = ORIENTED_EDGE('',*,*,#13905,.T.);
#13905 = EDGE_CURVE('',#13594,#13642,#13906,.T.);
#13906 = LINE('',#13907,#13908);
#13907 = CARTESIAN_POINT('',(-0.525,0.718654602222,1.103932744033));
#13908 = VECTOR('',#13909,1.);
#13909 = DIRECTION('',(1.,3.669607353027E-16,0.));
#13910 = PLANE('',#13911);
#13911 = AXIS2_PLACEMENT_3D('',#13912,#13913,#13914);
#13912 = CARTESIAN_POINT('',(-0.525,0.551345397777,0.856067255966));
#13913 = DIRECTION('',(3.041549188937E-16,-0.828848674075,0.559472855001
    ));
#13914 = DIRECTION('',(-2.053045702532E-16,0.559472855001,0.828848674075
    ));
#13915 = ADVANCED_FACE('',(#13916),#13927,.T.);
#13916 = FACE_BOUND('',#13917,.T.);
#13917 = EDGE_LOOP('',(#13918,#13919,#13920,#13921));
#13918 = ORIENTED_EDGE('',*,*,#13649,.F.);
#13919 = ORIENTED_EDGE('',*,*,#13905,.F.);
#13920 = ORIENTED_EDGE('',*,*,#13593,.T.);
#13921 = ORIENTED_EDGE('',*,*,#13922,.T.);
#13922 = EDGE_CURVE('',#13586,#13650,#13923,.T.);
#13923 = LINE('',#13924,#13925);
#13924 = CARTESIAN_POINT('',(-0.525,0.77,1.271774600533));
#13925 = VECTOR('',#13926,1.);
#13926 = DIRECTION('',(1.,3.669607353027E-16,0.));
#13927 = CYLINDRICAL_SURFACE('',#13928,0.299999999999);
#13928 = AXIS2_PLACEMENT_3D('',#13929,#13930,#13931);
#13929 = CARTESIAN_POINT('',(-0.525,0.47,1.271774600533));
#13930 = DIRECTION('',(1.,3.669607353027E-16,0.));
#13931 = DIRECTION('',(0.,0.,-1.));
#13932 = ADVANCED_FACE('',(#13933),#13944,.F.);
#13933 = FACE_BOUND('',#13934,.T.);
#13934 = EDGE_LOOP('',(#13935,#13936,#13937,#13938));
#13935 = ORIENTED_EDGE('',*,*,#13658,.F.);
#13936 = ORIENTED_EDGE('',*,*,#13922,.F.);
#13937 = ORIENTED_EDGE('',*,*,#13585,.T.);
#13938 = ORIENTED_EDGE('',*,*,#13939,.T.);
#13939 = EDGE_CURVE('',#13577,#13659,#13940,.T.);
#13940 = LINE('',#13941,#13942);
#13941 = CARTESIAN_POINT('',(-0.525,0.77,1.953753400942));
#13942 = VECTOR('',#13943,1.);
#13943 = DIRECTION('',(1.,3.669607353027E-16,0.));
#13944 = PLANE('',#13945);
#13945 = AXIS2_PLACEMENT_3D('',#13946,#13947,#13948);
#13946 = CARTESIAN_POINT('',(-0.525,0.77,1.271774600533));
#13947 = DIRECTION('',(3.669607353027E-16,-1.,6.359154694171E-16));
#13948 = DIRECTION('',(-2.333560082477E-31,6.359154694171E-16,1.));
#13949 = ADVANCED_FACE('',(#13950),#13956,.F.);
#13950 = FACE_BOUND('',#13951,.F.);
#13951 = EDGE_LOOP('',(#13952,#13953,#13954,#13955));
#13952 = ORIENTED_EDGE('',*,*,#13750,.F.);
#13953 = ORIENTED_EDGE('',*,*,#13576,.F.);
#13954 = ORIENTED_EDGE('',*,*,#13939,.T.);
#13955 = ORIENTED_EDGE('',*,*,#13666,.T.);
#13956 = CYLINDRICAL_SURFACE('',#13957,0.299999999999);
#13957 = AXIS2_PLACEMENT_3D('',#13958,#13959,#13960);
#13958 = CARTESIAN_POINT('',(-0.525,1.07,1.953753400942));
#13959 = DIRECTION('',(1.,3.669607353027E-16,0.));
#13960 = DIRECTION('',(0.,0.,-1.));
#13961 = ADVANCED_FACE('',(#13962),#13968,.T.);
#13962 = FACE_BOUND('',#13963,.T.);
#13963 = EDGE_LOOP('',(#13964,#13965,#13966,#13967));
#13964 = ORIENTED_EDGE('',*,*,#13502,.T.);
#13965 = ORIENTED_EDGE('',*,*,#13461,.T.);
#13966 = ORIENTED_EDGE('',*,*,#13625,.T.);
#13967 = ORIENTED_EDGE('',*,*,#13431,.F.);
#13968 = PLANE('',#13969);
#13969 = AXIS2_PLACEMENT_3D('',#13970,#13971,#13972);
#13970 = CARTESIAN_POINT('',(0.8,-2.08934793656E-17,0.28));
#13971 = DIRECTION('',(0.,7.340952209537E-17,-1.));
#13972 = DIRECTION('',(0.,1.,7.340952209537E-17));
#13973 = ( GEOMETRIC_REPRESENTATION_CONTEXT(3) 
GLOBAL_UNCERTAINTY_ASSIGNED_CONTEXT((#13977)) 
GLOBAL_UNIT_ASSIGNED_CONTEXT((#13974,#13975,#13976)) 
REPRESENTATION_CONTEXT('Context #1',
  '3D Context with UNIT and UNCERTAINTY') );
#13974 = ( LENGTH_UNIT() NAMED_UNIT(*) SI_UNIT(.MILLI.,.METRE.) );
#13975 = ( NAMED_UNIT(*) PLANE_ANGLE_UNIT() SI_UNIT($,.RADIAN.) );
#13976 = ( NAMED_UNIT(*) SI_UNIT($,.STERADIAN.) SOLID_ANGLE_UNIT() );
#13977 = UNCERTAINTY_MEASURE_WITH_UNIT(LENGTH_MEASURE(1.E-07),#13974,
  'distance_accuracy_value','confusion accuracy');
#13978 = CONTEXT_DEPENDENT_SHAPE_REPRESENTATION(#13979,#13981);
#13979 = ( REPRESENTATION_RELATIONSHIP('','',#13414,#10) 
REPRESENTATION_RELATIONSHIP_WITH_TRANSFORMATION(#13980) 
SHAPE_REPRESENTATION_RELATIONSHIP() );
#13980 = ITEM_DEFINED_TRANSFORMATION('','',#11,#63);
#13981 = PRODUCT_DEFINITION_SHAPE('Placement','Placement of an item',
  #13982);
#13982 = NEXT_ASSEMBLY_USAGE_OCCURRENCE('13',
'CONN-SMD_HC-PBB08-2-08-M-H1.0-G1-R-P-04_1~CONN-SMD_
HC-PBB08-2-08-M-H1.0-G1-R-P-04_1~bmqH011','',#5,#13409,$);
#13983 = PRODUCT_RELATED_PRODUCT_CATEGORY('part',$,(#13411));
#13984 = SHAPE_DEFINITION_REPRESENTATION(#13985,#13991);
#13985 = PRODUCT_DEFINITION_SHAPE('','',#13986);
#13986 = PRODUCT_DEFINITION('design','',#13987,#13990);
#13987 = PRODUCT_DEFINITION_FORMATION('','',#13988);
#13988 = PRODUCT(
'CONN-SMD_HC-PBB08-2-08-M-H1.0-G1-R-P-04_1~CONN-SMD_
HC-PBB08-2-08-M-H1.0-G1-R-P-04_1~bmqH012',
'CONN-SMD_HC-PBB08-2-08-M-H1.0-G1-R-P-04_1~CONN-SMD_
HC-PBB08-2-08-M-H1.0-G1-R-P-04_1~bmqH012','',(#13989));
#13989 = PRODUCT_CONTEXT('',#2,'mechanical');
#13990 = PRODUCT_DEFINITION_CONTEXT('part definition',#2,'design');
#13991 = ADVANCED_BREP_SHAPE_REPRESENTATION('',(#11,#13992),#14550);
#13992 = MANIFOLD_SOLID_BREP('',#13993);
#13993 = CLOSED_SHELL('',(#13994,#14034,#14074,#14198,#14322,#14344,
    #14361,#14378,#14395,#14412,#14429,#14446,#14458,#14475,#14492,
    #14509,#14526,#14538));
#13994 = ADVANCED_FACE('',(#13995),#14029,.T.);
#13995 = FACE_BOUND('',#13996,.T.);
#13996 = EDGE_LOOP('',(#13997,#14007,#14015,#14023));
#13997 = ORIENTED_EDGE('',*,*,#13998,.F.);
#13998 = EDGE_CURVE('',#13999,#14001,#14003,.T.);
#13999 = VERTEX_POINT('',#14000);
#14000 = CARTESIAN_POINT('',(0.275,0.25,0.28));
#14001 = VERTEX_POINT('',#14002);
#14002 = CARTESIAN_POINT('',(0.275,0.25,0.688225399466));
#14003 = LINE('',#14004,#14005);
#14004 = CARTESIAN_POINT('',(0.275,0.25,0.18));
#14005 = VECTOR('',#14006,1.);
#14006 = DIRECTION('',(0.,0.,1.));
#14007 = ORIENTED_EDGE('',*,*,#14008,.T.);
#14008 = EDGE_CURVE('',#13999,#14009,#14011,.T.);
#14009 = VERTEX_POINT('',#14010);
#14010 = CARTESIAN_POINT('',(0.525,0.25,0.28));
#14011 = LINE('',#14012,#14013);
#14012 = CARTESIAN_POINT('',(0.275,0.25,0.28));
#14013 = VECTOR('',#14014,1.);
#14014 = DIRECTION('',(1.,3.669607353027E-16,2.693841220634E-32));
#14015 = ORIENTED_EDGE('',*,*,#14016,.T.);
#14016 = EDGE_CURVE('',#14009,#14017,#14019,.T.);
#14017 = VERTEX_POINT('',#14018);
#14018 = CARTESIAN_POINT('',(0.525,0.25,0.688225399466));
#14019 = LINE('',#14020,#14021);
#14020 = CARTESIAN_POINT('',(0.525,0.25,0.18));
#14021 = VECTOR('',#14022,1.);
#14022 = DIRECTION('',(0.,0.,1.));
#14023 = ORIENTED_EDGE('',*,*,#14024,.F.);
#14024 = EDGE_CURVE('',#14001,#14017,#14025,.T.);
#14025 = LINE('',#14026,#14027);
#14026 = CARTESIAN_POINT('',(0.275,0.25,0.688225399466));
#14027 = VECTOR('',#14028,1.);
#14028 = DIRECTION('',(1.,3.669607353027E-16,0.));
#14029 = PLANE('',#14030);
#14030 = AXIS2_PLACEMENT_3D('',#14031,#14032,#14033);
#14031 = CARTESIAN_POINT('',(0.275,0.25,0.18));
#14032 = DIRECTION('',(3.669607353027E-16,-1.,0.));
#14033 = DIRECTION('',(0.,0.,1.));
#14034 = ADVANCED_FACE('',(#14035),#14069,.F.);
#14035 = FACE_BOUND('',#14036,.T.);
#14036 = EDGE_LOOP('',(#14037,#14047,#14055,#14063));
#14037 = ORIENTED_EDGE('',*,*,#14038,.F.);
#14038 = EDGE_CURVE('',#14039,#14041,#14043,.T.);
#14039 = VERTEX_POINT('',#14040);
#14040 = CARTESIAN_POINT('',(0.275,0.5,0.28));
#14041 = VERTEX_POINT('',#14042);
#14042 = CARTESIAN_POINT('',(0.525,0.5,0.279999999999));
#14043 = LINE('',#14044,#14045);
#14044 = CARTESIAN_POINT('',(0.275,0.5,0.28));
#14045 = VECTOR('',#14046,1.);
#14046 = DIRECTION('',(1.,0.,0.));
#14047 = ORIENTED_EDGE('',*,*,#14048,.T.);
#14048 = EDGE_CURVE('',#14039,#14049,#14051,.T.);
#14049 = VERTEX_POINT('',#14050);
#14050 = CARTESIAN_POINT('',(0.275,0.5,0.688225399466));
#14051 = LINE('',#14052,#14053);
#14052 = CARTESIAN_POINT('',(0.275,0.5,0.18));
#14053 = VECTOR('',#14054,1.);
#14054 = DIRECTION('',(0.,0.,1.));
#14055 = ORIENTED_EDGE('',*,*,#14056,.T.);
#14056 = EDGE_CURVE('',#14049,#14057,#14059,.T.);
#14057 = VERTEX_POINT('',#14058);
#14058 = CARTESIAN_POINT('',(0.525,0.5,0.688225399466));
#14059 = LINE('',#14060,#14061);
#14060 = CARTESIAN_POINT('',(0.275,0.5,0.688225399466));
#14061 = VECTOR('',#14062,1.);
#14062 = DIRECTION('',(1.,3.669607353027E-16,0.));
#14063 = ORIENTED_EDGE('',*,*,#14064,.F.);
#14064 = EDGE_CURVE('',#14041,#14057,#14065,.T.);
#14065 = LINE('',#14066,#14067);
#14066 = CARTESIAN_POINT('',(0.525,0.5,0.18));
#14067 = VECTOR('',#14068,1.);
#14068 = DIRECTION('',(0.,0.,1.));
#14069 = PLANE('',#14070);
#14070 = AXIS2_PLACEMENT_3D('',#14071,#14072,#14073);
#14071 = CARTESIAN_POINT('',(0.275,0.5,0.18));
#14072 = DIRECTION('',(3.669607353027E-16,-1.,0.));
#14073 = DIRECTION('',(0.,0.,1.));
#14074 = ADVANCED_FACE('',(#14075),#14193,.T.);
#14075 = FACE_BOUND('',#14076,.T.);
#14076 = EDGE_LOOP('',(#14077,#14078,#14084,#14085,#14094,#14102,#14111,
    #14119,#14128,#14136,#14144,#14152,#14161,#14169,#14178,#14186));
#14077 = ORIENTED_EDGE('',*,*,#14048,.F.);
#14078 = ORIENTED_EDGE('',*,*,#14079,.F.);
#14079 = EDGE_CURVE('',#13999,#14039,#14080,.T.);
#14080 = LINE('',#14081,#14082);
#14081 = CARTESIAN_POINT('',(0.275,-0.699999999999,0.28));
#14082 = VECTOR('',#14083,1.);
#14083 = DIRECTION('',(0.,1.,7.340952209537E-17));
#14084 = ORIENTED_EDGE('',*,*,#13998,.T.);
#14085 = ORIENTED_EDGE('',*,*,#14086,.T.);
#14086 = EDGE_CURVE('',#14001,#14087,#14089,.T.);
#14087 = VERTEX_POINT('',#14088);
#14088 = CARTESIAN_POINT('',(0.275,0.344133229258,0.995935469716));
#14089 = CIRCLE('',#14090,0.55);
#14090 = AXIS2_PLACEMENT_3D('',#14091,#14092,#14093);
#14091 = CARTESIAN_POINT('',(0.275,0.799999999999,0.688225399466));
#14092 = DIRECTION('',(-1.,-3.669607353027E-16,0.));
#14093 = DIRECTION('',(2.604172100282E-30,-7.096596038086E-15,1.));
#14094 = ORIENTED_EDGE('',*,*,#14095,.T.);
#14095 = EDGE_CURVE('',#14087,#14096,#14098,.T.);
#14096 = VERTEX_POINT('',#14097);
#14097 = CARTESIAN_POINT('',(0.275,0.511442433703,1.243800957783));
#14098 = LINE('',#14099,#14100);
#14099 = CARTESIAN_POINT('',(0.275,0.344133229258,0.995935469716));
#14100 = VECTOR('',#14101,1.);
#14101 = DIRECTION('',(-2.053045702532E-16,0.559472855001,0.828848674075
    ));
#14102 = ORIENTED_EDGE('',*,*,#14103,.T.);
#14103 = EDGE_CURVE('',#14096,#14104,#14106,.T.);
#14104 = VERTEX_POINT('',#14105);
#14105 = CARTESIAN_POINT('',(0.275,0.52,1.271774600533));
#14106 = CIRCLE('',#14107,4.9999999999E-02);
#14107 = AXIS2_PLACEMENT_3D('',#14108,#14109,#14110);
#14108 = CARTESIAN_POINT('',(0.275,0.47,1.271774600533));
#14109 = DIRECTION('',(1.,3.669607353027E-16,0.));
#14110 = DIRECTION('',(0.,-0.,1.));
#14111 = ORIENTED_EDGE('',*,*,#14112,.T.);
#14112 = EDGE_CURVE('',#14104,#14113,#14115,.T.);
#14113 = VERTEX_POINT('',#14114);
#14114 = CARTESIAN_POINT('',(0.275,0.52,1.953753400942));
#14115 = LINE('',#14116,#14117);
#14116 = CARTESIAN_POINT('',(0.275,0.52,1.271774600533));
#14117 = VECTOR('',#14118,1.);
#14118 = DIRECTION('',(-2.333560082477E-31,6.359154694171E-16,1.));
#14119 = ORIENTED_EDGE('',*,*,#14120,.T.);
#14120 = EDGE_CURVE('',#14113,#14121,#14123,.T.);
#14121 = VERTEX_POINT('',#14122);
#14122 = CARTESIAN_POINT('',(0.275,0.528355735843,2.049259898659));
#14123 = CIRCLE('',#14124,0.549999999999);
#14124 = AXIS2_PLACEMENT_3D('',#14125,#14126,#14127);
#14125 = CARTESIAN_POINT('',(0.274999999999,1.07,1.953753400942));
#14126 = DIRECTION('',(-1.,-3.669607353027E-16,0.));
#14127 = DIRECTION('',(-4.195610606008E-30,1.143340472802E-14,1.));
#14128 = ORIENTED_EDGE('',*,*,#14129,.T.);
#14129 = EDGE_CURVE('',#14121,#14130,#14132,.T.);
#14130 = VERTEX_POINT('',#14131);
#14131 = CARTESIAN_POINT('',(0.275,0.575892515047,2.31885437032));
#14132 = LINE('',#14133,#14134);
#14133 = CARTESIAN_POINT('',(0.275,0.528355735843,2.049259898659));
#14134 = VECTOR('',#14135,1.);
#14135 = DIRECTION('',(-6.372206296066E-17,0.173648177666,0.984807753012
    ));
#14136 = ORIENTED_EDGE('',*,*,#14137,.T.);
#14137 = EDGE_CURVE('',#14130,#14138,#14140,.T.);
#14138 = VERTEX_POINT('',#14139);
#14139 = CARTESIAN_POINT('',(0.275,0.8220944533,2.275442325903));
#14140 = LINE('',#14141,#14142);
#14141 = CARTESIAN_POINT('',(0.275,0.575892515047,2.31885437032));
#14142 = VECTOR('',#14143,1.);
#14143 = DIRECTION('',(-3.613857771773E-16,0.984807753012,
    -0.173648177666));
#14144 = ORIENTED_EDGE('',*,*,#14145,.F.);
#14145 = EDGE_CURVE('',#14146,#14138,#14148,.T.);
#14146 = VERTEX_POINT('',#14147);
#14147 = CARTESIAN_POINT('',(0.275,0.774557674096,2.005847854242));
#14148 = LINE('',#14149,#14150);
#14149 = CARTESIAN_POINT('',(0.275,0.774557674096,2.005847854242));
#14150 = VECTOR('',#14151,1.);
#14151 = DIRECTION('',(-6.372206296066E-17,0.173648177666,0.984807753012
    ));
#14152 = ORIENTED_EDGE('',*,*,#14153,.F.);
#14153 = EDGE_CURVE('',#14154,#14146,#14156,.T.);
#14154 = VERTEX_POINT('',#14155);
#14155 = CARTESIAN_POINT('',(0.275,0.77,1.953753400942));
#14156 = CIRCLE('',#14157,0.299999999999);
#14157 = AXIS2_PLACEMENT_3D('',#14158,#14159,#14160);
#14158 = CARTESIAN_POINT('',(0.274999999999,1.07,1.953753400942));
#14159 = DIRECTION('',(-1.,-3.669607353027E-16,0.));
#14160 = DIRECTION('',(-0.,0.,-1.));
#14161 = ORIENTED_EDGE('',*,*,#14162,.F.);
#14162 = EDGE_CURVE('',#14163,#14154,#14165,.T.);
#14163 = VERTEX_POINT('',#14164);
#14164 = CARTESIAN_POINT('',(0.275,0.77,1.271774600533));
#14165 = LINE('',#14166,#14167);
#14166 = CARTESIAN_POINT('',(0.275,0.77,1.271774600533));
#14167 = VECTOR('',#14168,1.);
#14168 = DIRECTION('',(-2.333560082477E-31,6.359154694171E-16,1.));
#14169 = ORIENTED_EDGE('',*,*,#14170,.F.);
#14170 = EDGE_CURVE('',#14171,#14163,#14173,.T.);
#14171 = VERTEX_POINT('',#14172);
#14172 = CARTESIAN_POINT('',(0.275,0.718654602222,1.103932744033));
#14173 = CIRCLE('',#14174,0.299999999999);
#14174 = AXIS2_PLACEMENT_3D('',#14175,#14176,#14177);
#14175 = CARTESIAN_POINT('',(0.275,0.47,1.271774600533));
#14176 = DIRECTION('',(1.,3.669607353027E-16,0.));
#14177 = DIRECTION('',(0.,-0.,1.));
#14178 = ORIENTED_EDGE('',*,*,#14179,.F.);
#14179 = EDGE_CURVE('',#14180,#14171,#14182,.T.);
#14180 = VERTEX_POINT('',#14181);
#14181 = CARTESIAN_POINT('',(0.275,0.551345397777,0.856067255966));
#14182 = LINE('',#14183,#14184);
#14183 = CARTESIAN_POINT('',(0.275,0.551345397777,0.856067255966));
#14184 = VECTOR('',#14185,1.);
#14185 = DIRECTION('',(-2.053045702532E-16,0.559472855001,0.828848674075
    ));
#14186 = ORIENTED_EDGE('',*,*,#14187,.F.);
#14187 = EDGE_CURVE('',#14049,#14180,#14188,.T.);
#14188 = CIRCLE('',#14189,0.299999999999);
#14189 = AXIS2_PLACEMENT_3D('',#14190,#14191,#14192);
#14190 = CARTESIAN_POINT('',(0.275,0.799999999999,0.688225399466));
#14191 = DIRECTION('',(-1.,-3.669607353027E-16,0.));
#14192 = DIRECTION('',(-0.,0.,-1.));
#14193 = PLANE('',#14194);
#14194 = AXIS2_PLACEMENT_3D('',#14195,#14196,#14197);
#14195 = CARTESIAN_POINT('',(0.274999999999,1.07,1.953753400942));
#14196 = DIRECTION('',(-1.,-3.669607353027E-16,0.));
#14197 = DIRECTION('',(0.,0.,1.));
#14198 = ADVANCED_FACE('',(#14199),#14317,.F.);
#14199 = FACE_BOUND('',#14200,.T.);
#14200 = EDGE_LOOP('',(#14201,#14207,#14208,#14217,#14225,#14234,#14242,
    #14251,#14259,#14267,#14275,#14284,#14292,#14301,#14309,#14316));
#14201 = ORIENTED_EDGE('',*,*,#14202,.F.);
#14202 = EDGE_CURVE('',#14041,#14009,#14203,.T.);
#14203 = LINE('',#14204,#14205);
#14204 = CARTESIAN_POINT('',(0.525,-0.699999999999,0.28));
#14205 = VECTOR('',#14206,1.);
#14206 = DIRECTION('',(0.,-1.,-7.340952209537E-17));
#14207 = ORIENTED_EDGE('',*,*,#14064,.T.);
#14208 = ORIENTED_EDGE('',*,*,#14209,.T.);
#14209 = EDGE_CURVE('',#14057,#14210,#14212,.T.);
#14210 = VERTEX_POINT('',#14211);
#14211 = CARTESIAN_POINT('',(0.525,0.551345397777,0.856067255966));
#14212 = CIRCLE('',#14213,0.299999999999);
#14213 = AXIS2_PLACEMENT_3D('',#14214,#14215,#14216);
#14214 = CARTESIAN_POINT('',(0.525,0.799999999999,0.688225399466));
#14215 = DIRECTION('',(-1.,-3.669607353027E-16,0.));
#14216 = DIRECTION('',(-0.,0.,-1.));
#14217 = ORIENTED_EDGE('',*,*,#14218,.T.);
#14218 = EDGE_CURVE('',#14210,#14219,#14221,.T.);
#14219 = VERTEX_POINT('',#14220);
#14220 = CARTESIAN_POINT('',(0.525,0.718654602222,1.103932744033));
#14221 = LINE('',#14222,#14223);
#14222 = CARTESIAN_POINT('',(0.525,0.551345397777,0.856067255966));
#14223 = VECTOR('',#14224,1.);
#14224 = DIRECTION('',(-2.053045702532E-16,0.559472855001,0.828848674075
    ));
#14225 = ORIENTED_EDGE('',*,*,#14226,.T.);
#14226 = EDGE_CURVE('',#14219,#14227,#14229,.T.);
#14227 = VERTEX_POINT('',#14228);
#14228 = CARTESIAN_POINT('',(0.525,0.77,1.271774600533));
#14229 = CIRCLE('',#14230,0.299999999999);
#14230 = AXIS2_PLACEMENT_3D('',#14231,#14232,#14233);
#14231 = CARTESIAN_POINT('',(0.525,0.47,1.271774600533));
#14232 = DIRECTION('',(1.,3.669607353027E-16,0.));
#14233 = DIRECTION('',(0.,-0.,1.));
#14234 = ORIENTED_EDGE('',*,*,#14235,.T.);
#14235 = EDGE_CURVE('',#14227,#14236,#14238,.T.);
#14236 = VERTEX_POINT('',#14237);
#14237 = CARTESIAN_POINT('',(0.525,0.77,1.953753400942));
#14238 = LINE('',#14239,#14240);
#14239 = CARTESIAN_POINT('',(0.525,0.77,1.271774600533));
#14240 = VECTOR('',#14241,1.);
#14241 = DIRECTION('',(-2.333560082477E-31,6.359154694171E-16,1.));
#14242 = ORIENTED_EDGE('',*,*,#14243,.T.);
#14243 = EDGE_CURVE('',#14236,#14244,#14246,.T.);
#14244 = VERTEX_POINT('',#14245);
#14245 = CARTESIAN_POINT('',(0.525,0.774557674096,2.005847854242));
#14246 = CIRCLE('',#14247,0.299999999999);
#14247 = AXIS2_PLACEMENT_3D('',#14248,#14249,#14250);
#14248 = CARTESIAN_POINT('',(0.524999999999,1.07,1.953753400942));
#14249 = DIRECTION('',(-1.,-3.669607353027E-16,0.));
#14250 = DIRECTION('',(-0.,0.,-1.));
#14251 = ORIENTED_EDGE('',*,*,#14252,.T.);
#14252 = EDGE_CURVE('',#14244,#14253,#14255,.T.);
#14253 = VERTEX_POINT('',#14254);
#14254 = CARTESIAN_POINT('',(0.525,0.8220944533,2.275442325903));
#14255 = LINE('',#14256,#14257);
#14256 = CARTESIAN_POINT('',(0.525,0.774557674096,2.005847854242));
#14257 = VECTOR('',#14258,1.);
#14258 = DIRECTION('',(-6.372206296066E-17,0.173648177666,0.984807753012
    ));
#14259 = ORIENTED_EDGE('',*,*,#14260,.F.);
#14260 = EDGE_CURVE('',#14261,#14253,#14263,.T.);
#14261 = VERTEX_POINT('',#14262);
#14262 = CARTESIAN_POINT('',(0.525,0.575892515047,2.31885437032));
#14263 = LINE('',#14264,#14265);
#14264 = CARTESIAN_POINT('',(0.525,0.575892515047,2.31885437032));
#14265 = VECTOR('',#14266,1.);
#14266 = DIRECTION('',(-3.613857771773E-16,0.984807753012,
    -0.173648177666));
#14267 = ORIENTED_EDGE('',*,*,#14268,.F.);
#14268 = EDGE_CURVE('',#14269,#14261,#14271,.T.);
#14269 = VERTEX_POINT('',#14270);
#14270 = CARTESIAN_POINT('',(0.525,0.528355735843,2.049259898659));
#14271 = LINE('',#14272,#14273);
#14272 = CARTESIAN_POINT('',(0.525,0.528355735843,2.049259898659));
#14273 = VECTOR('',#14274,1.);
#14274 = DIRECTION('',(-6.372206296066E-17,0.173648177666,0.984807753012
    ));
#14275 = ORIENTED_EDGE('',*,*,#14276,.F.);
#14276 = EDGE_CURVE('',#14277,#14269,#14279,.T.);
#14277 = VERTEX_POINT('',#14278);
#14278 = CARTESIAN_POINT('',(0.525,0.52,1.953753400942));
#14279 = CIRCLE('',#14280,0.549999999999);
#14280 = AXIS2_PLACEMENT_3D('',#14281,#14282,#14283);
#14281 = CARTESIAN_POINT('',(0.524999999999,1.07,1.953753400942));
#14282 = DIRECTION('',(-1.,-3.669607353027E-16,0.));
#14283 = DIRECTION('',(-4.195610606008E-30,1.143340472802E-14,1.));
#14284 = ORIENTED_EDGE('',*,*,#14285,.F.);
#14285 = EDGE_CURVE('',#14286,#14277,#14288,.T.);
#14286 = VERTEX_POINT('',#14287);
#14287 = CARTESIAN_POINT('',(0.525,0.52,1.271774600533));
#14288 = LINE('',#14289,#14290);
#14289 = CARTESIAN_POINT('',(0.525,0.52,1.271774600533));
#14290 = VECTOR('',#14291,1.);
#14291 = DIRECTION('',(-2.333560082477E-31,6.359154694171E-16,1.));
#14292 = ORIENTED_EDGE('',*,*,#14293,.F.);
#14293 = EDGE_CURVE('',#14294,#14286,#14296,.T.);
#14294 = VERTEX_POINT('',#14295);
#14295 = CARTESIAN_POINT('',(0.525,0.511442433703,1.243800957783));
#14296 = CIRCLE('',#14297,4.9999999999E-02);
#14297 = AXIS2_PLACEMENT_3D('',#14298,#14299,#14300);
#14298 = CARTESIAN_POINT('',(0.525,0.47,1.271774600533));
#14299 = DIRECTION('',(1.,3.669607353027E-16,0.));
#14300 = DIRECTION('',(0.,-0.,1.));
#14301 = ORIENTED_EDGE('',*,*,#14302,.F.);
#14302 = EDGE_CURVE('',#14303,#14294,#14305,.T.);
#14303 = VERTEX_POINT('',#14304);
#14304 = CARTESIAN_POINT('',(0.525,0.344133229258,0.995935469716));
#14305 = LINE('',#14306,#14307);
#14306 = CARTESIAN_POINT('',(0.525,0.344133229258,0.995935469716));
#14307 = VECTOR('',#14308,1.);
#14308 = DIRECTION('',(-2.053045702532E-16,0.559472855001,0.828848674075
    ));
#14309 = ORIENTED_EDGE('',*,*,#14310,.F.);
#14310 = EDGE_CURVE('',#14017,#14303,#14311,.T.);
#14311 = CIRCLE('',#14312,0.55);
#14312 = AXIS2_PLACEMENT_3D('',#14313,#14314,#14315);
#14313 = CARTESIAN_POINT('',(0.525,0.799999999999,0.688225399466));
#14314 = DIRECTION('',(-1.,-3.669607353027E-16,0.));
#14315 = DIRECTION('',(2.604172100282E-30,-7.096596038086E-15,1.));
#14316 = ORIENTED_EDGE('',*,*,#14016,.F.);
#14317 = PLANE('',#14318);
#14318 = AXIS2_PLACEMENT_3D('',#14319,#14320,#14321);
#14319 = CARTESIAN_POINT('',(0.524999999999,1.07,1.953753400942));
#14320 = DIRECTION('',(-1.,-3.669607353027E-16,0.));
#14321 = DIRECTION('',(0.,0.,1.));
#14322 = ADVANCED_FACE('',(#14323),#14339,.F.);
#14323 = FACE_BOUND('',#14324,.T.);
#14324 = EDGE_LOOP('',(#14325,#14326,#14332,#14333));
#14325 = ORIENTED_EDGE('',*,*,#14252,.F.);
#14326 = ORIENTED_EDGE('',*,*,#14327,.F.);
#14327 = EDGE_CURVE('',#14146,#14244,#14328,.T.);
#14328 = LINE('',#14329,#14330);
#14329 = CARTESIAN_POINT('',(0.275,0.774557674096,2.005847854242));
#14330 = VECTOR('',#14331,1.);
#14331 = DIRECTION('',(1.,3.669607353027E-16,0.));
#14332 = ORIENTED_EDGE('',*,*,#14145,.T.);
#14333 = ORIENTED_EDGE('',*,*,#14334,.T.);
#14334 = EDGE_CURVE('',#14138,#14253,#14335,.T.);
#14335 = LINE('',#14336,#14337);
#14336 = CARTESIAN_POINT('',(0.275,0.8220944533,2.275442325903));
#14337 = VECTOR('',#14338,1.);
#14338 = DIRECTION('',(1.,3.669607353027E-16,0.));
#14339 = PLANE('',#14340);
#14340 = AXIS2_PLACEMENT_3D('',#14341,#14342,#14343);
#14341 = CARTESIAN_POINT('',(0.275,0.774557674096,2.005847854242));
#14342 = DIRECTION('',(3.613857771773E-16,-0.984807753012,0.173648177666
    ));
#14343 = DIRECTION('',(-6.372206296066E-17,0.173648177666,0.984807753012
    ));
#14344 = ADVANCED_FACE('',(#14345),#14356,.T.);
#14345 = FACE_BOUND('',#14346,.T.);
#14346 = EDGE_LOOP('',(#14347,#14348,#14349,#14350));
#14347 = ORIENTED_EDGE('',*,*,#14260,.T.);
#14348 = ORIENTED_EDGE('',*,*,#14334,.F.);
#14349 = ORIENTED_EDGE('',*,*,#14137,.F.);
#14350 = ORIENTED_EDGE('',*,*,#14351,.T.);
#14351 = EDGE_CURVE('',#14130,#14261,#14352,.T.);
#14352 = LINE('',#14353,#14354);
#14353 = CARTESIAN_POINT('',(0.275,0.575892515047,2.31885437032));
#14354 = VECTOR('',#14355,1.);
#14355 = DIRECTION('',(1.,3.669607353027E-16,0.));
#14356 = PLANE('',#14357);
#14357 = AXIS2_PLACEMENT_3D('',#14358,#14359,#14360);
#14358 = CARTESIAN_POINT('',(0.275,0.575892515047,2.31885437032));
#14359 = DIRECTION('',(-6.372206296066E-17,0.173648177666,0.984807753012
    ));
#14360 = DIRECTION('',(-3.613857771773E-16,0.984807753012,
    -0.173648177666));
#14361 = ADVANCED_FACE('',(#14362),#14373,.T.);
#14362 = FACE_BOUND('',#14363,.T.);
#14363 = EDGE_LOOP('',(#14364,#14365,#14366,#14367));
#14364 = ORIENTED_EDGE('',*,*,#14268,.T.);
#14365 = ORIENTED_EDGE('',*,*,#14351,.F.);
#14366 = ORIENTED_EDGE('',*,*,#14129,.F.);
#14367 = ORIENTED_EDGE('',*,*,#14368,.T.);
#14368 = EDGE_CURVE('',#14121,#14269,#14369,.T.);
#14369 = LINE('',#14370,#14371);
#14370 = CARTESIAN_POINT('',(0.275,0.528355735843,2.049259898659));
#14371 = VECTOR('',#14372,1.);
#14372 = DIRECTION('',(1.,3.669607353027E-16,0.));
#14373 = PLANE('',#14374);
#14374 = AXIS2_PLACEMENT_3D('',#14375,#14376,#14377);
#14375 = CARTESIAN_POINT('',(0.275,0.528355735843,2.049259898659));
#14376 = DIRECTION('',(3.613857771773E-16,-0.984807753012,0.173648177666
    ));
#14377 = DIRECTION('',(-6.372206296066E-17,0.173648177666,0.984807753012
    ));
#14378 = ADVANCED_FACE('',(#14379),#14390,.T.);
#14379 = FACE_BOUND('',#14380,.T.);
#14380 = EDGE_LOOP('',(#14381,#14382,#14383,#14384));
#14381 = ORIENTED_EDGE('',*,*,#14276,.T.);
#14382 = ORIENTED_EDGE('',*,*,#14368,.F.);
#14383 = ORIENTED_EDGE('',*,*,#14120,.F.);
#14384 = ORIENTED_EDGE('',*,*,#14385,.T.);
#14385 = EDGE_CURVE('',#14113,#14277,#14386,.T.);
#14386 = LINE('',#14387,#14388);
#14387 = CARTESIAN_POINT('',(0.275,0.52,1.953753400942));
#14388 = VECTOR('',#14389,1.);
#14389 = DIRECTION('',(1.,3.669607353027E-16,0.));
#14390 = CYLINDRICAL_SURFACE('',#14391,0.549999999999);
#14391 = AXIS2_PLACEMENT_3D('',#14392,#14393,#14394);
#14392 = CARTESIAN_POINT('',(0.274999999999,1.07,1.953753400942));
#14393 = DIRECTION('',(1.,3.669607353027E-16,0.));
#14394 = DIRECTION('',(0.,0.,-1.));
#14395 = ADVANCED_FACE('',(#14396),#14407,.T.);
#14396 = FACE_BOUND('',#14397,.T.);
#14397 = EDGE_LOOP('',(#14398,#14399,#14400,#14401));
#14398 = ORIENTED_EDGE('',*,*,#14285,.T.);
#14399 = ORIENTED_EDGE('',*,*,#14385,.F.);
#14400 = ORIENTED_EDGE('',*,*,#14112,.F.);
#14401 = ORIENTED_EDGE('',*,*,#14402,.T.);
#14402 = EDGE_CURVE('',#14104,#14286,#14403,.T.);
#14403 = LINE('',#14404,#14405);
#14404 = CARTESIAN_POINT('',(0.275,0.52,1.271774600533));
#14405 = VECTOR('',#14406,1.);
#14406 = DIRECTION('',(1.,3.669607353027E-16,0.));
#14407 = PLANE('',#14408);
#14408 = AXIS2_PLACEMENT_3D('',#14409,#14410,#14411);
#14409 = CARTESIAN_POINT('',(0.275,0.52,1.271774600533));
#14410 = DIRECTION('',(3.669607353027E-16,-1.,6.359154694171E-16));
#14411 = DIRECTION('',(-2.333560082477E-31,6.359154694171E-16,1.));
#14412 = ADVANCED_FACE('',(#14413),#14424,.F.);
#14413 = FACE_BOUND('',#14414,.F.);
#14414 = EDGE_LOOP('',(#14415,#14421,#14422,#14423));
#14415 = ORIENTED_EDGE('',*,*,#14416,.F.);
#14416 = EDGE_CURVE('',#14096,#14294,#14417,.T.);
#14417 = LINE('',#14418,#14419);
#14418 = CARTESIAN_POINT('',(0.275,0.511442433703,1.243800957783));
#14419 = VECTOR('',#14420,1.);
#14420 = DIRECTION('',(1.,3.669607353027E-16,0.));
#14421 = ORIENTED_EDGE('',*,*,#14103,.T.);
#14422 = ORIENTED_EDGE('',*,*,#14402,.T.);
#14423 = ORIENTED_EDGE('',*,*,#14293,.F.);
#14424 = CYLINDRICAL_SURFACE('',#14425,4.9999999999E-02);
#14425 = AXIS2_PLACEMENT_3D('',#14426,#14427,#14428);
#14426 = CARTESIAN_POINT('',(0.275,0.47,1.271774600533));
#14427 = DIRECTION('',(1.,3.669607353027E-16,0.));
#14428 = DIRECTION('',(0.,0.,-1.));
#14429 = ADVANCED_FACE('',(#14430),#14441,.T.);
#14430 = FACE_BOUND('',#14431,.T.);
#14431 = EDGE_LOOP('',(#14432,#14433,#14434,#14435));
#14432 = ORIENTED_EDGE('',*,*,#14302,.T.);
#14433 = ORIENTED_EDGE('',*,*,#14416,.F.);
#14434 = ORIENTED_EDGE('',*,*,#14095,.F.);
#14435 = ORIENTED_EDGE('',*,*,#14436,.T.);
#14436 = EDGE_CURVE('',#14087,#14303,#14437,.T.);
#14437 = LINE('',#14438,#14439);
#14438 = CARTESIAN_POINT('',(0.275,0.344133229258,0.995935469716));
#14439 = VECTOR('',#14440,1.);
#14440 = DIRECTION('',(1.,3.669607353027E-16,0.));
#14441 = PLANE('',#14442);
#14442 = AXIS2_PLACEMENT_3D('',#14443,#14444,#14445);
#14443 = CARTESIAN_POINT('',(0.275,0.344133229258,0.995935469716));
#14444 = DIRECTION('',(3.041549188937E-16,-0.828848674075,0.559472855001
    ));
#14445 = DIRECTION('',(-2.053045702532E-16,0.559472855001,0.828848674075
    ));
#14446 = ADVANCED_FACE('',(#14447),#14453,.T.);
#14447 = FACE_BOUND('',#14448,.T.);
#14448 = EDGE_LOOP('',(#14449,#14450,#14451,#14452));
#14449 = ORIENTED_EDGE('',*,*,#14310,.T.);
#14450 = ORIENTED_EDGE('',*,*,#14436,.F.);
#14451 = ORIENTED_EDGE('',*,*,#14086,.F.);
#14452 = ORIENTED_EDGE('',*,*,#14024,.T.);
#14453 = CYLINDRICAL_SURFACE('',#14454,0.549999999999);
#14454 = AXIS2_PLACEMENT_3D('',#14455,#14456,#14457);
#14455 = CARTESIAN_POINT('',(0.275,0.799999999999,0.688225399466));
#14456 = DIRECTION('',(1.,3.669607353027E-16,0.));
#14457 = DIRECTION('',(0.,0.,-1.));
#14458 = ADVANCED_FACE('',(#14459),#14470,.F.);
#14459 = FACE_BOUND('',#14460,.F.);
#14460 = EDGE_LOOP('',(#14461,#14467,#14468,#14469));
#14461 = ORIENTED_EDGE('',*,*,#14462,.F.);
#14462 = EDGE_CURVE('',#14180,#14210,#14463,.T.);
#14463 = LINE('',#14464,#14465);
#14464 = CARTESIAN_POINT('',(0.275,0.551345397777,0.856067255966));
#14465 = VECTOR('',#14466,1.);
#14466 = DIRECTION('',(1.,3.669607353027E-16,0.));
#14467 = ORIENTED_EDGE('',*,*,#14187,.F.);
#14468 = ORIENTED_EDGE('',*,*,#14056,.T.);
#14469 = ORIENTED_EDGE('',*,*,#14209,.T.);
#14470 = CYLINDRICAL_SURFACE('',#14471,0.299999999999);
#14471 = AXIS2_PLACEMENT_3D('',#14472,#14473,#14474);
#14472 = CARTESIAN_POINT('',(0.275,0.799999999999,0.688225399466));
#14473 = DIRECTION('',(1.,3.669607353027E-16,0.));
#14474 = DIRECTION('',(0.,0.,-1.));
#14475 = ADVANCED_FACE('',(#14476),#14487,.F.);
#14476 = FACE_BOUND('',#14477,.T.);
#14477 = EDGE_LOOP('',(#14478,#14479,#14480,#14481));
#14478 = ORIENTED_EDGE('',*,*,#14218,.F.);
#14479 = ORIENTED_EDGE('',*,*,#14462,.F.);
#14480 = ORIENTED_EDGE('',*,*,#14179,.T.);
#14481 = ORIENTED_EDGE('',*,*,#14482,.T.);
#14482 = EDGE_CURVE('',#14171,#14219,#14483,.T.);
#14483 = LINE('',#14484,#14485);
#14484 = CARTESIAN_POINT('',(0.275,0.718654602222,1.103932744033));
#14485 = VECTOR('',#14486,1.);
#14486 = DIRECTION('',(1.,3.669607353027E-16,0.));
#14487 = PLANE('',#14488);
#14488 = AXIS2_PLACEMENT_3D('',#14489,#14490,#14491);
#14489 = CARTESIAN_POINT('',(0.275,0.551345397777,0.856067255966));
#14490 = DIRECTION('',(3.041549188937E-16,-0.828848674075,0.559472855001
    ));
#14491 = DIRECTION('',(-2.053045702532E-16,0.559472855001,0.828848674075
    ));
#14492 = ADVANCED_FACE('',(#14493),#14504,.T.);
#14493 = FACE_BOUND('',#14494,.T.);
#14494 = EDGE_LOOP('',(#14495,#14496,#14497,#14498));
#14495 = ORIENTED_EDGE('',*,*,#14226,.F.);
#14496 = ORIENTED_EDGE('',*,*,#14482,.F.);
#14497 = ORIENTED_EDGE('',*,*,#14170,.T.);
#14498 = ORIENTED_EDGE('',*,*,#14499,.T.);
#14499 = EDGE_CURVE('',#14163,#14227,#14500,.T.);
#14500 = LINE('',#14501,#14502);
#14501 = CARTESIAN_POINT('',(0.275,0.77,1.271774600533));
#14502 = VECTOR('',#14503,1.);
#14503 = DIRECTION('',(1.,3.669607353027E-16,0.));
#14504 = CYLINDRICAL_SURFACE('',#14505,0.299999999999);
#14505 = AXIS2_PLACEMENT_3D('',#14506,#14507,#14508);
#14506 = CARTESIAN_POINT('',(0.275,0.47,1.271774600533));
#14507 = DIRECTION('',(1.,3.669607353027E-16,0.));
#14508 = DIRECTION('',(0.,0.,-1.));
#14509 = ADVANCED_FACE('',(#14510),#14521,.F.);
#14510 = FACE_BOUND('',#14511,.T.);
#14511 = EDGE_LOOP('',(#14512,#14513,#14514,#14515));
#14512 = ORIENTED_EDGE('',*,*,#14235,.F.);
#14513 = ORIENTED_EDGE('',*,*,#14499,.F.);
#14514 = ORIENTED_EDGE('',*,*,#14162,.T.);
#14515 = ORIENTED_EDGE('',*,*,#14516,.T.);
#14516 = EDGE_CURVE('',#14154,#14236,#14517,.T.);
#14517 = LINE('',#14518,#14519);
#14518 = CARTESIAN_POINT('',(0.275,0.77,1.953753400942));
#14519 = VECTOR('',#14520,1.);
#14520 = DIRECTION('',(1.,3.669607353027E-16,0.));
#14521 = PLANE('',#14522);
#14522 = AXIS2_PLACEMENT_3D('',#14523,#14524,#14525);
#14523 = CARTESIAN_POINT('',(0.275,0.77,1.271774600533));
#14524 = DIRECTION('',(3.669607353027E-16,-1.,6.359154694171E-16));
#14525 = DIRECTION('',(-2.333560082477E-31,6.359154694171E-16,1.));
#14526 = ADVANCED_FACE('',(#14527),#14533,.F.);
#14527 = FACE_BOUND('',#14528,.F.);
#14528 = EDGE_LOOP('',(#14529,#14530,#14531,#14532));
#14529 = ORIENTED_EDGE('',*,*,#14327,.F.);
#14530 = ORIENTED_EDGE('',*,*,#14153,.F.);
#14531 = ORIENTED_EDGE('',*,*,#14516,.T.);
#14532 = ORIENTED_EDGE('',*,*,#14243,.T.);
#14533 = CYLINDRICAL_SURFACE('',#14534,0.299999999999);
#14534 = AXIS2_PLACEMENT_3D('',#14535,#14536,#14537);
#14535 = CARTESIAN_POINT('',(0.274999999999,1.07,1.953753400942));
#14536 = DIRECTION('',(1.,3.669607353027E-16,0.));
#14537 = DIRECTION('',(0.,0.,-1.));
#14538 = ADVANCED_FACE('',(#14539),#14545,.T.);
#14539 = FACE_BOUND('',#14540,.T.);
#14540 = EDGE_LOOP('',(#14541,#14542,#14543,#14544));
#14541 = ORIENTED_EDGE('',*,*,#14079,.T.);
#14542 = ORIENTED_EDGE('',*,*,#14038,.T.);
#14543 = ORIENTED_EDGE('',*,*,#14202,.T.);
#14544 = ORIENTED_EDGE('',*,*,#14008,.F.);
#14545 = PLANE('',#14546);
#14546 = AXIS2_PLACEMENT_3D('',#14547,#14548,#14549);
#14547 = CARTESIAN_POINT('',(1.6,-2.08934793656E-17,0.28));
#14548 = DIRECTION('',(0.,7.340952209537E-17,-1.));
#14549 = DIRECTION('',(0.,1.,7.340952209537E-17));
#14550 = ( GEOMETRIC_REPRESENTATION_CONTEXT(3) 
GLOBAL_UNCERTAINTY_ASSIGNED_CONTEXT((#14554)) 
GLOBAL_UNIT_ASSIGNED_CONTEXT((#14551,#14552,#14553)) 
REPRESENTATION_CONTEXT('Context #1',
  '3D Context with UNIT and UNCERTAINTY') );
#14551 = ( LENGTH_UNIT() NAMED_UNIT(*) SI_UNIT(.MILLI.,.METRE.) );
#14552 = ( NAMED_UNIT(*) PLANE_ANGLE_UNIT() SI_UNIT($,.RADIAN.) );
#14553 = ( NAMED_UNIT(*) SI_UNIT($,.STERADIAN.) SOLID_ANGLE_UNIT() );
#14554 = UNCERTAINTY_MEASURE_WITH_UNIT(LENGTH_MEASURE(1.E-07),#14551,
  'distance_accuracy_value','confusion accuracy');
#14555 = CONTEXT_DEPENDENT_SHAPE_REPRESENTATION(#14556,#14558);
#14556 = ( REPRESENTATION_RELATIONSHIP('','',#13991,#10) 
REPRESENTATION_RELATIONSHIP_WITH_TRANSFORMATION(#14557) 
SHAPE_REPRESENTATION_RELATIONSHIP() );
#14557 = ITEM_DEFINED_TRANSFORMATION('','',#11,#67);
#14558 = PRODUCT_DEFINITION_SHAPE('Placement','Placement of an item',
  #14559);
#14559 = NEXT_ASSEMBLY_USAGE_OCCURRENCE('14',
'CONN-SMD_HC-PBB08-2-08-M-H1.0-G1-R-P-04_1~CONN-SMD_
HC-PBB08-2-08-M-H1.0-G1-R-P-04_1~bmqH012','',#5,#13986,$);
#14560 = PRODUCT_RELATED_PRODUCT_CATEGORY('part',$,(#13988));
#14561 = SHAPE_DEFINITION_REPRESENTATION(#14562,#14568);
#14562 = PRODUCT_DEFINITION_SHAPE('','',#14563);
#14563 = PRODUCT_DEFINITION('design','',#14564,#14567);
#14564 = PRODUCT_DEFINITION_FORMATION('','',#14565);
#14565 = PRODUCT(
'CONN-SMD_HC-PBB08-2-08-M-H1.0-G1-R-P-04_1~CONN-SMD_
HC-PBB08-2-08-M-H1.0-G1-R-P-04_1~bmqH013',
'CONN-SMD_HC-PBB08-2-08-M-H1.0-G1-R-P-04_1~CONN-SMD_
HC-PBB08-2-08-M-H1.0-G1-R-P-04_1~bmqH013','',(#14566));
#14566 = PRODUCT_CONTEXT('',#2,'mechanical');
#14567 = PRODUCT_DEFINITION_CONTEXT('part definition',#2,'design');
#14568 = ADVANCED_BREP_SHAPE_REPRESENTATION('',(#11,#14569),#15127);
#14569 = MANIFOLD_SOLID_BREP('',#14570);
#14570 = CLOSED_SHELL('',(#14571,#14611,#14651,#14775,#14899,#14921,
    #14938,#14955,#14972,#14989,#15006,#15023,#15035,#15052,#15069,
    #15086,#15103,#15115));
#14571 = ADVANCED_FACE('',(#14572),#14606,.T.);
#14572 = FACE_BOUND('',#14573,.T.);
#14573 = EDGE_LOOP('',(#14574,#14584,#14592,#14600));
#14574 = ORIENTED_EDGE('',*,*,#14575,.F.);
#14575 = EDGE_CURVE('',#14576,#14578,#14580,.T.);
#14576 = VERTEX_POINT('',#14577);
#14577 = CARTESIAN_POINT('',(1.075,0.25,0.28));
#14578 = VERTEX_POINT('',#14579);
#14579 = CARTESIAN_POINT('',(1.075,0.25,0.688225399466));
#14580 = LINE('',#14581,#14582);
#14581 = CARTESIAN_POINT('',(1.075,0.25,0.18));
#14582 = VECTOR('',#14583,1.);
#14583 = DIRECTION('',(0.,0.,1.));
#14584 = ORIENTED_EDGE('',*,*,#14585,.T.);
#14585 = EDGE_CURVE('',#14576,#14586,#14588,.T.);
#14586 = VERTEX_POINT('',#14587);
#14587 = CARTESIAN_POINT('',(1.325,0.25,0.28));
#14588 = LINE('',#14589,#14590);
#14589 = CARTESIAN_POINT('',(1.075,0.25,0.28));
#14590 = VECTOR('',#14591,1.);
#14591 = DIRECTION('',(1.,3.669607353027E-16,2.693841220634E-32));
#14592 = ORIENTED_EDGE('',*,*,#14593,.T.);
#14593 = EDGE_CURVE('',#14586,#14594,#14596,.T.);
#14594 = VERTEX_POINT('',#14595);
#14595 = CARTESIAN_POINT('',(1.325,0.25,0.688225399466));
#14596 = LINE('',#14597,#14598);
#14597 = CARTESIAN_POINT('',(1.325,0.25,0.18));
#14598 = VECTOR('',#14599,1.);
#14599 = DIRECTION('',(0.,0.,1.));
#14600 = ORIENTED_EDGE('',*,*,#14601,.F.);
#14601 = EDGE_CURVE('',#14578,#14594,#14602,.T.);
#14602 = LINE('',#14603,#14604);
#14603 = CARTESIAN_POINT('',(1.075,0.25,0.688225399466));
#14604 = VECTOR('',#14605,1.);
#14605 = DIRECTION('',(1.,3.669607353027E-16,0.));
#14606 = PLANE('',#14607);
#14607 = AXIS2_PLACEMENT_3D('',#14608,#14609,#14610);
#14608 = CARTESIAN_POINT('',(1.075,0.25,0.18));
#14609 = DIRECTION('',(3.669607353027E-16,-1.,0.));
#14610 = DIRECTION('',(0.,0.,1.));
#14611 = ADVANCED_FACE('',(#14612),#14646,.F.);
#14612 = FACE_BOUND('',#14613,.T.);
#14613 = EDGE_LOOP('',(#14614,#14624,#14632,#14640));
#14614 = ORIENTED_EDGE('',*,*,#14615,.F.);
#14615 = EDGE_CURVE('',#14616,#14618,#14620,.T.);
#14616 = VERTEX_POINT('',#14617);
#14617 = CARTESIAN_POINT('',(1.075,0.5,0.28));
#14618 = VERTEX_POINT('',#14619);
#14619 = CARTESIAN_POINT('',(1.325,0.5,0.279999999999));
#14620 = LINE('',#14621,#14622);
#14621 = CARTESIAN_POINT('',(1.075,0.5,0.28));
#14622 = VECTOR('',#14623,1.);
#14623 = DIRECTION('',(1.,0.,0.));
#14624 = ORIENTED_EDGE('',*,*,#14625,.T.);
#14625 = EDGE_CURVE('',#14616,#14626,#14628,.T.);
#14626 = VERTEX_POINT('',#14627);
#14627 = CARTESIAN_POINT('',(1.075,0.5,0.688225399466));
#14628 = LINE('',#14629,#14630);
#14629 = CARTESIAN_POINT('',(1.075,0.5,0.18));
#14630 = VECTOR('',#14631,1.);
#14631 = DIRECTION('',(0.,0.,1.));
#14632 = ORIENTED_EDGE('',*,*,#14633,.T.);
#14633 = EDGE_CURVE('',#14626,#14634,#14636,.T.);
#14634 = VERTEX_POINT('',#14635);
#14635 = CARTESIAN_POINT('',(1.325,0.5,0.688225399466));
#14636 = LINE('',#14637,#14638);
#14637 = CARTESIAN_POINT('',(1.075,0.5,0.688225399466));
#14638 = VECTOR('',#14639,1.);
#14639 = DIRECTION('',(1.,3.669607353027E-16,0.));
#14640 = ORIENTED_EDGE('',*,*,#14641,.F.);
#14641 = EDGE_CURVE('',#14618,#14634,#14642,.T.);
#14642 = LINE('',#14643,#14644);
#14643 = CARTESIAN_POINT('',(1.325,0.5,0.18));
#14644 = VECTOR('',#14645,1.);
#14645 = DIRECTION('',(0.,0.,1.));
#14646 = PLANE('',#14647);
#14647 = AXIS2_PLACEMENT_3D('',#14648,#14649,#14650);
#14648 = CARTESIAN_POINT('',(1.075,0.5,0.18));
#14649 = DIRECTION('',(3.669607353027E-16,-1.,0.));
#14650 = DIRECTION('',(0.,0.,1.));
#14651 = ADVANCED_FACE('',(#14652),#14770,.T.);
#14652 = FACE_BOUND('',#14653,.T.);
#14653 = EDGE_LOOP('',(#14654,#14655,#14661,#14662,#14671,#14679,#14688,
    #14696,#14705,#14713,#14721,#14729,#14738,#14746,#14755,#14763));
#14654 = ORIENTED_EDGE('',*,*,#14625,.F.);
#14655 = ORIENTED_EDGE('',*,*,#14656,.F.);
#14656 = EDGE_CURVE('',#14576,#14616,#14657,.T.);
#14657 = LINE('',#14658,#14659);
#14658 = CARTESIAN_POINT('',(1.075,-0.699999999999,0.28));
#14659 = VECTOR('',#14660,1.);
#14660 = DIRECTION('',(0.,1.,7.340952209537E-17));
#14661 = ORIENTED_EDGE('',*,*,#14575,.T.);
#14662 = ORIENTED_EDGE('',*,*,#14663,.T.);
#14663 = EDGE_CURVE('',#14578,#14664,#14666,.T.);
#14664 = VERTEX_POINT('',#14665);
#14665 = CARTESIAN_POINT('',(1.075,0.344133229258,0.995935469716));
#14666 = CIRCLE('',#14667,0.55);
#14667 = AXIS2_PLACEMENT_3D('',#14668,#14669,#14670);
#14668 = CARTESIAN_POINT('',(1.075,0.799999999999,0.688225399466));
#14669 = DIRECTION('',(-1.,-3.669607353027E-16,0.));
#14670 = DIRECTION('',(2.604172100282E-30,-7.096596038086E-15,1.));
#14671 = ORIENTED_EDGE('',*,*,#14672,.T.);
#14672 = EDGE_CURVE('',#14664,#14673,#14675,.T.);
#14673 = VERTEX_POINT('',#14674);
#14674 = CARTESIAN_POINT('',(1.075,0.511442433703,1.243800957783));
#14675 = LINE('',#14676,#14677);
#14676 = CARTESIAN_POINT('',(1.075,0.344133229258,0.995935469716));
#14677 = VECTOR('',#14678,1.);
#14678 = DIRECTION('',(-2.053045702532E-16,0.559472855001,0.828848674075
    ));
#14679 = ORIENTED_EDGE('',*,*,#14680,.T.);
#14680 = EDGE_CURVE('',#14673,#14681,#14683,.T.);
#14681 = VERTEX_POINT('',#14682);
#14682 = CARTESIAN_POINT('',(1.075,0.52,1.271774600533));
#14683 = CIRCLE('',#14684,4.9999999999E-02);
#14684 = AXIS2_PLACEMENT_3D('',#14685,#14686,#14687);
#14685 = CARTESIAN_POINT('',(1.075,0.47,1.271774600533));
#14686 = DIRECTION('',(1.,3.669607353027E-16,0.));
#14687 = DIRECTION('',(0.,-0.,1.));
#14688 = ORIENTED_EDGE('',*,*,#14689,.T.);
#14689 = EDGE_CURVE('',#14681,#14690,#14692,.T.);
#14690 = VERTEX_POINT('',#14691);
#14691 = CARTESIAN_POINT('',(1.075,0.52,1.953753400942));
#14692 = LINE('',#14693,#14694);
#14693 = CARTESIAN_POINT('',(1.075,0.52,1.271774600533));
#14694 = VECTOR('',#14695,1.);
#14695 = DIRECTION('',(-2.333560082477E-31,6.359154694171E-16,1.));
#14696 = ORIENTED_EDGE('',*,*,#14697,.T.);
#14697 = EDGE_CURVE('',#14690,#14698,#14700,.T.);
#14698 = VERTEX_POINT('',#14699);
#14699 = CARTESIAN_POINT('',(1.075,0.528355735843,2.049259898659));
#14700 = CIRCLE('',#14701,0.549999999999);
#14701 = AXIS2_PLACEMENT_3D('',#14702,#14703,#14704);
#14702 = CARTESIAN_POINT('',(1.074999999999,1.07,1.953753400942));
#14703 = DIRECTION('',(-1.,-3.669607353027E-16,0.));
#14704 = DIRECTION('',(-4.195610606008E-30,1.143340472802E-14,1.));
#14705 = ORIENTED_EDGE('',*,*,#14706,.T.);
#14706 = EDGE_CURVE('',#14698,#14707,#14709,.T.);
#14707 = VERTEX_POINT('',#14708);
#14708 = CARTESIAN_POINT('',(1.075,0.575892515047,2.31885437032));
#14709 = LINE('',#14710,#14711);
#14710 = CARTESIAN_POINT('',(1.075,0.528355735843,2.049259898659));
#14711 = VECTOR('',#14712,1.);
#14712 = DIRECTION('',(-6.372206296066E-17,0.173648177666,0.984807753012
    ));
#14713 = ORIENTED_EDGE('',*,*,#14714,.T.);
#14714 = EDGE_CURVE('',#14707,#14715,#14717,.T.);
#14715 = VERTEX_POINT('',#14716);
#14716 = CARTESIAN_POINT('',(1.075,0.8220944533,2.275442325903));
#14717 = LINE('',#14718,#14719);
#14718 = CARTESIAN_POINT('',(1.075,0.575892515047,2.31885437032));
#14719 = VECTOR('',#14720,1.);
#14720 = DIRECTION('',(-3.613857771773E-16,0.984807753012,
    -0.173648177666));
#14721 = ORIENTED_EDGE('',*,*,#14722,.F.);
#14722 = EDGE_CURVE('',#14723,#14715,#14725,.T.);
#14723 = VERTEX_POINT('',#14724);
#14724 = CARTESIAN_POINT('',(1.075,0.774557674096,2.005847854242));
#14725 = LINE('',#14726,#14727);
#14726 = CARTESIAN_POINT('',(1.075,0.774557674096,2.005847854242));
#14727 = VECTOR('',#14728,1.);
#14728 = DIRECTION('',(-6.372206296066E-17,0.173648177666,0.984807753012
    ));
#14729 = ORIENTED_EDGE('',*,*,#14730,.F.);
#14730 = EDGE_CURVE('',#14731,#14723,#14733,.T.);
#14731 = VERTEX_POINT('',#14732);
#14732 = CARTESIAN_POINT('',(1.075,0.77,1.953753400942));
#14733 = CIRCLE('',#14734,0.299999999999);
#14734 = AXIS2_PLACEMENT_3D('',#14735,#14736,#14737);
#14735 = CARTESIAN_POINT('',(1.074999999999,1.07,1.953753400942));
#14736 = DIRECTION('',(-1.,-3.669607353027E-16,0.));
#14737 = DIRECTION('',(-0.,0.,-1.));
#14738 = ORIENTED_EDGE('',*,*,#14739,.F.);
#14739 = EDGE_CURVE('',#14740,#14731,#14742,.T.);
#14740 = VERTEX_POINT('',#14741);
#14741 = CARTESIAN_POINT('',(1.075,0.77,1.271774600533));
#14742 = LINE('',#14743,#14744);
#14743 = CARTESIAN_POINT('',(1.075,0.77,1.271774600533));
#14744 = VECTOR('',#14745,1.);
#14745 = DIRECTION('',(-2.333560082477E-31,6.359154694171E-16,1.));
#14746 = ORIENTED_EDGE('',*,*,#14747,.F.);
#14747 = EDGE_CURVE('',#14748,#14740,#14750,.T.);
#14748 = VERTEX_POINT('',#14749);
#14749 = CARTESIAN_POINT('',(1.075,0.718654602222,1.103932744033));
#14750 = CIRCLE('',#14751,0.299999999999);
#14751 = AXIS2_PLACEMENT_3D('',#14752,#14753,#14754);
#14752 = CARTESIAN_POINT('',(1.075,0.47,1.271774600533));
#14753 = DIRECTION('',(1.,3.669607353027E-16,0.));
#14754 = DIRECTION('',(0.,-0.,1.));
#14755 = ORIENTED_EDGE('',*,*,#14756,.F.);
#14756 = EDGE_CURVE('',#14757,#14748,#14759,.T.);
#14757 = VERTEX_POINT('',#14758);
#14758 = CARTESIAN_POINT('',(1.075,0.551345397777,0.856067255966));
#14759 = LINE('',#14760,#14761);
#14760 = CARTESIAN_POINT('',(1.075,0.551345397777,0.856067255966));
#14761 = VECTOR('',#14762,1.);
#14762 = DIRECTION('',(-2.053045702532E-16,0.559472855001,0.828848674075
    ));
#14763 = ORIENTED_EDGE('',*,*,#14764,.F.);
#14764 = EDGE_CURVE('',#14626,#14757,#14765,.T.);
#14765 = CIRCLE('',#14766,0.299999999999);
#14766 = AXIS2_PLACEMENT_3D('',#14767,#14768,#14769);
#14767 = CARTESIAN_POINT('',(1.075,0.799999999999,0.688225399466));
#14768 = DIRECTION('',(-1.,-3.669607353027E-16,0.));
#14769 = DIRECTION('',(-0.,0.,-1.));
#14770 = PLANE('',#14771);
#14771 = AXIS2_PLACEMENT_3D('',#14772,#14773,#14774);
#14772 = CARTESIAN_POINT('',(1.074999999999,1.07,1.953753400942));
#14773 = DIRECTION('',(-1.,-3.669607353027E-16,0.));
#14774 = DIRECTION('',(0.,0.,1.));
#14775 = ADVANCED_FACE('',(#14776),#14894,.F.);
#14776 = FACE_BOUND('',#14777,.T.);
#14777 = EDGE_LOOP('',(#14778,#14784,#14785,#14794,#14802,#14811,#14819,
    #14828,#14836,#14844,#14852,#14861,#14869,#14878,#14886,#14893));
#14778 = ORIENTED_EDGE('',*,*,#14779,.F.);
#14779 = EDGE_CURVE('',#14618,#14586,#14780,.T.);
#14780 = LINE('',#14781,#14782);
#14781 = CARTESIAN_POINT('',(1.325,-0.699999999999,0.28));
#14782 = VECTOR('',#14783,1.);
#14783 = DIRECTION('',(0.,-1.,-7.340952209537E-17));
#14784 = ORIENTED_EDGE('',*,*,#14641,.T.);
#14785 = ORIENTED_EDGE('',*,*,#14786,.T.);
#14786 = EDGE_CURVE('',#14634,#14787,#14789,.T.);
#14787 = VERTEX_POINT('',#14788);
#14788 = CARTESIAN_POINT('',(1.325,0.551345397777,0.856067255966));
#14789 = CIRCLE('',#14790,0.299999999999);
#14790 = AXIS2_PLACEMENT_3D('',#14791,#14792,#14793);
#14791 = CARTESIAN_POINT('',(1.325,0.799999999999,0.688225399466));
#14792 = DIRECTION('',(-1.,-3.669607353027E-16,0.));
#14793 = DIRECTION('',(-0.,0.,-1.));
#14794 = ORIENTED_EDGE('',*,*,#14795,.T.);
#14795 = EDGE_CURVE('',#14787,#14796,#14798,.T.);
#14796 = VERTEX_POINT('',#14797);
#14797 = CARTESIAN_POINT('',(1.325,0.718654602222,1.103932744033));
#14798 = LINE('',#14799,#14800);
#14799 = CARTESIAN_POINT('',(1.325,0.551345397777,0.856067255966));
#14800 = VECTOR('',#14801,1.);
#14801 = DIRECTION('',(-2.053045702532E-16,0.559472855001,0.828848674075
    ));
#14802 = ORIENTED_EDGE('',*,*,#14803,.T.);
#14803 = EDGE_CURVE('',#14796,#14804,#14806,.T.);
#14804 = VERTEX_POINT('',#14805);
#14805 = CARTESIAN_POINT('',(1.325,0.77,1.271774600533));
#14806 = CIRCLE('',#14807,0.299999999999);
#14807 = AXIS2_PLACEMENT_3D('',#14808,#14809,#14810);
#14808 = CARTESIAN_POINT('',(1.325,0.47,1.271774600533));
#14809 = DIRECTION('',(1.,3.669607353027E-16,0.));
#14810 = DIRECTION('',(0.,-0.,1.));
#14811 = ORIENTED_EDGE('',*,*,#14812,.T.);
#14812 = EDGE_CURVE('',#14804,#14813,#14815,.T.);
#14813 = VERTEX_POINT('',#14814);
#14814 = CARTESIAN_POINT('',(1.325,0.77,1.953753400942));
#14815 = LINE('',#14816,#14817);
#14816 = CARTESIAN_POINT('',(1.325,0.77,1.271774600533));
#14817 = VECTOR('',#14818,1.);
#14818 = DIRECTION('',(-2.333560082477E-31,6.359154694171E-16,1.));
#14819 = ORIENTED_EDGE('',*,*,#14820,.T.);
#14820 = EDGE_CURVE('',#14813,#14821,#14823,.T.);
#14821 = VERTEX_POINT('',#14822);
#14822 = CARTESIAN_POINT('',(1.325,0.774557674096,2.005847854242));
#14823 = CIRCLE('',#14824,0.299999999999);
#14824 = AXIS2_PLACEMENT_3D('',#14825,#14826,#14827);
#14825 = CARTESIAN_POINT('',(1.324999999999,1.07,1.953753400942));
#14826 = DIRECTION('',(-1.,-3.669607353027E-16,0.));
#14827 = DIRECTION('',(-0.,0.,-1.));
#14828 = ORIENTED_EDGE('',*,*,#14829,.T.);
#14829 = EDGE_CURVE('',#14821,#14830,#14832,.T.);
#14830 = VERTEX_POINT('',#14831);
#14831 = CARTESIAN_POINT('',(1.325,0.8220944533,2.275442325903));
#14832 = LINE('',#14833,#14834);
#14833 = CARTESIAN_POINT('',(1.325,0.774557674096,2.005847854242));
#14834 = VECTOR('',#14835,1.);
#14835 = DIRECTION('',(-6.372206296066E-17,0.173648177666,0.984807753012
    ));
#14836 = ORIENTED_EDGE('',*,*,#14837,.F.);
#14837 = EDGE_CURVE('',#14838,#14830,#14840,.T.);
#14838 = VERTEX_POINT('',#14839);
#14839 = CARTESIAN_POINT('',(1.325,0.575892515047,2.31885437032));
#14840 = LINE('',#14841,#14842);
#14841 = CARTESIAN_POINT('',(1.325,0.575892515047,2.31885437032));
#14842 = VECTOR('',#14843,1.);
#14843 = DIRECTION('',(-3.613857771773E-16,0.984807753012,
    -0.173648177666));
#14844 = ORIENTED_EDGE('',*,*,#14845,.F.);
#14845 = EDGE_CURVE('',#14846,#14838,#14848,.T.);
#14846 = VERTEX_POINT('',#14847);
#14847 = CARTESIAN_POINT('',(1.325,0.528355735843,2.049259898659));
#14848 = LINE('',#14849,#14850);
#14849 = CARTESIAN_POINT('',(1.325,0.528355735843,2.049259898659));
#14850 = VECTOR('',#14851,1.);
#14851 = DIRECTION('',(-6.372206296066E-17,0.173648177666,0.984807753012
    ));
#14852 = ORIENTED_EDGE('',*,*,#14853,.F.);
#14853 = EDGE_CURVE('',#14854,#14846,#14856,.T.);
#14854 = VERTEX_POINT('',#14855);
#14855 = CARTESIAN_POINT('',(1.325,0.52,1.953753400942));
#14856 = CIRCLE('',#14857,0.549999999999);
#14857 = AXIS2_PLACEMENT_3D('',#14858,#14859,#14860);
#14858 = CARTESIAN_POINT('',(1.324999999999,1.07,1.953753400942));
#14859 = DIRECTION('',(-1.,-3.669607353027E-16,0.));
#14860 = DIRECTION('',(-4.195610606008E-30,1.143340472802E-14,1.));
#14861 = ORIENTED_EDGE('',*,*,#14862,.F.);
#14862 = EDGE_CURVE('',#14863,#14854,#14865,.T.);
#14863 = VERTEX_POINT('',#14864);
#14864 = CARTESIAN_POINT('',(1.325,0.52,1.271774600533));
#14865 = LINE('',#14866,#14867);
#14866 = CARTESIAN_POINT('',(1.325,0.52,1.271774600533));
#14867 = VECTOR('',#14868,1.);
#14868 = DIRECTION('',(-2.333560082477E-31,6.359154694171E-16,1.));
#14869 = ORIENTED_EDGE('',*,*,#14870,.F.);
#14870 = EDGE_CURVE('',#14871,#14863,#14873,.T.);
#14871 = VERTEX_POINT('',#14872);
#14872 = CARTESIAN_POINT('',(1.325,0.511442433703,1.243800957783));
#14873 = CIRCLE('',#14874,4.9999999999E-02);
#14874 = AXIS2_PLACEMENT_3D('',#14875,#14876,#14877);
#14875 = CARTESIAN_POINT('',(1.325,0.47,1.271774600533));
#14876 = DIRECTION('',(1.,3.669607353027E-16,0.));
#14877 = DIRECTION('',(0.,-0.,1.));
#14878 = ORIENTED_EDGE('',*,*,#14879,.F.);
#14879 = EDGE_CURVE('',#14880,#14871,#14882,.T.);
#14880 = VERTEX_POINT('',#14881);
#14881 = CARTESIAN_POINT('',(1.325,0.344133229258,0.995935469716));
#14882 = LINE('',#14883,#14884);
#14883 = CARTESIAN_POINT('',(1.325,0.344133229258,0.995935469716));
#14884 = VECTOR('',#14885,1.);
#14885 = DIRECTION('',(-2.053045702532E-16,0.559472855001,0.828848674075
    ));
#14886 = ORIENTED_EDGE('',*,*,#14887,.F.);
#14887 = EDGE_CURVE('',#14594,#14880,#14888,.T.);
#14888 = CIRCLE('',#14889,0.55);
#14889 = AXIS2_PLACEMENT_3D('',#14890,#14891,#14892);
#14890 = CARTESIAN_POINT('',(1.325,0.799999999999,0.688225399466));
#14891 = DIRECTION('',(-1.,-3.669607353027E-16,0.));
#14892 = DIRECTION('',(2.604172100282E-30,-7.096596038086E-15,1.));
#14893 = ORIENTED_EDGE('',*,*,#14593,.F.);
#14894 = PLANE('',#14895);
#14895 = AXIS2_PLACEMENT_3D('',#14896,#14897,#14898);
#14896 = CARTESIAN_POINT('',(1.324999999999,1.07,1.953753400942));
#14897 = DIRECTION('',(-1.,-3.669607353027E-16,0.));
#14898 = DIRECTION('',(0.,0.,1.));
#14899 = ADVANCED_FACE('',(#14900),#14916,.F.);
#14900 = FACE_BOUND('',#14901,.T.);
#14901 = EDGE_LOOP('',(#14902,#14903,#14909,#14910));
#14902 = ORIENTED_EDGE('',*,*,#14829,.F.);
#14903 = ORIENTED_EDGE('',*,*,#14904,.F.);
#14904 = EDGE_CURVE('',#14723,#14821,#14905,.T.);
#14905 = LINE('',#14906,#14907);
#14906 = CARTESIAN_POINT('',(1.075,0.774557674096,2.005847854242));
#14907 = VECTOR('',#14908,1.);
#14908 = DIRECTION('',(1.,3.669607353027E-16,0.));
#14909 = ORIENTED_EDGE('',*,*,#14722,.T.);
#14910 = ORIENTED_EDGE('',*,*,#14911,.T.);
#14911 = EDGE_CURVE('',#14715,#14830,#14912,.T.);
#14912 = LINE('',#14913,#14914);
#14913 = CARTESIAN_POINT('',(1.075,0.8220944533,2.275442325903));
#14914 = VECTOR('',#14915,1.);
#14915 = DIRECTION('',(1.,3.669607353027E-16,0.));
#14916 = PLANE('',#14917);
#14917 = AXIS2_PLACEMENT_3D('',#14918,#14919,#14920);
#14918 = CARTESIAN_POINT('',(1.075,0.774557674096,2.005847854242));
#14919 = DIRECTION('',(3.613857771773E-16,-0.984807753012,0.173648177666
    ));
#14920 = DIRECTION('',(-6.372206296066E-17,0.173648177666,0.984807753012
    ));
#14921 = ADVANCED_FACE('',(#14922),#14933,.T.);
#14922 = FACE_BOUND('',#14923,.T.);
#14923 = EDGE_LOOP('',(#14924,#14925,#14926,#14927));
#14924 = ORIENTED_EDGE('',*,*,#14837,.T.);
#14925 = ORIENTED_EDGE('',*,*,#14911,.F.);
#14926 = ORIENTED_EDGE('',*,*,#14714,.F.);
#14927 = ORIENTED_EDGE('',*,*,#14928,.T.);
#14928 = EDGE_CURVE('',#14707,#14838,#14929,.T.);
#14929 = LINE('',#14930,#14931);
#14930 = CARTESIAN_POINT('',(1.075,0.575892515047,2.31885437032));
#14931 = VECTOR('',#14932,1.);
#14932 = DIRECTION('',(1.,3.669607353027E-16,0.));
#14933 = PLANE('',#14934);
#14934 = AXIS2_PLACEMENT_3D('',#14935,#14936,#14937);
#14935 = CARTESIAN_POINT('',(1.075,0.575892515047,2.31885437032));
#14936 = DIRECTION('',(-6.372206296066E-17,0.173648177666,0.984807753012
    ));
#14937 = DIRECTION('',(-3.613857771773E-16,0.984807753012,
    -0.173648177666));
#14938 = ADVANCED_FACE('',(#14939),#14950,.T.);
#14939 = FACE_BOUND('',#14940,.T.);
#14940 = EDGE_LOOP('',(#14941,#14942,#14943,#14944));
#14941 = ORIENTED_EDGE('',*,*,#14845,.T.);
#14942 = ORIENTED_EDGE('',*,*,#14928,.F.);
#14943 = ORIENTED_EDGE('',*,*,#14706,.F.);
#14944 = ORIENTED_EDGE('',*,*,#14945,.T.);
#14945 = EDGE_CURVE('',#14698,#14846,#14946,.T.);
#14946 = LINE('',#14947,#14948);
#14947 = CARTESIAN_POINT('',(1.075,0.528355735843,2.049259898659));
#14948 = VECTOR('',#14949,1.);
#14949 = DIRECTION('',(1.,3.669607353027E-16,0.));
#14950 = PLANE('',#14951);
#14951 = AXIS2_PLACEMENT_3D('',#14952,#14953,#14954);
#14952 = CARTESIAN_POINT('',(1.075,0.528355735843,2.049259898659));
#14953 = DIRECTION('',(3.613857771773E-16,-0.984807753012,0.173648177666
    ));
#14954 = DIRECTION('',(-6.372206296066E-17,0.173648177666,0.984807753012
    ));
#14955 = ADVANCED_FACE('',(#14956),#14967,.T.);
#14956 = FACE_BOUND('',#14957,.T.);
#14957 = EDGE_LOOP('',(#14958,#14959,#14960,#14961));
#14958 = ORIENTED_EDGE('',*,*,#14853,.T.);
#14959 = ORIENTED_EDGE('',*,*,#14945,.F.);
#14960 = ORIENTED_EDGE('',*,*,#14697,.F.);
#14961 = ORIENTED_EDGE('',*,*,#14962,.T.);
#14962 = EDGE_CURVE('',#14690,#14854,#14963,.T.);
#14963 = LINE('',#14964,#14965);
#14964 = CARTESIAN_POINT('',(1.075,0.52,1.953753400942));
#14965 = VECTOR('',#14966,1.);
#14966 = DIRECTION('',(1.,3.669607353027E-16,0.));
#14967 = CYLINDRICAL_SURFACE('',#14968,0.549999999999);
#14968 = AXIS2_PLACEMENT_3D('',#14969,#14970,#14971);
#14969 = CARTESIAN_POINT('',(1.074999999999,1.07,1.953753400942));
#14970 = DIRECTION('',(1.,3.669607353027E-16,0.));
#14971 = DIRECTION('',(0.,0.,-1.));
#14972 = ADVANCED_FACE('',(#14973),#14984,.T.);
#14973 = FACE_BOUND('',#14974,.T.);
#14974 = EDGE_LOOP('',(#14975,#14976,#14977,#14978));
#14975 = ORIENTED_EDGE('',*,*,#14862,.T.);
#14976 = ORIENTED_EDGE('',*,*,#14962,.F.);
#14977 = ORIENTED_EDGE('',*,*,#14689,.F.);
#14978 = ORIENTED_EDGE('',*,*,#14979,.T.);
#14979 = EDGE_CURVE('',#14681,#14863,#14980,.T.);
#14980 = LINE('',#14981,#14982);
#14981 = CARTESIAN_POINT('',(1.075,0.52,1.271774600533));
#14982 = VECTOR('',#14983,1.);
#14983 = DIRECTION('',(1.,3.669607353027E-16,0.));
#14984 = PLANE('',#14985);
#14985 = AXIS2_PLACEMENT_3D('',#14986,#14987,#14988);
#14986 = CARTESIAN_POINT('',(1.075,0.52,1.271774600533));
#14987 = DIRECTION('',(3.669607353027E-16,-1.,6.359154694171E-16));
#14988 = DIRECTION('',(-2.333560082477E-31,6.359154694171E-16,1.));
#14989 = ADVANCED_FACE('',(#14990),#15001,.F.);
#14990 = FACE_BOUND('',#14991,.F.);
#14991 = EDGE_LOOP('',(#14992,#14998,#14999,#15000));
#14992 = ORIENTED_EDGE('',*,*,#14993,.F.);
#14993 = EDGE_CURVE('',#14673,#14871,#14994,.T.);
#14994 = LINE('',#14995,#14996);
#14995 = CARTESIAN_POINT('',(1.075,0.511442433703,1.243800957783));
#14996 = VECTOR('',#14997,1.);
#14997 = DIRECTION('',(1.,3.669607353027E-16,0.));
#14998 = ORIENTED_EDGE('',*,*,#14680,.T.);
#14999 = ORIENTED_EDGE('',*,*,#14979,.T.);
#15000 = ORIENTED_EDGE('',*,*,#14870,.F.);
#15001 = CYLINDRICAL_SURFACE('',#15002,4.9999999999E-02);
#15002 = AXIS2_PLACEMENT_3D('',#15003,#15004,#15005);
#15003 = CARTESIAN_POINT('',(1.075,0.47,1.271774600533));
#15004 = DIRECTION('',(1.,3.669607353027E-16,0.));
#15005 = DIRECTION('',(0.,0.,-1.));
#15006 = ADVANCED_FACE('',(#15007),#15018,.T.);
#15007 = FACE_BOUND('',#15008,.T.);
#15008 = EDGE_LOOP('',(#15009,#15010,#15011,#15012));
#15009 = ORIENTED_EDGE('',*,*,#14879,.T.);
#15010 = ORIENTED_EDGE('',*,*,#14993,.F.);
#15011 = ORIENTED_EDGE('',*,*,#14672,.F.);
#15012 = ORIENTED_EDGE('',*,*,#15013,.T.);
#15013 = EDGE_CURVE('',#14664,#14880,#15014,.T.);
#15014 = LINE('',#15015,#15016);
#15015 = CARTESIAN_POINT('',(1.075,0.344133229258,0.995935469716));
#15016 = VECTOR('',#15017,1.);
#15017 = DIRECTION('',(1.,3.669607353027E-16,0.));
#15018 = PLANE('',#15019);
#15019 = AXIS2_PLACEMENT_3D('',#15020,#15021,#15022);
#15020 = CARTESIAN_POINT('',(1.075,0.344133229258,0.995935469716));
#15021 = DIRECTION('',(3.041549188937E-16,-0.828848674075,0.559472855001
    ));
#15022 = DIRECTION('',(-2.053045702532E-16,0.559472855001,0.828848674075
    ));
#15023 = ADVANCED_FACE('',(#15024),#15030,.T.);
#15024 = FACE_BOUND('',#15025,.T.);
#15025 = EDGE_LOOP('',(#15026,#15027,#15028,#15029));
#15026 = ORIENTED_EDGE('',*,*,#14887,.T.);
#15027 = ORIENTED_EDGE('',*,*,#15013,.F.);
#15028 = ORIENTED_EDGE('',*,*,#14663,.F.);
#15029 = ORIENTED_EDGE('',*,*,#14601,.T.);
#15030 = CYLINDRICAL_SURFACE('',#15031,0.549999999999);
#15031 = AXIS2_PLACEMENT_3D('',#15032,#15033,#15034);
#15032 = CARTESIAN_POINT('',(1.075,0.799999999999,0.688225399466));
#15033 = DIRECTION('',(1.,3.669607353027E-16,0.));
#15034 = DIRECTION('',(0.,0.,-1.));
#15035 = ADVANCED_FACE('',(#15036),#15047,.F.);
#15036 = FACE_BOUND('',#15037,.F.);
#15037 = EDGE_LOOP('',(#15038,#15044,#15045,#15046));
#15038 = ORIENTED_EDGE('',*,*,#15039,.F.);
#15039 = EDGE_CURVE('',#14757,#14787,#15040,.T.);
#15040 = LINE('',#15041,#15042);
#15041 = CARTESIAN_POINT('',(1.075,0.551345397777,0.856067255966));
#15042 = VECTOR('',#15043,1.);
#15043 = DIRECTION('',(1.,3.669607353027E-16,0.));
#15044 = ORIENTED_EDGE('',*,*,#14764,.F.);
#15045 = ORIENTED_EDGE('',*,*,#14633,.T.);
#15046 = ORIENTED_EDGE('',*,*,#14786,.T.);
#15047 = CYLINDRICAL_SURFACE('',#15048,0.299999999999);
#15048 = AXIS2_PLACEMENT_3D('',#15049,#15050,#15051);
#15049 = CARTESIAN_POINT('',(1.075,0.799999999999,0.688225399466));
#15050 = DIRECTION('',(1.,3.669607353027E-16,0.));
#15051 = DIRECTION('',(0.,0.,-1.));
#15052 = ADVANCED_FACE('',(#15053),#15064,.F.);
#15053 = FACE_BOUND('',#15054,.T.);
#15054 = EDGE_LOOP('',(#15055,#15056,#15057,#15058));
#15055 = ORIENTED_EDGE('',*,*,#14795,.F.);
#15056 = ORIENTED_EDGE('',*,*,#15039,.F.);
#15057 = ORIENTED_EDGE('',*,*,#14756,.T.);
#15058 = ORIENTED_EDGE('',*,*,#15059,.T.);
#15059 = EDGE_CURVE('',#14748,#14796,#15060,.T.);
#15060 = LINE('',#15061,#15062);
#15061 = CARTESIAN_POINT('',(1.075,0.718654602222,1.103932744033));
#15062 = VECTOR('',#15063,1.);
#15063 = DIRECTION('',(1.,3.669607353027E-16,0.));
#15064 = PLANE('',#15065);
#15065 = AXIS2_PLACEMENT_3D('',#15066,#15067,#15068);
#15066 = CARTESIAN_POINT('',(1.075,0.551345397777,0.856067255966));
#15067 = DIRECTION('',(3.041549188937E-16,-0.828848674075,0.559472855001
    ));
#15068 = DIRECTION('',(-2.053045702532E-16,0.559472855001,0.828848674075
    ));
#15069 = ADVANCED_FACE('',(#15070),#15081,.T.);
#15070 = FACE_BOUND('',#15071,.T.);
#15071 = EDGE_LOOP('',(#15072,#15073,#15074,#15075));
#15072 = ORIENTED_EDGE('',*,*,#14803,.F.);
#15073 = ORIENTED_EDGE('',*,*,#15059,.F.);
#15074 = ORIENTED_EDGE('',*,*,#14747,.T.);
#15075 = ORIENTED_EDGE('',*,*,#15076,.T.);
#15076 = EDGE_CURVE('',#14740,#14804,#15077,.T.);
#15077 = LINE('',#15078,#15079);
#15078 = CARTESIAN_POINT('',(1.075,0.77,1.271774600533));
#15079 = VECTOR('',#15080,1.);
#15080 = DIRECTION('',(1.,3.669607353027E-16,0.));
#15081 = CYLINDRICAL_SURFACE('',#15082,0.299999999999);
#15082 = AXIS2_PLACEMENT_3D('',#15083,#15084,#15085);
#15083 = CARTESIAN_POINT('',(1.075,0.47,1.271774600533));
#15084 = DIRECTION('',(1.,3.669607353027E-16,0.));
#15085 = DIRECTION('',(0.,0.,-1.));
#15086 = ADVANCED_FACE('',(#15087),#15098,.F.);
#15087 = FACE_BOUND('',#15088,.T.);
#15088 = EDGE_LOOP('',(#15089,#15090,#15091,#15092));
#15089 = ORIENTED_EDGE('',*,*,#14812,.F.);
#15090 = ORIENTED_EDGE('',*,*,#15076,.F.);
#15091 = ORIENTED_EDGE('',*,*,#14739,.T.);
#15092 = ORIENTED_EDGE('',*,*,#15093,.T.);
#15093 = EDGE_CURVE('',#14731,#14813,#15094,.T.);
#15094 = LINE('',#15095,#15096);
#15095 = CARTESIAN_POINT('',(1.075,0.77,1.953753400942));
#15096 = VECTOR('',#15097,1.);
#15097 = DIRECTION('',(1.,3.669607353027E-16,0.));
#15098 = PLANE('',#15099);
#15099 = AXIS2_PLACEMENT_3D('',#15100,#15101,#15102);
#15100 = CARTESIAN_POINT('',(1.075,0.77,1.271774600533));
#15101 = DIRECTION('',(3.669607353027E-16,-1.,6.359154694171E-16));
#15102 = DIRECTION('',(-2.333560082477E-31,6.359154694171E-16,1.));
#15103 = ADVANCED_FACE('',(#15104),#15110,.F.);
#15104 = FACE_BOUND('',#15105,.F.);
#15105 = EDGE_LOOP('',(#15106,#15107,#15108,#15109));
#15106 = ORIENTED_EDGE('',*,*,#14904,.F.);
#15107 = ORIENTED_EDGE('',*,*,#14730,.F.);
#15108 = ORIENTED_EDGE('',*,*,#15093,.T.);
#15109 = ORIENTED_EDGE('',*,*,#14820,.T.);
#15110 = CYLINDRICAL_SURFACE('',#15111,0.299999999999);
#15111 = AXIS2_PLACEMENT_3D('',#15112,#15113,#15114);
#15112 = CARTESIAN_POINT('',(1.074999999999,1.07,1.953753400942));
#15113 = DIRECTION('',(1.,3.669607353027E-16,0.));
#15114 = DIRECTION('',(0.,0.,-1.));
#15115 = ADVANCED_FACE('',(#15116),#15122,.T.);
#15116 = FACE_BOUND('',#15117,.T.);
#15117 = EDGE_LOOP('',(#15118,#15119,#15120,#15121));
#15118 = ORIENTED_EDGE('',*,*,#14656,.T.);
#15119 = ORIENTED_EDGE('',*,*,#14615,.T.);
#15120 = ORIENTED_EDGE('',*,*,#14779,.T.);
#15121 = ORIENTED_EDGE('',*,*,#14585,.F.);
#15122 = PLANE('',#15123);
#15123 = AXIS2_PLACEMENT_3D('',#15124,#15125,#15126);
#15124 = CARTESIAN_POINT('',(2.4,-2.08934793656E-17,0.28));
#15125 = DIRECTION('',(0.,7.340952209537E-17,-1.));
#15126 = DIRECTION('',(0.,1.,7.340952209537E-17));
#15127 = ( GEOMETRIC_REPRESENTATION_CONTEXT(3) 
GLOBAL_UNCERTAINTY_ASSIGNED_CONTEXT((#15131)) 
GLOBAL_UNIT_ASSIGNED_CONTEXT((#15128,#15129,#15130)) 
REPRESENTATION_CONTEXT('Context #1',
  '3D Context with UNIT and UNCERTAINTY') );
#15128 = ( LENGTH_UNIT() NAMED_UNIT(*) SI_UNIT(.MILLI.,.METRE.) );
#15129 = ( NAMED_UNIT(*) PLANE_ANGLE_UNIT() SI_UNIT($,.RADIAN.) );
#15130 = ( NAMED_UNIT(*) SI_UNIT($,.STERADIAN.) SOLID_ANGLE_UNIT() );
#15131 = UNCERTAINTY_MEASURE_WITH_UNIT(LENGTH_MEASURE(1.E-07),#15128,
  'distance_accuracy_value','confusion accuracy');
#15132 = CONTEXT_DEPENDENT_SHAPE_REPRESENTATION(#15133,#15135);
#15133 = ( REPRESENTATION_RELATIONSHIP('','',#14568,#10) 
REPRESENTATION_RELATIONSHIP_WITH_TRANSFORMATION(#15134) 
SHAPE_REPRESENTATION_RELATIONSHIP() );
#15134 = ITEM_DEFINED_TRANSFORMATION('','',#11,#71);
#15135 = PRODUCT_DEFINITION_SHAPE('Placement','Placement of an item',
  #15136);
#15136 = NEXT_ASSEMBLY_USAGE_OCCURRENCE('15',
'CONN-SMD_HC-PBB08-2-08-M-H1.0-G1-R-P-04_1~CONN-SMD_
HC-PBB08-2-08-M-H1.0-G1-R-P-04_1~bmqH013','',#5,#14563,$);
#15137 = PRODUCT_RELATED_PRODUCT_CATEGORY('part',$,(#14565));
#15138 = MECHANICAL_DESIGN_GEOMETRIC_PRESENTATION_REPRESENTATION('',(
    #15139),#10987);
#15139 = STYLED_ITEM('color',(#15140),#10328);
#15140 = PRESENTATION_STYLE_ASSIGNMENT((#15141,#15147));
#15141 = SURFACE_STYLE_USAGE(.BOTH.,#15142);
#15142 = SURFACE_SIDE_STYLE('',(#15143));
#15143 = SURFACE_STYLE_FILL_AREA(#15144);
#15144 = FILL_AREA_STYLE('',(#15145));
#15145 = FILL_AREA_STYLE_COLOUR('',#15146);
#15146 = COLOUR_RGB('',1.,1.,0.501960817233);
#15147 = CURVE_STYLE('',#15148,POSITIVE_LENGTH_MEASURE(0.1),#15149);
#15148 = DRAUGHTING_PRE_DEFINED_CURVE_FONT('continuous');
#15149 = COLOUR_RGB('',9.803921802644E-02,9.803921802644E-02,
  9.803921802644E-02);
#15150 = MECHANICAL_DESIGN_GEOMETRIC_PRESENTATION_REPRESENTATION('',(
    #15151),#7121);
#15151 = STYLED_ITEM('color',(#15152),#6462);
#15152 = PRESENTATION_STYLE_ASSIGNMENT((#15153,#15158));
#15153 = SURFACE_STYLE_USAGE(.BOTH.,#15154);
#15154 = SURFACE_SIDE_STYLE('',(#15155));
#15155 = SURFACE_STYLE_FILL_AREA(#15156);
#15156 = FILL_AREA_STYLE('',(#15157));
#15157 = FILL_AREA_STYLE_COLOUR('',#15146);
#15158 = CURVE_STYLE('',#15159,POSITIVE_LENGTH_MEASURE(0.1),#15149);
#15159 = DRAUGHTING_PRE_DEFINED_CURVE_FONT('continuous');
#15160 = MECHANICAL_DESIGN_GEOMETRIC_PRESENTATION_REPRESENTATION('',(
    #15161,#15171,#15178,#15185,#15192,#15199,#15206,#15213,#15220,
    #15227,#15234,#15241,#15248,#15255,#15262,#15269,#15276,#15283,
    #15290,#15297,#15304,#15311,#15318,#15325,#15332,#15339,#15346,
    #15353,#15360,#15367,#15374,#15381,#15388,#15395,#15402,#15409,
    #15416,#15423,#15430,#15437,#15444),#6443);
#15161 = STYLED_ITEM('color',(#15162),#89);
#15162 = PRESENTATION_STYLE_ASSIGNMENT((#15163,#15169));
#15163 = SURFACE_STYLE_USAGE(.BOTH.,#15164);
#15164 = SURFACE_SIDE_STYLE('',(#15165));
#15165 = SURFACE_STYLE_FILL_AREA(#15166);
#15166 = FILL_AREA_STYLE('',(#15167));
#15167 = FILL_AREA_STYLE_COLOUR('',#15168);
#15168 = COLOUR_RGB('',0.223529416636,0.223529416636,0.223529416636);
#15169 = CURVE_STYLE('',#15170,POSITIVE_LENGTH_MEASURE(0.1),#15149);
#15170 = DRAUGHTING_PRE_DEFINED_CURVE_FONT('continuous');
#15171 = OVER_RIDING_STYLED_ITEM('overriding color',(#15172),#247,#15161
  );
#15172 = PRESENTATION_STYLE_ASSIGNMENT((#15173));
#15173 = SURFACE_STYLE_USAGE(.BOTH.,#15174);
#15174 = SURFACE_SIDE_STYLE('',(#15175));
#15175 = SURFACE_STYLE_FILL_AREA(#15176);
#15176 = FILL_AREA_STYLE('',(#15177));
#15177 = FILL_AREA_STYLE_COLOUR('',#15146);
#15178 = OVER_RIDING_STYLED_ITEM('overriding color',(#15179),#287,#15161
  );
#15179 = PRESENTATION_STYLE_ASSIGNMENT((#15180));
#15180 = SURFACE_STYLE_USAGE(.BOTH.,#15181);
#15181 = SURFACE_SIDE_STYLE('',(#15182));
#15182 = SURFACE_STYLE_FILL_AREA(#15183);
#15183 = FILL_AREA_STYLE('',(#15184));
#15184 = FILL_AREA_STYLE_COLOUR('',#15146);
#15185 = OVER_RIDING_STYLED_ITEM('overriding color',(#15186),#320,#15161
  );
#15186 = PRESENTATION_STYLE_ASSIGNMENT((#15187));
#15187 = SURFACE_STYLE_USAGE(.BOTH.,#15188);
#15188 = SURFACE_SIDE_STYLE('',(#15189));
#15189 = SURFACE_STYLE_FILL_AREA(#15190);
#15190 = FILL_AREA_STYLE('',(#15191));
#15191 = FILL_AREA_STYLE_COLOUR('',#15146);
#15192 = OVER_RIDING_STYLED_ITEM('overriding color',(#15193),#360,#15161
  );
#15193 = PRESENTATION_STYLE_ASSIGNMENT((#15194));
#15194 = SURFACE_STYLE_USAGE(.BOTH.,#15195);
#15195 = SURFACE_SIDE_STYLE('',(#15196));
#15196 = SURFACE_STYLE_FILL_AREA(#15197);
#15197 = FILL_AREA_STYLE('',(#15198));
#15198 = FILL_AREA_STYLE_COLOUR('',#15146);
#15199 = OVER_RIDING_STYLED_ITEM('overriding color',(#15200),#391,#15161
  );
#15200 = PRESENTATION_STYLE_ASSIGNMENT((#15201));
#15201 = SURFACE_STYLE_USAGE(.BOTH.,#15202);
#15202 = SURFACE_SIDE_STYLE('',(#15203));
#15203 = SURFACE_STYLE_FILL_AREA(#15204);
#15204 = FILL_AREA_STYLE('',(#15205));
#15205 = FILL_AREA_STYLE_COLOUR('',#15146);
#15206 = OVER_RIDING_STYLED_ITEM('overriding color',(#15207),#424,#15161
  );
#15207 = PRESENTATION_STYLE_ASSIGNMENT((#15208));
#15208 = SURFACE_STYLE_USAGE(.BOTH.,#15209);
#15209 = SURFACE_SIDE_STYLE('',(#15210));
#15210 = SURFACE_STYLE_FILL_AREA(#15211);
#15211 = FILL_AREA_STYLE('',(#15212));
#15212 = FILL_AREA_STYLE_COLOUR('',#15146);
#15213 = OVER_RIDING_STYLED_ITEM('overriding color',(#15214),#455,#15161
  );
#15214 = PRESENTATION_STYLE_ASSIGNMENT((#15215));
#15215 = SURFACE_STYLE_USAGE(.BOTH.,#15216);
#15216 = SURFACE_SIDE_STYLE('',(#15217));
#15217 = SURFACE_STYLE_FILL_AREA(#15218);
#15218 = FILL_AREA_STYLE('',(#15219));
#15219 = FILL_AREA_STYLE_COLOUR('',#15146);
#15220 = OVER_RIDING_STYLED_ITEM('overriding color',(#15221),#488,#15161
  );
#15221 = PRESENTATION_STYLE_ASSIGNMENT((#15222));
#15222 = SURFACE_STYLE_USAGE(.BOTH.,#15223);
#15223 = SURFACE_SIDE_STYLE('',(#15224));
#15224 = SURFACE_STYLE_FILL_AREA(#15225);
#15225 = FILL_AREA_STYLE('',(#15226));
#15226 = FILL_AREA_STYLE_COLOUR('',#15146);
#15227 = OVER_RIDING_STYLED_ITEM('overriding color',(#15228),#519,#15161
  );
#15228 = PRESENTATION_STYLE_ASSIGNMENT((#15229));
#15229 = SURFACE_STYLE_USAGE(.BOTH.,#15230);
#15230 = SURFACE_SIDE_STYLE('',(#15231));
#15231 = SURFACE_STYLE_FILL_AREA(#15232);
#15232 = FILL_AREA_STYLE('',(#15233));
#15233 = FILL_AREA_STYLE_COLOUR('',#15146);
#15234 = OVER_RIDING_STYLED_ITEM('overriding color',(#15235),#583,#15161
  );
#15235 = PRESENTATION_STYLE_ASSIGNMENT((#15236));
#15236 = SURFACE_STYLE_USAGE(.BOTH.,#15237);
#15237 = SURFACE_SIDE_STYLE('',(#15238));
#15238 = SURFACE_STYLE_FILL_AREA(#15239);
#15239 = FILL_AREA_STYLE('',(#15240));
#15240 = FILL_AREA_STYLE_COLOUR('',#15146);
#15241 = OVER_RIDING_STYLED_ITEM('overriding color',(#15242),#614,#15161
  );
#15242 = PRESENTATION_STYLE_ASSIGNMENT((#15243));
#15243 = SURFACE_STYLE_USAGE(.BOTH.,#15244);
#15244 = SURFACE_SIDE_STYLE('',(#15245));
#15245 = SURFACE_STYLE_FILL_AREA(#15246);
#15246 = FILL_AREA_STYLE('',(#15247));
#15247 = FILL_AREA_STYLE_COLOUR('',#15146);
#15248 = OVER_RIDING_STYLED_ITEM('overriding color',(#15249),#645,#15161
  );
#15249 = PRESENTATION_STYLE_ASSIGNMENT((#15250));
#15250 = SURFACE_STYLE_USAGE(.BOTH.,#15251);
#15251 = SURFACE_SIDE_STYLE('',(#15252));
#15252 = SURFACE_STYLE_FILL_AREA(#15253);
#15253 = FILL_AREA_STYLE('',(#15254));
#15254 = FILL_AREA_STYLE_COLOUR('',#15146);
#15255 = OVER_RIDING_STYLED_ITEM('overriding color',(#15256),#676,#15161
  );
#15256 = PRESENTATION_STYLE_ASSIGNMENT((#15257));
#15257 = SURFACE_STYLE_USAGE(.BOTH.,#15258);
#15258 = SURFACE_SIDE_STYLE('',(#15259));
#15259 = SURFACE_STYLE_FILL_AREA(#15260);
#15260 = FILL_AREA_STYLE('',(#15261));
#15261 = FILL_AREA_STYLE_COLOUR('',#15146);
#15262 = OVER_RIDING_STYLED_ITEM('overriding color',(#15263),#709,#15161
  );
#15263 = PRESENTATION_STYLE_ASSIGNMENT((#15264));
#15264 = SURFACE_STYLE_USAGE(.BOTH.,#15265);
#15265 = SURFACE_SIDE_STYLE('',(#15266));
#15266 = SURFACE_STYLE_FILL_AREA(#15267);
#15267 = FILL_AREA_STYLE('',(#15268));
#15268 = FILL_AREA_STYLE_COLOUR('',#15146);
#15269 = OVER_RIDING_STYLED_ITEM('overriding color',(#15270),#740,#15161
  );
#15270 = PRESENTATION_STYLE_ASSIGNMENT((#15271));
#15271 = SURFACE_STYLE_USAGE(.BOTH.,#15272);
#15272 = SURFACE_SIDE_STYLE('',(#15273));
#15273 = SURFACE_STYLE_FILL_AREA(#15274);
#15274 = FILL_AREA_STYLE('',(#15275));
#15275 = FILL_AREA_STYLE_COLOUR('',#15146);
#15276 = OVER_RIDING_STYLED_ITEM('overriding color',(#15277),#773,#15161
  );
#15277 = PRESENTATION_STYLE_ASSIGNMENT((#15278));
#15278 = SURFACE_STYLE_USAGE(.BOTH.,#15279);
#15279 = SURFACE_SIDE_STYLE('',(#15280));
#15280 = SURFACE_STYLE_FILL_AREA(#15281);
#15281 = FILL_AREA_STYLE('',(#15282));
#15282 = FILL_AREA_STYLE_COLOUR('',#15146);
#15283 = OVER_RIDING_STYLED_ITEM('overriding color',(#15284),#804,#15161
  );
#15284 = PRESENTATION_STYLE_ASSIGNMENT((#15285));
#15285 = SURFACE_STYLE_USAGE(.BOTH.,#15286);
#15286 = SURFACE_SIDE_STYLE('',(#15287));
#15287 = SURFACE_STYLE_FILL_AREA(#15288);
#15288 = FILL_AREA_STYLE('',(#15289));
#15289 = FILL_AREA_STYLE_COLOUR('',#15146);
#15290 = OVER_RIDING_STYLED_ITEM('overriding color',(#15291),#837,#15161
  );
#15291 = PRESENTATION_STYLE_ASSIGNMENT((#15292));
#15292 = SURFACE_STYLE_USAGE(.BOTH.,#15293);
#15293 = SURFACE_SIDE_STYLE('',(#15294));
#15294 = SURFACE_STYLE_FILL_AREA(#15295);
#15295 = FILL_AREA_STYLE('',(#15296));
#15296 = FILL_AREA_STYLE_COLOUR('',#15146);
#15297 = OVER_RIDING_STYLED_ITEM('overriding color',(#15298),#859,#15161
  );
#15298 = PRESENTATION_STYLE_ASSIGNMENT((#15299));
#15299 = SURFACE_STYLE_USAGE(.BOTH.,#15300);
#15300 = SURFACE_SIDE_STYLE('',(#15301));
#15301 = SURFACE_STYLE_FILL_AREA(#15302);
#15302 = FILL_AREA_STYLE('',(#15303));
#15303 = FILL_AREA_STYLE_COLOUR('',#15146);
#15304 = OVER_RIDING_STYLED_ITEM('overriding color',(#15305),#892,#15161
  );
#15305 = PRESENTATION_STYLE_ASSIGNMENT((#15306));
#15306 = SURFACE_STYLE_USAGE(.BOTH.,#15307);
#15307 = SURFACE_SIDE_STYLE('',(#15308));
#15308 = SURFACE_STYLE_FILL_AREA(#15309);
#15309 = FILL_AREA_STYLE('',(#15310));
#15310 = FILL_AREA_STYLE_COLOUR('',#15146);
#15311 = OVER_RIDING_STYLED_ITEM('overriding color',(#15312),#5793,
  #15161);
#15312 = PRESENTATION_STYLE_ASSIGNMENT((#15313));
#15313 = SURFACE_STYLE_USAGE(.BOTH.,#15314);
#15314 = SURFACE_SIDE_STYLE('',(#15315));
#15315 = SURFACE_STYLE_FILL_AREA(#15316);
#15316 = FILL_AREA_STYLE('',(#15317));
#15317 = FILL_AREA_STYLE_COLOUR('',#15146);
#15318 = OVER_RIDING_STYLED_ITEM('overriding color',(#15319),#5824,
  #15161);
#15319 = PRESENTATION_STYLE_ASSIGNMENT((#15320));
#15320 = SURFACE_STYLE_USAGE(.BOTH.,#15321);
#15321 = SURFACE_SIDE_STYLE('',(#15322));
#15322 = SURFACE_STYLE_FILL_AREA(#15323);
#15323 = FILL_AREA_STYLE('',(#15324));
#15324 = FILL_AREA_STYLE_COLOUR('',#15146);
#15325 = OVER_RIDING_STYLED_ITEM('overriding color',(#15326),#5855,
  #15161);
#15326 = PRESENTATION_STYLE_ASSIGNMENT((#15327));
#15327 = SURFACE_STYLE_USAGE(.BOTH.,#15328);
#15328 = SURFACE_SIDE_STYLE('',(#15329));
#15329 = SURFACE_STYLE_FILL_AREA(#15330);
#15330 = FILL_AREA_STYLE('',(#15331));
#15331 = FILL_AREA_STYLE_COLOUR('',#15146);
#15332 = OVER_RIDING_STYLED_ITEM('overriding color',(#15333),#5886,
  #15161);
#15333 = PRESENTATION_STYLE_ASSIGNMENT((#15334));
#15334 = SURFACE_STYLE_USAGE(.BOTH.,#15335);
#15335 = SURFACE_SIDE_STYLE('',(#15336));
#15336 = SURFACE_STYLE_FILL_AREA(#15337);
#15337 = FILL_AREA_STYLE('',(#15338));
#15338 = FILL_AREA_STYLE_COLOUR('',#15146);
#15339 = OVER_RIDING_STYLED_ITEM('overriding color',(#15340),#5919,
  #15161);
#15340 = PRESENTATION_STYLE_ASSIGNMENT((#15341));
#15341 = SURFACE_STYLE_USAGE(.BOTH.,#15342);
#15342 = SURFACE_SIDE_STYLE('',(#15343));
#15343 = SURFACE_STYLE_FILL_AREA(#15344);
#15344 = FILL_AREA_STYLE('',(#15345));
#15345 = FILL_AREA_STYLE_COLOUR('',#15146);
#15346 = OVER_RIDING_STYLED_ITEM('overriding color',(#15347),#5950,
  #15161);
#15347 = PRESENTATION_STYLE_ASSIGNMENT((#15348));
#15348 = SURFACE_STYLE_USAGE(.BOTH.,#15349);
#15349 = SURFACE_SIDE_STYLE('',(#15350));
#15350 = SURFACE_STYLE_FILL_AREA(#15351);
#15351 = FILL_AREA_STYLE('',(#15352));
#15352 = FILL_AREA_STYLE_COLOUR('',#15146);
#15353 = OVER_RIDING_STYLED_ITEM('overriding color',(#15354),#5983,
  #15161);
#15354 = PRESENTATION_STYLE_ASSIGNMENT((#15355));
#15355 = SURFACE_STYLE_USAGE(.BOTH.,#15356);
#15356 = SURFACE_SIDE_STYLE('',(#15357));
#15357 = SURFACE_STYLE_FILL_AREA(#15358);
#15358 = FILL_AREA_STYLE('',(#15359));
#15359 = FILL_AREA_STYLE_COLOUR('',#15146);
#15360 = OVER_RIDING_STYLED_ITEM('overriding color',(#15361),#6014,
  #15161);
#15361 = PRESENTATION_STYLE_ASSIGNMENT((#15362));
#15362 = SURFACE_STYLE_USAGE(.BOTH.,#15363);
#15363 = SURFACE_SIDE_STYLE('',(#15364));
#15364 = SURFACE_STYLE_FILL_AREA(#15365);
#15365 = FILL_AREA_STYLE('',(#15366));
#15366 = FILL_AREA_STYLE_COLOUR('',#15146);
#15367 = OVER_RIDING_STYLED_ITEM('overriding color',(#15368),#6078,
  #15161);
#15368 = PRESENTATION_STYLE_ASSIGNMENT((#15369));
#15369 = SURFACE_STYLE_USAGE(.BOTH.,#15370);
#15370 = SURFACE_SIDE_STYLE('',(#15371));
#15371 = SURFACE_STYLE_FILL_AREA(#15372);
#15372 = FILL_AREA_STYLE('',(#15373));
#15373 = FILL_AREA_STYLE_COLOUR('',#15146);
#15374 = OVER_RIDING_STYLED_ITEM('overriding color',(#15375),#6109,
  #15161);
#15375 = PRESENTATION_STYLE_ASSIGNMENT((#15376));
#15376 = SURFACE_STYLE_USAGE(.BOTH.,#15377);
#15377 = SURFACE_SIDE_STYLE('',(#15378));
#15378 = SURFACE_STYLE_FILL_AREA(#15379);
#15379 = FILL_AREA_STYLE('',(#15380));
#15380 = FILL_AREA_STYLE_COLOUR('',#15146);
#15381 = OVER_RIDING_STYLED_ITEM('overriding color',(#15382),#6140,
  #15161);
#15382 = PRESENTATION_STYLE_ASSIGNMENT((#15383));
#15383 = SURFACE_STYLE_USAGE(.BOTH.,#15384);
#15384 = SURFACE_SIDE_STYLE('',(#15385));
#15385 = SURFACE_STYLE_FILL_AREA(#15386);
#15386 = FILL_AREA_STYLE('',(#15387));
#15387 = FILL_AREA_STYLE_COLOUR('',#15146);
#15388 = OVER_RIDING_STYLED_ITEM('overriding color',(#15389),#6171,
  #15161);
#15389 = PRESENTATION_STYLE_ASSIGNMENT((#15390));
#15390 = SURFACE_STYLE_USAGE(.BOTH.,#15391);
#15391 = SURFACE_SIDE_STYLE('',(#15392));
#15392 = SURFACE_STYLE_FILL_AREA(#15393);
#15393 = FILL_AREA_STYLE('',(#15394));
#15394 = FILL_AREA_STYLE_COLOUR('',#15146);
#15395 = OVER_RIDING_STYLED_ITEM('overriding color',(#15396),#6204,
  #15161);
#15396 = PRESENTATION_STYLE_ASSIGNMENT((#15397));
#15397 = SURFACE_STYLE_USAGE(.BOTH.,#15398);
#15398 = SURFACE_SIDE_STYLE('',(#15399));
#15399 = SURFACE_STYLE_FILL_AREA(#15400);
#15400 = FILL_AREA_STYLE('',(#15401));
#15401 = FILL_AREA_STYLE_COLOUR('',#15146);
#15402 = OVER_RIDING_STYLED_ITEM('overriding color',(#15403),#6235,
  #15161);
#15403 = PRESENTATION_STYLE_ASSIGNMENT((#15404));
#15404 = SURFACE_STYLE_USAGE(.BOTH.,#15405);
#15405 = SURFACE_SIDE_STYLE('',(#15406));
#15406 = SURFACE_STYLE_FILL_AREA(#15407);
#15407 = FILL_AREA_STYLE('',(#15408));
#15408 = FILL_AREA_STYLE_COLOUR('',#15146);
#15409 = OVER_RIDING_STYLED_ITEM('overriding color',(#15410),#6268,
  #15161);
#15410 = PRESENTATION_STYLE_ASSIGNMENT((#15411));
#15411 = SURFACE_STYLE_USAGE(.BOTH.,#15412);
#15412 = SURFACE_SIDE_STYLE('',(#15413));
#15413 = SURFACE_STYLE_FILL_AREA(#15414);
#15414 = FILL_AREA_STYLE('',(#15415));
#15415 = FILL_AREA_STYLE_COLOUR('',#15146);
#15416 = OVER_RIDING_STYLED_ITEM('overriding color',(#15417),#6299,
  #15161);
#15417 = PRESENTATION_STYLE_ASSIGNMENT((#15418));
#15418 = SURFACE_STYLE_USAGE(.BOTH.,#15419);
#15419 = SURFACE_SIDE_STYLE('',(#15420));
#15420 = SURFACE_STYLE_FILL_AREA(#15421);
#15421 = FILL_AREA_STYLE('',(#15422));
#15422 = FILL_AREA_STYLE_COLOUR('',#15146);
#15423 = OVER_RIDING_STYLED_ITEM('overriding color',(#15424),#6332,
  #15161);
#15424 = PRESENTATION_STYLE_ASSIGNMENT((#15425));
#15425 = SURFACE_STYLE_USAGE(.BOTH.,#15426);
#15426 = SURFACE_SIDE_STYLE('',(#15427));
#15427 = SURFACE_STYLE_FILL_AREA(#15428);
#15428 = FILL_AREA_STYLE('',(#15429));
#15429 = FILL_AREA_STYLE_COLOUR('',#15146);
#15430 = OVER_RIDING_STYLED_ITEM('overriding color',(#15431),#6363,
  #15161);
#15431 = PRESENTATION_STYLE_ASSIGNMENT((#15432));
#15432 = SURFACE_STYLE_USAGE(.BOTH.,#15433);
#15433 = SURFACE_SIDE_STYLE('',(#15434));
#15434 = SURFACE_STYLE_FILL_AREA(#15435);
#15435 = FILL_AREA_STYLE('',(#15436));
#15436 = FILL_AREA_STYLE_COLOUR('',#15146);
#15437 = OVER_RIDING_STYLED_ITEM('overriding color',(#15438),#6387,
  #15161);
#15438 = PRESENTATION_STYLE_ASSIGNMENT((#15439));
#15439 = SURFACE_STYLE_USAGE(.BOTH.,#15440);
#15440 = SURFACE_SIDE_STYLE('',(#15441));
#15441 = SURFACE_STYLE_FILL_AREA(#15442);
#15442 = FILL_AREA_STYLE('',(#15443));
#15443 = FILL_AREA_STYLE_COLOUR('',#15146);
#15444 = OVER_RIDING_STYLED_ITEM('overriding color',(#15445),#6415,
  #15161);
#15445 = PRESENTATION_STYLE_ASSIGNMENT((#15446));
#15446 = SURFACE_STYLE_USAGE(.BOTH.,#15447);
#15447 = SURFACE_SIDE_STYLE('',(#15448));
#15448 = SURFACE_STYLE_FILL_AREA(#15449);
#15449 = FILL_AREA_STYLE('',(#15450));
#15450 = FILL_AREA_STYLE_COLOUR('',#15146);
#15451 = MECHANICAL_DESIGN_GEOMETRIC_PRESENTATION_REPRESENTATION('',(
    #15452),#12141);
#15452 = STYLED_ITEM('color',(#15453),#11583);
#15453 = PRESENTATION_STYLE_ASSIGNMENT((#15454,#15459));
#15454 = SURFACE_STYLE_USAGE(.BOTH.,#15455);
#15455 = SURFACE_SIDE_STYLE('',(#15456));
#15456 = SURFACE_STYLE_FILL_AREA(#15457);
#15457 = FILL_AREA_STYLE('',(#15458));
#15458 = FILL_AREA_STYLE_COLOUR('',#15146);
#15459 = CURVE_STYLE('',#15460,POSITIVE_LENGTH_MEASURE(0.1),#15149);
#15460 = DRAUGHTING_PRE_DEFINED_CURVE_FONT('continuous');
#15461 = MECHANICAL_DESIGN_GEOMETRIC_PRESENTATION_REPRESENTATION('',(
    #15462),#9631);
#15462 = STYLED_ITEM('color',(#15463),#8972);
#15463 = PRESENTATION_STYLE_ASSIGNMENT((#15464,#15469));
#15464 = SURFACE_STYLE_USAGE(.BOTH.,#15465);
#15465 = SURFACE_SIDE_STYLE('',(#15466));
#15466 = SURFACE_STYLE_FILL_AREA(#15467);
#15467 = FILL_AREA_STYLE('',(#15468));
#15468 = FILL_AREA_STYLE_COLOUR('',#15146);
#15469 = CURVE_STYLE('',#15470,POSITIVE_LENGTH_MEASURE(0.1),#15149);
#15470 = DRAUGHTING_PRE_DEFINED_CURVE_FONT('continuous');
#15471 = MECHANICAL_DESIGN_GEOMETRIC_PRESENTATION_REPRESENTATION('',(
    #15472),#13396);
#15472 = STYLED_ITEM('color',(#15473),#12737);
#15473 = PRESENTATION_STYLE_ASSIGNMENT((#15474,#15479));
#15474 = SURFACE_STYLE_USAGE(.BOTH.,#15475);
#15475 = SURFACE_SIDE_STYLE('',(#15476));
#15476 = SURFACE_STYLE_FILL_AREA(#15477);
#15477 = FILL_AREA_STYLE('',(#15478));
#15478 = FILL_AREA_STYLE_COLOUR('',#15146);
#15479 = CURVE_STYLE('',#15480,POSITIVE_LENGTH_MEASURE(0.1),#15149);
#15480 = DRAUGHTING_PRE_DEFINED_CURVE_FONT('continuous');
#15481 = MECHANICAL_DESIGN_GEOMETRIC_PRESENTATION_REPRESENTATION('',(
    #15482),#14550);
#15482 = STYLED_ITEM('color',(#15483),#13992);
#15483 = PRESENTATION_STYLE_ASSIGNMENT((#15484,#15489));
#15484 = SURFACE_STYLE_USAGE(.BOTH.,#15485);
#15485 = SURFACE_SIDE_STYLE('',(#15486));
#15486 = SURFACE_STYLE_FILL_AREA(#15487);
#15487 = FILL_AREA_STYLE('',(#15488));
#15488 = FILL_AREA_STYLE_COLOUR('',#15146);
#15489 = CURVE_STYLE('',#15490,POSITIVE_LENGTH_MEASURE(0.1),#15149);
#15490 = DRAUGHTING_PRE_DEFINED_CURVE_FONT('continuous');
#15491 = MECHANICAL_DESIGN_GEOMETRIC_PRESENTATION_REPRESENTATION('',(
    #15492),#8376);
#15492 = STYLED_ITEM('color',(#15493),#7717);
#15493 = PRESENTATION_STYLE_ASSIGNMENT((#15494,#15499));
#15494 = SURFACE_STYLE_USAGE(.BOTH.,#15495);
#15495 = SURFACE_SIDE_STYLE('',(#15496));
#15496 = SURFACE_STYLE_FILL_AREA(#15497);
#15497 = FILL_AREA_STYLE('',(#15498));
#15498 = FILL_AREA_STYLE_COLOUR('',#15146);
#15499 = CURVE_STYLE('',#15500,POSITIVE_LENGTH_MEASURE(0.1),#15149);
#15500 = DRAUGHTING_PRE_DEFINED_CURVE_FONT('continuous');
#15501 = MECHANICAL_DESIGN_GEOMETRIC_PRESENTATION_REPRESENTATION('',(
    #15502),#8953);
#15502 = STYLED_ITEM('color',(#15503),#8395);
#15503 = PRESENTATION_STYLE_ASSIGNMENT((#15504,#15509));
#15504 = SURFACE_STYLE_USAGE(.BOTH.,#15505);
#15505 = SURFACE_SIDE_STYLE('',(#15506));
#15506 = SURFACE_STYLE_FILL_AREA(#15507);
#15507 = FILL_AREA_STYLE('',(#15508));
#15508 = FILL_AREA_STYLE_COLOUR('',#15146);
#15509 = CURVE_STYLE('',#15510,POSITIVE_LENGTH_MEASURE(0.1),#15149);
#15510 = DRAUGHTING_PRE_DEFINED_CURVE_FONT('continuous');
#15511 = MECHANICAL_DESIGN_GEOMETRIC_PRESENTATION_REPRESENTATION('',(
    #15512),#13973);
#15512 = STYLED_ITEM('color',(#15513),#13415);
#15513 = PRESENTATION_STYLE_ASSIGNMENT((#15514,#15519));
#15514 = SURFACE_STYLE_USAGE(.BOTH.,#15515);
#15515 = SURFACE_SIDE_STYLE('',(#15516));
#15516 = SURFACE_STYLE_FILL_AREA(#15517);
#15517 = FILL_AREA_STYLE('',(#15518));
#15518 = FILL_AREA_STYLE_COLOUR('',#15146);
#15519 = CURVE_STYLE('',#15520,POSITIVE_LENGTH_MEASURE(0.1),#15149);
#15520 = DRAUGHTING_PRE_DEFINED_CURVE_FONT('continuous');
#15521 = MECHANICAL_DESIGN_GEOMETRIC_PRESENTATION_REPRESENTATION('',(
    #15522,#15531),#7698);
#15522 = STYLED_ITEM('color',(#15523),#7140);
#15523 = PRESENTATION_STYLE_ASSIGNMENT((#15524,#15529));
#15524 = SURFACE_STYLE_USAGE(.BOTH.,#15525);
#15525 = SURFACE_SIDE_STYLE('',(#15526));
#15526 = SURFACE_STYLE_FILL_AREA(#15527);
#15527 = FILL_AREA_STYLE('',(#15528));
#15528 = FILL_AREA_STYLE_COLOUR('',#15146);
#15529 = CURVE_STYLE('',#15530,POSITIVE_LENGTH_MEASURE(0.1),#15149);
#15530 = DRAUGHTING_PRE_DEFINED_CURVE_FONT('continuous');
#15531 = OVER_RIDING_STYLED_ITEM('overriding color',(#15532),#7686,
  #15522);
#15532 = PRESENTATION_STYLE_ASSIGNMENT((#15533));
#15533 = SURFACE_STYLE_USAGE(.BOTH.,#15534);
#15534 = SURFACE_SIDE_STYLE('',(#15535));
#15535 = SURFACE_STYLE_FILL_AREA(#15536);
#15536 = FILL_AREA_STYLE('',(#15537));
#15537 = FILL_AREA_STYLE_COLOUR('',#15538);
#15538 = DRAUGHTING_PRE_DEFINED_COLOUR('white');
#15539 = MECHANICAL_DESIGN_GEOMETRIC_PRESENTATION_REPRESENTATION('',(
    #15540),#11564);
#15540 = STYLED_ITEM('color',(#15541),#11006);
#15541 = PRESENTATION_STYLE_ASSIGNMENT((#15542,#15547));
#15542 = SURFACE_STYLE_USAGE(.BOTH.,#15543);
#15543 = SURFACE_SIDE_STYLE('',(#15544));
#15544 = SURFACE_STYLE_FILL_AREA(#15545);
#15545 = FILL_AREA_STYLE('',(#15546));
#15546 = FILL_AREA_STYLE_COLOUR('',#15146);
#15547 = CURVE_STYLE('',#15548,POSITIVE_LENGTH_MEASURE(0.1),#15149);
#15548 = DRAUGHTING_PRE_DEFINED_CURVE_FONT('continuous');
#15549 = MECHANICAL_DESIGN_GEOMETRIC_PRESENTATION_REPRESENTATION('',(
    #15550),#12718);
#15550 = STYLED_ITEM('color',(#15551),#12160);
#15551 = PRESENTATION_STYLE_ASSIGNMENT((#15552,#15557));
#15552 = SURFACE_STYLE_USAGE(.BOTH.,#15553);
#15553 = SURFACE_SIDE_STYLE('',(#15554));
#15554 = SURFACE_STYLE_FILL_AREA(#15555);
#15555 = FILL_AREA_STYLE('',(#15556));
#15556 = FILL_AREA_STYLE_COLOUR('',#15146);
#15557 = CURVE_STYLE('',#15558,POSITIVE_LENGTH_MEASURE(0.1),#15149);
#15558 = DRAUGHTING_PRE_DEFINED_CURVE_FONT('continuous');
#15559 = MECHANICAL_DESIGN_GEOMETRIC_PRESENTATION_REPRESENTATION('',(
    #15560),#10309);
#15560 = STYLED_ITEM('color',(#15561),#9650);
#15561 = PRESENTATION_STYLE_ASSIGNMENT((#15562,#15567));
#15562 = SURFACE_STYLE_USAGE(.BOTH.,#15563);
#15563 = SURFACE_SIDE_STYLE('',(#15564));
#15564 = SURFACE_STYLE_FILL_AREA(#15565);
#15565 = FILL_AREA_STYLE('',(#15566));
#15566 = FILL_AREA_STYLE_COLOUR('',#15146);
#15567 = CURVE_STYLE('',#15568,POSITIVE_LENGTH_MEASURE(0.1),#15149);
#15568 = DRAUGHTING_PRE_DEFINED_CURVE_FONT('continuous');
#15569 = MECHANICAL_DESIGN_GEOMETRIC_PRESENTATION_REPRESENTATION('',(
    #15570),#15127);
#15570 = STYLED_ITEM('color',(#15571),#14569);
#15571 = PRESENTATION_STYLE_ASSIGNMENT((#15572,#15577));
#15572 = SURFACE_STYLE_USAGE(.BOTH.,#15573);
#15573 = SURFACE_SIDE_STYLE('',(#15574));
#15574 = SURFACE_STYLE_FILL_AREA(#15575);
#15575 = FILL_AREA_STYLE('',(#15576));
#15576 = FILL_AREA_STYLE_COLOUR('',#15146);
#15577 = CURVE_STYLE('',#15578,POSITIVE_LENGTH_MEASURE(0.1),#15149);
#15578 = DRAUGHTING_PRE_DEFINED_CURVE_FONT('continuous');
ENDSEC;
END-ISO-10303-21;
