ISO-10303-21;
HEADER;
FILE_DESCRIPTION(('FreeCAD Model'),'2;1');
FILE_NAME('Open CASCADE Shape Model','2026-07-30T18:31:06',('Author'),(
    ''),'Open CASCADE STEP processor 7.8','FreeCAD','Unknown');
FILE_SCHEMA(('AUTOMOTIVE_DESIGN { 1 0 10303 214 1 1 1 1 }'));
ENDSEC;
DATA;
#1 = APPLICATION_PROTOCOL_DEFINITION('international standard',
  'automotive_design',2000,#2);
#2 = APPLICATION_CONTEXT(
  'core data for automotive mechanical design processes');
#3 = SHAPE_DEFINITION_REPRESENTATION(#4,#10);
#4 = PRODUCT_DEFINITION_SHAPE('','',#5);
#5 = PRODUCT_DEFINITION('design','',#6,#9);
#6 = PRODUCT_DEFINITION_FORMATION('','',#7);
#7 = PRODUCT('Body','Body','',(#8));
#8 = PRODUCT_CONTEXT('',#2,'mechanical');
#9 = PRODUCT_DEFINITION_CONTEXT('part definition',#2,'design');
#10 = ADVANCED_BREP_SHAPE_REPRESENTATION('',(#11,#15),#5147);
#11 = AXIS2_PLACEMENT_3D('',#12,#13,#14);
#12 = CARTESIAN_POINT('',(0.,0.,0.));
#13 = DIRECTION('',(0.,0.,1.));
#14 = DIRECTION('',(1.,0.,-0.));
#15 = MANIFOLD_SOLID_BREP('',#16);
#16 = CLOSED_SHELL('',(#17,#57,#152,#191,#215,#247,#506,#537,#568,#599,
    #623,#1227,#1244,#1261,#1273,#1305,#1329,#1354,#1386,#1410,#1435,
    #1467,#1491,#1516,#1556,#1595,#1619,#1651,#1690,#1714,#1746,#1785,
    #1809,#1841,#1880,#1904,#1936,#1961,#1986,#2003,#2020,#2037,#2068,
    #2092,#2123,#2154,#2185,#2216,#2247,#2278,#2309,#2340,#2364,#2388,
    #2419,#2450,#2481,#2512,#2543,#2574,#2605,#2629,#2660,#2684,#2715,
    #2746,#2777,#2808,#2839,#2870,#2901,#2932,#2956,#2980,#3011,#3042,
    #3073,#3104,#3135,#3166,#3197,#3221,#3233,#3245,#3257,#3274,#3291,
    #3308,#3325,#3342,#3354,#3371,#3383,#3400,#3412,#3429,#3441,#3450,
    #3459,#3655,#3686,#3717,#3748,#3779,#3810,#3841,#3872,#3903,#4099,
    #4130,#4161,#4192,#4223,#4254,#4285,#4316,#4347,#4366,#4385,#4404,
    #4423,#4442,#4461,#4480,#4499,#4518,#4537,#4556,#4575,#4594,#4613,
    #4632,#4651,#4670,#4689,#4708,#4727,#4746,#4765,#4784,#4803,#4822,
    #4841,#4860,#4879,#4898,#4917,#4936,#4955,#4967,#4979,#4991,#5003,
    #5015,#5027,#5039,#5051,#5063,#5075,#5087,#5099,#5111,#5123,#5135));
#17 = ADVANCED_FACE('',(#18),#52,.T.);
#18 = FACE_BOUND('',#19,.T.);
#19 = EDGE_LOOP('',(#20,#30,#38,#46));
#20 = ORIENTED_EDGE('',*,*,#21,.F.);
#21 = EDGE_CURVE('',#22,#24,#26,.T.);
#22 = VERTEX_POINT('',#23);
#23 = CARTESIAN_POINT('',(3.6,0.,0.));
#24 = VERTEX_POINT('',#25);
#25 = CARTESIAN_POINT('',(3.85,0.,0.));
#26 = LINE('',#27,#28);
#27 = CARTESIAN_POINT('',(0.,0.,0.));
#28 = VECTOR('',#29,1.);
#29 = DIRECTION('',(1.,0.,0.));
#30 = ORIENTED_EDGE('',*,*,#31,.T.);
#31 = EDGE_CURVE('',#22,#32,#34,.T.);
#32 = VERTEX_POINT('',#33);
#33 = CARTESIAN_POINT('',(3.6,-0.6,0.));
#34 = LINE('',#35,#36);
#35 = CARTESIAN_POINT('',(3.6,1.2,0.));
#36 = VECTOR('',#37,1.);
#37 = DIRECTION('',(0.,-1.,0.));
#38 = ORIENTED_EDGE('',*,*,#39,.T.);
#39 = EDGE_CURVE('',#32,#40,#42,.T.);
#40 = VERTEX_POINT('',#41);
#41 = CARTESIAN_POINT('',(3.85,-0.6,0.));
#42 = LINE('',#43,#44);
#43 = CARTESIAN_POINT('',(3.6,-0.6,0.));
#44 = VECTOR('',#45,1.);
#45 = DIRECTION('',(1.,0.,0.));
#46 = ORIENTED_EDGE('',*,*,#47,.T.);
#47 = EDGE_CURVE('',#40,#24,#48,.T.);
#48 = LINE('',#49,#50);
#49 = CARTESIAN_POINT('',(3.85,-0.6,0.));
#50 = VECTOR('',#51,1.);
#51 = DIRECTION('',(0.,1.,0.));
#52 = PLANE('',#53);
#53 = AXIS2_PLACEMENT_3D('',#54,#55,#56);
#54 = CARTESIAN_POINT('',(2.525,2.2,0.));
#55 = DIRECTION('',(0.,0.,1.));
#56 = DIRECTION('',(1.,0.,0.));
#57 = ADVANCED_FACE('',(#58),#147,.T.);
#58 = FACE_BOUND('',#59,.T.);
#59 = EDGE_LOOP('',(#60,#70,#78,#86,#94,#102,#110,#116,#117,#125,#133,
    #141));
#60 = ORIENTED_EDGE('',*,*,#61,.T.);
#61 = EDGE_CURVE('',#62,#64,#66,.T.);
#62 = VERTEX_POINT('',#63);
#63 = CARTESIAN_POINT('',(0.,0.,0.));
#64 = VERTEX_POINT('',#65);
#65 = CARTESIAN_POINT('',(1.2,0.,0.));
#66 = LINE('',#67,#68);
#67 = CARTESIAN_POINT('',(0.,0.,0.));
#68 = VECTOR('',#69,1.);
#69 = DIRECTION('',(1.,0.,0.));
#70 = ORIENTED_EDGE('',*,*,#71,.T.);
#71 = EDGE_CURVE('',#64,#72,#74,.T.);
#72 = VERTEX_POINT('',#73);
#73 = CARTESIAN_POINT('',(1.45,0.,0.));
#74 = LINE('',#75,#76);
#75 = CARTESIAN_POINT('',(0.,0.,0.));
#76 = VECTOR('',#77,1.);
#77 = DIRECTION('',(1.,0.,0.));
#78 = ORIENTED_EDGE('',*,*,#79,.T.);
#79 = EDGE_CURVE('',#72,#80,#82,.T.);
#80 = VERTEX_POINT('',#81);
#81 = CARTESIAN_POINT('',(2.,0.,0.));
#82 = LINE('',#83,#84);
#83 = CARTESIAN_POINT('',(0.,0.,0.));
#84 = VECTOR('',#85,1.);
#85 = DIRECTION('',(1.,0.,0.));
#86 = ORIENTED_EDGE('',*,*,#87,.T.);
#87 = EDGE_CURVE('',#80,#88,#90,.T.);
#88 = VERTEX_POINT('',#89);
#89 = CARTESIAN_POINT('',(2.25,0.,0.));
#90 = LINE('',#91,#92);
#91 = CARTESIAN_POINT('',(0.,0.,0.));
#92 = VECTOR('',#93,1.);
#93 = DIRECTION('',(1.,0.,0.));
#94 = ORIENTED_EDGE('',*,*,#95,.T.);
#95 = EDGE_CURVE('',#88,#96,#98,.T.);
#96 = VERTEX_POINT('',#97);
#97 = CARTESIAN_POINT('',(2.8,0.,0.));
#98 = LINE('',#99,#100);
#99 = CARTESIAN_POINT('',(0.,0.,0.));
#100 = VECTOR('',#101,1.);
#101 = DIRECTION('',(1.,0.,0.));
#102 = ORIENTED_EDGE('',*,*,#103,.T.);
#103 = EDGE_CURVE('',#96,#104,#106,.T.);
#104 = VERTEX_POINT('',#105);
#105 = CARTESIAN_POINT('',(3.05,0.,0.));
#106 = LINE('',#107,#108);
#107 = CARTESIAN_POINT('',(0.,0.,0.));
#108 = VECTOR('',#109,1.);
#109 = DIRECTION('',(1.,0.,0.));
#110 = ORIENTED_EDGE('',*,*,#111,.T.);
#111 = EDGE_CURVE('',#104,#22,#112,.T.);
#112 = LINE('',#113,#114);
#113 = CARTESIAN_POINT('',(0.,0.,0.));
#114 = VECTOR('',#115,1.);
#115 = DIRECTION('',(1.,0.,0.));
#116 = ORIENTED_EDGE('',*,*,#21,.T.);
#117 = ORIENTED_EDGE('',*,*,#118,.T.);
#118 = EDGE_CURVE('',#24,#119,#121,.T.);
#119 = VERTEX_POINT('',#120);
#120 = CARTESIAN_POINT('',(5.1,0.,0.));
#121 = LINE('',#122,#123);
#122 = CARTESIAN_POINT('',(0.,0.,0.));
#123 = VECTOR('',#124,1.);
#124 = DIRECTION('',(1.,0.,0.));
#125 = ORIENTED_EDGE('',*,*,#126,.T.);
#126 = EDGE_CURVE('',#119,#127,#129,.T.);
#127 = VERTEX_POINT('',#128);
#128 = CARTESIAN_POINT('',(5.1,0.,4.));
#129 = LINE('',#130,#131);
#130 = CARTESIAN_POINT('',(5.1,0.,0.));
#131 = VECTOR('',#132,1.);
#132 = DIRECTION('',(0.,0.,1.));
#133 = ORIENTED_EDGE('',*,*,#134,.F.);
#134 = EDGE_CURVE('',#135,#127,#137,.T.);
#135 = VERTEX_POINT('',#136);
#136 = CARTESIAN_POINT('',(0.,0.,4.));
#137 = LINE('',#138,#139);
#138 = CARTESIAN_POINT('',(0.,0.,4.));
#139 = VECTOR('',#140,1.);
#140 = DIRECTION('',(1.,0.,0.));
#141 = ORIENTED_EDGE('',*,*,#142,.F.);
#142 = EDGE_CURVE('',#62,#135,#143,.T.);
#143 = LINE('',#144,#145);
#144 = CARTESIAN_POINT('',(0.,0.,3.));
#145 = VECTOR('',#146,1.);
#146 = DIRECTION('',(0.,0.,1.));
#147 = PLANE('',#148);
#148 = AXIS2_PLACEMENT_3D('',#149,#150,#151);
#149 = CARTESIAN_POINT('',(2.55,0.,2.));
#150 = DIRECTION('',(-0.,-1.,-0.));
#151 = DIRECTION('',(0.,0.,-1.));
#152 = ADVANCED_FACE('',(#153),#186,.T.);
#153 = FACE_BOUND('',#154,.T.);
#154 = EDGE_LOOP('',(#155,#165,#173,#179,#180));
#155 = ORIENTED_EDGE('',*,*,#156,.T.);
#156 = EDGE_CURVE('',#157,#159,#161,.T.);
#157 = VERTEX_POINT('',#158);
#158 = CARTESIAN_POINT('',(3.6,1.2,0.));
#159 = VERTEX_POINT('',#160);
#160 = CARTESIAN_POINT('',(3.6,1.2,-0.1));
#161 = LINE('',#162,#163);
#162 = CARTESIAN_POINT('',(3.6,1.2,0.));
#163 = VECTOR('',#164,1.);
#164 = DIRECTION('',(-0.,-0.,-1.));
#165 = ORIENTED_EDGE('',*,*,#166,.T.);
#166 = EDGE_CURVE('',#159,#167,#169,.T.);
#167 = VERTEX_POINT('',#168);
#168 = CARTESIAN_POINT('',(3.6,-0.6,-0.1));
#169 = LINE('',#170,#171);
#170 = CARTESIAN_POINT('',(3.6,1.2,-0.1));
#171 = VECTOR('',#172,1.);
#172 = DIRECTION('',(0.,-1.,0.));
#173 = ORIENTED_EDGE('',*,*,#174,.F.);
#174 = EDGE_CURVE('',#32,#167,#175,.T.);
#175 = LINE('',#176,#177);
#176 = CARTESIAN_POINT('',(3.6,-0.6,0.));
#177 = VECTOR('',#178,1.);
#178 = DIRECTION('',(-0.,-0.,-1.));
#179 = ORIENTED_EDGE('',*,*,#31,.F.);
#180 = ORIENTED_EDGE('',*,*,#181,.F.);
#181 = EDGE_CURVE('',#157,#22,#182,.T.);
#182 = LINE('',#183,#184);
#183 = CARTESIAN_POINT('',(3.6,1.2,0.));
#184 = VECTOR('',#185,1.);
#185 = DIRECTION('',(0.,-1.,0.));
#186 = PLANE('',#187);
#187 = AXIS2_PLACEMENT_3D('',#188,#189,#190);
#188 = CARTESIAN_POINT('',(3.6,1.2,0.));
#189 = DIRECTION('',(-1.,0.,0.));
#190 = DIRECTION('',(0.,-1.,0.));
#191 = ADVANCED_FACE('',(#192),#210,.T.);
#192 = FACE_BOUND('',#193,.T.);
#193 = EDGE_LOOP('',(#194,#195,#203,#209));
#194 = ORIENTED_EDGE('',*,*,#174,.T.);
#195 = ORIENTED_EDGE('',*,*,#196,.T.);
#196 = EDGE_CURVE('',#167,#197,#199,.T.);
#197 = VERTEX_POINT('',#198);
#198 = CARTESIAN_POINT('',(3.85,-0.6,-0.1));
#199 = LINE('',#200,#201);
#200 = CARTESIAN_POINT('',(3.6,-0.6,-0.1));
#201 = VECTOR('',#202,1.);
#202 = DIRECTION('',(1.,0.,0.));
#203 = ORIENTED_EDGE('',*,*,#204,.F.);
#204 = EDGE_CURVE('',#40,#197,#205,.T.);
#205 = LINE('',#206,#207);
#206 = CARTESIAN_POINT('',(3.85,-0.6,0.));
#207 = VECTOR('',#208,1.);
#208 = DIRECTION('',(-0.,-0.,-1.));
#209 = ORIENTED_EDGE('',*,*,#39,.F.);
#210 = PLANE('',#211);
#211 = AXIS2_PLACEMENT_3D('',#212,#213,#214);
#212 = CARTESIAN_POINT('',(3.6,-0.6,0.));
#213 = DIRECTION('',(0.,-1.,0.));
#214 = DIRECTION('',(1.,0.,0.));
#215 = ADVANCED_FACE('',(#216),#242,.T.);
#216 = FACE_BOUND('',#217,.T.);
#217 = EDGE_LOOP('',(#218,#219,#227,#235,#241));
#218 = ORIENTED_EDGE('',*,*,#204,.T.);
#219 = ORIENTED_EDGE('',*,*,#220,.T.);
#220 = EDGE_CURVE('',#197,#221,#223,.T.);
#221 = VERTEX_POINT('',#222);
#222 = CARTESIAN_POINT('',(3.85,1.2,-0.1));
#223 = LINE('',#224,#225);
#224 = CARTESIAN_POINT('',(3.85,-0.6,-0.1));
#225 = VECTOR('',#226,1.);
#226 = DIRECTION('',(0.,1.,0.));
#227 = ORIENTED_EDGE('',*,*,#228,.F.);
#228 = EDGE_CURVE('',#229,#221,#231,.T.);
#229 = VERTEX_POINT('',#230);
#230 = CARTESIAN_POINT('',(3.85,1.2,0.));
#231 = LINE('',#232,#233);
#232 = CARTESIAN_POINT('',(3.85,1.2,0.));
#233 = VECTOR('',#234,1.);
#234 = DIRECTION('',(-0.,-0.,-1.));
#235 = ORIENTED_EDGE('',*,*,#236,.F.);
#236 = EDGE_CURVE('',#24,#229,#237,.T.);
#237 = LINE('',#238,#239);
#238 = CARTESIAN_POINT('',(3.85,-0.6,0.));
#239 = VECTOR('',#240,1.);
#240 = DIRECTION('',(0.,1.,0.));
#241 = ORIENTED_EDGE('',*,*,#47,.F.);
#242 = PLANE('',#243);
#243 = AXIS2_PLACEMENT_3D('',#244,#245,#246);
#244 = CARTESIAN_POINT('',(3.85,-0.6,0.));
#245 = DIRECTION('',(1.,0.,0.));
#246 = DIRECTION('',(0.,1.,0.));
#247 = ADVANCED_FACE('',(#248,#479,#490),#501,.F.);
#248 = FACE_BOUND('',#249,.F.);
#249 = EDGE_LOOP('',(#250,#258,#259,#267,#275,#281,#282,#290,#298,#304,
    #305,#313,#321,#327,#328,#329,#335,#336,#337,#345,#353,#361,#369,
    #377,#385,#393,#401,#409,#417,#425,#433,#441,#449,#457,#465,#473));
#250 = ORIENTED_EDGE('',*,*,#251,.T.);
#251 = EDGE_CURVE('',#252,#62,#254,.T.);
#252 = VERTEX_POINT('',#253);
#253 = CARTESIAN_POINT('',(0.,4.4,0.));
#254 = LINE('',#255,#256);
#255 = CARTESIAN_POINT('',(0.,4.4,0.));
#256 = VECTOR('',#257,1.);
#257 = DIRECTION('',(0.,-1.,0.));
#258 = ORIENTED_EDGE('',*,*,#61,.T.);
#259 = ORIENTED_EDGE('',*,*,#260,.F.);
#260 = EDGE_CURVE('',#261,#64,#263,.T.);
#261 = VERTEX_POINT('',#262);
#262 = CARTESIAN_POINT('',(1.2,1.2,0.));
#263 = LINE('',#264,#265);
#264 = CARTESIAN_POINT('',(1.2,1.2,0.));
#265 = VECTOR('',#266,1.);
#266 = DIRECTION('',(0.,-1.,0.));
#267 = ORIENTED_EDGE('',*,*,#268,.F.);
#268 = EDGE_CURVE('',#269,#261,#271,.T.);
#269 = VERTEX_POINT('',#270);
#270 = CARTESIAN_POINT('',(1.45,1.2,0.));
#271 = LINE('',#272,#273);
#272 = CARTESIAN_POINT('',(1.45,1.2,0.));
#273 = VECTOR('',#274,1.);
#274 = DIRECTION('',(-1.,0.,0.));
#275 = ORIENTED_EDGE('',*,*,#276,.F.);
#276 = EDGE_CURVE('',#72,#269,#277,.T.);
#277 = LINE('',#278,#279);
#278 = CARTESIAN_POINT('',(1.45,-0.6,0.));
#279 = VECTOR('',#280,1.);
#280 = DIRECTION('',(0.,1.,0.));
#281 = ORIENTED_EDGE('',*,*,#79,.T.);
#282 = ORIENTED_EDGE('',*,*,#283,.F.);
#283 = EDGE_CURVE('',#284,#80,#286,.T.);
#284 = VERTEX_POINT('',#285);
#285 = CARTESIAN_POINT('',(2.,1.2,0.));
#286 = LINE('',#287,#288);
#287 = CARTESIAN_POINT('',(2.,1.2,0.));
#288 = VECTOR('',#289,1.);
#289 = DIRECTION('',(0.,-1.,0.));
#290 = ORIENTED_EDGE('',*,*,#291,.F.);
#291 = EDGE_CURVE('',#292,#284,#294,.T.);
#292 = VERTEX_POINT('',#293);
#293 = CARTESIAN_POINT('',(2.25,1.2,0.));
#294 = LINE('',#295,#296);
#295 = CARTESIAN_POINT('',(2.25,1.2,0.));
#296 = VECTOR('',#297,1.);
#297 = DIRECTION('',(-1.,0.,0.));
#298 = ORIENTED_EDGE('',*,*,#299,.F.);
#299 = EDGE_CURVE('',#88,#292,#300,.T.);
#300 = LINE('',#301,#302);
#301 = CARTESIAN_POINT('',(2.25,-0.6,0.));
#302 = VECTOR('',#303,1.);
#303 = DIRECTION('',(0.,1.,0.));
#304 = ORIENTED_EDGE('',*,*,#95,.T.);
#305 = ORIENTED_EDGE('',*,*,#306,.F.);
#306 = EDGE_CURVE('',#307,#96,#309,.T.);
#307 = VERTEX_POINT('',#308);
#308 = CARTESIAN_POINT('',(2.8,1.2,0.));
#309 = LINE('',#310,#311);
#310 = CARTESIAN_POINT('',(2.8,1.2,0.));
#311 = VECTOR('',#312,1.);
#312 = DIRECTION('',(0.,-1.,0.));
#313 = ORIENTED_EDGE('',*,*,#314,.F.);
#314 = EDGE_CURVE('',#315,#307,#317,.T.);
#315 = VERTEX_POINT('',#316);
#316 = CARTESIAN_POINT('',(3.05,1.2,0.));
#317 = LINE('',#318,#319);
#318 = CARTESIAN_POINT('',(3.05,1.2,0.));
#319 = VECTOR('',#320,1.);
#320 = DIRECTION('',(-1.,0.,0.));
#321 = ORIENTED_EDGE('',*,*,#322,.F.);
#322 = EDGE_CURVE('',#104,#315,#323,.T.);
#323 = LINE('',#324,#325);
#324 = CARTESIAN_POINT('',(3.05,-0.6,0.));
#325 = VECTOR('',#326,1.);
#326 = DIRECTION('',(0.,1.,0.));
#327 = ORIENTED_EDGE('',*,*,#111,.T.);
#328 = ORIENTED_EDGE('',*,*,#181,.F.);
#329 = ORIENTED_EDGE('',*,*,#330,.F.);
#330 = EDGE_CURVE('',#229,#157,#331,.T.);
#331 = LINE('',#332,#333);
#332 = CARTESIAN_POINT('',(3.85,1.2,0.));
#333 = VECTOR('',#334,1.);
#334 = DIRECTION('',(-1.,0.,0.));
#335 = ORIENTED_EDGE('',*,*,#236,.F.);
#336 = ORIENTED_EDGE('',*,*,#118,.T.);
#337 = ORIENTED_EDGE('',*,*,#338,.T.);
#338 = EDGE_CURVE('',#119,#339,#341,.T.);
#339 = VERTEX_POINT('',#340);
#340 = CARTESIAN_POINT('',(5.1,4.4,0.));
#341 = LINE('',#342,#343);
#342 = CARTESIAN_POINT('',(5.1,0.,0.));
#343 = VECTOR('',#344,1.);
#344 = DIRECTION('',(0.,1.,0.));
#345 = ORIENTED_EDGE('',*,*,#346,.T.);
#346 = EDGE_CURVE('',#339,#347,#349,.T.);
#347 = VERTEX_POINT('',#348);
#348 = CARTESIAN_POINT('',(3.85,4.4,0.));
#349 = LINE('',#350,#351);
#350 = CARTESIAN_POINT('',(5.1,4.4,0.));
#351 = VECTOR('',#352,1.);
#352 = DIRECTION('',(-1.,0.,0.));
#353 = ORIENTED_EDGE('',*,*,#354,.F.);
#354 = EDGE_CURVE('',#355,#347,#357,.T.);
#355 = VERTEX_POINT('',#356);
#356 = CARTESIAN_POINT('',(3.85,3.2,0.));
#357 = LINE('',#358,#359);
#358 = CARTESIAN_POINT('',(3.85,3.2,0.));
#359 = VECTOR('',#360,1.);
#360 = DIRECTION('',(0.,1.,0.));
#361 = ORIENTED_EDGE('',*,*,#362,.F.);
#362 = EDGE_CURVE('',#363,#355,#365,.T.);
#363 = VERTEX_POINT('',#364);
#364 = CARTESIAN_POINT('',(3.6,3.2,0.));
#365 = LINE('',#366,#367);
#366 = CARTESIAN_POINT('',(3.6,3.2,0.));
#367 = VECTOR('',#368,1.);
#368 = DIRECTION('',(1.,0.,0.));
#369 = ORIENTED_EDGE('',*,*,#370,.F.);
#370 = EDGE_CURVE('',#371,#363,#373,.T.);
#371 = VERTEX_POINT('',#372);
#372 = CARTESIAN_POINT('',(3.6,4.4,0.));
#373 = LINE('',#374,#375);
#374 = CARTESIAN_POINT('',(3.6,5.,0.));
#375 = VECTOR('',#376,1.);
#376 = DIRECTION('',(0.,-1.,0.));
#377 = ORIENTED_EDGE('',*,*,#378,.T.);
#378 = EDGE_CURVE('',#371,#379,#381,.T.);
#379 = VERTEX_POINT('',#380);
#380 = CARTESIAN_POINT('',(3.05,4.4,0.));
#381 = LINE('',#382,#383);
#382 = CARTESIAN_POINT('',(5.1,4.4,0.));
#383 = VECTOR('',#384,1.);
#384 = DIRECTION('',(-1.,0.,0.));
#385 = ORIENTED_EDGE('',*,*,#386,.F.);
#386 = EDGE_CURVE('',#387,#379,#389,.T.);
#387 = VERTEX_POINT('',#388);
#388 = CARTESIAN_POINT('',(3.05,3.2,0.));
#389 = LINE('',#390,#391);
#390 = CARTESIAN_POINT('',(3.05,3.2,0.));
#391 = VECTOR('',#392,1.);
#392 = DIRECTION('',(0.,1.,0.));
#393 = ORIENTED_EDGE('',*,*,#394,.F.);
#394 = EDGE_CURVE('',#395,#387,#397,.T.);
#395 = VERTEX_POINT('',#396);
#396 = CARTESIAN_POINT('',(2.8,3.2,0.));
#397 = LINE('',#398,#399);
#398 = CARTESIAN_POINT('',(2.8,3.2,0.));
#399 = VECTOR('',#400,1.);
#400 = DIRECTION('',(1.,0.,0.));
#401 = ORIENTED_EDGE('',*,*,#402,.F.);
#402 = EDGE_CURVE('',#403,#395,#405,.T.);
#403 = VERTEX_POINT('',#404);
#404 = CARTESIAN_POINT('',(2.8,4.4,0.));
#405 = LINE('',#406,#407);
#406 = CARTESIAN_POINT('',(2.8,5.,0.));
#407 = VECTOR('',#408,1.);
#408 = DIRECTION('',(0.,-1.,0.));
#409 = ORIENTED_EDGE('',*,*,#410,.T.);
#410 = EDGE_CURVE('',#403,#411,#413,.T.);
#411 = VERTEX_POINT('',#412);
#412 = CARTESIAN_POINT('',(2.25,4.4,0.));
#413 = LINE('',#414,#415);
#414 = CARTESIAN_POINT('',(5.1,4.4,0.));
#415 = VECTOR('',#416,1.);
#416 = DIRECTION('',(-1.,0.,0.));
#417 = ORIENTED_EDGE('',*,*,#418,.F.);
#418 = EDGE_CURVE('',#419,#411,#421,.T.);
#419 = VERTEX_POINT('',#420);
#420 = CARTESIAN_POINT('',(2.25,3.2,0.));
#421 = LINE('',#422,#423);
#422 = CARTESIAN_POINT('',(2.25,3.2,0.));
#423 = VECTOR('',#424,1.);
#424 = DIRECTION('',(0.,1.,0.));
#425 = ORIENTED_EDGE('',*,*,#426,.F.);
#426 = EDGE_CURVE('',#427,#419,#429,.T.);
#427 = VERTEX_POINT('',#428);
#428 = CARTESIAN_POINT('',(2.,3.2,0.));
#429 = LINE('',#430,#431);
#430 = CARTESIAN_POINT('',(2.,3.2,0.));
#431 = VECTOR('',#432,1.);
#432 = DIRECTION('',(1.,0.,0.));
#433 = ORIENTED_EDGE('',*,*,#434,.F.);
#434 = EDGE_CURVE('',#435,#427,#437,.T.);
#435 = VERTEX_POINT('',#436);
#436 = CARTESIAN_POINT('',(2.,4.4,0.));
#437 = LINE('',#438,#439);
#438 = CARTESIAN_POINT('',(2.,5.,0.));
#439 = VECTOR('',#440,1.);
#440 = DIRECTION('',(0.,-1.,0.));
#441 = ORIENTED_EDGE('',*,*,#442,.T.);
#442 = EDGE_CURVE('',#435,#443,#445,.T.);
#443 = VERTEX_POINT('',#444);
#444 = CARTESIAN_POINT('',(1.45,4.4,0.));
#445 = LINE('',#446,#447);
#446 = CARTESIAN_POINT('',(5.1,4.4,0.));
#447 = VECTOR('',#448,1.);
#448 = DIRECTION('',(-1.,0.,0.));
#449 = ORIENTED_EDGE('',*,*,#450,.F.);
#450 = EDGE_CURVE('',#451,#443,#453,.T.);
#451 = VERTEX_POINT('',#452);
#452 = CARTESIAN_POINT('',(1.45,3.2,0.));
#453 = LINE('',#454,#455);
#454 = CARTESIAN_POINT('',(1.45,3.2,0.));
#455 = VECTOR('',#456,1.);
#456 = DIRECTION('',(0.,1.,0.));
#457 = ORIENTED_EDGE('',*,*,#458,.F.);
#458 = EDGE_CURVE('',#459,#451,#461,.T.);
#459 = VERTEX_POINT('',#460);
#460 = CARTESIAN_POINT('',(1.2,3.2,0.));
#461 = LINE('',#462,#463);
#462 = CARTESIAN_POINT('',(1.2,3.2,0.));
#463 = VECTOR('',#464,1.);
#464 = DIRECTION('',(1.,0.,0.));
#465 = ORIENTED_EDGE('',*,*,#466,.F.);
#466 = EDGE_CURVE('',#467,#459,#469,.T.);
#467 = VERTEX_POINT('',#468);
#468 = CARTESIAN_POINT('',(1.2,4.4,0.));
#469 = LINE('',#470,#471);
#470 = CARTESIAN_POINT('',(1.2,5.,0.));
#471 = VECTOR('',#472,1.);
#472 = DIRECTION('',(0.,-1.,0.));
#473 = ORIENTED_EDGE('',*,*,#474,.T.);
#474 = EDGE_CURVE('',#467,#252,#475,.T.);
#475 = LINE('',#476,#477);
#476 = CARTESIAN_POINT('',(5.1,4.4,0.));
#477 = VECTOR('',#478,1.);
#478 = DIRECTION('',(-1.,0.,0.));
#479 = FACE_BOUND('',#480,.F.);
#480 = EDGE_LOOP('',(#481));
#481 = ORIENTED_EDGE('',*,*,#482,.T.);
#482 = EDGE_CURVE('',#483,#483,#485,.T.);
#483 = VERTEX_POINT('',#484);
#484 = CARTESIAN_POINT('',(0.7,0.95,0.));
#485 = CIRCLE('',#486,0.25);
#486 = AXIS2_PLACEMENT_3D('',#487,#488,#489);
#487 = CARTESIAN_POINT('',(0.45,0.95,0.));
#488 = DIRECTION('',(0.,0.,-1.));
#489 = DIRECTION('',(1.,0.,0.));
#490 = FACE_BOUND('',#491,.F.);
#491 = EDGE_LOOP('',(#492));
#492 = ORIENTED_EDGE('',*,*,#493,.T.);
#493 = EDGE_CURVE('',#494,#494,#496,.T.);
#494 = VERTEX_POINT('',#495);
#495 = CARTESIAN_POINT('',(4.9,0.95,0.));
#496 = CIRCLE('',#497,0.25);
#497 = AXIS2_PLACEMENT_3D('',#498,#499,#500);
#498 = CARTESIAN_POINT('',(4.65,0.95,0.));
#499 = DIRECTION('',(0.,0.,-1.));
#500 = DIRECTION('',(1.,0.,0.));
#501 = PLANE('',#502);
#502 = AXIS2_PLACEMENT_3D('',#503,#504,#505);
#503 = CARTESIAN_POINT('',(2.55,2.2,0.));
#504 = DIRECTION('',(0.,0.,1.));
#505 = DIRECTION('',(1.,0.,0.));
#506 = ADVANCED_FACE('',(#507),#532,.T.);
#507 = FACE_BOUND('',#508,.T.);
#508 = EDGE_LOOP('',(#509,#510,#518,#526));
#509 = ORIENTED_EDGE('',*,*,#71,.F.);
#510 = ORIENTED_EDGE('',*,*,#511,.T.);
#511 = EDGE_CURVE('',#64,#512,#514,.T.);
#512 = VERTEX_POINT('',#513);
#513 = CARTESIAN_POINT('',(1.2,-0.6,0.));
#514 = LINE('',#515,#516);
#515 = CARTESIAN_POINT('',(1.2,1.2,0.));
#516 = VECTOR('',#517,1.);
#517 = DIRECTION('',(0.,-1.,0.));
#518 = ORIENTED_EDGE('',*,*,#519,.T.);
#519 = EDGE_CURVE('',#512,#520,#522,.T.);
#520 = VERTEX_POINT('',#521);
#521 = CARTESIAN_POINT('',(1.45,-0.6,0.));
#522 = LINE('',#523,#524);
#523 = CARTESIAN_POINT('',(1.2,-0.6,0.));
#524 = VECTOR('',#525,1.);
#525 = DIRECTION('',(1.,0.,0.));
#526 = ORIENTED_EDGE('',*,*,#527,.T.);
#527 = EDGE_CURVE('',#520,#72,#528,.T.);
#528 = LINE('',#529,#530);
#529 = CARTESIAN_POINT('',(1.45,-0.6,0.));
#530 = VECTOR('',#531,1.);
#531 = DIRECTION('',(0.,1.,0.));
#532 = PLANE('',#533);
#533 = AXIS2_PLACEMENT_3D('',#534,#535,#536);
#534 = CARTESIAN_POINT('',(2.525,2.2,0.));
#535 = DIRECTION('',(0.,0.,1.));
#536 = DIRECTION('',(1.,0.,0.));
#537 = ADVANCED_FACE('',(#538),#563,.T.);
#538 = FACE_BOUND('',#539,.T.);
#539 = EDGE_LOOP('',(#540,#541,#549,#557));
#540 = ORIENTED_EDGE('',*,*,#87,.F.);
#541 = ORIENTED_EDGE('',*,*,#542,.T.);
#542 = EDGE_CURVE('',#80,#543,#545,.T.);
#543 = VERTEX_POINT('',#544);
#544 = CARTESIAN_POINT('',(2.,-0.6,0.));
#545 = LINE('',#546,#547);
#546 = CARTESIAN_POINT('',(2.,1.2,0.));
#547 = VECTOR('',#548,1.);
#548 = DIRECTION('',(0.,-1.,0.));
#549 = ORIENTED_EDGE('',*,*,#550,.T.);
#550 = EDGE_CURVE('',#543,#551,#553,.T.);
#551 = VERTEX_POINT('',#552);
#552 = CARTESIAN_POINT('',(2.25,-0.6,0.));
#553 = LINE('',#554,#555);
#554 = CARTESIAN_POINT('',(2.,-0.6,0.));
#555 = VECTOR('',#556,1.);
#556 = DIRECTION('',(1.,0.,0.));
#557 = ORIENTED_EDGE('',*,*,#558,.T.);
#558 = EDGE_CURVE('',#551,#88,#559,.T.);
#559 = LINE('',#560,#561);
#560 = CARTESIAN_POINT('',(2.25,-0.6,0.));
#561 = VECTOR('',#562,1.);
#562 = DIRECTION('',(0.,1.,0.));
#563 = PLANE('',#564);
#564 = AXIS2_PLACEMENT_3D('',#565,#566,#567);
#565 = CARTESIAN_POINT('',(2.525,2.2,0.));
#566 = DIRECTION('',(0.,0.,1.));
#567 = DIRECTION('',(1.,0.,0.));
#568 = ADVANCED_FACE('',(#569),#594,.T.);
#569 = FACE_BOUND('',#570,.T.);
#570 = EDGE_LOOP('',(#571,#572,#580,#588));
#571 = ORIENTED_EDGE('',*,*,#103,.F.);
#572 = ORIENTED_EDGE('',*,*,#573,.T.);
#573 = EDGE_CURVE('',#96,#574,#576,.T.);
#574 = VERTEX_POINT('',#575);
#575 = CARTESIAN_POINT('',(2.8,-0.6,0.));
#576 = LINE('',#577,#578);
#577 = CARTESIAN_POINT('',(2.8,1.2,0.));
#578 = VECTOR('',#579,1.);
#579 = DIRECTION('',(0.,-1.,0.));
#580 = ORIENTED_EDGE('',*,*,#581,.T.);
#581 = EDGE_CURVE('',#574,#582,#584,.T.);
#582 = VERTEX_POINT('',#583);
#583 = CARTESIAN_POINT('',(3.05,-0.6,0.));
#584 = LINE('',#585,#586);
#585 = CARTESIAN_POINT('',(2.8,-0.6,0.));
#586 = VECTOR('',#587,1.);
#587 = DIRECTION('',(1.,0.,0.));
#588 = ORIENTED_EDGE('',*,*,#589,.T.);
#589 = EDGE_CURVE('',#582,#104,#590,.T.);
#590 = LINE('',#591,#592);
#591 = CARTESIAN_POINT('',(3.05,-0.6,0.));
#592 = VECTOR('',#593,1.);
#593 = DIRECTION('',(0.,1.,0.));
#594 = PLANE('',#595);
#595 = AXIS2_PLACEMENT_3D('',#596,#597,#598);
#596 = CARTESIAN_POINT('',(2.525,2.2,0.));
#597 = DIRECTION('',(0.,0.,1.));
#598 = DIRECTION('',(1.,0.,0.));
#599 = ADVANCED_FACE('',(#600),#618,.T.);
#600 = FACE_BOUND('',#601,.T.);
#601 = EDGE_LOOP('',(#602,#603,#604,#612));
#602 = ORIENTED_EDGE('',*,*,#126,.F.);
#603 = ORIENTED_EDGE('',*,*,#338,.T.);
#604 = ORIENTED_EDGE('',*,*,#605,.T.);
#605 = EDGE_CURVE('',#339,#606,#608,.T.);
#606 = VERTEX_POINT('',#607);
#607 = CARTESIAN_POINT('',(5.1,4.4,4.));
#608 = LINE('',#609,#610);
#609 = CARTESIAN_POINT('',(5.1,4.4,0.));
#610 = VECTOR('',#611,1.);
#611 = DIRECTION('',(0.,0.,1.));
#612 = ORIENTED_EDGE('',*,*,#613,.F.);
#613 = EDGE_CURVE('',#127,#606,#614,.T.);
#614 = LINE('',#615,#616);
#615 = CARTESIAN_POINT('',(5.1,0.,4.));
#616 = VECTOR('',#617,1.);
#617 = DIRECTION('',(0.,1.,0.));
#618 = PLANE('',#619);
#619 = AXIS2_PLACEMENT_3D('',#620,#621,#622);
#620 = CARTESIAN_POINT('',(5.1,2.2,2.));
#621 = DIRECTION('',(1.,0.,0.));
#622 = DIRECTION('',(0.,0.,1.));
#623 = ADVANCED_FACE('',(#624,#642,#932),#1222,.T.);
#624 = FACE_BOUND('',#625,.T.);
#625 = EDGE_LOOP('',(#626,#627,#628,#636));
#626 = ORIENTED_EDGE('',*,*,#134,.T.);
#627 = ORIENTED_EDGE('',*,*,#613,.T.);
#628 = ORIENTED_EDGE('',*,*,#629,.T.);
#629 = EDGE_CURVE('',#606,#630,#632,.T.);
#630 = VERTEX_POINT('',#631);
#631 = CARTESIAN_POINT('',(0.,4.4,4.));
#632 = LINE('',#633,#634);
#633 = CARTESIAN_POINT('',(5.1,4.4,4.));
#634 = VECTOR('',#635,1.);
#635 = DIRECTION('',(-1.,0.,0.));
#636 = ORIENTED_EDGE('',*,*,#637,.T.);
#637 = EDGE_CURVE('',#630,#135,#638,.T.);
#638 = LINE('',#639,#640);
#639 = CARTESIAN_POINT('',(0.,4.4,4.));
#640 = VECTOR('',#641,1.);
#641 = DIRECTION('',(0.,-1.,0.));
#642 = FACE_BOUND('',#643,.T.);
#643 = EDGE_LOOP('',(#644,#654,#662,#670,#678,#686,#694,#702,#710,#718,
    #726,#734,#742,#750,#758,#766,#774,#782,#790,#798,#806,#814,#822,
    #830,#838,#846,#854,#862,#870,#878,#886,#894,#902,#910,#918,#926));
#644 = ORIENTED_EDGE('',*,*,#645,.F.);
#645 = EDGE_CURVE('',#646,#648,#650,.T.);
#646 = VERTEX_POINT('',#647);
#647 = CARTESIAN_POINT('',(0.82,1.649653,4.));
#648 = VERTEX_POINT('',#649);
#649 = CARTESIAN_POINT('',(0.82,0.849653,4.));
#650 = LINE('',#651,#652);
#651 = CARTESIAN_POINT('',(0.82,1.649653,4.));
#652 = VECTOR('',#653,1.);
#653 = DIRECTION('',(0.,-1.,0.));
#654 = ORIENTED_EDGE('',*,*,#655,.F.);
#655 = EDGE_CURVE('',#656,#646,#658,.T.);
#656 = VERTEX_POINT('',#657);
#657 = CARTESIAN_POINT('',(1.2,1.649653,4.));
#658 = LINE('',#659,#660);
#659 = CARTESIAN_POINT('',(4.28,1.649653,4.));
#660 = VECTOR('',#661,1.);
#661 = DIRECTION('',(-1.,0.,0.));
#662 = ORIENTED_EDGE('',*,*,#663,.T.);
#663 = EDGE_CURVE('',#656,#664,#666,.T.);
#664 = VERTEX_POINT('',#665);
#665 = CARTESIAN_POINT('',(1.2,1.747161,4.));
#666 = LINE('',#667,#668);
#667 = CARTESIAN_POINT('',(1.2,1.9735805,4.));
#668 = VECTOR('',#669,1.);
#669 = DIRECTION('',(0.,1.,0.));
#670 = ORIENTED_EDGE('',*,*,#671,.T.);
#671 = EDGE_CURVE('',#664,#672,#674,.T.);
#672 = VERTEX_POINT('',#673);
#673 = CARTESIAN_POINT('',(1.45,1.747161,4.));
#674 = LINE('',#675,#676);
#675 = CARTESIAN_POINT('',(2.,1.747161,4.));
#676 = VECTOR('',#677,1.);
#677 = DIRECTION('',(1.,0.,0.));
#678 = ORIENTED_EDGE('',*,*,#679,.T.);
#679 = EDGE_CURVE('',#672,#680,#682,.T.);
#680 = VERTEX_POINT('',#681);
#681 = CARTESIAN_POINT('',(1.45,1.649653,4.));
#682 = LINE('',#683,#684);
#683 = CARTESIAN_POINT('',(1.45,1.873581,4.));
#684 = VECTOR('',#685,1.);
#685 = DIRECTION('',(0.,-1.,0.));
#686 = ORIENTED_EDGE('',*,*,#687,.F.);
#687 = EDGE_CURVE('',#688,#680,#690,.T.);
#688 = VERTEX_POINT('',#689);
#689 = CARTESIAN_POINT('',(2.,1.649653,4.));
#690 = LINE('',#691,#692);
#691 = CARTESIAN_POINT('',(4.28,1.649653,4.));
#692 = VECTOR('',#693,1.);
#693 = DIRECTION('',(-1.,0.,0.));
#694 = ORIENTED_EDGE('',*,*,#695,.T.);
#695 = EDGE_CURVE('',#688,#696,#698,.T.);
#696 = VERTEX_POINT('',#697);
#697 = CARTESIAN_POINT('',(2.,1.747161,4.));
#698 = LINE('',#699,#700);
#699 = CARTESIAN_POINT('',(2.,1.9735805,4.));
#700 = VECTOR('',#701,1.);
#701 = DIRECTION('',(0.,1.,0.));
#702 = ORIENTED_EDGE('',*,*,#703,.T.);
#703 = EDGE_CURVE('',#696,#704,#706,.T.);
#704 = VERTEX_POINT('',#705);
#705 = CARTESIAN_POINT('',(2.25,1.747161,4.));
#706 = LINE('',#707,#708);
#707 = CARTESIAN_POINT('',(2.4,1.747161,4.));
#708 = VECTOR('',#709,1.);
#709 = DIRECTION('',(1.,0.,0.));
#710 = ORIENTED_EDGE('',*,*,#711,.T.);
#711 = EDGE_CURVE('',#704,#712,#714,.T.);
#712 = VERTEX_POINT('',#713);
#713 = CARTESIAN_POINT('',(2.25,1.649653,4.));
#714 = LINE('',#715,#716);
#715 = CARTESIAN_POINT('',(2.25,1.8735805,4.));
#716 = VECTOR('',#717,1.);
#717 = DIRECTION('',(0.,-1.,0.));
#718 = ORIENTED_EDGE('',*,*,#719,.F.);
#719 = EDGE_CURVE('',#720,#712,#722,.T.);
#720 = VERTEX_POINT('',#721);
#721 = CARTESIAN_POINT('',(2.8,1.649653,4.));
#722 = LINE('',#723,#724);
#723 = CARTESIAN_POINT('',(4.28,1.649653,4.));
#724 = VECTOR('',#725,1.);
#725 = DIRECTION('',(-1.,0.,0.));
#726 = ORIENTED_EDGE('',*,*,#727,.T.);
#727 = EDGE_CURVE('',#720,#728,#730,.T.);
#728 = VERTEX_POINT('',#729);
#729 = CARTESIAN_POINT('',(2.8,1.747161,4.));
#730 = LINE('',#731,#732);
#731 = CARTESIAN_POINT('',(2.8,1.9735805,4.));
#732 = VECTOR('',#733,1.);
#733 = DIRECTION('',(0.,1.,0.));
#734 = ORIENTED_EDGE('',*,*,#735,.T.);
#735 = EDGE_CURVE('',#728,#736,#738,.T.);
#736 = VERTEX_POINT('',#737);
#737 = CARTESIAN_POINT('',(3.05,1.747161,4.));
#738 = LINE('',#739,#740);
#739 = CARTESIAN_POINT('',(2.8,1.747161,4.));
#740 = VECTOR('',#741,1.);
#741 = DIRECTION('',(1.,0.,0.));
#742 = ORIENTED_EDGE('',*,*,#743,.T.);
#743 = EDGE_CURVE('',#736,#744,#746,.T.);
#744 = VERTEX_POINT('',#745);
#745 = CARTESIAN_POINT('',(3.05,1.649653,4.));
#746 = LINE('',#747,#748);
#747 = CARTESIAN_POINT('',(3.05,1.8735805,4.));
#748 = VECTOR('',#749,1.);
#749 = DIRECTION('',(0.,-1.,0.));
#750 = ORIENTED_EDGE('',*,*,#751,.F.);
#751 = EDGE_CURVE('',#752,#744,#754,.T.);
#752 = VERTEX_POINT('',#753);
#753 = CARTESIAN_POINT('',(3.6,1.649653,4.));
#754 = LINE('',#755,#756);
#755 = CARTESIAN_POINT('',(4.28,1.649653,4.));
#756 = VECTOR('',#757,1.);
#757 = DIRECTION('',(-1.,0.,0.));
#758 = ORIENTED_EDGE('',*,*,#759,.T.);
#759 = EDGE_CURVE('',#752,#760,#762,.T.);
#760 = VERTEX_POINT('',#761);
#761 = CARTESIAN_POINT('',(3.6,1.747161,4.));
#762 = LINE('',#763,#764);
#763 = CARTESIAN_POINT('',(3.6,1.9735805,4.));
#764 = VECTOR('',#765,1.);
#765 = DIRECTION('',(0.,1.,0.));
#766 = ORIENTED_EDGE('',*,*,#767,.T.);
#767 = EDGE_CURVE('',#760,#768,#770,.T.);
#768 = VERTEX_POINT('',#769);
#769 = CARTESIAN_POINT('',(3.85,1.747161,4.));
#770 = LINE('',#771,#772);
#771 = CARTESIAN_POINT('',(3.2,1.747161,4.));
#772 = VECTOR('',#773,1.);
#773 = DIRECTION('',(1.,0.,0.));
#774 = ORIENTED_EDGE('',*,*,#775,.T.);
#775 = EDGE_CURVE('',#768,#776,#778,.T.);
#776 = VERTEX_POINT('',#777);
#777 = CARTESIAN_POINT('',(3.85,1.649653,4.));
#778 = LINE('',#779,#780);
#779 = CARTESIAN_POINT('',(3.85,1.8735805,4.));
#780 = VECTOR('',#781,1.);
#781 = DIRECTION('',(0.,-1.,0.));
#782 = ORIENTED_EDGE('',*,*,#783,.F.);
#783 = EDGE_CURVE('',#784,#776,#786,.T.);
#784 = VERTEX_POINT('',#785);
#785 = CARTESIAN_POINT('',(4.28,1.649653,4.));
#786 = LINE('',#787,#788);
#787 = CARTESIAN_POINT('',(4.28,1.649653,4.));
#788 = VECTOR('',#789,1.);
#789 = DIRECTION('',(-1.,0.,0.));
#790 = ORIENTED_EDGE('',*,*,#791,.F.);
#791 = EDGE_CURVE('',#792,#784,#794,.T.);
#792 = VERTEX_POINT('',#793);
#793 = CARTESIAN_POINT('',(4.28,0.849653,4.));
#794 = LINE('',#795,#796);
#795 = CARTESIAN_POINT('',(4.28,0.849653,4.));
#796 = VECTOR('',#797,1.);
#797 = DIRECTION('',(0.,1.,0.));
#798 = ORIENTED_EDGE('',*,*,#799,.F.);
#799 = EDGE_CURVE('',#800,#792,#802,.T.);
#800 = VERTEX_POINT('',#801);
#801 = CARTESIAN_POINT('',(3.85,0.849653,4.));
#802 = LINE('',#803,#804);
#803 = CARTESIAN_POINT('',(0.82,0.849653,4.));
#804 = VECTOR('',#805,1.);
#805 = DIRECTION('',(1.,0.,0.));
#806 = ORIENTED_EDGE('',*,*,#807,.T.);
#807 = EDGE_CURVE('',#800,#808,#810,.T.);
#808 = VERTEX_POINT('',#809);
#809 = CARTESIAN_POINT('',(3.85,0.747161,4.));
#810 = LINE('',#811,#812);
#811 = CARTESIAN_POINT('',(3.85,1.4735805,4.));
#812 = VECTOR('',#813,1.);
#813 = DIRECTION('',(0.,-1.,0.));
#814 = ORIENTED_EDGE('',*,*,#815,.T.);
#815 = EDGE_CURVE('',#808,#816,#818,.T.);
#816 = VERTEX_POINT('',#817);
#817 = CARTESIAN_POINT('',(3.6,0.747161,4.));
#818 = LINE('',#819,#820);
#819 = CARTESIAN_POINT('',(3.075,0.747161,4.));
#820 = VECTOR('',#821,1.);
#821 = DIRECTION('',(-1.,0.,0.));
#822 = ORIENTED_EDGE('',*,*,#823,.T.);
#823 = EDGE_CURVE('',#816,#824,#826,.T.);
#824 = VERTEX_POINT('',#825);
#825 = CARTESIAN_POINT('',(3.6,0.849653,4.));
#826 = LINE('',#827,#828);
#827 = CARTESIAN_POINT('',(3.6,1.5735805,4.));
#828 = VECTOR('',#829,1.);
#829 = DIRECTION('',(0.,1.,0.));
#830 = ORIENTED_EDGE('',*,*,#831,.F.);
#831 = EDGE_CURVE('',#832,#824,#834,.T.);
#832 = VERTEX_POINT('',#833);
#833 = CARTESIAN_POINT('',(3.05,0.849653,4.));
#834 = LINE('',#835,#836);
#835 = CARTESIAN_POINT('',(0.82,0.849653,4.));
#836 = VECTOR('',#837,1.);
#837 = DIRECTION('',(1.,0.,0.));
#838 = ORIENTED_EDGE('',*,*,#839,.T.);
#839 = EDGE_CURVE('',#832,#840,#842,.T.);
#840 = VERTEX_POINT('',#841);
#841 = CARTESIAN_POINT('',(3.05,0.747161,4.));
#842 = LINE('',#843,#844);
#843 = CARTESIAN_POINT('',(3.05,1.4735805,4.));
#844 = VECTOR('',#845,1.);
#845 = DIRECTION('',(0.,-1.,0.));
#846 = ORIENTED_EDGE('',*,*,#847,.T.);
#847 = EDGE_CURVE('',#840,#848,#850,.T.);
#848 = VERTEX_POINT('',#849);
#849 = CARTESIAN_POINT('',(2.8,0.747161,4.));
#850 = LINE('',#851,#852);
#851 = CARTESIAN_POINT('',(2.675,0.747161,4.));
#852 = VECTOR('',#853,1.);
#853 = DIRECTION('',(-1.,0.,0.));
#854 = ORIENTED_EDGE('',*,*,#855,.T.);
#855 = EDGE_CURVE('',#848,#856,#858,.T.);
#856 = VERTEX_POINT('',#857);
#857 = CARTESIAN_POINT('',(2.8,0.849653,4.));
#858 = LINE('',#859,#860);
#859 = CARTESIAN_POINT('',(2.8,1.5735805,4.));
#860 = VECTOR('',#861,1.);
#861 = DIRECTION('',(0.,1.,0.));
#862 = ORIENTED_EDGE('',*,*,#863,.F.);
#863 = EDGE_CURVE('',#864,#856,#866,.T.);
#864 = VERTEX_POINT('',#865);
#865 = CARTESIAN_POINT('',(2.25,0.849653,4.));
#866 = LINE('',#867,#868);
#867 = CARTESIAN_POINT('',(0.82,0.849653,4.));
#868 = VECTOR('',#869,1.);
#869 = DIRECTION('',(1.,0.,0.));
#870 = ORIENTED_EDGE('',*,*,#871,.T.);
#871 = EDGE_CURVE('',#864,#872,#874,.T.);
#872 = VERTEX_POINT('',#873);
#873 = CARTESIAN_POINT('',(2.25,0.747161,4.));
#874 = LINE('',#875,#876);
#875 = CARTESIAN_POINT('',(2.25,1.4735805,4.));
#876 = VECTOR('',#877,1.);
#877 = DIRECTION('',(0.,-1.,0.));
#878 = ORIENTED_EDGE('',*,*,#879,.T.);
#879 = EDGE_CURVE('',#872,#880,#882,.T.);
#880 = VERTEX_POINT('',#881);
#881 = CARTESIAN_POINT('',(2.,0.747161,4.));
#882 = LINE('',#883,#884);
#883 = CARTESIAN_POINT('',(2.275,0.747161,4.));
#884 = VECTOR('',#885,1.);
#885 = DIRECTION('',(-1.,0.,0.));
#886 = ORIENTED_EDGE('',*,*,#887,.T.);
#887 = EDGE_CURVE('',#880,#888,#890,.T.);
#888 = VERTEX_POINT('',#889);
#889 = CARTESIAN_POINT('',(2.,0.849653,4.));
#890 = LINE('',#891,#892);
#891 = CARTESIAN_POINT('',(2.,1.5735805,4.));
#892 = VECTOR('',#893,1.);
#893 = DIRECTION('',(0.,1.,0.));
#894 = ORIENTED_EDGE('',*,*,#895,.F.);
#895 = EDGE_CURVE('',#896,#888,#898,.T.);
#896 = VERTEX_POINT('',#897);
#897 = CARTESIAN_POINT('',(1.45,0.849653,4.));
#898 = LINE('',#899,#900);
#899 = CARTESIAN_POINT('',(0.82,0.849653,4.));
#900 = VECTOR('',#901,1.);
#901 = DIRECTION('',(1.,0.,0.));
#902 = ORIENTED_EDGE('',*,*,#903,.T.);
#903 = EDGE_CURVE('',#896,#904,#906,.T.);
#904 = VERTEX_POINT('',#905);
#905 = CARTESIAN_POINT('',(1.45,0.747161,4.));
#906 = LINE('',#907,#908);
#907 = CARTESIAN_POINT('',(1.45,1.4735805,4.));
#908 = VECTOR('',#909,1.);
#909 = DIRECTION('',(0.,-1.,0.));
#910 = ORIENTED_EDGE('',*,*,#911,.T.);
#911 = EDGE_CURVE('',#904,#912,#914,.T.);
#912 = VERTEX_POINT('',#913);
#913 = CARTESIAN_POINT('',(1.2,0.747161,4.));
#914 = LINE('',#915,#916);
#915 = CARTESIAN_POINT('',(1.875,0.747161,4.));
#916 = VECTOR('',#917,1.);
#917 = DIRECTION('',(-1.,0.,0.));
#918 = ORIENTED_EDGE('',*,*,#919,.T.);
#919 = EDGE_CURVE('',#912,#920,#922,.T.);
#920 = VERTEX_POINT('',#921);
#921 = CARTESIAN_POINT('',(1.2,0.849653,4.));
#922 = LINE('',#923,#924);
#923 = CARTESIAN_POINT('',(1.2,1.5735805,4.));
#924 = VECTOR('',#925,1.);
#925 = DIRECTION('',(0.,1.,0.));
#926 = ORIENTED_EDGE('',*,*,#927,.F.);
#927 = EDGE_CURVE('',#648,#920,#928,.T.);
#928 = LINE('',#929,#930);
#929 = CARTESIAN_POINT('',(0.82,0.849653,4.));
#930 = VECTOR('',#931,1.);
#931 = DIRECTION('',(1.,0.,0.));
#932 = FACE_BOUND('',#933,.T.);
#933 = EDGE_LOOP('',(#934,#944,#952,#960,#968,#976,#984,#992,#1000,#1008
    ,#1016,#1024,#1032,#1040,#1048,#1056,#1064,#1072,#1080,#1088,#1096,
    #1104,#1112,#1120,#1128,#1136,#1144,#1152,#1160,#1168,#1176,#1184,
    #1192,#1200,#1208,#1216));
#934 = ORIENTED_EDGE('',*,*,#935,.F.);
#935 = EDGE_CURVE('',#936,#938,#940,.T.);
#936 = VERTEX_POINT('',#937);
#937 = CARTESIAN_POINT('',(0.82,3.549724,4.));
#938 = VERTEX_POINT('',#939);
#939 = CARTESIAN_POINT('',(0.82,2.749724,4.));
#940 = LINE('',#941,#942);
#941 = CARTESIAN_POINT('',(0.82,3.549724,4.));
#942 = VECTOR('',#943,1.);
#943 = DIRECTION('',(0.,-1.,0.));
#944 = ORIENTED_EDGE('',*,*,#945,.F.);
#945 = EDGE_CURVE('',#946,#936,#948,.T.);
#946 = VERTEX_POINT('',#947);
#947 = CARTESIAN_POINT('',(1.2,3.549724,4.));
#948 = LINE('',#949,#950);
#949 = CARTESIAN_POINT('',(4.28,3.549724,4.));
#950 = VECTOR('',#951,1.);
#951 = DIRECTION('',(-1.,0.,0.));
#952 = ORIENTED_EDGE('',*,*,#953,.T.);
#953 = EDGE_CURVE('',#946,#954,#956,.T.);
#954 = VERTEX_POINT('',#955);
#955 = CARTESIAN_POINT('',(1.2,3.6471615,4.));
#956 = LINE('',#957,#958);
#957 = CARTESIAN_POINT('',(1.2,2.92358075,4.));
#958 = VECTOR('',#959,1.);
#959 = DIRECTION('',(0.,1.,0.));
#960 = ORIENTED_EDGE('',*,*,#961,.T.);
#961 = EDGE_CURVE('',#954,#962,#964,.T.);
#962 = VERTEX_POINT('',#963);
#963 = CARTESIAN_POINT('',(1.45,3.6471615,4.));
#964 = LINE('',#965,#966);
#965 = CARTESIAN_POINT('',(2.,3.6471615,4.));
#966 = VECTOR('',#967,1.);
#967 = DIRECTION('',(1.,0.,0.));
#968 = ORIENTED_EDGE('',*,*,#969,.T.);
#969 = EDGE_CURVE('',#962,#970,#972,.T.);
#970 = VERTEX_POINT('',#971);
#971 = CARTESIAN_POINT('',(1.45,3.549724,4.));
#972 = LINE('',#973,#974);
#973 = CARTESIAN_POINT('',(1.45,2.82358075,4.));
#974 = VECTOR('',#975,1.);
#975 = DIRECTION('',(0.,-1.,0.));
#976 = ORIENTED_EDGE('',*,*,#977,.F.);
#977 = EDGE_CURVE('',#978,#970,#980,.T.);
#978 = VERTEX_POINT('',#979);
#979 = CARTESIAN_POINT('',(2.,3.549724,4.));
#980 = LINE('',#981,#982);
#981 = CARTESIAN_POINT('',(4.28,3.549724,4.));
#982 = VECTOR('',#983,1.);
#983 = DIRECTION('',(-1.,0.,0.));
#984 = ORIENTED_EDGE('',*,*,#985,.T.);
#985 = EDGE_CURVE('',#978,#986,#988,.T.);
#986 = VERTEX_POINT('',#987);
#987 = CARTESIAN_POINT('',(2.,3.647161,4.));
#988 = LINE('',#989,#990);
#989 = CARTESIAN_POINT('',(2.,2.9235805,4.));
#990 = VECTOR('',#991,1.);
#991 = DIRECTION('',(0.,1.,0.));
#992 = ORIENTED_EDGE('',*,*,#993,.T.);
#993 = EDGE_CURVE('',#986,#994,#996,.T.);
#994 = VERTEX_POINT('',#995);
#995 = CARTESIAN_POINT('',(2.25,3.647161,4.));
#996 = LINE('',#997,#998);
#997 = CARTESIAN_POINT('',(2.4,3.647161,4.));
#998 = VECTOR('',#999,1.);
#999 = DIRECTION('',(1.,0.,0.));
#1000 = ORIENTED_EDGE('',*,*,#1001,.T.);
#1001 = EDGE_CURVE('',#994,#1002,#1004,.T.);
#1002 = VERTEX_POINT('',#1003);
#1003 = CARTESIAN_POINT('',(2.25,3.549724,4.));
#1004 = LINE('',#1005,#1006);
#1005 = CARTESIAN_POINT('',(2.25,2.8235805,4.));
#1006 = VECTOR('',#1007,1.);
#1007 = DIRECTION('',(0.,-1.,0.));
#1008 = ORIENTED_EDGE('',*,*,#1009,.F.);
#1009 = EDGE_CURVE('',#1010,#1002,#1012,.T.);
#1010 = VERTEX_POINT('',#1011);
#1011 = CARTESIAN_POINT('',(2.8,3.549724,4.));
#1012 = LINE('',#1013,#1014);
#1013 = CARTESIAN_POINT('',(4.28,3.549724,4.));
#1014 = VECTOR('',#1015,1.);
#1015 = DIRECTION('',(-1.,0.,0.));
#1016 = ORIENTED_EDGE('',*,*,#1017,.T.);
#1017 = EDGE_CURVE('',#1010,#1018,#1020,.T.);
#1018 = VERTEX_POINT('',#1019);
#1019 = CARTESIAN_POINT('',(2.8,3.647161,4.));
#1020 = LINE('',#1021,#1022);
#1021 = CARTESIAN_POINT('',(2.8,2.9235805,4.));
#1022 = VECTOR('',#1023,1.);
#1023 = DIRECTION('',(0.,1.,0.));
#1024 = ORIENTED_EDGE('',*,*,#1025,.T.);
#1025 = EDGE_CURVE('',#1018,#1026,#1028,.T.);
#1026 = VERTEX_POINT('',#1027);
#1027 = CARTESIAN_POINT('',(3.05,3.647161,4.));
#1028 = LINE('',#1029,#1030);
#1029 = CARTESIAN_POINT('',(2.8,3.647161,4.));
#1030 = VECTOR('',#1031,1.);
#1031 = DIRECTION('',(1.,0.,0.));
#1032 = ORIENTED_EDGE('',*,*,#1033,.T.);
#1033 = EDGE_CURVE('',#1026,#1034,#1036,.T.);
#1034 = VERTEX_POINT('',#1035);
#1035 = CARTESIAN_POINT('',(3.05,3.549724,4.));
#1036 = LINE('',#1037,#1038);
#1037 = CARTESIAN_POINT('',(3.05,2.8235805,4.));
#1038 = VECTOR('',#1039,1.);
#1039 = DIRECTION('',(0.,-1.,0.));
#1040 = ORIENTED_EDGE('',*,*,#1041,.F.);
#1041 = EDGE_CURVE('',#1042,#1034,#1044,.T.);
#1042 = VERTEX_POINT('',#1043);
#1043 = CARTESIAN_POINT('',(3.6,3.549724,4.));
#1044 = LINE('',#1045,#1046);
#1045 = CARTESIAN_POINT('',(4.28,3.549724,4.));
#1046 = VECTOR('',#1047,1.);
#1047 = DIRECTION('',(-1.,0.,0.));
#1048 = ORIENTED_EDGE('',*,*,#1049,.T.);
#1049 = EDGE_CURVE('',#1042,#1050,#1052,.T.);
#1050 = VERTEX_POINT('',#1051);
#1051 = CARTESIAN_POINT('',(3.6,3.647161,4.));
#1052 = LINE('',#1053,#1054);
#1053 = CARTESIAN_POINT('',(3.6,2.9235805,4.));
#1054 = VECTOR('',#1055,1.);
#1055 = DIRECTION('',(0.,1.,0.));
#1056 = ORIENTED_EDGE('',*,*,#1057,.T.);
#1057 = EDGE_CURVE('',#1050,#1058,#1060,.T.);
#1058 = VERTEX_POINT('',#1059);
#1059 = CARTESIAN_POINT('',(3.85,3.647161,4.));
#1060 = LINE('',#1061,#1062);
#1061 = CARTESIAN_POINT('',(3.2,3.647161,4.));
#1062 = VECTOR('',#1063,1.);
#1063 = DIRECTION('',(1.,0.,0.));
#1064 = ORIENTED_EDGE('',*,*,#1065,.T.);
#1065 = EDGE_CURVE('',#1058,#1066,#1068,.T.);
#1066 = VERTEX_POINT('',#1067);
#1067 = CARTESIAN_POINT('',(3.85,3.549724,4.));
#1068 = LINE('',#1069,#1070);
#1069 = CARTESIAN_POINT('',(3.85,2.8235805,4.));
#1070 = VECTOR('',#1071,1.);
#1071 = DIRECTION('',(0.,-1.,0.));
#1072 = ORIENTED_EDGE('',*,*,#1073,.F.);
#1073 = EDGE_CURVE('',#1074,#1066,#1076,.T.);
#1074 = VERTEX_POINT('',#1075);
#1075 = CARTESIAN_POINT('',(4.28,3.549724,4.));
#1076 = LINE('',#1077,#1078);
#1077 = CARTESIAN_POINT('',(4.28,3.549724,4.));
#1078 = VECTOR('',#1079,1.);
#1079 = DIRECTION('',(-1.,0.,0.));
#1080 = ORIENTED_EDGE('',*,*,#1081,.F.);
#1081 = EDGE_CURVE('',#1082,#1074,#1084,.T.);
#1082 = VERTEX_POINT('',#1083);
#1083 = CARTESIAN_POINT('',(4.28,2.749724,4.));
#1084 = LINE('',#1085,#1086);
#1085 = CARTESIAN_POINT('',(4.28,2.749724,4.));
#1086 = VECTOR('',#1087,1.);
#1087 = DIRECTION('',(0.,1.,0.));
#1088 = ORIENTED_EDGE('',*,*,#1089,.F.);
#1089 = EDGE_CURVE('',#1090,#1082,#1092,.T.);
#1090 = VERTEX_POINT('',#1091);
#1091 = CARTESIAN_POINT('',(3.85,2.749724,4.));
#1092 = LINE('',#1093,#1094);
#1093 = CARTESIAN_POINT('',(0.82,2.749724,4.));
#1094 = VECTOR('',#1095,1.);
#1095 = DIRECTION('',(1.,0.,0.));
#1096 = ORIENTED_EDGE('',*,*,#1097,.T.);
#1097 = EDGE_CURVE('',#1090,#1098,#1100,.T.);
#1098 = VERTEX_POINT('',#1099);
#1099 = CARTESIAN_POINT('',(3.85,2.647161,4.));
#1100 = LINE('',#1101,#1102);
#1101 = CARTESIAN_POINT('',(3.85,2.4235805,4.));
#1102 = VECTOR('',#1103,1.);
#1103 = DIRECTION('',(0.,-1.,0.));
#1104 = ORIENTED_EDGE('',*,*,#1105,.T.);
#1105 = EDGE_CURVE('',#1098,#1106,#1108,.T.);
#1106 = VERTEX_POINT('',#1107);
#1107 = CARTESIAN_POINT('',(3.6,2.647161,4.));
#1108 = LINE('',#1109,#1110);
#1109 = CARTESIAN_POINT('',(3.075,2.647161,4.));
#1110 = VECTOR('',#1111,1.);
#1111 = DIRECTION('',(-1.,0.,0.));
#1112 = ORIENTED_EDGE('',*,*,#1113,.T.);
#1113 = EDGE_CURVE('',#1106,#1114,#1116,.T.);
#1114 = VERTEX_POINT('',#1115);
#1115 = CARTESIAN_POINT('',(3.6,2.749724,4.));
#1116 = LINE('',#1117,#1118);
#1117 = CARTESIAN_POINT('',(3.6,2.5235805,4.));
#1118 = VECTOR('',#1119,1.);
#1119 = DIRECTION('',(0.,1.,0.));
#1120 = ORIENTED_EDGE('',*,*,#1121,.F.);
#1121 = EDGE_CURVE('',#1122,#1114,#1124,.T.);
#1122 = VERTEX_POINT('',#1123);
#1123 = CARTESIAN_POINT('',(3.05,2.749724,4.));
#1124 = LINE('',#1125,#1126);
#1125 = CARTESIAN_POINT('',(0.82,2.749724,4.));
#1126 = VECTOR('',#1127,1.);
#1127 = DIRECTION('',(1.,0.,0.));
#1128 = ORIENTED_EDGE('',*,*,#1129,.T.);
#1129 = EDGE_CURVE('',#1122,#1130,#1132,.T.);
#1130 = VERTEX_POINT('',#1131);
#1131 = CARTESIAN_POINT('',(3.05,2.647161,4.));
#1132 = LINE('',#1133,#1134);
#1133 = CARTESIAN_POINT('',(3.05,2.4235805,4.));
#1134 = VECTOR('',#1135,1.);
#1135 = DIRECTION('',(0.,-1.,0.));
#1136 = ORIENTED_EDGE('',*,*,#1137,.T.);
#1137 = EDGE_CURVE('',#1130,#1138,#1140,.T.);
#1138 = VERTEX_POINT('',#1139);
#1139 = CARTESIAN_POINT('',(2.8,2.647161,4.));
#1140 = LINE('',#1141,#1142);
#1141 = CARTESIAN_POINT('',(2.675,2.647161,4.));
#1142 = VECTOR('',#1143,1.);
#1143 = DIRECTION('',(-1.,0.,0.));
#1144 = ORIENTED_EDGE('',*,*,#1145,.T.);
#1145 = EDGE_CURVE('',#1138,#1146,#1148,.T.);
#1146 = VERTEX_POINT('',#1147);
#1147 = CARTESIAN_POINT('',(2.8,2.749724,4.));
#1148 = LINE('',#1149,#1150);
#1149 = CARTESIAN_POINT('',(2.8,2.5235805,4.));
#1150 = VECTOR('',#1151,1.);
#1151 = DIRECTION('',(0.,1.,0.));
#1152 = ORIENTED_EDGE('',*,*,#1153,.F.);
#1153 = EDGE_CURVE('',#1154,#1146,#1156,.T.);
#1154 = VERTEX_POINT('',#1155);
#1155 = CARTESIAN_POINT('',(2.25,2.749724,4.));
#1156 = LINE('',#1157,#1158);
#1157 = CARTESIAN_POINT('',(0.82,2.749724,4.));
#1158 = VECTOR('',#1159,1.);
#1159 = DIRECTION('',(1.,0.,0.));
#1160 = ORIENTED_EDGE('',*,*,#1161,.T.);
#1161 = EDGE_CURVE('',#1154,#1162,#1164,.T.);
#1162 = VERTEX_POINT('',#1163);
#1163 = CARTESIAN_POINT('',(2.25,2.647161,4.));
#1164 = LINE('',#1165,#1166);
#1165 = CARTESIAN_POINT('',(2.25,2.4235805,4.));
#1166 = VECTOR('',#1167,1.);
#1167 = DIRECTION('',(0.,-1.,0.));
#1168 = ORIENTED_EDGE('',*,*,#1169,.T.);
#1169 = EDGE_CURVE('',#1162,#1170,#1172,.T.);
#1170 = VERTEX_POINT('',#1171);
#1171 = CARTESIAN_POINT('',(2.,2.647161,4.));
#1172 = LINE('',#1173,#1174);
#1173 = CARTESIAN_POINT('',(2.275,2.647161,4.));
#1174 = VECTOR('',#1175,1.);
#1175 = DIRECTION('',(-1.,0.,0.));
#1176 = ORIENTED_EDGE('',*,*,#1177,.T.);
#1177 = EDGE_CURVE('',#1170,#1178,#1180,.T.);
#1178 = VERTEX_POINT('',#1179);
#1179 = CARTESIAN_POINT('',(2.,2.749724,4.));
#1180 = LINE('',#1181,#1182);
#1181 = CARTESIAN_POINT('',(2.,2.5235805,4.));
#1182 = VECTOR('',#1183,1.);
#1183 = DIRECTION('',(0.,1.,0.));
#1184 = ORIENTED_EDGE('',*,*,#1185,.F.);
#1185 = EDGE_CURVE('',#1186,#1178,#1188,.T.);
#1186 = VERTEX_POINT('',#1187);
#1187 = CARTESIAN_POINT('',(1.45,2.749724,4.));
#1188 = LINE('',#1189,#1190);
#1189 = CARTESIAN_POINT('',(0.82,2.749724,4.));
#1190 = VECTOR('',#1191,1.);
#1191 = DIRECTION('',(1.,0.,0.));
#1192 = ORIENTED_EDGE('',*,*,#1193,.T.);
#1193 = EDGE_CURVE('',#1186,#1194,#1196,.T.);
#1194 = VERTEX_POINT('',#1195);
#1195 = CARTESIAN_POINT('',(1.45,2.647161,4.));
#1196 = LINE('',#1197,#1198);
#1197 = CARTESIAN_POINT('',(1.45,2.4235805,4.));
#1198 = VECTOR('',#1199,1.);
#1199 = DIRECTION('',(0.,-1.,0.));
#1200 = ORIENTED_EDGE('',*,*,#1201,.T.);
#1201 = EDGE_CURVE('',#1194,#1202,#1204,.T.);
#1202 = VERTEX_POINT('',#1203);
#1203 = CARTESIAN_POINT('',(1.2,2.647161,4.));
#1204 = LINE('',#1205,#1206);
#1205 = CARTESIAN_POINT('',(1.875,2.647161,4.));
#1206 = VECTOR('',#1207,1.);
#1207 = DIRECTION('',(-1.,0.,0.));
#1208 = ORIENTED_EDGE('',*,*,#1209,.T.);
#1209 = EDGE_CURVE('',#1202,#1210,#1212,.T.);
#1210 = VERTEX_POINT('',#1211);
#1211 = CARTESIAN_POINT('',(1.2,2.749724,4.));
#1212 = LINE('',#1213,#1214);
#1213 = CARTESIAN_POINT('',(1.2,2.5235805,4.));
#1214 = VECTOR('',#1215,1.);
#1215 = DIRECTION('',(0.,1.,0.));
#1216 = ORIENTED_EDGE('',*,*,#1217,.F.);
#1217 = EDGE_CURVE('',#938,#1210,#1218,.T.);
#1218 = LINE('',#1219,#1220);
#1219 = CARTESIAN_POINT('',(0.82,2.749724,4.));
#1220 = VECTOR('',#1221,1.);
#1221 = DIRECTION('',(1.,0.,0.));
#1222 = PLANE('',#1223);
#1223 = AXIS2_PLACEMENT_3D('',#1224,#1225,#1226);
#1224 = CARTESIAN_POINT('',(2.55,2.2,4.));
#1225 = DIRECTION('',(0.,0.,1.));
#1226 = DIRECTION('',(1.,0.,0.));
#1227 = ADVANCED_FACE('',(#1228),#1239,.T.);
#1228 = FACE_BOUND('',#1229,.T.);
#1229 = EDGE_LOOP('',(#1230,#1231,#1232,#1233));
#1230 = ORIENTED_EDGE('',*,*,#251,.T.);
#1231 = ORIENTED_EDGE('',*,*,#142,.T.);
#1232 = ORIENTED_EDGE('',*,*,#637,.F.);
#1233 = ORIENTED_EDGE('',*,*,#1234,.F.);
#1234 = EDGE_CURVE('',#252,#630,#1235,.T.);
#1235 = LINE('',#1236,#1237);
#1236 = CARTESIAN_POINT('',(0.,4.4,3.));
#1237 = VECTOR('',#1238,1.);
#1238 = DIRECTION('',(0.,0.,1.));
#1239 = PLANE('',#1240);
#1240 = AXIS2_PLACEMENT_3D('',#1241,#1242,#1243);
#1241 = CARTESIAN_POINT('',(0.,2.2,2.));
#1242 = DIRECTION('',(-1.,-0.,-0.));
#1243 = DIRECTION('',(0.,0.,-1.));
#1244 = ADVANCED_FACE('',(#1245),#1256,.T.);
#1245 = FACE_BOUND('',#1246,.T.);
#1246 = EDGE_LOOP('',(#1247,#1248,#1254,#1255));
#1247 = ORIENTED_EDGE('',*,*,#228,.T.);
#1248 = ORIENTED_EDGE('',*,*,#1249,.T.);
#1249 = EDGE_CURVE('',#221,#159,#1250,.T.);
#1250 = LINE('',#1251,#1252);
#1251 = CARTESIAN_POINT('',(3.85,1.2,-0.1));
#1252 = VECTOR('',#1253,1.);
#1253 = DIRECTION('',(-1.,0.,0.));
#1254 = ORIENTED_EDGE('',*,*,#156,.F.);
#1255 = ORIENTED_EDGE('',*,*,#330,.F.);
#1256 = PLANE('',#1257);
#1257 = AXIS2_PLACEMENT_3D('',#1258,#1259,#1260);
#1258 = CARTESIAN_POINT('',(3.85,1.2,0.));
#1259 = DIRECTION('',(0.,1.,0.));
#1260 = DIRECTION('',(-1.,0.,0.));
#1261 = ADVANCED_FACE('',(#1262),#1268,.F.);
#1262 = FACE_BOUND('',#1263,.F.);
#1263 = EDGE_LOOP('',(#1264,#1265,#1266,#1267));
#1264 = ORIENTED_EDGE('',*,*,#166,.T.);
#1265 = ORIENTED_EDGE('',*,*,#196,.T.);
#1266 = ORIENTED_EDGE('',*,*,#220,.T.);
#1267 = ORIENTED_EDGE('',*,*,#1249,.T.);
#1268 = PLANE('',#1269);
#1269 = AXIS2_PLACEMENT_3D('',#1270,#1271,#1272);
#1270 = CARTESIAN_POINT('',(2.525,2.2,-0.1));
#1271 = DIRECTION('',(0.,0.,1.));
#1272 = DIRECTION('',(1.,0.,0.));
#1273 = ADVANCED_FACE('',(#1274),#1300,.T.);
#1274 = FACE_BOUND('',#1275,.T.);
#1275 = EDGE_LOOP('',(#1276,#1284,#1292,#1298,#1299));
#1276 = ORIENTED_EDGE('',*,*,#1277,.T.);
#1277 = EDGE_CURVE('',#261,#1278,#1280,.T.);
#1278 = VERTEX_POINT('',#1279);
#1279 = CARTESIAN_POINT('',(1.2,1.2,-0.1));
#1280 = LINE('',#1281,#1282);
#1281 = CARTESIAN_POINT('',(1.2,1.2,0.));
#1282 = VECTOR('',#1283,1.);
#1283 = DIRECTION('',(-0.,-0.,-1.));
#1284 = ORIENTED_EDGE('',*,*,#1285,.T.);
#1285 = EDGE_CURVE('',#1278,#1286,#1288,.T.);
#1286 = VERTEX_POINT('',#1287);
#1287 = CARTESIAN_POINT('',(1.2,-0.6,-0.1));
#1288 = LINE('',#1289,#1290);
#1289 = CARTESIAN_POINT('',(1.2,1.2,-0.1));
#1290 = VECTOR('',#1291,1.);
#1291 = DIRECTION('',(0.,-1.,0.));
#1292 = ORIENTED_EDGE('',*,*,#1293,.F.);
#1293 = EDGE_CURVE('',#512,#1286,#1294,.T.);
#1294 = LINE('',#1295,#1296);
#1295 = CARTESIAN_POINT('',(1.2,-0.6,0.));
#1296 = VECTOR('',#1297,1.);
#1297 = DIRECTION('',(-0.,-0.,-1.));
#1298 = ORIENTED_EDGE('',*,*,#511,.F.);
#1299 = ORIENTED_EDGE('',*,*,#260,.F.);
#1300 = PLANE('',#1301);
#1301 = AXIS2_PLACEMENT_3D('',#1302,#1303,#1304);
#1302 = CARTESIAN_POINT('',(1.2,1.2,0.));
#1303 = DIRECTION('',(-1.,0.,0.));
#1304 = DIRECTION('',(0.,-1.,0.));
#1305 = ADVANCED_FACE('',(#1306),#1324,.T.);
#1306 = FACE_BOUND('',#1307,.T.);
#1307 = EDGE_LOOP('',(#1308,#1316,#1322,#1323));
#1308 = ORIENTED_EDGE('',*,*,#1309,.T.);
#1309 = EDGE_CURVE('',#269,#1310,#1312,.T.);
#1310 = VERTEX_POINT('',#1311);
#1311 = CARTESIAN_POINT('',(1.45,1.2,-0.1));
#1312 = LINE('',#1313,#1314);
#1313 = CARTESIAN_POINT('',(1.45,1.2,0.));
#1314 = VECTOR('',#1315,1.);
#1315 = DIRECTION('',(-0.,-0.,-1.));
#1316 = ORIENTED_EDGE('',*,*,#1317,.T.);
#1317 = EDGE_CURVE('',#1310,#1278,#1318,.T.);
#1318 = LINE('',#1319,#1320);
#1319 = CARTESIAN_POINT('',(1.45,1.2,-0.1));
#1320 = VECTOR('',#1321,1.);
#1321 = DIRECTION('',(-1.,0.,0.));
#1322 = ORIENTED_EDGE('',*,*,#1277,.F.);
#1323 = ORIENTED_EDGE('',*,*,#268,.F.);
#1324 = PLANE('',#1325);
#1325 = AXIS2_PLACEMENT_3D('',#1326,#1327,#1328);
#1326 = CARTESIAN_POINT('',(1.45,1.2,0.));
#1327 = DIRECTION('',(0.,1.,0.));
#1328 = DIRECTION('',(-1.,0.,0.));
#1329 = ADVANCED_FACE('',(#1330),#1349,.T.);
#1330 = FACE_BOUND('',#1331,.T.);
#1331 = EDGE_LOOP('',(#1332,#1340,#1346,#1347,#1348));
#1332 = ORIENTED_EDGE('',*,*,#1333,.T.);
#1333 = EDGE_CURVE('',#520,#1334,#1336,.T.);
#1334 = VERTEX_POINT('',#1335);
#1335 = CARTESIAN_POINT('',(1.45,-0.6,-0.1));
#1336 = LINE('',#1337,#1338);
#1337 = CARTESIAN_POINT('',(1.45,-0.6,0.));
#1338 = VECTOR('',#1339,1.);
#1339 = DIRECTION('',(-0.,-0.,-1.));
#1340 = ORIENTED_EDGE('',*,*,#1341,.T.);
#1341 = EDGE_CURVE('',#1334,#1310,#1342,.T.);
#1342 = LINE('',#1343,#1344);
#1343 = CARTESIAN_POINT('',(1.45,-0.6,-0.1));
#1344 = VECTOR('',#1345,1.);
#1345 = DIRECTION('',(0.,1.,0.));
#1346 = ORIENTED_EDGE('',*,*,#1309,.F.);
#1347 = ORIENTED_EDGE('',*,*,#276,.F.);
#1348 = ORIENTED_EDGE('',*,*,#527,.F.);
#1349 = PLANE('',#1350);
#1350 = AXIS2_PLACEMENT_3D('',#1351,#1352,#1353);
#1351 = CARTESIAN_POINT('',(1.45,-0.6,0.));
#1352 = DIRECTION('',(1.,0.,0.));
#1353 = DIRECTION('',(0.,1.,0.));
#1354 = ADVANCED_FACE('',(#1355),#1381,.T.);
#1355 = FACE_BOUND('',#1356,.T.);
#1356 = EDGE_LOOP('',(#1357,#1365,#1373,#1379,#1380));
#1357 = ORIENTED_EDGE('',*,*,#1358,.T.);
#1358 = EDGE_CURVE('',#284,#1359,#1361,.T.);
#1359 = VERTEX_POINT('',#1360);
#1360 = CARTESIAN_POINT('',(2.,1.2,-0.1));
#1361 = LINE('',#1362,#1363);
#1362 = CARTESIAN_POINT('',(2.,1.2,0.));
#1363 = VECTOR('',#1364,1.);
#1364 = DIRECTION('',(-0.,-0.,-1.));
#1365 = ORIENTED_EDGE('',*,*,#1366,.T.);
#1366 = EDGE_CURVE('',#1359,#1367,#1369,.T.);
#1367 = VERTEX_POINT('',#1368);
#1368 = CARTESIAN_POINT('',(2.,-0.6,-0.1));
#1369 = LINE('',#1370,#1371);
#1370 = CARTESIAN_POINT('',(2.,1.2,-0.1));
#1371 = VECTOR('',#1372,1.);
#1372 = DIRECTION('',(0.,-1.,0.));
#1373 = ORIENTED_EDGE('',*,*,#1374,.F.);
#1374 = EDGE_CURVE('',#543,#1367,#1375,.T.);
#1375 = LINE('',#1376,#1377);
#1376 = CARTESIAN_POINT('',(2.,-0.6,0.));
#1377 = VECTOR('',#1378,1.);
#1378 = DIRECTION('',(-0.,-0.,-1.));
#1379 = ORIENTED_EDGE('',*,*,#542,.F.);
#1380 = ORIENTED_EDGE('',*,*,#283,.F.);
#1381 = PLANE('',#1382);
#1382 = AXIS2_PLACEMENT_3D('',#1383,#1384,#1385);
#1383 = CARTESIAN_POINT('',(2.,1.2,0.));
#1384 = DIRECTION('',(-1.,0.,0.));
#1385 = DIRECTION('',(0.,-1.,0.));
#1386 = ADVANCED_FACE('',(#1387),#1405,.T.);
#1387 = FACE_BOUND('',#1388,.T.);
#1388 = EDGE_LOOP('',(#1389,#1397,#1403,#1404));
#1389 = ORIENTED_EDGE('',*,*,#1390,.T.);
#1390 = EDGE_CURVE('',#292,#1391,#1393,.T.);
#1391 = VERTEX_POINT('',#1392);
#1392 = CARTESIAN_POINT('',(2.25,1.2,-0.1));
#1393 = LINE('',#1394,#1395);
#1394 = CARTESIAN_POINT('',(2.25,1.2,0.));
#1395 = VECTOR('',#1396,1.);
#1396 = DIRECTION('',(-0.,-0.,-1.));
#1397 = ORIENTED_EDGE('',*,*,#1398,.T.);
#1398 = EDGE_CURVE('',#1391,#1359,#1399,.T.);
#1399 = LINE('',#1400,#1401);
#1400 = CARTESIAN_POINT('',(2.25,1.2,-0.1));
#1401 = VECTOR('',#1402,1.);
#1402 = DIRECTION('',(-1.,0.,0.));
#1403 = ORIENTED_EDGE('',*,*,#1358,.F.);
#1404 = ORIENTED_EDGE('',*,*,#291,.F.);
#1405 = PLANE('',#1406);
#1406 = AXIS2_PLACEMENT_3D('',#1407,#1408,#1409);
#1407 = CARTESIAN_POINT('',(2.25,1.2,0.));
#1408 = DIRECTION('',(0.,1.,0.));
#1409 = DIRECTION('',(-1.,0.,0.));
#1410 = ADVANCED_FACE('',(#1411),#1430,.T.);
#1411 = FACE_BOUND('',#1412,.T.);
#1412 = EDGE_LOOP('',(#1413,#1421,#1427,#1428,#1429));
#1413 = ORIENTED_EDGE('',*,*,#1414,.T.);
#1414 = EDGE_CURVE('',#551,#1415,#1417,.T.);
#1415 = VERTEX_POINT('',#1416);
#1416 = CARTESIAN_POINT('',(2.25,-0.6,-0.1));
#1417 = LINE('',#1418,#1419);
#1418 = CARTESIAN_POINT('',(2.25,-0.6,0.));
#1419 = VECTOR('',#1420,1.);
#1420 = DIRECTION('',(-0.,-0.,-1.));
#1421 = ORIENTED_EDGE('',*,*,#1422,.T.);
#1422 = EDGE_CURVE('',#1415,#1391,#1423,.T.);
#1423 = LINE('',#1424,#1425);
#1424 = CARTESIAN_POINT('',(2.25,-0.6,-0.1));
#1425 = VECTOR('',#1426,1.);
#1426 = DIRECTION('',(0.,1.,0.));
#1427 = ORIENTED_EDGE('',*,*,#1390,.F.);
#1428 = ORIENTED_EDGE('',*,*,#299,.F.);
#1429 = ORIENTED_EDGE('',*,*,#558,.F.);
#1430 = PLANE('',#1431);
#1431 = AXIS2_PLACEMENT_3D('',#1432,#1433,#1434);
#1432 = CARTESIAN_POINT('',(2.25,-0.6,0.));
#1433 = DIRECTION('',(1.,0.,0.));
#1434 = DIRECTION('',(0.,1.,0.));
#1435 = ADVANCED_FACE('',(#1436),#1462,.T.);
#1436 = FACE_BOUND('',#1437,.T.);
#1437 = EDGE_LOOP('',(#1438,#1446,#1454,#1460,#1461));
#1438 = ORIENTED_EDGE('',*,*,#1439,.T.);
#1439 = EDGE_CURVE('',#307,#1440,#1442,.T.);
#1440 = VERTEX_POINT('',#1441);
#1441 = CARTESIAN_POINT('',(2.8,1.2,-0.1));
#1442 = LINE('',#1443,#1444);
#1443 = CARTESIAN_POINT('',(2.8,1.2,0.));
#1444 = VECTOR('',#1445,1.);
#1445 = DIRECTION('',(-0.,-0.,-1.));
#1446 = ORIENTED_EDGE('',*,*,#1447,.T.);
#1447 = EDGE_CURVE('',#1440,#1448,#1450,.T.);
#1448 = VERTEX_POINT('',#1449);
#1449 = CARTESIAN_POINT('',(2.8,-0.6,-0.1));
#1450 = LINE('',#1451,#1452);
#1451 = CARTESIAN_POINT('',(2.8,1.2,-0.1));
#1452 = VECTOR('',#1453,1.);
#1453 = DIRECTION('',(0.,-1.,0.));
#1454 = ORIENTED_EDGE('',*,*,#1455,.F.);
#1455 = EDGE_CURVE('',#574,#1448,#1456,.T.);
#1456 = LINE('',#1457,#1458);
#1457 = CARTESIAN_POINT('',(2.8,-0.6,0.));
#1458 = VECTOR('',#1459,1.);
#1459 = DIRECTION('',(-0.,-0.,-1.));
#1460 = ORIENTED_EDGE('',*,*,#573,.F.);
#1461 = ORIENTED_EDGE('',*,*,#306,.F.);
#1462 = PLANE('',#1463);
#1463 = AXIS2_PLACEMENT_3D('',#1464,#1465,#1466);
#1464 = CARTESIAN_POINT('',(2.8,1.2,0.));
#1465 = DIRECTION('',(-1.,0.,0.));
#1466 = DIRECTION('',(0.,-1.,0.));
#1467 = ADVANCED_FACE('',(#1468),#1486,.T.);
#1468 = FACE_BOUND('',#1469,.T.);
#1469 = EDGE_LOOP('',(#1470,#1478,#1484,#1485));
#1470 = ORIENTED_EDGE('',*,*,#1471,.T.);
#1471 = EDGE_CURVE('',#315,#1472,#1474,.T.);
#1472 = VERTEX_POINT('',#1473);
#1473 = CARTESIAN_POINT('',(3.05,1.2,-0.1));
#1474 = LINE('',#1475,#1476);
#1475 = CARTESIAN_POINT('',(3.05,1.2,0.));
#1476 = VECTOR('',#1477,1.);
#1477 = DIRECTION('',(-0.,-0.,-1.));
#1478 = ORIENTED_EDGE('',*,*,#1479,.T.);
#1479 = EDGE_CURVE('',#1472,#1440,#1480,.T.);
#1480 = LINE('',#1481,#1482);
#1481 = CARTESIAN_POINT('',(3.05,1.2,-0.1));
#1482 = VECTOR('',#1483,1.);
#1483 = DIRECTION('',(-1.,0.,0.));
#1484 = ORIENTED_EDGE('',*,*,#1439,.F.);
#1485 = ORIENTED_EDGE('',*,*,#314,.F.);
#1486 = PLANE('',#1487);
#1487 = AXIS2_PLACEMENT_3D('',#1488,#1489,#1490);
#1488 = CARTESIAN_POINT('',(3.05,1.2,0.));
#1489 = DIRECTION('',(0.,1.,0.));
#1490 = DIRECTION('',(-1.,0.,0.));
#1491 = ADVANCED_FACE('',(#1492),#1511,.T.);
#1492 = FACE_BOUND('',#1493,.T.);
#1493 = EDGE_LOOP('',(#1494,#1502,#1508,#1509,#1510));
#1494 = ORIENTED_EDGE('',*,*,#1495,.T.);
#1495 = EDGE_CURVE('',#582,#1496,#1498,.T.);
#1496 = VERTEX_POINT('',#1497);
#1497 = CARTESIAN_POINT('',(3.05,-0.6,-0.1));
#1498 = LINE('',#1499,#1500);
#1499 = CARTESIAN_POINT('',(3.05,-0.6,0.));
#1500 = VECTOR('',#1501,1.);
#1501 = DIRECTION('',(-0.,-0.,-1.));
#1502 = ORIENTED_EDGE('',*,*,#1503,.T.);
#1503 = EDGE_CURVE('',#1496,#1472,#1504,.T.);
#1504 = LINE('',#1505,#1506);
#1505 = CARTESIAN_POINT('',(3.05,-0.6,-0.1));
#1506 = VECTOR('',#1507,1.);
#1507 = DIRECTION('',(0.,1.,0.));
#1508 = ORIENTED_EDGE('',*,*,#1471,.F.);
#1509 = ORIENTED_EDGE('',*,*,#322,.F.);
#1510 = ORIENTED_EDGE('',*,*,#589,.F.);
#1511 = PLANE('',#1512);
#1512 = AXIS2_PLACEMENT_3D('',#1513,#1514,#1515);
#1513 = CARTESIAN_POINT('',(3.05,-0.6,0.));
#1514 = DIRECTION('',(1.,0.,0.));
#1515 = DIRECTION('',(0.,1.,0.));
#1516 = ADVANCED_FACE('',(#1517),#1551,.T.);
#1517 = FACE_BOUND('',#1518,.T.);
#1518 = EDGE_LOOP('',(#1519,#1520,#1521,#1527,#1528,#1534,#1535,#1541,
    #1542,#1548,#1549,#1550));
#1519 = ORIENTED_EDGE('',*,*,#605,.F.);
#1520 = ORIENTED_EDGE('',*,*,#346,.T.);
#1521 = ORIENTED_EDGE('',*,*,#1522,.T.);
#1522 = EDGE_CURVE('',#347,#371,#1523,.T.);
#1523 = LINE('',#1524,#1525);
#1524 = CARTESIAN_POINT('',(5.1,4.4,0.));
#1525 = VECTOR('',#1526,1.);
#1526 = DIRECTION('',(-1.,0.,0.));
#1527 = ORIENTED_EDGE('',*,*,#378,.T.);
#1528 = ORIENTED_EDGE('',*,*,#1529,.T.);
#1529 = EDGE_CURVE('',#379,#403,#1530,.T.);
#1530 = LINE('',#1531,#1532);
#1531 = CARTESIAN_POINT('',(5.1,4.4,0.));
#1532 = VECTOR('',#1533,1.);
#1533 = DIRECTION('',(-1.,0.,0.));
#1534 = ORIENTED_EDGE('',*,*,#410,.T.);
#1535 = ORIENTED_EDGE('',*,*,#1536,.T.);
#1536 = EDGE_CURVE('',#411,#435,#1537,.T.);
#1537 = LINE('',#1538,#1539);
#1538 = CARTESIAN_POINT('',(5.1,4.4,0.));
#1539 = VECTOR('',#1540,1.);
#1540 = DIRECTION('',(-1.,0.,0.));
#1541 = ORIENTED_EDGE('',*,*,#442,.T.);
#1542 = ORIENTED_EDGE('',*,*,#1543,.T.);
#1543 = EDGE_CURVE('',#443,#467,#1544,.T.);
#1544 = LINE('',#1545,#1546);
#1545 = CARTESIAN_POINT('',(5.1,4.4,0.));
#1546 = VECTOR('',#1547,1.);
#1547 = DIRECTION('',(-1.,0.,0.));
#1548 = ORIENTED_EDGE('',*,*,#474,.T.);
#1549 = ORIENTED_EDGE('',*,*,#1234,.T.);
#1550 = ORIENTED_EDGE('',*,*,#629,.F.);
#1551 = PLANE('',#1552);
#1552 = AXIS2_PLACEMENT_3D('',#1553,#1554,#1555);
#1553 = CARTESIAN_POINT('',(2.55,4.4,2.));
#1554 = DIRECTION('',(0.,1.,0.));
#1555 = DIRECTION('',(0.,0.,1.));
#1556 = ADVANCED_FACE('',(#1557),#1590,.T.);
#1557 = FACE_BOUND('',#1558,.T.);
#1558 = EDGE_LOOP('',(#1559,#1567,#1575,#1583,#1589));
#1559 = ORIENTED_EDGE('',*,*,#1560,.T.);
#1560 = EDGE_CURVE('',#355,#1561,#1563,.T.);
#1561 = VERTEX_POINT('',#1562);
#1562 = CARTESIAN_POINT('',(3.85,3.2,-0.1));
#1563 = LINE('',#1564,#1565);
#1564 = CARTESIAN_POINT('',(3.85,3.2,0.));
#1565 = VECTOR('',#1566,1.);
#1566 = DIRECTION('',(-0.,-0.,-1.));
#1567 = ORIENTED_EDGE('',*,*,#1568,.T.);
#1568 = EDGE_CURVE('',#1561,#1569,#1571,.T.);
#1569 = VERTEX_POINT('',#1570);
#1570 = CARTESIAN_POINT('',(3.85,5.,-0.1));
#1571 = LINE('',#1572,#1573);
#1572 = CARTESIAN_POINT('',(3.85,3.2,-0.1));
#1573 = VECTOR('',#1574,1.);
#1574 = DIRECTION('',(0.,1.,0.));
#1575 = ORIENTED_EDGE('',*,*,#1576,.F.);
#1576 = EDGE_CURVE('',#1577,#1569,#1579,.T.);
#1577 = VERTEX_POINT('',#1578);
#1578 = CARTESIAN_POINT('',(3.85,5.,0.));
#1579 = LINE('',#1580,#1581);
#1580 = CARTESIAN_POINT('',(3.85,5.,0.));
#1581 = VECTOR('',#1582,1.);
#1582 = DIRECTION('',(-0.,-0.,-1.));
#1583 = ORIENTED_EDGE('',*,*,#1584,.F.);
#1584 = EDGE_CURVE('',#347,#1577,#1585,.T.);
#1585 = LINE('',#1586,#1587);
#1586 = CARTESIAN_POINT('',(3.85,3.2,0.));
#1587 = VECTOR('',#1588,1.);
#1588 = DIRECTION('',(0.,1.,0.));
#1589 = ORIENTED_EDGE('',*,*,#354,.F.);
#1590 = PLANE('',#1591);
#1591 = AXIS2_PLACEMENT_3D('',#1592,#1593,#1594);
#1592 = CARTESIAN_POINT('',(3.85,3.2,0.));
#1593 = DIRECTION('',(1.,0.,0.));
#1594 = DIRECTION('',(0.,1.,0.));
#1595 = ADVANCED_FACE('',(#1596),#1614,.T.);
#1596 = FACE_BOUND('',#1597,.T.);
#1597 = EDGE_LOOP('',(#1598,#1606,#1612,#1613));
#1598 = ORIENTED_EDGE('',*,*,#1599,.T.);
#1599 = EDGE_CURVE('',#363,#1600,#1602,.T.);
#1600 = VERTEX_POINT('',#1601);
#1601 = CARTESIAN_POINT('',(3.6,3.2,-0.1));
#1602 = LINE('',#1603,#1604);
#1603 = CARTESIAN_POINT('',(3.6,3.2,0.));
#1604 = VECTOR('',#1605,1.);
#1605 = DIRECTION('',(-0.,-0.,-1.));
#1606 = ORIENTED_EDGE('',*,*,#1607,.T.);
#1607 = EDGE_CURVE('',#1600,#1561,#1608,.T.);
#1608 = LINE('',#1609,#1610);
#1609 = CARTESIAN_POINT('',(3.6,3.2,-0.1));
#1610 = VECTOR('',#1611,1.);
#1611 = DIRECTION('',(1.,0.,0.));
#1612 = ORIENTED_EDGE('',*,*,#1560,.F.);
#1613 = ORIENTED_EDGE('',*,*,#362,.F.);
#1614 = PLANE('',#1615);
#1615 = AXIS2_PLACEMENT_3D('',#1616,#1617,#1618);
#1616 = CARTESIAN_POINT('',(3.6,3.2,0.));
#1617 = DIRECTION('',(0.,-1.,0.));
#1618 = DIRECTION('',(1.,0.,0.));
#1619 = ADVANCED_FACE('',(#1620),#1646,.T.);
#1620 = FACE_BOUND('',#1621,.T.);
#1621 = EDGE_LOOP('',(#1622,#1632,#1638,#1639,#1640));
#1622 = ORIENTED_EDGE('',*,*,#1623,.T.);
#1623 = EDGE_CURVE('',#1624,#1626,#1628,.T.);
#1624 = VERTEX_POINT('',#1625);
#1625 = CARTESIAN_POINT('',(3.6,5.,0.));
#1626 = VERTEX_POINT('',#1627);
#1627 = CARTESIAN_POINT('',(3.6,5.,-0.1));
#1628 = LINE('',#1629,#1630);
#1629 = CARTESIAN_POINT('',(3.6,5.,0.));
#1630 = VECTOR('',#1631,1.);
#1631 = DIRECTION('',(-0.,-0.,-1.));
#1632 = ORIENTED_EDGE('',*,*,#1633,.T.);
#1633 = EDGE_CURVE('',#1626,#1600,#1634,.T.);
#1634 = LINE('',#1635,#1636);
#1635 = CARTESIAN_POINT('',(3.6,5.,-0.1));
#1636 = VECTOR('',#1637,1.);
#1637 = DIRECTION('',(0.,-1.,0.));
#1638 = ORIENTED_EDGE('',*,*,#1599,.F.);
#1639 = ORIENTED_EDGE('',*,*,#370,.F.);
#1640 = ORIENTED_EDGE('',*,*,#1641,.F.);
#1641 = EDGE_CURVE('',#1624,#371,#1642,.T.);
#1642 = LINE('',#1643,#1644);
#1643 = CARTESIAN_POINT('',(3.6,5.,0.));
#1644 = VECTOR('',#1645,1.);
#1645 = DIRECTION('',(0.,-1.,0.));
#1646 = PLANE('',#1647);
#1647 = AXIS2_PLACEMENT_3D('',#1648,#1649,#1650);
#1648 = CARTESIAN_POINT('',(3.6,5.,0.));
#1649 = DIRECTION('',(-1.,0.,0.));
#1650 = DIRECTION('',(0.,-1.,0.));
#1651 = ADVANCED_FACE('',(#1652),#1685,.T.);
#1652 = FACE_BOUND('',#1653,.T.);
#1653 = EDGE_LOOP('',(#1654,#1662,#1670,#1678,#1684));
#1654 = ORIENTED_EDGE('',*,*,#1655,.T.);
#1655 = EDGE_CURVE('',#387,#1656,#1658,.T.);
#1656 = VERTEX_POINT('',#1657);
#1657 = CARTESIAN_POINT('',(3.05,3.2,-0.1));
#1658 = LINE('',#1659,#1660);
#1659 = CARTESIAN_POINT('',(3.05,3.2,0.));
#1660 = VECTOR('',#1661,1.);
#1661 = DIRECTION('',(-0.,-0.,-1.));
#1662 = ORIENTED_EDGE('',*,*,#1663,.T.);
#1663 = EDGE_CURVE('',#1656,#1664,#1666,.T.);
#1664 = VERTEX_POINT('',#1665);
#1665 = CARTESIAN_POINT('',(3.05,5.,-0.1));
#1666 = LINE('',#1667,#1668);
#1667 = CARTESIAN_POINT('',(3.05,3.2,-0.1));
#1668 = VECTOR('',#1669,1.);
#1669 = DIRECTION('',(0.,1.,0.));
#1670 = ORIENTED_EDGE('',*,*,#1671,.F.);
#1671 = EDGE_CURVE('',#1672,#1664,#1674,.T.);
#1672 = VERTEX_POINT('',#1673);
#1673 = CARTESIAN_POINT('',(3.05,5.,0.));
#1674 = LINE('',#1675,#1676);
#1675 = CARTESIAN_POINT('',(3.05,5.,0.));
#1676 = VECTOR('',#1677,1.);
#1677 = DIRECTION('',(-0.,-0.,-1.));
#1678 = ORIENTED_EDGE('',*,*,#1679,.F.);
#1679 = EDGE_CURVE('',#379,#1672,#1680,.T.);
#1680 = LINE('',#1681,#1682);
#1681 = CARTESIAN_POINT('',(3.05,3.2,0.));
#1682 = VECTOR('',#1683,1.);
#1683 = DIRECTION('',(0.,1.,0.));
#1684 = ORIENTED_EDGE('',*,*,#386,.F.);
#1685 = PLANE('',#1686);
#1686 = AXIS2_PLACEMENT_3D('',#1687,#1688,#1689);
#1687 = CARTESIAN_POINT('',(3.05,3.2,0.));
#1688 = DIRECTION('',(1.,0.,0.));
#1689 = DIRECTION('',(0.,1.,0.));
#1690 = ADVANCED_FACE('',(#1691),#1709,.T.);
#1691 = FACE_BOUND('',#1692,.T.);
#1692 = EDGE_LOOP('',(#1693,#1701,#1707,#1708));
#1693 = ORIENTED_EDGE('',*,*,#1694,.T.);
#1694 = EDGE_CURVE('',#395,#1695,#1697,.T.);
#1695 = VERTEX_POINT('',#1696);
#1696 = CARTESIAN_POINT('',(2.8,3.2,-0.1));
#1697 = LINE('',#1698,#1699);
#1698 = CARTESIAN_POINT('',(2.8,3.2,0.));
#1699 = VECTOR('',#1700,1.);
#1700 = DIRECTION('',(-0.,-0.,-1.));
#1701 = ORIENTED_EDGE('',*,*,#1702,.T.);
#1702 = EDGE_CURVE('',#1695,#1656,#1703,.T.);
#1703 = LINE('',#1704,#1705);
#1704 = CARTESIAN_POINT('',(2.8,3.2,-0.1));
#1705 = VECTOR('',#1706,1.);
#1706 = DIRECTION('',(1.,0.,0.));
#1707 = ORIENTED_EDGE('',*,*,#1655,.F.);
#1708 = ORIENTED_EDGE('',*,*,#394,.F.);
#1709 = PLANE('',#1710);
#1710 = AXIS2_PLACEMENT_3D('',#1711,#1712,#1713);
#1711 = CARTESIAN_POINT('',(2.8,3.2,0.));
#1712 = DIRECTION('',(0.,-1.,0.));
#1713 = DIRECTION('',(1.,0.,0.));
#1714 = ADVANCED_FACE('',(#1715),#1741,.T.);
#1715 = FACE_BOUND('',#1716,.T.);
#1716 = EDGE_LOOP('',(#1717,#1727,#1733,#1734,#1735));
#1717 = ORIENTED_EDGE('',*,*,#1718,.T.);
#1718 = EDGE_CURVE('',#1719,#1721,#1723,.T.);
#1719 = VERTEX_POINT('',#1720);
#1720 = CARTESIAN_POINT('',(2.8,5.,0.));
#1721 = VERTEX_POINT('',#1722);
#1722 = CARTESIAN_POINT('',(2.8,5.,-0.1));
#1723 = LINE('',#1724,#1725);
#1724 = CARTESIAN_POINT('',(2.8,5.,0.));
#1725 = VECTOR('',#1726,1.);
#1726 = DIRECTION('',(-0.,-0.,-1.));
#1727 = ORIENTED_EDGE('',*,*,#1728,.T.);
#1728 = EDGE_CURVE('',#1721,#1695,#1729,.T.);
#1729 = LINE('',#1730,#1731);
#1730 = CARTESIAN_POINT('',(2.8,5.,-0.1));
#1731 = VECTOR('',#1732,1.);
#1732 = DIRECTION('',(0.,-1.,0.));
#1733 = ORIENTED_EDGE('',*,*,#1694,.F.);
#1734 = ORIENTED_EDGE('',*,*,#402,.F.);
#1735 = ORIENTED_EDGE('',*,*,#1736,.F.);
#1736 = EDGE_CURVE('',#1719,#403,#1737,.T.);
#1737 = LINE('',#1738,#1739);
#1738 = CARTESIAN_POINT('',(2.8,5.,0.));
#1739 = VECTOR('',#1740,1.);
#1740 = DIRECTION('',(0.,-1.,0.));
#1741 = PLANE('',#1742);
#1742 = AXIS2_PLACEMENT_3D('',#1743,#1744,#1745);
#1743 = CARTESIAN_POINT('',(2.8,5.,0.));
#1744 = DIRECTION('',(-1.,0.,0.));
#1745 = DIRECTION('',(0.,-1.,0.));
#1746 = ADVANCED_FACE('',(#1747),#1780,.T.);
#1747 = FACE_BOUND('',#1748,.T.);
#1748 = EDGE_LOOP('',(#1749,#1757,#1765,#1773,#1779));
#1749 = ORIENTED_EDGE('',*,*,#1750,.T.);
#1750 = EDGE_CURVE('',#419,#1751,#1753,.T.);
#1751 = VERTEX_POINT('',#1752);
#1752 = CARTESIAN_POINT('',(2.25,3.2,-0.1));
#1753 = LINE('',#1754,#1755);
#1754 = CARTESIAN_POINT('',(2.25,3.2,0.));
#1755 = VECTOR('',#1756,1.);
#1756 = DIRECTION('',(-0.,-0.,-1.));
#1757 = ORIENTED_EDGE('',*,*,#1758,.T.);
#1758 = EDGE_CURVE('',#1751,#1759,#1761,.T.);
#1759 = VERTEX_POINT('',#1760);
#1760 = CARTESIAN_POINT('',(2.25,5.,-0.1));
#1761 = LINE('',#1762,#1763);
#1762 = CARTESIAN_POINT('',(2.25,3.2,-0.1));
#1763 = VECTOR('',#1764,1.);
#1764 = DIRECTION('',(0.,1.,0.));
#1765 = ORIENTED_EDGE('',*,*,#1766,.F.);
#1766 = EDGE_CURVE('',#1767,#1759,#1769,.T.);
#1767 = VERTEX_POINT('',#1768);
#1768 = CARTESIAN_POINT('',(2.25,5.,0.));
#1769 = LINE('',#1770,#1771);
#1770 = CARTESIAN_POINT('',(2.25,5.,0.));
#1771 = VECTOR('',#1772,1.);
#1772 = DIRECTION('',(-0.,-0.,-1.));
#1773 = ORIENTED_EDGE('',*,*,#1774,.F.);
#1774 = EDGE_CURVE('',#411,#1767,#1775,.T.);
#1775 = LINE('',#1776,#1777);
#1776 = CARTESIAN_POINT('',(2.25,3.2,0.));
#1777 = VECTOR('',#1778,1.);
#1778 = DIRECTION('',(0.,1.,0.));
#1779 = ORIENTED_EDGE('',*,*,#418,.F.);
#1780 = PLANE('',#1781);
#1781 = AXIS2_PLACEMENT_3D('',#1782,#1783,#1784);
#1782 = CARTESIAN_POINT('',(2.25,3.2,0.));
#1783 = DIRECTION('',(1.,0.,0.));
#1784 = DIRECTION('',(0.,1.,0.));
#1785 = ADVANCED_FACE('',(#1786),#1804,.T.);
#1786 = FACE_BOUND('',#1787,.T.);
#1787 = EDGE_LOOP('',(#1788,#1796,#1802,#1803));
#1788 = ORIENTED_EDGE('',*,*,#1789,.T.);
#1789 = EDGE_CURVE('',#427,#1790,#1792,.T.);
#1790 = VERTEX_POINT('',#1791);
#1791 = CARTESIAN_POINT('',(2.,3.2,-0.1));
#1792 = LINE('',#1793,#1794);
#1793 = CARTESIAN_POINT('',(2.,3.2,0.));
#1794 = VECTOR('',#1795,1.);
#1795 = DIRECTION('',(-0.,-0.,-1.));
#1796 = ORIENTED_EDGE('',*,*,#1797,.T.);
#1797 = EDGE_CURVE('',#1790,#1751,#1798,.T.);
#1798 = LINE('',#1799,#1800);
#1799 = CARTESIAN_POINT('',(2.,3.2,-0.1));
#1800 = VECTOR('',#1801,1.);
#1801 = DIRECTION('',(1.,0.,0.));
#1802 = ORIENTED_EDGE('',*,*,#1750,.F.);
#1803 = ORIENTED_EDGE('',*,*,#426,.F.);
#1804 = PLANE('',#1805);
#1805 = AXIS2_PLACEMENT_3D('',#1806,#1807,#1808);
#1806 = CARTESIAN_POINT('',(2.,3.2,0.));
#1807 = DIRECTION('',(0.,-1.,0.));
#1808 = DIRECTION('',(1.,0.,0.));
#1809 = ADVANCED_FACE('',(#1810),#1836,.T.);
#1810 = FACE_BOUND('',#1811,.T.);
#1811 = EDGE_LOOP('',(#1812,#1822,#1828,#1829,#1830));
#1812 = ORIENTED_EDGE('',*,*,#1813,.T.);
#1813 = EDGE_CURVE('',#1814,#1816,#1818,.T.);
#1814 = VERTEX_POINT('',#1815);
#1815 = CARTESIAN_POINT('',(2.,5.,0.));
#1816 = VERTEX_POINT('',#1817);
#1817 = CARTESIAN_POINT('',(2.,5.,-0.1));
#1818 = LINE('',#1819,#1820);
#1819 = CARTESIAN_POINT('',(2.,5.,0.));
#1820 = VECTOR('',#1821,1.);
#1821 = DIRECTION('',(-0.,-0.,-1.));
#1822 = ORIENTED_EDGE('',*,*,#1823,.T.);
#1823 = EDGE_CURVE('',#1816,#1790,#1824,.T.);
#1824 = LINE('',#1825,#1826);
#1825 = CARTESIAN_POINT('',(2.,5.,-0.1));
#1826 = VECTOR('',#1827,1.);
#1827 = DIRECTION('',(0.,-1.,0.));
#1828 = ORIENTED_EDGE('',*,*,#1789,.F.);
#1829 = ORIENTED_EDGE('',*,*,#434,.F.);
#1830 = ORIENTED_EDGE('',*,*,#1831,.F.);
#1831 = EDGE_CURVE('',#1814,#435,#1832,.T.);
#1832 = LINE('',#1833,#1834);
#1833 = CARTESIAN_POINT('',(2.,5.,0.));
#1834 = VECTOR('',#1835,1.);
#1835 = DIRECTION('',(0.,-1.,0.));
#1836 = PLANE('',#1837);
#1837 = AXIS2_PLACEMENT_3D('',#1838,#1839,#1840);
#1838 = CARTESIAN_POINT('',(2.,5.,0.));
#1839 = DIRECTION('',(-1.,0.,0.));
#1840 = DIRECTION('',(0.,-1.,0.));
#1841 = ADVANCED_FACE('',(#1842),#1875,.T.);
#1842 = FACE_BOUND('',#1843,.T.);
#1843 = EDGE_LOOP('',(#1844,#1852,#1860,#1868,#1874));
#1844 = ORIENTED_EDGE('',*,*,#1845,.T.);
#1845 = EDGE_CURVE('',#451,#1846,#1848,.T.);
#1846 = VERTEX_POINT('',#1847);
#1847 = CARTESIAN_POINT('',(1.45,3.2,-0.1));
#1848 = LINE('',#1849,#1850);
#1849 = CARTESIAN_POINT('',(1.45,3.2,0.));
#1850 = VECTOR('',#1851,1.);
#1851 = DIRECTION('',(-0.,-0.,-1.));
#1852 = ORIENTED_EDGE('',*,*,#1853,.T.);
#1853 = EDGE_CURVE('',#1846,#1854,#1856,.T.);
#1854 = VERTEX_POINT('',#1855);
#1855 = CARTESIAN_POINT('',(1.45,5.,-0.1));
#1856 = LINE('',#1857,#1858);
#1857 = CARTESIAN_POINT('',(1.45,3.2,-0.1));
#1858 = VECTOR('',#1859,1.);
#1859 = DIRECTION('',(0.,1.,0.));
#1860 = ORIENTED_EDGE('',*,*,#1861,.F.);
#1861 = EDGE_CURVE('',#1862,#1854,#1864,.T.);
#1862 = VERTEX_POINT('',#1863);
#1863 = CARTESIAN_POINT('',(1.45,5.,0.));
#1864 = LINE('',#1865,#1866);
#1865 = CARTESIAN_POINT('',(1.45,5.,0.));
#1866 = VECTOR('',#1867,1.);
#1867 = DIRECTION('',(-0.,-0.,-1.));
#1868 = ORIENTED_EDGE('',*,*,#1869,.F.);
#1869 = EDGE_CURVE('',#443,#1862,#1870,.T.);
#1870 = LINE('',#1871,#1872);
#1871 = CARTESIAN_POINT('',(1.45,3.2,0.));
#1872 = VECTOR('',#1873,1.);
#1873 = DIRECTION('',(0.,1.,0.));
#1874 = ORIENTED_EDGE('',*,*,#450,.F.);
#1875 = PLANE('',#1876);
#1876 = AXIS2_PLACEMENT_3D('',#1877,#1878,#1879);
#1877 = CARTESIAN_POINT('',(1.45,3.2,0.));
#1878 = DIRECTION('',(1.,0.,0.));
#1879 = DIRECTION('',(0.,1.,0.));
#1880 = ADVANCED_FACE('',(#1881),#1899,.T.);
#1881 = FACE_BOUND('',#1882,.T.);
#1882 = EDGE_LOOP('',(#1883,#1891,#1897,#1898));
#1883 = ORIENTED_EDGE('',*,*,#1884,.T.);
#1884 = EDGE_CURVE('',#459,#1885,#1887,.T.);
#1885 = VERTEX_POINT('',#1886);
#1886 = CARTESIAN_POINT('',(1.2,3.2,-0.1));
#1887 = LINE('',#1888,#1889);
#1888 = CARTESIAN_POINT('',(1.2,3.2,0.));
#1889 = VECTOR('',#1890,1.);
#1890 = DIRECTION('',(-0.,-0.,-1.));
#1891 = ORIENTED_EDGE('',*,*,#1892,.T.);
#1892 = EDGE_CURVE('',#1885,#1846,#1893,.T.);
#1893 = LINE('',#1894,#1895);
#1894 = CARTESIAN_POINT('',(1.2,3.2,-0.1));
#1895 = VECTOR('',#1896,1.);
#1896 = DIRECTION('',(1.,0.,0.));
#1897 = ORIENTED_EDGE('',*,*,#1845,.F.);
#1898 = ORIENTED_EDGE('',*,*,#458,.F.);
#1899 = PLANE('',#1900);
#1900 = AXIS2_PLACEMENT_3D('',#1901,#1902,#1903);
#1901 = CARTESIAN_POINT('',(1.2,3.2,0.));
#1902 = DIRECTION('',(0.,-1.,0.));
#1903 = DIRECTION('',(1.,0.,0.));
#1904 = ADVANCED_FACE('',(#1905),#1931,.T.);
#1905 = FACE_BOUND('',#1906,.T.);
#1906 = EDGE_LOOP('',(#1907,#1917,#1923,#1924,#1925));
#1907 = ORIENTED_EDGE('',*,*,#1908,.T.);
#1908 = EDGE_CURVE('',#1909,#1911,#1913,.T.);
#1909 = VERTEX_POINT('',#1910);
#1910 = CARTESIAN_POINT('',(1.2,5.,0.));
#1911 = VERTEX_POINT('',#1912);
#1912 = CARTESIAN_POINT('',(1.2,5.,-0.1));
#1913 = LINE('',#1914,#1915);
#1914 = CARTESIAN_POINT('',(1.2,5.,0.));
#1915 = VECTOR('',#1916,1.);
#1916 = DIRECTION('',(-0.,-0.,-1.));
#1917 = ORIENTED_EDGE('',*,*,#1918,.T.);
#1918 = EDGE_CURVE('',#1911,#1885,#1919,.T.);
#1919 = LINE('',#1920,#1921);
#1920 = CARTESIAN_POINT('',(1.2,5.,-0.1));
#1921 = VECTOR('',#1922,1.);
#1922 = DIRECTION('',(0.,-1.,0.));
#1923 = ORIENTED_EDGE('',*,*,#1884,.F.);
#1924 = ORIENTED_EDGE('',*,*,#466,.F.);
#1925 = ORIENTED_EDGE('',*,*,#1926,.F.);
#1926 = EDGE_CURVE('',#1909,#467,#1927,.T.);
#1927 = LINE('',#1928,#1929);
#1928 = CARTESIAN_POINT('',(1.2,5.,0.));
#1929 = VECTOR('',#1930,1.);
#1930 = DIRECTION('',(0.,-1.,0.));
#1931 = PLANE('',#1932);
#1932 = AXIS2_PLACEMENT_3D('',#1933,#1934,#1935);
#1933 = CARTESIAN_POINT('',(1.2,5.,0.));
#1934 = DIRECTION('',(-1.,0.,0.));
#1935 = DIRECTION('',(0.,-1.,0.));
#1936 = ADVANCED_FACE('',(#1937),#1956,.T.);
#1937 = FACE_BOUND('',#1938,.T.);
#1938 = EDGE_LOOP('',(#1939,#1940,#1948,#1955));
#1939 = ORIENTED_EDGE('',*,*,#482,.T.);
#1940 = ORIENTED_EDGE('',*,*,#1941,.T.);
#1941 = EDGE_CURVE('',#483,#1942,#1944,.T.);
#1942 = VERTEX_POINT('',#1943);
#1943 = CARTESIAN_POINT('',(0.7,0.95,-0.6));
#1944 = LINE('',#1945,#1946);
#1945 = CARTESIAN_POINT('',(0.7,0.95,0.));
#1946 = VECTOR('',#1947,1.);
#1947 = DIRECTION('',(0.,0.,-1.));
#1948 = ORIENTED_EDGE('',*,*,#1949,.F.);
#1949 = EDGE_CURVE('',#1942,#1942,#1950,.T.);
#1950 = CIRCLE('',#1951,0.25);
#1951 = AXIS2_PLACEMENT_3D('',#1952,#1953,#1954);
#1952 = CARTESIAN_POINT('',(0.45,0.95,-0.6));
#1953 = DIRECTION('',(0.,0.,-1.));
#1954 = DIRECTION('',(1.,0.,0.));
#1955 = ORIENTED_EDGE('',*,*,#1941,.F.);
#1956 = CYLINDRICAL_SURFACE('',#1957,0.25);
#1957 = AXIS2_PLACEMENT_3D('',#1958,#1959,#1960);
#1958 = CARTESIAN_POINT('',(0.45,0.95,0.));
#1959 = DIRECTION('',(0.,0.,1.));
#1960 = DIRECTION('',(1.,0.,0.));
#1961 = ADVANCED_FACE('',(#1962),#1981,.T.);
#1962 = FACE_BOUND('',#1963,.T.);
#1963 = EDGE_LOOP('',(#1964,#1965,#1973,#1980));
#1964 = ORIENTED_EDGE('',*,*,#493,.T.);
#1965 = ORIENTED_EDGE('',*,*,#1966,.T.);
#1966 = EDGE_CURVE('',#494,#1967,#1969,.T.);
#1967 = VERTEX_POINT('',#1968);
#1968 = CARTESIAN_POINT('',(4.9,0.95,-0.6));
#1969 = LINE('',#1970,#1971);
#1970 = CARTESIAN_POINT('',(4.9,0.95,0.));
#1971 = VECTOR('',#1972,1.);
#1972 = DIRECTION('',(0.,0.,-1.));
#1973 = ORIENTED_EDGE('',*,*,#1974,.F.);
#1974 = EDGE_CURVE('',#1967,#1967,#1975,.T.);
#1975 = CIRCLE('',#1976,0.25);
#1976 = AXIS2_PLACEMENT_3D('',#1977,#1978,#1979);
#1977 = CARTESIAN_POINT('',(4.65,0.95,-0.6));
#1978 = DIRECTION('',(0.,0.,-1.));
#1979 = DIRECTION('',(1.,0.,0.));
#1980 = ORIENTED_EDGE('',*,*,#1966,.F.);
#1981 = CYLINDRICAL_SURFACE('',#1982,0.25);
#1982 = AXIS2_PLACEMENT_3D('',#1983,#1984,#1985);
#1983 = CARTESIAN_POINT('',(4.65,0.95,0.));
#1984 = DIRECTION('',(0.,0.,1.));
#1985 = DIRECTION('',(1.,0.,0.));
#1986 = ADVANCED_FACE('',(#1987),#1998,.T.);
#1987 = FACE_BOUND('',#1988,.T.);
#1988 = EDGE_LOOP('',(#1989,#1990,#1996,#1997));
#1989 = ORIENTED_EDGE('',*,*,#1293,.T.);
#1990 = ORIENTED_EDGE('',*,*,#1991,.T.);
#1991 = EDGE_CURVE('',#1286,#1334,#1992,.T.);
#1992 = LINE('',#1993,#1994);
#1993 = CARTESIAN_POINT('',(1.2,-0.6,-0.1));
#1994 = VECTOR('',#1995,1.);
#1995 = DIRECTION('',(1.,0.,0.));
#1996 = ORIENTED_EDGE('',*,*,#1333,.F.);
#1997 = ORIENTED_EDGE('',*,*,#519,.F.);
#1998 = PLANE('',#1999);
#1999 = AXIS2_PLACEMENT_3D('',#2000,#2001,#2002);
#2000 = CARTESIAN_POINT('',(1.2,-0.6,0.));
#2001 = DIRECTION('',(0.,-1.,0.));
#2002 = DIRECTION('',(1.,0.,0.));
#2003 = ADVANCED_FACE('',(#2004),#2015,.T.);
#2004 = FACE_BOUND('',#2005,.T.);
#2005 = EDGE_LOOP('',(#2006,#2007,#2013,#2014));
#2006 = ORIENTED_EDGE('',*,*,#1374,.T.);
#2007 = ORIENTED_EDGE('',*,*,#2008,.T.);
#2008 = EDGE_CURVE('',#1367,#1415,#2009,.T.);
#2009 = LINE('',#2010,#2011);
#2010 = CARTESIAN_POINT('',(2.,-0.6,-0.1));
#2011 = VECTOR('',#2012,1.);
#2012 = DIRECTION('',(1.,0.,0.));
#2013 = ORIENTED_EDGE('',*,*,#1414,.F.);
#2014 = ORIENTED_EDGE('',*,*,#550,.F.);
#2015 = PLANE('',#2016);
#2016 = AXIS2_PLACEMENT_3D('',#2017,#2018,#2019);
#2017 = CARTESIAN_POINT('',(2.,-0.6,0.));
#2018 = DIRECTION('',(0.,-1.,0.));
#2019 = DIRECTION('',(1.,0.,0.));
#2020 = ADVANCED_FACE('',(#2021),#2032,.T.);
#2021 = FACE_BOUND('',#2022,.T.);
#2022 = EDGE_LOOP('',(#2023,#2024,#2030,#2031));
#2023 = ORIENTED_EDGE('',*,*,#1455,.T.);
#2024 = ORIENTED_EDGE('',*,*,#2025,.T.);
#2025 = EDGE_CURVE('',#1448,#1496,#2026,.T.);
#2026 = LINE('',#2027,#2028);
#2027 = CARTESIAN_POINT('',(2.8,-0.6,-0.1));
#2028 = VECTOR('',#2029,1.);
#2029 = DIRECTION('',(1.,0.,0.));
#2030 = ORIENTED_EDGE('',*,*,#1495,.F.);
#2031 = ORIENTED_EDGE('',*,*,#581,.F.);
#2032 = PLANE('',#2033);
#2033 = AXIS2_PLACEMENT_3D('',#2034,#2035,#2036);
#2034 = CARTESIAN_POINT('',(2.8,-0.6,0.));
#2035 = DIRECTION('',(0.,-1.,0.));
#2036 = DIRECTION('',(1.,0.,0.));
#2037 = ADVANCED_FACE('',(#2038),#2063,.T.);
#2038 = FACE_BOUND('',#2039,.T.);
#2039 = EDGE_LOOP('',(#2040,#2041,#2049,#2057));
#2040 = ORIENTED_EDGE('',*,*,#645,.T.);
#2041 = ORIENTED_EDGE('',*,*,#2042,.F.);
#2042 = EDGE_CURVE('',#2043,#648,#2045,.T.);
#2043 = VERTEX_POINT('',#2044);
#2044 = CARTESIAN_POINT('',(0.82,0.849653,1.1));
#2045 = LINE('',#2046,#2047);
#2046 = CARTESIAN_POINT('',(0.82,0.849653,3.));
#2047 = VECTOR('',#2048,1.);
#2048 = DIRECTION('',(0.,0.,1.));
#2049 = ORIENTED_EDGE('',*,*,#2050,.F.);
#2050 = EDGE_CURVE('',#2051,#2043,#2053,.T.);
#2051 = VERTEX_POINT('',#2052);
#2052 = CARTESIAN_POINT('',(0.82,1.649653,1.1));
#2053 = LINE('',#2054,#2055);
#2054 = CARTESIAN_POINT('',(0.82,1.649653,1.1));
#2055 = VECTOR('',#2056,1.);
#2056 = DIRECTION('',(0.,-1.,0.));
#2057 = ORIENTED_EDGE('',*,*,#2058,.F.);
#2058 = EDGE_CURVE('',#646,#2051,#2059,.T.);
#2059 = LINE('',#2060,#2061);
#2060 = CARTESIAN_POINT('',(0.82,1.649653,3.));
#2061 = VECTOR('',#2062,1.);
#2062 = DIRECTION('',(-0.,-0.,-1.));
#2063 = PLANE('',#2064);
#2064 = AXIS2_PLACEMENT_3D('',#2065,#2066,#2067);
#2065 = CARTESIAN_POINT('',(0.82,1.249653,2.55));
#2066 = DIRECTION('',(1.,0.,0.));
#2067 = DIRECTION('',(0.,0.,1.));
#2068 = ADVANCED_FACE('',(#2069),#2087,.T.);
#2069 = FACE_BOUND('',#2070,.T.);
#2070 = EDGE_LOOP('',(#2071,#2079,#2080,#2081));
#2071 = ORIENTED_EDGE('',*,*,#2072,.T.);
#2072 = EDGE_CURVE('',#2073,#656,#2075,.T.);
#2073 = VERTEX_POINT('',#2074);
#2074 = CARTESIAN_POINT('',(1.2,1.649653,1.1));
#2075 = LINE('',#2076,#2077);
#2076 = CARTESIAN_POINT('',(1.2,1.649653,3.));
#2077 = VECTOR('',#2078,1.);
#2078 = DIRECTION('',(0.,0.,1.));
#2079 = ORIENTED_EDGE('',*,*,#655,.T.);
#2080 = ORIENTED_EDGE('',*,*,#2058,.T.);
#2081 = ORIENTED_EDGE('',*,*,#2082,.F.);
#2082 = EDGE_CURVE('',#2073,#2051,#2083,.T.);
#2083 = LINE('',#2084,#2085);
#2084 = CARTESIAN_POINT('',(4.28,1.649653,1.1));
#2085 = VECTOR('',#2086,1.);
#2086 = DIRECTION('',(-1.,0.,0.));
#2087 = PLANE('',#2088);
#2088 = AXIS2_PLACEMENT_3D('',#2089,#2090,#2091);
#2089 = CARTESIAN_POINT('',(1.01,1.649653,2.55));
#2090 = DIRECTION('',(-0.,-1.,-0.));
#2091 = DIRECTION('',(0.,0.,-1.));
#2092 = ADVANCED_FACE('',(#2093),#2118,.F.);
#2093 = FACE_BOUND('',#2094,.F.);
#2094 = EDGE_LOOP('',(#2095,#2096,#2104,#2112));
#2095 = ORIENTED_EDGE('',*,*,#671,.T.);
#2096 = ORIENTED_EDGE('',*,*,#2097,.T.);
#2097 = EDGE_CURVE('',#672,#2098,#2100,.T.);
#2098 = VERTEX_POINT('',#2099);
#2099 = CARTESIAN_POINT('',(1.45,1.747161,4.1));
#2100 = LINE('',#2101,#2102);
#2101 = CARTESIAN_POINT('',(1.45,1.747161,3.1));
#2102 = VECTOR('',#2103,1.);
#2103 = DIRECTION('',(0.,0.,1.));
#2104 = ORIENTED_EDGE('',*,*,#2105,.T.);
#2105 = EDGE_CURVE('',#2098,#2106,#2108,.T.);
#2106 = VERTEX_POINT('',#2107);
#2107 = CARTESIAN_POINT('',(1.2,1.747161,4.1));
#2108 = LINE('',#2109,#2110);
#2109 = CARTESIAN_POINT('',(1.45,1.747161,4.1));
#2110 = VECTOR('',#2111,1.);
#2111 = DIRECTION('',(-1.,0.,0.));
#2112 = ORIENTED_EDGE('',*,*,#2113,.F.);
#2113 = EDGE_CURVE('',#664,#2106,#2114,.T.);
#2114 = LINE('',#2115,#2116);
#2115 = CARTESIAN_POINT('',(1.2,1.747161,3.1));
#2116 = VECTOR('',#2117,1.);
#2117 = DIRECTION('',(0.,0.,1.));
#2118 = PLANE('',#2119);
#2119 = AXIS2_PLACEMENT_3D('',#2120,#2121,#2122);
#2120 = CARTESIAN_POINT('',(1.45,1.747161,3.1));
#2121 = DIRECTION('',(0.,-1.,0.));
#2122 = DIRECTION('',(-1.,0.,0.));
#2123 = ADVANCED_FACE('',(#2124),#2149,.T.);
#2124 = FACE_BOUND('',#2125,.T.);
#2125 = EDGE_LOOP('',(#2126,#2134,#2135,#2143));
#2126 = ORIENTED_EDGE('',*,*,#2127,.T.);
#2127 = EDGE_CURVE('',#2128,#688,#2130,.T.);
#2128 = VERTEX_POINT('',#2129);
#2129 = CARTESIAN_POINT('',(2.,1.649653,1.1));
#2130 = LINE('',#2131,#2132);
#2131 = CARTESIAN_POINT('',(2.,1.649653,3.));
#2132 = VECTOR('',#2133,1.);
#2133 = DIRECTION('',(0.,0.,1.));
#2134 = ORIENTED_EDGE('',*,*,#687,.T.);
#2135 = ORIENTED_EDGE('',*,*,#2136,.F.);
#2136 = EDGE_CURVE('',#2137,#680,#2139,.T.);
#2137 = VERTEX_POINT('',#2138);
#2138 = CARTESIAN_POINT('',(1.45,1.649653,1.1));
#2139 = LINE('',#2140,#2141);
#2140 = CARTESIAN_POINT('',(1.45,1.649653,3.));
#2141 = VECTOR('',#2142,1.);
#2142 = DIRECTION('',(0.,0.,1.));
#2143 = ORIENTED_EDGE('',*,*,#2144,.F.);
#2144 = EDGE_CURVE('',#2128,#2137,#2145,.T.);
#2145 = LINE('',#2146,#2147);
#2146 = CARTESIAN_POINT('',(4.28,1.649653,1.1));
#2147 = VECTOR('',#2148,1.);
#2148 = DIRECTION('',(-1.,0.,0.));
#2149 = PLANE('',#2150);
#2150 = AXIS2_PLACEMENT_3D('',#2151,#2152,#2153);
#2151 = CARTESIAN_POINT('',(1.725,1.649653,2.55));
#2152 = DIRECTION('',(-0.,-1.,-0.));
#2153 = DIRECTION('',(0.,0.,-1.));
#2154 = ADVANCED_FACE('',(#2155),#2180,.F.);
#2155 = FACE_BOUND('',#2156,.F.);
#2156 = EDGE_LOOP('',(#2157,#2158,#2166,#2174));
#2157 = ORIENTED_EDGE('',*,*,#703,.T.);
#2158 = ORIENTED_EDGE('',*,*,#2159,.T.);
#2159 = EDGE_CURVE('',#704,#2160,#2162,.T.);
#2160 = VERTEX_POINT('',#2161);
#2161 = CARTESIAN_POINT('',(2.25,1.747161,4.1));
#2162 = LINE('',#2163,#2164);
#2163 = CARTESIAN_POINT('',(2.25,1.747161,3.1));
#2164 = VECTOR('',#2165,1.);
#2165 = DIRECTION('',(0.,0.,1.));
#2166 = ORIENTED_EDGE('',*,*,#2167,.T.);
#2167 = EDGE_CURVE('',#2160,#2168,#2170,.T.);
#2168 = VERTEX_POINT('',#2169);
#2169 = CARTESIAN_POINT('',(2.,1.747161,4.1));
#2170 = LINE('',#2171,#2172);
#2171 = CARTESIAN_POINT('',(2.25,1.747161,4.1));
#2172 = VECTOR('',#2173,1.);
#2173 = DIRECTION('',(-1.,0.,0.));
#2174 = ORIENTED_EDGE('',*,*,#2175,.F.);
#2175 = EDGE_CURVE('',#696,#2168,#2176,.T.);
#2176 = LINE('',#2177,#2178);
#2177 = CARTESIAN_POINT('',(2.,1.747161,3.1));
#2178 = VECTOR('',#2179,1.);
#2179 = DIRECTION('',(0.,0.,1.));
#2180 = PLANE('',#2181);
#2181 = AXIS2_PLACEMENT_3D('',#2182,#2183,#2184);
#2182 = CARTESIAN_POINT('',(2.25,1.747161,3.1));
#2183 = DIRECTION('',(0.,-1.,0.));
#2184 = DIRECTION('',(-1.,0.,0.));
#2185 = ADVANCED_FACE('',(#2186),#2211,.T.);
#2186 = FACE_BOUND('',#2187,.T.);
#2187 = EDGE_LOOP('',(#2188,#2196,#2197,#2205));
#2188 = ORIENTED_EDGE('',*,*,#2189,.T.);
#2189 = EDGE_CURVE('',#2190,#720,#2192,.T.);
#2190 = VERTEX_POINT('',#2191);
#2191 = CARTESIAN_POINT('',(2.8,1.649653,1.1));
#2192 = LINE('',#2193,#2194);
#2193 = CARTESIAN_POINT('',(2.8,1.649653,3.));
#2194 = VECTOR('',#2195,1.);
#2195 = DIRECTION('',(0.,0.,1.));
#2196 = ORIENTED_EDGE('',*,*,#719,.T.);
#2197 = ORIENTED_EDGE('',*,*,#2198,.F.);
#2198 = EDGE_CURVE('',#2199,#712,#2201,.T.);
#2199 = VERTEX_POINT('',#2200);
#2200 = CARTESIAN_POINT('',(2.25,1.649653,1.1));
#2201 = LINE('',#2202,#2203);
#2202 = CARTESIAN_POINT('',(2.25,1.649653,3.));
#2203 = VECTOR('',#2204,1.);
#2204 = DIRECTION('',(0.,0.,1.));
#2205 = ORIENTED_EDGE('',*,*,#2206,.F.);
#2206 = EDGE_CURVE('',#2190,#2199,#2207,.T.);
#2207 = LINE('',#2208,#2209);
#2208 = CARTESIAN_POINT('',(4.28,1.649653,1.1));
#2209 = VECTOR('',#2210,1.);
#2210 = DIRECTION('',(-1.,0.,0.));
#2211 = PLANE('',#2212);
#2212 = AXIS2_PLACEMENT_3D('',#2213,#2214,#2215);
#2213 = CARTESIAN_POINT('',(2.525,1.649653,2.55));
#2214 = DIRECTION('',(-0.,-1.,-0.));
#2215 = DIRECTION('',(0.,0.,-1.));
#2216 = ADVANCED_FACE('',(#2217),#2242,.F.);
#2217 = FACE_BOUND('',#2218,.F.);
#2218 = EDGE_LOOP('',(#2219,#2220,#2228,#2236));
#2219 = ORIENTED_EDGE('',*,*,#735,.T.);
#2220 = ORIENTED_EDGE('',*,*,#2221,.T.);
#2221 = EDGE_CURVE('',#736,#2222,#2224,.T.);
#2222 = VERTEX_POINT('',#2223);
#2223 = CARTESIAN_POINT('',(3.05,1.747161,4.1));
#2224 = LINE('',#2225,#2226);
#2225 = CARTESIAN_POINT('',(3.05,1.747161,3.1));
#2226 = VECTOR('',#2227,1.);
#2227 = DIRECTION('',(0.,0.,1.));
#2228 = ORIENTED_EDGE('',*,*,#2229,.T.);
#2229 = EDGE_CURVE('',#2222,#2230,#2232,.T.);
#2230 = VERTEX_POINT('',#2231);
#2231 = CARTESIAN_POINT('',(2.8,1.747161,4.1));
#2232 = LINE('',#2233,#2234);
#2233 = CARTESIAN_POINT('',(3.05,1.747161,4.1));
#2234 = VECTOR('',#2235,1.);
#2235 = DIRECTION('',(-1.,0.,0.));
#2236 = ORIENTED_EDGE('',*,*,#2237,.F.);
#2237 = EDGE_CURVE('',#728,#2230,#2238,.T.);
#2238 = LINE('',#2239,#2240);
#2239 = CARTESIAN_POINT('',(2.8,1.747161,3.1));
#2240 = VECTOR('',#2241,1.);
#2241 = DIRECTION('',(0.,0.,1.));
#2242 = PLANE('',#2243);
#2243 = AXIS2_PLACEMENT_3D('',#2244,#2245,#2246);
#2244 = CARTESIAN_POINT('',(3.05,1.747161,3.1));
#2245 = DIRECTION('',(0.,-1.,0.));
#2246 = DIRECTION('',(-1.,0.,0.));
#2247 = ADVANCED_FACE('',(#2248),#2273,.T.);
#2248 = FACE_BOUND('',#2249,.T.);
#2249 = EDGE_LOOP('',(#2250,#2258,#2259,#2267));
#2250 = ORIENTED_EDGE('',*,*,#2251,.T.);
#2251 = EDGE_CURVE('',#2252,#752,#2254,.T.);
#2252 = VERTEX_POINT('',#2253);
#2253 = CARTESIAN_POINT('',(3.6,1.649653,1.1));
#2254 = LINE('',#2255,#2256);
#2255 = CARTESIAN_POINT('',(3.6,1.649653,3.));
#2256 = VECTOR('',#2257,1.);
#2257 = DIRECTION('',(0.,0.,1.));
#2258 = ORIENTED_EDGE('',*,*,#751,.T.);
#2259 = ORIENTED_EDGE('',*,*,#2260,.F.);
#2260 = EDGE_CURVE('',#2261,#744,#2263,.T.);
#2261 = VERTEX_POINT('',#2262);
#2262 = CARTESIAN_POINT('',(3.05,1.649653,1.1));
#2263 = LINE('',#2264,#2265);
#2264 = CARTESIAN_POINT('',(3.05,1.649653,3.));
#2265 = VECTOR('',#2266,1.);
#2266 = DIRECTION('',(0.,0.,1.));
#2267 = ORIENTED_EDGE('',*,*,#2268,.F.);
#2268 = EDGE_CURVE('',#2252,#2261,#2269,.T.);
#2269 = LINE('',#2270,#2271);
#2270 = CARTESIAN_POINT('',(4.28,1.649653,1.1));
#2271 = VECTOR('',#2272,1.);
#2272 = DIRECTION('',(-1.,0.,0.));
#2273 = PLANE('',#2274);
#2274 = AXIS2_PLACEMENT_3D('',#2275,#2276,#2277);
#2275 = CARTESIAN_POINT('',(3.325,1.649653,2.55));
#2276 = DIRECTION('',(-0.,-1.,-0.));
#2277 = DIRECTION('',(0.,0.,-1.));
#2278 = ADVANCED_FACE('',(#2279),#2304,.F.);
#2279 = FACE_BOUND('',#2280,.F.);
#2280 = EDGE_LOOP('',(#2281,#2282,#2290,#2298));
#2281 = ORIENTED_EDGE('',*,*,#767,.T.);
#2282 = ORIENTED_EDGE('',*,*,#2283,.T.);
#2283 = EDGE_CURVE('',#768,#2284,#2286,.T.);
#2284 = VERTEX_POINT('',#2285);
#2285 = CARTESIAN_POINT('',(3.85,1.747161,4.1));
#2286 = LINE('',#2287,#2288);
#2287 = CARTESIAN_POINT('',(3.85,1.747161,3.1));
#2288 = VECTOR('',#2289,1.);
#2289 = DIRECTION('',(0.,0.,1.));
#2290 = ORIENTED_EDGE('',*,*,#2291,.T.);
#2291 = EDGE_CURVE('',#2284,#2292,#2294,.T.);
#2292 = VERTEX_POINT('',#2293);
#2293 = CARTESIAN_POINT('',(3.6,1.747161,4.1));
#2294 = LINE('',#2295,#2296);
#2295 = CARTESIAN_POINT('',(3.85,1.747161,4.1));
#2296 = VECTOR('',#2297,1.);
#2297 = DIRECTION('',(-1.,0.,0.));
#2298 = ORIENTED_EDGE('',*,*,#2299,.F.);
#2299 = EDGE_CURVE('',#760,#2292,#2300,.T.);
#2300 = LINE('',#2301,#2302);
#2301 = CARTESIAN_POINT('',(3.6,1.747161,3.1));
#2302 = VECTOR('',#2303,1.);
#2303 = DIRECTION('',(0.,0.,1.));
#2304 = PLANE('',#2305);
#2305 = AXIS2_PLACEMENT_3D('',#2306,#2307,#2308);
#2306 = CARTESIAN_POINT('',(3.85,1.747161,3.1));
#2307 = DIRECTION('',(0.,-1.,0.));
#2308 = DIRECTION('',(-1.,0.,0.));
#2309 = ADVANCED_FACE('',(#2310),#2335,.T.);
#2310 = FACE_BOUND('',#2311,.T.);
#2311 = EDGE_LOOP('',(#2312,#2313,#2321,#2329));
#2312 = ORIENTED_EDGE('',*,*,#783,.T.);
#2313 = ORIENTED_EDGE('',*,*,#2314,.F.);
#2314 = EDGE_CURVE('',#2315,#776,#2317,.T.);
#2315 = VERTEX_POINT('',#2316);
#2316 = CARTESIAN_POINT('',(3.85,1.649653,1.1));
#2317 = LINE('',#2318,#2319);
#2318 = CARTESIAN_POINT('',(3.85,1.649653,3.));
#2319 = VECTOR('',#2320,1.);
#2320 = DIRECTION('',(0.,0.,1.));
#2321 = ORIENTED_EDGE('',*,*,#2322,.F.);
#2322 = EDGE_CURVE('',#2323,#2315,#2325,.T.);
#2323 = VERTEX_POINT('',#2324);
#2324 = CARTESIAN_POINT('',(4.28,1.649653,1.1));
#2325 = LINE('',#2326,#2327);
#2326 = CARTESIAN_POINT('',(4.28,1.649653,1.1));
#2327 = VECTOR('',#2328,1.);
#2328 = DIRECTION('',(-1.,0.,0.));
#2329 = ORIENTED_EDGE('',*,*,#2330,.F.);
#2330 = EDGE_CURVE('',#784,#2323,#2331,.T.);
#2331 = LINE('',#2332,#2333);
#2332 = CARTESIAN_POINT('',(4.28,1.649653,3.));
#2333 = VECTOR('',#2334,1.);
#2334 = DIRECTION('',(-0.,-0.,-1.));
#2335 = PLANE('',#2336);
#2336 = AXIS2_PLACEMENT_3D('',#2337,#2338,#2339);
#2337 = CARTESIAN_POINT('',(4.065,1.649653,2.55));
#2338 = DIRECTION('',(-0.,-1.,-0.));
#2339 = DIRECTION('',(0.,0.,-1.));
#2340 = ADVANCED_FACE('',(#2341),#2359,.T.);
#2341 = FACE_BOUND('',#2342,.T.);
#2342 = EDGE_LOOP('',(#2343,#2344,#2345,#2353));
#2343 = ORIENTED_EDGE('',*,*,#791,.T.);
#2344 = ORIENTED_EDGE('',*,*,#2330,.T.);
#2345 = ORIENTED_EDGE('',*,*,#2346,.F.);
#2346 = EDGE_CURVE('',#2347,#2323,#2349,.T.);
#2347 = VERTEX_POINT('',#2348);
#2348 = CARTESIAN_POINT('',(4.28,0.849653,1.1));
#2349 = LINE('',#2350,#2351);
#2350 = CARTESIAN_POINT('',(4.28,0.849653,1.1));
#2351 = VECTOR('',#2352,1.);
#2352 = DIRECTION('',(0.,1.,0.));
#2353 = ORIENTED_EDGE('',*,*,#2354,.F.);
#2354 = EDGE_CURVE('',#792,#2347,#2355,.T.);
#2355 = LINE('',#2356,#2357);
#2356 = CARTESIAN_POINT('',(4.28,0.849653,3.));
#2357 = VECTOR('',#2358,1.);
#2358 = DIRECTION('',(-0.,-0.,-1.));
#2359 = PLANE('',#2360);
#2360 = AXIS2_PLACEMENT_3D('',#2361,#2362,#2363);
#2361 = CARTESIAN_POINT('',(4.28,1.249653,2.55));
#2362 = DIRECTION('',(-1.,-0.,-0.));
#2363 = DIRECTION('',(0.,0.,-1.));
#2364 = ADVANCED_FACE('',(#2365),#2383,.T.);
#2365 = FACE_BOUND('',#2366,.T.);
#2366 = EDGE_LOOP('',(#2367,#2375,#2376,#2377));
#2367 = ORIENTED_EDGE('',*,*,#2368,.T.);
#2368 = EDGE_CURVE('',#2369,#800,#2371,.T.);
#2369 = VERTEX_POINT('',#2370);
#2370 = CARTESIAN_POINT('',(3.85,0.849653,1.1));
#2371 = LINE('',#2372,#2373);
#2372 = CARTESIAN_POINT('',(3.85,0.849653,3.));
#2373 = VECTOR('',#2374,1.);
#2374 = DIRECTION('',(0.,0.,1.));
#2375 = ORIENTED_EDGE('',*,*,#799,.T.);
#2376 = ORIENTED_EDGE('',*,*,#2354,.T.);
#2377 = ORIENTED_EDGE('',*,*,#2378,.F.);
#2378 = EDGE_CURVE('',#2369,#2347,#2379,.T.);
#2379 = LINE('',#2380,#2381);
#2380 = CARTESIAN_POINT('',(0.82,0.849653,1.1));
#2381 = VECTOR('',#2382,1.);
#2382 = DIRECTION('',(1.,0.,0.));
#2383 = PLANE('',#2384);
#2384 = AXIS2_PLACEMENT_3D('',#2385,#2386,#2387);
#2385 = CARTESIAN_POINT('',(4.065,0.849653,2.55));
#2386 = DIRECTION('',(0.,1.,0.));
#2387 = DIRECTION('',(0.,0.,1.));
#2388 = ADVANCED_FACE('',(#2389),#2414,.F.);
#2389 = FACE_BOUND('',#2390,.F.);
#2390 = EDGE_LOOP('',(#2391,#2392,#2400,#2408));
#2391 = ORIENTED_EDGE('',*,*,#815,.T.);
#2392 = ORIENTED_EDGE('',*,*,#2393,.T.);
#2393 = EDGE_CURVE('',#816,#2394,#2396,.T.);
#2394 = VERTEX_POINT('',#2395);
#2395 = CARTESIAN_POINT('',(3.6,0.747161,4.1));
#2396 = LINE('',#2397,#2398);
#2397 = CARTESIAN_POINT('',(3.6,0.747161,3.1));
#2398 = VECTOR('',#2399,1.);
#2399 = DIRECTION('',(0.,0.,1.));
#2400 = ORIENTED_EDGE('',*,*,#2401,.T.);
#2401 = EDGE_CURVE('',#2394,#2402,#2404,.T.);
#2402 = VERTEX_POINT('',#2403);
#2403 = CARTESIAN_POINT('',(3.85,0.747161,4.1));
#2404 = LINE('',#2405,#2406);
#2405 = CARTESIAN_POINT('',(3.6,0.747161,4.1));
#2406 = VECTOR('',#2407,1.);
#2407 = DIRECTION('',(1.,0.,0.));
#2408 = ORIENTED_EDGE('',*,*,#2409,.F.);
#2409 = EDGE_CURVE('',#808,#2402,#2410,.T.);
#2410 = LINE('',#2411,#2412);
#2411 = CARTESIAN_POINT('',(3.85,0.747161,3.1));
#2412 = VECTOR('',#2413,1.);
#2413 = DIRECTION('',(0.,0.,1.));
#2414 = PLANE('',#2415);
#2415 = AXIS2_PLACEMENT_3D('',#2416,#2417,#2418);
#2416 = CARTESIAN_POINT('',(3.6,0.747161,3.1));
#2417 = DIRECTION('',(0.,1.,0.));
#2418 = DIRECTION('',(1.,0.,0.));
#2419 = ADVANCED_FACE('',(#2420),#2445,.T.);
#2420 = FACE_BOUND('',#2421,.T.);
#2421 = EDGE_LOOP('',(#2422,#2430,#2431,#2439));
#2422 = ORIENTED_EDGE('',*,*,#2423,.T.);
#2423 = EDGE_CURVE('',#2424,#832,#2426,.T.);
#2424 = VERTEX_POINT('',#2425);
#2425 = CARTESIAN_POINT('',(3.05,0.849653,1.1));
#2426 = LINE('',#2427,#2428);
#2427 = CARTESIAN_POINT('',(3.05,0.849653,3.));
#2428 = VECTOR('',#2429,1.);
#2429 = DIRECTION('',(0.,0.,1.));
#2430 = ORIENTED_EDGE('',*,*,#831,.T.);
#2431 = ORIENTED_EDGE('',*,*,#2432,.F.);
#2432 = EDGE_CURVE('',#2433,#824,#2435,.T.);
#2433 = VERTEX_POINT('',#2434);
#2434 = CARTESIAN_POINT('',(3.6,0.849653,1.1));
#2435 = LINE('',#2436,#2437);
#2436 = CARTESIAN_POINT('',(3.6,0.849653,3.));
#2437 = VECTOR('',#2438,1.);
#2438 = DIRECTION('',(0.,0.,1.));
#2439 = ORIENTED_EDGE('',*,*,#2440,.F.);
#2440 = EDGE_CURVE('',#2424,#2433,#2441,.T.);
#2441 = LINE('',#2442,#2443);
#2442 = CARTESIAN_POINT('',(0.82,0.849653,1.1));
#2443 = VECTOR('',#2444,1.);
#2444 = DIRECTION('',(1.,0.,0.));
#2445 = PLANE('',#2446);
#2446 = AXIS2_PLACEMENT_3D('',#2447,#2448,#2449);
#2447 = CARTESIAN_POINT('',(3.325,0.849653,2.55));
#2448 = DIRECTION('',(0.,1.,0.));
#2449 = DIRECTION('',(0.,0.,1.));
#2450 = ADVANCED_FACE('',(#2451),#2476,.F.);
#2451 = FACE_BOUND('',#2452,.F.);
#2452 = EDGE_LOOP('',(#2453,#2454,#2462,#2470));
#2453 = ORIENTED_EDGE('',*,*,#847,.T.);
#2454 = ORIENTED_EDGE('',*,*,#2455,.T.);
#2455 = EDGE_CURVE('',#848,#2456,#2458,.T.);
#2456 = VERTEX_POINT('',#2457);
#2457 = CARTESIAN_POINT('',(2.8,0.747161,4.1));
#2458 = LINE('',#2459,#2460);
#2459 = CARTESIAN_POINT('',(2.8,0.747161,3.1));
#2460 = VECTOR('',#2461,1.);
#2461 = DIRECTION('',(0.,0.,1.));
#2462 = ORIENTED_EDGE('',*,*,#2463,.T.);
#2463 = EDGE_CURVE('',#2456,#2464,#2466,.T.);
#2464 = VERTEX_POINT('',#2465);
#2465 = CARTESIAN_POINT('',(3.05,0.747161,4.1));
#2466 = LINE('',#2467,#2468);
#2467 = CARTESIAN_POINT('',(2.8,0.747161,4.1));
#2468 = VECTOR('',#2469,1.);
#2469 = DIRECTION('',(1.,0.,0.));
#2470 = ORIENTED_EDGE('',*,*,#2471,.F.);
#2471 = EDGE_CURVE('',#840,#2464,#2472,.T.);
#2472 = LINE('',#2473,#2474);
#2473 = CARTESIAN_POINT('',(3.05,0.747161,3.1));
#2474 = VECTOR('',#2475,1.);
#2475 = DIRECTION('',(0.,0.,1.));
#2476 = PLANE('',#2477);
#2477 = AXIS2_PLACEMENT_3D('',#2478,#2479,#2480);
#2478 = CARTESIAN_POINT('',(2.8,0.747161,3.1));
#2479 = DIRECTION('',(0.,1.,0.));
#2480 = DIRECTION('',(1.,0.,0.));
#2481 = ADVANCED_FACE('',(#2482),#2507,.T.);
#2482 = FACE_BOUND('',#2483,.T.);
#2483 = EDGE_LOOP('',(#2484,#2492,#2493,#2501));
#2484 = ORIENTED_EDGE('',*,*,#2485,.T.);
#2485 = EDGE_CURVE('',#2486,#864,#2488,.T.);
#2486 = VERTEX_POINT('',#2487);
#2487 = CARTESIAN_POINT('',(2.25,0.849653,1.1));
#2488 = LINE('',#2489,#2490);
#2489 = CARTESIAN_POINT('',(2.25,0.849653,3.));
#2490 = VECTOR('',#2491,1.);
#2491 = DIRECTION('',(0.,0.,1.));
#2492 = ORIENTED_EDGE('',*,*,#863,.T.);
#2493 = ORIENTED_EDGE('',*,*,#2494,.F.);
#2494 = EDGE_CURVE('',#2495,#856,#2497,.T.);
#2495 = VERTEX_POINT('',#2496);
#2496 = CARTESIAN_POINT('',(2.8,0.849653,1.1));
#2497 = LINE('',#2498,#2499);
#2498 = CARTESIAN_POINT('',(2.8,0.849653,3.));
#2499 = VECTOR('',#2500,1.);
#2500 = DIRECTION('',(0.,0.,1.));
#2501 = ORIENTED_EDGE('',*,*,#2502,.F.);
#2502 = EDGE_CURVE('',#2486,#2495,#2503,.T.);
#2503 = LINE('',#2504,#2505);
#2504 = CARTESIAN_POINT('',(0.82,0.849653,1.1));
#2505 = VECTOR('',#2506,1.);
#2506 = DIRECTION('',(1.,0.,0.));
#2507 = PLANE('',#2508);
#2508 = AXIS2_PLACEMENT_3D('',#2509,#2510,#2511);
#2509 = CARTESIAN_POINT('',(2.525,0.849653,2.55));
#2510 = DIRECTION('',(0.,1.,0.));
#2511 = DIRECTION('',(0.,0.,1.));
#2512 = ADVANCED_FACE('',(#2513),#2538,.F.);
#2513 = FACE_BOUND('',#2514,.F.);
#2514 = EDGE_LOOP('',(#2515,#2516,#2524,#2532));
#2515 = ORIENTED_EDGE('',*,*,#879,.T.);
#2516 = ORIENTED_EDGE('',*,*,#2517,.T.);
#2517 = EDGE_CURVE('',#880,#2518,#2520,.T.);
#2518 = VERTEX_POINT('',#2519);
#2519 = CARTESIAN_POINT('',(2.,0.747161,4.1));
#2520 = LINE('',#2521,#2522);
#2521 = CARTESIAN_POINT('',(2.,0.747161,3.1));
#2522 = VECTOR('',#2523,1.);
#2523 = DIRECTION('',(0.,0.,1.));
#2524 = ORIENTED_EDGE('',*,*,#2525,.T.);
#2525 = EDGE_CURVE('',#2518,#2526,#2528,.T.);
#2526 = VERTEX_POINT('',#2527);
#2527 = CARTESIAN_POINT('',(2.25,0.747161,4.1));
#2528 = LINE('',#2529,#2530);
#2529 = CARTESIAN_POINT('',(2.,0.747161,4.1));
#2530 = VECTOR('',#2531,1.);
#2531 = DIRECTION('',(1.,0.,0.));
#2532 = ORIENTED_EDGE('',*,*,#2533,.F.);
#2533 = EDGE_CURVE('',#872,#2526,#2534,.T.);
#2534 = LINE('',#2535,#2536);
#2535 = CARTESIAN_POINT('',(2.25,0.747161,3.1));
#2536 = VECTOR('',#2537,1.);
#2537 = DIRECTION('',(0.,0.,1.));
#2538 = PLANE('',#2539);
#2539 = AXIS2_PLACEMENT_3D('',#2540,#2541,#2542);
#2540 = CARTESIAN_POINT('',(2.,0.747161,3.1));
#2541 = DIRECTION('',(0.,1.,0.));
#2542 = DIRECTION('',(1.,0.,0.));
#2543 = ADVANCED_FACE('',(#2544),#2569,.T.);
#2544 = FACE_BOUND('',#2545,.T.);
#2545 = EDGE_LOOP('',(#2546,#2554,#2555,#2563));
#2546 = ORIENTED_EDGE('',*,*,#2547,.T.);
#2547 = EDGE_CURVE('',#2548,#896,#2550,.T.);
#2548 = VERTEX_POINT('',#2549);
#2549 = CARTESIAN_POINT('',(1.45,0.849653,1.1));
#2550 = LINE('',#2551,#2552);
#2551 = CARTESIAN_POINT('',(1.45,0.849653,3.));
#2552 = VECTOR('',#2553,1.);
#2553 = DIRECTION('',(0.,0.,1.));
#2554 = ORIENTED_EDGE('',*,*,#895,.T.);
#2555 = ORIENTED_EDGE('',*,*,#2556,.F.);
#2556 = EDGE_CURVE('',#2557,#888,#2559,.T.);
#2557 = VERTEX_POINT('',#2558);
#2558 = CARTESIAN_POINT('',(2.,0.849653,1.1));
#2559 = LINE('',#2560,#2561);
#2560 = CARTESIAN_POINT('',(2.,0.849653,3.));
#2561 = VECTOR('',#2562,1.);
#2562 = DIRECTION('',(0.,0.,1.));
#2563 = ORIENTED_EDGE('',*,*,#2564,.F.);
#2564 = EDGE_CURVE('',#2548,#2557,#2565,.T.);
#2565 = LINE('',#2566,#2567);
#2566 = CARTESIAN_POINT('',(0.82,0.849653,1.1));
#2567 = VECTOR('',#2568,1.);
#2568 = DIRECTION('',(1.,0.,0.));
#2569 = PLANE('',#2570);
#2570 = AXIS2_PLACEMENT_3D('',#2571,#2572,#2573);
#2571 = CARTESIAN_POINT('',(1.725,0.849653,2.55));
#2572 = DIRECTION('',(0.,1.,0.));
#2573 = DIRECTION('',(0.,0.,1.));
#2574 = ADVANCED_FACE('',(#2575),#2600,.F.);
#2575 = FACE_BOUND('',#2576,.F.);
#2576 = EDGE_LOOP('',(#2577,#2578,#2586,#2594));
#2577 = ORIENTED_EDGE('',*,*,#911,.T.);
#2578 = ORIENTED_EDGE('',*,*,#2579,.T.);
#2579 = EDGE_CURVE('',#912,#2580,#2582,.T.);
#2580 = VERTEX_POINT('',#2581);
#2581 = CARTESIAN_POINT('',(1.2,0.747161,4.1));
#2582 = LINE('',#2583,#2584);
#2583 = CARTESIAN_POINT('',(1.2,0.747161,3.1));
#2584 = VECTOR('',#2585,1.);
#2585 = DIRECTION('',(0.,0.,1.));
#2586 = ORIENTED_EDGE('',*,*,#2587,.T.);
#2587 = EDGE_CURVE('',#2580,#2588,#2590,.T.);
#2588 = VERTEX_POINT('',#2589);
#2589 = CARTESIAN_POINT('',(1.45,0.747161,4.1));
#2590 = LINE('',#2591,#2592);
#2591 = CARTESIAN_POINT('',(1.2,0.747161,4.1));
#2592 = VECTOR('',#2593,1.);
#2593 = DIRECTION('',(1.,0.,0.));
#2594 = ORIENTED_EDGE('',*,*,#2595,.F.);
#2595 = EDGE_CURVE('',#904,#2588,#2596,.T.);
#2596 = LINE('',#2597,#2598);
#2597 = CARTESIAN_POINT('',(1.45,0.747161,3.1));
#2598 = VECTOR('',#2599,1.);
#2599 = DIRECTION('',(0.,0.,1.));
#2600 = PLANE('',#2601);
#2601 = AXIS2_PLACEMENT_3D('',#2602,#2603,#2604);
#2602 = CARTESIAN_POINT('',(1.2,0.747161,3.1));
#2603 = DIRECTION('',(0.,1.,0.));
#2604 = DIRECTION('',(1.,0.,0.));
#2605 = ADVANCED_FACE('',(#2606),#2624,.T.);
#2606 = FACE_BOUND('',#2607,.T.);
#2607 = EDGE_LOOP('',(#2608,#2609,#2610,#2618));
#2608 = ORIENTED_EDGE('',*,*,#2042,.T.);
#2609 = ORIENTED_EDGE('',*,*,#927,.T.);
#2610 = ORIENTED_EDGE('',*,*,#2611,.F.);
#2611 = EDGE_CURVE('',#2612,#920,#2614,.T.);
#2612 = VERTEX_POINT('',#2613);
#2613 = CARTESIAN_POINT('',(1.2,0.849653,1.1));
#2614 = LINE('',#2615,#2616);
#2615 = CARTESIAN_POINT('',(1.2,0.849653,3.));
#2616 = VECTOR('',#2617,1.);
#2617 = DIRECTION('',(0.,0.,1.));
#2618 = ORIENTED_EDGE('',*,*,#2619,.F.);
#2619 = EDGE_CURVE('',#2043,#2612,#2620,.T.);
#2620 = LINE('',#2621,#2622);
#2621 = CARTESIAN_POINT('',(0.82,0.849653,1.1));
#2622 = VECTOR('',#2623,1.);
#2623 = DIRECTION('',(1.,0.,0.));
#2624 = PLANE('',#2625);
#2625 = AXIS2_PLACEMENT_3D('',#2626,#2627,#2628);
#2626 = CARTESIAN_POINT('',(1.01,0.849653,2.55));
#2627 = DIRECTION('',(0.,1.,0.));
#2628 = DIRECTION('',(0.,0.,1.));
#2629 = ADVANCED_FACE('',(#2630),#2655,.T.);
#2630 = FACE_BOUND('',#2631,.T.);
#2631 = EDGE_LOOP('',(#2632,#2633,#2641,#2649));
#2632 = ORIENTED_EDGE('',*,*,#935,.T.);
#2633 = ORIENTED_EDGE('',*,*,#2634,.F.);
#2634 = EDGE_CURVE('',#2635,#938,#2637,.T.);
#2635 = VERTEX_POINT('',#2636);
#2636 = CARTESIAN_POINT('',(0.82,2.749724,1.1));
#2637 = LINE('',#2638,#2639);
#2638 = CARTESIAN_POINT('',(0.82,2.749724,3.));
#2639 = VECTOR('',#2640,1.);
#2640 = DIRECTION('',(0.,0.,1.));
#2641 = ORIENTED_EDGE('',*,*,#2642,.F.);
#2642 = EDGE_CURVE('',#2643,#2635,#2645,.T.);
#2643 = VERTEX_POINT('',#2644);
#2644 = CARTESIAN_POINT('',(0.82,3.549724,1.1));
#2645 = LINE('',#2646,#2647);
#2646 = CARTESIAN_POINT('',(0.82,3.549724,1.1));
#2647 = VECTOR('',#2648,1.);
#2648 = DIRECTION('',(0.,-1.,0.));
#2649 = ORIENTED_EDGE('',*,*,#2650,.F.);
#2650 = EDGE_CURVE('',#936,#2643,#2651,.T.);
#2651 = LINE('',#2652,#2653);
#2652 = CARTESIAN_POINT('',(0.82,3.549724,3.));
#2653 = VECTOR('',#2654,1.);
#2654 = DIRECTION('',(-0.,-0.,-1.));
#2655 = PLANE('',#2656);
#2656 = AXIS2_PLACEMENT_3D('',#2657,#2658,#2659);
#2657 = CARTESIAN_POINT('',(0.82,3.149724,2.55));
#2658 = DIRECTION('',(1.,0.,0.));
#2659 = DIRECTION('',(0.,0.,1.));
#2660 = ADVANCED_FACE('',(#2661),#2679,.T.);
#2661 = FACE_BOUND('',#2662,.T.);
#2662 = EDGE_LOOP('',(#2663,#2671,#2672,#2673));
#2663 = ORIENTED_EDGE('',*,*,#2664,.T.);
#2664 = EDGE_CURVE('',#2665,#946,#2667,.T.);
#2665 = VERTEX_POINT('',#2666);
#2666 = CARTESIAN_POINT('',(1.2,3.549724,1.1));
#2667 = LINE('',#2668,#2669);
#2668 = CARTESIAN_POINT('',(1.2,3.549724,3.));
#2669 = VECTOR('',#2670,1.);
#2670 = DIRECTION('',(0.,0.,1.));
#2671 = ORIENTED_EDGE('',*,*,#945,.T.);
#2672 = ORIENTED_EDGE('',*,*,#2650,.T.);
#2673 = ORIENTED_EDGE('',*,*,#2674,.F.);
#2674 = EDGE_CURVE('',#2665,#2643,#2675,.T.);
#2675 = LINE('',#2676,#2677);
#2676 = CARTESIAN_POINT('',(4.28,3.549724,1.1));
#2677 = VECTOR('',#2678,1.);
#2678 = DIRECTION('',(-1.,0.,0.));
#2679 = PLANE('',#2680);
#2680 = AXIS2_PLACEMENT_3D('',#2681,#2682,#2683);
#2681 = CARTESIAN_POINT('',(1.01,3.549724,2.55));
#2682 = DIRECTION('',(-0.,-1.,-0.));
#2683 = DIRECTION('',(0.,0.,-1.));
#2684 = ADVANCED_FACE('',(#2685),#2710,.F.);
#2685 = FACE_BOUND('',#2686,.F.);
#2686 = EDGE_LOOP('',(#2687,#2688,#2696,#2704));
#2687 = ORIENTED_EDGE('',*,*,#961,.T.);
#2688 = ORIENTED_EDGE('',*,*,#2689,.T.);
#2689 = EDGE_CURVE('',#962,#2690,#2692,.T.);
#2690 = VERTEX_POINT('',#2691);
#2691 = CARTESIAN_POINT('',(1.45,3.6471615,4.1));
#2692 = LINE('',#2693,#2694);
#2693 = CARTESIAN_POINT('',(1.45,3.6471615,3.1));
#2694 = VECTOR('',#2695,1.);
#2695 = DIRECTION('',(0.,0.,1.));
#2696 = ORIENTED_EDGE('',*,*,#2697,.T.);
#2697 = EDGE_CURVE('',#2690,#2698,#2700,.T.);
#2698 = VERTEX_POINT('',#2699);
#2699 = CARTESIAN_POINT('',(1.2,3.6471615,4.1));
#2700 = LINE('',#2701,#2702);
#2701 = CARTESIAN_POINT('',(1.45,3.6471615,4.1));
#2702 = VECTOR('',#2703,1.);
#2703 = DIRECTION('',(-1.,0.,0.));
#2704 = ORIENTED_EDGE('',*,*,#2705,.F.);
#2705 = EDGE_CURVE('',#954,#2698,#2706,.T.);
#2706 = LINE('',#2707,#2708);
#2707 = CARTESIAN_POINT('',(1.2,3.6471615,3.1));
#2708 = VECTOR('',#2709,1.);
#2709 = DIRECTION('',(0.,0.,1.));
#2710 = PLANE('',#2711);
#2711 = AXIS2_PLACEMENT_3D('',#2712,#2713,#2714);
#2712 = CARTESIAN_POINT('',(1.45,3.6471615,3.1));
#2713 = DIRECTION('',(0.,-1.,0.));
#2714 = DIRECTION('',(-1.,0.,0.));
#2715 = ADVANCED_FACE('',(#2716),#2741,.T.);
#2716 = FACE_BOUND('',#2717,.T.);
#2717 = EDGE_LOOP('',(#2718,#2726,#2727,#2735));
#2718 = ORIENTED_EDGE('',*,*,#2719,.T.);
#2719 = EDGE_CURVE('',#2720,#978,#2722,.T.);
#2720 = VERTEX_POINT('',#2721);
#2721 = CARTESIAN_POINT('',(2.,3.549724,1.1));
#2722 = LINE('',#2723,#2724);
#2723 = CARTESIAN_POINT('',(2.,3.549724,3.));
#2724 = VECTOR('',#2725,1.);
#2725 = DIRECTION('',(0.,0.,1.));
#2726 = ORIENTED_EDGE('',*,*,#977,.T.);
#2727 = ORIENTED_EDGE('',*,*,#2728,.F.);
#2728 = EDGE_CURVE('',#2729,#970,#2731,.T.);
#2729 = VERTEX_POINT('',#2730);
#2730 = CARTESIAN_POINT('',(1.45,3.549724,1.1));
#2731 = LINE('',#2732,#2733);
#2732 = CARTESIAN_POINT('',(1.45,3.549724,3.));
#2733 = VECTOR('',#2734,1.);
#2734 = DIRECTION('',(0.,0.,1.));
#2735 = ORIENTED_EDGE('',*,*,#2736,.F.);
#2736 = EDGE_CURVE('',#2720,#2729,#2737,.T.);
#2737 = LINE('',#2738,#2739);
#2738 = CARTESIAN_POINT('',(4.28,3.549724,1.1));
#2739 = VECTOR('',#2740,1.);
#2740 = DIRECTION('',(-1.,0.,0.));
#2741 = PLANE('',#2742);
#2742 = AXIS2_PLACEMENT_3D('',#2743,#2744,#2745);
#2743 = CARTESIAN_POINT('',(1.725,3.549724,2.55));
#2744 = DIRECTION('',(-0.,-1.,-0.));
#2745 = DIRECTION('',(0.,0.,-1.));
#2746 = ADVANCED_FACE('',(#2747),#2772,.F.);
#2747 = FACE_BOUND('',#2748,.F.);
#2748 = EDGE_LOOP('',(#2749,#2750,#2758,#2766));
#2749 = ORIENTED_EDGE('',*,*,#993,.T.);
#2750 = ORIENTED_EDGE('',*,*,#2751,.T.);
#2751 = EDGE_CURVE('',#994,#2752,#2754,.T.);
#2752 = VERTEX_POINT('',#2753);
#2753 = CARTESIAN_POINT('',(2.25,3.647161,4.1));
#2754 = LINE('',#2755,#2756);
#2755 = CARTESIAN_POINT('',(2.25,3.647161,3.1));
#2756 = VECTOR('',#2757,1.);
#2757 = DIRECTION('',(0.,0.,1.));
#2758 = ORIENTED_EDGE('',*,*,#2759,.T.);
#2759 = EDGE_CURVE('',#2752,#2760,#2762,.T.);
#2760 = VERTEX_POINT('',#2761);
#2761 = CARTESIAN_POINT('',(2.,3.647161,4.1));
#2762 = LINE('',#2763,#2764);
#2763 = CARTESIAN_POINT('',(2.25,3.647161,4.1));
#2764 = VECTOR('',#2765,1.);
#2765 = DIRECTION('',(-1.,0.,0.));
#2766 = ORIENTED_EDGE('',*,*,#2767,.F.);
#2767 = EDGE_CURVE('',#986,#2760,#2768,.T.);
#2768 = LINE('',#2769,#2770);
#2769 = CARTESIAN_POINT('',(2.,3.647161,3.1));
#2770 = VECTOR('',#2771,1.);
#2771 = DIRECTION('',(0.,0.,1.));
#2772 = PLANE('',#2773);
#2773 = AXIS2_PLACEMENT_3D('',#2774,#2775,#2776);
#2774 = CARTESIAN_POINT('',(2.25,3.647161,3.1));
#2775 = DIRECTION('',(0.,-1.,0.));
#2776 = DIRECTION('',(-1.,0.,0.));
#2777 = ADVANCED_FACE('',(#2778),#2803,.T.);
#2778 = FACE_BOUND('',#2779,.T.);
#2779 = EDGE_LOOP('',(#2780,#2788,#2789,#2797));
#2780 = ORIENTED_EDGE('',*,*,#2781,.T.);
#2781 = EDGE_CURVE('',#2782,#1010,#2784,.T.);
#2782 = VERTEX_POINT('',#2783);
#2783 = CARTESIAN_POINT('',(2.8,3.549724,1.1));
#2784 = LINE('',#2785,#2786);
#2785 = CARTESIAN_POINT('',(2.8,3.549724,3.));
#2786 = VECTOR('',#2787,1.);
#2787 = DIRECTION('',(0.,0.,1.));
#2788 = ORIENTED_EDGE('',*,*,#1009,.T.);
#2789 = ORIENTED_EDGE('',*,*,#2790,.F.);
#2790 = EDGE_CURVE('',#2791,#1002,#2793,.T.);
#2791 = VERTEX_POINT('',#2792);
#2792 = CARTESIAN_POINT('',(2.25,3.549724,1.1));
#2793 = LINE('',#2794,#2795);
#2794 = CARTESIAN_POINT('',(2.25,3.549724,3.));
#2795 = VECTOR('',#2796,1.);
#2796 = DIRECTION('',(0.,0.,1.));
#2797 = ORIENTED_EDGE('',*,*,#2798,.F.);
#2798 = EDGE_CURVE('',#2782,#2791,#2799,.T.);
#2799 = LINE('',#2800,#2801);
#2800 = CARTESIAN_POINT('',(4.28,3.549724,1.1));
#2801 = VECTOR('',#2802,1.);
#2802 = DIRECTION('',(-1.,0.,0.));
#2803 = PLANE('',#2804);
#2804 = AXIS2_PLACEMENT_3D('',#2805,#2806,#2807);
#2805 = CARTESIAN_POINT('',(2.525,3.549724,2.55));
#2806 = DIRECTION('',(-0.,-1.,-0.));
#2807 = DIRECTION('',(0.,0.,-1.));
#2808 = ADVANCED_FACE('',(#2809),#2834,.F.);
#2809 = FACE_BOUND('',#2810,.F.);
#2810 = EDGE_LOOP('',(#2811,#2812,#2820,#2828));
#2811 = ORIENTED_EDGE('',*,*,#1025,.T.);
#2812 = ORIENTED_EDGE('',*,*,#2813,.T.);
#2813 = EDGE_CURVE('',#1026,#2814,#2816,.T.);
#2814 = VERTEX_POINT('',#2815);
#2815 = CARTESIAN_POINT('',(3.05,3.647161,4.1));
#2816 = LINE('',#2817,#2818);
#2817 = CARTESIAN_POINT('',(3.05,3.647161,3.1));
#2818 = VECTOR('',#2819,1.);
#2819 = DIRECTION('',(0.,0.,1.));
#2820 = ORIENTED_EDGE('',*,*,#2821,.T.);
#2821 = EDGE_CURVE('',#2814,#2822,#2824,.T.);
#2822 = VERTEX_POINT('',#2823);
#2823 = CARTESIAN_POINT('',(2.8,3.647161,4.1));
#2824 = LINE('',#2825,#2826);
#2825 = CARTESIAN_POINT('',(3.05,3.647161,4.1));
#2826 = VECTOR('',#2827,1.);
#2827 = DIRECTION('',(-1.,0.,0.));
#2828 = ORIENTED_EDGE('',*,*,#2829,.F.);
#2829 = EDGE_CURVE('',#1018,#2822,#2830,.T.);
#2830 = LINE('',#2831,#2832);
#2831 = CARTESIAN_POINT('',(2.8,3.647161,3.1));
#2832 = VECTOR('',#2833,1.);
#2833 = DIRECTION('',(0.,0.,1.));
#2834 = PLANE('',#2835);
#2835 = AXIS2_PLACEMENT_3D('',#2836,#2837,#2838);
#2836 = CARTESIAN_POINT('',(3.05,3.647161,3.1));
#2837 = DIRECTION('',(0.,-1.,0.));
#2838 = DIRECTION('',(-1.,0.,0.));
#2839 = ADVANCED_FACE('',(#2840),#2865,.T.);
#2840 = FACE_BOUND('',#2841,.T.);
#2841 = EDGE_LOOP('',(#2842,#2850,#2851,#2859));
#2842 = ORIENTED_EDGE('',*,*,#2843,.T.);
#2843 = EDGE_CURVE('',#2844,#1042,#2846,.T.);
#2844 = VERTEX_POINT('',#2845);
#2845 = CARTESIAN_POINT('',(3.6,3.549724,1.1));
#2846 = LINE('',#2847,#2848);
#2847 = CARTESIAN_POINT('',(3.6,3.549724,3.));
#2848 = VECTOR('',#2849,1.);
#2849 = DIRECTION('',(0.,0.,1.));
#2850 = ORIENTED_EDGE('',*,*,#1041,.T.);
#2851 = ORIENTED_EDGE('',*,*,#2852,.F.);
#2852 = EDGE_CURVE('',#2853,#1034,#2855,.T.);
#2853 = VERTEX_POINT('',#2854);
#2854 = CARTESIAN_POINT('',(3.05,3.549724,1.1));
#2855 = LINE('',#2856,#2857);
#2856 = CARTESIAN_POINT('',(3.05,3.549724,3.));
#2857 = VECTOR('',#2858,1.);
#2858 = DIRECTION('',(0.,0.,1.));
#2859 = ORIENTED_EDGE('',*,*,#2860,.F.);
#2860 = EDGE_CURVE('',#2844,#2853,#2861,.T.);
#2861 = LINE('',#2862,#2863);
#2862 = CARTESIAN_POINT('',(4.28,3.549724,1.1));
#2863 = VECTOR('',#2864,1.);
#2864 = DIRECTION('',(-1.,0.,0.));
#2865 = PLANE('',#2866);
#2866 = AXIS2_PLACEMENT_3D('',#2867,#2868,#2869);
#2867 = CARTESIAN_POINT('',(3.325,3.549724,2.55));
#2868 = DIRECTION('',(-0.,-1.,-0.));
#2869 = DIRECTION('',(0.,0.,-1.));
#2870 = ADVANCED_FACE('',(#2871),#2896,.F.);
#2871 = FACE_BOUND('',#2872,.F.);
#2872 = EDGE_LOOP('',(#2873,#2874,#2882,#2890));
#2873 = ORIENTED_EDGE('',*,*,#1057,.T.);
#2874 = ORIENTED_EDGE('',*,*,#2875,.T.);
#2875 = EDGE_CURVE('',#1058,#2876,#2878,.T.);
#2876 = VERTEX_POINT('',#2877);
#2877 = CARTESIAN_POINT('',(3.85,3.647161,4.1));
#2878 = LINE('',#2879,#2880);
#2879 = CARTESIAN_POINT('',(3.85,3.647161,3.1));
#2880 = VECTOR('',#2881,1.);
#2881 = DIRECTION('',(0.,0.,1.));
#2882 = ORIENTED_EDGE('',*,*,#2883,.T.);
#2883 = EDGE_CURVE('',#2876,#2884,#2886,.T.);
#2884 = VERTEX_POINT('',#2885);
#2885 = CARTESIAN_POINT('',(3.6,3.647161,4.1));
#2886 = LINE('',#2887,#2888);
#2887 = CARTESIAN_POINT('',(3.85,3.647161,4.1));
#2888 = VECTOR('',#2889,1.);
#2889 = DIRECTION('',(-1.,0.,0.));
#2890 = ORIENTED_EDGE('',*,*,#2891,.F.);
#2891 = EDGE_CURVE('',#1050,#2884,#2892,.T.);
#2892 = LINE('',#2893,#2894);
#2893 = CARTESIAN_POINT('',(3.6,3.647161,3.1));
#2894 = VECTOR('',#2895,1.);
#2895 = DIRECTION('',(0.,0.,1.));
#2896 = PLANE('',#2897);
#2897 = AXIS2_PLACEMENT_3D('',#2898,#2899,#2900);
#2898 = CARTESIAN_POINT('',(3.85,3.647161,3.1));
#2899 = DIRECTION('',(0.,-1.,0.));
#2900 = DIRECTION('',(-1.,0.,0.));
#2901 = ADVANCED_FACE('',(#2902),#2927,.T.);
#2902 = FACE_BOUND('',#2903,.T.);
#2903 = EDGE_LOOP('',(#2904,#2912,#2913,#2921));
#2904 = ORIENTED_EDGE('',*,*,#2905,.T.);
#2905 = EDGE_CURVE('',#2906,#1074,#2908,.T.);
#2906 = VERTEX_POINT('',#2907);
#2907 = CARTESIAN_POINT('',(4.28,3.549724,1.1));
#2908 = LINE('',#2909,#2910);
#2909 = CARTESIAN_POINT('',(4.28,3.549724,3.));
#2910 = VECTOR('',#2911,1.);
#2911 = DIRECTION('',(0.,0.,1.));
#2912 = ORIENTED_EDGE('',*,*,#1073,.T.);
#2913 = ORIENTED_EDGE('',*,*,#2914,.F.);
#2914 = EDGE_CURVE('',#2915,#1066,#2917,.T.);
#2915 = VERTEX_POINT('',#2916);
#2916 = CARTESIAN_POINT('',(3.85,3.549724,1.1));
#2917 = LINE('',#2918,#2919);
#2918 = CARTESIAN_POINT('',(3.85,3.549724,3.));
#2919 = VECTOR('',#2920,1.);
#2920 = DIRECTION('',(0.,0.,1.));
#2921 = ORIENTED_EDGE('',*,*,#2922,.F.);
#2922 = EDGE_CURVE('',#2906,#2915,#2923,.T.);
#2923 = LINE('',#2924,#2925);
#2924 = CARTESIAN_POINT('',(4.28,3.549724,1.1));
#2925 = VECTOR('',#2926,1.);
#2926 = DIRECTION('',(-1.,0.,0.));
#2927 = PLANE('',#2928);
#2928 = AXIS2_PLACEMENT_3D('',#2929,#2930,#2931);
#2929 = CARTESIAN_POINT('',(4.065,3.549724,2.55));
#2930 = DIRECTION('',(-0.,-1.,-0.));
#2931 = DIRECTION('',(0.,0.,-1.));
#2932 = ADVANCED_FACE('',(#2933),#2951,.T.);
#2933 = FACE_BOUND('',#2934,.T.);
#2934 = EDGE_LOOP('',(#2935,#2936,#2937,#2945));
#2935 = ORIENTED_EDGE('',*,*,#1081,.T.);
#2936 = ORIENTED_EDGE('',*,*,#2905,.F.);
#2937 = ORIENTED_EDGE('',*,*,#2938,.F.);
#2938 = EDGE_CURVE('',#2939,#2906,#2941,.T.);
#2939 = VERTEX_POINT('',#2940);
#2940 = CARTESIAN_POINT('',(4.28,2.749724,1.1));
#2941 = LINE('',#2942,#2943);
#2942 = CARTESIAN_POINT('',(4.28,2.749724,1.1));
#2943 = VECTOR('',#2944,1.);
#2944 = DIRECTION('',(0.,1.,0.));
#2945 = ORIENTED_EDGE('',*,*,#2946,.F.);
#2946 = EDGE_CURVE('',#1082,#2939,#2947,.T.);
#2947 = LINE('',#2948,#2949);
#2948 = CARTESIAN_POINT('',(4.28,2.749724,3.));
#2949 = VECTOR('',#2950,1.);
#2950 = DIRECTION('',(-0.,-0.,-1.));
#2951 = PLANE('',#2952);
#2952 = AXIS2_PLACEMENT_3D('',#2953,#2954,#2955);
#2953 = CARTESIAN_POINT('',(4.28,3.149724,2.55));
#2954 = DIRECTION('',(-1.,-0.,-0.));
#2955 = DIRECTION('',(0.,0.,-1.));
#2956 = ADVANCED_FACE('',(#2957),#2975,.T.);
#2957 = FACE_BOUND('',#2958,.T.);
#2958 = EDGE_LOOP('',(#2959,#2967,#2968,#2969));
#2959 = ORIENTED_EDGE('',*,*,#2960,.T.);
#2960 = EDGE_CURVE('',#2961,#1090,#2963,.T.);
#2961 = VERTEX_POINT('',#2962);
#2962 = CARTESIAN_POINT('',(3.85,2.749724,1.1));
#2963 = LINE('',#2964,#2965);
#2964 = CARTESIAN_POINT('',(3.85,2.749724,3.));
#2965 = VECTOR('',#2966,1.);
#2966 = DIRECTION('',(0.,0.,1.));
#2967 = ORIENTED_EDGE('',*,*,#1089,.T.);
#2968 = ORIENTED_EDGE('',*,*,#2946,.T.);
#2969 = ORIENTED_EDGE('',*,*,#2970,.F.);
#2970 = EDGE_CURVE('',#2961,#2939,#2971,.T.);
#2971 = LINE('',#2972,#2973);
#2972 = CARTESIAN_POINT('',(0.82,2.749724,1.1));
#2973 = VECTOR('',#2974,1.);
#2974 = DIRECTION('',(1.,0.,0.));
#2975 = PLANE('',#2976);
#2976 = AXIS2_PLACEMENT_3D('',#2977,#2978,#2979);
#2977 = CARTESIAN_POINT('',(4.065,2.749724,2.55));
#2978 = DIRECTION('',(0.,1.,0.));
#2979 = DIRECTION('',(0.,0.,1.));
#2980 = ADVANCED_FACE('',(#2981),#3006,.F.);
#2981 = FACE_BOUND('',#2982,.F.);
#2982 = EDGE_LOOP('',(#2983,#2984,#2992,#3000));
#2983 = ORIENTED_EDGE('',*,*,#1105,.T.);
#2984 = ORIENTED_EDGE('',*,*,#2985,.T.);
#2985 = EDGE_CURVE('',#1106,#2986,#2988,.T.);
#2986 = VERTEX_POINT('',#2987);
#2987 = CARTESIAN_POINT('',(3.6,2.647161,4.1));
#2988 = LINE('',#2989,#2990);
#2989 = CARTESIAN_POINT('',(3.6,2.647161,3.1));
#2990 = VECTOR('',#2991,1.);
#2991 = DIRECTION('',(0.,0.,1.));
#2992 = ORIENTED_EDGE('',*,*,#2993,.T.);
#2993 = EDGE_CURVE('',#2986,#2994,#2996,.T.);
#2994 = VERTEX_POINT('',#2995);
#2995 = CARTESIAN_POINT('',(3.85,2.647161,4.1));
#2996 = LINE('',#2997,#2998);
#2997 = CARTESIAN_POINT('',(3.6,2.647161,4.1));
#2998 = VECTOR('',#2999,1.);
#2999 = DIRECTION('',(1.,0.,0.));
#3000 = ORIENTED_EDGE('',*,*,#3001,.F.);
#3001 = EDGE_CURVE('',#1098,#2994,#3002,.T.);
#3002 = LINE('',#3003,#3004);
#3003 = CARTESIAN_POINT('',(3.85,2.647161,3.1));
#3004 = VECTOR('',#3005,1.);
#3005 = DIRECTION('',(0.,0.,1.));
#3006 = PLANE('',#3007);
#3007 = AXIS2_PLACEMENT_3D('',#3008,#3009,#3010);
#3008 = CARTESIAN_POINT('',(3.6,2.647161,3.1));
#3009 = DIRECTION('',(0.,1.,0.));
#3010 = DIRECTION('',(1.,0.,0.));
#3011 = ADVANCED_FACE('',(#3012),#3037,.T.);
#3012 = FACE_BOUND('',#3013,.T.);
#3013 = EDGE_LOOP('',(#3014,#3022,#3023,#3031));
#3014 = ORIENTED_EDGE('',*,*,#3015,.T.);
#3015 = EDGE_CURVE('',#3016,#1122,#3018,.T.);
#3016 = VERTEX_POINT('',#3017);
#3017 = CARTESIAN_POINT('',(3.05,2.749724,1.1));
#3018 = LINE('',#3019,#3020);
#3019 = CARTESIAN_POINT('',(3.05,2.749724,3.));
#3020 = VECTOR('',#3021,1.);
#3021 = DIRECTION('',(0.,0.,1.));
#3022 = ORIENTED_EDGE('',*,*,#1121,.T.);
#3023 = ORIENTED_EDGE('',*,*,#3024,.F.);
#3024 = EDGE_CURVE('',#3025,#1114,#3027,.T.);
#3025 = VERTEX_POINT('',#3026);
#3026 = CARTESIAN_POINT('',(3.6,2.749724,1.1));
#3027 = LINE('',#3028,#3029);
#3028 = CARTESIAN_POINT('',(3.6,2.749724,3.));
#3029 = VECTOR('',#3030,1.);
#3030 = DIRECTION('',(0.,0.,1.));
#3031 = ORIENTED_EDGE('',*,*,#3032,.F.);
#3032 = EDGE_CURVE('',#3016,#3025,#3033,.T.);
#3033 = LINE('',#3034,#3035);
#3034 = CARTESIAN_POINT('',(0.82,2.749724,1.1));
#3035 = VECTOR('',#3036,1.);
#3036 = DIRECTION('',(1.,0.,0.));
#3037 = PLANE('',#3038);
#3038 = AXIS2_PLACEMENT_3D('',#3039,#3040,#3041);
#3039 = CARTESIAN_POINT('',(3.325,2.749724,2.55));
#3040 = DIRECTION('',(0.,1.,0.));
#3041 = DIRECTION('',(0.,0.,1.));
#3042 = ADVANCED_FACE('',(#3043),#3068,.F.);
#3043 = FACE_BOUND('',#3044,.F.);
#3044 = EDGE_LOOP('',(#3045,#3046,#3054,#3062));
#3045 = ORIENTED_EDGE('',*,*,#1137,.T.);
#3046 = ORIENTED_EDGE('',*,*,#3047,.T.);
#3047 = EDGE_CURVE('',#1138,#3048,#3050,.T.);
#3048 = VERTEX_POINT('',#3049);
#3049 = CARTESIAN_POINT('',(2.8,2.647161,4.1));
#3050 = LINE('',#3051,#3052);
#3051 = CARTESIAN_POINT('',(2.8,2.647161,3.1));
#3052 = VECTOR('',#3053,1.);
#3053 = DIRECTION('',(0.,0.,1.));
#3054 = ORIENTED_EDGE('',*,*,#3055,.T.);
#3055 = EDGE_CURVE('',#3048,#3056,#3058,.T.);
#3056 = VERTEX_POINT('',#3057);
#3057 = CARTESIAN_POINT('',(3.05,2.647161,4.1));
#3058 = LINE('',#3059,#3060);
#3059 = CARTESIAN_POINT('',(2.8,2.647161,4.1));
#3060 = VECTOR('',#3061,1.);
#3061 = DIRECTION('',(1.,0.,0.));
#3062 = ORIENTED_EDGE('',*,*,#3063,.F.);
#3063 = EDGE_CURVE('',#1130,#3056,#3064,.T.);
#3064 = LINE('',#3065,#3066);
#3065 = CARTESIAN_POINT('',(3.05,2.647161,3.1));
#3066 = VECTOR('',#3067,1.);
#3067 = DIRECTION('',(0.,0.,1.));
#3068 = PLANE('',#3069);
#3069 = AXIS2_PLACEMENT_3D('',#3070,#3071,#3072);
#3070 = CARTESIAN_POINT('',(2.8,2.647161,3.1));
#3071 = DIRECTION('',(0.,1.,0.));
#3072 = DIRECTION('',(1.,0.,0.));
#3073 = ADVANCED_FACE('',(#3074),#3099,.T.);
#3074 = FACE_BOUND('',#3075,.T.);
#3075 = EDGE_LOOP('',(#3076,#3084,#3085,#3093));
#3076 = ORIENTED_EDGE('',*,*,#3077,.T.);
#3077 = EDGE_CURVE('',#3078,#1154,#3080,.T.);
#3078 = VERTEX_POINT('',#3079);
#3079 = CARTESIAN_POINT('',(2.25,2.749724,1.1));
#3080 = LINE('',#3081,#3082);
#3081 = CARTESIAN_POINT('',(2.25,2.749724,3.));
#3082 = VECTOR('',#3083,1.);
#3083 = DIRECTION('',(0.,0.,1.));
#3084 = ORIENTED_EDGE('',*,*,#1153,.T.);
#3085 = ORIENTED_EDGE('',*,*,#3086,.F.);
#3086 = EDGE_CURVE('',#3087,#1146,#3089,.T.);
#3087 = VERTEX_POINT('',#3088);
#3088 = CARTESIAN_POINT('',(2.8,2.749724,1.1));
#3089 = LINE('',#3090,#3091);
#3090 = CARTESIAN_POINT('',(2.8,2.749724,3.));
#3091 = VECTOR('',#3092,1.);
#3092 = DIRECTION('',(0.,0.,1.));
#3093 = ORIENTED_EDGE('',*,*,#3094,.F.);
#3094 = EDGE_CURVE('',#3078,#3087,#3095,.T.);
#3095 = LINE('',#3096,#3097);
#3096 = CARTESIAN_POINT('',(0.82,2.749724,1.1));
#3097 = VECTOR('',#3098,1.);
#3098 = DIRECTION('',(1.,0.,0.));
#3099 = PLANE('',#3100);
#3100 = AXIS2_PLACEMENT_3D('',#3101,#3102,#3103);
#3101 = CARTESIAN_POINT('',(2.525,2.749724,2.55));
#3102 = DIRECTION('',(0.,1.,0.));
#3103 = DIRECTION('',(0.,0.,1.));
#3104 = ADVANCED_FACE('',(#3105),#3130,.F.);
#3105 = FACE_BOUND('',#3106,.F.);
#3106 = EDGE_LOOP('',(#3107,#3108,#3116,#3124));
#3107 = ORIENTED_EDGE('',*,*,#1169,.T.);
#3108 = ORIENTED_EDGE('',*,*,#3109,.T.);
#3109 = EDGE_CURVE('',#1170,#3110,#3112,.T.);
#3110 = VERTEX_POINT('',#3111);
#3111 = CARTESIAN_POINT('',(2.,2.647161,4.1));
#3112 = LINE('',#3113,#3114);
#3113 = CARTESIAN_POINT('',(2.,2.647161,3.1));
#3114 = VECTOR('',#3115,1.);
#3115 = DIRECTION('',(0.,0.,1.));
#3116 = ORIENTED_EDGE('',*,*,#3117,.T.);
#3117 = EDGE_CURVE('',#3110,#3118,#3120,.T.);
#3118 = VERTEX_POINT('',#3119);
#3119 = CARTESIAN_POINT('',(2.25,2.647161,4.1));
#3120 = LINE('',#3121,#3122);
#3121 = CARTESIAN_POINT('',(2.,2.647161,4.1));
#3122 = VECTOR('',#3123,1.);
#3123 = DIRECTION('',(1.,0.,0.));
#3124 = ORIENTED_EDGE('',*,*,#3125,.F.);
#3125 = EDGE_CURVE('',#1162,#3118,#3126,.T.);
#3126 = LINE('',#3127,#3128);
#3127 = CARTESIAN_POINT('',(2.25,2.647161,3.1));
#3128 = VECTOR('',#3129,1.);
#3129 = DIRECTION('',(0.,0.,1.));
#3130 = PLANE('',#3131);
#3131 = AXIS2_PLACEMENT_3D('',#3132,#3133,#3134);
#3132 = CARTESIAN_POINT('',(2.,2.647161,3.1));
#3133 = DIRECTION('',(0.,1.,0.));
#3134 = DIRECTION('',(1.,0.,0.));
#3135 = ADVANCED_FACE('',(#3136),#3161,.T.);
#3136 = FACE_BOUND('',#3137,.T.);
#3137 = EDGE_LOOP('',(#3138,#3146,#3147,#3155));
#3138 = ORIENTED_EDGE('',*,*,#3139,.T.);
#3139 = EDGE_CURVE('',#3140,#1186,#3142,.T.);
#3140 = VERTEX_POINT('',#3141);
#3141 = CARTESIAN_POINT('',(1.45,2.749724,1.1));
#3142 = LINE('',#3143,#3144);
#3143 = CARTESIAN_POINT('',(1.45,2.749724,3.));
#3144 = VECTOR('',#3145,1.);
#3145 = DIRECTION('',(0.,0.,1.));
#3146 = ORIENTED_EDGE('',*,*,#1185,.T.);
#3147 = ORIENTED_EDGE('',*,*,#3148,.F.);
#3148 = EDGE_CURVE('',#3149,#1178,#3151,.T.);
#3149 = VERTEX_POINT('',#3150);
#3150 = CARTESIAN_POINT('',(2.,2.749724,1.1));
#3151 = LINE('',#3152,#3153);
#3152 = CARTESIAN_POINT('',(2.,2.749724,3.));
#3153 = VECTOR('',#3154,1.);
#3154 = DIRECTION('',(0.,0.,1.));
#3155 = ORIENTED_EDGE('',*,*,#3156,.F.);
#3156 = EDGE_CURVE('',#3140,#3149,#3157,.T.);
#3157 = LINE('',#3158,#3159);
#3158 = CARTESIAN_POINT('',(0.82,2.749724,1.1));
#3159 = VECTOR('',#3160,1.);
#3160 = DIRECTION('',(1.,0.,0.));
#3161 = PLANE('',#3162);
#3162 = AXIS2_PLACEMENT_3D('',#3163,#3164,#3165);
#3163 = CARTESIAN_POINT('',(1.725,2.749724,2.55));
#3164 = DIRECTION('',(0.,1.,0.));
#3165 = DIRECTION('',(0.,0.,1.));
#3166 = ADVANCED_FACE('',(#3167),#3192,.F.);
#3167 = FACE_BOUND('',#3168,.F.);
#3168 = EDGE_LOOP('',(#3169,#3170,#3178,#3186));
#3169 = ORIENTED_EDGE('',*,*,#1201,.T.);
#3170 = ORIENTED_EDGE('',*,*,#3171,.T.);
#3171 = EDGE_CURVE('',#1202,#3172,#3174,.T.);
#3172 = VERTEX_POINT('',#3173);
#3173 = CARTESIAN_POINT('',(1.2,2.647161,4.1));
#3174 = LINE('',#3175,#3176);
#3175 = CARTESIAN_POINT('',(1.2,2.647161,3.1));
#3176 = VECTOR('',#3177,1.);
#3177 = DIRECTION('',(0.,0.,1.));
#3178 = ORIENTED_EDGE('',*,*,#3179,.T.);
#3179 = EDGE_CURVE('',#3172,#3180,#3182,.T.);
#3180 = VERTEX_POINT('',#3181);
#3181 = CARTESIAN_POINT('',(1.45,2.647161,4.1));
#3182 = LINE('',#3183,#3184);
#3183 = CARTESIAN_POINT('',(1.2,2.647161,4.1));
#3184 = VECTOR('',#3185,1.);
#3185 = DIRECTION('',(1.,0.,0.));
#3186 = ORIENTED_EDGE('',*,*,#3187,.F.);
#3187 = EDGE_CURVE('',#1194,#3180,#3188,.T.);
#3188 = LINE('',#3189,#3190);
#3189 = CARTESIAN_POINT('',(1.45,2.647161,3.1));
#3190 = VECTOR('',#3191,1.);
#3191 = DIRECTION('',(0.,0.,1.));
#3192 = PLANE('',#3193);
#3193 = AXIS2_PLACEMENT_3D('',#3194,#3195,#3196);
#3194 = CARTESIAN_POINT('',(1.2,2.647161,3.1));
#3195 = DIRECTION('',(0.,1.,0.));
#3196 = DIRECTION('',(1.,0.,0.));
#3197 = ADVANCED_FACE('',(#3198),#3216,.T.);
#3198 = FACE_BOUND('',#3199,.T.);
#3199 = EDGE_LOOP('',(#3200,#3201,#3202,#3210));
#3200 = ORIENTED_EDGE('',*,*,#2634,.T.);
#3201 = ORIENTED_EDGE('',*,*,#1217,.T.);
#3202 = ORIENTED_EDGE('',*,*,#3203,.F.);
#3203 = EDGE_CURVE('',#3204,#1210,#3206,.T.);
#3204 = VERTEX_POINT('',#3205);
#3205 = CARTESIAN_POINT('',(1.2,2.749724,1.1));
#3206 = LINE('',#3207,#3208);
#3207 = CARTESIAN_POINT('',(1.2,2.749724,3.));
#3208 = VECTOR('',#3209,1.);
#3209 = DIRECTION('',(0.,0.,1.));
#3210 = ORIENTED_EDGE('',*,*,#3211,.F.);
#3211 = EDGE_CURVE('',#2635,#3204,#3212,.T.);
#3212 = LINE('',#3213,#3214);
#3213 = CARTESIAN_POINT('',(0.82,2.749724,1.1));
#3214 = VECTOR('',#3215,1.);
#3215 = DIRECTION('',(1.,0.,0.));
#3216 = PLANE('',#3217);
#3217 = AXIS2_PLACEMENT_3D('',#3218,#3219,#3220);
#3218 = CARTESIAN_POINT('',(1.01,2.749724,2.55));
#3219 = DIRECTION('',(0.,1.,0.));
#3220 = DIRECTION('',(0.,0.,1.));
#3221 = ADVANCED_FACE('',(#3222),#3228,.F.);
#3222 = FACE_BOUND('',#3223,.F.);
#3223 = EDGE_LOOP('',(#3224,#3225,#3226,#3227));
#3224 = ORIENTED_EDGE('',*,*,#1285,.T.);
#3225 = ORIENTED_EDGE('',*,*,#1991,.T.);
#3226 = ORIENTED_EDGE('',*,*,#1341,.T.);
#3227 = ORIENTED_EDGE('',*,*,#1317,.T.);
#3228 = PLANE('',#3229);
#3229 = AXIS2_PLACEMENT_3D('',#3230,#3231,#3232);
#3230 = CARTESIAN_POINT('',(2.525,2.2,-0.1));
#3231 = DIRECTION('',(0.,0.,1.));
#3232 = DIRECTION('',(1.,0.,0.));
#3233 = ADVANCED_FACE('',(#3234),#3240,.F.);
#3234 = FACE_BOUND('',#3235,.F.);
#3235 = EDGE_LOOP('',(#3236,#3237,#3238,#3239));
#3236 = ORIENTED_EDGE('',*,*,#1366,.T.);
#3237 = ORIENTED_EDGE('',*,*,#2008,.T.);
#3238 = ORIENTED_EDGE('',*,*,#1422,.T.);
#3239 = ORIENTED_EDGE('',*,*,#1398,.T.);
#3240 = PLANE('',#3241);
#3241 = AXIS2_PLACEMENT_3D('',#3242,#3243,#3244);
#3242 = CARTESIAN_POINT('',(2.525,2.2,-0.1));
#3243 = DIRECTION('',(0.,0.,1.));
#3244 = DIRECTION('',(1.,0.,0.));
#3245 = ADVANCED_FACE('',(#3246),#3252,.F.);
#3246 = FACE_BOUND('',#3247,.F.);
#3247 = EDGE_LOOP('',(#3248,#3249,#3250,#3251));
#3248 = ORIENTED_EDGE('',*,*,#1447,.T.);
#3249 = ORIENTED_EDGE('',*,*,#2025,.T.);
#3250 = ORIENTED_EDGE('',*,*,#1503,.T.);
#3251 = ORIENTED_EDGE('',*,*,#1479,.T.);
#3252 = PLANE('',#3253);
#3253 = AXIS2_PLACEMENT_3D('',#3254,#3255,#3256);
#3254 = CARTESIAN_POINT('',(2.525,2.2,-0.1));
#3255 = DIRECTION('',(0.,0.,1.));
#3256 = DIRECTION('',(1.,0.,0.));
#3257 = ADVANCED_FACE('',(#3258),#3269,.T.);
#3258 = FACE_BOUND('',#3259,.T.);
#3259 = EDGE_LOOP('',(#3260,#3266,#3267,#3268));
#3260 = ORIENTED_EDGE('',*,*,#3261,.T.);
#3261 = EDGE_CURVE('',#1577,#1624,#3262,.T.);
#3262 = LINE('',#3263,#3264);
#3263 = CARTESIAN_POINT('',(3.85,5.,0.));
#3264 = VECTOR('',#3265,1.);
#3265 = DIRECTION('',(-1.,0.,0.));
#3266 = ORIENTED_EDGE('',*,*,#1641,.T.);
#3267 = ORIENTED_EDGE('',*,*,#1522,.F.);
#3268 = ORIENTED_EDGE('',*,*,#1584,.T.);
#3269 = PLANE('',#3270);
#3270 = AXIS2_PLACEMENT_3D('',#3271,#3272,#3273);
#3271 = CARTESIAN_POINT('',(2.525,2.2,0.));
#3272 = DIRECTION('',(0.,0.,1.));
#3273 = DIRECTION('',(1.,0.,0.));
#3274 = ADVANCED_FACE('',(#3275),#3286,.T.);
#3275 = FACE_BOUND('',#3276,.T.);
#3276 = EDGE_LOOP('',(#3277,#3283,#3284,#3285));
#3277 = ORIENTED_EDGE('',*,*,#3278,.T.);
#3278 = EDGE_CURVE('',#1672,#1719,#3279,.T.);
#3279 = LINE('',#3280,#3281);
#3280 = CARTESIAN_POINT('',(3.05,5.,0.));
#3281 = VECTOR('',#3282,1.);
#3282 = DIRECTION('',(-1.,0.,0.));
#3283 = ORIENTED_EDGE('',*,*,#1736,.T.);
#3284 = ORIENTED_EDGE('',*,*,#1529,.F.);
#3285 = ORIENTED_EDGE('',*,*,#1679,.T.);
#3286 = PLANE('',#3287);
#3287 = AXIS2_PLACEMENT_3D('',#3288,#3289,#3290);
#3288 = CARTESIAN_POINT('',(2.525,2.2,0.));
#3289 = DIRECTION('',(0.,0.,1.));
#3290 = DIRECTION('',(1.,0.,0.));
#3291 = ADVANCED_FACE('',(#3292),#3303,.T.);
#3292 = FACE_BOUND('',#3293,.T.);
#3293 = EDGE_LOOP('',(#3294,#3300,#3301,#3302));
#3294 = ORIENTED_EDGE('',*,*,#3295,.T.);
#3295 = EDGE_CURVE('',#1767,#1814,#3296,.T.);
#3296 = LINE('',#3297,#3298);
#3297 = CARTESIAN_POINT('',(2.25,5.,0.));
#3298 = VECTOR('',#3299,1.);
#3299 = DIRECTION('',(-1.,0.,0.));
#3300 = ORIENTED_EDGE('',*,*,#1831,.T.);
#3301 = ORIENTED_EDGE('',*,*,#1536,.F.);
#3302 = ORIENTED_EDGE('',*,*,#1774,.T.);
#3303 = PLANE('',#3304);
#3304 = AXIS2_PLACEMENT_3D('',#3305,#3306,#3307);
#3305 = CARTESIAN_POINT('',(2.525,2.2,0.));
#3306 = DIRECTION('',(0.,0.,1.));
#3307 = DIRECTION('',(1.,0.,0.));
#3308 = ADVANCED_FACE('',(#3309),#3320,.T.);
#3309 = FACE_BOUND('',#3310,.T.);
#3310 = EDGE_LOOP('',(#3311,#3317,#3318,#3319));
#3311 = ORIENTED_EDGE('',*,*,#3312,.T.);
#3312 = EDGE_CURVE('',#1862,#1909,#3313,.T.);
#3313 = LINE('',#3314,#3315);
#3314 = CARTESIAN_POINT('',(1.45,5.,0.));
#3315 = VECTOR('',#3316,1.);
#3316 = DIRECTION('',(-1.,0.,0.));
#3317 = ORIENTED_EDGE('',*,*,#1926,.T.);
#3318 = ORIENTED_EDGE('',*,*,#1543,.F.);
#3319 = ORIENTED_EDGE('',*,*,#1869,.T.);
#3320 = PLANE('',#3321);
#3321 = AXIS2_PLACEMENT_3D('',#3322,#3323,#3324);
#3322 = CARTESIAN_POINT('',(2.525,2.2,0.));
#3323 = DIRECTION('',(0.,0.,1.));
#3324 = DIRECTION('',(1.,0.,0.));
#3325 = ADVANCED_FACE('',(#3326),#3337,.F.);
#3326 = FACE_BOUND('',#3327,.F.);
#3327 = EDGE_LOOP('',(#3328,#3329,#3330,#3331));
#3328 = ORIENTED_EDGE('',*,*,#1633,.T.);
#3329 = ORIENTED_EDGE('',*,*,#1607,.T.);
#3330 = ORIENTED_EDGE('',*,*,#1568,.T.);
#3331 = ORIENTED_EDGE('',*,*,#3332,.T.);
#3332 = EDGE_CURVE('',#1569,#1626,#3333,.T.);
#3333 = LINE('',#3334,#3335);
#3334 = CARTESIAN_POINT('',(3.85,5.,-0.1));
#3335 = VECTOR('',#3336,1.);
#3336 = DIRECTION('',(-1.,0.,0.));
#3337 = PLANE('',#3338);
#3338 = AXIS2_PLACEMENT_3D('',#3339,#3340,#3341);
#3339 = CARTESIAN_POINT('',(2.525,2.2,-0.1));
#3340 = DIRECTION('',(0.,0.,1.));
#3341 = DIRECTION('',(1.,0.,0.));
#3342 = ADVANCED_FACE('',(#3343),#3349,.T.);
#3343 = FACE_BOUND('',#3344,.T.);
#3344 = EDGE_LOOP('',(#3345,#3346,#3347,#3348));
#3345 = ORIENTED_EDGE('',*,*,#1576,.T.);
#3346 = ORIENTED_EDGE('',*,*,#3332,.T.);
#3347 = ORIENTED_EDGE('',*,*,#1623,.F.);
#3348 = ORIENTED_EDGE('',*,*,#3261,.F.);
#3349 = PLANE('',#3350);
#3350 = AXIS2_PLACEMENT_3D('',#3351,#3352,#3353);
#3351 = CARTESIAN_POINT('',(3.85,5.,0.));
#3352 = DIRECTION('',(0.,1.,0.));
#3353 = DIRECTION('',(-1.,0.,0.));
#3354 = ADVANCED_FACE('',(#3355),#3366,.F.);
#3355 = FACE_BOUND('',#3356,.F.);
#3356 = EDGE_LOOP('',(#3357,#3358,#3359,#3360));
#3357 = ORIENTED_EDGE('',*,*,#1728,.T.);
#3358 = ORIENTED_EDGE('',*,*,#1702,.T.);
#3359 = ORIENTED_EDGE('',*,*,#1663,.T.);
#3360 = ORIENTED_EDGE('',*,*,#3361,.T.);
#3361 = EDGE_CURVE('',#1664,#1721,#3362,.T.);
#3362 = LINE('',#3363,#3364);
#3363 = CARTESIAN_POINT('',(3.05,5.,-0.1));
#3364 = VECTOR('',#3365,1.);
#3365 = DIRECTION('',(-1.,0.,0.));
#3366 = PLANE('',#3367);
#3367 = AXIS2_PLACEMENT_3D('',#3368,#3369,#3370);
#3368 = CARTESIAN_POINT('',(2.525,2.2,-0.1));
#3369 = DIRECTION('',(0.,0.,1.));
#3370 = DIRECTION('',(1.,0.,0.));
#3371 = ADVANCED_FACE('',(#3372),#3378,.T.);
#3372 = FACE_BOUND('',#3373,.T.);
#3373 = EDGE_LOOP('',(#3374,#3375,#3376,#3377));
#3374 = ORIENTED_EDGE('',*,*,#1671,.T.);
#3375 = ORIENTED_EDGE('',*,*,#3361,.T.);
#3376 = ORIENTED_EDGE('',*,*,#1718,.F.);
#3377 = ORIENTED_EDGE('',*,*,#3278,.F.);
#3378 = PLANE('',#3379);
#3379 = AXIS2_PLACEMENT_3D('',#3380,#3381,#3382);
#3380 = CARTESIAN_POINT('',(3.05,5.,0.));
#3381 = DIRECTION('',(0.,1.,0.));
#3382 = DIRECTION('',(-1.,0.,0.));
#3383 = ADVANCED_FACE('',(#3384),#3395,.F.);
#3384 = FACE_BOUND('',#3385,.F.);
#3385 = EDGE_LOOP('',(#3386,#3387,#3388,#3389));
#3386 = ORIENTED_EDGE('',*,*,#1823,.T.);
#3387 = ORIENTED_EDGE('',*,*,#1797,.T.);
#3388 = ORIENTED_EDGE('',*,*,#1758,.T.);
#3389 = ORIENTED_EDGE('',*,*,#3390,.T.);
#3390 = EDGE_CURVE('',#1759,#1816,#3391,.T.);
#3391 = LINE('',#3392,#3393);
#3392 = CARTESIAN_POINT('',(2.25,5.,-0.1));
#3393 = VECTOR('',#3394,1.);
#3394 = DIRECTION('',(-1.,0.,0.));
#3395 = PLANE('',#3396);
#3396 = AXIS2_PLACEMENT_3D('',#3397,#3398,#3399);
#3397 = CARTESIAN_POINT('',(2.525,2.2,-0.1));
#3398 = DIRECTION('',(0.,0.,1.));
#3399 = DIRECTION('',(1.,0.,0.));
#3400 = ADVANCED_FACE('',(#3401),#3407,.T.);
#3401 = FACE_BOUND('',#3402,.T.);
#3402 = EDGE_LOOP('',(#3403,#3404,#3405,#3406));
#3403 = ORIENTED_EDGE('',*,*,#1766,.T.);
#3404 = ORIENTED_EDGE('',*,*,#3390,.T.);
#3405 = ORIENTED_EDGE('',*,*,#1813,.F.);
#3406 = ORIENTED_EDGE('',*,*,#3295,.F.);
#3407 = PLANE('',#3408);
#3408 = AXIS2_PLACEMENT_3D('',#3409,#3410,#3411);
#3409 = CARTESIAN_POINT('',(2.25,5.,0.));
#3410 = DIRECTION('',(0.,1.,0.));
#3411 = DIRECTION('',(-1.,0.,0.));
#3412 = ADVANCED_FACE('',(#3413),#3424,.F.);
#3413 = FACE_BOUND('',#3414,.F.);
#3414 = EDGE_LOOP('',(#3415,#3416,#3417,#3418));
#3415 = ORIENTED_EDGE('',*,*,#1918,.T.);
#3416 = ORIENTED_EDGE('',*,*,#1892,.T.);
#3417 = ORIENTED_EDGE('',*,*,#1853,.T.);
#3418 = ORIENTED_EDGE('',*,*,#3419,.T.);
#3419 = EDGE_CURVE('',#1854,#1911,#3420,.T.);
#3420 = LINE('',#3421,#3422);
#3421 = CARTESIAN_POINT('',(1.45,5.,-0.1));
#3422 = VECTOR('',#3423,1.);
#3423 = DIRECTION('',(-1.,0.,0.));
#3424 = PLANE('',#3425);
#3425 = AXIS2_PLACEMENT_3D('',#3426,#3427,#3428);
#3426 = CARTESIAN_POINT('',(2.525,2.2,-0.1));
#3427 = DIRECTION('',(0.,0.,1.));
#3428 = DIRECTION('',(1.,0.,0.));
#3429 = ADVANCED_FACE('',(#3430),#3436,.T.);
#3430 = FACE_BOUND('',#3431,.T.);
#3431 = EDGE_LOOP('',(#3432,#3433,#3434,#3435));
#3432 = ORIENTED_EDGE('',*,*,#1861,.T.);
#3433 = ORIENTED_EDGE('',*,*,#3419,.T.);
#3434 = ORIENTED_EDGE('',*,*,#1908,.F.);
#3435 = ORIENTED_EDGE('',*,*,#3312,.F.);
#3436 = PLANE('',#3437);
#3437 = AXIS2_PLACEMENT_3D('',#3438,#3439,#3440);
#3438 = CARTESIAN_POINT('',(1.45,5.,0.));
#3439 = DIRECTION('',(0.,1.,0.));
#3440 = DIRECTION('',(-1.,0.,0.));
#3441 = ADVANCED_FACE('',(#3442),#3445,.F.);
#3442 = FACE_BOUND('',#3443,.T.);
#3443 = EDGE_LOOP('',(#3444));
#3444 = ORIENTED_EDGE('',*,*,#1949,.T.);
#3445 = PLANE('',#3446);
#3446 = AXIS2_PLACEMENT_3D('',#3447,#3448,#3449);
#3447 = CARTESIAN_POINT('',(2.55,0.95,-0.6));
#3448 = DIRECTION('',(0.,0.,1.));
#3449 = DIRECTION('',(1.,0.,0.));
#3450 = ADVANCED_FACE('',(#3451),#3454,.F.);
#3451 = FACE_BOUND('',#3452,.T.);
#3452 = EDGE_LOOP('',(#3453));
#3453 = ORIENTED_EDGE('',*,*,#1974,.T.);
#3454 = PLANE('',#3455);
#3455 = AXIS2_PLACEMENT_3D('',#3456,#3457,#3458);
#3456 = CARTESIAN_POINT('',(2.55,0.95,-0.6));
#3457 = DIRECTION('',(0.,0.,1.));
#3458 = DIRECTION('',(1.,0.,0.));
#3459 = ADVANCED_FACE('',(#3460),#3650,.T.);
#3460 = FACE_BOUND('',#3461,.T.);
#3461 = EDGE_LOOP('',(#3462,#3463,#3464,#3465,#3473,#3481,#3487,#3488,
    #3496,#3504,#3510,#3511,#3519,#3527,#3533,#3534,#3542,#3550,#3556,
    #3557,#3558,#3559,#3567,#3575,#3581,#3582,#3590,#3598,#3604,#3605,
    #3613,#3621,#3627,#3628,#3636,#3644));
#3462 = ORIENTED_EDGE('',*,*,#2082,.T.);
#3463 = ORIENTED_EDGE('',*,*,#2050,.T.);
#3464 = ORIENTED_EDGE('',*,*,#2619,.T.);
#3465 = ORIENTED_EDGE('',*,*,#3466,.F.);
#3466 = EDGE_CURVE('',#3467,#2612,#3469,.T.);
#3467 = VERTEX_POINT('',#3468);
#3468 = CARTESIAN_POINT('',(1.2,0.947161,1.1));
#3469 = LINE('',#3470,#3471);
#3470 = CARTESIAN_POINT('',(1.2,0.947161,1.1));
#3471 = VECTOR('',#3472,1.);
#3472 = DIRECTION('',(0.,-1.,0.));
#3473 = ORIENTED_EDGE('',*,*,#3474,.F.);
#3474 = EDGE_CURVE('',#3475,#3467,#3477,.T.);
#3475 = VERTEX_POINT('',#3476);
#3476 = CARTESIAN_POINT('',(1.45,0.947161,1.1));
#3477 = LINE('',#3478,#3479);
#3478 = CARTESIAN_POINT('',(1.45,0.947161,1.1));
#3479 = VECTOR('',#3480,1.);
#3480 = DIRECTION('',(-1.,0.,0.));
#3481 = ORIENTED_EDGE('',*,*,#3482,.F.);
#3482 = EDGE_CURVE('',#2548,#3475,#3483,.T.);
#3483 = LINE('',#3484,#3485);
#3484 = CARTESIAN_POINT('',(1.45,0.747161,1.1));
#3485 = VECTOR('',#3486,1.);
#3486 = DIRECTION('',(0.,1.,0.));
#3487 = ORIENTED_EDGE('',*,*,#2564,.T.);
#3488 = ORIENTED_EDGE('',*,*,#3489,.F.);
#3489 = EDGE_CURVE('',#3490,#2557,#3492,.T.);
#3490 = VERTEX_POINT('',#3491);
#3491 = CARTESIAN_POINT('',(2.,0.947161,1.1));
#3492 = LINE('',#3493,#3494);
#3493 = CARTESIAN_POINT('',(2.,0.947161,1.1));
#3494 = VECTOR('',#3495,1.);
#3495 = DIRECTION('',(0.,-1.,0.));
#3496 = ORIENTED_EDGE('',*,*,#3497,.F.);
#3497 = EDGE_CURVE('',#3498,#3490,#3500,.T.);
#3498 = VERTEX_POINT('',#3499);
#3499 = CARTESIAN_POINT('',(2.25,0.947161,1.1));
#3500 = LINE('',#3501,#3502);
#3501 = CARTESIAN_POINT('',(2.25,0.947161,1.1));
#3502 = VECTOR('',#3503,1.);
#3503 = DIRECTION('',(-1.,0.,0.));
#3504 = ORIENTED_EDGE('',*,*,#3505,.F.);
#3505 = EDGE_CURVE('',#2486,#3498,#3506,.T.);
#3506 = LINE('',#3507,#3508);
#3507 = CARTESIAN_POINT('',(2.25,0.747161,1.1));
#3508 = VECTOR('',#3509,1.);
#3509 = DIRECTION('',(0.,1.,0.));
#3510 = ORIENTED_EDGE('',*,*,#2502,.T.);
#3511 = ORIENTED_EDGE('',*,*,#3512,.F.);
#3512 = EDGE_CURVE('',#3513,#2495,#3515,.T.);
#3513 = VERTEX_POINT('',#3514);
#3514 = CARTESIAN_POINT('',(2.8,0.947161,1.1));
#3515 = LINE('',#3516,#3517);
#3516 = CARTESIAN_POINT('',(2.8,0.947161,1.1));
#3517 = VECTOR('',#3518,1.);
#3518 = DIRECTION('',(0.,-1.,0.));
#3519 = ORIENTED_EDGE('',*,*,#3520,.F.);
#3520 = EDGE_CURVE('',#3521,#3513,#3523,.T.);
#3521 = VERTEX_POINT('',#3522);
#3522 = CARTESIAN_POINT('',(3.05,0.947161,1.1));
#3523 = LINE('',#3524,#3525);
#3524 = CARTESIAN_POINT('',(3.05,0.947161,1.1));
#3525 = VECTOR('',#3526,1.);
#3526 = DIRECTION('',(-1.,0.,0.));
#3527 = ORIENTED_EDGE('',*,*,#3528,.F.);
#3528 = EDGE_CURVE('',#2424,#3521,#3529,.T.);
#3529 = LINE('',#3530,#3531);
#3530 = CARTESIAN_POINT('',(3.05,0.747161,1.1));
#3531 = VECTOR('',#3532,1.);
#3532 = DIRECTION('',(0.,1.,0.));
#3533 = ORIENTED_EDGE('',*,*,#2440,.T.);
#3534 = ORIENTED_EDGE('',*,*,#3535,.F.);
#3535 = EDGE_CURVE('',#3536,#2433,#3538,.T.);
#3536 = VERTEX_POINT('',#3537);
#3537 = CARTESIAN_POINT('',(3.6,0.947161,1.1));
#3538 = LINE('',#3539,#3540);
#3539 = CARTESIAN_POINT('',(3.6,0.947161,1.1));
#3540 = VECTOR('',#3541,1.);
#3541 = DIRECTION('',(0.,-1.,0.));
#3542 = ORIENTED_EDGE('',*,*,#3543,.F.);
#3543 = EDGE_CURVE('',#3544,#3536,#3546,.T.);
#3544 = VERTEX_POINT('',#3545);
#3545 = CARTESIAN_POINT('',(3.85,0.947161,1.1));
#3546 = LINE('',#3547,#3548);
#3547 = CARTESIAN_POINT('',(3.85,0.947161,1.1));
#3548 = VECTOR('',#3549,1.);
#3549 = DIRECTION('',(-1.,0.,0.));
#3550 = ORIENTED_EDGE('',*,*,#3551,.F.);
#3551 = EDGE_CURVE('',#2369,#3544,#3552,.T.);
#3552 = LINE('',#3553,#3554);
#3553 = CARTESIAN_POINT('',(3.85,0.747161,1.1));
#3554 = VECTOR('',#3555,1.);
#3555 = DIRECTION('',(0.,1.,0.));
#3556 = ORIENTED_EDGE('',*,*,#2378,.T.);
#3557 = ORIENTED_EDGE('',*,*,#2346,.T.);
#3558 = ORIENTED_EDGE('',*,*,#2322,.T.);
#3559 = ORIENTED_EDGE('',*,*,#3560,.F.);
#3560 = EDGE_CURVE('',#3561,#2315,#3563,.T.);
#3561 = VERTEX_POINT('',#3562);
#3562 = CARTESIAN_POINT('',(3.85,1.547161,1.1));
#3563 = LINE('',#3564,#3565);
#3564 = CARTESIAN_POINT('',(3.85,1.547161,1.1));
#3565 = VECTOR('',#3566,1.);
#3566 = DIRECTION('',(0.,1.,0.));
#3567 = ORIENTED_EDGE('',*,*,#3568,.F.);
#3568 = EDGE_CURVE('',#3569,#3561,#3571,.T.);
#3569 = VERTEX_POINT('',#3570);
#3570 = CARTESIAN_POINT('',(3.6,1.547161,1.1));
#3571 = LINE('',#3572,#3573);
#3572 = CARTESIAN_POINT('',(3.6,1.547161,1.1));
#3573 = VECTOR('',#3574,1.);
#3574 = DIRECTION('',(1.,0.,0.));
#3575 = ORIENTED_EDGE('',*,*,#3576,.F.);
#3576 = EDGE_CURVE('',#2252,#3569,#3577,.T.);
#3577 = LINE('',#3578,#3579);
#3578 = CARTESIAN_POINT('',(3.6,1.747161,1.1));
#3579 = VECTOR('',#3580,1.);
#3580 = DIRECTION('',(0.,-1.,0.));
#3581 = ORIENTED_EDGE('',*,*,#2268,.T.);
#3582 = ORIENTED_EDGE('',*,*,#3583,.F.);
#3583 = EDGE_CURVE('',#3584,#2261,#3586,.T.);
#3584 = VERTEX_POINT('',#3585);
#3585 = CARTESIAN_POINT('',(3.05,1.547161,1.1));
#3586 = LINE('',#3587,#3588);
#3587 = CARTESIAN_POINT('',(3.05,1.547161,1.1));
#3588 = VECTOR('',#3589,1.);
#3589 = DIRECTION('',(0.,1.,0.));
#3590 = ORIENTED_EDGE('',*,*,#3591,.F.);
#3591 = EDGE_CURVE('',#3592,#3584,#3594,.T.);
#3592 = VERTEX_POINT('',#3593);
#3593 = CARTESIAN_POINT('',(2.8,1.547161,1.1));
#3594 = LINE('',#3595,#3596);
#3595 = CARTESIAN_POINT('',(2.8,1.547161,1.1));
#3596 = VECTOR('',#3597,1.);
#3597 = DIRECTION('',(1.,0.,0.));
#3598 = ORIENTED_EDGE('',*,*,#3599,.F.);
#3599 = EDGE_CURVE('',#2190,#3592,#3600,.T.);
#3600 = LINE('',#3601,#3602);
#3601 = CARTESIAN_POINT('',(2.8,1.747161,1.1));
#3602 = VECTOR('',#3603,1.);
#3603 = DIRECTION('',(0.,-1.,0.));
#3604 = ORIENTED_EDGE('',*,*,#2206,.T.);
#3605 = ORIENTED_EDGE('',*,*,#3606,.F.);
#3606 = EDGE_CURVE('',#3607,#2199,#3609,.T.);
#3607 = VERTEX_POINT('',#3608);
#3608 = CARTESIAN_POINT('',(2.25,1.547161,1.1));
#3609 = LINE('',#3610,#3611);
#3610 = CARTESIAN_POINT('',(2.25,1.547161,1.1));
#3611 = VECTOR('',#3612,1.);
#3612 = DIRECTION('',(0.,1.,0.));
#3613 = ORIENTED_EDGE('',*,*,#3614,.F.);
#3614 = EDGE_CURVE('',#3615,#3607,#3617,.T.);
#3615 = VERTEX_POINT('',#3616);
#3616 = CARTESIAN_POINT('',(2.,1.547161,1.1));
#3617 = LINE('',#3618,#3619);
#3618 = CARTESIAN_POINT('',(2.,1.547161,1.1));
#3619 = VECTOR('',#3620,1.);
#3620 = DIRECTION('',(1.,0.,0.));
#3621 = ORIENTED_EDGE('',*,*,#3622,.F.);
#3622 = EDGE_CURVE('',#2128,#3615,#3623,.T.);
#3623 = LINE('',#3624,#3625);
#3624 = CARTESIAN_POINT('',(2.,1.747161,1.1));
#3625 = VECTOR('',#3626,1.);
#3626 = DIRECTION('',(0.,-1.,0.));
#3627 = ORIENTED_EDGE('',*,*,#2144,.T.);
#3628 = ORIENTED_EDGE('',*,*,#3629,.F.);
#3629 = EDGE_CURVE('',#3630,#2137,#3632,.T.);
#3630 = VERTEX_POINT('',#3631);
#3631 = CARTESIAN_POINT('',(1.45,1.547162,1.1));
#3632 = LINE('',#3633,#3634);
#3633 = CARTESIAN_POINT('',(1.45,1.547162,1.1));
#3634 = VECTOR('',#3635,1.);
#3635 = DIRECTION('',(0.,1.,0.));
#3636 = ORIENTED_EDGE('',*,*,#3637,.F.);
#3637 = EDGE_CURVE('',#3638,#3630,#3640,.T.);
#3638 = VERTEX_POINT('',#3639);
#3639 = CARTESIAN_POINT('',(1.2,1.547162,1.1));
#3640 = LINE('',#3641,#3642);
#3641 = CARTESIAN_POINT('',(1.2,1.547162,1.1));
#3642 = VECTOR('',#3643,1.);
#3643 = DIRECTION('',(1.,0.,0.));
#3644 = ORIENTED_EDGE('',*,*,#3645,.F.);
#3645 = EDGE_CURVE('',#2073,#3638,#3646,.T.);
#3646 = LINE('',#3647,#3648);
#3647 = CARTESIAN_POINT('',(1.2,1.747161,1.1));
#3648 = VECTOR('',#3649,1.);
#3649 = DIRECTION('',(0.,-1.,0.));
#3650 = PLANE('',#3651);
#3651 = AXIS2_PLACEMENT_3D('',#3652,#3653,#3654);
#3652 = CARTESIAN_POINT('',(2.55,2.1996885,1.1));
#3653 = DIRECTION('',(0.,0.,1.));
#3654 = DIRECTION('',(1.,0.,0.));
#3655 = ADVANCED_FACE('',(#3656),#3681,.T.);
#3656 = FACE_BOUND('',#3657,.T.);
#3657 = EDGE_LOOP('',(#3658,#3666,#3674,#3680));
#3658 = ORIENTED_EDGE('',*,*,#3659,.T.);
#3659 = EDGE_CURVE('',#2106,#3660,#3662,.T.);
#3660 = VERTEX_POINT('',#3661);
#3661 = CARTESIAN_POINT('',(1.2,1.547162,4.1));
#3662 = LINE('',#3663,#3664);
#3663 = CARTESIAN_POINT('',(1.2,1.747161,4.1));
#3664 = VECTOR('',#3665,1.);
#3665 = DIRECTION('',(0.,-1.,0.));
#3666 = ORIENTED_EDGE('',*,*,#3667,.T.);
#3667 = EDGE_CURVE('',#3660,#3668,#3670,.T.);
#3668 = VERTEX_POINT('',#3669);
#3669 = CARTESIAN_POINT('',(1.45,1.547162,4.1));
#3670 = LINE('',#3671,#3672);
#3671 = CARTESIAN_POINT('',(1.2,1.547162,4.1));
#3672 = VECTOR('',#3673,1.);
#3673 = DIRECTION('',(1.,0.,0.));
#3674 = ORIENTED_EDGE('',*,*,#3675,.T.);
#3675 = EDGE_CURVE('',#3668,#2098,#3676,.T.);
#3676 = LINE('',#3677,#3678);
#3677 = CARTESIAN_POINT('',(1.45,1.547162,4.1));
#3678 = VECTOR('',#3679,1.);
#3679 = DIRECTION('',(0.,1.,0.));
#3680 = ORIENTED_EDGE('',*,*,#2105,.T.);
#3681 = PLANE('',#3682);
#3682 = AXIS2_PLACEMENT_3D('',#3683,#3684,#3685);
#3683 = CARTESIAN_POINT('',(2.525000166667,2.197161138889,4.1));
#3684 = DIRECTION('',(0.,0.,1.));
#3685 = DIRECTION('',(1.,0.,0.));
#3686 = ADVANCED_FACE('',(#3687),#3712,.T.);
#3687 = FACE_BOUND('',#3688,.T.);
#3688 = EDGE_LOOP('',(#3689,#3697,#3705,#3711));
#3689 = ORIENTED_EDGE('',*,*,#3690,.T.);
#3690 = EDGE_CURVE('',#2168,#3691,#3693,.T.);
#3691 = VERTEX_POINT('',#3692);
#3692 = CARTESIAN_POINT('',(2.,1.547161,4.1));
#3693 = LINE('',#3694,#3695);
#3694 = CARTESIAN_POINT('',(2.,1.747161,4.1));
#3695 = VECTOR('',#3696,1.);
#3696 = DIRECTION('',(0.,-1.,0.));
#3697 = ORIENTED_EDGE('',*,*,#3698,.T.);
#3698 = EDGE_CURVE('',#3691,#3699,#3701,.T.);
#3699 = VERTEX_POINT('',#3700);
#3700 = CARTESIAN_POINT('',(2.25,1.547161,4.1));
#3701 = LINE('',#3702,#3703);
#3702 = CARTESIAN_POINT('',(2.,1.547161,4.1));
#3703 = VECTOR('',#3704,1.);
#3704 = DIRECTION('',(1.,0.,0.));
#3705 = ORIENTED_EDGE('',*,*,#3706,.T.);
#3706 = EDGE_CURVE('',#3699,#2160,#3707,.T.);
#3707 = LINE('',#3708,#3709);
#3708 = CARTESIAN_POINT('',(2.25,1.547161,4.1));
#3709 = VECTOR('',#3710,1.);
#3710 = DIRECTION('',(0.,1.,0.));
#3711 = ORIENTED_EDGE('',*,*,#2167,.T.);
#3712 = PLANE('',#3713);
#3713 = AXIS2_PLACEMENT_3D('',#3714,#3715,#3716);
#3714 = CARTESIAN_POINT('',(2.525000166667,2.197161138889,4.1));
#3715 = DIRECTION('',(0.,0.,1.));
#3716 = DIRECTION('',(1.,0.,0.));
#3717 = ADVANCED_FACE('',(#3718),#3743,.T.);
#3718 = FACE_BOUND('',#3719,.T.);
#3719 = EDGE_LOOP('',(#3720,#3728,#3736,#3742));
#3720 = ORIENTED_EDGE('',*,*,#3721,.T.);
#3721 = EDGE_CURVE('',#2230,#3722,#3724,.T.);
#3722 = VERTEX_POINT('',#3723);
#3723 = CARTESIAN_POINT('',(2.8,1.547161,4.1));
#3724 = LINE('',#3725,#3726);
#3725 = CARTESIAN_POINT('',(2.8,1.747161,4.1));
#3726 = VECTOR('',#3727,1.);
#3727 = DIRECTION('',(0.,-1.,0.));
#3728 = ORIENTED_EDGE('',*,*,#3729,.T.);
#3729 = EDGE_CURVE('',#3722,#3730,#3732,.T.);
#3730 = VERTEX_POINT('',#3731);
#3731 = CARTESIAN_POINT('',(3.05,1.547161,4.1));
#3732 = LINE('',#3733,#3734);
#3733 = CARTESIAN_POINT('',(2.8,1.547161,4.1));
#3734 = VECTOR('',#3735,1.);
#3735 = DIRECTION('',(1.,0.,0.));
#3736 = ORIENTED_EDGE('',*,*,#3737,.T.);
#3737 = EDGE_CURVE('',#3730,#2222,#3738,.T.);
#3738 = LINE('',#3739,#3740);
#3739 = CARTESIAN_POINT('',(3.05,1.547161,4.1));
#3740 = VECTOR('',#3741,1.);
#3741 = DIRECTION('',(0.,1.,0.));
#3742 = ORIENTED_EDGE('',*,*,#2229,.T.);
#3743 = PLANE('',#3744);
#3744 = AXIS2_PLACEMENT_3D('',#3745,#3746,#3747);
#3745 = CARTESIAN_POINT('',(2.525000166667,2.197161138889,4.1));
#3746 = DIRECTION('',(0.,0.,1.));
#3747 = DIRECTION('',(1.,0.,0.));
#3748 = ADVANCED_FACE('',(#3749),#3774,.T.);
#3749 = FACE_BOUND('',#3750,.T.);
#3750 = EDGE_LOOP('',(#3751,#3759,#3767,#3773));
#3751 = ORIENTED_EDGE('',*,*,#3752,.T.);
#3752 = EDGE_CURVE('',#2292,#3753,#3755,.T.);
#3753 = VERTEX_POINT('',#3754);
#3754 = CARTESIAN_POINT('',(3.6,1.547161,4.1));
#3755 = LINE('',#3756,#3757);
#3756 = CARTESIAN_POINT('',(3.6,1.747161,4.1));
#3757 = VECTOR('',#3758,1.);
#3758 = DIRECTION('',(0.,-1.,0.));
#3759 = ORIENTED_EDGE('',*,*,#3760,.T.);
#3760 = EDGE_CURVE('',#3753,#3761,#3763,.T.);
#3761 = VERTEX_POINT('',#3762);
#3762 = CARTESIAN_POINT('',(3.85,1.547161,4.1));
#3763 = LINE('',#3764,#3765);
#3764 = CARTESIAN_POINT('',(3.6,1.547161,4.1));
#3765 = VECTOR('',#3766,1.);
#3766 = DIRECTION('',(1.,0.,0.));
#3767 = ORIENTED_EDGE('',*,*,#3768,.T.);
#3768 = EDGE_CURVE('',#3761,#2284,#3769,.T.);
#3769 = LINE('',#3770,#3771);
#3770 = CARTESIAN_POINT('',(3.85,1.547161,4.1));
#3771 = VECTOR('',#3772,1.);
#3772 = DIRECTION('',(0.,1.,0.));
#3773 = ORIENTED_EDGE('',*,*,#2291,.T.);
#3774 = PLANE('',#3775);
#3775 = AXIS2_PLACEMENT_3D('',#3776,#3777,#3778);
#3776 = CARTESIAN_POINT('',(2.525000166667,2.197161138889,4.1));
#3777 = DIRECTION('',(0.,0.,1.));
#3778 = DIRECTION('',(1.,0.,0.));
#3779 = ADVANCED_FACE('',(#3780),#3805,.T.);
#3780 = FACE_BOUND('',#3781,.T.);
#3781 = EDGE_LOOP('',(#3782,#3790,#3791,#3799));
#3782 = ORIENTED_EDGE('',*,*,#3783,.T.);
#3783 = EDGE_CURVE('',#3784,#2394,#3786,.T.);
#3784 = VERTEX_POINT('',#3785);
#3785 = CARTESIAN_POINT('',(3.6,0.947161,4.1));
#3786 = LINE('',#3787,#3788);
#3787 = CARTESIAN_POINT('',(3.6,0.947161,4.1));
#3788 = VECTOR('',#3789,1.);
#3789 = DIRECTION('',(0.,-1.,0.));
#3790 = ORIENTED_EDGE('',*,*,#2401,.T.);
#3791 = ORIENTED_EDGE('',*,*,#3792,.T.);
#3792 = EDGE_CURVE('',#2402,#3793,#3795,.T.);
#3793 = VERTEX_POINT('',#3794);
#3794 = CARTESIAN_POINT('',(3.85,0.947161,4.1));
#3795 = LINE('',#3796,#3797);
#3796 = CARTESIAN_POINT('',(3.85,0.747161,4.1));
#3797 = VECTOR('',#3798,1.);
#3798 = DIRECTION('',(0.,1.,0.));
#3799 = ORIENTED_EDGE('',*,*,#3800,.T.);
#3800 = EDGE_CURVE('',#3793,#3784,#3801,.T.);
#3801 = LINE('',#3802,#3803);
#3802 = CARTESIAN_POINT('',(3.85,0.947161,4.1));
#3803 = VECTOR('',#3804,1.);
#3804 = DIRECTION('',(-1.,0.,0.));
#3805 = PLANE('',#3806);
#3806 = AXIS2_PLACEMENT_3D('',#3807,#3808,#3809);
#3807 = CARTESIAN_POINT('',(2.525000166667,2.197161138889,4.1));
#3808 = DIRECTION('',(0.,0.,1.));
#3809 = DIRECTION('',(1.,0.,0.));
#3810 = ADVANCED_FACE('',(#3811),#3836,.T.);
#3811 = FACE_BOUND('',#3812,.T.);
#3812 = EDGE_LOOP('',(#3813,#3821,#3822,#3830));
#3813 = ORIENTED_EDGE('',*,*,#3814,.T.);
#3814 = EDGE_CURVE('',#3815,#2456,#3817,.T.);
#3815 = VERTEX_POINT('',#3816);
#3816 = CARTESIAN_POINT('',(2.8,0.947161,4.1));
#3817 = LINE('',#3818,#3819);
#3818 = CARTESIAN_POINT('',(2.8,0.947161,4.1));
#3819 = VECTOR('',#3820,1.);
#3820 = DIRECTION('',(0.,-1.,0.));
#3821 = ORIENTED_EDGE('',*,*,#2463,.T.);
#3822 = ORIENTED_EDGE('',*,*,#3823,.T.);
#3823 = EDGE_CURVE('',#2464,#3824,#3826,.T.);
#3824 = VERTEX_POINT('',#3825);
#3825 = CARTESIAN_POINT('',(3.05,0.947161,4.1));
#3826 = LINE('',#3827,#3828);
#3827 = CARTESIAN_POINT('',(3.05,0.747161,4.1));
#3828 = VECTOR('',#3829,1.);
#3829 = DIRECTION('',(0.,1.,0.));
#3830 = ORIENTED_EDGE('',*,*,#3831,.T.);
#3831 = EDGE_CURVE('',#3824,#3815,#3832,.T.);
#3832 = LINE('',#3833,#3834);
#3833 = CARTESIAN_POINT('',(3.05,0.947161,4.1));
#3834 = VECTOR('',#3835,1.);
#3835 = DIRECTION('',(-1.,0.,0.));
#3836 = PLANE('',#3837);
#3837 = AXIS2_PLACEMENT_3D('',#3838,#3839,#3840);
#3838 = CARTESIAN_POINT('',(2.525000166667,2.197161138889,4.1));
#3839 = DIRECTION('',(0.,0.,1.));
#3840 = DIRECTION('',(1.,0.,0.));
#3841 = ADVANCED_FACE('',(#3842),#3867,.T.);
#3842 = FACE_BOUND('',#3843,.T.);
#3843 = EDGE_LOOP('',(#3844,#3852,#3853,#3861));
#3844 = ORIENTED_EDGE('',*,*,#3845,.T.);
#3845 = EDGE_CURVE('',#3846,#2518,#3848,.T.);
#3846 = VERTEX_POINT('',#3847);
#3847 = CARTESIAN_POINT('',(2.,0.947161,4.1));
#3848 = LINE('',#3849,#3850);
#3849 = CARTESIAN_POINT('',(2.,0.947161,4.1));
#3850 = VECTOR('',#3851,1.);
#3851 = DIRECTION('',(0.,-1.,0.));
#3852 = ORIENTED_EDGE('',*,*,#2525,.T.);
#3853 = ORIENTED_EDGE('',*,*,#3854,.T.);
#3854 = EDGE_CURVE('',#2526,#3855,#3857,.T.);
#3855 = VERTEX_POINT('',#3856);
#3856 = CARTESIAN_POINT('',(2.25,0.947161,4.1));
#3857 = LINE('',#3858,#3859);
#3858 = CARTESIAN_POINT('',(2.25,0.747161,4.1));
#3859 = VECTOR('',#3860,1.);
#3860 = DIRECTION('',(0.,1.,0.));
#3861 = ORIENTED_EDGE('',*,*,#3862,.T.);
#3862 = EDGE_CURVE('',#3855,#3846,#3863,.T.);
#3863 = LINE('',#3864,#3865);
#3864 = CARTESIAN_POINT('',(2.25,0.947161,4.1));
#3865 = VECTOR('',#3866,1.);
#3866 = DIRECTION('',(-1.,0.,0.));
#3867 = PLANE('',#3868);
#3868 = AXIS2_PLACEMENT_3D('',#3869,#3870,#3871);
#3869 = CARTESIAN_POINT('',(2.525000166667,2.197161138889,4.1));
#3870 = DIRECTION('',(0.,0.,1.));
#3871 = DIRECTION('',(1.,0.,0.));
#3872 = ADVANCED_FACE('',(#3873),#3898,.T.);
#3873 = FACE_BOUND('',#3874,.T.);
#3874 = EDGE_LOOP('',(#3875,#3883,#3884,#3892));
#3875 = ORIENTED_EDGE('',*,*,#3876,.T.);
#3876 = EDGE_CURVE('',#3877,#2580,#3879,.T.);
#3877 = VERTEX_POINT('',#3878);
#3878 = CARTESIAN_POINT('',(1.2,0.947161,4.1));
#3879 = LINE('',#3880,#3881);
#3880 = CARTESIAN_POINT('',(1.2,0.947161,4.1));
#3881 = VECTOR('',#3882,1.);
#3882 = DIRECTION('',(0.,-1.,0.));
#3883 = ORIENTED_EDGE('',*,*,#2587,.T.);
#3884 = ORIENTED_EDGE('',*,*,#3885,.T.);
#3885 = EDGE_CURVE('',#2588,#3886,#3888,.T.);
#3886 = VERTEX_POINT('',#3887);
#3887 = CARTESIAN_POINT('',(1.45,0.947161,4.1));
#3888 = LINE('',#3889,#3890);
#3889 = CARTESIAN_POINT('',(1.45,0.747161,4.1));
#3890 = VECTOR('',#3891,1.);
#3891 = DIRECTION('',(0.,1.,0.));
#3892 = ORIENTED_EDGE('',*,*,#3893,.T.);
#3893 = EDGE_CURVE('',#3886,#3877,#3894,.T.);
#3894 = LINE('',#3895,#3896);
#3895 = CARTESIAN_POINT('',(1.45,0.947161,4.1));
#3896 = VECTOR('',#3897,1.);
#3897 = DIRECTION('',(-1.,0.,0.));
#3898 = PLANE('',#3899);
#3899 = AXIS2_PLACEMENT_3D('',#3900,#3901,#3902);
#3900 = CARTESIAN_POINT('',(2.525000166667,2.197161138889,4.1));
#3901 = DIRECTION('',(0.,0.,1.));
#3902 = DIRECTION('',(1.,0.,0.));
#3903 = ADVANCED_FACE('',(#3904),#4094,.T.);
#3904 = FACE_BOUND('',#3905,.T.);
#3905 = EDGE_LOOP('',(#3906,#3907,#3908,#3909,#3917,#3925,#3931,#3932,
    #3940,#3948,#3954,#3955,#3963,#3971,#3977,#3978,#3986,#3994,#4000,
    #4001,#4002,#4003,#4011,#4019,#4025,#4026,#4034,#4042,#4048,#4049,
    #4057,#4065,#4071,#4072,#4080,#4088));
#3906 = ORIENTED_EDGE('',*,*,#2674,.T.);
#3907 = ORIENTED_EDGE('',*,*,#2642,.T.);
#3908 = ORIENTED_EDGE('',*,*,#3211,.T.);
#3909 = ORIENTED_EDGE('',*,*,#3910,.F.);
#3910 = EDGE_CURVE('',#3911,#3204,#3913,.T.);
#3911 = VERTEX_POINT('',#3912);
#3912 = CARTESIAN_POINT('',(1.2,2.847161,1.1));
#3913 = LINE('',#3914,#3915);
#3914 = CARTESIAN_POINT('',(1.2,2.847161,1.1));
#3915 = VECTOR('',#3916,1.);
#3916 = DIRECTION('',(0.,-1.,0.));
#3917 = ORIENTED_EDGE('',*,*,#3918,.F.);
#3918 = EDGE_CURVE('',#3919,#3911,#3921,.T.);
#3919 = VERTEX_POINT('',#3920);
#3920 = CARTESIAN_POINT('',(1.45,2.847161,1.1));
#3921 = LINE('',#3922,#3923);
#3922 = CARTESIAN_POINT('',(1.45,2.847161,1.1));
#3923 = VECTOR('',#3924,1.);
#3924 = DIRECTION('',(-1.,0.,0.));
#3925 = ORIENTED_EDGE('',*,*,#3926,.F.);
#3926 = EDGE_CURVE('',#3140,#3919,#3927,.T.);
#3927 = LINE('',#3928,#3929);
#3928 = CARTESIAN_POINT('',(1.45,2.647161,1.1));
#3929 = VECTOR('',#3930,1.);
#3930 = DIRECTION('',(0.,1.,0.));
#3931 = ORIENTED_EDGE('',*,*,#3156,.T.);
#3932 = ORIENTED_EDGE('',*,*,#3933,.F.);
#3933 = EDGE_CURVE('',#3934,#3149,#3936,.T.);
#3934 = VERTEX_POINT('',#3935);
#3935 = CARTESIAN_POINT('',(2.,2.847161,1.1));
#3936 = LINE('',#3937,#3938);
#3937 = CARTESIAN_POINT('',(2.,2.847161,1.1));
#3938 = VECTOR('',#3939,1.);
#3939 = DIRECTION('',(0.,-1.,0.));
#3940 = ORIENTED_EDGE('',*,*,#3941,.F.);
#3941 = EDGE_CURVE('',#3942,#3934,#3944,.T.);
#3942 = VERTEX_POINT('',#3943);
#3943 = CARTESIAN_POINT('',(2.25,2.847161,1.1));
#3944 = LINE('',#3945,#3946);
#3945 = CARTESIAN_POINT('',(2.25,2.847161,1.1));
#3946 = VECTOR('',#3947,1.);
#3947 = DIRECTION('',(-1.,0.,0.));
#3948 = ORIENTED_EDGE('',*,*,#3949,.F.);
#3949 = EDGE_CURVE('',#3078,#3942,#3950,.T.);
#3950 = LINE('',#3951,#3952);
#3951 = CARTESIAN_POINT('',(2.25,2.647161,1.1));
#3952 = VECTOR('',#3953,1.);
#3953 = DIRECTION('',(0.,1.,0.));
#3954 = ORIENTED_EDGE('',*,*,#3094,.T.);
#3955 = ORIENTED_EDGE('',*,*,#3956,.F.);
#3956 = EDGE_CURVE('',#3957,#3087,#3959,.T.);
#3957 = VERTEX_POINT('',#3958);
#3958 = CARTESIAN_POINT('',(2.8,2.847161,1.1));
#3959 = LINE('',#3960,#3961);
#3960 = CARTESIAN_POINT('',(2.8,2.847161,1.1));
#3961 = VECTOR('',#3962,1.);
#3962 = DIRECTION('',(0.,-1.,0.));
#3963 = ORIENTED_EDGE('',*,*,#3964,.F.);
#3964 = EDGE_CURVE('',#3965,#3957,#3967,.T.);
#3965 = VERTEX_POINT('',#3966);
#3966 = CARTESIAN_POINT('',(3.05,2.847161,1.1));
#3967 = LINE('',#3968,#3969);
#3968 = CARTESIAN_POINT('',(3.05,2.847161,1.1));
#3969 = VECTOR('',#3970,1.);
#3970 = DIRECTION('',(-1.,0.,0.));
#3971 = ORIENTED_EDGE('',*,*,#3972,.F.);
#3972 = EDGE_CURVE('',#3016,#3965,#3973,.T.);
#3973 = LINE('',#3974,#3975);
#3974 = CARTESIAN_POINT('',(3.05,2.647161,1.1));
#3975 = VECTOR('',#3976,1.);
#3976 = DIRECTION('',(0.,1.,0.));
#3977 = ORIENTED_EDGE('',*,*,#3032,.T.);
#3978 = ORIENTED_EDGE('',*,*,#3979,.F.);
#3979 = EDGE_CURVE('',#3980,#3025,#3982,.T.);
#3980 = VERTEX_POINT('',#3981);
#3981 = CARTESIAN_POINT('',(3.6,2.847161,1.1));
#3982 = LINE('',#3983,#3984);
#3983 = CARTESIAN_POINT('',(3.6,2.847161,1.1));
#3984 = VECTOR('',#3985,1.);
#3985 = DIRECTION('',(0.,-1.,0.));
#3986 = ORIENTED_EDGE('',*,*,#3987,.F.);
#3987 = EDGE_CURVE('',#3988,#3980,#3990,.T.);
#3988 = VERTEX_POINT('',#3989);
#3989 = CARTESIAN_POINT('',(3.85,2.847161,1.1));
#3990 = LINE('',#3991,#3992);
#3991 = CARTESIAN_POINT('',(3.85,2.847161,1.1));
#3992 = VECTOR('',#3993,1.);
#3993 = DIRECTION('',(-1.,0.,0.));
#3994 = ORIENTED_EDGE('',*,*,#3995,.F.);
#3995 = EDGE_CURVE('',#2961,#3988,#3996,.T.);
#3996 = LINE('',#3997,#3998);
#3997 = CARTESIAN_POINT('',(3.85,2.647161,1.1));
#3998 = VECTOR('',#3999,1.);
#3999 = DIRECTION('',(0.,1.,0.));
#4000 = ORIENTED_EDGE('',*,*,#2970,.T.);
#4001 = ORIENTED_EDGE('',*,*,#2938,.T.);
#4002 = ORIENTED_EDGE('',*,*,#2922,.T.);
#4003 = ORIENTED_EDGE('',*,*,#4004,.F.);
#4004 = EDGE_CURVE('',#4005,#2915,#4007,.T.);
#4005 = VERTEX_POINT('',#4006);
#4006 = CARTESIAN_POINT('',(3.85,3.447161,1.1));
#4007 = LINE('',#4008,#4009);
#4008 = CARTESIAN_POINT('',(3.85,3.447161,1.1));
#4009 = VECTOR('',#4010,1.);
#4010 = DIRECTION('',(0.,1.,0.));
#4011 = ORIENTED_EDGE('',*,*,#4012,.F.);
#4012 = EDGE_CURVE('',#4013,#4005,#4015,.T.);
#4013 = VERTEX_POINT('',#4014);
#4014 = CARTESIAN_POINT('',(3.6,3.447161,1.1));
#4015 = LINE('',#4016,#4017);
#4016 = CARTESIAN_POINT('',(3.6,3.447161,1.1));
#4017 = VECTOR('',#4018,1.);
#4018 = DIRECTION('',(1.,0.,0.));
#4019 = ORIENTED_EDGE('',*,*,#4020,.F.);
#4020 = EDGE_CURVE('',#2844,#4013,#4021,.T.);
#4021 = LINE('',#4022,#4023);
#4022 = CARTESIAN_POINT('',(3.6,3.647161,1.1));
#4023 = VECTOR('',#4024,1.);
#4024 = DIRECTION('',(0.,-1.,0.));
#4025 = ORIENTED_EDGE('',*,*,#2860,.T.);
#4026 = ORIENTED_EDGE('',*,*,#4027,.F.);
#4027 = EDGE_CURVE('',#4028,#2853,#4030,.T.);
#4028 = VERTEX_POINT('',#4029);
#4029 = CARTESIAN_POINT('',(3.05,3.447161,1.1));
#4030 = LINE('',#4031,#4032);
#4031 = CARTESIAN_POINT('',(3.05,3.447161,1.1));
#4032 = VECTOR('',#4033,1.);
#4033 = DIRECTION('',(0.,1.,0.));
#4034 = ORIENTED_EDGE('',*,*,#4035,.F.);
#4035 = EDGE_CURVE('',#4036,#4028,#4038,.T.);
#4036 = VERTEX_POINT('',#4037);
#4037 = CARTESIAN_POINT('',(2.8,3.447161,1.1));
#4038 = LINE('',#4039,#4040);
#4039 = CARTESIAN_POINT('',(2.8,3.447161,1.1));
#4040 = VECTOR('',#4041,1.);
#4041 = DIRECTION('',(1.,0.,0.));
#4042 = ORIENTED_EDGE('',*,*,#4043,.F.);
#4043 = EDGE_CURVE('',#2782,#4036,#4044,.T.);
#4044 = LINE('',#4045,#4046);
#4045 = CARTESIAN_POINT('',(2.8,3.647161,1.1));
#4046 = VECTOR('',#4047,1.);
#4047 = DIRECTION('',(0.,-1.,0.));
#4048 = ORIENTED_EDGE('',*,*,#2798,.T.);
#4049 = ORIENTED_EDGE('',*,*,#4050,.F.);
#4050 = EDGE_CURVE('',#4051,#2791,#4053,.T.);
#4051 = VERTEX_POINT('',#4052);
#4052 = CARTESIAN_POINT('',(2.25,3.447161,1.1));
#4053 = LINE('',#4054,#4055);
#4054 = CARTESIAN_POINT('',(2.25,3.447161,1.1));
#4055 = VECTOR('',#4056,1.);
#4056 = DIRECTION('',(0.,1.,0.));
#4057 = ORIENTED_EDGE('',*,*,#4058,.F.);
#4058 = EDGE_CURVE('',#4059,#4051,#4061,.T.);
#4059 = VERTEX_POINT('',#4060);
#4060 = CARTESIAN_POINT('',(2.,3.447161,1.1));
#4061 = LINE('',#4062,#4063);
#4062 = CARTESIAN_POINT('',(2.,3.447161,1.1));
#4063 = VECTOR('',#4064,1.);
#4064 = DIRECTION('',(1.,0.,0.));
#4065 = ORIENTED_EDGE('',*,*,#4066,.F.);
#4066 = EDGE_CURVE('',#2720,#4059,#4067,.T.);
#4067 = LINE('',#4068,#4069);
#4068 = CARTESIAN_POINT('',(2.,3.647161,1.1));
#4069 = VECTOR('',#4070,1.);
#4070 = DIRECTION('',(0.,-1.,0.));
#4071 = ORIENTED_EDGE('',*,*,#2736,.T.);
#4072 = ORIENTED_EDGE('',*,*,#4073,.F.);
#4073 = EDGE_CURVE('',#4074,#2729,#4076,.T.);
#4074 = VERTEX_POINT('',#4075);
#4075 = CARTESIAN_POINT('',(1.45,3.4471615,1.1));
#4076 = LINE('',#4077,#4078);
#4077 = CARTESIAN_POINT('',(1.45,3.4471615,1.1));
#4078 = VECTOR('',#4079,1.);
#4079 = DIRECTION('',(0.,1.,0.));
#4080 = ORIENTED_EDGE('',*,*,#4081,.F.);
#4081 = EDGE_CURVE('',#4082,#4074,#4084,.T.);
#4082 = VERTEX_POINT('',#4083);
#4083 = CARTESIAN_POINT('',(1.2,3.4471615,1.1));
#4084 = LINE('',#4085,#4086);
#4085 = CARTESIAN_POINT('',(1.2,3.4471615,1.1));
#4086 = VECTOR('',#4087,1.);
#4087 = DIRECTION('',(1.,0.,0.));
#4088 = ORIENTED_EDGE('',*,*,#4089,.F.);
#4089 = EDGE_CURVE('',#2665,#4082,#4090,.T.);
#4090 = LINE('',#4091,#4092);
#4091 = CARTESIAN_POINT('',(1.2,3.6471615,1.1));
#4092 = VECTOR('',#4093,1.);
#4093 = DIRECTION('',(0.,-1.,0.));
#4094 = PLANE('',#4095);
#4095 = AXIS2_PLACEMENT_3D('',#4096,#4097,#4098);
#4096 = CARTESIAN_POINT('',(2.55,2.1996885,1.1));
#4097 = DIRECTION('',(0.,0.,1.));
#4098 = DIRECTION('',(1.,0.,0.));
#4099 = ADVANCED_FACE('',(#4100),#4125,.T.);
#4100 = FACE_BOUND('',#4101,.T.);
#4101 = EDGE_LOOP('',(#4102,#4110,#4118,#4124));
#4102 = ORIENTED_EDGE('',*,*,#4103,.T.);
#4103 = EDGE_CURVE('',#2698,#4104,#4106,.T.);
#4104 = VERTEX_POINT('',#4105);
#4105 = CARTESIAN_POINT('',(1.2,3.4471615,4.1));
#4106 = LINE('',#4107,#4108);
#4107 = CARTESIAN_POINT('',(1.2,3.6471615,4.1));
#4108 = VECTOR('',#4109,1.);
#4109 = DIRECTION('',(0.,-1.,0.));
#4110 = ORIENTED_EDGE('',*,*,#4111,.T.);
#4111 = EDGE_CURVE('',#4104,#4112,#4114,.T.);
#4112 = VERTEX_POINT('',#4113);
#4113 = CARTESIAN_POINT('',(1.45,3.4471615,4.1));
#4114 = LINE('',#4115,#4116);
#4115 = CARTESIAN_POINT('',(1.2,3.4471615,4.1));
#4116 = VECTOR('',#4117,1.);
#4117 = DIRECTION('',(1.,0.,0.));
#4118 = ORIENTED_EDGE('',*,*,#4119,.T.);
#4119 = EDGE_CURVE('',#4112,#2690,#4120,.T.);
#4120 = LINE('',#4121,#4122);
#4121 = CARTESIAN_POINT('',(1.45,3.4471615,4.1));
#4122 = VECTOR('',#4123,1.);
#4123 = DIRECTION('',(0.,1.,0.));
#4124 = ORIENTED_EDGE('',*,*,#2697,.T.);
#4125 = PLANE('',#4126);
#4126 = AXIS2_PLACEMENT_3D('',#4127,#4128,#4129);
#4127 = CARTESIAN_POINT('',(2.525000166667,2.197161138889,4.1));
#4128 = DIRECTION('',(0.,0.,1.));
#4129 = DIRECTION('',(1.,0.,0.));
#4130 = ADVANCED_FACE('',(#4131),#4156,.T.);
#4131 = FACE_BOUND('',#4132,.T.);
#4132 = EDGE_LOOP('',(#4133,#4141,#4149,#4155));
#4133 = ORIENTED_EDGE('',*,*,#4134,.T.);
#4134 = EDGE_CURVE('',#2760,#4135,#4137,.T.);
#4135 = VERTEX_POINT('',#4136);
#4136 = CARTESIAN_POINT('',(2.,3.447161,4.1));
#4137 = LINE('',#4138,#4139);
#4138 = CARTESIAN_POINT('',(2.,3.647161,4.1));
#4139 = VECTOR('',#4140,1.);
#4140 = DIRECTION('',(0.,-1.,0.));
#4141 = ORIENTED_EDGE('',*,*,#4142,.T.);
#4142 = EDGE_CURVE('',#4135,#4143,#4145,.T.);
#4143 = VERTEX_POINT('',#4144);
#4144 = CARTESIAN_POINT('',(2.25,3.447161,4.1));
#4145 = LINE('',#4146,#4147);
#4146 = CARTESIAN_POINT('',(2.,3.447161,4.1));
#4147 = VECTOR('',#4148,1.);
#4148 = DIRECTION('',(1.,0.,0.));
#4149 = ORIENTED_EDGE('',*,*,#4150,.T.);
#4150 = EDGE_CURVE('',#4143,#2752,#4151,.T.);
#4151 = LINE('',#4152,#4153);
#4152 = CARTESIAN_POINT('',(2.25,3.447161,4.1));
#4153 = VECTOR('',#4154,1.);
#4154 = DIRECTION('',(0.,1.,0.));
#4155 = ORIENTED_EDGE('',*,*,#2759,.T.);
#4156 = PLANE('',#4157);
#4157 = AXIS2_PLACEMENT_3D('',#4158,#4159,#4160);
#4158 = CARTESIAN_POINT('',(2.525000166667,2.197161138889,4.1));
#4159 = DIRECTION('',(0.,0.,1.));
#4160 = DIRECTION('',(1.,0.,0.));
#4161 = ADVANCED_FACE('',(#4162),#4187,.T.);
#4162 = FACE_BOUND('',#4163,.T.);
#4163 = EDGE_LOOP('',(#4164,#4172,#4180,#4186));
#4164 = ORIENTED_EDGE('',*,*,#4165,.T.);
#4165 = EDGE_CURVE('',#2822,#4166,#4168,.T.);
#4166 = VERTEX_POINT('',#4167);
#4167 = CARTESIAN_POINT('',(2.8,3.447161,4.1));
#4168 = LINE('',#4169,#4170);
#4169 = CARTESIAN_POINT('',(2.8,3.647161,4.1));
#4170 = VECTOR('',#4171,1.);
#4171 = DIRECTION('',(0.,-1.,0.));
#4172 = ORIENTED_EDGE('',*,*,#4173,.T.);
#4173 = EDGE_CURVE('',#4166,#4174,#4176,.T.);
#4174 = VERTEX_POINT('',#4175);
#4175 = CARTESIAN_POINT('',(3.05,3.447161,4.1));
#4176 = LINE('',#4177,#4178);
#4177 = CARTESIAN_POINT('',(2.8,3.447161,4.1));
#4178 = VECTOR('',#4179,1.);
#4179 = DIRECTION('',(1.,0.,0.));
#4180 = ORIENTED_EDGE('',*,*,#4181,.T.);
#4181 = EDGE_CURVE('',#4174,#2814,#4182,.T.);
#4182 = LINE('',#4183,#4184);
#4183 = CARTESIAN_POINT('',(3.05,3.447161,4.1));
#4184 = VECTOR('',#4185,1.);
#4185 = DIRECTION('',(0.,1.,0.));
#4186 = ORIENTED_EDGE('',*,*,#2821,.T.);
#4187 = PLANE('',#4188);
#4188 = AXIS2_PLACEMENT_3D('',#4189,#4190,#4191);
#4189 = CARTESIAN_POINT('',(2.525000166667,2.197161138889,4.1));
#4190 = DIRECTION('',(0.,0.,1.));
#4191 = DIRECTION('',(1.,0.,0.));
#4192 = ADVANCED_FACE('',(#4193),#4218,.T.);
#4193 = FACE_BOUND('',#4194,.T.);
#4194 = EDGE_LOOP('',(#4195,#4203,#4211,#4217));
#4195 = ORIENTED_EDGE('',*,*,#4196,.T.);
#4196 = EDGE_CURVE('',#2884,#4197,#4199,.T.);
#4197 = VERTEX_POINT('',#4198);
#4198 = CARTESIAN_POINT('',(3.6,3.447161,4.1));
#4199 = LINE('',#4200,#4201);
#4200 = CARTESIAN_POINT('',(3.6,3.647161,4.1));
#4201 = VECTOR('',#4202,1.);
#4202 = DIRECTION('',(0.,-1.,0.));
#4203 = ORIENTED_EDGE('',*,*,#4204,.T.);
#4204 = EDGE_CURVE('',#4197,#4205,#4207,.T.);
#4205 = VERTEX_POINT('',#4206);
#4206 = CARTESIAN_POINT('',(3.85,3.447161,4.1));
#4207 = LINE('',#4208,#4209);
#4208 = CARTESIAN_POINT('',(3.6,3.447161,4.1));
#4209 = VECTOR('',#4210,1.);
#4210 = DIRECTION('',(1.,0.,0.));
#4211 = ORIENTED_EDGE('',*,*,#4212,.T.);
#4212 = EDGE_CURVE('',#4205,#2876,#4213,.T.);
#4213 = LINE('',#4214,#4215);
#4214 = CARTESIAN_POINT('',(3.85,3.447161,4.1));
#4215 = VECTOR('',#4216,1.);
#4216 = DIRECTION('',(0.,1.,0.));
#4217 = ORIENTED_EDGE('',*,*,#2883,.T.);
#4218 = PLANE('',#4219);
#4219 = AXIS2_PLACEMENT_3D('',#4220,#4221,#4222);
#4220 = CARTESIAN_POINT('',(2.525000166667,2.197161138889,4.1));
#4221 = DIRECTION('',(0.,0.,1.));
#4222 = DIRECTION('',(1.,0.,0.));
#4223 = ADVANCED_FACE('',(#4224),#4249,.T.);
#4224 = FACE_BOUND('',#4225,.T.);
#4225 = EDGE_LOOP('',(#4226,#4234,#4235,#4243));
#4226 = ORIENTED_EDGE('',*,*,#4227,.T.);
#4227 = EDGE_CURVE('',#4228,#2986,#4230,.T.);
#4228 = VERTEX_POINT('',#4229);
#4229 = CARTESIAN_POINT('',(3.6,2.847161,4.1));
#4230 = LINE('',#4231,#4232);
#4231 = CARTESIAN_POINT('',(3.6,2.847161,4.1));
#4232 = VECTOR('',#4233,1.);
#4233 = DIRECTION('',(0.,-1.,0.));
#4234 = ORIENTED_EDGE('',*,*,#2993,.T.);
#4235 = ORIENTED_EDGE('',*,*,#4236,.T.);
#4236 = EDGE_CURVE('',#2994,#4237,#4239,.T.);
#4237 = VERTEX_POINT('',#4238);
#4238 = CARTESIAN_POINT('',(3.85,2.847161,4.1));
#4239 = LINE('',#4240,#4241);
#4240 = CARTESIAN_POINT('',(3.85,2.647161,4.1));
#4241 = VECTOR('',#4242,1.);
#4242 = DIRECTION('',(0.,1.,0.));
#4243 = ORIENTED_EDGE('',*,*,#4244,.T.);
#4244 = EDGE_CURVE('',#4237,#4228,#4245,.T.);
#4245 = LINE('',#4246,#4247);
#4246 = CARTESIAN_POINT('',(3.85,2.847161,4.1));
#4247 = VECTOR('',#4248,1.);
#4248 = DIRECTION('',(-1.,0.,0.));
#4249 = PLANE('',#4250);
#4250 = AXIS2_PLACEMENT_3D('',#4251,#4252,#4253);
#4251 = CARTESIAN_POINT('',(2.525000166667,2.197161138889,4.1));
#4252 = DIRECTION('',(0.,0.,1.));
#4253 = DIRECTION('',(1.,0.,0.));
#4254 = ADVANCED_FACE('',(#4255),#4280,.T.);
#4255 = FACE_BOUND('',#4256,.T.);
#4256 = EDGE_LOOP('',(#4257,#4265,#4266,#4274));
#4257 = ORIENTED_EDGE('',*,*,#4258,.T.);
#4258 = EDGE_CURVE('',#4259,#3048,#4261,.T.);
#4259 = VERTEX_POINT('',#4260);
#4260 = CARTESIAN_POINT('',(2.8,2.847161,4.1));
#4261 = LINE('',#4262,#4263);
#4262 = CARTESIAN_POINT('',(2.8,2.847161,4.1));
#4263 = VECTOR('',#4264,1.);
#4264 = DIRECTION('',(0.,-1.,0.));
#4265 = ORIENTED_EDGE('',*,*,#3055,.T.);
#4266 = ORIENTED_EDGE('',*,*,#4267,.T.);
#4267 = EDGE_CURVE('',#3056,#4268,#4270,.T.);
#4268 = VERTEX_POINT('',#4269);
#4269 = CARTESIAN_POINT('',(3.05,2.847161,4.1));
#4270 = LINE('',#4271,#4272);
#4271 = CARTESIAN_POINT('',(3.05,2.647161,4.1));
#4272 = VECTOR('',#4273,1.);
#4273 = DIRECTION('',(0.,1.,0.));
#4274 = ORIENTED_EDGE('',*,*,#4275,.T.);
#4275 = EDGE_CURVE('',#4268,#4259,#4276,.T.);
#4276 = LINE('',#4277,#4278);
#4277 = CARTESIAN_POINT('',(3.05,2.847161,4.1));
#4278 = VECTOR('',#4279,1.);
#4279 = DIRECTION('',(-1.,0.,0.));
#4280 = PLANE('',#4281);
#4281 = AXIS2_PLACEMENT_3D('',#4282,#4283,#4284);
#4282 = CARTESIAN_POINT('',(2.525000166667,2.197161138889,4.1));
#4283 = DIRECTION('',(0.,0.,1.));
#4284 = DIRECTION('',(1.,0.,0.));
#4285 = ADVANCED_FACE('',(#4286),#4311,.T.);
#4286 = FACE_BOUND('',#4287,.T.);
#4287 = EDGE_LOOP('',(#4288,#4296,#4297,#4305));
#4288 = ORIENTED_EDGE('',*,*,#4289,.T.);
#4289 = EDGE_CURVE('',#4290,#3110,#4292,.T.);
#4290 = VERTEX_POINT('',#4291);
#4291 = CARTESIAN_POINT('',(2.,2.847161,4.1));
#4292 = LINE('',#4293,#4294);
#4293 = CARTESIAN_POINT('',(2.,2.847161,4.1));
#4294 = VECTOR('',#4295,1.);
#4295 = DIRECTION('',(0.,-1.,0.));
#4296 = ORIENTED_EDGE('',*,*,#3117,.T.);
#4297 = ORIENTED_EDGE('',*,*,#4298,.T.);
#4298 = EDGE_CURVE('',#3118,#4299,#4301,.T.);
#4299 = VERTEX_POINT('',#4300);
#4300 = CARTESIAN_POINT('',(2.25,2.847161,4.1));
#4301 = LINE('',#4302,#4303);
#4302 = CARTESIAN_POINT('',(2.25,2.647161,4.1));
#4303 = VECTOR('',#4304,1.);
#4304 = DIRECTION('',(0.,1.,0.));
#4305 = ORIENTED_EDGE('',*,*,#4306,.T.);
#4306 = EDGE_CURVE('',#4299,#4290,#4307,.T.);
#4307 = LINE('',#4308,#4309);
#4308 = CARTESIAN_POINT('',(2.25,2.847161,4.1));
#4309 = VECTOR('',#4310,1.);
#4310 = DIRECTION('',(-1.,0.,0.));
#4311 = PLANE('',#4312);
#4312 = AXIS2_PLACEMENT_3D('',#4313,#4314,#4315);
#4313 = CARTESIAN_POINT('',(2.525000166667,2.197161138889,4.1));
#4314 = DIRECTION('',(0.,0.,1.));
#4315 = DIRECTION('',(1.,0.,0.));
#4316 = ADVANCED_FACE('',(#4317),#4342,.T.);
#4317 = FACE_BOUND('',#4318,.T.);
#4318 = EDGE_LOOP('',(#4319,#4327,#4328,#4336));
#4319 = ORIENTED_EDGE('',*,*,#4320,.T.);
#4320 = EDGE_CURVE('',#4321,#3172,#4323,.T.);
#4321 = VERTEX_POINT('',#4322);
#4322 = CARTESIAN_POINT('',(1.2,2.847161,4.1));
#4323 = LINE('',#4324,#4325);
#4324 = CARTESIAN_POINT('',(1.2,2.847161,4.1));
#4325 = VECTOR('',#4326,1.);
#4326 = DIRECTION('',(0.,-1.,0.));
#4327 = ORIENTED_EDGE('',*,*,#3179,.T.);
#4328 = ORIENTED_EDGE('',*,*,#4329,.T.);
#4329 = EDGE_CURVE('',#3180,#4330,#4332,.T.);
#4330 = VERTEX_POINT('',#4331);
#4331 = CARTESIAN_POINT('',(1.45,2.847161,4.1));
#4332 = LINE('',#4333,#4334);
#4333 = CARTESIAN_POINT('',(1.45,2.647161,4.1));
#4334 = VECTOR('',#4335,1.);
#4335 = DIRECTION('',(0.,1.,0.));
#4336 = ORIENTED_EDGE('',*,*,#4337,.T.);
#4337 = EDGE_CURVE('',#4330,#4321,#4338,.T.);
#4338 = LINE('',#4339,#4340);
#4339 = CARTESIAN_POINT('',(1.45,2.847161,4.1));
#4340 = VECTOR('',#4341,1.);
#4341 = DIRECTION('',(-1.,0.,0.));
#4342 = PLANE('',#4343);
#4343 = AXIS2_PLACEMENT_3D('',#4344,#4345,#4346);
#4344 = CARTESIAN_POINT('',(2.525000166667,2.197161138889,4.1));
#4345 = DIRECTION('',(0.,0.,1.));
#4346 = DIRECTION('',(1.,0.,0.));
#4347 = ADVANCED_FACE('',(#4348),#4361,.T.);
#4348 = FACE_BOUND('',#4349,.T.);
#4349 = EDGE_LOOP('',(#4350,#4351,#4352,#4353,#4354,#4360));
#4350 = ORIENTED_EDGE('',*,*,#2299,.F.);
#4351 = ORIENTED_EDGE('',*,*,#759,.F.);
#4352 = ORIENTED_EDGE('',*,*,#2251,.F.);
#4353 = ORIENTED_EDGE('',*,*,#3576,.T.);
#4354 = ORIENTED_EDGE('',*,*,#4355,.T.);
#4355 = EDGE_CURVE('',#3569,#3753,#4356,.T.);
#4356 = LINE('',#4357,#4358);
#4357 = CARTESIAN_POINT('',(3.6,1.547161,1.1));
#4358 = VECTOR('',#4359,1.);
#4359 = DIRECTION('',(0.,0.,1.));
#4360 = ORIENTED_EDGE('',*,*,#3752,.F.);
#4361 = PLANE('',#4362);
#4362 = AXIS2_PLACEMENT_3D('',#4363,#4364,#4365);
#4363 = CARTESIAN_POINT('',(3.6,1.6029776875,2.6441833125));
#4364 = DIRECTION('',(-1.,-0.,-0.));
#4365 = DIRECTION('',(0.,0.,-1.));
#4366 = ADVANCED_FACE('',(#4367),#4380,.T.);
#4367 = FACE_BOUND('',#4368,.T.);
#4368 = EDGE_LOOP('',(#4369,#4375,#4376,#4377,#4378,#4379));
#4369 = ORIENTED_EDGE('',*,*,#4370,.F.);
#4370 = EDGE_CURVE('',#3536,#3784,#4371,.T.);
#4371 = LINE('',#4372,#4373);
#4372 = CARTESIAN_POINT('',(3.6,0.947161,3.1));
#4373 = VECTOR('',#4374,1.);
#4374 = DIRECTION('',(0.,0.,1.));
#4375 = ORIENTED_EDGE('',*,*,#3535,.T.);
#4376 = ORIENTED_EDGE('',*,*,#2432,.T.);
#4377 = ORIENTED_EDGE('',*,*,#823,.F.);
#4378 = ORIENTED_EDGE('',*,*,#2393,.T.);
#4379 = ORIENTED_EDGE('',*,*,#3783,.F.);
#4380 = PLANE('',#4381);
#4381 = AXIS2_PLACEMENT_3D('',#4382,#4383,#4384);
#4382 = CARTESIAN_POINT('',(3.6,0.8936026875,2.6464416875));
#4383 = DIRECTION('',(-1.,-0.,-0.));
#4384 = DIRECTION('',(0.,0.,-1.));
#4385 = ADVANCED_FACE('',(#4386),#4399,.T.);
#4386 = FACE_BOUND('',#4387,.T.);
#4387 = EDGE_LOOP('',(#4388,#4389,#4390,#4391,#4392,#4398));
#4388 = ORIENTED_EDGE('',*,*,#2891,.F.);
#4389 = ORIENTED_EDGE('',*,*,#1049,.F.);
#4390 = ORIENTED_EDGE('',*,*,#2843,.F.);
#4391 = ORIENTED_EDGE('',*,*,#4020,.T.);
#4392 = ORIENTED_EDGE('',*,*,#4393,.T.);
#4393 = EDGE_CURVE('',#4013,#4197,#4394,.T.);
#4394 = LINE('',#4395,#4396);
#4395 = CARTESIAN_POINT('',(3.6,3.447161,1.1));
#4396 = VECTOR('',#4397,1.);
#4397 = DIRECTION('',(0.,0.,1.));
#4398 = ORIENTED_EDGE('',*,*,#4196,.F.);
#4399 = PLANE('',#4400);
#4400 = AXIS2_PLACEMENT_3D('',#4401,#4402,#4403);
#4401 = CARTESIAN_POINT('',(3.6,3.503009859375,2.644151140625));
#4402 = DIRECTION('',(-1.,-0.,-0.));
#4403 = DIRECTION('',(0.,0.,-1.));
#4404 = ADVANCED_FACE('',(#4405),#4418,.T.);
#4405 = FACE_BOUND('',#4406,.T.);
#4406 = EDGE_LOOP('',(#4407,#4413,#4414,#4415,#4416,#4417));
#4407 = ORIENTED_EDGE('',*,*,#4408,.F.);
#4408 = EDGE_CURVE('',#3980,#4228,#4409,.T.);
#4409 = LINE('',#4410,#4411);
#4410 = CARTESIAN_POINT('',(3.6,2.847161,3.1));
#4411 = VECTOR('',#4412,1.);
#4412 = DIRECTION('',(0.,0.,1.));
#4413 = ORIENTED_EDGE('',*,*,#3979,.T.);
#4414 = ORIENTED_EDGE('',*,*,#3024,.T.);
#4415 = ORIENTED_EDGE('',*,*,#1113,.F.);
#4416 = ORIENTED_EDGE('',*,*,#2985,.T.);
#4417 = ORIENTED_EDGE('',*,*,#4227,.F.);
#4418 = PLANE('',#4419);
#4419 = AXIS2_PLACEMENT_3D('',#4420,#4421,#4422);
#4420 = CARTESIAN_POINT('',(3.6,2.793634859375,2.646473859375));
#4421 = DIRECTION('',(-1.,-0.,-0.));
#4422 = DIRECTION('',(0.,0.,-1.));
#4423 = ADVANCED_FACE('',(#4424),#4437,.T.);
#4424 = FACE_BOUND('',#4425,.T.);
#4425 = EDGE_LOOP('',(#4426,#4432,#4433,#4434,#4435,#4436));
#4426 = ORIENTED_EDGE('',*,*,#4427,.F.);
#4427 = EDGE_CURVE('',#3561,#3761,#4428,.T.);
#4428 = LINE('',#4429,#4430);
#4429 = CARTESIAN_POINT('',(3.85,1.547161,3.1));
#4430 = VECTOR('',#4431,1.);
#4431 = DIRECTION('',(0.,0.,1.));
#4432 = ORIENTED_EDGE('',*,*,#3560,.T.);
#4433 = ORIENTED_EDGE('',*,*,#2314,.T.);
#4434 = ORIENTED_EDGE('',*,*,#775,.F.);
#4435 = ORIENTED_EDGE('',*,*,#2283,.T.);
#4436 = ORIENTED_EDGE('',*,*,#3768,.F.);
#4437 = PLANE('',#4438);
#4438 = AXIS2_PLACEMENT_3D('',#4439,#4440,#4441);
#4439 = CARTESIAN_POINT('',(3.85,1.6029776875,2.6441833125));
#4440 = DIRECTION('',(1.,0.,0.));
#4441 = DIRECTION('',(0.,0.,1.));
#4442 = ADVANCED_FACE('',(#4443),#4456,.T.);
#4443 = FACE_BOUND('',#4444,.T.);
#4444 = EDGE_LOOP('',(#4445,#4446,#4447,#4448,#4449,#4455));
#4445 = ORIENTED_EDGE('',*,*,#2409,.F.);
#4446 = ORIENTED_EDGE('',*,*,#807,.F.);
#4447 = ORIENTED_EDGE('',*,*,#2368,.F.);
#4448 = ORIENTED_EDGE('',*,*,#3551,.T.);
#4449 = ORIENTED_EDGE('',*,*,#4450,.T.);
#4450 = EDGE_CURVE('',#3544,#3793,#4451,.T.);
#4451 = LINE('',#4452,#4453);
#4452 = CARTESIAN_POINT('',(3.85,0.947161,1.1));
#4453 = VECTOR('',#4454,1.);
#4454 = DIRECTION('',(0.,0.,1.));
#4455 = ORIENTED_EDGE('',*,*,#3792,.F.);
#4456 = PLANE('',#4457);
#4457 = AXIS2_PLACEMENT_3D('',#4458,#4459,#4460);
#4458 = CARTESIAN_POINT('',(3.85,0.8936026875,2.6464416875));
#4459 = DIRECTION('',(1.,0.,0.));
#4460 = DIRECTION('',(0.,0.,1.));
#4461 = ADVANCED_FACE('',(#4462),#4475,.T.);
#4462 = FACE_BOUND('',#4463,.T.);
#4463 = EDGE_LOOP('',(#4464,#4470,#4471,#4472,#4473,#4474));
#4464 = ORIENTED_EDGE('',*,*,#4465,.F.);
#4465 = EDGE_CURVE('',#4005,#4205,#4466,.T.);
#4466 = LINE('',#4467,#4468);
#4467 = CARTESIAN_POINT('',(3.85,3.447161,3.1));
#4468 = VECTOR('',#4469,1.);
#4469 = DIRECTION('',(0.,0.,1.));
#4470 = ORIENTED_EDGE('',*,*,#4004,.T.);
#4471 = ORIENTED_EDGE('',*,*,#2914,.T.);
#4472 = ORIENTED_EDGE('',*,*,#1065,.F.);
#4473 = ORIENTED_EDGE('',*,*,#2875,.T.);
#4474 = ORIENTED_EDGE('',*,*,#4212,.F.);
#4475 = PLANE('',#4476);
#4476 = AXIS2_PLACEMENT_3D('',#4477,#4478,#4479);
#4477 = CARTESIAN_POINT('',(3.85,3.503009859375,2.644151140625));
#4478 = DIRECTION('',(1.,0.,0.));
#4479 = DIRECTION('',(0.,0.,1.));
#4480 = ADVANCED_FACE('',(#4481),#4494,.T.);
#4481 = FACE_BOUND('',#4482,.T.);
#4482 = EDGE_LOOP('',(#4483,#4484,#4485,#4486,#4487,#4493));
#4483 = ORIENTED_EDGE('',*,*,#3001,.F.);
#4484 = ORIENTED_EDGE('',*,*,#1097,.F.);
#4485 = ORIENTED_EDGE('',*,*,#2960,.F.);
#4486 = ORIENTED_EDGE('',*,*,#3995,.T.);
#4487 = ORIENTED_EDGE('',*,*,#4488,.T.);
#4488 = EDGE_CURVE('',#3988,#4237,#4489,.T.);
#4489 = LINE('',#4490,#4491);
#4490 = CARTESIAN_POINT('',(3.85,2.847161,1.1));
#4491 = VECTOR('',#4492,1.);
#4492 = DIRECTION('',(0.,0.,1.));
#4493 = ORIENTED_EDGE('',*,*,#4236,.F.);
#4494 = PLANE('',#4495);
#4495 = AXIS2_PLACEMENT_3D('',#4496,#4497,#4498);
#4496 = CARTESIAN_POINT('',(3.85,2.793634859375,2.646473859375));
#4497 = DIRECTION('',(1.,0.,0.));
#4498 = DIRECTION('',(0.,0.,1.));
#4499 = ADVANCED_FACE('',(#4500),#4513,.T.);
#4500 = FACE_BOUND('',#4501,.T.);
#4501 = EDGE_LOOP('',(#4502,#4503,#4504,#4505,#4506,#4512));
#4502 = ORIENTED_EDGE('',*,*,#2113,.F.);
#4503 = ORIENTED_EDGE('',*,*,#663,.F.);
#4504 = ORIENTED_EDGE('',*,*,#2072,.F.);
#4505 = ORIENTED_EDGE('',*,*,#3645,.T.);
#4506 = ORIENTED_EDGE('',*,*,#4507,.T.);
#4507 = EDGE_CURVE('',#3638,#3660,#4508,.T.);
#4508 = LINE('',#4509,#4510);
#4509 = CARTESIAN_POINT('',(1.2,1.547162,1.1));
#4510 = VECTOR('',#4511,1.);
#4511 = DIRECTION('',(0.,0.,1.));
#4512 = ORIENTED_EDGE('',*,*,#3659,.F.);
#4513 = PLANE('',#4514);
#4514 = AXIS2_PLACEMENT_3D('',#4515,#4516,#4517);
#4515 = CARTESIAN_POINT('',(1.2,1.602978173693,2.644183326307));
#4516 = DIRECTION('',(-1.,-0.,-0.));
#4517 = DIRECTION('',(0.,0.,-1.));
#4518 = ADVANCED_FACE('',(#4519),#4532,.T.);
#4519 = FACE_BOUND('',#4520,.T.);
#4520 = EDGE_LOOP('',(#4521,#4527,#4528,#4529,#4530,#4531));
#4521 = ORIENTED_EDGE('',*,*,#4522,.F.);
#4522 = EDGE_CURVE('',#3467,#3877,#4523,.T.);
#4523 = LINE('',#4524,#4525);
#4524 = CARTESIAN_POINT('',(1.2,0.947161,3.1));
#4525 = VECTOR('',#4526,1.);
#4526 = DIRECTION('',(0.,0.,1.));
#4527 = ORIENTED_EDGE('',*,*,#3466,.T.);
#4528 = ORIENTED_EDGE('',*,*,#2611,.T.);
#4529 = ORIENTED_EDGE('',*,*,#919,.F.);
#4530 = ORIENTED_EDGE('',*,*,#2579,.T.);
#4531 = ORIENTED_EDGE('',*,*,#3876,.F.);
#4532 = PLANE('',#4533);
#4533 = AXIS2_PLACEMENT_3D('',#4534,#4535,#4536);
#4534 = CARTESIAN_POINT('',(1.2,0.8936026875,2.6464416875));
#4535 = DIRECTION('',(-1.,-0.,-0.));
#4536 = DIRECTION('',(0.,0.,-1.));
#4537 = ADVANCED_FACE('',(#4538),#4551,.T.);
#4538 = FACE_BOUND('',#4539,.T.);
#4539 = EDGE_LOOP('',(#4540,#4541,#4542,#4543,#4544,#4550));
#4540 = ORIENTED_EDGE('',*,*,#2705,.F.);
#4541 = ORIENTED_EDGE('',*,*,#953,.F.);
#4542 = ORIENTED_EDGE('',*,*,#2664,.F.);
#4543 = ORIENTED_EDGE('',*,*,#4089,.T.);
#4544 = ORIENTED_EDGE('',*,*,#4545,.T.);
#4545 = EDGE_CURVE('',#4082,#4104,#4546,.T.);
#4546 = LINE('',#4547,#4548);
#4547 = CARTESIAN_POINT('',(1.2,3.4471615,1.1));
#4548 = VECTOR('',#4549,1.);
#4549 = DIRECTION('',(0.,0.,1.));
#4550 = ORIENTED_EDGE('',*,*,#4103,.F.);
#4551 = PLANE('',#4552);
#4552 = AXIS2_PLACEMENT_3D('',#4553,#4554,#4555);
#4553 = CARTESIAN_POINT('',(1.2,3.503010132813,2.644151367187));
#4554 = DIRECTION('',(-1.,-0.,-0.));
#4555 = DIRECTION('',(0.,0.,-1.));
#4556 = ADVANCED_FACE('',(#4557),#4570,.T.);
#4557 = FACE_BOUND('',#4558,.T.);
#4558 = EDGE_LOOP('',(#4559,#4565,#4566,#4567,#4568,#4569));
#4559 = ORIENTED_EDGE('',*,*,#4560,.F.);
#4560 = EDGE_CURVE('',#3911,#4321,#4561,.T.);
#4561 = LINE('',#4562,#4563);
#4562 = CARTESIAN_POINT('',(1.2,2.847161,3.1));
#4563 = VECTOR('',#4564,1.);
#4564 = DIRECTION('',(0.,0.,1.));
#4565 = ORIENTED_EDGE('',*,*,#3910,.T.);
#4566 = ORIENTED_EDGE('',*,*,#3203,.T.);
#4567 = ORIENTED_EDGE('',*,*,#1209,.F.);
#4568 = ORIENTED_EDGE('',*,*,#3171,.T.);
#4569 = ORIENTED_EDGE('',*,*,#4320,.F.);
#4570 = PLANE('',#4571);
#4571 = AXIS2_PLACEMENT_3D('',#4572,#4573,#4574);
#4572 = CARTESIAN_POINT('',(1.2,2.793634859375,2.646473859375));
#4573 = DIRECTION('',(-1.,-0.,-0.));
#4574 = DIRECTION('',(0.,0.,-1.));
#4575 = ADVANCED_FACE('',(#4576),#4589,.T.);
#4576 = FACE_BOUND('',#4577,.T.);
#4577 = EDGE_LOOP('',(#4578,#4584,#4585,#4586,#4587,#4588));
#4578 = ORIENTED_EDGE('',*,*,#4579,.F.);
#4579 = EDGE_CURVE('',#3630,#3668,#4580,.T.);
#4580 = LINE('',#4581,#4582);
#4581 = CARTESIAN_POINT('',(1.45,1.547162,3.1));
#4582 = VECTOR('',#4583,1.);
#4583 = DIRECTION('',(0.,0.,1.));
#4584 = ORIENTED_EDGE('',*,*,#3629,.T.);
#4585 = ORIENTED_EDGE('',*,*,#2136,.T.);
#4586 = ORIENTED_EDGE('',*,*,#679,.F.);
#4587 = ORIENTED_EDGE('',*,*,#2097,.T.);
#4588 = ORIENTED_EDGE('',*,*,#3675,.F.);
#4589 = PLANE('',#4590);
#4590 = AXIS2_PLACEMENT_3D('',#4591,#4592,#4593);
#4591 = CARTESIAN_POINT('',(1.45,1.602978173693,2.644183326307));
#4592 = DIRECTION('',(1.,0.,0.));
#4593 = DIRECTION('',(0.,0.,1.));
#4594 = ADVANCED_FACE('',(#4595),#4608,.T.);
#4595 = FACE_BOUND('',#4596,.T.);
#4596 = EDGE_LOOP('',(#4597,#4598,#4599,#4600,#4601,#4607));
#4597 = ORIENTED_EDGE('',*,*,#2595,.F.);
#4598 = ORIENTED_EDGE('',*,*,#903,.F.);
#4599 = ORIENTED_EDGE('',*,*,#2547,.F.);
#4600 = ORIENTED_EDGE('',*,*,#3482,.T.);
#4601 = ORIENTED_EDGE('',*,*,#4602,.T.);
#4602 = EDGE_CURVE('',#3475,#3886,#4603,.T.);
#4603 = LINE('',#4604,#4605);
#4604 = CARTESIAN_POINT('',(1.45,0.947161,1.1));
#4605 = VECTOR('',#4606,1.);
#4606 = DIRECTION('',(0.,0.,1.));
#4607 = ORIENTED_EDGE('',*,*,#3885,.F.);
#4608 = PLANE('',#4609);
#4609 = AXIS2_PLACEMENT_3D('',#4610,#4611,#4612);
#4610 = CARTESIAN_POINT('',(1.45,0.8936026875,2.6464416875));
#4611 = DIRECTION('',(1.,0.,0.));
#4612 = DIRECTION('',(0.,0.,1.));
#4613 = ADVANCED_FACE('',(#4614),#4627,.T.);
#4614 = FACE_BOUND('',#4615,.T.);
#4615 = EDGE_LOOP('',(#4616,#4622,#4623,#4624,#4625,#4626));
#4616 = ORIENTED_EDGE('',*,*,#4617,.F.);
#4617 = EDGE_CURVE('',#4074,#4112,#4618,.T.);
#4618 = LINE('',#4619,#4620);
#4619 = CARTESIAN_POINT('',(1.45,3.4471615,3.1));
#4620 = VECTOR('',#4621,1.);
#4621 = DIRECTION('',(0.,0.,1.));
#4622 = ORIENTED_EDGE('',*,*,#4073,.T.);
#4623 = ORIENTED_EDGE('',*,*,#2728,.T.);
#4624 = ORIENTED_EDGE('',*,*,#969,.F.);
#4625 = ORIENTED_EDGE('',*,*,#2689,.T.);
#4626 = ORIENTED_EDGE('',*,*,#4119,.F.);
#4627 = PLANE('',#4628);
#4628 = AXIS2_PLACEMENT_3D('',#4629,#4630,#4631);
#4629 = CARTESIAN_POINT('',(1.45,3.503010132812,2.644151367187));
#4630 = DIRECTION('',(1.,0.,0.));
#4631 = DIRECTION('',(0.,0.,1.));
#4632 = ADVANCED_FACE('',(#4633),#4646,.T.);
#4633 = FACE_BOUND('',#4634,.T.);
#4634 = EDGE_LOOP('',(#4635,#4636,#4637,#4638,#4639,#4645));
#4635 = ORIENTED_EDGE('',*,*,#3187,.F.);
#4636 = ORIENTED_EDGE('',*,*,#1193,.F.);
#4637 = ORIENTED_EDGE('',*,*,#3139,.F.);
#4638 = ORIENTED_EDGE('',*,*,#3926,.T.);
#4639 = ORIENTED_EDGE('',*,*,#4640,.T.);
#4640 = EDGE_CURVE('',#3919,#4330,#4641,.T.);
#4641 = LINE('',#4642,#4643);
#4642 = CARTESIAN_POINT('',(1.45,2.847161,1.1));
#4643 = VECTOR('',#4644,1.);
#4644 = DIRECTION('',(0.,0.,1.));
#4645 = ORIENTED_EDGE('',*,*,#4329,.F.);
#4646 = PLANE('',#4647);
#4647 = AXIS2_PLACEMENT_3D('',#4648,#4649,#4650);
#4648 = CARTESIAN_POINT('',(1.45,2.793634859375,2.646473859375));
#4649 = DIRECTION('',(1.,0.,0.));
#4650 = DIRECTION('',(0.,0.,1.));
#4651 = ADVANCED_FACE('',(#4652),#4665,.T.);
#4652 = FACE_BOUND('',#4653,.T.);
#4653 = EDGE_LOOP('',(#4654,#4655,#4656,#4657,#4658,#4664));
#4654 = ORIENTED_EDGE('',*,*,#2175,.F.);
#4655 = ORIENTED_EDGE('',*,*,#695,.F.);
#4656 = ORIENTED_EDGE('',*,*,#2127,.F.);
#4657 = ORIENTED_EDGE('',*,*,#3622,.T.);
#4658 = ORIENTED_EDGE('',*,*,#4659,.T.);
#4659 = EDGE_CURVE('',#3615,#3691,#4660,.T.);
#4660 = LINE('',#4661,#4662);
#4661 = CARTESIAN_POINT('',(2.,1.547161,1.1));
#4662 = VECTOR('',#4663,1.);
#4663 = DIRECTION('',(0.,0.,1.));
#4664 = ORIENTED_EDGE('',*,*,#3690,.F.);
#4665 = PLANE('',#4666);
#4666 = AXIS2_PLACEMENT_3D('',#4667,#4668,#4669);
#4667 = CARTESIAN_POINT('',(2.,1.6029776875,2.6441833125));
#4668 = DIRECTION('',(-1.,-0.,-0.));
#4669 = DIRECTION('',(0.,0.,-1.));
#4670 = ADVANCED_FACE('',(#4671),#4684,.T.);
#4671 = FACE_BOUND('',#4672,.T.);
#4672 = EDGE_LOOP('',(#4673,#4679,#4680,#4681,#4682,#4683));
#4673 = ORIENTED_EDGE('',*,*,#4674,.F.);
#4674 = EDGE_CURVE('',#3490,#3846,#4675,.T.);
#4675 = LINE('',#4676,#4677);
#4676 = CARTESIAN_POINT('',(2.,0.947161,3.1));
#4677 = VECTOR('',#4678,1.);
#4678 = DIRECTION('',(0.,0.,1.));
#4679 = ORIENTED_EDGE('',*,*,#3489,.T.);
#4680 = ORIENTED_EDGE('',*,*,#2556,.T.);
#4681 = ORIENTED_EDGE('',*,*,#887,.F.);
#4682 = ORIENTED_EDGE('',*,*,#2517,.T.);
#4683 = ORIENTED_EDGE('',*,*,#3845,.F.);
#4684 = PLANE('',#4685);
#4685 = AXIS2_PLACEMENT_3D('',#4686,#4687,#4688);
#4686 = CARTESIAN_POINT('',(2.,0.8936026875,2.6464416875));
#4687 = DIRECTION('',(-1.,-0.,-0.));
#4688 = DIRECTION('',(0.,0.,-1.));
#4689 = ADVANCED_FACE('',(#4690),#4703,.T.);
#4690 = FACE_BOUND('',#4691,.T.);
#4691 = EDGE_LOOP('',(#4692,#4693,#4694,#4695,#4696,#4702));
#4692 = ORIENTED_EDGE('',*,*,#2767,.F.);
#4693 = ORIENTED_EDGE('',*,*,#985,.F.);
#4694 = ORIENTED_EDGE('',*,*,#2719,.F.);
#4695 = ORIENTED_EDGE('',*,*,#4066,.T.);
#4696 = ORIENTED_EDGE('',*,*,#4697,.T.);
#4697 = EDGE_CURVE('',#4059,#4135,#4698,.T.);
#4698 = LINE('',#4699,#4700);
#4699 = CARTESIAN_POINT('',(2.,3.447161,1.1));
#4700 = VECTOR('',#4701,1.);
#4701 = DIRECTION('',(0.,0.,1.));
#4702 = ORIENTED_EDGE('',*,*,#4134,.F.);
#4703 = PLANE('',#4704);
#4704 = AXIS2_PLACEMENT_3D('',#4705,#4706,#4707);
#4705 = CARTESIAN_POINT('',(2.,3.503009859375,2.644151140625));
#4706 = DIRECTION('',(-1.,-0.,-0.));
#4707 = DIRECTION('',(0.,0.,-1.));
#4708 = ADVANCED_FACE('',(#4709),#4722,.T.);
#4709 = FACE_BOUND('',#4710,.T.);
#4710 = EDGE_LOOP('',(#4711,#4717,#4718,#4719,#4720,#4721));
#4711 = ORIENTED_EDGE('',*,*,#4712,.F.);
#4712 = EDGE_CURVE('',#3934,#4290,#4713,.T.);
#4713 = LINE('',#4714,#4715);
#4714 = CARTESIAN_POINT('',(2.,2.847161,3.1));
#4715 = VECTOR('',#4716,1.);
#4716 = DIRECTION('',(0.,0.,1.));
#4717 = ORIENTED_EDGE('',*,*,#3933,.T.);
#4718 = ORIENTED_EDGE('',*,*,#3148,.T.);
#4719 = ORIENTED_EDGE('',*,*,#1177,.F.);
#4720 = ORIENTED_EDGE('',*,*,#3109,.T.);
#4721 = ORIENTED_EDGE('',*,*,#4289,.F.);
#4722 = PLANE('',#4723);
#4723 = AXIS2_PLACEMENT_3D('',#4724,#4725,#4726);
#4724 = CARTESIAN_POINT('',(2.,2.793634859375,2.646473859375));
#4725 = DIRECTION('',(-1.,-0.,-0.));
#4726 = DIRECTION('',(0.,0.,-1.));
#4727 = ADVANCED_FACE('',(#4728),#4741,.T.);
#4728 = FACE_BOUND('',#4729,.T.);
#4729 = EDGE_LOOP('',(#4730,#4736,#4737,#4738,#4739,#4740));
#4730 = ORIENTED_EDGE('',*,*,#4731,.F.);
#4731 = EDGE_CURVE('',#3607,#3699,#4732,.T.);
#4732 = LINE('',#4733,#4734);
#4733 = CARTESIAN_POINT('',(2.25,1.547161,3.1));
#4734 = VECTOR('',#4735,1.);
#4735 = DIRECTION('',(0.,0.,1.));
#4736 = ORIENTED_EDGE('',*,*,#3606,.T.);
#4737 = ORIENTED_EDGE('',*,*,#2198,.T.);
#4738 = ORIENTED_EDGE('',*,*,#711,.F.);
#4739 = ORIENTED_EDGE('',*,*,#2159,.T.);
#4740 = ORIENTED_EDGE('',*,*,#3706,.F.);
#4741 = PLANE('',#4742);
#4742 = AXIS2_PLACEMENT_3D('',#4743,#4744,#4745);
#4743 = CARTESIAN_POINT('',(2.25,1.6029776875,2.6441833125));
#4744 = DIRECTION('',(1.,0.,0.));
#4745 = DIRECTION('',(0.,0.,1.));
#4746 = ADVANCED_FACE('',(#4747),#4760,.T.);
#4747 = FACE_BOUND('',#4748,.T.);
#4748 = EDGE_LOOP('',(#4749,#4750,#4751,#4752,#4753,#4759));
#4749 = ORIENTED_EDGE('',*,*,#2533,.F.);
#4750 = ORIENTED_EDGE('',*,*,#871,.F.);
#4751 = ORIENTED_EDGE('',*,*,#2485,.F.);
#4752 = ORIENTED_EDGE('',*,*,#3505,.T.);
#4753 = ORIENTED_EDGE('',*,*,#4754,.T.);
#4754 = EDGE_CURVE('',#3498,#3855,#4755,.T.);
#4755 = LINE('',#4756,#4757);
#4756 = CARTESIAN_POINT('',(2.25,0.947161,1.1));
#4757 = VECTOR('',#4758,1.);
#4758 = DIRECTION('',(0.,0.,1.));
#4759 = ORIENTED_EDGE('',*,*,#3854,.F.);
#4760 = PLANE('',#4761);
#4761 = AXIS2_PLACEMENT_3D('',#4762,#4763,#4764);
#4762 = CARTESIAN_POINT('',(2.25,0.8936026875,2.6464416875));
#4763 = DIRECTION('',(1.,0.,0.));
#4764 = DIRECTION('',(0.,0.,1.));
#4765 = ADVANCED_FACE('',(#4766),#4779,.T.);
#4766 = FACE_BOUND('',#4767,.T.);
#4767 = EDGE_LOOP('',(#4768,#4774,#4775,#4776,#4777,#4778));
#4768 = ORIENTED_EDGE('',*,*,#4769,.F.);
#4769 = EDGE_CURVE('',#4051,#4143,#4770,.T.);
#4770 = LINE('',#4771,#4772);
#4771 = CARTESIAN_POINT('',(2.25,3.447161,3.1));
#4772 = VECTOR('',#4773,1.);
#4773 = DIRECTION('',(0.,0.,1.));
#4774 = ORIENTED_EDGE('',*,*,#4050,.T.);
#4775 = ORIENTED_EDGE('',*,*,#2790,.T.);
#4776 = ORIENTED_EDGE('',*,*,#1001,.F.);
#4777 = ORIENTED_EDGE('',*,*,#2751,.T.);
#4778 = ORIENTED_EDGE('',*,*,#4150,.F.);
#4779 = PLANE('',#4780);
#4780 = AXIS2_PLACEMENT_3D('',#4781,#4782,#4783);
#4781 = CARTESIAN_POINT('',(2.25,3.503009859375,2.644151140625));
#4782 = DIRECTION('',(1.,0.,0.));
#4783 = DIRECTION('',(0.,0.,1.));
#4784 = ADVANCED_FACE('',(#4785),#4798,.T.);
#4785 = FACE_BOUND('',#4786,.T.);
#4786 = EDGE_LOOP('',(#4787,#4788,#4789,#4790,#4791,#4797));
#4787 = ORIENTED_EDGE('',*,*,#3125,.F.);
#4788 = ORIENTED_EDGE('',*,*,#1161,.F.);
#4789 = ORIENTED_EDGE('',*,*,#3077,.F.);
#4790 = ORIENTED_EDGE('',*,*,#3949,.T.);
#4791 = ORIENTED_EDGE('',*,*,#4792,.T.);
#4792 = EDGE_CURVE('',#3942,#4299,#4793,.T.);
#4793 = LINE('',#4794,#4795);
#4794 = CARTESIAN_POINT('',(2.25,2.847161,1.1));
#4795 = VECTOR('',#4796,1.);
#4796 = DIRECTION('',(0.,0.,1.));
#4797 = ORIENTED_EDGE('',*,*,#4298,.F.);
#4798 = PLANE('',#4799);
#4799 = AXIS2_PLACEMENT_3D('',#4800,#4801,#4802);
#4800 = CARTESIAN_POINT('',(2.25,2.793634859375,2.646473859375));
#4801 = DIRECTION('',(1.,0.,0.));
#4802 = DIRECTION('',(0.,0.,1.));
#4803 = ADVANCED_FACE('',(#4804),#4817,.T.);
#4804 = FACE_BOUND('',#4805,.T.);
#4805 = EDGE_LOOP('',(#4806,#4807,#4808,#4809,#4810,#4816));
#4806 = ORIENTED_EDGE('',*,*,#2237,.F.);
#4807 = ORIENTED_EDGE('',*,*,#727,.F.);
#4808 = ORIENTED_EDGE('',*,*,#2189,.F.);
#4809 = ORIENTED_EDGE('',*,*,#3599,.T.);
#4810 = ORIENTED_EDGE('',*,*,#4811,.T.);
#4811 = EDGE_CURVE('',#3592,#3722,#4812,.T.);
#4812 = LINE('',#4813,#4814);
#4813 = CARTESIAN_POINT('',(2.8,1.547161,1.1));
#4814 = VECTOR('',#4815,1.);
#4815 = DIRECTION('',(0.,0.,1.));
#4816 = ORIENTED_EDGE('',*,*,#3721,.F.);
#4817 = PLANE('',#4818);
#4818 = AXIS2_PLACEMENT_3D('',#4819,#4820,#4821);
#4819 = CARTESIAN_POINT('',(2.8,1.6029776875,2.6441833125));
#4820 = DIRECTION('',(-1.,-0.,-0.));
#4821 = DIRECTION('',(0.,0.,-1.));
#4822 = ADVANCED_FACE('',(#4823),#4836,.T.);
#4823 = FACE_BOUND('',#4824,.T.);
#4824 = EDGE_LOOP('',(#4825,#4831,#4832,#4833,#4834,#4835));
#4825 = ORIENTED_EDGE('',*,*,#4826,.F.);
#4826 = EDGE_CURVE('',#3513,#3815,#4827,.T.);
#4827 = LINE('',#4828,#4829);
#4828 = CARTESIAN_POINT('',(2.8,0.947161,3.1));
#4829 = VECTOR('',#4830,1.);
#4830 = DIRECTION('',(0.,0.,1.));
#4831 = ORIENTED_EDGE('',*,*,#3512,.T.);
#4832 = ORIENTED_EDGE('',*,*,#2494,.T.);
#4833 = ORIENTED_EDGE('',*,*,#855,.F.);
#4834 = ORIENTED_EDGE('',*,*,#2455,.T.);
#4835 = ORIENTED_EDGE('',*,*,#3814,.F.);
#4836 = PLANE('',#4837);
#4837 = AXIS2_PLACEMENT_3D('',#4838,#4839,#4840);
#4838 = CARTESIAN_POINT('',(2.8,0.8936026875,2.6464416875));
#4839 = DIRECTION('',(-1.,-0.,-0.));
#4840 = DIRECTION('',(0.,0.,-1.));
#4841 = ADVANCED_FACE('',(#4842),#4855,.T.);
#4842 = FACE_BOUND('',#4843,.T.);
#4843 = EDGE_LOOP('',(#4844,#4845,#4846,#4847,#4848,#4854));
#4844 = ORIENTED_EDGE('',*,*,#2829,.F.);
#4845 = ORIENTED_EDGE('',*,*,#1017,.F.);
#4846 = ORIENTED_EDGE('',*,*,#2781,.F.);
#4847 = ORIENTED_EDGE('',*,*,#4043,.T.);
#4848 = ORIENTED_EDGE('',*,*,#4849,.T.);
#4849 = EDGE_CURVE('',#4036,#4166,#4850,.T.);
#4850 = LINE('',#4851,#4852);
#4851 = CARTESIAN_POINT('',(2.8,3.447161,1.1));
#4852 = VECTOR('',#4853,1.);
#4853 = DIRECTION('',(0.,0.,1.));
#4854 = ORIENTED_EDGE('',*,*,#4165,.F.);
#4855 = PLANE('',#4856);
#4856 = AXIS2_PLACEMENT_3D('',#4857,#4858,#4859);
#4857 = CARTESIAN_POINT('',(2.8,3.503009859375,2.644151140625));
#4858 = DIRECTION('',(-1.,-0.,-0.));
#4859 = DIRECTION('',(0.,0.,-1.));
#4860 = ADVANCED_FACE('',(#4861),#4874,.T.);
#4861 = FACE_BOUND('',#4862,.T.);
#4862 = EDGE_LOOP('',(#4863,#4869,#4870,#4871,#4872,#4873));
#4863 = ORIENTED_EDGE('',*,*,#4864,.F.);
#4864 = EDGE_CURVE('',#3957,#4259,#4865,.T.);
#4865 = LINE('',#4866,#4867);
#4866 = CARTESIAN_POINT('',(2.8,2.847161,3.1));
#4867 = VECTOR('',#4868,1.);
#4868 = DIRECTION('',(0.,0.,1.));
#4869 = ORIENTED_EDGE('',*,*,#3956,.T.);
#4870 = ORIENTED_EDGE('',*,*,#3086,.T.);
#4871 = ORIENTED_EDGE('',*,*,#1145,.F.);
#4872 = ORIENTED_EDGE('',*,*,#3047,.T.);
#4873 = ORIENTED_EDGE('',*,*,#4258,.F.);
#4874 = PLANE('',#4875);
#4875 = AXIS2_PLACEMENT_3D('',#4876,#4877,#4878);
#4876 = CARTESIAN_POINT('',(2.8,2.793634859375,2.646473859375));
#4877 = DIRECTION('',(-1.,-0.,-0.));
#4878 = DIRECTION('',(0.,0.,-1.));
#4879 = ADVANCED_FACE('',(#4880),#4893,.T.);
#4880 = FACE_BOUND('',#4881,.T.);
#4881 = EDGE_LOOP('',(#4882,#4888,#4889,#4890,#4891,#4892));
#4882 = ORIENTED_EDGE('',*,*,#4883,.F.);
#4883 = EDGE_CURVE('',#3584,#3730,#4884,.T.);
#4884 = LINE('',#4885,#4886);
#4885 = CARTESIAN_POINT('',(3.05,1.547161,3.1));
#4886 = VECTOR('',#4887,1.);
#4887 = DIRECTION('',(0.,0.,1.));
#4888 = ORIENTED_EDGE('',*,*,#3583,.T.);
#4889 = ORIENTED_EDGE('',*,*,#2260,.T.);
#4890 = ORIENTED_EDGE('',*,*,#743,.F.);
#4891 = ORIENTED_EDGE('',*,*,#2221,.T.);
#4892 = ORIENTED_EDGE('',*,*,#3737,.F.);
#4893 = PLANE('',#4894);
#4894 = AXIS2_PLACEMENT_3D('',#4895,#4896,#4897);
#4895 = CARTESIAN_POINT('',(3.05,1.6029776875,2.6441833125));
#4896 = DIRECTION('',(1.,0.,0.));
#4897 = DIRECTION('',(0.,0.,1.));
#4898 = ADVANCED_FACE('',(#4899),#4912,.T.);
#4899 = FACE_BOUND('',#4900,.T.);
#4900 = EDGE_LOOP('',(#4901,#4902,#4903,#4904,#4905,#4911));
#4901 = ORIENTED_EDGE('',*,*,#2471,.F.);
#4902 = ORIENTED_EDGE('',*,*,#839,.F.);
#4903 = ORIENTED_EDGE('',*,*,#2423,.F.);
#4904 = ORIENTED_EDGE('',*,*,#3528,.T.);
#4905 = ORIENTED_EDGE('',*,*,#4906,.T.);
#4906 = EDGE_CURVE('',#3521,#3824,#4907,.T.);
#4907 = LINE('',#4908,#4909);
#4908 = CARTESIAN_POINT('',(3.05,0.947161,1.1));
#4909 = VECTOR('',#4910,1.);
#4910 = DIRECTION('',(0.,0.,1.));
#4911 = ORIENTED_EDGE('',*,*,#3823,.F.);
#4912 = PLANE('',#4913);
#4913 = AXIS2_PLACEMENT_3D('',#4914,#4915,#4916);
#4914 = CARTESIAN_POINT('',(3.05,0.8936026875,2.6464416875));
#4915 = DIRECTION('',(1.,0.,0.));
#4916 = DIRECTION('',(0.,0.,1.));
#4917 = ADVANCED_FACE('',(#4918),#4931,.T.);
#4918 = FACE_BOUND('',#4919,.T.);
#4919 = EDGE_LOOP('',(#4920,#4926,#4927,#4928,#4929,#4930));
#4920 = ORIENTED_EDGE('',*,*,#4921,.F.);
#4921 = EDGE_CURVE('',#4028,#4174,#4922,.T.);
#4922 = LINE('',#4923,#4924);
#4923 = CARTESIAN_POINT('',(3.05,3.447161,3.1));
#4924 = VECTOR('',#4925,1.);
#4925 = DIRECTION('',(0.,0.,1.));
#4926 = ORIENTED_EDGE('',*,*,#4027,.T.);
#4927 = ORIENTED_EDGE('',*,*,#2852,.T.);
#4928 = ORIENTED_EDGE('',*,*,#1033,.F.);
#4929 = ORIENTED_EDGE('',*,*,#2813,.T.);
#4930 = ORIENTED_EDGE('',*,*,#4181,.F.);
#4931 = PLANE('',#4932);
#4932 = AXIS2_PLACEMENT_3D('',#4933,#4934,#4935);
#4933 = CARTESIAN_POINT('',(3.05,3.503009859375,2.644151140625));
#4934 = DIRECTION('',(1.,0.,0.));
#4935 = DIRECTION('',(0.,0.,1.));
#4936 = ADVANCED_FACE('',(#4937),#4950,.T.);
#4937 = FACE_BOUND('',#4938,.T.);
#4938 = EDGE_LOOP('',(#4939,#4940,#4941,#4942,#4943,#4949));
#4939 = ORIENTED_EDGE('',*,*,#3063,.F.);
#4940 = ORIENTED_EDGE('',*,*,#1129,.F.);
#4941 = ORIENTED_EDGE('',*,*,#3015,.F.);
#4942 = ORIENTED_EDGE('',*,*,#3972,.T.);
#4943 = ORIENTED_EDGE('',*,*,#4944,.T.);
#4944 = EDGE_CURVE('',#3965,#4268,#4945,.T.);
#4945 = LINE('',#4946,#4947);
#4946 = CARTESIAN_POINT('',(3.05,2.847161,1.1));
#4947 = VECTOR('',#4948,1.);
#4948 = DIRECTION('',(0.,0.,1.));
#4949 = ORIENTED_EDGE('',*,*,#4267,.F.);
#4950 = PLANE('',#4951);
#4951 = AXIS2_PLACEMENT_3D('',#4952,#4953,#4954);
#4952 = CARTESIAN_POINT('',(3.05,2.793634859375,2.646473859375));
#4953 = DIRECTION('',(1.,0.,0.));
#4954 = DIRECTION('',(0.,0.,1.));
#4955 = ADVANCED_FACE('',(#4956),#4962,.T.);
#4956 = FACE_BOUND('',#4957,.T.);
#4957 = EDGE_LOOP('',(#4958,#4959,#4960,#4961));
#4958 = ORIENTED_EDGE('',*,*,#4507,.F.);
#4959 = ORIENTED_EDGE('',*,*,#3637,.T.);
#4960 = ORIENTED_EDGE('',*,*,#4579,.T.);
#4961 = ORIENTED_EDGE('',*,*,#3667,.F.);
#4962 = PLANE('',#4963);
#4963 = AXIS2_PLACEMENT_3D('',#4964,#4965,#4966);
#4964 = CARTESIAN_POINT('',(1.325,1.547162,2.6));
#4965 = DIRECTION('',(-0.,-1.,-0.));
#4966 = DIRECTION('',(0.,0.,-1.));
#4967 = ADVANCED_FACE('',(#4968),#4974,.T.);
#4968 = FACE_BOUND('',#4969,.T.);
#4969 = EDGE_LOOP('',(#4970,#4971,#4972,#4973));
#4970 = ORIENTED_EDGE('',*,*,#4659,.F.);
#4971 = ORIENTED_EDGE('',*,*,#3614,.T.);
#4972 = ORIENTED_EDGE('',*,*,#4731,.T.);
#4973 = ORIENTED_EDGE('',*,*,#3698,.F.);
#4974 = PLANE('',#4975);
#4975 = AXIS2_PLACEMENT_3D('',#4976,#4977,#4978);
#4976 = CARTESIAN_POINT('',(2.125,1.547161,2.6));
#4977 = DIRECTION('',(-0.,-1.,-0.));
#4978 = DIRECTION('',(0.,0.,-1.));
#4979 = ADVANCED_FACE('',(#4980),#4986,.T.);
#4980 = FACE_BOUND('',#4981,.T.);
#4981 = EDGE_LOOP('',(#4982,#4983,#4984,#4985));
#4982 = ORIENTED_EDGE('',*,*,#4811,.F.);
#4983 = ORIENTED_EDGE('',*,*,#3591,.T.);
#4984 = ORIENTED_EDGE('',*,*,#4883,.T.);
#4985 = ORIENTED_EDGE('',*,*,#3729,.F.);
#4986 = PLANE('',#4987);
#4987 = AXIS2_PLACEMENT_3D('',#4988,#4989,#4990);
#4988 = CARTESIAN_POINT('',(2.925,1.547161,2.6));
#4989 = DIRECTION('',(-0.,-1.,-0.));
#4990 = DIRECTION('',(0.,0.,-1.));
#4991 = ADVANCED_FACE('',(#4992),#4998,.T.);
#4992 = FACE_BOUND('',#4993,.T.);
#4993 = EDGE_LOOP('',(#4994,#4995,#4996,#4997));
#4994 = ORIENTED_EDGE('',*,*,#4355,.F.);
#4995 = ORIENTED_EDGE('',*,*,#3568,.T.);
#4996 = ORIENTED_EDGE('',*,*,#4427,.T.);
#4997 = ORIENTED_EDGE('',*,*,#3760,.F.);
#4998 = PLANE('',#4999);
#4999 = AXIS2_PLACEMENT_3D('',#5000,#5001,#5002);
#5000 = CARTESIAN_POINT('',(3.725,1.547161,2.6));
#5001 = DIRECTION('',(-0.,-1.,-0.));
#5002 = DIRECTION('',(0.,0.,-1.));
#5003 = ADVANCED_FACE('',(#5004),#5010,.T.);
#5004 = FACE_BOUND('',#5005,.T.);
#5005 = EDGE_LOOP('',(#5006,#5007,#5008,#5009));
#5006 = ORIENTED_EDGE('',*,*,#4450,.F.);
#5007 = ORIENTED_EDGE('',*,*,#3543,.T.);
#5008 = ORIENTED_EDGE('',*,*,#4370,.T.);
#5009 = ORIENTED_EDGE('',*,*,#3800,.F.);
#5010 = PLANE('',#5011);
#5011 = AXIS2_PLACEMENT_3D('',#5012,#5013,#5014);
#5012 = CARTESIAN_POINT('',(3.725,0.947161,2.6));
#5013 = DIRECTION('',(0.,1.,0.));
#5014 = DIRECTION('',(0.,0.,1.));
#5015 = ADVANCED_FACE('',(#5016),#5022,.T.);
#5016 = FACE_BOUND('',#5017,.T.);
#5017 = EDGE_LOOP('',(#5018,#5019,#5020,#5021));
#5018 = ORIENTED_EDGE('',*,*,#4906,.F.);
#5019 = ORIENTED_EDGE('',*,*,#3520,.T.);
#5020 = ORIENTED_EDGE('',*,*,#4826,.T.);
#5021 = ORIENTED_EDGE('',*,*,#3831,.F.);
#5022 = PLANE('',#5023);
#5023 = AXIS2_PLACEMENT_3D('',#5024,#5025,#5026);
#5024 = CARTESIAN_POINT('',(2.925,0.947161,2.6));
#5025 = DIRECTION('',(0.,1.,0.));
#5026 = DIRECTION('',(0.,0.,1.));
#5027 = ADVANCED_FACE('',(#5028),#5034,.T.);
#5028 = FACE_BOUND('',#5029,.T.);
#5029 = EDGE_LOOP('',(#5030,#5031,#5032,#5033));
#5030 = ORIENTED_EDGE('',*,*,#4754,.F.);
#5031 = ORIENTED_EDGE('',*,*,#3497,.T.);
#5032 = ORIENTED_EDGE('',*,*,#4674,.T.);
#5033 = ORIENTED_EDGE('',*,*,#3862,.F.);
#5034 = PLANE('',#5035);
#5035 = AXIS2_PLACEMENT_3D('',#5036,#5037,#5038);
#5036 = CARTESIAN_POINT('',(2.125,0.947161,2.6));
#5037 = DIRECTION('',(0.,1.,0.));
#5038 = DIRECTION('',(0.,0.,1.));
#5039 = ADVANCED_FACE('',(#5040),#5046,.T.);
#5040 = FACE_BOUND('',#5041,.T.);
#5041 = EDGE_LOOP('',(#5042,#5043,#5044,#5045));
#5042 = ORIENTED_EDGE('',*,*,#4602,.F.);
#5043 = ORIENTED_EDGE('',*,*,#3474,.T.);
#5044 = ORIENTED_EDGE('',*,*,#4522,.T.);
#5045 = ORIENTED_EDGE('',*,*,#3893,.F.);
#5046 = PLANE('',#5047);
#5047 = AXIS2_PLACEMENT_3D('',#5048,#5049,#5050);
#5048 = CARTESIAN_POINT('',(1.325,0.947161,2.6));
#5049 = DIRECTION('',(0.,1.,0.));
#5050 = DIRECTION('',(0.,0.,1.));
#5051 = ADVANCED_FACE('',(#5052),#5058,.T.);
#5052 = FACE_BOUND('',#5053,.T.);
#5053 = EDGE_LOOP('',(#5054,#5055,#5056,#5057));
#5054 = ORIENTED_EDGE('',*,*,#4545,.F.);
#5055 = ORIENTED_EDGE('',*,*,#4081,.T.);
#5056 = ORIENTED_EDGE('',*,*,#4617,.T.);
#5057 = ORIENTED_EDGE('',*,*,#4111,.F.);
#5058 = PLANE('',#5059);
#5059 = AXIS2_PLACEMENT_3D('',#5060,#5061,#5062);
#5060 = CARTESIAN_POINT('',(1.325,3.4471615,2.6));
#5061 = DIRECTION('',(-0.,-1.,-0.));
#5062 = DIRECTION('',(0.,0.,-1.));
#5063 = ADVANCED_FACE('',(#5064),#5070,.T.);
#5064 = FACE_BOUND('',#5065,.T.);
#5065 = EDGE_LOOP('',(#5066,#5067,#5068,#5069));
#5066 = ORIENTED_EDGE('',*,*,#4697,.F.);
#5067 = ORIENTED_EDGE('',*,*,#4058,.T.);
#5068 = ORIENTED_EDGE('',*,*,#4769,.T.);
#5069 = ORIENTED_EDGE('',*,*,#4142,.F.);
#5070 = PLANE('',#5071);
#5071 = AXIS2_PLACEMENT_3D('',#5072,#5073,#5074);
#5072 = CARTESIAN_POINT('',(2.125,3.447161,2.6));
#5073 = DIRECTION('',(-0.,-1.,-0.));
#5074 = DIRECTION('',(0.,0.,-1.));
#5075 = ADVANCED_FACE('',(#5076),#5082,.T.);
#5076 = FACE_BOUND('',#5077,.T.);
#5077 = EDGE_LOOP('',(#5078,#5079,#5080,#5081));
#5078 = ORIENTED_EDGE('',*,*,#4849,.F.);
#5079 = ORIENTED_EDGE('',*,*,#4035,.T.);
#5080 = ORIENTED_EDGE('',*,*,#4921,.T.);
#5081 = ORIENTED_EDGE('',*,*,#4173,.F.);
#5082 = PLANE('',#5083);
#5083 = AXIS2_PLACEMENT_3D('',#5084,#5085,#5086);
#5084 = CARTESIAN_POINT('',(2.925,3.447161,2.6));
#5085 = DIRECTION('',(-0.,-1.,-0.));
#5086 = DIRECTION('',(0.,0.,-1.));
#5087 = ADVANCED_FACE('',(#5088),#5094,.T.);
#5088 = FACE_BOUND('',#5089,.T.);
#5089 = EDGE_LOOP('',(#5090,#5091,#5092,#5093));
#5090 = ORIENTED_EDGE('',*,*,#4393,.F.);
#5091 = ORIENTED_EDGE('',*,*,#4012,.T.);
#5092 = ORIENTED_EDGE('',*,*,#4465,.T.);
#5093 = ORIENTED_EDGE('',*,*,#4204,.F.);
#5094 = PLANE('',#5095);
#5095 = AXIS2_PLACEMENT_3D('',#5096,#5097,#5098);
#5096 = CARTESIAN_POINT('',(3.725,3.447161,2.6));
#5097 = DIRECTION('',(-0.,-1.,-0.));
#5098 = DIRECTION('',(0.,0.,-1.));
#5099 = ADVANCED_FACE('',(#5100),#5106,.T.);
#5100 = FACE_BOUND('',#5101,.T.);
#5101 = EDGE_LOOP('',(#5102,#5103,#5104,#5105));
#5102 = ORIENTED_EDGE('',*,*,#4488,.F.);
#5103 = ORIENTED_EDGE('',*,*,#3987,.T.);
#5104 = ORIENTED_EDGE('',*,*,#4408,.T.);
#5105 = ORIENTED_EDGE('',*,*,#4244,.F.);
#5106 = PLANE('',#5107);
#5107 = AXIS2_PLACEMENT_3D('',#5108,#5109,#5110);
#5108 = CARTESIAN_POINT('',(3.725,2.847161,2.6));
#5109 = DIRECTION('',(0.,1.,0.));
#5110 = DIRECTION('',(0.,0.,1.));
#5111 = ADVANCED_FACE('',(#5112),#5118,.T.);
#5112 = FACE_BOUND('',#5113,.T.);
#5113 = EDGE_LOOP('',(#5114,#5115,#5116,#5117));
#5114 = ORIENTED_EDGE('',*,*,#4944,.F.);
#5115 = ORIENTED_EDGE('',*,*,#3964,.T.);
#5116 = ORIENTED_EDGE('',*,*,#4864,.T.);
#5117 = ORIENTED_EDGE('',*,*,#4275,.F.);
#5118 = PLANE('',#5119);
#5119 = AXIS2_PLACEMENT_3D('',#5120,#5121,#5122);
#5120 = CARTESIAN_POINT('',(2.925,2.847161,2.6));
#5121 = DIRECTION('',(0.,1.,0.));
#5122 = DIRECTION('',(0.,0.,1.));
#5123 = ADVANCED_FACE('',(#5124),#5130,.T.);
#5124 = FACE_BOUND('',#5125,.T.);
#5125 = EDGE_LOOP('',(#5126,#5127,#5128,#5129));
#5126 = ORIENTED_EDGE('',*,*,#4792,.F.);
#5127 = ORIENTED_EDGE('',*,*,#3941,.T.);
#5128 = ORIENTED_EDGE('',*,*,#4712,.T.);
#5129 = ORIENTED_EDGE('',*,*,#4306,.F.);
#5130 = PLANE('',#5131);
#5131 = AXIS2_PLACEMENT_3D('',#5132,#5133,#5134);
#5132 = CARTESIAN_POINT('',(2.125,2.847161,2.6));
#5133 = DIRECTION('',(0.,1.,0.));
#5134 = DIRECTION('',(0.,0.,1.));
#5135 = ADVANCED_FACE('',(#5136),#5142,.T.);
#5136 = FACE_BOUND('',#5137,.T.);
#5137 = EDGE_LOOP('',(#5138,#5139,#5140,#5141));
#5138 = ORIENTED_EDGE('',*,*,#4640,.F.);
#5139 = ORIENTED_EDGE('',*,*,#3918,.T.);
#5140 = ORIENTED_EDGE('',*,*,#4560,.T.);
#5141 = ORIENTED_EDGE('',*,*,#4337,.F.);
#5142 = PLANE('',#5143);
#5143 = AXIS2_PLACEMENT_3D('',#5144,#5145,#5146);
#5144 = CARTESIAN_POINT('',(1.325,2.847161,2.6));
#5145 = DIRECTION('',(0.,1.,0.));
#5146 = DIRECTION('',(0.,0.,1.));
#5147 = ( GEOMETRIC_REPRESENTATION_CONTEXT(3) 
GLOBAL_UNCERTAINTY_ASSIGNED_CONTEXT((#5151)) 
GLOBAL_UNIT_ASSIGNED_CONTEXT((#5148,#5149,#5150)) REPRESENTATION_CONTEXT
('Context #1','3D Context with UNIT and UNCERTAINTY') );
#5148 = ( LENGTH_UNIT() NAMED_UNIT(*) SI_UNIT(.MILLI.,.METRE.) );
#5149 = ( NAMED_UNIT(*) PLANE_ANGLE_UNIT() SI_UNIT($,.RADIAN.) );
#5150 = ( NAMED_UNIT(*) SI_UNIT($,.STERADIAN.) SOLID_ANGLE_UNIT() );
#5151 = UNCERTAINTY_MEASURE_WITH_UNIT(LENGTH_MEASURE(1.E-07),#5148,
  'distance_accuracy_value','confusion accuracy');
#5152 = PRODUCT_RELATED_PRODUCT_CATEGORY('part',$,(#7));
#5153 = MECHANICAL_DESIGN_GEOMETRIC_PRESENTATION_REPRESENTATION('',(
    #5154,#5165,#5173,#5180,#5187,#5194,#5201,#5208,#5215,#5222,#5229,
    #5236,#5243,#5250,#5257,#5264,#5271,#5278,#5285,#5292,#5299,#5306,
    #5313,#5320,#5327,#5334,#5341,#5348,#5355,#5362,#5369,#5376,#5383,
    #5390,#5397,#5404),#5147);
#5154 = STYLED_ITEM('color',(#5155),#15);
#5155 = PRESENTATION_STYLE_ASSIGNMENT((#5156,#5162));
#5156 = SURFACE_STYLE_USAGE(.BOTH.,#5157);
#5157 = SURFACE_SIDE_STYLE('',(#5158));
#5158 = SURFACE_STYLE_FILL_AREA(#5159);
#5159 = FILL_AREA_STYLE('',(#5160));
#5160 = FILL_AREA_STYLE_COLOUR('',#5161);
#5161 = COLOUR_RGB('',0.678431390124,0.709803936702,0.741176476869);
#5162 = CURVE_STYLE('',#5163,POSITIVE_LENGTH_MEASURE(0.1),#5164);
#5163 = DRAUGHTING_PRE_DEFINED_CURVE_FONT('continuous');
#5164 = COLOUR_RGB('',9.803921802644E-02,9.803921802644E-02,
  9.803921802644E-02);
#5165 = OVER_RIDING_STYLED_ITEM('overriding color',(#5166),#57,#5154);
#5166 = PRESENTATION_STYLE_ASSIGNMENT((#5167));
#5167 = SURFACE_STYLE_USAGE(.BOTH.,#5168);
#5168 = SURFACE_SIDE_STYLE('',(#5169));
#5169 = SURFACE_STYLE_FILL_AREA(#5170);
#5170 = FILL_AREA_STYLE('',(#5171));
#5171 = FILL_AREA_STYLE_COLOUR('',#5172);
#5172 = COLOUR_RGB('',0.203921572143,0.203921572143,0.203921572143);
#5173 = OVER_RIDING_STYLED_ITEM('overriding color',(#5174),#247,#5154);
#5174 = PRESENTATION_STYLE_ASSIGNMENT((#5175));
#5175 = SURFACE_STYLE_USAGE(.BOTH.,#5176);
#5176 = SURFACE_SIDE_STYLE('',(#5177));
#5177 = SURFACE_STYLE_FILL_AREA(#5178);
#5178 = FILL_AREA_STYLE('',(#5179));
#5179 = FILL_AREA_STYLE_COLOUR('',#5172);
#5180 = OVER_RIDING_STYLED_ITEM('overriding color',(#5181),#599,#5154);
#5181 = PRESENTATION_STYLE_ASSIGNMENT((#5182));
#5182 = SURFACE_STYLE_USAGE(.BOTH.,#5183);
#5183 = SURFACE_SIDE_STYLE('',(#5184));
#5184 = SURFACE_STYLE_FILL_AREA(#5185);
#5185 = FILL_AREA_STYLE('',(#5186));
#5186 = FILL_AREA_STYLE_COLOUR('',#5172);
#5187 = OVER_RIDING_STYLED_ITEM('overriding color',(#5188),#623,#5154);
#5188 = PRESENTATION_STYLE_ASSIGNMENT((#5189));
#5189 = SURFACE_STYLE_USAGE(.BOTH.,#5190);
#5190 = SURFACE_SIDE_STYLE('',(#5191));
#5191 = SURFACE_STYLE_FILL_AREA(#5192);
#5192 = FILL_AREA_STYLE('',(#5193));
#5193 = FILL_AREA_STYLE_COLOUR('',#5172);
#5194 = OVER_RIDING_STYLED_ITEM('overriding color',(#5195),#1227,#5154);
#5195 = PRESENTATION_STYLE_ASSIGNMENT((#5196));
#5196 = SURFACE_STYLE_USAGE(.BOTH.,#5197);
#5197 = SURFACE_SIDE_STYLE('',(#5198));
#5198 = SURFACE_STYLE_FILL_AREA(#5199);
#5199 = FILL_AREA_STYLE('',(#5200));
#5200 = FILL_AREA_STYLE_COLOUR('',#5172);
#5201 = OVER_RIDING_STYLED_ITEM('overriding color',(#5202),#1516,#5154);
#5202 = PRESENTATION_STYLE_ASSIGNMENT((#5203));
#5203 = SURFACE_STYLE_USAGE(.BOTH.,#5204);
#5204 = SURFACE_SIDE_STYLE('',(#5205));
#5205 = SURFACE_STYLE_FILL_AREA(#5206);
#5206 = FILL_AREA_STYLE('',(#5207));
#5207 = FILL_AREA_STYLE_COLOUR('',#5172);
#5208 = OVER_RIDING_STYLED_ITEM('overriding color',(#5209),#1936,#5154);
#5209 = PRESENTATION_STYLE_ASSIGNMENT((#5210));
#5210 = SURFACE_STYLE_USAGE(.BOTH.,#5211);
#5211 = SURFACE_SIDE_STYLE('',(#5212));
#5212 = SURFACE_STYLE_FILL_AREA(#5213);
#5213 = FILL_AREA_STYLE('',(#5214));
#5214 = FILL_AREA_STYLE_COLOUR('',#5172);
#5215 = OVER_RIDING_STYLED_ITEM('overriding color',(#5216),#1961,#5154);
#5216 = PRESENTATION_STYLE_ASSIGNMENT((#5217));
#5217 = SURFACE_STYLE_USAGE(.BOTH.,#5218);
#5218 = SURFACE_SIDE_STYLE('',(#5219));
#5219 = SURFACE_STYLE_FILL_AREA(#5220);
#5220 = FILL_AREA_STYLE('',(#5221));
#5221 = FILL_AREA_STYLE_COLOUR('',#5172);
#5222 = OVER_RIDING_STYLED_ITEM('overriding color',(#5223),#2037,#5154);
#5223 = PRESENTATION_STYLE_ASSIGNMENT((#5224));
#5224 = SURFACE_STYLE_USAGE(.BOTH.,#5225);
#5225 = SURFACE_SIDE_STYLE('',(#5226));
#5226 = SURFACE_STYLE_FILL_AREA(#5227);
#5227 = FILL_AREA_STYLE('',(#5228));
#5228 = FILL_AREA_STYLE_COLOUR('',#5172);
#5229 = OVER_RIDING_STYLED_ITEM('overriding color',(#5230),#2068,#5154);
#5230 = PRESENTATION_STYLE_ASSIGNMENT((#5231));
#5231 = SURFACE_STYLE_USAGE(.BOTH.,#5232);
#5232 = SURFACE_SIDE_STYLE('',(#5233));
#5233 = SURFACE_STYLE_FILL_AREA(#5234);
#5234 = FILL_AREA_STYLE('',(#5235));
#5235 = FILL_AREA_STYLE_COLOUR('',#5172);
#5236 = OVER_RIDING_STYLED_ITEM('overriding color',(#5237),#2123,#5154);
#5237 = PRESENTATION_STYLE_ASSIGNMENT((#5238));
#5238 = SURFACE_STYLE_USAGE(.BOTH.,#5239);
#5239 = SURFACE_SIDE_STYLE('',(#5240));
#5240 = SURFACE_STYLE_FILL_AREA(#5241);
#5241 = FILL_AREA_STYLE('',(#5242));
#5242 = FILL_AREA_STYLE_COLOUR('',#5172);
#5243 = OVER_RIDING_STYLED_ITEM('overriding color',(#5244),#2185,#5154);
#5244 = PRESENTATION_STYLE_ASSIGNMENT((#5245));
#5245 = SURFACE_STYLE_USAGE(.BOTH.,#5246);
#5246 = SURFACE_SIDE_STYLE('',(#5247));
#5247 = SURFACE_STYLE_FILL_AREA(#5248);
#5248 = FILL_AREA_STYLE('',(#5249));
#5249 = FILL_AREA_STYLE_COLOUR('',#5172);
#5250 = OVER_RIDING_STYLED_ITEM('overriding color',(#5251),#2247,#5154);
#5251 = PRESENTATION_STYLE_ASSIGNMENT((#5252));
#5252 = SURFACE_STYLE_USAGE(.BOTH.,#5253);
#5253 = SURFACE_SIDE_STYLE('',(#5254));
#5254 = SURFACE_STYLE_FILL_AREA(#5255);
#5255 = FILL_AREA_STYLE('',(#5256));
#5256 = FILL_AREA_STYLE_COLOUR('',#5172);
#5257 = OVER_RIDING_STYLED_ITEM('overriding color',(#5258),#2309,#5154);
#5258 = PRESENTATION_STYLE_ASSIGNMENT((#5259));
#5259 = SURFACE_STYLE_USAGE(.BOTH.,#5260);
#5260 = SURFACE_SIDE_STYLE('',(#5261));
#5261 = SURFACE_STYLE_FILL_AREA(#5262);
#5262 = FILL_AREA_STYLE('',(#5263));
#5263 = FILL_AREA_STYLE_COLOUR('',#5172);
#5264 = OVER_RIDING_STYLED_ITEM('overriding color',(#5265),#2340,#5154);
#5265 = PRESENTATION_STYLE_ASSIGNMENT((#5266));
#5266 = SURFACE_STYLE_USAGE(.BOTH.,#5267);
#5267 = SURFACE_SIDE_STYLE('',(#5268));
#5268 = SURFACE_STYLE_FILL_AREA(#5269);
#5269 = FILL_AREA_STYLE('',(#5270));
#5270 = FILL_AREA_STYLE_COLOUR('',#5172);
#5271 = OVER_RIDING_STYLED_ITEM('overriding color',(#5272),#2364,#5154);
#5272 = PRESENTATION_STYLE_ASSIGNMENT((#5273));
#5273 = SURFACE_STYLE_USAGE(.BOTH.,#5274);
#5274 = SURFACE_SIDE_STYLE('',(#5275));
#5275 = SURFACE_STYLE_FILL_AREA(#5276);
#5276 = FILL_AREA_STYLE('',(#5277));
#5277 = FILL_AREA_STYLE_COLOUR('',#5172);
#5278 = OVER_RIDING_STYLED_ITEM('overriding color',(#5279),#2419,#5154);
#5279 = PRESENTATION_STYLE_ASSIGNMENT((#5280));
#5280 = SURFACE_STYLE_USAGE(.BOTH.,#5281);
#5281 = SURFACE_SIDE_STYLE('',(#5282));
#5282 = SURFACE_STYLE_FILL_AREA(#5283);
#5283 = FILL_AREA_STYLE('',(#5284));
#5284 = FILL_AREA_STYLE_COLOUR('',#5172);
#5285 = OVER_RIDING_STYLED_ITEM('overriding color',(#5286),#2481,#5154);
#5286 = PRESENTATION_STYLE_ASSIGNMENT((#5287));
#5287 = SURFACE_STYLE_USAGE(.BOTH.,#5288);
#5288 = SURFACE_SIDE_STYLE('',(#5289));
#5289 = SURFACE_STYLE_FILL_AREA(#5290);
#5290 = FILL_AREA_STYLE('',(#5291));
#5291 = FILL_AREA_STYLE_COLOUR('',#5172);
#5292 = OVER_RIDING_STYLED_ITEM('overriding color',(#5293),#2543,#5154);
#5293 = PRESENTATION_STYLE_ASSIGNMENT((#5294));
#5294 = SURFACE_STYLE_USAGE(.BOTH.,#5295);
#5295 = SURFACE_SIDE_STYLE('',(#5296));
#5296 = SURFACE_STYLE_FILL_AREA(#5297);
#5297 = FILL_AREA_STYLE('',(#5298));
#5298 = FILL_AREA_STYLE_COLOUR('',#5172);
#5299 = OVER_RIDING_STYLED_ITEM('overriding color',(#5300),#2605,#5154);
#5300 = PRESENTATION_STYLE_ASSIGNMENT((#5301));
#5301 = SURFACE_STYLE_USAGE(.BOTH.,#5302);
#5302 = SURFACE_SIDE_STYLE('',(#5303));
#5303 = SURFACE_STYLE_FILL_AREA(#5304);
#5304 = FILL_AREA_STYLE('',(#5305));
#5305 = FILL_AREA_STYLE_COLOUR('',#5172);
#5306 = OVER_RIDING_STYLED_ITEM('overriding color',(#5307),#2629,#5154);
#5307 = PRESENTATION_STYLE_ASSIGNMENT((#5308));
#5308 = SURFACE_STYLE_USAGE(.BOTH.,#5309);
#5309 = SURFACE_SIDE_STYLE('',(#5310));
#5310 = SURFACE_STYLE_FILL_AREA(#5311);
#5311 = FILL_AREA_STYLE('',(#5312));
#5312 = FILL_AREA_STYLE_COLOUR('',#5172);
#5313 = OVER_RIDING_STYLED_ITEM('overriding color',(#5314),#2660,#5154);
#5314 = PRESENTATION_STYLE_ASSIGNMENT((#5315));
#5315 = SURFACE_STYLE_USAGE(.BOTH.,#5316);
#5316 = SURFACE_SIDE_STYLE('',(#5317));
#5317 = SURFACE_STYLE_FILL_AREA(#5318);
#5318 = FILL_AREA_STYLE('',(#5319));
#5319 = FILL_AREA_STYLE_COLOUR('',#5172);
#5320 = OVER_RIDING_STYLED_ITEM('overriding color',(#5321),#2715,#5154);
#5321 = PRESENTATION_STYLE_ASSIGNMENT((#5322));
#5322 = SURFACE_STYLE_USAGE(.BOTH.,#5323);
#5323 = SURFACE_SIDE_STYLE('',(#5324));
#5324 = SURFACE_STYLE_FILL_AREA(#5325);
#5325 = FILL_AREA_STYLE('',(#5326));
#5326 = FILL_AREA_STYLE_COLOUR('',#5172);
#5327 = OVER_RIDING_STYLED_ITEM('overriding color',(#5328),#2777,#5154);
#5328 = PRESENTATION_STYLE_ASSIGNMENT((#5329));
#5329 = SURFACE_STYLE_USAGE(.BOTH.,#5330);
#5330 = SURFACE_SIDE_STYLE('',(#5331));
#5331 = SURFACE_STYLE_FILL_AREA(#5332);
#5332 = FILL_AREA_STYLE('',(#5333));
#5333 = FILL_AREA_STYLE_COLOUR('',#5172);
#5334 = OVER_RIDING_STYLED_ITEM('overriding color',(#5335),#2839,#5154);
#5335 = PRESENTATION_STYLE_ASSIGNMENT((#5336));
#5336 = SURFACE_STYLE_USAGE(.BOTH.,#5337);
#5337 = SURFACE_SIDE_STYLE('',(#5338));
#5338 = SURFACE_STYLE_FILL_AREA(#5339);
#5339 = FILL_AREA_STYLE('',(#5340));
#5340 = FILL_AREA_STYLE_COLOUR('',#5172);
#5341 = OVER_RIDING_STYLED_ITEM('overriding color',(#5342),#2901,#5154);
#5342 = PRESENTATION_STYLE_ASSIGNMENT((#5343));
#5343 = SURFACE_STYLE_USAGE(.BOTH.,#5344);
#5344 = SURFACE_SIDE_STYLE('',(#5345));
#5345 = SURFACE_STYLE_FILL_AREA(#5346);
#5346 = FILL_AREA_STYLE('',(#5347));
#5347 = FILL_AREA_STYLE_COLOUR('',#5172);
#5348 = OVER_RIDING_STYLED_ITEM('overriding color',(#5349),#2932,#5154);
#5349 = PRESENTATION_STYLE_ASSIGNMENT((#5350));
#5350 = SURFACE_STYLE_USAGE(.BOTH.,#5351);
#5351 = SURFACE_SIDE_STYLE('',(#5352));
#5352 = SURFACE_STYLE_FILL_AREA(#5353);
#5353 = FILL_AREA_STYLE('',(#5354));
#5354 = FILL_AREA_STYLE_COLOUR('',#5172);
#5355 = OVER_RIDING_STYLED_ITEM('overriding color',(#5356),#2956,#5154);
#5356 = PRESENTATION_STYLE_ASSIGNMENT((#5357));
#5357 = SURFACE_STYLE_USAGE(.BOTH.,#5358);
#5358 = SURFACE_SIDE_STYLE('',(#5359));
#5359 = SURFACE_STYLE_FILL_AREA(#5360);
#5360 = FILL_AREA_STYLE('',(#5361));
#5361 = FILL_AREA_STYLE_COLOUR('',#5172);
#5362 = OVER_RIDING_STYLED_ITEM('overriding color',(#5363),#3011,#5154);
#5363 = PRESENTATION_STYLE_ASSIGNMENT((#5364));
#5364 = SURFACE_STYLE_USAGE(.BOTH.,#5365);
#5365 = SURFACE_SIDE_STYLE('',(#5366));
#5366 = SURFACE_STYLE_FILL_AREA(#5367);
#5367 = FILL_AREA_STYLE('',(#5368));
#5368 = FILL_AREA_STYLE_COLOUR('',#5172);
#5369 = OVER_RIDING_STYLED_ITEM('overriding color',(#5370),#3073,#5154);
#5370 = PRESENTATION_STYLE_ASSIGNMENT((#5371));
#5371 = SURFACE_STYLE_USAGE(.BOTH.,#5372);
#5372 = SURFACE_SIDE_STYLE('',(#5373));
#5373 = SURFACE_STYLE_FILL_AREA(#5374);
#5374 = FILL_AREA_STYLE('',(#5375));
#5375 = FILL_AREA_STYLE_COLOUR('',#5172);
#5376 = OVER_RIDING_STYLED_ITEM('overriding color',(#5377),#3135,#5154);
#5377 = PRESENTATION_STYLE_ASSIGNMENT((#5378));
#5378 = SURFACE_STYLE_USAGE(.BOTH.,#5379);
#5379 = SURFACE_SIDE_STYLE('',(#5380));
#5380 = SURFACE_STYLE_FILL_AREA(#5381);
#5381 = FILL_AREA_STYLE('',(#5382));
#5382 = FILL_AREA_STYLE_COLOUR('',#5172);
#5383 = OVER_RIDING_STYLED_ITEM('overriding color',(#5384),#3197,#5154);
#5384 = PRESENTATION_STYLE_ASSIGNMENT((#5385));
#5385 = SURFACE_STYLE_USAGE(.BOTH.,#5386);
#5386 = SURFACE_SIDE_STYLE('',(#5387));
#5387 = SURFACE_STYLE_FILL_AREA(#5388);
#5388 = FILL_AREA_STYLE('',(#5389));
#5389 = FILL_AREA_STYLE_COLOUR('',#5172);
#5390 = OVER_RIDING_STYLED_ITEM('overriding color',(#5391),#3441,#5154);
#5391 = PRESENTATION_STYLE_ASSIGNMENT((#5392));
#5392 = SURFACE_STYLE_USAGE(.BOTH.,#5393);
#5393 = SURFACE_SIDE_STYLE('',(#5394));
#5394 = SURFACE_STYLE_FILL_AREA(#5395);
#5395 = FILL_AREA_STYLE('',(#5396));
#5396 = FILL_AREA_STYLE_COLOUR('',#5172);
#5397 = OVER_RIDING_STYLED_ITEM('overriding color',(#5398),#3450,#5154);
#5398 = PRESENTATION_STYLE_ASSIGNMENT((#5399));
#5399 = SURFACE_STYLE_USAGE(.BOTH.,#5400);
#5400 = SURFACE_SIDE_STYLE('',(#5401));
#5401 = SURFACE_STYLE_FILL_AREA(#5402);
#5402 = FILL_AREA_STYLE('',(#5403));
#5403 = FILL_AREA_STYLE_COLOUR('',#5172);
#5404 = OVER_RIDING_STYLED_ITEM('overriding color',(#5405),#3459,#5154);
#5405 = PRESENTATION_STYLE_ASSIGNMENT((#5406));
#5406 = SURFACE_STYLE_USAGE(.BOTH.,#5407);
#5407 = SURFACE_SIDE_STYLE('',(#5408));
#5408 = SURFACE_STYLE_FILL_AREA(#5409);
#5409 = FILL_AREA_STYLE('',(#5410));
#5410 = FILL_AREA_STYLE_COLOUR('',#5172);
ENDSEC;
END-ISO-10303-21;
