ISO-10303-21;
HEADER;
/* Generated by software containing ST-Developer
 * from STEP Tools, Inc. (www.steptools.com) 
 */

FILE_DESCRIPTION(
/* description */ (''),
/* implementation_level */ '2;1');

FILE_NAME(
/* name */ 'PG-HDSOP-16-9_Z8B00250845_V02_3D.stp',
/* time_stamp */ '2024-12-05T15:34:49+05:30',
/* author */ ('sivamani'),
/* organization */ (''),
/* preprocessor_version */ 'ST-DEVELOPER v19.2',
/* originating_system */ 'AutoCAD Mechanical',
/* authorisation */ '');

FILE_SCHEMA (('AUTOMOTIVE_DESIGN { 1 0 10303 214 3 1 1 }'));
ENDSEC;

DATA;
#10=MECHANICAL_DESIGN_GEOMETRIC_PRESENTATION_REPRESENTATION('',(#79,#80,
#81,#82,#83,#84,#85,#86,#87,#88,#89,#90,#91,#92,#93,#94,#95,#96,#97,#98,
#99,#100,#101,#102,#103,#104,#105,#106,#107,#108,#109),#16814);
#11=PRESENTATION_LAYER_ASSIGNMENT('3','3D_Pin1',(#110));
#12=PRESENTATION_LAYER_ASSIGNMENT('5','3D_Diepad',(#111));
#13=PRESENTATION_LAYER_ASSIGNMENT('1','3D_Mold',(#112));
#14=PRESENTATION_LAYER_ASSIGNMENT('4','3D_Logo',(#113,#114,#115,#116,#117,
#118,#119,#120,#121,#122,#123,#124));
#15=PRESENTATION_LAYER_ASSIGNMENT('2','3D_Pins',(#125,#126,#127,#128,#129,
#130,#131,#132,#133,#134,#135,#136,#137,#138,#139,#140));
#16=SHAPE_REPRESENTATION_RELATIONSHIP('SRR','None',#16820,#17);
#17=ADVANCED_BREP_SHAPE_REPRESENTATION('',(#110,#111,#112,#113,#114,#115,
#116,#117,#118,#119,#120,#121,#122,#123,#124,#125,#126,#127,#128,#129,#130,
#131,#132,#133,#134,#135,#136,#137,#138,#139,#140),#16813);
#18=B_SPLINE_SURFACE_WITH_KNOTS('',3,1,((#14013,#14014),(#14015,#14016),
(#14017,#14018),(#14019,#14020),(#14021,#14022),(#14023,#14024),(#14025,
#14026),(#14027,#14028)),.UNSPECIFIED.,.F.,.F.,.F.,(4,1,1,1,1,4),(2,2),
(0.,0.238492064277943,0.368977397690374,0.578374399431193,0.688779542936559,
1.),(0.,0.00120000000000003),.UNSPECIFIED.);
#19=B_SPLINE_SURFACE_WITH_KNOTS('',3,1,((#14033,#14034),(#14035,#14036),
(#14037,#14038),(#14039,#14040),(#14041,#14042),(#14043,#14044),(#14045,
#14046)),.UNSPECIFIED.,.F.,.F.,.F.,(4,1,1,1,4),(2,2),(0.,0.323661569868115,
0.449302283734542,0.628960210578371,1.),(0.,0.00120000000000003),
 .UNSPECIFIED.);
#20=B_SPLINE_SURFACE_WITH_KNOTS('',3,1,((#14049,#14050),(#14051,#14052),
(#14053,#14054),(#14055,#14056),(#14057,#14058),(#14059,#14060),(#14061,
#14062)),.UNSPECIFIED.,.F.,.F.,.F.,(4,1,1,1,4),(2,2),(0.,0.4114422538586,
0.58192882146562,0.697770338470743,1.),(0.,0.00120000000000003),
 .UNSPECIFIED.);
#21=B_SPLINE_SURFACE_WITH_KNOTS('',3,1,((#14067,#14068),(#14069,#14070),
(#14071,#14072),(#14073,#14074),(#14075,#14076),(#14077,#14078)),
 .UNSPECIFIED.,.F.,.F.,.F.,(4,1,1,4),(2,2),(0.,0.417929766010006,0.606869793132249,
1.),(0.,0.00120000000000003),.UNSPECIFIED.);
#22=B_SPLINE_SURFACE_WITH_KNOTS('',3,1,((#14181,#14182),(#14183,#14184),
(#14185,#14186),(#14187,#14188),(#14189,#14190),(#14191,#14192)),
 .UNSPECIFIED.,.F.,.F.,.F.,(4,1,1,4),(2,2),(0.,0.30644689092663,0.597997828653946,
1.),(0.,0.00119999999999997),.UNSPECIFIED.);
#23=B_SPLINE_SURFACE_WITH_KNOTS('',3,1,((#14201,#14202),(#14203,#14204),
(#14205,#14206),(#14207,#14208),(#14209,#14210),(#14211,#14212),(#14213,
#14214),(#14215,#14216)),.UNSPECIFIED.,.F.,.F.,.F.,(4,1,1,1,1,4),(2,2),
(0.,0.274090784803239,0.429697953696411,0.575173691496436,0.702680312602857,
1.),(0.,0.00120000000000003),.UNSPECIFIED.);
#24=B_SPLINE_SURFACE_WITH_KNOTS('',3,1,((#14220,#14221),(#14222,#14223),
(#14224,#14225),(#14226,#14227),(#14228,#14229),(#14230,#14231),(#14232,
#14233)),.UNSPECIFIED.,.F.,.F.,.F.,(4,1,1,1,4),(2,2),(0.,0.404258057905286,
0.571167182336758,0.715083476048574,1.),(0.,0.00120000000000003),
 .UNSPECIFIED.);
#25=B_SPLINE_SURFACE_WITH_KNOTS('',3,1,((#14238,#14239),(#14240,#14241),
(#14242,#14243),(#14244,#14245),(#14246,#14247),(#14248,#14249)),
 .UNSPECIFIED.,.F.,.F.,.F.,(4,1,1,4),(2,2),(0.,0.324339629177968,0.571874357685934,
1.),(0.,0.00120000000000003),.UNSPECIFIED.);
#26=B_SPLINE_SURFACE_WITH_KNOTS('',3,1,((#14257,#14258),(#14259,#14260),
(#14261,#14262),(#14263,#14264)),.UNSPECIFIED.,.F.,.F.,.F.,(4,4),(2,2),
(0.,1.),(0.,0.00120000000000003),.UNSPECIFIED.);
#27=B_SPLINE_SURFACE_WITH_KNOTS('',3,1,((#14345,#14346),(#14347,#14348),
(#14349,#14350),(#14351,#14352)),.UNSPECIFIED.,.F.,.F.,.F.,(4,4),(2,2),
(0.,1.),(0.,0.00120000000000003),.UNSPECIFIED.);
#28=B_SPLINE_SURFACE_WITH_KNOTS('',3,1,((#14369,#14370),(#14371,#14372),
(#14373,#14374),(#14375,#14376),(#14377,#14378)),.UNSPECIFIED.,.F.,.F.,
 .F.,(4,1,4),(2,2),(0.,0.506378716137781,1.),(0.,0.00120000000000003),
 .UNSPECIFIED.);
#29=B_SPLINE_SURFACE_WITH_KNOTS('',3,1,((#14425,#14426),(#14427,#14428),
(#14429,#14430),(#14431,#14432)),.UNSPECIFIED.,.F.,.F.,.F.,(4,4),(2,2),
(0.,1.),(0.,0.00120000000000003),.UNSPECIFIED.);
#30=B_SPLINE_SURFACE_WITH_KNOTS('',3,1,((#14461,#14462),(#14463,#14464),
(#14465,#14466),(#14467,#14468),(#14469,#14470)),.UNSPECIFIED.,.F.,.F.,
 .F.,(4,1,4),(2,2),(0.,0.506378716137783,1.),(0.,0.00120000000000003),
 .UNSPECIFIED.);
#31=B_SPLINE_SURFACE_WITH_KNOTS('',3,1,((#14517,#14518),(#14519,#14520),
(#14521,#14522),(#14523,#14524)),.UNSPECIFIED.,.F.,.F.,.F.,(4,4),(2,2),
(0.,1.),(0.,0.00120000000000003),.UNSPECIFIED.);
#32=B_SPLINE_SURFACE_WITH_KNOTS('',3,1,((#14553,#14554),(#14555,#14556),
(#14557,#14558),(#14559,#14560),(#14561,#14562)),.UNSPECIFIED.,.F.,.F.,
 .F.,(4,1,4),(2,2),(0.,0.506378716137783,1.),(0.,0.00120000000000003),
 .UNSPECIFIED.);
#33=B_SPLINE_SURFACE_WITH_KNOTS('',3,1,((#14609,#14610),(#14611,#14612),
(#14613,#14614),(#14615,#14616)),.UNSPECIFIED.,.F.,.F.,.F.,(4,4),(2,2),
(0.,1.),(0.,0.00120000000000003),.UNSPECIFIED.);
#34=B_SPLINE_SURFACE_WITH_KNOTS('',3,1,((#14645,#14646),(#14647,#14648),
(#14649,#14650),(#14651,#14652),(#14653,#14654),(#14655,#14656),(#14657,
#14658)),.UNSPECIFIED.,.F.,.F.,.F.,(4,1,1,1,4),(2,2),(0.,0.390329246316858,
0.550384338223567,0.780558956052082,1.),(0.,0.00119999999999997),
 .UNSPECIFIED.);
#35=B_SPLINE_SURFACE_WITH_KNOTS('',3,1,((#14685,#14686),(#14687,#14688),
(#14689,#14690),(#14691,#14692),(#14693,#14694),(#14695,#14696),(#14697,
#14698),(#14699,#14700),(#14701,#14702)),.UNSPECIFIED.,.F.,.F.,.F.,(4,1,
1,1,1,1,4),(2,2),(0.,0.201990027135383,0.384776357082897,0.474544531905528,
0.593900509923871,0.770955307441904,1.),(0.,0.00120000000000003),
 .UNSPECIFIED.);
#36=B_SPLINE_CURVE_WITH_KNOTS('',3,(#13934,#13935,#13936,#13937,#13938,
#13939,#13940,#13941),.UNSPECIFIED.,.F.,.F.,(4,1,1,1,1,4),(0.,0.238492064277943,
0.368977397690374,0.578374399431193,0.688779542936559,1.),.UNSPECIFIED.);
#37=B_SPLINE_CURVE_WITH_KNOTS('',3,(#13945,#13946,#13947,#13948,#13949,
#13950,#13951),.UNSPECIFIED.,.F.,.F.,(4,1,1,1,4),(0.,0.323661569868115,
0.449302283734542,0.628960210578371,1.),.UNSPECIFIED.);
#38=B_SPLINE_CURVE_WITH_KNOTS('',3,(#13957,#13958,#13959,#13960,#13961,
#13962,#13963),.UNSPECIFIED.,.F.,.F.,(4,1,1,1,4),(0.,0.4114422538586,0.58192882146562,
0.697770338470743,1.),.UNSPECIFIED.);
#39=B_SPLINE_CURVE_WITH_KNOTS('',3,(#13966,#13967,#13968,#13969,#13970,
#13971),.UNSPECIFIED.,.F.,.F.,(4,1,1,4),(0.,0.417929766010006,0.606869793132249,
1.),.UNSPECIFIED.);
#40=B_SPLINE_CURVE_WITH_KNOTS('',3,(#13975,#13976,#13977,#13978,#13979,
#13980,#13981,#13982),.UNSPECIFIED.,.F.,.F.,(4,1,1,1,1,4),(0.,0.238492064277943,
0.368977397690374,0.578374399431193,0.688779542936559,1.),.UNSPECIFIED.);
#41=B_SPLINE_CURVE_WITH_KNOTS('',3,(#13986,#13987,#13988,#13989,#13990,
#13991,#13992),.UNSPECIFIED.,.F.,.F.,(4,1,1,1,4),(0.,0.323661569868115,
0.449302283734542,0.628960210578371,1.),.UNSPECIFIED.);
#42=B_SPLINE_CURVE_WITH_KNOTS('',3,(#13996,#13997,#13998,#13999,#14000,
#14001,#14002),.UNSPECIFIED.,.F.,.F.,(4,1,1,1,4),(0.,0.4114422538586,0.58192882146562,
0.697770338470743,1.),.UNSPECIFIED.);
#43=B_SPLINE_CURVE_WITH_KNOTS('',3,(#14006,#14007,#14008,#14009,#14010,
#14011),.UNSPECIFIED.,.F.,.F.,(4,1,1,4),(0.,0.417929766010006,0.606869793132249,
1.),.UNSPECIFIED.);
#44=B_SPLINE_CURVE_WITH_KNOTS('',3,(#14084,#14085,#14086,#14087,#14088,
#14089),.UNSPECIFIED.,.F.,.F.,(4,1,1,4),(0.,0.30644689092663,0.597997828653946,
1.),.UNSPECIFIED.);
#45=B_SPLINE_CURVE_WITH_KNOTS('',3,(#14097,#14098,#14099,#14100,#14101,
#14102,#14103,#14104),.UNSPECIFIED.,.F.,.F.,(4,1,1,1,1,4),(0.,0.274090784803239,
0.429697953696411,0.575173691496436,0.702680312602857,1.),.UNSPECIFIED.);
#46=B_SPLINE_CURVE_WITH_KNOTS('',3,(#14108,#14109,#14110,#14111,#14112,
#14113,#14114),.UNSPECIFIED.,.F.,.F.,(4,1,1,1,4),(0.,0.404258057905286,
0.571167182336758,0.715083476048574,1.),.UNSPECIFIED.);
#47=B_SPLINE_CURVE_WITH_KNOTS('',3,(#14120,#14121,#14122,#14123,#14124,
#14125),.UNSPECIFIED.,.F.,.F.,(4,1,1,4),(0.,0.324339629177968,0.571874357685934,
1.),.UNSPECIFIED.);
#48=B_SPLINE_CURVE_WITH_KNOTS('',3,(#14134,#14135,#14136,#14137,#14138,
#14139),.UNSPECIFIED.,.F.,.F.,(4,1,1,4),(0.,0.30644689092663,0.597997828653946,
1.),.UNSPECIFIED.);
#49=B_SPLINE_CURVE_WITH_KNOTS('',3,(#14145,#14146,#14147,#14148,#14149,
#14150,#14151),.UNSPECIFIED.,.F.,.F.,(4,1,1,1,4),(0.,0.404258057905286,
0.571167182336758,0.715083476048574,1.),.UNSPECIFIED.);
#50=B_SPLINE_CURVE_WITH_KNOTS('',3,(#14155,#14156,#14157,#14158,#14159,
#14160,#14161,#14162),.UNSPECIFIED.,.F.,.F.,(4,1,1,1,1,4),(0.,0.274090784803239,
0.429697953696411,0.575173691496436,0.702680312602857,1.),.UNSPECIFIED.);
#51=B_SPLINE_CURVE_WITH_KNOTS('',3,(#14172,#14173,#14174,#14175,#14176,
#14177),.UNSPECIFIED.,.F.,.F.,(4,1,1,4),(0.,0.324339629177968,0.571874357685934,
1.),.UNSPECIFIED.);
#52=B_SPLINE_CURVE_WITH_KNOTS('',3,(#14267,#14268,#14269,#14270),
 .UNSPECIFIED.,.F.,.F.,(4,4),(0.,1.),.UNSPECIFIED.);
#53=B_SPLINE_CURVE_WITH_KNOTS('',3,(#14274,#14275,#14276,#14277),
 .UNSPECIFIED.,.F.,.F.,(4,4),(0.,1.),.UNSPECIFIED.);
#54=B_SPLINE_CURVE_WITH_KNOTS('',3,(#14354,#14355,#14356,#14357),
 .UNSPECIFIED.,.F.,.F.,(4,4),(0.,1.),.UNSPECIFIED.);
#55=B_SPLINE_CURVE_WITH_KNOTS('',3,(#14360,#14361,#14362,#14363),
 .UNSPECIFIED.,.F.,.F.,(4,4),(0.,1.),.UNSPECIFIED.);
#56=B_SPLINE_CURVE_WITH_KNOTS('',3,(#14381,#14382,#14383,#14384,#14385),
 .UNSPECIFIED.,.F.,.F.,(4,1,4),(0.,0.506378716137781,1.),.UNSPECIFIED.);
#57=B_SPLINE_CURVE_WITH_KNOTS('',3,(#14389,#14390,#14391,#14392,#14393),
 .UNSPECIFIED.,.F.,.F.,(4,1,4),(0.,0.506378716137781,1.),.UNSPECIFIED.);
#58=B_SPLINE_CURVE_WITH_KNOTS('',3,(#14434,#14435,#14436,#14437),
 .UNSPECIFIED.,.F.,.F.,(4,4),(0.,1.),.UNSPECIFIED.);
#59=B_SPLINE_CURVE_WITH_KNOTS('',3,(#14440,#14441,#14442,#14443),
 .UNSPECIFIED.,.F.,.F.,(4,4),(0.,1.),.UNSPECIFIED.);
#60=B_SPLINE_CURVE_WITH_KNOTS('',3,(#14473,#14474,#14475,#14476,#14477),
 .UNSPECIFIED.,.F.,.F.,(4,1,4),(0.,0.506378716137783,1.),.UNSPECIFIED.);
#61=B_SPLINE_CURVE_WITH_KNOTS('',3,(#14481,#14482,#14483,#14484,#14485),
 .UNSPECIFIED.,.F.,.F.,(4,1,4),(0.,0.506378716137783,1.),.UNSPECIFIED.);
#62=B_SPLINE_CURVE_WITH_KNOTS('',3,(#14526,#14527,#14528,#14529),
 .UNSPECIFIED.,.F.,.F.,(4,4),(0.,1.),.UNSPECIFIED.);
#63=B_SPLINE_CURVE_WITH_KNOTS('',3,(#14532,#14533,#14534,#14535),
 .UNSPECIFIED.,.F.,.F.,(4,4),(0.,1.),.UNSPECIFIED.);
#64=B_SPLINE_CURVE_WITH_KNOTS('',3,(#14565,#14566,#14567,#14568,#14569),
 .UNSPECIFIED.,.F.,.F.,(4,1,4),(0.,0.506378716137783,1.),.UNSPECIFIED.);
#65=B_SPLINE_CURVE_WITH_KNOTS('',3,(#14573,#14574,#14575,#14576,#14577),
 .UNSPECIFIED.,.F.,.F.,(4,1,4),(0.,0.506378716137783,1.),.UNSPECIFIED.);
#66=B_SPLINE_CURVE_WITH_KNOTS('',3,(#14618,#14619,#14620,#14621),
 .UNSPECIFIED.,.F.,.F.,(4,4),(0.,1.),.UNSPECIFIED.);
#67=B_SPLINE_CURVE_WITH_KNOTS('',3,(#14624,#14625,#14626,#14627),
 .UNSPECIFIED.,.F.,.F.,(4,4),(0.,1.),.UNSPECIFIED.);
#68=B_SPLINE_CURVE_WITH_KNOTS('',3,(#14661,#14662,#14663,#14664,#14665,
#14666,#14667),.UNSPECIFIED.,.F.,.F.,(4,1,1,1,4),(0.,0.390329246316858,
0.550384338223567,0.780558956052082,1.),.UNSPECIFIED.);
#69=B_SPLINE_CURVE_WITH_KNOTS('',3,(#14671,#14672,#14673,#14674,#14675,
#14676,#14677),.UNSPECIFIED.,.F.,.F.,(4,1,1,1,4),(0.,0.390329246316858,
0.550384338223567,0.780558956052082,1.),.UNSPECIFIED.);
#70=B_SPLINE_CURVE_WITH_KNOTS('',3,(#14704,#14705,#14706,#14707,#14708,
#14709,#14710,#14711,#14712),.UNSPECIFIED.,.F.,.F.,(4,1,1,1,1,1,4),(0.,
0.201990027135383,0.384776357082897,0.474544531905528,0.593900509923871,
0.770955307441904,1.),.UNSPECIFIED.);
#71=B_SPLINE_CURVE_WITH_KNOTS('',3,(#14715,#14716,#14717,#14718,#14719,
#14720,#14721,#14722,#14723),.UNSPECIFIED.,.F.,.F.,(4,1,1,1,1,1,4),(0.,
0.201990027135383,0.384776357082897,0.474544531905528,0.593900509923871,
0.770955307441904,1.),.UNSPECIFIED.);
#72=FACE_BOUND('',#1178,.T.);
#73=FACE_BOUND('',#1187,.T.);
#74=FACE_BOUND('',#1224,.T.);
#75=FACE_BOUND('',#1226,.T.);
#76=FACE_BOUND('',#1236,.T.);
#77=FACE_BOUND('',#1238,.T.);
#78=TOROIDAL_SURFACE('',#10170,1.45,0.05);
#79=STYLED_ITEM('',(#16829),#110);
#80=STYLED_ITEM('',(#16830),#111);
#81=STYLED_ITEM('',(#16831),#112);
#82=STYLED_ITEM('',(#16829),#113);
#83=STYLED_ITEM('',(#16829),#114);
#84=STYLED_ITEM('',(#16829),#115);
#85=STYLED_ITEM('',(#16829),#116);
#86=STYLED_ITEM('',(#16829),#117);
#87=STYLED_ITEM('',(#16829),#118);
#88=STYLED_ITEM('',(#16829),#119);
#89=STYLED_ITEM('',(#16829),#120);
#90=STYLED_ITEM('',(#16829),#121);
#91=STYLED_ITEM('',(#16829),#122);
#92=STYLED_ITEM('',(#16829),#123);
#93=STYLED_ITEM('',(#16829),#124);
#94=STYLED_ITEM('',(#16830),#125);
#95=STYLED_ITEM('',(#16830),#126);
#96=STYLED_ITEM('',(#16830),#127);
#97=STYLED_ITEM('',(#16830),#128);
#98=STYLED_ITEM('',(#16830),#129);
#99=STYLED_ITEM('',(#16830),#130);
#100=STYLED_ITEM('',(#16830),#131);
#101=STYLED_ITEM('',(#16830),#132);
#102=STYLED_ITEM('',(#16830),#133);
#103=STYLED_ITEM('',(#16830),#134);
#104=STYLED_ITEM('',(#16830),#135);
#105=STYLED_ITEM('',(#16830),#136);
#106=STYLED_ITEM('',(#16830),#137);
#107=STYLED_ITEM('',(#16830),#138);
#108=STYLED_ITEM('',(#16830),#139);
#109=STYLED_ITEM('',(#16830),#140);
#110=MANIFOLD_SOLID_BREP('814F',#10103);
#111=MANIFOLD_SOLID_BREP('8150',#10104);
#112=MANIFOLD_SOLID_BREP('8151',#10105);
#113=MANIFOLD_SOLID_BREP('8152',#10106);
#114=MANIFOLD_SOLID_BREP('8153',#10107);
#115=MANIFOLD_SOLID_BREP('8154',#10108);
#116=MANIFOLD_SOLID_BREP('8155',#10109);
#117=MANIFOLD_SOLID_BREP('8156',#10110);
#118=MANIFOLD_SOLID_BREP('8157',#10111);
#119=MANIFOLD_SOLID_BREP('8158',#10112);
#120=MANIFOLD_SOLID_BREP('8159',#10113);
#121=MANIFOLD_SOLID_BREP('815A',#10114);
#122=MANIFOLD_SOLID_BREP('815B',#10115);
#123=MANIFOLD_SOLID_BREP('815C',#10116);
#124=MANIFOLD_SOLID_BREP('815D',#10117);
#125=MANIFOLD_SOLID_BREP('84D5',#10118);
#126=MANIFOLD_SOLID_BREP('84D6',#10119);
#127=MANIFOLD_SOLID_BREP('84D7',#10120);
#128=MANIFOLD_SOLID_BREP('84D8',#10121);
#129=MANIFOLD_SOLID_BREP('84D9',#10122);
#130=MANIFOLD_SOLID_BREP('84DA',#10123);
#131=MANIFOLD_SOLID_BREP('84DB',#10124);
#132=MANIFOLD_SOLID_BREP('84DC',#10125);
#133=MANIFOLD_SOLID_BREP('84DD',#10126);
#134=MANIFOLD_SOLID_BREP('84DE',#10127);
#135=MANIFOLD_SOLID_BREP('84DF',#10128);
#136=MANIFOLD_SOLID_BREP('84E0',#10129);
#137=MANIFOLD_SOLID_BREP('84E1',#10130);
#138=MANIFOLD_SOLID_BREP('84E2',#10131);
#139=MANIFOLD_SOLID_BREP('84E3',#10132);
#140=MANIFOLD_SOLID_BREP('84E4',#10133);
#141=PLANE('',#10138);
#142=PLANE('',#10139);
#143=PLANE('',#10140);
#144=PLANE('',#10141);
#145=PLANE('',#10142);
#146=PLANE('',#10143);
#147=PLANE('',#10144);
#148=PLANE('',#10145);
#149=PLANE('',#10146);
#150=PLANE('',#10147);
#151=PLANE('',#10148);
#152=PLANE('',#10149);
#153=PLANE('',#10150);
#154=PLANE('',#10151);
#155=PLANE('',#10152);
#156=PLANE('',#10153);
#157=PLANE('',#10154);
#158=PLANE('',#10155);
#159=PLANE('',#10156);
#160=PLANE('',#10157);
#161=PLANE('',#10158);
#162=PLANE('',#10159);
#163=PLANE('',#10160);
#164=PLANE('',#10161);
#165=PLANE('',#10162);
#166=PLANE('',#10163);
#167=PLANE('',#10164);
#168=PLANE('',#10165);
#169=PLANE('',#10166);
#170=PLANE('',#10167);
#171=PLANE('',#10168);
#172=PLANE('',#10169);
#173=PLANE('',#10179);
#174=PLANE('',#10180);
#175=PLANE('',#10181);
#176=PLANE('',#10182);
#177=PLANE('',#10183);
#178=PLANE('',#10184);
#179=PLANE('',#10185);
#180=PLANE('',#10186);
#181=PLANE('',#10187);
#182=PLANE('',#10188);
#183=PLANE('',#10189);
#184=PLANE('',#10190);
#185=PLANE('',#10191);
#186=PLANE('',#10192);
#187=PLANE('',#10193);
#188=PLANE('',#10194);
#189=PLANE('',#10195);
#190=PLANE('',#10196);
#191=PLANE('',#10197);
#192=PLANE('',#10198);
#193=PLANE('',#10199);
#194=PLANE('',#10200);
#195=PLANE('',#10201);
#196=PLANE('',#10202);
#197=PLANE('',#10203);
#198=PLANE('',#10204);
#199=PLANE('',#10205);
#200=PLANE('',#10206);
#201=PLANE('',#10207);
#202=PLANE('',#10208);
#203=PLANE('',#10209);
#204=PLANE('',#10210);
#205=PLANE('',#10211);
#206=PLANE('',#10212);
#207=PLANE('',#10213);
#208=PLANE('',#10214);
#209=PLANE('',#10215);
#210=PLANE('',#10216);
#211=PLANE('',#10217);
#212=PLANE('',#10218);
#213=PLANE('',#10219);
#214=PLANE('',#10220);
#215=PLANE('',#10221);
#216=PLANE('',#10222);
#217=PLANE('',#10223);
#218=PLANE('',#10224);
#219=PLANE('',#10225);
#220=PLANE('',#10226);
#221=PLANE('',#10227);
#222=PLANE('',#10228);
#223=PLANE('',#10229);
#224=PLANE('',#10230);
#225=PLANE('',#10231);
#226=PLANE('',#10232);
#227=PLANE('',#10233);
#228=PLANE('',#10234);
#229=PLANE('',#10235);
#230=PLANE('',#10236);
#231=PLANE('',#10237);
#232=PLANE('',#10238);
#233=PLANE('',#10239);
#234=PLANE('',#10240);
#235=PLANE('',#10241);
#236=PLANE('',#10242);
#237=PLANE('',#10243);
#238=PLANE('',#10244);
#239=PLANE('',#10245);
#240=PLANE('',#10246);
#241=PLANE('',#10247);
#242=PLANE('',#10248);
#243=PLANE('',#10249);
#244=PLANE('',#10250);
#245=PLANE('',#10251);
#246=PLANE('',#10252);
#247=PLANE('',#10253);
#248=PLANE('',#10254);
#249=PLANE('',#10255);
#250=PLANE('',#10256);
#251=PLANE('',#10257);
#252=PLANE('',#10258);
#253=PLANE('',#10259);
#254=PLANE('',#10260);
#255=PLANE('',#10261);
#256=PLANE('',#10262);
#257=PLANE('',#10263);
#258=PLANE('',#10264);
#259=PLANE('',#10265);
#260=PLANE('',#10266);
#261=PLANE('',#10267);
#262=PLANE('',#10268);
#263=PLANE('',#10269);
#264=PLANE('',#10270);
#265=PLANE('',#10271);
#266=PLANE('',#10272);
#267=PLANE('',#10273);
#268=PLANE('',#10274);
#269=PLANE('',#10275);
#270=PLANE('',#10276);
#271=PLANE('',#10277);
#272=PLANE('',#10278);
#273=PLANE('',#10279);
#274=PLANE('',#10280);
#275=PLANE('',#10281);
#276=PLANE('',#10282);
#277=PLANE('',#10283);
#278=PLANE('',#10284);
#279=PLANE('',#10285);
#280=PLANE('',#10289);
#281=PLANE('',#10290);
#282=PLANE('',#10291);
#283=PLANE('',#10295);
#284=PLANE('',#10296);
#285=PLANE('',#10297);
#286=PLANE('',#10301);
#287=PLANE('',#10302);
#288=PLANE('',#10306);
#289=PLANE('',#10307);
#290=PLANE('',#10308);
#291=PLANE('',#10309);
#292=PLANE('',#10310);
#293=PLANE('',#10311);
#294=PLANE('',#10312);
#295=PLANE('',#10313);
#296=PLANE('',#10314);
#297=PLANE('',#10315);
#298=PLANE('',#10316);
#299=PLANE('',#10317);
#300=PLANE('',#10318);
#301=PLANE('',#10319);
#302=PLANE('',#10320);
#303=PLANE('',#10321);
#304=PLANE('',#10322);
#305=PLANE('',#10323);
#306=PLANE('',#10324);
#307=PLANE('',#10325);
#308=PLANE('',#10326);
#309=PLANE('',#10327);
#310=PLANE('',#10332);
#311=PLANE('',#10333);
#312=PLANE('',#10338);
#313=PLANE('',#10341);
#314=PLANE('',#10342);
#315=PLANE('',#10343);
#316=PLANE('',#10346);
#317=PLANE('',#10351);
#318=PLANE('',#10352);
#319=PLANE('',#10353);
#320=PLANE('',#10354);
#321=PLANE('',#10355);
#322=PLANE('',#10356);
#323=PLANE('',#10357);
#324=PLANE('',#10358);
#325=PLANE('',#10359);
#326=PLANE('',#10360);
#327=PLANE('',#10365);
#328=PLANE('',#10366);
#329=PLANE('',#10372);
#330=PLANE('',#10373);
#331=PLANE('',#10374);
#332=PLANE('',#10376);
#333=PLANE('',#10380);
#334=PLANE('',#10381);
#335=PLANE('',#10382);
#336=PLANE('',#10386);
#337=PLANE('',#10387);
#338=PLANE('',#10388);
#339=PLANE('',#10389);
#340=PLANE('',#10390);
#341=PLANE('',#10391);
#342=PLANE('',#10392);
#343=PLANE('',#10393);
#344=PLANE('',#10394);
#345=PLANE('',#10395);
#346=PLANE('',#10400);
#347=PLANE('',#10401);
#348=PLANE('',#10406);
#349=PLANE('',#10409);
#350=PLANE('',#10410);
#351=PLANE('',#10411);
#352=PLANE('',#10414);
#353=PLANE('',#10419);
#354=PLANE('',#10420);
#355=PLANE('',#10421);
#356=PLANE('',#10422);
#357=PLANE('',#10423);
#358=PLANE('',#10424);
#359=PLANE('',#10425);
#360=PLANE('',#10426);
#361=PLANE('',#10427);
#362=PLANE('',#10428);
#363=PLANE('',#10433);
#364=PLANE('',#10434);
#365=PLANE('',#10440);
#366=PLANE('',#10441);
#367=PLANE('',#10442);
#368=PLANE('',#10444);
#369=PLANE('',#10448);
#370=PLANE('',#10449);
#371=PLANE('',#10450);
#372=PLANE('',#10454);
#373=PLANE('',#10455);
#374=PLANE('',#10456);
#375=PLANE('',#10457);
#376=PLANE('',#10458);
#377=PLANE('',#10459);
#378=PLANE('',#10460);
#379=PLANE('',#10461);
#380=PLANE('',#10462);
#381=PLANE('',#10463);
#382=PLANE('',#10468);
#383=PLANE('',#10469);
#384=PLANE('',#10474);
#385=PLANE('',#10477);
#386=PLANE('',#10478);
#387=PLANE('',#10479);
#388=PLANE('',#10482);
#389=PLANE('',#10487);
#390=PLANE('',#10488);
#391=PLANE('',#10489);
#392=PLANE('',#10490);
#393=PLANE('',#10491);
#394=PLANE('',#10492);
#395=PLANE('',#10493);
#396=PLANE('',#10494);
#397=PLANE('',#10495);
#398=PLANE('',#10496);
#399=PLANE('',#10501);
#400=PLANE('',#10502);
#401=PLANE('',#10508);
#402=PLANE('',#10509);
#403=PLANE('',#10510);
#404=PLANE('',#10512);
#405=PLANE('',#10516);
#406=PLANE('',#10517);
#407=PLANE('',#10518);
#408=PLANE('',#10522);
#409=PLANE('',#10523);
#410=PLANE('',#10524);
#411=PLANE('',#10525);
#412=PLANE('',#10526);
#413=PLANE('',#10527);
#414=PLANE('',#10528);
#415=PLANE('',#10529);
#416=PLANE('',#10530);
#417=PLANE('',#10531);
#418=PLANE('',#10536);
#419=PLANE('',#10537);
#420=PLANE('',#10542);
#421=PLANE('',#10545);
#422=PLANE('',#10546);
#423=PLANE('',#10547);
#424=PLANE('',#10550);
#425=PLANE('',#10555);
#426=PLANE('',#10556);
#427=PLANE('',#10557);
#428=PLANE('',#10558);
#429=PLANE('',#10559);
#430=PLANE('',#10560);
#431=PLANE('',#10561);
#432=PLANE('',#10562);
#433=PLANE('',#10563);
#434=PLANE('',#10564);
#435=PLANE('',#10569);
#436=PLANE('',#10570);
#437=PLANE('',#10576);
#438=PLANE('',#10577);
#439=PLANE('',#10578);
#440=PLANE('',#10580);
#441=PLANE('',#10584);
#442=PLANE('',#10585);
#443=PLANE('',#10586);
#444=PLANE('',#10590);
#445=PLANE('',#10591);
#446=PLANE('',#10592);
#447=PLANE('',#10593);
#448=PLANE('',#10594);
#449=PLANE('',#10595);
#450=PLANE('',#10596);
#451=PLANE('',#10597);
#452=PLANE('',#10598);
#453=PLANE('',#10599);
#454=PLANE('',#10604);
#455=PLANE('',#10605);
#456=PLANE('',#10610);
#457=PLANE('',#10613);
#458=PLANE('',#10614);
#459=PLANE('',#10615);
#460=PLANE('',#10618);
#461=PLANE('',#10623);
#462=PLANE('',#10624);
#463=PLANE('',#10625);
#464=PLANE('',#10626);
#465=PLANE('',#10627);
#466=PLANE('',#10628);
#467=PLANE('',#10629);
#468=PLANE('',#10630);
#469=PLANE('',#10631);
#470=PLANE('',#10632);
#471=PLANE('',#10637);
#472=PLANE('',#10638);
#473=PLANE('',#10644);
#474=PLANE('',#10645);
#475=PLANE('',#10646);
#476=PLANE('',#10648);
#477=PLANE('',#10652);
#478=PLANE('',#10653);
#479=PLANE('',#10654);
#480=PLANE('',#10658);
#481=PLANE('',#10659);
#482=PLANE('',#10660);
#483=PLANE('',#10661);
#484=PLANE('',#10662);
#485=PLANE('',#10663);
#486=PLANE('',#10664);
#487=PLANE('',#10665);
#488=PLANE('',#10666);
#489=PLANE('',#10667);
#490=PLANE('',#10672);
#491=PLANE('',#10673);
#492=PLANE('',#10678);
#493=PLANE('',#10681);
#494=PLANE('',#10682);
#495=PLANE('',#10683);
#496=PLANE('',#10686);
#497=PLANE('',#10691);
#498=PLANE('',#10692);
#499=PLANE('',#10693);
#500=PLANE('',#10694);
#501=PLANE('',#10695);
#502=PLANE('',#10696);
#503=PLANE('',#10697);
#504=PLANE('',#10698);
#505=PLANE('',#10699);
#506=PLANE('',#10700);
#507=PLANE('',#10705);
#508=PLANE('',#10706);
#509=PLANE('',#10712);
#510=PLANE('',#10713);
#511=PLANE('',#10714);
#512=PLANE('',#10716);
#513=PLANE('',#10720);
#514=PLANE('',#10721);
#515=PLANE('',#10722);
#516=PLANE('',#10726);
#517=PLANE('',#10727);
#518=PLANE('',#10728);
#519=PLANE('',#10729);
#520=PLANE('',#10730);
#521=PLANE('',#10731);
#522=PLANE('',#10732);
#523=PLANE('',#10733);
#524=PLANE('',#10734);
#525=PLANE('',#10735);
#526=PLANE('',#10740);
#527=PLANE('',#10741);
#528=PLANE('',#10746);
#529=PLANE('',#10749);
#530=PLANE('',#10750);
#531=PLANE('',#10751);
#532=PLANE('',#10754);
#533=PLANE('',#10759);
#534=PLANE('',#10760);
#535=PLANE('',#10761);
#536=PLANE('',#10762);
#537=PLANE('',#10763);
#538=PLANE('',#10764);
#539=PLANE('',#10765);
#540=PLANE('',#10766);
#541=PLANE('',#10767);
#542=PLANE('',#10768);
#543=PLANE('',#10773);
#544=PLANE('',#10774);
#545=PLANE('',#10780);
#546=PLANE('',#10781);
#547=PLANE('',#10782);
#548=PLANE('',#10784);
#549=PLANE('',#10788);
#550=PLANE('',#10789);
#551=PLANE('',#10790);
#552=PLANE('',#10794);
#553=PLANE('',#10795);
#554=PLANE('',#10796);
#555=PLANE('',#10797);
#556=PLANE('',#10798);
#557=PLANE('',#10799);
#558=PLANE('',#10800);
#559=PLANE('',#10801);
#560=PLANE('',#10802);
#561=PLANE('',#10803);
#562=PLANE('',#10808);
#563=PLANE('',#10809);
#564=PLANE('',#10814);
#565=PLANE('',#10817);
#566=PLANE('',#10818);
#567=PLANE('',#10819);
#568=PLANE('',#10822);
#569=PLANE('',#10827);
#570=PLANE('',#10828);
#571=PLANE('',#10829);
#572=PLANE('',#10830);
#573=PLANE('',#10831);
#574=PLANE('',#10832);
#575=PLANE('',#10833);
#576=PLANE('',#10834);
#577=PLANE('',#10835);
#578=PLANE('',#10836);
#579=PLANE('',#10841);
#580=PLANE('',#10842);
#581=PLANE('',#10848);
#582=PLANE('',#10849);
#583=PLANE('',#10850);
#584=PLANE('',#10852);
#585=PLANE('',#10856);
#586=PLANE('',#10857);
#587=PLANE('',#10858);
#588=PLANE('',#10862);
#589=PLANE('',#10863);
#590=PLANE('',#10864);
#591=PLANE('',#10865);
#592=PLANE('',#10866);
#593=PLANE('',#10867);
#594=PLANE('',#10868);
#595=PLANE('',#10869);
#596=FACE_OUTER_BOUND('',#1141,.T.);
#597=FACE_OUTER_BOUND('',#1142,.T.);
#598=FACE_OUTER_BOUND('',#1143,.T.);
#599=FACE_OUTER_BOUND('',#1144,.T.);
#600=FACE_OUTER_BOUND('',#1145,.T.);
#601=FACE_OUTER_BOUND('',#1146,.T.);
#602=FACE_OUTER_BOUND('',#1147,.T.);
#603=FACE_OUTER_BOUND('',#1148,.T.);
#604=FACE_OUTER_BOUND('',#1149,.T.);
#605=FACE_OUTER_BOUND('',#1150,.T.);
#606=FACE_OUTER_BOUND('',#1151,.T.);
#607=FACE_OUTER_BOUND('',#1152,.T.);
#608=FACE_OUTER_BOUND('',#1153,.T.);
#609=FACE_OUTER_BOUND('',#1154,.T.);
#610=FACE_OUTER_BOUND('',#1155,.T.);
#611=FACE_OUTER_BOUND('',#1156,.T.);
#612=FACE_OUTER_BOUND('',#1157,.T.);
#613=FACE_OUTER_BOUND('',#1158,.T.);
#614=FACE_OUTER_BOUND('',#1159,.T.);
#615=FACE_OUTER_BOUND('',#1160,.T.);
#616=FACE_OUTER_BOUND('',#1161,.T.);
#617=FACE_OUTER_BOUND('',#1162,.T.);
#618=FACE_OUTER_BOUND('',#1163,.T.);
#619=FACE_OUTER_BOUND('',#1164,.T.);
#620=FACE_OUTER_BOUND('',#1165,.T.);
#621=FACE_OUTER_BOUND('',#1166,.T.);
#622=FACE_OUTER_BOUND('',#1167,.T.);
#623=FACE_OUTER_BOUND('',#1168,.T.);
#624=FACE_OUTER_BOUND('',#1169,.T.);
#625=FACE_OUTER_BOUND('',#1170,.T.);
#626=FACE_OUTER_BOUND('',#1171,.T.);
#627=FACE_OUTER_BOUND('',#1172,.T.);
#628=FACE_OUTER_BOUND('',#1173,.T.);
#629=FACE_OUTER_BOUND('',#1174,.T.);
#630=FACE_OUTER_BOUND('',#1175,.T.);
#631=FACE_OUTER_BOUND('',#1176,.T.);
#632=FACE_OUTER_BOUND('',#1177,.T.);
#633=FACE_OUTER_BOUND('',#1179,.T.);
#634=FACE_OUTER_BOUND('',#1180,.T.);
#635=FACE_OUTER_BOUND('',#1181,.T.);
#636=FACE_OUTER_BOUND('',#1182,.T.);
#637=FACE_OUTER_BOUND('',#1183,.T.);
#638=FACE_OUTER_BOUND('',#1184,.T.);
#639=FACE_OUTER_BOUND('',#1185,.T.);
#640=FACE_OUTER_BOUND('',#1186,.T.);
#641=FACE_OUTER_BOUND('',#1188,.T.);
#642=FACE_OUTER_BOUND('',#1189,.T.);
#643=FACE_OUTER_BOUND('',#1190,.T.);
#644=FACE_OUTER_BOUND('',#1191,.T.);
#645=FACE_OUTER_BOUND('',#1192,.T.);
#646=FACE_OUTER_BOUND('',#1193,.T.);
#647=FACE_OUTER_BOUND('',#1194,.T.);
#648=FACE_OUTER_BOUND('',#1195,.T.);
#649=FACE_OUTER_BOUND('',#1196,.T.);
#650=FACE_OUTER_BOUND('',#1197,.T.);
#651=FACE_OUTER_BOUND('',#1198,.T.);
#652=FACE_OUTER_BOUND('',#1199,.T.);
#653=FACE_OUTER_BOUND('',#1200,.T.);
#654=FACE_OUTER_BOUND('',#1201,.T.);
#655=FACE_OUTER_BOUND('',#1202,.T.);
#656=FACE_OUTER_BOUND('',#1203,.T.);
#657=FACE_OUTER_BOUND('',#1204,.T.);
#658=FACE_OUTER_BOUND('',#1205,.T.);
#659=FACE_OUTER_BOUND('',#1206,.T.);
#660=FACE_OUTER_BOUND('',#1207,.T.);
#661=FACE_OUTER_BOUND('',#1208,.T.);
#662=FACE_OUTER_BOUND('',#1209,.T.);
#663=FACE_OUTER_BOUND('',#1210,.T.);
#664=FACE_OUTER_BOUND('',#1211,.T.);
#665=FACE_OUTER_BOUND('',#1212,.T.);
#666=FACE_OUTER_BOUND('',#1213,.T.);
#667=FACE_OUTER_BOUND('',#1214,.T.);
#668=FACE_OUTER_BOUND('',#1215,.T.);
#669=FACE_OUTER_BOUND('',#1216,.T.);
#670=FACE_OUTER_BOUND('',#1217,.T.);
#671=FACE_OUTER_BOUND('',#1218,.T.);
#672=FACE_OUTER_BOUND('',#1219,.T.);
#673=FACE_OUTER_BOUND('',#1220,.T.);
#674=FACE_OUTER_BOUND('',#1221,.T.);
#675=FACE_OUTER_BOUND('',#1222,.T.);
#676=FACE_OUTER_BOUND('',#1223,.T.);
#677=FACE_OUTER_BOUND('',#1225,.T.);
#678=FACE_OUTER_BOUND('',#1227,.T.);
#679=FACE_OUTER_BOUND('',#1228,.T.);
#680=FACE_OUTER_BOUND('',#1229,.T.);
#681=FACE_OUTER_BOUND('',#1230,.T.);
#682=FACE_OUTER_BOUND('',#1231,.T.);
#683=FACE_OUTER_BOUND('',#1232,.T.);
#684=FACE_OUTER_BOUND('',#1233,.T.);
#685=FACE_OUTER_BOUND('',#1234,.T.);
#686=FACE_OUTER_BOUND('',#1235,.T.);
#687=FACE_OUTER_BOUND('',#1237,.T.);
#688=FACE_OUTER_BOUND('',#1239,.T.);
#689=FACE_OUTER_BOUND('',#1240,.T.);
#690=FACE_OUTER_BOUND('',#1241,.T.);
#691=FACE_OUTER_BOUND('',#1242,.T.);
#692=FACE_OUTER_BOUND('',#1243,.T.);
#693=FACE_OUTER_BOUND('',#1244,.T.);
#694=FACE_OUTER_BOUND('',#1245,.T.);
#695=FACE_OUTER_BOUND('',#1246,.T.);
#696=FACE_OUTER_BOUND('',#1247,.T.);
#697=FACE_OUTER_BOUND('',#1248,.T.);
#698=FACE_OUTER_BOUND('',#1249,.T.);
#699=FACE_OUTER_BOUND('',#1250,.T.);
#700=FACE_OUTER_BOUND('',#1251,.T.);
#701=FACE_OUTER_BOUND('',#1252,.T.);
#702=FACE_OUTER_BOUND('',#1253,.T.);
#703=FACE_OUTER_BOUND('',#1254,.T.);
#704=FACE_OUTER_BOUND('',#1255,.T.);
#705=FACE_OUTER_BOUND('',#1256,.T.);
#706=FACE_OUTER_BOUND('',#1257,.T.);
#707=FACE_OUTER_BOUND('',#1258,.T.);
#708=FACE_OUTER_BOUND('',#1259,.T.);
#709=FACE_OUTER_BOUND('',#1260,.T.);
#710=FACE_OUTER_BOUND('',#1261,.T.);
#711=FACE_OUTER_BOUND('',#1262,.T.);
#712=FACE_OUTER_BOUND('',#1263,.T.);
#713=FACE_OUTER_BOUND('',#1264,.T.);
#714=FACE_OUTER_BOUND('',#1265,.T.);
#715=FACE_OUTER_BOUND('',#1266,.T.);
#716=FACE_OUTER_BOUND('',#1267,.T.);
#717=FACE_OUTER_BOUND('',#1268,.T.);
#718=FACE_OUTER_BOUND('',#1269,.T.);
#719=FACE_OUTER_BOUND('',#1270,.T.);
#720=FACE_OUTER_BOUND('',#1271,.T.);
#721=FACE_OUTER_BOUND('',#1272,.T.);
#722=FACE_OUTER_BOUND('',#1273,.T.);
#723=FACE_OUTER_BOUND('',#1274,.T.);
#724=FACE_OUTER_BOUND('',#1275,.T.);
#725=FACE_OUTER_BOUND('',#1276,.T.);
#726=FACE_OUTER_BOUND('',#1277,.T.);
#727=FACE_OUTER_BOUND('',#1278,.T.);
#728=FACE_OUTER_BOUND('',#1279,.T.);
#729=FACE_OUTER_BOUND('',#1280,.T.);
#730=FACE_OUTER_BOUND('',#1281,.T.);
#731=FACE_OUTER_BOUND('',#1282,.T.);
#732=FACE_OUTER_BOUND('',#1283,.T.);
#733=FACE_OUTER_BOUND('',#1284,.T.);
#734=FACE_OUTER_BOUND('',#1285,.T.);
#735=FACE_OUTER_BOUND('',#1286,.T.);
#736=FACE_OUTER_BOUND('',#1287,.T.);
#737=FACE_OUTER_BOUND('',#1288,.T.);
#738=FACE_OUTER_BOUND('',#1289,.T.);
#739=FACE_OUTER_BOUND('',#1290,.T.);
#740=FACE_OUTER_BOUND('',#1291,.T.);
#741=FACE_OUTER_BOUND('',#1292,.T.);
#742=FACE_OUTER_BOUND('',#1293,.T.);
#743=FACE_OUTER_BOUND('',#1294,.T.);
#744=FACE_OUTER_BOUND('',#1295,.T.);
#745=FACE_OUTER_BOUND('',#1296,.T.);
#746=FACE_OUTER_BOUND('',#1297,.T.);
#747=FACE_OUTER_BOUND('',#1298,.T.);
#748=FACE_OUTER_BOUND('',#1299,.T.);
#749=FACE_OUTER_BOUND('',#1300,.T.);
#750=FACE_OUTER_BOUND('',#1301,.T.);
#751=FACE_OUTER_BOUND('',#1302,.T.);
#752=FACE_OUTER_BOUND('',#1303,.T.);
#753=FACE_OUTER_BOUND('',#1304,.T.);
#754=FACE_OUTER_BOUND('',#1305,.T.);
#755=FACE_OUTER_BOUND('',#1306,.T.);
#756=FACE_OUTER_BOUND('',#1307,.T.);
#757=FACE_OUTER_BOUND('',#1308,.T.);
#758=FACE_OUTER_BOUND('',#1309,.T.);
#759=FACE_OUTER_BOUND('',#1310,.T.);
#760=FACE_OUTER_BOUND('',#1311,.T.);
#761=FACE_OUTER_BOUND('',#1312,.T.);
#762=FACE_OUTER_BOUND('',#1313,.T.);
#763=FACE_OUTER_BOUND('',#1314,.T.);
#764=FACE_OUTER_BOUND('',#1315,.T.);
#765=FACE_OUTER_BOUND('',#1316,.T.);
#766=FACE_OUTER_BOUND('',#1317,.T.);
#767=FACE_OUTER_BOUND('',#1318,.T.);
#768=FACE_OUTER_BOUND('',#1319,.T.);
#769=FACE_OUTER_BOUND('',#1320,.T.);
#770=FACE_OUTER_BOUND('',#1321,.T.);
#771=FACE_OUTER_BOUND('',#1322,.T.);
#772=FACE_OUTER_BOUND('',#1323,.T.);
#773=FACE_OUTER_BOUND('',#1324,.T.);
#774=FACE_OUTER_BOUND('',#1325,.T.);
#775=FACE_OUTER_BOUND('',#1326,.T.);
#776=FACE_OUTER_BOUND('',#1327,.T.);
#777=FACE_OUTER_BOUND('',#1328,.T.);
#778=FACE_OUTER_BOUND('',#1329,.T.);
#779=FACE_OUTER_BOUND('',#1330,.T.);
#780=FACE_OUTER_BOUND('',#1331,.T.);
#781=FACE_OUTER_BOUND('',#1332,.T.);
#782=FACE_OUTER_BOUND('',#1333,.T.);
#783=FACE_OUTER_BOUND('',#1334,.T.);
#784=FACE_OUTER_BOUND('',#1335,.T.);
#785=FACE_OUTER_BOUND('',#1336,.T.);
#786=FACE_OUTER_BOUND('',#1337,.T.);
#787=FACE_OUTER_BOUND('',#1338,.T.);
#788=FACE_OUTER_BOUND('',#1339,.T.);
#789=FACE_OUTER_BOUND('',#1340,.T.);
#790=FACE_OUTER_BOUND('',#1341,.T.);
#791=FACE_OUTER_BOUND('',#1342,.T.);
#792=FACE_OUTER_BOUND('',#1343,.T.);
#793=FACE_OUTER_BOUND('',#1344,.T.);
#794=FACE_OUTER_BOUND('',#1345,.T.);
#795=FACE_OUTER_BOUND('',#1346,.T.);
#796=FACE_OUTER_BOUND('',#1347,.T.);
#797=FACE_OUTER_BOUND('',#1348,.T.);
#798=FACE_OUTER_BOUND('',#1349,.T.);
#799=FACE_OUTER_BOUND('',#1350,.T.);
#800=FACE_OUTER_BOUND('',#1351,.T.);
#801=FACE_OUTER_BOUND('',#1352,.T.);
#802=FACE_OUTER_BOUND('',#1353,.T.);
#803=FACE_OUTER_BOUND('',#1354,.T.);
#804=FACE_OUTER_BOUND('',#1355,.T.);
#805=FACE_OUTER_BOUND('',#1356,.T.);
#806=FACE_OUTER_BOUND('',#1357,.T.);
#807=FACE_OUTER_BOUND('',#1358,.T.);
#808=FACE_OUTER_BOUND('',#1359,.T.);
#809=FACE_OUTER_BOUND('',#1360,.T.);
#810=FACE_OUTER_BOUND('',#1361,.T.);
#811=FACE_OUTER_BOUND('',#1362,.T.);
#812=FACE_OUTER_BOUND('',#1363,.T.);
#813=FACE_OUTER_BOUND('',#1364,.T.);
#814=FACE_OUTER_BOUND('',#1365,.T.);
#815=FACE_OUTER_BOUND('',#1366,.T.);
#816=FACE_OUTER_BOUND('',#1367,.T.);
#817=FACE_OUTER_BOUND('',#1368,.T.);
#818=FACE_OUTER_BOUND('',#1369,.T.);
#819=FACE_OUTER_BOUND('',#1370,.T.);
#820=FACE_OUTER_BOUND('',#1371,.T.);
#821=FACE_OUTER_BOUND('',#1372,.T.);
#822=FACE_OUTER_BOUND('',#1373,.T.);
#823=FACE_OUTER_BOUND('',#1374,.T.);
#824=FACE_OUTER_BOUND('',#1375,.T.);
#825=FACE_OUTER_BOUND('',#1376,.T.);
#826=FACE_OUTER_BOUND('',#1377,.T.);
#827=FACE_OUTER_BOUND('',#1378,.T.);
#828=FACE_OUTER_BOUND('',#1379,.T.);
#829=FACE_OUTER_BOUND('',#1380,.T.);
#830=FACE_OUTER_BOUND('',#1381,.T.);
#831=FACE_OUTER_BOUND('',#1382,.T.);
#832=FACE_OUTER_BOUND('',#1383,.T.);
#833=FACE_OUTER_BOUND('',#1384,.T.);
#834=FACE_OUTER_BOUND('',#1385,.T.);
#835=FACE_OUTER_BOUND('',#1386,.T.);
#836=FACE_OUTER_BOUND('',#1387,.T.);
#837=FACE_OUTER_BOUND('',#1388,.T.);
#838=FACE_OUTER_BOUND('',#1389,.T.);
#839=FACE_OUTER_BOUND('',#1390,.T.);
#840=FACE_OUTER_BOUND('',#1391,.T.);
#841=FACE_OUTER_BOUND('',#1392,.T.);
#842=FACE_OUTER_BOUND('',#1393,.T.);
#843=FACE_OUTER_BOUND('',#1394,.T.);
#844=FACE_OUTER_BOUND('',#1395,.T.);
#845=FACE_OUTER_BOUND('',#1396,.T.);
#846=FACE_OUTER_BOUND('',#1397,.T.);
#847=FACE_OUTER_BOUND('',#1398,.T.);
#848=FACE_OUTER_BOUND('',#1399,.T.);
#849=FACE_OUTER_BOUND('',#1400,.T.);
#850=FACE_OUTER_BOUND('',#1401,.T.);
#851=FACE_OUTER_BOUND('',#1402,.T.);
#852=FACE_OUTER_BOUND('',#1403,.T.);
#853=FACE_OUTER_BOUND('',#1404,.T.);
#854=FACE_OUTER_BOUND('',#1405,.T.);
#855=FACE_OUTER_BOUND('',#1406,.T.);
#856=FACE_OUTER_BOUND('',#1407,.T.);
#857=FACE_OUTER_BOUND('',#1408,.T.);
#858=FACE_OUTER_BOUND('',#1409,.T.);
#859=FACE_OUTER_BOUND('',#1410,.T.);
#860=FACE_OUTER_BOUND('',#1411,.T.);
#861=FACE_OUTER_BOUND('',#1412,.T.);
#862=FACE_OUTER_BOUND('',#1413,.T.);
#863=FACE_OUTER_BOUND('',#1414,.T.);
#864=FACE_OUTER_BOUND('',#1415,.T.);
#865=FACE_OUTER_BOUND('',#1416,.T.);
#866=FACE_OUTER_BOUND('',#1417,.T.);
#867=FACE_OUTER_BOUND('',#1418,.T.);
#868=FACE_OUTER_BOUND('',#1419,.T.);
#869=FACE_OUTER_BOUND('',#1420,.T.);
#870=FACE_OUTER_BOUND('',#1421,.T.);
#871=FACE_OUTER_BOUND('',#1422,.T.);
#872=FACE_OUTER_BOUND('',#1423,.T.);
#873=FACE_OUTER_BOUND('',#1424,.T.);
#874=FACE_OUTER_BOUND('',#1425,.T.);
#875=FACE_OUTER_BOUND('',#1426,.T.);
#876=FACE_OUTER_BOUND('',#1427,.T.);
#877=FACE_OUTER_BOUND('',#1428,.T.);
#878=FACE_OUTER_BOUND('',#1429,.T.);
#879=FACE_OUTER_BOUND('',#1430,.T.);
#880=FACE_OUTER_BOUND('',#1431,.T.);
#881=FACE_OUTER_BOUND('',#1432,.T.);
#882=FACE_OUTER_BOUND('',#1433,.T.);
#883=FACE_OUTER_BOUND('',#1434,.T.);
#884=FACE_OUTER_BOUND('',#1435,.T.);
#885=FACE_OUTER_BOUND('',#1436,.T.);
#886=FACE_OUTER_BOUND('',#1437,.T.);
#887=FACE_OUTER_BOUND('',#1438,.T.);
#888=FACE_OUTER_BOUND('',#1439,.T.);
#889=FACE_OUTER_BOUND('',#1440,.T.);
#890=FACE_OUTER_BOUND('',#1441,.T.);
#891=FACE_OUTER_BOUND('',#1442,.T.);
#892=FACE_OUTER_BOUND('',#1443,.T.);
#893=FACE_OUTER_BOUND('',#1444,.T.);
#894=FACE_OUTER_BOUND('',#1445,.T.);
#895=FACE_OUTER_BOUND('',#1446,.T.);
#896=FACE_OUTER_BOUND('',#1447,.T.);
#897=FACE_OUTER_BOUND('',#1448,.T.);
#898=FACE_OUTER_BOUND('',#1449,.T.);
#899=FACE_OUTER_BOUND('',#1450,.T.);
#900=FACE_OUTER_BOUND('',#1451,.T.);
#901=FACE_OUTER_BOUND('',#1452,.T.);
#902=FACE_OUTER_BOUND('',#1453,.T.);
#903=FACE_OUTER_BOUND('',#1454,.T.);
#904=FACE_OUTER_BOUND('',#1455,.T.);
#905=FACE_OUTER_BOUND('',#1456,.T.);
#906=FACE_OUTER_BOUND('',#1457,.T.);
#907=FACE_OUTER_BOUND('',#1458,.T.);
#908=FACE_OUTER_BOUND('',#1459,.T.);
#909=FACE_OUTER_BOUND('',#1460,.T.);
#910=FACE_OUTER_BOUND('',#1461,.T.);
#911=FACE_OUTER_BOUND('',#1462,.T.);
#912=FACE_OUTER_BOUND('',#1463,.T.);
#913=FACE_OUTER_BOUND('',#1464,.T.);
#914=FACE_OUTER_BOUND('',#1465,.T.);
#915=FACE_OUTER_BOUND('',#1466,.T.);
#916=FACE_OUTER_BOUND('',#1467,.T.);
#917=FACE_OUTER_BOUND('',#1468,.T.);
#918=FACE_OUTER_BOUND('',#1469,.T.);
#919=FACE_OUTER_BOUND('',#1470,.T.);
#920=FACE_OUTER_BOUND('',#1471,.T.);
#921=FACE_OUTER_BOUND('',#1472,.T.);
#922=FACE_OUTER_BOUND('',#1473,.T.);
#923=FACE_OUTER_BOUND('',#1474,.T.);
#924=FACE_OUTER_BOUND('',#1475,.T.);
#925=FACE_OUTER_BOUND('',#1476,.T.);
#926=FACE_OUTER_BOUND('',#1477,.T.);
#927=FACE_OUTER_BOUND('',#1478,.T.);
#928=FACE_OUTER_BOUND('',#1479,.T.);
#929=FACE_OUTER_BOUND('',#1480,.T.);
#930=FACE_OUTER_BOUND('',#1481,.T.);
#931=FACE_OUTER_BOUND('',#1482,.T.);
#932=FACE_OUTER_BOUND('',#1483,.T.);
#933=FACE_OUTER_BOUND('',#1484,.T.);
#934=FACE_OUTER_BOUND('',#1485,.T.);
#935=FACE_OUTER_BOUND('',#1486,.T.);
#936=FACE_OUTER_BOUND('',#1487,.T.);
#937=FACE_OUTER_BOUND('',#1488,.T.);
#938=FACE_OUTER_BOUND('',#1489,.T.);
#939=FACE_OUTER_BOUND('',#1490,.T.);
#940=FACE_OUTER_BOUND('',#1491,.T.);
#941=FACE_OUTER_BOUND('',#1492,.T.);
#942=FACE_OUTER_BOUND('',#1493,.T.);
#943=FACE_OUTER_BOUND('',#1494,.T.);
#944=FACE_OUTER_BOUND('',#1495,.T.);
#945=FACE_OUTER_BOUND('',#1496,.T.);
#946=FACE_OUTER_BOUND('',#1497,.T.);
#947=FACE_OUTER_BOUND('',#1498,.T.);
#948=FACE_OUTER_BOUND('',#1499,.T.);
#949=FACE_OUTER_BOUND('',#1500,.T.);
#950=FACE_OUTER_BOUND('',#1501,.T.);
#951=FACE_OUTER_BOUND('',#1502,.T.);
#952=FACE_OUTER_BOUND('',#1503,.T.);
#953=FACE_OUTER_BOUND('',#1504,.T.);
#954=FACE_OUTER_BOUND('',#1505,.T.);
#955=FACE_OUTER_BOUND('',#1506,.T.);
#956=FACE_OUTER_BOUND('',#1507,.T.);
#957=FACE_OUTER_BOUND('',#1508,.T.);
#958=FACE_OUTER_BOUND('',#1509,.T.);
#959=FACE_OUTER_BOUND('',#1510,.T.);
#960=FACE_OUTER_BOUND('',#1511,.T.);
#961=FACE_OUTER_BOUND('',#1512,.T.);
#962=FACE_OUTER_BOUND('',#1513,.T.);
#963=FACE_OUTER_BOUND('',#1514,.T.);
#964=FACE_OUTER_BOUND('',#1515,.T.);
#965=FACE_OUTER_BOUND('',#1516,.T.);
#966=FACE_OUTER_BOUND('',#1517,.T.);
#967=FACE_OUTER_BOUND('',#1518,.T.);
#968=FACE_OUTER_BOUND('',#1519,.T.);
#969=FACE_OUTER_BOUND('',#1520,.T.);
#970=FACE_OUTER_BOUND('',#1521,.T.);
#971=FACE_OUTER_BOUND('',#1522,.T.);
#972=FACE_OUTER_BOUND('',#1523,.T.);
#973=FACE_OUTER_BOUND('',#1524,.T.);
#974=FACE_OUTER_BOUND('',#1525,.T.);
#975=FACE_OUTER_BOUND('',#1526,.T.);
#976=FACE_OUTER_BOUND('',#1527,.T.);
#977=FACE_OUTER_BOUND('',#1528,.T.);
#978=FACE_OUTER_BOUND('',#1529,.T.);
#979=FACE_OUTER_BOUND('',#1530,.T.);
#980=FACE_OUTER_BOUND('',#1531,.T.);
#981=FACE_OUTER_BOUND('',#1532,.T.);
#982=FACE_OUTER_BOUND('',#1533,.T.);
#983=FACE_OUTER_BOUND('',#1534,.T.);
#984=FACE_OUTER_BOUND('',#1535,.T.);
#985=FACE_OUTER_BOUND('',#1536,.T.);
#986=FACE_OUTER_BOUND('',#1537,.T.);
#987=FACE_OUTER_BOUND('',#1538,.T.);
#988=FACE_OUTER_BOUND('',#1539,.T.);
#989=FACE_OUTER_BOUND('',#1540,.T.);
#990=FACE_OUTER_BOUND('',#1541,.T.);
#991=FACE_OUTER_BOUND('',#1542,.T.);
#992=FACE_OUTER_BOUND('',#1543,.T.);
#993=FACE_OUTER_BOUND('',#1544,.T.);
#994=FACE_OUTER_BOUND('',#1545,.T.);
#995=FACE_OUTER_BOUND('',#1546,.T.);
#996=FACE_OUTER_BOUND('',#1547,.T.);
#997=FACE_OUTER_BOUND('',#1548,.T.);
#998=FACE_OUTER_BOUND('',#1549,.T.);
#999=FACE_OUTER_BOUND('',#1550,.T.);
#1000=FACE_OUTER_BOUND('',#1551,.T.);
#1001=FACE_OUTER_BOUND('',#1552,.T.);
#1002=FACE_OUTER_BOUND('',#1553,.T.);
#1003=FACE_OUTER_BOUND('',#1554,.T.);
#1004=FACE_OUTER_BOUND('',#1555,.T.);
#1005=FACE_OUTER_BOUND('',#1556,.T.);
#1006=FACE_OUTER_BOUND('',#1557,.T.);
#1007=FACE_OUTER_BOUND('',#1558,.T.);
#1008=FACE_OUTER_BOUND('',#1559,.T.);
#1009=FACE_OUTER_BOUND('',#1560,.T.);
#1010=FACE_OUTER_BOUND('',#1561,.T.);
#1011=FACE_OUTER_BOUND('',#1562,.T.);
#1012=FACE_OUTER_BOUND('',#1563,.T.);
#1013=FACE_OUTER_BOUND('',#1564,.T.);
#1014=FACE_OUTER_BOUND('',#1565,.T.);
#1015=FACE_OUTER_BOUND('',#1566,.T.);
#1016=FACE_OUTER_BOUND('',#1567,.T.);
#1017=FACE_OUTER_BOUND('',#1568,.T.);
#1018=FACE_OUTER_BOUND('',#1569,.T.);
#1019=FACE_OUTER_BOUND('',#1570,.T.);
#1020=FACE_OUTER_BOUND('',#1571,.T.);
#1021=FACE_OUTER_BOUND('',#1572,.T.);
#1022=FACE_OUTER_BOUND('',#1573,.T.);
#1023=FACE_OUTER_BOUND('',#1574,.T.);
#1024=FACE_OUTER_BOUND('',#1575,.T.);
#1025=FACE_OUTER_BOUND('',#1576,.T.);
#1026=FACE_OUTER_BOUND('',#1577,.T.);
#1027=FACE_OUTER_BOUND('',#1578,.T.);
#1028=FACE_OUTER_BOUND('',#1579,.T.);
#1029=FACE_OUTER_BOUND('',#1580,.T.);
#1030=FACE_OUTER_BOUND('',#1581,.T.);
#1031=FACE_OUTER_BOUND('',#1582,.T.);
#1032=FACE_OUTER_BOUND('',#1583,.T.);
#1033=FACE_OUTER_BOUND('',#1584,.T.);
#1034=FACE_OUTER_BOUND('',#1585,.T.);
#1035=FACE_OUTER_BOUND('',#1586,.T.);
#1036=FACE_OUTER_BOUND('',#1587,.T.);
#1037=FACE_OUTER_BOUND('',#1588,.T.);
#1038=FACE_OUTER_BOUND('',#1589,.T.);
#1039=FACE_OUTER_BOUND('',#1590,.T.);
#1040=FACE_OUTER_BOUND('',#1591,.T.);
#1041=FACE_OUTER_BOUND('',#1592,.T.);
#1042=FACE_OUTER_BOUND('',#1593,.T.);
#1043=FACE_OUTER_BOUND('',#1594,.T.);
#1044=FACE_OUTER_BOUND('',#1595,.T.);
#1045=FACE_OUTER_BOUND('',#1596,.T.);
#1046=FACE_OUTER_BOUND('',#1597,.T.);
#1047=FACE_OUTER_BOUND('',#1598,.T.);
#1048=FACE_OUTER_BOUND('',#1599,.T.);
#1049=FACE_OUTER_BOUND('',#1600,.T.);
#1050=FACE_OUTER_BOUND('',#1601,.T.);
#1051=FACE_OUTER_BOUND('',#1602,.T.);
#1052=FACE_OUTER_BOUND('',#1603,.T.);
#1053=FACE_OUTER_BOUND('',#1604,.T.);
#1054=FACE_OUTER_BOUND('',#1605,.T.);
#1055=FACE_OUTER_BOUND('',#1606,.T.);
#1056=FACE_OUTER_BOUND('',#1607,.T.);
#1057=FACE_OUTER_BOUND('',#1608,.T.);
#1058=FACE_OUTER_BOUND('',#1609,.T.);
#1059=FACE_OUTER_BOUND('',#1610,.T.);
#1060=FACE_OUTER_BOUND('',#1611,.T.);
#1061=FACE_OUTER_BOUND('',#1612,.T.);
#1062=FACE_OUTER_BOUND('',#1613,.T.);
#1063=FACE_OUTER_BOUND('',#1614,.T.);
#1064=FACE_OUTER_BOUND('',#1615,.T.);
#1065=FACE_OUTER_BOUND('',#1616,.T.);
#1066=FACE_OUTER_BOUND('',#1617,.T.);
#1067=FACE_OUTER_BOUND('',#1618,.T.);
#1068=FACE_OUTER_BOUND('',#1619,.T.);
#1069=FACE_OUTER_BOUND('',#1620,.T.);
#1070=FACE_OUTER_BOUND('',#1621,.T.);
#1071=FACE_OUTER_BOUND('',#1622,.T.);
#1072=FACE_OUTER_BOUND('',#1623,.T.);
#1073=FACE_OUTER_BOUND('',#1624,.T.);
#1074=FACE_OUTER_BOUND('',#1625,.T.);
#1075=FACE_OUTER_BOUND('',#1626,.T.);
#1076=FACE_OUTER_BOUND('',#1627,.T.);
#1077=FACE_OUTER_BOUND('',#1628,.T.);
#1078=FACE_OUTER_BOUND('',#1629,.T.);
#1079=FACE_OUTER_BOUND('',#1630,.T.);
#1080=FACE_OUTER_BOUND('',#1631,.T.);
#1081=FACE_OUTER_BOUND('',#1632,.T.);
#1082=FACE_OUTER_BOUND('',#1633,.T.);
#1083=FACE_OUTER_BOUND('',#1634,.T.);
#1084=FACE_OUTER_BOUND('',#1635,.T.);
#1085=FACE_OUTER_BOUND('',#1636,.T.);
#1086=FACE_OUTER_BOUND('',#1637,.T.);
#1087=FACE_OUTER_BOUND('',#1638,.T.);
#1088=FACE_OUTER_BOUND('',#1639,.T.);
#1089=FACE_OUTER_BOUND('',#1640,.T.);
#1090=FACE_OUTER_BOUND('',#1641,.T.);
#1091=FACE_OUTER_BOUND('',#1642,.T.);
#1092=FACE_OUTER_BOUND('',#1643,.T.);
#1093=FACE_OUTER_BOUND('',#1644,.T.);
#1094=FACE_OUTER_BOUND('',#1645,.T.);
#1095=FACE_OUTER_BOUND('',#1646,.T.);
#1096=FACE_OUTER_BOUND('',#1647,.T.);
#1097=FACE_OUTER_BOUND('',#1648,.T.);
#1098=FACE_OUTER_BOUND('',#1649,.T.);
#1099=FACE_OUTER_BOUND('',#1650,.T.);
#1100=FACE_OUTER_BOUND('',#1651,.T.);
#1101=FACE_OUTER_BOUND('',#1652,.T.);
#1102=FACE_OUTER_BOUND('',#1653,.T.);
#1103=FACE_OUTER_BOUND('',#1654,.T.);
#1104=FACE_OUTER_BOUND('',#1655,.T.);
#1105=FACE_OUTER_BOUND('',#1656,.T.);
#1106=FACE_OUTER_BOUND('',#1657,.T.);
#1107=FACE_OUTER_BOUND('',#1658,.T.);
#1108=FACE_OUTER_BOUND('',#1659,.T.);
#1109=FACE_OUTER_BOUND('',#1660,.T.);
#1110=FACE_OUTER_BOUND('',#1661,.T.);
#1111=FACE_OUTER_BOUND('',#1662,.T.);
#1112=FACE_OUTER_BOUND('',#1663,.T.);
#1113=FACE_OUTER_BOUND('',#1664,.T.);
#1114=FACE_OUTER_BOUND('',#1665,.T.);
#1115=FACE_OUTER_BOUND('',#1666,.T.);
#1116=FACE_OUTER_BOUND('',#1667,.T.);
#1117=FACE_OUTER_BOUND('',#1668,.T.);
#1118=FACE_OUTER_BOUND('',#1669,.T.);
#1119=FACE_OUTER_BOUND('',#1670,.T.);
#1120=FACE_OUTER_BOUND('',#1671,.T.);
#1121=FACE_OUTER_BOUND('',#1672,.T.);
#1122=FACE_OUTER_BOUND('',#1673,.T.);
#1123=FACE_OUTER_BOUND('',#1674,.T.);
#1124=FACE_OUTER_BOUND('',#1675,.T.);
#1125=FACE_OUTER_BOUND('',#1676,.T.);
#1126=FACE_OUTER_BOUND('',#1677,.T.);
#1127=FACE_OUTER_BOUND('',#1678,.T.);
#1128=FACE_OUTER_BOUND('',#1679,.T.);
#1129=FACE_OUTER_BOUND('',#1680,.T.);
#1130=FACE_OUTER_BOUND('',#1681,.T.);
#1131=FACE_OUTER_BOUND('',#1682,.T.);
#1132=FACE_OUTER_BOUND('',#1683,.T.);
#1133=FACE_OUTER_BOUND('',#1684,.T.);
#1134=FACE_OUTER_BOUND('',#1685,.T.);
#1135=FACE_OUTER_BOUND('',#1686,.T.);
#1136=FACE_OUTER_BOUND('',#1687,.T.);
#1137=FACE_OUTER_BOUND('',#1688,.T.);
#1138=FACE_OUTER_BOUND('',#1689,.T.);
#1139=FACE_OUTER_BOUND('',#1690,.T.);
#1140=FACE_OUTER_BOUND('',#1691,.T.);
#1141=EDGE_LOOP('',(#6635,#6636,#6637,#6638));
#1142=EDGE_LOOP('',(#6639));
#1143=EDGE_LOOP('',(#6640));
#1144=EDGE_LOOP('',(#6641,#6642,#6643,#6644));
#1145=EDGE_LOOP('',(#6645,#6646,#6647,#6648));
#1146=EDGE_LOOP('',(#6649,#6650,#6651,#6652));
#1147=EDGE_LOOP('',(#6653,#6654,#6655,#6656));
#1148=EDGE_LOOP('',(#6657,#6658,#6659,#6660));
#1149=EDGE_LOOP('',(#6661,#6662,#6663,#6664));
#1150=EDGE_LOOP('',(#6665,#6666,#6667,#6668));
#1151=EDGE_LOOP('',(#6669,#6670,#6671,#6672));
#1152=EDGE_LOOP('',(#6673,#6674,#6675,#6676));
#1153=EDGE_LOOP('',(#6677,#6678,#6679,#6680));
#1154=EDGE_LOOP('',(#6681,#6682,#6683,#6684));
#1155=EDGE_LOOP('',(#6685,#6686,#6687,#6688));
#1156=EDGE_LOOP('',(#6689,#6690,#6691,#6692));
#1157=EDGE_LOOP('',(#6693,#6694,#6695,#6696));
#1158=EDGE_LOOP('',(#6697,#6698,#6699,#6700));
#1159=EDGE_LOOP('',(#6701,#6702,#6703,#6704));
#1160=EDGE_LOOP('',(#6705,#6706,#6707,#6708));
#1161=EDGE_LOOP('',(#6709,#6710,#6711,#6712));
#1162=EDGE_LOOP('',(#6713,#6714,#6715,#6716));
#1163=EDGE_LOOP('',(#6717,#6718,#6719,#6720));
#1164=EDGE_LOOP('',(#6721,#6722,#6723,#6724));
#1165=EDGE_LOOP('',(#6725,#6726,#6727,#6728));
#1166=EDGE_LOOP('',(#6729,#6730,#6731,#6732));
#1167=EDGE_LOOP('',(#6733,#6734,#6735,#6736));
#1168=EDGE_LOOP('',(#6737,#6738,#6739,#6740));
#1169=EDGE_LOOP('',(#6741,#6742,#6743,#6744));
#1170=EDGE_LOOP('',(#6745,#6746,#6747,#6748));
#1171=EDGE_LOOP('',(#6749,#6750,#6751,#6752));
#1172=EDGE_LOOP('',(#6753,#6754,#6755,#6756,#6757,#6758,#6759,#6760,#6761,
#6762,#6763,#6764,#6765,#6766,#6767,#6768,#6769,#6770,#6771,#6772,#6773,
#6774,#6775,#6776,#6777,#6778,#6779,#6780));
#1173=EDGE_LOOP('',(#6781,#6782,#6783,#6784,#6785,#6786,#6787,#6788,#6789,
#6790,#6791,#6792,#6793,#6794,#6795,#6796,#6797,#6798,#6799,#6800,#6801,
#6802,#6803,#6804,#6805,#6806,#6807,#6808));
#1174=EDGE_LOOP('',(#6809,#6810,#6811,#6812));
#1175=EDGE_LOOP('',(#6813,#6814,#6815,#6816));
#1176=EDGE_LOOP('',(#6817,#6818,#6819,#6820));
#1177=EDGE_LOOP('',(#6821,#6822,#6823,#6824,#6825,#6826,#6827,#6828,#6829,
#6830,#6831,#6832,#6833,#6834,#6835,#6836,#6837,#6838,#6839,#6840));
#1178=EDGE_LOOP('',(#6841));
#1179=EDGE_LOOP('',(#6842,#6843,#6844,#6845));
#1180=EDGE_LOOP('',(#6846,#6847,#6848,#6849,#6850));
#1181=EDGE_LOOP('',(#6851,#6852,#6853,#6854,#6855));
#1182=EDGE_LOOP('',(#6856,#6857,#6858,#6859));
#1183=EDGE_LOOP('',(#6860,#6861,#6862,#6863));
#1184=EDGE_LOOP('',(#6864,#6865,#6866,#6867,#6868));
#1185=EDGE_LOOP('',(#6869,#6870,#6871,#6872));
#1186=EDGE_LOOP('',(#6873,#6874,#6875,#6876,#6877,#6878,#6879,#6880,#6881,
#6882,#6883,#6884,#6885,#6886,#6887,#6888,#6889,#6890,#6891,#6892));
#1187=EDGE_LOOP('',(#6893));
#1188=EDGE_LOOP('',(#6894,#6895,#6896,#6897));
#1189=EDGE_LOOP('',(#6898,#6899,#6900,#6901));
#1190=EDGE_LOOP('',(#6902,#6903,#6904,#6905));
#1191=EDGE_LOOP('',(#6906,#6907,#6908,#6909,#6910,#6911));
#1192=EDGE_LOOP('',(#6912,#6913,#6914,#6915,#6916,#6917));
#1193=EDGE_LOOP('',(#6918,#6919,#6920,#6921));
#1194=EDGE_LOOP('',(#6922,#6923,#6924,#6925));
#1195=EDGE_LOOP('',(#6926,#6927,#6928,#6929,#6930));
#1196=EDGE_LOOP('',(#6931,#6932,#6933,#6934));
#1197=EDGE_LOOP('',(#6935));
#1198=EDGE_LOOP('',(#6936,#6937,#6938,#6939));
#1199=EDGE_LOOP('',(#6940,#6941,#6942,#6943));
#1200=EDGE_LOOP('',(#6944,#6945,#6946,#6947));
#1201=EDGE_LOOP('',(#6948,#6949,#6950,#6951));
#1202=EDGE_LOOP('',(#6952,#6953,#6954,#6955));
#1203=EDGE_LOOP('',(#6956,#6957,#6958,#6959));
#1204=EDGE_LOOP('',(#6960,#6961,#6962,#6963));
#1205=EDGE_LOOP('',(#6964,#6965,#6966,#6967));
#1206=EDGE_LOOP('',(#6968,#6969,#6970,#6971));
#1207=EDGE_LOOP('',(#6972,#6973,#6974,#6975));
#1208=EDGE_LOOP('',(#6976,#6977,#6978,#6979));
#1209=EDGE_LOOP('',(#6980,#6981,#6982,#6983));
#1210=EDGE_LOOP('',(#6984,#6985,#6986,#6987));
#1211=EDGE_LOOP('',(#6988,#6989,#6990,#6991));
#1212=EDGE_LOOP('',(#6992,#6993,#6994,#6995));
#1213=EDGE_LOOP('',(#6996,#6997,#6998,#6999));
#1214=EDGE_LOOP('',(#7000,#7001,#7002,#7003));
#1215=EDGE_LOOP('',(#7004,#7005,#7006,#7007));
#1216=EDGE_LOOP('',(#7008,#7009,#7010,#7011));
#1217=EDGE_LOOP('',(#7012,#7013,#7014,#7015));
#1218=EDGE_LOOP('',(#7016,#7017,#7018,#7019));
#1219=EDGE_LOOP('',(#7020,#7021,#7022,#7023));
#1220=EDGE_LOOP('',(#7024,#7025,#7026,#7027));
#1221=EDGE_LOOP('',(#7028,#7029,#7030,#7031));
#1222=EDGE_LOOP('',(#7032));
#1223=EDGE_LOOP('',(#7033,#7034,#7035,#7036));
#1224=EDGE_LOOP('',(#7037,#7038,#7039,#7040));
#1225=EDGE_LOOP('',(#7041,#7042,#7043,#7044));
#1226=EDGE_LOOP('',(#7045,#7046,#7047,#7048));
#1227=EDGE_LOOP('',(#7049,#7050,#7051,#7052));
#1228=EDGE_LOOP('',(#7053,#7054,#7055,#7056));
#1229=EDGE_LOOP('',(#7057,#7058,#7059,#7060));
#1230=EDGE_LOOP('',(#7061,#7062,#7063,#7064));
#1231=EDGE_LOOP('',(#7065,#7066,#7067,#7068));
#1232=EDGE_LOOP('',(#7069,#7070,#7071,#7072));
#1233=EDGE_LOOP('',(#7073,#7074,#7075,#7076));
#1234=EDGE_LOOP('',(#7077,#7078,#7079,#7080));
#1235=EDGE_LOOP('',(#7081,#7082,#7083,#7084,#7085,#7086,#7087,#7088,#7089));
#1236=EDGE_LOOP('',(#7090,#7091,#7092,#7093));
#1237=EDGE_LOOP('',(#7094,#7095,#7096,#7097,#7098,#7099,#7100,#7101,#7102));
#1238=EDGE_LOOP('',(#7103,#7104,#7105,#7106));
#1239=EDGE_LOOP('',(#7107,#7108,#7109,#7110));
#1240=EDGE_LOOP('',(#7111,#7112,#7113,#7114));
#1241=EDGE_LOOP('',(#7115,#7116,#7117,#7118));
#1242=EDGE_LOOP('',(#7119,#7120,#7121,#7122));
#1243=EDGE_LOOP('',(#7123,#7124,#7125,#7126));
#1244=EDGE_LOOP('',(#7127,#7128,#7129,#7130));
#1245=EDGE_LOOP('',(#7131,#7132,#7133,#7134));
#1246=EDGE_LOOP('',(#7135,#7136,#7137,#7138));
#1247=EDGE_LOOP('',(#7139,#7140,#7141,#7142));
#1248=EDGE_LOOP('',(#7143,#7144,#7145,#7146));
#1249=EDGE_LOOP('',(#7147,#7148,#7149,#7150));
#1250=EDGE_LOOP('',(#7151,#7152,#7153,#7154));
#1251=EDGE_LOOP('',(#7155,#7156,#7157,#7158));
#1252=EDGE_LOOP('',(#7159,#7160,#7161,#7162));
#1253=EDGE_LOOP('',(#7163,#7164,#7165,#7166));
#1254=EDGE_LOOP('',(#7167,#7168,#7169,#7170));
#1255=EDGE_LOOP('',(#7171,#7172,#7173,#7174));
#1256=EDGE_LOOP('',(#7175,#7176,#7177,#7178));
#1257=EDGE_LOOP('',(#7179,#7180,#7181,#7182));
#1258=EDGE_LOOP('',(#7183,#7184,#7185,#7186));
#1259=EDGE_LOOP('',(#7187,#7188,#7189,#7190));
#1260=EDGE_LOOP('',(#7191,#7192,#7193,#7194));
#1261=EDGE_LOOP('',(#7195,#7196,#7197,#7198));
#1262=EDGE_LOOP('',(#7199,#7200,#7201,#7202));
#1263=EDGE_LOOP('',(#7203,#7204,#7205,#7206));
#1264=EDGE_LOOP('',(#7207,#7208,#7209,#7210));
#1265=EDGE_LOOP('',(#7211,#7212,#7213,#7214));
#1266=EDGE_LOOP('',(#7215,#7216,#7217,#7218,#7219,#7220,#7221,#7222,#7223,
#7224,#7225,#7226,#7227,#7228));
#1267=EDGE_LOOP('',(#7229,#7230,#7231,#7232,#7233,#7234,#7235,#7236,#7237,
#7238,#7239,#7240,#7241,#7242));
#1268=EDGE_LOOP('',(#7243,#7244,#7245,#7246));
#1269=EDGE_LOOP('',(#7247,#7248,#7249,#7250));
#1270=EDGE_LOOP('',(#7251,#7252,#7253,#7254));
#1271=EDGE_LOOP('',(#7255,#7256,#7257,#7258));
#1272=EDGE_LOOP('',(#7259,#7260,#7261,#7262));
#1273=EDGE_LOOP('',(#7263,#7264,#7265,#7266));
#1274=EDGE_LOOP('',(#7267,#7268,#7269,#7270));
#1275=EDGE_LOOP('',(#7271,#7272,#7273,#7274));
#1276=EDGE_LOOP('',(#7275,#7276,#7277,#7278));
#1277=EDGE_LOOP('',(#7279,#7280,#7281,#7282));
#1278=EDGE_LOOP('',(#7283,#7284,#7285,#7286,#7287,#7288,#7289,#7290,#7291,
#7292));
#1279=EDGE_LOOP('',(#7293,#7294,#7295,#7296,#7297,#7298,#7299,#7300,#7301,
#7302));
#1280=EDGE_LOOP('',(#7303,#7304,#7305,#7306));
#1281=EDGE_LOOP('',(#7307,#7308,#7309,#7310));
#1282=EDGE_LOOP('',(#7311,#7312,#7313,#7314));
#1283=EDGE_LOOP('',(#7315,#7316,#7317,#7318));
#1284=EDGE_LOOP('',(#7319,#7320,#7321,#7322));
#1285=EDGE_LOOP('',(#7323,#7324,#7325,#7326));
#1286=EDGE_LOOP('',(#7327,#7328,#7329,#7330));
#1287=EDGE_LOOP('',(#7331,#7332,#7333,#7334));
#1288=EDGE_LOOP('',(#7335,#7336,#7337,#7338));
#1289=EDGE_LOOP('',(#7339,#7340,#7341,#7342));
#1290=EDGE_LOOP('',(#7343,#7344,#7345,#7346,#7347,#7348,#7349,#7350,#7351,
#7352));
#1291=EDGE_LOOP('',(#7353,#7354,#7355,#7356,#7357,#7358,#7359,#7360,#7361,
#7362));
#1292=EDGE_LOOP('',(#7363,#7364,#7365,#7366));
#1293=EDGE_LOOP('',(#7367,#7368,#7369,#7370));
#1294=EDGE_LOOP('',(#7371,#7372,#7373,#7374));
#1295=EDGE_LOOP('',(#7375,#7376,#7377,#7378));
#1296=EDGE_LOOP('',(#7379,#7380,#7381,#7382));
#1297=EDGE_LOOP('',(#7383,#7384,#7385,#7386));
#1298=EDGE_LOOP('',(#7387,#7388,#7389,#7390));
#1299=EDGE_LOOP('',(#7391,#7392,#7393,#7394));
#1300=EDGE_LOOP('',(#7395,#7396,#7397,#7398));
#1301=EDGE_LOOP('',(#7399,#7400,#7401,#7402));
#1302=EDGE_LOOP('',(#7403,#7404,#7405,#7406,#7407,#7408,#7409,#7410,#7411,
#7412));
#1303=EDGE_LOOP('',(#7413,#7414,#7415,#7416,#7417,#7418,#7419,#7420,#7421,
#7422));
#1304=EDGE_LOOP('',(#7423,#7424,#7425,#7426));
#1305=EDGE_LOOP('',(#7427,#7428,#7429,#7430));
#1306=EDGE_LOOP('',(#7431,#7432,#7433,#7434));
#1307=EDGE_LOOP('',(#7435,#7436,#7437,#7438));
#1308=EDGE_LOOP('',(#7439,#7440,#7441,#7442));
#1309=EDGE_LOOP('',(#7443,#7444,#7445,#7446));
#1310=EDGE_LOOP('',(#7447,#7448,#7449,#7450));
#1311=EDGE_LOOP('',(#7451,#7452,#7453,#7454));
#1312=EDGE_LOOP('',(#7455,#7456,#7457,#7458));
#1313=EDGE_LOOP('',(#7459,#7460,#7461,#7462));
#1314=EDGE_LOOP('',(#7463,#7464,#7465,#7466,#7467,#7468,#7469,#7470,#7471,
#7472));
#1315=EDGE_LOOP('',(#7473,#7474,#7475,#7476,#7477,#7478,#7479,#7480,#7481,
#7482));
#1316=EDGE_LOOP('',(#7483,#7484,#7485,#7486));
#1317=EDGE_LOOP('',(#7487));
#1318=EDGE_LOOP('',(#7488));
#1319=EDGE_LOOP('',(#7489,#7490,#7491,#7492));
#1320=EDGE_LOOP('',(#7493));
#1321=EDGE_LOOP('',(#7494));
#1322=EDGE_LOOP('',(#7495,#7496,#7497,#7498));
#1323=EDGE_LOOP('',(#7499,#7500,#7501,#7502));
#1324=EDGE_LOOP('',(#7503,#7504,#7505,#7506));
#1325=EDGE_LOOP('',(#7507,#7508,#7509,#7510));
#1326=EDGE_LOOP('',(#7511,#7512,#7513,#7514));
#1327=EDGE_LOOP('',(#7515,#7516,#7517,#7518));
#1328=EDGE_LOOP('',(#7519,#7520,#7521,#7522));
#1329=EDGE_LOOP('',(#7523,#7524,#7525,#7526));
#1330=EDGE_LOOP('',(#7527,#7528,#7529,#7530));
#1331=EDGE_LOOP('',(#7531,#7532,#7533,#7534));
#1332=EDGE_LOOP('',(#7535,#7536,#7537,#7538));
#1333=EDGE_LOOP('',(#7539,#7540,#7541,#7542));
#1334=EDGE_LOOP('',(#7543,#7544,#7545,#7546));
#1335=EDGE_LOOP('',(#7547,#7548,#7549,#7550));
#1336=EDGE_LOOP('',(#7551,#7552,#7553,#7554));
#1337=EDGE_LOOP('',(#7555,#7556,#7557,#7558));
#1338=EDGE_LOOP('',(#7559,#7560,#7561,#7562));
#1339=EDGE_LOOP('',(#7563,#7564,#7565,#7566));
#1340=EDGE_LOOP('',(#7567,#7568,#7569,#7570));
#1341=EDGE_LOOP('',(#7571,#7572,#7573,#7574,#7575,#7576,#7577,#7578,#7579,
#7580));
#1342=EDGE_LOOP('',(#7581,#7582,#7583,#7584));
#1343=EDGE_LOOP('',(#7585,#7586,#7587,#7588,#7589,#7590,#7591,#7592));
#1344=EDGE_LOOP('',(#7593,#7594,#7595,#7596,#7597,#7598,#7599,#7600));
#1345=EDGE_LOOP('',(#7601,#7602,#7603,#7604));
#1346=EDGE_LOOP('',(#7605,#7606,#7607,#7608));
#1347=EDGE_LOOP('',(#7609,#7610,#7611,#7612));
#1348=EDGE_LOOP('',(#7613,#7614,#7615,#7616));
#1349=EDGE_LOOP('',(#7617,#7618,#7619,#7620));
#1350=EDGE_LOOP('',(#7621,#7622,#7623,#7624));
#1351=EDGE_LOOP('',(#7625,#7626,#7627,#7628));
#1352=EDGE_LOOP('',(#7629,#7630,#7631,#7632,#7633,#7634,#7635,#7636));
#1353=EDGE_LOOP('',(#7637,#7638,#7639,#7640,#7641,#7642,#7643,#7644));
#1354=EDGE_LOOP('',(#7645,#7646,#7647,#7648));
#1355=EDGE_LOOP('',(#7649,#7650,#7651,#7652,#7653,#7654,#7655,#7656,#7657,
#7658));
#1356=EDGE_LOOP('',(#7659,#7660,#7661,#7662));
#1357=EDGE_LOOP('',(#7663,#7664,#7665,#7666));
#1358=EDGE_LOOP('',(#7667,#7668,#7669,#7670,#7671,#7672));
#1359=EDGE_LOOP('',(#7673,#7674,#7675,#7676));
#1360=EDGE_LOOP('',(#7677,#7678,#7679,#7680));
#1361=EDGE_LOOP('',(#7681,#7682,#7683,#7684,#7685,#7686));
#1362=EDGE_LOOP('',(#7687,#7688,#7689,#7690,#7691,#7692,#7693,#7694,#7695,
#7696));
#1363=EDGE_LOOP('',(#7697,#7698,#7699,#7700));
#1364=EDGE_LOOP('',(#7701,#7702,#7703,#7704,#7705,#7706,#7707,#7708,#7709,
#7710));
#1365=EDGE_LOOP('',(#7711,#7712,#7713,#7714));
#1366=EDGE_LOOP('',(#7715,#7716,#7717,#7718));
#1367=EDGE_LOOP('',(#7719,#7720,#7721,#7722));
#1368=EDGE_LOOP('',(#7723,#7724,#7725,#7726));
#1369=EDGE_LOOP('',(#7727,#7728,#7729,#7730));
#1370=EDGE_LOOP('',(#7731,#7732,#7733,#7734));
#1371=EDGE_LOOP('',(#7735,#7736,#7737,#7738,#7739,#7740,#7741,#7742));
#1372=EDGE_LOOP('',(#7743,#7744,#7745,#7746,#7747,#7748,#7749,#7750));
#1373=EDGE_LOOP('',(#7751,#7752,#7753,#7754));
#1374=EDGE_LOOP('',(#7755,#7756,#7757,#7758,#7759,#7760,#7761,#7762));
#1375=EDGE_LOOP('',(#7763,#7764,#7765,#7766,#7767,#7768,#7769,#7770));
#1376=EDGE_LOOP('',(#7771,#7772,#7773,#7774));
#1377=EDGE_LOOP('',(#7775,#7776,#7777,#7778));
#1378=EDGE_LOOP('',(#7779,#7780,#7781,#7782));
#1379=EDGE_LOOP('',(#7783,#7784,#7785,#7786));
#1380=EDGE_LOOP('',(#7787,#7788,#7789,#7790,#7791,#7792));
#1381=EDGE_LOOP('',(#7793,#7794,#7795,#7796));
#1382=EDGE_LOOP('',(#7797,#7798,#7799,#7800));
#1383=EDGE_LOOP('',(#7801,#7802,#7803,#7804,#7805,#7806));
#1384=EDGE_LOOP('',(#7807,#7808,#7809,#7810));
#1385=EDGE_LOOP('',(#7811,#7812,#7813,#7814,#7815,#7816,#7817,#7818,#7819,
#7820));
#1386=EDGE_LOOP('',(#7821,#7822,#7823,#7824));
#1387=EDGE_LOOP('',(#7825,#7826,#7827,#7828,#7829,#7830,#7831,#7832));
#1388=EDGE_LOOP('',(#7833,#7834,#7835,#7836,#7837,#7838,#7839,#7840));
#1389=EDGE_LOOP('',(#7841,#7842,#7843,#7844));
#1390=EDGE_LOOP('',(#7845,#7846,#7847,#7848));
#1391=EDGE_LOOP('',(#7849,#7850,#7851,#7852));
#1392=EDGE_LOOP('',(#7853,#7854,#7855,#7856));
#1393=EDGE_LOOP('',(#7857,#7858,#7859,#7860));
#1394=EDGE_LOOP('',(#7861,#7862,#7863,#7864));
#1395=EDGE_LOOP('',(#7865,#7866,#7867,#7868));
#1396=EDGE_LOOP('',(#7869,#7870,#7871,#7872,#7873,#7874,#7875,#7876));
#1397=EDGE_LOOP('',(#7877,#7878,#7879,#7880,#7881,#7882,#7883,#7884));
#1398=EDGE_LOOP('',(#7885,#7886,#7887,#7888));
#1399=EDGE_LOOP('',(#7889,#7890,#7891,#7892,#7893,#7894,#7895,#7896,#7897,
#7898));
#1400=EDGE_LOOP('',(#7899,#7900,#7901,#7902));
#1401=EDGE_LOOP('',(#7903,#7904,#7905,#7906));
#1402=EDGE_LOOP('',(#7907,#7908,#7909,#7910,#7911,#7912));
#1403=EDGE_LOOP('',(#7913,#7914,#7915,#7916));
#1404=EDGE_LOOP('',(#7917,#7918,#7919,#7920));
#1405=EDGE_LOOP('',(#7921,#7922,#7923,#7924,#7925,#7926));
#1406=EDGE_LOOP('',(#7927,#7928,#7929,#7930,#7931,#7932,#7933,#7934,#7935,
#7936));
#1407=EDGE_LOOP('',(#7937,#7938,#7939,#7940));
#1408=EDGE_LOOP('',(#7941,#7942,#7943,#7944,#7945,#7946,#7947,#7948,#7949,
#7950));
#1409=EDGE_LOOP('',(#7951,#7952,#7953,#7954));
#1410=EDGE_LOOP('',(#7955,#7956,#7957,#7958));
#1411=EDGE_LOOP('',(#7959,#7960,#7961,#7962));
#1412=EDGE_LOOP('',(#7963,#7964,#7965,#7966));
#1413=EDGE_LOOP('',(#7967,#7968,#7969,#7970));
#1414=EDGE_LOOP('',(#7971,#7972,#7973,#7974));
#1415=EDGE_LOOP('',(#7975,#7976,#7977,#7978,#7979,#7980,#7981,#7982));
#1416=EDGE_LOOP('',(#7983,#7984,#7985,#7986,#7987,#7988,#7989,#7990));
#1417=EDGE_LOOP('',(#7991,#7992,#7993,#7994));
#1418=EDGE_LOOP('',(#7995,#7996,#7997,#7998,#7999,#8000,#8001,#8002));
#1419=EDGE_LOOP('',(#8003,#8004,#8005,#8006,#8007,#8008,#8009,#8010));
#1420=EDGE_LOOP('',(#8011,#8012,#8013,#8014));
#1421=EDGE_LOOP('',(#8015,#8016,#8017,#8018));
#1422=EDGE_LOOP('',(#8019,#8020,#8021,#8022));
#1423=EDGE_LOOP('',(#8023,#8024,#8025,#8026));
#1424=EDGE_LOOP('',(#8027,#8028,#8029,#8030,#8031,#8032));
#1425=EDGE_LOOP('',(#8033,#8034,#8035,#8036));
#1426=EDGE_LOOP('',(#8037,#8038,#8039,#8040));
#1427=EDGE_LOOP('',(#8041,#8042,#8043,#8044,#8045,#8046));
#1428=EDGE_LOOP('',(#8047,#8048,#8049,#8050));
#1429=EDGE_LOOP('',(#8051,#8052,#8053,#8054,#8055,#8056,#8057,#8058,#8059,
#8060));
#1430=EDGE_LOOP('',(#8061,#8062,#8063,#8064));
#1431=EDGE_LOOP('',(#8065,#8066,#8067,#8068,#8069,#8070,#8071,#8072));
#1432=EDGE_LOOP('',(#8073,#8074,#8075,#8076,#8077,#8078,#8079,#8080));
#1433=EDGE_LOOP('',(#8081,#8082,#8083,#8084));
#1434=EDGE_LOOP('',(#8085,#8086,#8087,#8088));
#1435=EDGE_LOOP('',(#8089,#8090,#8091,#8092));
#1436=EDGE_LOOP('',(#8093,#8094,#8095,#8096));
#1437=EDGE_LOOP('',(#8097,#8098,#8099,#8100));
#1438=EDGE_LOOP('',(#8101,#8102,#8103,#8104));
#1439=EDGE_LOOP('',(#8105,#8106,#8107,#8108));
#1440=EDGE_LOOP('',(#8109,#8110,#8111,#8112,#8113,#8114,#8115,#8116));
#1441=EDGE_LOOP('',(#8117,#8118,#8119,#8120,#8121,#8122,#8123,#8124));
#1442=EDGE_LOOP('',(#8125,#8126,#8127,#8128));
#1443=EDGE_LOOP('',(#8129,#8130,#8131,#8132,#8133,#8134,#8135,#8136,#8137,
#8138));
#1444=EDGE_LOOP('',(#8139,#8140,#8141,#8142));
#1445=EDGE_LOOP('',(#8143,#8144,#8145,#8146));
#1446=EDGE_LOOP('',(#8147,#8148,#8149,#8150,#8151,#8152));
#1447=EDGE_LOOP('',(#8153,#8154,#8155,#8156));
#1448=EDGE_LOOP('',(#8157,#8158,#8159,#8160));
#1449=EDGE_LOOP('',(#8161,#8162,#8163,#8164,#8165,#8166));
#1450=EDGE_LOOP('',(#8167,#8168,#8169,#8170,#8171,#8172,#8173,#8174,#8175,
#8176));
#1451=EDGE_LOOP('',(#8177,#8178,#8179,#8180));
#1452=EDGE_LOOP('',(#8181,#8182,#8183,#8184,#8185,#8186,#8187,#8188,#8189,
#8190));
#1453=EDGE_LOOP('',(#8191,#8192,#8193,#8194));
#1454=EDGE_LOOP('',(#8195,#8196,#8197,#8198));
#1455=EDGE_LOOP('',(#8199,#8200,#8201,#8202));
#1456=EDGE_LOOP('',(#8203,#8204,#8205,#8206));
#1457=EDGE_LOOP('',(#8207,#8208,#8209,#8210));
#1458=EDGE_LOOP('',(#8211,#8212,#8213,#8214));
#1459=EDGE_LOOP('',(#8215,#8216,#8217,#8218,#8219,#8220,#8221,#8222));
#1460=EDGE_LOOP('',(#8223,#8224,#8225,#8226,#8227,#8228,#8229,#8230));
#1461=EDGE_LOOP('',(#8231,#8232,#8233,#8234));
#1462=EDGE_LOOP('',(#8235,#8236,#8237,#8238,#8239,#8240,#8241,#8242));
#1463=EDGE_LOOP('',(#8243,#8244,#8245,#8246,#8247,#8248,#8249,#8250));
#1464=EDGE_LOOP('',(#8251,#8252,#8253,#8254));
#1465=EDGE_LOOP('',(#8255,#8256,#8257,#8258));
#1466=EDGE_LOOP('',(#8259,#8260,#8261,#8262));
#1467=EDGE_LOOP('',(#8263,#8264,#8265,#8266));
#1468=EDGE_LOOP('',(#8267,#8268,#8269,#8270,#8271,#8272));
#1469=EDGE_LOOP('',(#8273,#8274,#8275,#8276));
#1470=EDGE_LOOP('',(#8277,#8278,#8279,#8280));
#1471=EDGE_LOOP('',(#8281,#8282,#8283,#8284,#8285,#8286));
#1472=EDGE_LOOP('',(#8287,#8288,#8289,#8290));
#1473=EDGE_LOOP('',(#8291,#8292,#8293,#8294,#8295,#8296,#8297,#8298,#8299,
#8300));
#1474=EDGE_LOOP('',(#8301,#8302,#8303,#8304));
#1475=EDGE_LOOP('',(#8305,#8306,#8307,#8308,#8309,#8310,#8311,#8312));
#1476=EDGE_LOOP('',(#8313,#8314,#8315,#8316,#8317,#8318,#8319,#8320));
#1477=EDGE_LOOP('',(#8321,#8322,#8323,#8324));
#1478=EDGE_LOOP('',(#8325,#8326,#8327,#8328));
#1479=EDGE_LOOP('',(#8329,#8330,#8331,#8332));
#1480=EDGE_LOOP('',(#8333,#8334,#8335,#8336));
#1481=EDGE_LOOP('',(#8337,#8338,#8339,#8340));
#1482=EDGE_LOOP('',(#8341,#8342,#8343,#8344));
#1483=EDGE_LOOP('',(#8345,#8346,#8347,#8348));
#1484=EDGE_LOOP('',(#8349,#8350,#8351,#8352,#8353,#8354,#8355,#8356));
#1485=EDGE_LOOP('',(#8357,#8358,#8359,#8360,#8361,#8362,#8363,#8364));
#1486=EDGE_LOOP('',(#8365,#8366,#8367,#8368));
#1487=EDGE_LOOP('',(#8369,#8370,#8371,#8372,#8373,#8374,#8375,#8376,#8377,
#8378));
#1488=EDGE_LOOP('',(#8379,#8380,#8381,#8382));
#1489=EDGE_LOOP('',(#8383,#8384,#8385,#8386));
#1490=EDGE_LOOP('',(#8387,#8388,#8389,#8390,#8391,#8392));
#1491=EDGE_LOOP('',(#8393,#8394,#8395,#8396));
#1492=EDGE_LOOP('',(#8397,#8398,#8399,#8400));
#1493=EDGE_LOOP('',(#8401,#8402,#8403,#8404,#8405,#8406));
#1494=EDGE_LOOP('',(#8407,#8408,#8409,#8410,#8411,#8412,#8413,#8414,#8415,
#8416));
#1495=EDGE_LOOP('',(#8417,#8418,#8419,#8420));
#1496=EDGE_LOOP('',(#8421,#8422,#8423,#8424,#8425,#8426,#8427,#8428,#8429,
#8430));
#1497=EDGE_LOOP('',(#8431,#8432,#8433,#8434));
#1498=EDGE_LOOP('',(#8435,#8436,#8437,#8438));
#1499=EDGE_LOOP('',(#8439,#8440,#8441,#8442));
#1500=EDGE_LOOP('',(#8443,#8444,#8445,#8446));
#1501=EDGE_LOOP('',(#8447,#8448,#8449,#8450));
#1502=EDGE_LOOP('',(#8451,#8452,#8453,#8454));
#1503=EDGE_LOOP('',(#8455,#8456,#8457,#8458,#8459,#8460,#8461,#8462));
#1504=EDGE_LOOP('',(#8463,#8464,#8465,#8466,#8467,#8468,#8469,#8470));
#1505=EDGE_LOOP('',(#8471,#8472,#8473,#8474));
#1506=EDGE_LOOP('',(#8475,#8476,#8477,#8478,#8479,#8480,#8481,#8482));
#1507=EDGE_LOOP('',(#8483,#8484,#8485,#8486,#8487,#8488,#8489,#8490));
#1508=EDGE_LOOP('',(#8491,#8492,#8493,#8494));
#1509=EDGE_LOOP('',(#8495,#8496,#8497,#8498));
#1510=EDGE_LOOP('',(#8499,#8500,#8501,#8502));
#1511=EDGE_LOOP('',(#8503,#8504,#8505,#8506));
#1512=EDGE_LOOP('',(#8507,#8508,#8509,#8510,#8511,#8512));
#1513=EDGE_LOOP('',(#8513,#8514,#8515,#8516));
#1514=EDGE_LOOP('',(#8517,#8518,#8519,#8520));
#1515=EDGE_LOOP('',(#8521,#8522,#8523,#8524,#8525,#8526));
#1516=EDGE_LOOP('',(#8527,#8528,#8529,#8530));
#1517=EDGE_LOOP('',(#8531,#8532,#8533,#8534,#8535,#8536,#8537,#8538,#8539,
#8540));
#1518=EDGE_LOOP('',(#8541,#8542,#8543,#8544));
#1519=EDGE_LOOP('',(#8545,#8546,#8547,#8548,#8549,#8550,#8551,#8552));
#1520=EDGE_LOOP('',(#8553,#8554,#8555,#8556,#8557,#8558,#8559,#8560));
#1521=EDGE_LOOP('',(#8561,#8562,#8563,#8564));
#1522=EDGE_LOOP('',(#8565,#8566,#8567,#8568));
#1523=EDGE_LOOP('',(#8569,#8570,#8571,#8572));
#1524=EDGE_LOOP('',(#8573,#8574,#8575,#8576));
#1525=EDGE_LOOP('',(#8577,#8578,#8579,#8580));
#1526=EDGE_LOOP('',(#8581,#8582,#8583,#8584));
#1527=EDGE_LOOP('',(#8585,#8586,#8587,#8588));
#1528=EDGE_LOOP('',(#8589,#8590,#8591,#8592,#8593,#8594,#8595,#8596));
#1529=EDGE_LOOP('',(#8597,#8598,#8599,#8600,#8601,#8602,#8603,#8604));
#1530=EDGE_LOOP('',(#8605,#8606,#8607,#8608));
#1531=EDGE_LOOP('',(#8609,#8610,#8611,#8612,#8613,#8614,#8615,#8616,#8617,
#8618));
#1532=EDGE_LOOP('',(#8619,#8620,#8621,#8622));
#1533=EDGE_LOOP('',(#8623,#8624,#8625,#8626));
#1534=EDGE_LOOP('',(#8627,#8628,#8629,#8630,#8631,#8632));
#1535=EDGE_LOOP('',(#8633,#8634,#8635,#8636));
#1536=EDGE_LOOP('',(#8637,#8638,#8639,#8640));
#1537=EDGE_LOOP('',(#8641,#8642,#8643,#8644,#8645,#8646));
#1538=EDGE_LOOP('',(#8647,#8648,#8649,#8650,#8651,#8652,#8653,#8654,#8655,
#8656));
#1539=EDGE_LOOP('',(#8657,#8658,#8659,#8660));
#1540=EDGE_LOOP('',(#8661,#8662,#8663,#8664,#8665,#8666,#8667,#8668,#8669,
#8670));
#1541=EDGE_LOOP('',(#8671,#8672,#8673,#8674));
#1542=EDGE_LOOP('',(#8675,#8676,#8677,#8678));
#1543=EDGE_LOOP('',(#8679,#8680,#8681,#8682));
#1544=EDGE_LOOP('',(#8683,#8684,#8685,#8686));
#1545=EDGE_LOOP('',(#8687,#8688,#8689,#8690));
#1546=EDGE_LOOP('',(#8691,#8692,#8693,#8694));
#1547=EDGE_LOOP('',(#8695,#8696,#8697,#8698,#8699,#8700,#8701,#8702));
#1548=EDGE_LOOP('',(#8703,#8704,#8705,#8706,#8707,#8708,#8709,#8710));
#1549=EDGE_LOOP('',(#8711,#8712,#8713,#8714));
#1550=EDGE_LOOP('',(#8715,#8716,#8717,#8718,#8719,#8720,#8721,#8722));
#1551=EDGE_LOOP('',(#8723,#8724,#8725,#8726,#8727,#8728,#8729,#8730));
#1552=EDGE_LOOP('',(#8731,#8732,#8733,#8734));
#1553=EDGE_LOOP('',(#8735,#8736,#8737,#8738));
#1554=EDGE_LOOP('',(#8739,#8740,#8741,#8742));
#1555=EDGE_LOOP('',(#8743,#8744,#8745,#8746));
#1556=EDGE_LOOP('',(#8747,#8748,#8749,#8750,#8751,#8752));
#1557=EDGE_LOOP('',(#8753,#8754,#8755,#8756));
#1558=EDGE_LOOP('',(#8757,#8758,#8759,#8760));
#1559=EDGE_LOOP('',(#8761,#8762,#8763,#8764,#8765,#8766));
#1560=EDGE_LOOP('',(#8767,#8768,#8769,#8770));
#1561=EDGE_LOOP('',(#8771,#8772,#8773,#8774,#8775,#8776,#8777,#8778,#8779,
#8780));
#1562=EDGE_LOOP('',(#8781,#8782,#8783,#8784));
#1563=EDGE_LOOP('',(#8785,#8786,#8787,#8788,#8789,#8790,#8791,#8792));
#1564=EDGE_LOOP('',(#8793,#8794,#8795,#8796,#8797,#8798,#8799,#8800));
#1565=EDGE_LOOP('',(#8801,#8802,#8803,#8804));
#1566=EDGE_LOOP('',(#8805,#8806,#8807,#8808));
#1567=EDGE_LOOP('',(#8809,#8810,#8811,#8812));
#1568=EDGE_LOOP('',(#8813,#8814,#8815,#8816));
#1569=EDGE_LOOP('',(#8817,#8818,#8819,#8820));
#1570=EDGE_LOOP('',(#8821,#8822,#8823,#8824));
#1571=EDGE_LOOP('',(#8825,#8826,#8827,#8828));
#1572=EDGE_LOOP('',(#8829,#8830,#8831,#8832,#8833,#8834,#8835,#8836));
#1573=EDGE_LOOP('',(#8837,#8838,#8839,#8840,#8841,#8842,#8843,#8844));
#1574=EDGE_LOOP('',(#8845,#8846,#8847,#8848));
#1575=EDGE_LOOP('',(#8849,#8850,#8851,#8852,#8853,#8854,#8855,#8856,#8857,
#8858));
#1576=EDGE_LOOP('',(#8859,#8860,#8861,#8862));
#1577=EDGE_LOOP('',(#8863,#8864,#8865,#8866));
#1578=EDGE_LOOP('',(#8867,#8868,#8869,#8870,#8871,#8872));
#1579=EDGE_LOOP('',(#8873,#8874,#8875,#8876));
#1580=EDGE_LOOP('',(#8877,#8878,#8879,#8880));
#1581=EDGE_LOOP('',(#8881,#8882,#8883,#8884,#8885,#8886));
#1582=EDGE_LOOP('',(#8887,#8888,#8889,#8890,#8891,#8892,#8893,#8894,#8895,
#8896));
#1583=EDGE_LOOP('',(#8897,#8898,#8899,#8900));
#1584=EDGE_LOOP('',(#8901,#8902,#8903,#8904,#8905,#8906,#8907,#8908,#8909,
#8910));
#1585=EDGE_LOOP('',(#8911,#8912,#8913,#8914));
#1586=EDGE_LOOP('',(#8915,#8916,#8917,#8918));
#1587=EDGE_LOOP('',(#8919,#8920,#8921,#8922));
#1588=EDGE_LOOP('',(#8923,#8924,#8925,#8926));
#1589=EDGE_LOOP('',(#8927,#8928,#8929,#8930));
#1590=EDGE_LOOP('',(#8931,#8932,#8933,#8934));
#1591=EDGE_LOOP('',(#8935,#8936,#8937,#8938,#8939,#8940,#8941,#8942));
#1592=EDGE_LOOP('',(#8943,#8944,#8945,#8946,#8947,#8948,#8949,#8950));
#1593=EDGE_LOOP('',(#8951,#8952,#8953,#8954));
#1594=EDGE_LOOP('',(#8955,#8956,#8957,#8958,#8959,#8960,#8961,#8962));
#1595=EDGE_LOOP('',(#8963,#8964,#8965,#8966,#8967,#8968,#8969,#8970));
#1596=EDGE_LOOP('',(#8971,#8972,#8973,#8974));
#1597=EDGE_LOOP('',(#8975,#8976,#8977,#8978));
#1598=EDGE_LOOP('',(#8979,#8980,#8981,#8982));
#1599=EDGE_LOOP('',(#8983,#8984,#8985,#8986));
#1600=EDGE_LOOP('',(#8987,#8988,#8989,#8990,#8991,#8992));
#1601=EDGE_LOOP('',(#8993,#8994,#8995,#8996));
#1602=EDGE_LOOP('',(#8997,#8998,#8999,#9000));
#1603=EDGE_LOOP('',(#9001,#9002,#9003,#9004,#9005,#9006));
#1604=EDGE_LOOP('',(#9007,#9008,#9009,#9010));
#1605=EDGE_LOOP('',(#9011,#9012,#9013,#9014,#9015,#9016,#9017,#9018,#9019,
#9020));
#1606=EDGE_LOOP('',(#9021,#9022,#9023,#9024));
#1607=EDGE_LOOP('',(#9025,#9026,#9027,#9028,#9029,#9030,#9031,#9032));
#1608=EDGE_LOOP('',(#9033,#9034,#9035,#9036,#9037,#9038,#9039,#9040));
#1609=EDGE_LOOP('',(#9041,#9042,#9043,#9044));
#1610=EDGE_LOOP('',(#9045,#9046,#9047,#9048));
#1611=EDGE_LOOP('',(#9049,#9050,#9051,#9052));
#1612=EDGE_LOOP('',(#9053,#9054,#9055,#9056));
#1613=EDGE_LOOP('',(#9057,#9058,#9059,#9060));
#1614=EDGE_LOOP('',(#9061,#9062,#9063,#9064));
#1615=EDGE_LOOP('',(#9065,#9066,#9067,#9068));
#1616=EDGE_LOOP('',(#9069,#9070,#9071,#9072,#9073,#9074,#9075,#9076));
#1617=EDGE_LOOP('',(#9077,#9078,#9079,#9080,#9081,#9082,#9083,#9084));
#1618=EDGE_LOOP('',(#9085,#9086,#9087,#9088));
#1619=EDGE_LOOP('',(#9089,#9090,#9091,#9092,#9093,#9094,#9095,#9096,#9097,
#9098));
#1620=EDGE_LOOP('',(#9099,#9100,#9101,#9102));
#1621=EDGE_LOOP('',(#9103,#9104,#9105,#9106));
#1622=EDGE_LOOP('',(#9107,#9108,#9109,#9110,#9111,#9112));
#1623=EDGE_LOOP('',(#9113,#9114,#9115,#9116));
#1624=EDGE_LOOP('',(#9117,#9118,#9119,#9120));
#1625=EDGE_LOOP('',(#9121,#9122,#9123,#9124,#9125,#9126));
#1626=EDGE_LOOP('',(#9127,#9128,#9129,#9130,#9131,#9132,#9133,#9134,#9135,
#9136));
#1627=EDGE_LOOP('',(#9137,#9138,#9139,#9140));
#1628=EDGE_LOOP('',(#9141,#9142,#9143,#9144,#9145,#9146,#9147,#9148,#9149,
#9150));
#1629=EDGE_LOOP('',(#9151,#9152,#9153,#9154));
#1630=EDGE_LOOP('',(#9155,#9156,#9157,#9158));
#1631=EDGE_LOOP('',(#9159,#9160,#9161,#9162));
#1632=EDGE_LOOP('',(#9163,#9164,#9165,#9166));
#1633=EDGE_LOOP('',(#9167,#9168,#9169,#9170));
#1634=EDGE_LOOP('',(#9171,#9172,#9173,#9174));
#1635=EDGE_LOOP('',(#9175,#9176,#9177,#9178,#9179,#9180,#9181,#9182));
#1636=EDGE_LOOP('',(#9183,#9184,#9185,#9186,#9187,#9188,#9189,#9190));
#1637=EDGE_LOOP('',(#9191,#9192,#9193,#9194));
#1638=EDGE_LOOP('',(#9195,#9196,#9197,#9198,#9199,#9200,#9201,#9202));
#1639=EDGE_LOOP('',(#9203,#9204,#9205,#9206,#9207,#9208,#9209,#9210));
#1640=EDGE_LOOP('',(#9211,#9212,#9213,#9214));
#1641=EDGE_LOOP('',(#9215,#9216,#9217,#9218));
#1642=EDGE_LOOP('',(#9219,#9220,#9221,#9222));
#1643=EDGE_LOOP('',(#9223,#9224,#9225,#9226));
#1644=EDGE_LOOP('',(#9227,#9228,#9229,#9230,#9231,#9232));
#1645=EDGE_LOOP('',(#9233,#9234,#9235,#9236));
#1646=EDGE_LOOP('',(#9237,#9238,#9239,#9240));
#1647=EDGE_LOOP('',(#9241,#9242,#9243,#9244,#9245,#9246));
#1648=EDGE_LOOP('',(#9247,#9248,#9249,#9250));
#1649=EDGE_LOOP('',(#9251,#9252,#9253,#9254,#9255,#9256,#9257,#9258,#9259,
#9260));
#1650=EDGE_LOOP('',(#9261,#9262,#9263,#9264));
#1651=EDGE_LOOP('',(#9265,#9266,#9267,#9268,#9269,#9270,#9271,#9272));
#1652=EDGE_LOOP('',(#9273,#9274,#9275,#9276,#9277,#9278,#9279,#9280));
#1653=EDGE_LOOP('',(#9281,#9282,#9283,#9284));
#1654=EDGE_LOOP('',(#9285,#9286,#9287,#9288));
#1655=EDGE_LOOP('',(#9289,#9290,#9291,#9292));
#1656=EDGE_LOOP('',(#9293,#9294,#9295,#9296));
#1657=EDGE_LOOP('',(#9297,#9298,#9299,#9300));
#1658=EDGE_LOOP('',(#9301,#9302,#9303,#9304));
#1659=EDGE_LOOP('',(#9305,#9306,#9307,#9308));
#1660=EDGE_LOOP('',(#9309,#9310,#9311,#9312,#9313,#9314,#9315,#9316));
#1661=EDGE_LOOP('',(#9317,#9318,#9319,#9320,#9321,#9322,#9323,#9324));
#1662=EDGE_LOOP('',(#9325,#9326,#9327,#9328));
#1663=EDGE_LOOP('',(#9329,#9330,#9331,#9332,#9333,#9334,#9335,#9336,#9337,
#9338));
#1664=EDGE_LOOP('',(#9339,#9340,#9341,#9342));
#1665=EDGE_LOOP('',(#9343,#9344,#9345,#9346));
#1666=EDGE_LOOP('',(#9347,#9348,#9349,#9350,#9351,#9352));
#1667=EDGE_LOOP('',(#9353,#9354,#9355,#9356));
#1668=EDGE_LOOP('',(#9357,#9358,#9359,#9360));
#1669=EDGE_LOOP('',(#9361,#9362,#9363,#9364,#9365,#9366));
#1670=EDGE_LOOP('',(#9367,#9368,#9369,#9370,#9371,#9372,#9373,#9374,#9375,
#9376));
#1671=EDGE_LOOP('',(#9377,#9378,#9379,#9380));
#1672=EDGE_LOOP('',(#9381,#9382,#9383,#9384,#9385,#9386,#9387,#9388,#9389,
#9390));
#1673=EDGE_LOOP('',(#9391,#9392,#9393,#9394));
#1674=EDGE_LOOP('',(#9395,#9396,#9397,#9398));
#1675=EDGE_LOOP('',(#9399,#9400,#9401,#9402));
#1676=EDGE_LOOP('',(#9403,#9404,#9405,#9406));
#1677=EDGE_LOOP('',(#9407,#9408,#9409,#9410));
#1678=EDGE_LOOP('',(#9411,#9412,#9413,#9414));
#1679=EDGE_LOOP('',(#9415,#9416,#9417,#9418,#9419,#9420,#9421,#9422));
#1680=EDGE_LOOP('',(#9423,#9424,#9425,#9426,#9427,#9428,#9429,#9430));
#1681=EDGE_LOOP('',(#9431,#9432,#9433,#9434));
#1682=EDGE_LOOP('',(#9435,#9436,#9437,#9438,#9439,#9440,#9441,#9442));
#1683=EDGE_LOOP('',(#9443,#9444,#9445,#9446,#9447,#9448,#9449,#9450));
#1684=EDGE_LOOP('',(#9451,#9452,#9453,#9454));
#1685=EDGE_LOOP('',(#9455,#9456,#9457,#9458));
#1686=EDGE_LOOP('',(#9459,#9460,#9461,#9462));
#1687=EDGE_LOOP('',(#9463,#9464,#9465,#9466));
#1688=EDGE_LOOP('',(#9467,#9468,#9469,#9470,#9471,#9472));
#1689=EDGE_LOOP('',(#9473,#9474,#9475,#9476));
#1690=EDGE_LOOP('',(#9477,#9478,#9479,#9480));
#1691=EDGE_LOOP('',(#9481,#9482,#9483,#9484,#9485,#9486));
#1692=LINE('',#13529,#2874);
#1693=LINE('',#13536,#2875);
#1694=LINE('',#13538,#2876);
#1695=LINE('',#13540,#2877);
#1696=LINE('',#13541,#2878);
#1697=LINE('',#13544,#2879);
#1698=LINE('',#13546,#2880);
#1699=LINE('',#13547,#2881);
#1700=LINE('',#13550,#2882);
#1701=LINE('',#13552,#2883);
#1702=LINE('',#13553,#2884);
#1703=LINE('',#13556,#2885);
#1704=LINE('',#13558,#2886);
#1705=LINE('',#13559,#2887);
#1706=LINE('',#13562,#2888);
#1707=LINE('',#13564,#2889);
#1708=LINE('',#13565,#2890);
#1709=LINE('',#13568,#2891);
#1710=LINE('',#13570,#2892);
#1711=LINE('',#13571,#2893);
#1712=LINE('',#13574,#2894);
#1713=LINE('',#13576,#2895);
#1714=LINE('',#13577,#2896);
#1715=LINE('',#13580,#2897);
#1716=LINE('',#13582,#2898);
#1717=LINE('',#13583,#2899);
#1718=LINE('',#13586,#2900);
#1719=LINE('',#13588,#2901);
#1720=LINE('',#13589,#2902);
#1721=LINE('',#13592,#2903);
#1722=LINE('',#13594,#2904);
#1723=LINE('',#13595,#2905);
#1724=LINE('',#13598,#2906);
#1725=LINE('',#13600,#2907);
#1726=LINE('',#13601,#2908);
#1727=LINE('',#13604,#2909);
#1728=LINE('',#13606,#2910);
#1729=LINE('',#13607,#2911);
#1730=LINE('',#13610,#2912);
#1731=LINE('',#13612,#2913);
#1732=LINE('',#13613,#2914);
#1733=LINE('',#13616,#2915);
#1734=LINE('',#13618,#2916);
#1735=LINE('',#13619,#2917);
#1736=LINE('',#13622,#2918);
#1737=LINE('',#13624,#2919);
#1738=LINE('',#13625,#2920);
#1739=LINE('',#13628,#2921);
#1740=LINE('',#13630,#2922);
#1741=LINE('',#13631,#2923);
#1742=LINE('',#13634,#2924);
#1743=LINE('',#13636,#2925);
#1744=LINE('',#13637,#2926);
#1745=LINE('',#13640,#2927);
#1746=LINE('',#13642,#2928);
#1747=LINE('',#13643,#2929);
#1748=LINE('',#13646,#2930);
#1749=LINE('',#13648,#2931);
#1750=LINE('',#13649,#2932);
#1751=LINE('',#13652,#2933);
#1752=LINE('',#13654,#2934);
#1753=LINE('',#13655,#2935);
#1754=LINE('',#13658,#2936);
#1755=LINE('',#13660,#2937);
#1756=LINE('',#13661,#2938);
#1757=LINE('',#13664,#2939);
#1758=LINE('',#13666,#2940);
#1759=LINE('',#13667,#2941);
#1760=LINE('',#13670,#2942);
#1761=LINE('',#13672,#2943);
#1762=LINE('',#13673,#2944);
#1763=LINE('',#13676,#2945);
#1764=LINE('',#13678,#2946);
#1765=LINE('',#13679,#2947);
#1766=LINE('',#13682,#2948);
#1767=LINE('',#13684,#2949);
#1768=LINE('',#13685,#2950);
#1769=LINE('',#13688,#2951);
#1770=LINE('',#13690,#2952);
#1771=LINE('',#13691,#2953);
#1772=LINE('',#13694,#2954);
#1773=LINE('',#13696,#2955);
#1774=LINE('',#13697,#2956);
#1775=LINE('',#13699,#2957);
#1776=LINE('',#13700,#2958);
#1777=LINE('',#13711,#2959);
#1778=LINE('',#13717,#2960);
#1779=LINE('',#13722,#2961);
#1780=LINE('',#13724,#2962);
#1781=LINE('',#13726,#2963);
#1782=LINE('',#13728,#2964);
#1783=LINE('',#13730,#2965);
#1784=LINE('',#13732,#2966);
#1785=LINE('',#13734,#2967);
#1786=LINE('',#13736,#2968);
#1787=LINE('',#13738,#2969);
#1788=LINE('',#13740,#2970);
#1789=LINE('',#13742,#2971);
#1790=LINE('',#13744,#2972);
#1791=LINE('',#13746,#2973);
#1792=LINE('',#13748,#2974);
#1793=LINE('',#13750,#2975);
#1794=LINE('',#13752,#2976);
#1795=LINE('',#13754,#2977);
#1796=LINE('',#13756,#2978);
#1797=LINE('',#13758,#2979);
#1798=LINE('',#13759,#2980);
#1799=LINE('',#13762,#2981);
#1800=LINE('',#13764,#2982);
#1801=LINE('',#13765,#2983);
#1802=LINE('',#13768,#2984);
#1803=LINE('',#13770,#2985);
#1804=LINE('',#13772,#2986);
#1805=LINE('',#13773,#2987);
#1806=LINE('',#13776,#2988);
#1807=LINE('',#13778,#2989);
#1808=LINE('',#13780,#2990);
#1809=LINE('',#13781,#2991);
#1810=LINE('',#13785,#2992);
#1811=LINE('',#13786,#2993);
#1812=LINE('',#13787,#2994);
#1813=LINE('',#13790,#2995);
#1814=LINE('',#13792,#2996);
#1815=LINE('',#13793,#2997);
#1816=LINE('',#13796,#2998);
#1817=LINE('',#13798,#2999);
#1818=LINE('',#13800,#3000);
#1819=LINE('',#13801,#3001);
#1820=LINE('',#13804,#3002);
#1821=LINE('',#13806,#3003);
#1822=LINE('',#13807,#3004);
#1823=LINE('',#13810,#3005);
#1824=LINE('',#13812,#3006);
#1825=LINE('',#13814,#3007);
#1826=LINE('',#13816,#3008);
#1827=LINE('',#13818,#3009);
#1828=LINE('',#13820,#3010);
#1829=LINE('',#13822,#3011);
#1830=LINE('',#13824,#3012);
#1831=LINE('',#13826,#3013);
#1832=LINE('',#13828,#3014);
#1833=LINE('',#13830,#3015);
#1834=LINE('',#13831,#3016);
#1835=LINE('',#13833,#3017);
#1836=LINE('',#13835,#3018);
#1837=LINE('',#13837,#3019);
#1838=LINE('',#13839,#3020);
#1839=LINE('',#13841,#3021);
#1840=LINE('',#13842,#3022);
#1841=LINE('',#13844,#3023);
#1842=LINE('',#13845,#3024);
#1843=LINE('',#13847,#3025);
#1844=LINE('',#13848,#3026);
#1845=LINE('',#13851,#3027);
#1846=LINE('',#13853,#3028);
#1847=LINE('',#13854,#3029);
#1848=LINE('',#13857,#3030);
#1849=LINE('',#13858,#3031);
#1850=LINE('',#13860,#3032);
#1851=LINE('',#13863,#3033);
#1852=LINE('',#13865,#3034);
#1853=LINE('',#13867,#3035);
#1854=LINE('',#13868,#3036);
#1855=LINE('',#13872,#3037);
#1856=LINE('',#13873,#3038);
#1857=LINE('',#13876,#3039);
#1858=LINE('',#13877,#3040);
#1859=LINE('',#13879,#3041);
#1860=LINE('',#13882,#3042);
#1861=LINE('',#13883,#3043);
#1862=LINE('',#13886,#3044);
#1863=LINE('',#13887,#3045);
#1864=LINE('',#13889,#3046);
#1865=LINE('',#13891,#3047);
#1866=LINE('',#13893,#3048);
#1867=LINE('',#13896,#3049);
#1868=LINE('',#13898,#3050);
#1869=LINE('',#13902,#3051);
#1870=LINE('',#13903,#3052);
#1871=LINE('',#13906,#3053);
#1872=LINE('',#13907,#3054);
#1873=LINE('',#13909,#3055);
#1874=LINE('',#13912,#3056);
#1875=LINE('',#13913,#3057);
#1876=LINE('',#13916,#3058);
#1877=LINE('',#13917,#3059);
#1878=LINE('',#13919,#3060);
#1879=LINE('',#13921,#3061);
#1880=LINE('',#13923,#3062);
#1881=LINE('',#13926,#3063);
#1882=LINE('',#13928,#3064);
#1883=LINE('',#13943,#3065);
#1884=LINE('',#13952,#3066);
#1885=LINE('',#13955,#3067);
#1886=LINE('',#13965,#3068);
#1887=LINE('',#13984,#3069);
#1888=LINE('',#13993,#3070);
#1889=LINE('',#14004,#3071);
#1890=LINE('',#14012,#3072);
#1891=LINE('',#14029,#3073);
#1892=LINE('',#14030,#3074);
#1893=LINE('',#14032,#3075);
#1894=LINE('',#14047,#3076);
#1895=LINE('',#14063,#3077);
#1896=LINE('',#14064,#3078);
#1897=LINE('',#14066,#3079);
#1898=LINE('',#14079,#3080);
#1899=LINE('',#14091,#3081);
#1900=LINE('',#14093,#3082);
#1901=LINE('',#14095,#3083);
#1902=LINE('',#14106,#3084);
#1903=LINE('',#14116,#3085);
#1904=LINE('',#14117,#3086);
#1905=LINE('',#14127,#3087);
#1906=LINE('',#14129,#3088);
#1907=LINE('',#14130,#3089);
#1908=LINE('',#14141,#3090);
#1909=LINE('',#14143,#3091);
#1910=LINE('',#14153,#3092);
#1911=LINE('',#14164,#3093);
#1912=LINE('',#14166,#3094);
#1913=LINE('',#14167,#3095);
#1914=LINE('',#14170,#3096);
#1915=LINE('',#14179,#3097);
#1916=LINE('',#14180,#3098);
#1917=LINE('',#14193,#3099);
#1918=LINE('',#14194,#3100);
#1919=LINE('',#14196,#3101);
#1920=LINE('',#14198,#3102);
#1921=LINE('',#14200,#3103);
#1922=LINE('',#14217,#3104);
#1923=LINE('',#14219,#3105);
#1924=LINE('',#14234,#3106);
#1925=LINE('',#14236,#3107);
#1926=LINE('',#14250,#3108);
#1927=LINE('',#14251,#3109);
#1928=LINE('',#14253,#3110);
#1929=LINE('',#14255,#3111);
#1930=LINE('',#14272,#3112);
#1931=LINE('',#14278,#3113);
#1932=LINE('',#14281,#3114);
#1933=LINE('',#14283,#3115);
#1934=LINE('',#14284,#3116);
#1935=LINE('',#14287,#3117);
#1936=LINE('',#14289,#3118);
#1937=LINE('',#14290,#3119);
#1938=LINE('',#14293,#3120);
#1939=LINE('',#14295,#3121);
#1940=LINE('',#14296,#3122);
#1941=LINE('',#14299,#3123);
#1942=LINE('',#14301,#3124);
#1943=LINE('',#14302,#3125);
#1944=LINE('',#14305,#3126);
#1945=LINE('',#14307,#3127);
#1946=LINE('',#14308,#3128);
#1947=LINE('',#14311,#3129);
#1948=LINE('',#14313,#3130);
#1949=LINE('',#14314,#3131);
#1950=LINE('',#14317,#3132);
#1951=LINE('',#14319,#3133);
#1952=LINE('',#14320,#3134);
#1953=LINE('',#14323,#3135);
#1954=LINE('',#14325,#3136);
#1955=LINE('',#14326,#3137);
#1956=LINE('',#14329,#3138);
#1957=LINE('',#14331,#3139);
#1958=LINE('',#14332,#3140);
#1959=LINE('',#14335,#3141);
#1960=LINE('',#14337,#3142);
#1961=LINE('',#14338,#3143);
#1962=LINE('',#14341,#3144);
#1963=LINE('',#14343,#3145);
#1964=LINE('',#14344,#3146);
#1965=LINE('',#14359,#3147);
#1966=LINE('',#14365,#3148);
#1967=LINE('',#14366,#3149);
#1968=LINE('',#14387,#3150);
#1969=LINE('',#14394,#3151);
#1970=LINE('',#14397,#3152);
#1971=LINE('',#14399,#3153);
#1972=LINE('',#14400,#3154);
#1973=LINE('',#14403,#3155);
#1974=LINE('',#14405,#3156);
#1975=LINE('',#14406,#3157);
#1976=LINE('',#14409,#3158);
#1977=LINE('',#14411,#3159);
#1978=LINE('',#14412,#3160);
#1979=LINE('',#14415,#3161);
#1980=LINE('',#14417,#3162);
#1981=LINE('',#14418,#3163);
#1982=LINE('',#14421,#3164);
#1983=LINE('',#14423,#3165);
#1984=LINE('',#14424,#3166);
#1985=LINE('',#14439,#3167);
#1986=LINE('',#14446,#3168);
#1987=LINE('',#14448,#3169);
#1988=LINE('',#14449,#3170);
#1989=LINE('',#14452,#3171);
#1990=LINE('',#14454,#3172);
#1991=LINE('',#14455,#3173);
#1992=LINE('',#14457,#3174);
#1993=LINE('',#14458,#3175);
#1994=LINE('',#14479,#3176);
#1995=LINE('',#14486,#3177);
#1996=LINE('',#14489,#3178);
#1997=LINE('',#14491,#3179);
#1998=LINE('',#14492,#3180);
#1999=LINE('',#14495,#3181);
#2000=LINE('',#14497,#3182);
#2001=LINE('',#14498,#3183);
#2002=LINE('',#14501,#3184);
#2003=LINE('',#14503,#3185);
#2004=LINE('',#14504,#3186);
#2005=LINE('',#14507,#3187);
#2006=LINE('',#14509,#3188);
#2007=LINE('',#14510,#3189);
#2008=LINE('',#14513,#3190);
#2009=LINE('',#14515,#3191);
#2010=LINE('',#14516,#3192);
#2011=LINE('',#14531,#3193);
#2012=LINE('',#14538,#3194);
#2013=LINE('',#14540,#3195);
#2014=LINE('',#14541,#3196);
#2015=LINE('',#14544,#3197);
#2016=LINE('',#14546,#3198);
#2017=LINE('',#14547,#3199);
#2018=LINE('',#14549,#3200);
#2019=LINE('',#14550,#3201);
#2020=LINE('',#14571,#3202);
#2021=LINE('',#14578,#3203);
#2022=LINE('',#14581,#3204);
#2023=LINE('',#14583,#3205);
#2024=LINE('',#14584,#3206);
#2025=LINE('',#14587,#3207);
#2026=LINE('',#14589,#3208);
#2027=LINE('',#14590,#3209);
#2028=LINE('',#14593,#3210);
#2029=LINE('',#14595,#3211);
#2030=LINE('',#14596,#3212);
#2031=LINE('',#14599,#3213);
#2032=LINE('',#14601,#3214);
#2033=LINE('',#14602,#3215);
#2034=LINE('',#14605,#3216);
#2035=LINE('',#14607,#3217);
#2036=LINE('',#14608,#3218);
#2037=LINE('',#14623,#3219);
#2038=LINE('',#14630,#3220);
#2039=LINE('',#14632,#3221);
#2040=LINE('',#14633,#3222);
#2041=LINE('',#14636,#3223);
#2042=LINE('',#14638,#3224);
#2043=LINE('',#14639,#3225);
#2044=LINE('',#14641,#3226);
#2045=LINE('',#14642,#3227);
#2046=LINE('',#14669,#3228);
#2047=LINE('',#14678,#3229);
#2048=LINE('',#14681,#3230);
#2049=LINE('',#14683,#3231);
#2050=LINE('',#14684,#3232);
#2051=LINE('',#14714,#3233);
#2052=LINE('',#14726,#3234);
#2053=LINE('',#14728,#3235);
#2054=LINE('',#14729,#3236);
#2055=LINE('',#14734,#3237);
#2056=LINE('',#14738,#3238);
#2057=LINE('',#14740,#3239);
#2058=LINE('',#14741,#3240);
#2059=LINE('',#14744,#3241);
#2060=LINE('',#14746,#3242);
#2061=LINE('',#14747,#3243);
#2062=LINE('',#14750,#3244);
#2063=LINE('',#14752,#3245);
#2064=LINE('',#14753,#3246);
#2065=LINE('',#14758,#3247);
#2066=LINE('',#14761,#3248);
#2067=LINE('',#14762,#3249);
#2068=LINE('',#14769,#3250);
#2069=LINE('',#14777,#3251);
#2070=LINE('',#14784,#3252);
#2071=LINE('',#14786,#3253);
#2072=LINE('',#14788,#3254);
#2073=LINE('',#14789,#3255);
#2074=LINE('',#14792,#3256);
#2075=LINE('',#14794,#3257);
#2076=LINE('',#14795,#3258);
#2077=LINE('',#14798,#3259);
#2078=LINE('',#14800,#3260);
#2079=LINE('',#14801,#3261);
#2080=LINE('',#14803,#3262);
#2081=LINE('',#14804,#3263);
#2082=LINE('',#14810,#3264);
#2083=LINE('',#14812,#3265);
#2084=LINE('',#14814,#3266);
#2085=LINE('',#14815,#3267);
#2086=LINE('',#14818,#3268);
#2087=LINE('',#14820,#3269);
#2088=LINE('',#14821,#3270);
#2089=LINE('',#14824,#3271);
#2090=LINE('',#14826,#3272);
#2091=LINE('',#14827,#3273);
#2092=LINE('',#14829,#3274);
#2093=LINE('',#14830,#3275);
#2094=LINE('',#14836,#3276);
#2095=LINE('',#14838,#3277);
#2096=LINE('',#14840,#3278);
#2097=LINE('',#14841,#3279);
#2098=LINE('',#14844,#3280);
#2099=LINE('',#14846,#3281);
#2100=LINE('',#14847,#3282);
#2101=LINE('',#14850,#3283);
#2102=LINE('',#14852,#3284);
#2103=LINE('',#14853,#3285);
#2104=LINE('',#14855,#3286);
#2105=LINE('',#14856,#3287);
#2106=LINE('',#14862,#3288);
#2107=LINE('',#14864,#3289);
#2108=LINE('',#14866,#3290);
#2109=LINE('',#14867,#3291);
#2110=LINE('',#14871,#3292);
#2111=LINE('',#14875,#3293);
#2112=LINE('',#14879,#3294);
#2113=LINE('',#14881,#3295);
#2114=LINE('',#14883,#3296);
#2115=LINE('',#14887,#3297);
#2116=LINE('',#14892,#3298);
#2117=LINE('',#14894,#3299);
#2118=LINE('',#14896,#3300);
#2119=LINE('',#14897,#3301);
#2120=LINE('',#14900,#3302);
#2121=LINE('',#14902,#3303);
#2122=LINE('',#14904,#3304);
#2123=LINE('',#14906,#3305);
#2124=LINE('',#14907,#3306);
#2125=LINE('',#14908,#3307);
#2126=LINE('',#14912,#3308);
#2127=LINE('',#14914,#3309);
#2128=LINE('',#14918,#3310);
#2129=LINE('',#14922,#3311);
#2130=LINE('',#14923,#3312);
#2131=LINE('',#14926,#3313);
#2132=LINE('',#14930,#3314);
#2133=LINE('',#14931,#3315);
#2134=LINE('',#14934,#3316);
#2135=LINE('',#14935,#3317);
#2136=LINE('',#14938,#3318);
#2137=LINE('',#14939,#3319);
#2138=LINE('',#14942,#3320);
#2139=LINE('',#14946,#3321);
#2140=LINE('',#14947,#3322);
#2141=LINE('',#14950,#3323);
#2142=LINE('',#14954,#3324);
#2143=LINE('',#14958,#3325);
#2144=LINE('',#14962,#3326);
#2145=LINE('',#14963,#3327);
#2146=LINE('',#14964,#3328);
#2147=LINE('',#14966,#3329);
#2148=LINE('',#14967,#3330);
#2149=LINE('',#14970,#3331);
#2150=LINE('',#14972,#3332);
#2151=LINE('',#14974,#3333);
#2152=LINE('',#14977,#3334);
#2153=LINE('',#14979,#3335);
#2154=LINE('',#14984,#3336);
#2155=LINE('',#14988,#3337);
#2156=LINE('',#14992,#3338);
#2157=LINE('',#14994,#3339);
#2158=LINE('',#14996,#3340);
#2159=LINE('',#15000,#3341);
#2160=LINE('',#15005,#3342);
#2161=LINE('',#15007,#3343);
#2162=LINE('',#15009,#3344);
#2163=LINE('',#15010,#3345);
#2164=LINE('',#15014,#3346);
#2165=LINE('',#15018,#3347);
#2166=LINE('',#15022,#3348);
#2167=LINE('',#15024,#3349);
#2168=LINE('',#15026,#3350);
#2169=LINE('',#15030,#3351);
#2170=LINE('',#15033,#3352);
#2171=LINE('',#15034,#3353);
#2172=LINE('',#15036,#3354);
#2173=LINE('',#15038,#3355);
#2174=LINE('',#15040,#3356);
#2175=LINE('',#15042,#3357);
#2176=LINE('',#15044,#3358);
#2177=LINE('',#15047,#3359);
#2178=LINE('',#15051,#3360);
#2179=LINE('',#15054,#3361);
#2180=LINE('',#15057,#3362);
#2181=LINE('',#15058,#3363);
#2182=LINE('',#15060,#3364);
#2183=LINE('',#15062,#3365);
#2184=LINE('',#15064,#3366);
#2185=LINE('',#15065,#3367);
#2186=LINE('',#15068,#3368);
#2187=LINE('',#15069,#3369);
#2188=LINE('',#15072,#3370);
#2189=LINE('',#15074,#3371);
#2190=LINE('',#15076,#3372);
#2191=LINE('',#15078,#3373);
#2192=LINE('',#15080,#3374);
#2193=LINE('',#15081,#3375);
#2194=LINE('',#15085,#3376);
#2195=LINE('',#15086,#3377);
#2196=LINE('',#15088,#3378);
#2197=LINE('',#15092,#3379);
#2198=LINE('',#15094,#3380);
#2199=LINE('',#15096,#3381);
#2200=LINE('',#15099,#3382);
#2201=LINE('',#15101,#3383);
#2202=LINE('',#15106,#3384);
#2203=LINE('',#15108,#3385);
#2204=LINE('',#15110,#3386);
#2205=LINE('',#15111,#3387);
#2206=LINE('',#15115,#3388);
#2207=LINE('',#15119,#3389);
#2208=LINE('',#15123,#3390);
#2209=LINE('',#15125,#3391);
#2210=LINE('',#15127,#3392);
#2211=LINE('',#15131,#3393);
#2212=LINE('',#15136,#3394);
#2213=LINE('',#15138,#3395);
#2214=LINE('',#15140,#3396);
#2215=LINE('',#15141,#3397);
#2216=LINE('',#15144,#3398);
#2217=LINE('',#15146,#3399);
#2218=LINE('',#15148,#3400);
#2219=LINE('',#15150,#3401);
#2220=LINE('',#15151,#3402);
#2221=LINE('',#15152,#3403);
#2222=LINE('',#15156,#3404);
#2223=LINE('',#15158,#3405);
#2224=LINE('',#15162,#3406);
#2225=LINE('',#15166,#3407);
#2226=LINE('',#15167,#3408);
#2227=LINE('',#15170,#3409);
#2228=LINE('',#15174,#3410);
#2229=LINE('',#15175,#3411);
#2230=LINE('',#15178,#3412);
#2231=LINE('',#15179,#3413);
#2232=LINE('',#15182,#3414);
#2233=LINE('',#15183,#3415);
#2234=LINE('',#15186,#3416);
#2235=LINE('',#15190,#3417);
#2236=LINE('',#15191,#3418);
#2237=LINE('',#15194,#3419);
#2238=LINE('',#15198,#3420);
#2239=LINE('',#15202,#3421);
#2240=LINE('',#15206,#3422);
#2241=LINE('',#15207,#3423);
#2242=LINE('',#15208,#3424);
#2243=LINE('',#15210,#3425);
#2244=LINE('',#15211,#3426);
#2245=LINE('',#15214,#3427);
#2246=LINE('',#15216,#3428);
#2247=LINE('',#15218,#3429);
#2248=LINE('',#15221,#3430);
#2249=LINE('',#15223,#3431);
#2250=LINE('',#15228,#3432);
#2251=LINE('',#15232,#3433);
#2252=LINE('',#15236,#3434);
#2253=LINE('',#15238,#3435);
#2254=LINE('',#15240,#3436);
#2255=LINE('',#15244,#3437);
#2256=LINE('',#15249,#3438);
#2257=LINE('',#15251,#3439);
#2258=LINE('',#15253,#3440);
#2259=LINE('',#15254,#3441);
#2260=LINE('',#15258,#3442);
#2261=LINE('',#15262,#3443);
#2262=LINE('',#15266,#3444);
#2263=LINE('',#15268,#3445);
#2264=LINE('',#15270,#3446);
#2265=LINE('',#15274,#3447);
#2266=LINE('',#15277,#3448);
#2267=LINE('',#15278,#3449);
#2268=LINE('',#15280,#3450);
#2269=LINE('',#15282,#3451);
#2270=LINE('',#15284,#3452);
#2271=LINE('',#15286,#3453);
#2272=LINE('',#15288,#3454);
#2273=LINE('',#15291,#3455);
#2274=LINE('',#15295,#3456);
#2275=LINE('',#15298,#3457);
#2276=LINE('',#15301,#3458);
#2277=LINE('',#15302,#3459);
#2278=LINE('',#15304,#3460);
#2279=LINE('',#15306,#3461);
#2280=LINE('',#15308,#3462);
#2281=LINE('',#15309,#3463);
#2282=LINE('',#15312,#3464);
#2283=LINE('',#15313,#3465);
#2284=LINE('',#15316,#3466);
#2285=LINE('',#15318,#3467);
#2286=LINE('',#15320,#3468);
#2287=LINE('',#15322,#3469);
#2288=LINE('',#15324,#3470);
#2289=LINE('',#15325,#3471);
#2290=LINE('',#15329,#3472);
#2291=LINE('',#15330,#3473);
#2292=LINE('',#15332,#3474);
#2293=LINE('',#15336,#3475);
#2294=LINE('',#15338,#3476);
#2295=LINE('',#15340,#3477);
#2296=LINE('',#15343,#3478);
#2297=LINE('',#15345,#3479);
#2298=LINE('',#15350,#3480);
#2299=LINE('',#15352,#3481);
#2300=LINE('',#15354,#3482);
#2301=LINE('',#15355,#3483);
#2302=LINE('',#15359,#3484);
#2303=LINE('',#15363,#3485);
#2304=LINE('',#15367,#3486);
#2305=LINE('',#15369,#3487);
#2306=LINE('',#15371,#3488);
#2307=LINE('',#15375,#3489);
#2308=LINE('',#15380,#3490);
#2309=LINE('',#15382,#3491);
#2310=LINE('',#15384,#3492);
#2311=LINE('',#15385,#3493);
#2312=LINE('',#15388,#3494);
#2313=LINE('',#15390,#3495);
#2314=LINE('',#15392,#3496);
#2315=LINE('',#15394,#3497);
#2316=LINE('',#15395,#3498);
#2317=LINE('',#15396,#3499);
#2318=LINE('',#15400,#3500);
#2319=LINE('',#15402,#3501);
#2320=LINE('',#15406,#3502);
#2321=LINE('',#15410,#3503);
#2322=LINE('',#15411,#3504);
#2323=LINE('',#15414,#3505);
#2324=LINE('',#15418,#3506);
#2325=LINE('',#15419,#3507);
#2326=LINE('',#15422,#3508);
#2327=LINE('',#15423,#3509);
#2328=LINE('',#15426,#3510);
#2329=LINE('',#15427,#3511);
#2330=LINE('',#15430,#3512);
#2331=LINE('',#15434,#3513);
#2332=LINE('',#15435,#3514);
#2333=LINE('',#15438,#3515);
#2334=LINE('',#15442,#3516);
#2335=LINE('',#15446,#3517);
#2336=LINE('',#15450,#3518);
#2337=LINE('',#15451,#3519);
#2338=LINE('',#15452,#3520);
#2339=LINE('',#15454,#3521);
#2340=LINE('',#15455,#3522);
#2341=LINE('',#15458,#3523);
#2342=LINE('',#15460,#3524);
#2343=LINE('',#15462,#3525);
#2344=LINE('',#15465,#3526);
#2345=LINE('',#15467,#3527);
#2346=LINE('',#15472,#3528);
#2347=LINE('',#15476,#3529);
#2348=LINE('',#15480,#3530);
#2349=LINE('',#15482,#3531);
#2350=LINE('',#15484,#3532);
#2351=LINE('',#15488,#3533);
#2352=LINE('',#15493,#3534);
#2353=LINE('',#15495,#3535);
#2354=LINE('',#15497,#3536);
#2355=LINE('',#15498,#3537);
#2356=LINE('',#15502,#3538);
#2357=LINE('',#15506,#3539);
#2358=LINE('',#15510,#3540);
#2359=LINE('',#15512,#3541);
#2360=LINE('',#15514,#3542);
#2361=LINE('',#15518,#3543);
#2362=LINE('',#15521,#3544);
#2363=LINE('',#15522,#3545);
#2364=LINE('',#15524,#3546);
#2365=LINE('',#15526,#3547);
#2366=LINE('',#15528,#3548);
#2367=LINE('',#15530,#3549);
#2368=LINE('',#15532,#3550);
#2369=LINE('',#15535,#3551);
#2370=LINE('',#15539,#3552);
#2371=LINE('',#15542,#3553);
#2372=LINE('',#15545,#3554);
#2373=LINE('',#15546,#3555);
#2374=LINE('',#15548,#3556);
#2375=LINE('',#15550,#3557);
#2376=LINE('',#15552,#3558);
#2377=LINE('',#15553,#3559);
#2378=LINE('',#15556,#3560);
#2379=LINE('',#15557,#3561);
#2380=LINE('',#15560,#3562);
#2381=LINE('',#15562,#3563);
#2382=LINE('',#15564,#3564);
#2383=LINE('',#15566,#3565);
#2384=LINE('',#15568,#3566);
#2385=LINE('',#15569,#3567);
#2386=LINE('',#15573,#3568);
#2387=LINE('',#15574,#3569);
#2388=LINE('',#15576,#3570);
#2389=LINE('',#15580,#3571);
#2390=LINE('',#15582,#3572);
#2391=LINE('',#15584,#3573);
#2392=LINE('',#15587,#3574);
#2393=LINE('',#15589,#3575);
#2394=LINE('',#15594,#3576);
#2395=LINE('',#15596,#3577);
#2396=LINE('',#15598,#3578);
#2397=LINE('',#15599,#3579);
#2398=LINE('',#15603,#3580);
#2399=LINE('',#15607,#3581);
#2400=LINE('',#15611,#3582);
#2401=LINE('',#15613,#3583);
#2402=LINE('',#15615,#3584);
#2403=LINE('',#15619,#3585);
#2404=LINE('',#15624,#3586);
#2405=LINE('',#15626,#3587);
#2406=LINE('',#15628,#3588);
#2407=LINE('',#15629,#3589);
#2408=LINE('',#15632,#3590);
#2409=LINE('',#15634,#3591);
#2410=LINE('',#15636,#3592);
#2411=LINE('',#15638,#3593);
#2412=LINE('',#15639,#3594);
#2413=LINE('',#15640,#3595);
#2414=LINE('',#15644,#3596);
#2415=LINE('',#15646,#3597);
#2416=LINE('',#15650,#3598);
#2417=LINE('',#15654,#3599);
#2418=LINE('',#15655,#3600);
#2419=LINE('',#15658,#3601);
#2420=LINE('',#15662,#3602);
#2421=LINE('',#15663,#3603);
#2422=LINE('',#15666,#3604);
#2423=LINE('',#15667,#3605);
#2424=LINE('',#15670,#3606);
#2425=LINE('',#15671,#3607);
#2426=LINE('',#15674,#3608);
#2427=LINE('',#15678,#3609);
#2428=LINE('',#15679,#3610);
#2429=LINE('',#15682,#3611);
#2430=LINE('',#15686,#3612);
#2431=LINE('',#15690,#3613);
#2432=LINE('',#15694,#3614);
#2433=LINE('',#15695,#3615);
#2434=LINE('',#15696,#3616);
#2435=LINE('',#15698,#3617);
#2436=LINE('',#15699,#3618);
#2437=LINE('',#15702,#3619);
#2438=LINE('',#15704,#3620);
#2439=LINE('',#15706,#3621);
#2440=LINE('',#15709,#3622);
#2441=LINE('',#15711,#3623);
#2442=LINE('',#15716,#3624);
#2443=LINE('',#15720,#3625);
#2444=LINE('',#15724,#3626);
#2445=LINE('',#15726,#3627);
#2446=LINE('',#15728,#3628);
#2447=LINE('',#15732,#3629);
#2448=LINE('',#15737,#3630);
#2449=LINE('',#15739,#3631);
#2450=LINE('',#15741,#3632);
#2451=LINE('',#15742,#3633);
#2452=LINE('',#15746,#3634);
#2453=LINE('',#15750,#3635);
#2454=LINE('',#15754,#3636);
#2455=LINE('',#15756,#3637);
#2456=LINE('',#15758,#3638);
#2457=LINE('',#15762,#3639);
#2458=LINE('',#15765,#3640);
#2459=LINE('',#15766,#3641);
#2460=LINE('',#15768,#3642);
#2461=LINE('',#15770,#3643);
#2462=LINE('',#15772,#3644);
#2463=LINE('',#15774,#3645);
#2464=LINE('',#15776,#3646);
#2465=LINE('',#15779,#3647);
#2466=LINE('',#15783,#3648);
#2467=LINE('',#15786,#3649);
#2468=LINE('',#15789,#3650);
#2469=LINE('',#15790,#3651);
#2470=LINE('',#15792,#3652);
#2471=LINE('',#15794,#3653);
#2472=LINE('',#15796,#3654);
#2473=LINE('',#15797,#3655);
#2474=LINE('',#15800,#3656);
#2475=LINE('',#15801,#3657);
#2476=LINE('',#15804,#3658);
#2477=LINE('',#15806,#3659);
#2478=LINE('',#15808,#3660);
#2479=LINE('',#15810,#3661);
#2480=LINE('',#15812,#3662);
#2481=LINE('',#15813,#3663);
#2482=LINE('',#15817,#3664);
#2483=LINE('',#15818,#3665);
#2484=LINE('',#15820,#3666);
#2485=LINE('',#15824,#3667);
#2486=LINE('',#15826,#3668);
#2487=LINE('',#15828,#3669);
#2488=LINE('',#15831,#3670);
#2489=LINE('',#15833,#3671);
#2490=LINE('',#15838,#3672);
#2491=LINE('',#15840,#3673);
#2492=LINE('',#15842,#3674);
#2493=LINE('',#15843,#3675);
#2494=LINE('',#15847,#3676);
#2495=LINE('',#15851,#3677);
#2496=LINE('',#15855,#3678);
#2497=LINE('',#15857,#3679);
#2498=LINE('',#15859,#3680);
#2499=LINE('',#15863,#3681);
#2500=LINE('',#15868,#3682);
#2501=LINE('',#15870,#3683);
#2502=LINE('',#15872,#3684);
#2503=LINE('',#15873,#3685);
#2504=LINE('',#15876,#3686);
#2505=LINE('',#15878,#3687);
#2506=LINE('',#15880,#3688);
#2507=LINE('',#15882,#3689);
#2508=LINE('',#15883,#3690);
#2509=LINE('',#15884,#3691);
#2510=LINE('',#15888,#3692);
#2511=LINE('',#15890,#3693);
#2512=LINE('',#15894,#3694);
#2513=LINE('',#15898,#3695);
#2514=LINE('',#15899,#3696);
#2515=LINE('',#15902,#3697);
#2516=LINE('',#15906,#3698);
#2517=LINE('',#15907,#3699);
#2518=LINE('',#15910,#3700);
#2519=LINE('',#15911,#3701);
#2520=LINE('',#15914,#3702);
#2521=LINE('',#15915,#3703);
#2522=LINE('',#15918,#3704);
#2523=LINE('',#15922,#3705);
#2524=LINE('',#15923,#3706);
#2525=LINE('',#15926,#3707);
#2526=LINE('',#15930,#3708);
#2527=LINE('',#15934,#3709);
#2528=LINE('',#15938,#3710);
#2529=LINE('',#15939,#3711);
#2530=LINE('',#15940,#3712);
#2531=LINE('',#15942,#3713);
#2532=LINE('',#15943,#3714);
#2533=LINE('',#15946,#3715);
#2534=LINE('',#15948,#3716);
#2535=LINE('',#15950,#3717);
#2536=LINE('',#15953,#3718);
#2537=LINE('',#15955,#3719);
#2538=LINE('',#15960,#3720);
#2539=LINE('',#15964,#3721);
#2540=LINE('',#15968,#3722);
#2541=LINE('',#15970,#3723);
#2542=LINE('',#15972,#3724);
#2543=LINE('',#15976,#3725);
#2544=LINE('',#15981,#3726);
#2545=LINE('',#15983,#3727);
#2546=LINE('',#15985,#3728);
#2547=LINE('',#15986,#3729);
#2548=LINE('',#15990,#3730);
#2549=LINE('',#15994,#3731);
#2550=LINE('',#15998,#3732);
#2551=LINE('',#16000,#3733);
#2552=LINE('',#16002,#3734);
#2553=LINE('',#16006,#3735);
#2554=LINE('',#16009,#3736);
#2555=LINE('',#16010,#3737);
#2556=LINE('',#16012,#3738);
#2557=LINE('',#16014,#3739);
#2558=LINE('',#16016,#3740);
#2559=LINE('',#16018,#3741);
#2560=LINE('',#16020,#3742);
#2561=LINE('',#16023,#3743);
#2562=LINE('',#16027,#3744);
#2563=LINE('',#16030,#3745);
#2564=LINE('',#16033,#3746);
#2565=LINE('',#16034,#3747);
#2566=LINE('',#16036,#3748);
#2567=LINE('',#16038,#3749);
#2568=LINE('',#16040,#3750);
#2569=LINE('',#16041,#3751);
#2570=LINE('',#16044,#3752);
#2571=LINE('',#16045,#3753);
#2572=LINE('',#16048,#3754);
#2573=LINE('',#16050,#3755);
#2574=LINE('',#16052,#3756);
#2575=LINE('',#16054,#3757);
#2576=LINE('',#16056,#3758);
#2577=LINE('',#16057,#3759);
#2578=LINE('',#16061,#3760);
#2579=LINE('',#16062,#3761);
#2580=LINE('',#16064,#3762);
#2581=LINE('',#16068,#3763);
#2582=LINE('',#16070,#3764);
#2583=LINE('',#16072,#3765);
#2584=LINE('',#16075,#3766);
#2585=LINE('',#16077,#3767);
#2586=LINE('',#16082,#3768);
#2587=LINE('',#16084,#3769);
#2588=LINE('',#16086,#3770);
#2589=LINE('',#16087,#3771);
#2590=LINE('',#16091,#3772);
#2591=LINE('',#16095,#3773);
#2592=LINE('',#16099,#3774);
#2593=LINE('',#16101,#3775);
#2594=LINE('',#16103,#3776);
#2595=LINE('',#16107,#3777);
#2596=LINE('',#16112,#3778);
#2597=LINE('',#16114,#3779);
#2598=LINE('',#16116,#3780);
#2599=LINE('',#16117,#3781);
#2600=LINE('',#16120,#3782);
#2601=LINE('',#16122,#3783);
#2602=LINE('',#16124,#3784);
#2603=LINE('',#16126,#3785);
#2604=LINE('',#16127,#3786);
#2605=LINE('',#16128,#3787);
#2606=LINE('',#16132,#3788);
#2607=LINE('',#16134,#3789);
#2608=LINE('',#16138,#3790);
#2609=LINE('',#16142,#3791);
#2610=LINE('',#16143,#3792);
#2611=LINE('',#16146,#3793);
#2612=LINE('',#16150,#3794);
#2613=LINE('',#16151,#3795);
#2614=LINE('',#16154,#3796);
#2615=LINE('',#16155,#3797);
#2616=LINE('',#16158,#3798);
#2617=LINE('',#16159,#3799);
#2618=LINE('',#16162,#3800);
#2619=LINE('',#16166,#3801);
#2620=LINE('',#16167,#3802);
#2621=LINE('',#16170,#3803);
#2622=LINE('',#16174,#3804);
#2623=LINE('',#16178,#3805);
#2624=LINE('',#16182,#3806);
#2625=LINE('',#16183,#3807);
#2626=LINE('',#16184,#3808);
#2627=LINE('',#16186,#3809);
#2628=LINE('',#16187,#3810);
#2629=LINE('',#16190,#3811);
#2630=LINE('',#16192,#3812);
#2631=LINE('',#16194,#3813);
#2632=LINE('',#16197,#3814);
#2633=LINE('',#16199,#3815);
#2634=LINE('',#16204,#3816);
#2635=LINE('',#16208,#3817);
#2636=LINE('',#16212,#3818);
#2637=LINE('',#16214,#3819);
#2638=LINE('',#16216,#3820);
#2639=LINE('',#16220,#3821);
#2640=LINE('',#16225,#3822);
#2641=LINE('',#16227,#3823);
#2642=LINE('',#16229,#3824);
#2643=LINE('',#16230,#3825);
#2644=LINE('',#16234,#3826);
#2645=LINE('',#16238,#3827);
#2646=LINE('',#16242,#3828);
#2647=LINE('',#16244,#3829);
#2648=LINE('',#16246,#3830);
#2649=LINE('',#16250,#3831);
#2650=LINE('',#16253,#3832);
#2651=LINE('',#16254,#3833);
#2652=LINE('',#16256,#3834);
#2653=LINE('',#16258,#3835);
#2654=LINE('',#16260,#3836);
#2655=LINE('',#16262,#3837);
#2656=LINE('',#16264,#3838);
#2657=LINE('',#16267,#3839);
#2658=LINE('',#16271,#3840);
#2659=LINE('',#16274,#3841);
#2660=LINE('',#16277,#3842);
#2661=LINE('',#16278,#3843);
#2662=LINE('',#16280,#3844);
#2663=LINE('',#16282,#3845);
#2664=LINE('',#16284,#3846);
#2665=LINE('',#16285,#3847);
#2666=LINE('',#16288,#3848);
#2667=LINE('',#16289,#3849);
#2668=LINE('',#16292,#3850);
#2669=LINE('',#16294,#3851);
#2670=LINE('',#16296,#3852);
#2671=LINE('',#16298,#3853);
#2672=LINE('',#16300,#3854);
#2673=LINE('',#16301,#3855);
#2674=LINE('',#16305,#3856);
#2675=LINE('',#16306,#3857);
#2676=LINE('',#16308,#3858);
#2677=LINE('',#16312,#3859);
#2678=LINE('',#16314,#3860);
#2679=LINE('',#16316,#3861);
#2680=LINE('',#16319,#3862);
#2681=LINE('',#16321,#3863);
#2682=LINE('',#16326,#3864);
#2683=LINE('',#16328,#3865);
#2684=LINE('',#16330,#3866);
#2685=LINE('',#16331,#3867);
#2686=LINE('',#16335,#3868);
#2687=LINE('',#16339,#3869);
#2688=LINE('',#16343,#3870);
#2689=LINE('',#16345,#3871);
#2690=LINE('',#16347,#3872);
#2691=LINE('',#16351,#3873);
#2692=LINE('',#16356,#3874);
#2693=LINE('',#16358,#3875);
#2694=LINE('',#16360,#3876);
#2695=LINE('',#16361,#3877);
#2696=LINE('',#16364,#3878);
#2697=LINE('',#16366,#3879);
#2698=LINE('',#16368,#3880);
#2699=LINE('',#16370,#3881);
#2700=LINE('',#16371,#3882);
#2701=LINE('',#16372,#3883);
#2702=LINE('',#16376,#3884);
#2703=LINE('',#16378,#3885);
#2704=LINE('',#16382,#3886);
#2705=LINE('',#16386,#3887);
#2706=LINE('',#16387,#3888);
#2707=LINE('',#16390,#3889);
#2708=LINE('',#16394,#3890);
#2709=LINE('',#16395,#3891);
#2710=LINE('',#16398,#3892);
#2711=LINE('',#16399,#3893);
#2712=LINE('',#16402,#3894);
#2713=LINE('',#16403,#3895);
#2714=LINE('',#16406,#3896);
#2715=LINE('',#16410,#3897);
#2716=LINE('',#16411,#3898);
#2717=LINE('',#16414,#3899);
#2718=LINE('',#16418,#3900);
#2719=LINE('',#16422,#3901);
#2720=LINE('',#16426,#3902);
#2721=LINE('',#16427,#3903);
#2722=LINE('',#16428,#3904);
#2723=LINE('',#16430,#3905);
#2724=LINE('',#16431,#3906);
#2725=LINE('',#16434,#3907);
#2726=LINE('',#16436,#3908);
#2727=LINE('',#16438,#3909);
#2728=LINE('',#16441,#3910);
#2729=LINE('',#16443,#3911);
#2730=LINE('',#16448,#3912);
#2731=LINE('',#16452,#3913);
#2732=LINE('',#16456,#3914);
#2733=LINE('',#16458,#3915);
#2734=LINE('',#16460,#3916);
#2735=LINE('',#16464,#3917);
#2736=LINE('',#16469,#3918);
#2737=LINE('',#16471,#3919);
#2738=LINE('',#16473,#3920);
#2739=LINE('',#16474,#3921);
#2740=LINE('',#16478,#3922);
#2741=LINE('',#16482,#3923);
#2742=LINE('',#16486,#3924);
#2743=LINE('',#16488,#3925);
#2744=LINE('',#16490,#3926);
#2745=LINE('',#16494,#3927);
#2746=LINE('',#16497,#3928);
#2747=LINE('',#16498,#3929);
#2748=LINE('',#16500,#3930);
#2749=LINE('',#16502,#3931);
#2750=LINE('',#16504,#3932);
#2751=LINE('',#16506,#3933);
#2752=LINE('',#16508,#3934);
#2753=LINE('',#16511,#3935);
#2754=LINE('',#16515,#3936);
#2755=LINE('',#16518,#3937);
#2756=LINE('',#16521,#3938);
#2757=LINE('',#16522,#3939);
#2758=LINE('',#16524,#3940);
#2759=LINE('',#16526,#3941);
#2760=LINE('',#16528,#3942);
#2761=LINE('',#16529,#3943);
#2762=LINE('',#16532,#3944);
#2763=LINE('',#16533,#3945);
#2764=LINE('',#16536,#3946);
#2765=LINE('',#16538,#3947);
#2766=LINE('',#16540,#3948);
#2767=LINE('',#16542,#3949);
#2768=LINE('',#16544,#3950);
#2769=LINE('',#16545,#3951);
#2770=LINE('',#16549,#3952);
#2771=LINE('',#16550,#3953);
#2772=LINE('',#16552,#3954);
#2773=LINE('',#16556,#3955);
#2774=LINE('',#16558,#3956);
#2775=LINE('',#16560,#3957);
#2776=LINE('',#16563,#3958);
#2777=LINE('',#16565,#3959);
#2778=LINE('',#16570,#3960);
#2779=LINE('',#16572,#3961);
#2780=LINE('',#16574,#3962);
#2781=LINE('',#16575,#3963);
#2782=LINE('',#16579,#3964);
#2783=LINE('',#16583,#3965);
#2784=LINE('',#16587,#3966);
#2785=LINE('',#16589,#3967);
#2786=LINE('',#16591,#3968);
#2787=LINE('',#16595,#3969);
#2788=LINE('',#16600,#3970);
#2789=LINE('',#16602,#3971);
#2790=LINE('',#16604,#3972);
#2791=LINE('',#16605,#3973);
#2792=LINE('',#16608,#3974);
#2793=LINE('',#16610,#3975);
#2794=LINE('',#16612,#3976);
#2795=LINE('',#16614,#3977);
#2796=LINE('',#16615,#3978);
#2797=LINE('',#16616,#3979);
#2798=LINE('',#16620,#3980);
#2799=LINE('',#16622,#3981);
#2800=LINE('',#16626,#3982);
#2801=LINE('',#16630,#3983);
#2802=LINE('',#16631,#3984);
#2803=LINE('',#16634,#3985);
#2804=LINE('',#16638,#3986);
#2805=LINE('',#16639,#3987);
#2806=LINE('',#16642,#3988);
#2807=LINE('',#16643,#3989);
#2808=LINE('',#16646,#3990);
#2809=LINE('',#16647,#3991);
#2810=LINE('',#16650,#3992);
#2811=LINE('',#16654,#3993);
#2812=LINE('',#16655,#3994);
#2813=LINE('',#16658,#3995);
#2814=LINE('',#16662,#3996);
#2815=LINE('',#16666,#3997);
#2816=LINE('',#16670,#3998);
#2817=LINE('',#16671,#3999);
#2818=LINE('',#16672,#4000);
#2819=LINE('',#16674,#4001);
#2820=LINE('',#16675,#4002);
#2821=LINE('',#16678,#4003);
#2822=LINE('',#16680,#4004);
#2823=LINE('',#16682,#4005);
#2824=LINE('',#16685,#4006);
#2825=LINE('',#16687,#4007);
#2826=LINE('',#16692,#4008);
#2827=LINE('',#16696,#4009);
#2828=LINE('',#16700,#4010);
#2829=LINE('',#16702,#4011);
#2830=LINE('',#16704,#4012);
#2831=LINE('',#16708,#4013);
#2832=LINE('',#16713,#4014);
#2833=LINE('',#16715,#4015);
#2834=LINE('',#16717,#4016);
#2835=LINE('',#16718,#4017);
#2836=LINE('',#16722,#4018);
#2837=LINE('',#16726,#4019);
#2838=LINE('',#16730,#4020);
#2839=LINE('',#16732,#4021);
#2840=LINE('',#16734,#4022);
#2841=LINE('',#16738,#4023);
#2842=LINE('',#16741,#4024);
#2843=LINE('',#16742,#4025);
#2844=LINE('',#16744,#4026);
#2845=LINE('',#16746,#4027);
#2846=LINE('',#16748,#4028);
#2847=LINE('',#16750,#4029);
#2848=LINE('',#16752,#4030);
#2849=LINE('',#16755,#4031);
#2850=LINE('',#16759,#4032);
#2851=LINE('',#16762,#4033);
#2852=LINE('',#16765,#4034);
#2853=LINE('',#16766,#4035);
#2854=LINE('',#16768,#4036);
#2855=LINE('',#16770,#4037);
#2856=LINE('',#16772,#4038);
#2857=LINE('',#16773,#4039);
#2858=LINE('',#16776,#4040);
#2859=LINE('',#16777,#4041);
#2860=LINE('',#16780,#4042);
#2861=LINE('',#16782,#4043);
#2862=LINE('',#16784,#4044);
#2863=LINE('',#16786,#4045);
#2864=LINE('',#16788,#4046);
#2865=LINE('',#16789,#4047);
#2866=LINE('',#16793,#4048);
#2867=LINE('',#16794,#4049);
#2868=LINE('',#16796,#4050);
#2869=LINE('',#16800,#4051);
#2870=LINE('',#16802,#4052);
#2871=LINE('',#16804,#4053);
#2872=LINE('',#16807,#4054);
#2873=LINE('',#16809,#4055);
#2874=VECTOR('',#10876,0.4);
#2875=VECTOR('',#10885,1000.);
#2876=VECTOR('',#10886,1000.);
#2877=VECTOR('',#10887,1000.);
#2878=VECTOR('',#10888,1000.);
#2879=VECTOR('',#10891,1000.);
#2880=VECTOR('',#10892,1000.);
#2881=VECTOR('',#10893,1000.);
#2882=VECTOR('',#10896,1000.);
#2883=VECTOR('',#10897,1000.);
#2884=VECTOR('',#10898,1000.);
#2885=VECTOR('',#10901,1000.);
#2886=VECTOR('',#10902,1000.);
#2887=VECTOR('',#10903,1000.);
#2888=VECTOR('',#10906,1000.);
#2889=VECTOR('',#10907,1000.);
#2890=VECTOR('',#10908,1000.);
#2891=VECTOR('',#10911,1000.);
#2892=VECTOR('',#10912,1000.);
#2893=VECTOR('',#10913,1000.);
#2894=VECTOR('',#10916,1000.);
#2895=VECTOR('',#10917,1000.);
#2896=VECTOR('',#10918,1000.);
#2897=VECTOR('',#10921,1000.);
#2898=VECTOR('',#10922,1000.);
#2899=VECTOR('',#10923,1000.);
#2900=VECTOR('',#10926,1000.);
#2901=VECTOR('',#10927,1000.);
#2902=VECTOR('',#10928,1000.);
#2903=VECTOR('',#10931,1000.);
#2904=VECTOR('',#10932,1000.);
#2905=VECTOR('',#10933,1000.);
#2906=VECTOR('',#10936,1000.);
#2907=VECTOR('',#10937,1000.);
#2908=VECTOR('',#10938,1000.);
#2909=VECTOR('',#10941,1000.);
#2910=VECTOR('',#10942,1000.);
#2911=VECTOR('',#10943,1000.);
#2912=VECTOR('',#10946,1000.);
#2913=VECTOR('',#10947,1000.);
#2914=VECTOR('',#10948,1000.);
#2915=VECTOR('',#10951,1000.);
#2916=VECTOR('',#10952,1000.);
#2917=VECTOR('',#10953,1000.);
#2918=VECTOR('',#10956,1000.);
#2919=VECTOR('',#10957,1000.);
#2920=VECTOR('',#10958,1000.);
#2921=VECTOR('',#10961,1000.);
#2922=VECTOR('',#10962,1000.);
#2923=VECTOR('',#10963,1000.);
#2924=VECTOR('',#10966,1000.);
#2925=VECTOR('',#10967,1000.);
#2926=VECTOR('',#10968,1000.);
#2927=VECTOR('',#10971,1000.);
#2928=VECTOR('',#10972,1000.);
#2929=VECTOR('',#10973,1000.);
#2930=VECTOR('',#10976,1000.);
#2931=VECTOR('',#10977,1000.);
#2932=VECTOR('',#10978,1000.);
#2933=VECTOR('',#10981,1000.);
#2934=VECTOR('',#10982,1000.);
#2935=VECTOR('',#10983,1000.);
#2936=VECTOR('',#10986,1000.);
#2937=VECTOR('',#10987,1000.);
#2938=VECTOR('',#10988,1000.);
#2939=VECTOR('',#10991,1000.);
#2940=VECTOR('',#10992,1000.);
#2941=VECTOR('',#10993,1000.);
#2942=VECTOR('',#10996,1000.);
#2943=VECTOR('',#10997,1000.);
#2944=VECTOR('',#10998,1000.);
#2945=VECTOR('',#11001,1000.);
#2946=VECTOR('',#11002,1000.);
#2947=VECTOR('',#11003,1000.);
#2948=VECTOR('',#11006,1000.);
#2949=VECTOR('',#11007,1000.);
#2950=VECTOR('',#11008,1000.);
#2951=VECTOR('',#11011,1000.);
#2952=VECTOR('',#11012,1000.);
#2953=VECTOR('',#11013,1000.);
#2954=VECTOR('',#11016,1000.);
#2955=VECTOR('',#11017,1000.);
#2956=VECTOR('',#11018,1000.);
#2957=VECTOR('',#11021,1000.);
#2958=VECTOR('',#11022,1000.);
#2959=VECTOR('',#11037,1.5);
#2960=VECTOR('',#11044,0.400000000000001);
#2961=VECTOR('',#11049,1000.);
#2962=VECTOR('',#11050,1000.);
#2963=VECTOR('',#11051,1000.);
#2964=VECTOR('',#11052,1000.);
#2965=VECTOR('',#11053,1000.);
#2966=VECTOR('',#11054,1000.);
#2967=VECTOR('',#11055,1000.);
#2968=VECTOR('',#11056,1000.);
#2969=VECTOR('',#11057,1000.);
#2970=VECTOR('',#11058,1000.);
#2971=VECTOR('',#11059,1000.);
#2972=VECTOR('',#11060,1000.);
#2973=VECTOR('',#11061,1000.);
#2974=VECTOR('',#11062,1000.);
#2975=VECTOR('',#11063,1000.);
#2976=VECTOR('',#11064,1000.);
#2977=VECTOR('',#11065,1000.);
#2978=VECTOR('',#11066,1000.);
#2979=VECTOR('',#11067,1000.);
#2980=VECTOR('',#11068,1000.);
#2981=VECTOR('',#11071,1000.);
#2982=VECTOR('',#11072,1000.);
#2983=VECTOR('',#11073,1000.);
#2984=VECTOR('',#11076,1000.);
#2985=VECTOR('',#11077,1000.);
#2986=VECTOR('',#11078,1000.);
#2987=VECTOR('',#11079,1000.);
#2988=VECTOR('',#11082,1000.);
#2989=VECTOR('',#11083,1000.);
#2990=VECTOR('',#11084,1000.);
#2991=VECTOR('',#11085,1000.);
#2992=VECTOR('',#11088,1000.);
#2993=VECTOR('',#11089,1000.);
#2994=VECTOR('',#11090,1000.);
#2995=VECTOR('',#11093,1000.);
#2996=VECTOR('',#11094,1000.);
#2997=VECTOR('',#11095,1000.);
#2998=VECTOR('',#11098,1000.);
#2999=VECTOR('',#11099,1000.);
#3000=VECTOR('',#11100,1000.);
#3001=VECTOR('',#11101,1000.);
#3002=VECTOR('',#11104,1000.);
#3003=VECTOR('',#11105,1000.);
#3004=VECTOR('',#11106,1000.);
#3005=VECTOR('',#11109,1000.);
#3006=VECTOR('',#11110,1000.);
#3007=VECTOR('',#11111,1000.);
#3008=VECTOR('',#11112,1000.);
#3009=VECTOR('',#11113,1000.);
#3010=VECTOR('',#11114,1000.);
#3011=VECTOR('',#11115,1000.);
#3012=VECTOR('',#11116,1000.);
#3013=VECTOR('',#11117,1000.);
#3014=VECTOR('',#11118,1000.);
#3015=VECTOR('',#11119,1000.);
#3016=VECTOR('',#11120,1000.);
#3017=VECTOR('',#11121,1000.);
#3018=VECTOR('',#11122,1000.);
#3019=VECTOR('',#11123,1000.);
#3020=VECTOR('',#11124,1000.);
#3021=VECTOR('',#11125,1000.);
#3022=VECTOR('',#11126,1000.);
#3023=VECTOR('',#11129,1000.);
#3024=VECTOR('',#11130,1000.);
#3025=VECTOR('',#11133,1000.);
#3026=VECTOR('',#11134,1000.);
#3027=VECTOR('',#11137,1000.);
#3028=VECTOR('',#11138,1000.);
#3029=VECTOR('',#11139,1000.);
#3030=VECTOR('',#11142,1000.);
#3031=VECTOR('',#11143,1000.);
#3032=VECTOR('',#11146,1000.);
#3033=VECTOR('',#11151,1000.);
#3034=VECTOR('',#11154,1000.);
#3035=VECTOR('',#11157,1000.);
#3036=VECTOR('',#11158,1000.);
#3037=VECTOR('',#11163,1000.);
#3038=VECTOR('',#11164,1000.);
#3039=VECTOR('',#11167,1000.);
#3040=VECTOR('',#11168,1000.);
#3041=VECTOR('',#11171,1000.);
#3042=VECTOR('',#11174,1000.);
#3043=VECTOR('',#11175,1000.);
#3044=VECTOR('',#11178,1000.);
#3045=VECTOR('',#11179,1000.);
#3046=VECTOR('',#11182,1000.);
#3047=VECTOR('',#11185,1000.);
#3048=VECTOR('',#11188,1000.);
#3049=VECTOR('',#11193,1000.);
#3050=VECTOR('',#11196,1000.);
#3051=VECTOR('',#11201,1000.);
#3052=VECTOR('',#11202,1000.);
#3053=VECTOR('',#11205,1000.);
#3054=VECTOR('',#11206,1000.);
#3055=VECTOR('',#11209,1000.);
#3056=VECTOR('',#11212,1000.);
#3057=VECTOR('',#11213,1000.);
#3058=VECTOR('',#11216,1000.);
#3059=VECTOR('',#11217,1000.);
#3060=VECTOR('',#11220,1000.);
#3061=VECTOR('',#11223,1000.);
#3062=VECTOR('',#11226,1000.);
#3063=VECTOR('',#11231,1000.);
#3064=VECTOR('',#11234,1000.);
#3065=VECTOR('',#11241,1000.);
#3066=VECTOR('',#11242,1000.);
#3067=VECTOR('',#11243,1000.);
#3068=VECTOR('',#11244,1000.);
#3069=VECTOR('',#11247,1000.);
#3070=VECTOR('',#11248,1000.);
#3071=VECTOR('',#11249,1000.);
#3072=VECTOR('',#11250,1000.);
#3073=VECTOR('',#11251,1000.);
#3074=VECTOR('',#11252,1000.);
#3075=VECTOR('',#11255,1000.);
#3076=VECTOR('',#11256,1000.);
#3077=VECTOR('',#11259,1000.);
#3078=VECTOR('',#11260,1000.);
#3079=VECTOR('',#11263,1000.);
#3080=VECTOR('',#11264,1000.);
#3081=VECTOR('',#11269,1000.);
#3082=VECTOR('',#11270,1000.);
#3083=VECTOR('',#11271,1000.);
#3084=VECTOR('',#11272,1000.);
#3085=VECTOR('',#11273,1000.);
#3086=VECTOR('',#11274,1000.);
#3087=VECTOR('',#11275,1000.);
#3088=VECTOR('',#11276,1000.);
#3089=VECTOR('',#11277,1000.);
#3090=VECTOR('',#11280,1000.);
#3091=VECTOR('',#11281,1000.);
#3092=VECTOR('',#11282,1000.);
#3093=VECTOR('',#11283,1000.);
#3094=VECTOR('',#11284,1000.);
#3095=VECTOR('',#11285,1000.);
#3096=VECTOR('',#11286,1000.);
#3097=VECTOR('',#11287,1000.);
#3098=VECTOR('',#11288,1000.);
#3099=VECTOR('',#11289,1000.);
#3100=VECTOR('',#11290,1000.);
#3101=VECTOR('',#11293,1000.);
#3102=VECTOR('',#11296,1000.);
#3103=VECTOR('',#11299,1000.);
#3104=VECTOR('',#11300,1000.);
#3105=VECTOR('',#11303,1000.);
#3106=VECTOR('',#11304,1000.);
#3107=VECTOR('',#11307,1000.);
#3108=VECTOR('',#11310,1000.);
#3109=VECTOR('',#11311,1000.);
#3110=VECTOR('',#11314,1000.);
#3111=VECTOR('',#11317,1000.);
#3112=VECTOR('',#11320,1000.);
#3113=VECTOR('',#11321,1000.);
#3114=VECTOR('',#11324,1000.);
#3115=VECTOR('',#11325,1000.);
#3116=VECTOR('',#11326,1000.);
#3117=VECTOR('',#11329,1000.);
#3118=VECTOR('',#11330,1000.);
#3119=VECTOR('',#11331,1000.);
#3120=VECTOR('',#11334,1000.);
#3121=VECTOR('',#11335,1000.);
#3122=VECTOR('',#11336,1000.);
#3123=VECTOR('',#11339,1000.);
#3124=VECTOR('',#11340,1000.);
#3125=VECTOR('',#11341,1000.);
#3126=VECTOR('',#11344,1000.);
#3127=VECTOR('',#11345,1000.);
#3128=VECTOR('',#11346,1000.);
#3129=VECTOR('',#11349,1000.);
#3130=VECTOR('',#11350,1000.);
#3131=VECTOR('',#11351,1000.);
#3132=VECTOR('',#11354,1000.);
#3133=VECTOR('',#11355,1000.);
#3134=VECTOR('',#11356,1000.);
#3135=VECTOR('',#11359,1000.);
#3136=VECTOR('',#11360,1000.);
#3137=VECTOR('',#11361,1000.);
#3138=VECTOR('',#11364,1000.);
#3139=VECTOR('',#11365,1000.);
#3140=VECTOR('',#11366,1000.);
#3141=VECTOR('',#11369,1000.);
#3142=VECTOR('',#11370,1000.);
#3143=VECTOR('',#11371,1000.);
#3144=VECTOR('',#11374,1000.);
#3145=VECTOR('',#11375,1000.);
#3146=VECTOR('',#11376,1000.);
#3147=VECTOR('',#11377,1000.);
#3148=VECTOR('',#11380,1000.);
#3149=VECTOR('',#11381,1000.);
#3150=VECTOR('',#11386,1000.);
#3151=VECTOR('',#11387,1000.);
#3152=VECTOR('',#11390,1000.);
#3153=VECTOR('',#11391,1000.);
#3154=VECTOR('',#11392,1000.);
#3155=VECTOR('',#11395,1000.);
#3156=VECTOR('',#11396,1000.);
#3157=VECTOR('',#11397,1000.);
#3158=VECTOR('',#11400,1000.);
#3159=VECTOR('',#11401,1000.);
#3160=VECTOR('',#11402,1000.);
#3161=VECTOR('',#11405,1000.);
#3162=VECTOR('',#11406,1000.);
#3163=VECTOR('',#11407,1000.);
#3164=VECTOR('',#11410,1000.);
#3165=VECTOR('',#11411,1000.);
#3166=VECTOR('',#11412,1000.);
#3167=VECTOR('',#11413,1000.);
#3168=VECTOR('',#11416,1000.);
#3169=VECTOR('',#11417,1000.);
#3170=VECTOR('',#11418,1000.);
#3171=VECTOR('',#11421,1000.);
#3172=VECTOR('',#11422,1000.);
#3173=VECTOR('',#11423,1000.);
#3174=VECTOR('',#11426,1000.);
#3175=VECTOR('',#11427,1000.);
#3176=VECTOR('',#11432,1000.);
#3177=VECTOR('',#11433,1000.);
#3178=VECTOR('',#11436,1000.);
#3179=VECTOR('',#11437,1000.);
#3180=VECTOR('',#11438,1000.);
#3181=VECTOR('',#11441,1000.);
#3182=VECTOR('',#11442,1000.);
#3183=VECTOR('',#11443,1000.);
#3184=VECTOR('',#11446,1000.);
#3185=VECTOR('',#11447,1000.);
#3186=VECTOR('',#11448,1000.);
#3187=VECTOR('',#11451,1000.);
#3188=VECTOR('',#11452,1000.);
#3189=VECTOR('',#11453,1000.);
#3190=VECTOR('',#11456,1000.);
#3191=VECTOR('',#11457,1000.);
#3192=VECTOR('',#11458,1000.);
#3193=VECTOR('',#11459,1000.);
#3194=VECTOR('',#11462,1000.);
#3195=VECTOR('',#11463,1000.);
#3196=VECTOR('',#11464,1000.);
#3197=VECTOR('',#11467,1000.);
#3198=VECTOR('',#11468,1000.);
#3199=VECTOR('',#11469,1000.);
#3200=VECTOR('',#11472,1000.);
#3201=VECTOR('',#11473,1000.);
#3202=VECTOR('',#11478,1000.);
#3203=VECTOR('',#11479,1000.);
#3204=VECTOR('',#11482,1000.);
#3205=VECTOR('',#11483,1000.);
#3206=VECTOR('',#11484,1000.);
#3207=VECTOR('',#11487,1000.);
#3208=VECTOR('',#11488,1000.);
#3209=VECTOR('',#11489,1000.);
#3210=VECTOR('',#11492,1000.);
#3211=VECTOR('',#11493,1000.);
#3212=VECTOR('',#11494,1000.);
#3213=VECTOR('',#11497,1000.);
#3214=VECTOR('',#11498,1000.);
#3215=VECTOR('',#11499,1000.);
#3216=VECTOR('',#11502,1000.);
#3217=VECTOR('',#11503,1000.);
#3218=VECTOR('',#11504,1000.);
#3219=VECTOR('',#11505,1000.);
#3220=VECTOR('',#11508,1000.);
#3221=VECTOR('',#11509,1000.);
#3222=VECTOR('',#11510,1000.);
#3223=VECTOR('',#11513,1000.);
#3224=VECTOR('',#11514,1000.);
#3225=VECTOR('',#11515,1000.);
#3226=VECTOR('',#11518,1000.);
#3227=VECTOR('',#11519,1000.);
#3228=VECTOR('',#11524,1000.);
#3229=VECTOR('',#11525,1000.);
#3230=VECTOR('',#11528,1000.);
#3231=VECTOR('',#11529,1000.);
#3232=VECTOR('',#11530,1000.);
#3233=VECTOR('',#11531,1000.);
#3234=VECTOR('',#11534,1000.);
#3235=VECTOR('',#11535,1000.);
#3236=VECTOR('',#11536,1000.);
#3237=VECTOR('',#11541,1000.);
#3238=VECTOR('',#11546,1000.);
#3239=VECTOR('',#11547,1000.);
#3240=VECTOR('',#11548,1000.);
#3241=VECTOR('',#11551,1000.);
#3242=VECTOR('',#11552,1000.);
#3243=VECTOR('',#11553,1000.);
#3244=VECTOR('',#11556,1000.);
#3245=VECTOR('',#11557,1000.);
#3246=VECTOR('',#11558,1000.);
#3247=VECTOR('',#11563,1000.);
#3248=VECTOR('',#11568,1000.);
#3249=VECTOR('',#11569,1000.);
#3250=VECTOR('',#11578,0.0863013685111032);
#3251=VECTOR('',#11589,0.177555801150745);
#3252=VECTOR('',#11598,1000.);
#3253=VECTOR('',#11599,1000.);
#3254=VECTOR('',#11600,1000.);
#3255=VECTOR('',#11601,1000.);
#3256=VECTOR('',#11604,1000.);
#3257=VECTOR('',#11605,1000.);
#3258=VECTOR('',#11606,1000.);
#3259=VECTOR('',#11609,1000.);
#3260=VECTOR('',#11610,1000.);
#3261=VECTOR('',#11611,1000.);
#3262=VECTOR('',#11614,1000.);
#3263=VECTOR('',#11615,1000.);
#3264=VECTOR('',#11622,1000.);
#3265=VECTOR('',#11623,1000.);
#3266=VECTOR('',#11624,1000.);
#3267=VECTOR('',#11625,1000.);
#3268=VECTOR('',#11628,1000.);
#3269=VECTOR('',#11629,1000.);
#3270=VECTOR('',#11630,1000.);
#3271=VECTOR('',#11633,1000.);
#3272=VECTOR('',#11634,1000.);
#3273=VECTOR('',#11635,1000.);
#3274=VECTOR('',#11638,1000.);
#3275=VECTOR('',#11639,1000.);
#3276=VECTOR('',#11646,1000.);
#3277=VECTOR('',#11647,1000.);
#3278=VECTOR('',#11648,1000.);
#3279=VECTOR('',#11649,1000.);
#3280=VECTOR('',#11652,1000.);
#3281=VECTOR('',#11653,1000.);
#3282=VECTOR('',#11654,1000.);
#3283=VECTOR('',#11657,1000.);
#3284=VECTOR('',#11658,1000.);
#3285=VECTOR('',#11659,1000.);
#3286=VECTOR('',#11662,1000.);
#3287=VECTOR('',#11663,1000.);
#3288=VECTOR('',#11670,1000.);
#3289=VECTOR('',#11671,1000.);
#3290=VECTOR('',#11672,1000.);
#3291=VECTOR('',#11673,1000.);
#3292=VECTOR('',#11676,1000.);
#3293=VECTOR('',#11679,1000.);
#3294=VECTOR('',#11682,1000.);
#3295=VECTOR('',#11683,1000.);
#3296=VECTOR('',#11684,1000.);
#3297=VECTOR('',#11687,1000.);
#3298=VECTOR('',#11692,1000.);
#3299=VECTOR('',#11693,1000.);
#3300=VECTOR('',#11694,1000.);
#3301=VECTOR('',#11695,1000.);
#3302=VECTOR('',#11698,1000.);
#3303=VECTOR('',#11699,1000.);
#3304=VECTOR('',#11700,1000.);
#3305=VECTOR('',#11701,1000.);
#3306=VECTOR('',#11702,1000.);
#3307=VECTOR('',#11703,1000.);
#3308=VECTOR('',#11708,1000.);
#3309=VECTOR('',#11709,1000.);
#3310=VECTOR('',#11712,1000.);
#3311=VECTOR('',#11717,1000.);
#3312=VECTOR('',#11718,1000.);
#3313=VECTOR('',#11721,1000.);
#3314=VECTOR('',#11726,1000.);
#3315=VECTOR('',#11727,1000.);
#3316=VECTOR('',#11730,1000.);
#3317=VECTOR('',#11731,1000.);
#3318=VECTOR('',#11734,1000.);
#3319=VECTOR('',#11735,1000.);
#3320=VECTOR('',#11738,1000.);
#3321=VECTOR('',#11743,1000.);
#3322=VECTOR('',#11744,1000.);
#3323=VECTOR('',#11747,1000.);
#3324=VECTOR('',#11750,1000.);
#3325=VECTOR('',#11753,1000.);
#3326=VECTOR('',#11758,1000.);
#3327=VECTOR('',#11759,1000.);
#3328=VECTOR('',#11760,1000.);
#3329=VECTOR('',#11761,1000.);
#3330=VECTOR('',#11762,1000.);
#3331=VECTOR('',#11767,1000.);
#3332=VECTOR('',#11770,1000.);
#3333=VECTOR('',#11773,1000.);
#3334=VECTOR('',#11778,1000.);
#3335=VECTOR('',#11781,1000.);
#3336=VECTOR('',#11786,1000.);
#3337=VECTOR('',#11789,1000.);
#3338=VECTOR('',#11792,1000.);
#3339=VECTOR('',#11793,1000.);
#3340=VECTOR('',#11794,1000.);
#3341=VECTOR('',#11797,1000.);
#3342=VECTOR('',#11802,1000.);
#3343=VECTOR('',#11803,1000.);
#3344=VECTOR('',#11804,1000.);
#3345=VECTOR('',#11805,1000.);
#3346=VECTOR('',#11808,1000.);
#3347=VECTOR('',#11811,1000.);
#3348=VECTOR('',#11814,1000.);
#3349=VECTOR('',#11815,1000.);
#3350=VECTOR('',#11816,1000.);
#3351=VECTOR('',#11819,1000.);
#3352=VECTOR('',#11824,1000.);
#3353=VECTOR('',#11825,1000.);
#3354=VECTOR('',#11828,1000.);
#3355=VECTOR('',#11831,1000.);
#3356=VECTOR('',#11834,1000.);
#3357=VECTOR('',#11837,1000.);
#3358=VECTOR('',#11840,1000.);
#3359=VECTOR('',#11843,1000.);
#3360=VECTOR('',#11846,1000.);
#3361=VECTOR('',#11849,1000.);
#3362=VECTOR('',#11852,1000.);
#3363=VECTOR('',#11853,1000.);
#3364=VECTOR('',#11854,1000.);
#3365=VECTOR('',#11855,1000.);
#3366=VECTOR('',#11856,1000.);
#3367=VECTOR('',#11857,1000.);
#3368=VECTOR('',#11860,1000.);
#3369=VECTOR('',#11861,1000.);
#3370=VECTOR('',#11864,1000.);
#3371=VECTOR('',#11865,1000.);
#3372=VECTOR('',#11866,1000.);
#3373=VECTOR('',#11867,1000.);
#3374=VECTOR('',#11868,1000.);
#3375=VECTOR('',#11869,1000.);
#3376=VECTOR('',#11874,1000.);
#3377=VECTOR('',#11875,1000.);
#3378=VECTOR('',#11876,1000.);
#3379=VECTOR('',#11883,1000.);
#3380=VECTOR('',#11886,1000.);
#3381=VECTOR('',#11889,1000.);
#3382=VECTOR('',#11894,1000.);
#3383=VECTOR('',#11897,1000.);
#3384=VECTOR('',#11902,1000.);
#3385=VECTOR('',#11903,1000.);
#3386=VECTOR('',#11904,1000.);
#3387=VECTOR('',#11905,1000.);
#3388=VECTOR('',#11908,1000.);
#3389=VECTOR('',#11911,1000.);
#3390=VECTOR('',#11914,1000.);
#3391=VECTOR('',#11915,1000.);
#3392=VECTOR('',#11916,1000.);
#3393=VECTOR('',#11919,1000.);
#3394=VECTOR('',#11924,1000.);
#3395=VECTOR('',#11925,1000.);
#3396=VECTOR('',#11926,1000.);
#3397=VECTOR('',#11927,1000.);
#3398=VECTOR('',#11930,1000.);
#3399=VECTOR('',#11931,1000.);
#3400=VECTOR('',#11932,1000.);
#3401=VECTOR('',#11933,1000.);
#3402=VECTOR('',#11934,1000.);
#3403=VECTOR('',#11935,1000.);
#3404=VECTOR('',#11940,1000.);
#3405=VECTOR('',#11941,1000.);
#3406=VECTOR('',#11944,1000.);
#3407=VECTOR('',#11949,1000.);
#3408=VECTOR('',#11950,1000.);
#3409=VECTOR('',#11953,1000.);
#3410=VECTOR('',#11958,1000.);
#3411=VECTOR('',#11959,1000.);
#3412=VECTOR('',#11962,1000.);
#3413=VECTOR('',#11963,1000.);
#3414=VECTOR('',#11966,1000.);
#3415=VECTOR('',#11967,1000.);
#3416=VECTOR('',#11970,1000.);
#3417=VECTOR('',#11975,1000.);
#3418=VECTOR('',#11976,1000.);
#3419=VECTOR('',#11979,1000.);
#3420=VECTOR('',#11982,1000.);
#3421=VECTOR('',#11985,1000.);
#3422=VECTOR('',#11990,1000.);
#3423=VECTOR('',#11991,1000.);
#3424=VECTOR('',#11992,1000.);
#3425=VECTOR('',#11993,1000.);
#3426=VECTOR('',#11994,1000.);
#3427=VECTOR('',#11999,1000.);
#3428=VECTOR('',#12002,1000.);
#3429=VECTOR('',#12005,1000.);
#3430=VECTOR('',#12010,1000.);
#3431=VECTOR('',#12013,1000.);
#3432=VECTOR('',#12018,1000.);
#3433=VECTOR('',#12021,1000.);
#3434=VECTOR('',#12024,1000.);
#3435=VECTOR('',#12025,1000.);
#3436=VECTOR('',#12026,1000.);
#3437=VECTOR('',#12029,1000.);
#3438=VECTOR('',#12034,1000.);
#3439=VECTOR('',#12035,1000.);
#3440=VECTOR('',#12036,1000.);
#3441=VECTOR('',#12037,1000.);
#3442=VECTOR('',#12040,1000.);
#3443=VECTOR('',#12043,1000.);
#3444=VECTOR('',#12046,1000.);
#3445=VECTOR('',#12047,1000.);
#3446=VECTOR('',#12048,1000.);
#3447=VECTOR('',#12051,1000.);
#3448=VECTOR('',#12056,1000.);
#3449=VECTOR('',#12057,1000.);
#3450=VECTOR('',#12060,1000.);
#3451=VECTOR('',#12063,1000.);
#3452=VECTOR('',#12066,1000.);
#3453=VECTOR('',#12069,1000.);
#3454=VECTOR('',#12072,1000.);
#3455=VECTOR('',#12075,1000.);
#3456=VECTOR('',#12078,1000.);
#3457=VECTOR('',#12081,1000.);
#3458=VECTOR('',#12084,1000.);
#3459=VECTOR('',#12085,1000.);
#3460=VECTOR('',#12086,1000.);
#3461=VECTOR('',#12087,1000.);
#3462=VECTOR('',#12088,1000.);
#3463=VECTOR('',#12089,1000.);
#3464=VECTOR('',#12092,1000.);
#3465=VECTOR('',#12093,1000.);
#3466=VECTOR('',#12096,1000.);
#3467=VECTOR('',#12097,1000.);
#3468=VECTOR('',#12098,1000.);
#3469=VECTOR('',#12099,1000.);
#3470=VECTOR('',#12100,1000.);
#3471=VECTOR('',#12101,1000.);
#3472=VECTOR('',#12106,1000.);
#3473=VECTOR('',#12107,1000.);
#3474=VECTOR('',#12108,1000.);
#3475=VECTOR('',#12115,1000.);
#3476=VECTOR('',#12118,1000.);
#3477=VECTOR('',#12121,1000.);
#3478=VECTOR('',#12126,1000.);
#3479=VECTOR('',#12129,1000.);
#3480=VECTOR('',#12134,1000.);
#3481=VECTOR('',#12135,1000.);
#3482=VECTOR('',#12136,1000.);
#3483=VECTOR('',#12137,1000.);
#3484=VECTOR('',#12140,1000.);
#3485=VECTOR('',#12143,1000.);
#3486=VECTOR('',#12146,1000.);
#3487=VECTOR('',#12147,1000.);
#3488=VECTOR('',#12148,1000.);
#3489=VECTOR('',#12151,1000.);
#3490=VECTOR('',#12156,1000.);
#3491=VECTOR('',#12157,1000.);
#3492=VECTOR('',#12158,1000.);
#3493=VECTOR('',#12159,1000.);
#3494=VECTOR('',#12162,1000.);
#3495=VECTOR('',#12163,1000.);
#3496=VECTOR('',#12164,1000.);
#3497=VECTOR('',#12165,1000.);
#3498=VECTOR('',#12166,1000.);
#3499=VECTOR('',#12167,1000.);
#3500=VECTOR('',#12172,1000.);
#3501=VECTOR('',#12173,1000.);
#3502=VECTOR('',#12176,1000.);
#3503=VECTOR('',#12181,1000.);
#3504=VECTOR('',#12182,1000.);
#3505=VECTOR('',#12185,1000.);
#3506=VECTOR('',#12190,1000.);
#3507=VECTOR('',#12191,1000.);
#3508=VECTOR('',#12194,1000.);
#3509=VECTOR('',#12195,1000.);
#3510=VECTOR('',#12198,1000.);
#3511=VECTOR('',#12199,1000.);
#3512=VECTOR('',#12202,1000.);
#3513=VECTOR('',#12207,1000.);
#3514=VECTOR('',#12208,1000.);
#3515=VECTOR('',#12211,1000.);
#3516=VECTOR('',#12214,1000.);
#3517=VECTOR('',#12217,1000.);
#3518=VECTOR('',#12222,1000.);
#3519=VECTOR('',#12223,1000.);
#3520=VECTOR('',#12224,1000.);
#3521=VECTOR('',#12225,1000.);
#3522=VECTOR('',#12226,1000.);
#3523=VECTOR('',#12231,1000.);
#3524=VECTOR('',#12234,1000.);
#3525=VECTOR('',#12237,1000.);
#3526=VECTOR('',#12242,1000.);
#3527=VECTOR('',#12245,1000.);
#3528=VECTOR('',#12250,1000.);
#3529=VECTOR('',#12253,1000.);
#3530=VECTOR('',#12256,1000.);
#3531=VECTOR('',#12257,1000.);
#3532=VECTOR('',#12258,1000.);
#3533=VECTOR('',#12261,1000.);
#3534=VECTOR('',#12266,1000.);
#3535=VECTOR('',#12267,1000.);
#3536=VECTOR('',#12268,1000.);
#3537=VECTOR('',#12269,1000.);
#3538=VECTOR('',#12272,1000.);
#3539=VECTOR('',#12275,1000.);
#3540=VECTOR('',#12278,1000.);
#3541=VECTOR('',#12279,1000.);
#3542=VECTOR('',#12280,1000.);
#3543=VECTOR('',#12283,1000.);
#3544=VECTOR('',#12288,1000.);
#3545=VECTOR('',#12289,1000.);
#3546=VECTOR('',#12292,1000.);
#3547=VECTOR('',#12295,1000.);
#3548=VECTOR('',#12298,1000.);
#3549=VECTOR('',#12301,1000.);
#3550=VECTOR('',#12304,1000.);
#3551=VECTOR('',#12307,1000.);
#3552=VECTOR('',#12310,1000.);
#3553=VECTOR('',#12313,1000.);
#3554=VECTOR('',#12316,1000.);
#3555=VECTOR('',#12317,1000.);
#3556=VECTOR('',#12318,1000.);
#3557=VECTOR('',#12319,1000.);
#3558=VECTOR('',#12320,1000.);
#3559=VECTOR('',#12321,1000.);
#3560=VECTOR('',#12324,1000.);
#3561=VECTOR('',#12325,1000.);
#3562=VECTOR('',#12328,1000.);
#3563=VECTOR('',#12329,1000.);
#3564=VECTOR('',#12330,1000.);
#3565=VECTOR('',#12331,1000.);
#3566=VECTOR('',#12332,1000.);
#3567=VECTOR('',#12333,1000.);
#3568=VECTOR('',#12338,1000.);
#3569=VECTOR('',#12339,1000.);
#3570=VECTOR('',#12340,1000.);
#3571=VECTOR('',#12347,1000.);
#3572=VECTOR('',#12350,1000.);
#3573=VECTOR('',#12353,1000.);
#3574=VECTOR('',#12358,1000.);
#3575=VECTOR('',#12361,1000.);
#3576=VECTOR('',#12366,1000.);
#3577=VECTOR('',#12367,1000.);
#3578=VECTOR('',#12368,1000.);
#3579=VECTOR('',#12369,1000.);
#3580=VECTOR('',#12372,1000.);
#3581=VECTOR('',#12375,1000.);
#3582=VECTOR('',#12378,1000.);
#3583=VECTOR('',#12379,1000.);
#3584=VECTOR('',#12380,1000.);
#3585=VECTOR('',#12383,1000.);
#3586=VECTOR('',#12388,1000.);
#3587=VECTOR('',#12389,1000.);
#3588=VECTOR('',#12390,1000.);
#3589=VECTOR('',#12391,1000.);
#3590=VECTOR('',#12394,1000.);
#3591=VECTOR('',#12395,1000.);
#3592=VECTOR('',#12396,1000.);
#3593=VECTOR('',#12397,1000.);
#3594=VECTOR('',#12398,1000.);
#3595=VECTOR('',#12399,1000.);
#3596=VECTOR('',#12404,1000.);
#3597=VECTOR('',#12405,1000.);
#3598=VECTOR('',#12408,1000.);
#3599=VECTOR('',#12413,1000.);
#3600=VECTOR('',#12414,1000.);
#3601=VECTOR('',#12417,1000.);
#3602=VECTOR('',#12422,1000.);
#3603=VECTOR('',#12423,1000.);
#3604=VECTOR('',#12426,1000.);
#3605=VECTOR('',#12427,1000.);
#3606=VECTOR('',#12430,1000.);
#3607=VECTOR('',#12431,1000.);
#3608=VECTOR('',#12434,1000.);
#3609=VECTOR('',#12439,1000.);
#3610=VECTOR('',#12440,1000.);
#3611=VECTOR('',#12443,1000.);
#3612=VECTOR('',#12446,1000.);
#3613=VECTOR('',#12449,1000.);
#3614=VECTOR('',#12454,1000.);
#3615=VECTOR('',#12455,1000.);
#3616=VECTOR('',#12456,1000.);
#3617=VECTOR('',#12457,1000.);
#3618=VECTOR('',#12458,1000.);
#3619=VECTOR('',#12463,1000.);
#3620=VECTOR('',#12466,1000.);
#3621=VECTOR('',#12469,1000.);
#3622=VECTOR('',#12474,1000.);
#3623=VECTOR('',#12477,1000.);
#3624=VECTOR('',#12482,1000.);
#3625=VECTOR('',#12485,1000.);
#3626=VECTOR('',#12488,1000.);
#3627=VECTOR('',#12489,1000.);
#3628=VECTOR('',#12490,1000.);
#3629=VECTOR('',#12493,1000.);
#3630=VECTOR('',#12498,1000.);
#3631=VECTOR('',#12499,1000.);
#3632=VECTOR('',#12500,1000.);
#3633=VECTOR('',#12501,1000.);
#3634=VECTOR('',#12504,1000.);
#3635=VECTOR('',#12507,1000.);
#3636=VECTOR('',#12510,1000.);
#3637=VECTOR('',#12511,1000.);
#3638=VECTOR('',#12512,1000.);
#3639=VECTOR('',#12515,1000.);
#3640=VECTOR('',#12520,1000.);
#3641=VECTOR('',#12521,1000.);
#3642=VECTOR('',#12524,1000.);
#3643=VECTOR('',#12527,1000.);
#3644=VECTOR('',#12530,1000.);
#3645=VECTOR('',#12533,1000.);
#3646=VECTOR('',#12536,1000.);
#3647=VECTOR('',#12539,1000.);
#3648=VECTOR('',#12542,1000.);
#3649=VECTOR('',#12545,1000.);
#3650=VECTOR('',#12548,1000.);
#3651=VECTOR('',#12549,1000.);
#3652=VECTOR('',#12550,1000.);
#3653=VECTOR('',#12551,1000.);
#3654=VECTOR('',#12552,1000.);
#3655=VECTOR('',#12553,1000.);
#3656=VECTOR('',#12556,1000.);
#3657=VECTOR('',#12557,1000.);
#3658=VECTOR('',#12560,1000.);
#3659=VECTOR('',#12561,1000.);
#3660=VECTOR('',#12562,1000.);
#3661=VECTOR('',#12563,1000.);
#3662=VECTOR('',#12564,1000.);
#3663=VECTOR('',#12565,1000.);
#3664=VECTOR('',#12570,1000.);
#3665=VECTOR('',#12571,1000.);
#3666=VECTOR('',#12572,1000.);
#3667=VECTOR('',#12579,1000.);
#3668=VECTOR('',#12582,1000.);
#3669=VECTOR('',#12585,1000.);
#3670=VECTOR('',#12590,1000.);
#3671=VECTOR('',#12593,1000.);
#3672=VECTOR('',#12598,1000.);
#3673=VECTOR('',#12599,1000.);
#3674=VECTOR('',#12600,1000.);
#3675=VECTOR('',#12601,1000.);
#3676=VECTOR('',#12604,1000.);
#3677=VECTOR('',#12607,1000.);
#3678=VECTOR('',#12610,1000.);
#3679=VECTOR('',#12611,1000.);
#3680=VECTOR('',#12612,1000.);
#3681=VECTOR('',#12615,1000.);
#3682=VECTOR('',#12620,1000.);
#3683=VECTOR('',#12621,1000.);
#3684=VECTOR('',#12622,1000.);
#3685=VECTOR('',#12623,1000.);
#3686=VECTOR('',#12626,1000.);
#3687=VECTOR('',#12627,1000.);
#3688=VECTOR('',#12628,1000.);
#3689=VECTOR('',#12629,1000.);
#3690=VECTOR('',#12630,1000.);
#3691=VECTOR('',#12631,1000.);
#3692=VECTOR('',#12636,1000.);
#3693=VECTOR('',#12637,1000.);
#3694=VECTOR('',#12640,1000.);
#3695=VECTOR('',#12645,1000.);
#3696=VECTOR('',#12646,1000.);
#3697=VECTOR('',#12649,1000.);
#3698=VECTOR('',#12654,1000.);
#3699=VECTOR('',#12655,1000.);
#3700=VECTOR('',#12658,1000.);
#3701=VECTOR('',#12659,1000.);
#3702=VECTOR('',#12662,1000.);
#3703=VECTOR('',#12663,1000.);
#3704=VECTOR('',#12666,1000.);
#3705=VECTOR('',#12671,1000.);
#3706=VECTOR('',#12672,1000.);
#3707=VECTOR('',#12675,1000.);
#3708=VECTOR('',#12678,1000.);
#3709=VECTOR('',#12681,1000.);
#3710=VECTOR('',#12686,1000.);
#3711=VECTOR('',#12687,1000.);
#3712=VECTOR('',#12688,1000.);
#3713=VECTOR('',#12689,1000.);
#3714=VECTOR('',#12690,1000.);
#3715=VECTOR('',#12695,1000.);
#3716=VECTOR('',#12698,1000.);
#3717=VECTOR('',#12701,1000.);
#3718=VECTOR('',#12706,1000.);
#3719=VECTOR('',#12709,1000.);
#3720=VECTOR('',#12714,1000.);
#3721=VECTOR('',#12717,1000.);
#3722=VECTOR('',#12720,1000.);
#3723=VECTOR('',#12721,1000.);
#3724=VECTOR('',#12722,1000.);
#3725=VECTOR('',#12725,1000.);
#3726=VECTOR('',#12730,1000.);
#3727=VECTOR('',#12731,1000.);
#3728=VECTOR('',#12732,1000.);
#3729=VECTOR('',#12733,1000.);
#3730=VECTOR('',#12736,1000.);
#3731=VECTOR('',#12739,1000.);
#3732=VECTOR('',#12742,1000.);
#3733=VECTOR('',#12743,1000.);
#3734=VECTOR('',#12744,1000.);
#3735=VECTOR('',#12747,1000.);
#3736=VECTOR('',#12752,1000.);
#3737=VECTOR('',#12753,1000.);
#3738=VECTOR('',#12756,1000.);
#3739=VECTOR('',#12759,1000.);
#3740=VECTOR('',#12762,1000.);
#3741=VECTOR('',#12765,1000.);
#3742=VECTOR('',#12768,1000.);
#3743=VECTOR('',#12771,1000.);
#3744=VECTOR('',#12774,1000.);
#3745=VECTOR('',#12777,1000.);
#3746=VECTOR('',#12780,1000.);
#3747=VECTOR('',#12781,1000.);
#3748=VECTOR('',#12782,1000.);
#3749=VECTOR('',#12783,1000.);
#3750=VECTOR('',#12784,1000.);
#3751=VECTOR('',#12785,1000.);
#3752=VECTOR('',#12788,1000.);
#3753=VECTOR('',#12789,1000.);
#3754=VECTOR('',#12792,1000.);
#3755=VECTOR('',#12793,1000.);
#3756=VECTOR('',#12794,1000.);
#3757=VECTOR('',#12795,1000.);
#3758=VECTOR('',#12796,1000.);
#3759=VECTOR('',#12797,1000.);
#3760=VECTOR('',#12802,1000.);
#3761=VECTOR('',#12803,1000.);
#3762=VECTOR('',#12804,1000.);
#3763=VECTOR('',#12811,1000.);
#3764=VECTOR('',#12814,1000.);
#3765=VECTOR('',#12817,1000.);
#3766=VECTOR('',#12822,1000.);
#3767=VECTOR('',#12825,1000.);
#3768=VECTOR('',#12830,1000.);
#3769=VECTOR('',#12831,1000.);
#3770=VECTOR('',#12832,1000.);
#3771=VECTOR('',#12833,1000.);
#3772=VECTOR('',#12836,1000.);
#3773=VECTOR('',#12839,1000.);
#3774=VECTOR('',#12842,1000.);
#3775=VECTOR('',#12843,1000.);
#3776=VECTOR('',#12844,1000.);
#3777=VECTOR('',#12847,1000.);
#3778=VECTOR('',#12852,1000.);
#3779=VECTOR('',#12853,1000.);
#3780=VECTOR('',#12854,1000.);
#3781=VECTOR('',#12855,1000.);
#3782=VECTOR('',#12858,1000.);
#3783=VECTOR('',#12859,1000.);
#3784=VECTOR('',#12860,1000.);
#3785=VECTOR('',#12861,1000.);
#3786=VECTOR('',#12862,1000.);
#3787=VECTOR('',#12863,1000.);
#3788=VECTOR('',#12868,1000.);
#3789=VECTOR('',#12869,1000.);
#3790=VECTOR('',#12872,1000.);
#3791=VECTOR('',#12877,1000.);
#3792=VECTOR('',#12878,1000.);
#3793=VECTOR('',#12881,1000.);
#3794=VECTOR('',#12886,1000.);
#3795=VECTOR('',#12887,1000.);
#3796=VECTOR('',#12890,1000.);
#3797=VECTOR('',#12891,1000.);
#3798=VECTOR('',#12894,1000.);
#3799=VECTOR('',#12895,1000.);
#3800=VECTOR('',#12898,1000.);
#3801=VECTOR('',#12903,1000.);
#3802=VECTOR('',#12904,1000.);
#3803=VECTOR('',#12907,1000.);
#3804=VECTOR('',#12910,1000.);
#3805=VECTOR('',#12913,1000.);
#3806=VECTOR('',#12918,1000.);
#3807=VECTOR('',#12919,1000.);
#3808=VECTOR('',#12920,1000.);
#3809=VECTOR('',#12921,1000.);
#3810=VECTOR('',#12922,1000.);
#3811=VECTOR('',#12927,1000.);
#3812=VECTOR('',#12930,1000.);
#3813=VECTOR('',#12933,1000.);
#3814=VECTOR('',#12938,1000.);
#3815=VECTOR('',#12941,1000.);
#3816=VECTOR('',#12946,1000.);
#3817=VECTOR('',#12949,1000.);
#3818=VECTOR('',#12952,1000.);
#3819=VECTOR('',#12953,1000.);
#3820=VECTOR('',#12954,1000.);
#3821=VECTOR('',#12957,1000.);
#3822=VECTOR('',#12962,1000.);
#3823=VECTOR('',#12963,1000.);
#3824=VECTOR('',#12964,1000.);
#3825=VECTOR('',#12965,1000.);
#3826=VECTOR('',#12968,1000.);
#3827=VECTOR('',#12971,1000.);
#3828=VECTOR('',#12974,1000.);
#3829=VECTOR('',#12975,1000.);
#3830=VECTOR('',#12976,1000.);
#3831=VECTOR('',#12979,1000.);
#3832=VECTOR('',#12984,1000.);
#3833=VECTOR('',#12985,1000.);
#3834=VECTOR('',#12988,1000.);
#3835=VECTOR('',#12991,1000.);
#3836=VECTOR('',#12994,1000.);
#3837=VECTOR('',#12997,1000.);
#3838=VECTOR('',#13000,1000.);
#3839=VECTOR('',#13003,1000.);
#3840=VECTOR('',#13006,1000.);
#3841=VECTOR('',#13009,1000.);
#3842=VECTOR('',#13012,1000.);
#3843=VECTOR('',#13013,1000.);
#3844=VECTOR('',#13014,1000.);
#3845=VECTOR('',#13015,1000.);
#3846=VECTOR('',#13016,1000.);
#3847=VECTOR('',#13017,1000.);
#3848=VECTOR('',#13020,1000.);
#3849=VECTOR('',#13021,1000.);
#3850=VECTOR('',#13024,1000.);
#3851=VECTOR('',#13025,1000.);
#3852=VECTOR('',#13026,1000.);
#3853=VECTOR('',#13027,1000.);
#3854=VECTOR('',#13028,1000.);
#3855=VECTOR('',#13029,1000.);
#3856=VECTOR('',#13034,1000.);
#3857=VECTOR('',#13035,1000.);
#3858=VECTOR('',#13036,1000.);
#3859=VECTOR('',#13043,1000.);
#3860=VECTOR('',#13046,1000.);
#3861=VECTOR('',#13049,1000.);
#3862=VECTOR('',#13054,1000.);
#3863=VECTOR('',#13057,1000.);
#3864=VECTOR('',#13062,1000.);
#3865=VECTOR('',#13063,1000.);
#3866=VECTOR('',#13064,1000.);
#3867=VECTOR('',#13065,1000.);
#3868=VECTOR('',#13068,1000.);
#3869=VECTOR('',#13071,1000.);
#3870=VECTOR('',#13074,1000.);
#3871=VECTOR('',#13075,1000.);
#3872=VECTOR('',#13076,1000.);
#3873=VECTOR('',#13079,1000.);
#3874=VECTOR('',#13084,1000.);
#3875=VECTOR('',#13085,1000.);
#3876=VECTOR('',#13086,1000.);
#3877=VECTOR('',#13087,1000.);
#3878=VECTOR('',#13090,1000.);
#3879=VECTOR('',#13091,1000.);
#3880=VECTOR('',#13092,1000.);
#3881=VECTOR('',#13093,1000.);
#3882=VECTOR('',#13094,1000.);
#3883=VECTOR('',#13095,1000.);
#3884=VECTOR('',#13100,1000.);
#3885=VECTOR('',#13101,1000.);
#3886=VECTOR('',#13104,1000.);
#3887=VECTOR('',#13109,1000.);
#3888=VECTOR('',#13110,1000.);
#3889=VECTOR('',#13113,1000.);
#3890=VECTOR('',#13118,1000.);
#3891=VECTOR('',#13119,1000.);
#3892=VECTOR('',#13122,1000.);
#3893=VECTOR('',#13123,1000.);
#3894=VECTOR('',#13126,1000.);
#3895=VECTOR('',#13127,1000.);
#3896=VECTOR('',#13130,1000.);
#3897=VECTOR('',#13135,1000.);
#3898=VECTOR('',#13136,1000.);
#3899=VECTOR('',#13139,1000.);
#3900=VECTOR('',#13142,1000.);
#3901=VECTOR('',#13145,1000.);
#3902=VECTOR('',#13150,1000.);
#3903=VECTOR('',#13151,1000.);
#3904=VECTOR('',#13152,1000.);
#3905=VECTOR('',#13153,1000.);
#3906=VECTOR('',#13154,1000.);
#3907=VECTOR('',#13159,1000.);
#3908=VECTOR('',#13162,1000.);
#3909=VECTOR('',#13165,1000.);
#3910=VECTOR('',#13170,1000.);
#3911=VECTOR('',#13173,1000.);
#3912=VECTOR('',#13178,1000.);
#3913=VECTOR('',#13181,1000.);
#3914=VECTOR('',#13184,1000.);
#3915=VECTOR('',#13185,1000.);
#3916=VECTOR('',#13186,1000.);
#3917=VECTOR('',#13189,1000.);
#3918=VECTOR('',#13194,1000.);
#3919=VECTOR('',#13195,1000.);
#3920=VECTOR('',#13196,1000.);
#3921=VECTOR('',#13197,1000.);
#3922=VECTOR('',#13200,1000.);
#3923=VECTOR('',#13203,1000.);
#3924=VECTOR('',#13206,1000.);
#3925=VECTOR('',#13207,1000.);
#3926=VECTOR('',#13208,1000.);
#3927=VECTOR('',#13211,1000.);
#3928=VECTOR('',#13216,1000.);
#3929=VECTOR('',#13217,1000.);
#3930=VECTOR('',#13220,1000.);
#3931=VECTOR('',#13223,1000.);
#3932=VECTOR('',#13226,1000.);
#3933=VECTOR('',#13229,1000.);
#3934=VECTOR('',#13232,1000.);
#3935=VECTOR('',#13235,1000.);
#3936=VECTOR('',#13238,1000.);
#3937=VECTOR('',#13241,1000.);
#3938=VECTOR('',#13244,1000.);
#3939=VECTOR('',#13245,1000.);
#3940=VECTOR('',#13246,1000.);
#3941=VECTOR('',#13247,1000.);
#3942=VECTOR('',#13248,1000.);
#3943=VECTOR('',#13249,1000.);
#3944=VECTOR('',#13252,1000.);
#3945=VECTOR('',#13253,1000.);
#3946=VECTOR('',#13256,1000.);
#3947=VECTOR('',#13257,1000.);
#3948=VECTOR('',#13258,1000.);
#3949=VECTOR('',#13259,1000.);
#3950=VECTOR('',#13260,1000.);
#3951=VECTOR('',#13261,1000.);
#3952=VECTOR('',#13266,1000.);
#3953=VECTOR('',#13267,1000.);
#3954=VECTOR('',#13268,1000.);
#3955=VECTOR('',#13275,1000.);
#3956=VECTOR('',#13278,1000.);
#3957=VECTOR('',#13281,1000.);
#3958=VECTOR('',#13286,1000.);
#3959=VECTOR('',#13289,1000.);
#3960=VECTOR('',#13294,1000.);
#3961=VECTOR('',#13295,1000.);
#3962=VECTOR('',#13296,1000.);
#3963=VECTOR('',#13297,1000.);
#3964=VECTOR('',#13300,1000.);
#3965=VECTOR('',#13303,1000.);
#3966=VECTOR('',#13306,1000.);
#3967=VECTOR('',#13307,1000.);
#3968=VECTOR('',#13308,1000.);
#3969=VECTOR('',#13311,1000.);
#3970=VECTOR('',#13316,1000.);
#3971=VECTOR('',#13317,1000.);
#3972=VECTOR('',#13318,1000.);
#3973=VECTOR('',#13319,1000.);
#3974=VECTOR('',#13322,1000.);
#3975=VECTOR('',#13323,1000.);
#3976=VECTOR('',#13324,1000.);
#3977=VECTOR('',#13325,1000.);
#3978=VECTOR('',#13326,1000.);
#3979=VECTOR('',#13327,1000.);
#3980=VECTOR('',#13332,1000.);
#3981=VECTOR('',#13333,1000.);
#3982=VECTOR('',#13336,1000.);
#3983=VECTOR('',#13341,1000.);
#3984=VECTOR('',#13342,1000.);
#3985=VECTOR('',#13345,1000.);
#3986=VECTOR('',#13350,1000.);
#3987=VECTOR('',#13351,1000.);
#3988=VECTOR('',#13354,1000.);
#3989=VECTOR('',#13355,1000.);
#3990=VECTOR('',#13358,1000.);
#3991=VECTOR('',#13359,1000.);
#3992=VECTOR('',#13362,1000.);
#3993=VECTOR('',#13367,1000.);
#3994=VECTOR('',#13368,1000.);
#3995=VECTOR('',#13371,1000.);
#3996=VECTOR('',#13374,1000.);
#3997=VECTOR('',#13377,1000.);
#3998=VECTOR('',#13382,1000.);
#3999=VECTOR('',#13383,1000.);
#4000=VECTOR('',#13384,1000.);
#4001=VECTOR('',#13385,1000.);
#4002=VECTOR('',#13386,1000.);
#4003=VECTOR('',#13391,1000.);
#4004=VECTOR('',#13394,1000.);
#4005=VECTOR('',#13397,1000.);
#4006=VECTOR('',#13402,1000.);
#4007=VECTOR('',#13405,1000.);
#4008=VECTOR('',#13410,1000.);
#4009=VECTOR('',#13413,1000.);
#4010=VECTOR('',#13416,1000.);
#4011=VECTOR('',#13417,1000.);
#4012=VECTOR('',#13418,1000.);
#4013=VECTOR('',#13421,1000.);
#4014=VECTOR('',#13426,1000.);
#4015=VECTOR('',#13427,1000.);
#4016=VECTOR('',#13428,1000.);
#4017=VECTOR('',#13429,1000.);
#4018=VECTOR('',#13432,1000.);
#4019=VECTOR('',#13435,1000.);
#4020=VECTOR('',#13438,1000.);
#4021=VECTOR('',#13439,1000.);
#4022=VECTOR('',#13440,1000.);
#4023=VECTOR('',#13443,1000.);
#4024=VECTOR('',#13448,1000.);
#4025=VECTOR('',#13449,1000.);
#4026=VECTOR('',#13452,1000.);
#4027=VECTOR('',#13455,1000.);
#4028=VECTOR('',#13458,1000.);
#4029=VECTOR('',#13461,1000.);
#4030=VECTOR('',#13464,1000.);
#4031=VECTOR('',#13467,1000.);
#4032=VECTOR('',#13470,1000.);
#4033=VECTOR('',#13473,1000.);
#4034=VECTOR('',#13476,1000.);
#4035=VECTOR('',#13477,1000.);
#4036=VECTOR('',#13478,1000.);
#4037=VECTOR('',#13479,1000.);
#4038=VECTOR('',#13480,1000.);
#4039=VECTOR('',#13481,1000.);
#4040=VECTOR('',#13484,1000.);
#4041=VECTOR('',#13485,1000.);
#4042=VECTOR('',#13488,1000.);
#4043=VECTOR('',#13489,1000.);
#4044=VECTOR('',#13490,1000.);
#4045=VECTOR('',#13491,1000.);
#4046=VECTOR('',#13492,1000.);
#4047=VECTOR('',#13493,1000.);
#4048=VECTOR('',#13498,1000.);
#4049=VECTOR('',#13499,1000.);
#4050=VECTOR('',#13500,1000.);
#4051=VECTOR('',#13507,1000.);
#4052=VECTOR('',#13510,1000.);
#4053=VECTOR('',#13513,1000.);
#4054=VECTOR('',#13518,1000.);
#4055=VECTOR('',#13521,1000.);
#4056=CIRCLE('',#10136,0.400000000000001);
#4057=CIRCLE('',#10137,0.400000000000001);
#4058=CIRCLE('',#10171,1.45);
#4059=CIRCLE('',#10172,0.05);
#4060=CIRCLE('',#10173,1.5);
#4061=CIRCLE('',#10175,1.5);
#4062=CIRCLE('',#10177,0.400000000000001);
#4063=CIRCLE('',#10178,0.400000000000001);
#4064=CIRCLE('',#10287,0.077781491039872);
#4065=CIRCLE('',#10288,0.077781491039872);
#4066=CIRCLE('',#10293,0.0327143802932703);
#4067=CIRCLE('',#10294,0.0327143802932703);
#4068=CIRCLE('',#10299,0.0863013685111032);
#4069=CIRCLE('',#10300,0.0863013685111032);
#4070=CIRCLE('',#10304,0.177555801150745);
#4071=CIRCLE('',#10305,0.177555801150745);
#4072=CIRCLE('',#10328,0.230000000000001);
#4073=CIRCLE('',#10329,0.730000000000001);
#4074=CIRCLE('',#10330,0.23);
#4075=CIRCLE('',#10331,0.73);
#4076=CIRCLE('',#10335,0.73);
#4077=CIRCLE('',#10336,0.73);
#4078=CIRCLE('',#10337,0.73);
#4079=CIRCLE('',#10340,0.23);
#4080=CIRCLE('',#10345,0.730000000000001);
#4081=CIRCLE('',#10348,0.23);
#4082=CIRCLE('',#10349,0.23);
#4083=CIRCLE('',#10350,0.230000000000001);
#4084=CIRCLE('',#10361,0.230000000000001);
#4085=CIRCLE('',#10362,0.730000000000001);
#4086=CIRCLE('',#10363,0.23);
#4087=CIRCLE('',#10364,0.73);
#4088=CIRCLE('',#10367,0.73);
#4089=CIRCLE('',#10368,0.23);
#4090=CIRCLE('',#10369,0.730000000000001);
#4091=CIRCLE('',#10370,0.230000000000001);
#4092=CIRCLE('',#10378,0.73);
#4093=CIRCLE('',#10379,0.73);
#4094=CIRCLE('',#10384,0.23);
#4095=CIRCLE('',#10385,0.23);
#4096=CIRCLE('',#10396,0.230000000000001);
#4097=CIRCLE('',#10397,0.730000000000001);
#4098=CIRCLE('',#10398,0.23);
#4099=CIRCLE('',#10399,0.73);
#4100=CIRCLE('',#10403,0.73);
#4101=CIRCLE('',#10404,0.73);
#4102=CIRCLE('',#10405,0.73);
#4103=CIRCLE('',#10408,0.23);
#4104=CIRCLE('',#10413,0.730000000000001);
#4105=CIRCLE('',#10416,0.23);
#4106=CIRCLE('',#10417,0.23);
#4107=CIRCLE('',#10418,0.230000000000001);
#4108=CIRCLE('',#10429,0.230000000000001);
#4109=CIRCLE('',#10430,0.730000000000001);
#4110=CIRCLE('',#10431,0.23);
#4111=CIRCLE('',#10432,0.73);
#4112=CIRCLE('',#10435,0.73);
#4113=CIRCLE('',#10436,0.23);
#4114=CIRCLE('',#10437,0.730000000000001);
#4115=CIRCLE('',#10438,0.230000000000001);
#4116=CIRCLE('',#10446,0.73);
#4117=CIRCLE('',#10447,0.73);
#4118=CIRCLE('',#10452,0.23);
#4119=CIRCLE('',#10453,0.23);
#4120=CIRCLE('',#10464,0.230000000000001);
#4121=CIRCLE('',#10465,0.730000000000001);
#4122=CIRCLE('',#10466,0.23);
#4123=CIRCLE('',#10467,0.73);
#4124=CIRCLE('',#10471,0.73);
#4125=CIRCLE('',#10472,0.73);
#4126=CIRCLE('',#10473,0.73);
#4127=CIRCLE('',#10476,0.23);
#4128=CIRCLE('',#10481,0.730000000000001);
#4129=CIRCLE('',#10484,0.23);
#4130=CIRCLE('',#10485,0.23);
#4131=CIRCLE('',#10486,0.230000000000001);
#4132=CIRCLE('',#10497,0.230000000000001);
#4133=CIRCLE('',#10498,0.730000000000001);
#4134=CIRCLE('',#10499,0.23);
#4135=CIRCLE('',#10500,0.73);
#4136=CIRCLE('',#10503,0.73);
#4137=CIRCLE('',#10504,0.23);
#4138=CIRCLE('',#10505,0.730000000000001);
#4139=CIRCLE('',#10506,0.230000000000001);
#4140=CIRCLE('',#10514,0.73);
#4141=CIRCLE('',#10515,0.73);
#4142=CIRCLE('',#10520,0.23);
#4143=CIRCLE('',#10521,0.23);
#4144=CIRCLE('',#10532,0.230000000000001);
#4145=CIRCLE('',#10533,0.730000000000001);
#4146=CIRCLE('',#10534,0.23);
#4147=CIRCLE('',#10535,0.73);
#4148=CIRCLE('',#10539,0.73);
#4149=CIRCLE('',#10540,0.73);
#4150=CIRCLE('',#10541,0.73);
#4151=CIRCLE('',#10544,0.23);
#4152=CIRCLE('',#10549,0.730000000000001);
#4153=CIRCLE('',#10552,0.23);
#4154=CIRCLE('',#10553,0.23);
#4155=CIRCLE('',#10554,0.230000000000001);
#4156=CIRCLE('',#10565,0.230000000000001);
#4157=CIRCLE('',#10566,0.730000000000001);
#4158=CIRCLE('',#10567,0.23);
#4159=CIRCLE('',#10568,0.73);
#4160=CIRCLE('',#10571,0.73);
#4161=CIRCLE('',#10572,0.23);
#4162=CIRCLE('',#10573,0.730000000000001);
#4163=CIRCLE('',#10574,0.230000000000001);
#4164=CIRCLE('',#10582,0.73);
#4165=CIRCLE('',#10583,0.73);
#4166=CIRCLE('',#10588,0.23);
#4167=CIRCLE('',#10589,0.23);
#4168=CIRCLE('',#10600,0.230000000000001);
#4169=CIRCLE('',#10601,0.730000000000001);
#4170=CIRCLE('',#10602,0.23);
#4171=CIRCLE('',#10603,0.73);
#4172=CIRCLE('',#10607,0.73);
#4173=CIRCLE('',#10608,0.73);
#4174=CIRCLE('',#10609,0.73);
#4175=CIRCLE('',#10612,0.23);
#4176=CIRCLE('',#10617,0.730000000000001);
#4177=CIRCLE('',#10620,0.23);
#4178=CIRCLE('',#10621,0.23);
#4179=CIRCLE('',#10622,0.230000000000001);
#4180=CIRCLE('',#10633,0.230000000000001);
#4181=CIRCLE('',#10634,0.730000000000001);
#4182=CIRCLE('',#10635,0.23);
#4183=CIRCLE('',#10636,0.73);
#4184=CIRCLE('',#10639,0.73);
#4185=CIRCLE('',#10640,0.23);
#4186=CIRCLE('',#10641,0.730000000000001);
#4187=CIRCLE('',#10642,0.230000000000001);
#4188=CIRCLE('',#10650,0.73);
#4189=CIRCLE('',#10651,0.73);
#4190=CIRCLE('',#10656,0.23);
#4191=CIRCLE('',#10657,0.23);
#4192=CIRCLE('',#10668,0.230000000000001);
#4193=CIRCLE('',#10669,0.730000000000001);
#4194=CIRCLE('',#10670,0.23);
#4195=CIRCLE('',#10671,0.73);
#4196=CIRCLE('',#10675,0.73);
#4197=CIRCLE('',#10676,0.73);
#4198=CIRCLE('',#10677,0.73);
#4199=CIRCLE('',#10680,0.23);
#4200=CIRCLE('',#10685,0.730000000000001);
#4201=CIRCLE('',#10688,0.23);
#4202=CIRCLE('',#10689,0.23);
#4203=CIRCLE('',#10690,0.230000000000001);
#4204=CIRCLE('',#10701,0.230000000000001);
#4205=CIRCLE('',#10702,0.730000000000001);
#4206=CIRCLE('',#10703,0.23);
#4207=CIRCLE('',#10704,0.73);
#4208=CIRCLE('',#10707,0.73);
#4209=CIRCLE('',#10708,0.23);
#4210=CIRCLE('',#10709,0.730000000000001);
#4211=CIRCLE('',#10710,0.230000000000001);
#4212=CIRCLE('',#10718,0.73);
#4213=CIRCLE('',#10719,0.73);
#4214=CIRCLE('',#10724,0.23);
#4215=CIRCLE('',#10725,0.23);
#4216=CIRCLE('',#10736,0.230000000000001);
#4217=CIRCLE('',#10737,0.730000000000001);
#4218=CIRCLE('',#10738,0.23);
#4219=CIRCLE('',#10739,0.73);
#4220=CIRCLE('',#10743,0.73);
#4221=CIRCLE('',#10744,0.73);
#4222=CIRCLE('',#10745,0.73);
#4223=CIRCLE('',#10748,0.23);
#4224=CIRCLE('',#10753,0.730000000000001);
#4225=CIRCLE('',#10756,0.23);
#4226=CIRCLE('',#10757,0.23);
#4227=CIRCLE('',#10758,0.230000000000001);
#4228=CIRCLE('',#10769,0.230000000000001);
#4229=CIRCLE('',#10770,0.730000000000001);
#4230=CIRCLE('',#10771,0.23);
#4231=CIRCLE('',#10772,0.73);
#4232=CIRCLE('',#10775,0.73);
#4233=CIRCLE('',#10776,0.23);
#4234=CIRCLE('',#10777,0.730000000000001);
#4235=CIRCLE('',#10778,0.230000000000001);
#4236=CIRCLE('',#10786,0.73);
#4237=CIRCLE('',#10787,0.73);
#4238=CIRCLE('',#10792,0.23);
#4239=CIRCLE('',#10793,0.23);
#4240=CIRCLE('',#10804,0.230000000000001);
#4241=CIRCLE('',#10805,0.730000000000001);
#4242=CIRCLE('',#10806,0.23);
#4243=CIRCLE('',#10807,0.73);
#4244=CIRCLE('',#10811,0.73);
#4245=CIRCLE('',#10812,0.73);
#4246=CIRCLE('',#10813,0.73);
#4247=CIRCLE('',#10816,0.23);
#4248=CIRCLE('',#10821,0.730000000000001);
#4249=CIRCLE('',#10824,0.23);
#4250=CIRCLE('',#10825,0.23);
#4251=CIRCLE('',#10826,0.230000000000001);
#4252=CIRCLE('',#10837,0.230000000000001);
#4253=CIRCLE('',#10838,0.730000000000001);
#4254=CIRCLE('',#10839,0.23);
#4255=CIRCLE('',#10840,0.73);
#4256=CIRCLE('',#10843,0.73);
#4257=CIRCLE('',#10844,0.23);
#4258=CIRCLE('',#10845,0.730000000000001);
#4259=CIRCLE('',#10846,0.230000000000001);
#4260=CIRCLE('',#10854,0.73);
#4261=CIRCLE('',#10855,0.73);
#4262=CIRCLE('',#10860,0.23);
#4263=CIRCLE('',#10861,0.23);
#4264=VERTEX_POINT('',#13526);
#4265=VERTEX_POINT('',#13528);
#4266=VERTEX_POINT('',#13534);
#4267=VERTEX_POINT('',#13535);
#4268=VERTEX_POINT('',#13537);
#4269=VERTEX_POINT('',#13539);
#4270=VERTEX_POINT('',#13543);
#4271=VERTEX_POINT('',#13545);
#4272=VERTEX_POINT('',#13549);
#4273=VERTEX_POINT('',#13551);
#4274=VERTEX_POINT('',#13555);
#4275=VERTEX_POINT('',#13557);
#4276=VERTEX_POINT('',#13561);
#4277=VERTEX_POINT('',#13563);
#4278=VERTEX_POINT('',#13567);
#4279=VERTEX_POINT('',#13569);
#4280=VERTEX_POINT('',#13573);
#4281=VERTEX_POINT('',#13575);
#4282=VERTEX_POINT('',#13579);
#4283=VERTEX_POINT('',#13581);
#4284=VERTEX_POINT('',#13585);
#4285=VERTEX_POINT('',#13587);
#4286=VERTEX_POINT('',#13591);
#4287=VERTEX_POINT('',#13593);
#4288=VERTEX_POINT('',#13597);
#4289=VERTEX_POINT('',#13599);
#4290=VERTEX_POINT('',#13603);
#4291=VERTEX_POINT('',#13605);
#4292=VERTEX_POINT('',#13609);
#4293=VERTEX_POINT('',#13611);
#4294=VERTEX_POINT('',#13615);
#4295=VERTEX_POINT('',#13617);
#4296=VERTEX_POINT('',#13621);
#4297=VERTEX_POINT('',#13623);
#4298=VERTEX_POINT('',#13627);
#4299=VERTEX_POINT('',#13629);
#4300=VERTEX_POINT('',#13633);
#4301=VERTEX_POINT('',#13635);
#4302=VERTEX_POINT('',#13639);
#4303=VERTEX_POINT('',#13641);
#4304=VERTEX_POINT('',#13645);
#4305=VERTEX_POINT('',#13647);
#4306=VERTEX_POINT('',#13651);
#4307=VERTEX_POINT('',#13653);
#4308=VERTEX_POINT('',#13657);
#4309=VERTEX_POINT('',#13659);
#4310=VERTEX_POINT('',#13663);
#4311=VERTEX_POINT('',#13665);
#4312=VERTEX_POINT('',#13669);
#4313=VERTEX_POINT('',#13671);
#4314=VERTEX_POINT('',#13675);
#4315=VERTEX_POINT('',#13677);
#4316=VERTEX_POINT('',#13681);
#4317=VERTEX_POINT('',#13683);
#4318=VERTEX_POINT('',#13687);
#4319=VERTEX_POINT('',#13689);
#4320=VERTEX_POINT('',#13693);
#4321=VERTEX_POINT('',#13695);
#4322=VERTEX_POINT('',#13704);
#4323=VERTEX_POINT('',#13706);
#4324=VERTEX_POINT('',#13710);
#4325=VERTEX_POINT('',#13714);
#4326=VERTEX_POINT('',#13716);
#4327=VERTEX_POINT('',#13720);
#4328=VERTEX_POINT('',#13721);
#4329=VERTEX_POINT('',#13723);
#4330=VERTEX_POINT('',#13725);
#4331=VERTEX_POINT('',#13727);
#4332=VERTEX_POINT('',#13729);
#4333=VERTEX_POINT('',#13731);
#4334=VERTEX_POINT('',#13733);
#4335=VERTEX_POINT('',#13735);
#4336=VERTEX_POINT('',#13737);
#4337=VERTEX_POINT('',#13739);
#4338=VERTEX_POINT('',#13741);
#4339=VERTEX_POINT('',#13743);
#4340=VERTEX_POINT('',#13745);
#4341=VERTEX_POINT('',#13747);
#4342=VERTEX_POINT('',#13749);
#4343=VERTEX_POINT('',#13751);
#4344=VERTEX_POINT('',#13753);
#4345=VERTEX_POINT('',#13755);
#4346=VERTEX_POINT('',#13757);
#4347=VERTEX_POINT('',#13761);
#4348=VERTEX_POINT('',#13763);
#4349=VERTEX_POINT('',#13767);
#4350=VERTEX_POINT('',#13769);
#4351=VERTEX_POINT('',#13771);
#4352=VERTEX_POINT('',#13775);
#4353=VERTEX_POINT('',#13777);
#4354=VERTEX_POINT('',#13779);
#4355=VERTEX_POINT('',#13783);
#4356=VERTEX_POINT('',#13784);
#4357=VERTEX_POINT('',#13789);
#4358=VERTEX_POINT('',#13791);
#4359=VERTEX_POINT('',#13795);
#4360=VERTEX_POINT('',#13797);
#4361=VERTEX_POINT('',#13799);
#4362=VERTEX_POINT('',#13803);
#4363=VERTEX_POINT('',#13805);
#4364=VERTEX_POINT('',#13809);
#4365=VERTEX_POINT('',#13811);
#4366=VERTEX_POINT('',#13813);
#4367=VERTEX_POINT('',#13815);
#4368=VERTEX_POINT('',#13817);
#4369=VERTEX_POINT('',#13819);
#4370=VERTEX_POINT('',#13821);
#4371=VERTEX_POINT('',#13823);
#4372=VERTEX_POINT('',#13825);
#4373=VERTEX_POINT('',#13827);
#4374=VERTEX_POINT('',#13829);
#4375=VERTEX_POINT('',#13832);
#4376=VERTEX_POINT('',#13834);
#4377=VERTEX_POINT('',#13836);
#4378=VERTEX_POINT('',#13838);
#4379=VERTEX_POINT('',#13840);
#4380=VERTEX_POINT('',#13850);
#4381=VERTEX_POINT('',#13852);
#4382=VERTEX_POINT('',#13856);
#4383=VERTEX_POINT('',#13871);
#4384=VERTEX_POINT('',#13875);
#4385=VERTEX_POINT('',#13881);
#4386=VERTEX_POINT('',#13885);
#4387=VERTEX_POINT('',#13901);
#4388=VERTEX_POINT('',#13905);
#4389=VERTEX_POINT('',#13911);
#4390=VERTEX_POINT('',#13915);
#4391=VERTEX_POINT('',#13932);
#4392=VERTEX_POINT('',#13933);
#4393=VERTEX_POINT('',#13942);
#4394=VERTEX_POINT('',#13944);
#4395=VERTEX_POINT('',#13953);
#4396=VERTEX_POINT('',#13954);
#4397=VERTEX_POINT('',#13956);
#4398=VERTEX_POINT('',#13964);
#4399=VERTEX_POINT('',#13973);
#4400=VERTEX_POINT('',#13974);
#4401=VERTEX_POINT('',#13983);
#4402=VERTEX_POINT('',#13985);
#4403=VERTEX_POINT('',#13994);
#4404=VERTEX_POINT('',#13995);
#4405=VERTEX_POINT('',#14003);
#4406=VERTEX_POINT('',#14005);
#4407=VERTEX_POINT('',#14082);
#4408=VERTEX_POINT('',#14083);
#4409=VERTEX_POINT('',#14090);
#4410=VERTEX_POINT('',#14092);
#4411=VERTEX_POINT('',#14094);
#4412=VERTEX_POINT('',#14096);
#4413=VERTEX_POINT('',#14105);
#4414=VERTEX_POINT('',#14107);
#4415=VERTEX_POINT('',#14115);
#4416=VERTEX_POINT('',#14118);
#4417=VERTEX_POINT('',#14119);
#4418=VERTEX_POINT('',#14126);
#4419=VERTEX_POINT('',#14128);
#4420=VERTEX_POINT('',#14132);
#4421=VERTEX_POINT('',#14133);
#4422=VERTEX_POINT('',#14140);
#4423=VERTEX_POINT('',#14142);
#4424=VERTEX_POINT('',#14144);
#4425=VERTEX_POINT('',#14152);
#4426=VERTEX_POINT('',#14154);
#4427=VERTEX_POINT('',#14163);
#4428=VERTEX_POINT('',#14165);
#4429=VERTEX_POINT('',#14168);
#4430=VERTEX_POINT('',#14169);
#4431=VERTEX_POINT('',#14171);
#4432=VERTEX_POINT('',#14178);
#4433=VERTEX_POINT('',#14265);
#4434=VERTEX_POINT('',#14266);
#4435=VERTEX_POINT('',#14271);
#4436=VERTEX_POINT('',#14273);
#4437=VERTEX_POINT('',#14280);
#4438=VERTEX_POINT('',#14282);
#4439=VERTEX_POINT('',#14286);
#4440=VERTEX_POINT('',#14288);
#4441=VERTEX_POINT('',#14292);
#4442=VERTEX_POINT('',#14294);
#4443=VERTEX_POINT('',#14298);
#4444=VERTEX_POINT('',#14300);
#4445=VERTEX_POINT('',#14304);
#4446=VERTEX_POINT('',#14306);
#4447=VERTEX_POINT('',#14310);
#4448=VERTEX_POINT('',#14312);
#4449=VERTEX_POINT('',#14316);
#4450=VERTEX_POINT('',#14318);
#4451=VERTEX_POINT('',#14322);
#4452=VERTEX_POINT('',#14324);
#4453=VERTEX_POINT('',#14328);
#4454=VERTEX_POINT('',#14330);
#4455=VERTEX_POINT('',#14334);
#4456=VERTEX_POINT('',#14336);
#4457=VERTEX_POINT('',#14340);
#4458=VERTEX_POINT('',#14342);
#4459=VERTEX_POINT('',#14353);
#4460=VERTEX_POINT('',#14358);
#4461=VERTEX_POINT('',#14379);
#4462=VERTEX_POINT('',#14380);
#4463=VERTEX_POINT('',#14386);
#4464=VERTEX_POINT('',#14388);
#4465=VERTEX_POINT('',#14396);
#4466=VERTEX_POINT('',#14398);
#4467=VERTEX_POINT('',#14402);
#4468=VERTEX_POINT('',#14404);
#4469=VERTEX_POINT('',#14408);
#4470=VERTEX_POINT('',#14410);
#4471=VERTEX_POINT('',#14414);
#4472=VERTEX_POINT('',#14416);
#4473=VERTEX_POINT('',#14420);
#4474=VERTEX_POINT('',#14422);
#4475=VERTEX_POINT('',#14433);
#4476=VERTEX_POINT('',#14438);
#4477=VERTEX_POINT('',#14445);
#4478=VERTEX_POINT('',#14447);
#4479=VERTEX_POINT('',#14451);
#4480=VERTEX_POINT('',#14453);
#4481=VERTEX_POINT('',#14471);
#4482=VERTEX_POINT('',#14472);
#4483=VERTEX_POINT('',#14478);
#4484=VERTEX_POINT('',#14480);
#4485=VERTEX_POINT('',#14488);
#4486=VERTEX_POINT('',#14490);
#4487=VERTEX_POINT('',#14494);
#4488=VERTEX_POINT('',#14496);
#4489=VERTEX_POINT('',#14500);
#4490=VERTEX_POINT('',#14502);
#4491=VERTEX_POINT('',#14506);
#4492=VERTEX_POINT('',#14508);
#4493=VERTEX_POINT('',#14512);
#4494=VERTEX_POINT('',#14514);
#4495=VERTEX_POINT('',#14525);
#4496=VERTEX_POINT('',#14530);
#4497=VERTEX_POINT('',#14537);
#4498=VERTEX_POINT('',#14539);
#4499=VERTEX_POINT('',#14543);
#4500=VERTEX_POINT('',#14545);
#4501=VERTEX_POINT('',#14563);
#4502=VERTEX_POINT('',#14564);
#4503=VERTEX_POINT('',#14570);
#4504=VERTEX_POINT('',#14572);
#4505=VERTEX_POINT('',#14580);
#4506=VERTEX_POINT('',#14582);
#4507=VERTEX_POINT('',#14586);
#4508=VERTEX_POINT('',#14588);
#4509=VERTEX_POINT('',#14592);
#4510=VERTEX_POINT('',#14594);
#4511=VERTEX_POINT('',#14598);
#4512=VERTEX_POINT('',#14600);
#4513=VERTEX_POINT('',#14604);
#4514=VERTEX_POINT('',#14606);
#4515=VERTEX_POINT('',#14617);
#4516=VERTEX_POINT('',#14622);
#4517=VERTEX_POINT('',#14629);
#4518=VERTEX_POINT('',#14631);
#4519=VERTEX_POINT('',#14635);
#4520=VERTEX_POINT('',#14637);
#4521=VERTEX_POINT('',#14659);
#4522=VERTEX_POINT('',#14660);
#4523=VERTEX_POINT('',#14668);
#4524=VERTEX_POINT('',#14670);
#4525=VERTEX_POINT('',#14680);
#4526=VERTEX_POINT('',#14682);
#4527=VERTEX_POINT('',#14703);
#4528=VERTEX_POINT('',#14713);
#4529=VERTEX_POINT('',#14725);
#4530=VERTEX_POINT('',#14727);
#4531=VERTEX_POINT('',#14731);
#4532=VERTEX_POINT('',#14733);
#4533=VERTEX_POINT('',#14737);
#4534=VERTEX_POINT('',#14739);
#4535=VERTEX_POINT('',#14743);
#4536=VERTEX_POINT('',#14745);
#4537=VERTEX_POINT('',#14749);
#4538=VERTEX_POINT('',#14751);
#4539=VERTEX_POINT('',#14755);
#4540=VERTEX_POINT('',#14757);
#4541=VERTEX_POINT('',#14766);
#4542=VERTEX_POINT('',#14768);
#4543=VERTEX_POINT('',#14774);
#4544=VERTEX_POINT('',#14776);
#4545=VERTEX_POINT('',#14782);
#4546=VERTEX_POINT('',#14783);
#4547=VERTEX_POINT('',#14785);
#4548=VERTEX_POINT('',#14787);
#4549=VERTEX_POINT('',#14791);
#4550=VERTEX_POINT('',#14793);
#4551=VERTEX_POINT('',#14797);
#4552=VERTEX_POINT('',#14799);
#4553=VERTEX_POINT('',#14808);
#4554=VERTEX_POINT('',#14809);
#4555=VERTEX_POINT('',#14811);
#4556=VERTEX_POINT('',#14813);
#4557=VERTEX_POINT('',#14817);
#4558=VERTEX_POINT('',#14819);
#4559=VERTEX_POINT('',#14823);
#4560=VERTEX_POINT('',#14825);
#4561=VERTEX_POINT('',#14834);
#4562=VERTEX_POINT('',#14835);
#4563=VERTEX_POINT('',#14837);
#4564=VERTEX_POINT('',#14839);
#4565=VERTEX_POINT('',#14843);
#4566=VERTEX_POINT('',#14845);
#4567=VERTEX_POINT('',#14849);
#4568=VERTEX_POINT('',#14851);
#4569=VERTEX_POINT('',#14860);
#4570=VERTEX_POINT('',#14861);
#4571=VERTEX_POINT('',#14863);
#4572=VERTEX_POINT('',#14865);
#4573=VERTEX_POINT('',#14869);
#4574=VERTEX_POINT('',#14870);
#4575=VERTEX_POINT('',#14872);
#4576=VERTEX_POINT('',#14874);
#4577=VERTEX_POINT('',#14876);
#4578=VERTEX_POINT('',#14878);
#4579=VERTEX_POINT('',#14880);
#4580=VERTEX_POINT('',#14882);
#4581=VERTEX_POINT('',#14884);
#4582=VERTEX_POINT('',#14886);
#4583=VERTEX_POINT('',#14890);
#4584=VERTEX_POINT('',#14891);
#4585=VERTEX_POINT('',#14893);
#4586=VERTEX_POINT('',#14895);
#4587=VERTEX_POINT('',#14899);
#4588=VERTEX_POINT('',#14901);
#4589=VERTEX_POINT('',#14903);
#4590=VERTEX_POINT('',#14905);
#4591=VERTEX_POINT('',#14910);
#4592=VERTEX_POINT('',#14913);
#4593=VERTEX_POINT('',#14915);
#4594=VERTEX_POINT('',#14917);
#4595=VERTEX_POINT('',#14921);
#4596=VERTEX_POINT('',#14925);
#4597=VERTEX_POINT('',#14929);
#4598=VERTEX_POINT('',#14933);
#4599=VERTEX_POINT('',#14937);
#4600=VERTEX_POINT('',#14941);
#4601=VERTEX_POINT('',#14945);
#4602=VERTEX_POINT('',#14949);
#4603=VERTEX_POINT('',#14951);
#4604=VERTEX_POINT('',#14953);
#4605=VERTEX_POINT('',#14955);
#4606=VERTEX_POINT('',#14957);
#4607=VERTEX_POINT('',#14961);
#4608=VERTEX_POINT('',#14965);
#4609=VERTEX_POINT('',#14982);
#4610=VERTEX_POINT('',#14983);
#4611=VERTEX_POINT('',#14985);
#4612=VERTEX_POINT('',#14987);
#4613=VERTEX_POINT('',#14989);
#4614=VERTEX_POINT('',#14991);
#4615=VERTEX_POINT('',#14993);
#4616=VERTEX_POINT('',#14995);
#4617=VERTEX_POINT('',#14997);
#4618=VERTEX_POINT('',#14999);
#4619=VERTEX_POINT('',#15003);
#4620=VERTEX_POINT('',#15004);
#4621=VERTEX_POINT('',#15006);
#4622=VERTEX_POINT('',#15008);
#4623=VERTEX_POINT('',#15012);
#4624=VERTEX_POINT('',#15013);
#4625=VERTEX_POINT('',#15015);
#4626=VERTEX_POINT('',#15017);
#4627=VERTEX_POINT('',#15019);
#4628=VERTEX_POINT('',#15021);
#4629=VERTEX_POINT('',#15023);
#4630=VERTEX_POINT('',#15025);
#4631=VERTEX_POINT('',#15027);
#4632=VERTEX_POINT('',#15029);
#4633=VERTEX_POINT('',#15046);
#4634=VERTEX_POINT('',#15048);
#4635=VERTEX_POINT('',#15050);
#4636=VERTEX_POINT('',#15052);
#4637=VERTEX_POINT('',#15056);
#4638=VERTEX_POINT('',#15059);
#4639=VERTEX_POINT('',#15061);
#4640=VERTEX_POINT('',#15063);
#4641=VERTEX_POINT('',#15067);
#4642=VERTEX_POINT('',#15071);
#4643=VERTEX_POINT('',#15073);
#4644=VERTEX_POINT('',#15075);
#4645=VERTEX_POINT('',#15077);
#4646=VERTEX_POINT('',#15079);
#4647=VERTEX_POINT('',#15083);
#4648=VERTEX_POINT('',#15087);
#4649=VERTEX_POINT('',#15104);
#4650=VERTEX_POINT('',#15105);
#4651=VERTEX_POINT('',#15107);
#4652=VERTEX_POINT('',#15109);
#4653=VERTEX_POINT('',#15113);
#4654=VERTEX_POINT('',#15114);
#4655=VERTEX_POINT('',#15116);
#4656=VERTEX_POINT('',#15118);
#4657=VERTEX_POINT('',#15120);
#4658=VERTEX_POINT('',#15122);
#4659=VERTEX_POINT('',#15124);
#4660=VERTEX_POINT('',#15126);
#4661=VERTEX_POINT('',#15128);
#4662=VERTEX_POINT('',#15130);
#4663=VERTEX_POINT('',#15134);
#4664=VERTEX_POINT('',#15135);
#4665=VERTEX_POINT('',#15137);
#4666=VERTEX_POINT('',#15139);
#4667=VERTEX_POINT('',#15143);
#4668=VERTEX_POINT('',#15145);
#4669=VERTEX_POINT('',#15147);
#4670=VERTEX_POINT('',#15149);
#4671=VERTEX_POINT('',#15154);
#4672=VERTEX_POINT('',#15157);
#4673=VERTEX_POINT('',#15159);
#4674=VERTEX_POINT('',#15161);
#4675=VERTEX_POINT('',#15165);
#4676=VERTEX_POINT('',#15169);
#4677=VERTEX_POINT('',#15173);
#4678=VERTEX_POINT('',#15177);
#4679=VERTEX_POINT('',#15181);
#4680=VERTEX_POINT('',#15185);
#4681=VERTEX_POINT('',#15189);
#4682=VERTEX_POINT('',#15193);
#4683=VERTEX_POINT('',#15195);
#4684=VERTEX_POINT('',#15197);
#4685=VERTEX_POINT('',#15199);
#4686=VERTEX_POINT('',#15201);
#4687=VERTEX_POINT('',#15205);
#4688=VERTEX_POINT('',#15209);
#4689=VERTEX_POINT('',#15226);
#4690=VERTEX_POINT('',#15227);
#4691=VERTEX_POINT('',#15229);
#4692=VERTEX_POINT('',#15231);
#4693=VERTEX_POINT('',#15233);
#4694=VERTEX_POINT('',#15235);
#4695=VERTEX_POINT('',#15237);
#4696=VERTEX_POINT('',#15239);
#4697=VERTEX_POINT('',#15241);
#4698=VERTEX_POINT('',#15243);
#4699=VERTEX_POINT('',#15247);
#4700=VERTEX_POINT('',#15248);
#4701=VERTEX_POINT('',#15250);
#4702=VERTEX_POINT('',#15252);
#4703=VERTEX_POINT('',#15256);
#4704=VERTEX_POINT('',#15257);
#4705=VERTEX_POINT('',#15259);
#4706=VERTEX_POINT('',#15261);
#4707=VERTEX_POINT('',#15263);
#4708=VERTEX_POINT('',#15265);
#4709=VERTEX_POINT('',#15267);
#4710=VERTEX_POINT('',#15269);
#4711=VERTEX_POINT('',#15271);
#4712=VERTEX_POINT('',#15273);
#4713=VERTEX_POINT('',#15290);
#4714=VERTEX_POINT('',#15292);
#4715=VERTEX_POINT('',#15294);
#4716=VERTEX_POINT('',#15296);
#4717=VERTEX_POINT('',#15300);
#4718=VERTEX_POINT('',#15303);
#4719=VERTEX_POINT('',#15305);
#4720=VERTEX_POINT('',#15307);
#4721=VERTEX_POINT('',#15311);
#4722=VERTEX_POINT('',#15315);
#4723=VERTEX_POINT('',#15317);
#4724=VERTEX_POINT('',#15319);
#4725=VERTEX_POINT('',#15321);
#4726=VERTEX_POINT('',#15323);
#4727=VERTEX_POINT('',#15327);
#4728=VERTEX_POINT('',#15331);
#4729=VERTEX_POINT('',#15348);
#4730=VERTEX_POINT('',#15349);
#4731=VERTEX_POINT('',#15351);
#4732=VERTEX_POINT('',#15353);
#4733=VERTEX_POINT('',#15357);
#4734=VERTEX_POINT('',#15358);
#4735=VERTEX_POINT('',#15360);
#4736=VERTEX_POINT('',#15362);
#4737=VERTEX_POINT('',#15364);
#4738=VERTEX_POINT('',#15366);
#4739=VERTEX_POINT('',#15368);
#4740=VERTEX_POINT('',#15370);
#4741=VERTEX_POINT('',#15372);
#4742=VERTEX_POINT('',#15374);
#4743=VERTEX_POINT('',#15378);
#4744=VERTEX_POINT('',#15379);
#4745=VERTEX_POINT('',#15381);
#4746=VERTEX_POINT('',#15383);
#4747=VERTEX_POINT('',#15387);
#4748=VERTEX_POINT('',#15389);
#4749=VERTEX_POINT('',#15391);
#4750=VERTEX_POINT('',#15393);
#4751=VERTEX_POINT('',#15398);
#4752=VERTEX_POINT('',#15401);
#4753=VERTEX_POINT('',#15403);
#4754=VERTEX_POINT('',#15405);
#4755=VERTEX_POINT('',#15409);
#4756=VERTEX_POINT('',#15413);
#4757=VERTEX_POINT('',#15417);
#4758=VERTEX_POINT('',#15421);
#4759=VERTEX_POINT('',#15425);
#4760=VERTEX_POINT('',#15429);
#4761=VERTEX_POINT('',#15433);
#4762=VERTEX_POINT('',#15437);
#4763=VERTEX_POINT('',#15439);
#4764=VERTEX_POINT('',#15441);
#4765=VERTEX_POINT('',#15443);
#4766=VERTEX_POINT('',#15445);
#4767=VERTEX_POINT('',#15449);
#4768=VERTEX_POINT('',#15453);
#4769=VERTEX_POINT('',#15470);
#4770=VERTEX_POINT('',#15471);
#4771=VERTEX_POINT('',#15473);
#4772=VERTEX_POINT('',#15475);
#4773=VERTEX_POINT('',#15477);
#4774=VERTEX_POINT('',#15479);
#4775=VERTEX_POINT('',#15481);
#4776=VERTEX_POINT('',#15483);
#4777=VERTEX_POINT('',#15485);
#4778=VERTEX_POINT('',#15487);
#4779=VERTEX_POINT('',#15491);
#4780=VERTEX_POINT('',#15492);
#4781=VERTEX_POINT('',#15494);
#4782=VERTEX_POINT('',#15496);
#4783=VERTEX_POINT('',#15500);
#4784=VERTEX_POINT('',#15501);
#4785=VERTEX_POINT('',#15503);
#4786=VERTEX_POINT('',#15505);
#4787=VERTEX_POINT('',#15507);
#4788=VERTEX_POINT('',#15509);
#4789=VERTEX_POINT('',#15511);
#4790=VERTEX_POINT('',#15513);
#4791=VERTEX_POINT('',#15515);
#4792=VERTEX_POINT('',#15517);
#4793=VERTEX_POINT('',#15534);
#4794=VERTEX_POINT('',#15536);
#4795=VERTEX_POINT('',#15538);
#4796=VERTEX_POINT('',#15540);
#4797=VERTEX_POINT('',#15544);
#4798=VERTEX_POINT('',#15547);
#4799=VERTEX_POINT('',#15549);
#4800=VERTEX_POINT('',#15551);
#4801=VERTEX_POINT('',#15555);
#4802=VERTEX_POINT('',#15559);
#4803=VERTEX_POINT('',#15561);
#4804=VERTEX_POINT('',#15563);
#4805=VERTEX_POINT('',#15565);
#4806=VERTEX_POINT('',#15567);
#4807=VERTEX_POINT('',#15571);
#4808=VERTEX_POINT('',#15575);
#4809=VERTEX_POINT('',#15592);
#4810=VERTEX_POINT('',#15593);
#4811=VERTEX_POINT('',#15595);
#4812=VERTEX_POINT('',#15597);
#4813=VERTEX_POINT('',#15601);
#4814=VERTEX_POINT('',#15602);
#4815=VERTEX_POINT('',#15604);
#4816=VERTEX_POINT('',#15606);
#4817=VERTEX_POINT('',#15608);
#4818=VERTEX_POINT('',#15610);
#4819=VERTEX_POINT('',#15612);
#4820=VERTEX_POINT('',#15614);
#4821=VERTEX_POINT('',#15616);
#4822=VERTEX_POINT('',#15618);
#4823=VERTEX_POINT('',#15622);
#4824=VERTEX_POINT('',#15623);
#4825=VERTEX_POINT('',#15625);
#4826=VERTEX_POINT('',#15627);
#4827=VERTEX_POINT('',#15631);
#4828=VERTEX_POINT('',#15633);
#4829=VERTEX_POINT('',#15635);
#4830=VERTEX_POINT('',#15637);
#4831=VERTEX_POINT('',#15642);
#4832=VERTEX_POINT('',#15645);
#4833=VERTEX_POINT('',#15647);
#4834=VERTEX_POINT('',#15649);
#4835=VERTEX_POINT('',#15653);
#4836=VERTEX_POINT('',#15657);
#4837=VERTEX_POINT('',#15661);
#4838=VERTEX_POINT('',#15665);
#4839=VERTEX_POINT('',#15669);
#4840=VERTEX_POINT('',#15673);
#4841=VERTEX_POINT('',#15677);
#4842=VERTEX_POINT('',#15681);
#4843=VERTEX_POINT('',#15683);
#4844=VERTEX_POINT('',#15685);
#4845=VERTEX_POINT('',#15687);
#4846=VERTEX_POINT('',#15689);
#4847=VERTEX_POINT('',#15693);
#4848=VERTEX_POINT('',#15697);
#4849=VERTEX_POINT('',#15714);
#4850=VERTEX_POINT('',#15715);
#4851=VERTEX_POINT('',#15717);
#4852=VERTEX_POINT('',#15719);
#4853=VERTEX_POINT('',#15721);
#4854=VERTEX_POINT('',#15723);
#4855=VERTEX_POINT('',#15725);
#4856=VERTEX_POINT('',#15727);
#4857=VERTEX_POINT('',#15729);
#4858=VERTEX_POINT('',#15731);
#4859=VERTEX_POINT('',#15735);
#4860=VERTEX_POINT('',#15736);
#4861=VERTEX_POINT('',#15738);
#4862=VERTEX_POINT('',#15740);
#4863=VERTEX_POINT('',#15744);
#4864=VERTEX_POINT('',#15745);
#4865=VERTEX_POINT('',#15747);
#4866=VERTEX_POINT('',#15749);
#4867=VERTEX_POINT('',#15751);
#4868=VERTEX_POINT('',#15753);
#4869=VERTEX_POINT('',#15755);
#4870=VERTEX_POINT('',#15757);
#4871=VERTEX_POINT('',#15759);
#4872=VERTEX_POINT('',#15761);
#4873=VERTEX_POINT('',#15778);
#4874=VERTEX_POINT('',#15780);
#4875=VERTEX_POINT('',#15782);
#4876=VERTEX_POINT('',#15784);
#4877=VERTEX_POINT('',#15788);
#4878=VERTEX_POINT('',#15791);
#4879=VERTEX_POINT('',#15793);
#4880=VERTEX_POINT('',#15795);
#4881=VERTEX_POINT('',#15799);
#4882=VERTEX_POINT('',#15803);
#4883=VERTEX_POINT('',#15805);
#4884=VERTEX_POINT('',#15807);
#4885=VERTEX_POINT('',#15809);
#4886=VERTEX_POINT('',#15811);
#4887=VERTEX_POINT('',#15815);
#4888=VERTEX_POINT('',#15819);
#4889=VERTEX_POINT('',#15836);
#4890=VERTEX_POINT('',#15837);
#4891=VERTEX_POINT('',#15839);
#4892=VERTEX_POINT('',#15841);
#4893=VERTEX_POINT('',#15845);
#4894=VERTEX_POINT('',#15846);
#4895=VERTEX_POINT('',#15848);
#4896=VERTEX_POINT('',#15850);
#4897=VERTEX_POINT('',#15852);
#4898=VERTEX_POINT('',#15854);
#4899=VERTEX_POINT('',#15856);
#4900=VERTEX_POINT('',#15858);
#4901=VERTEX_POINT('',#15860);
#4902=VERTEX_POINT('',#15862);
#4903=VERTEX_POINT('',#15866);
#4904=VERTEX_POINT('',#15867);
#4905=VERTEX_POINT('',#15869);
#4906=VERTEX_POINT('',#15871);
#4907=VERTEX_POINT('',#15875);
#4908=VERTEX_POINT('',#15877);
#4909=VERTEX_POINT('',#15879);
#4910=VERTEX_POINT('',#15881);
#4911=VERTEX_POINT('',#15886);
#4912=VERTEX_POINT('',#15889);
#4913=VERTEX_POINT('',#15891);
#4914=VERTEX_POINT('',#15893);
#4915=VERTEX_POINT('',#15897);
#4916=VERTEX_POINT('',#15901);
#4917=VERTEX_POINT('',#15905);
#4918=VERTEX_POINT('',#15909);
#4919=VERTEX_POINT('',#15913);
#4920=VERTEX_POINT('',#15917);
#4921=VERTEX_POINT('',#15921);
#4922=VERTEX_POINT('',#15925);
#4923=VERTEX_POINT('',#15927);
#4924=VERTEX_POINT('',#15929);
#4925=VERTEX_POINT('',#15931);
#4926=VERTEX_POINT('',#15933);
#4927=VERTEX_POINT('',#15937);
#4928=VERTEX_POINT('',#15941);
#4929=VERTEX_POINT('',#15958);
#4930=VERTEX_POINT('',#15959);
#4931=VERTEX_POINT('',#15961);
#4932=VERTEX_POINT('',#15963);
#4933=VERTEX_POINT('',#15965);
#4934=VERTEX_POINT('',#15967);
#4935=VERTEX_POINT('',#15969);
#4936=VERTEX_POINT('',#15971);
#4937=VERTEX_POINT('',#15973);
#4938=VERTEX_POINT('',#15975);
#4939=VERTEX_POINT('',#15979);
#4940=VERTEX_POINT('',#15980);
#4941=VERTEX_POINT('',#15982);
#4942=VERTEX_POINT('',#15984);
#4943=VERTEX_POINT('',#15988);
#4944=VERTEX_POINT('',#15989);
#4945=VERTEX_POINT('',#15991);
#4946=VERTEX_POINT('',#15993);
#4947=VERTEX_POINT('',#15995);
#4948=VERTEX_POINT('',#15997);
#4949=VERTEX_POINT('',#15999);
#4950=VERTEX_POINT('',#16001);
#4951=VERTEX_POINT('',#16003);
#4952=VERTEX_POINT('',#16005);
#4953=VERTEX_POINT('',#16022);
#4954=VERTEX_POINT('',#16024);
#4955=VERTEX_POINT('',#16026);
#4956=VERTEX_POINT('',#16028);
#4957=VERTEX_POINT('',#16032);
#4958=VERTEX_POINT('',#16035);
#4959=VERTEX_POINT('',#16037);
#4960=VERTEX_POINT('',#16039);
#4961=VERTEX_POINT('',#16043);
#4962=VERTEX_POINT('',#16047);
#4963=VERTEX_POINT('',#16049);
#4964=VERTEX_POINT('',#16051);
#4965=VERTEX_POINT('',#16053);
#4966=VERTEX_POINT('',#16055);
#4967=VERTEX_POINT('',#16059);
#4968=VERTEX_POINT('',#16063);
#4969=VERTEX_POINT('',#16080);
#4970=VERTEX_POINT('',#16081);
#4971=VERTEX_POINT('',#16083);
#4972=VERTEX_POINT('',#16085);
#4973=VERTEX_POINT('',#16089);
#4974=VERTEX_POINT('',#16090);
#4975=VERTEX_POINT('',#16092);
#4976=VERTEX_POINT('',#16094);
#4977=VERTEX_POINT('',#16096);
#4978=VERTEX_POINT('',#16098);
#4979=VERTEX_POINT('',#16100);
#4980=VERTEX_POINT('',#16102);
#4981=VERTEX_POINT('',#16104);
#4982=VERTEX_POINT('',#16106);
#4983=VERTEX_POINT('',#16110);
#4984=VERTEX_POINT('',#16111);
#4985=VERTEX_POINT('',#16113);
#4986=VERTEX_POINT('',#16115);
#4987=VERTEX_POINT('',#16119);
#4988=VERTEX_POINT('',#16121);
#4989=VERTEX_POINT('',#16123);
#4990=VERTEX_POINT('',#16125);
#4991=VERTEX_POINT('',#16130);
#4992=VERTEX_POINT('',#16133);
#4993=VERTEX_POINT('',#16135);
#4994=VERTEX_POINT('',#16137);
#4995=VERTEX_POINT('',#16141);
#4996=VERTEX_POINT('',#16145);
#4997=VERTEX_POINT('',#16149);
#4998=VERTEX_POINT('',#16153);
#4999=VERTEX_POINT('',#16157);
#5000=VERTEX_POINT('',#16161);
#5001=VERTEX_POINT('',#16165);
#5002=VERTEX_POINT('',#16169);
#5003=VERTEX_POINT('',#16171);
#5004=VERTEX_POINT('',#16173);
#5005=VERTEX_POINT('',#16175);
#5006=VERTEX_POINT('',#16177);
#5007=VERTEX_POINT('',#16181);
#5008=VERTEX_POINT('',#16185);
#5009=VERTEX_POINT('',#16202);
#5010=VERTEX_POINT('',#16203);
#5011=VERTEX_POINT('',#16205);
#5012=VERTEX_POINT('',#16207);
#5013=VERTEX_POINT('',#16209);
#5014=VERTEX_POINT('',#16211);
#5015=VERTEX_POINT('',#16213);
#5016=VERTEX_POINT('',#16215);
#5017=VERTEX_POINT('',#16217);
#5018=VERTEX_POINT('',#16219);
#5019=VERTEX_POINT('',#16223);
#5020=VERTEX_POINT('',#16224);
#5021=VERTEX_POINT('',#16226);
#5022=VERTEX_POINT('',#16228);
#5023=VERTEX_POINT('',#16232);
#5024=VERTEX_POINT('',#16233);
#5025=VERTEX_POINT('',#16235);
#5026=VERTEX_POINT('',#16237);
#5027=VERTEX_POINT('',#16239);
#5028=VERTEX_POINT('',#16241);
#5029=VERTEX_POINT('',#16243);
#5030=VERTEX_POINT('',#16245);
#5031=VERTEX_POINT('',#16247);
#5032=VERTEX_POINT('',#16249);
#5033=VERTEX_POINT('',#16266);
#5034=VERTEX_POINT('',#16268);
#5035=VERTEX_POINT('',#16270);
#5036=VERTEX_POINT('',#16272);
#5037=VERTEX_POINT('',#16276);
#5038=VERTEX_POINT('',#16279);
#5039=VERTEX_POINT('',#16281);
#5040=VERTEX_POINT('',#16283);
#5041=VERTEX_POINT('',#16287);
#5042=VERTEX_POINT('',#16291);
#5043=VERTEX_POINT('',#16293);
#5044=VERTEX_POINT('',#16295);
#5045=VERTEX_POINT('',#16297);
#5046=VERTEX_POINT('',#16299);
#5047=VERTEX_POINT('',#16303);
#5048=VERTEX_POINT('',#16307);
#5049=VERTEX_POINT('',#16324);
#5050=VERTEX_POINT('',#16325);
#5051=VERTEX_POINT('',#16327);
#5052=VERTEX_POINT('',#16329);
#5053=VERTEX_POINT('',#16333);
#5054=VERTEX_POINT('',#16334);
#5055=VERTEX_POINT('',#16336);
#5056=VERTEX_POINT('',#16338);
#5057=VERTEX_POINT('',#16340);
#5058=VERTEX_POINT('',#16342);
#5059=VERTEX_POINT('',#16344);
#5060=VERTEX_POINT('',#16346);
#5061=VERTEX_POINT('',#16348);
#5062=VERTEX_POINT('',#16350);
#5063=VERTEX_POINT('',#16354);
#5064=VERTEX_POINT('',#16355);
#5065=VERTEX_POINT('',#16357);
#5066=VERTEX_POINT('',#16359);
#5067=VERTEX_POINT('',#16363);
#5068=VERTEX_POINT('',#16365);
#5069=VERTEX_POINT('',#16367);
#5070=VERTEX_POINT('',#16369);
#5071=VERTEX_POINT('',#16374);
#5072=VERTEX_POINT('',#16377);
#5073=VERTEX_POINT('',#16379);
#5074=VERTEX_POINT('',#16381);
#5075=VERTEX_POINT('',#16385);
#5076=VERTEX_POINT('',#16389);
#5077=VERTEX_POINT('',#16393);
#5078=VERTEX_POINT('',#16397);
#5079=VERTEX_POINT('',#16401);
#5080=VERTEX_POINT('',#16405);
#5081=VERTEX_POINT('',#16409);
#5082=VERTEX_POINT('',#16413);
#5083=VERTEX_POINT('',#16415);
#5084=VERTEX_POINT('',#16417);
#5085=VERTEX_POINT('',#16419);
#5086=VERTEX_POINT('',#16421);
#5087=VERTEX_POINT('',#16425);
#5088=VERTEX_POINT('',#16429);
#5089=VERTEX_POINT('',#16446);
#5090=VERTEX_POINT('',#16447);
#5091=VERTEX_POINT('',#16449);
#5092=VERTEX_POINT('',#16451);
#5093=VERTEX_POINT('',#16453);
#5094=VERTEX_POINT('',#16455);
#5095=VERTEX_POINT('',#16457);
#5096=VERTEX_POINT('',#16459);
#5097=VERTEX_POINT('',#16461);
#5098=VERTEX_POINT('',#16463);
#5099=VERTEX_POINT('',#16467);
#5100=VERTEX_POINT('',#16468);
#5101=VERTEX_POINT('',#16470);
#5102=VERTEX_POINT('',#16472);
#5103=VERTEX_POINT('',#16476);
#5104=VERTEX_POINT('',#16477);
#5105=VERTEX_POINT('',#16479);
#5106=VERTEX_POINT('',#16481);
#5107=VERTEX_POINT('',#16483);
#5108=VERTEX_POINT('',#16485);
#5109=VERTEX_POINT('',#16487);
#5110=VERTEX_POINT('',#16489);
#5111=VERTEX_POINT('',#16491);
#5112=VERTEX_POINT('',#16493);
#5113=VERTEX_POINT('',#16510);
#5114=VERTEX_POINT('',#16512);
#5115=VERTEX_POINT('',#16514);
#5116=VERTEX_POINT('',#16516);
#5117=VERTEX_POINT('',#16520);
#5118=VERTEX_POINT('',#16523);
#5119=VERTEX_POINT('',#16525);
#5120=VERTEX_POINT('',#16527);
#5121=VERTEX_POINT('',#16531);
#5122=VERTEX_POINT('',#16535);
#5123=VERTEX_POINT('',#16537);
#5124=VERTEX_POINT('',#16539);
#5125=VERTEX_POINT('',#16541);
#5126=VERTEX_POINT('',#16543);
#5127=VERTEX_POINT('',#16547);
#5128=VERTEX_POINT('',#16551);
#5129=VERTEX_POINT('',#16568);
#5130=VERTEX_POINT('',#16569);
#5131=VERTEX_POINT('',#16571);
#5132=VERTEX_POINT('',#16573);
#5133=VERTEX_POINT('',#16577);
#5134=VERTEX_POINT('',#16578);
#5135=VERTEX_POINT('',#16580);
#5136=VERTEX_POINT('',#16582);
#5137=VERTEX_POINT('',#16584);
#5138=VERTEX_POINT('',#16586);
#5139=VERTEX_POINT('',#16588);
#5140=VERTEX_POINT('',#16590);
#5141=VERTEX_POINT('',#16592);
#5142=VERTEX_POINT('',#16594);
#5143=VERTEX_POINT('',#16598);
#5144=VERTEX_POINT('',#16599);
#5145=VERTEX_POINT('',#16601);
#5146=VERTEX_POINT('',#16603);
#5147=VERTEX_POINT('',#16607);
#5148=VERTEX_POINT('',#16609);
#5149=VERTEX_POINT('',#16611);
#5150=VERTEX_POINT('',#16613);
#5151=VERTEX_POINT('',#16618);
#5152=VERTEX_POINT('',#16621);
#5153=VERTEX_POINT('',#16623);
#5154=VERTEX_POINT('',#16625);
#5155=VERTEX_POINT('',#16629);
#5156=VERTEX_POINT('',#16633);
#5157=VERTEX_POINT('',#16637);
#5158=VERTEX_POINT('',#16641);
#5159=VERTEX_POINT('',#16645);
#5160=VERTEX_POINT('',#16649);
#5161=VERTEX_POINT('',#16653);
#5162=VERTEX_POINT('',#16657);
#5163=VERTEX_POINT('',#16659);
#5164=VERTEX_POINT('',#16661);
#5165=VERTEX_POINT('',#16663);
#5166=VERTEX_POINT('',#16665);
#5167=VERTEX_POINT('',#16669);
#5168=VERTEX_POINT('',#16673);
#5169=VERTEX_POINT('',#16690);
#5170=VERTEX_POINT('',#16691);
#5171=VERTEX_POINT('',#16693);
#5172=VERTEX_POINT('',#16695);
#5173=VERTEX_POINT('',#16697);
#5174=VERTEX_POINT('',#16699);
#5175=VERTEX_POINT('',#16701);
#5176=VERTEX_POINT('',#16703);
#5177=VERTEX_POINT('',#16705);
#5178=VERTEX_POINT('',#16707);
#5179=VERTEX_POINT('',#16711);
#5180=VERTEX_POINT('',#16712);
#5181=VERTEX_POINT('',#16714);
#5182=VERTEX_POINT('',#16716);
#5183=VERTEX_POINT('',#16720);
#5184=VERTEX_POINT('',#16721);
#5185=VERTEX_POINT('',#16723);
#5186=VERTEX_POINT('',#16725);
#5187=VERTEX_POINT('',#16727);
#5188=VERTEX_POINT('',#16729);
#5189=VERTEX_POINT('',#16731);
#5190=VERTEX_POINT('',#16733);
#5191=VERTEX_POINT('',#16735);
#5192=VERTEX_POINT('',#16737);
#5193=VERTEX_POINT('',#16754);
#5194=VERTEX_POINT('',#16756);
#5195=VERTEX_POINT('',#16758);
#5196=VERTEX_POINT('',#16760);
#5197=VERTEX_POINT('',#16764);
#5198=VERTEX_POINT('',#16767);
#5199=VERTEX_POINT('',#16769);
#5200=VERTEX_POINT('',#16771);
#5201=VERTEX_POINT('',#16775);
#5202=VERTEX_POINT('',#16779);
#5203=VERTEX_POINT('',#16781);
#5204=VERTEX_POINT('',#16783);
#5205=VERTEX_POINT('',#16785);
#5206=VERTEX_POINT('',#16787);
#5207=VERTEX_POINT('',#16791);
#5208=VERTEX_POINT('',#16795);
#5209=EDGE_CURVE('',#4264,#4264,#4056,.T.);
#5210=EDGE_CURVE('',#4264,#4265,#1692,.T.);
#5211=EDGE_CURVE('',#4265,#4265,#4057,.T.);
#5212=EDGE_CURVE('',#4266,#4267,#1693,.T.);
#5213=EDGE_CURVE('',#4268,#4266,#1694,.T.);
#5214=EDGE_CURVE('',#4268,#4269,#1695,.T.);
#5215=EDGE_CURVE('',#4269,#4267,#1696,.T.);
#5216=EDGE_CURVE('',#4270,#4266,#1697,.T.);
#5217=EDGE_CURVE('',#4271,#4270,#1698,.T.);
#5218=EDGE_CURVE('',#4271,#4268,#1699,.T.);
#5219=EDGE_CURVE('',#4272,#4270,#1700,.T.);
#5220=EDGE_CURVE('',#4273,#4272,#1701,.T.);
#5221=EDGE_CURVE('',#4273,#4271,#1702,.T.);
#5222=EDGE_CURVE('',#4274,#4272,#1703,.T.);
#5223=EDGE_CURVE('',#4275,#4274,#1704,.T.);
#5224=EDGE_CURVE('',#4275,#4273,#1705,.T.);
#5225=EDGE_CURVE('',#4276,#4274,#1706,.T.);
#5226=EDGE_CURVE('',#4277,#4276,#1707,.T.);
#5227=EDGE_CURVE('',#4277,#4275,#1708,.T.);
#5228=EDGE_CURVE('',#4278,#4276,#1709,.T.);
#5229=EDGE_CURVE('',#4279,#4278,#1710,.T.);
#5230=EDGE_CURVE('',#4279,#4277,#1711,.T.);
#5231=EDGE_CURVE('',#4280,#4278,#1712,.T.);
#5232=EDGE_CURVE('',#4281,#4280,#1713,.T.);
#5233=EDGE_CURVE('',#4281,#4279,#1714,.T.);
#5234=EDGE_CURVE('',#4282,#4280,#1715,.T.);
#5235=EDGE_CURVE('',#4283,#4282,#1716,.T.);
#5236=EDGE_CURVE('',#4283,#4281,#1717,.T.);
#5237=EDGE_CURVE('',#4284,#4282,#1718,.T.);
#5238=EDGE_CURVE('',#4285,#4284,#1719,.T.);
#5239=EDGE_CURVE('',#4285,#4283,#1720,.T.);
#5240=EDGE_CURVE('',#4286,#4284,#1721,.T.);
#5241=EDGE_CURVE('',#4287,#4286,#1722,.T.);
#5242=EDGE_CURVE('',#4287,#4285,#1723,.T.);
#5243=EDGE_CURVE('',#4288,#4286,#1724,.T.);
#5244=EDGE_CURVE('',#4289,#4288,#1725,.T.);
#5245=EDGE_CURVE('',#4289,#4287,#1726,.T.);
#5246=EDGE_CURVE('',#4290,#4288,#1727,.T.);
#5247=EDGE_CURVE('',#4291,#4290,#1728,.T.);
#5248=EDGE_CURVE('',#4291,#4289,#1729,.T.);
#5249=EDGE_CURVE('',#4292,#4290,#1730,.T.);
#5250=EDGE_CURVE('',#4293,#4292,#1731,.T.);
#5251=EDGE_CURVE('',#4293,#4291,#1732,.T.);
#5252=EDGE_CURVE('',#4294,#4292,#1733,.T.);
#5253=EDGE_CURVE('',#4295,#4294,#1734,.T.);
#5254=EDGE_CURVE('',#4295,#4293,#1735,.T.);
#5255=EDGE_CURVE('',#4296,#4294,#1736,.T.);
#5256=EDGE_CURVE('',#4297,#4296,#1737,.T.);
#5257=EDGE_CURVE('',#4297,#4295,#1738,.T.);
#5258=EDGE_CURVE('',#4298,#4296,#1739,.T.);
#5259=EDGE_CURVE('',#4299,#4298,#1740,.T.);
#5260=EDGE_CURVE('',#4299,#4297,#1741,.T.);
#5261=EDGE_CURVE('',#4300,#4298,#1742,.T.);
#5262=EDGE_CURVE('',#4301,#4300,#1743,.T.);
#5263=EDGE_CURVE('',#4301,#4299,#1744,.T.);
#5264=EDGE_CURVE('',#4302,#4300,#1745,.T.);
#5265=EDGE_CURVE('',#4303,#4302,#1746,.T.);
#5266=EDGE_CURVE('',#4303,#4301,#1747,.T.);
#5267=EDGE_CURVE('',#4304,#4302,#1748,.T.);
#5268=EDGE_CURVE('',#4305,#4304,#1749,.T.);
#5269=EDGE_CURVE('',#4305,#4303,#1750,.T.);
#5270=EDGE_CURVE('',#4306,#4304,#1751,.T.);
#5271=EDGE_CURVE('',#4307,#4306,#1752,.T.);
#5272=EDGE_CURVE('',#4307,#4305,#1753,.T.);
#5273=EDGE_CURVE('',#4308,#4306,#1754,.T.);
#5274=EDGE_CURVE('',#4309,#4308,#1755,.T.);
#5275=EDGE_CURVE('',#4309,#4307,#1756,.T.);
#5276=EDGE_CURVE('',#4310,#4308,#1757,.T.);
#5277=EDGE_CURVE('',#4311,#4310,#1758,.T.);
#5278=EDGE_CURVE('',#4311,#4309,#1759,.T.);
#5279=EDGE_CURVE('',#4312,#4310,#1760,.T.);
#5280=EDGE_CURVE('',#4313,#4312,#1761,.T.);
#5281=EDGE_CURVE('',#4313,#4311,#1762,.T.);
#5282=EDGE_CURVE('',#4314,#4312,#1763,.T.);
#5283=EDGE_CURVE('',#4315,#4314,#1764,.T.);
#5284=EDGE_CURVE('',#4315,#4313,#1765,.T.);
#5285=EDGE_CURVE('',#4316,#4314,#1766,.T.);
#5286=EDGE_CURVE('',#4317,#4316,#1767,.T.);
#5287=EDGE_CURVE('',#4317,#4315,#1768,.T.);
#5288=EDGE_CURVE('',#4318,#4316,#1769,.T.);
#5289=EDGE_CURVE('',#4319,#4318,#1770,.T.);
#5290=EDGE_CURVE('',#4319,#4317,#1771,.T.);
#5291=EDGE_CURVE('',#4320,#4318,#1772,.T.);
#5292=EDGE_CURVE('',#4321,#4320,#1773,.T.);
#5293=EDGE_CURVE('',#4321,#4319,#1774,.T.);
#5294=EDGE_CURVE('',#4267,#4320,#1775,.T.);
#5295=EDGE_CURVE('',#4269,#4321,#1776,.T.);
#5296=EDGE_CURVE('',#4322,#4322,#4058,.T.);
#5297=EDGE_CURVE('',#4322,#4323,#4059,.T.);
#5298=EDGE_CURVE('',#4323,#4323,#4060,.T.);
#5299=EDGE_CURVE('',#4323,#4324,#1777,.T.);
#5300=EDGE_CURVE('',#4324,#4324,#4061,.T.);
#5301=EDGE_CURVE('',#4325,#4325,#4062,.T.);
#5302=EDGE_CURVE('',#4325,#4326,#1778,.T.);
#5303=EDGE_CURVE('',#4326,#4326,#4063,.T.);
#5304=EDGE_CURVE('',#4327,#4328,#1779,.T.);
#5305=EDGE_CURVE('',#4329,#4328,#1780,.T.);
#5306=EDGE_CURVE('',#4329,#4330,#1781,.T.);
#5307=EDGE_CURVE('',#4330,#4331,#1782,.T.);
#5308=EDGE_CURVE('',#4331,#4332,#1783,.T.);
#5309=EDGE_CURVE('',#4333,#4332,#1784,.T.);
#5310=EDGE_CURVE('',#4333,#4334,#1785,.T.);
#5311=EDGE_CURVE('',#4334,#4335,#1786,.T.);
#5312=EDGE_CURVE('',#4336,#4335,#1787,.T.);
#5313=EDGE_CURVE('',#4337,#4336,#1788,.T.);
#5314=EDGE_CURVE('',#4338,#4337,#1789,.T.);
#5315=EDGE_CURVE('',#4338,#4339,#1790,.T.);
#5316=EDGE_CURVE('',#4340,#4339,#1791,.T.);
#5317=EDGE_CURVE('',#4341,#4340,#1792,.T.);
#5318=EDGE_CURVE('',#4342,#4341,#1793,.T.);
#5319=EDGE_CURVE('',#4342,#4343,#1794,.T.);
#5320=EDGE_CURVE('',#4344,#4343,#1795,.T.);
#5321=EDGE_CURVE('',#4345,#4344,#1796,.T.);
#5322=EDGE_CURVE('',#4345,#4346,#1797,.T.);
#5323=EDGE_CURVE('',#4346,#4327,#1798,.T.);
#5324=EDGE_CURVE('',#4347,#4328,#1799,.T.);
#5325=EDGE_CURVE('',#4348,#4347,#1800,.T.);
#5326=EDGE_CURVE('',#4329,#4348,#1801,.T.);
#5327=EDGE_CURVE('',#4345,#4349,#1802,.T.);
#5328=EDGE_CURVE('',#4344,#4350,#1803,.T.);
#5329=EDGE_CURVE('',#4350,#4351,#1804,.T.);
#5330=EDGE_CURVE('',#4349,#4351,#1805,.T.);
#5331=EDGE_CURVE('',#4352,#4332,#1806,.T.);
#5332=EDGE_CURVE('',#4353,#4352,#1807,.T.);
#5333=EDGE_CURVE('',#4354,#4353,#1808,.T.);
#5334=EDGE_CURVE('',#4333,#4354,#1809,.T.);
#5335=EDGE_CURVE('',#4355,#4356,#1810,.T.);
#5336=EDGE_CURVE('',#4355,#4349,#1811,.T.);
#5337=EDGE_CURVE('',#4351,#4356,#1812,.T.);
#5338=EDGE_CURVE('',#4352,#4357,#1813,.T.);
#5339=EDGE_CURVE('',#4358,#4357,#1814,.T.);
#5340=EDGE_CURVE('',#4353,#4358,#1815,.T.);
#5341=EDGE_CURVE('',#4359,#4342,#1816,.T.);
#5342=EDGE_CURVE('',#4359,#4360,#1817,.T.);
#5343=EDGE_CURVE('',#4361,#4360,#1818,.T.);
#5344=EDGE_CURVE('',#4343,#4361,#1819,.T.);
#5345=EDGE_CURVE('',#4339,#4362,#1820,.T.);
#5346=EDGE_CURVE('',#4363,#4338,#1821,.T.);
#5347=EDGE_CURVE('',#4363,#4362,#1822,.T.);
#5348=EDGE_CURVE('',#4364,#4355,#1823,.T.);
#5349=EDGE_CURVE('',#4356,#4365,#1824,.T.);
#5350=EDGE_CURVE('',#4366,#4365,#1825,.T.);
#5351=EDGE_CURVE('',#4367,#4366,#1826,.T.);
#5352=EDGE_CURVE('',#4368,#4367,#1827,.T.);
#5353=EDGE_CURVE('',#4369,#4368,#1828,.T.);
#5354=EDGE_CURVE('',#4370,#4369,#1829,.T.);
#5355=EDGE_CURVE('',#4371,#4370,#1830,.T.);
#5356=EDGE_CURVE('',#4372,#4371,#1831,.T.);
#5357=EDGE_CURVE('',#4373,#4372,#1832,.T.);
#5358=EDGE_CURVE('',#4374,#4373,#1833,.T.);
#5359=EDGE_CURVE('',#4358,#4374,#1834,.T.);
#5360=EDGE_CURVE('',#4357,#4375,#1835,.T.);
#5361=EDGE_CURVE('',#4375,#4376,#1836,.T.);
#5362=EDGE_CURVE('',#4376,#4377,#1837,.T.);
#5363=EDGE_CURVE('',#4377,#4378,#1838,.T.);
#5364=EDGE_CURVE('',#4378,#4379,#1839,.T.);
#5365=EDGE_CURVE('',#4379,#4364,#1840,.T.);
#5366=EDGE_CURVE('',#4369,#4362,#1841,.T.);
#5367=EDGE_CURVE('',#4363,#4370,#1842,.T.);
#5368=EDGE_CURVE('',#4359,#4366,#1843,.T.);
#5369=EDGE_CURVE('',#4360,#4365,#1844,.T.);
#5370=EDGE_CURVE('',#4373,#4380,#1845,.T.);
#5371=EDGE_CURVE('',#4381,#4380,#1846,.T.);
#5372=EDGE_CURVE('',#4381,#4374,#1847,.T.);
#5373=EDGE_CURVE('',#4382,#4381,#1848,.T.);
#5374=EDGE_CURVE('',#4354,#4382,#1849,.T.);
#5375=EDGE_CURVE('',#4350,#4361,#1850,.T.);
#5376=EDGE_CURVE('',#4334,#4382,#1851,.T.);
#5377=EDGE_CURVE('',#4335,#4380,#1852,.T.);
#5378=EDGE_CURVE('',#4347,#4378,#1853,.T.);
#5379=EDGE_CURVE('',#4377,#4348,#1854,.T.);
#5380=EDGE_CURVE('',#4372,#4383,#1855,.T.);
#5381=EDGE_CURVE('',#4380,#4383,#1856,.T.);
#5382=EDGE_CURVE('',#4383,#4384,#1857,.T.);
#5383=EDGE_CURVE('',#4371,#4384,#1858,.T.);
#5384=EDGE_CURVE('',#4384,#4363,#1859,.T.);
#5385=EDGE_CURVE('',#4368,#4385,#1860,.T.);
#5386=EDGE_CURVE('',#4362,#4385,#1861,.T.);
#5387=EDGE_CURVE('',#4385,#4386,#1862,.T.);
#5388=EDGE_CURVE('',#4367,#4386,#1863,.T.);
#5389=EDGE_CURVE('',#4386,#4359,#1864,.T.);
#5390=EDGE_CURVE('',#4341,#4386,#1865,.T.);
#5391=EDGE_CURVE('',#4340,#4385,#1866,.T.);
#5392=EDGE_CURVE('',#4337,#4384,#1867,.T.);
#5393=EDGE_CURVE('',#4336,#4383,#1868,.T.);
#5394=EDGE_CURVE('',#4352,#4387,#1869,.T.);
#5395=EDGE_CURVE('',#4375,#4387,#1870,.T.);
#5396=EDGE_CURVE('',#4376,#4388,#1871,.T.);
#5397=EDGE_CURVE('',#4388,#4348,#1872,.T.);
#5398=EDGE_CURVE('',#4387,#4388,#1873,.T.);
#5399=EDGE_CURVE('',#4364,#4389,#1874,.T.);
#5400=EDGE_CURVE('',#4389,#4349,#1875,.T.);
#5401=EDGE_CURVE('',#4347,#4390,#1876,.T.);
#5402=EDGE_CURVE('',#4379,#4390,#1877,.T.);
#5403=EDGE_CURVE('',#4390,#4389,#1878,.T.);
#5404=EDGE_CURVE('',#4327,#4390,#1879,.T.);
#5405=EDGE_CURVE('',#4346,#4389,#1880,.T.);
#5406=EDGE_CURVE('',#4330,#4388,#1881,.T.);
#5407=EDGE_CURVE('',#4331,#4387,#1882,.T.);
#5408=EDGE_CURVE('',#4391,#4392,#36,.T.);
#5409=EDGE_CURVE('',#4392,#4393,#1883,.T.);
#5410=EDGE_CURVE('',#4393,#4394,#37,.T.);
#5411=EDGE_CURVE('',#4394,#4391,#1884,.T.);
#5412=EDGE_CURVE('',#4395,#4396,#1885,.T.);
#5413=EDGE_CURVE('',#4397,#4395,#38,.T.);
#5414=EDGE_CURVE('',#4398,#4397,#1886,.T.);
#5415=EDGE_CURVE('',#4396,#4398,#39,.T.);
#5416=EDGE_CURVE('',#4399,#4400,#40,.T.);
#5417=EDGE_CURVE('',#4401,#4399,#1887,.T.);
#5418=EDGE_CURVE('',#4402,#4401,#41,.T.);
#5419=EDGE_CURVE('',#4400,#4402,#1888,.T.);
#5420=EDGE_CURVE('',#4403,#4404,#42,.T.);
#5421=EDGE_CURVE('',#4404,#4405,#1889,.T.);
#5422=EDGE_CURVE('',#4405,#4406,#43,.T.);
#5423=EDGE_CURVE('',#4406,#4403,#1890,.T.);
#5424=EDGE_CURVE('',#4392,#4400,#1891,.T.);
#5425=EDGE_CURVE('',#4391,#4399,#1892,.T.);
#5426=EDGE_CURVE('',#4393,#4402,#1893,.T.);
#5427=EDGE_CURVE('',#4394,#4401,#1894,.T.);
#5428=EDGE_CURVE('',#4397,#4403,#1895,.T.);
#5429=EDGE_CURVE('',#4395,#4404,#1896,.T.);
#5430=EDGE_CURVE('',#4396,#4405,#1897,.T.);
#5431=EDGE_CURVE('',#4398,#4406,#1898,.T.);
#5432=EDGE_CURVE('',#4407,#4408,#44,.T.);
#5433=EDGE_CURVE('',#4408,#4409,#1899,.T.);
#5434=EDGE_CURVE('',#4409,#4410,#1900,.T.);
#5435=EDGE_CURVE('',#4410,#4411,#1901,.T.);
#5436=EDGE_CURVE('',#4411,#4412,#45,.T.);
#5437=EDGE_CURVE('',#4412,#4413,#1902,.T.);
#5438=EDGE_CURVE('',#4413,#4414,#46,.T.);
#5439=EDGE_CURVE('',#4414,#4415,#1903,.T.);
#5440=EDGE_CURVE('',#4415,#4407,#1904,.T.);
#5441=EDGE_CURVE('',#4416,#4417,#47,.T.);
#5442=EDGE_CURVE('',#4418,#4416,#1905,.T.);
#5443=EDGE_CURVE('',#4419,#4418,#1906,.T.);
#5444=EDGE_CURVE('',#4417,#4419,#1907,.T.);
#5445=EDGE_CURVE('',#4420,#4421,#48,.T.);
#5446=EDGE_CURVE('',#4422,#4420,#1908,.T.);
#5447=EDGE_CURVE('',#4423,#4422,#1909,.T.);
#5448=EDGE_CURVE('',#4424,#4423,#49,.T.);
#5449=EDGE_CURVE('',#4425,#4424,#1910,.T.);
#5450=EDGE_CURVE('',#4426,#4425,#50,.T.);
#5451=EDGE_CURVE('',#4427,#4426,#1911,.T.);
#5452=EDGE_CURVE('',#4428,#4427,#1912,.T.);
#5453=EDGE_CURVE('',#4421,#4428,#1913,.T.);
#5454=EDGE_CURVE('',#4429,#4430,#1914,.T.);
#5455=EDGE_CURVE('',#4430,#4431,#51,.T.);
#5456=EDGE_CURVE('',#4431,#4432,#1915,.T.);
#5457=EDGE_CURVE('',#4432,#4429,#1916,.T.);
#5458=EDGE_CURVE('',#4408,#4421,#1917,.T.);
#5459=EDGE_CURVE('',#4407,#4420,#1918,.T.);
#5460=EDGE_CURVE('',#4409,#4428,#1919,.T.);
#5461=EDGE_CURVE('',#4410,#4427,#1920,.T.);
#5462=EDGE_CURVE('',#4411,#4426,#1921,.T.);
#5463=EDGE_CURVE('',#4412,#4425,#1922,.T.);
#5464=EDGE_CURVE('',#4413,#4424,#1923,.T.);
#5465=EDGE_CURVE('',#4414,#4423,#1924,.T.);
#5466=EDGE_CURVE('',#4415,#4422,#1925,.T.);
#5467=EDGE_CURVE('',#4416,#4430,#1926,.T.);
#5468=EDGE_CURVE('',#4417,#4431,#1927,.T.);
#5469=EDGE_CURVE('',#4419,#4432,#1928,.T.);
#5470=EDGE_CURVE('',#4418,#4429,#1929,.T.);
#5471=EDGE_CURVE('',#4433,#4434,#52,.T.);
#5472=EDGE_CURVE('',#4435,#4434,#1930,.T.);
#5473=EDGE_CURVE('',#4436,#4435,#53,.T.);
#5474=EDGE_CURVE('',#4436,#4433,#1931,.T.);
#5475=EDGE_CURVE('',#4434,#4437,#1932,.T.);
#5476=EDGE_CURVE('',#4438,#4437,#1933,.T.);
#5477=EDGE_CURVE('',#4435,#4438,#1934,.T.);
#5478=EDGE_CURVE('',#4437,#4439,#1935,.T.);
#5479=EDGE_CURVE('',#4440,#4439,#1936,.T.);
#5480=EDGE_CURVE('',#4438,#4440,#1937,.T.);
#5481=EDGE_CURVE('',#4439,#4441,#1938,.T.);
#5482=EDGE_CURVE('',#4442,#4441,#1939,.T.);
#5483=EDGE_CURVE('',#4440,#4442,#1940,.T.);
#5484=EDGE_CURVE('',#4441,#4443,#1941,.T.);
#5485=EDGE_CURVE('',#4444,#4443,#1942,.T.);
#5486=EDGE_CURVE('',#4442,#4444,#1943,.T.);
#5487=EDGE_CURVE('',#4443,#4445,#1944,.T.);
#5488=EDGE_CURVE('',#4446,#4445,#1945,.T.);
#5489=EDGE_CURVE('',#4444,#4446,#1946,.T.);
#5490=EDGE_CURVE('',#4445,#4447,#1947,.T.);
#5491=EDGE_CURVE('',#4448,#4447,#1948,.T.);
#5492=EDGE_CURVE('',#4446,#4448,#1949,.T.);
#5493=EDGE_CURVE('',#4447,#4449,#1950,.T.);
#5494=EDGE_CURVE('',#4450,#4449,#1951,.T.);
#5495=EDGE_CURVE('',#4448,#4450,#1952,.T.);
#5496=EDGE_CURVE('',#4449,#4451,#1953,.T.);
#5497=EDGE_CURVE('',#4452,#4451,#1954,.T.);
#5498=EDGE_CURVE('',#4450,#4452,#1955,.T.);
#5499=EDGE_CURVE('',#4451,#4453,#1956,.T.);
#5500=EDGE_CURVE('',#4454,#4453,#1957,.T.);
#5501=EDGE_CURVE('',#4452,#4454,#1958,.T.);
#5502=EDGE_CURVE('',#4453,#4455,#1959,.T.);
#5503=EDGE_CURVE('',#4456,#4455,#1960,.T.);
#5504=EDGE_CURVE('',#4454,#4456,#1961,.T.);
#5505=EDGE_CURVE('',#4455,#4457,#1962,.T.);
#5506=EDGE_CURVE('',#4458,#4457,#1963,.T.);
#5507=EDGE_CURVE('',#4456,#4458,#1964,.T.);
#5508=EDGE_CURVE('',#4457,#4459,#54,.T.);
#5509=EDGE_CURVE('',#4460,#4459,#1965,.T.);
#5510=EDGE_CURVE('',#4458,#4460,#55,.T.);
#5511=EDGE_CURVE('',#4459,#4433,#1966,.T.);
#5512=EDGE_CURVE('',#4460,#4436,#1967,.T.);
#5513=EDGE_CURVE('',#4461,#4462,#56,.T.);
#5514=EDGE_CURVE('',#4463,#4462,#1968,.T.);
#5515=EDGE_CURVE('',#4464,#4463,#57,.T.);
#5516=EDGE_CURVE('',#4464,#4461,#1969,.T.);
#5517=EDGE_CURVE('',#4462,#4465,#1970,.T.);
#5518=EDGE_CURVE('',#4466,#4465,#1971,.T.);
#5519=EDGE_CURVE('',#4463,#4466,#1972,.T.);
#5520=EDGE_CURVE('',#4465,#4467,#1973,.T.);
#5521=EDGE_CURVE('',#4468,#4467,#1974,.T.);
#5522=EDGE_CURVE('',#4466,#4468,#1975,.T.);
#5523=EDGE_CURVE('',#4467,#4469,#1976,.T.);
#5524=EDGE_CURVE('',#4470,#4469,#1977,.T.);
#5525=EDGE_CURVE('',#4468,#4470,#1978,.T.);
#5526=EDGE_CURVE('',#4469,#4471,#1979,.T.);
#5527=EDGE_CURVE('',#4472,#4471,#1980,.T.);
#5528=EDGE_CURVE('',#4470,#4472,#1981,.T.);
#5529=EDGE_CURVE('',#4471,#4473,#1982,.T.);
#5530=EDGE_CURVE('',#4474,#4473,#1983,.T.);
#5531=EDGE_CURVE('',#4472,#4474,#1984,.T.);
#5532=EDGE_CURVE('',#4473,#4475,#58,.T.);
#5533=EDGE_CURVE('',#4476,#4475,#1985,.T.);
#5534=EDGE_CURVE('',#4474,#4476,#59,.T.);
#5535=EDGE_CURVE('',#4475,#4477,#1986,.T.);
#5536=EDGE_CURVE('',#4478,#4477,#1987,.T.);
#5537=EDGE_CURVE('',#4476,#4478,#1988,.T.);
#5538=EDGE_CURVE('',#4477,#4479,#1989,.T.);
#5539=EDGE_CURVE('',#4480,#4479,#1990,.T.);
#5540=EDGE_CURVE('',#4478,#4480,#1991,.T.);
#5541=EDGE_CURVE('',#4479,#4461,#1992,.T.);
#5542=EDGE_CURVE('',#4480,#4464,#1993,.T.);
#5543=EDGE_CURVE('',#4481,#4482,#60,.T.);
#5544=EDGE_CURVE('',#4483,#4482,#1994,.T.);
#5545=EDGE_CURVE('',#4484,#4483,#61,.T.);
#5546=EDGE_CURVE('',#4484,#4481,#1995,.T.);
#5547=EDGE_CURVE('',#4482,#4485,#1996,.T.);
#5548=EDGE_CURVE('',#4486,#4485,#1997,.T.);
#5549=EDGE_CURVE('',#4483,#4486,#1998,.T.);
#5550=EDGE_CURVE('',#4485,#4487,#1999,.T.);
#5551=EDGE_CURVE('',#4488,#4487,#2000,.T.);
#5552=EDGE_CURVE('',#4486,#4488,#2001,.T.);
#5553=EDGE_CURVE('',#4487,#4489,#2002,.T.);
#5554=EDGE_CURVE('',#4490,#4489,#2003,.T.);
#5555=EDGE_CURVE('',#4488,#4490,#2004,.T.);
#5556=EDGE_CURVE('',#4489,#4491,#2005,.T.);
#5557=EDGE_CURVE('',#4492,#4491,#2006,.T.);
#5558=EDGE_CURVE('',#4490,#4492,#2007,.T.);
#5559=EDGE_CURVE('',#4491,#4493,#2008,.T.);
#5560=EDGE_CURVE('',#4494,#4493,#2009,.T.);
#5561=EDGE_CURVE('',#4492,#4494,#2010,.T.);
#5562=EDGE_CURVE('',#4493,#4495,#62,.T.);
#5563=EDGE_CURVE('',#4496,#4495,#2011,.T.);
#5564=EDGE_CURVE('',#4494,#4496,#63,.T.);
#5565=EDGE_CURVE('',#4495,#4497,#2012,.T.);
#5566=EDGE_CURVE('',#4498,#4497,#2013,.T.);
#5567=EDGE_CURVE('',#4496,#4498,#2014,.T.);
#5568=EDGE_CURVE('',#4497,#4499,#2015,.T.);
#5569=EDGE_CURVE('',#4500,#4499,#2016,.T.);
#5570=EDGE_CURVE('',#4498,#4500,#2017,.T.);
#5571=EDGE_CURVE('',#4499,#4481,#2018,.T.);
#5572=EDGE_CURVE('',#4500,#4484,#2019,.T.);
#5573=EDGE_CURVE('',#4501,#4502,#64,.T.);
#5574=EDGE_CURVE('',#4503,#4502,#2020,.T.);
#5575=EDGE_CURVE('',#4504,#4503,#65,.T.);
#5576=EDGE_CURVE('',#4504,#4501,#2021,.T.);
#5577=EDGE_CURVE('',#4502,#4505,#2022,.T.);
#5578=EDGE_CURVE('',#4506,#4505,#2023,.T.);
#5579=EDGE_CURVE('',#4503,#4506,#2024,.T.);
#5580=EDGE_CURVE('',#4505,#4507,#2025,.T.);
#5581=EDGE_CURVE('',#4508,#4507,#2026,.T.);
#5582=EDGE_CURVE('',#4506,#4508,#2027,.T.);
#5583=EDGE_CURVE('',#4507,#4509,#2028,.T.);
#5584=EDGE_CURVE('',#4510,#4509,#2029,.T.);
#5585=EDGE_CURVE('',#4508,#4510,#2030,.T.);
#5586=EDGE_CURVE('',#4509,#4511,#2031,.T.);
#5587=EDGE_CURVE('',#4512,#4511,#2032,.T.);
#5588=EDGE_CURVE('',#4510,#4512,#2033,.T.);
#5589=EDGE_CURVE('',#4511,#4513,#2034,.T.);
#5590=EDGE_CURVE('',#4514,#4513,#2035,.T.);
#5591=EDGE_CURVE('',#4512,#4514,#2036,.T.);
#5592=EDGE_CURVE('',#4513,#4515,#66,.T.);
#5593=EDGE_CURVE('',#4516,#4515,#2037,.T.);
#5594=EDGE_CURVE('',#4514,#4516,#67,.T.);
#5595=EDGE_CURVE('',#4515,#4517,#2038,.T.);
#5596=EDGE_CURVE('',#4518,#4517,#2039,.T.);
#5597=EDGE_CURVE('',#4516,#4518,#2040,.T.);
#5598=EDGE_CURVE('',#4517,#4519,#2041,.T.);
#5599=EDGE_CURVE('',#4520,#4519,#2042,.T.);
#5600=EDGE_CURVE('',#4518,#4520,#2043,.T.);
#5601=EDGE_CURVE('',#4519,#4501,#2044,.T.);
#5602=EDGE_CURVE('',#4520,#4504,#2045,.T.);
#5603=EDGE_CURVE('',#4521,#4522,#68,.T.);
#5604=EDGE_CURVE('',#4523,#4522,#2046,.T.);
#5605=EDGE_CURVE('',#4524,#4523,#69,.T.);
#5606=EDGE_CURVE('',#4524,#4521,#2047,.T.);
#5607=EDGE_CURVE('',#4522,#4525,#2048,.T.);
#5608=EDGE_CURVE('',#4526,#4525,#2049,.T.);
#5609=EDGE_CURVE('',#4523,#4526,#2050,.T.);
#5610=EDGE_CURVE('',#4525,#4527,#70,.T.);
#5611=EDGE_CURVE('',#4528,#4527,#2051,.T.);
#5612=EDGE_CURVE('',#4526,#4528,#71,.T.);
#5613=EDGE_CURVE('',#4527,#4529,#2052,.T.);
#5614=EDGE_CURVE('',#4530,#4529,#2053,.T.);
#5615=EDGE_CURVE('',#4528,#4530,#2054,.T.);
#5616=EDGE_CURVE('',#4529,#4531,#4064,.T.);
#5617=EDGE_CURVE('',#4532,#4531,#2055,.T.);
#5618=EDGE_CURVE('',#4530,#4532,#4065,.T.);
#5619=EDGE_CURVE('',#4531,#4533,#2056,.T.);
#5620=EDGE_CURVE('',#4534,#4533,#2057,.T.);
#5621=EDGE_CURVE('',#4532,#4534,#2058,.T.);
#5622=EDGE_CURVE('',#4533,#4535,#2059,.T.);
#5623=EDGE_CURVE('',#4536,#4535,#2060,.T.);
#5624=EDGE_CURVE('',#4534,#4536,#2061,.T.);
#5625=EDGE_CURVE('',#4535,#4537,#2062,.T.);
#5626=EDGE_CURVE('',#4538,#4537,#2063,.T.);
#5627=EDGE_CURVE('',#4536,#4538,#2064,.T.);
#5628=EDGE_CURVE('',#4537,#4539,#4066,.T.);
#5629=EDGE_CURVE('',#4540,#4539,#2065,.T.);
#5630=EDGE_CURVE('',#4538,#4540,#4067,.T.);
#5631=EDGE_CURVE('',#4539,#4521,#2066,.T.);
#5632=EDGE_CURVE('',#4540,#4524,#2067,.T.);
#5633=EDGE_CURVE('',#4541,#4541,#4068,.T.);
#5634=EDGE_CURVE('',#4541,#4542,#2068,.T.);
#5635=EDGE_CURVE('',#4542,#4542,#4069,.T.);
#5636=EDGE_CURVE('',#4543,#4543,#4070,.T.);
#5637=EDGE_CURVE('',#4543,#4544,#2069,.T.);
#5638=EDGE_CURVE('',#4544,#4544,#4071,.T.);
#5639=EDGE_CURVE('',#4545,#4546,#2070,.T.);
#5640=EDGE_CURVE('',#4547,#4546,#2071,.T.);
#5641=EDGE_CURVE('',#4548,#4547,#2072,.T.);
#5642=EDGE_CURVE('',#4548,#4545,#2073,.T.);
#5643=EDGE_CURVE('',#4546,#4549,#2074,.T.);
#5644=EDGE_CURVE('',#4550,#4549,#2075,.T.);
#5645=EDGE_CURVE('',#4547,#4550,#2076,.T.);
#5646=EDGE_CURVE('',#4549,#4551,#2077,.T.);
#5647=EDGE_CURVE('',#4552,#4551,#2078,.T.);
#5648=EDGE_CURVE('',#4550,#4552,#2079,.T.);
#5649=EDGE_CURVE('',#4551,#4545,#2080,.T.);
#5650=EDGE_CURVE('',#4552,#4548,#2081,.T.);
#5651=EDGE_CURVE('',#4553,#4554,#2082,.T.);
#5652=EDGE_CURVE('',#4555,#4554,#2083,.T.);
#5653=EDGE_CURVE('',#4556,#4555,#2084,.T.);
#5654=EDGE_CURVE('',#4556,#4553,#2085,.T.);
#5655=EDGE_CURVE('',#4554,#4557,#2086,.T.);
#5656=EDGE_CURVE('',#4558,#4557,#2087,.T.);
#5657=EDGE_CURVE('',#4555,#4558,#2088,.T.);
#5658=EDGE_CURVE('',#4557,#4559,#2089,.T.);
#5659=EDGE_CURVE('',#4560,#4559,#2090,.T.);
#5660=EDGE_CURVE('',#4558,#4560,#2091,.T.);
#5661=EDGE_CURVE('',#4559,#4553,#2092,.T.);
#5662=EDGE_CURVE('',#4560,#4556,#2093,.T.);
#5663=EDGE_CURVE('',#4561,#4562,#2094,.T.);
#5664=EDGE_CURVE('',#4563,#4562,#2095,.T.);
#5665=EDGE_CURVE('',#4564,#4563,#2096,.T.);
#5666=EDGE_CURVE('',#4564,#4561,#2097,.T.);
#5667=EDGE_CURVE('',#4562,#4565,#2098,.T.);
#5668=EDGE_CURVE('',#4566,#4565,#2099,.T.);
#5669=EDGE_CURVE('',#4563,#4566,#2100,.T.);
#5670=EDGE_CURVE('',#4565,#4567,#2101,.T.);
#5671=EDGE_CURVE('',#4568,#4567,#2102,.T.);
#5672=EDGE_CURVE('',#4566,#4568,#2103,.T.);
#5673=EDGE_CURVE('',#4567,#4561,#2104,.T.);
#5674=EDGE_CURVE('',#4568,#4564,#2105,.T.);
#5675=EDGE_CURVE('',#4569,#4570,#2106,.T.);
#5676=EDGE_CURVE('',#4569,#4571,#2107,.T.);
#5677=EDGE_CURVE('',#4571,#4572,#2108,.T.);
#5678=EDGE_CURVE('',#4570,#4572,#2109,.T.);
#5679=EDGE_CURVE('',#4573,#4574,#2110,.T.);
#5680=EDGE_CURVE('',#4573,#4575,#4072,.T.);
#5681=EDGE_CURVE('',#4576,#4575,#2111,.T.);
#5682=EDGE_CURVE('',#4577,#4576,#4073,.T.);
#5683=EDGE_CURVE('',#4578,#4577,#2112,.T.);
#5684=EDGE_CURVE('',#4579,#4578,#2113,.T.);
#5685=EDGE_CURVE('',#4579,#4580,#2114,.T.);
#5686=EDGE_CURVE('',#4580,#4581,#4074,.T.);
#5687=EDGE_CURVE('',#4581,#4582,#2115,.T.);
#5688=EDGE_CURVE('',#4574,#4582,#4075,.T.);
#5689=EDGE_CURVE('',#4583,#4584,#2116,.T.);
#5690=EDGE_CURVE('',#4583,#4585,#2117,.T.);
#5691=EDGE_CURVE('',#4586,#4585,#2118,.T.);
#5692=EDGE_CURVE('',#4584,#4586,#2119,.T.);
#5693=EDGE_CURVE('',#4587,#4583,#2120,.T.);
#5694=EDGE_CURVE('',#4588,#4587,#2121,.T.);
#5695=EDGE_CURVE('',#4589,#4588,#2122,.T.);
#5696=EDGE_CURVE('',#4590,#4589,#2123,.T.);
#5697=EDGE_CURVE('',#4590,#4570,#2124,.T.);
#5698=EDGE_CURVE('',#4572,#4585,#2125,.T.);
#5699=EDGE_CURVE('',#4591,#4588,#4076,.T.);
#5700=EDGE_CURVE('',#4591,#4574,#2126,.T.);
#5701=EDGE_CURVE('',#4592,#4582,#2127,.T.);
#5702=EDGE_CURVE('',#4593,#4592,#4077,.T.);
#5703=EDGE_CURVE('',#4594,#4593,#2128,.T.);
#5704=EDGE_CURVE('',#4589,#4594,#4078,.T.);
#5705=EDGE_CURVE('',#4595,#4581,#2129,.T.);
#5706=EDGE_CURVE('',#4595,#4592,#2130,.T.);
#5707=EDGE_CURVE('',#4596,#4580,#2131,.T.);
#5708=EDGE_CURVE('',#4596,#4595,#4079,.T.);
#5709=EDGE_CURVE('',#4597,#4579,#2132,.T.);
#5710=EDGE_CURVE('',#4597,#4596,#2133,.T.);
#5711=EDGE_CURVE('',#4598,#4578,#2134,.T.);
#5712=EDGE_CURVE('',#4597,#4598,#2135,.T.);
#5713=EDGE_CURVE('',#4599,#4577,#2136,.T.);
#5714=EDGE_CURVE('',#4598,#4599,#2137,.T.);
#5715=EDGE_CURVE('',#4600,#4576,#2138,.T.);
#5716=EDGE_CURVE('',#4599,#4600,#4080,.T.);
#5717=EDGE_CURVE('',#4601,#4575,#2139,.T.);
#5718=EDGE_CURVE('',#4600,#4601,#2140,.T.);
#5719=EDGE_CURVE('',#4602,#4573,#2141,.T.);
#5720=EDGE_CURVE('',#4603,#4602,#4081,.T.);
#5721=EDGE_CURVE('',#4604,#4603,#2142,.T.);
#5722=EDGE_CURVE('',#4605,#4604,#4082,.T.);
#5723=EDGE_CURVE('',#4605,#4606,#2143,.T.);
#5724=EDGE_CURVE('',#4606,#4601,#4083,.T.);
#5725=EDGE_CURVE('',#4607,#4603,#2144,.T.);
#5726=EDGE_CURVE('',#4607,#4584,#2145,.T.);
#5727=EDGE_CURVE('',#4571,#4586,#2146,.T.);
#5728=EDGE_CURVE('',#4608,#4569,#2147,.T.);
#5729=EDGE_CURVE('',#4604,#4608,#2148,.T.);
#5730=EDGE_CURVE('',#4593,#4606,#2149,.T.);
#5731=EDGE_CURVE('',#4587,#4607,#2150,.T.);
#5732=EDGE_CURVE('',#4602,#4591,#2151,.T.);
#5733=EDGE_CURVE('',#4594,#4605,#2152,.T.);
#5734=EDGE_CURVE('',#4608,#4590,#2153,.T.);
#5735=EDGE_CURVE('',#4609,#4610,#2154,.T.);
#5736=EDGE_CURVE('',#4609,#4611,#4084,.T.);
#5737=EDGE_CURVE('',#4612,#4611,#2155,.T.);
#5738=EDGE_CURVE('',#4613,#4612,#4085,.T.);
#5739=EDGE_CURVE('',#4614,#4613,#2156,.T.);
#5740=EDGE_CURVE('',#4615,#4614,#2157,.T.);
#5741=EDGE_CURVE('',#4615,#4616,#2158,.T.);
#5742=EDGE_CURVE('',#4616,#4617,#4086,.T.);
#5743=EDGE_CURVE('',#4617,#4618,#2159,.T.);
#5744=EDGE_CURVE('',#4610,#4618,#4087,.T.);
#5745=EDGE_CURVE('',#4619,#4620,#2160,.T.);
#5746=EDGE_CURVE('',#4619,#4621,#2161,.T.);
#5747=EDGE_CURVE('',#4621,#4622,#2162,.T.);
#5748=EDGE_CURVE('',#4620,#4622,#2163,.T.);
#5749=EDGE_CURVE('',#4623,#4624,#2164,.T.);
#5750=EDGE_CURVE('',#4623,#4625,#4088,.T.);
#5751=EDGE_CURVE('',#4626,#4625,#2165,.T.);
#5752=EDGE_CURVE('',#4627,#4626,#4089,.T.);
#5753=EDGE_CURVE('',#4628,#4627,#2166,.T.);
#5754=EDGE_CURVE('',#4628,#4629,#2167,.T.);
#5755=EDGE_CURVE('',#4629,#4630,#2168,.T.);
#5756=EDGE_CURVE('',#4630,#4631,#4090,.T.);
#5757=EDGE_CURVE('',#4631,#4632,#2169,.T.);
#5758=EDGE_CURVE('',#4624,#4632,#4091,.T.);
#5759=EDGE_CURVE('',#4613,#4630,#2170,.T.);
#5760=EDGE_CURVE('',#4612,#4631,#2171,.T.);
#5761=EDGE_CURVE('',#4614,#4629,#2172,.T.);
#5762=EDGE_CURVE('',#4615,#4628,#2173,.T.);
#5763=EDGE_CURVE('',#4616,#4627,#2174,.T.);
#5764=EDGE_CURVE('',#4617,#4626,#2175,.T.);
#5765=EDGE_CURVE('',#4618,#4625,#2176,.T.);
#5766=EDGE_CURVE('',#4633,#4623,#2177,.T.);
#5767=EDGE_CURVE('',#4634,#4633,#4092,.T.);
#5768=EDGE_CURVE('',#4635,#4634,#2178,.T.);
#5769=EDGE_CURVE('',#4636,#4635,#4093,.T.);
#5770=EDGE_CURVE('',#4636,#4610,#2179,.T.);
#5771=EDGE_CURVE('',#4637,#4634,#2180,.T.);
#5772=EDGE_CURVE('',#4637,#4620,#2181,.T.);
#5773=EDGE_CURVE('',#4638,#4622,#2182,.T.);
#5774=EDGE_CURVE('',#4639,#4638,#2183,.T.);
#5775=EDGE_CURVE('',#4640,#4639,#2184,.T.);
#5776=EDGE_CURVE('',#4635,#4640,#2185,.T.);
#5777=EDGE_CURVE('',#4641,#4621,#2186,.T.);
#5778=EDGE_CURVE('',#4641,#4638,#2187,.T.);
#5779=EDGE_CURVE('',#4642,#4619,#2188,.T.);
#5780=EDGE_CURVE('',#4643,#4642,#2189,.T.);
#5781=EDGE_CURVE('',#4644,#4643,#2190,.T.);
#5782=EDGE_CURVE('',#4645,#4644,#2191,.T.);
#5783=EDGE_CURVE('',#4645,#4646,#2192,.T.);
#5784=EDGE_CURVE('',#4646,#4641,#2193,.T.);
#5785=EDGE_CURVE('',#4647,#4643,#4094,.T.);
#5786=EDGE_CURVE('',#4647,#4624,#2194,.T.);
#5787=EDGE_CURVE('',#4611,#4632,#2195,.T.);
#5788=EDGE_CURVE('',#4648,#4609,#2196,.T.);
#5789=EDGE_CURVE('',#4644,#4648,#4095,.T.);
#5790=EDGE_CURVE('',#4639,#4646,#2197,.T.);
#5791=EDGE_CURVE('',#4633,#4647,#2198,.T.);
#5792=EDGE_CURVE('',#4642,#4637,#2199,.T.);
#5793=EDGE_CURVE('',#4640,#4645,#2200,.T.);
#5794=EDGE_CURVE('',#4648,#4636,#2201,.T.);
#5795=EDGE_CURVE('',#4649,#4650,#2202,.T.);
#5796=EDGE_CURVE('',#4649,#4651,#2203,.T.);
#5797=EDGE_CURVE('',#4651,#4652,#2204,.T.);
#5798=EDGE_CURVE('',#4650,#4652,#2205,.T.);
#5799=EDGE_CURVE('',#4653,#4654,#2206,.T.);
#5800=EDGE_CURVE('',#4653,#4655,#4096,.T.);
#5801=EDGE_CURVE('',#4656,#4655,#2207,.T.);
#5802=EDGE_CURVE('',#4657,#4656,#4097,.T.);
#5803=EDGE_CURVE('',#4658,#4657,#2208,.T.);
#5804=EDGE_CURVE('',#4659,#4658,#2209,.T.);
#5805=EDGE_CURVE('',#4659,#4660,#2210,.T.);
#5806=EDGE_CURVE('',#4660,#4661,#4098,.T.);
#5807=EDGE_CURVE('',#4661,#4662,#2211,.T.);
#5808=EDGE_CURVE('',#4654,#4662,#4099,.T.);
#5809=EDGE_CURVE('',#4663,#4664,#2212,.T.);
#5810=EDGE_CURVE('',#4663,#4665,#2213,.T.);
#5811=EDGE_CURVE('',#4666,#4665,#2214,.T.);
#5812=EDGE_CURVE('',#4664,#4666,#2215,.T.);
#5813=EDGE_CURVE('',#4667,#4663,#2216,.T.);
#5814=EDGE_CURVE('',#4668,#4667,#2217,.T.);
#5815=EDGE_CURVE('',#4669,#4668,#2218,.T.);
#5816=EDGE_CURVE('',#4670,#4669,#2219,.T.);
#5817=EDGE_CURVE('',#4670,#4650,#2220,.T.);
#5818=EDGE_CURVE('',#4652,#4665,#2221,.T.);
#5819=EDGE_CURVE('',#4671,#4668,#4100,.T.);
#5820=EDGE_CURVE('',#4671,#4654,#2222,.T.);
#5821=EDGE_CURVE('',#4672,#4662,#2223,.T.);
#5822=EDGE_CURVE('',#4673,#4672,#4101,.T.);
#5823=EDGE_CURVE('',#4674,#4673,#2224,.T.);
#5824=EDGE_CURVE('',#4669,#4674,#4102,.T.);
#5825=EDGE_CURVE('',#4675,#4661,#2225,.T.);
#5826=EDGE_CURVE('',#4675,#4672,#2226,.T.);
#5827=EDGE_CURVE('',#4676,#4660,#2227,.T.);
#5828=EDGE_CURVE('',#4676,#4675,#4103,.T.);
#5829=EDGE_CURVE('',#4677,#4659,#2228,.T.);
#5830=EDGE_CURVE('',#4677,#4676,#2229,.T.);
#5831=EDGE_CURVE('',#4678,#4658,#2230,.T.);
#5832=EDGE_CURVE('',#4677,#4678,#2231,.T.);
#5833=EDGE_CURVE('',#4679,#4657,#2232,.T.);
#5834=EDGE_CURVE('',#4678,#4679,#2233,.T.);
#5835=EDGE_CURVE('',#4680,#4656,#2234,.T.);
#5836=EDGE_CURVE('',#4679,#4680,#4104,.T.);
#5837=EDGE_CURVE('',#4681,#4655,#2235,.T.);
#5838=EDGE_CURVE('',#4680,#4681,#2236,.T.);
#5839=EDGE_CURVE('',#4682,#4653,#2237,.T.);
#5840=EDGE_CURVE('',#4683,#4682,#4105,.T.);
#5841=EDGE_CURVE('',#4684,#4683,#2238,.T.);
#5842=EDGE_CURVE('',#4685,#4684,#4106,.T.);
#5843=EDGE_CURVE('',#4685,#4686,#2239,.T.);
#5844=EDGE_CURVE('',#4686,#4681,#4107,.T.);
#5845=EDGE_CURVE('',#4687,#4683,#2240,.T.);
#5846=EDGE_CURVE('',#4687,#4664,#2241,.T.);
#5847=EDGE_CURVE('',#4651,#4666,#2242,.T.);
#5848=EDGE_CURVE('',#4688,#4649,#2243,.T.);
#5849=EDGE_CURVE('',#4684,#4688,#2244,.T.);
#5850=EDGE_CURVE('',#4673,#4686,#2245,.T.);
#5851=EDGE_CURVE('',#4667,#4687,#2246,.T.);
#5852=EDGE_CURVE('',#4682,#4671,#2247,.T.);
#5853=EDGE_CURVE('',#4674,#4685,#2248,.T.);
#5854=EDGE_CURVE('',#4688,#4670,#2249,.T.);
#5855=EDGE_CURVE('',#4689,#4690,#2250,.T.);
#5856=EDGE_CURVE('',#4689,#4691,#4108,.T.);
#5857=EDGE_CURVE('',#4692,#4691,#2251,.T.);
#5858=EDGE_CURVE('',#4693,#4692,#4109,.T.);
#5859=EDGE_CURVE('',#4694,#4693,#2252,.T.);
#5860=EDGE_CURVE('',#4695,#4694,#2253,.T.);
#5861=EDGE_CURVE('',#4695,#4696,#2254,.T.);
#5862=EDGE_CURVE('',#4696,#4697,#4110,.T.);
#5863=EDGE_CURVE('',#4697,#4698,#2255,.T.);
#5864=EDGE_CURVE('',#4690,#4698,#4111,.T.);
#5865=EDGE_CURVE('',#4699,#4700,#2256,.T.);
#5866=EDGE_CURVE('',#4699,#4701,#2257,.T.);
#5867=EDGE_CURVE('',#4701,#4702,#2258,.T.);
#5868=EDGE_CURVE('',#4700,#4702,#2259,.T.);
#5869=EDGE_CURVE('',#4703,#4704,#2260,.T.);
#5870=EDGE_CURVE('',#4703,#4705,#4112,.T.);
#5871=EDGE_CURVE('',#4706,#4705,#2261,.T.);
#5872=EDGE_CURVE('',#4707,#4706,#4113,.T.);
#5873=EDGE_CURVE('',#4708,#4707,#2262,.T.);
#5874=EDGE_CURVE('',#4708,#4709,#2263,.T.);
#5875=EDGE_CURVE('',#4709,#4710,#2264,.T.);
#5876=EDGE_CURVE('',#4710,#4711,#4114,.T.);
#5877=EDGE_CURVE('',#4711,#4712,#2265,.T.);
#5878=EDGE_CURVE('',#4704,#4712,#4115,.T.);
#5879=EDGE_CURVE('',#4693,#4710,#2266,.T.);
#5880=EDGE_CURVE('',#4692,#4711,#2267,.T.);
#5881=EDGE_CURVE('',#4694,#4709,#2268,.T.);
#5882=EDGE_CURVE('',#4695,#4708,#2269,.T.);
#5883=EDGE_CURVE('',#4696,#4707,#2270,.T.);
#5884=EDGE_CURVE('',#4697,#4706,#2271,.T.);
#5885=EDGE_CURVE('',#4698,#4705,#2272,.T.);
#5886=EDGE_CURVE('',#4713,#4703,#2273,.T.);
#5887=EDGE_CURVE('',#4714,#4713,#4116,.T.);
#5888=EDGE_CURVE('',#4715,#4714,#2274,.T.);
#5889=EDGE_CURVE('',#4716,#4715,#4117,.T.);
#5890=EDGE_CURVE('',#4716,#4690,#2275,.T.);
#5891=EDGE_CURVE('',#4717,#4714,#2276,.T.);
#5892=EDGE_CURVE('',#4717,#4700,#2277,.T.);
#5893=EDGE_CURVE('',#4718,#4702,#2278,.T.);
#5894=EDGE_CURVE('',#4719,#4718,#2279,.T.);
#5895=EDGE_CURVE('',#4720,#4719,#2280,.T.);
#5896=EDGE_CURVE('',#4715,#4720,#2281,.T.);
#5897=EDGE_CURVE('',#4721,#4701,#2282,.T.);
#5898=EDGE_CURVE('',#4721,#4718,#2283,.T.);
#5899=EDGE_CURVE('',#4722,#4699,#2284,.T.);
#5900=EDGE_CURVE('',#4723,#4722,#2285,.T.);
#5901=EDGE_CURVE('',#4724,#4723,#2286,.T.);
#5902=EDGE_CURVE('',#4725,#4724,#2287,.T.);
#5903=EDGE_CURVE('',#4725,#4726,#2288,.T.);
#5904=EDGE_CURVE('',#4726,#4721,#2289,.T.);
#5905=EDGE_CURVE('',#4727,#4723,#4118,.T.);
#5906=EDGE_CURVE('',#4727,#4704,#2290,.T.);
#5907=EDGE_CURVE('',#4691,#4712,#2291,.T.);
#5908=EDGE_CURVE('',#4728,#4689,#2292,.T.);
#5909=EDGE_CURVE('',#4724,#4728,#4119,.T.);
#5910=EDGE_CURVE('',#4719,#4726,#2293,.T.);
#5911=EDGE_CURVE('',#4713,#4727,#2294,.T.);
#5912=EDGE_CURVE('',#4722,#4717,#2295,.T.);
#5913=EDGE_CURVE('',#4720,#4725,#2296,.T.);
#5914=EDGE_CURVE('',#4728,#4716,#2297,.T.);
#5915=EDGE_CURVE('',#4729,#4730,#2298,.T.);
#5916=EDGE_CURVE('',#4729,#4731,#2299,.T.);
#5917=EDGE_CURVE('',#4731,#4732,#2300,.T.);
#5918=EDGE_CURVE('',#4730,#4732,#2301,.T.);
#5919=EDGE_CURVE('',#4733,#4734,#2302,.T.);
#5920=EDGE_CURVE('',#4733,#4735,#4120,.T.);
#5921=EDGE_CURVE('',#4736,#4735,#2303,.T.);
#5922=EDGE_CURVE('',#4737,#4736,#4121,.T.);
#5923=EDGE_CURVE('',#4738,#4737,#2304,.T.);
#5924=EDGE_CURVE('',#4739,#4738,#2305,.T.);
#5925=EDGE_CURVE('',#4739,#4740,#2306,.T.);
#5926=EDGE_CURVE('',#4740,#4741,#4122,.T.);
#5927=EDGE_CURVE('',#4741,#4742,#2307,.T.);
#5928=EDGE_CURVE('',#4734,#4742,#4123,.T.);
#5929=EDGE_CURVE('',#4743,#4744,#2308,.T.);
#5930=EDGE_CURVE('',#4743,#4745,#2309,.T.);
#5931=EDGE_CURVE('',#4746,#4745,#2310,.T.);
#5932=EDGE_CURVE('',#4744,#4746,#2311,.T.);
#5933=EDGE_CURVE('',#4747,#4743,#2312,.T.);
#5934=EDGE_CURVE('',#4748,#4747,#2313,.T.);
#5935=EDGE_CURVE('',#4749,#4748,#2314,.T.);
#5936=EDGE_CURVE('',#4750,#4749,#2315,.T.);
#5937=EDGE_CURVE('',#4750,#4730,#2316,.T.);
#5938=EDGE_CURVE('',#4732,#4745,#2317,.T.);
#5939=EDGE_CURVE('',#4751,#4748,#4124,.T.);
#5940=EDGE_CURVE('',#4751,#4734,#2318,.T.);
#5941=EDGE_CURVE('',#4752,#4742,#2319,.T.);
#5942=EDGE_CURVE('',#4753,#4752,#4125,.T.);
#5943=EDGE_CURVE('',#4754,#4753,#2320,.T.);
#5944=EDGE_CURVE('',#4749,#4754,#4126,.T.);
#5945=EDGE_CURVE('',#4755,#4741,#2321,.T.);
#5946=EDGE_CURVE('',#4755,#4752,#2322,.T.);
#5947=EDGE_CURVE('',#4756,#4740,#2323,.T.);
#5948=EDGE_CURVE('',#4756,#4755,#4127,.T.);
#5949=EDGE_CURVE('',#4757,#4739,#2324,.T.);
#5950=EDGE_CURVE('',#4757,#4756,#2325,.T.);
#5951=EDGE_CURVE('',#4758,#4738,#2326,.T.);
#5952=EDGE_CURVE('',#4757,#4758,#2327,.T.);
#5953=EDGE_CURVE('',#4759,#4737,#2328,.T.);
#5954=EDGE_CURVE('',#4758,#4759,#2329,.T.);
#5955=EDGE_CURVE('',#4760,#4736,#2330,.T.);
#5956=EDGE_CURVE('',#4759,#4760,#4128,.T.);
#5957=EDGE_CURVE('',#4761,#4735,#2331,.T.);
#5958=EDGE_CURVE('',#4760,#4761,#2332,.T.);
#5959=EDGE_CURVE('',#4762,#4733,#2333,.T.);
#5960=EDGE_CURVE('',#4763,#4762,#4129,.T.);
#5961=EDGE_CURVE('',#4764,#4763,#2334,.T.);
#5962=EDGE_CURVE('',#4765,#4764,#4130,.T.);
#5963=EDGE_CURVE('',#4765,#4766,#2335,.T.);
#5964=EDGE_CURVE('',#4766,#4761,#4131,.T.);
#5965=EDGE_CURVE('',#4767,#4763,#2336,.T.);
#5966=EDGE_CURVE('',#4767,#4744,#2337,.T.);
#5967=EDGE_CURVE('',#4731,#4746,#2338,.T.);
#5968=EDGE_CURVE('',#4768,#4729,#2339,.T.);
#5969=EDGE_CURVE('',#4764,#4768,#2340,.T.);
#5970=EDGE_CURVE('',#4753,#4766,#2341,.T.);
#5971=EDGE_CURVE('',#4747,#4767,#2342,.T.);
#5972=EDGE_CURVE('',#4762,#4751,#2343,.T.);
#5973=EDGE_CURVE('',#4754,#4765,#2344,.T.);
#5974=EDGE_CURVE('',#4768,#4750,#2345,.T.);
#5975=EDGE_CURVE('',#4769,#4770,#2346,.T.);
#5976=EDGE_CURVE('',#4769,#4771,#4132,.T.);
#5977=EDGE_CURVE('',#4772,#4771,#2347,.T.);
#5978=EDGE_CURVE('',#4773,#4772,#4133,.T.);
#5979=EDGE_CURVE('',#4774,#4773,#2348,.T.);
#5980=EDGE_CURVE('',#4775,#4774,#2349,.T.);
#5981=EDGE_CURVE('',#4775,#4776,#2350,.T.);
#5982=EDGE_CURVE('',#4776,#4777,#4134,.T.);
#5983=EDGE_CURVE('',#4777,#4778,#2351,.T.);
#5984=EDGE_CURVE('',#4770,#4778,#4135,.T.);
#5985=EDGE_CURVE('',#4779,#4780,#2352,.T.);
#5986=EDGE_CURVE('',#4779,#4781,#2353,.T.);
#5987=EDGE_CURVE('',#4781,#4782,#2354,.T.);
#5988=EDGE_CURVE('',#4780,#4782,#2355,.T.);
#5989=EDGE_CURVE('',#4783,#4784,#2356,.T.);
#5990=EDGE_CURVE('',#4783,#4785,#4136,.T.);
#5991=EDGE_CURVE('',#4786,#4785,#2357,.T.);
#5992=EDGE_CURVE('',#4787,#4786,#4137,.T.);
#5993=EDGE_CURVE('',#4788,#4787,#2358,.T.);
#5994=EDGE_CURVE('',#4788,#4789,#2359,.T.);
#5995=EDGE_CURVE('',#4789,#4790,#2360,.T.);
#5996=EDGE_CURVE('',#4790,#4791,#4138,.T.);
#5997=EDGE_CURVE('',#4791,#4792,#2361,.T.);
#5998=EDGE_CURVE('',#4784,#4792,#4139,.T.);
#5999=EDGE_CURVE('',#4773,#4790,#2362,.T.);
#6000=EDGE_CURVE('',#4772,#4791,#2363,.T.);
#6001=EDGE_CURVE('',#4774,#4789,#2364,.T.);
#6002=EDGE_CURVE('',#4775,#4788,#2365,.T.);
#6003=EDGE_CURVE('',#4776,#4787,#2366,.T.);
#6004=EDGE_CURVE('',#4777,#4786,#2367,.T.);
#6005=EDGE_CURVE('',#4778,#4785,#2368,.T.);
#6006=EDGE_CURVE('',#4793,#4783,#2369,.T.);
#6007=EDGE_CURVE('',#4794,#4793,#4140,.T.);
#6008=EDGE_CURVE('',#4795,#4794,#2370,.T.);
#6009=EDGE_CURVE('',#4796,#4795,#4141,.T.);
#6010=EDGE_CURVE('',#4796,#4770,#2371,.T.);
#6011=EDGE_CURVE('',#4797,#4794,#2372,.T.);
#6012=EDGE_CURVE('',#4797,#4780,#2373,.T.);
#6013=EDGE_CURVE('',#4798,#4782,#2374,.T.);
#6014=EDGE_CURVE('',#4799,#4798,#2375,.T.);
#6015=EDGE_CURVE('',#4800,#4799,#2376,.T.);
#6016=EDGE_CURVE('',#4795,#4800,#2377,.T.);
#6017=EDGE_CURVE('',#4801,#4781,#2378,.T.);
#6018=EDGE_CURVE('',#4801,#4798,#2379,.T.);
#6019=EDGE_CURVE('',#4802,#4779,#2380,.T.);
#6020=EDGE_CURVE('',#4803,#4802,#2381,.T.);
#6021=EDGE_CURVE('',#4804,#4803,#2382,.T.);
#6022=EDGE_CURVE('',#4805,#4804,#2383,.T.);
#6023=EDGE_CURVE('',#4805,#4806,#2384,.T.);
#6024=EDGE_CURVE('',#4806,#4801,#2385,.T.);
#6025=EDGE_CURVE('',#4807,#4803,#4142,.T.);
#6026=EDGE_CURVE('',#4807,#4784,#2386,.T.);
#6027=EDGE_CURVE('',#4771,#4792,#2387,.T.);
#6028=EDGE_CURVE('',#4808,#4769,#2388,.T.);
#6029=EDGE_CURVE('',#4804,#4808,#4143,.T.);
#6030=EDGE_CURVE('',#4799,#4806,#2389,.T.);
#6031=EDGE_CURVE('',#4793,#4807,#2390,.T.);
#6032=EDGE_CURVE('',#4802,#4797,#2391,.T.);
#6033=EDGE_CURVE('',#4800,#4805,#2392,.T.);
#6034=EDGE_CURVE('',#4808,#4796,#2393,.T.);
#6035=EDGE_CURVE('',#4809,#4810,#2394,.T.);
#6036=EDGE_CURVE('',#4809,#4811,#2395,.T.);
#6037=EDGE_CURVE('',#4811,#4812,#2396,.T.);
#6038=EDGE_CURVE('',#4810,#4812,#2397,.T.);
#6039=EDGE_CURVE('',#4813,#4814,#2398,.T.);
#6040=EDGE_CURVE('',#4813,#4815,#4144,.T.);
#6041=EDGE_CURVE('',#4816,#4815,#2399,.T.);
#6042=EDGE_CURVE('',#4817,#4816,#4145,.T.);
#6043=EDGE_CURVE('',#4818,#4817,#2400,.T.);
#6044=EDGE_CURVE('',#4819,#4818,#2401,.T.);
#6045=EDGE_CURVE('',#4819,#4820,#2402,.T.);
#6046=EDGE_CURVE('',#4820,#4821,#4146,.T.);
#6047=EDGE_CURVE('',#4821,#4822,#2403,.T.);
#6048=EDGE_CURVE('',#4814,#4822,#4147,.T.);
#6049=EDGE_CURVE('',#4823,#4824,#2404,.T.);
#6050=EDGE_CURVE('',#4823,#4825,#2405,.T.);
#6051=EDGE_CURVE('',#4826,#4825,#2406,.T.);
#6052=EDGE_CURVE('',#4824,#4826,#2407,.T.);
#6053=EDGE_CURVE('',#4827,#4823,#2408,.T.);
#6054=EDGE_CURVE('',#4828,#4827,#2409,.T.);
#6055=EDGE_CURVE('',#4829,#4828,#2410,.T.);
#6056=EDGE_CURVE('',#4830,#4829,#2411,.T.);
#6057=EDGE_CURVE('',#4830,#4810,#2412,.T.);
#6058=EDGE_CURVE('',#4812,#4825,#2413,.T.);
#6059=EDGE_CURVE('',#4831,#4828,#4148,.T.);
#6060=EDGE_CURVE('',#4831,#4814,#2414,.T.);
#6061=EDGE_CURVE('',#4832,#4822,#2415,.T.);
#6062=EDGE_CURVE('',#4833,#4832,#4149,.T.);
#6063=EDGE_CURVE('',#4834,#4833,#2416,.T.);
#6064=EDGE_CURVE('',#4829,#4834,#4150,.T.);
#6065=EDGE_CURVE('',#4835,#4821,#2417,.T.);
#6066=EDGE_CURVE('',#4835,#4832,#2418,.T.);
#6067=EDGE_CURVE('',#4836,#4820,#2419,.T.);
#6068=EDGE_CURVE('',#4836,#4835,#4151,.T.);
#6069=EDGE_CURVE('',#4837,#4819,#2420,.T.);
#6070=EDGE_CURVE('',#4837,#4836,#2421,.T.);
#6071=EDGE_CURVE('',#4838,#4818,#2422,.T.);
#6072=EDGE_CURVE('',#4837,#4838,#2423,.T.);
#6073=EDGE_CURVE('',#4839,#4817,#2424,.T.);
#6074=EDGE_CURVE('',#4838,#4839,#2425,.T.);
#6075=EDGE_CURVE('',#4840,#4816,#2426,.T.);
#6076=EDGE_CURVE('',#4839,#4840,#4152,.T.);
#6077=EDGE_CURVE('',#4841,#4815,#2427,.T.);
#6078=EDGE_CURVE('',#4840,#4841,#2428,.T.);
#6079=EDGE_CURVE('',#4842,#4813,#2429,.T.);
#6080=EDGE_CURVE('',#4843,#4842,#4153,.T.);
#6081=EDGE_CURVE('',#4844,#4843,#2430,.T.);
#6082=EDGE_CURVE('',#4845,#4844,#4154,.T.);
#6083=EDGE_CURVE('',#4845,#4846,#2431,.T.);
#6084=EDGE_CURVE('',#4846,#4841,#4155,.T.);
#6085=EDGE_CURVE('',#4847,#4843,#2432,.T.);
#6086=EDGE_CURVE('',#4847,#4824,#2433,.T.);
#6087=EDGE_CURVE('',#4811,#4826,#2434,.T.);
#6088=EDGE_CURVE('',#4848,#4809,#2435,.T.);
#6089=EDGE_CURVE('',#4844,#4848,#2436,.T.);
#6090=EDGE_CURVE('',#4833,#4846,#2437,.T.);
#6091=EDGE_CURVE('',#4827,#4847,#2438,.T.);
#6092=EDGE_CURVE('',#4842,#4831,#2439,.T.);
#6093=EDGE_CURVE('',#4834,#4845,#2440,.T.);
#6094=EDGE_CURVE('',#4848,#4830,#2441,.T.);
#6095=EDGE_CURVE('',#4849,#4850,#2442,.T.);
#6096=EDGE_CURVE('',#4849,#4851,#4156,.T.);
#6097=EDGE_CURVE('',#4852,#4851,#2443,.T.);
#6098=EDGE_CURVE('',#4853,#4852,#4157,.T.);
#6099=EDGE_CURVE('',#4854,#4853,#2444,.T.);
#6100=EDGE_CURVE('',#4855,#4854,#2445,.T.);
#6101=EDGE_CURVE('',#4855,#4856,#2446,.T.);
#6102=EDGE_CURVE('',#4856,#4857,#4158,.T.);
#6103=EDGE_CURVE('',#4857,#4858,#2447,.T.);
#6104=EDGE_CURVE('',#4850,#4858,#4159,.T.);
#6105=EDGE_CURVE('',#4859,#4860,#2448,.T.);
#6106=EDGE_CURVE('',#4859,#4861,#2449,.T.);
#6107=EDGE_CURVE('',#4861,#4862,#2450,.T.);
#6108=EDGE_CURVE('',#4860,#4862,#2451,.T.);
#6109=EDGE_CURVE('',#4863,#4864,#2452,.T.);
#6110=EDGE_CURVE('',#4863,#4865,#4160,.T.);
#6111=EDGE_CURVE('',#4866,#4865,#2453,.T.);
#6112=EDGE_CURVE('',#4867,#4866,#4161,.T.);
#6113=EDGE_CURVE('',#4868,#4867,#2454,.T.);
#6114=EDGE_CURVE('',#4868,#4869,#2455,.T.);
#6115=EDGE_CURVE('',#4869,#4870,#2456,.T.);
#6116=EDGE_CURVE('',#4870,#4871,#4162,.T.);
#6117=EDGE_CURVE('',#4871,#4872,#2457,.T.);
#6118=EDGE_CURVE('',#4864,#4872,#4163,.T.);
#6119=EDGE_CURVE('',#4853,#4870,#2458,.T.);
#6120=EDGE_CURVE('',#4852,#4871,#2459,.T.);
#6121=EDGE_CURVE('',#4854,#4869,#2460,.T.);
#6122=EDGE_CURVE('',#4855,#4868,#2461,.T.);
#6123=EDGE_CURVE('',#4856,#4867,#2462,.T.);
#6124=EDGE_CURVE('',#4857,#4866,#2463,.T.);
#6125=EDGE_CURVE('',#4858,#4865,#2464,.T.);
#6126=EDGE_CURVE('',#4873,#4863,#2465,.T.);
#6127=EDGE_CURVE('',#4874,#4873,#4164,.T.);
#6128=EDGE_CURVE('',#4875,#4874,#2466,.T.);
#6129=EDGE_CURVE('',#4876,#4875,#4165,.T.);
#6130=EDGE_CURVE('',#4876,#4850,#2467,.T.);
#6131=EDGE_CURVE('',#4877,#4874,#2468,.T.);
#6132=EDGE_CURVE('',#4877,#4860,#2469,.T.);
#6133=EDGE_CURVE('',#4878,#4862,#2470,.T.);
#6134=EDGE_CURVE('',#4879,#4878,#2471,.T.);
#6135=EDGE_CURVE('',#4880,#4879,#2472,.T.);
#6136=EDGE_CURVE('',#4875,#4880,#2473,.T.);
#6137=EDGE_CURVE('',#4881,#4861,#2474,.T.);
#6138=EDGE_CURVE('',#4881,#4878,#2475,.T.);
#6139=EDGE_CURVE('',#4882,#4859,#2476,.T.);
#6140=EDGE_CURVE('',#4883,#4882,#2477,.T.);
#6141=EDGE_CURVE('',#4884,#4883,#2478,.T.);
#6142=EDGE_CURVE('',#4885,#4884,#2479,.T.);
#6143=EDGE_CURVE('',#4885,#4886,#2480,.T.);
#6144=EDGE_CURVE('',#4886,#4881,#2481,.T.);
#6145=EDGE_CURVE('',#4887,#4883,#4166,.T.);
#6146=EDGE_CURVE('',#4887,#4864,#2482,.T.);
#6147=EDGE_CURVE('',#4851,#4872,#2483,.T.);
#6148=EDGE_CURVE('',#4888,#4849,#2484,.T.);
#6149=EDGE_CURVE('',#4884,#4888,#4167,.T.);
#6150=EDGE_CURVE('',#4879,#4886,#2485,.T.);
#6151=EDGE_CURVE('',#4873,#4887,#2486,.T.);
#6152=EDGE_CURVE('',#4882,#4877,#2487,.T.);
#6153=EDGE_CURVE('',#4880,#4885,#2488,.T.);
#6154=EDGE_CURVE('',#4888,#4876,#2489,.T.);
#6155=EDGE_CURVE('',#4889,#4890,#2490,.T.);
#6156=EDGE_CURVE('',#4889,#4891,#2491,.T.);
#6157=EDGE_CURVE('',#4891,#4892,#2492,.T.);
#6158=EDGE_CURVE('',#4890,#4892,#2493,.T.);
#6159=EDGE_CURVE('',#4893,#4894,#2494,.T.);
#6160=EDGE_CURVE('',#4893,#4895,#4168,.T.);
#6161=EDGE_CURVE('',#4896,#4895,#2495,.T.);
#6162=EDGE_CURVE('',#4897,#4896,#4169,.T.);
#6163=EDGE_CURVE('',#4898,#4897,#2496,.T.);
#6164=EDGE_CURVE('',#4899,#4898,#2497,.T.);
#6165=EDGE_CURVE('',#4899,#4900,#2498,.T.);
#6166=EDGE_CURVE('',#4900,#4901,#4170,.T.);
#6167=EDGE_CURVE('',#4901,#4902,#2499,.T.);
#6168=EDGE_CURVE('',#4894,#4902,#4171,.T.);
#6169=EDGE_CURVE('',#4903,#4904,#2500,.T.);
#6170=EDGE_CURVE('',#4903,#4905,#2501,.T.);
#6171=EDGE_CURVE('',#4906,#4905,#2502,.T.);
#6172=EDGE_CURVE('',#4904,#4906,#2503,.T.);
#6173=EDGE_CURVE('',#4907,#4903,#2504,.T.);
#6174=EDGE_CURVE('',#4908,#4907,#2505,.T.);
#6175=EDGE_CURVE('',#4909,#4908,#2506,.T.);
#6176=EDGE_CURVE('',#4910,#4909,#2507,.T.);
#6177=EDGE_CURVE('',#4910,#4890,#2508,.T.);
#6178=EDGE_CURVE('',#4892,#4905,#2509,.T.);
#6179=EDGE_CURVE('',#4911,#4908,#4172,.T.);
#6180=EDGE_CURVE('',#4911,#4894,#2510,.T.);
#6181=EDGE_CURVE('',#4912,#4902,#2511,.T.);
#6182=EDGE_CURVE('',#4913,#4912,#4173,.T.);
#6183=EDGE_CURVE('',#4914,#4913,#2512,.T.);
#6184=EDGE_CURVE('',#4909,#4914,#4174,.T.);
#6185=EDGE_CURVE('',#4915,#4901,#2513,.T.);
#6186=EDGE_CURVE('',#4915,#4912,#2514,.T.);
#6187=EDGE_CURVE('',#4916,#4900,#2515,.T.);
#6188=EDGE_CURVE('',#4916,#4915,#4175,.T.);
#6189=EDGE_CURVE('',#4917,#4899,#2516,.T.);
#6190=EDGE_CURVE('',#4917,#4916,#2517,.T.);
#6191=EDGE_CURVE('',#4918,#4898,#2518,.T.);
#6192=EDGE_CURVE('',#4917,#4918,#2519,.T.);
#6193=EDGE_CURVE('',#4919,#4897,#2520,.T.);
#6194=EDGE_CURVE('',#4918,#4919,#2521,.T.);
#6195=EDGE_CURVE('',#4920,#4896,#2522,.T.);
#6196=EDGE_CURVE('',#4919,#4920,#4176,.T.);
#6197=EDGE_CURVE('',#4921,#4895,#2523,.T.);
#6198=EDGE_CURVE('',#4920,#4921,#2524,.T.);
#6199=EDGE_CURVE('',#4922,#4893,#2525,.T.);
#6200=EDGE_CURVE('',#4923,#4922,#4177,.T.);
#6201=EDGE_CURVE('',#4924,#4923,#2526,.T.);
#6202=EDGE_CURVE('',#4925,#4924,#4178,.T.);
#6203=EDGE_CURVE('',#4925,#4926,#2527,.T.);
#6204=EDGE_CURVE('',#4926,#4921,#4179,.T.);
#6205=EDGE_CURVE('',#4927,#4923,#2528,.T.);
#6206=EDGE_CURVE('',#4927,#4904,#2529,.T.);
#6207=EDGE_CURVE('',#4891,#4906,#2530,.T.);
#6208=EDGE_CURVE('',#4928,#4889,#2531,.T.);
#6209=EDGE_CURVE('',#4924,#4928,#2532,.T.);
#6210=EDGE_CURVE('',#4913,#4926,#2533,.T.);
#6211=EDGE_CURVE('',#4907,#4927,#2534,.T.);
#6212=EDGE_CURVE('',#4922,#4911,#2535,.T.);
#6213=EDGE_CURVE('',#4914,#4925,#2536,.T.);
#6214=EDGE_CURVE('',#4928,#4910,#2537,.T.);
#6215=EDGE_CURVE('',#4929,#4930,#2538,.T.);
#6216=EDGE_CURVE('',#4929,#4931,#4180,.T.);
#6217=EDGE_CURVE('',#4932,#4931,#2539,.T.);
#6218=EDGE_CURVE('',#4933,#4932,#4181,.T.);
#6219=EDGE_CURVE('',#4934,#4933,#2540,.T.);
#6220=EDGE_CURVE('',#4935,#4934,#2541,.T.);
#6221=EDGE_CURVE('',#4935,#4936,#2542,.T.);
#6222=EDGE_CURVE('',#4936,#4937,#4182,.T.);
#6223=EDGE_CURVE('',#4937,#4938,#2543,.T.);
#6224=EDGE_CURVE('',#4930,#4938,#4183,.T.);
#6225=EDGE_CURVE('',#4939,#4940,#2544,.T.);
#6226=EDGE_CURVE('',#4939,#4941,#2545,.T.);
#6227=EDGE_CURVE('',#4941,#4942,#2546,.T.);
#6228=EDGE_CURVE('',#4940,#4942,#2547,.T.);
#6229=EDGE_CURVE('',#4943,#4944,#2548,.T.);
#6230=EDGE_CURVE('',#4943,#4945,#4184,.T.);
#6231=EDGE_CURVE('',#4946,#4945,#2549,.T.);
#6232=EDGE_CURVE('',#4947,#4946,#4185,.T.);
#6233=EDGE_CURVE('',#4948,#4947,#2550,.T.);
#6234=EDGE_CURVE('',#4948,#4949,#2551,.T.);
#6235=EDGE_CURVE('',#4949,#4950,#2552,.T.);
#6236=EDGE_CURVE('',#4950,#4951,#4186,.T.);
#6237=EDGE_CURVE('',#4951,#4952,#2553,.T.);
#6238=EDGE_CURVE('',#4944,#4952,#4187,.T.);
#6239=EDGE_CURVE('',#4933,#4950,#2554,.T.);
#6240=EDGE_CURVE('',#4932,#4951,#2555,.T.);
#6241=EDGE_CURVE('',#4934,#4949,#2556,.T.);
#6242=EDGE_CURVE('',#4935,#4948,#2557,.T.);
#6243=EDGE_CURVE('',#4936,#4947,#2558,.T.);
#6244=EDGE_CURVE('',#4937,#4946,#2559,.T.);
#6245=EDGE_CURVE('',#4938,#4945,#2560,.T.);
#6246=EDGE_CURVE('',#4953,#4943,#2561,.T.);
#6247=EDGE_CURVE('',#4954,#4953,#4188,.T.);
#6248=EDGE_CURVE('',#4955,#4954,#2562,.T.);
#6249=EDGE_CURVE('',#4956,#4955,#4189,.T.);
#6250=EDGE_CURVE('',#4956,#4930,#2563,.T.);
#6251=EDGE_CURVE('',#4957,#4954,#2564,.T.);
#6252=EDGE_CURVE('',#4957,#4940,#2565,.T.);
#6253=EDGE_CURVE('',#4958,#4942,#2566,.T.);
#6254=EDGE_CURVE('',#4959,#4958,#2567,.T.);
#6255=EDGE_CURVE('',#4960,#4959,#2568,.T.);
#6256=EDGE_CURVE('',#4955,#4960,#2569,.T.);
#6257=EDGE_CURVE('',#4961,#4941,#2570,.T.);
#6258=EDGE_CURVE('',#4961,#4958,#2571,.T.);
#6259=EDGE_CURVE('',#4962,#4939,#2572,.T.);
#6260=EDGE_CURVE('',#4963,#4962,#2573,.T.);
#6261=EDGE_CURVE('',#4964,#4963,#2574,.T.);
#6262=EDGE_CURVE('',#4965,#4964,#2575,.T.);
#6263=EDGE_CURVE('',#4965,#4966,#2576,.T.);
#6264=EDGE_CURVE('',#4966,#4961,#2577,.T.);
#6265=EDGE_CURVE('',#4967,#4963,#4190,.T.);
#6266=EDGE_CURVE('',#4967,#4944,#2578,.T.);
#6267=EDGE_CURVE('',#4931,#4952,#2579,.T.);
#6268=EDGE_CURVE('',#4968,#4929,#2580,.T.);
#6269=EDGE_CURVE('',#4964,#4968,#4191,.T.);
#6270=EDGE_CURVE('',#4959,#4966,#2581,.T.);
#6271=EDGE_CURVE('',#4953,#4967,#2582,.T.);
#6272=EDGE_CURVE('',#4962,#4957,#2583,.T.);
#6273=EDGE_CURVE('',#4960,#4965,#2584,.T.);
#6274=EDGE_CURVE('',#4968,#4956,#2585,.T.);
#6275=EDGE_CURVE('',#4969,#4970,#2586,.T.);
#6276=EDGE_CURVE('',#4969,#4971,#2587,.T.);
#6277=EDGE_CURVE('',#4971,#4972,#2588,.T.);
#6278=EDGE_CURVE('',#4970,#4972,#2589,.T.);
#6279=EDGE_CURVE('',#4973,#4974,#2590,.T.);
#6280=EDGE_CURVE('',#4973,#4975,#4192,.T.);
#6281=EDGE_CURVE('',#4976,#4975,#2591,.T.);
#6282=EDGE_CURVE('',#4977,#4976,#4193,.T.);
#6283=EDGE_CURVE('',#4978,#4977,#2592,.T.);
#6284=EDGE_CURVE('',#4979,#4978,#2593,.T.);
#6285=EDGE_CURVE('',#4979,#4980,#2594,.T.);
#6286=EDGE_CURVE('',#4980,#4981,#4194,.T.);
#6287=EDGE_CURVE('',#4981,#4982,#2595,.T.);
#6288=EDGE_CURVE('',#4974,#4982,#4195,.T.);
#6289=EDGE_CURVE('',#4983,#4984,#2596,.T.);
#6290=EDGE_CURVE('',#4983,#4985,#2597,.T.);
#6291=EDGE_CURVE('',#4986,#4985,#2598,.T.);
#6292=EDGE_CURVE('',#4984,#4986,#2599,.T.);
#6293=EDGE_CURVE('',#4987,#4983,#2600,.T.);
#6294=EDGE_CURVE('',#4988,#4987,#2601,.T.);
#6295=EDGE_CURVE('',#4989,#4988,#2602,.T.);
#6296=EDGE_CURVE('',#4990,#4989,#2603,.T.);
#6297=EDGE_CURVE('',#4990,#4970,#2604,.T.);
#6298=EDGE_CURVE('',#4972,#4985,#2605,.T.);
#6299=EDGE_CURVE('',#4991,#4988,#4196,.T.);
#6300=EDGE_CURVE('',#4991,#4974,#2606,.T.);
#6301=EDGE_CURVE('',#4992,#4982,#2607,.T.);
#6302=EDGE_CURVE('',#4993,#4992,#4197,.T.);
#6303=EDGE_CURVE('',#4994,#4993,#2608,.T.);
#6304=EDGE_CURVE('',#4989,#4994,#4198,.T.);
#6305=EDGE_CURVE('',#4995,#4981,#2609,.T.);
#6306=EDGE_CURVE('',#4995,#4992,#2610,.T.);
#6307=EDGE_CURVE('',#4996,#4980,#2611,.T.);
#6308=EDGE_CURVE('',#4996,#4995,#4199,.T.);
#6309=EDGE_CURVE('',#4997,#4979,#2612,.T.);
#6310=EDGE_CURVE('',#4997,#4996,#2613,.T.);
#6311=EDGE_CURVE('',#4998,#4978,#2614,.T.);
#6312=EDGE_CURVE('',#4997,#4998,#2615,.T.);
#6313=EDGE_CURVE('',#4999,#4977,#2616,.T.);
#6314=EDGE_CURVE('',#4998,#4999,#2617,.T.);
#6315=EDGE_CURVE('',#5000,#4976,#2618,.T.);
#6316=EDGE_CURVE('',#4999,#5000,#4200,.T.);
#6317=EDGE_CURVE('',#5001,#4975,#2619,.T.);
#6318=EDGE_CURVE('',#5000,#5001,#2620,.T.);
#6319=EDGE_CURVE('',#5002,#4973,#2621,.T.);
#6320=EDGE_CURVE('',#5003,#5002,#4201,.T.);
#6321=EDGE_CURVE('',#5004,#5003,#2622,.T.);
#6322=EDGE_CURVE('',#5005,#5004,#4202,.T.);
#6323=EDGE_CURVE('',#5005,#5006,#2623,.T.);
#6324=EDGE_CURVE('',#5006,#5001,#4203,.T.);
#6325=EDGE_CURVE('',#5007,#5003,#2624,.T.);
#6326=EDGE_CURVE('',#5007,#4984,#2625,.T.);
#6327=EDGE_CURVE('',#4971,#4986,#2626,.T.);
#6328=EDGE_CURVE('',#5008,#4969,#2627,.T.);
#6329=EDGE_CURVE('',#5004,#5008,#2628,.T.);
#6330=EDGE_CURVE('',#4993,#5006,#2629,.T.);
#6331=EDGE_CURVE('',#4987,#5007,#2630,.T.);
#6332=EDGE_CURVE('',#5002,#4991,#2631,.T.);
#6333=EDGE_CURVE('',#4994,#5005,#2632,.T.);
#6334=EDGE_CURVE('',#5008,#4990,#2633,.T.);
#6335=EDGE_CURVE('',#5009,#5010,#2634,.T.);
#6336=EDGE_CURVE('',#5009,#5011,#4204,.T.);
#6337=EDGE_CURVE('',#5012,#5011,#2635,.T.);
#6338=EDGE_CURVE('',#5013,#5012,#4205,.T.);
#6339=EDGE_CURVE('',#5014,#5013,#2636,.T.);
#6340=EDGE_CURVE('',#5015,#5014,#2637,.T.);
#6341=EDGE_CURVE('',#5015,#5016,#2638,.T.);
#6342=EDGE_CURVE('',#5016,#5017,#4206,.T.);
#6343=EDGE_CURVE('',#5017,#5018,#2639,.T.);
#6344=EDGE_CURVE('',#5010,#5018,#4207,.T.);
#6345=EDGE_CURVE('',#5019,#5020,#2640,.T.);
#6346=EDGE_CURVE('',#5019,#5021,#2641,.T.);
#6347=EDGE_CURVE('',#5021,#5022,#2642,.T.);
#6348=EDGE_CURVE('',#5020,#5022,#2643,.T.);
#6349=EDGE_CURVE('',#5023,#5024,#2644,.T.);
#6350=EDGE_CURVE('',#5023,#5025,#4208,.T.);
#6351=EDGE_CURVE('',#5026,#5025,#2645,.T.);
#6352=EDGE_CURVE('',#5027,#5026,#4209,.T.);
#6353=EDGE_CURVE('',#5028,#5027,#2646,.T.);
#6354=EDGE_CURVE('',#5028,#5029,#2647,.T.);
#6355=EDGE_CURVE('',#5029,#5030,#2648,.T.);
#6356=EDGE_CURVE('',#5030,#5031,#4210,.T.);
#6357=EDGE_CURVE('',#5031,#5032,#2649,.T.);
#6358=EDGE_CURVE('',#5024,#5032,#4211,.T.);
#6359=EDGE_CURVE('',#5013,#5030,#2650,.T.);
#6360=EDGE_CURVE('',#5012,#5031,#2651,.T.);
#6361=EDGE_CURVE('',#5014,#5029,#2652,.T.);
#6362=EDGE_CURVE('',#5015,#5028,#2653,.T.);
#6363=EDGE_CURVE('',#5016,#5027,#2654,.T.);
#6364=EDGE_CURVE('',#5017,#5026,#2655,.T.);
#6365=EDGE_CURVE('',#5018,#5025,#2656,.T.);
#6366=EDGE_CURVE('',#5033,#5023,#2657,.T.);
#6367=EDGE_CURVE('',#5034,#5033,#4212,.T.);
#6368=EDGE_CURVE('',#5035,#5034,#2658,.T.);
#6369=EDGE_CURVE('',#5036,#5035,#4213,.T.);
#6370=EDGE_CURVE('',#5036,#5010,#2659,.T.);
#6371=EDGE_CURVE('',#5037,#5034,#2660,.T.);
#6372=EDGE_CURVE('',#5037,#5020,#2661,.T.);
#6373=EDGE_CURVE('',#5038,#5022,#2662,.T.);
#6374=EDGE_CURVE('',#5039,#5038,#2663,.T.);
#6375=EDGE_CURVE('',#5040,#5039,#2664,.T.);
#6376=EDGE_CURVE('',#5035,#5040,#2665,.T.);
#6377=EDGE_CURVE('',#5041,#5021,#2666,.T.);
#6378=EDGE_CURVE('',#5041,#5038,#2667,.T.);
#6379=EDGE_CURVE('',#5042,#5019,#2668,.T.);
#6380=EDGE_CURVE('',#5043,#5042,#2669,.T.);
#6381=EDGE_CURVE('',#5044,#5043,#2670,.T.);
#6382=EDGE_CURVE('',#5045,#5044,#2671,.T.);
#6383=EDGE_CURVE('',#5045,#5046,#2672,.T.);
#6384=EDGE_CURVE('',#5046,#5041,#2673,.T.);
#6385=EDGE_CURVE('',#5047,#5043,#4214,.T.);
#6386=EDGE_CURVE('',#5047,#5024,#2674,.T.);
#6387=EDGE_CURVE('',#5011,#5032,#2675,.T.);
#6388=EDGE_CURVE('',#5048,#5009,#2676,.T.);
#6389=EDGE_CURVE('',#5044,#5048,#4215,.T.);
#6390=EDGE_CURVE('',#5039,#5046,#2677,.T.);
#6391=EDGE_CURVE('',#5033,#5047,#2678,.T.);
#6392=EDGE_CURVE('',#5042,#5037,#2679,.T.);
#6393=EDGE_CURVE('',#5040,#5045,#2680,.T.);
#6394=EDGE_CURVE('',#5048,#5036,#2681,.T.);
#6395=EDGE_CURVE('',#5049,#5050,#2682,.T.);
#6396=EDGE_CURVE('',#5049,#5051,#2683,.T.);
#6397=EDGE_CURVE('',#5051,#5052,#2684,.T.);
#6398=EDGE_CURVE('',#5050,#5052,#2685,.T.);
#6399=EDGE_CURVE('',#5053,#5054,#2686,.T.);
#6400=EDGE_CURVE('',#5053,#5055,#4216,.T.);
#6401=EDGE_CURVE('',#5056,#5055,#2687,.T.);
#6402=EDGE_CURVE('',#5057,#5056,#4217,.T.);
#6403=EDGE_CURVE('',#5058,#5057,#2688,.T.);
#6404=EDGE_CURVE('',#5059,#5058,#2689,.T.);
#6405=EDGE_CURVE('',#5059,#5060,#2690,.T.);
#6406=EDGE_CURVE('',#5060,#5061,#4218,.T.);
#6407=EDGE_CURVE('',#5061,#5062,#2691,.T.);
#6408=EDGE_CURVE('',#5054,#5062,#4219,.T.);
#6409=EDGE_CURVE('',#5063,#5064,#2692,.T.);
#6410=EDGE_CURVE('',#5063,#5065,#2693,.T.);
#6411=EDGE_CURVE('',#5066,#5065,#2694,.T.);
#6412=EDGE_CURVE('',#5064,#5066,#2695,.T.);
#6413=EDGE_CURVE('',#5067,#5063,#2696,.T.);
#6414=EDGE_CURVE('',#5068,#5067,#2697,.T.);
#6415=EDGE_CURVE('',#5069,#5068,#2698,.T.);
#6416=EDGE_CURVE('',#5070,#5069,#2699,.T.);
#6417=EDGE_CURVE('',#5070,#5050,#2700,.T.);
#6418=EDGE_CURVE('',#5052,#5065,#2701,.T.);
#6419=EDGE_CURVE('',#5071,#5068,#4220,.T.);
#6420=EDGE_CURVE('',#5071,#5054,#2702,.T.);
#6421=EDGE_CURVE('',#5072,#5062,#2703,.T.);
#6422=EDGE_CURVE('',#5073,#5072,#4221,.T.);
#6423=EDGE_CURVE('',#5074,#5073,#2704,.T.);
#6424=EDGE_CURVE('',#5069,#5074,#4222,.T.);
#6425=EDGE_CURVE('',#5075,#5061,#2705,.T.);
#6426=EDGE_CURVE('',#5075,#5072,#2706,.T.);
#6427=EDGE_CURVE('',#5076,#5060,#2707,.T.);
#6428=EDGE_CURVE('',#5076,#5075,#4223,.T.);
#6429=EDGE_CURVE('',#5077,#5059,#2708,.T.);
#6430=EDGE_CURVE('',#5077,#5076,#2709,.T.);
#6431=EDGE_CURVE('',#5078,#5058,#2710,.T.);
#6432=EDGE_CURVE('',#5077,#5078,#2711,.T.);
#6433=EDGE_CURVE('',#5079,#5057,#2712,.T.);
#6434=EDGE_CURVE('',#5078,#5079,#2713,.T.);
#6435=EDGE_CURVE('',#5080,#5056,#2714,.T.);
#6436=EDGE_CURVE('',#5079,#5080,#4224,.T.);
#6437=EDGE_CURVE('',#5081,#5055,#2715,.T.);
#6438=EDGE_CURVE('',#5080,#5081,#2716,.T.);
#6439=EDGE_CURVE('',#5082,#5053,#2717,.T.);
#6440=EDGE_CURVE('',#5083,#5082,#4225,.T.);
#6441=EDGE_CURVE('',#5084,#5083,#2718,.T.);
#6442=EDGE_CURVE('',#5085,#5084,#4226,.T.);
#6443=EDGE_CURVE('',#5085,#5086,#2719,.T.);
#6444=EDGE_CURVE('',#5086,#5081,#4227,.T.);
#6445=EDGE_CURVE('',#5087,#5083,#2720,.T.);
#6446=EDGE_CURVE('',#5087,#5064,#2721,.T.);
#6447=EDGE_CURVE('',#5051,#5066,#2722,.T.);
#6448=EDGE_CURVE('',#5088,#5049,#2723,.T.);
#6449=EDGE_CURVE('',#5084,#5088,#2724,.T.);
#6450=EDGE_CURVE('',#5073,#5086,#2725,.T.);
#6451=EDGE_CURVE('',#5067,#5087,#2726,.T.);
#6452=EDGE_CURVE('',#5082,#5071,#2727,.T.);
#6453=EDGE_CURVE('',#5074,#5085,#2728,.T.);
#6454=EDGE_CURVE('',#5088,#5070,#2729,.T.);
#6455=EDGE_CURVE('',#5089,#5090,#2730,.T.);
#6456=EDGE_CURVE('',#5089,#5091,#4228,.T.);
#6457=EDGE_CURVE('',#5092,#5091,#2731,.T.);
#6458=EDGE_CURVE('',#5093,#5092,#4229,.T.);
#6459=EDGE_CURVE('',#5094,#5093,#2732,.T.);
#6460=EDGE_CURVE('',#5095,#5094,#2733,.T.);
#6461=EDGE_CURVE('',#5095,#5096,#2734,.T.);
#6462=EDGE_CURVE('',#5096,#5097,#4230,.T.);
#6463=EDGE_CURVE('',#5097,#5098,#2735,.T.);
#6464=EDGE_CURVE('',#5090,#5098,#4231,.T.);
#6465=EDGE_CURVE('',#5099,#5100,#2736,.T.);
#6466=EDGE_CURVE('',#5099,#5101,#2737,.T.);
#6467=EDGE_CURVE('',#5101,#5102,#2738,.T.);
#6468=EDGE_CURVE('',#5100,#5102,#2739,.T.);
#6469=EDGE_CURVE('',#5103,#5104,#2740,.T.);
#6470=EDGE_CURVE('',#5103,#5105,#4232,.T.);
#6471=EDGE_CURVE('',#5106,#5105,#2741,.T.);
#6472=EDGE_CURVE('',#5107,#5106,#4233,.T.);
#6473=EDGE_CURVE('',#5108,#5107,#2742,.T.);
#6474=EDGE_CURVE('',#5108,#5109,#2743,.T.);
#6475=EDGE_CURVE('',#5109,#5110,#2744,.T.);
#6476=EDGE_CURVE('',#5110,#5111,#4234,.T.);
#6477=EDGE_CURVE('',#5111,#5112,#2745,.T.);
#6478=EDGE_CURVE('',#5104,#5112,#4235,.T.);
#6479=EDGE_CURVE('',#5093,#5110,#2746,.T.);
#6480=EDGE_CURVE('',#5092,#5111,#2747,.T.);
#6481=EDGE_CURVE('',#5094,#5109,#2748,.T.);
#6482=EDGE_CURVE('',#5095,#5108,#2749,.T.);
#6483=EDGE_CURVE('',#5096,#5107,#2750,.T.);
#6484=EDGE_CURVE('',#5097,#5106,#2751,.T.);
#6485=EDGE_CURVE('',#5098,#5105,#2752,.T.);
#6486=EDGE_CURVE('',#5113,#5103,#2753,.T.);
#6487=EDGE_CURVE('',#5114,#5113,#4236,.T.);
#6488=EDGE_CURVE('',#5115,#5114,#2754,.T.);
#6489=EDGE_CURVE('',#5116,#5115,#4237,.T.);
#6490=EDGE_CURVE('',#5116,#5090,#2755,.T.);
#6491=EDGE_CURVE('',#5117,#5114,#2756,.T.);
#6492=EDGE_CURVE('',#5117,#5100,#2757,.T.);
#6493=EDGE_CURVE('',#5118,#5102,#2758,.T.);
#6494=EDGE_CURVE('',#5119,#5118,#2759,.T.);
#6495=EDGE_CURVE('',#5120,#5119,#2760,.T.);
#6496=EDGE_CURVE('',#5115,#5120,#2761,.T.);
#6497=EDGE_CURVE('',#5121,#5101,#2762,.T.);
#6498=EDGE_CURVE('',#5121,#5118,#2763,.T.);
#6499=EDGE_CURVE('',#5122,#5099,#2764,.T.);
#6500=EDGE_CURVE('',#5123,#5122,#2765,.T.);
#6501=EDGE_CURVE('',#5124,#5123,#2766,.T.);
#6502=EDGE_CURVE('',#5125,#5124,#2767,.T.);
#6503=EDGE_CURVE('',#5125,#5126,#2768,.T.);
#6504=EDGE_CURVE('',#5126,#5121,#2769,.T.);
#6505=EDGE_CURVE('',#5127,#5123,#4238,.T.);
#6506=EDGE_CURVE('',#5127,#5104,#2770,.T.);
#6507=EDGE_CURVE('',#5091,#5112,#2771,.T.);
#6508=EDGE_CURVE('',#5128,#5089,#2772,.T.);
#6509=EDGE_CURVE('',#5124,#5128,#4239,.T.);
#6510=EDGE_CURVE('',#5119,#5126,#2773,.T.);
#6511=EDGE_CURVE('',#5113,#5127,#2774,.T.);
#6512=EDGE_CURVE('',#5122,#5117,#2775,.T.);
#6513=EDGE_CURVE('',#5120,#5125,#2776,.T.);
#6514=EDGE_CURVE('',#5128,#5116,#2777,.T.);
#6515=EDGE_CURVE('',#5129,#5130,#2778,.T.);
#6516=EDGE_CURVE('',#5129,#5131,#2779,.T.);
#6517=EDGE_CURVE('',#5131,#5132,#2780,.T.);
#6518=EDGE_CURVE('',#5130,#5132,#2781,.T.);
#6519=EDGE_CURVE('',#5133,#5134,#2782,.T.);
#6520=EDGE_CURVE('',#5133,#5135,#4240,.T.);
#6521=EDGE_CURVE('',#5136,#5135,#2783,.T.);
#6522=EDGE_CURVE('',#5137,#5136,#4241,.T.);
#6523=EDGE_CURVE('',#5138,#5137,#2784,.T.);
#6524=EDGE_CURVE('',#5139,#5138,#2785,.T.);
#6525=EDGE_CURVE('',#5139,#5140,#2786,.T.);
#6526=EDGE_CURVE('',#5140,#5141,#4242,.T.);
#6527=EDGE_CURVE('',#5141,#5142,#2787,.T.);
#6528=EDGE_CURVE('',#5134,#5142,#4243,.T.);
#6529=EDGE_CURVE('',#5143,#5144,#2788,.T.);
#6530=EDGE_CURVE('',#5143,#5145,#2789,.T.);
#6531=EDGE_CURVE('',#5146,#5145,#2790,.T.);
#6532=EDGE_CURVE('',#5144,#5146,#2791,.T.);
#6533=EDGE_CURVE('',#5147,#5143,#2792,.T.);
#6534=EDGE_CURVE('',#5148,#5147,#2793,.T.);
#6535=EDGE_CURVE('',#5149,#5148,#2794,.T.);
#6536=EDGE_CURVE('',#5150,#5149,#2795,.T.);
#6537=EDGE_CURVE('',#5150,#5130,#2796,.T.);
#6538=EDGE_CURVE('',#5132,#5145,#2797,.T.);
#6539=EDGE_CURVE('',#5151,#5148,#4244,.T.);
#6540=EDGE_CURVE('',#5151,#5134,#2798,.T.);
#6541=EDGE_CURVE('',#5152,#5142,#2799,.T.);
#6542=EDGE_CURVE('',#5153,#5152,#4245,.T.);
#6543=EDGE_CURVE('',#5154,#5153,#2800,.T.);
#6544=EDGE_CURVE('',#5149,#5154,#4246,.T.);
#6545=EDGE_CURVE('',#5155,#5141,#2801,.T.);
#6546=EDGE_CURVE('',#5155,#5152,#2802,.T.);
#6547=EDGE_CURVE('',#5156,#5140,#2803,.T.);
#6548=EDGE_CURVE('',#5156,#5155,#4247,.T.);
#6549=EDGE_CURVE('',#5157,#5139,#2804,.T.);
#6550=EDGE_CURVE('',#5157,#5156,#2805,.T.);
#6551=EDGE_CURVE('',#5158,#5138,#2806,.T.);
#6552=EDGE_CURVE('',#5157,#5158,#2807,.T.);
#6553=EDGE_CURVE('',#5159,#5137,#2808,.T.);
#6554=EDGE_CURVE('',#5158,#5159,#2809,.T.);
#6555=EDGE_CURVE('',#5160,#5136,#2810,.T.);
#6556=EDGE_CURVE('',#5159,#5160,#4248,.T.);
#6557=EDGE_CURVE('',#5161,#5135,#2811,.T.);
#6558=EDGE_CURVE('',#5160,#5161,#2812,.T.);
#6559=EDGE_CURVE('',#5162,#5133,#2813,.T.);
#6560=EDGE_CURVE('',#5163,#5162,#4249,.T.);
#6561=EDGE_CURVE('',#5164,#5163,#2814,.T.);
#6562=EDGE_CURVE('',#5165,#5164,#4250,.T.);
#6563=EDGE_CURVE('',#5165,#5166,#2815,.T.);
#6564=EDGE_CURVE('',#5166,#5161,#4251,.T.);
#6565=EDGE_CURVE('',#5167,#5163,#2816,.T.);
#6566=EDGE_CURVE('',#5167,#5144,#2817,.T.);
#6567=EDGE_CURVE('',#5131,#5146,#2818,.T.);
#6568=EDGE_CURVE('',#5168,#5129,#2819,.T.);
#6569=EDGE_CURVE('',#5164,#5168,#2820,.T.);
#6570=EDGE_CURVE('',#5153,#5166,#2821,.T.);
#6571=EDGE_CURVE('',#5147,#5167,#2822,.T.);
#6572=EDGE_CURVE('',#5162,#5151,#2823,.T.);
#6573=EDGE_CURVE('',#5154,#5165,#2824,.T.);
#6574=EDGE_CURVE('',#5168,#5150,#2825,.T.);
#6575=EDGE_CURVE('',#5169,#5170,#2826,.T.);
#6576=EDGE_CURVE('',#5169,#5171,#4252,.T.);
#6577=EDGE_CURVE('',#5172,#5171,#2827,.T.);
#6578=EDGE_CURVE('',#5173,#5172,#4253,.T.);
#6579=EDGE_CURVE('',#5174,#5173,#2828,.T.);
#6580=EDGE_CURVE('',#5175,#5174,#2829,.T.);
#6581=EDGE_CURVE('',#5175,#5176,#2830,.T.);
#6582=EDGE_CURVE('',#5176,#5177,#4254,.T.);
#6583=EDGE_CURVE('',#5177,#5178,#2831,.T.);
#6584=EDGE_CURVE('',#5170,#5178,#4255,.T.);
#6585=EDGE_CURVE('',#5179,#5180,#2832,.T.);
#6586=EDGE_CURVE('',#5179,#5181,#2833,.T.);
#6587=EDGE_CURVE('',#5181,#5182,#2834,.T.);
#6588=EDGE_CURVE('',#5180,#5182,#2835,.T.);
#6589=EDGE_CURVE('',#5183,#5184,#2836,.T.);
#6590=EDGE_CURVE('',#5183,#5185,#4256,.T.);
#6591=EDGE_CURVE('',#5186,#5185,#2837,.T.);
#6592=EDGE_CURVE('',#5187,#5186,#4257,.T.);
#6593=EDGE_CURVE('',#5188,#5187,#2838,.T.);
#6594=EDGE_CURVE('',#5188,#5189,#2839,.T.);
#6595=EDGE_CURVE('',#5189,#5190,#2840,.T.);
#6596=EDGE_CURVE('',#5190,#5191,#4258,.T.);
#6597=EDGE_CURVE('',#5191,#5192,#2841,.T.);
#6598=EDGE_CURVE('',#5184,#5192,#4259,.T.);
#6599=EDGE_CURVE('',#5173,#5190,#2842,.T.);
#6600=EDGE_CURVE('',#5172,#5191,#2843,.T.);
#6601=EDGE_CURVE('',#5174,#5189,#2844,.T.);
#6602=EDGE_CURVE('',#5175,#5188,#2845,.T.);
#6603=EDGE_CURVE('',#5176,#5187,#2846,.T.);
#6604=EDGE_CURVE('',#5177,#5186,#2847,.T.);
#6605=EDGE_CURVE('',#5178,#5185,#2848,.T.);
#6606=EDGE_CURVE('',#5193,#5183,#2849,.T.);
#6607=EDGE_CURVE('',#5194,#5193,#4260,.T.);
#6608=EDGE_CURVE('',#5195,#5194,#2850,.T.);
#6609=EDGE_CURVE('',#5196,#5195,#4261,.T.);
#6610=EDGE_CURVE('',#5196,#5170,#2851,.T.);
#6611=EDGE_CURVE('',#5197,#5194,#2852,.T.);
#6612=EDGE_CURVE('',#5197,#5180,#2853,.T.);
#6613=EDGE_CURVE('',#5198,#5182,#2854,.T.);
#6614=EDGE_CURVE('',#5199,#5198,#2855,.T.);
#6615=EDGE_CURVE('',#5200,#5199,#2856,.T.);
#6616=EDGE_CURVE('',#5195,#5200,#2857,.T.);
#6617=EDGE_CURVE('',#5201,#5181,#2858,.T.);
#6618=EDGE_CURVE('',#5201,#5198,#2859,.T.);
#6619=EDGE_CURVE('',#5202,#5179,#2860,.T.);
#6620=EDGE_CURVE('',#5203,#5202,#2861,.T.);
#6621=EDGE_CURVE('',#5204,#5203,#2862,.T.);
#6622=EDGE_CURVE('',#5205,#5204,#2863,.T.);
#6623=EDGE_CURVE('',#5205,#5206,#2864,.T.);
#6624=EDGE_CURVE('',#5206,#5201,#2865,.T.);
#6625=EDGE_CURVE('',#5207,#5203,#4262,.T.);
#6626=EDGE_CURVE('',#5207,#5184,#2866,.T.);
#6627=EDGE_CURVE('',#5171,#5192,#2867,.T.);
#6628=EDGE_CURVE('',#5208,#5169,#2868,.T.);
#6629=EDGE_CURVE('',#5204,#5208,#4263,.T.);
#6630=EDGE_CURVE('',#5199,#5206,#2869,.T.);
#6631=EDGE_CURVE('',#5193,#5207,#2870,.T.);
#6632=EDGE_CURVE('',#5202,#5197,#2871,.T.);
#6633=EDGE_CURVE('',#5200,#5205,#2872,.T.);
#6634=EDGE_CURVE('',#5208,#5196,#2873,.T.);
#6635=ORIENTED_EDGE('',*,*,#5209,.T.);
#6636=ORIENTED_EDGE('',*,*,#5210,.T.);
#6637=ORIENTED_EDGE('',*,*,#5211,.F.);
#6638=ORIENTED_EDGE('',*,*,#5210,.F.);
#6639=ORIENTED_EDGE('',*,*,#5211,.T.);
#6640=ORIENTED_EDGE('',*,*,#5209,.F.);
#6641=ORIENTED_EDGE('',*,*,#5212,.F.);
#6642=ORIENTED_EDGE('',*,*,#5213,.F.);
#6643=ORIENTED_EDGE('',*,*,#5214,.T.);
#6644=ORIENTED_EDGE('',*,*,#5215,.T.);
#6645=ORIENTED_EDGE('',*,*,#5216,.F.);
#6646=ORIENTED_EDGE('',*,*,#5217,.F.);
#6647=ORIENTED_EDGE('',*,*,#5218,.T.);
#6648=ORIENTED_EDGE('',*,*,#5213,.T.);
#6649=ORIENTED_EDGE('',*,*,#5219,.F.);
#6650=ORIENTED_EDGE('',*,*,#5220,.F.);
#6651=ORIENTED_EDGE('',*,*,#5221,.T.);
#6652=ORIENTED_EDGE('',*,*,#5217,.T.);
#6653=ORIENTED_EDGE('',*,*,#5222,.F.);
#6654=ORIENTED_EDGE('',*,*,#5223,.F.);
#6655=ORIENTED_EDGE('',*,*,#5224,.T.);
#6656=ORIENTED_EDGE('',*,*,#5220,.T.);
#6657=ORIENTED_EDGE('',*,*,#5225,.F.);
#6658=ORIENTED_EDGE('',*,*,#5226,.F.);
#6659=ORIENTED_EDGE('',*,*,#5227,.T.);
#6660=ORIENTED_EDGE('',*,*,#5223,.T.);
#6661=ORIENTED_EDGE('',*,*,#5228,.F.);
#6662=ORIENTED_EDGE('',*,*,#5229,.F.);
#6663=ORIENTED_EDGE('',*,*,#5230,.T.);
#6664=ORIENTED_EDGE('',*,*,#5226,.T.);
#6665=ORIENTED_EDGE('',*,*,#5231,.F.);
#6666=ORIENTED_EDGE('',*,*,#5232,.F.);
#6667=ORIENTED_EDGE('',*,*,#5233,.T.);
#6668=ORIENTED_EDGE('',*,*,#5229,.T.);
#6669=ORIENTED_EDGE('',*,*,#5234,.F.);
#6670=ORIENTED_EDGE('',*,*,#5235,.F.);
#6671=ORIENTED_EDGE('',*,*,#5236,.T.);
#6672=ORIENTED_EDGE('',*,*,#5232,.T.);
#6673=ORIENTED_EDGE('',*,*,#5237,.F.);
#6674=ORIENTED_EDGE('',*,*,#5238,.F.);
#6675=ORIENTED_EDGE('',*,*,#5239,.T.);
#6676=ORIENTED_EDGE('',*,*,#5235,.T.);
#6677=ORIENTED_EDGE('',*,*,#5240,.F.);
#6678=ORIENTED_EDGE('',*,*,#5241,.F.);
#6679=ORIENTED_EDGE('',*,*,#5242,.T.);
#6680=ORIENTED_EDGE('',*,*,#5238,.T.);
#6681=ORIENTED_EDGE('',*,*,#5243,.F.);
#6682=ORIENTED_EDGE('',*,*,#5244,.F.);
#6683=ORIENTED_EDGE('',*,*,#5245,.T.);
#6684=ORIENTED_EDGE('',*,*,#5241,.T.);
#6685=ORIENTED_EDGE('',*,*,#5246,.F.);
#6686=ORIENTED_EDGE('',*,*,#5247,.F.);
#6687=ORIENTED_EDGE('',*,*,#5248,.T.);
#6688=ORIENTED_EDGE('',*,*,#5244,.T.);
#6689=ORIENTED_EDGE('',*,*,#5249,.F.);
#6690=ORIENTED_EDGE('',*,*,#5250,.F.);
#6691=ORIENTED_EDGE('',*,*,#5251,.T.);
#6692=ORIENTED_EDGE('',*,*,#5247,.T.);
#6693=ORIENTED_EDGE('',*,*,#5252,.F.);
#6694=ORIENTED_EDGE('',*,*,#5253,.F.);
#6695=ORIENTED_EDGE('',*,*,#5254,.T.);
#6696=ORIENTED_EDGE('',*,*,#5250,.T.);
#6697=ORIENTED_EDGE('',*,*,#5255,.F.);
#6698=ORIENTED_EDGE('',*,*,#5256,.F.);
#6699=ORIENTED_EDGE('',*,*,#5257,.T.);
#6700=ORIENTED_EDGE('',*,*,#5253,.T.);
#6701=ORIENTED_EDGE('',*,*,#5258,.F.);
#6702=ORIENTED_EDGE('',*,*,#5259,.F.);
#6703=ORIENTED_EDGE('',*,*,#5260,.T.);
#6704=ORIENTED_EDGE('',*,*,#5256,.T.);
#6705=ORIENTED_EDGE('',*,*,#5261,.F.);
#6706=ORIENTED_EDGE('',*,*,#5262,.F.);
#6707=ORIENTED_EDGE('',*,*,#5263,.T.);
#6708=ORIENTED_EDGE('',*,*,#5259,.T.);
#6709=ORIENTED_EDGE('',*,*,#5264,.F.);
#6710=ORIENTED_EDGE('',*,*,#5265,.F.);
#6711=ORIENTED_EDGE('',*,*,#5266,.T.);
#6712=ORIENTED_EDGE('',*,*,#5262,.T.);
#6713=ORIENTED_EDGE('',*,*,#5267,.F.);
#6714=ORIENTED_EDGE('',*,*,#5268,.F.);
#6715=ORIENTED_EDGE('',*,*,#5269,.T.);
#6716=ORIENTED_EDGE('',*,*,#5265,.T.);
#6717=ORIENTED_EDGE('',*,*,#5270,.F.);
#6718=ORIENTED_EDGE('',*,*,#5271,.F.);
#6719=ORIENTED_EDGE('',*,*,#5272,.T.);
#6720=ORIENTED_EDGE('',*,*,#5268,.T.);
#6721=ORIENTED_EDGE('',*,*,#5273,.F.);
#6722=ORIENTED_EDGE('',*,*,#5274,.F.);
#6723=ORIENTED_EDGE('',*,*,#5275,.T.);
#6724=ORIENTED_EDGE('',*,*,#5271,.T.);
#6725=ORIENTED_EDGE('',*,*,#5276,.F.);
#6726=ORIENTED_EDGE('',*,*,#5277,.F.);
#6727=ORIENTED_EDGE('',*,*,#5278,.T.);
#6728=ORIENTED_EDGE('',*,*,#5274,.T.);
#6729=ORIENTED_EDGE('',*,*,#5279,.F.);
#6730=ORIENTED_EDGE('',*,*,#5280,.F.);
#6731=ORIENTED_EDGE('',*,*,#5281,.T.);
#6732=ORIENTED_EDGE('',*,*,#5277,.T.);
#6733=ORIENTED_EDGE('',*,*,#5282,.F.);
#6734=ORIENTED_EDGE('',*,*,#5283,.F.);
#6735=ORIENTED_EDGE('',*,*,#5284,.T.);
#6736=ORIENTED_EDGE('',*,*,#5280,.T.);
#6737=ORIENTED_EDGE('',*,*,#5285,.F.);
#6738=ORIENTED_EDGE('',*,*,#5286,.F.);
#6739=ORIENTED_EDGE('',*,*,#5287,.T.);
#6740=ORIENTED_EDGE('',*,*,#5283,.T.);
#6741=ORIENTED_EDGE('',*,*,#5288,.F.);
#6742=ORIENTED_EDGE('',*,*,#5289,.F.);
#6743=ORIENTED_EDGE('',*,*,#5290,.T.);
#6744=ORIENTED_EDGE('',*,*,#5286,.T.);
#6745=ORIENTED_EDGE('',*,*,#5291,.F.);
#6746=ORIENTED_EDGE('',*,*,#5292,.F.);
#6747=ORIENTED_EDGE('',*,*,#5293,.T.);
#6748=ORIENTED_EDGE('',*,*,#5289,.T.);
#6749=ORIENTED_EDGE('',*,*,#5294,.F.);
#6750=ORIENTED_EDGE('',*,*,#5215,.F.);
#6751=ORIENTED_EDGE('',*,*,#5295,.T.);
#6752=ORIENTED_EDGE('',*,*,#5292,.T.);
#6753=ORIENTED_EDGE('',*,*,#5214,.F.);
#6754=ORIENTED_EDGE('',*,*,#5218,.F.);
#6755=ORIENTED_EDGE('',*,*,#5221,.F.);
#6756=ORIENTED_EDGE('',*,*,#5224,.F.);
#6757=ORIENTED_EDGE('',*,*,#5227,.F.);
#6758=ORIENTED_EDGE('',*,*,#5230,.F.);
#6759=ORIENTED_EDGE('',*,*,#5233,.F.);
#6760=ORIENTED_EDGE('',*,*,#5236,.F.);
#6761=ORIENTED_EDGE('',*,*,#5239,.F.);
#6762=ORIENTED_EDGE('',*,*,#5242,.F.);
#6763=ORIENTED_EDGE('',*,*,#5245,.F.);
#6764=ORIENTED_EDGE('',*,*,#5248,.F.);
#6765=ORIENTED_EDGE('',*,*,#5251,.F.);
#6766=ORIENTED_EDGE('',*,*,#5254,.F.);
#6767=ORIENTED_EDGE('',*,*,#5257,.F.);
#6768=ORIENTED_EDGE('',*,*,#5260,.F.);
#6769=ORIENTED_EDGE('',*,*,#5263,.F.);
#6770=ORIENTED_EDGE('',*,*,#5266,.F.);
#6771=ORIENTED_EDGE('',*,*,#5269,.F.);
#6772=ORIENTED_EDGE('',*,*,#5272,.F.);
#6773=ORIENTED_EDGE('',*,*,#5275,.F.);
#6774=ORIENTED_EDGE('',*,*,#5278,.F.);
#6775=ORIENTED_EDGE('',*,*,#5281,.F.);
#6776=ORIENTED_EDGE('',*,*,#5284,.F.);
#6777=ORIENTED_EDGE('',*,*,#5287,.F.);
#6778=ORIENTED_EDGE('',*,*,#5290,.F.);
#6779=ORIENTED_EDGE('',*,*,#5293,.F.);
#6780=ORIENTED_EDGE('',*,*,#5295,.F.);
#6781=ORIENTED_EDGE('',*,*,#5212,.T.);
#6782=ORIENTED_EDGE('',*,*,#5294,.T.);
#6783=ORIENTED_EDGE('',*,*,#5291,.T.);
#6784=ORIENTED_EDGE('',*,*,#5288,.T.);
#6785=ORIENTED_EDGE('',*,*,#5285,.T.);
#6786=ORIENTED_EDGE('',*,*,#5282,.T.);
#6787=ORIENTED_EDGE('',*,*,#5279,.T.);
#6788=ORIENTED_EDGE('',*,*,#5276,.T.);
#6789=ORIENTED_EDGE('',*,*,#5273,.T.);
#6790=ORIENTED_EDGE('',*,*,#5270,.T.);
#6791=ORIENTED_EDGE('',*,*,#5267,.T.);
#6792=ORIENTED_EDGE('',*,*,#5264,.T.);
#6793=ORIENTED_EDGE('',*,*,#5261,.T.);
#6794=ORIENTED_EDGE('',*,*,#5258,.T.);
#6795=ORIENTED_EDGE('',*,*,#5255,.T.);
#6796=ORIENTED_EDGE('',*,*,#5252,.T.);
#6797=ORIENTED_EDGE('',*,*,#5249,.T.);
#6798=ORIENTED_EDGE('',*,*,#5246,.T.);
#6799=ORIENTED_EDGE('',*,*,#5243,.T.);
#6800=ORIENTED_EDGE('',*,*,#5240,.T.);
#6801=ORIENTED_EDGE('',*,*,#5237,.T.);
#6802=ORIENTED_EDGE('',*,*,#5234,.T.);
#6803=ORIENTED_EDGE('',*,*,#5231,.T.);
#6804=ORIENTED_EDGE('',*,*,#5228,.T.);
#6805=ORIENTED_EDGE('',*,*,#5225,.T.);
#6806=ORIENTED_EDGE('',*,*,#5222,.T.);
#6807=ORIENTED_EDGE('',*,*,#5219,.T.);
#6808=ORIENTED_EDGE('',*,*,#5216,.T.);
#6809=ORIENTED_EDGE('',*,*,#5296,.F.);
#6810=ORIENTED_EDGE('',*,*,#5297,.T.);
#6811=ORIENTED_EDGE('',*,*,#5298,.F.);
#6812=ORIENTED_EDGE('',*,*,#5297,.F.);
#6813=ORIENTED_EDGE('',*,*,#5298,.T.);
#6814=ORIENTED_EDGE('',*,*,#5299,.T.);
#6815=ORIENTED_EDGE('',*,*,#5300,.T.);
#6816=ORIENTED_EDGE('',*,*,#5299,.F.);
#6817=ORIENTED_EDGE('',*,*,#5301,.F.);
#6818=ORIENTED_EDGE('',*,*,#5302,.T.);
#6819=ORIENTED_EDGE('',*,*,#5303,.T.);
#6820=ORIENTED_EDGE('',*,*,#5302,.F.);
#6821=ORIENTED_EDGE('',*,*,#5304,.T.);
#6822=ORIENTED_EDGE('',*,*,#5305,.F.);
#6823=ORIENTED_EDGE('',*,*,#5306,.T.);
#6824=ORIENTED_EDGE('',*,*,#5307,.T.);
#6825=ORIENTED_EDGE('',*,*,#5308,.T.);
#6826=ORIENTED_EDGE('',*,*,#5309,.F.);
#6827=ORIENTED_EDGE('',*,*,#5310,.T.);
#6828=ORIENTED_EDGE('',*,*,#5311,.T.);
#6829=ORIENTED_EDGE('',*,*,#5312,.F.);
#6830=ORIENTED_EDGE('',*,*,#5313,.F.);
#6831=ORIENTED_EDGE('',*,*,#5314,.F.);
#6832=ORIENTED_EDGE('',*,*,#5315,.T.);
#6833=ORIENTED_EDGE('',*,*,#5316,.F.);
#6834=ORIENTED_EDGE('',*,*,#5317,.F.);
#6835=ORIENTED_EDGE('',*,*,#5318,.F.);
#6836=ORIENTED_EDGE('',*,*,#5319,.T.);
#6837=ORIENTED_EDGE('',*,*,#5320,.F.);
#6838=ORIENTED_EDGE('',*,*,#5321,.F.);
#6839=ORIENTED_EDGE('',*,*,#5322,.T.);
#6840=ORIENTED_EDGE('',*,*,#5323,.T.);
#6841=ORIENTED_EDGE('',*,*,#5300,.F.);
#6842=ORIENTED_EDGE('',*,*,#5324,.F.);
#6843=ORIENTED_EDGE('',*,*,#5325,.F.);
#6844=ORIENTED_EDGE('',*,*,#5326,.F.);
#6845=ORIENTED_EDGE('',*,*,#5305,.T.);
#6846=ORIENTED_EDGE('',*,*,#5327,.F.);
#6847=ORIENTED_EDGE('',*,*,#5321,.T.);
#6848=ORIENTED_EDGE('',*,*,#5328,.T.);
#6849=ORIENTED_EDGE('',*,*,#5329,.T.);
#6850=ORIENTED_EDGE('',*,*,#5330,.F.);
#6851=ORIENTED_EDGE('',*,*,#5331,.F.);
#6852=ORIENTED_EDGE('',*,*,#5332,.F.);
#6853=ORIENTED_EDGE('',*,*,#5333,.F.);
#6854=ORIENTED_EDGE('',*,*,#5334,.F.);
#6855=ORIENTED_EDGE('',*,*,#5309,.T.);
#6856=ORIENTED_EDGE('',*,*,#5335,.F.);
#6857=ORIENTED_EDGE('',*,*,#5336,.T.);
#6858=ORIENTED_EDGE('',*,*,#5330,.T.);
#6859=ORIENTED_EDGE('',*,*,#5337,.T.);
#6860=ORIENTED_EDGE('',*,*,#5332,.T.);
#6861=ORIENTED_EDGE('',*,*,#5338,.T.);
#6862=ORIENTED_EDGE('',*,*,#5339,.F.);
#6863=ORIENTED_EDGE('',*,*,#5340,.F.);
#6864=ORIENTED_EDGE('',*,*,#5341,.F.);
#6865=ORIENTED_EDGE('',*,*,#5342,.T.);
#6866=ORIENTED_EDGE('',*,*,#5343,.F.);
#6867=ORIENTED_EDGE('',*,*,#5344,.F.);
#6868=ORIENTED_EDGE('',*,*,#5319,.F.);
#6869=ORIENTED_EDGE('',*,*,#5345,.F.);
#6870=ORIENTED_EDGE('',*,*,#5315,.F.);
#6871=ORIENTED_EDGE('',*,*,#5346,.F.);
#6872=ORIENTED_EDGE('',*,*,#5347,.T.);
#6873=ORIENTED_EDGE('',*,*,#5348,.T.);
#6874=ORIENTED_EDGE('',*,*,#5335,.T.);
#6875=ORIENTED_EDGE('',*,*,#5349,.T.);
#6876=ORIENTED_EDGE('',*,*,#5350,.F.);
#6877=ORIENTED_EDGE('',*,*,#5351,.F.);
#6878=ORIENTED_EDGE('',*,*,#5352,.F.);
#6879=ORIENTED_EDGE('',*,*,#5353,.F.);
#6880=ORIENTED_EDGE('',*,*,#5354,.F.);
#6881=ORIENTED_EDGE('',*,*,#5355,.F.);
#6882=ORIENTED_EDGE('',*,*,#5356,.F.);
#6883=ORIENTED_EDGE('',*,*,#5357,.F.);
#6884=ORIENTED_EDGE('',*,*,#5358,.F.);
#6885=ORIENTED_EDGE('',*,*,#5359,.F.);
#6886=ORIENTED_EDGE('',*,*,#5339,.T.);
#6887=ORIENTED_EDGE('',*,*,#5360,.T.);
#6888=ORIENTED_EDGE('',*,*,#5361,.T.);
#6889=ORIENTED_EDGE('',*,*,#5362,.T.);
#6890=ORIENTED_EDGE('',*,*,#5363,.T.);
#6891=ORIENTED_EDGE('',*,*,#5364,.T.);
#6892=ORIENTED_EDGE('',*,*,#5365,.T.);
#6893=ORIENTED_EDGE('',*,*,#5303,.F.);
#6894=ORIENTED_EDGE('',*,*,#5354,.T.);
#6895=ORIENTED_EDGE('',*,*,#5366,.T.);
#6896=ORIENTED_EDGE('',*,*,#5347,.F.);
#6897=ORIENTED_EDGE('',*,*,#5367,.T.);
#6898=ORIENTED_EDGE('',*,*,#5342,.F.);
#6899=ORIENTED_EDGE('',*,*,#5368,.T.);
#6900=ORIENTED_EDGE('',*,*,#5350,.T.);
#6901=ORIENTED_EDGE('',*,*,#5369,.F.);
#6902=ORIENTED_EDGE('',*,*,#5358,.T.);
#6903=ORIENTED_EDGE('',*,*,#5370,.T.);
#6904=ORIENTED_EDGE('',*,*,#5371,.F.);
#6905=ORIENTED_EDGE('',*,*,#5372,.T.);
#6906=ORIENTED_EDGE('',*,*,#5373,.F.);
#6907=ORIENTED_EDGE('',*,*,#5374,.F.);
#6908=ORIENTED_EDGE('',*,*,#5333,.T.);
#6909=ORIENTED_EDGE('',*,*,#5340,.T.);
#6910=ORIENTED_EDGE('',*,*,#5359,.T.);
#6911=ORIENTED_EDGE('',*,*,#5372,.F.);
#6912=ORIENTED_EDGE('',*,*,#5375,.T.);
#6913=ORIENTED_EDGE('',*,*,#5343,.T.);
#6914=ORIENTED_EDGE('',*,*,#5369,.T.);
#6915=ORIENTED_EDGE('',*,*,#5349,.F.);
#6916=ORIENTED_EDGE('',*,*,#5337,.F.);
#6917=ORIENTED_EDGE('',*,*,#5329,.F.);
#6918=ORIENTED_EDGE('',*,*,#5320,.T.);
#6919=ORIENTED_EDGE('',*,*,#5344,.T.);
#6920=ORIENTED_EDGE('',*,*,#5375,.F.);
#6921=ORIENTED_EDGE('',*,*,#5328,.F.);
#6922=ORIENTED_EDGE('',*,*,#5376,.F.);
#6923=ORIENTED_EDGE('',*,*,#5310,.F.);
#6924=ORIENTED_EDGE('',*,*,#5334,.T.);
#6925=ORIENTED_EDGE('',*,*,#5374,.T.);
#6926=ORIENTED_EDGE('',*,*,#5377,.F.);
#6927=ORIENTED_EDGE('',*,*,#5311,.F.);
#6928=ORIENTED_EDGE('',*,*,#5376,.T.);
#6929=ORIENTED_EDGE('',*,*,#5373,.T.);
#6930=ORIENTED_EDGE('',*,*,#5371,.T.);
#6931=ORIENTED_EDGE('',*,*,#5325,.T.);
#6932=ORIENTED_EDGE('',*,*,#5378,.T.);
#6933=ORIENTED_EDGE('',*,*,#5363,.F.);
#6934=ORIENTED_EDGE('',*,*,#5379,.T.);
#6935=ORIENTED_EDGE('',*,*,#5301,.T.);
#6936=ORIENTED_EDGE('',*,*,#5357,.T.);
#6937=ORIENTED_EDGE('',*,*,#5380,.T.);
#6938=ORIENTED_EDGE('',*,*,#5381,.F.);
#6939=ORIENTED_EDGE('',*,*,#5370,.F.);
#6940=ORIENTED_EDGE('',*,*,#5382,.F.);
#6941=ORIENTED_EDGE('',*,*,#5380,.F.);
#6942=ORIENTED_EDGE('',*,*,#5356,.T.);
#6943=ORIENTED_EDGE('',*,*,#5383,.T.);
#6944=ORIENTED_EDGE('',*,*,#5384,.F.);
#6945=ORIENTED_EDGE('',*,*,#5383,.F.);
#6946=ORIENTED_EDGE('',*,*,#5355,.T.);
#6947=ORIENTED_EDGE('',*,*,#5367,.F.);
#6948=ORIENTED_EDGE('',*,*,#5353,.T.);
#6949=ORIENTED_EDGE('',*,*,#5385,.T.);
#6950=ORIENTED_EDGE('',*,*,#5386,.F.);
#6951=ORIENTED_EDGE('',*,*,#5366,.F.);
#6952=ORIENTED_EDGE('',*,*,#5387,.F.);
#6953=ORIENTED_EDGE('',*,*,#5385,.F.);
#6954=ORIENTED_EDGE('',*,*,#5352,.T.);
#6955=ORIENTED_EDGE('',*,*,#5388,.T.);
#6956=ORIENTED_EDGE('',*,*,#5389,.F.);
#6957=ORIENTED_EDGE('',*,*,#5388,.F.);
#6958=ORIENTED_EDGE('',*,*,#5351,.T.);
#6959=ORIENTED_EDGE('',*,*,#5368,.F.);
#6960=ORIENTED_EDGE('',*,*,#5341,.T.);
#6961=ORIENTED_EDGE('',*,*,#5318,.T.);
#6962=ORIENTED_EDGE('',*,*,#5390,.T.);
#6963=ORIENTED_EDGE('',*,*,#5389,.T.);
#6964=ORIENTED_EDGE('',*,*,#5317,.T.);
#6965=ORIENTED_EDGE('',*,*,#5391,.T.);
#6966=ORIENTED_EDGE('',*,*,#5387,.T.);
#6967=ORIENTED_EDGE('',*,*,#5390,.F.);
#6968=ORIENTED_EDGE('',*,*,#5345,.T.);
#6969=ORIENTED_EDGE('',*,*,#5386,.T.);
#6970=ORIENTED_EDGE('',*,*,#5391,.F.);
#6971=ORIENTED_EDGE('',*,*,#5316,.T.);
#6972=ORIENTED_EDGE('',*,*,#5346,.T.);
#6973=ORIENTED_EDGE('',*,*,#5314,.T.);
#6974=ORIENTED_EDGE('',*,*,#5392,.T.);
#6975=ORIENTED_EDGE('',*,*,#5384,.T.);
#6976=ORIENTED_EDGE('',*,*,#5313,.T.);
#6977=ORIENTED_EDGE('',*,*,#5393,.T.);
#6978=ORIENTED_EDGE('',*,*,#5382,.T.);
#6979=ORIENTED_EDGE('',*,*,#5392,.F.);
#6980=ORIENTED_EDGE('',*,*,#5377,.T.);
#6981=ORIENTED_EDGE('',*,*,#5381,.T.);
#6982=ORIENTED_EDGE('',*,*,#5393,.F.);
#6983=ORIENTED_EDGE('',*,*,#5312,.T.);
#6984=ORIENTED_EDGE('',*,*,#5394,.T.);
#6985=ORIENTED_EDGE('',*,*,#5395,.F.);
#6986=ORIENTED_EDGE('',*,*,#5360,.F.);
#6987=ORIENTED_EDGE('',*,*,#5338,.F.);
#6988=ORIENTED_EDGE('',*,*,#5362,.F.);
#6989=ORIENTED_EDGE('',*,*,#5396,.T.);
#6990=ORIENTED_EDGE('',*,*,#5397,.T.);
#6991=ORIENTED_EDGE('',*,*,#5379,.F.);
#6992=ORIENTED_EDGE('',*,*,#5398,.T.);
#6993=ORIENTED_EDGE('',*,*,#5396,.F.);
#6994=ORIENTED_EDGE('',*,*,#5361,.F.);
#6995=ORIENTED_EDGE('',*,*,#5395,.T.);
#6996=ORIENTED_EDGE('',*,*,#5348,.F.);
#6997=ORIENTED_EDGE('',*,*,#5399,.T.);
#6998=ORIENTED_EDGE('',*,*,#5400,.T.);
#6999=ORIENTED_EDGE('',*,*,#5336,.F.);
#7000=ORIENTED_EDGE('',*,*,#5401,.T.);
#7001=ORIENTED_EDGE('',*,*,#5402,.F.);
#7002=ORIENTED_EDGE('',*,*,#5364,.F.);
#7003=ORIENTED_EDGE('',*,*,#5378,.F.);
#7004=ORIENTED_EDGE('',*,*,#5403,.T.);
#7005=ORIENTED_EDGE('',*,*,#5399,.F.);
#7006=ORIENTED_EDGE('',*,*,#5365,.F.);
#7007=ORIENTED_EDGE('',*,*,#5402,.T.);
#7008=ORIENTED_EDGE('',*,*,#5324,.T.);
#7009=ORIENTED_EDGE('',*,*,#5304,.F.);
#7010=ORIENTED_EDGE('',*,*,#5404,.T.);
#7011=ORIENTED_EDGE('',*,*,#5401,.F.);
#7012=ORIENTED_EDGE('',*,*,#5327,.T.);
#7013=ORIENTED_EDGE('',*,*,#5400,.F.);
#7014=ORIENTED_EDGE('',*,*,#5405,.F.);
#7015=ORIENTED_EDGE('',*,*,#5322,.F.);
#7016=ORIENTED_EDGE('',*,*,#5405,.T.);
#7017=ORIENTED_EDGE('',*,*,#5403,.F.);
#7018=ORIENTED_EDGE('',*,*,#5404,.F.);
#7019=ORIENTED_EDGE('',*,*,#5323,.F.);
#7020=ORIENTED_EDGE('',*,*,#5326,.T.);
#7021=ORIENTED_EDGE('',*,*,#5397,.F.);
#7022=ORIENTED_EDGE('',*,*,#5406,.F.);
#7023=ORIENTED_EDGE('',*,*,#5306,.F.);
#7024=ORIENTED_EDGE('',*,*,#5331,.T.);
#7025=ORIENTED_EDGE('',*,*,#5308,.F.);
#7026=ORIENTED_EDGE('',*,*,#5407,.T.);
#7027=ORIENTED_EDGE('',*,*,#5394,.F.);
#7028=ORIENTED_EDGE('',*,*,#5406,.T.);
#7029=ORIENTED_EDGE('',*,*,#5398,.F.);
#7030=ORIENTED_EDGE('',*,*,#5407,.F.);
#7031=ORIENTED_EDGE('',*,*,#5307,.F.);
#7032=ORIENTED_EDGE('',*,*,#5296,.T.);
#7033=ORIENTED_EDGE('',*,*,#5408,.T.);
#7034=ORIENTED_EDGE('',*,*,#5409,.T.);
#7035=ORIENTED_EDGE('',*,*,#5410,.T.);
#7036=ORIENTED_EDGE('',*,*,#5411,.T.);
#7037=ORIENTED_EDGE('',*,*,#5412,.F.);
#7038=ORIENTED_EDGE('',*,*,#5413,.F.);
#7039=ORIENTED_EDGE('',*,*,#5414,.F.);
#7040=ORIENTED_EDGE('',*,*,#5415,.F.);
#7041=ORIENTED_EDGE('',*,*,#5416,.F.);
#7042=ORIENTED_EDGE('',*,*,#5417,.F.);
#7043=ORIENTED_EDGE('',*,*,#5418,.F.);
#7044=ORIENTED_EDGE('',*,*,#5419,.F.);
#7045=ORIENTED_EDGE('',*,*,#5420,.T.);
#7046=ORIENTED_EDGE('',*,*,#5421,.T.);
#7047=ORIENTED_EDGE('',*,*,#5422,.T.);
#7048=ORIENTED_EDGE('',*,*,#5423,.T.);
#7049=ORIENTED_EDGE('',*,*,#5416,.T.);
#7050=ORIENTED_EDGE('',*,*,#5424,.F.);
#7051=ORIENTED_EDGE('',*,*,#5408,.F.);
#7052=ORIENTED_EDGE('',*,*,#5425,.T.);
#7053=ORIENTED_EDGE('',*,*,#5419,.T.);
#7054=ORIENTED_EDGE('',*,*,#5426,.F.);
#7055=ORIENTED_EDGE('',*,*,#5409,.F.);
#7056=ORIENTED_EDGE('',*,*,#5424,.T.);
#7057=ORIENTED_EDGE('',*,*,#5418,.T.);
#7058=ORIENTED_EDGE('',*,*,#5427,.F.);
#7059=ORIENTED_EDGE('',*,*,#5410,.F.);
#7060=ORIENTED_EDGE('',*,*,#5426,.T.);
#7061=ORIENTED_EDGE('',*,*,#5417,.T.);
#7062=ORIENTED_EDGE('',*,*,#5425,.F.);
#7063=ORIENTED_EDGE('',*,*,#5411,.F.);
#7064=ORIENTED_EDGE('',*,*,#5427,.T.);
#7065=ORIENTED_EDGE('',*,*,#5420,.F.);
#7066=ORIENTED_EDGE('',*,*,#5428,.F.);
#7067=ORIENTED_EDGE('',*,*,#5413,.T.);
#7068=ORIENTED_EDGE('',*,*,#5429,.T.);
#7069=ORIENTED_EDGE('',*,*,#5421,.F.);
#7070=ORIENTED_EDGE('',*,*,#5429,.F.);
#7071=ORIENTED_EDGE('',*,*,#5412,.T.);
#7072=ORIENTED_EDGE('',*,*,#5430,.T.);
#7073=ORIENTED_EDGE('',*,*,#5422,.F.);
#7074=ORIENTED_EDGE('',*,*,#5430,.F.);
#7075=ORIENTED_EDGE('',*,*,#5415,.T.);
#7076=ORIENTED_EDGE('',*,*,#5431,.T.);
#7077=ORIENTED_EDGE('',*,*,#5423,.F.);
#7078=ORIENTED_EDGE('',*,*,#5431,.F.);
#7079=ORIENTED_EDGE('',*,*,#5414,.T.);
#7080=ORIENTED_EDGE('',*,*,#5428,.T.);
#7081=ORIENTED_EDGE('',*,*,#5432,.T.);
#7082=ORIENTED_EDGE('',*,*,#5433,.T.);
#7083=ORIENTED_EDGE('',*,*,#5434,.T.);
#7084=ORIENTED_EDGE('',*,*,#5435,.T.);
#7085=ORIENTED_EDGE('',*,*,#5436,.T.);
#7086=ORIENTED_EDGE('',*,*,#5437,.T.);
#7087=ORIENTED_EDGE('',*,*,#5438,.T.);
#7088=ORIENTED_EDGE('',*,*,#5439,.T.);
#7089=ORIENTED_EDGE('',*,*,#5440,.T.);
#7090=ORIENTED_EDGE('',*,*,#5441,.F.);
#7091=ORIENTED_EDGE('',*,*,#5442,.F.);
#7092=ORIENTED_EDGE('',*,*,#5443,.F.);
#7093=ORIENTED_EDGE('',*,*,#5444,.F.);
#7094=ORIENTED_EDGE('',*,*,#5445,.F.);
#7095=ORIENTED_EDGE('',*,*,#5446,.F.);
#7096=ORIENTED_EDGE('',*,*,#5447,.F.);
#7097=ORIENTED_EDGE('',*,*,#5448,.F.);
#7098=ORIENTED_EDGE('',*,*,#5449,.F.);
#7099=ORIENTED_EDGE('',*,*,#5450,.F.);
#7100=ORIENTED_EDGE('',*,*,#5451,.F.);
#7101=ORIENTED_EDGE('',*,*,#5452,.F.);
#7102=ORIENTED_EDGE('',*,*,#5453,.F.);
#7103=ORIENTED_EDGE('',*,*,#5454,.T.);
#7104=ORIENTED_EDGE('',*,*,#5455,.T.);
#7105=ORIENTED_EDGE('',*,*,#5456,.T.);
#7106=ORIENTED_EDGE('',*,*,#5457,.T.);
#7107=ORIENTED_EDGE('',*,*,#5445,.T.);
#7108=ORIENTED_EDGE('',*,*,#5458,.F.);
#7109=ORIENTED_EDGE('',*,*,#5432,.F.);
#7110=ORIENTED_EDGE('',*,*,#5459,.T.);
#7111=ORIENTED_EDGE('',*,*,#5453,.T.);
#7112=ORIENTED_EDGE('',*,*,#5460,.F.);
#7113=ORIENTED_EDGE('',*,*,#5433,.F.);
#7114=ORIENTED_EDGE('',*,*,#5458,.T.);
#7115=ORIENTED_EDGE('',*,*,#5452,.T.);
#7116=ORIENTED_EDGE('',*,*,#5461,.F.);
#7117=ORIENTED_EDGE('',*,*,#5434,.F.);
#7118=ORIENTED_EDGE('',*,*,#5460,.T.);
#7119=ORIENTED_EDGE('',*,*,#5451,.T.);
#7120=ORIENTED_EDGE('',*,*,#5462,.F.);
#7121=ORIENTED_EDGE('',*,*,#5435,.F.);
#7122=ORIENTED_EDGE('',*,*,#5461,.T.);
#7123=ORIENTED_EDGE('',*,*,#5450,.T.);
#7124=ORIENTED_EDGE('',*,*,#5463,.F.);
#7125=ORIENTED_EDGE('',*,*,#5436,.F.);
#7126=ORIENTED_EDGE('',*,*,#5462,.T.);
#7127=ORIENTED_EDGE('',*,*,#5449,.T.);
#7128=ORIENTED_EDGE('',*,*,#5464,.F.);
#7129=ORIENTED_EDGE('',*,*,#5437,.F.);
#7130=ORIENTED_EDGE('',*,*,#5463,.T.);
#7131=ORIENTED_EDGE('',*,*,#5448,.T.);
#7132=ORIENTED_EDGE('',*,*,#5465,.F.);
#7133=ORIENTED_EDGE('',*,*,#5438,.F.);
#7134=ORIENTED_EDGE('',*,*,#5464,.T.);
#7135=ORIENTED_EDGE('',*,*,#5447,.T.);
#7136=ORIENTED_EDGE('',*,*,#5466,.F.);
#7137=ORIENTED_EDGE('',*,*,#5439,.F.);
#7138=ORIENTED_EDGE('',*,*,#5465,.T.);
#7139=ORIENTED_EDGE('',*,*,#5446,.T.);
#7140=ORIENTED_EDGE('',*,*,#5459,.F.);
#7141=ORIENTED_EDGE('',*,*,#5440,.F.);
#7142=ORIENTED_EDGE('',*,*,#5466,.T.);
#7143=ORIENTED_EDGE('',*,*,#5455,.F.);
#7144=ORIENTED_EDGE('',*,*,#5467,.F.);
#7145=ORIENTED_EDGE('',*,*,#5441,.T.);
#7146=ORIENTED_EDGE('',*,*,#5468,.T.);
#7147=ORIENTED_EDGE('',*,*,#5456,.F.);
#7148=ORIENTED_EDGE('',*,*,#5468,.F.);
#7149=ORIENTED_EDGE('',*,*,#5444,.T.);
#7150=ORIENTED_EDGE('',*,*,#5469,.T.);
#7151=ORIENTED_EDGE('',*,*,#5457,.F.);
#7152=ORIENTED_EDGE('',*,*,#5469,.F.);
#7153=ORIENTED_EDGE('',*,*,#5443,.T.);
#7154=ORIENTED_EDGE('',*,*,#5470,.T.);
#7155=ORIENTED_EDGE('',*,*,#5454,.F.);
#7156=ORIENTED_EDGE('',*,*,#5470,.F.);
#7157=ORIENTED_EDGE('',*,*,#5442,.T.);
#7158=ORIENTED_EDGE('',*,*,#5467,.T.);
#7159=ORIENTED_EDGE('',*,*,#5471,.T.);
#7160=ORIENTED_EDGE('',*,*,#5472,.F.);
#7161=ORIENTED_EDGE('',*,*,#5473,.F.);
#7162=ORIENTED_EDGE('',*,*,#5474,.T.);
#7163=ORIENTED_EDGE('',*,*,#5475,.T.);
#7164=ORIENTED_EDGE('',*,*,#5476,.F.);
#7165=ORIENTED_EDGE('',*,*,#5477,.F.);
#7166=ORIENTED_EDGE('',*,*,#5472,.T.);
#7167=ORIENTED_EDGE('',*,*,#5478,.T.);
#7168=ORIENTED_EDGE('',*,*,#5479,.F.);
#7169=ORIENTED_EDGE('',*,*,#5480,.F.);
#7170=ORIENTED_EDGE('',*,*,#5476,.T.);
#7171=ORIENTED_EDGE('',*,*,#5481,.T.);
#7172=ORIENTED_EDGE('',*,*,#5482,.F.);
#7173=ORIENTED_EDGE('',*,*,#5483,.F.);
#7174=ORIENTED_EDGE('',*,*,#5479,.T.);
#7175=ORIENTED_EDGE('',*,*,#5484,.T.);
#7176=ORIENTED_EDGE('',*,*,#5485,.F.);
#7177=ORIENTED_EDGE('',*,*,#5486,.F.);
#7178=ORIENTED_EDGE('',*,*,#5482,.T.);
#7179=ORIENTED_EDGE('',*,*,#5487,.T.);
#7180=ORIENTED_EDGE('',*,*,#5488,.F.);
#7181=ORIENTED_EDGE('',*,*,#5489,.F.);
#7182=ORIENTED_EDGE('',*,*,#5485,.T.);
#7183=ORIENTED_EDGE('',*,*,#5490,.T.);
#7184=ORIENTED_EDGE('',*,*,#5491,.F.);
#7185=ORIENTED_EDGE('',*,*,#5492,.F.);
#7186=ORIENTED_EDGE('',*,*,#5488,.T.);
#7187=ORIENTED_EDGE('',*,*,#5493,.T.);
#7188=ORIENTED_EDGE('',*,*,#5494,.F.);
#7189=ORIENTED_EDGE('',*,*,#5495,.F.);
#7190=ORIENTED_EDGE('',*,*,#5491,.T.);
#7191=ORIENTED_EDGE('',*,*,#5496,.T.);
#7192=ORIENTED_EDGE('',*,*,#5497,.F.);
#7193=ORIENTED_EDGE('',*,*,#5498,.F.);
#7194=ORIENTED_EDGE('',*,*,#5494,.T.);
#7195=ORIENTED_EDGE('',*,*,#5499,.T.);
#7196=ORIENTED_EDGE('',*,*,#5500,.F.);
#7197=ORIENTED_EDGE('',*,*,#5501,.F.);
#7198=ORIENTED_EDGE('',*,*,#5497,.T.);
#7199=ORIENTED_EDGE('',*,*,#5502,.T.);
#7200=ORIENTED_EDGE('',*,*,#5503,.F.);
#7201=ORIENTED_EDGE('',*,*,#5504,.F.);
#7202=ORIENTED_EDGE('',*,*,#5500,.T.);
#7203=ORIENTED_EDGE('',*,*,#5505,.T.);
#7204=ORIENTED_EDGE('',*,*,#5506,.F.);
#7205=ORIENTED_EDGE('',*,*,#5507,.F.);
#7206=ORIENTED_EDGE('',*,*,#5503,.T.);
#7207=ORIENTED_EDGE('',*,*,#5508,.T.);
#7208=ORIENTED_EDGE('',*,*,#5509,.F.);
#7209=ORIENTED_EDGE('',*,*,#5510,.F.);
#7210=ORIENTED_EDGE('',*,*,#5506,.T.);
#7211=ORIENTED_EDGE('',*,*,#5511,.T.);
#7212=ORIENTED_EDGE('',*,*,#5474,.F.);
#7213=ORIENTED_EDGE('',*,*,#5512,.F.);
#7214=ORIENTED_EDGE('',*,*,#5509,.T.);
#7215=ORIENTED_EDGE('',*,*,#5473,.T.);
#7216=ORIENTED_EDGE('',*,*,#5477,.T.);
#7217=ORIENTED_EDGE('',*,*,#5480,.T.);
#7218=ORIENTED_EDGE('',*,*,#5483,.T.);
#7219=ORIENTED_EDGE('',*,*,#5486,.T.);
#7220=ORIENTED_EDGE('',*,*,#5489,.T.);
#7221=ORIENTED_EDGE('',*,*,#5492,.T.);
#7222=ORIENTED_EDGE('',*,*,#5495,.T.);
#7223=ORIENTED_EDGE('',*,*,#5498,.T.);
#7224=ORIENTED_EDGE('',*,*,#5501,.T.);
#7225=ORIENTED_EDGE('',*,*,#5504,.T.);
#7226=ORIENTED_EDGE('',*,*,#5507,.T.);
#7227=ORIENTED_EDGE('',*,*,#5510,.T.);
#7228=ORIENTED_EDGE('',*,*,#5512,.T.);
#7229=ORIENTED_EDGE('',*,*,#5471,.F.);
#7230=ORIENTED_EDGE('',*,*,#5511,.F.);
#7231=ORIENTED_EDGE('',*,*,#5508,.F.);
#7232=ORIENTED_EDGE('',*,*,#5505,.F.);
#7233=ORIENTED_EDGE('',*,*,#5502,.F.);
#7234=ORIENTED_EDGE('',*,*,#5499,.F.);
#7235=ORIENTED_EDGE('',*,*,#5496,.F.);
#7236=ORIENTED_EDGE('',*,*,#5493,.F.);
#7237=ORIENTED_EDGE('',*,*,#5490,.F.);
#7238=ORIENTED_EDGE('',*,*,#5487,.F.);
#7239=ORIENTED_EDGE('',*,*,#5484,.F.);
#7240=ORIENTED_EDGE('',*,*,#5481,.F.);
#7241=ORIENTED_EDGE('',*,*,#5478,.F.);
#7242=ORIENTED_EDGE('',*,*,#5475,.F.);
#7243=ORIENTED_EDGE('',*,*,#5513,.T.);
#7244=ORIENTED_EDGE('',*,*,#5514,.F.);
#7245=ORIENTED_EDGE('',*,*,#5515,.F.);
#7246=ORIENTED_EDGE('',*,*,#5516,.T.);
#7247=ORIENTED_EDGE('',*,*,#5517,.T.);
#7248=ORIENTED_EDGE('',*,*,#5518,.F.);
#7249=ORIENTED_EDGE('',*,*,#5519,.F.);
#7250=ORIENTED_EDGE('',*,*,#5514,.T.);
#7251=ORIENTED_EDGE('',*,*,#5520,.T.);
#7252=ORIENTED_EDGE('',*,*,#5521,.F.);
#7253=ORIENTED_EDGE('',*,*,#5522,.F.);
#7254=ORIENTED_EDGE('',*,*,#5518,.T.);
#7255=ORIENTED_EDGE('',*,*,#5523,.T.);
#7256=ORIENTED_EDGE('',*,*,#5524,.F.);
#7257=ORIENTED_EDGE('',*,*,#5525,.F.);
#7258=ORIENTED_EDGE('',*,*,#5521,.T.);
#7259=ORIENTED_EDGE('',*,*,#5526,.T.);
#7260=ORIENTED_EDGE('',*,*,#5527,.F.);
#7261=ORIENTED_EDGE('',*,*,#5528,.F.);
#7262=ORIENTED_EDGE('',*,*,#5524,.T.);
#7263=ORIENTED_EDGE('',*,*,#5529,.T.);
#7264=ORIENTED_EDGE('',*,*,#5530,.F.);
#7265=ORIENTED_EDGE('',*,*,#5531,.F.);
#7266=ORIENTED_EDGE('',*,*,#5527,.T.);
#7267=ORIENTED_EDGE('',*,*,#5532,.T.);
#7268=ORIENTED_EDGE('',*,*,#5533,.F.);
#7269=ORIENTED_EDGE('',*,*,#5534,.F.);
#7270=ORIENTED_EDGE('',*,*,#5530,.T.);
#7271=ORIENTED_EDGE('',*,*,#5535,.T.);
#7272=ORIENTED_EDGE('',*,*,#5536,.F.);
#7273=ORIENTED_EDGE('',*,*,#5537,.F.);
#7274=ORIENTED_EDGE('',*,*,#5533,.T.);
#7275=ORIENTED_EDGE('',*,*,#5538,.T.);
#7276=ORIENTED_EDGE('',*,*,#5539,.F.);
#7277=ORIENTED_EDGE('',*,*,#5540,.F.);
#7278=ORIENTED_EDGE('',*,*,#5536,.T.);
#7279=ORIENTED_EDGE('',*,*,#5541,.T.);
#7280=ORIENTED_EDGE('',*,*,#5516,.F.);
#7281=ORIENTED_EDGE('',*,*,#5542,.F.);
#7282=ORIENTED_EDGE('',*,*,#5539,.T.);
#7283=ORIENTED_EDGE('',*,*,#5515,.T.);
#7284=ORIENTED_EDGE('',*,*,#5519,.T.);
#7285=ORIENTED_EDGE('',*,*,#5522,.T.);
#7286=ORIENTED_EDGE('',*,*,#5525,.T.);
#7287=ORIENTED_EDGE('',*,*,#5528,.T.);
#7288=ORIENTED_EDGE('',*,*,#5531,.T.);
#7289=ORIENTED_EDGE('',*,*,#5534,.T.);
#7290=ORIENTED_EDGE('',*,*,#5537,.T.);
#7291=ORIENTED_EDGE('',*,*,#5540,.T.);
#7292=ORIENTED_EDGE('',*,*,#5542,.T.);
#7293=ORIENTED_EDGE('',*,*,#5513,.F.);
#7294=ORIENTED_EDGE('',*,*,#5541,.F.);
#7295=ORIENTED_EDGE('',*,*,#5538,.F.);
#7296=ORIENTED_EDGE('',*,*,#5535,.F.);
#7297=ORIENTED_EDGE('',*,*,#5532,.F.);
#7298=ORIENTED_EDGE('',*,*,#5529,.F.);
#7299=ORIENTED_EDGE('',*,*,#5526,.F.);
#7300=ORIENTED_EDGE('',*,*,#5523,.F.);
#7301=ORIENTED_EDGE('',*,*,#5520,.F.);
#7302=ORIENTED_EDGE('',*,*,#5517,.F.);
#7303=ORIENTED_EDGE('',*,*,#5543,.T.);
#7304=ORIENTED_EDGE('',*,*,#5544,.F.);
#7305=ORIENTED_EDGE('',*,*,#5545,.F.);
#7306=ORIENTED_EDGE('',*,*,#5546,.T.);
#7307=ORIENTED_EDGE('',*,*,#5547,.T.);
#7308=ORIENTED_EDGE('',*,*,#5548,.F.);
#7309=ORIENTED_EDGE('',*,*,#5549,.F.);
#7310=ORIENTED_EDGE('',*,*,#5544,.T.);
#7311=ORIENTED_EDGE('',*,*,#5550,.T.);
#7312=ORIENTED_EDGE('',*,*,#5551,.F.);
#7313=ORIENTED_EDGE('',*,*,#5552,.F.);
#7314=ORIENTED_EDGE('',*,*,#5548,.T.);
#7315=ORIENTED_EDGE('',*,*,#5553,.T.);
#7316=ORIENTED_EDGE('',*,*,#5554,.F.);
#7317=ORIENTED_EDGE('',*,*,#5555,.F.);
#7318=ORIENTED_EDGE('',*,*,#5551,.T.);
#7319=ORIENTED_EDGE('',*,*,#5556,.T.);
#7320=ORIENTED_EDGE('',*,*,#5557,.F.);
#7321=ORIENTED_EDGE('',*,*,#5558,.F.);
#7322=ORIENTED_EDGE('',*,*,#5554,.T.);
#7323=ORIENTED_EDGE('',*,*,#5559,.T.);
#7324=ORIENTED_EDGE('',*,*,#5560,.F.);
#7325=ORIENTED_EDGE('',*,*,#5561,.F.);
#7326=ORIENTED_EDGE('',*,*,#5557,.T.);
#7327=ORIENTED_EDGE('',*,*,#5562,.T.);
#7328=ORIENTED_EDGE('',*,*,#5563,.F.);
#7329=ORIENTED_EDGE('',*,*,#5564,.F.);
#7330=ORIENTED_EDGE('',*,*,#5560,.T.);
#7331=ORIENTED_EDGE('',*,*,#5565,.T.);
#7332=ORIENTED_EDGE('',*,*,#5566,.F.);
#7333=ORIENTED_EDGE('',*,*,#5567,.F.);
#7334=ORIENTED_EDGE('',*,*,#5563,.T.);
#7335=ORIENTED_EDGE('',*,*,#5568,.T.);
#7336=ORIENTED_EDGE('',*,*,#5569,.F.);
#7337=ORIENTED_EDGE('',*,*,#5570,.F.);
#7338=ORIENTED_EDGE('',*,*,#5566,.T.);
#7339=ORIENTED_EDGE('',*,*,#5571,.T.);
#7340=ORIENTED_EDGE('',*,*,#5546,.F.);
#7341=ORIENTED_EDGE('',*,*,#5572,.F.);
#7342=ORIENTED_EDGE('',*,*,#5569,.T.);
#7343=ORIENTED_EDGE('',*,*,#5545,.T.);
#7344=ORIENTED_EDGE('',*,*,#5549,.T.);
#7345=ORIENTED_EDGE('',*,*,#5552,.T.);
#7346=ORIENTED_EDGE('',*,*,#5555,.T.);
#7347=ORIENTED_EDGE('',*,*,#5558,.T.);
#7348=ORIENTED_EDGE('',*,*,#5561,.T.);
#7349=ORIENTED_EDGE('',*,*,#5564,.T.);
#7350=ORIENTED_EDGE('',*,*,#5567,.T.);
#7351=ORIENTED_EDGE('',*,*,#5570,.T.);
#7352=ORIENTED_EDGE('',*,*,#5572,.T.);
#7353=ORIENTED_EDGE('',*,*,#5543,.F.);
#7354=ORIENTED_EDGE('',*,*,#5571,.F.);
#7355=ORIENTED_EDGE('',*,*,#5568,.F.);
#7356=ORIENTED_EDGE('',*,*,#5565,.F.);
#7357=ORIENTED_EDGE('',*,*,#5562,.F.);
#7358=ORIENTED_EDGE('',*,*,#5559,.F.);
#7359=ORIENTED_EDGE('',*,*,#5556,.F.);
#7360=ORIENTED_EDGE('',*,*,#5553,.F.);
#7361=ORIENTED_EDGE('',*,*,#5550,.F.);
#7362=ORIENTED_EDGE('',*,*,#5547,.F.);
#7363=ORIENTED_EDGE('',*,*,#5573,.T.);
#7364=ORIENTED_EDGE('',*,*,#5574,.F.);
#7365=ORIENTED_EDGE('',*,*,#5575,.F.);
#7366=ORIENTED_EDGE('',*,*,#5576,.T.);
#7367=ORIENTED_EDGE('',*,*,#5577,.T.);
#7368=ORIENTED_EDGE('',*,*,#5578,.F.);
#7369=ORIENTED_EDGE('',*,*,#5579,.F.);
#7370=ORIENTED_EDGE('',*,*,#5574,.T.);
#7371=ORIENTED_EDGE('',*,*,#5580,.T.);
#7372=ORIENTED_EDGE('',*,*,#5581,.F.);
#7373=ORIENTED_EDGE('',*,*,#5582,.F.);
#7374=ORIENTED_EDGE('',*,*,#5578,.T.);
#7375=ORIENTED_EDGE('',*,*,#5583,.T.);
#7376=ORIENTED_EDGE('',*,*,#5584,.F.);
#7377=ORIENTED_EDGE('',*,*,#5585,.F.);
#7378=ORIENTED_EDGE('',*,*,#5581,.T.);
#7379=ORIENTED_EDGE('',*,*,#5586,.T.);
#7380=ORIENTED_EDGE('',*,*,#5587,.F.);
#7381=ORIENTED_EDGE('',*,*,#5588,.F.);
#7382=ORIENTED_EDGE('',*,*,#5584,.T.);
#7383=ORIENTED_EDGE('',*,*,#5589,.T.);
#7384=ORIENTED_EDGE('',*,*,#5590,.F.);
#7385=ORIENTED_EDGE('',*,*,#5591,.F.);
#7386=ORIENTED_EDGE('',*,*,#5587,.T.);
#7387=ORIENTED_EDGE('',*,*,#5592,.T.);
#7388=ORIENTED_EDGE('',*,*,#5593,.F.);
#7389=ORIENTED_EDGE('',*,*,#5594,.F.);
#7390=ORIENTED_EDGE('',*,*,#5590,.T.);
#7391=ORIENTED_EDGE('',*,*,#5595,.T.);
#7392=ORIENTED_EDGE('',*,*,#5596,.F.);
#7393=ORIENTED_EDGE('',*,*,#5597,.F.);
#7394=ORIENTED_EDGE('',*,*,#5593,.T.);
#7395=ORIENTED_EDGE('',*,*,#5598,.T.);
#7396=ORIENTED_EDGE('',*,*,#5599,.F.);
#7397=ORIENTED_EDGE('',*,*,#5600,.F.);
#7398=ORIENTED_EDGE('',*,*,#5596,.T.);
#7399=ORIENTED_EDGE('',*,*,#5601,.T.);
#7400=ORIENTED_EDGE('',*,*,#5576,.F.);
#7401=ORIENTED_EDGE('',*,*,#5602,.F.);
#7402=ORIENTED_EDGE('',*,*,#5599,.T.);
#7403=ORIENTED_EDGE('',*,*,#5575,.T.);
#7404=ORIENTED_EDGE('',*,*,#5579,.T.);
#7405=ORIENTED_EDGE('',*,*,#5582,.T.);
#7406=ORIENTED_EDGE('',*,*,#5585,.T.);
#7407=ORIENTED_EDGE('',*,*,#5588,.T.);
#7408=ORIENTED_EDGE('',*,*,#5591,.T.);
#7409=ORIENTED_EDGE('',*,*,#5594,.T.);
#7410=ORIENTED_EDGE('',*,*,#5597,.T.);
#7411=ORIENTED_EDGE('',*,*,#5600,.T.);
#7412=ORIENTED_EDGE('',*,*,#5602,.T.);
#7413=ORIENTED_EDGE('',*,*,#5573,.F.);
#7414=ORIENTED_EDGE('',*,*,#5601,.F.);
#7415=ORIENTED_EDGE('',*,*,#5598,.F.);
#7416=ORIENTED_EDGE('',*,*,#5595,.F.);
#7417=ORIENTED_EDGE('',*,*,#5592,.F.);
#7418=ORIENTED_EDGE('',*,*,#5589,.F.);
#7419=ORIENTED_EDGE('',*,*,#5586,.F.);
#7420=ORIENTED_EDGE('',*,*,#5583,.F.);
#7421=ORIENTED_EDGE('',*,*,#5580,.F.);
#7422=ORIENTED_EDGE('',*,*,#5577,.F.);
#7423=ORIENTED_EDGE('',*,*,#5603,.T.);
#7424=ORIENTED_EDGE('',*,*,#5604,.F.);
#7425=ORIENTED_EDGE('',*,*,#5605,.F.);
#7426=ORIENTED_EDGE('',*,*,#5606,.T.);
#7427=ORIENTED_EDGE('',*,*,#5607,.T.);
#7428=ORIENTED_EDGE('',*,*,#5608,.F.);
#7429=ORIENTED_EDGE('',*,*,#5609,.F.);
#7430=ORIENTED_EDGE('',*,*,#5604,.T.);
#7431=ORIENTED_EDGE('',*,*,#5610,.T.);
#7432=ORIENTED_EDGE('',*,*,#5611,.F.);
#7433=ORIENTED_EDGE('',*,*,#5612,.F.);
#7434=ORIENTED_EDGE('',*,*,#5608,.T.);
#7435=ORIENTED_EDGE('',*,*,#5613,.T.);
#7436=ORIENTED_EDGE('',*,*,#5614,.F.);
#7437=ORIENTED_EDGE('',*,*,#5615,.F.);
#7438=ORIENTED_EDGE('',*,*,#5611,.T.);
#7439=ORIENTED_EDGE('',*,*,#5616,.T.);
#7440=ORIENTED_EDGE('',*,*,#5617,.F.);
#7441=ORIENTED_EDGE('',*,*,#5618,.F.);
#7442=ORIENTED_EDGE('',*,*,#5614,.T.);
#7443=ORIENTED_EDGE('',*,*,#5619,.T.);
#7444=ORIENTED_EDGE('',*,*,#5620,.F.);
#7445=ORIENTED_EDGE('',*,*,#5621,.F.);
#7446=ORIENTED_EDGE('',*,*,#5617,.T.);
#7447=ORIENTED_EDGE('',*,*,#5622,.T.);
#7448=ORIENTED_EDGE('',*,*,#5623,.F.);
#7449=ORIENTED_EDGE('',*,*,#5624,.F.);
#7450=ORIENTED_EDGE('',*,*,#5620,.T.);
#7451=ORIENTED_EDGE('',*,*,#5625,.T.);
#7452=ORIENTED_EDGE('',*,*,#5626,.F.);
#7453=ORIENTED_EDGE('',*,*,#5627,.F.);
#7454=ORIENTED_EDGE('',*,*,#5623,.T.);
#7455=ORIENTED_EDGE('',*,*,#5628,.T.);
#7456=ORIENTED_EDGE('',*,*,#5629,.F.);
#7457=ORIENTED_EDGE('',*,*,#5630,.F.);
#7458=ORIENTED_EDGE('',*,*,#5626,.T.);
#7459=ORIENTED_EDGE('',*,*,#5631,.T.);
#7460=ORIENTED_EDGE('',*,*,#5606,.F.);
#7461=ORIENTED_EDGE('',*,*,#5632,.F.);
#7462=ORIENTED_EDGE('',*,*,#5629,.T.);
#7463=ORIENTED_EDGE('',*,*,#5605,.T.);
#7464=ORIENTED_EDGE('',*,*,#5609,.T.);
#7465=ORIENTED_EDGE('',*,*,#5612,.T.);
#7466=ORIENTED_EDGE('',*,*,#5615,.T.);
#7467=ORIENTED_EDGE('',*,*,#5618,.T.);
#7468=ORIENTED_EDGE('',*,*,#5621,.T.);
#7469=ORIENTED_EDGE('',*,*,#5624,.T.);
#7470=ORIENTED_EDGE('',*,*,#5627,.T.);
#7471=ORIENTED_EDGE('',*,*,#5630,.T.);
#7472=ORIENTED_EDGE('',*,*,#5632,.T.);
#7473=ORIENTED_EDGE('',*,*,#5603,.F.);
#7474=ORIENTED_EDGE('',*,*,#5631,.F.);
#7475=ORIENTED_EDGE('',*,*,#5628,.F.);
#7476=ORIENTED_EDGE('',*,*,#5625,.F.);
#7477=ORIENTED_EDGE('',*,*,#5622,.F.);
#7478=ORIENTED_EDGE('',*,*,#5619,.F.);
#7479=ORIENTED_EDGE('',*,*,#5616,.F.);
#7480=ORIENTED_EDGE('',*,*,#5613,.F.);
#7481=ORIENTED_EDGE('',*,*,#5610,.F.);
#7482=ORIENTED_EDGE('',*,*,#5607,.F.);
#7483=ORIENTED_EDGE('',*,*,#5633,.T.);
#7484=ORIENTED_EDGE('',*,*,#5634,.T.);
#7485=ORIENTED_EDGE('',*,*,#5635,.F.);
#7486=ORIENTED_EDGE('',*,*,#5634,.F.);
#7487=ORIENTED_EDGE('',*,*,#5635,.T.);
#7488=ORIENTED_EDGE('',*,*,#5633,.F.);
#7489=ORIENTED_EDGE('',*,*,#5636,.T.);
#7490=ORIENTED_EDGE('',*,*,#5637,.T.);
#7491=ORIENTED_EDGE('',*,*,#5638,.F.);
#7492=ORIENTED_EDGE('',*,*,#5637,.F.);
#7493=ORIENTED_EDGE('',*,*,#5638,.T.);
#7494=ORIENTED_EDGE('',*,*,#5636,.F.);
#7495=ORIENTED_EDGE('',*,*,#5639,.T.);
#7496=ORIENTED_EDGE('',*,*,#5640,.F.);
#7497=ORIENTED_EDGE('',*,*,#5641,.F.);
#7498=ORIENTED_EDGE('',*,*,#5642,.T.);
#7499=ORIENTED_EDGE('',*,*,#5643,.T.);
#7500=ORIENTED_EDGE('',*,*,#5644,.F.);
#7501=ORIENTED_EDGE('',*,*,#5645,.F.);
#7502=ORIENTED_EDGE('',*,*,#5640,.T.);
#7503=ORIENTED_EDGE('',*,*,#5646,.T.);
#7504=ORIENTED_EDGE('',*,*,#5647,.F.);
#7505=ORIENTED_EDGE('',*,*,#5648,.F.);
#7506=ORIENTED_EDGE('',*,*,#5644,.T.);
#7507=ORIENTED_EDGE('',*,*,#5649,.T.);
#7508=ORIENTED_EDGE('',*,*,#5642,.F.);
#7509=ORIENTED_EDGE('',*,*,#5650,.F.);
#7510=ORIENTED_EDGE('',*,*,#5647,.T.);
#7511=ORIENTED_EDGE('',*,*,#5641,.T.);
#7512=ORIENTED_EDGE('',*,*,#5645,.T.);
#7513=ORIENTED_EDGE('',*,*,#5648,.T.);
#7514=ORIENTED_EDGE('',*,*,#5650,.T.);
#7515=ORIENTED_EDGE('',*,*,#5639,.F.);
#7516=ORIENTED_EDGE('',*,*,#5649,.F.);
#7517=ORIENTED_EDGE('',*,*,#5646,.F.);
#7518=ORIENTED_EDGE('',*,*,#5643,.F.);
#7519=ORIENTED_EDGE('',*,*,#5651,.T.);
#7520=ORIENTED_EDGE('',*,*,#5652,.F.);
#7521=ORIENTED_EDGE('',*,*,#5653,.F.);
#7522=ORIENTED_EDGE('',*,*,#5654,.T.);
#7523=ORIENTED_EDGE('',*,*,#5655,.T.);
#7524=ORIENTED_EDGE('',*,*,#5656,.F.);
#7525=ORIENTED_EDGE('',*,*,#5657,.F.);
#7526=ORIENTED_EDGE('',*,*,#5652,.T.);
#7527=ORIENTED_EDGE('',*,*,#5658,.T.);
#7528=ORIENTED_EDGE('',*,*,#5659,.F.);
#7529=ORIENTED_EDGE('',*,*,#5660,.F.);
#7530=ORIENTED_EDGE('',*,*,#5656,.T.);
#7531=ORIENTED_EDGE('',*,*,#5661,.T.);
#7532=ORIENTED_EDGE('',*,*,#5654,.F.);
#7533=ORIENTED_EDGE('',*,*,#5662,.F.);
#7534=ORIENTED_EDGE('',*,*,#5659,.T.);
#7535=ORIENTED_EDGE('',*,*,#5653,.T.);
#7536=ORIENTED_EDGE('',*,*,#5657,.T.);
#7537=ORIENTED_EDGE('',*,*,#5660,.T.);
#7538=ORIENTED_EDGE('',*,*,#5662,.T.);
#7539=ORIENTED_EDGE('',*,*,#5651,.F.);
#7540=ORIENTED_EDGE('',*,*,#5661,.F.);
#7541=ORIENTED_EDGE('',*,*,#5658,.F.);
#7542=ORIENTED_EDGE('',*,*,#5655,.F.);
#7543=ORIENTED_EDGE('',*,*,#5663,.T.);
#7544=ORIENTED_EDGE('',*,*,#5664,.F.);
#7545=ORIENTED_EDGE('',*,*,#5665,.F.);
#7546=ORIENTED_EDGE('',*,*,#5666,.T.);
#7547=ORIENTED_EDGE('',*,*,#5667,.T.);
#7548=ORIENTED_EDGE('',*,*,#5668,.F.);
#7549=ORIENTED_EDGE('',*,*,#5669,.F.);
#7550=ORIENTED_EDGE('',*,*,#5664,.T.);
#7551=ORIENTED_EDGE('',*,*,#5670,.T.);
#7552=ORIENTED_EDGE('',*,*,#5671,.F.);
#7553=ORIENTED_EDGE('',*,*,#5672,.F.);
#7554=ORIENTED_EDGE('',*,*,#5668,.T.);
#7555=ORIENTED_EDGE('',*,*,#5673,.T.);
#7556=ORIENTED_EDGE('',*,*,#5666,.F.);
#7557=ORIENTED_EDGE('',*,*,#5674,.F.);
#7558=ORIENTED_EDGE('',*,*,#5671,.T.);
#7559=ORIENTED_EDGE('',*,*,#5665,.T.);
#7560=ORIENTED_EDGE('',*,*,#5669,.T.);
#7561=ORIENTED_EDGE('',*,*,#5672,.T.);
#7562=ORIENTED_EDGE('',*,*,#5674,.T.);
#7563=ORIENTED_EDGE('',*,*,#5663,.F.);
#7564=ORIENTED_EDGE('',*,*,#5673,.F.);
#7565=ORIENTED_EDGE('',*,*,#5670,.F.);
#7566=ORIENTED_EDGE('',*,*,#5667,.F.);
#7567=ORIENTED_EDGE('',*,*,#5675,.F.);
#7568=ORIENTED_EDGE('',*,*,#5676,.T.);
#7569=ORIENTED_EDGE('',*,*,#5677,.T.);
#7570=ORIENTED_EDGE('',*,*,#5678,.F.);
#7571=ORIENTED_EDGE('',*,*,#5679,.F.);
#7572=ORIENTED_EDGE('',*,*,#5680,.T.);
#7573=ORIENTED_EDGE('',*,*,#5681,.F.);
#7574=ORIENTED_EDGE('',*,*,#5682,.F.);
#7575=ORIENTED_EDGE('',*,*,#5683,.F.);
#7576=ORIENTED_EDGE('',*,*,#5684,.F.);
#7577=ORIENTED_EDGE('',*,*,#5685,.T.);
#7578=ORIENTED_EDGE('',*,*,#5686,.T.);
#7579=ORIENTED_EDGE('',*,*,#5687,.T.);
#7580=ORIENTED_EDGE('',*,*,#5688,.F.);
#7581=ORIENTED_EDGE('',*,*,#5689,.F.);
#7582=ORIENTED_EDGE('',*,*,#5690,.T.);
#7583=ORIENTED_EDGE('',*,*,#5691,.F.);
#7584=ORIENTED_EDGE('',*,*,#5692,.F.);
#7585=ORIENTED_EDGE('',*,*,#5690,.F.);
#7586=ORIENTED_EDGE('',*,*,#5693,.F.);
#7587=ORIENTED_EDGE('',*,*,#5694,.F.);
#7588=ORIENTED_EDGE('',*,*,#5695,.F.);
#7589=ORIENTED_EDGE('',*,*,#5696,.F.);
#7590=ORIENTED_EDGE('',*,*,#5697,.T.);
#7591=ORIENTED_EDGE('',*,*,#5678,.T.);
#7592=ORIENTED_EDGE('',*,*,#5698,.T.);
#7593=ORIENTED_EDGE('',*,*,#5695,.T.);
#7594=ORIENTED_EDGE('',*,*,#5699,.F.);
#7595=ORIENTED_EDGE('',*,*,#5700,.T.);
#7596=ORIENTED_EDGE('',*,*,#5688,.T.);
#7597=ORIENTED_EDGE('',*,*,#5701,.F.);
#7598=ORIENTED_EDGE('',*,*,#5702,.F.);
#7599=ORIENTED_EDGE('',*,*,#5703,.F.);
#7600=ORIENTED_EDGE('',*,*,#5704,.F.);
#7601=ORIENTED_EDGE('',*,*,#5687,.F.);
#7602=ORIENTED_EDGE('',*,*,#5705,.F.);
#7603=ORIENTED_EDGE('',*,*,#5706,.T.);
#7604=ORIENTED_EDGE('',*,*,#5701,.T.);
#7605=ORIENTED_EDGE('',*,*,#5686,.F.);
#7606=ORIENTED_EDGE('',*,*,#5707,.F.);
#7607=ORIENTED_EDGE('',*,*,#5708,.T.);
#7608=ORIENTED_EDGE('',*,*,#5705,.T.);
#7609=ORIENTED_EDGE('',*,*,#5685,.F.);
#7610=ORIENTED_EDGE('',*,*,#5709,.F.);
#7611=ORIENTED_EDGE('',*,*,#5710,.T.);
#7612=ORIENTED_EDGE('',*,*,#5707,.T.);
#7613=ORIENTED_EDGE('',*,*,#5684,.T.);
#7614=ORIENTED_EDGE('',*,*,#5711,.F.);
#7615=ORIENTED_EDGE('',*,*,#5712,.F.);
#7616=ORIENTED_EDGE('',*,*,#5709,.T.);
#7617=ORIENTED_EDGE('',*,*,#5683,.T.);
#7618=ORIENTED_EDGE('',*,*,#5713,.F.);
#7619=ORIENTED_EDGE('',*,*,#5714,.F.);
#7620=ORIENTED_EDGE('',*,*,#5711,.T.);
#7621=ORIENTED_EDGE('',*,*,#5682,.T.);
#7622=ORIENTED_EDGE('',*,*,#5715,.F.);
#7623=ORIENTED_EDGE('',*,*,#5716,.F.);
#7624=ORIENTED_EDGE('',*,*,#5713,.T.);
#7625=ORIENTED_EDGE('',*,*,#5681,.T.);
#7626=ORIENTED_EDGE('',*,*,#5717,.F.);
#7627=ORIENTED_EDGE('',*,*,#5718,.F.);
#7628=ORIENTED_EDGE('',*,*,#5715,.T.);
#7629=ORIENTED_EDGE('',*,*,#5680,.F.);
#7630=ORIENTED_EDGE('',*,*,#5719,.F.);
#7631=ORIENTED_EDGE('',*,*,#5720,.F.);
#7632=ORIENTED_EDGE('',*,*,#5721,.F.);
#7633=ORIENTED_EDGE('',*,*,#5722,.F.);
#7634=ORIENTED_EDGE('',*,*,#5723,.T.);
#7635=ORIENTED_EDGE('',*,*,#5724,.T.);
#7636=ORIENTED_EDGE('',*,*,#5717,.T.);
#7637=ORIENTED_EDGE('',*,*,#5721,.T.);
#7638=ORIENTED_EDGE('',*,*,#5725,.F.);
#7639=ORIENTED_EDGE('',*,*,#5726,.T.);
#7640=ORIENTED_EDGE('',*,*,#5692,.T.);
#7641=ORIENTED_EDGE('',*,*,#5727,.F.);
#7642=ORIENTED_EDGE('',*,*,#5676,.F.);
#7643=ORIENTED_EDGE('',*,*,#5728,.F.);
#7644=ORIENTED_EDGE('',*,*,#5729,.F.);
#7645=ORIENTED_EDGE('',*,*,#5691,.T.);
#7646=ORIENTED_EDGE('',*,*,#5698,.F.);
#7647=ORIENTED_EDGE('',*,*,#5677,.F.);
#7648=ORIENTED_EDGE('',*,*,#5727,.T.);
#7649=ORIENTED_EDGE('',*,*,#5730,.F.);
#7650=ORIENTED_EDGE('',*,*,#5702,.T.);
#7651=ORIENTED_EDGE('',*,*,#5706,.F.);
#7652=ORIENTED_EDGE('',*,*,#5708,.F.);
#7653=ORIENTED_EDGE('',*,*,#5710,.F.);
#7654=ORIENTED_EDGE('',*,*,#5712,.T.);
#7655=ORIENTED_EDGE('',*,*,#5714,.T.);
#7656=ORIENTED_EDGE('',*,*,#5716,.T.);
#7657=ORIENTED_EDGE('',*,*,#5718,.T.);
#7658=ORIENTED_EDGE('',*,*,#5724,.F.);
#7659=ORIENTED_EDGE('',*,*,#5689,.T.);
#7660=ORIENTED_EDGE('',*,*,#5726,.F.);
#7661=ORIENTED_EDGE('',*,*,#5731,.F.);
#7662=ORIENTED_EDGE('',*,*,#5693,.T.);
#7663=ORIENTED_EDGE('',*,*,#5679,.T.);
#7664=ORIENTED_EDGE('',*,*,#5700,.F.);
#7665=ORIENTED_EDGE('',*,*,#5732,.F.);
#7666=ORIENTED_EDGE('',*,*,#5719,.T.);
#7667=ORIENTED_EDGE('',*,*,#5699,.T.);
#7668=ORIENTED_EDGE('',*,*,#5694,.T.);
#7669=ORIENTED_EDGE('',*,*,#5731,.T.);
#7670=ORIENTED_EDGE('',*,*,#5725,.T.);
#7671=ORIENTED_EDGE('',*,*,#5720,.T.);
#7672=ORIENTED_EDGE('',*,*,#5732,.T.);
#7673=ORIENTED_EDGE('',*,*,#5730,.T.);
#7674=ORIENTED_EDGE('',*,*,#5723,.F.);
#7675=ORIENTED_EDGE('',*,*,#5733,.F.);
#7676=ORIENTED_EDGE('',*,*,#5703,.T.);
#7677=ORIENTED_EDGE('',*,*,#5675,.T.);
#7678=ORIENTED_EDGE('',*,*,#5697,.F.);
#7679=ORIENTED_EDGE('',*,*,#5734,.F.);
#7680=ORIENTED_EDGE('',*,*,#5728,.T.);
#7681=ORIENTED_EDGE('',*,*,#5704,.T.);
#7682=ORIENTED_EDGE('',*,*,#5733,.T.);
#7683=ORIENTED_EDGE('',*,*,#5722,.T.);
#7684=ORIENTED_EDGE('',*,*,#5729,.T.);
#7685=ORIENTED_EDGE('',*,*,#5734,.T.);
#7686=ORIENTED_EDGE('',*,*,#5696,.T.);
#7687=ORIENTED_EDGE('',*,*,#5735,.F.);
#7688=ORIENTED_EDGE('',*,*,#5736,.T.);
#7689=ORIENTED_EDGE('',*,*,#5737,.F.);
#7690=ORIENTED_EDGE('',*,*,#5738,.F.);
#7691=ORIENTED_EDGE('',*,*,#5739,.F.);
#7692=ORIENTED_EDGE('',*,*,#5740,.F.);
#7693=ORIENTED_EDGE('',*,*,#5741,.T.);
#7694=ORIENTED_EDGE('',*,*,#5742,.T.);
#7695=ORIENTED_EDGE('',*,*,#5743,.T.);
#7696=ORIENTED_EDGE('',*,*,#5744,.F.);
#7697=ORIENTED_EDGE('',*,*,#5745,.F.);
#7698=ORIENTED_EDGE('',*,*,#5746,.T.);
#7699=ORIENTED_EDGE('',*,*,#5747,.T.);
#7700=ORIENTED_EDGE('',*,*,#5748,.F.);
#7701=ORIENTED_EDGE('',*,*,#5749,.F.);
#7702=ORIENTED_EDGE('',*,*,#5750,.T.);
#7703=ORIENTED_EDGE('',*,*,#5751,.F.);
#7704=ORIENTED_EDGE('',*,*,#5752,.F.);
#7705=ORIENTED_EDGE('',*,*,#5753,.F.);
#7706=ORIENTED_EDGE('',*,*,#5754,.T.);
#7707=ORIENTED_EDGE('',*,*,#5755,.T.);
#7708=ORIENTED_EDGE('',*,*,#5756,.T.);
#7709=ORIENTED_EDGE('',*,*,#5757,.T.);
#7710=ORIENTED_EDGE('',*,*,#5758,.F.);
#7711=ORIENTED_EDGE('',*,*,#5756,.F.);
#7712=ORIENTED_EDGE('',*,*,#5759,.F.);
#7713=ORIENTED_EDGE('',*,*,#5738,.T.);
#7714=ORIENTED_EDGE('',*,*,#5760,.T.);
#7715=ORIENTED_EDGE('',*,*,#5755,.F.);
#7716=ORIENTED_EDGE('',*,*,#5761,.F.);
#7717=ORIENTED_EDGE('',*,*,#5739,.T.);
#7718=ORIENTED_EDGE('',*,*,#5759,.T.);
#7719=ORIENTED_EDGE('',*,*,#5754,.F.);
#7720=ORIENTED_EDGE('',*,*,#5762,.F.);
#7721=ORIENTED_EDGE('',*,*,#5740,.T.);
#7722=ORIENTED_EDGE('',*,*,#5761,.T.);
#7723=ORIENTED_EDGE('',*,*,#5753,.T.);
#7724=ORIENTED_EDGE('',*,*,#5763,.F.);
#7725=ORIENTED_EDGE('',*,*,#5741,.F.);
#7726=ORIENTED_EDGE('',*,*,#5762,.T.);
#7727=ORIENTED_EDGE('',*,*,#5752,.T.);
#7728=ORIENTED_EDGE('',*,*,#5764,.F.);
#7729=ORIENTED_EDGE('',*,*,#5742,.F.);
#7730=ORIENTED_EDGE('',*,*,#5763,.T.);
#7731=ORIENTED_EDGE('',*,*,#5751,.T.);
#7732=ORIENTED_EDGE('',*,*,#5765,.F.);
#7733=ORIENTED_EDGE('',*,*,#5743,.F.);
#7734=ORIENTED_EDGE('',*,*,#5764,.T.);
#7735=ORIENTED_EDGE('',*,*,#5750,.F.);
#7736=ORIENTED_EDGE('',*,*,#5766,.F.);
#7737=ORIENTED_EDGE('',*,*,#5767,.F.);
#7738=ORIENTED_EDGE('',*,*,#5768,.F.);
#7739=ORIENTED_EDGE('',*,*,#5769,.F.);
#7740=ORIENTED_EDGE('',*,*,#5770,.T.);
#7741=ORIENTED_EDGE('',*,*,#5744,.T.);
#7742=ORIENTED_EDGE('',*,*,#5765,.T.);
#7743=ORIENTED_EDGE('',*,*,#5768,.T.);
#7744=ORIENTED_EDGE('',*,*,#5771,.F.);
#7745=ORIENTED_EDGE('',*,*,#5772,.T.);
#7746=ORIENTED_EDGE('',*,*,#5748,.T.);
#7747=ORIENTED_EDGE('',*,*,#5773,.F.);
#7748=ORIENTED_EDGE('',*,*,#5774,.F.);
#7749=ORIENTED_EDGE('',*,*,#5775,.F.);
#7750=ORIENTED_EDGE('',*,*,#5776,.F.);
#7751=ORIENTED_EDGE('',*,*,#5747,.F.);
#7752=ORIENTED_EDGE('',*,*,#5777,.F.);
#7753=ORIENTED_EDGE('',*,*,#5778,.T.);
#7754=ORIENTED_EDGE('',*,*,#5773,.T.);
#7755=ORIENTED_EDGE('',*,*,#5746,.F.);
#7756=ORIENTED_EDGE('',*,*,#5779,.F.);
#7757=ORIENTED_EDGE('',*,*,#5780,.F.);
#7758=ORIENTED_EDGE('',*,*,#5781,.F.);
#7759=ORIENTED_EDGE('',*,*,#5782,.F.);
#7760=ORIENTED_EDGE('',*,*,#5783,.T.);
#7761=ORIENTED_EDGE('',*,*,#5784,.T.);
#7762=ORIENTED_EDGE('',*,*,#5777,.T.);
#7763=ORIENTED_EDGE('',*,*,#5781,.T.);
#7764=ORIENTED_EDGE('',*,*,#5785,.F.);
#7765=ORIENTED_EDGE('',*,*,#5786,.T.);
#7766=ORIENTED_EDGE('',*,*,#5758,.T.);
#7767=ORIENTED_EDGE('',*,*,#5787,.F.);
#7768=ORIENTED_EDGE('',*,*,#5736,.F.);
#7769=ORIENTED_EDGE('',*,*,#5788,.F.);
#7770=ORIENTED_EDGE('',*,*,#5789,.F.);
#7771=ORIENTED_EDGE('',*,*,#5757,.F.);
#7772=ORIENTED_EDGE('',*,*,#5760,.F.);
#7773=ORIENTED_EDGE('',*,*,#5737,.T.);
#7774=ORIENTED_EDGE('',*,*,#5787,.T.);
#7775=ORIENTED_EDGE('',*,*,#5790,.F.);
#7776=ORIENTED_EDGE('',*,*,#5774,.T.);
#7777=ORIENTED_EDGE('',*,*,#5778,.F.);
#7778=ORIENTED_EDGE('',*,*,#5784,.F.);
#7779=ORIENTED_EDGE('',*,*,#5749,.T.);
#7780=ORIENTED_EDGE('',*,*,#5786,.F.);
#7781=ORIENTED_EDGE('',*,*,#5791,.F.);
#7782=ORIENTED_EDGE('',*,*,#5766,.T.);
#7783=ORIENTED_EDGE('',*,*,#5745,.T.);
#7784=ORIENTED_EDGE('',*,*,#5772,.F.);
#7785=ORIENTED_EDGE('',*,*,#5792,.F.);
#7786=ORIENTED_EDGE('',*,*,#5779,.T.);
#7787=ORIENTED_EDGE('',*,*,#5767,.T.);
#7788=ORIENTED_EDGE('',*,*,#5791,.T.);
#7789=ORIENTED_EDGE('',*,*,#5785,.T.);
#7790=ORIENTED_EDGE('',*,*,#5780,.T.);
#7791=ORIENTED_EDGE('',*,*,#5792,.T.);
#7792=ORIENTED_EDGE('',*,*,#5771,.T.);
#7793=ORIENTED_EDGE('',*,*,#5790,.T.);
#7794=ORIENTED_EDGE('',*,*,#5783,.F.);
#7795=ORIENTED_EDGE('',*,*,#5793,.F.);
#7796=ORIENTED_EDGE('',*,*,#5775,.T.);
#7797=ORIENTED_EDGE('',*,*,#5735,.T.);
#7798=ORIENTED_EDGE('',*,*,#5770,.F.);
#7799=ORIENTED_EDGE('',*,*,#5794,.F.);
#7800=ORIENTED_EDGE('',*,*,#5788,.T.);
#7801=ORIENTED_EDGE('',*,*,#5769,.T.);
#7802=ORIENTED_EDGE('',*,*,#5776,.T.);
#7803=ORIENTED_EDGE('',*,*,#5793,.T.);
#7804=ORIENTED_EDGE('',*,*,#5782,.T.);
#7805=ORIENTED_EDGE('',*,*,#5789,.T.);
#7806=ORIENTED_EDGE('',*,*,#5794,.T.);
#7807=ORIENTED_EDGE('',*,*,#5795,.F.);
#7808=ORIENTED_EDGE('',*,*,#5796,.T.);
#7809=ORIENTED_EDGE('',*,*,#5797,.T.);
#7810=ORIENTED_EDGE('',*,*,#5798,.F.);
#7811=ORIENTED_EDGE('',*,*,#5799,.F.);
#7812=ORIENTED_EDGE('',*,*,#5800,.T.);
#7813=ORIENTED_EDGE('',*,*,#5801,.F.);
#7814=ORIENTED_EDGE('',*,*,#5802,.F.);
#7815=ORIENTED_EDGE('',*,*,#5803,.F.);
#7816=ORIENTED_EDGE('',*,*,#5804,.F.);
#7817=ORIENTED_EDGE('',*,*,#5805,.T.);
#7818=ORIENTED_EDGE('',*,*,#5806,.T.);
#7819=ORIENTED_EDGE('',*,*,#5807,.T.);
#7820=ORIENTED_EDGE('',*,*,#5808,.F.);
#7821=ORIENTED_EDGE('',*,*,#5809,.F.);
#7822=ORIENTED_EDGE('',*,*,#5810,.T.);
#7823=ORIENTED_EDGE('',*,*,#5811,.F.);
#7824=ORIENTED_EDGE('',*,*,#5812,.F.);
#7825=ORIENTED_EDGE('',*,*,#5810,.F.);
#7826=ORIENTED_EDGE('',*,*,#5813,.F.);
#7827=ORIENTED_EDGE('',*,*,#5814,.F.);
#7828=ORIENTED_EDGE('',*,*,#5815,.F.);
#7829=ORIENTED_EDGE('',*,*,#5816,.F.);
#7830=ORIENTED_EDGE('',*,*,#5817,.T.);
#7831=ORIENTED_EDGE('',*,*,#5798,.T.);
#7832=ORIENTED_EDGE('',*,*,#5818,.T.);
#7833=ORIENTED_EDGE('',*,*,#5815,.T.);
#7834=ORIENTED_EDGE('',*,*,#5819,.F.);
#7835=ORIENTED_EDGE('',*,*,#5820,.T.);
#7836=ORIENTED_EDGE('',*,*,#5808,.T.);
#7837=ORIENTED_EDGE('',*,*,#5821,.F.);
#7838=ORIENTED_EDGE('',*,*,#5822,.F.);
#7839=ORIENTED_EDGE('',*,*,#5823,.F.);
#7840=ORIENTED_EDGE('',*,*,#5824,.F.);
#7841=ORIENTED_EDGE('',*,*,#5807,.F.);
#7842=ORIENTED_EDGE('',*,*,#5825,.F.);
#7843=ORIENTED_EDGE('',*,*,#5826,.T.);
#7844=ORIENTED_EDGE('',*,*,#5821,.T.);
#7845=ORIENTED_EDGE('',*,*,#5806,.F.);
#7846=ORIENTED_EDGE('',*,*,#5827,.F.);
#7847=ORIENTED_EDGE('',*,*,#5828,.T.);
#7848=ORIENTED_EDGE('',*,*,#5825,.T.);
#7849=ORIENTED_EDGE('',*,*,#5805,.F.);
#7850=ORIENTED_EDGE('',*,*,#5829,.F.);
#7851=ORIENTED_EDGE('',*,*,#5830,.T.);
#7852=ORIENTED_EDGE('',*,*,#5827,.T.);
#7853=ORIENTED_EDGE('',*,*,#5804,.T.);
#7854=ORIENTED_EDGE('',*,*,#5831,.F.);
#7855=ORIENTED_EDGE('',*,*,#5832,.F.);
#7856=ORIENTED_EDGE('',*,*,#5829,.T.);
#7857=ORIENTED_EDGE('',*,*,#5803,.T.);
#7858=ORIENTED_EDGE('',*,*,#5833,.F.);
#7859=ORIENTED_EDGE('',*,*,#5834,.F.);
#7860=ORIENTED_EDGE('',*,*,#5831,.T.);
#7861=ORIENTED_EDGE('',*,*,#5802,.T.);
#7862=ORIENTED_EDGE('',*,*,#5835,.F.);
#7863=ORIENTED_EDGE('',*,*,#5836,.F.);
#7864=ORIENTED_EDGE('',*,*,#5833,.T.);
#7865=ORIENTED_EDGE('',*,*,#5801,.T.);
#7866=ORIENTED_EDGE('',*,*,#5837,.F.);
#7867=ORIENTED_EDGE('',*,*,#5838,.F.);
#7868=ORIENTED_EDGE('',*,*,#5835,.T.);
#7869=ORIENTED_EDGE('',*,*,#5800,.F.);
#7870=ORIENTED_EDGE('',*,*,#5839,.F.);
#7871=ORIENTED_EDGE('',*,*,#5840,.F.);
#7872=ORIENTED_EDGE('',*,*,#5841,.F.);
#7873=ORIENTED_EDGE('',*,*,#5842,.F.);
#7874=ORIENTED_EDGE('',*,*,#5843,.T.);
#7875=ORIENTED_EDGE('',*,*,#5844,.T.);
#7876=ORIENTED_EDGE('',*,*,#5837,.T.);
#7877=ORIENTED_EDGE('',*,*,#5841,.T.);
#7878=ORIENTED_EDGE('',*,*,#5845,.F.);
#7879=ORIENTED_EDGE('',*,*,#5846,.T.);
#7880=ORIENTED_EDGE('',*,*,#5812,.T.);
#7881=ORIENTED_EDGE('',*,*,#5847,.F.);
#7882=ORIENTED_EDGE('',*,*,#5796,.F.);
#7883=ORIENTED_EDGE('',*,*,#5848,.F.);
#7884=ORIENTED_EDGE('',*,*,#5849,.F.);
#7885=ORIENTED_EDGE('',*,*,#5811,.T.);
#7886=ORIENTED_EDGE('',*,*,#5818,.F.);
#7887=ORIENTED_EDGE('',*,*,#5797,.F.);
#7888=ORIENTED_EDGE('',*,*,#5847,.T.);
#7889=ORIENTED_EDGE('',*,*,#5850,.F.);
#7890=ORIENTED_EDGE('',*,*,#5822,.T.);
#7891=ORIENTED_EDGE('',*,*,#5826,.F.);
#7892=ORIENTED_EDGE('',*,*,#5828,.F.);
#7893=ORIENTED_EDGE('',*,*,#5830,.F.);
#7894=ORIENTED_EDGE('',*,*,#5832,.T.);
#7895=ORIENTED_EDGE('',*,*,#5834,.T.);
#7896=ORIENTED_EDGE('',*,*,#5836,.T.);
#7897=ORIENTED_EDGE('',*,*,#5838,.T.);
#7898=ORIENTED_EDGE('',*,*,#5844,.F.);
#7899=ORIENTED_EDGE('',*,*,#5809,.T.);
#7900=ORIENTED_EDGE('',*,*,#5846,.F.);
#7901=ORIENTED_EDGE('',*,*,#5851,.F.);
#7902=ORIENTED_EDGE('',*,*,#5813,.T.);
#7903=ORIENTED_EDGE('',*,*,#5799,.T.);
#7904=ORIENTED_EDGE('',*,*,#5820,.F.);
#7905=ORIENTED_EDGE('',*,*,#5852,.F.);
#7906=ORIENTED_EDGE('',*,*,#5839,.T.);
#7907=ORIENTED_EDGE('',*,*,#5819,.T.);
#7908=ORIENTED_EDGE('',*,*,#5814,.T.);
#7909=ORIENTED_EDGE('',*,*,#5851,.T.);
#7910=ORIENTED_EDGE('',*,*,#5845,.T.);
#7911=ORIENTED_EDGE('',*,*,#5840,.T.);
#7912=ORIENTED_EDGE('',*,*,#5852,.T.);
#7913=ORIENTED_EDGE('',*,*,#5850,.T.);
#7914=ORIENTED_EDGE('',*,*,#5843,.F.);
#7915=ORIENTED_EDGE('',*,*,#5853,.F.);
#7916=ORIENTED_EDGE('',*,*,#5823,.T.);
#7917=ORIENTED_EDGE('',*,*,#5795,.T.);
#7918=ORIENTED_EDGE('',*,*,#5817,.F.);
#7919=ORIENTED_EDGE('',*,*,#5854,.F.);
#7920=ORIENTED_EDGE('',*,*,#5848,.T.);
#7921=ORIENTED_EDGE('',*,*,#5824,.T.);
#7922=ORIENTED_EDGE('',*,*,#5853,.T.);
#7923=ORIENTED_EDGE('',*,*,#5842,.T.);
#7924=ORIENTED_EDGE('',*,*,#5849,.T.);
#7925=ORIENTED_EDGE('',*,*,#5854,.T.);
#7926=ORIENTED_EDGE('',*,*,#5816,.T.);
#7927=ORIENTED_EDGE('',*,*,#5855,.F.);
#7928=ORIENTED_EDGE('',*,*,#5856,.T.);
#7929=ORIENTED_EDGE('',*,*,#5857,.F.);
#7930=ORIENTED_EDGE('',*,*,#5858,.F.);
#7931=ORIENTED_EDGE('',*,*,#5859,.F.);
#7932=ORIENTED_EDGE('',*,*,#5860,.F.);
#7933=ORIENTED_EDGE('',*,*,#5861,.T.);
#7934=ORIENTED_EDGE('',*,*,#5862,.T.);
#7935=ORIENTED_EDGE('',*,*,#5863,.T.);
#7936=ORIENTED_EDGE('',*,*,#5864,.F.);
#7937=ORIENTED_EDGE('',*,*,#5865,.F.);
#7938=ORIENTED_EDGE('',*,*,#5866,.T.);
#7939=ORIENTED_EDGE('',*,*,#5867,.T.);
#7940=ORIENTED_EDGE('',*,*,#5868,.F.);
#7941=ORIENTED_EDGE('',*,*,#5869,.F.);
#7942=ORIENTED_EDGE('',*,*,#5870,.T.);
#7943=ORIENTED_EDGE('',*,*,#5871,.F.);
#7944=ORIENTED_EDGE('',*,*,#5872,.F.);
#7945=ORIENTED_EDGE('',*,*,#5873,.F.);
#7946=ORIENTED_EDGE('',*,*,#5874,.T.);
#7947=ORIENTED_EDGE('',*,*,#5875,.T.);
#7948=ORIENTED_EDGE('',*,*,#5876,.T.);
#7949=ORIENTED_EDGE('',*,*,#5877,.T.);
#7950=ORIENTED_EDGE('',*,*,#5878,.F.);
#7951=ORIENTED_EDGE('',*,*,#5876,.F.);
#7952=ORIENTED_EDGE('',*,*,#5879,.F.);
#7953=ORIENTED_EDGE('',*,*,#5858,.T.);
#7954=ORIENTED_EDGE('',*,*,#5880,.T.);
#7955=ORIENTED_EDGE('',*,*,#5875,.F.);
#7956=ORIENTED_EDGE('',*,*,#5881,.F.);
#7957=ORIENTED_EDGE('',*,*,#5859,.T.);
#7958=ORIENTED_EDGE('',*,*,#5879,.T.);
#7959=ORIENTED_EDGE('',*,*,#5874,.F.);
#7960=ORIENTED_EDGE('',*,*,#5882,.F.);
#7961=ORIENTED_EDGE('',*,*,#5860,.T.);
#7962=ORIENTED_EDGE('',*,*,#5881,.T.);
#7963=ORIENTED_EDGE('',*,*,#5873,.T.);
#7964=ORIENTED_EDGE('',*,*,#5883,.F.);
#7965=ORIENTED_EDGE('',*,*,#5861,.F.);
#7966=ORIENTED_EDGE('',*,*,#5882,.T.);
#7967=ORIENTED_EDGE('',*,*,#5872,.T.);
#7968=ORIENTED_EDGE('',*,*,#5884,.F.);
#7969=ORIENTED_EDGE('',*,*,#5862,.F.);
#7970=ORIENTED_EDGE('',*,*,#5883,.T.);
#7971=ORIENTED_EDGE('',*,*,#5871,.T.);
#7972=ORIENTED_EDGE('',*,*,#5885,.F.);
#7973=ORIENTED_EDGE('',*,*,#5863,.F.);
#7974=ORIENTED_EDGE('',*,*,#5884,.T.);
#7975=ORIENTED_EDGE('',*,*,#5870,.F.);
#7976=ORIENTED_EDGE('',*,*,#5886,.F.);
#7977=ORIENTED_EDGE('',*,*,#5887,.F.);
#7978=ORIENTED_EDGE('',*,*,#5888,.F.);
#7979=ORIENTED_EDGE('',*,*,#5889,.F.);
#7980=ORIENTED_EDGE('',*,*,#5890,.T.);
#7981=ORIENTED_EDGE('',*,*,#5864,.T.);
#7982=ORIENTED_EDGE('',*,*,#5885,.T.);
#7983=ORIENTED_EDGE('',*,*,#5888,.T.);
#7984=ORIENTED_EDGE('',*,*,#5891,.F.);
#7985=ORIENTED_EDGE('',*,*,#5892,.T.);
#7986=ORIENTED_EDGE('',*,*,#5868,.T.);
#7987=ORIENTED_EDGE('',*,*,#5893,.F.);
#7988=ORIENTED_EDGE('',*,*,#5894,.F.);
#7989=ORIENTED_EDGE('',*,*,#5895,.F.);
#7990=ORIENTED_EDGE('',*,*,#5896,.F.);
#7991=ORIENTED_EDGE('',*,*,#5867,.F.);
#7992=ORIENTED_EDGE('',*,*,#5897,.F.);
#7993=ORIENTED_EDGE('',*,*,#5898,.T.);
#7994=ORIENTED_EDGE('',*,*,#5893,.T.);
#7995=ORIENTED_EDGE('',*,*,#5866,.F.);
#7996=ORIENTED_EDGE('',*,*,#5899,.F.);
#7997=ORIENTED_EDGE('',*,*,#5900,.F.);
#7998=ORIENTED_EDGE('',*,*,#5901,.F.);
#7999=ORIENTED_EDGE('',*,*,#5902,.F.);
#8000=ORIENTED_EDGE('',*,*,#5903,.T.);
#8001=ORIENTED_EDGE('',*,*,#5904,.T.);
#8002=ORIENTED_EDGE('',*,*,#5897,.T.);
#8003=ORIENTED_EDGE('',*,*,#5901,.T.);
#8004=ORIENTED_EDGE('',*,*,#5905,.F.);
#8005=ORIENTED_EDGE('',*,*,#5906,.T.);
#8006=ORIENTED_EDGE('',*,*,#5878,.T.);
#8007=ORIENTED_EDGE('',*,*,#5907,.F.);
#8008=ORIENTED_EDGE('',*,*,#5856,.F.);
#8009=ORIENTED_EDGE('',*,*,#5908,.F.);
#8010=ORIENTED_EDGE('',*,*,#5909,.F.);
#8011=ORIENTED_EDGE('',*,*,#5877,.F.);
#8012=ORIENTED_EDGE('',*,*,#5880,.F.);
#8013=ORIENTED_EDGE('',*,*,#5857,.T.);
#8014=ORIENTED_EDGE('',*,*,#5907,.T.);
#8015=ORIENTED_EDGE('',*,*,#5910,.F.);
#8016=ORIENTED_EDGE('',*,*,#5894,.T.);
#8017=ORIENTED_EDGE('',*,*,#5898,.F.);
#8018=ORIENTED_EDGE('',*,*,#5904,.F.);
#8019=ORIENTED_EDGE('',*,*,#5869,.T.);
#8020=ORIENTED_EDGE('',*,*,#5906,.F.);
#8021=ORIENTED_EDGE('',*,*,#5911,.F.);
#8022=ORIENTED_EDGE('',*,*,#5886,.T.);
#8023=ORIENTED_EDGE('',*,*,#5865,.T.);
#8024=ORIENTED_EDGE('',*,*,#5892,.F.);
#8025=ORIENTED_EDGE('',*,*,#5912,.F.);
#8026=ORIENTED_EDGE('',*,*,#5899,.T.);
#8027=ORIENTED_EDGE('',*,*,#5887,.T.);
#8028=ORIENTED_EDGE('',*,*,#5911,.T.);
#8029=ORIENTED_EDGE('',*,*,#5905,.T.);
#8030=ORIENTED_EDGE('',*,*,#5900,.T.);
#8031=ORIENTED_EDGE('',*,*,#5912,.T.);
#8032=ORIENTED_EDGE('',*,*,#5891,.T.);
#8033=ORIENTED_EDGE('',*,*,#5910,.T.);
#8034=ORIENTED_EDGE('',*,*,#5903,.F.);
#8035=ORIENTED_EDGE('',*,*,#5913,.F.);
#8036=ORIENTED_EDGE('',*,*,#5895,.T.);
#8037=ORIENTED_EDGE('',*,*,#5855,.T.);
#8038=ORIENTED_EDGE('',*,*,#5890,.F.);
#8039=ORIENTED_EDGE('',*,*,#5914,.F.);
#8040=ORIENTED_EDGE('',*,*,#5908,.T.);
#8041=ORIENTED_EDGE('',*,*,#5889,.T.);
#8042=ORIENTED_EDGE('',*,*,#5896,.T.);
#8043=ORIENTED_EDGE('',*,*,#5913,.T.);
#8044=ORIENTED_EDGE('',*,*,#5902,.T.);
#8045=ORIENTED_EDGE('',*,*,#5909,.T.);
#8046=ORIENTED_EDGE('',*,*,#5914,.T.);
#8047=ORIENTED_EDGE('',*,*,#5915,.F.);
#8048=ORIENTED_EDGE('',*,*,#5916,.T.);
#8049=ORIENTED_EDGE('',*,*,#5917,.T.);
#8050=ORIENTED_EDGE('',*,*,#5918,.F.);
#8051=ORIENTED_EDGE('',*,*,#5919,.F.);
#8052=ORIENTED_EDGE('',*,*,#5920,.T.);
#8053=ORIENTED_EDGE('',*,*,#5921,.F.);
#8054=ORIENTED_EDGE('',*,*,#5922,.F.);
#8055=ORIENTED_EDGE('',*,*,#5923,.F.);
#8056=ORIENTED_EDGE('',*,*,#5924,.F.);
#8057=ORIENTED_EDGE('',*,*,#5925,.T.);
#8058=ORIENTED_EDGE('',*,*,#5926,.T.);
#8059=ORIENTED_EDGE('',*,*,#5927,.T.);
#8060=ORIENTED_EDGE('',*,*,#5928,.F.);
#8061=ORIENTED_EDGE('',*,*,#5929,.F.);
#8062=ORIENTED_EDGE('',*,*,#5930,.T.);
#8063=ORIENTED_EDGE('',*,*,#5931,.F.);
#8064=ORIENTED_EDGE('',*,*,#5932,.F.);
#8065=ORIENTED_EDGE('',*,*,#5930,.F.);
#8066=ORIENTED_EDGE('',*,*,#5933,.F.);
#8067=ORIENTED_EDGE('',*,*,#5934,.F.);
#8068=ORIENTED_EDGE('',*,*,#5935,.F.);
#8069=ORIENTED_EDGE('',*,*,#5936,.F.);
#8070=ORIENTED_EDGE('',*,*,#5937,.T.);
#8071=ORIENTED_EDGE('',*,*,#5918,.T.);
#8072=ORIENTED_EDGE('',*,*,#5938,.T.);
#8073=ORIENTED_EDGE('',*,*,#5935,.T.);
#8074=ORIENTED_EDGE('',*,*,#5939,.F.);
#8075=ORIENTED_EDGE('',*,*,#5940,.T.);
#8076=ORIENTED_EDGE('',*,*,#5928,.T.);
#8077=ORIENTED_EDGE('',*,*,#5941,.F.);
#8078=ORIENTED_EDGE('',*,*,#5942,.F.);
#8079=ORIENTED_EDGE('',*,*,#5943,.F.);
#8080=ORIENTED_EDGE('',*,*,#5944,.F.);
#8081=ORIENTED_EDGE('',*,*,#5927,.F.);
#8082=ORIENTED_EDGE('',*,*,#5945,.F.);
#8083=ORIENTED_EDGE('',*,*,#5946,.T.);
#8084=ORIENTED_EDGE('',*,*,#5941,.T.);
#8085=ORIENTED_EDGE('',*,*,#5926,.F.);
#8086=ORIENTED_EDGE('',*,*,#5947,.F.);
#8087=ORIENTED_EDGE('',*,*,#5948,.T.);
#8088=ORIENTED_EDGE('',*,*,#5945,.T.);
#8089=ORIENTED_EDGE('',*,*,#5925,.F.);
#8090=ORIENTED_EDGE('',*,*,#5949,.F.);
#8091=ORIENTED_EDGE('',*,*,#5950,.T.);
#8092=ORIENTED_EDGE('',*,*,#5947,.T.);
#8093=ORIENTED_EDGE('',*,*,#5924,.T.);
#8094=ORIENTED_EDGE('',*,*,#5951,.F.);
#8095=ORIENTED_EDGE('',*,*,#5952,.F.);
#8096=ORIENTED_EDGE('',*,*,#5949,.T.);
#8097=ORIENTED_EDGE('',*,*,#5923,.T.);
#8098=ORIENTED_EDGE('',*,*,#5953,.F.);
#8099=ORIENTED_EDGE('',*,*,#5954,.F.);
#8100=ORIENTED_EDGE('',*,*,#5951,.T.);
#8101=ORIENTED_EDGE('',*,*,#5922,.T.);
#8102=ORIENTED_EDGE('',*,*,#5955,.F.);
#8103=ORIENTED_EDGE('',*,*,#5956,.F.);
#8104=ORIENTED_EDGE('',*,*,#5953,.T.);
#8105=ORIENTED_EDGE('',*,*,#5921,.T.);
#8106=ORIENTED_EDGE('',*,*,#5957,.F.);
#8107=ORIENTED_EDGE('',*,*,#5958,.F.);
#8108=ORIENTED_EDGE('',*,*,#5955,.T.);
#8109=ORIENTED_EDGE('',*,*,#5920,.F.);
#8110=ORIENTED_EDGE('',*,*,#5959,.F.);
#8111=ORIENTED_EDGE('',*,*,#5960,.F.);
#8112=ORIENTED_EDGE('',*,*,#5961,.F.);
#8113=ORIENTED_EDGE('',*,*,#5962,.F.);
#8114=ORIENTED_EDGE('',*,*,#5963,.T.);
#8115=ORIENTED_EDGE('',*,*,#5964,.T.);
#8116=ORIENTED_EDGE('',*,*,#5957,.T.);
#8117=ORIENTED_EDGE('',*,*,#5961,.T.);
#8118=ORIENTED_EDGE('',*,*,#5965,.F.);
#8119=ORIENTED_EDGE('',*,*,#5966,.T.);
#8120=ORIENTED_EDGE('',*,*,#5932,.T.);
#8121=ORIENTED_EDGE('',*,*,#5967,.F.);
#8122=ORIENTED_EDGE('',*,*,#5916,.F.);
#8123=ORIENTED_EDGE('',*,*,#5968,.F.);
#8124=ORIENTED_EDGE('',*,*,#5969,.F.);
#8125=ORIENTED_EDGE('',*,*,#5931,.T.);
#8126=ORIENTED_EDGE('',*,*,#5938,.F.);
#8127=ORIENTED_EDGE('',*,*,#5917,.F.);
#8128=ORIENTED_EDGE('',*,*,#5967,.T.);
#8129=ORIENTED_EDGE('',*,*,#5970,.F.);
#8130=ORIENTED_EDGE('',*,*,#5942,.T.);
#8131=ORIENTED_EDGE('',*,*,#5946,.F.);
#8132=ORIENTED_EDGE('',*,*,#5948,.F.);
#8133=ORIENTED_EDGE('',*,*,#5950,.F.);
#8134=ORIENTED_EDGE('',*,*,#5952,.T.);
#8135=ORIENTED_EDGE('',*,*,#5954,.T.);
#8136=ORIENTED_EDGE('',*,*,#5956,.T.);
#8137=ORIENTED_EDGE('',*,*,#5958,.T.);
#8138=ORIENTED_EDGE('',*,*,#5964,.F.);
#8139=ORIENTED_EDGE('',*,*,#5929,.T.);
#8140=ORIENTED_EDGE('',*,*,#5966,.F.);
#8141=ORIENTED_EDGE('',*,*,#5971,.F.);
#8142=ORIENTED_EDGE('',*,*,#5933,.T.);
#8143=ORIENTED_EDGE('',*,*,#5919,.T.);
#8144=ORIENTED_EDGE('',*,*,#5940,.F.);
#8145=ORIENTED_EDGE('',*,*,#5972,.F.);
#8146=ORIENTED_EDGE('',*,*,#5959,.T.);
#8147=ORIENTED_EDGE('',*,*,#5939,.T.);
#8148=ORIENTED_EDGE('',*,*,#5934,.T.);
#8149=ORIENTED_EDGE('',*,*,#5971,.T.);
#8150=ORIENTED_EDGE('',*,*,#5965,.T.);
#8151=ORIENTED_EDGE('',*,*,#5960,.T.);
#8152=ORIENTED_EDGE('',*,*,#5972,.T.);
#8153=ORIENTED_EDGE('',*,*,#5970,.T.);
#8154=ORIENTED_EDGE('',*,*,#5963,.F.);
#8155=ORIENTED_EDGE('',*,*,#5973,.F.);
#8156=ORIENTED_EDGE('',*,*,#5943,.T.);
#8157=ORIENTED_EDGE('',*,*,#5915,.T.);
#8158=ORIENTED_EDGE('',*,*,#5937,.F.);
#8159=ORIENTED_EDGE('',*,*,#5974,.F.);
#8160=ORIENTED_EDGE('',*,*,#5968,.T.);
#8161=ORIENTED_EDGE('',*,*,#5944,.T.);
#8162=ORIENTED_EDGE('',*,*,#5973,.T.);
#8163=ORIENTED_EDGE('',*,*,#5962,.T.);
#8164=ORIENTED_EDGE('',*,*,#5969,.T.);
#8165=ORIENTED_EDGE('',*,*,#5974,.T.);
#8166=ORIENTED_EDGE('',*,*,#5936,.T.);
#8167=ORIENTED_EDGE('',*,*,#5975,.F.);
#8168=ORIENTED_EDGE('',*,*,#5976,.T.);
#8169=ORIENTED_EDGE('',*,*,#5977,.F.);
#8170=ORIENTED_EDGE('',*,*,#5978,.F.);
#8171=ORIENTED_EDGE('',*,*,#5979,.F.);
#8172=ORIENTED_EDGE('',*,*,#5980,.F.);
#8173=ORIENTED_EDGE('',*,*,#5981,.T.);
#8174=ORIENTED_EDGE('',*,*,#5982,.T.);
#8175=ORIENTED_EDGE('',*,*,#5983,.T.);
#8176=ORIENTED_EDGE('',*,*,#5984,.F.);
#8177=ORIENTED_EDGE('',*,*,#5985,.F.);
#8178=ORIENTED_EDGE('',*,*,#5986,.T.);
#8179=ORIENTED_EDGE('',*,*,#5987,.T.);
#8180=ORIENTED_EDGE('',*,*,#5988,.F.);
#8181=ORIENTED_EDGE('',*,*,#5989,.F.);
#8182=ORIENTED_EDGE('',*,*,#5990,.T.);
#8183=ORIENTED_EDGE('',*,*,#5991,.F.);
#8184=ORIENTED_EDGE('',*,*,#5992,.F.);
#8185=ORIENTED_EDGE('',*,*,#5993,.F.);
#8186=ORIENTED_EDGE('',*,*,#5994,.T.);
#8187=ORIENTED_EDGE('',*,*,#5995,.T.);
#8188=ORIENTED_EDGE('',*,*,#5996,.T.);
#8189=ORIENTED_EDGE('',*,*,#5997,.T.);
#8190=ORIENTED_EDGE('',*,*,#5998,.F.);
#8191=ORIENTED_EDGE('',*,*,#5996,.F.);
#8192=ORIENTED_EDGE('',*,*,#5999,.F.);
#8193=ORIENTED_EDGE('',*,*,#5978,.T.);
#8194=ORIENTED_EDGE('',*,*,#6000,.T.);
#8195=ORIENTED_EDGE('',*,*,#5995,.F.);
#8196=ORIENTED_EDGE('',*,*,#6001,.F.);
#8197=ORIENTED_EDGE('',*,*,#5979,.T.);
#8198=ORIENTED_EDGE('',*,*,#5999,.T.);
#8199=ORIENTED_EDGE('',*,*,#5994,.F.);
#8200=ORIENTED_EDGE('',*,*,#6002,.F.);
#8201=ORIENTED_EDGE('',*,*,#5980,.T.);
#8202=ORIENTED_EDGE('',*,*,#6001,.T.);
#8203=ORIENTED_EDGE('',*,*,#5993,.T.);
#8204=ORIENTED_EDGE('',*,*,#6003,.F.);
#8205=ORIENTED_EDGE('',*,*,#5981,.F.);
#8206=ORIENTED_EDGE('',*,*,#6002,.T.);
#8207=ORIENTED_EDGE('',*,*,#5992,.T.);
#8208=ORIENTED_EDGE('',*,*,#6004,.F.);
#8209=ORIENTED_EDGE('',*,*,#5982,.F.);
#8210=ORIENTED_EDGE('',*,*,#6003,.T.);
#8211=ORIENTED_EDGE('',*,*,#5991,.T.);
#8212=ORIENTED_EDGE('',*,*,#6005,.F.);
#8213=ORIENTED_EDGE('',*,*,#5983,.F.);
#8214=ORIENTED_EDGE('',*,*,#6004,.T.);
#8215=ORIENTED_EDGE('',*,*,#5990,.F.);
#8216=ORIENTED_EDGE('',*,*,#6006,.F.);
#8217=ORIENTED_EDGE('',*,*,#6007,.F.);
#8218=ORIENTED_EDGE('',*,*,#6008,.F.);
#8219=ORIENTED_EDGE('',*,*,#6009,.F.);
#8220=ORIENTED_EDGE('',*,*,#6010,.T.);
#8221=ORIENTED_EDGE('',*,*,#5984,.T.);
#8222=ORIENTED_EDGE('',*,*,#6005,.T.);
#8223=ORIENTED_EDGE('',*,*,#6008,.T.);
#8224=ORIENTED_EDGE('',*,*,#6011,.F.);
#8225=ORIENTED_EDGE('',*,*,#6012,.T.);
#8226=ORIENTED_EDGE('',*,*,#5988,.T.);
#8227=ORIENTED_EDGE('',*,*,#6013,.F.);
#8228=ORIENTED_EDGE('',*,*,#6014,.F.);
#8229=ORIENTED_EDGE('',*,*,#6015,.F.);
#8230=ORIENTED_EDGE('',*,*,#6016,.F.);
#8231=ORIENTED_EDGE('',*,*,#5987,.F.);
#8232=ORIENTED_EDGE('',*,*,#6017,.F.);
#8233=ORIENTED_EDGE('',*,*,#6018,.T.);
#8234=ORIENTED_EDGE('',*,*,#6013,.T.);
#8235=ORIENTED_EDGE('',*,*,#5986,.F.);
#8236=ORIENTED_EDGE('',*,*,#6019,.F.);
#8237=ORIENTED_EDGE('',*,*,#6020,.F.);
#8238=ORIENTED_EDGE('',*,*,#6021,.F.);
#8239=ORIENTED_EDGE('',*,*,#6022,.F.);
#8240=ORIENTED_EDGE('',*,*,#6023,.T.);
#8241=ORIENTED_EDGE('',*,*,#6024,.T.);
#8242=ORIENTED_EDGE('',*,*,#6017,.T.);
#8243=ORIENTED_EDGE('',*,*,#6021,.T.);
#8244=ORIENTED_EDGE('',*,*,#6025,.F.);
#8245=ORIENTED_EDGE('',*,*,#6026,.T.);
#8246=ORIENTED_EDGE('',*,*,#5998,.T.);
#8247=ORIENTED_EDGE('',*,*,#6027,.F.);
#8248=ORIENTED_EDGE('',*,*,#5976,.F.);
#8249=ORIENTED_EDGE('',*,*,#6028,.F.);
#8250=ORIENTED_EDGE('',*,*,#6029,.F.);
#8251=ORIENTED_EDGE('',*,*,#5997,.F.);
#8252=ORIENTED_EDGE('',*,*,#6000,.F.);
#8253=ORIENTED_EDGE('',*,*,#5977,.T.);
#8254=ORIENTED_EDGE('',*,*,#6027,.T.);
#8255=ORIENTED_EDGE('',*,*,#6030,.F.);
#8256=ORIENTED_EDGE('',*,*,#6014,.T.);
#8257=ORIENTED_EDGE('',*,*,#6018,.F.);
#8258=ORIENTED_EDGE('',*,*,#6024,.F.);
#8259=ORIENTED_EDGE('',*,*,#5989,.T.);
#8260=ORIENTED_EDGE('',*,*,#6026,.F.);
#8261=ORIENTED_EDGE('',*,*,#6031,.F.);
#8262=ORIENTED_EDGE('',*,*,#6006,.T.);
#8263=ORIENTED_EDGE('',*,*,#5985,.T.);
#8264=ORIENTED_EDGE('',*,*,#6012,.F.);
#8265=ORIENTED_EDGE('',*,*,#6032,.F.);
#8266=ORIENTED_EDGE('',*,*,#6019,.T.);
#8267=ORIENTED_EDGE('',*,*,#6007,.T.);
#8268=ORIENTED_EDGE('',*,*,#6031,.T.);
#8269=ORIENTED_EDGE('',*,*,#6025,.T.);
#8270=ORIENTED_EDGE('',*,*,#6020,.T.);
#8271=ORIENTED_EDGE('',*,*,#6032,.T.);
#8272=ORIENTED_EDGE('',*,*,#6011,.T.);
#8273=ORIENTED_EDGE('',*,*,#6030,.T.);
#8274=ORIENTED_EDGE('',*,*,#6023,.F.);
#8275=ORIENTED_EDGE('',*,*,#6033,.F.);
#8276=ORIENTED_EDGE('',*,*,#6015,.T.);
#8277=ORIENTED_EDGE('',*,*,#5975,.T.);
#8278=ORIENTED_EDGE('',*,*,#6010,.F.);
#8279=ORIENTED_EDGE('',*,*,#6034,.F.);
#8280=ORIENTED_EDGE('',*,*,#6028,.T.);
#8281=ORIENTED_EDGE('',*,*,#6009,.T.);
#8282=ORIENTED_EDGE('',*,*,#6016,.T.);
#8283=ORIENTED_EDGE('',*,*,#6033,.T.);
#8284=ORIENTED_EDGE('',*,*,#6022,.T.);
#8285=ORIENTED_EDGE('',*,*,#6029,.T.);
#8286=ORIENTED_EDGE('',*,*,#6034,.T.);
#8287=ORIENTED_EDGE('',*,*,#6035,.F.);
#8288=ORIENTED_EDGE('',*,*,#6036,.T.);
#8289=ORIENTED_EDGE('',*,*,#6037,.T.);
#8290=ORIENTED_EDGE('',*,*,#6038,.F.);
#8291=ORIENTED_EDGE('',*,*,#6039,.F.);
#8292=ORIENTED_EDGE('',*,*,#6040,.T.);
#8293=ORIENTED_EDGE('',*,*,#6041,.F.);
#8294=ORIENTED_EDGE('',*,*,#6042,.F.);
#8295=ORIENTED_EDGE('',*,*,#6043,.F.);
#8296=ORIENTED_EDGE('',*,*,#6044,.F.);
#8297=ORIENTED_EDGE('',*,*,#6045,.T.);
#8298=ORIENTED_EDGE('',*,*,#6046,.T.);
#8299=ORIENTED_EDGE('',*,*,#6047,.T.);
#8300=ORIENTED_EDGE('',*,*,#6048,.F.);
#8301=ORIENTED_EDGE('',*,*,#6049,.F.);
#8302=ORIENTED_EDGE('',*,*,#6050,.T.);
#8303=ORIENTED_EDGE('',*,*,#6051,.F.);
#8304=ORIENTED_EDGE('',*,*,#6052,.F.);
#8305=ORIENTED_EDGE('',*,*,#6050,.F.);
#8306=ORIENTED_EDGE('',*,*,#6053,.F.);
#8307=ORIENTED_EDGE('',*,*,#6054,.F.);
#8308=ORIENTED_EDGE('',*,*,#6055,.F.);
#8309=ORIENTED_EDGE('',*,*,#6056,.F.);
#8310=ORIENTED_EDGE('',*,*,#6057,.T.);
#8311=ORIENTED_EDGE('',*,*,#6038,.T.);
#8312=ORIENTED_EDGE('',*,*,#6058,.T.);
#8313=ORIENTED_EDGE('',*,*,#6055,.T.);
#8314=ORIENTED_EDGE('',*,*,#6059,.F.);
#8315=ORIENTED_EDGE('',*,*,#6060,.T.);
#8316=ORIENTED_EDGE('',*,*,#6048,.T.);
#8317=ORIENTED_EDGE('',*,*,#6061,.F.);
#8318=ORIENTED_EDGE('',*,*,#6062,.F.);
#8319=ORIENTED_EDGE('',*,*,#6063,.F.);
#8320=ORIENTED_EDGE('',*,*,#6064,.F.);
#8321=ORIENTED_EDGE('',*,*,#6047,.F.);
#8322=ORIENTED_EDGE('',*,*,#6065,.F.);
#8323=ORIENTED_EDGE('',*,*,#6066,.T.);
#8324=ORIENTED_EDGE('',*,*,#6061,.T.);
#8325=ORIENTED_EDGE('',*,*,#6046,.F.);
#8326=ORIENTED_EDGE('',*,*,#6067,.F.);
#8327=ORIENTED_EDGE('',*,*,#6068,.T.);
#8328=ORIENTED_EDGE('',*,*,#6065,.T.);
#8329=ORIENTED_EDGE('',*,*,#6045,.F.);
#8330=ORIENTED_EDGE('',*,*,#6069,.F.);
#8331=ORIENTED_EDGE('',*,*,#6070,.T.);
#8332=ORIENTED_EDGE('',*,*,#6067,.T.);
#8333=ORIENTED_EDGE('',*,*,#6044,.T.);
#8334=ORIENTED_EDGE('',*,*,#6071,.F.);
#8335=ORIENTED_EDGE('',*,*,#6072,.F.);
#8336=ORIENTED_EDGE('',*,*,#6069,.T.);
#8337=ORIENTED_EDGE('',*,*,#6043,.T.);
#8338=ORIENTED_EDGE('',*,*,#6073,.F.);
#8339=ORIENTED_EDGE('',*,*,#6074,.F.);
#8340=ORIENTED_EDGE('',*,*,#6071,.T.);
#8341=ORIENTED_EDGE('',*,*,#6042,.T.);
#8342=ORIENTED_EDGE('',*,*,#6075,.F.);
#8343=ORIENTED_EDGE('',*,*,#6076,.F.);
#8344=ORIENTED_EDGE('',*,*,#6073,.T.);
#8345=ORIENTED_EDGE('',*,*,#6041,.T.);
#8346=ORIENTED_EDGE('',*,*,#6077,.F.);
#8347=ORIENTED_EDGE('',*,*,#6078,.F.);
#8348=ORIENTED_EDGE('',*,*,#6075,.T.);
#8349=ORIENTED_EDGE('',*,*,#6040,.F.);
#8350=ORIENTED_EDGE('',*,*,#6079,.F.);
#8351=ORIENTED_EDGE('',*,*,#6080,.F.);
#8352=ORIENTED_EDGE('',*,*,#6081,.F.);
#8353=ORIENTED_EDGE('',*,*,#6082,.F.);
#8354=ORIENTED_EDGE('',*,*,#6083,.T.);
#8355=ORIENTED_EDGE('',*,*,#6084,.T.);
#8356=ORIENTED_EDGE('',*,*,#6077,.T.);
#8357=ORIENTED_EDGE('',*,*,#6081,.T.);
#8358=ORIENTED_EDGE('',*,*,#6085,.F.);
#8359=ORIENTED_EDGE('',*,*,#6086,.T.);
#8360=ORIENTED_EDGE('',*,*,#6052,.T.);
#8361=ORIENTED_EDGE('',*,*,#6087,.F.);
#8362=ORIENTED_EDGE('',*,*,#6036,.F.);
#8363=ORIENTED_EDGE('',*,*,#6088,.F.);
#8364=ORIENTED_EDGE('',*,*,#6089,.F.);
#8365=ORIENTED_EDGE('',*,*,#6051,.T.);
#8366=ORIENTED_EDGE('',*,*,#6058,.F.);
#8367=ORIENTED_EDGE('',*,*,#6037,.F.);
#8368=ORIENTED_EDGE('',*,*,#6087,.T.);
#8369=ORIENTED_EDGE('',*,*,#6090,.F.);
#8370=ORIENTED_EDGE('',*,*,#6062,.T.);
#8371=ORIENTED_EDGE('',*,*,#6066,.F.);
#8372=ORIENTED_EDGE('',*,*,#6068,.F.);
#8373=ORIENTED_EDGE('',*,*,#6070,.F.);
#8374=ORIENTED_EDGE('',*,*,#6072,.T.);
#8375=ORIENTED_EDGE('',*,*,#6074,.T.);
#8376=ORIENTED_EDGE('',*,*,#6076,.T.);
#8377=ORIENTED_EDGE('',*,*,#6078,.T.);
#8378=ORIENTED_EDGE('',*,*,#6084,.F.);
#8379=ORIENTED_EDGE('',*,*,#6049,.T.);
#8380=ORIENTED_EDGE('',*,*,#6086,.F.);
#8381=ORIENTED_EDGE('',*,*,#6091,.F.);
#8382=ORIENTED_EDGE('',*,*,#6053,.T.);
#8383=ORIENTED_EDGE('',*,*,#6039,.T.);
#8384=ORIENTED_EDGE('',*,*,#6060,.F.);
#8385=ORIENTED_EDGE('',*,*,#6092,.F.);
#8386=ORIENTED_EDGE('',*,*,#6079,.T.);
#8387=ORIENTED_EDGE('',*,*,#6059,.T.);
#8388=ORIENTED_EDGE('',*,*,#6054,.T.);
#8389=ORIENTED_EDGE('',*,*,#6091,.T.);
#8390=ORIENTED_EDGE('',*,*,#6085,.T.);
#8391=ORIENTED_EDGE('',*,*,#6080,.T.);
#8392=ORIENTED_EDGE('',*,*,#6092,.T.);
#8393=ORIENTED_EDGE('',*,*,#6090,.T.);
#8394=ORIENTED_EDGE('',*,*,#6083,.F.);
#8395=ORIENTED_EDGE('',*,*,#6093,.F.);
#8396=ORIENTED_EDGE('',*,*,#6063,.T.);
#8397=ORIENTED_EDGE('',*,*,#6035,.T.);
#8398=ORIENTED_EDGE('',*,*,#6057,.F.);
#8399=ORIENTED_EDGE('',*,*,#6094,.F.);
#8400=ORIENTED_EDGE('',*,*,#6088,.T.);
#8401=ORIENTED_EDGE('',*,*,#6064,.T.);
#8402=ORIENTED_EDGE('',*,*,#6093,.T.);
#8403=ORIENTED_EDGE('',*,*,#6082,.T.);
#8404=ORIENTED_EDGE('',*,*,#6089,.T.);
#8405=ORIENTED_EDGE('',*,*,#6094,.T.);
#8406=ORIENTED_EDGE('',*,*,#6056,.T.);
#8407=ORIENTED_EDGE('',*,*,#6095,.F.);
#8408=ORIENTED_EDGE('',*,*,#6096,.T.);
#8409=ORIENTED_EDGE('',*,*,#6097,.F.);
#8410=ORIENTED_EDGE('',*,*,#6098,.F.);
#8411=ORIENTED_EDGE('',*,*,#6099,.F.);
#8412=ORIENTED_EDGE('',*,*,#6100,.F.);
#8413=ORIENTED_EDGE('',*,*,#6101,.T.);
#8414=ORIENTED_EDGE('',*,*,#6102,.T.);
#8415=ORIENTED_EDGE('',*,*,#6103,.T.);
#8416=ORIENTED_EDGE('',*,*,#6104,.F.);
#8417=ORIENTED_EDGE('',*,*,#6105,.F.);
#8418=ORIENTED_EDGE('',*,*,#6106,.T.);
#8419=ORIENTED_EDGE('',*,*,#6107,.T.);
#8420=ORIENTED_EDGE('',*,*,#6108,.F.);
#8421=ORIENTED_EDGE('',*,*,#6109,.F.);
#8422=ORIENTED_EDGE('',*,*,#6110,.T.);
#8423=ORIENTED_EDGE('',*,*,#6111,.F.);
#8424=ORIENTED_EDGE('',*,*,#6112,.F.);
#8425=ORIENTED_EDGE('',*,*,#6113,.F.);
#8426=ORIENTED_EDGE('',*,*,#6114,.T.);
#8427=ORIENTED_EDGE('',*,*,#6115,.T.);
#8428=ORIENTED_EDGE('',*,*,#6116,.T.);
#8429=ORIENTED_EDGE('',*,*,#6117,.T.);
#8430=ORIENTED_EDGE('',*,*,#6118,.F.);
#8431=ORIENTED_EDGE('',*,*,#6116,.F.);
#8432=ORIENTED_EDGE('',*,*,#6119,.F.);
#8433=ORIENTED_EDGE('',*,*,#6098,.T.);
#8434=ORIENTED_EDGE('',*,*,#6120,.T.);
#8435=ORIENTED_EDGE('',*,*,#6115,.F.);
#8436=ORIENTED_EDGE('',*,*,#6121,.F.);
#8437=ORIENTED_EDGE('',*,*,#6099,.T.);
#8438=ORIENTED_EDGE('',*,*,#6119,.T.);
#8439=ORIENTED_EDGE('',*,*,#6114,.F.);
#8440=ORIENTED_EDGE('',*,*,#6122,.F.);
#8441=ORIENTED_EDGE('',*,*,#6100,.T.);
#8442=ORIENTED_EDGE('',*,*,#6121,.T.);
#8443=ORIENTED_EDGE('',*,*,#6113,.T.);
#8444=ORIENTED_EDGE('',*,*,#6123,.F.);
#8445=ORIENTED_EDGE('',*,*,#6101,.F.);
#8446=ORIENTED_EDGE('',*,*,#6122,.T.);
#8447=ORIENTED_EDGE('',*,*,#6112,.T.);
#8448=ORIENTED_EDGE('',*,*,#6124,.F.);
#8449=ORIENTED_EDGE('',*,*,#6102,.F.);
#8450=ORIENTED_EDGE('',*,*,#6123,.T.);
#8451=ORIENTED_EDGE('',*,*,#6111,.T.);
#8452=ORIENTED_EDGE('',*,*,#6125,.F.);
#8453=ORIENTED_EDGE('',*,*,#6103,.F.);
#8454=ORIENTED_EDGE('',*,*,#6124,.T.);
#8455=ORIENTED_EDGE('',*,*,#6110,.F.);
#8456=ORIENTED_EDGE('',*,*,#6126,.F.);
#8457=ORIENTED_EDGE('',*,*,#6127,.F.);
#8458=ORIENTED_EDGE('',*,*,#6128,.F.);
#8459=ORIENTED_EDGE('',*,*,#6129,.F.);
#8460=ORIENTED_EDGE('',*,*,#6130,.T.);
#8461=ORIENTED_EDGE('',*,*,#6104,.T.);
#8462=ORIENTED_EDGE('',*,*,#6125,.T.);
#8463=ORIENTED_EDGE('',*,*,#6128,.T.);
#8464=ORIENTED_EDGE('',*,*,#6131,.F.);
#8465=ORIENTED_EDGE('',*,*,#6132,.T.);
#8466=ORIENTED_EDGE('',*,*,#6108,.T.);
#8467=ORIENTED_EDGE('',*,*,#6133,.F.);
#8468=ORIENTED_EDGE('',*,*,#6134,.F.);
#8469=ORIENTED_EDGE('',*,*,#6135,.F.);
#8470=ORIENTED_EDGE('',*,*,#6136,.F.);
#8471=ORIENTED_EDGE('',*,*,#6107,.F.);
#8472=ORIENTED_EDGE('',*,*,#6137,.F.);
#8473=ORIENTED_EDGE('',*,*,#6138,.T.);
#8474=ORIENTED_EDGE('',*,*,#6133,.T.);
#8475=ORIENTED_EDGE('',*,*,#6106,.F.);
#8476=ORIENTED_EDGE('',*,*,#6139,.F.);
#8477=ORIENTED_EDGE('',*,*,#6140,.F.);
#8478=ORIENTED_EDGE('',*,*,#6141,.F.);
#8479=ORIENTED_EDGE('',*,*,#6142,.F.);
#8480=ORIENTED_EDGE('',*,*,#6143,.T.);
#8481=ORIENTED_EDGE('',*,*,#6144,.T.);
#8482=ORIENTED_EDGE('',*,*,#6137,.T.);
#8483=ORIENTED_EDGE('',*,*,#6141,.T.);
#8484=ORIENTED_EDGE('',*,*,#6145,.F.);
#8485=ORIENTED_EDGE('',*,*,#6146,.T.);
#8486=ORIENTED_EDGE('',*,*,#6118,.T.);
#8487=ORIENTED_EDGE('',*,*,#6147,.F.);
#8488=ORIENTED_EDGE('',*,*,#6096,.F.);
#8489=ORIENTED_EDGE('',*,*,#6148,.F.);
#8490=ORIENTED_EDGE('',*,*,#6149,.F.);
#8491=ORIENTED_EDGE('',*,*,#6117,.F.);
#8492=ORIENTED_EDGE('',*,*,#6120,.F.);
#8493=ORIENTED_EDGE('',*,*,#6097,.T.);
#8494=ORIENTED_EDGE('',*,*,#6147,.T.);
#8495=ORIENTED_EDGE('',*,*,#6150,.F.);
#8496=ORIENTED_EDGE('',*,*,#6134,.T.);
#8497=ORIENTED_EDGE('',*,*,#6138,.F.);
#8498=ORIENTED_EDGE('',*,*,#6144,.F.);
#8499=ORIENTED_EDGE('',*,*,#6109,.T.);
#8500=ORIENTED_EDGE('',*,*,#6146,.F.);
#8501=ORIENTED_EDGE('',*,*,#6151,.F.);
#8502=ORIENTED_EDGE('',*,*,#6126,.T.);
#8503=ORIENTED_EDGE('',*,*,#6105,.T.);
#8504=ORIENTED_EDGE('',*,*,#6132,.F.);
#8505=ORIENTED_EDGE('',*,*,#6152,.F.);
#8506=ORIENTED_EDGE('',*,*,#6139,.T.);
#8507=ORIENTED_EDGE('',*,*,#6127,.T.);
#8508=ORIENTED_EDGE('',*,*,#6151,.T.);
#8509=ORIENTED_EDGE('',*,*,#6145,.T.);
#8510=ORIENTED_EDGE('',*,*,#6140,.T.);
#8511=ORIENTED_EDGE('',*,*,#6152,.T.);
#8512=ORIENTED_EDGE('',*,*,#6131,.T.);
#8513=ORIENTED_EDGE('',*,*,#6150,.T.);
#8514=ORIENTED_EDGE('',*,*,#6143,.F.);
#8515=ORIENTED_EDGE('',*,*,#6153,.F.);
#8516=ORIENTED_EDGE('',*,*,#6135,.T.);
#8517=ORIENTED_EDGE('',*,*,#6095,.T.);
#8518=ORIENTED_EDGE('',*,*,#6130,.F.);
#8519=ORIENTED_EDGE('',*,*,#6154,.F.);
#8520=ORIENTED_EDGE('',*,*,#6148,.T.);
#8521=ORIENTED_EDGE('',*,*,#6129,.T.);
#8522=ORIENTED_EDGE('',*,*,#6136,.T.);
#8523=ORIENTED_EDGE('',*,*,#6153,.T.);
#8524=ORIENTED_EDGE('',*,*,#6142,.T.);
#8525=ORIENTED_EDGE('',*,*,#6149,.T.);
#8526=ORIENTED_EDGE('',*,*,#6154,.T.);
#8527=ORIENTED_EDGE('',*,*,#6155,.F.);
#8528=ORIENTED_EDGE('',*,*,#6156,.T.);
#8529=ORIENTED_EDGE('',*,*,#6157,.T.);
#8530=ORIENTED_EDGE('',*,*,#6158,.F.);
#8531=ORIENTED_EDGE('',*,*,#6159,.F.);
#8532=ORIENTED_EDGE('',*,*,#6160,.T.);
#8533=ORIENTED_EDGE('',*,*,#6161,.F.);
#8534=ORIENTED_EDGE('',*,*,#6162,.F.);
#8535=ORIENTED_EDGE('',*,*,#6163,.F.);
#8536=ORIENTED_EDGE('',*,*,#6164,.F.);
#8537=ORIENTED_EDGE('',*,*,#6165,.T.);
#8538=ORIENTED_EDGE('',*,*,#6166,.T.);
#8539=ORIENTED_EDGE('',*,*,#6167,.T.);
#8540=ORIENTED_EDGE('',*,*,#6168,.F.);
#8541=ORIENTED_EDGE('',*,*,#6169,.F.);
#8542=ORIENTED_EDGE('',*,*,#6170,.T.);
#8543=ORIENTED_EDGE('',*,*,#6171,.F.);
#8544=ORIENTED_EDGE('',*,*,#6172,.F.);
#8545=ORIENTED_EDGE('',*,*,#6170,.F.);
#8546=ORIENTED_EDGE('',*,*,#6173,.F.);
#8547=ORIENTED_EDGE('',*,*,#6174,.F.);
#8548=ORIENTED_EDGE('',*,*,#6175,.F.);
#8549=ORIENTED_EDGE('',*,*,#6176,.F.);
#8550=ORIENTED_EDGE('',*,*,#6177,.T.);
#8551=ORIENTED_EDGE('',*,*,#6158,.T.);
#8552=ORIENTED_EDGE('',*,*,#6178,.T.);
#8553=ORIENTED_EDGE('',*,*,#6175,.T.);
#8554=ORIENTED_EDGE('',*,*,#6179,.F.);
#8555=ORIENTED_EDGE('',*,*,#6180,.T.);
#8556=ORIENTED_EDGE('',*,*,#6168,.T.);
#8557=ORIENTED_EDGE('',*,*,#6181,.F.);
#8558=ORIENTED_EDGE('',*,*,#6182,.F.);
#8559=ORIENTED_EDGE('',*,*,#6183,.F.);
#8560=ORIENTED_EDGE('',*,*,#6184,.F.);
#8561=ORIENTED_EDGE('',*,*,#6167,.F.);
#8562=ORIENTED_EDGE('',*,*,#6185,.F.);
#8563=ORIENTED_EDGE('',*,*,#6186,.T.);
#8564=ORIENTED_EDGE('',*,*,#6181,.T.);
#8565=ORIENTED_EDGE('',*,*,#6166,.F.);
#8566=ORIENTED_EDGE('',*,*,#6187,.F.);
#8567=ORIENTED_EDGE('',*,*,#6188,.T.);
#8568=ORIENTED_EDGE('',*,*,#6185,.T.);
#8569=ORIENTED_EDGE('',*,*,#6165,.F.);
#8570=ORIENTED_EDGE('',*,*,#6189,.F.);
#8571=ORIENTED_EDGE('',*,*,#6190,.T.);
#8572=ORIENTED_EDGE('',*,*,#6187,.T.);
#8573=ORIENTED_EDGE('',*,*,#6164,.T.);
#8574=ORIENTED_EDGE('',*,*,#6191,.F.);
#8575=ORIENTED_EDGE('',*,*,#6192,.F.);
#8576=ORIENTED_EDGE('',*,*,#6189,.T.);
#8577=ORIENTED_EDGE('',*,*,#6163,.T.);
#8578=ORIENTED_EDGE('',*,*,#6193,.F.);
#8579=ORIENTED_EDGE('',*,*,#6194,.F.);
#8580=ORIENTED_EDGE('',*,*,#6191,.T.);
#8581=ORIENTED_EDGE('',*,*,#6162,.T.);
#8582=ORIENTED_EDGE('',*,*,#6195,.F.);
#8583=ORIENTED_EDGE('',*,*,#6196,.F.);
#8584=ORIENTED_EDGE('',*,*,#6193,.T.);
#8585=ORIENTED_EDGE('',*,*,#6161,.T.);
#8586=ORIENTED_EDGE('',*,*,#6197,.F.);
#8587=ORIENTED_EDGE('',*,*,#6198,.F.);
#8588=ORIENTED_EDGE('',*,*,#6195,.T.);
#8589=ORIENTED_EDGE('',*,*,#6160,.F.);
#8590=ORIENTED_EDGE('',*,*,#6199,.F.);
#8591=ORIENTED_EDGE('',*,*,#6200,.F.);
#8592=ORIENTED_EDGE('',*,*,#6201,.F.);
#8593=ORIENTED_EDGE('',*,*,#6202,.F.);
#8594=ORIENTED_EDGE('',*,*,#6203,.T.);
#8595=ORIENTED_EDGE('',*,*,#6204,.T.);
#8596=ORIENTED_EDGE('',*,*,#6197,.T.);
#8597=ORIENTED_EDGE('',*,*,#6201,.T.);
#8598=ORIENTED_EDGE('',*,*,#6205,.F.);
#8599=ORIENTED_EDGE('',*,*,#6206,.T.);
#8600=ORIENTED_EDGE('',*,*,#6172,.T.);
#8601=ORIENTED_EDGE('',*,*,#6207,.F.);
#8602=ORIENTED_EDGE('',*,*,#6156,.F.);
#8603=ORIENTED_EDGE('',*,*,#6208,.F.);
#8604=ORIENTED_EDGE('',*,*,#6209,.F.);
#8605=ORIENTED_EDGE('',*,*,#6171,.T.);
#8606=ORIENTED_EDGE('',*,*,#6178,.F.);
#8607=ORIENTED_EDGE('',*,*,#6157,.F.);
#8608=ORIENTED_EDGE('',*,*,#6207,.T.);
#8609=ORIENTED_EDGE('',*,*,#6210,.F.);
#8610=ORIENTED_EDGE('',*,*,#6182,.T.);
#8611=ORIENTED_EDGE('',*,*,#6186,.F.);
#8612=ORIENTED_EDGE('',*,*,#6188,.F.);
#8613=ORIENTED_EDGE('',*,*,#6190,.F.);
#8614=ORIENTED_EDGE('',*,*,#6192,.T.);
#8615=ORIENTED_EDGE('',*,*,#6194,.T.);
#8616=ORIENTED_EDGE('',*,*,#6196,.T.);
#8617=ORIENTED_EDGE('',*,*,#6198,.T.);
#8618=ORIENTED_EDGE('',*,*,#6204,.F.);
#8619=ORIENTED_EDGE('',*,*,#6169,.T.);
#8620=ORIENTED_EDGE('',*,*,#6206,.F.);
#8621=ORIENTED_EDGE('',*,*,#6211,.F.);
#8622=ORIENTED_EDGE('',*,*,#6173,.T.);
#8623=ORIENTED_EDGE('',*,*,#6159,.T.);
#8624=ORIENTED_EDGE('',*,*,#6180,.F.);
#8625=ORIENTED_EDGE('',*,*,#6212,.F.);
#8626=ORIENTED_EDGE('',*,*,#6199,.T.);
#8627=ORIENTED_EDGE('',*,*,#6179,.T.);
#8628=ORIENTED_EDGE('',*,*,#6174,.T.);
#8629=ORIENTED_EDGE('',*,*,#6211,.T.);
#8630=ORIENTED_EDGE('',*,*,#6205,.T.);
#8631=ORIENTED_EDGE('',*,*,#6200,.T.);
#8632=ORIENTED_EDGE('',*,*,#6212,.T.);
#8633=ORIENTED_EDGE('',*,*,#6210,.T.);
#8634=ORIENTED_EDGE('',*,*,#6203,.F.);
#8635=ORIENTED_EDGE('',*,*,#6213,.F.);
#8636=ORIENTED_EDGE('',*,*,#6183,.T.);
#8637=ORIENTED_EDGE('',*,*,#6155,.T.);
#8638=ORIENTED_EDGE('',*,*,#6177,.F.);
#8639=ORIENTED_EDGE('',*,*,#6214,.F.);
#8640=ORIENTED_EDGE('',*,*,#6208,.T.);
#8641=ORIENTED_EDGE('',*,*,#6184,.T.);
#8642=ORIENTED_EDGE('',*,*,#6213,.T.);
#8643=ORIENTED_EDGE('',*,*,#6202,.T.);
#8644=ORIENTED_EDGE('',*,*,#6209,.T.);
#8645=ORIENTED_EDGE('',*,*,#6214,.T.);
#8646=ORIENTED_EDGE('',*,*,#6176,.T.);
#8647=ORIENTED_EDGE('',*,*,#6215,.F.);
#8648=ORIENTED_EDGE('',*,*,#6216,.T.);
#8649=ORIENTED_EDGE('',*,*,#6217,.F.);
#8650=ORIENTED_EDGE('',*,*,#6218,.F.);
#8651=ORIENTED_EDGE('',*,*,#6219,.F.);
#8652=ORIENTED_EDGE('',*,*,#6220,.F.);
#8653=ORIENTED_EDGE('',*,*,#6221,.T.);
#8654=ORIENTED_EDGE('',*,*,#6222,.T.);
#8655=ORIENTED_EDGE('',*,*,#6223,.T.);
#8656=ORIENTED_EDGE('',*,*,#6224,.F.);
#8657=ORIENTED_EDGE('',*,*,#6225,.F.);
#8658=ORIENTED_EDGE('',*,*,#6226,.T.);
#8659=ORIENTED_EDGE('',*,*,#6227,.T.);
#8660=ORIENTED_EDGE('',*,*,#6228,.F.);
#8661=ORIENTED_EDGE('',*,*,#6229,.F.);
#8662=ORIENTED_EDGE('',*,*,#6230,.T.);
#8663=ORIENTED_EDGE('',*,*,#6231,.F.);
#8664=ORIENTED_EDGE('',*,*,#6232,.F.);
#8665=ORIENTED_EDGE('',*,*,#6233,.F.);
#8666=ORIENTED_EDGE('',*,*,#6234,.T.);
#8667=ORIENTED_EDGE('',*,*,#6235,.T.);
#8668=ORIENTED_EDGE('',*,*,#6236,.T.);
#8669=ORIENTED_EDGE('',*,*,#6237,.T.);
#8670=ORIENTED_EDGE('',*,*,#6238,.F.);
#8671=ORIENTED_EDGE('',*,*,#6236,.F.);
#8672=ORIENTED_EDGE('',*,*,#6239,.F.);
#8673=ORIENTED_EDGE('',*,*,#6218,.T.);
#8674=ORIENTED_EDGE('',*,*,#6240,.T.);
#8675=ORIENTED_EDGE('',*,*,#6235,.F.);
#8676=ORIENTED_EDGE('',*,*,#6241,.F.);
#8677=ORIENTED_EDGE('',*,*,#6219,.T.);
#8678=ORIENTED_EDGE('',*,*,#6239,.T.);
#8679=ORIENTED_EDGE('',*,*,#6234,.F.);
#8680=ORIENTED_EDGE('',*,*,#6242,.F.);
#8681=ORIENTED_EDGE('',*,*,#6220,.T.);
#8682=ORIENTED_EDGE('',*,*,#6241,.T.);
#8683=ORIENTED_EDGE('',*,*,#6233,.T.);
#8684=ORIENTED_EDGE('',*,*,#6243,.F.);
#8685=ORIENTED_EDGE('',*,*,#6221,.F.);
#8686=ORIENTED_EDGE('',*,*,#6242,.T.);
#8687=ORIENTED_EDGE('',*,*,#6232,.T.);
#8688=ORIENTED_EDGE('',*,*,#6244,.F.);
#8689=ORIENTED_EDGE('',*,*,#6222,.F.);
#8690=ORIENTED_EDGE('',*,*,#6243,.T.);
#8691=ORIENTED_EDGE('',*,*,#6231,.T.);
#8692=ORIENTED_EDGE('',*,*,#6245,.F.);
#8693=ORIENTED_EDGE('',*,*,#6223,.F.);
#8694=ORIENTED_EDGE('',*,*,#6244,.T.);
#8695=ORIENTED_EDGE('',*,*,#6230,.F.);
#8696=ORIENTED_EDGE('',*,*,#6246,.F.);
#8697=ORIENTED_EDGE('',*,*,#6247,.F.);
#8698=ORIENTED_EDGE('',*,*,#6248,.F.);
#8699=ORIENTED_EDGE('',*,*,#6249,.F.);
#8700=ORIENTED_EDGE('',*,*,#6250,.T.);
#8701=ORIENTED_EDGE('',*,*,#6224,.T.);
#8702=ORIENTED_EDGE('',*,*,#6245,.T.);
#8703=ORIENTED_EDGE('',*,*,#6248,.T.);
#8704=ORIENTED_EDGE('',*,*,#6251,.F.);
#8705=ORIENTED_EDGE('',*,*,#6252,.T.);
#8706=ORIENTED_EDGE('',*,*,#6228,.T.);
#8707=ORIENTED_EDGE('',*,*,#6253,.F.);
#8708=ORIENTED_EDGE('',*,*,#6254,.F.);
#8709=ORIENTED_EDGE('',*,*,#6255,.F.);
#8710=ORIENTED_EDGE('',*,*,#6256,.F.);
#8711=ORIENTED_EDGE('',*,*,#6227,.F.);
#8712=ORIENTED_EDGE('',*,*,#6257,.F.);
#8713=ORIENTED_EDGE('',*,*,#6258,.T.);
#8714=ORIENTED_EDGE('',*,*,#6253,.T.);
#8715=ORIENTED_EDGE('',*,*,#6226,.F.);
#8716=ORIENTED_EDGE('',*,*,#6259,.F.);
#8717=ORIENTED_EDGE('',*,*,#6260,.F.);
#8718=ORIENTED_EDGE('',*,*,#6261,.F.);
#8719=ORIENTED_EDGE('',*,*,#6262,.F.);
#8720=ORIENTED_EDGE('',*,*,#6263,.T.);
#8721=ORIENTED_EDGE('',*,*,#6264,.T.);
#8722=ORIENTED_EDGE('',*,*,#6257,.T.);
#8723=ORIENTED_EDGE('',*,*,#6261,.T.);
#8724=ORIENTED_EDGE('',*,*,#6265,.F.);
#8725=ORIENTED_EDGE('',*,*,#6266,.T.);
#8726=ORIENTED_EDGE('',*,*,#6238,.T.);
#8727=ORIENTED_EDGE('',*,*,#6267,.F.);
#8728=ORIENTED_EDGE('',*,*,#6216,.F.);
#8729=ORIENTED_EDGE('',*,*,#6268,.F.);
#8730=ORIENTED_EDGE('',*,*,#6269,.F.);
#8731=ORIENTED_EDGE('',*,*,#6237,.F.);
#8732=ORIENTED_EDGE('',*,*,#6240,.F.);
#8733=ORIENTED_EDGE('',*,*,#6217,.T.);
#8734=ORIENTED_EDGE('',*,*,#6267,.T.);
#8735=ORIENTED_EDGE('',*,*,#6270,.F.);
#8736=ORIENTED_EDGE('',*,*,#6254,.T.);
#8737=ORIENTED_EDGE('',*,*,#6258,.F.);
#8738=ORIENTED_EDGE('',*,*,#6264,.F.);
#8739=ORIENTED_EDGE('',*,*,#6229,.T.);
#8740=ORIENTED_EDGE('',*,*,#6266,.F.);
#8741=ORIENTED_EDGE('',*,*,#6271,.F.);
#8742=ORIENTED_EDGE('',*,*,#6246,.T.);
#8743=ORIENTED_EDGE('',*,*,#6225,.T.);
#8744=ORIENTED_EDGE('',*,*,#6252,.F.);
#8745=ORIENTED_EDGE('',*,*,#6272,.F.);
#8746=ORIENTED_EDGE('',*,*,#6259,.T.);
#8747=ORIENTED_EDGE('',*,*,#6247,.T.);
#8748=ORIENTED_EDGE('',*,*,#6271,.T.);
#8749=ORIENTED_EDGE('',*,*,#6265,.T.);
#8750=ORIENTED_EDGE('',*,*,#6260,.T.);
#8751=ORIENTED_EDGE('',*,*,#6272,.T.);
#8752=ORIENTED_EDGE('',*,*,#6251,.T.);
#8753=ORIENTED_EDGE('',*,*,#6270,.T.);
#8754=ORIENTED_EDGE('',*,*,#6263,.F.);
#8755=ORIENTED_EDGE('',*,*,#6273,.F.);
#8756=ORIENTED_EDGE('',*,*,#6255,.T.);
#8757=ORIENTED_EDGE('',*,*,#6215,.T.);
#8758=ORIENTED_EDGE('',*,*,#6250,.F.);
#8759=ORIENTED_EDGE('',*,*,#6274,.F.);
#8760=ORIENTED_EDGE('',*,*,#6268,.T.);
#8761=ORIENTED_EDGE('',*,*,#6249,.T.);
#8762=ORIENTED_EDGE('',*,*,#6256,.T.);
#8763=ORIENTED_EDGE('',*,*,#6273,.T.);
#8764=ORIENTED_EDGE('',*,*,#6262,.T.);
#8765=ORIENTED_EDGE('',*,*,#6269,.T.);
#8766=ORIENTED_EDGE('',*,*,#6274,.T.);
#8767=ORIENTED_EDGE('',*,*,#6275,.F.);
#8768=ORIENTED_EDGE('',*,*,#6276,.T.);
#8769=ORIENTED_EDGE('',*,*,#6277,.T.);
#8770=ORIENTED_EDGE('',*,*,#6278,.F.);
#8771=ORIENTED_EDGE('',*,*,#6279,.F.);
#8772=ORIENTED_EDGE('',*,*,#6280,.T.);
#8773=ORIENTED_EDGE('',*,*,#6281,.F.);
#8774=ORIENTED_EDGE('',*,*,#6282,.F.);
#8775=ORIENTED_EDGE('',*,*,#6283,.F.);
#8776=ORIENTED_EDGE('',*,*,#6284,.F.);
#8777=ORIENTED_EDGE('',*,*,#6285,.T.);
#8778=ORIENTED_EDGE('',*,*,#6286,.T.);
#8779=ORIENTED_EDGE('',*,*,#6287,.T.);
#8780=ORIENTED_EDGE('',*,*,#6288,.F.);
#8781=ORIENTED_EDGE('',*,*,#6289,.F.);
#8782=ORIENTED_EDGE('',*,*,#6290,.T.);
#8783=ORIENTED_EDGE('',*,*,#6291,.F.);
#8784=ORIENTED_EDGE('',*,*,#6292,.F.);
#8785=ORIENTED_EDGE('',*,*,#6290,.F.);
#8786=ORIENTED_EDGE('',*,*,#6293,.F.);
#8787=ORIENTED_EDGE('',*,*,#6294,.F.);
#8788=ORIENTED_EDGE('',*,*,#6295,.F.);
#8789=ORIENTED_EDGE('',*,*,#6296,.F.);
#8790=ORIENTED_EDGE('',*,*,#6297,.T.);
#8791=ORIENTED_EDGE('',*,*,#6278,.T.);
#8792=ORIENTED_EDGE('',*,*,#6298,.T.);
#8793=ORIENTED_EDGE('',*,*,#6295,.T.);
#8794=ORIENTED_EDGE('',*,*,#6299,.F.);
#8795=ORIENTED_EDGE('',*,*,#6300,.T.);
#8796=ORIENTED_EDGE('',*,*,#6288,.T.);
#8797=ORIENTED_EDGE('',*,*,#6301,.F.);
#8798=ORIENTED_EDGE('',*,*,#6302,.F.);
#8799=ORIENTED_EDGE('',*,*,#6303,.F.);
#8800=ORIENTED_EDGE('',*,*,#6304,.F.);
#8801=ORIENTED_EDGE('',*,*,#6287,.F.);
#8802=ORIENTED_EDGE('',*,*,#6305,.F.);
#8803=ORIENTED_EDGE('',*,*,#6306,.T.);
#8804=ORIENTED_EDGE('',*,*,#6301,.T.);
#8805=ORIENTED_EDGE('',*,*,#6286,.F.);
#8806=ORIENTED_EDGE('',*,*,#6307,.F.);
#8807=ORIENTED_EDGE('',*,*,#6308,.T.);
#8808=ORIENTED_EDGE('',*,*,#6305,.T.);
#8809=ORIENTED_EDGE('',*,*,#6285,.F.);
#8810=ORIENTED_EDGE('',*,*,#6309,.F.);
#8811=ORIENTED_EDGE('',*,*,#6310,.T.);
#8812=ORIENTED_EDGE('',*,*,#6307,.T.);
#8813=ORIENTED_EDGE('',*,*,#6284,.T.);
#8814=ORIENTED_EDGE('',*,*,#6311,.F.);
#8815=ORIENTED_EDGE('',*,*,#6312,.F.);
#8816=ORIENTED_EDGE('',*,*,#6309,.T.);
#8817=ORIENTED_EDGE('',*,*,#6283,.T.);
#8818=ORIENTED_EDGE('',*,*,#6313,.F.);
#8819=ORIENTED_EDGE('',*,*,#6314,.F.);
#8820=ORIENTED_EDGE('',*,*,#6311,.T.);
#8821=ORIENTED_EDGE('',*,*,#6282,.T.);
#8822=ORIENTED_EDGE('',*,*,#6315,.F.);
#8823=ORIENTED_EDGE('',*,*,#6316,.F.);
#8824=ORIENTED_EDGE('',*,*,#6313,.T.);
#8825=ORIENTED_EDGE('',*,*,#6281,.T.);
#8826=ORIENTED_EDGE('',*,*,#6317,.F.);
#8827=ORIENTED_EDGE('',*,*,#6318,.F.);
#8828=ORIENTED_EDGE('',*,*,#6315,.T.);
#8829=ORIENTED_EDGE('',*,*,#6280,.F.);
#8830=ORIENTED_EDGE('',*,*,#6319,.F.);
#8831=ORIENTED_EDGE('',*,*,#6320,.F.);
#8832=ORIENTED_EDGE('',*,*,#6321,.F.);
#8833=ORIENTED_EDGE('',*,*,#6322,.F.);
#8834=ORIENTED_EDGE('',*,*,#6323,.T.);
#8835=ORIENTED_EDGE('',*,*,#6324,.T.);
#8836=ORIENTED_EDGE('',*,*,#6317,.T.);
#8837=ORIENTED_EDGE('',*,*,#6321,.T.);
#8838=ORIENTED_EDGE('',*,*,#6325,.F.);
#8839=ORIENTED_EDGE('',*,*,#6326,.T.);
#8840=ORIENTED_EDGE('',*,*,#6292,.T.);
#8841=ORIENTED_EDGE('',*,*,#6327,.F.);
#8842=ORIENTED_EDGE('',*,*,#6276,.F.);
#8843=ORIENTED_EDGE('',*,*,#6328,.F.);
#8844=ORIENTED_EDGE('',*,*,#6329,.F.);
#8845=ORIENTED_EDGE('',*,*,#6291,.T.);
#8846=ORIENTED_EDGE('',*,*,#6298,.F.);
#8847=ORIENTED_EDGE('',*,*,#6277,.F.);
#8848=ORIENTED_EDGE('',*,*,#6327,.T.);
#8849=ORIENTED_EDGE('',*,*,#6330,.F.);
#8850=ORIENTED_EDGE('',*,*,#6302,.T.);
#8851=ORIENTED_EDGE('',*,*,#6306,.F.);
#8852=ORIENTED_EDGE('',*,*,#6308,.F.);
#8853=ORIENTED_EDGE('',*,*,#6310,.F.);
#8854=ORIENTED_EDGE('',*,*,#6312,.T.);
#8855=ORIENTED_EDGE('',*,*,#6314,.T.);
#8856=ORIENTED_EDGE('',*,*,#6316,.T.);
#8857=ORIENTED_EDGE('',*,*,#6318,.T.);
#8858=ORIENTED_EDGE('',*,*,#6324,.F.);
#8859=ORIENTED_EDGE('',*,*,#6289,.T.);
#8860=ORIENTED_EDGE('',*,*,#6326,.F.);
#8861=ORIENTED_EDGE('',*,*,#6331,.F.);
#8862=ORIENTED_EDGE('',*,*,#6293,.T.);
#8863=ORIENTED_EDGE('',*,*,#6279,.T.);
#8864=ORIENTED_EDGE('',*,*,#6300,.F.);
#8865=ORIENTED_EDGE('',*,*,#6332,.F.);
#8866=ORIENTED_EDGE('',*,*,#6319,.T.);
#8867=ORIENTED_EDGE('',*,*,#6299,.T.);
#8868=ORIENTED_EDGE('',*,*,#6294,.T.);
#8869=ORIENTED_EDGE('',*,*,#6331,.T.);
#8870=ORIENTED_EDGE('',*,*,#6325,.T.);
#8871=ORIENTED_EDGE('',*,*,#6320,.T.);
#8872=ORIENTED_EDGE('',*,*,#6332,.T.);
#8873=ORIENTED_EDGE('',*,*,#6330,.T.);
#8874=ORIENTED_EDGE('',*,*,#6323,.F.);
#8875=ORIENTED_EDGE('',*,*,#6333,.F.);
#8876=ORIENTED_EDGE('',*,*,#6303,.T.);
#8877=ORIENTED_EDGE('',*,*,#6275,.T.);
#8878=ORIENTED_EDGE('',*,*,#6297,.F.);
#8879=ORIENTED_EDGE('',*,*,#6334,.F.);
#8880=ORIENTED_EDGE('',*,*,#6328,.T.);
#8881=ORIENTED_EDGE('',*,*,#6304,.T.);
#8882=ORIENTED_EDGE('',*,*,#6333,.T.);
#8883=ORIENTED_EDGE('',*,*,#6322,.T.);
#8884=ORIENTED_EDGE('',*,*,#6329,.T.);
#8885=ORIENTED_EDGE('',*,*,#6334,.T.);
#8886=ORIENTED_EDGE('',*,*,#6296,.T.);
#8887=ORIENTED_EDGE('',*,*,#6335,.F.);
#8888=ORIENTED_EDGE('',*,*,#6336,.T.);
#8889=ORIENTED_EDGE('',*,*,#6337,.F.);
#8890=ORIENTED_EDGE('',*,*,#6338,.F.);
#8891=ORIENTED_EDGE('',*,*,#6339,.F.);
#8892=ORIENTED_EDGE('',*,*,#6340,.F.);
#8893=ORIENTED_EDGE('',*,*,#6341,.T.);
#8894=ORIENTED_EDGE('',*,*,#6342,.T.);
#8895=ORIENTED_EDGE('',*,*,#6343,.T.);
#8896=ORIENTED_EDGE('',*,*,#6344,.F.);
#8897=ORIENTED_EDGE('',*,*,#6345,.F.);
#8898=ORIENTED_EDGE('',*,*,#6346,.T.);
#8899=ORIENTED_EDGE('',*,*,#6347,.T.);
#8900=ORIENTED_EDGE('',*,*,#6348,.F.);
#8901=ORIENTED_EDGE('',*,*,#6349,.F.);
#8902=ORIENTED_EDGE('',*,*,#6350,.T.);
#8903=ORIENTED_EDGE('',*,*,#6351,.F.);
#8904=ORIENTED_EDGE('',*,*,#6352,.F.);
#8905=ORIENTED_EDGE('',*,*,#6353,.F.);
#8906=ORIENTED_EDGE('',*,*,#6354,.T.);
#8907=ORIENTED_EDGE('',*,*,#6355,.T.);
#8908=ORIENTED_EDGE('',*,*,#6356,.T.);
#8909=ORIENTED_EDGE('',*,*,#6357,.T.);
#8910=ORIENTED_EDGE('',*,*,#6358,.F.);
#8911=ORIENTED_EDGE('',*,*,#6356,.F.);
#8912=ORIENTED_EDGE('',*,*,#6359,.F.);
#8913=ORIENTED_EDGE('',*,*,#6338,.T.);
#8914=ORIENTED_EDGE('',*,*,#6360,.T.);
#8915=ORIENTED_EDGE('',*,*,#6355,.F.);
#8916=ORIENTED_EDGE('',*,*,#6361,.F.);
#8917=ORIENTED_EDGE('',*,*,#6339,.T.);
#8918=ORIENTED_EDGE('',*,*,#6359,.T.);
#8919=ORIENTED_EDGE('',*,*,#6354,.F.);
#8920=ORIENTED_EDGE('',*,*,#6362,.F.);
#8921=ORIENTED_EDGE('',*,*,#6340,.T.);
#8922=ORIENTED_EDGE('',*,*,#6361,.T.);
#8923=ORIENTED_EDGE('',*,*,#6353,.T.);
#8924=ORIENTED_EDGE('',*,*,#6363,.F.);
#8925=ORIENTED_EDGE('',*,*,#6341,.F.);
#8926=ORIENTED_EDGE('',*,*,#6362,.T.);
#8927=ORIENTED_EDGE('',*,*,#6352,.T.);
#8928=ORIENTED_EDGE('',*,*,#6364,.F.);
#8929=ORIENTED_EDGE('',*,*,#6342,.F.);
#8930=ORIENTED_EDGE('',*,*,#6363,.T.);
#8931=ORIENTED_EDGE('',*,*,#6351,.T.);
#8932=ORIENTED_EDGE('',*,*,#6365,.F.);
#8933=ORIENTED_EDGE('',*,*,#6343,.F.);
#8934=ORIENTED_EDGE('',*,*,#6364,.T.);
#8935=ORIENTED_EDGE('',*,*,#6350,.F.);
#8936=ORIENTED_EDGE('',*,*,#6366,.F.);
#8937=ORIENTED_EDGE('',*,*,#6367,.F.);
#8938=ORIENTED_EDGE('',*,*,#6368,.F.);
#8939=ORIENTED_EDGE('',*,*,#6369,.F.);
#8940=ORIENTED_EDGE('',*,*,#6370,.T.);
#8941=ORIENTED_EDGE('',*,*,#6344,.T.);
#8942=ORIENTED_EDGE('',*,*,#6365,.T.);
#8943=ORIENTED_EDGE('',*,*,#6368,.T.);
#8944=ORIENTED_EDGE('',*,*,#6371,.F.);
#8945=ORIENTED_EDGE('',*,*,#6372,.T.);
#8946=ORIENTED_EDGE('',*,*,#6348,.T.);
#8947=ORIENTED_EDGE('',*,*,#6373,.F.);
#8948=ORIENTED_EDGE('',*,*,#6374,.F.);
#8949=ORIENTED_EDGE('',*,*,#6375,.F.);
#8950=ORIENTED_EDGE('',*,*,#6376,.F.);
#8951=ORIENTED_EDGE('',*,*,#6347,.F.);
#8952=ORIENTED_EDGE('',*,*,#6377,.F.);
#8953=ORIENTED_EDGE('',*,*,#6378,.T.);
#8954=ORIENTED_EDGE('',*,*,#6373,.T.);
#8955=ORIENTED_EDGE('',*,*,#6346,.F.);
#8956=ORIENTED_EDGE('',*,*,#6379,.F.);
#8957=ORIENTED_EDGE('',*,*,#6380,.F.);
#8958=ORIENTED_EDGE('',*,*,#6381,.F.);
#8959=ORIENTED_EDGE('',*,*,#6382,.F.);
#8960=ORIENTED_EDGE('',*,*,#6383,.T.);
#8961=ORIENTED_EDGE('',*,*,#6384,.T.);
#8962=ORIENTED_EDGE('',*,*,#6377,.T.);
#8963=ORIENTED_EDGE('',*,*,#6381,.T.);
#8964=ORIENTED_EDGE('',*,*,#6385,.F.);
#8965=ORIENTED_EDGE('',*,*,#6386,.T.);
#8966=ORIENTED_EDGE('',*,*,#6358,.T.);
#8967=ORIENTED_EDGE('',*,*,#6387,.F.);
#8968=ORIENTED_EDGE('',*,*,#6336,.F.);
#8969=ORIENTED_EDGE('',*,*,#6388,.F.);
#8970=ORIENTED_EDGE('',*,*,#6389,.F.);
#8971=ORIENTED_EDGE('',*,*,#6357,.F.);
#8972=ORIENTED_EDGE('',*,*,#6360,.F.);
#8973=ORIENTED_EDGE('',*,*,#6337,.T.);
#8974=ORIENTED_EDGE('',*,*,#6387,.T.);
#8975=ORIENTED_EDGE('',*,*,#6390,.F.);
#8976=ORIENTED_EDGE('',*,*,#6374,.T.);
#8977=ORIENTED_EDGE('',*,*,#6378,.F.);
#8978=ORIENTED_EDGE('',*,*,#6384,.F.);
#8979=ORIENTED_EDGE('',*,*,#6349,.T.);
#8980=ORIENTED_EDGE('',*,*,#6386,.F.);
#8981=ORIENTED_EDGE('',*,*,#6391,.F.);
#8982=ORIENTED_EDGE('',*,*,#6366,.T.);
#8983=ORIENTED_EDGE('',*,*,#6345,.T.);
#8984=ORIENTED_EDGE('',*,*,#6372,.F.);
#8985=ORIENTED_EDGE('',*,*,#6392,.F.);
#8986=ORIENTED_EDGE('',*,*,#6379,.T.);
#8987=ORIENTED_EDGE('',*,*,#6367,.T.);
#8988=ORIENTED_EDGE('',*,*,#6391,.T.);
#8989=ORIENTED_EDGE('',*,*,#6385,.T.);
#8990=ORIENTED_EDGE('',*,*,#6380,.T.);
#8991=ORIENTED_EDGE('',*,*,#6392,.T.);
#8992=ORIENTED_EDGE('',*,*,#6371,.T.);
#8993=ORIENTED_EDGE('',*,*,#6390,.T.);
#8994=ORIENTED_EDGE('',*,*,#6383,.F.);
#8995=ORIENTED_EDGE('',*,*,#6393,.F.);
#8996=ORIENTED_EDGE('',*,*,#6375,.T.);
#8997=ORIENTED_EDGE('',*,*,#6335,.T.);
#8998=ORIENTED_EDGE('',*,*,#6370,.F.);
#8999=ORIENTED_EDGE('',*,*,#6394,.F.);
#9000=ORIENTED_EDGE('',*,*,#6388,.T.);
#9001=ORIENTED_EDGE('',*,*,#6369,.T.);
#9002=ORIENTED_EDGE('',*,*,#6376,.T.);
#9003=ORIENTED_EDGE('',*,*,#6393,.T.);
#9004=ORIENTED_EDGE('',*,*,#6382,.T.);
#9005=ORIENTED_EDGE('',*,*,#6389,.T.);
#9006=ORIENTED_EDGE('',*,*,#6394,.T.);
#9007=ORIENTED_EDGE('',*,*,#6395,.F.);
#9008=ORIENTED_EDGE('',*,*,#6396,.T.);
#9009=ORIENTED_EDGE('',*,*,#6397,.T.);
#9010=ORIENTED_EDGE('',*,*,#6398,.F.);
#9011=ORIENTED_EDGE('',*,*,#6399,.F.);
#9012=ORIENTED_EDGE('',*,*,#6400,.T.);
#9013=ORIENTED_EDGE('',*,*,#6401,.F.);
#9014=ORIENTED_EDGE('',*,*,#6402,.F.);
#9015=ORIENTED_EDGE('',*,*,#6403,.F.);
#9016=ORIENTED_EDGE('',*,*,#6404,.F.);
#9017=ORIENTED_EDGE('',*,*,#6405,.T.);
#9018=ORIENTED_EDGE('',*,*,#6406,.T.);
#9019=ORIENTED_EDGE('',*,*,#6407,.T.);
#9020=ORIENTED_EDGE('',*,*,#6408,.F.);
#9021=ORIENTED_EDGE('',*,*,#6409,.F.);
#9022=ORIENTED_EDGE('',*,*,#6410,.T.);
#9023=ORIENTED_EDGE('',*,*,#6411,.F.);
#9024=ORIENTED_EDGE('',*,*,#6412,.F.);
#9025=ORIENTED_EDGE('',*,*,#6410,.F.);
#9026=ORIENTED_EDGE('',*,*,#6413,.F.);
#9027=ORIENTED_EDGE('',*,*,#6414,.F.);
#9028=ORIENTED_EDGE('',*,*,#6415,.F.);
#9029=ORIENTED_EDGE('',*,*,#6416,.F.);
#9030=ORIENTED_EDGE('',*,*,#6417,.T.);
#9031=ORIENTED_EDGE('',*,*,#6398,.T.);
#9032=ORIENTED_EDGE('',*,*,#6418,.T.);
#9033=ORIENTED_EDGE('',*,*,#6415,.T.);
#9034=ORIENTED_EDGE('',*,*,#6419,.F.);
#9035=ORIENTED_EDGE('',*,*,#6420,.T.);
#9036=ORIENTED_EDGE('',*,*,#6408,.T.);
#9037=ORIENTED_EDGE('',*,*,#6421,.F.);
#9038=ORIENTED_EDGE('',*,*,#6422,.F.);
#9039=ORIENTED_EDGE('',*,*,#6423,.F.);
#9040=ORIENTED_EDGE('',*,*,#6424,.F.);
#9041=ORIENTED_EDGE('',*,*,#6407,.F.);
#9042=ORIENTED_EDGE('',*,*,#6425,.F.);
#9043=ORIENTED_EDGE('',*,*,#6426,.T.);
#9044=ORIENTED_EDGE('',*,*,#6421,.T.);
#9045=ORIENTED_EDGE('',*,*,#6406,.F.);
#9046=ORIENTED_EDGE('',*,*,#6427,.F.);
#9047=ORIENTED_EDGE('',*,*,#6428,.T.);
#9048=ORIENTED_EDGE('',*,*,#6425,.T.);
#9049=ORIENTED_EDGE('',*,*,#6405,.F.);
#9050=ORIENTED_EDGE('',*,*,#6429,.F.);
#9051=ORIENTED_EDGE('',*,*,#6430,.T.);
#9052=ORIENTED_EDGE('',*,*,#6427,.T.);
#9053=ORIENTED_EDGE('',*,*,#6404,.T.);
#9054=ORIENTED_EDGE('',*,*,#6431,.F.);
#9055=ORIENTED_EDGE('',*,*,#6432,.F.);
#9056=ORIENTED_EDGE('',*,*,#6429,.T.);
#9057=ORIENTED_EDGE('',*,*,#6403,.T.);
#9058=ORIENTED_EDGE('',*,*,#6433,.F.);
#9059=ORIENTED_EDGE('',*,*,#6434,.F.);
#9060=ORIENTED_EDGE('',*,*,#6431,.T.);
#9061=ORIENTED_EDGE('',*,*,#6402,.T.);
#9062=ORIENTED_EDGE('',*,*,#6435,.F.);
#9063=ORIENTED_EDGE('',*,*,#6436,.F.);
#9064=ORIENTED_EDGE('',*,*,#6433,.T.);
#9065=ORIENTED_EDGE('',*,*,#6401,.T.);
#9066=ORIENTED_EDGE('',*,*,#6437,.F.);
#9067=ORIENTED_EDGE('',*,*,#6438,.F.);
#9068=ORIENTED_EDGE('',*,*,#6435,.T.);
#9069=ORIENTED_EDGE('',*,*,#6400,.F.);
#9070=ORIENTED_EDGE('',*,*,#6439,.F.);
#9071=ORIENTED_EDGE('',*,*,#6440,.F.);
#9072=ORIENTED_EDGE('',*,*,#6441,.F.);
#9073=ORIENTED_EDGE('',*,*,#6442,.F.);
#9074=ORIENTED_EDGE('',*,*,#6443,.T.);
#9075=ORIENTED_EDGE('',*,*,#6444,.T.);
#9076=ORIENTED_EDGE('',*,*,#6437,.T.);
#9077=ORIENTED_EDGE('',*,*,#6441,.T.);
#9078=ORIENTED_EDGE('',*,*,#6445,.F.);
#9079=ORIENTED_EDGE('',*,*,#6446,.T.);
#9080=ORIENTED_EDGE('',*,*,#6412,.T.);
#9081=ORIENTED_EDGE('',*,*,#6447,.F.);
#9082=ORIENTED_EDGE('',*,*,#6396,.F.);
#9083=ORIENTED_EDGE('',*,*,#6448,.F.);
#9084=ORIENTED_EDGE('',*,*,#6449,.F.);
#9085=ORIENTED_EDGE('',*,*,#6411,.T.);
#9086=ORIENTED_EDGE('',*,*,#6418,.F.);
#9087=ORIENTED_EDGE('',*,*,#6397,.F.);
#9088=ORIENTED_EDGE('',*,*,#6447,.T.);
#9089=ORIENTED_EDGE('',*,*,#6450,.F.);
#9090=ORIENTED_EDGE('',*,*,#6422,.T.);
#9091=ORIENTED_EDGE('',*,*,#6426,.F.);
#9092=ORIENTED_EDGE('',*,*,#6428,.F.);
#9093=ORIENTED_EDGE('',*,*,#6430,.F.);
#9094=ORIENTED_EDGE('',*,*,#6432,.T.);
#9095=ORIENTED_EDGE('',*,*,#6434,.T.);
#9096=ORIENTED_EDGE('',*,*,#6436,.T.);
#9097=ORIENTED_EDGE('',*,*,#6438,.T.);
#9098=ORIENTED_EDGE('',*,*,#6444,.F.);
#9099=ORIENTED_EDGE('',*,*,#6409,.T.);
#9100=ORIENTED_EDGE('',*,*,#6446,.F.);
#9101=ORIENTED_EDGE('',*,*,#6451,.F.);
#9102=ORIENTED_EDGE('',*,*,#6413,.T.);
#9103=ORIENTED_EDGE('',*,*,#6399,.T.);
#9104=ORIENTED_EDGE('',*,*,#6420,.F.);
#9105=ORIENTED_EDGE('',*,*,#6452,.F.);
#9106=ORIENTED_EDGE('',*,*,#6439,.T.);
#9107=ORIENTED_EDGE('',*,*,#6419,.T.);
#9108=ORIENTED_EDGE('',*,*,#6414,.T.);
#9109=ORIENTED_EDGE('',*,*,#6451,.T.);
#9110=ORIENTED_EDGE('',*,*,#6445,.T.);
#9111=ORIENTED_EDGE('',*,*,#6440,.T.);
#9112=ORIENTED_EDGE('',*,*,#6452,.T.);
#9113=ORIENTED_EDGE('',*,*,#6450,.T.);
#9114=ORIENTED_EDGE('',*,*,#6443,.F.);
#9115=ORIENTED_EDGE('',*,*,#6453,.F.);
#9116=ORIENTED_EDGE('',*,*,#6423,.T.);
#9117=ORIENTED_EDGE('',*,*,#6395,.T.);
#9118=ORIENTED_EDGE('',*,*,#6417,.F.);
#9119=ORIENTED_EDGE('',*,*,#6454,.F.);
#9120=ORIENTED_EDGE('',*,*,#6448,.T.);
#9121=ORIENTED_EDGE('',*,*,#6424,.T.);
#9122=ORIENTED_EDGE('',*,*,#6453,.T.);
#9123=ORIENTED_EDGE('',*,*,#6442,.T.);
#9124=ORIENTED_EDGE('',*,*,#6449,.T.);
#9125=ORIENTED_EDGE('',*,*,#6454,.T.);
#9126=ORIENTED_EDGE('',*,*,#6416,.T.);
#9127=ORIENTED_EDGE('',*,*,#6455,.F.);
#9128=ORIENTED_EDGE('',*,*,#6456,.T.);
#9129=ORIENTED_EDGE('',*,*,#6457,.F.);
#9130=ORIENTED_EDGE('',*,*,#6458,.F.);
#9131=ORIENTED_EDGE('',*,*,#6459,.F.);
#9132=ORIENTED_EDGE('',*,*,#6460,.F.);
#9133=ORIENTED_EDGE('',*,*,#6461,.T.);
#9134=ORIENTED_EDGE('',*,*,#6462,.T.);
#9135=ORIENTED_EDGE('',*,*,#6463,.T.);
#9136=ORIENTED_EDGE('',*,*,#6464,.F.);
#9137=ORIENTED_EDGE('',*,*,#6465,.F.);
#9138=ORIENTED_EDGE('',*,*,#6466,.T.);
#9139=ORIENTED_EDGE('',*,*,#6467,.T.);
#9140=ORIENTED_EDGE('',*,*,#6468,.F.);
#9141=ORIENTED_EDGE('',*,*,#6469,.F.);
#9142=ORIENTED_EDGE('',*,*,#6470,.T.);
#9143=ORIENTED_EDGE('',*,*,#6471,.F.);
#9144=ORIENTED_EDGE('',*,*,#6472,.F.);
#9145=ORIENTED_EDGE('',*,*,#6473,.F.);
#9146=ORIENTED_EDGE('',*,*,#6474,.T.);
#9147=ORIENTED_EDGE('',*,*,#6475,.T.);
#9148=ORIENTED_EDGE('',*,*,#6476,.T.);
#9149=ORIENTED_EDGE('',*,*,#6477,.T.);
#9150=ORIENTED_EDGE('',*,*,#6478,.F.);
#9151=ORIENTED_EDGE('',*,*,#6476,.F.);
#9152=ORIENTED_EDGE('',*,*,#6479,.F.);
#9153=ORIENTED_EDGE('',*,*,#6458,.T.);
#9154=ORIENTED_EDGE('',*,*,#6480,.T.);
#9155=ORIENTED_EDGE('',*,*,#6475,.F.);
#9156=ORIENTED_EDGE('',*,*,#6481,.F.);
#9157=ORIENTED_EDGE('',*,*,#6459,.T.);
#9158=ORIENTED_EDGE('',*,*,#6479,.T.);
#9159=ORIENTED_EDGE('',*,*,#6474,.F.);
#9160=ORIENTED_EDGE('',*,*,#6482,.F.);
#9161=ORIENTED_EDGE('',*,*,#6460,.T.);
#9162=ORIENTED_EDGE('',*,*,#6481,.T.);
#9163=ORIENTED_EDGE('',*,*,#6473,.T.);
#9164=ORIENTED_EDGE('',*,*,#6483,.F.);
#9165=ORIENTED_EDGE('',*,*,#6461,.F.);
#9166=ORIENTED_EDGE('',*,*,#6482,.T.);
#9167=ORIENTED_EDGE('',*,*,#6472,.T.);
#9168=ORIENTED_EDGE('',*,*,#6484,.F.);
#9169=ORIENTED_EDGE('',*,*,#6462,.F.);
#9170=ORIENTED_EDGE('',*,*,#6483,.T.);
#9171=ORIENTED_EDGE('',*,*,#6471,.T.);
#9172=ORIENTED_EDGE('',*,*,#6485,.F.);
#9173=ORIENTED_EDGE('',*,*,#6463,.F.);
#9174=ORIENTED_EDGE('',*,*,#6484,.T.);
#9175=ORIENTED_EDGE('',*,*,#6470,.F.);
#9176=ORIENTED_EDGE('',*,*,#6486,.F.);
#9177=ORIENTED_EDGE('',*,*,#6487,.F.);
#9178=ORIENTED_EDGE('',*,*,#6488,.F.);
#9179=ORIENTED_EDGE('',*,*,#6489,.F.);
#9180=ORIENTED_EDGE('',*,*,#6490,.T.);
#9181=ORIENTED_EDGE('',*,*,#6464,.T.);
#9182=ORIENTED_EDGE('',*,*,#6485,.T.);
#9183=ORIENTED_EDGE('',*,*,#6488,.T.);
#9184=ORIENTED_EDGE('',*,*,#6491,.F.);
#9185=ORIENTED_EDGE('',*,*,#6492,.T.);
#9186=ORIENTED_EDGE('',*,*,#6468,.T.);
#9187=ORIENTED_EDGE('',*,*,#6493,.F.);
#9188=ORIENTED_EDGE('',*,*,#6494,.F.);
#9189=ORIENTED_EDGE('',*,*,#6495,.F.);
#9190=ORIENTED_EDGE('',*,*,#6496,.F.);
#9191=ORIENTED_EDGE('',*,*,#6467,.F.);
#9192=ORIENTED_EDGE('',*,*,#6497,.F.);
#9193=ORIENTED_EDGE('',*,*,#6498,.T.);
#9194=ORIENTED_EDGE('',*,*,#6493,.T.);
#9195=ORIENTED_EDGE('',*,*,#6466,.F.);
#9196=ORIENTED_EDGE('',*,*,#6499,.F.);
#9197=ORIENTED_EDGE('',*,*,#6500,.F.);
#9198=ORIENTED_EDGE('',*,*,#6501,.F.);
#9199=ORIENTED_EDGE('',*,*,#6502,.F.);
#9200=ORIENTED_EDGE('',*,*,#6503,.T.);
#9201=ORIENTED_EDGE('',*,*,#6504,.T.);
#9202=ORIENTED_EDGE('',*,*,#6497,.T.);
#9203=ORIENTED_EDGE('',*,*,#6501,.T.);
#9204=ORIENTED_EDGE('',*,*,#6505,.F.);
#9205=ORIENTED_EDGE('',*,*,#6506,.T.);
#9206=ORIENTED_EDGE('',*,*,#6478,.T.);
#9207=ORIENTED_EDGE('',*,*,#6507,.F.);
#9208=ORIENTED_EDGE('',*,*,#6456,.F.);
#9209=ORIENTED_EDGE('',*,*,#6508,.F.);
#9210=ORIENTED_EDGE('',*,*,#6509,.F.);
#9211=ORIENTED_EDGE('',*,*,#6477,.F.);
#9212=ORIENTED_EDGE('',*,*,#6480,.F.);
#9213=ORIENTED_EDGE('',*,*,#6457,.T.);
#9214=ORIENTED_EDGE('',*,*,#6507,.T.);
#9215=ORIENTED_EDGE('',*,*,#6510,.F.);
#9216=ORIENTED_EDGE('',*,*,#6494,.T.);
#9217=ORIENTED_EDGE('',*,*,#6498,.F.);
#9218=ORIENTED_EDGE('',*,*,#6504,.F.);
#9219=ORIENTED_EDGE('',*,*,#6469,.T.);
#9220=ORIENTED_EDGE('',*,*,#6506,.F.);
#9221=ORIENTED_EDGE('',*,*,#6511,.F.);
#9222=ORIENTED_EDGE('',*,*,#6486,.T.);
#9223=ORIENTED_EDGE('',*,*,#6465,.T.);
#9224=ORIENTED_EDGE('',*,*,#6492,.F.);
#9225=ORIENTED_EDGE('',*,*,#6512,.F.);
#9226=ORIENTED_EDGE('',*,*,#6499,.T.);
#9227=ORIENTED_EDGE('',*,*,#6487,.T.);
#9228=ORIENTED_EDGE('',*,*,#6511,.T.);
#9229=ORIENTED_EDGE('',*,*,#6505,.T.);
#9230=ORIENTED_EDGE('',*,*,#6500,.T.);
#9231=ORIENTED_EDGE('',*,*,#6512,.T.);
#9232=ORIENTED_EDGE('',*,*,#6491,.T.);
#9233=ORIENTED_EDGE('',*,*,#6510,.T.);
#9234=ORIENTED_EDGE('',*,*,#6503,.F.);
#9235=ORIENTED_EDGE('',*,*,#6513,.F.);
#9236=ORIENTED_EDGE('',*,*,#6495,.T.);
#9237=ORIENTED_EDGE('',*,*,#6455,.T.);
#9238=ORIENTED_EDGE('',*,*,#6490,.F.);
#9239=ORIENTED_EDGE('',*,*,#6514,.F.);
#9240=ORIENTED_EDGE('',*,*,#6508,.T.);
#9241=ORIENTED_EDGE('',*,*,#6489,.T.);
#9242=ORIENTED_EDGE('',*,*,#6496,.T.);
#9243=ORIENTED_EDGE('',*,*,#6513,.T.);
#9244=ORIENTED_EDGE('',*,*,#6502,.T.);
#9245=ORIENTED_EDGE('',*,*,#6509,.T.);
#9246=ORIENTED_EDGE('',*,*,#6514,.T.);
#9247=ORIENTED_EDGE('',*,*,#6515,.F.);
#9248=ORIENTED_EDGE('',*,*,#6516,.T.);
#9249=ORIENTED_EDGE('',*,*,#6517,.T.);
#9250=ORIENTED_EDGE('',*,*,#6518,.F.);
#9251=ORIENTED_EDGE('',*,*,#6519,.F.);
#9252=ORIENTED_EDGE('',*,*,#6520,.T.);
#9253=ORIENTED_EDGE('',*,*,#6521,.F.);
#9254=ORIENTED_EDGE('',*,*,#6522,.F.);
#9255=ORIENTED_EDGE('',*,*,#6523,.F.);
#9256=ORIENTED_EDGE('',*,*,#6524,.F.);
#9257=ORIENTED_EDGE('',*,*,#6525,.T.);
#9258=ORIENTED_EDGE('',*,*,#6526,.T.);
#9259=ORIENTED_EDGE('',*,*,#6527,.T.);
#9260=ORIENTED_EDGE('',*,*,#6528,.F.);
#9261=ORIENTED_EDGE('',*,*,#6529,.F.);
#9262=ORIENTED_EDGE('',*,*,#6530,.T.);
#9263=ORIENTED_EDGE('',*,*,#6531,.F.);
#9264=ORIENTED_EDGE('',*,*,#6532,.F.);
#9265=ORIENTED_EDGE('',*,*,#6530,.F.);
#9266=ORIENTED_EDGE('',*,*,#6533,.F.);
#9267=ORIENTED_EDGE('',*,*,#6534,.F.);
#9268=ORIENTED_EDGE('',*,*,#6535,.F.);
#9269=ORIENTED_EDGE('',*,*,#6536,.F.);
#9270=ORIENTED_EDGE('',*,*,#6537,.T.);
#9271=ORIENTED_EDGE('',*,*,#6518,.T.);
#9272=ORIENTED_EDGE('',*,*,#6538,.T.);
#9273=ORIENTED_EDGE('',*,*,#6535,.T.);
#9274=ORIENTED_EDGE('',*,*,#6539,.F.);
#9275=ORIENTED_EDGE('',*,*,#6540,.T.);
#9276=ORIENTED_EDGE('',*,*,#6528,.T.);
#9277=ORIENTED_EDGE('',*,*,#6541,.F.);
#9278=ORIENTED_EDGE('',*,*,#6542,.F.);
#9279=ORIENTED_EDGE('',*,*,#6543,.F.);
#9280=ORIENTED_EDGE('',*,*,#6544,.F.);
#9281=ORIENTED_EDGE('',*,*,#6527,.F.);
#9282=ORIENTED_EDGE('',*,*,#6545,.F.);
#9283=ORIENTED_EDGE('',*,*,#6546,.T.);
#9284=ORIENTED_EDGE('',*,*,#6541,.T.);
#9285=ORIENTED_EDGE('',*,*,#6526,.F.);
#9286=ORIENTED_EDGE('',*,*,#6547,.F.);
#9287=ORIENTED_EDGE('',*,*,#6548,.T.);
#9288=ORIENTED_EDGE('',*,*,#6545,.T.);
#9289=ORIENTED_EDGE('',*,*,#6525,.F.);
#9290=ORIENTED_EDGE('',*,*,#6549,.F.);
#9291=ORIENTED_EDGE('',*,*,#6550,.T.);
#9292=ORIENTED_EDGE('',*,*,#6547,.T.);
#9293=ORIENTED_EDGE('',*,*,#6524,.T.);
#9294=ORIENTED_EDGE('',*,*,#6551,.F.);
#9295=ORIENTED_EDGE('',*,*,#6552,.F.);
#9296=ORIENTED_EDGE('',*,*,#6549,.T.);
#9297=ORIENTED_EDGE('',*,*,#6523,.T.);
#9298=ORIENTED_EDGE('',*,*,#6553,.F.);
#9299=ORIENTED_EDGE('',*,*,#6554,.F.);
#9300=ORIENTED_EDGE('',*,*,#6551,.T.);
#9301=ORIENTED_EDGE('',*,*,#6522,.T.);
#9302=ORIENTED_EDGE('',*,*,#6555,.F.);
#9303=ORIENTED_EDGE('',*,*,#6556,.F.);
#9304=ORIENTED_EDGE('',*,*,#6553,.T.);
#9305=ORIENTED_EDGE('',*,*,#6521,.T.);
#9306=ORIENTED_EDGE('',*,*,#6557,.F.);
#9307=ORIENTED_EDGE('',*,*,#6558,.F.);
#9308=ORIENTED_EDGE('',*,*,#6555,.T.);
#9309=ORIENTED_EDGE('',*,*,#6520,.F.);
#9310=ORIENTED_EDGE('',*,*,#6559,.F.);
#9311=ORIENTED_EDGE('',*,*,#6560,.F.);
#9312=ORIENTED_EDGE('',*,*,#6561,.F.);
#9313=ORIENTED_EDGE('',*,*,#6562,.F.);
#9314=ORIENTED_EDGE('',*,*,#6563,.T.);
#9315=ORIENTED_EDGE('',*,*,#6564,.T.);
#9316=ORIENTED_EDGE('',*,*,#6557,.T.);
#9317=ORIENTED_EDGE('',*,*,#6561,.T.);
#9318=ORIENTED_EDGE('',*,*,#6565,.F.);
#9319=ORIENTED_EDGE('',*,*,#6566,.T.);
#9320=ORIENTED_EDGE('',*,*,#6532,.T.);
#9321=ORIENTED_EDGE('',*,*,#6567,.F.);
#9322=ORIENTED_EDGE('',*,*,#6516,.F.);
#9323=ORIENTED_EDGE('',*,*,#6568,.F.);
#9324=ORIENTED_EDGE('',*,*,#6569,.F.);
#9325=ORIENTED_EDGE('',*,*,#6531,.T.);
#9326=ORIENTED_EDGE('',*,*,#6538,.F.);
#9327=ORIENTED_EDGE('',*,*,#6517,.F.);
#9328=ORIENTED_EDGE('',*,*,#6567,.T.);
#9329=ORIENTED_EDGE('',*,*,#6570,.F.);
#9330=ORIENTED_EDGE('',*,*,#6542,.T.);
#9331=ORIENTED_EDGE('',*,*,#6546,.F.);
#9332=ORIENTED_EDGE('',*,*,#6548,.F.);
#9333=ORIENTED_EDGE('',*,*,#6550,.F.);
#9334=ORIENTED_EDGE('',*,*,#6552,.T.);
#9335=ORIENTED_EDGE('',*,*,#6554,.T.);
#9336=ORIENTED_EDGE('',*,*,#6556,.T.);
#9337=ORIENTED_EDGE('',*,*,#6558,.T.);
#9338=ORIENTED_EDGE('',*,*,#6564,.F.);
#9339=ORIENTED_EDGE('',*,*,#6529,.T.);
#9340=ORIENTED_EDGE('',*,*,#6566,.F.);
#9341=ORIENTED_EDGE('',*,*,#6571,.F.);
#9342=ORIENTED_EDGE('',*,*,#6533,.T.);
#9343=ORIENTED_EDGE('',*,*,#6519,.T.);
#9344=ORIENTED_EDGE('',*,*,#6540,.F.);
#9345=ORIENTED_EDGE('',*,*,#6572,.F.);
#9346=ORIENTED_EDGE('',*,*,#6559,.T.);
#9347=ORIENTED_EDGE('',*,*,#6539,.T.);
#9348=ORIENTED_EDGE('',*,*,#6534,.T.);
#9349=ORIENTED_EDGE('',*,*,#6571,.T.);
#9350=ORIENTED_EDGE('',*,*,#6565,.T.);
#9351=ORIENTED_EDGE('',*,*,#6560,.T.);
#9352=ORIENTED_EDGE('',*,*,#6572,.T.);
#9353=ORIENTED_EDGE('',*,*,#6570,.T.);
#9354=ORIENTED_EDGE('',*,*,#6563,.F.);
#9355=ORIENTED_EDGE('',*,*,#6573,.F.);
#9356=ORIENTED_EDGE('',*,*,#6543,.T.);
#9357=ORIENTED_EDGE('',*,*,#6515,.T.);
#9358=ORIENTED_EDGE('',*,*,#6537,.F.);
#9359=ORIENTED_EDGE('',*,*,#6574,.F.);
#9360=ORIENTED_EDGE('',*,*,#6568,.T.);
#9361=ORIENTED_EDGE('',*,*,#6544,.T.);
#9362=ORIENTED_EDGE('',*,*,#6573,.T.);
#9363=ORIENTED_EDGE('',*,*,#6562,.T.);
#9364=ORIENTED_EDGE('',*,*,#6569,.T.);
#9365=ORIENTED_EDGE('',*,*,#6574,.T.);
#9366=ORIENTED_EDGE('',*,*,#6536,.T.);
#9367=ORIENTED_EDGE('',*,*,#6575,.F.);
#9368=ORIENTED_EDGE('',*,*,#6576,.T.);
#9369=ORIENTED_EDGE('',*,*,#6577,.F.);
#9370=ORIENTED_EDGE('',*,*,#6578,.F.);
#9371=ORIENTED_EDGE('',*,*,#6579,.F.);
#9372=ORIENTED_EDGE('',*,*,#6580,.F.);
#9373=ORIENTED_EDGE('',*,*,#6581,.T.);
#9374=ORIENTED_EDGE('',*,*,#6582,.T.);
#9375=ORIENTED_EDGE('',*,*,#6583,.T.);
#9376=ORIENTED_EDGE('',*,*,#6584,.F.);
#9377=ORIENTED_EDGE('',*,*,#6585,.F.);
#9378=ORIENTED_EDGE('',*,*,#6586,.T.);
#9379=ORIENTED_EDGE('',*,*,#6587,.T.);
#9380=ORIENTED_EDGE('',*,*,#6588,.F.);
#9381=ORIENTED_EDGE('',*,*,#6589,.F.);
#9382=ORIENTED_EDGE('',*,*,#6590,.T.);
#9383=ORIENTED_EDGE('',*,*,#6591,.F.);
#9384=ORIENTED_EDGE('',*,*,#6592,.F.);
#9385=ORIENTED_EDGE('',*,*,#6593,.F.);
#9386=ORIENTED_EDGE('',*,*,#6594,.T.);
#9387=ORIENTED_EDGE('',*,*,#6595,.T.);
#9388=ORIENTED_EDGE('',*,*,#6596,.T.);
#9389=ORIENTED_EDGE('',*,*,#6597,.T.);
#9390=ORIENTED_EDGE('',*,*,#6598,.F.);
#9391=ORIENTED_EDGE('',*,*,#6596,.F.);
#9392=ORIENTED_EDGE('',*,*,#6599,.F.);
#9393=ORIENTED_EDGE('',*,*,#6578,.T.);
#9394=ORIENTED_EDGE('',*,*,#6600,.T.);
#9395=ORIENTED_EDGE('',*,*,#6595,.F.);
#9396=ORIENTED_EDGE('',*,*,#6601,.F.);
#9397=ORIENTED_EDGE('',*,*,#6579,.T.);
#9398=ORIENTED_EDGE('',*,*,#6599,.T.);
#9399=ORIENTED_EDGE('',*,*,#6594,.F.);
#9400=ORIENTED_EDGE('',*,*,#6602,.F.);
#9401=ORIENTED_EDGE('',*,*,#6580,.T.);
#9402=ORIENTED_EDGE('',*,*,#6601,.T.);
#9403=ORIENTED_EDGE('',*,*,#6593,.T.);
#9404=ORIENTED_EDGE('',*,*,#6603,.F.);
#9405=ORIENTED_EDGE('',*,*,#6581,.F.);
#9406=ORIENTED_EDGE('',*,*,#6602,.T.);
#9407=ORIENTED_EDGE('',*,*,#6592,.T.);
#9408=ORIENTED_EDGE('',*,*,#6604,.F.);
#9409=ORIENTED_EDGE('',*,*,#6582,.F.);
#9410=ORIENTED_EDGE('',*,*,#6603,.T.);
#9411=ORIENTED_EDGE('',*,*,#6591,.T.);
#9412=ORIENTED_EDGE('',*,*,#6605,.F.);
#9413=ORIENTED_EDGE('',*,*,#6583,.F.);
#9414=ORIENTED_EDGE('',*,*,#6604,.T.);
#9415=ORIENTED_EDGE('',*,*,#6590,.F.);
#9416=ORIENTED_EDGE('',*,*,#6606,.F.);
#9417=ORIENTED_EDGE('',*,*,#6607,.F.);
#9418=ORIENTED_EDGE('',*,*,#6608,.F.);
#9419=ORIENTED_EDGE('',*,*,#6609,.F.);
#9420=ORIENTED_EDGE('',*,*,#6610,.T.);
#9421=ORIENTED_EDGE('',*,*,#6584,.T.);
#9422=ORIENTED_EDGE('',*,*,#6605,.T.);
#9423=ORIENTED_EDGE('',*,*,#6608,.T.);
#9424=ORIENTED_EDGE('',*,*,#6611,.F.);
#9425=ORIENTED_EDGE('',*,*,#6612,.T.);
#9426=ORIENTED_EDGE('',*,*,#6588,.T.);
#9427=ORIENTED_EDGE('',*,*,#6613,.F.);
#9428=ORIENTED_EDGE('',*,*,#6614,.F.);
#9429=ORIENTED_EDGE('',*,*,#6615,.F.);
#9430=ORIENTED_EDGE('',*,*,#6616,.F.);
#9431=ORIENTED_EDGE('',*,*,#6587,.F.);
#9432=ORIENTED_EDGE('',*,*,#6617,.F.);
#9433=ORIENTED_EDGE('',*,*,#6618,.T.);
#9434=ORIENTED_EDGE('',*,*,#6613,.T.);
#9435=ORIENTED_EDGE('',*,*,#6586,.F.);
#9436=ORIENTED_EDGE('',*,*,#6619,.F.);
#9437=ORIENTED_EDGE('',*,*,#6620,.F.);
#9438=ORIENTED_EDGE('',*,*,#6621,.F.);
#9439=ORIENTED_EDGE('',*,*,#6622,.F.);
#9440=ORIENTED_EDGE('',*,*,#6623,.T.);
#9441=ORIENTED_EDGE('',*,*,#6624,.T.);
#9442=ORIENTED_EDGE('',*,*,#6617,.T.);
#9443=ORIENTED_EDGE('',*,*,#6621,.T.);
#9444=ORIENTED_EDGE('',*,*,#6625,.F.);
#9445=ORIENTED_EDGE('',*,*,#6626,.T.);
#9446=ORIENTED_EDGE('',*,*,#6598,.T.);
#9447=ORIENTED_EDGE('',*,*,#6627,.F.);
#9448=ORIENTED_EDGE('',*,*,#6576,.F.);
#9449=ORIENTED_EDGE('',*,*,#6628,.F.);
#9450=ORIENTED_EDGE('',*,*,#6629,.F.);
#9451=ORIENTED_EDGE('',*,*,#6597,.F.);
#9452=ORIENTED_EDGE('',*,*,#6600,.F.);
#9453=ORIENTED_EDGE('',*,*,#6577,.T.);
#9454=ORIENTED_EDGE('',*,*,#6627,.T.);
#9455=ORIENTED_EDGE('',*,*,#6630,.F.);
#9456=ORIENTED_EDGE('',*,*,#6614,.T.);
#9457=ORIENTED_EDGE('',*,*,#6618,.F.);
#9458=ORIENTED_EDGE('',*,*,#6624,.F.);
#9459=ORIENTED_EDGE('',*,*,#6589,.T.);
#9460=ORIENTED_EDGE('',*,*,#6626,.F.);
#9461=ORIENTED_EDGE('',*,*,#6631,.F.);
#9462=ORIENTED_EDGE('',*,*,#6606,.T.);
#9463=ORIENTED_EDGE('',*,*,#6585,.T.);
#9464=ORIENTED_EDGE('',*,*,#6612,.F.);
#9465=ORIENTED_EDGE('',*,*,#6632,.F.);
#9466=ORIENTED_EDGE('',*,*,#6619,.T.);
#9467=ORIENTED_EDGE('',*,*,#6607,.T.);
#9468=ORIENTED_EDGE('',*,*,#6631,.T.);
#9469=ORIENTED_EDGE('',*,*,#6625,.T.);
#9470=ORIENTED_EDGE('',*,*,#6620,.T.);
#9471=ORIENTED_EDGE('',*,*,#6632,.T.);
#9472=ORIENTED_EDGE('',*,*,#6611,.T.);
#9473=ORIENTED_EDGE('',*,*,#6630,.T.);
#9474=ORIENTED_EDGE('',*,*,#6623,.F.);
#9475=ORIENTED_EDGE('',*,*,#6633,.F.);
#9476=ORIENTED_EDGE('',*,*,#6615,.T.);
#9477=ORIENTED_EDGE('',*,*,#6575,.T.);
#9478=ORIENTED_EDGE('',*,*,#6610,.F.);
#9479=ORIENTED_EDGE('',*,*,#6634,.F.);
#9480=ORIENTED_EDGE('',*,*,#6628,.T.);
#9481=ORIENTED_EDGE('',*,*,#6609,.T.);
#9482=ORIENTED_EDGE('',*,*,#6616,.T.);
#9483=ORIENTED_EDGE('',*,*,#6633,.T.);
#9484=ORIENTED_EDGE('',*,*,#6622,.T.);
#9485=ORIENTED_EDGE('',*,*,#6629,.T.);
#9486=ORIENTED_EDGE('',*,*,#6634,.T.);
#9487=CYLINDRICAL_SURFACE('',#10135,0.4);
#9488=CYLINDRICAL_SURFACE('',#10174,1.5);
#9489=CYLINDRICAL_SURFACE('',#10176,0.400000000000001);
#9490=CYLINDRICAL_SURFACE('',#10286,0.077781491039872);
#9491=CYLINDRICAL_SURFACE('',#10292,0.0327143802932703);
#9492=CYLINDRICAL_SURFACE('',#10298,0.0863013685111032);
#9493=CYLINDRICAL_SURFACE('',#10303,0.177555801150745);
#9494=CYLINDRICAL_SURFACE('',#10334,0.73);
#9495=CYLINDRICAL_SURFACE('',#10339,0.23);
#9496=CYLINDRICAL_SURFACE('',#10344,0.730000000000001);
#9497=CYLINDRICAL_SURFACE('',#10347,0.23);
#9498=CYLINDRICAL_SURFACE('',#10371,0.730000000000001);
#9499=CYLINDRICAL_SURFACE('',#10375,0.23);
#9500=CYLINDRICAL_SURFACE('',#10377,0.73);
#9501=CYLINDRICAL_SURFACE('',#10383,0.23);
#9502=CYLINDRICAL_SURFACE('',#10402,0.73);
#9503=CYLINDRICAL_SURFACE('',#10407,0.23);
#9504=CYLINDRICAL_SURFACE('',#10412,0.730000000000001);
#9505=CYLINDRICAL_SURFACE('',#10415,0.23);
#9506=CYLINDRICAL_SURFACE('',#10439,0.730000000000001);
#9507=CYLINDRICAL_SURFACE('',#10443,0.23);
#9508=CYLINDRICAL_SURFACE('',#10445,0.73);
#9509=CYLINDRICAL_SURFACE('',#10451,0.23);
#9510=CYLINDRICAL_SURFACE('',#10470,0.73);
#9511=CYLINDRICAL_SURFACE('',#10475,0.23);
#9512=CYLINDRICAL_SURFACE('',#10480,0.730000000000001);
#9513=CYLINDRICAL_SURFACE('',#10483,0.23);
#9514=CYLINDRICAL_SURFACE('',#10507,0.730000000000001);
#9515=CYLINDRICAL_SURFACE('',#10511,0.23);
#9516=CYLINDRICAL_SURFACE('',#10513,0.73);
#9517=CYLINDRICAL_SURFACE('',#10519,0.23);
#9518=CYLINDRICAL_SURFACE('',#10538,0.73);
#9519=CYLINDRICAL_SURFACE('',#10543,0.23);
#9520=CYLINDRICAL_SURFACE('',#10548,0.730000000000001);
#9521=CYLINDRICAL_SURFACE('',#10551,0.23);
#9522=CYLINDRICAL_SURFACE('',#10575,0.730000000000001);
#9523=CYLINDRICAL_SURFACE('',#10579,0.23);
#9524=CYLINDRICAL_SURFACE('',#10581,0.73);
#9525=CYLINDRICAL_SURFACE('',#10587,0.23);
#9526=CYLINDRICAL_SURFACE('',#10606,0.73);
#9527=CYLINDRICAL_SURFACE('',#10611,0.23);
#9528=CYLINDRICAL_SURFACE('',#10616,0.730000000000001);
#9529=CYLINDRICAL_SURFACE('',#10619,0.23);
#9530=CYLINDRICAL_SURFACE('',#10643,0.730000000000001);
#9531=CYLINDRICAL_SURFACE('',#10647,0.23);
#9532=CYLINDRICAL_SURFACE('',#10649,0.73);
#9533=CYLINDRICAL_SURFACE('',#10655,0.23);
#9534=CYLINDRICAL_SURFACE('',#10674,0.73);
#9535=CYLINDRICAL_SURFACE('',#10679,0.23);
#9536=CYLINDRICAL_SURFACE('',#10684,0.730000000000001);
#9537=CYLINDRICAL_SURFACE('',#10687,0.23);
#9538=CYLINDRICAL_SURFACE('',#10711,0.730000000000001);
#9539=CYLINDRICAL_SURFACE('',#10715,0.23);
#9540=CYLINDRICAL_SURFACE('',#10717,0.73);
#9541=CYLINDRICAL_SURFACE('',#10723,0.23);
#9542=CYLINDRICAL_SURFACE('',#10742,0.73);
#9543=CYLINDRICAL_SURFACE('',#10747,0.23);
#9544=CYLINDRICAL_SURFACE('',#10752,0.730000000000001);
#9545=CYLINDRICAL_SURFACE('',#10755,0.23);
#9546=CYLINDRICAL_SURFACE('',#10779,0.730000000000001);
#9547=CYLINDRICAL_SURFACE('',#10783,0.23);
#9548=CYLINDRICAL_SURFACE('',#10785,0.73);
#9549=CYLINDRICAL_SURFACE('',#10791,0.23);
#9550=CYLINDRICAL_SURFACE('',#10810,0.73);
#9551=CYLINDRICAL_SURFACE('',#10815,0.23);
#9552=CYLINDRICAL_SURFACE('',#10820,0.730000000000001);
#9553=CYLINDRICAL_SURFACE('',#10823,0.23);
#9554=CYLINDRICAL_SURFACE('',#10847,0.730000000000001);
#9555=CYLINDRICAL_SURFACE('',#10851,0.23);
#9556=CYLINDRICAL_SURFACE('',#10853,0.73);
#9557=CYLINDRICAL_SURFACE('',#10859,0.23);
#9558=ADVANCED_FACE('',(#596),#9487,.T.);
#9559=ADVANCED_FACE('',(#597),#141,.T.);
#9560=ADVANCED_FACE('',(#598),#142,.F.);
#9561=ADVANCED_FACE('',(#599),#143,.T.);
#9562=ADVANCED_FACE('',(#600),#144,.T.);
#9563=ADVANCED_FACE('',(#601),#145,.T.);
#9564=ADVANCED_FACE('',(#602),#146,.T.);
#9565=ADVANCED_FACE('',(#603),#147,.T.);
#9566=ADVANCED_FACE('',(#604),#148,.T.);
#9567=ADVANCED_FACE('',(#605),#149,.T.);
#9568=ADVANCED_FACE('',(#606),#150,.T.);
#9569=ADVANCED_FACE('',(#607),#151,.T.);
#9570=ADVANCED_FACE('',(#608),#152,.T.);
#9571=ADVANCED_FACE('',(#609),#153,.T.);
#9572=ADVANCED_FACE('',(#610),#154,.T.);
#9573=ADVANCED_FACE('',(#611),#155,.T.);
#9574=ADVANCED_FACE('',(#612),#156,.T.);
#9575=ADVANCED_FACE('',(#613),#157,.T.);
#9576=ADVANCED_FACE('',(#614),#158,.T.);
#9577=ADVANCED_FACE('',(#615),#159,.T.);
#9578=ADVANCED_FACE('',(#616),#160,.T.);
#9579=ADVANCED_FACE('',(#617),#161,.T.);
#9580=ADVANCED_FACE('',(#618),#162,.T.);
#9581=ADVANCED_FACE('',(#619),#163,.T.);
#9582=ADVANCED_FACE('',(#620),#164,.T.);
#9583=ADVANCED_FACE('',(#621),#165,.T.);
#9584=ADVANCED_FACE('',(#622),#166,.T.);
#9585=ADVANCED_FACE('',(#623),#167,.T.);
#9586=ADVANCED_FACE('',(#624),#168,.T.);
#9587=ADVANCED_FACE('',(#625),#169,.T.);
#9588=ADVANCED_FACE('',(#626),#170,.T.);
#9589=ADVANCED_FACE('',(#627),#171,.T.);
#9590=ADVANCED_FACE('',(#628),#172,.F.);
#9591=ADVANCED_FACE('',(#629),#78,.F.);
#9592=ADVANCED_FACE('',(#630),#9488,.F.);
#9593=ADVANCED_FACE('',(#631),#9489,.F.);
#9594=ADVANCED_FACE('',(#632,#72),#173,.F.);
#9595=ADVANCED_FACE('',(#633),#174,.F.);
#9596=ADVANCED_FACE('',(#634),#175,.F.);
#9597=ADVANCED_FACE('',(#635),#176,.F.);
#9598=ADVANCED_FACE('',(#636),#177,.F.);
#9599=ADVANCED_FACE('',(#637),#178,.F.);
#9600=ADVANCED_FACE('',(#638),#179,.T.);
#9601=ADVANCED_FACE('',(#639),#180,.T.);
#9602=ADVANCED_FACE('',(#640,#73),#181,.T.);
#9603=ADVANCED_FACE('',(#641),#182,.T.);
#9604=ADVANCED_FACE('',(#642),#183,.T.);
#9605=ADVANCED_FACE('',(#643),#184,.T.);
#9606=ADVANCED_FACE('',(#644),#185,.F.);
#9607=ADVANCED_FACE('',(#645),#186,.T.);
#9608=ADVANCED_FACE('',(#646),#187,.T.);
#9609=ADVANCED_FACE('',(#647),#188,.F.);
#9610=ADVANCED_FACE('',(#648),#189,.T.);
#9611=ADVANCED_FACE('',(#649),#190,.F.);
#9612=ADVANCED_FACE('',(#650),#191,.T.);
#9613=ADVANCED_FACE('',(#651),#192,.F.);
#9614=ADVANCED_FACE('',(#652),#193,.F.);
#9615=ADVANCED_FACE('',(#653),#194,.F.);
#9616=ADVANCED_FACE('',(#654),#195,.F.);
#9617=ADVANCED_FACE('',(#655),#196,.F.);
#9618=ADVANCED_FACE('',(#656),#197,.F.);
#9619=ADVANCED_FACE('',(#657),#198,.F.);
#9620=ADVANCED_FACE('',(#658),#199,.F.);
#9621=ADVANCED_FACE('',(#659),#200,.F.);
#9622=ADVANCED_FACE('',(#660),#201,.F.);
#9623=ADVANCED_FACE('',(#661),#202,.F.);
#9624=ADVANCED_FACE('',(#662),#203,.F.);
#9625=ADVANCED_FACE('',(#663),#204,.F.);
#9626=ADVANCED_FACE('',(#664),#205,.F.);
#9627=ADVANCED_FACE('',(#665),#206,.F.);
#9628=ADVANCED_FACE('',(#666),#207,.F.);
#9629=ADVANCED_FACE('',(#667),#208,.F.);
#9630=ADVANCED_FACE('',(#668),#209,.F.);
#9631=ADVANCED_FACE('',(#669),#210,.F.);
#9632=ADVANCED_FACE('',(#670),#211,.F.);
#9633=ADVANCED_FACE('',(#671),#212,.F.);
#9634=ADVANCED_FACE('',(#672),#213,.F.);
#9635=ADVANCED_FACE('',(#673),#214,.F.);
#9636=ADVANCED_FACE('',(#674),#215,.F.);
#9637=ADVANCED_FACE('',(#675),#216,.T.);
#9638=ADVANCED_FACE('',(#676,#74),#217,.T.);
#9639=ADVANCED_FACE('',(#677,#75),#218,.F.);
#9640=ADVANCED_FACE('',(#678),#18,.F.);
#9641=ADVANCED_FACE('',(#679),#219,.F.);
#9642=ADVANCED_FACE('',(#680),#19,.F.);
#9643=ADVANCED_FACE('',(#681),#220,.F.);
#9644=ADVANCED_FACE('',(#682),#20,.T.);
#9645=ADVANCED_FACE('',(#683),#221,.T.);
#9646=ADVANCED_FACE('',(#684),#21,.T.);
#9647=ADVANCED_FACE('',(#685),#222,.T.);
#9648=ADVANCED_FACE('',(#686,#76),#223,.F.);
#9649=ADVANCED_FACE('',(#687,#77),#224,.T.);
#9650=ADVANCED_FACE('',(#688),#22,.F.);
#9651=ADVANCED_FACE('',(#689),#225,.F.);
#9652=ADVANCED_FACE('',(#690),#226,.F.);
#9653=ADVANCED_FACE('',(#691),#227,.F.);
#9654=ADVANCED_FACE('',(#692),#23,.F.);
#9655=ADVANCED_FACE('',(#693),#228,.F.);
#9656=ADVANCED_FACE('',(#694),#24,.F.);
#9657=ADVANCED_FACE('',(#695),#229,.F.);
#9658=ADVANCED_FACE('',(#696),#230,.F.);
#9659=ADVANCED_FACE('',(#697),#25,.T.);
#9660=ADVANCED_FACE('',(#698),#231,.T.);
#9661=ADVANCED_FACE('',(#699),#232,.T.);
#9662=ADVANCED_FACE('',(#700),#233,.T.);
#9663=ADVANCED_FACE('',(#701),#26,.F.);
#9664=ADVANCED_FACE('',(#702),#234,.F.);
#9665=ADVANCED_FACE('',(#703),#235,.F.);
#9666=ADVANCED_FACE('',(#704),#236,.F.);
#9667=ADVANCED_FACE('',(#705),#237,.F.);
#9668=ADVANCED_FACE('',(#706),#238,.F.);
#9669=ADVANCED_FACE('',(#707),#239,.F.);
#9670=ADVANCED_FACE('',(#708),#240,.F.);
#9671=ADVANCED_FACE('',(#709),#241,.F.);
#9672=ADVANCED_FACE('',(#710),#242,.F.);
#9673=ADVANCED_FACE('',(#711),#243,.F.);
#9674=ADVANCED_FACE('',(#712),#244,.F.);
#9675=ADVANCED_FACE('',(#713),#27,.F.);
#9676=ADVANCED_FACE('',(#714),#245,.F.);
#9677=ADVANCED_FACE('',(#715),#246,.F.);
#9678=ADVANCED_FACE('',(#716),#247,.T.);
#9679=ADVANCED_FACE('',(#717),#28,.F.);
#9680=ADVANCED_FACE('',(#718),#248,.F.);
#9681=ADVANCED_FACE('',(#719),#249,.F.);
#9682=ADVANCED_FACE('',(#720),#250,.F.);
#9683=ADVANCED_FACE('',(#721),#251,.F.);
#9684=ADVANCED_FACE('',(#722),#252,.F.);
#9685=ADVANCED_FACE('',(#723),#29,.F.);
#9686=ADVANCED_FACE('',(#724),#253,.F.);
#9687=ADVANCED_FACE('',(#725),#254,.F.);
#9688=ADVANCED_FACE('',(#726),#255,.F.);
#9689=ADVANCED_FACE('',(#727),#256,.F.);
#9690=ADVANCED_FACE('',(#728),#257,.T.);
#9691=ADVANCED_FACE('',(#729),#30,.F.);
#9692=ADVANCED_FACE('',(#730),#258,.F.);
#9693=ADVANCED_FACE('',(#731),#259,.F.);
#9694=ADVANCED_FACE('',(#732),#260,.F.);
#9695=ADVANCED_FACE('',(#733),#261,.F.);
#9696=ADVANCED_FACE('',(#734),#262,.F.);
#9697=ADVANCED_FACE('',(#735),#31,.F.);
#9698=ADVANCED_FACE('',(#736),#263,.F.);
#9699=ADVANCED_FACE('',(#737),#264,.F.);
#9700=ADVANCED_FACE('',(#738),#265,.F.);
#9701=ADVANCED_FACE('',(#739),#266,.F.);
#9702=ADVANCED_FACE('',(#740),#267,.T.);
#9703=ADVANCED_FACE('',(#741),#32,.F.);
#9704=ADVANCED_FACE('',(#742),#268,.F.);
#9705=ADVANCED_FACE('',(#743),#269,.F.);
#9706=ADVANCED_FACE('',(#744),#270,.F.);
#9707=ADVANCED_FACE('',(#745),#271,.F.);
#9708=ADVANCED_FACE('',(#746),#272,.F.);
#9709=ADVANCED_FACE('',(#747),#33,.F.);
#9710=ADVANCED_FACE('',(#748),#273,.F.);
#9711=ADVANCED_FACE('',(#749),#274,.F.);
#9712=ADVANCED_FACE('',(#750),#275,.F.);
#9713=ADVANCED_FACE('',(#751),#276,.F.);
#9714=ADVANCED_FACE('',(#752),#277,.T.);
#9715=ADVANCED_FACE('',(#753),#34,.F.);
#9716=ADVANCED_FACE('',(#754),#278,.F.);
#9717=ADVANCED_FACE('',(#755),#35,.F.);
#9718=ADVANCED_FACE('',(#756),#279,.F.);
#9719=ADVANCED_FACE('',(#757),#9490,.T.);
#9720=ADVANCED_FACE('',(#758),#280,.F.);
#9721=ADVANCED_FACE('',(#759),#281,.F.);
#9722=ADVANCED_FACE('',(#760),#282,.F.);
#9723=ADVANCED_FACE('',(#761),#9491,.F.);
#9724=ADVANCED_FACE('',(#762),#283,.F.);
#9725=ADVANCED_FACE('',(#763),#284,.T.);
#9726=ADVANCED_FACE('',(#764),#285,.F.);
#9727=ADVANCED_FACE('',(#765),#9492,.T.);
#9728=ADVANCED_FACE('',(#766),#286,.T.);
#9729=ADVANCED_FACE('',(#767),#287,.F.);
#9730=ADVANCED_FACE('',(#768),#9493,.T.);
#9731=ADVANCED_FACE('',(#769),#288,.T.);
#9732=ADVANCED_FACE('',(#770),#289,.F.);
#9733=ADVANCED_FACE('',(#771),#290,.F.);
#9734=ADVANCED_FACE('',(#772),#291,.F.);
#9735=ADVANCED_FACE('',(#773),#292,.F.);
#9736=ADVANCED_FACE('',(#774),#293,.F.);
#9737=ADVANCED_FACE('',(#775),#294,.T.);
#9738=ADVANCED_FACE('',(#776),#295,.F.);
#9739=ADVANCED_FACE('',(#777),#296,.F.);
#9740=ADVANCED_FACE('',(#778),#297,.F.);
#9741=ADVANCED_FACE('',(#779),#298,.F.);
#9742=ADVANCED_FACE('',(#780),#299,.F.);
#9743=ADVANCED_FACE('',(#781),#300,.T.);
#9744=ADVANCED_FACE('',(#782),#301,.F.);
#9745=ADVANCED_FACE('',(#783),#302,.F.);
#9746=ADVANCED_FACE('',(#784),#303,.F.);
#9747=ADVANCED_FACE('',(#785),#304,.F.);
#9748=ADVANCED_FACE('',(#786),#305,.F.);
#9749=ADVANCED_FACE('',(#787),#306,.T.);
#9750=ADVANCED_FACE('',(#788),#307,.F.);
#9751=ADVANCED_FACE('',(#789),#308,.T.);
#9752=ADVANCED_FACE('',(#790),#309,.F.);
#9753=ADVANCED_FACE('',(#791),#310,.F.);
#9754=ADVANCED_FACE('',(#792),#311,.T.);
#9755=ADVANCED_FACE('',(#793),#9494,.T.);
#9756=ADVANCED_FACE('',(#794),#312,.T.);
#9757=ADVANCED_FACE('',(#795),#9495,.F.);
#9758=ADVANCED_FACE('',(#796),#313,.T.);
#9759=ADVANCED_FACE('',(#797),#314,.F.);
#9760=ADVANCED_FACE('',(#798),#315,.F.);
#9761=ADVANCED_FACE('',(#799),#9496,.T.);
#9762=ADVANCED_FACE('',(#800),#316,.F.);
#9763=ADVANCED_FACE('',(#801),#9497,.F.);
#9764=ADVANCED_FACE('',(#802),#317,.F.);
#9765=ADVANCED_FACE('',(#803),#318,.F.);
#9766=ADVANCED_FACE('',(#804),#319,.T.);
#9767=ADVANCED_FACE('',(#805),#320,.F.);
#9768=ADVANCED_FACE('',(#806),#321,.F.);
#9769=ADVANCED_FACE('',(#807),#322,.T.);
#9770=ADVANCED_FACE('',(#808),#323,.F.);
#9771=ADVANCED_FACE('',(#809),#324,.F.);
#9772=ADVANCED_FACE('',(#810),#325,.T.);
#9773=ADVANCED_FACE('',(#811),#326,.T.);
#9774=ADVANCED_FACE('',(#812),#327,.F.);
#9775=ADVANCED_FACE('',(#813),#328,.F.);
#9776=ADVANCED_FACE('',(#814),#9498,.T.);
#9777=ADVANCED_FACE('',(#815),#329,.T.);
#9778=ADVANCED_FACE('',(#816),#330,.T.);
#9779=ADVANCED_FACE('',(#817),#331,.F.);
#9780=ADVANCED_FACE('',(#818),#9499,.F.);
#9781=ADVANCED_FACE('',(#819),#332,.F.);
#9782=ADVANCED_FACE('',(#820),#9500,.T.);
#9783=ADVANCED_FACE('',(#821),#333,.F.);
#9784=ADVANCED_FACE('',(#822),#334,.T.);
#9785=ADVANCED_FACE('',(#823),#335,.T.);
#9786=ADVANCED_FACE('',(#824),#9501,.F.);
#9787=ADVANCED_FACE('',(#825),#336,.T.);
#9788=ADVANCED_FACE('',(#826),#337,.T.);
#9789=ADVANCED_FACE('',(#827),#338,.F.);
#9790=ADVANCED_FACE('',(#828),#339,.F.);
#9791=ADVANCED_FACE('',(#829),#340,.F.);
#9792=ADVANCED_FACE('',(#830),#341,.F.);
#9793=ADVANCED_FACE('',(#831),#342,.F.);
#9794=ADVANCED_FACE('',(#832),#343,.T.);
#9795=ADVANCED_FACE('',(#833),#344,.T.);
#9796=ADVANCED_FACE('',(#834),#345,.F.);
#9797=ADVANCED_FACE('',(#835),#346,.F.);
#9798=ADVANCED_FACE('',(#836),#347,.T.);
#9799=ADVANCED_FACE('',(#837),#9502,.T.);
#9800=ADVANCED_FACE('',(#838),#348,.T.);
#9801=ADVANCED_FACE('',(#839),#9503,.F.);
#9802=ADVANCED_FACE('',(#840),#349,.T.);
#9803=ADVANCED_FACE('',(#841),#350,.F.);
#9804=ADVANCED_FACE('',(#842),#351,.F.);
#9805=ADVANCED_FACE('',(#843),#9504,.T.);
#9806=ADVANCED_FACE('',(#844),#352,.F.);
#9807=ADVANCED_FACE('',(#845),#9505,.F.);
#9808=ADVANCED_FACE('',(#846),#353,.F.);
#9809=ADVANCED_FACE('',(#847),#354,.F.);
#9810=ADVANCED_FACE('',(#848),#355,.T.);
#9811=ADVANCED_FACE('',(#849),#356,.F.);
#9812=ADVANCED_FACE('',(#850),#357,.F.);
#9813=ADVANCED_FACE('',(#851),#358,.T.);
#9814=ADVANCED_FACE('',(#852),#359,.F.);
#9815=ADVANCED_FACE('',(#853),#360,.F.);
#9816=ADVANCED_FACE('',(#854),#361,.T.);
#9817=ADVANCED_FACE('',(#855),#362,.T.);
#9818=ADVANCED_FACE('',(#856),#363,.F.);
#9819=ADVANCED_FACE('',(#857),#364,.F.);
#9820=ADVANCED_FACE('',(#858),#9506,.T.);
#9821=ADVANCED_FACE('',(#859),#365,.T.);
#9822=ADVANCED_FACE('',(#860),#366,.T.);
#9823=ADVANCED_FACE('',(#861),#367,.F.);
#9824=ADVANCED_FACE('',(#862),#9507,.F.);
#9825=ADVANCED_FACE('',(#863),#368,.F.);
#9826=ADVANCED_FACE('',(#864),#9508,.T.);
#9827=ADVANCED_FACE('',(#865),#369,.F.);
#9828=ADVANCED_FACE('',(#866),#370,.T.);
#9829=ADVANCED_FACE('',(#867),#371,.T.);
#9830=ADVANCED_FACE('',(#868),#9509,.F.);
#9831=ADVANCED_FACE('',(#869),#372,.T.);
#9832=ADVANCED_FACE('',(#870),#373,.T.);
#9833=ADVANCED_FACE('',(#871),#374,.F.);
#9834=ADVANCED_FACE('',(#872),#375,.F.);
#9835=ADVANCED_FACE('',(#873),#376,.F.);
#9836=ADVANCED_FACE('',(#874),#377,.F.);
#9837=ADVANCED_FACE('',(#875),#378,.F.);
#9838=ADVANCED_FACE('',(#876),#379,.T.);
#9839=ADVANCED_FACE('',(#877),#380,.T.);
#9840=ADVANCED_FACE('',(#878),#381,.F.);
#9841=ADVANCED_FACE('',(#879),#382,.F.);
#9842=ADVANCED_FACE('',(#880),#383,.T.);
#9843=ADVANCED_FACE('',(#881),#9510,.T.);
#9844=ADVANCED_FACE('',(#882),#384,.T.);
#9845=ADVANCED_FACE('',(#883),#9511,.F.);
#9846=ADVANCED_FACE('',(#884),#385,.T.);
#9847=ADVANCED_FACE('',(#885),#386,.F.);
#9848=ADVANCED_FACE('',(#886),#387,.F.);
#9849=ADVANCED_FACE('',(#887),#9512,.T.);
#9850=ADVANCED_FACE('',(#888),#388,.F.);
#9851=ADVANCED_FACE('',(#889),#9513,.F.);
#9852=ADVANCED_FACE('',(#890),#389,.F.);
#9853=ADVANCED_FACE('',(#891),#390,.F.);
#9854=ADVANCED_FACE('',(#892),#391,.T.);
#9855=ADVANCED_FACE('',(#893),#392,.F.);
#9856=ADVANCED_FACE('',(#894),#393,.F.);
#9857=ADVANCED_FACE('',(#895),#394,.T.);
#9858=ADVANCED_FACE('',(#896),#395,.F.);
#9859=ADVANCED_FACE('',(#897),#396,.F.);
#9860=ADVANCED_FACE('',(#898),#397,.T.);
#9861=ADVANCED_FACE('',(#899),#398,.T.);
#9862=ADVANCED_FACE('',(#900),#399,.F.);
#9863=ADVANCED_FACE('',(#901),#400,.F.);
#9864=ADVANCED_FACE('',(#902),#9514,.T.);
#9865=ADVANCED_FACE('',(#903),#401,.T.);
#9866=ADVANCED_FACE('',(#904),#402,.T.);
#9867=ADVANCED_FACE('',(#905),#403,.F.);
#9868=ADVANCED_FACE('',(#906),#9515,.F.);
#9869=ADVANCED_FACE('',(#907),#404,.F.);
#9870=ADVANCED_FACE('',(#908),#9516,.T.);
#9871=ADVANCED_FACE('',(#909),#405,.F.);
#9872=ADVANCED_FACE('',(#910),#406,.T.);
#9873=ADVANCED_FACE('',(#911),#407,.T.);
#9874=ADVANCED_FACE('',(#912),#9517,.F.);
#9875=ADVANCED_FACE('',(#913),#408,.T.);
#9876=ADVANCED_FACE('',(#914),#409,.T.);
#9877=ADVANCED_FACE('',(#915),#410,.F.);
#9878=ADVANCED_FACE('',(#916),#411,.F.);
#9879=ADVANCED_FACE('',(#917),#412,.F.);
#9880=ADVANCED_FACE('',(#918),#413,.F.);
#9881=ADVANCED_FACE('',(#919),#414,.F.);
#9882=ADVANCED_FACE('',(#920),#415,.T.);
#9883=ADVANCED_FACE('',(#921),#416,.T.);
#9884=ADVANCED_FACE('',(#922),#417,.F.);
#9885=ADVANCED_FACE('',(#923),#418,.F.);
#9886=ADVANCED_FACE('',(#924),#419,.T.);
#9887=ADVANCED_FACE('',(#925),#9518,.T.);
#9888=ADVANCED_FACE('',(#926),#420,.T.);
#9889=ADVANCED_FACE('',(#927),#9519,.F.);
#9890=ADVANCED_FACE('',(#928),#421,.T.);
#9891=ADVANCED_FACE('',(#929),#422,.F.);
#9892=ADVANCED_FACE('',(#930),#423,.F.);
#9893=ADVANCED_FACE('',(#931),#9520,.T.);
#9894=ADVANCED_FACE('',(#932),#424,.F.);
#9895=ADVANCED_FACE('',(#933),#9521,.F.);
#9896=ADVANCED_FACE('',(#934),#425,.F.);
#9897=ADVANCED_FACE('',(#935),#426,.F.);
#9898=ADVANCED_FACE('',(#936),#427,.T.);
#9899=ADVANCED_FACE('',(#937),#428,.F.);
#9900=ADVANCED_FACE('',(#938),#429,.F.);
#9901=ADVANCED_FACE('',(#939),#430,.T.);
#9902=ADVANCED_FACE('',(#940),#431,.F.);
#9903=ADVANCED_FACE('',(#941),#432,.F.);
#9904=ADVANCED_FACE('',(#942),#433,.T.);
#9905=ADVANCED_FACE('',(#943),#434,.T.);
#9906=ADVANCED_FACE('',(#944),#435,.F.);
#9907=ADVANCED_FACE('',(#945),#436,.F.);
#9908=ADVANCED_FACE('',(#946),#9522,.T.);
#9909=ADVANCED_FACE('',(#947),#437,.T.);
#9910=ADVANCED_FACE('',(#948),#438,.T.);
#9911=ADVANCED_FACE('',(#949),#439,.F.);
#9912=ADVANCED_FACE('',(#950),#9523,.F.);
#9913=ADVANCED_FACE('',(#951),#440,.F.);
#9914=ADVANCED_FACE('',(#952),#9524,.T.);
#9915=ADVANCED_FACE('',(#953),#441,.F.);
#9916=ADVANCED_FACE('',(#954),#442,.T.);
#9917=ADVANCED_FACE('',(#955),#443,.T.);
#9918=ADVANCED_FACE('',(#956),#9525,.F.);
#9919=ADVANCED_FACE('',(#957),#444,.T.);
#9920=ADVANCED_FACE('',(#958),#445,.T.);
#9921=ADVANCED_FACE('',(#959),#446,.F.);
#9922=ADVANCED_FACE('',(#960),#447,.F.);
#9923=ADVANCED_FACE('',(#961),#448,.F.);
#9924=ADVANCED_FACE('',(#962),#449,.F.);
#9925=ADVANCED_FACE('',(#963),#450,.F.);
#9926=ADVANCED_FACE('',(#964),#451,.T.);
#9927=ADVANCED_FACE('',(#965),#452,.T.);
#9928=ADVANCED_FACE('',(#966),#453,.F.);
#9929=ADVANCED_FACE('',(#967),#454,.F.);
#9930=ADVANCED_FACE('',(#968),#455,.T.);
#9931=ADVANCED_FACE('',(#969),#9526,.T.);
#9932=ADVANCED_FACE('',(#970),#456,.T.);
#9933=ADVANCED_FACE('',(#971),#9527,.F.);
#9934=ADVANCED_FACE('',(#972),#457,.T.);
#9935=ADVANCED_FACE('',(#973),#458,.F.);
#9936=ADVANCED_FACE('',(#974),#459,.F.);
#9937=ADVANCED_FACE('',(#975),#9528,.T.);
#9938=ADVANCED_FACE('',(#976),#460,.F.);
#9939=ADVANCED_FACE('',(#977),#9529,.F.);
#9940=ADVANCED_FACE('',(#978),#461,.F.);
#9941=ADVANCED_FACE('',(#979),#462,.F.);
#9942=ADVANCED_FACE('',(#980),#463,.T.);
#9943=ADVANCED_FACE('',(#981),#464,.F.);
#9944=ADVANCED_FACE('',(#982),#465,.F.);
#9945=ADVANCED_FACE('',(#983),#466,.T.);
#9946=ADVANCED_FACE('',(#984),#467,.F.);
#9947=ADVANCED_FACE('',(#985),#468,.F.);
#9948=ADVANCED_FACE('',(#986),#469,.T.);
#9949=ADVANCED_FACE('',(#987),#470,.T.);
#9950=ADVANCED_FACE('',(#988),#471,.F.);
#9951=ADVANCED_FACE('',(#989),#472,.F.);
#9952=ADVANCED_FACE('',(#990),#9530,.T.);
#9953=ADVANCED_FACE('',(#991),#473,.T.);
#9954=ADVANCED_FACE('',(#992),#474,.T.);
#9955=ADVANCED_FACE('',(#993),#475,.F.);
#9956=ADVANCED_FACE('',(#994),#9531,.F.);
#9957=ADVANCED_FACE('',(#995),#476,.F.);
#9958=ADVANCED_FACE('',(#996),#9532,.T.);
#9959=ADVANCED_FACE('',(#997),#477,.F.);
#9960=ADVANCED_FACE('',(#998),#478,.T.);
#9961=ADVANCED_FACE('',(#999),#479,.T.);
#9962=ADVANCED_FACE('',(#1000),#9533,.F.);
#9963=ADVANCED_FACE('',(#1001),#480,.T.);
#9964=ADVANCED_FACE('',(#1002),#481,.T.);
#9965=ADVANCED_FACE('',(#1003),#482,.F.);
#9966=ADVANCED_FACE('',(#1004),#483,.F.);
#9967=ADVANCED_FACE('',(#1005),#484,.F.);
#9968=ADVANCED_FACE('',(#1006),#485,.F.);
#9969=ADVANCED_FACE('',(#1007),#486,.F.);
#9970=ADVANCED_FACE('',(#1008),#487,.T.);
#9971=ADVANCED_FACE('',(#1009),#488,.T.);
#9972=ADVANCED_FACE('',(#1010),#489,.F.);
#9973=ADVANCED_FACE('',(#1011),#490,.F.);
#9974=ADVANCED_FACE('',(#1012),#491,.T.);
#9975=ADVANCED_FACE('',(#1013),#9534,.T.);
#9976=ADVANCED_FACE('',(#1014),#492,.T.);
#9977=ADVANCED_FACE('',(#1015),#9535,.F.);
#9978=ADVANCED_FACE('',(#1016),#493,.T.);
#9979=ADVANCED_FACE('',(#1017),#494,.F.);
#9980=ADVANCED_FACE('',(#1018),#495,.F.);
#9981=ADVANCED_FACE('',(#1019),#9536,.T.);
#9982=ADVANCED_FACE('',(#1020),#496,.F.);
#9983=ADVANCED_FACE('',(#1021),#9537,.F.);
#9984=ADVANCED_FACE('',(#1022),#497,.F.);
#9985=ADVANCED_FACE('',(#1023),#498,.F.);
#9986=ADVANCED_FACE('',(#1024),#499,.T.);
#9987=ADVANCED_FACE('',(#1025),#500,.F.);
#9988=ADVANCED_FACE('',(#1026),#501,.F.);
#9989=ADVANCED_FACE('',(#1027),#502,.T.);
#9990=ADVANCED_FACE('',(#1028),#503,.F.);
#9991=ADVANCED_FACE('',(#1029),#504,.F.);
#9992=ADVANCED_FACE('',(#1030),#505,.T.);
#9993=ADVANCED_FACE('',(#1031),#506,.T.);
#9994=ADVANCED_FACE('',(#1032),#507,.F.);
#9995=ADVANCED_FACE('',(#1033),#508,.F.);
#9996=ADVANCED_FACE('',(#1034),#9538,.T.);
#9997=ADVANCED_FACE('',(#1035),#509,.T.);
#9998=ADVANCED_FACE('',(#1036),#510,.T.);
#9999=ADVANCED_FACE('',(#1037),#511,.F.);
#10000=ADVANCED_FACE('',(#1038),#9539,.F.);
#10001=ADVANCED_FACE('',(#1039),#512,.F.);
#10002=ADVANCED_FACE('',(#1040),#9540,.T.);
#10003=ADVANCED_FACE('',(#1041),#513,.F.);
#10004=ADVANCED_FACE('',(#1042),#514,.T.);
#10005=ADVANCED_FACE('',(#1043),#515,.T.);
#10006=ADVANCED_FACE('',(#1044),#9541,.F.);
#10007=ADVANCED_FACE('',(#1045),#516,.T.);
#10008=ADVANCED_FACE('',(#1046),#517,.T.);
#10009=ADVANCED_FACE('',(#1047),#518,.F.);
#10010=ADVANCED_FACE('',(#1048),#519,.F.);
#10011=ADVANCED_FACE('',(#1049),#520,.F.);
#10012=ADVANCED_FACE('',(#1050),#521,.F.);
#10013=ADVANCED_FACE('',(#1051),#522,.F.);
#10014=ADVANCED_FACE('',(#1052),#523,.T.);
#10015=ADVANCED_FACE('',(#1053),#524,.T.);
#10016=ADVANCED_FACE('',(#1054),#525,.F.);
#10017=ADVANCED_FACE('',(#1055),#526,.F.);
#10018=ADVANCED_FACE('',(#1056),#527,.T.);
#10019=ADVANCED_FACE('',(#1057),#9542,.T.);
#10020=ADVANCED_FACE('',(#1058),#528,.T.);
#10021=ADVANCED_FACE('',(#1059),#9543,.F.);
#10022=ADVANCED_FACE('',(#1060),#529,.T.);
#10023=ADVANCED_FACE('',(#1061),#530,.F.);
#10024=ADVANCED_FACE('',(#1062),#531,.F.);
#10025=ADVANCED_FACE('',(#1063),#9544,.T.);
#10026=ADVANCED_FACE('',(#1064),#532,.F.);
#10027=ADVANCED_FACE('',(#1065),#9545,.F.);
#10028=ADVANCED_FACE('',(#1066),#533,.F.);
#10029=ADVANCED_FACE('',(#1067),#534,.F.);
#10030=ADVANCED_FACE('',(#1068),#535,.T.);
#10031=ADVANCED_FACE('',(#1069),#536,.F.);
#10032=ADVANCED_FACE('',(#1070),#537,.F.);
#10033=ADVANCED_FACE('',(#1071),#538,.T.);
#10034=ADVANCED_FACE('',(#1072),#539,.F.);
#10035=ADVANCED_FACE('',(#1073),#540,.F.);
#10036=ADVANCED_FACE('',(#1074),#541,.T.);
#10037=ADVANCED_FACE('',(#1075),#542,.T.);
#10038=ADVANCED_FACE('',(#1076),#543,.F.);
#10039=ADVANCED_FACE('',(#1077),#544,.F.);
#10040=ADVANCED_FACE('',(#1078),#9546,.T.);
#10041=ADVANCED_FACE('',(#1079),#545,.T.);
#10042=ADVANCED_FACE('',(#1080),#546,.T.);
#10043=ADVANCED_FACE('',(#1081),#547,.F.);
#10044=ADVANCED_FACE('',(#1082),#9547,.F.);
#10045=ADVANCED_FACE('',(#1083),#548,.F.);
#10046=ADVANCED_FACE('',(#1084),#9548,.T.);
#10047=ADVANCED_FACE('',(#1085),#549,.F.);
#10048=ADVANCED_FACE('',(#1086),#550,.T.);
#10049=ADVANCED_FACE('',(#1087),#551,.T.);
#10050=ADVANCED_FACE('',(#1088),#9549,.F.);
#10051=ADVANCED_FACE('',(#1089),#552,.T.);
#10052=ADVANCED_FACE('',(#1090),#553,.T.);
#10053=ADVANCED_FACE('',(#1091),#554,.F.);
#10054=ADVANCED_FACE('',(#1092),#555,.F.);
#10055=ADVANCED_FACE('',(#1093),#556,.F.);
#10056=ADVANCED_FACE('',(#1094),#557,.F.);
#10057=ADVANCED_FACE('',(#1095),#558,.F.);
#10058=ADVANCED_FACE('',(#1096),#559,.T.);
#10059=ADVANCED_FACE('',(#1097),#560,.T.);
#10060=ADVANCED_FACE('',(#1098),#561,.F.);
#10061=ADVANCED_FACE('',(#1099),#562,.F.);
#10062=ADVANCED_FACE('',(#1100),#563,.T.);
#10063=ADVANCED_FACE('',(#1101),#9550,.T.);
#10064=ADVANCED_FACE('',(#1102),#564,.T.);
#10065=ADVANCED_FACE('',(#1103),#9551,.F.);
#10066=ADVANCED_FACE('',(#1104),#565,.T.);
#10067=ADVANCED_FACE('',(#1105),#566,.F.);
#10068=ADVANCED_FACE('',(#1106),#567,.F.);
#10069=ADVANCED_FACE('',(#1107),#9552,.T.);
#10070=ADVANCED_FACE('',(#1108),#568,.F.);
#10071=ADVANCED_FACE('',(#1109),#9553,.F.);
#10072=ADVANCED_FACE('',(#1110),#569,.F.);
#10073=ADVANCED_FACE('',(#1111),#570,.F.);
#10074=ADVANCED_FACE('',(#1112),#571,.T.);
#10075=ADVANCED_FACE('',(#1113),#572,.F.);
#10076=ADVANCED_FACE('',(#1114),#573,.F.);
#10077=ADVANCED_FACE('',(#1115),#574,.T.);
#10078=ADVANCED_FACE('',(#1116),#575,.F.);
#10079=ADVANCED_FACE('',(#1117),#576,.F.);
#10080=ADVANCED_FACE('',(#1118),#577,.T.);
#10081=ADVANCED_FACE('',(#1119),#578,.T.);
#10082=ADVANCED_FACE('',(#1120),#579,.F.);
#10083=ADVANCED_FACE('',(#1121),#580,.F.);
#10084=ADVANCED_FACE('',(#1122),#9554,.T.);
#10085=ADVANCED_FACE('',(#1123),#581,.T.);
#10086=ADVANCED_FACE('',(#1124),#582,.T.);
#10087=ADVANCED_FACE('',(#1125),#583,.F.);
#10088=ADVANCED_FACE('',(#1126),#9555,.F.);
#10089=ADVANCED_FACE('',(#1127),#584,.F.);
#10090=ADVANCED_FACE('',(#1128),#9556,.T.);
#10091=ADVANCED_FACE('',(#1129),#585,.F.);
#10092=ADVANCED_FACE('',(#1130),#586,.T.);
#10093=ADVANCED_FACE('',(#1131),#587,.T.);
#10094=ADVANCED_FACE('',(#1132),#9557,.F.);
#10095=ADVANCED_FACE('',(#1133),#588,.T.);
#10096=ADVANCED_FACE('',(#1134),#589,.T.);
#10097=ADVANCED_FACE('',(#1135),#590,.F.);
#10098=ADVANCED_FACE('',(#1136),#591,.F.);
#10099=ADVANCED_FACE('',(#1137),#592,.F.);
#10100=ADVANCED_FACE('',(#1138),#593,.F.);
#10101=ADVANCED_FACE('',(#1139),#594,.F.);
#10102=ADVANCED_FACE('',(#1140),#595,.T.);
#10103=CLOSED_SHELL('',(#9558,#9559,#9560));
#10104=CLOSED_SHELL('',(#9561,#9562,#9563,#9564,#9565,#9566,#9567,#9568,
#9569,#9570,#9571,#9572,#9573,#9574,#9575,#9576,#9577,#9578,#9579,#9580,
#9581,#9582,#9583,#9584,#9585,#9586,#9587,#9588,#9589,#9590));
#10105=CLOSED_SHELL('',(#9591,#9592,#9593,#9594,#9595,#9596,#9597,#9598,
#9599,#9600,#9601,#9602,#9603,#9604,#9605,#9606,#9607,#9608,#9609,#9610,
#9611,#9612,#9613,#9614,#9615,#9616,#9617,#9618,#9619,#9620,#9621,#9622,
#9623,#9624,#9625,#9626,#9627,#9628,#9629,#9630,#9631,#9632,#9633,#9634,
#9635,#9636,#9637));
#10106=CLOSED_SHELL('',(#9638,#9639,#9640,#9641,#9642,#9643,#9644,#9645,
#9646,#9647));
#10107=CLOSED_SHELL('',(#9648,#9649,#9650,#9651,#9652,#9653,#9654,#9655,
#9656,#9657,#9658,#9659,#9660,#9661,#9662));
#10108=CLOSED_SHELL('',(#9663,#9664,#9665,#9666,#9667,#9668,#9669,#9670,
#9671,#9672,#9673,#9674,#9675,#9676,#9677,#9678));
#10109=CLOSED_SHELL('',(#9679,#9680,#9681,#9682,#9683,#9684,#9685,#9686,
#9687,#9688,#9689,#9690));
#10110=CLOSED_SHELL('',(#9691,#9692,#9693,#9694,#9695,#9696,#9697,#9698,
#9699,#9700,#9701,#9702));
#10111=CLOSED_SHELL('',(#9703,#9704,#9705,#9706,#9707,#9708,#9709,#9710,
#9711,#9712,#9713,#9714));
#10112=CLOSED_SHELL('',(#9715,#9716,#9717,#9718,#9719,#9720,#9721,#9722,
#9723,#9724,#9725,#9726));
#10113=CLOSED_SHELL('',(#9727,#9728,#9729));
#10114=CLOSED_SHELL('',(#9730,#9731,#9732));
#10115=CLOSED_SHELL('',(#9733,#9734,#9735,#9736,#9737,#9738));
#10116=CLOSED_SHELL('',(#9739,#9740,#9741,#9742,#9743,#9744));
#10117=CLOSED_SHELL('',(#9745,#9746,#9747,#9748,#9749,#9750));
#10118=CLOSED_SHELL('',(#9751,#9752,#9753,#9754,#9755,#9756,#9757,#9758,
#9759,#9760,#9761,#9762,#9763,#9764,#9765,#9766,#9767,#9768,#9769,#9770,
#9771,#9772));
#10119=CLOSED_SHELL('',(#9773,#9774,#9775,#9776,#9777,#9778,#9779,#9780,
#9781,#9782,#9783,#9784,#9785,#9786,#9787,#9788,#9789,#9790,#9791,#9792,
#9793,#9794));
#10120=CLOSED_SHELL('',(#9795,#9796,#9797,#9798,#9799,#9800,#9801,#9802,
#9803,#9804,#9805,#9806,#9807,#9808,#9809,#9810,#9811,#9812,#9813,#9814,
#9815,#9816));
#10121=CLOSED_SHELL('',(#9817,#9818,#9819,#9820,#9821,#9822,#9823,#9824,
#9825,#9826,#9827,#9828,#9829,#9830,#9831,#9832,#9833,#9834,#9835,#9836,
#9837,#9838));
#10122=CLOSED_SHELL('',(#9839,#9840,#9841,#9842,#9843,#9844,#9845,#9846,
#9847,#9848,#9849,#9850,#9851,#9852,#9853,#9854,#9855,#9856,#9857,#9858,
#9859,#9860));
#10123=CLOSED_SHELL('',(#9861,#9862,#9863,#9864,#9865,#9866,#9867,#9868,
#9869,#9870,#9871,#9872,#9873,#9874,#9875,#9876,#9877,#9878,#9879,#9880,
#9881,#9882));
#10124=CLOSED_SHELL('',(#9883,#9884,#9885,#9886,#9887,#9888,#9889,#9890,
#9891,#9892,#9893,#9894,#9895,#9896,#9897,#9898,#9899,#9900,#9901,#9902,
#9903,#9904));
#10125=CLOSED_SHELL('',(#9905,#9906,#9907,#9908,#9909,#9910,#9911,#9912,
#9913,#9914,#9915,#9916,#9917,#9918,#9919,#9920,#9921,#9922,#9923,#9924,
#9925,#9926));
#10126=CLOSED_SHELL('',(#9927,#9928,#9929,#9930,#9931,#9932,#9933,#9934,
#9935,#9936,#9937,#9938,#9939,#9940,#9941,#9942,#9943,#9944,#9945,#9946,
#9947,#9948));
#10127=CLOSED_SHELL('',(#9949,#9950,#9951,#9952,#9953,#9954,#9955,#9956,
#9957,#9958,#9959,#9960,#9961,#9962,#9963,#9964,#9965,#9966,#9967,#9968,
#9969,#9970));
#10128=CLOSED_SHELL('',(#9971,#9972,#9973,#9974,#9975,#9976,#9977,#9978,
#9979,#9980,#9981,#9982,#9983,#9984,#9985,#9986,#9987,#9988,#9989,#9990,
#9991,#9992));
#10129=CLOSED_SHELL('',(#9993,#9994,#9995,#9996,#9997,#9998,#9999,#10000,
#10001,#10002,#10003,#10004,#10005,#10006,#10007,#10008,#10009,#10010,#10011,
#10012,#10013,#10014));
#10130=CLOSED_SHELL('',(#10015,#10016,#10017,#10018,#10019,#10020,#10021,
#10022,#10023,#10024,#10025,#10026,#10027,#10028,#10029,#10030,#10031,#10032,
#10033,#10034,#10035,#10036));
#10131=CLOSED_SHELL('',(#10037,#10038,#10039,#10040,#10041,#10042,#10043,
#10044,#10045,#10046,#10047,#10048,#10049,#10050,#10051,#10052,#10053,#10054,
#10055,#10056,#10057,#10058));
#10132=CLOSED_SHELL('',(#10059,#10060,#10061,#10062,#10063,#10064,#10065,
#10066,#10067,#10068,#10069,#10070,#10071,#10072,#10073,#10074,#10075,#10076,
#10077,#10078,#10079,#10080));
#10133=CLOSED_SHELL('',(#10081,#10082,#10083,#10084,#10085,#10086,#10087,
#10088,#10089,#10090,#10091,#10092,#10093,#10094,#10095,#10096,#10097,#10098,
#10099,#10100,#10101,#10102));
#10134=AXIS2_PLACEMENT_3D('placement',#13524,#10870,#10871);
#10135=AXIS2_PLACEMENT_3D('',#13525,#10872,#10873);
#10136=AXIS2_PLACEMENT_3D('',#13527,#10874,#10875);
#10137=AXIS2_PLACEMENT_3D('',#13530,#10877,#10878);
#10138=AXIS2_PLACEMENT_3D('',#13531,#10879,#10880);
#10139=AXIS2_PLACEMENT_3D('',#13532,#10881,#10882);
#10140=AXIS2_PLACEMENT_3D('',#13533,#10883,#10884);
#10141=AXIS2_PLACEMENT_3D('',#13542,#10889,#10890);
#10142=AXIS2_PLACEMENT_3D('',#13548,#10894,#10895);
#10143=AXIS2_PLACEMENT_3D('',#13554,#10899,#10900);
#10144=AXIS2_PLACEMENT_3D('',#13560,#10904,#10905);
#10145=AXIS2_PLACEMENT_3D('',#13566,#10909,#10910);
#10146=AXIS2_PLACEMENT_3D('',#13572,#10914,#10915);
#10147=AXIS2_PLACEMENT_3D('',#13578,#10919,#10920);
#10148=AXIS2_PLACEMENT_3D('',#13584,#10924,#10925);
#10149=AXIS2_PLACEMENT_3D('',#13590,#10929,#10930);
#10150=AXIS2_PLACEMENT_3D('',#13596,#10934,#10935);
#10151=AXIS2_PLACEMENT_3D('',#13602,#10939,#10940);
#10152=AXIS2_PLACEMENT_3D('',#13608,#10944,#10945);
#10153=AXIS2_PLACEMENT_3D('',#13614,#10949,#10950);
#10154=AXIS2_PLACEMENT_3D('',#13620,#10954,#10955);
#10155=AXIS2_PLACEMENT_3D('',#13626,#10959,#10960);
#10156=AXIS2_PLACEMENT_3D('',#13632,#10964,#10965);
#10157=AXIS2_PLACEMENT_3D('',#13638,#10969,#10970);
#10158=AXIS2_PLACEMENT_3D('',#13644,#10974,#10975);
#10159=AXIS2_PLACEMENT_3D('',#13650,#10979,#10980);
#10160=AXIS2_PLACEMENT_3D('',#13656,#10984,#10985);
#10161=AXIS2_PLACEMENT_3D('',#13662,#10989,#10990);
#10162=AXIS2_PLACEMENT_3D('',#13668,#10994,#10995);
#10163=AXIS2_PLACEMENT_3D('',#13674,#10999,#11000);
#10164=AXIS2_PLACEMENT_3D('',#13680,#11004,#11005);
#10165=AXIS2_PLACEMENT_3D('',#13686,#11009,#11010);
#10166=AXIS2_PLACEMENT_3D('',#13692,#11014,#11015);
#10167=AXIS2_PLACEMENT_3D('',#13698,#11019,#11020);
#10168=AXIS2_PLACEMENT_3D('',#13701,#11023,#11024);
#10169=AXIS2_PLACEMENT_3D('',#13702,#11025,#11026);
#10170=AXIS2_PLACEMENT_3D('',#13703,#11027,#11028);
#10171=AXIS2_PLACEMENT_3D('',#13705,#11029,#11030);
#10172=AXIS2_PLACEMENT_3D('',#13707,#11031,#11032);
#10173=AXIS2_PLACEMENT_3D('',#13708,#11033,#11034);
#10174=AXIS2_PLACEMENT_3D('',#13709,#11035,#11036);
#10175=AXIS2_PLACEMENT_3D('',#13712,#11038,#11039);
#10176=AXIS2_PLACEMENT_3D('',#13713,#11040,#11041);
#10177=AXIS2_PLACEMENT_3D('',#13715,#11042,#11043);
#10178=AXIS2_PLACEMENT_3D('',#13718,#11045,#11046);
#10179=AXIS2_PLACEMENT_3D('',#13719,#11047,#11048);
#10180=AXIS2_PLACEMENT_3D('',#13760,#11069,#11070);
#10181=AXIS2_PLACEMENT_3D('',#13766,#11074,#11075);
#10182=AXIS2_PLACEMENT_3D('',#13774,#11080,#11081);
#10183=AXIS2_PLACEMENT_3D('',#13782,#11086,#11087);
#10184=AXIS2_PLACEMENT_3D('',#13788,#11091,#11092);
#10185=AXIS2_PLACEMENT_3D('',#13794,#11096,#11097);
#10186=AXIS2_PLACEMENT_3D('',#13802,#11102,#11103);
#10187=AXIS2_PLACEMENT_3D('',#13808,#11107,#11108);
#10188=AXIS2_PLACEMENT_3D('',#13843,#11127,#11128);
#10189=AXIS2_PLACEMENT_3D('',#13846,#11131,#11132);
#10190=AXIS2_PLACEMENT_3D('',#13849,#11135,#11136);
#10191=AXIS2_PLACEMENT_3D('',#13855,#11140,#11141);
#10192=AXIS2_PLACEMENT_3D('',#13859,#11144,#11145);
#10193=AXIS2_PLACEMENT_3D('',#13861,#11147,#11148);
#10194=AXIS2_PLACEMENT_3D('',#13862,#11149,#11150);
#10195=AXIS2_PLACEMENT_3D('',#13864,#11152,#11153);
#10196=AXIS2_PLACEMENT_3D('',#13866,#11155,#11156);
#10197=AXIS2_PLACEMENT_3D('',#13869,#11159,#11160);
#10198=AXIS2_PLACEMENT_3D('',#13870,#11161,#11162);
#10199=AXIS2_PLACEMENT_3D('',#13874,#11165,#11166);
#10200=AXIS2_PLACEMENT_3D('',#13878,#11169,#11170);
#10201=AXIS2_PLACEMENT_3D('',#13880,#11172,#11173);
#10202=AXIS2_PLACEMENT_3D('',#13884,#11176,#11177);
#10203=AXIS2_PLACEMENT_3D('',#13888,#11180,#11181);
#10204=AXIS2_PLACEMENT_3D('',#13890,#11183,#11184);
#10205=AXIS2_PLACEMENT_3D('',#13892,#11186,#11187);
#10206=AXIS2_PLACEMENT_3D('',#13894,#11189,#11190);
#10207=AXIS2_PLACEMENT_3D('',#13895,#11191,#11192);
#10208=AXIS2_PLACEMENT_3D('',#13897,#11194,#11195);
#10209=AXIS2_PLACEMENT_3D('',#13899,#11197,#11198);
#10210=AXIS2_PLACEMENT_3D('',#13900,#11199,#11200);
#10211=AXIS2_PLACEMENT_3D('',#13904,#11203,#11204);
#10212=AXIS2_PLACEMENT_3D('',#13908,#11207,#11208);
#10213=AXIS2_PLACEMENT_3D('',#13910,#11210,#11211);
#10214=AXIS2_PLACEMENT_3D('',#13914,#11214,#11215);
#10215=AXIS2_PLACEMENT_3D('',#13918,#11218,#11219);
#10216=AXIS2_PLACEMENT_3D('',#13920,#11221,#11222);
#10217=AXIS2_PLACEMENT_3D('',#13922,#11224,#11225);
#10218=AXIS2_PLACEMENT_3D('',#13924,#11227,#11228);
#10219=AXIS2_PLACEMENT_3D('',#13925,#11229,#11230);
#10220=AXIS2_PLACEMENT_3D('',#13927,#11232,#11233);
#10221=AXIS2_PLACEMENT_3D('',#13929,#11235,#11236);
#10222=AXIS2_PLACEMENT_3D('',#13930,#11237,#11238);
#10223=AXIS2_PLACEMENT_3D('',#13931,#11239,#11240);
#10224=AXIS2_PLACEMENT_3D('',#13972,#11245,#11246);
#10225=AXIS2_PLACEMENT_3D('',#14031,#11253,#11254);
#10226=AXIS2_PLACEMENT_3D('',#14048,#11257,#11258);
#10227=AXIS2_PLACEMENT_3D('',#14065,#11261,#11262);
#10228=AXIS2_PLACEMENT_3D('',#14080,#11265,#11266);
#10229=AXIS2_PLACEMENT_3D('',#14081,#11267,#11268);
#10230=AXIS2_PLACEMENT_3D('',#14131,#11278,#11279);
#10231=AXIS2_PLACEMENT_3D('',#14195,#11291,#11292);
#10232=AXIS2_PLACEMENT_3D('',#14197,#11294,#11295);
#10233=AXIS2_PLACEMENT_3D('',#14199,#11297,#11298);
#10234=AXIS2_PLACEMENT_3D('',#14218,#11301,#11302);
#10235=AXIS2_PLACEMENT_3D('',#14235,#11305,#11306);
#10236=AXIS2_PLACEMENT_3D('',#14237,#11308,#11309);
#10237=AXIS2_PLACEMENT_3D('',#14252,#11312,#11313);
#10238=AXIS2_PLACEMENT_3D('',#14254,#11315,#11316);
#10239=AXIS2_PLACEMENT_3D('',#14256,#11318,#11319);
#10240=AXIS2_PLACEMENT_3D('',#14279,#11322,#11323);
#10241=AXIS2_PLACEMENT_3D('',#14285,#11327,#11328);
#10242=AXIS2_PLACEMENT_3D('',#14291,#11332,#11333);
#10243=AXIS2_PLACEMENT_3D('',#14297,#11337,#11338);
#10244=AXIS2_PLACEMENT_3D('',#14303,#11342,#11343);
#10245=AXIS2_PLACEMENT_3D('',#14309,#11347,#11348);
#10246=AXIS2_PLACEMENT_3D('',#14315,#11352,#11353);
#10247=AXIS2_PLACEMENT_3D('',#14321,#11357,#11358);
#10248=AXIS2_PLACEMENT_3D('',#14327,#11362,#11363);
#10249=AXIS2_PLACEMENT_3D('',#14333,#11367,#11368);
#10250=AXIS2_PLACEMENT_3D('',#14339,#11372,#11373);
#10251=AXIS2_PLACEMENT_3D('',#14364,#11378,#11379);
#10252=AXIS2_PLACEMENT_3D('',#14367,#11382,#11383);
#10253=AXIS2_PLACEMENT_3D('',#14368,#11384,#11385);
#10254=AXIS2_PLACEMENT_3D('',#14395,#11388,#11389);
#10255=AXIS2_PLACEMENT_3D('',#14401,#11393,#11394);
#10256=AXIS2_PLACEMENT_3D('',#14407,#11398,#11399);
#10257=AXIS2_PLACEMENT_3D('',#14413,#11403,#11404);
#10258=AXIS2_PLACEMENT_3D('',#14419,#11408,#11409);
#10259=AXIS2_PLACEMENT_3D('',#14444,#11414,#11415);
#10260=AXIS2_PLACEMENT_3D('',#14450,#11419,#11420);
#10261=AXIS2_PLACEMENT_3D('',#14456,#11424,#11425);
#10262=AXIS2_PLACEMENT_3D('',#14459,#11428,#11429);
#10263=AXIS2_PLACEMENT_3D('',#14460,#11430,#11431);
#10264=AXIS2_PLACEMENT_3D('',#14487,#11434,#11435);
#10265=AXIS2_PLACEMENT_3D('',#14493,#11439,#11440);
#10266=AXIS2_PLACEMENT_3D('',#14499,#11444,#11445);
#10267=AXIS2_PLACEMENT_3D('',#14505,#11449,#11450);
#10268=AXIS2_PLACEMENT_3D('',#14511,#11454,#11455);
#10269=AXIS2_PLACEMENT_3D('',#14536,#11460,#11461);
#10270=AXIS2_PLACEMENT_3D('',#14542,#11465,#11466);
#10271=AXIS2_PLACEMENT_3D('',#14548,#11470,#11471);
#10272=AXIS2_PLACEMENT_3D('',#14551,#11474,#11475);
#10273=AXIS2_PLACEMENT_3D('',#14552,#11476,#11477);
#10274=AXIS2_PLACEMENT_3D('',#14579,#11480,#11481);
#10275=AXIS2_PLACEMENT_3D('',#14585,#11485,#11486);
#10276=AXIS2_PLACEMENT_3D('',#14591,#11490,#11491);
#10277=AXIS2_PLACEMENT_3D('',#14597,#11495,#11496);
#10278=AXIS2_PLACEMENT_3D('',#14603,#11500,#11501);
#10279=AXIS2_PLACEMENT_3D('',#14628,#11506,#11507);
#10280=AXIS2_PLACEMENT_3D('',#14634,#11511,#11512);
#10281=AXIS2_PLACEMENT_3D('',#14640,#11516,#11517);
#10282=AXIS2_PLACEMENT_3D('',#14643,#11520,#11521);
#10283=AXIS2_PLACEMENT_3D('',#14644,#11522,#11523);
#10284=AXIS2_PLACEMENT_3D('',#14679,#11526,#11527);
#10285=AXIS2_PLACEMENT_3D('',#14724,#11532,#11533);
#10286=AXIS2_PLACEMENT_3D('',#14730,#11537,#11538);
#10287=AXIS2_PLACEMENT_3D('',#14732,#11539,#11540);
#10288=AXIS2_PLACEMENT_3D('',#14735,#11542,#11543);
#10289=AXIS2_PLACEMENT_3D('',#14736,#11544,#11545);
#10290=AXIS2_PLACEMENT_3D('',#14742,#11549,#11550);
#10291=AXIS2_PLACEMENT_3D('',#14748,#11554,#11555);
#10292=AXIS2_PLACEMENT_3D('',#14754,#11559,#11560);
#10293=AXIS2_PLACEMENT_3D('',#14756,#11561,#11562);
#10294=AXIS2_PLACEMENT_3D('',#14759,#11564,#11565);
#10295=AXIS2_PLACEMENT_3D('',#14760,#11566,#11567);
#10296=AXIS2_PLACEMENT_3D('',#14763,#11570,#11571);
#10297=AXIS2_PLACEMENT_3D('',#14764,#11572,#11573);
#10298=AXIS2_PLACEMENT_3D('',#14765,#11574,#11575);
#10299=AXIS2_PLACEMENT_3D('',#14767,#11576,#11577);
#10300=AXIS2_PLACEMENT_3D('',#14770,#11579,#11580);
#10301=AXIS2_PLACEMENT_3D('',#14771,#11581,#11582);
#10302=AXIS2_PLACEMENT_3D('',#14772,#11583,#11584);
#10303=AXIS2_PLACEMENT_3D('',#14773,#11585,#11586);
#10304=AXIS2_PLACEMENT_3D('',#14775,#11587,#11588);
#10305=AXIS2_PLACEMENT_3D('',#14778,#11590,#11591);
#10306=AXIS2_PLACEMENT_3D('',#14779,#11592,#11593);
#10307=AXIS2_PLACEMENT_3D('',#14780,#11594,#11595);
#10308=AXIS2_PLACEMENT_3D('',#14781,#11596,#11597);
#10309=AXIS2_PLACEMENT_3D('',#14790,#11602,#11603);
#10310=AXIS2_PLACEMENT_3D('',#14796,#11607,#11608);
#10311=AXIS2_PLACEMENT_3D('',#14802,#11612,#11613);
#10312=AXIS2_PLACEMENT_3D('',#14805,#11616,#11617);
#10313=AXIS2_PLACEMENT_3D('',#14806,#11618,#11619);
#10314=AXIS2_PLACEMENT_3D('',#14807,#11620,#11621);
#10315=AXIS2_PLACEMENT_3D('',#14816,#11626,#11627);
#10316=AXIS2_PLACEMENT_3D('',#14822,#11631,#11632);
#10317=AXIS2_PLACEMENT_3D('',#14828,#11636,#11637);
#10318=AXIS2_PLACEMENT_3D('',#14831,#11640,#11641);
#10319=AXIS2_PLACEMENT_3D('',#14832,#11642,#11643);
#10320=AXIS2_PLACEMENT_3D('',#14833,#11644,#11645);
#10321=AXIS2_PLACEMENT_3D('',#14842,#11650,#11651);
#10322=AXIS2_PLACEMENT_3D('',#14848,#11655,#11656);
#10323=AXIS2_PLACEMENT_3D('',#14854,#11660,#11661);
#10324=AXIS2_PLACEMENT_3D('',#14857,#11664,#11665);
#10325=AXIS2_PLACEMENT_3D('',#14858,#11666,#11667);
#10326=AXIS2_PLACEMENT_3D('',#14859,#11668,#11669);
#10327=AXIS2_PLACEMENT_3D('',#14868,#11674,#11675);
#10328=AXIS2_PLACEMENT_3D('',#14873,#11677,#11678);
#10329=AXIS2_PLACEMENT_3D('',#14877,#11680,#11681);
#10330=AXIS2_PLACEMENT_3D('',#14885,#11685,#11686);
#10331=AXIS2_PLACEMENT_3D('',#14888,#11688,#11689);
#10332=AXIS2_PLACEMENT_3D('',#14889,#11690,#11691);
#10333=AXIS2_PLACEMENT_3D('',#14898,#11696,#11697);
#10334=AXIS2_PLACEMENT_3D('',#14909,#11704,#11705);
#10335=AXIS2_PLACEMENT_3D('',#14911,#11706,#11707);
#10336=AXIS2_PLACEMENT_3D('',#14916,#11710,#11711);
#10337=AXIS2_PLACEMENT_3D('',#14919,#11713,#11714);
#10338=AXIS2_PLACEMENT_3D('',#14920,#11715,#11716);
#10339=AXIS2_PLACEMENT_3D('',#14924,#11719,#11720);
#10340=AXIS2_PLACEMENT_3D('',#14927,#11722,#11723);
#10341=AXIS2_PLACEMENT_3D('',#14928,#11724,#11725);
#10342=AXIS2_PLACEMENT_3D('',#14932,#11728,#11729);
#10343=AXIS2_PLACEMENT_3D('',#14936,#11732,#11733);
#10344=AXIS2_PLACEMENT_3D('',#14940,#11736,#11737);
#10345=AXIS2_PLACEMENT_3D('',#14943,#11739,#11740);
#10346=AXIS2_PLACEMENT_3D('',#14944,#11741,#11742);
#10347=AXIS2_PLACEMENT_3D('',#14948,#11745,#11746);
#10348=AXIS2_PLACEMENT_3D('',#14952,#11748,#11749);
#10349=AXIS2_PLACEMENT_3D('',#14956,#11751,#11752);
#10350=AXIS2_PLACEMENT_3D('',#14959,#11754,#11755);
#10351=AXIS2_PLACEMENT_3D('',#14960,#11756,#11757);
#10352=AXIS2_PLACEMENT_3D('',#14968,#11763,#11764);
#10353=AXIS2_PLACEMENT_3D('',#14969,#11765,#11766);
#10354=AXIS2_PLACEMENT_3D('',#14971,#11768,#11769);
#10355=AXIS2_PLACEMENT_3D('',#14973,#11771,#11772);
#10356=AXIS2_PLACEMENT_3D('',#14975,#11774,#11775);
#10357=AXIS2_PLACEMENT_3D('',#14976,#11776,#11777);
#10358=AXIS2_PLACEMENT_3D('',#14978,#11779,#11780);
#10359=AXIS2_PLACEMENT_3D('',#14980,#11782,#11783);
#10360=AXIS2_PLACEMENT_3D('',#14981,#11784,#11785);
#10361=AXIS2_PLACEMENT_3D('',#14986,#11787,#11788);
#10362=AXIS2_PLACEMENT_3D('',#14990,#11790,#11791);
#10363=AXIS2_PLACEMENT_3D('',#14998,#11795,#11796);
#10364=AXIS2_PLACEMENT_3D('',#15001,#11798,#11799);
#10365=AXIS2_PLACEMENT_3D('',#15002,#11800,#11801);
#10366=AXIS2_PLACEMENT_3D('',#15011,#11806,#11807);
#10367=AXIS2_PLACEMENT_3D('',#15016,#11809,#11810);
#10368=AXIS2_PLACEMENT_3D('',#15020,#11812,#11813);
#10369=AXIS2_PLACEMENT_3D('',#15028,#11817,#11818);
#10370=AXIS2_PLACEMENT_3D('',#15031,#11820,#11821);
#10371=AXIS2_PLACEMENT_3D('',#15032,#11822,#11823);
#10372=AXIS2_PLACEMENT_3D('',#15035,#11826,#11827);
#10373=AXIS2_PLACEMENT_3D('',#15037,#11829,#11830);
#10374=AXIS2_PLACEMENT_3D('',#15039,#11832,#11833);
#10375=AXIS2_PLACEMENT_3D('',#15041,#11835,#11836);
#10376=AXIS2_PLACEMENT_3D('',#15043,#11838,#11839);
#10377=AXIS2_PLACEMENT_3D('',#15045,#11841,#11842);
#10378=AXIS2_PLACEMENT_3D('',#15049,#11844,#11845);
#10379=AXIS2_PLACEMENT_3D('',#15053,#11847,#11848);
#10380=AXIS2_PLACEMENT_3D('',#15055,#11850,#11851);
#10381=AXIS2_PLACEMENT_3D('',#15066,#11858,#11859);
#10382=AXIS2_PLACEMENT_3D('',#15070,#11862,#11863);
#10383=AXIS2_PLACEMENT_3D('',#15082,#11870,#11871);
#10384=AXIS2_PLACEMENT_3D('',#15084,#11872,#11873);
#10385=AXIS2_PLACEMENT_3D('',#15089,#11877,#11878);
#10386=AXIS2_PLACEMENT_3D('',#15090,#11879,#11880);
#10387=AXIS2_PLACEMENT_3D('',#15091,#11881,#11882);
#10388=AXIS2_PLACEMENT_3D('',#15093,#11884,#11885);
#10389=AXIS2_PLACEMENT_3D('',#15095,#11887,#11888);
#10390=AXIS2_PLACEMENT_3D('',#15097,#11890,#11891);
#10391=AXIS2_PLACEMENT_3D('',#15098,#11892,#11893);
#10392=AXIS2_PLACEMENT_3D('',#15100,#11895,#11896);
#10393=AXIS2_PLACEMENT_3D('',#15102,#11898,#11899);
#10394=AXIS2_PLACEMENT_3D('',#15103,#11900,#11901);
#10395=AXIS2_PLACEMENT_3D('',#15112,#11906,#11907);
#10396=AXIS2_PLACEMENT_3D('',#15117,#11909,#11910);
#10397=AXIS2_PLACEMENT_3D('',#15121,#11912,#11913);
#10398=AXIS2_PLACEMENT_3D('',#15129,#11917,#11918);
#10399=AXIS2_PLACEMENT_3D('',#15132,#11920,#11921);
#10400=AXIS2_PLACEMENT_3D('',#15133,#11922,#11923);
#10401=AXIS2_PLACEMENT_3D('',#15142,#11928,#11929);
#10402=AXIS2_PLACEMENT_3D('',#15153,#11936,#11937);
#10403=AXIS2_PLACEMENT_3D('',#15155,#11938,#11939);
#10404=AXIS2_PLACEMENT_3D('',#15160,#11942,#11943);
#10405=AXIS2_PLACEMENT_3D('',#15163,#11945,#11946);
#10406=AXIS2_PLACEMENT_3D('',#15164,#11947,#11948);
#10407=AXIS2_PLACEMENT_3D('',#15168,#11951,#11952);
#10408=AXIS2_PLACEMENT_3D('',#15171,#11954,#11955);
#10409=AXIS2_PLACEMENT_3D('',#15172,#11956,#11957);
#10410=AXIS2_PLACEMENT_3D('',#15176,#11960,#11961);
#10411=AXIS2_PLACEMENT_3D('',#15180,#11964,#11965);
#10412=AXIS2_PLACEMENT_3D('',#15184,#11968,#11969);
#10413=AXIS2_PLACEMENT_3D('',#15187,#11971,#11972);
#10414=AXIS2_PLACEMENT_3D('',#15188,#11973,#11974);
#10415=AXIS2_PLACEMENT_3D('',#15192,#11977,#11978);
#10416=AXIS2_PLACEMENT_3D('',#15196,#11980,#11981);
#10417=AXIS2_PLACEMENT_3D('',#15200,#11983,#11984);
#10418=AXIS2_PLACEMENT_3D('',#15203,#11986,#11987);
#10419=AXIS2_PLACEMENT_3D('',#15204,#11988,#11989);
#10420=AXIS2_PLACEMENT_3D('',#15212,#11995,#11996);
#10421=AXIS2_PLACEMENT_3D('',#15213,#11997,#11998);
#10422=AXIS2_PLACEMENT_3D('',#15215,#12000,#12001);
#10423=AXIS2_PLACEMENT_3D('',#15217,#12003,#12004);
#10424=AXIS2_PLACEMENT_3D('',#15219,#12006,#12007);
#10425=AXIS2_PLACEMENT_3D('',#15220,#12008,#12009);
#10426=AXIS2_PLACEMENT_3D('',#15222,#12011,#12012);
#10427=AXIS2_PLACEMENT_3D('',#15224,#12014,#12015);
#10428=AXIS2_PLACEMENT_3D('',#15225,#12016,#12017);
#10429=AXIS2_PLACEMENT_3D('',#15230,#12019,#12020);
#10430=AXIS2_PLACEMENT_3D('',#15234,#12022,#12023);
#10431=AXIS2_PLACEMENT_3D('',#15242,#12027,#12028);
#10432=AXIS2_PLACEMENT_3D('',#15245,#12030,#12031);
#10433=AXIS2_PLACEMENT_3D('',#15246,#12032,#12033);
#10434=AXIS2_PLACEMENT_3D('',#15255,#12038,#12039);
#10435=AXIS2_PLACEMENT_3D('',#15260,#12041,#12042);
#10436=AXIS2_PLACEMENT_3D('',#15264,#12044,#12045);
#10437=AXIS2_PLACEMENT_3D('',#15272,#12049,#12050);
#10438=AXIS2_PLACEMENT_3D('',#15275,#12052,#12053);
#10439=AXIS2_PLACEMENT_3D('',#15276,#12054,#12055);
#10440=AXIS2_PLACEMENT_3D('',#15279,#12058,#12059);
#10441=AXIS2_PLACEMENT_3D('',#15281,#12061,#12062);
#10442=AXIS2_PLACEMENT_3D('',#15283,#12064,#12065);
#10443=AXIS2_PLACEMENT_3D('',#15285,#12067,#12068);
#10444=AXIS2_PLACEMENT_3D('',#15287,#12070,#12071);
#10445=AXIS2_PLACEMENT_3D('',#15289,#12073,#12074);
#10446=AXIS2_PLACEMENT_3D('',#15293,#12076,#12077);
#10447=AXIS2_PLACEMENT_3D('',#15297,#12079,#12080);
#10448=AXIS2_PLACEMENT_3D('',#15299,#12082,#12083);
#10449=AXIS2_PLACEMENT_3D('',#15310,#12090,#12091);
#10450=AXIS2_PLACEMENT_3D('',#15314,#12094,#12095);
#10451=AXIS2_PLACEMENT_3D('',#15326,#12102,#12103);
#10452=AXIS2_PLACEMENT_3D('',#15328,#12104,#12105);
#10453=AXIS2_PLACEMENT_3D('',#15333,#12109,#12110);
#10454=AXIS2_PLACEMENT_3D('',#15334,#12111,#12112);
#10455=AXIS2_PLACEMENT_3D('',#15335,#12113,#12114);
#10456=AXIS2_PLACEMENT_3D('',#15337,#12116,#12117);
#10457=AXIS2_PLACEMENT_3D('',#15339,#12119,#12120);
#10458=AXIS2_PLACEMENT_3D('',#15341,#12122,#12123);
#10459=AXIS2_PLACEMENT_3D('',#15342,#12124,#12125);
#10460=AXIS2_PLACEMENT_3D('',#15344,#12127,#12128);
#10461=AXIS2_PLACEMENT_3D('',#15346,#12130,#12131);
#10462=AXIS2_PLACEMENT_3D('',#15347,#12132,#12133);
#10463=AXIS2_PLACEMENT_3D('',#15356,#12138,#12139);
#10464=AXIS2_PLACEMENT_3D('',#15361,#12141,#12142);
#10465=AXIS2_PLACEMENT_3D('',#15365,#12144,#12145);
#10466=AXIS2_PLACEMENT_3D('',#15373,#12149,#12150);
#10467=AXIS2_PLACEMENT_3D('',#15376,#12152,#12153);
#10468=AXIS2_PLACEMENT_3D('',#15377,#12154,#12155);
#10469=AXIS2_PLACEMENT_3D('',#15386,#12160,#12161);
#10470=AXIS2_PLACEMENT_3D('',#15397,#12168,#12169);
#10471=AXIS2_PLACEMENT_3D('',#15399,#12170,#12171);
#10472=AXIS2_PLACEMENT_3D('',#15404,#12174,#12175);
#10473=AXIS2_PLACEMENT_3D('',#15407,#12177,#12178);
#10474=AXIS2_PLACEMENT_3D('',#15408,#12179,#12180);
#10475=AXIS2_PLACEMENT_3D('',#15412,#12183,#12184);
#10476=AXIS2_PLACEMENT_3D('',#15415,#12186,#12187);
#10477=AXIS2_PLACEMENT_3D('',#15416,#12188,#12189);
#10478=AXIS2_PLACEMENT_3D('',#15420,#12192,#12193);
#10479=AXIS2_PLACEMENT_3D('',#15424,#12196,#12197);
#10480=AXIS2_PLACEMENT_3D('',#15428,#12200,#12201);
#10481=AXIS2_PLACEMENT_3D('',#15431,#12203,#12204);
#10482=AXIS2_PLACEMENT_3D('',#15432,#12205,#12206);
#10483=AXIS2_PLACEMENT_3D('',#15436,#12209,#12210);
#10484=AXIS2_PLACEMENT_3D('',#15440,#12212,#12213);
#10485=AXIS2_PLACEMENT_3D('',#15444,#12215,#12216);
#10486=AXIS2_PLACEMENT_3D('',#15447,#12218,#12219);
#10487=AXIS2_PLACEMENT_3D('',#15448,#12220,#12221);
#10488=AXIS2_PLACEMENT_3D('',#15456,#12227,#12228);
#10489=AXIS2_PLACEMENT_3D('',#15457,#12229,#12230);
#10490=AXIS2_PLACEMENT_3D('',#15459,#12232,#12233);
#10491=AXIS2_PLACEMENT_3D('',#15461,#12235,#12236);
#10492=AXIS2_PLACEMENT_3D('',#15463,#12238,#12239);
#10493=AXIS2_PLACEMENT_3D('',#15464,#12240,#12241);
#10494=AXIS2_PLACEMENT_3D('',#15466,#12243,#12244);
#10495=AXIS2_PLACEMENT_3D('',#15468,#12246,#12247);
#10496=AXIS2_PLACEMENT_3D('',#15469,#12248,#12249);
#10497=AXIS2_PLACEMENT_3D('',#15474,#12251,#12252);
#10498=AXIS2_PLACEMENT_3D('',#15478,#12254,#12255);
#10499=AXIS2_PLACEMENT_3D('',#15486,#12259,#12260);
#10500=AXIS2_PLACEMENT_3D('',#15489,#12262,#12263);
#10501=AXIS2_PLACEMENT_3D('',#15490,#12264,#12265);
#10502=AXIS2_PLACEMENT_3D('',#15499,#12270,#12271);
#10503=AXIS2_PLACEMENT_3D('',#15504,#12273,#12274);
#10504=AXIS2_PLACEMENT_3D('',#15508,#12276,#12277);
#10505=AXIS2_PLACEMENT_3D('',#15516,#12281,#12282);
#10506=AXIS2_PLACEMENT_3D('',#15519,#12284,#12285);
#10507=AXIS2_PLACEMENT_3D('',#15520,#12286,#12287);
#10508=AXIS2_PLACEMENT_3D('',#15523,#12290,#12291);
#10509=AXIS2_PLACEMENT_3D('',#15525,#12293,#12294);
#10510=AXIS2_PLACEMENT_3D('',#15527,#12296,#12297);
#10511=AXIS2_PLACEMENT_3D('',#15529,#12299,#12300);
#10512=AXIS2_PLACEMENT_3D('',#15531,#12302,#12303);
#10513=AXIS2_PLACEMENT_3D('',#15533,#12305,#12306);
#10514=AXIS2_PLACEMENT_3D('',#15537,#12308,#12309);
#10515=AXIS2_PLACEMENT_3D('',#15541,#12311,#12312);
#10516=AXIS2_PLACEMENT_3D('',#15543,#12314,#12315);
#10517=AXIS2_PLACEMENT_3D('',#15554,#12322,#12323);
#10518=AXIS2_PLACEMENT_3D('',#15558,#12326,#12327);
#10519=AXIS2_PLACEMENT_3D('',#15570,#12334,#12335);
#10520=AXIS2_PLACEMENT_3D('',#15572,#12336,#12337);
#10521=AXIS2_PLACEMENT_3D('',#15577,#12341,#12342);
#10522=AXIS2_PLACEMENT_3D('',#15578,#12343,#12344);
#10523=AXIS2_PLACEMENT_3D('',#15579,#12345,#12346);
#10524=AXIS2_PLACEMENT_3D('',#15581,#12348,#12349);
#10525=AXIS2_PLACEMENT_3D('',#15583,#12351,#12352);
#10526=AXIS2_PLACEMENT_3D('',#15585,#12354,#12355);
#10527=AXIS2_PLACEMENT_3D('',#15586,#12356,#12357);
#10528=AXIS2_PLACEMENT_3D('',#15588,#12359,#12360);
#10529=AXIS2_PLACEMENT_3D('',#15590,#12362,#12363);
#10530=AXIS2_PLACEMENT_3D('',#15591,#12364,#12365);
#10531=AXIS2_PLACEMENT_3D('',#15600,#12370,#12371);
#10532=AXIS2_PLACEMENT_3D('',#15605,#12373,#12374);
#10533=AXIS2_PLACEMENT_3D('',#15609,#12376,#12377);
#10534=AXIS2_PLACEMENT_3D('',#15617,#12381,#12382);
#10535=AXIS2_PLACEMENT_3D('',#15620,#12384,#12385);
#10536=AXIS2_PLACEMENT_3D('',#15621,#12386,#12387);
#10537=AXIS2_PLACEMENT_3D('',#15630,#12392,#12393);
#10538=AXIS2_PLACEMENT_3D('',#15641,#12400,#12401);
#10539=AXIS2_PLACEMENT_3D('',#15643,#12402,#12403);
#10540=AXIS2_PLACEMENT_3D('',#15648,#12406,#12407);
#10541=AXIS2_PLACEMENT_3D('',#15651,#12409,#12410);
#10542=AXIS2_PLACEMENT_3D('',#15652,#12411,#12412);
#10543=AXIS2_PLACEMENT_3D('',#15656,#12415,#12416);
#10544=AXIS2_PLACEMENT_3D('',#15659,#12418,#12419);
#10545=AXIS2_PLACEMENT_3D('',#15660,#12420,#12421);
#10546=AXIS2_PLACEMENT_3D('',#15664,#12424,#12425);
#10547=AXIS2_PLACEMENT_3D('',#15668,#12428,#12429);
#10548=AXIS2_PLACEMENT_3D('',#15672,#12432,#12433);
#10549=AXIS2_PLACEMENT_3D('',#15675,#12435,#12436);
#10550=AXIS2_PLACEMENT_3D('',#15676,#12437,#12438);
#10551=AXIS2_PLACEMENT_3D('',#15680,#12441,#12442);
#10552=AXIS2_PLACEMENT_3D('',#15684,#12444,#12445);
#10553=AXIS2_PLACEMENT_3D('',#15688,#12447,#12448);
#10554=AXIS2_PLACEMENT_3D('',#15691,#12450,#12451);
#10555=AXIS2_PLACEMENT_3D('',#15692,#12452,#12453);
#10556=AXIS2_PLACEMENT_3D('',#15700,#12459,#12460);
#10557=AXIS2_PLACEMENT_3D('',#15701,#12461,#12462);
#10558=AXIS2_PLACEMENT_3D('',#15703,#12464,#12465);
#10559=AXIS2_PLACEMENT_3D('',#15705,#12467,#12468);
#10560=AXIS2_PLACEMENT_3D('',#15707,#12470,#12471);
#10561=AXIS2_PLACEMENT_3D('',#15708,#12472,#12473);
#10562=AXIS2_PLACEMENT_3D('',#15710,#12475,#12476);
#10563=AXIS2_PLACEMENT_3D('',#15712,#12478,#12479);
#10564=AXIS2_PLACEMENT_3D('',#15713,#12480,#12481);
#10565=AXIS2_PLACEMENT_3D('',#15718,#12483,#12484);
#10566=AXIS2_PLACEMENT_3D('',#15722,#12486,#12487);
#10567=AXIS2_PLACEMENT_3D('',#15730,#12491,#12492);
#10568=AXIS2_PLACEMENT_3D('',#15733,#12494,#12495);
#10569=AXIS2_PLACEMENT_3D('',#15734,#12496,#12497);
#10570=AXIS2_PLACEMENT_3D('',#15743,#12502,#12503);
#10571=AXIS2_PLACEMENT_3D('',#15748,#12505,#12506);
#10572=AXIS2_PLACEMENT_3D('',#15752,#12508,#12509);
#10573=AXIS2_PLACEMENT_3D('',#15760,#12513,#12514);
#10574=AXIS2_PLACEMENT_3D('',#15763,#12516,#12517);
#10575=AXIS2_PLACEMENT_3D('',#15764,#12518,#12519);
#10576=AXIS2_PLACEMENT_3D('',#15767,#12522,#12523);
#10577=AXIS2_PLACEMENT_3D('',#15769,#12525,#12526);
#10578=AXIS2_PLACEMENT_3D('',#15771,#12528,#12529);
#10579=AXIS2_PLACEMENT_3D('',#15773,#12531,#12532);
#10580=AXIS2_PLACEMENT_3D('',#15775,#12534,#12535);
#10581=AXIS2_PLACEMENT_3D('',#15777,#12537,#12538);
#10582=AXIS2_PLACEMENT_3D('',#15781,#12540,#12541);
#10583=AXIS2_PLACEMENT_3D('',#15785,#12543,#12544);
#10584=AXIS2_PLACEMENT_3D('',#15787,#12546,#12547);
#10585=AXIS2_PLACEMENT_3D('',#15798,#12554,#12555);
#10586=AXIS2_PLACEMENT_3D('',#15802,#12558,#12559);
#10587=AXIS2_PLACEMENT_3D('',#15814,#12566,#12567);
#10588=AXIS2_PLACEMENT_3D('',#15816,#12568,#12569);
#10589=AXIS2_PLACEMENT_3D('',#15821,#12573,#12574);
#10590=AXIS2_PLACEMENT_3D('',#15822,#12575,#12576);
#10591=AXIS2_PLACEMENT_3D('',#15823,#12577,#12578);
#10592=AXIS2_PLACEMENT_3D('',#15825,#12580,#12581);
#10593=AXIS2_PLACEMENT_3D('',#15827,#12583,#12584);
#10594=AXIS2_PLACEMENT_3D('',#15829,#12586,#12587);
#10595=AXIS2_PLACEMENT_3D('',#15830,#12588,#12589);
#10596=AXIS2_PLACEMENT_3D('',#15832,#12591,#12592);
#10597=AXIS2_PLACEMENT_3D('',#15834,#12594,#12595);
#10598=AXIS2_PLACEMENT_3D('',#15835,#12596,#12597);
#10599=AXIS2_PLACEMENT_3D('',#15844,#12602,#12603);
#10600=AXIS2_PLACEMENT_3D('',#15849,#12605,#12606);
#10601=AXIS2_PLACEMENT_3D('',#15853,#12608,#12609);
#10602=AXIS2_PLACEMENT_3D('',#15861,#12613,#12614);
#10603=AXIS2_PLACEMENT_3D('',#15864,#12616,#12617);
#10604=AXIS2_PLACEMENT_3D('',#15865,#12618,#12619);
#10605=AXIS2_PLACEMENT_3D('',#15874,#12624,#12625);
#10606=AXIS2_PLACEMENT_3D('',#15885,#12632,#12633);
#10607=AXIS2_PLACEMENT_3D('',#15887,#12634,#12635);
#10608=AXIS2_PLACEMENT_3D('',#15892,#12638,#12639);
#10609=AXIS2_PLACEMENT_3D('',#15895,#12641,#12642);
#10610=AXIS2_PLACEMENT_3D('',#15896,#12643,#12644);
#10611=AXIS2_PLACEMENT_3D('',#15900,#12647,#12648);
#10612=AXIS2_PLACEMENT_3D('',#15903,#12650,#12651);
#10613=AXIS2_PLACEMENT_3D('',#15904,#12652,#12653);
#10614=AXIS2_PLACEMENT_3D('',#15908,#12656,#12657);
#10615=AXIS2_PLACEMENT_3D('',#15912,#12660,#12661);
#10616=AXIS2_PLACEMENT_3D('',#15916,#12664,#12665);
#10617=AXIS2_PLACEMENT_3D('',#15919,#12667,#12668);
#10618=AXIS2_PLACEMENT_3D('',#15920,#12669,#12670);
#10619=AXIS2_PLACEMENT_3D('',#15924,#12673,#12674);
#10620=AXIS2_PLACEMENT_3D('',#15928,#12676,#12677);
#10621=AXIS2_PLACEMENT_3D('',#15932,#12679,#12680);
#10622=AXIS2_PLACEMENT_3D('',#15935,#12682,#12683);
#10623=AXIS2_PLACEMENT_3D('',#15936,#12684,#12685);
#10624=AXIS2_PLACEMENT_3D('',#15944,#12691,#12692);
#10625=AXIS2_PLACEMENT_3D('',#15945,#12693,#12694);
#10626=AXIS2_PLACEMENT_3D('',#15947,#12696,#12697);
#10627=AXIS2_PLACEMENT_3D('',#15949,#12699,#12700);
#10628=AXIS2_PLACEMENT_3D('',#15951,#12702,#12703);
#10629=AXIS2_PLACEMENT_3D('',#15952,#12704,#12705);
#10630=AXIS2_PLACEMENT_3D('',#15954,#12707,#12708);
#10631=AXIS2_PLACEMENT_3D('',#15956,#12710,#12711);
#10632=AXIS2_PLACEMENT_3D('',#15957,#12712,#12713);
#10633=AXIS2_PLACEMENT_3D('',#15962,#12715,#12716);
#10634=AXIS2_PLACEMENT_3D('',#15966,#12718,#12719);
#10635=AXIS2_PLACEMENT_3D('',#15974,#12723,#12724);
#10636=AXIS2_PLACEMENT_3D('',#15977,#12726,#12727);
#10637=AXIS2_PLACEMENT_3D('',#15978,#12728,#12729);
#10638=AXIS2_PLACEMENT_3D('',#15987,#12734,#12735);
#10639=AXIS2_PLACEMENT_3D('',#15992,#12737,#12738);
#10640=AXIS2_PLACEMENT_3D('',#15996,#12740,#12741);
#10641=AXIS2_PLACEMENT_3D('',#16004,#12745,#12746);
#10642=AXIS2_PLACEMENT_3D('',#16007,#12748,#12749);
#10643=AXIS2_PLACEMENT_3D('',#16008,#12750,#12751);
#10644=AXIS2_PLACEMENT_3D('',#16011,#12754,#12755);
#10645=AXIS2_PLACEMENT_3D('',#16013,#12757,#12758);
#10646=AXIS2_PLACEMENT_3D('',#16015,#12760,#12761);
#10647=AXIS2_PLACEMENT_3D('',#16017,#12763,#12764);
#10648=AXIS2_PLACEMENT_3D('',#16019,#12766,#12767);
#10649=AXIS2_PLACEMENT_3D('',#16021,#12769,#12770);
#10650=AXIS2_PLACEMENT_3D('',#16025,#12772,#12773);
#10651=AXIS2_PLACEMENT_3D('',#16029,#12775,#12776);
#10652=AXIS2_PLACEMENT_3D('',#16031,#12778,#12779);
#10653=AXIS2_PLACEMENT_3D('',#16042,#12786,#12787);
#10654=AXIS2_PLACEMENT_3D('',#16046,#12790,#12791);
#10655=AXIS2_PLACEMENT_3D('',#16058,#12798,#12799);
#10656=AXIS2_PLACEMENT_3D('',#16060,#12800,#12801);
#10657=AXIS2_PLACEMENT_3D('',#16065,#12805,#12806);
#10658=AXIS2_PLACEMENT_3D('',#16066,#12807,#12808);
#10659=AXIS2_PLACEMENT_3D('',#16067,#12809,#12810);
#10660=AXIS2_PLACEMENT_3D('',#16069,#12812,#12813);
#10661=AXIS2_PLACEMENT_3D('',#16071,#12815,#12816);
#10662=AXIS2_PLACEMENT_3D('',#16073,#12818,#12819);
#10663=AXIS2_PLACEMENT_3D('',#16074,#12820,#12821);
#10664=AXIS2_PLACEMENT_3D('',#16076,#12823,#12824);
#10665=AXIS2_PLACEMENT_3D('',#16078,#12826,#12827);
#10666=AXIS2_PLACEMENT_3D('',#16079,#12828,#12829);
#10667=AXIS2_PLACEMENT_3D('',#16088,#12834,#12835);
#10668=AXIS2_PLACEMENT_3D('',#16093,#12837,#12838);
#10669=AXIS2_PLACEMENT_3D('',#16097,#12840,#12841);
#10670=AXIS2_PLACEMENT_3D('',#16105,#12845,#12846);
#10671=AXIS2_PLACEMENT_3D('',#16108,#12848,#12849);
#10672=AXIS2_PLACEMENT_3D('',#16109,#12850,#12851);
#10673=AXIS2_PLACEMENT_3D('',#16118,#12856,#12857);
#10674=AXIS2_PLACEMENT_3D('',#16129,#12864,#12865);
#10675=AXIS2_PLACEMENT_3D('',#16131,#12866,#12867);
#10676=AXIS2_PLACEMENT_3D('',#16136,#12870,#12871);
#10677=AXIS2_PLACEMENT_3D('',#16139,#12873,#12874);
#10678=AXIS2_PLACEMENT_3D('',#16140,#12875,#12876);
#10679=AXIS2_PLACEMENT_3D('',#16144,#12879,#12880);
#10680=AXIS2_PLACEMENT_3D('',#16147,#12882,#12883);
#10681=AXIS2_PLACEMENT_3D('',#16148,#12884,#12885);
#10682=AXIS2_PLACEMENT_3D('',#16152,#12888,#12889);
#10683=AXIS2_PLACEMENT_3D('',#16156,#12892,#12893);
#10684=AXIS2_PLACEMENT_3D('',#16160,#12896,#12897);
#10685=AXIS2_PLACEMENT_3D('',#16163,#12899,#12900);
#10686=AXIS2_PLACEMENT_3D('',#16164,#12901,#12902);
#10687=AXIS2_PLACEMENT_3D('',#16168,#12905,#12906);
#10688=AXIS2_PLACEMENT_3D('',#16172,#12908,#12909);
#10689=AXIS2_PLACEMENT_3D('',#16176,#12911,#12912);
#10690=AXIS2_PLACEMENT_3D('',#16179,#12914,#12915);
#10691=AXIS2_PLACEMENT_3D('',#16180,#12916,#12917);
#10692=AXIS2_PLACEMENT_3D('',#16188,#12923,#12924);
#10693=AXIS2_PLACEMENT_3D('',#16189,#12925,#12926);
#10694=AXIS2_PLACEMENT_3D('',#16191,#12928,#12929);
#10695=AXIS2_PLACEMENT_3D('',#16193,#12931,#12932);
#10696=AXIS2_PLACEMENT_3D('',#16195,#12934,#12935);
#10697=AXIS2_PLACEMENT_3D('',#16196,#12936,#12937);
#10698=AXIS2_PLACEMENT_3D('',#16198,#12939,#12940);
#10699=AXIS2_PLACEMENT_3D('',#16200,#12942,#12943);
#10700=AXIS2_PLACEMENT_3D('',#16201,#12944,#12945);
#10701=AXIS2_PLACEMENT_3D('',#16206,#12947,#12948);
#10702=AXIS2_PLACEMENT_3D('',#16210,#12950,#12951);
#10703=AXIS2_PLACEMENT_3D('',#16218,#12955,#12956);
#10704=AXIS2_PLACEMENT_3D('',#16221,#12958,#12959);
#10705=AXIS2_PLACEMENT_3D('',#16222,#12960,#12961);
#10706=AXIS2_PLACEMENT_3D('',#16231,#12966,#12967);
#10707=AXIS2_PLACEMENT_3D('',#16236,#12969,#12970);
#10708=AXIS2_PLACEMENT_3D('',#16240,#12972,#12973);
#10709=AXIS2_PLACEMENT_3D('',#16248,#12977,#12978);
#10710=AXIS2_PLACEMENT_3D('',#16251,#12980,#12981);
#10711=AXIS2_PLACEMENT_3D('',#16252,#12982,#12983);
#10712=AXIS2_PLACEMENT_3D('',#16255,#12986,#12987);
#10713=AXIS2_PLACEMENT_3D('',#16257,#12989,#12990);
#10714=AXIS2_PLACEMENT_3D('',#16259,#12992,#12993);
#10715=AXIS2_PLACEMENT_3D('',#16261,#12995,#12996);
#10716=AXIS2_PLACEMENT_3D('',#16263,#12998,#12999);
#10717=AXIS2_PLACEMENT_3D('',#16265,#13001,#13002);
#10718=AXIS2_PLACEMENT_3D('',#16269,#13004,#13005);
#10719=AXIS2_PLACEMENT_3D('',#16273,#13007,#13008);
#10720=AXIS2_PLACEMENT_3D('',#16275,#13010,#13011);
#10721=AXIS2_PLACEMENT_3D('',#16286,#13018,#13019);
#10722=AXIS2_PLACEMENT_3D('',#16290,#13022,#13023);
#10723=AXIS2_PLACEMENT_3D('',#16302,#13030,#13031);
#10724=AXIS2_PLACEMENT_3D('',#16304,#13032,#13033);
#10725=AXIS2_PLACEMENT_3D('',#16309,#13037,#13038);
#10726=AXIS2_PLACEMENT_3D('',#16310,#13039,#13040);
#10727=AXIS2_PLACEMENT_3D('',#16311,#13041,#13042);
#10728=AXIS2_PLACEMENT_3D('',#16313,#13044,#13045);
#10729=AXIS2_PLACEMENT_3D('',#16315,#13047,#13048);
#10730=AXIS2_PLACEMENT_3D('',#16317,#13050,#13051);
#10731=AXIS2_PLACEMENT_3D('',#16318,#13052,#13053);
#10732=AXIS2_PLACEMENT_3D('',#16320,#13055,#13056);
#10733=AXIS2_PLACEMENT_3D('',#16322,#13058,#13059);
#10734=AXIS2_PLACEMENT_3D('',#16323,#13060,#13061);
#10735=AXIS2_PLACEMENT_3D('',#16332,#13066,#13067);
#10736=AXIS2_PLACEMENT_3D('',#16337,#13069,#13070);
#10737=AXIS2_PLACEMENT_3D('',#16341,#13072,#13073);
#10738=AXIS2_PLACEMENT_3D('',#16349,#13077,#13078);
#10739=AXIS2_PLACEMENT_3D('',#16352,#13080,#13081);
#10740=AXIS2_PLACEMENT_3D('',#16353,#13082,#13083);
#10741=AXIS2_PLACEMENT_3D('',#16362,#13088,#13089);
#10742=AXIS2_PLACEMENT_3D('',#16373,#13096,#13097);
#10743=AXIS2_PLACEMENT_3D('',#16375,#13098,#13099);
#10744=AXIS2_PLACEMENT_3D('',#16380,#13102,#13103);
#10745=AXIS2_PLACEMENT_3D('',#16383,#13105,#13106);
#10746=AXIS2_PLACEMENT_3D('',#16384,#13107,#13108);
#10747=AXIS2_PLACEMENT_3D('',#16388,#13111,#13112);
#10748=AXIS2_PLACEMENT_3D('',#16391,#13114,#13115);
#10749=AXIS2_PLACEMENT_3D('',#16392,#13116,#13117);
#10750=AXIS2_PLACEMENT_3D('',#16396,#13120,#13121);
#10751=AXIS2_PLACEMENT_3D('',#16400,#13124,#13125);
#10752=AXIS2_PLACEMENT_3D('',#16404,#13128,#13129);
#10753=AXIS2_PLACEMENT_3D('',#16407,#13131,#13132);
#10754=AXIS2_PLACEMENT_3D('',#16408,#13133,#13134);
#10755=AXIS2_PLACEMENT_3D('',#16412,#13137,#13138);
#10756=AXIS2_PLACEMENT_3D('',#16416,#13140,#13141);
#10757=AXIS2_PLACEMENT_3D('',#16420,#13143,#13144);
#10758=AXIS2_PLACEMENT_3D('',#16423,#13146,#13147);
#10759=AXIS2_PLACEMENT_3D('',#16424,#13148,#13149);
#10760=AXIS2_PLACEMENT_3D('',#16432,#13155,#13156);
#10761=AXIS2_PLACEMENT_3D('',#16433,#13157,#13158);
#10762=AXIS2_PLACEMENT_3D('',#16435,#13160,#13161);
#10763=AXIS2_PLACEMENT_3D('',#16437,#13163,#13164);
#10764=AXIS2_PLACEMENT_3D('',#16439,#13166,#13167);
#10765=AXIS2_PLACEMENT_3D('',#16440,#13168,#13169);
#10766=AXIS2_PLACEMENT_3D('',#16442,#13171,#13172);
#10767=AXIS2_PLACEMENT_3D('',#16444,#13174,#13175);
#10768=AXIS2_PLACEMENT_3D('',#16445,#13176,#13177);
#10769=AXIS2_PLACEMENT_3D('',#16450,#13179,#13180);
#10770=AXIS2_PLACEMENT_3D('',#16454,#13182,#13183);
#10771=AXIS2_PLACEMENT_3D('',#16462,#13187,#13188);
#10772=AXIS2_PLACEMENT_3D('',#16465,#13190,#13191);
#10773=AXIS2_PLACEMENT_3D('',#16466,#13192,#13193);
#10774=AXIS2_PLACEMENT_3D('',#16475,#13198,#13199);
#10775=AXIS2_PLACEMENT_3D('',#16480,#13201,#13202);
#10776=AXIS2_PLACEMENT_3D('',#16484,#13204,#13205);
#10777=AXIS2_PLACEMENT_3D('',#16492,#13209,#13210);
#10778=AXIS2_PLACEMENT_3D('',#16495,#13212,#13213);
#10779=AXIS2_PLACEMENT_3D('',#16496,#13214,#13215);
#10780=AXIS2_PLACEMENT_3D('',#16499,#13218,#13219);
#10781=AXIS2_PLACEMENT_3D('',#16501,#13221,#13222);
#10782=AXIS2_PLACEMENT_3D('',#16503,#13224,#13225);
#10783=AXIS2_PLACEMENT_3D('',#16505,#13227,#13228);
#10784=AXIS2_PLACEMENT_3D('',#16507,#13230,#13231);
#10785=AXIS2_PLACEMENT_3D('',#16509,#13233,#13234);
#10786=AXIS2_PLACEMENT_3D('',#16513,#13236,#13237);
#10787=AXIS2_PLACEMENT_3D('',#16517,#13239,#13240);
#10788=AXIS2_PLACEMENT_3D('',#16519,#13242,#13243);
#10789=AXIS2_PLACEMENT_3D('',#16530,#13250,#13251);
#10790=AXIS2_PLACEMENT_3D('',#16534,#13254,#13255);
#10791=AXIS2_PLACEMENT_3D('',#16546,#13262,#13263);
#10792=AXIS2_PLACEMENT_3D('',#16548,#13264,#13265);
#10793=AXIS2_PLACEMENT_3D('',#16553,#13269,#13270);
#10794=AXIS2_PLACEMENT_3D('',#16554,#13271,#13272);
#10795=AXIS2_PLACEMENT_3D('',#16555,#13273,#13274);
#10796=AXIS2_PLACEMENT_3D('',#16557,#13276,#13277);
#10797=AXIS2_PLACEMENT_3D('',#16559,#13279,#13280);
#10798=AXIS2_PLACEMENT_3D('',#16561,#13282,#13283);
#10799=AXIS2_PLACEMENT_3D('',#16562,#13284,#13285);
#10800=AXIS2_PLACEMENT_3D('',#16564,#13287,#13288);
#10801=AXIS2_PLACEMENT_3D('',#16566,#13290,#13291);
#10802=AXIS2_PLACEMENT_3D('',#16567,#13292,#13293);
#10803=AXIS2_PLACEMENT_3D('',#16576,#13298,#13299);
#10804=AXIS2_PLACEMENT_3D('',#16581,#13301,#13302);
#10805=AXIS2_PLACEMENT_3D('',#16585,#13304,#13305);
#10806=AXIS2_PLACEMENT_3D('',#16593,#13309,#13310);
#10807=AXIS2_PLACEMENT_3D('',#16596,#13312,#13313);
#10808=AXIS2_PLACEMENT_3D('',#16597,#13314,#13315);
#10809=AXIS2_PLACEMENT_3D('',#16606,#13320,#13321);
#10810=AXIS2_PLACEMENT_3D('',#16617,#13328,#13329);
#10811=AXIS2_PLACEMENT_3D('',#16619,#13330,#13331);
#10812=AXIS2_PLACEMENT_3D('',#16624,#13334,#13335);
#10813=AXIS2_PLACEMENT_3D('',#16627,#13337,#13338);
#10814=AXIS2_PLACEMENT_3D('',#16628,#13339,#13340);
#10815=AXIS2_PLACEMENT_3D('',#16632,#13343,#13344);
#10816=AXIS2_PLACEMENT_3D('',#16635,#13346,#13347);
#10817=AXIS2_PLACEMENT_3D('',#16636,#13348,#13349);
#10818=AXIS2_PLACEMENT_3D('',#16640,#13352,#13353);
#10819=AXIS2_PLACEMENT_3D('',#16644,#13356,#13357);
#10820=AXIS2_PLACEMENT_3D('',#16648,#13360,#13361);
#10821=AXIS2_PLACEMENT_3D('',#16651,#13363,#13364);
#10822=AXIS2_PLACEMENT_3D('',#16652,#13365,#13366);
#10823=AXIS2_PLACEMENT_3D('',#16656,#13369,#13370);
#10824=AXIS2_PLACEMENT_3D('',#16660,#13372,#13373);
#10825=AXIS2_PLACEMENT_3D('',#16664,#13375,#13376);
#10826=AXIS2_PLACEMENT_3D('',#16667,#13378,#13379);
#10827=AXIS2_PLACEMENT_3D('',#16668,#13380,#13381);
#10828=AXIS2_PLACEMENT_3D('',#16676,#13387,#13388);
#10829=AXIS2_PLACEMENT_3D('',#16677,#13389,#13390);
#10830=AXIS2_PLACEMENT_3D('',#16679,#13392,#13393);
#10831=AXIS2_PLACEMENT_3D('',#16681,#13395,#13396);
#10832=AXIS2_PLACEMENT_3D('',#16683,#13398,#13399);
#10833=AXIS2_PLACEMENT_3D('',#16684,#13400,#13401);
#10834=AXIS2_PLACEMENT_3D('',#16686,#13403,#13404);
#10835=AXIS2_PLACEMENT_3D('',#16688,#13406,#13407);
#10836=AXIS2_PLACEMENT_3D('',#16689,#13408,#13409);
#10837=AXIS2_PLACEMENT_3D('',#16694,#13411,#13412);
#10838=AXIS2_PLACEMENT_3D('',#16698,#13414,#13415);
#10839=AXIS2_PLACEMENT_3D('',#16706,#13419,#13420);
#10840=AXIS2_PLACEMENT_3D('',#16709,#13422,#13423);
#10841=AXIS2_PLACEMENT_3D('',#16710,#13424,#13425);
#10842=AXIS2_PLACEMENT_3D('',#16719,#13430,#13431);
#10843=AXIS2_PLACEMENT_3D('',#16724,#13433,#13434);
#10844=AXIS2_PLACEMENT_3D('',#16728,#13436,#13437);
#10845=AXIS2_PLACEMENT_3D('',#16736,#13441,#13442);
#10846=AXIS2_PLACEMENT_3D('',#16739,#13444,#13445);
#10847=AXIS2_PLACEMENT_3D('',#16740,#13446,#13447);
#10848=AXIS2_PLACEMENT_3D('',#16743,#13450,#13451);
#10849=AXIS2_PLACEMENT_3D('',#16745,#13453,#13454);
#10850=AXIS2_PLACEMENT_3D('',#16747,#13456,#13457);
#10851=AXIS2_PLACEMENT_3D('',#16749,#13459,#13460);
#10852=AXIS2_PLACEMENT_3D('',#16751,#13462,#13463);
#10853=AXIS2_PLACEMENT_3D('',#16753,#13465,#13466);
#10854=AXIS2_PLACEMENT_3D('',#16757,#13468,#13469);
#10855=AXIS2_PLACEMENT_3D('',#16761,#13471,#13472);
#10856=AXIS2_PLACEMENT_3D('',#16763,#13474,#13475);
#10857=AXIS2_PLACEMENT_3D('',#16774,#13482,#13483);
#10858=AXIS2_PLACEMENT_3D('',#16778,#13486,#13487);
#10859=AXIS2_PLACEMENT_3D('',#16790,#13494,#13495);
#10860=AXIS2_PLACEMENT_3D('',#16792,#13496,#13497);
#10861=AXIS2_PLACEMENT_3D('',#16797,#13501,#13502);
#10862=AXIS2_PLACEMENT_3D('',#16798,#13503,#13504);
#10863=AXIS2_PLACEMENT_3D('',#16799,#13505,#13506);
#10864=AXIS2_PLACEMENT_3D('',#16801,#13508,#13509);
#10865=AXIS2_PLACEMENT_3D('',#16803,#13511,#13512);
#10866=AXIS2_PLACEMENT_3D('',#16805,#13514,#13515);
#10867=AXIS2_PLACEMENT_3D('',#16806,#13516,#13517);
#10868=AXIS2_PLACEMENT_3D('',#16808,#13519,#13520);
#10869=AXIS2_PLACEMENT_3D('',#16810,#13522,#13523);
#10870=DIRECTION('axis',(0.,0.,1.));
#10871=DIRECTION('refdir',(1.,0.,0.));
#10872=DIRECTION('center_axis',(0.,0.,-1.));
#10873=DIRECTION('ref_axis',(1.83697019872103E-16,1.,0.));
#10874=DIRECTION('center_axis',(0.,0.,1.));
#10875=DIRECTION('ref_axis',(-1.83697019872103E-16,-1.,0.));
#10876=DIRECTION('',(0.,0.,1.));
#10877=DIRECTION('center_axis',(0.,0.,1.));
#10878=DIRECTION('ref_axis',(-1.83697019872103E-16,-1.,0.));
#10879=DIRECTION('center_axis',(0.,0.,1.));
#10880=DIRECTION('ref_axis',(-1.83697019872103E-16,-1.,0.));
#10881=DIRECTION('center_axis',(0.,0.,1.));
#10882=DIRECTION('ref_axis',(-1.83697019872103E-16,-1.,0.));
#10883=DIRECTION('center_axis',(1.,-1.83697019872103E-16,0.));
#10884=DIRECTION('ref_axis',(0.,0.,1.));
#10885=DIRECTION('',(1.83697019872103E-16,1.,0.));
#10886=DIRECTION('',(0.,0.,1.));
#10887=DIRECTION('',(1.83697019872103E-16,1.,0.));
#10888=DIRECTION('',(0.,0.,1.));
#10889=DIRECTION('center_axis',(-1.83697019872103E-16,-1.,0.));
#10890=DIRECTION('ref_axis',(0.,0.,-1.));
#10891=DIRECTION('',(1.,-1.83697019872103E-16,0.));
#10892=DIRECTION('',(0.,0.,1.));
#10893=DIRECTION('',(1.,-1.83697019872103E-16,0.));
#10894=DIRECTION('center_axis',(1.,-1.83697019872103E-16,0.));
#10895=DIRECTION('ref_axis',(0.,0.,1.));
#10896=DIRECTION('',(1.83697019872103E-16,1.,0.));
#10897=DIRECTION('',(0.,0.,1.));
#10898=DIRECTION('',(1.83697019872103E-16,1.,0.));
#10899=DIRECTION('center_axis',(-1.83697019872103E-16,-1.,0.));
#10900=DIRECTION('ref_axis',(0.,0.,-1.));
#10901=DIRECTION('',(1.,-1.83697019872103E-16,0.));
#10902=DIRECTION('',(0.,0.,1.));
#10903=DIRECTION('',(1.,-1.83697019872103E-16,0.));
#10904=DIRECTION('center_axis',(-1.,1.83697019872103E-16,0.));
#10905=DIRECTION('ref_axis',(0.,0.,-1.));
#10906=DIRECTION('',(-1.83697019872103E-16,-1.,0.));
#10907=DIRECTION('',(0.,0.,1.));
#10908=DIRECTION('',(-1.83697019872103E-16,-1.,0.));
#10909=DIRECTION('center_axis',(-1.83697019872103E-16,-1.,0.));
#10910=DIRECTION('ref_axis',(0.,0.,-1.));
#10911=DIRECTION('',(1.,-1.83697019872103E-16,0.));
#10912=DIRECTION('',(0.,0.,1.));
#10913=DIRECTION('',(1.,-1.83697019872103E-16,0.));
#10914=DIRECTION('center_axis',(-1.,1.83697019872103E-16,0.));
#10915=DIRECTION('ref_axis',(0.,0.,-1.));
#10916=DIRECTION('',(-1.83697019872103E-16,-1.,0.));
#10917=DIRECTION('',(0.,0.,1.));
#10918=DIRECTION('',(-1.83697019872103E-16,-1.,0.));
#10919=DIRECTION('center_axis',(-3.78109444275958E-16,-1.,0.));
#10920=DIRECTION('ref_axis',(1.,-3.78109444275958E-16,0.));
#10921=DIRECTION('',(1.,-3.78109444275958E-16,0.));
#10922=DIRECTION('',(0.,0.,1.));
#10923=DIRECTION('',(1.,-3.78109444275958E-16,0.));
#10924=DIRECTION('center_axis',(1.,-1.83697019872103E-16,0.));
#10925=DIRECTION('ref_axis',(0.,0.,1.));
#10926=DIRECTION('',(1.83697019872103E-16,1.,0.));
#10927=DIRECTION('',(0.,0.,1.));
#10928=DIRECTION('',(1.83697019872103E-16,1.,0.));
#10929=DIRECTION('center_axis',(-1.83697019872103E-16,-1.,0.));
#10930=DIRECTION('ref_axis',(0.,0.,-1.));
#10931=DIRECTION('',(1.,-1.83697019872103E-16,0.));
#10932=DIRECTION('',(0.,0.,1.));
#10933=DIRECTION('',(1.,-1.83697019872103E-16,0.));
#10934=DIRECTION('center_axis',(1.,-4.43386162982404E-16,0.));
#10935=DIRECTION('ref_axis',(4.43386162982404E-16,1.,0.));
#10936=DIRECTION('',(4.43386162982404E-16,1.,0.));
#10937=DIRECTION('',(0.,0.,1.));
#10938=DIRECTION('',(4.43386162982404E-16,1.,0.));
#10939=DIRECTION('center_axis',(-1.62929991651944E-15,-1.,0.));
#10940=DIRECTION('ref_axis',(1.,-1.62929991651944E-15,0.));
#10941=DIRECTION('',(1.,-1.62929991651944E-15,0.));
#10942=DIRECTION('',(0.,0.,1.));
#10943=DIRECTION('',(1.,-1.62929991651944E-15,0.));
#10944=DIRECTION('center_axis',(-1.,1.83697019872103E-16,0.));
#10945=DIRECTION('ref_axis',(0.,0.,-1.));
#10946=DIRECTION('',(-1.83697019872103E-16,-1.,0.));
#10947=DIRECTION('',(0.,0.,1.));
#10948=DIRECTION('',(-1.83697019872103E-16,-1.,0.));
#10949=DIRECTION('center_axis',(-1.83697019872103E-16,-1.,0.));
#10950=DIRECTION('ref_axis',(0.,0.,-1.));
#10951=DIRECTION('',(1.,-1.83697019872103E-16,0.));
#10952=DIRECTION('',(0.,0.,1.));
#10953=DIRECTION('',(1.,-1.83697019872103E-16,0.));
#10954=DIRECTION('center_axis',(-1.,1.83697019872103E-16,0.));
#10955=DIRECTION('ref_axis',(0.,0.,-1.));
#10956=DIRECTION('',(-1.83697019872103E-16,-1.,0.));
#10957=DIRECTION('',(0.,0.,1.));
#10958=DIRECTION('',(-1.83697019872103E-16,-1.,0.));
#10959=DIRECTION('center_axis',(1.83697019872103E-16,1.,0.));
#10960=DIRECTION('ref_axis',(0.,0.,1.));
#10961=DIRECTION('',(-1.,1.83697019872103E-16,0.));
#10962=DIRECTION('',(0.,0.,1.));
#10963=DIRECTION('',(-1.,1.83697019872103E-16,0.));
#10964=DIRECTION('center_axis',(-1.,1.83697019872103E-16,0.));
#10965=DIRECTION('ref_axis',(0.,0.,-1.));
#10966=DIRECTION('',(-1.83697019872103E-16,-1.,0.));
#10967=DIRECTION('',(0.,0.,1.));
#10968=DIRECTION('',(-1.83697019872103E-16,-1.,0.));
#10969=DIRECTION('center_axis',(-1.26190587677524E-15,1.,0.));
#10970=DIRECTION('ref_axis',(-1.,-1.26190587677524E-15,0.));
#10971=DIRECTION('',(-1.,-1.26190587677524E-15,0.));
#10972=DIRECTION('',(0.,0.,1.));
#10973=DIRECTION('',(-1.,-1.26190587677524E-15,0.));
#10974=DIRECTION('center_axis',(1.,7.59921232381984E-17,0.));
#10975=DIRECTION('ref_axis',(-7.59921232381984E-17,1.,0.));
#10976=DIRECTION('',(-7.59921232381984E-17,1.,0.));
#10977=DIRECTION('',(0.,0.,1.));
#10978=DIRECTION('',(-7.59921232381984E-17,1.,0.));
#10979=DIRECTION('center_axis',(1.83697019872103E-16,1.,0.));
#10980=DIRECTION('ref_axis',(0.,0.,1.));
#10981=DIRECTION('',(-1.,1.83697019872103E-16,0.));
#10982=DIRECTION('',(0.,0.,1.));
#10983=DIRECTION('',(-1.,1.83697019872103E-16,0.));
#10984=DIRECTION('center_axis',(1.,-1.83697019872103E-16,0.));
#10985=DIRECTION('ref_axis',(0.,0.,1.));
#10986=DIRECTION('',(1.83697019872103E-16,1.,0.));
#10987=DIRECTION('',(0.,0.,1.));
#10988=DIRECTION('',(1.83697019872103E-16,1.,0.));
#10989=DIRECTION('center_axis',(-1.07154045317524E-17,1.,0.));
#10990=DIRECTION('ref_axis',(-1.,-1.07154045317524E-17,0.));
#10991=DIRECTION('',(-1.,-1.07154045317524E-17,0.));
#10992=DIRECTION('',(0.,0.,1.));
#10993=DIRECTION('',(-1.,-1.07154045317524E-17,0.));
#10994=DIRECTION('center_axis',(-1.,1.83697019872103E-16,0.));
#10995=DIRECTION('ref_axis',(0.,0.,-1.));
#10996=DIRECTION('',(-1.83697019872103E-16,-1.,0.));
#10997=DIRECTION('',(0.,0.,1.));
#10998=DIRECTION('',(-1.83697019872103E-16,-1.,0.));
#10999=DIRECTION('center_axis',(1.83697019872103E-16,1.,0.));
#11000=DIRECTION('ref_axis',(0.,0.,1.));
#11001=DIRECTION('',(-1.,1.83697019872103E-16,0.));
#11002=DIRECTION('',(0.,0.,1.));
#11003=DIRECTION('',(-1.,1.83697019872103E-16,0.));
#11004=DIRECTION('center_axis',(-1.,1.83697019872103E-16,0.));
#11005=DIRECTION('ref_axis',(0.,0.,-1.));
#11006=DIRECTION('',(-1.83697019872103E-16,-1.,0.));
#11007=DIRECTION('',(0.,0.,1.));
#11008=DIRECTION('',(-1.83697019872103E-16,-1.,0.));
#11009=DIRECTION('center_axis',(1.83697019872103E-16,1.,0.));
#11010=DIRECTION('ref_axis',(0.,0.,1.));
#11011=DIRECTION('',(-1.,1.83697019872103E-16,0.));
#11012=DIRECTION('',(0.,0.,1.));
#11013=DIRECTION('',(-1.,1.83697019872103E-16,0.));
#11014=DIRECTION('center_axis',(1.,-1.83697019872103E-16,0.));
#11015=DIRECTION('ref_axis',(0.,0.,1.));
#11016=DIRECTION('',(1.83697019872103E-16,1.,0.));
#11017=DIRECTION('',(0.,0.,1.));
#11018=DIRECTION('',(1.83697019872103E-16,1.,0.));
#11019=DIRECTION('center_axis',(1.83697019872103E-16,1.,0.));
#11020=DIRECTION('ref_axis',(0.,0.,1.));
#11021=DIRECTION('',(-1.,1.83697019872103E-16,0.));
#11022=DIRECTION('',(-1.,1.83697019872103E-16,0.));
#11023=DIRECTION('center_axis',(0.,0.,-1.));
#11024=DIRECTION('ref_axis',(1.83697019872103E-16,1.,0.));
#11025=DIRECTION('center_axis',(0.,0.,-1.));
#11026=DIRECTION('ref_axis',(1.83697019872103E-16,1.,0.));
#11027=DIRECTION('center_axis',(0.,0.,-1.));
#11028=DIRECTION('ref_axis',(1.83697019872103E-16,1.,0.));
#11029=DIRECTION('center_axis',(0.,0.,-1.));
#11030=DIRECTION('ref_axis',(1.83697019872103E-16,1.,0.));
#11031=DIRECTION('center_axis',(1.,-3.06161699786838E-16,0.));
#11032=DIRECTION('ref_axis',(-3.06161699786838E-16,-1.,0.));
#11033=DIRECTION('center_axis',(0.,0.,1.));
#11034=DIRECTION('ref_axis',(1.83697019872103E-16,1.,0.));
#11035=DIRECTION('center_axis',(0.,0.,-1.));
#11036=DIRECTION('ref_axis',(1.83697019872103E-16,1.,0.));
#11037=DIRECTION('',(0.,0.,-1.));
#11038=DIRECTION('center_axis',(0.,0.,-1.));
#11039=DIRECTION('ref_axis',(1.83697019872103E-16,1.,0.));
#11040=DIRECTION('center_axis',(0.,0.,1.));
#11041=DIRECTION('ref_axis',(-1.83697019872103E-16,-1.,0.));
#11042=DIRECTION('center_axis',(0.,0.,1.));
#11043=DIRECTION('ref_axis',(-1.83697019872103E-16,-1.,0.));
#11044=DIRECTION('',(0.,0.,1.));
#11045=DIRECTION('center_axis',(0.,0.,1.));
#11046=DIRECTION('ref_axis',(-1.83697019872103E-16,-1.,0.));
#11047=DIRECTION('center_axis',(0.,0.,1.));
#11048=DIRECTION('ref_axis',(-1.83697019872103E-16,-1.,0.));
#11049=DIRECTION('',(-1.83697019872103E-16,-1.,0.));
#11050=DIRECTION('',(1.,-1.83697019872103E-16,0.));
#11051=DIRECTION('',(1.83697019872103E-16,1.,0.));
#11052=DIRECTION('',(-1.,1.83697019872103E-16,0.));
#11053=DIRECTION('',(1.26190587677523E-15,-1.,0.));
#11054=DIRECTION('',(1.,-1.83697019872103E-16,0.));
#11055=DIRECTION('',(9.78196200712709E-17,1.,0.));
#11056=DIRECTION('',(1.,-1.83697019872103E-16,0.));
#11057=DIRECTION('',(1.62929991651943E-15,1.,0.));
#11058=DIRECTION('',(-1.,1.83697019872103E-16,0.));
#11059=DIRECTION('',(-1.83697019872103E-16,-1.,0.));
#11060=DIRECTION('',(1.,-1.83697019872103E-16,0.));
#11061=DIRECTION('',(1.83697019872103E-16,1.,0.));
#11062=DIRECTION('',(-1.,1.83697019872103E-16,0.));
#11063=DIRECTION('',(-1.83697019872103E-16,-1.,0.));
#11064=DIRECTION('',(1.,-1.83697019872103E-16,0.));
#11065=DIRECTION('',(9.78196200712709E-17,1.,0.));
#11066=DIRECTION('',(1.,-1.83697019872103E-16,0.));
#11067=DIRECTION('',(1.83697019872103E-16,1.,0.));
#11068=DIRECTION('',(-1.,1.83697019872103E-16,0.));
#11069=DIRECTION('center_axis',(1.81090688131394E-16,0.985811790836215,
0.167854440061304));
#11070=DIRECTION('ref_axis',(-3.08343604115621E-17,-0.167854440061304,0.985811790836216));
#11071=DIRECTION('',(-0.171257185108446,0.165374618660054,-0.971247760384431));
#11072=DIRECTION('',(1.,-1.83697019872103E-16,0.));
#11073=DIRECTION('',(-0.171257185108446,-0.165374618660054,0.971247760384431));
#11074=DIRECTION('center_axis',(1.81090688131394E-16,0.985811790836215,
0.167854440061304));
#11075=DIRECTION('ref_axis',(-3.08343604115621E-17,-0.167854440061304,0.985811790836216));
#11076=DIRECTION('',(-0.171257185108446,-0.165374618660054,0.971247760384431));
#11077=DIRECTION('',(0.17125718510844,-0.165374618660054,0.971247760384432));
#11078=DIRECTION('',(-0.171257185108445,-0.165374618660054,0.971247760384431));
#11079=DIRECTION('',(1.,-1.83697019872103E-16,0.));
#11080=DIRECTION('center_axis',(1.81090688131394E-16,0.985811790836215,
0.167854440061304));
#11081=DIRECTION('ref_axis',(-3.08343604115621E-17,-0.167854440061304,0.985811790836216));
#11082=DIRECTION('',(-0.171257185108446,0.165374618660054,-0.971247760384431));
#11083=DIRECTION('',(1.,-1.83697019872103E-16,0.));
#11084=DIRECTION('',(0.171257185108445,-0.165374618660054,0.971247760384431));
#11085=DIRECTION('',(-0.17125718510844,-0.165374618660054,0.971247760384432));
#11086=DIRECTION('center_axis',(1.80906249375285E-16,0.984807753012209,
-0.173648177666925));
#11087=DIRECTION('ref_axis',(3.18986527436355E-17,0.173648177666925,0.984807753012209));
#11088=DIRECTION('',(1.,-1.83697019872103E-16,0.));
#11089=DIRECTION('',(-0.171087869746036,-0.17108786974603,-0.970287525247815));
#11090=DIRECTION('',(-0.171087869746036,0.17108786974603,0.970287525247815));
#11091=DIRECTION('center_axis',(1.80906249375285E-16,0.984807753012209,
-0.173648177666925));
#11092=DIRECTION('ref_axis',(3.18986527436355E-17,0.173648177666925,0.984807753012209));
#11093=DIRECTION('',(-0.171087869746036,0.17108786974603,0.970287525247815));
#11094=DIRECTION('',(1.,-1.83697019872103E-16,0.));
#11095=DIRECTION('',(0.171087869746036,0.17108786974603,0.970287525247815));
#11096=DIRECTION('center_axis',(1.81090688131394E-16,0.985811790836215,
-0.167854440061304));
#11097=DIRECTION('ref_axis',(3.08343604115621E-17,0.167854440061304,0.985811790836216));
#11098=DIRECTION('',(0.171257185108446,-0.165374618660054,-0.971247760384431));
#11099=DIRECTION('',(1.,-1.83697019872103E-16,0.));
#11100=DIRECTION('',(-0.171257185108445,0.165374618660054,0.971247760384431));
#11101=DIRECTION('',(0.17125718510844,0.165374618660054,0.971247760384432));
#11102=DIRECTION('center_axis',(1.81090688131394E-16,0.985811790836215,
-0.167854440061304));
#11103=DIRECTION('ref_axis',(3.08343604115621E-17,0.167854440061304,0.985811790836216));
#11104=DIRECTION('',(0.171257185108446,0.165374618660054,0.971247760384431));
#11105=DIRECTION('',(0.171257185108446,-0.165374618660054,-0.971247760384431));
#11106=DIRECTION('',(1.,-1.83697019872103E-16,0.));
#11107=DIRECTION('center_axis',(0.,0.,1.));
#11108=DIRECTION('ref_axis',(-1.83697019872103E-16,-1.,0.));
#11109=DIRECTION('',(-1.62929991651943E-15,-1.,0.));
#11110=DIRECTION('',(9.78196200712709E-17,1.,0.));
#11111=DIRECTION('',(1.,-1.83697019872103E-16,0.));
#11112=DIRECTION('',(-1.26190587677523E-15,1.,0.));
#11113=DIRECTION('',(1.,-1.83697019872103E-16,0.));
#11114=DIRECTION('',(-1.83697019872103E-16,-1.,0.));
#11115=DIRECTION('',(1.,-1.83697019872103E-16,0.));
#11116=DIRECTION('',(1.83697019872103E-16,1.,0.));
#11117=DIRECTION('',(1.,-1.83697019872103E-16,0.));
#11118=DIRECTION('',(-1.62929991651943E-15,-1.,0.));
#11119=DIRECTION('',(1.,-1.83697019872103E-16,0.));
#11120=DIRECTION('',(9.78196200712709E-17,1.,0.));
#11121=DIRECTION('',(-1.26190587677523E-15,1.,0.));
#11122=DIRECTION('',(1.,-1.83697019872103E-16,0.));
#11123=DIRECTION('',(-1.83697019872103E-16,-1.,0.));
#11124=DIRECTION('',(1.,-1.83697019872103E-16,0.));
#11125=DIRECTION('',(1.83697019872103E-16,1.,0.));
#11126=DIRECTION('',(1.,-1.83697019872103E-16,0.));
#11127=DIRECTION('center_axis',(1.80906249375285E-16,0.984807753012209,
0.173648177666925));
#11128=DIRECTION('ref_axis',(-3.18986527436355E-17,-0.173648177666925,0.984807753012209));
#11129=DIRECTION('',(0.171087869746036,0.17108786974603,-0.970287525247815));
#11130=DIRECTION('',(0.171087869746036,-0.17108786974603,0.970287525247815));
#11131=DIRECTION('center_axis',(1.80906249375285E-16,0.984807753012209,
0.173648177666925));
#11132=DIRECTION('ref_axis',(-3.18986527436355E-17,-0.173648177666925,0.984807753012209));
#11133=DIRECTION('',(0.171087869746036,-0.17108786974603,0.970287525247815));
#11134=DIRECTION('',(-0.171087869746036,-0.17108786974603,0.970287525247815));
#11135=DIRECTION('center_axis',(1.80906249375285E-16,0.984807753012209,
0.173648177666925));
#11136=DIRECTION('ref_axis',(-3.18986527436355E-17,-0.173648177666925,0.984807753012209));
#11137=DIRECTION('',(0.171087869746036,0.17108786974603,-0.970287525247815));
#11138=DIRECTION('',(1.,-1.83697019872103E-16,0.));
#11139=DIRECTION('',(0.171087869746036,-0.17108786974603,0.970287525247815));
#11140=DIRECTION('center_axis',(0.984807753012208,-9.63335202428962E-17,
-0.17364817766693));
#11141=DIRECTION('ref_axis',(0.17364817766693,-3.18986527436366E-17,0.984807753012208));
#11142=DIRECTION('',(0.171257185108445,0.165374618660054,0.971247760384431));
#11143=DIRECTION('',(9.78196200712709E-17,1.,0.));
#11144=DIRECTION('center_axis',(0.984807753012208,-9.63335202428962E-17,
0.17364817766693));
#11145=DIRECTION('ref_axis',(-0.17364817766693,3.18986527436366E-17,0.984807753012208));
#11146=DIRECTION('',(9.78196200712709E-17,1.,0.));
#11147=DIRECTION('center_axis',(0.984807753012209,-9.63335202428963E-17,
-0.173648177666924));
#11148=DIRECTION('ref_axis',(0.173648177666924,-3.18986527436355E-17,0.984807753012209));
#11149=DIRECTION('center_axis',(0.984807753012209,-9.63335202428963E-17,
0.173648177666924));
#11150=DIRECTION('ref_axis',(-0.173648177666924,3.18986527436355E-17,0.984807753012209));
#11151=DIRECTION('',(-0.17125718510844,0.165374618660054,0.971247760384432));
#11152=DIRECTION('center_axis',(1.81090688131394E-16,0.985811790836215,
-0.167854440061304));
#11153=DIRECTION('ref_axis',(3.08343604115621E-17,0.167854440061304,0.985811790836216));
#11154=DIRECTION('',(0.171257185108446,0.165374618660054,0.971247760384431));
#11155=DIRECTION('center_axis',(1.80906249375285E-16,0.984807753012209,
-0.173648177666925));
#11156=DIRECTION('ref_axis',(3.18986527436355E-17,0.173648177666925,0.984807753012209));
#11157=DIRECTION('',(-0.171087869746036,0.17108786974603,0.970287525247815));
#11158=DIRECTION('',(-0.171087869746036,-0.17108786974603,-0.970287525247815));
#11159=DIRECTION('center_axis',(0.,0.,1.));
#11160=DIRECTION('ref_axis',(-1.83697019872103E-16,-1.,0.));
#11161=DIRECTION('center_axis',(-0.984807753012208,1.60454718977048E-15,
-0.173648177666931));
#11162=DIRECTION('ref_axis',(0.173648177666931,-3.18986527436366E-17,-0.984807753012208));
#11163=DIRECTION('',(0.171087869746036,0.171087869746036,-0.970287525247814));
#11164=DIRECTION('',(-1.62929991651943E-15,-1.,0.));
#11165=DIRECTION('center_axis',(-1.80906249375285E-16,-0.984807753012208,
-0.173648177666931));
#11166=DIRECTION('ref_axis',(3.18986527436366E-17,0.173648177666931,-0.984807753012208));
#11167=DIRECTION('',(1.,-1.83697019872103E-16,0.));
#11168=DIRECTION('',(-0.171087869746036,0.171087869746036,-0.970287525247814));
#11169=DIRECTION('center_axis',(0.984807753012208,-1.80906249375285E-16,
-0.173648177666931));
#11170=DIRECTION('ref_axis',(0.173648177666931,-3.18986527436366E-17,0.984807753012208));
#11171=DIRECTION('',(1.83697019872103E-16,1.,0.));
#11172=DIRECTION('center_axis',(-0.984807753012208,1.80906249375285E-16,
-0.173648177666931));
#11173=DIRECTION('ref_axis',(0.173648177666931,-3.18986527436366E-17,-0.984807753012208));
#11174=DIRECTION('',(0.171087869746036,0.171087869746036,-0.970287525247814));
#11175=DIRECTION('',(-1.83697019872103E-16,-1.,0.));
#11176=DIRECTION('center_axis',(-1.80906249375285E-16,-0.984807753012208,
-0.173648177666931));
#11177=DIRECTION('ref_axis',(3.18986527436366E-17,0.173648177666931,-0.984807753012208));
#11178=DIRECTION('',(1.,-1.83697019872103E-16,0.));
#11179=DIRECTION('',(-0.171087869746036,0.171087869746036,-0.970287525247814));
#11180=DIRECTION('center_axis',(0.984807753012208,1.24273469101991E-15,
-0.173648177666931));
#11181=DIRECTION('ref_axis',(0.173648177666931,-3.18986527436366E-17,0.984807753012208));
#11182=DIRECTION('',(-1.26190587677523E-15,1.,0.));
#11183=DIRECTION('center_axis',(0.984807753012208,-1.80906249375285E-16,
0.173648177666931));
#11184=DIRECTION('ref_axis',(-0.173648177666931,3.18986527436366E-17,0.984807753012208));
#11185=DIRECTION('',(-0.171087869746036,0.171087869746036,0.970287525247814));
#11186=DIRECTION('center_axis',(-1.80906249375285E-16,-0.984807753012208,
0.173648177666931));
#11187=DIRECTION('ref_axis',(-3.18986527436366E-17,-0.173648177666931,-0.984807753012208));
#11188=DIRECTION('',(0.171087869746036,0.171087869746036,0.970287525247814));
#11189=DIRECTION('center_axis',(-0.984807753012208,1.80906249375285E-16,
0.173648177666931));
#11190=DIRECTION('ref_axis',(-0.173648177666931,3.18986527436366E-17,-0.984807753012208));
#11191=DIRECTION('center_axis',(0.984807753012208,-1.80906249375285E-16,
0.173648177666931));
#11192=DIRECTION('ref_axis',(-0.173648177666931,3.18986527436366E-17,0.984807753012208));
#11193=DIRECTION('',(-0.171087869746036,0.171087869746036,0.970287525247814));
#11194=DIRECTION('center_axis',(-1.80906249375285E-16,-0.984807753012208,
0.173648177666931));
#11195=DIRECTION('ref_axis',(-3.18986527436366E-17,-0.173648177666931,-0.984807753012208));
#11196=DIRECTION('',(0.171087869746036,0.171087869746036,0.970287525247814));
#11197=DIRECTION('center_axis',(-0.984807753012208,1.60454718977048E-15,
0.173648177666931));
#11198=DIRECTION('ref_axis',(-0.173648177666931,3.18986527436366E-17,-0.984807753012208));
#11199=DIRECTION('center_axis',(-0.984807753012208,-1.24273469101991E-15,
-0.173648177666931));
#11200=DIRECTION('ref_axis',(0.173648177666931,-3.18986527436366E-17,-0.984807753012208));
#11201=DIRECTION('',(-1.26190587677523E-15,1.,0.));
#11202=DIRECTION('',(0.171087869746036,-0.171087869746036,-0.970287525247814));
#11203=DIRECTION('center_axis',(0.984807753012208,-1.80906249375285E-16,
-0.173648177666931));
#11204=DIRECTION('ref_axis',(0.173648177666931,-3.18986527436366E-17,0.984807753012208));
#11205=DIRECTION('',(-0.171087869746036,-0.171087869746036,-0.970287525247814));
#11206=DIRECTION('',(-1.83697019872103E-16,-1.,0.));
#11207=DIRECTION('center_axis',(1.80906249375285E-16,0.984807753012208,
-0.173648177666931));
#11208=DIRECTION('ref_axis',(3.18986527436366E-17,0.173648177666931,0.984807753012208));
#11209=DIRECTION('',(1.,-1.83697019872103E-16,0.));
#11210=DIRECTION('center_axis',(0.984807753012208,-1.60454718977048E-15,
-0.173648177666931));
#11211=DIRECTION('ref_axis',(0.173648177666931,-3.18986527436366E-17,0.984807753012208));
#11212=DIRECTION('',(-0.171087869746036,-0.171087869746036,-0.970287525247814));
#11213=DIRECTION('',(-1.62929991651943E-15,-1.,0.));
#11214=DIRECTION('center_axis',(-0.984807753012208,1.80906249375285E-16,
-0.173648177666931));
#11215=DIRECTION('ref_axis',(0.173648177666931,-3.18986527436366E-17,-0.984807753012208));
#11216=DIRECTION('',(1.83697019872103E-16,1.,0.));
#11217=DIRECTION('',(0.171087869746036,-0.171087869746036,-0.970287525247814));
#11218=DIRECTION('center_axis',(1.80906249375285E-16,0.984807753012208,
-0.173648177666931));
#11219=DIRECTION('ref_axis',(3.18986527436366E-17,0.173648177666931,0.984807753012208));
#11220=DIRECTION('',(1.,-1.83697019872103E-16,0.));
#11221=DIRECTION('center_axis',(-0.984807753012208,1.80906249375285E-16,
0.173648177666931));
#11222=DIRECTION('ref_axis',(-0.173648177666931,3.18986527436366E-17,-0.984807753012208));
#11223=DIRECTION('',(0.171087869746036,-0.171087869746036,0.970287525247814));
#11224=DIRECTION('center_axis',(0.984807753012208,-1.80906249375285E-16,
0.173648177666931));
#11225=DIRECTION('ref_axis',(-0.173648177666931,3.18986527436366E-17,0.984807753012208));
#11226=DIRECTION('',(-0.171087869746036,-0.171087869746036,0.970287525247814));
#11227=DIRECTION('center_axis',(1.80906249375285E-16,0.984807753012208,
0.173648177666931));
#11228=DIRECTION('ref_axis',(-3.18986527436366E-17,-0.173648177666931,0.984807753012208));
#11229=DIRECTION('center_axis',(0.984807753012208,-1.80906249375285E-16,
0.173648177666931));
#11230=DIRECTION('ref_axis',(-0.173648177666931,3.18986527436366E-17,0.984807753012208));
#11231=DIRECTION('',(-0.171087869746036,-0.171087869746036,0.970287525247814));
#11232=DIRECTION('center_axis',(-0.984807753012208,-1.24273469101991E-15,
0.173648177666931));
#11233=DIRECTION('ref_axis',(-0.173648177666931,3.18986527436366E-17,-0.984807753012208));
#11234=DIRECTION('',(0.171087869746036,-0.171087869746036,0.970287525247814));
#11235=DIRECTION('center_axis',(1.80906249375285E-16,0.984807753012208,
0.173648177666931));
#11236=DIRECTION('ref_axis',(-3.18986527436366E-17,-0.173648177666931,0.984807753012208));
#11237=DIRECTION('center_axis',(0.,0.,-1.));
#11238=DIRECTION('ref_axis',(1.83697019872103E-16,1.,0.));
#11239=DIRECTION('center_axis',(0.,0.,1.));
#11240=DIRECTION('ref_axis',(-1.83697019872103E-16,-1.,0.));
#11241=DIRECTION('',(1.,-1.83697019872103E-16,0.));
#11242=DIRECTION('',(-1.,1.83697019872103E-16,0.));
#11243=DIRECTION('',(-1.,1.83697019872103E-16,0.));
#11244=DIRECTION('',(1.,-1.83697019872103E-16,0.));
#11245=DIRECTION('center_axis',(0.,0.,1.));
#11246=DIRECTION('ref_axis',(-1.83697019872103E-16,-1.,0.));
#11247=DIRECTION('',(-1.,1.83697019872103E-16,0.));
#11248=DIRECTION('',(1.,-1.83697019872103E-16,0.));
#11249=DIRECTION('',(-1.,1.83697019872103E-16,0.));
#11250=DIRECTION('',(1.,-1.83697019872103E-16,0.));
#11251=DIRECTION('',(0.,0.,-1.));
#11252=DIRECTION('',(0.,0.,-1.));
#11253=DIRECTION('center_axis',(1.83697019872103E-16,1.,0.));
#11254=DIRECTION('ref_axis',(0.,0.,1.));
#11255=DIRECTION('',(0.,0.,-1.));
#11256=DIRECTION('',(0.,0.,-1.));
#11257=DIRECTION('center_axis',(-1.83697019872103E-16,-1.,0.));
#11258=DIRECTION('ref_axis',(0.,0.,-1.));
#11259=DIRECTION('',(0.,0.,-1.));
#11260=DIRECTION('',(0.,0.,-1.));
#11261=DIRECTION('center_axis',(-1.83697019872103E-16,-1.,0.));
#11262=DIRECTION('ref_axis',(0.,0.,-1.));
#11263=DIRECTION('',(0.,0.,-1.));
#11264=DIRECTION('',(0.,0.,-1.));
#11265=DIRECTION('center_axis',(1.83697019872103E-16,1.,0.));
#11266=DIRECTION('ref_axis',(0.,0.,1.));
#11267=DIRECTION('center_axis',(0.,0.,-1.));
#11268=DIRECTION('ref_axis',(1.83697019872103E-16,1.,0.));
#11269=DIRECTION('',(1.,-1.83697019872103E-16,0.));
#11270=DIRECTION('',(-1.83697019872103E-16,-1.,0.));
#11271=DIRECTION('',(1.,-1.83697019872103E-16,0.));
#11272=DIRECTION('',(-1.,1.83697019872103E-16,0.));
#11273=DIRECTION('',(1.,-1.83697019872103E-16,0.));
#11274=DIRECTION('',(1.83697019872103E-16,1.,0.));
#11275=DIRECTION('',(1.,-1.83697019872103E-16,0.));
#11276=DIRECTION('',(-1.83697019872103E-16,-1.,0.));
#11277=DIRECTION('',(-1.,1.83697019872103E-16,0.));
#11278=DIRECTION('center_axis',(0.,0.,-1.));
#11279=DIRECTION('ref_axis',(1.83697019872103E-16,1.,0.));
#11280=DIRECTION('',(1.83697019872103E-16,1.,0.));
#11281=DIRECTION('',(1.,-1.83697019872103E-16,0.));
#11282=DIRECTION('',(-1.,1.83697019872103E-16,0.));
#11283=DIRECTION('',(1.,-1.83697019872103E-16,0.));
#11284=DIRECTION('',(-1.83697019872103E-16,-1.,0.));
#11285=DIRECTION('',(1.,-1.83697019872103E-16,0.));
#11286=DIRECTION('',(1.,-1.83697019872103E-16,0.));
#11287=DIRECTION('',(-1.,1.83697019872103E-16,0.));
#11288=DIRECTION('',(-1.83697019872103E-16,-1.,0.));
#11289=DIRECTION('',(0.,0.,-1.));
#11290=DIRECTION('',(0.,0.,-1.));
#11291=DIRECTION('center_axis',(1.83697019872103E-16,1.,0.));
#11292=DIRECTION('ref_axis',(0.,0.,1.));
#11293=DIRECTION('',(0.,0.,-1.));
#11294=DIRECTION('center_axis',(1.,-1.83697019872103E-16,0.));
#11295=DIRECTION('ref_axis',(0.,0.,1.));
#11296=DIRECTION('',(0.,0.,-1.));
#11297=DIRECTION('center_axis',(1.83697019872103E-16,1.,0.));
#11298=DIRECTION('ref_axis',(0.,0.,1.));
#11299=DIRECTION('',(0.,0.,-1.));
#11300=DIRECTION('',(0.,0.,-1.));
#11301=DIRECTION('center_axis',(-1.83697019872103E-16,-1.,0.));
#11302=DIRECTION('ref_axis',(0.,0.,-1.));
#11303=DIRECTION('',(0.,0.,-1.));
#11304=DIRECTION('',(0.,0.,-1.));
#11305=DIRECTION('center_axis',(1.83697019872103E-16,1.,0.));
#11306=DIRECTION('ref_axis',(0.,0.,1.));
#11307=DIRECTION('',(0.,0.,-1.));
#11308=DIRECTION('center_axis',(-1.,1.83697019872103E-16,0.));
#11309=DIRECTION('ref_axis',(0.,0.,-1.));
#11310=DIRECTION('',(0.,0.,-1.));
#11311=DIRECTION('',(0.,0.,-1.));
#11312=DIRECTION('center_axis',(-1.83697019872103E-16,-1.,0.));
#11313=DIRECTION('ref_axis',(0.,0.,-1.));
#11314=DIRECTION('',(0.,0.,-1.));
#11315=DIRECTION('center_axis',(1.,-1.83697019872103E-16,0.));
#11316=DIRECTION('ref_axis',(0.,0.,1.));
#11317=DIRECTION('',(0.,0.,-1.));
#11318=DIRECTION('center_axis',(1.83697019872103E-16,1.,0.));
#11319=DIRECTION('ref_axis',(0.,0.,1.));
#11320=DIRECTION('',(0.,0.,-1.));
#11321=DIRECTION('',(0.,0.,-1.));
#11322=DIRECTION('center_axis',(-1.83697019872103E-16,-1.,0.));
#11323=DIRECTION('ref_axis',(0.,0.,-1.));
#11324=DIRECTION('',(-1.,1.83697019872103E-16,0.));
#11325=DIRECTION('',(0.,0.,-1.));
#11326=DIRECTION('',(-1.,1.83697019872103E-16,0.));
#11327=DIRECTION('center_axis',(-1.,1.83697019872103E-16,0.));
#11328=DIRECTION('ref_axis',(0.,0.,-1.));
#11329=DIRECTION('',(1.83697019872103E-16,1.,0.));
#11330=DIRECTION('',(0.,0.,-1.));
#11331=DIRECTION('',(1.83697019872103E-16,1.,0.));
#11332=DIRECTION('center_axis',(-1.83697019872103E-16,-1.,0.));
#11333=DIRECTION('ref_axis',(0.,0.,-1.));
#11334=DIRECTION('',(-1.,1.83697019872103E-16,0.));
#11335=DIRECTION('',(0.,0.,-1.));
#11336=DIRECTION('',(-1.,1.83697019872103E-16,0.));
#11337=DIRECTION('center_axis',(1.,-1.83697019872103E-16,0.));
#11338=DIRECTION('ref_axis',(0.,0.,1.));
#11339=DIRECTION('',(-1.83697019872103E-16,-1.,0.));
#11340=DIRECTION('',(0.,0.,-1.));
#11341=DIRECTION('',(-1.83697019872103E-16,-1.,0.));
#11342=DIRECTION('center_axis',(-1.83697019872103E-16,-1.,0.));
#11343=DIRECTION('ref_axis',(0.,0.,-1.));
#11344=DIRECTION('',(-1.,1.83697019872103E-16,0.));
#11345=DIRECTION('',(0.,0.,-1.));
#11346=DIRECTION('',(-1.,1.83697019872103E-16,0.));
#11347=DIRECTION('center_axis',(1.,-1.83697019872103E-16,0.));
#11348=DIRECTION('ref_axis',(0.,0.,1.));
#11349=DIRECTION('',(-1.83697019872103E-16,-1.,0.));
#11350=DIRECTION('',(0.,0.,-1.));
#11351=DIRECTION('',(-1.83697019872103E-16,-1.,0.));
#11352=DIRECTION('center_axis',(1.83697019872103E-16,1.,0.));
#11353=DIRECTION('ref_axis',(0.,0.,1.));
#11354=DIRECTION('',(1.,-1.83697019872103E-16,0.));
#11355=DIRECTION('',(0.,0.,-1.));
#11356=DIRECTION('',(1.,-1.83697019872103E-16,0.));
#11357=DIRECTION('center_axis',(1.,-1.83697019872103E-16,0.));
#11358=DIRECTION('ref_axis',(0.,0.,1.));
#11359=DIRECTION('',(-1.83697019872103E-16,-1.,0.));
#11360=DIRECTION('',(0.,0.,-1.));
#11361=DIRECTION('',(-1.83697019872103E-16,-1.,0.));
#11362=DIRECTION('center_axis',(1.83697019872103E-16,1.,0.));
#11363=DIRECTION('ref_axis',(0.,0.,1.));
#11364=DIRECTION('',(1.,-1.83697019872103E-16,0.));
#11365=DIRECTION('',(0.,0.,-1.));
#11366=DIRECTION('',(1.,-1.83697019872103E-16,0.));
#11367=DIRECTION('center_axis',(-1.,1.83697019872103E-16,0.));
#11368=DIRECTION('ref_axis',(0.,0.,-1.));
#11369=DIRECTION('',(1.83697019872103E-16,1.,0.));
#11370=DIRECTION('',(0.,0.,-1.));
#11371=DIRECTION('',(1.83697019872103E-16,1.,0.));
#11372=DIRECTION('center_axis',(1.83697019872103E-16,1.,0.));
#11373=DIRECTION('ref_axis',(0.,0.,1.));
#11374=DIRECTION('',(1.,-1.83697019872103E-16,0.));
#11375=DIRECTION('',(0.,0.,-1.));
#11376=DIRECTION('',(1.,-1.83697019872103E-16,0.));
#11377=DIRECTION('',(0.,0.,-1.));
#11378=DIRECTION('center_axis',(1.83697019872103E-16,1.,0.));
#11379=DIRECTION('ref_axis',(0.,0.,1.));
#11380=DIRECTION('',(1.,-1.83697019872103E-16,0.));
#11381=DIRECTION('',(1.,-1.83697019872103E-16,0.));
#11382=DIRECTION('center_axis',(0.,0.,-1.));
#11383=DIRECTION('ref_axis',(1.83697019872103E-16,1.,0.));
#11384=DIRECTION('center_axis',(0.,0.,-1.));
#11385=DIRECTION('ref_axis',(1.83697019872103E-16,1.,0.));
#11386=DIRECTION('',(0.,0.,-1.));
#11387=DIRECTION('',(0.,0.,-1.));
#11388=DIRECTION('center_axis',(1.83697019872103E-16,1.,0.));
#11389=DIRECTION('ref_axis',(0.,0.,1.));
#11390=DIRECTION('',(1.,-1.83697019872103E-16,0.));
#11391=DIRECTION('',(0.,0.,-1.));
#11392=DIRECTION('',(1.,-1.83697019872103E-16,0.));
#11393=DIRECTION('center_axis',(-1.,1.83697019872103E-16,0.));
#11394=DIRECTION('ref_axis',(0.,0.,-1.));
#11395=DIRECTION('',(1.83697019872103E-16,1.,0.));
#11396=DIRECTION('',(0.,0.,-1.));
#11397=DIRECTION('',(1.83697019872103E-16,1.,0.));
#11398=DIRECTION('center_axis',(-1.83697019872103E-16,-1.,0.));
#11399=DIRECTION('ref_axis',(0.,0.,-1.));
#11400=DIRECTION('',(-1.,1.83697019872103E-16,0.));
#11401=DIRECTION('',(0.,0.,-1.));
#11402=DIRECTION('',(-1.,1.83697019872103E-16,0.));
#11403=DIRECTION('center_axis',(1.,-1.83697019872103E-16,0.));
#11404=DIRECTION('ref_axis',(0.,0.,1.));
#11405=DIRECTION('',(-1.83697019872103E-16,-1.,0.));
#11406=DIRECTION('',(0.,0.,-1.));
#11407=DIRECTION('',(-1.83697019872103E-16,-1.,0.));
#11408=DIRECTION('center_axis',(1.83697019872103E-16,1.,0.));
#11409=DIRECTION('ref_axis',(0.,0.,1.));
#11410=DIRECTION('',(1.,-1.83697019872103E-16,0.));
#11411=DIRECTION('',(0.,0.,-1.));
#11412=DIRECTION('',(1.,-1.83697019872103E-16,0.));
#11413=DIRECTION('',(0.,0.,-1.));
#11414=DIRECTION('center_axis',(-1.83697019872103E-16,-1.,0.));
#11415=DIRECTION('ref_axis',(0.,0.,-1.));
#11416=DIRECTION('',(-1.,1.83697019872103E-16,0.));
#11417=DIRECTION('',(0.,0.,-1.));
#11418=DIRECTION('',(-1.,1.83697019872103E-16,0.));
#11419=DIRECTION('center_axis',(1.,-1.83697019872103E-16,0.));
#11420=DIRECTION('ref_axis',(0.,0.,1.));
#11421=DIRECTION('',(-1.83697019872103E-16,-1.,0.));
#11422=DIRECTION('',(0.,0.,-1.));
#11423=DIRECTION('',(-1.83697019872103E-16,-1.,0.));
#11424=DIRECTION('center_axis',(1.83697019872103E-16,1.,0.));
#11425=DIRECTION('ref_axis',(0.,0.,1.));
#11426=DIRECTION('',(1.,-1.83697019872103E-16,0.));
#11427=DIRECTION('',(1.,-1.83697019872103E-16,0.));
#11428=DIRECTION('center_axis',(0.,0.,-1.));
#11429=DIRECTION('ref_axis',(1.83697019872103E-16,1.,0.));
#11430=DIRECTION('center_axis',(0.,0.,-1.));
#11431=DIRECTION('ref_axis',(1.83697019872103E-16,1.,0.));
#11432=DIRECTION('',(0.,0.,-1.));
#11433=DIRECTION('',(0.,0.,-1.));
#11434=DIRECTION('center_axis',(1.83697019872103E-16,1.,0.));
#11435=DIRECTION('ref_axis',(0.,0.,1.));
#11436=DIRECTION('',(1.,-1.83697019872103E-16,0.));
#11437=DIRECTION('',(0.,0.,-1.));
#11438=DIRECTION('',(1.,-1.83697019872103E-16,0.));
#11439=DIRECTION('center_axis',(-1.,1.83697019872103E-16,0.));
#11440=DIRECTION('ref_axis',(0.,0.,-1.));
#11441=DIRECTION('',(1.83697019872103E-16,1.,0.));
#11442=DIRECTION('',(0.,0.,-1.));
#11443=DIRECTION('',(1.83697019872103E-16,1.,0.));
#11444=DIRECTION('center_axis',(-1.83697019872103E-16,-1.,0.));
#11445=DIRECTION('ref_axis',(0.,0.,-1.));
#11446=DIRECTION('',(-1.,1.83697019872103E-16,0.));
#11447=DIRECTION('',(0.,0.,-1.));
#11448=DIRECTION('',(-1.,1.83697019872103E-16,0.));
#11449=DIRECTION('center_axis',(1.,-1.83697019872103E-16,0.));
#11450=DIRECTION('ref_axis',(0.,0.,1.));
#11451=DIRECTION('',(-1.83697019872103E-16,-1.,0.));
#11452=DIRECTION('',(0.,0.,-1.));
#11453=DIRECTION('',(-1.83697019872103E-16,-1.,0.));
#11454=DIRECTION('center_axis',(1.83697019872103E-16,1.,0.));
#11455=DIRECTION('ref_axis',(0.,0.,1.));
#11456=DIRECTION('',(1.,-1.83697019872103E-16,0.));
#11457=DIRECTION('',(0.,0.,-1.));
#11458=DIRECTION('',(1.,-1.83697019872103E-16,0.));
#11459=DIRECTION('',(0.,0.,-1.));
#11460=DIRECTION('center_axis',(-1.83697019872103E-16,-1.,0.));
#11461=DIRECTION('ref_axis',(0.,0.,-1.));
#11462=DIRECTION('',(-1.,1.83697019872103E-16,0.));
#11463=DIRECTION('',(0.,0.,-1.));
#11464=DIRECTION('',(-1.,1.83697019872103E-16,0.));
#11465=DIRECTION('center_axis',(1.,-1.83697019872103E-16,0.));
#11466=DIRECTION('ref_axis',(0.,0.,1.));
#11467=DIRECTION('',(-1.83697019872103E-16,-1.,0.));
#11468=DIRECTION('',(0.,0.,-1.));
#11469=DIRECTION('',(-1.83697019872103E-16,-1.,0.));
#11470=DIRECTION('center_axis',(1.83697019872103E-16,1.,0.));
#11471=DIRECTION('ref_axis',(0.,0.,1.));
#11472=DIRECTION('',(1.,-1.83697019872103E-16,0.));
#11473=DIRECTION('',(1.,-1.83697019872103E-16,0.));
#11474=DIRECTION('center_axis',(0.,0.,-1.));
#11475=DIRECTION('ref_axis',(1.83697019872103E-16,1.,0.));
#11476=DIRECTION('center_axis',(0.,0.,-1.));
#11477=DIRECTION('ref_axis',(1.83697019872103E-16,1.,0.));
#11478=DIRECTION('',(0.,0.,-1.));
#11479=DIRECTION('',(0.,0.,-1.));
#11480=DIRECTION('center_axis',(1.83697019872103E-16,1.,0.));
#11481=DIRECTION('ref_axis',(0.,0.,1.));
#11482=DIRECTION('',(1.,-1.83697019872103E-16,0.));
#11483=DIRECTION('',(0.,0.,-1.));
#11484=DIRECTION('',(1.,-1.83697019872103E-16,0.));
#11485=DIRECTION('center_axis',(-1.,1.83697019872103E-16,0.));
#11486=DIRECTION('ref_axis',(0.,0.,-1.));
#11487=DIRECTION('',(1.83697019872103E-16,1.,0.));
#11488=DIRECTION('',(0.,0.,-1.));
#11489=DIRECTION('',(1.83697019872103E-16,1.,0.));
#11490=DIRECTION('center_axis',(-1.83697019872103E-16,-1.,0.));
#11491=DIRECTION('ref_axis',(0.,0.,-1.));
#11492=DIRECTION('',(-1.,1.83697019872103E-16,0.));
#11493=DIRECTION('',(0.,0.,-1.));
#11494=DIRECTION('',(-1.,1.83697019872103E-16,0.));
#11495=DIRECTION('center_axis',(1.,-1.83697019872103E-16,0.));
#11496=DIRECTION('ref_axis',(0.,0.,1.));
#11497=DIRECTION('',(-1.83697019872103E-16,-1.,0.));
#11498=DIRECTION('',(0.,0.,-1.));
#11499=DIRECTION('',(-1.83697019872103E-16,-1.,0.));
#11500=DIRECTION('center_axis',(1.83697019872103E-16,1.,0.));
#11501=DIRECTION('ref_axis',(0.,0.,1.));
#11502=DIRECTION('',(1.,-1.83697019872103E-16,0.));
#11503=DIRECTION('',(0.,0.,-1.));
#11504=DIRECTION('',(1.,-1.83697019872103E-16,0.));
#11505=DIRECTION('',(0.,0.,-1.));
#11506=DIRECTION('center_axis',(-1.83697019872103E-16,-1.,0.));
#11507=DIRECTION('ref_axis',(0.,0.,-1.));
#11508=DIRECTION('',(-1.,1.83697019872103E-16,0.));
#11509=DIRECTION('',(0.,0.,-1.));
#11510=DIRECTION('',(-1.,1.83697019872103E-16,0.));
#11511=DIRECTION('center_axis',(1.,-1.83697019872103E-16,0.));
#11512=DIRECTION('ref_axis',(0.,0.,1.));
#11513=DIRECTION('',(-1.83697019872103E-16,-1.,0.));
#11514=DIRECTION('',(0.,0.,-1.));
#11515=DIRECTION('',(-1.83697019872103E-16,-1.,0.));
#11516=DIRECTION('center_axis',(1.83697019872103E-16,1.,0.));
#11517=DIRECTION('ref_axis',(0.,0.,1.));
#11518=DIRECTION('',(1.,-1.83697019872103E-16,0.));
#11519=DIRECTION('',(1.,-1.83697019872103E-16,0.));
#11520=DIRECTION('center_axis',(0.,0.,-1.));
#11521=DIRECTION('ref_axis',(1.83697019872103E-16,1.,0.));
#11522=DIRECTION('center_axis',(0.,0.,-1.));
#11523=DIRECTION('ref_axis',(1.83697019872103E-16,1.,0.));
#11524=DIRECTION('',(0.,0.,-1.));
#11525=DIRECTION('',(0.,0.,-1.));
#11526=DIRECTION('center_axis',(-0.434452710838473,0.900694644174763,0.));
#11527=DIRECTION('ref_axis',(-0.900694644174763,-0.434452710838473,0.));
#11528=DIRECTION('',(0.900694644174763,0.434452710838473,0.));
#11529=DIRECTION('',(0.,0.,-1.));
#11530=DIRECTION('',(0.900694644174763,0.434452710838473,0.));
#11531=DIRECTION('',(0.,0.,-1.));
#11532=DIRECTION('center_axis',(-0.21914499738683,0.975692302993278,0.));
#11533=DIRECTION('ref_axis',(-0.975692302993278,-0.21914499738683,0.));
#11534=DIRECTION('',(0.975692302993278,0.21914499738683,0.));
#11535=DIRECTION('',(0.,0.,-1.));
#11536=DIRECTION('',(0.975692302993278,0.21914499738683,0.));
#11537=DIRECTION('center_axis',(0.,0.,-1.));
#11538=DIRECTION('ref_axis',(1.83697019872103E-16,1.,0.));
#11539=DIRECTION('center_axis',(0.,0.,1.));
#11540=DIRECTION('ref_axis',(-1.83697019872103E-16,-1.,0.));
#11541=DIRECTION('',(0.,0.,-1.));
#11542=DIRECTION('center_axis',(0.,0.,1.));
#11543=DIRECTION('ref_axis',(-1.83697019872103E-16,-1.,0.));
#11544=DIRECTION('center_axis',(-0.997296346273274,0.07348467670187,0.));
#11545=DIRECTION('ref_axis',(-0.07348467670187,-0.997296346273274,0.));
#11546=DIRECTION('',(0.07348467670187,0.997296346273274,0.));
#11547=DIRECTION('',(0.,0.,-1.));
#11548=DIRECTION('',(0.07348467670187,0.997296346273274,0.));
#11549=DIRECTION('center_axis',(-1.83697019872103E-16,-1.,0.));
#11550=DIRECTION('ref_axis',(0.,0.,-1.));
#11551=DIRECTION('',(-1.,1.83697019872103E-16,0.));
#11552=DIRECTION('',(0.,0.,-1.));
#11553=DIRECTION('',(-1.,1.83697019872103E-16,0.));
#11554=DIRECTION('center_axis',(0.999766767589142,0.0215965373233492,0.));
#11555=DIRECTION('ref_axis',(-0.0215965373233492,0.999766767589142,0.));
#11556=DIRECTION('',(0.0215965373233492,-0.999766767589142,0.));
#11557=DIRECTION('',(0.,0.,-1.));
#11558=DIRECTION('',(0.0215965373233492,-0.999766767589142,0.));
#11559=DIRECTION('center_axis',(0.,0.,-1.));
#11560=DIRECTION('ref_axis',(1.83697019872103E-16,1.,0.));
#11561=DIRECTION('center_axis',(0.,0.,-1.));
#11562=DIRECTION('ref_axis',(-1.83697019872103E-16,-1.,0.));
#11563=DIRECTION('',(0.,0.,-1.));
#11564=DIRECTION('center_axis',(0.,0.,-1.));
#11565=DIRECTION('ref_axis',(-1.83697019872103E-16,-1.,0.));
#11566=DIRECTION('center_axis',(0.22394412840146,-0.974601984070682,0.));
#11567=DIRECTION('ref_axis',(0.974601984070682,0.223944128401461,0.));
#11568=DIRECTION('',(-0.974601984070682,-0.22394412840146,0.));
#11569=DIRECTION('',(-0.974601984070682,-0.22394412840146,0.));
#11570=DIRECTION('center_axis',(0.,0.,1.));
#11571=DIRECTION('ref_axis',(-1.83697019872103E-16,-1.,0.));
#11572=DIRECTION('center_axis',(0.,0.,1.));
#11573=DIRECTION('ref_axis',(-1.83697019872103E-16,-1.,0.));
#11574=DIRECTION('center_axis',(0.,0.,-1.));
#11575=DIRECTION('ref_axis',(1.83697019872103E-16,1.,0.));
#11576=DIRECTION('center_axis',(0.,0.,1.));
#11577=DIRECTION('ref_axis',(-1.83697019872103E-16,-1.,0.));
#11578=DIRECTION('',(0.,0.,1.));
#11579=DIRECTION('center_axis',(0.,0.,1.));
#11580=DIRECTION('ref_axis',(-1.83697019872103E-16,-1.,0.));
#11581=DIRECTION('center_axis',(0.,0.,1.));
#11582=DIRECTION('ref_axis',(-1.83697019872103E-16,-1.,0.));
#11583=DIRECTION('center_axis',(0.,0.,1.));
#11584=DIRECTION('ref_axis',(-1.83697019872103E-16,-1.,0.));
#11585=DIRECTION('center_axis',(0.,0.,-1.));
#11586=DIRECTION('ref_axis',(1.83697019872103E-16,1.,0.));
#11587=DIRECTION('center_axis',(0.,0.,1.));
#11588=DIRECTION('ref_axis',(-1.83697019872103E-16,-1.,0.));
#11589=DIRECTION('',(0.,0.,1.));
#11590=DIRECTION('center_axis',(0.,0.,1.));
#11591=DIRECTION('ref_axis',(-1.83697019872103E-16,-1.,0.));
#11592=DIRECTION('center_axis',(0.,0.,1.));
#11593=DIRECTION('ref_axis',(-1.83697019872103E-16,-1.,0.));
#11594=DIRECTION('center_axis',(0.,0.,1.));
#11595=DIRECTION('ref_axis',(-1.83697019872103E-16,-1.,0.));
#11596=DIRECTION('center_axis',(1.83697019872103E-16,1.,0.));
#11597=DIRECTION('ref_axis',(0.,0.,1.));
#11598=DIRECTION('',(1.,-1.83697019872103E-16,0.));
#11599=DIRECTION('',(0.,0.,-1.));
#11600=DIRECTION('',(1.,-1.83697019872103E-16,0.));
#11601=DIRECTION('',(0.,0.,-1.));
#11602=DIRECTION('center_axis',(-1.,1.83697019872103E-16,0.));
#11603=DIRECTION('ref_axis',(0.,0.,-1.));
#11604=DIRECTION('',(1.83697019872103E-16,1.,0.));
#11605=DIRECTION('',(0.,0.,-1.));
#11606=DIRECTION('',(1.83697019872103E-16,1.,0.));
#11607=DIRECTION('center_axis',(-1.83697019872103E-16,-1.,0.));
#11608=DIRECTION('ref_axis',(0.,0.,-1.));
#11609=DIRECTION('',(-1.,1.83697019872103E-16,0.));
#11610=DIRECTION('',(0.,0.,-1.));
#11611=DIRECTION('',(-1.,1.83697019872103E-16,0.));
#11612=DIRECTION('center_axis',(1.,-1.83697019872103E-16,0.));
#11613=DIRECTION('ref_axis',(0.,0.,1.));
#11614=DIRECTION('',(-1.83697019872103E-16,-1.,0.));
#11615=DIRECTION('',(-1.83697019872103E-16,-1.,0.));
#11616=DIRECTION('center_axis',(0.,0.,1.));
#11617=DIRECTION('ref_axis',(-1.83697019872103E-16,-1.,0.));
#11618=DIRECTION('center_axis',(0.,0.,1.));
#11619=DIRECTION('ref_axis',(-1.83697019872103E-16,-1.,0.));
#11620=DIRECTION('center_axis',(1.83697019872103E-16,1.,0.));
#11621=DIRECTION('ref_axis',(0.,0.,1.));
#11622=DIRECTION('',(1.,-1.83697019872103E-16,0.));
#11623=DIRECTION('',(0.,0.,-1.));
#11624=DIRECTION('',(1.,-1.83697019872103E-16,0.));
#11625=DIRECTION('',(0.,0.,-1.));
#11626=DIRECTION('center_axis',(-1.,1.83697019872103E-16,0.));
#11627=DIRECTION('ref_axis',(0.,0.,-1.));
#11628=DIRECTION('',(1.83697019872103E-16,1.,0.));
#11629=DIRECTION('',(0.,0.,-1.));
#11630=DIRECTION('',(1.83697019872103E-16,1.,0.));
#11631=DIRECTION('center_axis',(-1.83697019872103E-16,-1.,0.));
#11632=DIRECTION('ref_axis',(0.,0.,-1.));
#11633=DIRECTION('',(-1.,1.83697019872103E-16,0.));
#11634=DIRECTION('',(0.,0.,-1.));
#11635=DIRECTION('',(-1.,1.83697019872103E-16,0.));
#11636=DIRECTION('center_axis',(1.,-1.83697019872103E-16,0.));
#11637=DIRECTION('ref_axis',(0.,0.,1.));
#11638=DIRECTION('',(-1.83697019872103E-16,-1.,0.));
#11639=DIRECTION('',(-1.83697019872103E-16,-1.,0.));
#11640=DIRECTION('center_axis',(0.,0.,1.));
#11641=DIRECTION('ref_axis',(-1.83697019872103E-16,-1.,0.));
#11642=DIRECTION('center_axis',(0.,0.,1.));
#11643=DIRECTION('ref_axis',(-1.83697019872103E-16,-1.,0.));
#11644=DIRECTION('center_axis',(0.228234113348098,-0.9736062805386,0.));
#11645=DIRECTION('ref_axis',(0.9736062805386,0.228234113348098,0.));
#11646=DIRECTION('',(-0.9736062805386,-0.228234113348098,0.));
#11647=DIRECTION('',(0.,0.,-1.));
#11648=DIRECTION('',(-0.9736062805386,-0.228234113348098,0.));
#11649=DIRECTION('',(0.,0.,-1.));
#11650=DIRECTION('center_axis',(1.,-1.83697019872103E-16,0.));
#11651=DIRECTION('ref_axis',(0.,0.,1.));
#11652=DIRECTION('',(-1.83697019872103E-16,-1.,0.));
#11653=DIRECTION('',(0.,0.,-1.));
#11654=DIRECTION('',(-1.83697019872103E-16,-1.,0.));
#11655=DIRECTION('center_axis',(-0.228234113348099,0.9736062805386,0.));
#11656=DIRECTION('ref_axis',(-0.9736062805386,-0.228234113348099,0.));
#11657=DIRECTION('',(0.9736062805386,0.228234113348099,0.));
#11658=DIRECTION('',(0.,0.,-1.));
#11659=DIRECTION('',(0.9736062805386,0.228234113348099,0.));
#11660=DIRECTION('center_axis',(-1.,1.83697019872103E-16,0.));
#11661=DIRECTION('ref_axis',(0.,0.,-1.));
#11662=DIRECTION('',(1.83697019872103E-16,1.,0.));
#11663=DIRECTION('',(1.83697019872103E-16,1.,0.));
#11664=DIRECTION('center_axis',(0.,0.,1.));
#11665=DIRECTION('ref_axis',(-1.83697019872103E-16,-1.,0.));
#11666=DIRECTION('center_axis',(0.,0.,1.));
#11667=DIRECTION('ref_axis',(-1.83697019872103E-16,-1.,0.));
#11668=DIRECTION('center_axis',(-1.83697019872103E-16,-1.,0.));
#11669=DIRECTION('ref_axis',(0.,0.,-1.));
#11670=DIRECTION('',(0.,0.,1.));
#11671=DIRECTION('',(1.,-1.83697019872103E-16,0.));
#11672=DIRECTION('',(0.173648177666935,-3.18986527436375E-17,0.984807753012207));
#11673=DIRECTION('',(1.,-1.83697019872103E-16,-5.78821391331325E-16));
#11674=DIRECTION('center_axis',(-1.83697019872103E-16,-1.,0.));
#11675=DIRECTION('ref_axis',(0.,0.,-1.));
#11676=DIRECTION('',(-0.532760710962471,9.78665549087488E-17,0.846265930340317));
#11677=DIRECTION('center_axis',(-1.83697019872103E-16,-1.,0.));
#11678=DIRECTION('ref_axis',(0.,0.,-1.));
#11679=DIRECTION('',(-5.02256649716712E-15,9.22630497639067E-31,1.));
#11680=DIRECTION('center_axis',(-1.83697019872103E-16,-1.,0.));
#11681=DIRECTION('ref_axis',(0.,0.,-1.));
#11682=DIRECTION('',(0.997564050259825,-1.83249543164275E-16,0.0697564737441185));
#11683=DIRECTION('',(0.0697564737441193,-1.28140563435813E-17,-0.997564050259825));
#11684=DIRECTION('',(0.997564050259825,-1.83249543164275E-16,0.0697564737441184));
#11685=DIRECTION('center_axis',(-1.83697019872103E-16,-1.,0.));
#11686=DIRECTION('ref_axis',(0.,0.,-1.));
#11687=DIRECTION('',(5.02256649716712E-15,-9.22630497639066E-31,1.));
#11688=DIRECTION('center_axis',(-1.83697019872103E-16,-1.,0.));
#11689=DIRECTION('ref_axis',(0.,0.,-1.));
#11690=DIRECTION('center_axis',(-1.83697019872103E-16,-1.,0.));
#11691=DIRECTION('ref_axis',(0.,0.,-1.));
#11692=DIRECTION('',(0.,0.,-1.));
#11693=DIRECTION('',(1.,-1.83697019872103E-16,-5.78821391331325E-16));
#11694=DIRECTION('',(0.173648177666935,-3.18986527436375E-17,0.984807753012207));
#11695=DIRECTION('',(1.,-1.83697019872103E-16,0.));
#11696=DIRECTION('center_axis',(5.78821391331325E-16,-1.06327764625789E-31,
1.));
#11697=DIRECTION('ref_axis',(-1.,1.83697019872103E-16,5.78821391331325E-16));
#11698=DIRECTION('',(-1.83697019872103E-16,-1.,0.));
#11699=DIRECTION('',(1.,-1.83697019872103E-16,-1.02726750928826E-15));
#11700=DIRECTION('',(1.83697019872103E-16,1.,0.));
#11701=DIRECTION('',(-1.,1.83697019872103E-16,0.));
#11702=DIRECTION('',(1.83697019872103E-16,1.,0.));
#11703=DIRECTION('',(1.83697019872103E-16,1.,0.));
#11704=DIRECTION('center_axis',(1.83697019872103E-16,1.,0.));
#11705=DIRECTION('ref_axis',(0.,0.,1.));
#11706=DIRECTION('center_axis',(1.83697019872103E-16,1.,0.));
#11707=DIRECTION('ref_axis',(0.,0.,1.));
#11708=DIRECTION('',(-1.83697019872103E-16,-1.,0.));
#11709=DIRECTION('',(1.83697019872103E-16,1.,0.));
#11710=DIRECTION('center_axis',(-1.83697019872103E-16,-1.,0.));
#11711=DIRECTION('ref_axis',(0.,0.,-1.));
#11712=DIRECTION('',(1.83697019872103E-16,1.,0.));
#11713=DIRECTION('center_axis',(-1.83697019872103E-16,-1.,0.));
#11714=DIRECTION('ref_axis',(0.,0.,-1.));
#11715=DIRECTION('center_axis',(-1.,1.83697019872103E-16,5.02256649716712E-15));
#11716=DIRECTION('ref_axis',(-5.02256649716712E-15,9.22630497639067E-31,
-1.));
#11717=DIRECTION('',(1.83697019872103E-16,1.,0.));
#11718=DIRECTION('',(5.02256649716712E-15,-9.22630497639066E-31,1.));
#11719=DIRECTION('center_axis',(1.83697019872103E-16,1.,0.));
#11720=DIRECTION('ref_axis',(0.,0.,1.));
#11721=DIRECTION('',(1.83697019872103E-16,1.,0.));
#11722=DIRECTION('center_axis',(-1.83697019872103E-16,-1.,0.));
#11723=DIRECTION('ref_axis',(0.,0.,-1.));
#11724=DIRECTION('center_axis',(-0.0697564737441184,1.28140563435811E-17,
0.997564050259825));
#11725=DIRECTION('ref_axis',(-0.997564050259825,1.83249543164275E-16,-0.0697564737441184));
#11726=DIRECTION('',(1.83697019872103E-16,1.,0.));
#11727=DIRECTION('',(0.997564050259825,-1.83249543164275E-16,0.0697564737441184));
#11728=DIRECTION('center_axis',(0.997564050259825,-1.83249543164275E-16,
0.0697564737441193));
#11729=DIRECTION('ref_axis',(-0.0697564737441193,1.28140563435813E-17,0.997564050259825));
#11730=DIRECTION('',(1.83697019872103E-16,1.,0.));
#11731=DIRECTION('',(0.0697564737441193,-1.28140563435813E-17,-0.997564050259825));
#11732=DIRECTION('center_axis',(-0.0697564737441184,1.28140563435812E-17,
0.997564050259825));
#11733=DIRECTION('ref_axis',(-0.997564050259825,1.83249543164275E-16,-0.0697564737441184));
#11734=DIRECTION('',(1.83697019872103E-16,1.,0.));
#11735=DIRECTION('',(0.997564050259825,-1.83249543164275E-16,0.0697564737441185));
#11736=DIRECTION('center_axis',(1.83697019872103E-16,1.,0.));
#11737=DIRECTION('ref_axis',(0.,0.,1.));
#11738=DIRECTION('',(1.83697019872103E-16,1.,0.));
#11739=DIRECTION('center_axis',(-1.83697019872103E-16,-1.,0.));
#11740=DIRECTION('ref_axis',(0.,0.,-1.));
#11741=DIRECTION('center_axis',(-1.,1.83697019872103E-16,-5.02256649716712E-15));
#11742=DIRECTION('ref_axis',(5.02256649716712E-15,-9.22630497639068E-31,
-1.));
#11743=DIRECTION('',(1.83697019872103E-16,1.,0.));
#11744=DIRECTION('',(-5.02256649716712E-15,9.22630497639067E-31,1.));
#11745=DIRECTION('center_axis',(1.83697019872103E-16,1.,0.));
#11746=DIRECTION('ref_axis',(0.,0.,1.));
#11747=DIRECTION('',(-1.83697019872103E-16,-1.,0.));
#11748=DIRECTION('center_axis',(-1.83697019872103E-16,-1.,0.));
#11749=DIRECTION('ref_axis',(0.,0.,1.));
#11750=DIRECTION('',(1.83697019872103E-16,1.,0.));
#11751=DIRECTION('center_axis',(1.83697019872103E-16,1.,0.));
#11752=DIRECTION('ref_axis',(0.,0.,-1.));
#11753=DIRECTION('',(1.83697019872103E-16,1.,0.));
#11754=DIRECTION('center_axis',(-1.83697019872103E-16,-1.,0.));
#11755=DIRECTION('ref_axis',(0.,0.,-1.));
#11756=DIRECTION('center_axis',(0.,0.,1.));
#11757=DIRECTION('ref_axis',(-1.83697019872103E-16,-1.,0.));
#11758=DIRECTION('',(-1.,1.83697019872103E-16,0.));
#11759=DIRECTION('',(-1.83697019872103E-16,-1.,0.));
#11760=DIRECTION('',(1.83697019872103E-16,1.,0.));
#11761=DIRECTION('',(1.83697019872103E-16,1.,0.));
#11762=DIRECTION('',(1.,-1.83697019872103E-16,0.));
#11763=DIRECTION('center_axis',(-0.984807753012207,1.80906249375285E-16,
0.173648177666935));
#11764=DIRECTION('ref_axis',(-0.173648177666935,3.18986527436375E-17,-0.984807753012207));
#11765=DIRECTION('center_axis',(-1.83697019872103E-16,-1.,0.));
#11766=DIRECTION('ref_axis',(0.,0.,-1.));
#11767=DIRECTION('',(0.532760710962471,-9.78665549087488E-17,-0.846265930340317));
#11768=DIRECTION('center_axis',(-1.,1.83697019872103E-16,0.));
#11769=DIRECTION('ref_axis',(0.,0.,-1.));
#11770=DIRECTION('',(0.,0.,-1.));
#11771=DIRECTION('center_axis',(0.846265930340317,-1.55456529422809E-16,
0.532760710962471));
#11772=DIRECTION('ref_axis',(-0.532760710962471,9.78665549087488E-17,0.846265930340317));
#11773=DIRECTION('',(-0.532760710962471,9.78665549087488E-17,0.846265930340317));
#11774=DIRECTION('center_axis',(1.83697019872103E-16,1.,0.));
#11775=DIRECTION('ref_axis',(0.,0.,1.));
#11776=DIRECTION('center_axis',(0.846265930340317,-1.55456529422809E-16,
0.532760710962471));
#11777=DIRECTION('ref_axis',(-0.532760710962471,9.78665549087488E-17,0.846265930340317));
#11778=DIRECTION('',(0.532760710962471,-9.78665549087488E-17,-0.846265930340317));
#11779=DIRECTION('center_axis',(-1.,1.83697019872103E-16,0.));
#11780=DIRECTION('ref_axis',(0.,0.,-1.));
#11781=DIRECTION('',(0.,0.,1.));
#11782=DIRECTION('center_axis',(-1.83697019872103E-16,-1.,0.));
#11783=DIRECTION('ref_axis',(0.,0.,-1.));
#11784=DIRECTION('center_axis',(-1.83697019872103E-16,-1.,0.));
#11785=DIRECTION('ref_axis',(0.,0.,-1.));
#11786=DIRECTION('',(0.532760710962471,-9.78665549087488E-17,0.846265930340317));
#11787=DIRECTION('center_axis',(1.83697019872103E-16,1.,0.));
#11788=DIRECTION('ref_axis',(0.,0.,-1.));
#11789=DIRECTION('',(5.02256649716712E-15,-9.22630497639067E-31,1.));
#11790=DIRECTION('center_axis',(1.83697019872103E-16,1.,0.));
#11791=DIRECTION('ref_axis',(0.,0.,-1.));
#11792=DIRECTION('',(-0.997564050259825,1.83249543164275E-16,0.0697564737441185));
#11793=DIRECTION('',(-0.0697564737441193,1.28140563435813E-17,-0.997564050259825));
#11794=DIRECTION('',(-0.997564050259825,1.83249543164275E-16,0.0697564737441184));
#11795=DIRECTION('center_axis',(1.83697019872103E-16,1.,0.));
#11796=DIRECTION('ref_axis',(0.,0.,-1.));
#11797=DIRECTION('',(-5.02256649716712E-15,9.22630497639066E-31,1.));
#11798=DIRECTION('center_axis',(1.83697019872103E-16,1.,0.));
#11799=DIRECTION('ref_axis',(0.,0.,-1.));
#11800=DIRECTION('center_axis',(-1.83697019872103E-16,-1.,0.));
#11801=DIRECTION('ref_axis',(0.,0.,-1.));
#11802=DIRECTION('',(0.,0.,1.));
#11803=DIRECTION('',(-1.,1.83697019872103E-16,0.));
#11804=DIRECTION('',(-0.173648177666935,3.18986527436375E-17,0.984807753012207));
#11805=DIRECTION('',(-1.,1.83697019872103E-16,-5.78821391331325E-16));
#11806=DIRECTION('center_axis',(-1.83697019872103E-16,-1.,0.));
#11807=DIRECTION('ref_axis',(0.,0.,-1.));
#11808=DIRECTION('',(-0.532760710962471,9.78665549087488E-17,-0.846265930340317));
#11809=DIRECTION('center_axis',(1.83697019872103E-16,1.,0.));
#11810=DIRECTION('ref_axis',(0.,0.,-1.));
#11811=DIRECTION('',(-5.02256649716712E-15,9.22630497639066E-31,1.));
#11812=DIRECTION('center_axis',(1.83697019872103E-16,1.,0.));
#11813=DIRECTION('ref_axis',(0.,0.,-1.));
#11814=DIRECTION('',(-0.997564050259825,1.83249543164275E-16,0.0697564737441184));
#11815=DIRECTION('',(-0.0697564737441193,1.28140563435813E-17,-0.997564050259825));
#11816=DIRECTION('',(-0.997564050259825,1.83249543164275E-16,0.0697564737441185));
#11817=DIRECTION('center_axis',(1.83697019872103E-16,1.,0.));
#11818=DIRECTION('ref_axis',(0.,0.,-1.));
#11819=DIRECTION('',(5.02256649716712E-15,-9.22630497639067E-31,1.));
#11820=DIRECTION('center_axis',(1.83697019872103E-16,1.,0.));
#11821=DIRECTION('ref_axis',(-3.77113799125392E-15,6.92746810519814E-31,
-1.));
#11822=DIRECTION('center_axis',(1.83697019872103E-16,1.,0.));
#11823=DIRECTION('ref_axis',(0.,0.,1.));
#11824=DIRECTION('',(1.83697019872103E-16,1.,0.));
#11825=DIRECTION('',(1.83697019872103E-16,1.,0.));
#11826=DIRECTION('center_axis',(-0.0697564737441184,1.28140563435812E-17,
-0.997564050259825));
#11827=DIRECTION('ref_axis',(0.997564050259825,-1.83249543164275E-16,-0.0697564737441184));
#11828=DIRECTION('',(1.83697019872103E-16,1.,0.));
#11829=DIRECTION('center_axis',(0.997564050259825,-1.83249543164275E-16,
-0.0697564737441193));
#11830=DIRECTION('ref_axis',(0.0697564737441193,-1.28140563435813E-17,0.997564050259825));
#11831=DIRECTION('',(1.83697019872103E-16,1.,0.));
#11832=DIRECTION('center_axis',(-0.0697564737441184,1.28140563435811E-17,
-0.997564050259825));
#11833=DIRECTION('ref_axis',(0.997564050259825,-1.83249543164275E-16,-0.0697564737441184));
#11834=DIRECTION('',(1.83697019872103E-16,1.,0.));
#11835=DIRECTION('center_axis',(1.83697019872103E-16,1.,0.));
#11836=DIRECTION('ref_axis',(0.,0.,1.));
#11837=DIRECTION('',(1.83697019872103E-16,1.,0.));
#11838=DIRECTION('center_axis',(-1.,1.83697019872103E-16,-5.02256649716712E-15));
#11839=DIRECTION('ref_axis',(5.02256649716712E-15,-9.22630497639067E-31,
-1.));
#11840=DIRECTION('',(1.83697019872103E-16,1.,0.));
#11841=DIRECTION('center_axis',(1.83697019872103E-16,1.,0.));
#11842=DIRECTION('ref_axis',(0.,0.,1.));
#11843=DIRECTION('',(-1.83697019872103E-16,-1.,0.));
#11844=DIRECTION('center_axis',(1.83697019872103E-16,1.,0.));
#11845=DIRECTION('ref_axis',(0.,0.,-1.));
#11846=DIRECTION('',(1.83697019872103E-16,1.,0.));
#11847=DIRECTION('center_axis',(-1.83697019872103E-16,-1.,0.));
#11848=DIRECTION('ref_axis',(0.,0.,-1.));
#11849=DIRECTION('',(1.83697019872103E-16,1.,0.));
#11850=DIRECTION('center_axis',(5.78821391331325E-16,-1.06327764625789E-31,
-1.));
#11851=DIRECTION('ref_axis',(1.,-1.83697019872103E-16,5.78821391331325E-16));
#11852=DIRECTION('',(1.,-1.83697019872103E-16,1.02726750928826E-15));
#11853=DIRECTION('',(-1.83697019872103E-16,-1.,0.));
#11854=DIRECTION('',(1.83697019872103E-16,1.,0.));
#11855=DIRECTION('',(-1.,1.83697019872103E-16,-5.78821391331325E-16));
#11856=DIRECTION('',(1.83697019872103E-16,1.,0.));
#11857=DIRECTION('',(-1.,1.83697019872103E-16,-1.02726750928826E-15));
#11858=DIRECTION('center_axis',(-0.984807753012207,1.80906249375285E-16,
-0.173648177666935));
#11859=DIRECTION('ref_axis',(0.173648177666935,-3.18986527436375E-17,-0.984807753012207));
#11860=DIRECTION('',(1.83697019872103E-16,1.,0.));
#11861=DIRECTION('',(-0.173648177666935,3.18986527436375E-17,0.984807753012207));
#11862=DIRECTION('center_axis',(0.,0.,-1.));
#11863=DIRECTION('ref_axis',(1.83697019872103E-16,1.,0.));
#11864=DIRECTION('',(-1.83697019872103E-16,-1.,0.));
#11865=DIRECTION('',(-1.,1.83697019872103E-16,0.));
#11866=DIRECTION('',(1.83697019872103E-16,1.,0.));
#11867=DIRECTION('',(1.,-1.83697019872103E-16,0.));
#11868=DIRECTION('',(1.83697019872103E-16,1.,0.));
#11869=DIRECTION('',(-1.,1.83697019872103E-16,0.));
#11870=DIRECTION('center_axis',(1.83697019872103E-16,1.,0.));
#11871=DIRECTION('ref_axis',(0.,0.,1.));
#11872=DIRECTION('center_axis',(-1.83697019872103E-16,-1.,0.));
#11873=DIRECTION('ref_axis',(0.,0.,-1.));
#11874=DIRECTION('',(-1.83697019872103E-16,-1.,0.));
#11875=DIRECTION('',(1.83697019872103E-16,1.,0.));
#11876=DIRECTION('',(1.83697019872103E-16,1.,0.));
#11877=DIRECTION('center_axis',(1.83697019872103E-16,1.,0.));
#11878=DIRECTION('ref_axis',(0.,0.,-1.));
#11879=DIRECTION('center_axis',(-1.,1.83697019872103E-16,5.02256649716712E-15));
#11880=DIRECTION('ref_axis',(-5.02256649716712E-15,9.22630497639068E-31,
-1.));
#11881=DIRECTION('center_axis',(-1.83697019872103E-16,-1.,0.));
#11882=DIRECTION('ref_axis',(0.,0.,-1.));
#11883=DIRECTION('',(0.,0.,-1.));
#11884=DIRECTION('center_axis',(-0.846265930340317,1.55456529422809E-16,
0.532760710962471));
#11885=DIRECTION('ref_axis',(-0.532760710962471,9.78665549087488E-17,-0.846265930340317));
#11886=DIRECTION('',(-0.532760710962471,9.78665549087488E-17,-0.846265930340317));
#11887=DIRECTION('center_axis',(1.,-1.83697019872103E-16,0.));
#11888=DIRECTION('ref_axis',(0.,0.,1.));
#11889=DIRECTION('',(0.,0.,1.));
#11890=DIRECTION('center_axis',(-1.83697019872103E-16,-1.,0.));
#11891=DIRECTION('ref_axis',(0.,0.,-1.));
#11892=DIRECTION('center_axis',(1.,-1.83697019872103E-16,0.));
#11893=DIRECTION('ref_axis',(0.,0.,1.));
#11894=DIRECTION('',(0.,0.,-1.));
#11895=DIRECTION('center_axis',(-0.846265930340317,1.55456529422809E-16,
0.532760710962471));
#11896=DIRECTION('ref_axis',(-0.532760710962471,9.78665549087488E-17,-0.846265930340317));
#11897=DIRECTION('',(0.532760710962471,-9.78665549087488E-17,0.846265930340317));
#11898=DIRECTION('center_axis',(-1.83697019872103E-16,-1.,0.));
#11899=DIRECTION('ref_axis',(0.,0.,-1.));
#11900=DIRECTION('center_axis',(-1.83697019872103E-16,-1.,0.));
#11901=DIRECTION('ref_axis',(0.,0.,-1.));
#11902=DIRECTION('',(0.,0.,1.));
#11903=DIRECTION('',(1.,-1.83697019872103E-16,0.));
#11904=DIRECTION('',(0.173648177666935,-3.18986527436375E-17,0.984807753012207));
#11905=DIRECTION('',(1.,-1.83697019872103E-16,-5.78821391331325E-16));
#11906=DIRECTION('center_axis',(-1.83697019872103E-16,-1.,0.));
#11907=DIRECTION('ref_axis',(0.,0.,-1.));
#11908=DIRECTION('',(-0.532760710962471,9.78665549087488E-17,0.846265930340317));
#11909=DIRECTION('center_axis',(-1.83697019872103E-16,-1.,0.));
#11910=DIRECTION('ref_axis',(0.,0.,-1.));
#11911=DIRECTION('',(-5.02256649716712E-15,9.22630497639067E-31,1.));
#11912=DIRECTION('center_axis',(-1.83697019872103E-16,-1.,0.));
#11913=DIRECTION('ref_axis',(0.,0.,-1.));
#11914=DIRECTION('',(0.997564050259825,-1.83249543164275E-16,0.0697564737441185));
#11915=DIRECTION('',(0.0697564737441193,-1.28140563435813E-17,-0.997564050259825));
#11916=DIRECTION('',(0.997564050259825,-1.83249543164275E-16,0.0697564737441184));
#11917=DIRECTION('center_axis',(-1.83697019872103E-16,-1.,0.));
#11918=DIRECTION('ref_axis',(0.,0.,-1.));
#11919=DIRECTION('',(5.02256649716712E-15,-9.22630497639066E-31,1.));
#11920=DIRECTION('center_axis',(-1.83697019872103E-16,-1.,0.));
#11921=DIRECTION('ref_axis',(0.,0.,-1.));
#11922=DIRECTION('center_axis',(-1.83697019872103E-16,-1.,0.));
#11923=DIRECTION('ref_axis',(0.,0.,-1.));
#11924=DIRECTION('',(0.,0.,-1.));
#11925=DIRECTION('',(1.,-1.83697019872103E-16,-5.78821391331325E-16));
#11926=DIRECTION('',(0.173648177666935,-3.18986527436375E-17,0.984807753012207));
#11927=DIRECTION('',(1.,-1.83697019872103E-16,0.));
#11928=DIRECTION('center_axis',(5.78821391331325E-16,-1.06327764625789E-31,
1.));
#11929=DIRECTION('ref_axis',(-1.,1.83697019872103E-16,5.78821391331325E-16));
#11930=DIRECTION('',(-1.83697019872103E-16,-1.,0.));
#11931=DIRECTION('',(1.,-1.83697019872103E-16,-1.02726750928826E-15));
#11932=DIRECTION('',(1.83697019872103E-16,1.,0.));
#11933=DIRECTION('',(-1.,1.83697019872103E-16,0.));
#11934=DIRECTION('',(1.83697019872103E-16,1.,0.));
#11935=DIRECTION('',(1.83697019872103E-16,1.,0.));
#11936=DIRECTION('center_axis',(1.83697019872103E-16,1.,0.));
#11937=DIRECTION('ref_axis',(0.,0.,1.));
#11938=DIRECTION('center_axis',(1.83697019872103E-16,1.,0.));
#11939=DIRECTION('ref_axis',(0.,0.,1.));
#11940=DIRECTION('',(-1.83697019872103E-16,-1.,0.));
#11941=DIRECTION('',(1.83697019872103E-16,1.,0.));
#11942=DIRECTION('center_axis',(-1.83697019872103E-16,-1.,0.));
#11943=DIRECTION('ref_axis',(0.,0.,-1.));
#11944=DIRECTION('',(1.83697019872103E-16,1.,0.));
#11945=DIRECTION('center_axis',(-1.83697019872103E-16,-1.,0.));
#11946=DIRECTION('ref_axis',(0.,0.,-1.));
#11947=DIRECTION('center_axis',(-1.,1.83697019872103E-16,5.02256649716712E-15));
#11948=DIRECTION('ref_axis',(-5.02256649716712E-15,9.22630497639067E-31,
-1.));
#11949=DIRECTION('',(1.83697019872103E-16,1.,0.));
#11950=DIRECTION('',(5.02256649716712E-15,-9.22630497639066E-31,1.));
#11951=DIRECTION('center_axis',(1.83697019872103E-16,1.,0.));
#11952=DIRECTION('ref_axis',(0.,0.,1.));
#11953=DIRECTION('',(1.83697019872103E-16,1.,0.));
#11954=DIRECTION('center_axis',(-1.83697019872103E-16,-1.,0.));
#11955=DIRECTION('ref_axis',(0.,0.,-1.));
#11956=DIRECTION('center_axis',(-0.0697564737441184,1.28140563435811E-17,
0.997564050259825));
#11957=DIRECTION('ref_axis',(-0.997564050259825,1.83249543164275E-16,-0.0697564737441184));
#11958=DIRECTION('',(1.83697019872103E-16,1.,0.));
#11959=DIRECTION('',(0.997564050259825,-1.83249543164275E-16,0.0697564737441184));
#11960=DIRECTION('center_axis',(0.997564050259825,-1.83249543164275E-16,
0.0697564737441193));
#11961=DIRECTION('ref_axis',(-0.0697564737441193,1.28140563435813E-17,0.997564050259825));
#11962=DIRECTION('',(1.83697019872103E-16,1.,0.));
#11963=DIRECTION('',(0.0697564737441193,-1.28140563435813E-17,-0.997564050259825));
#11964=DIRECTION('center_axis',(-0.0697564737441184,1.28140563435812E-17,
0.997564050259825));
#11965=DIRECTION('ref_axis',(-0.997564050259825,1.83249543164275E-16,-0.0697564737441184));
#11966=DIRECTION('',(1.83697019872103E-16,1.,0.));
#11967=DIRECTION('',(0.997564050259825,-1.83249543164275E-16,0.0697564737441185));
#11968=DIRECTION('center_axis',(1.83697019872103E-16,1.,0.));
#11969=DIRECTION('ref_axis',(0.,0.,1.));
#11970=DIRECTION('',(1.83697019872103E-16,1.,0.));
#11971=DIRECTION('center_axis',(-1.83697019872103E-16,-1.,0.));
#11972=DIRECTION('ref_axis',(0.,0.,-1.));
#11973=DIRECTION('center_axis',(-1.,1.83697019872103E-16,-5.02256649716712E-15));
#11974=DIRECTION('ref_axis',(5.02256649716712E-15,-9.22630497639068E-31,
-1.));
#11975=DIRECTION('',(1.83697019872103E-16,1.,0.));
#11976=DIRECTION('',(-5.02256649716712E-15,9.22630497639067E-31,1.));
#11977=DIRECTION('center_axis',(1.83697019872103E-16,1.,0.));
#11978=DIRECTION('ref_axis',(0.,0.,1.));
#11979=DIRECTION('',(-1.83697019872103E-16,-1.,0.));
#11980=DIRECTION('center_axis',(-1.83697019872103E-16,-1.,0.));
#11981=DIRECTION('ref_axis',(0.,0.,1.));
#11982=DIRECTION('',(1.83697019872103E-16,1.,0.));
#11983=DIRECTION('center_axis',(1.83697019872103E-16,1.,0.));
#11984=DIRECTION('ref_axis',(0.,0.,-1.));
#11985=DIRECTION('',(1.83697019872103E-16,1.,0.));
#11986=DIRECTION('center_axis',(-1.83697019872103E-16,-1.,0.));
#11987=DIRECTION('ref_axis',(0.,0.,-1.));
#11988=DIRECTION('center_axis',(0.,0.,1.));
#11989=DIRECTION('ref_axis',(-1.83697019872103E-16,-1.,0.));
#11990=DIRECTION('',(-1.,1.83697019872103E-16,0.));
#11991=DIRECTION('',(-1.83697019872103E-16,-1.,0.));
#11992=DIRECTION('',(1.83697019872103E-16,1.,0.));
#11993=DIRECTION('',(1.83697019872103E-16,1.,0.));
#11994=DIRECTION('',(1.,-1.83697019872103E-16,0.));
#11995=DIRECTION('center_axis',(-0.984807753012207,1.80906249375285E-16,
0.173648177666935));
#11996=DIRECTION('ref_axis',(-0.173648177666935,3.18986527436375E-17,-0.984807753012207));
#11997=DIRECTION('center_axis',(-1.83697019872103E-16,-1.,0.));
#11998=DIRECTION('ref_axis',(0.,0.,-1.));
#11999=DIRECTION('',(0.532760710962471,-9.78665549087488E-17,-0.846265930340317));
#12000=DIRECTION('center_axis',(-1.,1.83697019872103E-16,0.));
#12001=DIRECTION('ref_axis',(0.,0.,-1.));
#12002=DIRECTION('',(0.,0.,-1.));
#12003=DIRECTION('center_axis',(0.846265930340317,-1.55456529422809E-16,
0.532760710962471));
#12004=DIRECTION('ref_axis',(-0.532760710962471,9.78665549087488E-17,0.846265930340317));
#12005=DIRECTION('',(-0.532760710962471,9.78665549087488E-17,0.846265930340317));
#12006=DIRECTION('center_axis',(1.83697019872103E-16,1.,0.));
#12007=DIRECTION('ref_axis',(0.,0.,1.));
#12008=DIRECTION('center_axis',(0.846265930340317,-1.55456529422809E-16,
0.532760710962471));
#12009=DIRECTION('ref_axis',(-0.532760710962471,9.78665549087488E-17,0.846265930340317));
#12010=DIRECTION('',(0.532760710962471,-9.78665549087488E-17,-0.846265930340317));
#12011=DIRECTION('center_axis',(-1.,1.83697019872103E-16,0.));
#12012=DIRECTION('ref_axis',(0.,0.,-1.));
#12013=DIRECTION('',(0.,0.,1.));
#12014=DIRECTION('center_axis',(-1.83697019872103E-16,-1.,0.));
#12015=DIRECTION('ref_axis',(0.,0.,-1.));
#12016=DIRECTION('center_axis',(-1.83697019872103E-16,-1.,0.));
#12017=DIRECTION('ref_axis',(0.,0.,-1.));
#12018=DIRECTION('',(0.532760710962471,-9.78665549087488E-17,0.846265930340317));
#12019=DIRECTION('center_axis',(1.83697019872103E-16,1.,0.));
#12020=DIRECTION('ref_axis',(0.,0.,-1.));
#12021=DIRECTION('',(5.02256649716712E-15,-9.22630497639067E-31,1.));
#12022=DIRECTION('center_axis',(1.83697019872103E-16,1.,0.));
#12023=DIRECTION('ref_axis',(0.,0.,-1.));
#12024=DIRECTION('',(-0.997564050259825,1.83249543164275E-16,0.0697564737441185));
#12025=DIRECTION('',(-0.0697564737441193,1.28140563435813E-17,-0.997564050259825));
#12026=DIRECTION('',(-0.997564050259825,1.83249543164275E-16,0.0697564737441184));
#12027=DIRECTION('center_axis',(1.83697019872103E-16,1.,0.));
#12028=DIRECTION('ref_axis',(0.,0.,-1.));
#12029=DIRECTION('',(-5.02256649716712E-15,9.22630497639066E-31,1.));
#12030=DIRECTION('center_axis',(1.83697019872103E-16,1.,0.));
#12031=DIRECTION('ref_axis',(0.,0.,-1.));
#12032=DIRECTION('center_axis',(-1.83697019872103E-16,-1.,0.));
#12033=DIRECTION('ref_axis',(0.,0.,-1.));
#12034=DIRECTION('',(0.,0.,1.));
#12035=DIRECTION('',(-1.,1.83697019872103E-16,0.));
#12036=DIRECTION('',(-0.173648177666935,3.18986527436375E-17,0.984807753012207));
#12037=DIRECTION('',(-1.,1.83697019872103E-16,-5.78821391331325E-16));
#12038=DIRECTION('center_axis',(-1.83697019872103E-16,-1.,0.));
#12039=DIRECTION('ref_axis',(0.,0.,-1.));
#12040=DIRECTION('',(-0.532760710962471,9.78665549087488E-17,-0.846265930340317));
#12041=DIRECTION('center_axis',(1.83697019872103E-16,1.,0.));
#12042=DIRECTION('ref_axis',(0.,0.,-1.));
#12043=DIRECTION('',(-5.02256649716712E-15,9.22630497639066E-31,1.));
#12044=DIRECTION('center_axis',(1.83697019872103E-16,1.,0.));
#12045=DIRECTION('ref_axis',(0.,0.,-1.));
#12046=DIRECTION('',(-0.997564050259825,1.83249543164275E-16,0.0697564737441184));
#12047=DIRECTION('',(-0.0697564737441193,1.28140563435813E-17,-0.997564050259825));
#12048=DIRECTION('',(-0.997564050259825,1.83249543164275E-16,0.0697564737441185));
#12049=DIRECTION('center_axis',(1.83697019872103E-16,1.,0.));
#12050=DIRECTION('ref_axis',(0.,0.,-1.));
#12051=DIRECTION('',(5.02256649716712E-15,-9.22630497639067E-31,1.));
#12052=DIRECTION('center_axis',(1.83697019872103E-16,1.,0.));
#12053=DIRECTION('ref_axis',(-3.77113799125392E-15,6.92746810519814E-31,
-1.));
#12054=DIRECTION('center_axis',(1.83697019872103E-16,1.,0.));
#12055=DIRECTION('ref_axis',(0.,0.,1.));
#12056=DIRECTION('',(1.83697019872103E-16,1.,0.));
#12057=DIRECTION('',(1.83697019872103E-16,1.,0.));
#12058=DIRECTION('center_axis',(-0.0697564737441184,1.28140563435812E-17,
-0.997564050259825));
#12059=DIRECTION('ref_axis',(0.997564050259825,-1.83249543164275E-16,-0.0697564737441184));
#12060=DIRECTION('',(1.83697019872103E-16,1.,0.));
#12061=DIRECTION('center_axis',(0.997564050259825,-1.83249543164275E-16,
-0.0697564737441193));
#12062=DIRECTION('ref_axis',(0.0697564737441193,-1.28140563435813E-17,0.997564050259825));
#12063=DIRECTION('',(1.83697019872103E-16,1.,0.));
#12064=DIRECTION('center_axis',(-0.0697564737441184,1.28140563435811E-17,
-0.997564050259825));
#12065=DIRECTION('ref_axis',(0.997564050259825,-1.83249543164275E-16,-0.0697564737441184));
#12066=DIRECTION('',(1.83697019872103E-16,1.,0.));
#12067=DIRECTION('center_axis',(1.83697019872103E-16,1.,0.));
#12068=DIRECTION('ref_axis',(0.,0.,1.));
#12069=DIRECTION('',(1.83697019872103E-16,1.,0.));
#12070=DIRECTION('center_axis',(-1.,1.83697019872103E-16,-5.02256649716712E-15));
#12071=DIRECTION('ref_axis',(5.02256649716712E-15,-9.22630497639067E-31,
-1.));
#12072=DIRECTION('',(1.83697019872103E-16,1.,0.));
#12073=DIRECTION('center_axis',(1.83697019872103E-16,1.,0.));
#12074=DIRECTION('ref_axis',(0.,0.,1.));
#12075=DIRECTION('',(-1.83697019872103E-16,-1.,0.));
#12076=DIRECTION('center_axis',(1.83697019872103E-16,1.,0.));
#12077=DIRECTION('ref_axis',(0.,0.,-1.));
#12078=DIRECTION('',(1.83697019872103E-16,1.,0.));
#12079=DIRECTION('center_axis',(-1.83697019872103E-16,-1.,0.));
#12080=DIRECTION('ref_axis',(0.,0.,-1.));
#12081=DIRECTION('',(1.83697019872103E-16,1.,0.));
#12082=DIRECTION('center_axis',(5.78821391331325E-16,-1.06327764625789E-31,
-1.));
#12083=DIRECTION('ref_axis',(1.,-1.83697019872103E-16,5.78821391331325E-16));
#12084=DIRECTION('',(1.,-1.83697019872103E-16,1.02726750928826E-15));
#12085=DIRECTION('',(-1.83697019872103E-16,-1.,0.));
#12086=DIRECTION('',(1.83697019872103E-16,1.,0.));
#12087=DIRECTION('',(-1.,1.83697019872103E-16,-5.78821391331325E-16));
#12088=DIRECTION('',(1.83697019872103E-16,1.,0.));
#12089=DIRECTION('',(-1.,1.83697019872103E-16,-1.02726750928826E-15));
#12090=DIRECTION('center_axis',(-0.984807753012207,1.80906249375285E-16,
-0.173648177666935));
#12091=DIRECTION('ref_axis',(0.173648177666935,-3.18986527436375E-17,-0.984807753012207));
#12092=DIRECTION('',(1.83697019872103E-16,1.,0.));
#12093=DIRECTION('',(-0.173648177666935,3.18986527436375E-17,0.984807753012207));
#12094=DIRECTION('center_axis',(0.,0.,-1.));
#12095=DIRECTION('ref_axis',(1.83697019872103E-16,1.,0.));
#12096=DIRECTION('',(-1.83697019872103E-16,-1.,0.));
#12097=DIRECTION('',(-1.,1.83697019872103E-16,0.));
#12098=DIRECTION('',(1.83697019872103E-16,1.,0.));
#12099=DIRECTION('',(1.,-1.83697019872103E-16,0.));
#12100=DIRECTION('',(1.83697019872103E-16,1.,0.));
#12101=DIRECTION('',(-1.,1.83697019872103E-16,0.));
#12102=DIRECTION('center_axis',(1.83697019872103E-16,1.,0.));
#12103=DIRECTION('ref_axis',(0.,0.,1.));
#12104=DIRECTION('center_axis',(-1.83697019872103E-16,-1.,0.));
#12105=DIRECTION('ref_axis',(0.,0.,-1.));
#12106=DIRECTION('',(-1.83697019872103E-16,-1.,0.));
#12107=DIRECTION('',(1.83697019872103E-16,1.,0.));
#12108=DIRECTION('',(1.83697019872103E-16,1.,0.));
#12109=DIRECTION('center_axis',(1.83697019872103E-16,1.,0.));
#12110=DIRECTION('ref_axis',(0.,0.,-1.));
#12111=DIRECTION('center_axis',(-1.,1.83697019872103E-16,5.02256649716712E-15));
#12112=DIRECTION('ref_axis',(-5.02256649716712E-15,9.22630497639068E-31,
-1.));
#12113=DIRECTION('center_axis',(-1.83697019872103E-16,-1.,0.));
#12114=DIRECTION('ref_axis',(0.,0.,-1.));
#12115=DIRECTION('',(0.,0.,-1.));
#12116=DIRECTION('center_axis',(-0.846265930340317,1.55456529422809E-16,
0.532760710962471));
#12117=DIRECTION('ref_axis',(-0.532760710962471,9.78665549087488E-17,-0.846265930340317));
#12118=DIRECTION('',(-0.532760710962471,9.78665549087488E-17,-0.846265930340317));
#12119=DIRECTION('center_axis',(1.,-1.83697019872103E-16,0.));
#12120=DIRECTION('ref_axis',(0.,0.,1.));
#12121=DIRECTION('',(0.,0.,1.));
#12122=DIRECTION('center_axis',(-1.83697019872103E-16,-1.,0.));
#12123=DIRECTION('ref_axis',(0.,0.,-1.));
#12124=DIRECTION('center_axis',(1.,-1.83697019872103E-16,0.));
#12125=DIRECTION('ref_axis',(0.,0.,1.));
#12126=DIRECTION('',(0.,0.,-1.));
#12127=DIRECTION('center_axis',(-0.846265930340317,1.55456529422809E-16,
0.532760710962471));
#12128=DIRECTION('ref_axis',(-0.532760710962471,9.78665549087488E-17,-0.846265930340317));
#12129=DIRECTION('',(0.532760710962471,-9.78665549087488E-17,0.846265930340317));
#12130=DIRECTION('center_axis',(-1.83697019872103E-16,-1.,0.));
#12131=DIRECTION('ref_axis',(0.,0.,-1.));
#12132=DIRECTION('center_axis',(-1.83697019872103E-16,-1.,0.));
#12133=DIRECTION('ref_axis',(0.,0.,-1.));
#12134=DIRECTION('',(0.,0.,1.));
#12135=DIRECTION('',(1.,-1.83697019872103E-16,0.));
#12136=DIRECTION('',(0.173648177666935,-3.18986527436375E-17,0.984807753012207));
#12137=DIRECTION('',(1.,-1.83697019872103E-16,-5.78821391331325E-16));
#12138=DIRECTION('center_axis',(-1.83697019872103E-16,-1.,0.));
#12139=DIRECTION('ref_axis',(0.,0.,-1.));
#12140=DIRECTION('',(-0.532760710962471,9.78665549087488E-17,0.846265930340317));
#12141=DIRECTION('center_axis',(-1.83697019872103E-16,-1.,0.));
#12142=DIRECTION('ref_axis',(0.,0.,-1.));
#12143=DIRECTION('',(-5.02256649716712E-15,9.22630497639067E-31,1.));
#12144=DIRECTION('center_axis',(-1.83697019872103E-16,-1.,0.));
#12145=DIRECTION('ref_axis',(0.,0.,-1.));
#12146=DIRECTION('',(0.997564050259825,-1.83249543164275E-16,0.0697564737441185));
#12147=DIRECTION('',(0.0697564737441193,-1.28140563435813E-17,-0.997564050259825));
#12148=DIRECTION('',(0.997564050259825,-1.83249543164275E-16,0.0697564737441184));
#12149=DIRECTION('center_axis',(-1.83697019872103E-16,-1.,0.));
#12150=DIRECTION('ref_axis',(0.,0.,-1.));
#12151=DIRECTION('',(5.02256649716712E-15,-9.22630497639066E-31,1.));
#12152=DIRECTION('center_axis',(-1.83697019872103E-16,-1.,0.));
#12153=DIRECTION('ref_axis',(0.,0.,-1.));
#12154=DIRECTION('center_axis',(-1.83697019872103E-16,-1.,0.));
#12155=DIRECTION('ref_axis',(0.,0.,-1.));
#12156=DIRECTION('',(0.,0.,-1.));
#12157=DIRECTION('',(1.,-1.83697019872103E-16,-5.78821391331325E-16));
#12158=DIRECTION('',(0.173648177666935,-3.18986527436375E-17,0.984807753012207));
#12159=DIRECTION('',(1.,-1.83697019872103E-16,0.));
#12160=DIRECTION('center_axis',(5.78821391331325E-16,-1.06327764625789E-31,
1.));
#12161=DIRECTION('ref_axis',(-1.,1.83697019872103E-16,5.78821391331325E-16));
#12162=DIRECTION('',(-1.83697019872103E-16,-1.,0.));
#12163=DIRECTION('',(1.,-1.83697019872103E-16,-1.02726750928826E-15));
#12164=DIRECTION('',(1.83697019872103E-16,1.,0.));
#12165=DIRECTION('',(-1.,1.83697019872103E-16,0.));
#12166=DIRECTION('',(1.83697019872103E-16,1.,0.));
#12167=DIRECTION('',(1.83697019872103E-16,1.,0.));
#12168=DIRECTION('center_axis',(1.83697019872103E-16,1.,0.));
#12169=DIRECTION('ref_axis',(0.,0.,1.));
#12170=DIRECTION('center_axis',(1.83697019872103E-16,1.,0.));
#12171=DIRECTION('ref_axis',(0.,0.,1.));
#12172=DIRECTION('',(-1.83697019872103E-16,-1.,0.));
#12173=DIRECTION('',(1.83697019872103E-16,1.,0.));
#12174=DIRECTION('center_axis',(-1.83697019872103E-16,-1.,0.));
#12175=DIRECTION('ref_axis',(0.,0.,-1.));
#12176=DIRECTION('',(1.83697019872103E-16,1.,0.));
#12177=DIRECTION('center_axis',(-1.83697019872103E-16,-1.,0.));
#12178=DIRECTION('ref_axis',(0.,0.,-1.));
#12179=DIRECTION('center_axis',(-1.,1.83697019872103E-16,5.02256649716712E-15));
#12180=DIRECTION('ref_axis',(-5.02256649716712E-15,9.22630497639067E-31,
-1.));
#12181=DIRECTION('',(1.83697019872103E-16,1.,0.));
#12182=DIRECTION('',(5.02256649716712E-15,-9.22630497639066E-31,1.));
#12183=DIRECTION('center_axis',(1.83697019872103E-16,1.,0.));
#12184=DIRECTION('ref_axis',(0.,0.,1.));
#12185=DIRECTION('',(1.83697019872103E-16,1.,0.));
#12186=DIRECTION('center_axis',(-1.83697019872103E-16,-1.,0.));
#12187=DIRECTION('ref_axis',(0.,0.,-1.));
#12188=DIRECTION('center_axis',(-0.0697564737441184,1.28140563435811E-17,
0.997564050259825));
#12189=DIRECTION('ref_axis',(-0.997564050259825,1.83249543164275E-16,-0.0697564737441184));
#12190=DIRECTION('',(1.83697019872103E-16,1.,0.));
#12191=DIRECTION('',(0.997564050259825,-1.83249543164275E-16,0.0697564737441184));
#12192=DIRECTION('center_axis',(0.997564050259825,-1.83249543164275E-16,
0.0697564737441193));
#12193=DIRECTION('ref_axis',(-0.0697564737441193,1.28140563435813E-17,0.997564050259825));
#12194=DIRECTION('',(1.83697019872103E-16,1.,0.));
#12195=DIRECTION('',(0.0697564737441193,-1.28140563435813E-17,-0.997564050259825));
#12196=DIRECTION('center_axis',(-0.0697564737441184,1.28140563435812E-17,
0.997564050259825));
#12197=DIRECTION('ref_axis',(-0.997564050259825,1.83249543164275E-16,-0.0697564737441184));
#12198=DIRECTION('',(1.83697019872103E-16,1.,0.));
#12199=DIRECTION('',(0.997564050259825,-1.83249543164275E-16,0.0697564737441185));
#12200=DIRECTION('center_axis',(1.83697019872103E-16,1.,0.));
#12201=DIRECTION('ref_axis',(0.,0.,1.));
#12202=DIRECTION('',(1.83697019872103E-16,1.,0.));
#12203=DIRECTION('center_axis',(-1.83697019872103E-16,-1.,0.));
#12204=DIRECTION('ref_axis',(0.,0.,-1.));
#12205=DIRECTION('center_axis',(-1.,1.83697019872103E-16,-5.02256649716712E-15));
#12206=DIRECTION('ref_axis',(5.02256649716712E-15,-9.22630497639068E-31,
-1.));
#12207=DIRECTION('',(1.83697019872103E-16,1.,0.));
#12208=DIRECTION('',(-5.02256649716712E-15,9.22630497639067E-31,1.));
#12209=DIRECTION('center_axis',(1.83697019872103E-16,1.,0.));
#12210=DIRECTION('ref_axis',(0.,0.,1.));
#12211=DIRECTION('',(-1.83697019872103E-16,-1.,0.));
#12212=DIRECTION('center_axis',(-1.83697019872103E-16,-1.,0.));
#12213=DIRECTION('ref_axis',(0.,0.,1.));
#12214=DIRECTION('',(1.83697019872103E-16,1.,0.));
#12215=DIRECTION('center_axis',(1.83697019872103E-16,1.,0.));
#12216=DIRECTION('ref_axis',(0.,0.,-1.));
#12217=DIRECTION('',(1.83697019872103E-16,1.,0.));
#12218=DIRECTION('center_axis',(-1.83697019872103E-16,-1.,0.));
#12219=DIRECTION('ref_axis',(0.,0.,-1.));
#12220=DIRECTION('center_axis',(0.,0.,1.));
#12221=DIRECTION('ref_axis',(-1.83697019872103E-16,-1.,0.));
#12222=DIRECTION('',(-1.,1.83697019872103E-16,0.));
#12223=DIRECTION('',(-1.83697019872103E-16,-1.,0.));
#12224=DIRECTION('',(1.83697019872103E-16,1.,0.));
#12225=DIRECTION('',(1.83697019872103E-16,1.,0.));
#12226=DIRECTION('',(1.,-1.83697019872103E-16,0.));
#12227=DIRECTION('center_axis',(-0.984807753012207,1.80906249375285E-16,
0.173648177666935));
#12228=DIRECTION('ref_axis',(-0.173648177666935,3.18986527436375E-17,-0.984807753012207));
#12229=DIRECTION('center_axis',(-1.83697019872103E-16,-1.,0.));
#12230=DIRECTION('ref_axis',(0.,0.,-1.));
#12231=DIRECTION('',(0.532760710962471,-9.78665549087488E-17,-0.846265930340317));
#12232=DIRECTION('center_axis',(-1.,1.83697019872103E-16,0.));
#12233=DIRECTION('ref_axis',(0.,0.,-1.));
#12234=DIRECTION('',(0.,0.,-1.));
#12235=DIRECTION('center_axis',(0.846265930340317,-1.55456529422809E-16,
0.532760710962471));
#12236=DIRECTION('ref_axis',(-0.532760710962471,9.78665549087488E-17,0.846265930340317));
#12237=DIRECTION('',(-0.532760710962471,9.78665549087488E-17,0.846265930340317));
#12238=DIRECTION('center_axis',(1.83697019872103E-16,1.,0.));
#12239=DIRECTION('ref_axis',(0.,0.,1.));
#12240=DIRECTION('center_axis',(0.846265930340317,-1.55456529422809E-16,
0.532760710962471));
#12241=DIRECTION('ref_axis',(-0.532760710962471,9.78665549087488E-17,0.846265930340317));
#12242=DIRECTION('',(0.532760710962471,-9.78665549087488E-17,-0.846265930340317));
#12243=DIRECTION('center_axis',(-1.,1.83697019872103E-16,0.));
#12244=DIRECTION('ref_axis',(0.,0.,-1.));
#12245=DIRECTION('',(0.,0.,1.));
#12246=DIRECTION('center_axis',(-1.83697019872103E-16,-1.,0.));
#12247=DIRECTION('ref_axis',(0.,0.,-1.));
#12248=DIRECTION('center_axis',(-1.83697019872103E-16,-1.,0.));
#12249=DIRECTION('ref_axis',(0.,0.,-1.));
#12250=DIRECTION('',(0.532760710962471,-9.78665549087488E-17,0.846265930340317));
#12251=DIRECTION('center_axis',(1.83697019872103E-16,1.,0.));
#12252=DIRECTION('ref_axis',(0.,0.,-1.));
#12253=DIRECTION('',(5.02256649716712E-15,-9.22630497639067E-31,1.));
#12254=DIRECTION('center_axis',(1.83697019872103E-16,1.,0.));
#12255=DIRECTION('ref_axis',(0.,0.,-1.));
#12256=DIRECTION('',(-0.997564050259825,1.83249543164275E-16,0.0697564737441185));
#12257=DIRECTION('',(-0.0697564737441193,1.28140563435813E-17,-0.997564050259825));
#12258=DIRECTION('',(-0.997564050259825,1.83249543164275E-16,0.0697564737441184));
#12259=DIRECTION('center_axis',(1.83697019872103E-16,1.,0.));
#12260=DIRECTION('ref_axis',(0.,0.,-1.));
#12261=DIRECTION('',(-5.02256649716712E-15,9.22630497639066E-31,1.));
#12262=DIRECTION('center_axis',(1.83697019872103E-16,1.,0.));
#12263=DIRECTION('ref_axis',(0.,0.,-1.));
#12264=DIRECTION('center_axis',(-1.83697019872103E-16,-1.,0.));
#12265=DIRECTION('ref_axis',(0.,0.,-1.));
#12266=DIRECTION('',(0.,0.,1.));
#12267=DIRECTION('',(-1.,1.83697019872103E-16,0.));
#12268=DIRECTION('',(-0.173648177666935,3.18986527436375E-17,0.984807753012207));
#12269=DIRECTION('',(-1.,1.83697019872103E-16,-5.78821391331325E-16));
#12270=DIRECTION('center_axis',(-1.83697019872103E-16,-1.,0.));
#12271=DIRECTION('ref_axis',(0.,0.,-1.));
#12272=DIRECTION('',(-0.532760710962471,9.78665549087488E-17,-0.846265930340317));
#12273=DIRECTION('center_axis',(1.83697019872103E-16,1.,0.));
#12274=DIRECTION('ref_axis',(0.,0.,-1.));
#12275=DIRECTION('',(-5.02256649716712E-15,9.22630497639066E-31,1.));
#12276=DIRECTION('center_axis',(1.83697019872103E-16,1.,0.));
#12277=DIRECTION('ref_axis',(0.,0.,-1.));
#12278=DIRECTION('',(-0.997564050259825,1.83249543164275E-16,0.0697564737441184));
#12279=DIRECTION('',(-0.0697564737441193,1.28140563435813E-17,-0.997564050259825));
#12280=DIRECTION('',(-0.997564050259825,1.83249543164275E-16,0.0697564737441185));
#12281=DIRECTION('center_axis',(1.83697019872103E-16,1.,0.));
#12282=DIRECTION('ref_axis',(0.,0.,-1.));
#12283=DIRECTION('',(5.02256649716712E-15,-9.22630497639067E-31,1.));
#12284=DIRECTION('center_axis',(1.83697019872103E-16,1.,0.));
#12285=DIRECTION('ref_axis',(-3.77113799125392E-15,6.92746810519814E-31,
-1.));
#12286=DIRECTION('center_axis',(1.83697019872103E-16,1.,0.));
#12287=DIRECTION('ref_axis',(0.,0.,1.));
#12288=DIRECTION('',(1.83697019872103E-16,1.,0.));
#12289=DIRECTION('',(1.83697019872103E-16,1.,0.));
#12290=DIRECTION('center_axis',(-0.0697564737441184,1.28140563435812E-17,
-0.997564050259825));
#12291=DIRECTION('ref_axis',(0.997564050259825,-1.83249543164275E-16,-0.0697564737441184));
#12292=DIRECTION('',(1.83697019872103E-16,1.,0.));
#12293=DIRECTION('center_axis',(0.997564050259825,-1.83249543164275E-16,
-0.0697564737441193));
#12294=DIRECTION('ref_axis',(0.0697564737441193,-1.28140563435813E-17,0.997564050259825));
#12295=DIRECTION('',(1.83697019872103E-16,1.,0.));
#12296=DIRECTION('center_axis',(-0.0697564737441184,1.28140563435811E-17,
-0.997564050259825));
#12297=DIRECTION('ref_axis',(0.997564050259825,-1.83249543164275E-16,-0.0697564737441184));
#12298=DIRECTION('',(1.83697019872103E-16,1.,0.));
#12299=DIRECTION('center_axis',(1.83697019872103E-16,1.,0.));
#12300=DIRECTION('ref_axis',(0.,0.,1.));
#12301=DIRECTION('',(1.83697019872103E-16,1.,0.));
#12302=DIRECTION('center_axis',(-1.,1.83697019872103E-16,-5.02256649716712E-15));
#12303=DIRECTION('ref_axis',(5.02256649716712E-15,-9.22630497639067E-31,
-1.));
#12304=DIRECTION('',(1.83697019872103E-16,1.,0.));
#12305=DIRECTION('center_axis',(1.83697019872103E-16,1.,0.));
#12306=DIRECTION('ref_axis',(0.,0.,1.));
#12307=DIRECTION('',(-1.83697019872103E-16,-1.,0.));
#12308=DIRECTION('center_axis',(1.83697019872103E-16,1.,0.));
#12309=DIRECTION('ref_axis',(0.,0.,-1.));
#12310=DIRECTION('',(1.83697019872103E-16,1.,0.));
#12311=DIRECTION('center_axis',(-1.83697019872103E-16,-1.,0.));
#12312=DIRECTION('ref_axis',(0.,0.,-1.));
#12313=DIRECTION('',(1.83697019872103E-16,1.,0.));
#12314=DIRECTION('center_axis',(5.78821391331325E-16,-1.06327764625789E-31,
-1.));
#12315=DIRECTION('ref_axis',(1.,-1.83697019872103E-16,5.78821391331325E-16));
#12316=DIRECTION('',(1.,-1.83697019872103E-16,1.02726750928826E-15));
#12317=DIRECTION('',(-1.83697019872103E-16,-1.,0.));
#12318=DIRECTION('',(1.83697019872103E-16,1.,0.));
#12319=DIRECTION('',(-1.,1.83697019872103E-16,-5.78821391331325E-16));
#12320=DIRECTION('',(1.83697019872103E-16,1.,0.));
#12321=DIRECTION('',(-1.,1.83697019872103E-16,-1.02726750928826E-15));
#12322=DIRECTION('center_axis',(-0.984807753012207,1.80906249375285E-16,
-0.173648177666935));
#12323=DIRECTION('ref_axis',(0.173648177666935,-3.18986527436375E-17,-0.984807753012207));
#12324=DIRECTION('',(1.83697019872103E-16,1.,0.));
#12325=DIRECTION('',(-0.173648177666935,3.18986527436375E-17,0.984807753012207));
#12326=DIRECTION('center_axis',(0.,0.,-1.));
#12327=DIRECTION('ref_axis',(1.83697019872103E-16,1.,0.));
#12328=DIRECTION('',(-1.83697019872103E-16,-1.,0.));
#12329=DIRECTION('',(-1.,1.83697019872103E-16,0.));
#12330=DIRECTION('',(1.83697019872103E-16,1.,0.));
#12331=DIRECTION('',(1.,-1.83697019872103E-16,0.));
#12332=DIRECTION('',(1.83697019872103E-16,1.,0.));
#12333=DIRECTION('',(-1.,1.83697019872103E-16,0.));
#12334=DIRECTION('center_axis',(1.83697019872103E-16,1.,0.));
#12335=DIRECTION('ref_axis',(0.,0.,1.));
#12336=DIRECTION('center_axis',(-1.83697019872103E-16,-1.,0.));
#12337=DIRECTION('ref_axis',(0.,0.,-1.));
#12338=DIRECTION('',(-1.83697019872103E-16,-1.,0.));
#12339=DIRECTION('',(1.83697019872103E-16,1.,0.));
#12340=DIRECTION('',(1.83697019872103E-16,1.,0.));
#12341=DIRECTION('center_axis',(1.83697019872103E-16,1.,0.));
#12342=DIRECTION('ref_axis',(0.,0.,-1.));
#12343=DIRECTION('center_axis',(-1.,1.83697019872103E-16,5.02256649716712E-15));
#12344=DIRECTION('ref_axis',(-5.02256649716712E-15,9.22630497639068E-31,
-1.));
#12345=DIRECTION('center_axis',(-1.83697019872103E-16,-1.,0.));
#12346=DIRECTION('ref_axis',(0.,0.,-1.));
#12347=DIRECTION('',(0.,0.,-1.));
#12348=DIRECTION('center_axis',(-0.846265930340317,1.55456529422809E-16,
0.532760710962471));
#12349=DIRECTION('ref_axis',(-0.532760710962471,9.78665549087488E-17,-0.846265930340317));
#12350=DIRECTION('',(-0.532760710962471,9.78665549087488E-17,-0.846265930340317));
#12351=DIRECTION('center_axis',(1.,-1.83697019872103E-16,0.));
#12352=DIRECTION('ref_axis',(0.,0.,1.));
#12353=DIRECTION('',(0.,0.,1.));
#12354=DIRECTION('center_axis',(-1.83697019872103E-16,-1.,0.));
#12355=DIRECTION('ref_axis',(0.,0.,-1.));
#12356=DIRECTION('center_axis',(1.,-1.83697019872103E-16,0.));
#12357=DIRECTION('ref_axis',(0.,0.,1.));
#12358=DIRECTION('',(0.,0.,-1.));
#12359=DIRECTION('center_axis',(-0.846265930340317,1.55456529422809E-16,
0.532760710962471));
#12360=DIRECTION('ref_axis',(-0.532760710962471,9.78665549087488E-17,-0.846265930340317));
#12361=DIRECTION('',(0.532760710962471,-9.78665549087488E-17,0.846265930340317));
#12362=DIRECTION('center_axis',(-1.83697019872103E-16,-1.,0.));
#12363=DIRECTION('ref_axis',(0.,0.,-1.));
#12364=DIRECTION('center_axis',(-1.83697019872103E-16,-1.,0.));
#12365=DIRECTION('ref_axis',(0.,0.,-1.));
#12366=DIRECTION('',(0.,0.,1.));
#12367=DIRECTION('',(1.,-1.83697019872103E-16,0.));
#12368=DIRECTION('',(0.173648177666935,-3.18986527436375E-17,0.984807753012207));
#12369=DIRECTION('',(1.,-1.83697019872103E-16,-5.78821391331325E-16));
#12370=DIRECTION('center_axis',(-1.83697019872103E-16,-1.,0.));
#12371=DIRECTION('ref_axis',(0.,0.,-1.));
#12372=DIRECTION('',(-0.532760710962471,9.78665549087488E-17,0.846265930340317));
#12373=DIRECTION('center_axis',(-1.83697019872103E-16,-1.,0.));
#12374=DIRECTION('ref_axis',(0.,0.,-1.));
#12375=DIRECTION('',(-5.02256649716712E-15,9.22630497639067E-31,1.));
#12376=DIRECTION('center_axis',(-1.83697019872103E-16,-1.,0.));
#12377=DIRECTION('ref_axis',(0.,0.,-1.));
#12378=DIRECTION('',(0.997564050259825,-1.83249543164275E-16,0.0697564737441185));
#12379=DIRECTION('',(0.0697564737441193,-1.28140563435813E-17,-0.997564050259825));
#12380=DIRECTION('',(0.997564050259825,-1.83249543164275E-16,0.0697564737441184));
#12381=DIRECTION('center_axis',(-1.83697019872103E-16,-1.,0.));
#12382=DIRECTION('ref_axis',(0.,0.,-1.));
#12383=DIRECTION('',(5.02256649716712E-15,-9.22630497639066E-31,1.));
#12384=DIRECTION('center_axis',(-1.83697019872103E-16,-1.,0.));
#12385=DIRECTION('ref_axis',(0.,0.,-1.));
#12386=DIRECTION('center_axis',(-1.83697019872103E-16,-1.,0.));
#12387=DIRECTION('ref_axis',(0.,0.,-1.));
#12388=DIRECTION('',(0.,0.,-1.));
#12389=DIRECTION('',(1.,-1.83697019872103E-16,-5.78821391331325E-16));
#12390=DIRECTION('',(0.173648177666935,-3.18986527436375E-17,0.984807753012207));
#12391=DIRECTION('',(1.,-1.83697019872103E-16,0.));
#12392=DIRECTION('center_axis',(5.78821391331325E-16,-1.06327764625789E-31,
1.));
#12393=DIRECTION('ref_axis',(-1.,1.83697019872103E-16,5.78821391331325E-16));
#12394=DIRECTION('',(-1.83697019872103E-16,-1.,0.));
#12395=DIRECTION('',(1.,-1.83697019872103E-16,-1.02726750928826E-15));
#12396=DIRECTION('',(1.83697019872103E-16,1.,0.));
#12397=DIRECTION('',(-1.,1.83697019872103E-16,0.));
#12398=DIRECTION('',(1.83697019872103E-16,1.,0.));
#12399=DIRECTION('',(1.83697019872103E-16,1.,0.));
#12400=DIRECTION('center_axis',(1.83697019872103E-16,1.,0.));
#12401=DIRECTION('ref_axis',(0.,0.,1.));
#12402=DIRECTION('center_axis',(1.83697019872103E-16,1.,0.));
#12403=DIRECTION('ref_axis',(0.,0.,1.));
#12404=DIRECTION('',(-1.83697019872103E-16,-1.,0.));
#12405=DIRECTION('',(1.83697019872103E-16,1.,0.));
#12406=DIRECTION('center_axis',(-1.83697019872103E-16,-1.,0.));
#12407=DIRECTION('ref_axis',(0.,0.,-1.));
#12408=DIRECTION('',(1.83697019872103E-16,1.,0.));
#12409=DIRECTION('center_axis',(-1.83697019872103E-16,-1.,0.));
#12410=DIRECTION('ref_axis',(0.,0.,-1.));
#12411=DIRECTION('center_axis',(-1.,1.83697019872103E-16,5.02256649716712E-15));
#12412=DIRECTION('ref_axis',(-5.02256649716712E-15,9.22630497639067E-31,
-1.));
#12413=DIRECTION('',(1.83697019872103E-16,1.,0.));
#12414=DIRECTION('',(5.02256649716712E-15,-9.22630497639066E-31,1.));
#12415=DIRECTION('center_axis',(1.83697019872103E-16,1.,0.));
#12416=DIRECTION('ref_axis',(0.,0.,1.));
#12417=DIRECTION('',(1.83697019872103E-16,1.,0.));
#12418=DIRECTION('center_axis',(-1.83697019872103E-16,-1.,0.));
#12419=DIRECTION('ref_axis',(0.,0.,-1.));
#12420=DIRECTION('center_axis',(-0.0697564737441184,1.28140563435811E-17,
0.997564050259825));
#12421=DIRECTION('ref_axis',(-0.997564050259825,1.83249543164275E-16,-0.0697564737441184));
#12422=DIRECTION('',(1.83697019872103E-16,1.,0.));
#12423=DIRECTION('',(0.997564050259825,-1.83249543164275E-16,0.0697564737441184));
#12424=DIRECTION('center_axis',(0.997564050259825,-1.83249543164275E-16,
0.0697564737441193));
#12425=DIRECTION('ref_axis',(-0.0697564737441193,1.28140563435813E-17,0.997564050259825));
#12426=DIRECTION('',(1.83697019872103E-16,1.,0.));
#12427=DIRECTION('',(0.0697564737441193,-1.28140563435813E-17,-0.997564050259825));
#12428=DIRECTION('center_axis',(-0.0697564737441184,1.28140563435812E-17,
0.997564050259825));
#12429=DIRECTION('ref_axis',(-0.997564050259825,1.83249543164275E-16,-0.0697564737441184));
#12430=DIRECTION('',(1.83697019872103E-16,1.,0.));
#12431=DIRECTION('',(0.997564050259825,-1.83249543164275E-16,0.0697564737441185));
#12432=DIRECTION('center_axis',(1.83697019872103E-16,1.,0.));
#12433=DIRECTION('ref_axis',(0.,0.,1.));
#12434=DIRECTION('',(1.83697019872103E-16,1.,0.));
#12435=DIRECTION('center_axis',(-1.83697019872103E-16,-1.,0.));
#12436=DIRECTION('ref_axis',(0.,0.,-1.));
#12437=DIRECTION('center_axis',(-1.,1.83697019872103E-16,-5.02256649716712E-15));
#12438=DIRECTION('ref_axis',(5.02256649716712E-15,-9.22630497639068E-31,
-1.));
#12439=DIRECTION('',(1.83697019872103E-16,1.,0.));
#12440=DIRECTION('',(-5.02256649716712E-15,9.22630497639067E-31,1.));
#12441=DIRECTION('center_axis',(1.83697019872103E-16,1.,0.));
#12442=DIRECTION('ref_axis',(0.,0.,1.));
#12443=DIRECTION('',(-1.83697019872103E-16,-1.,0.));
#12444=DIRECTION('center_axis',(-1.83697019872103E-16,-1.,0.));
#12445=DIRECTION('ref_axis',(0.,0.,1.));
#12446=DIRECTION('',(1.83697019872103E-16,1.,0.));
#12447=DIRECTION('center_axis',(1.83697019872103E-16,1.,0.));
#12448=DIRECTION('ref_axis',(0.,0.,-1.));
#12449=DIRECTION('',(1.83697019872103E-16,1.,0.));
#12450=DIRECTION('center_axis',(-1.83697019872103E-16,-1.,0.));
#12451=DIRECTION('ref_axis',(0.,0.,-1.));
#12452=DIRECTION('center_axis',(0.,0.,1.));
#12453=DIRECTION('ref_axis',(-1.83697019872103E-16,-1.,0.));
#12454=DIRECTION('',(-1.,1.83697019872103E-16,0.));
#12455=DIRECTION('',(-1.83697019872103E-16,-1.,0.));
#12456=DIRECTION('',(1.83697019872103E-16,1.,0.));
#12457=DIRECTION('',(1.83697019872103E-16,1.,0.));
#12458=DIRECTION('',(1.,-1.83697019872103E-16,0.));
#12459=DIRECTION('center_axis',(-0.984807753012207,1.80906249375285E-16,
0.173648177666935));
#12460=DIRECTION('ref_axis',(-0.173648177666935,3.18986527436375E-17,-0.984807753012207));
#12461=DIRECTION('center_axis',(-1.83697019872103E-16,-1.,0.));
#12462=DIRECTION('ref_axis',(0.,0.,-1.));
#12463=DIRECTION('',(0.532760710962471,-9.78665549087488E-17,-0.846265930340317));
#12464=DIRECTION('center_axis',(-1.,1.83697019872103E-16,0.));
#12465=DIRECTION('ref_axis',(0.,0.,-1.));
#12466=DIRECTION('',(0.,0.,-1.));
#12467=DIRECTION('center_axis',(0.846265930340317,-1.55456529422809E-16,
0.532760710962471));
#12468=DIRECTION('ref_axis',(-0.532760710962471,9.78665549087488E-17,0.846265930340317));
#12469=DIRECTION('',(-0.532760710962471,9.78665549087488E-17,0.846265930340317));
#12470=DIRECTION('center_axis',(1.83697019872103E-16,1.,0.));
#12471=DIRECTION('ref_axis',(0.,0.,1.));
#12472=DIRECTION('center_axis',(0.846265930340317,-1.55456529422809E-16,
0.532760710962471));
#12473=DIRECTION('ref_axis',(-0.532760710962471,9.78665549087488E-17,0.846265930340317));
#12474=DIRECTION('',(0.532760710962471,-9.78665549087488E-17,-0.846265930340317));
#12475=DIRECTION('center_axis',(-1.,1.83697019872103E-16,0.));
#12476=DIRECTION('ref_axis',(0.,0.,-1.));
#12477=DIRECTION('',(0.,0.,1.));
#12478=DIRECTION('center_axis',(-1.83697019872103E-16,-1.,0.));
#12479=DIRECTION('ref_axis',(0.,0.,-1.));
#12480=DIRECTION('center_axis',(-1.83697019872103E-16,-1.,0.));
#12481=DIRECTION('ref_axis',(0.,0.,-1.));
#12482=DIRECTION('',(0.532760710962471,-9.78665549087488E-17,0.846265930340317));
#12483=DIRECTION('center_axis',(1.83697019872103E-16,1.,0.));
#12484=DIRECTION('ref_axis',(0.,0.,-1.));
#12485=DIRECTION('',(5.02256649716712E-15,-9.22630497639067E-31,1.));
#12486=DIRECTION('center_axis',(1.83697019872103E-16,1.,0.));
#12487=DIRECTION('ref_axis',(0.,0.,-1.));
#12488=DIRECTION('',(-0.997564050259825,1.83249543164275E-16,0.0697564737441185));
#12489=DIRECTION('',(-0.0697564737441193,1.28140563435813E-17,-0.997564050259825));
#12490=DIRECTION('',(-0.997564050259825,1.83249543164275E-16,0.0697564737441184));
#12491=DIRECTION('center_axis',(1.83697019872103E-16,1.,0.));
#12492=DIRECTION('ref_axis',(0.,0.,-1.));
#12493=DIRECTION('',(-5.02256649716712E-15,9.22630497639066E-31,1.));
#12494=DIRECTION('center_axis',(1.83697019872103E-16,1.,0.));
#12495=DIRECTION('ref_axis',(0.,0.,-1.));
#12496=DIRECTION('center_axis',(-1.83697019872103E-16,-1.,0.));
#12497=DIRECTION('ref_axis',(0.,0.,-1.));
#12498=DIRECTION('',(0.,0.,1.));
#12499=DIRECTION('',(-1.,1.83697019872103E-16,0.));
#12500=DIRECTION('',(-0.173648177666935,3.18986527436375E-17,0.984807753012207));
#12501=DIRECTION('',(-1.,1.83697019872103E-16,-5.78821391331325E-16));
#12502=DIRECTION('center_axis',(-1.83697019872103E-16,-1.,0.));
#12503=DIRECTION('ref_axis',(0.,0.,-1.));
#12504=DIRECTION('',(-0.532760710962471,9.78665549087488E-17,-0.846265930340317));
#12505=DIRECTION('center_axis',(1.83697019872103E-16,1.,0.));
#12506=DIRECTION('ref_axis',(0.,0.,-1.));
#12507=DIRECTION('',(-5.02256649716712E-15,9.22630497639066E-31,1.));
#12508=DIRECTION('center_axis',(1.83697019872103E-16,1.,0.));
#12509=DIRECTION('ref_axis',(0.,0.,-1.));
#12510=DIRECTION('',(-0.997564050259825,1.83249543164275E-16,0.0697564737441184));
#12511=DIRECTION('',(-0.0697564737441193,1.28140563435813E-17,-0.997564050259825));
#12512=DIRECTION('',(-0.997564050259825,1.83249543164275E-16,0.0697564737441185));
#12513=DIRECTION('center_axis',(1.83697019872103E-16,1.,0.));
#12514=DIRECTION('ref_axis',(0.,0.,-1.));
#12515=DIRECTION('',(5.02256649716712E-15,-9.22630497639067E-31,1.));
#12516=DIRECTION('center_axis',(1.83697019872103E-16,1.,0.));
#12517=DIRECTION('ref_axis',(-3.77113799125392E-15,6.92746810519814E-31,
-1.));
#12518=DIRECTION('center_axis',(1.83697019872103E-16,1.,0.));
#12519=DIRECTION('ref_axis',(0.,0.,1.));
#12520=DIRECTION('',(1.83697019872103E-16,1.,0.));
#12521=DIRECTION('',(1.83697019872103E-16,1.,0.));
#12522=DIRECTION('center_axis',(-0.0697564737441184,1.28140563435812E-17,
-0.997564050259825));
#12523=DIRECTION('ref_axis',(0.997564050259825,-1.83249543164275E-16,-0.0697564737441184));
#12524=DIRECTION('',(1.83697019872103E-16,1.,0.));
#12525=DIRECTION('center_axis',(0.997564050259825,-1.83249543164275E-16,
-0.0697564737441193));
#12526=DIRECTION('ref_axis',(0.0697564737441193,-1.28140563435813E-17,0.997564050259825));
#12527=DIRECTION('',(1.83697019872103E-16,1.,0.));
#12528=DIRECTION('center_axis',(-0.0697564737441184,1.28140563435811E-17,
-0.997564050259825));
#12529=DIRECTION('ref_axis',(0.997564050259825,-1.83249543164275E-16,-0.0697564737441184));
#12530=DIRECTION('',(1.83697019872103E-16,1.,0.));
#12531=DIRECTION('center_axis',(1.83697019872103E-16,1.,0.));
#12532=DIRECTION('ref_axis',(0.,0.,1.));
#12533=DIRECTION('',(1.83697019872103E-16,1.,0.));
#12534=DIRECTION('center_axis',(-1.,1.83697019872103E-16,-5.02256649716712E-15));
#12535=DIRECTION('ref_axis',(5.02256649716712E-15,-9.22630497639067E-31,
-1.));
#12536=DIRECTION('',(1.83697019872103E-16,1.,0.));
#12537=DIRECTION('center_axis',(1.83697019872103E-16,1.,0.));
#12538=DIRECTION('ref_axis',(0.,0.,1.));
#12539=DIRECTION('',(-1.83697019872103E-16,-1.,0.));
#12540=DIRECTION('center_axis',(1.83697019872103E-16,1.,0.));
#12541=DIRECTION('ref_axis',(0.,0.,-1.));
#12542=DIRECTION('',(1.83697019872103E-16,1.,0.));
#12543=DIRECTION('center_axis',(-1.83697019872103E-16,-1.,0.));
#12544=DIRECTION('ref_axis',(0.,0.,-1.));
#12545=DIRECTION('',(1.83697019872103E-16,1.,0.));
#12546=DIRECTION('center_axis',(5.78821391331325E-16,-1.06327764625789E-31,
-1.));
#12547=DIRECTION('ref_axis',(1.,-1.83697019872103E-16,5.78821391331325E-16));
#12548=DIRECTION('',(1.,-1.83697019872103E-16,1.02726750928826E-15));
#12549=DIRECTION('',(-1.83697019872103E-16,-1.,0.));
#12550=DIRECTION('',(1.83697019872103E-16,1.,0.));
#12551=DIRECTION('',(-1.,1.83697019872103E-16,-5.78821391331325E-16));
#12552=DIRECTION('',(1.83697019872103E-16,1.,0.));
#12553=DIRECTION('',(-1.,1.83697019872103E-16,-1.02726750928826E-15));
#12554=DIRECTION('center_axis',(-0.984807753012207,1.80906249375285E-16,
-0.173648177666935));
#12555=DIRECTION('ref_axis',(0.173648177666935,-3.18986527436375E-17,-0.984807753012207));
#12556=DIRECTION('',(1.83697019872103E-16,1.,0.));
#12557=DIRECTION('',(-0.173648177666935,3.18986527436375E-17,0.984807753012207));
#12558=DIRECTION('center_axis',(0.,0.,-1.));
#12559=DIRECTION('ref_axis',(1.83697019872103E-16,1.,0.));
#12560=DIRECTION('',(-1.83697019872103E-16,-1.,0.));
#12561=DIRECTION('',(-1.,1.83697019872103E-16,0.));
#12562=DIRECTION('',(1.83697019872103E-16,1.,0.));
#12563=DIRECTION('',(1.,-1.83697019872103E-16,0.));
#12564=DIRECTION('',(1.83697019872103E-16,1.,0.));
#12565=DIRECTION('',(-1.,1.83697019872103E-16,0.));
#12566=DIRECTION('center_axis',(1.83697019872103E-16,1.,0.));
#12567=DIRECTION('ref_axis',(0.,0.,1.));
#12568=DIRECTION('center_axis',(-1.83697019872103E-16,-1.,0.));
#12569=DIRECTION('ref_axis',(0.,0.,-1.));
#12570=DIRECTION('',(-1.83697019872103E-16,-1.,0.));
#12571=DIRECTION('',(1.83697019872103E-16,1.,0.));
#12572=DIRECTION('',(1.83697019872103E-16,1.,0.));
#12573=DIRECTION('center_axis',(1.83697019872103E-16,1.,0.));
#12574=DIRECTION('ref_axis',(0.,0.,-1.));
#12575=DIRECTION('center_axis',(-1.,1.83697019872103E-16,5.02256649716712E-15));
#12576=DIRECTION('ref_axis',(-5.02256649716712E-15,9.22630497639068E-31,
-1.));
#12577=DIRECTION('center_axis',(-1.83697019872103E-16,-1.,0.));
#12578=DIRECTION('ref_axis',(0.,0.,-1.));
#12579=DIRECTION('',(0.,0.,-1.));
#12580=DIRECTION('center_axis',(-0.846265930340317,1.55456529422809E-16,
0.532760710962471));
#12581=DIRECTION('ref_axis',(-0.532760710962471,9.78665549087488E-17,-0.846265930340317));
#12582=DIRECTION('',(-0.532760710962471,9.78665549087488E-17,-0.846265930340317));
#12583=DIRECTION('center_axis',(1.,-1.83697019872103E-16,0.));
#12584=DIRECTION('ref_axis',(0.,0.,1.));
#12585=DIRECTION('',(0.,0.,1.));
#12586=DIRECTION('center_axis',(-1.83697019872103E-16,-1.,0.));
#12587=DIRECTION('ref_axis',(0.,0.,-1.));
#12588=DIRECTION('center_axis',(1.,-1.83697019872103E-16,0.));
#12589=DIRECTION('ref_axis',(0.,0.,1.));
#12590=DIRECTION('',(0.,0.,-1.));
#12591=DIRECTION('center_axis',(-0.846265930340317,1.55456529422809E-16,
0.532760710962471));
#12592=DIRECTION('ref_axis',(-0.532760710962471,9.78665549087488E-17,-0.846265930340317));
#12593=DIRECTION('',(0.532760710962471,-9.78665549087488E-17,0.846265930340317));
#12594=DIRECTION('center_axis',(-1.83697019872103E-16,-1.,0.));
#12595=DIRECTION('ref_axis',(0.,0.,-1.));
#12596=DIRECTION('center_axis',(-1.83697019872103E-16,-1.,0.));
#12597=DIRECTION('ref_axis',(0.,0.,-1.));
#12598=DIRECTION('',(0.,0.,1.));
#12599=DIRECTION('',(1.,-1.83697019872103E-16,0.));
#12600=DIRECTION('',(0.173648177666935,-3.18986527436375E-17,0.984807753012207));
#12601=DIRECTION('',(1.,-1.83697019872103E-16,-5.78821391331325E-16));
#12602=DIRECTION('center_axis',(-1.83697019872103E-16,-1.,0.));
#12603=DIRECTION('ref_axis',(0.,0.,-1.));
#12604=DIRECTION('',(-0.532760710962471,9.78665549087488E-17,0.846265930340317));
#12605=DIRECTION('center_axis',(-1.83697019872103E-16,-1.,0.));
#12606=DIRECTION('ref_axis',(0.,0.,-1.));
#12607=DIRECTION('',(-5.02256649716712E-15,9.22630497639067E-31,1.));
#12608=DIRECTION('center_axis',(-1.83697019872103E-16,-1.,0.));
#12609=DIRECTION('ref_axis',(0.,0.,-1.));
#12610=DIRECTION('',(0.997564050259825,-1.83249543164275E-16,0.0697564737441185));
#12611=DIRECTION('',(0.0697564737441193,-1.28140563435813E-17,-0.997564050259825));
#12612=DIRECTION('',(0.997564050259825,-1.83249543164275E-16,0.0697564737441184));
#12613=DIRECTION('center_axis',(-1.83697019872103E-16,-1.,0.));
#12614=DIRECTION('ref_axis',(0.,0.,-1.));
#12615=DIRECTION('',(5.02256649716712E-15,-9.22630497639066E-31,1.));
#12616=DIRECTION('center_axis',(-1.83697019872103E-16,-1.,0.));
#12617=DIRECTION('ref_axis',(0.,0.,-1.));
#12618=DIRECTION('center_axis',(-1.83697019872103E-16,-1.,0.));
#12619=DIRECTION('ref_axis',(0.,0.,-1.));
#12620=DIRECTION('',(0.,0.,-1.));
#12621=DIRECTION('',(1.,-1.83697019872103E-16,-5.78821391331325E-16));
#12622=DIRECTION('',(0.173648177666935,-3.18986527436375E-17,0.984807753012207));
#12623=DIRECTION('',(1.,-1.83697019872103E-16,0.));
#12624=DIRECTION('center_axis',(5.78821391331325E-16,-1.06327764625789E-31,
1.));
#12625=DIRECTION('ref_axis',(-1.,1.83697019872103E-16,5.78821391331325E-16));
#12626=DIRECTION('',(-1.83697019872103E-16,-1.,0.));
#12627=DIRECTION('',(1.,-1.83697019872103E-16,-1.02726750928826E-15));
#12628=DIRECTION('',(1.83697019872103E-16,1.,0.));
#12629=DIRECTION('',(-1.,1.83697019872103E-16,0.));
#12630=DIRECTION('',(1.83697019872103E-16,1.,0.));
#12631=DIRECTION('',(1.83697019872103E-16,1.,0.));
#12632=DIRECTION('center_axis',(1.83697019872103E-16,1.,0.));
#12633=DIRECTION('ref_axis',(0.,0.,1.));
#12634=DIRECTION('center_axis',(1.83697019872103E-16,1.,0.));
#12635=DIRECTION('ref_axis',(0.,0.,1.));
#12636=DIRECTION('',(-1.83697019872103E-16,-1.,0.));
#12637=DIRECTION('',(1.83697019872103E-16,1.,0.));
#12638=DIRECTION('center_axis',(-1.83697019872103E-16,-1.,0.));
#12639=DIRECTION('ref_axis',(0.,0.,-1.));
#12640=DIRECTION('',(1.83697019872103E-16,1.,0.));
#12641=DIRECTION('center_axis',(-1.83697019872103E-16,-1.,0.));
#12642=DIRECTION('ref_axis',(0.,0.,-1.));
#12643=DIRECTION('center_axis',(-1.,1.83697019872103E-16,5.02256649716712E-15));
#12644=DIRECTION('ref_axis',(-5.02256649716712E-15,9.22630497639067E-31,
-1.));
#12645=DIRECTION('',(1.83697019872103E-16,1.,0.));
#12646=DIRECTION('',(5.02256649716712E-15,-9.22630497639066E-31,1.));
#12647=DIRECTION('center_axis',(1.83697019872103E-16,1.,0.));
#12648=DIRECTION('ref_axis',(0.,0.,1.));
#12649=DIRECTION('',(1.83697019872103E-16,1.,0.));
#12650=DIRECTION('center_axis',(-1.83697019872103E-16,-1.,0.));
#12651=DIRECTION('ref_axis',(0.,0.,-1.));
#12652=DIRECTION('center_axis',(-0.0697564737441184,1.28140563435811E-17,
0.997564050259825));
#12653=DIRECTION('ref_axis',(-0.997564050259825,1.83249543164275E-16,-0.0697564737441184));
#12654=DIRECTION('',(1.83697019872103E-16,1.,0.));
#12655=DIRECTION('',(0.997564050259825,-1.83249543164275E-16,0.0697564737441184));
#12656=DIRECTION('center_axis',(0.997564050259825,-1.83249543164275E-16,
0.0697564737441193));
#12657=DIRECTION('ref_axis',(-0.0697564737441193,1.28140563435813E-17,0.997564050259825));
#12658=DIRECTION('',(1.83697019872103E-16,1.,0.));
#12659=DIRECTION('',(0.0697564737441193,-1.28140563435813E-17,-0.997564050259825));
#12660=DIRECTION('center_axis',(-0.0697564737441184,1.28140563435812E-17,
0.997564050259825));
#12661=DIRECTION('ref_axis',(-0.997564050259825,1.83249543164275E-16,-0.0697564737441184));
#12662=DIRECTION('',(1.83697019872103E-16,1.,0.));
#12663=DIRECTION('',(0.997564050259825,-1.83249543164275E-16,0.0697564737441185));
#12664=DIRECTION('center_axis',(1.83697019872103E-16,1.,0.));
#12665=DIRECTION('ref_axis',(0.,0.,1.));
#12666=DIRECTION('',(1.83697019872103E-16,1.,0.));
#12667=DIRECTION('center_axis',(-1.83697019872103E-16,-1.,0.));
#12668=DIRECTION('ref_axis',(0.,0.,-1.));
#12669=DIRECTION('center_axis',(-1.,1.83697019872103E-16,-5.02256649716712E-15));
#12670=DIRECTION('ref_axis',(5.02256649716712E-15,-9.22630497639068E-31,
-1.));
#12671=DIRECTION('',(1.83697019872103E-16,1.,0.));
#12672=DIRECTION('',(-5.02256649716712E-15,9.22630497639067E-31,1.));
#12673=DIRECTION('center_axis',(1.83697019872103E-16,1.,0.));
#12674=DIRECTION('ref_axis',(0.,0.,1.));
#12675=DIRECTION('',(-1.83697019872103E-16,-1.,0.));
#12676=DIRECTION('center_axis',(-1.83697019872103E-16,-1.,0.));
#12677=DIRECTION('ref_axis',(0.,0.,1.));
#12678=DIRECTION('',(1.83697019872103E-16,1.,0.));
#12679=DIRECTION('center_axis',(1.83697019872103E-16,1.,0.));
#12680=DIRECTION('ref_axis',(0.,0.,-1.));
#12681=DIRECTION('',(1.83697019872103E-16,1.,0.));
#12682=DIRECTION('center_axis',(-1.83697019872103E-16,-1.,0.));
#12683=DIRECTION('ref_axis',(0.,0.,-1.));
#12684=DIRECTION('center_axis',(0.,0.,1.));
#12685=DIRECTION('ref_axis',(-1.83697019872103E-16,-1.,0.));
#12686=DIRECTION('',(-1.,1.83697019872103E-16,0.));
#12687=DIRECTION('',(-1.83697019872103E-16,-1.,0.));
#12688=DIRECTION('',(1.83697019872103E-16,1.,0.));
#12689=DIRECTION('',(1.83697019872103E-16,1.,0.));
#12690=DIRECTION('',(1.,-1.83697019872103E-16,0.));
#12691=DIRECTION('center_axis',(-0.984807753012207,1.80906249375285E-16,
0.173648177666935));
#12692=DIRECTION('ref_axis',(-0.173648177666935,3.18986527436375E-17,-0.984807753012207));
#12693=DIRECTION('center_axis',(-1.83697019872103E-16,-1.,0.));
#12694=DIRECTION('ref_axis',(0.,0.,-1.));
#12695=DIRECTION('',(0.532760710962471,-9.78665549087488E-17,-0.846265930340317));
#12696=DIRECTION('center_axis',(-1.,1.83697019872103E-16,0.));
#12697=DIRECTION('ref_axis',(0.,0.,-1.));
#12698=DIRECTION('',(0.,0.,-1.));
#12699=DIRECTION('center_axis',(0.846265930340317,-1.55456529422809E-16,
0.532760710962471));
#12700=DIRECTION('ref_axis',(-0.532760710962471,9.78665549087488E-17,0.846265930340317));
#12701=DIRECTION('',(-0.532760710962471,9.78665549087488E-17,0.846265930340317));
#12702=DIRECTION('center_axis',(1.83697019872103E-16,1.,0.));
#12703=DIRECTION('ref_axis',(0.,0.,1.));
#12704=DIRECTION('center_axis',(0.846265930340317,-1.55456529422809E-16,
0.532760710962471));
#12705=DIRECTION('ref_axis',(-0.532760710962471,9.78665549087488E-17,0.846265930340317));
#12706=DIRECTION('',(0.532760710962471,-9.78665549087488E-17,-0.846265930340317));
#12707=DIRECTION('center_axis',(-1.,1.83697019872103E-16,0.));
#12708=DIRECTION('ref_axis',(0.,0.,-1.));
#12709=DIRECTION('',(0.,0.,1.));
#12710=DIRECTION('center_axis',(-1.83697019872103E-16,-1.,0.));
#12711=DIRECTION('ref_axis',(0.,0.,-1.));
#12712=DIRECTION('center_axis',(-1.83697019872103E-16,-1.,0.));
#12713=DIRECTION('ref_axis',(0.,0.,-1.));
#12714=DIRECTION('',(0.532760710962471,-9.78665549087488E-17,0.846265930340317));
#12715=DIRECTION('center_axis',(1.83697019872103E-16,1.,0.));
#12716=DIRECTION('ref_axis',(-3.77113799125392E-15,6.92746810519814E-31,
-1.));
#12717=DIRECTION('',(5.02256649716712E-15,-9.22630497639067E-31,1.));
#12718=DIRECTION('center_axis',(1.83697019872103E-16,1.,0.));
#12719=DIRECTION('ref_axis',(0.,0.,-1.));
#12720=DIRECTION('',(-0.997564050259825,1.83249543164275E-16,0.0697564737441185));
#12721=DIRECTION('',(-0.0697564737441193,1.28140563435813E-17,-0.997564050259825));
#12722=DIRECTION('',(-0.997564050259825,1.83249543164275E-16,0.0697564737441184));
#12723=DIRECTION('center_axis',(1.83697019872103E-16,1.,0.));
#12724=DIRECTION('ref_axis',(0.,0.,-1.));
#12725=DIRECTION('',(-5.02256649716712E-15,9.22630497639066E-31,1.));
#12726=DIRECTION('center_axis',(1.83697019872103E-16,1.,0.));
#12727=DIRECTION('ref_axis',(-1.18816676436768E-15,2.18262693725421E-31,
-1.));
#12728=DIRECTION('center_axis',(-1.83697019872103E-16,-1.,0.));
#12729=DIRECTION('ref_axis',(0.,0.,-1.));
#12730=DIRECTION('',(0.,0.,1.));
#12731=DIRECTION('',(-1.,1.83697019872103E-16,0.));
#12732=DIRECTION('',(-0.173648177666935,3.18986527436375E-17,0.984807753012207));
#12733=DIRECTION('',(-1.,1.83697019872103E-16,-5.78821391331325E-16));
#12734=DIRECTION('center_axis',(-1.83697019872103E-16,-1.,0.));
#12735=DIRECTION('ref_axis',(0.,0.,-1.));
#12736=DIRECTION('',(-0.532760710962471,9.78665549087488E-17,-0.846265930340317));
#12737=DIRECTION('center_axis',(1.83697019872103E-16,1.,0.));
#12738=DIRECTION('ref_axis',(-1.18816676436768E-15,2.18262693725421E-31,
-1.));
#12739=DIRECTION('',(-5.02256649716712E-15,9.22630497639066E-31,1.));
#12740=DIRECTION('center_axis',(1.83697019872103E-16,1.,0.));
#12741=DIRECTION('ref_axis',(0.,0.,-1.));
#12742=DIRECTION('',(-0.997564050259825,1.83249543164275E-16,0.0697564737441184));
#12743=DIRECTION('',(-0.0697564737441193,1.28140563435813E-17,-0.997564050259825));
#12744=DIRECTION('',(-0.997564050259825,1.83249543164275E-16,0.0697564737441185));
#12745=DIRECTION('center_axis',(1.83697019872103E-16,1.,0.));
#12746=DIRECTION('ref_axis',(0.,0.,-1.));
#12747=DIRECTION('',(5.02256649716712E-15,-9.22630497639067E-31,1.));
#12748=DIRECTION('center_axis',(1.83697019872103E-16,1.,0.));
#12749=DIRECTION('ref_axis',(-1.13134139737618E-14,2.07824043155944E-30,
-1.));
#12750=DIRECTION('center_axis',(1.83697019872103E-16,1.,0.));
#12751=DIRECTION('ref_axis',(0.,0.,1.));
#12752=DIRECTION('',(1.83697019872103E-16,1.,0.));
#12753=DIRECTION('',(1.83697019872103E-16,1.,0.));
#12754=DIRECTION('center_axis',(-0.0697564737441184,1.28140563435812E-17,
-0.997564050259825));
#12755=DIRECTION('ref_axis',(0.997564050259825,-1.83249543164275E-16,-0.0697564737441184));
#12756=DIRECTION('',(1.83697019872103E-16,1.,0.));
#12757=DIRECTION('center_axis',(0.997564050259825,-1.83249543164275E-16,
-0.0697564737441193));
#12758=DIRECTION('ref_axis',(0.0697564737441193,-1.28140563435813E-17,0.997564050259825));
#12759=DIRECTION('',(1.83697019872103E-16,1.,0.));
#12760=DIRECTION('center_axis',(-0.0697564737441184,1.28140563435811E-17,
-0.997564050259825));
#12761=DIRECTION('ref_axis',(0.997564050259825,-1.83249543164275E-16,-0.0697564737441184));
#12762=DIRECTION('',(1.83697019872103E-16,1.,0.));
#12763=DIRECTION('center_axis',(1.83697019872103E-16,1.,0.));
#12764=DIRECTION('ref_axis',(0.,0.,1.));
#12765=DIRECTION('',(1.83697019872103E-16,1.,0.));
#12766=DIRECTION('center_axis',(-1.,1.83697019872103E-16,-5.02256649716712E-15));
#12767=DIRECTION('ref_axis',(5.02256649716712E-15,-9.22630497639067E-31,
-1.));
#12768=DIRECTION('',(1.83697019872103E-16,1.,0.));
#12769=DIRECTION('center_axis',(1.83697019872103E-16,1.,0.));
#12770=DIRECTION('ref_axis',(0.,0.,1.));
#12771=DIRECTION('',(-1.83697019872103E-16,-1.,0.));
#12772=DIRECTION('center_axis',(1.83697019872103E-16,1.,0.));
#12773=DIRECTION('ref_axis',(0.,0.,-1.));
#12774=DIRECTION('',(1.83697019872103E-16,1.,0.));
#12775=DIRECTION('center_axis',(-1.83697019872103E-16,-1.,0.));
#12776=DIRECTION('ref_axis',(0.,0.,-1.));
#12777=DIRECTION('',(1.83697019872103E-16,1.,0.));
#12778=DIRECTION('center_axis',(5.78821391331325E-16,-1.06327764625789E-31,
-1.));
#12779=DIRECTION('ref_axis',(1.,-1.83697019872103E-16,5.78821391331325E-16));
#12780=DIRECTION('',(1.,-1.83697019872103E-16,1.02726750928826E-15));
#12781=DIRECTION('',(-1.83697019872103E-16,-1.,0.));
#12782=DIRECTION('',(1.83697019872103E-16,1.,0.));
#12783=DIRECTION('',(-1.,1.83697019872103E-16,-5.78821391331325E-16));
#12784=DIRECTION('',(1.83697019872103E-16,1.,0.));
#12785=DIRECTION('',(-1.,1.83697019872103E-16,-1.02726750928826E-15));
#12786=DIRECTION('center_axis',(-0.984807753012207,1.80906249375285E-16,
-0.173648177666935));
#12787=DIRECTION('ref_axis',(0.173648177666935,-3.18986527436375E-17,-0.984807753012207));
#12788=DIRECTION('',(1.83697019872103E-16,1.,0.));
#12789=DIRECTION('',(-0.173648177666935,3.18986527436375E-17,0.984807753012207));
#12790=DIRECTION('center_axis',(0.,0.,-1.));
#12791=DIRECTION('ref_axis',(1.83697019872103E-16,1.,0.));
#12792=DIRECTION('',(-1.83697019872103E-16,-1.,0.));
#12793=DIRECTION('',(-1.,1.83697019872103E-16,0.));
#12794=DIRECTION('',(1.83697019872103E-16,1.,0.));
#12795=DIRECTION('',(1.,-1.83697019872103E-16,0.));
#12796=DIRECTION('',(1.83697019872103E-16,1.,0.));
#12797=DIRECTION('',(-1.,1.83697019872103E-16,0.));
#12798=DIRECTION('center_axis',(1.83697019872103E-16,1.,0.));
#12799=DIRECTION('ref_axis',(0.,0.,1.));
#12800=DIRECTION('center_axis',(-1.83697019872103E-16,-1.,0.));
#12801=DIRECTION('ref_axis',(0.,0.,-1.));
#12802=DIRECTION('',(-1.83697019872103E-16,-1.,0.));
#12803=DIRECTION('',(1.83697019872103E-16,1.,0.));
#12804=DIRECTION('',(1.83697019872103E-16,1.,0.));
#12805=DIRECTION('center_axis',(1.83697019872103E-16,1.,0.));
#12806=DIRECTION('ref_axis',(0.,0.,-1.));
#12807=DIRECTION('center_axis',(-1.,1.83697019872103E-16,5.02256649716712E-15));
#12808=DIRECTION('ref_axis',(-5.02256649716712E-15,9.22630497639068E-31,
-1.));
#12809=DIRECTION('center_axis',(-1.83697019872103E-16,-1.,0.));
#12810=DIRECTION('ref_axis',(0.,0.,-1.));
#12811=DIRECTION('',(0.,0.,-1.));
#12812=DIRECTION('center_axis',(-0.846265930340317,1.55456529422809E-16,
0.532760710962471));
#12813=DIRECTION('ref_axis',(-0.532760710962471,9.78665549087488E-17,-0.846265930340317));
#12814=DIRECTION('',(-0.532760710962471,9.78665549087488E-17,-0.846265930340317));
#12815=DIRECTION('center_axis',(1.,-1.83697019872103E-16,0.));
#12816=DIRECTION('ref_axis',(0.,0.,1.));
#12817=DIRECTION('',(0.,0.,1.));
#12818=DIRECTION('center_axis',(-1.83697019872103E-16,-1.,0.));
#12819=DIRECTION('ref_axis',(0.,0.,-1.));
#12820=DIRECTION('center_axis',(1.,-1.83697019872103E-16,0.));
#12821=DIRECTION('ref_axis',(0.,0.,1.));
#12822=DIRECTION('',(0.,0.,-1.));
#12823=DIRECTION('center_axis',(-0.846265930340317,1.55456529422809E-16,
0.532760710962471));
#12824=DIRECTION('ref_axis',(-0.532760710962471,9.78665549087488E-17,-0.846265930340317));
#12825=DIRECTION('',(0.532760710962471,-9.78665549087488E-17,0.846265930340317));
#12826=DIRECTION('center_axis',(-1.83697019872103E-16,-1.,0.));
#12827=DIRECTION('ref_axis',(0.,0.,-1.));
#12828=DIRECTION('center_axis',(-1.83697019872103E-16,-1.,0.));
#12829=DIRECTION('ref_axis',(0.,0.,-1.));
#12830=DIRECTION('',(0.,0.,1.));
#12831=DIRECTION('',(1.,-1.83697019872103E-16,0.));
#12832=DIRECTION('',(0.173648177666935,-3.18986527436375E-17,0.984807753012207));
#12833=DIRECTION('',(1.,-1.83697019872103E-16,-5.78821391331325E-16));
#12834=DIRECTION('center_axis',(-1.83697019872103E-16,-1.,0.));
#12835=DIRECTION('ref_axis',(0.,0.,-1.));
#12836=DIRECTION('',(-0.532760710962471,9.78665549087488E-17,0.846265930340317));
#12837=DIRECTION('center_axis',(-1.83697019872103E-16,-1.,0.));
#12838=DIRECTION('ref_axis',(0.,0.,-1.));
#12839=DIRECTION('',(-5.02256649716712E-15,9.22630497639067E-31,1.));
#12840=DIRECTION('center_axis',(-1.83697019872103E-16,-1.,0.));
#12841=DIRECTION('ref_axis',(0.,0.,-1.));
#12842=DIRECTION('',(0.997564050259825,-1.83249543164275E-16,0.0697564737441185));
#12843=DIRECTION('',(0.0697564737441193,-1.28140563435813E-17,-0.997564050259825));
#12844=DIRECTION('',(0.997564050259825,-1.83249543164275E-16,0.0697564737441184));
#12845=DIRECTION('center_axis',(-1.83697019872103E-16,-1.,0.));
#12846=DIRECTION('ref_axis',(0.,0.,-1.));
#12847=DIRECTION('',(5.02256649716712E-15,-9.22630497639066E-31,1.));
#12848=DIRECTION('center_axis',(-1.83697019872103E-16,-1.,0.));
#12849=DIRECTION('ref_axis',(0.,0.,-1.));
#12850=DIRECTION('center_axis',(-1.83697019872103E-16,-1.,0.));
#12851=DIRECTION('ref_axis',(0.,0.,-1.));
#12852=DIRECTION('',(0.,0.,-1.));
#12853=DIRECTION('',(1.,-1.83697019872103E-16,-5.78821391331325E-16));
#12854=DIRECTION('',(0.173648177666935,-3.18986527436375E-17,0.984807753012207));
#12855=DIRECTION('',(1.,-1.83697019872103E-16,0.));
#12856=DIRECTION('center_axis',(5.78821391331325E-16,-1.06327764625789E-31,
1.));
#12857=DIRECTION('ref_axis',(-1.,1.83697019872103E-16,5.78821391331325E-16));
#12858=DIRECTION('',(-1.83697019872103E-16,-1.,0.));
#12859=DIRECTION('',(1.,-1.83697019872103E-16,-1.02726750928826E-15));
#12860=DIRECTION('',(1.83697019872103E-16,1.,0.));
#12861=DIRECTION('',(-1.,1.83697019872103E-16,0.));
#12862=DIRECTION('',(1.83697019872103E-16,1.,0.));
#12863=DIRECTION('',(1.83697019872103E-16,1.,0.));
#12864=DIRECTION('center_axis',(1.83697019872103E-16,1.,0.));
#12865=DIRECTION('ref_axis',(0.,0.,1.));
#12866=DIRECTION('center_axis',(1.83697019872103E-16,1.,0.));
#12867=DIRECTION('ref_axis',(0.,0.,1.));
#12868=DIRECTION('',(-1.83697019872103E-16,-1.,0.));
#12869=DIRECTION('',(1.83697019872103E-16,1.,0.));
#12870=DIRECTION('center_axis',(-1.83697019872103E-16,-1.,0.));
#12871=DIRECTION('ref_axis',(0.,0.,-1.));
#12872=DIRECTION('',(1.83697019872103E-16,1.,0.));
#12873=DIRECTION('center_axis',(-1.83697019872103E-16,-1.,0.));
#12874=DIRECTION('ref_axis',(0.,0.,-1.));
#12875=DIRECTION('center_axis',(-1.,1.83697019872103E-16,5.02256649716712E-15));
#12876=DIRECTION('ref_axis',(-5.02256649716712E-15,9.22630497639067E-31,
-1.));
#12877=DIRECTION('',(1.83697019872103E-16,1.,0.));
#12878=DIRECTION('',(5.02256649716712E-15,-9.22630497639066E-31,1.));
#12879=DIRECTION('center_axis',(1.83697019872103E-16,1.,0.));
#12880=DIRECTION('ref_axis',(0.,0.,1.));
#12881=DIRECTION('',(1.83697019872103E-16,1.,0.));
#12882=DIRECTION('center_axis',(-1.83697019872103E-16,-1.,0.));
#12883=DIRECTION('ref_axis',(0.,0.,-1.));
#12884=DIRECTION('center_axis',(-0.0697564737441184,1.28140563435811E-17,
0.997564050259825));
#12885=DIRECTION('ref_axis',(-0.997564050259825,1.83249543164275E-16,-0.0697564737441184));
#12886=DIRECTION('',(1.83697019872103E-16,1.,0.));
#12887=DIRECTION('',(0.997564050259825,-1.83249543164275E-16,0.0697564737441184));
#12888=DIRECTION('center_axis',(0.997564050259825,-1.83249543164275E-16,
0.0697564737441193));
#12889=DIRECTION('ref_axis',(-0.0697564737441193,1.28140563435813E-17,0.997564050259825));
#12890=DIRECTION('',(1.83697019872103E-16,1.,0.));
#12891=DIRECTION('',(0.0697564737441193,-1.28140563435813E-17,-0.997564050259825));
#12892=DIRECTION('center_axis',(-0.0697564737441184,1.28140563435812E-17,
0.997564050259825));
#12893=DIRECTION('ref_axis',(-0.997564050259825,1.83249543164275E-16,-0.0697564737441184));
#12894=DIRECTION('',(1.83697019872103E-16,1.,0.));
#12895=DIRECTION('',(0.997564050259825,-1.83249543164275E-16,0.0697564737441185));
#12896=DIRECTION('center_axis',(1.83697019872103E-16,1.,0.));
#12897=DIRECTION('ref_axis',(0.,0.,1.));
#12898=DIRECTION('',(1.83697019872103E-16,1.,0.));
#12899=DIRECTION('center_axis',(-1.83697019872103E-16,-1.,0.));
#12900=DIRECTION('ref_axis',(0.,0.,-1.));
#12901=DIRECTION('center_axis',(-1.,1.83697019872103E-16,-5.02256649716712E-15));
#12902=DIRECTION('ref_axis',(5.02256649716712E-15,-9.22630497639068E-31,
-1.));
#12903=DIRECTION('',(1.83697019872103E-16,1.,0.));
#12904=DIRECTION('',(-5.02256649716712E-15,9.22630497639067E-31,1.));
#12905=DIRECTION('center_axis',(1.83697019872103E-16,1.,0.));
#12906=DIRECTION('ref_axis',(0.,0.,1.));
#12907=DIRECTION('',(-1.83697019872103E-16,-1.,0.));
#12908=DIRECTION('center_axis',(-1.83697019872103E-16,-1.,0.));
#12909=DIRECTION('ref_axis',(0.,0.,1.));
#12910=DIRECTION('',(1.83697019872103E-16,1.,0.));
#12911=DIRECTION('center_axis',(1.83697019872103E-16,1.,0.));
#12912=DIRECTION('ref_axis',(0.,0.,-1.));
#12913=DIRECTION('',(1.83697019872103E-16,1.,0.));
#12914=DIRECTION('center_axis',(-1.83697019872103E-16,-1.,0.));
#12915=DIRECTION('ref_axis',(0.,0.,-1.));
#12916=DIRECTION('center_axis',(0.,0.,1.));
#12917=DIRECTION('ref_axis',(-1.83697019872103E-16,-1.,0.));
#12918=DIRECTION('',(-1.,1.83697019872103E-16,0.));
#12919=DIRECTION('',(-1.83697019872103E-16,-1.,0.));
#12920=DIRECTION('',(1.83697019872103E-16,1.,0.));
#12921=DIRECTION('',(1.83697019872103E-16,1.,0.));
#12922=DIRECTION('',(1.,-1.83697019872103E-16,0.));
#12923=DIRECTION('center_axis',(-0.984807753012207,1.80906249375285E-16,
0.173648177666935));
#12924=DIRECTION('ref_axis',(-0.173648177666935,3.18986527436375E-17,-0.984807753012207));
#12925=DIRECTION('center_axis',(-1.83697019872103E-16,-1.,0.));
#12926=DIRECTION('ref_axis',(0.,0.,-1.));
#12927=DIRECTION('',(0.532760710962471,-9.78665549087488E-17,-0.846265930340317));
#12928=DIRECTION('center_axis',(-1.,1.83697019872103E-16,0.));
#12929=DIRECTION('ref_axis',(0.,0.,-1.));
#12930=DIRECTION('',(0.,0.,-1.));
#12931=DIRECTION('center_axis',(0.846265930340317,-1.55456529422809E-16,
0.532760710962471));
#12932=DIRECTION('ref_axis',(-0.532760710962471,9.78665549087488E-17,0.846265930340317));
#12933=DIRECTION('',(-0.532760710962471,9.78665549087488E-17,0.846265930340317));
#12934=DIRECTION('center_axis',(1.83697019872103E-16,1.,0.));
#12935=DIRECTION('ref_axis',(0.,0.,1.));
#12936=DIRECTION('center_axis',(0.846265930340317,-1.55456529422809E-16,
0.532760710962471));
#12937=DIRECTION('ref_axis',(-0.532760710962471,9.78665549087488E-17,0.846265930340317));
#12938=DIRECTION('',(0.532760710962471,-9.78665549087488E-17,-0.846265930340317));
#12939=DIRECTION('center_axis',(-1.,1.83697019872103E-16,0.));
#12940=DIRECTION('ref_axis',(0.,0.,-1.));
#12941=DIRECTION('',(0.,0.,1.));
#12942=DIRECTION('center_axis',(-1.83697019872103E-16,-1.,0.));
#12943=DIRECTION('ref_axis',(0.,0.,-1.));
#12944=DIRECTION('center_axis',(-1.83697019872103E-16,-1.,0.));
#12945=DIRECTION('ref_axis',(0.,0.,-1.));
#12946=DIRECTION('',(0.532760710962471,-9.78665549087488E-17,0.846265930340317));
#12947=DIRECTION('center_axis',(1.83697019872103E-16,1.,0.));
#12948=DIRECTION('ref_axis',(-3.77113799125392E-15,6.92746810519814E-31,
-1.));
#12949=DIRECTION('',(5.02256649716712E-15,-9.22630497639067E-31,1.));
#12950=DIRECTION('center_axis',(1.83697019872103E-16,1.,0.));
#12951=DIRECTION('ref_axis',(0.,0.,-1.));
#12952=DIRECTION('',(-0.997564050259825,1.83249543164275E-16,0.0697564737441185));
#12953=DIRECTION('',(-0.0697564737441193,1.28140563435813E-17,-0.997564050259825));
#12954=DIRECTION('',(-0.997564050259825,1.83249543164275E-16,0.0697564737441184));
#12955=DIRECTION('center_axis',(1.83697019872103E-16,1.,0.));
#12956=DIRECTION('ref_axis',(0.,0.,-1.));
#12957=DIRECTION('',(-5.02256649716712E-15,9.22630497639066E-31,1.));
#12958=DIRECTION('center_axis',(1.83697019872103E-16,1.,0.));
#12959=DIRECTION('ref_axis',(-1.18816676436768E-15,2.18262693725421E-31,
-1.));
#12960=DIRECTION('center_axis',(-1.83697019872103E-16,-1.,0.));
#12961=DIRECTION('ref_axis',(0.,0.,-1.));
#12962=DIRECTION('',(0.,0.,1.));
#12963=DIRECTION('',(-1.,1.83697019872103E-16,0.));
#12964=DIRECTION('',(-0.173648177666935,3.18986527436375E-17,0.984807753012207));
#12965=DIRECTION('',(-1.,1.83697019872103E-16,-5.78821391331325E-16));
#12966=DIRECTION('center_axis',(-1.83697019872103E-16,-1.,0.));
#12967=DIRECTION('ref_axis',(0.,0.,-1.));
#12968=DIRECTION('',(-0.532760710962471,9.78665549087488E-17,-0.846265930340317));
#12969=DIRECTION('center_axis',(1.83697019872103E-16,1.,0.));
#12970=DIRECTION('ref_axis',(-1.18816676436768E-15,2.18262693725421E-31,
-1.));
#12971=DIRECTION('',(-5.02256649716712E-15,9.22630497639066E-31,1.));
#12972=DIRECTION('center_axis',(1.83697019872103E-16,1.,0.));
#12973=DIRECTION('ref_axis',(0.,0.,-1.));
#12974=DIRECTION('',(-0.997564050259825,1.83249543164275E-16,0.0697564737441184));
#12975=DIRECTION('',(-0.0697564737441193,1.28140563435813E-17,-0.997564050259825));
#12976=DIRECTION('',(-0.997564050259825,1.83249543164275E-16,0.0697564737441185));
#12977=DIRECTION('center_axis',(1.83697019872103E-16,1.,0.));
#12978=DIRECTION('ref_axis',(0.,0.,-1.));
#12979=DIRECTION('',(5.02256649716712E-15,-9.22630497639067E-31,1.));
#12980=DIRECTION('center_axis',(1.83697019872103E-16,1.,0.));
#12981=DIRECTION('ref_axis',(-1.13134139737618E-14,2.07824043155944E-30,
-1.));
#12982=DIRECTION('center_axis',(1.83697019872103E-16,1.,0.));
#12983=DIRECTION('ref_axis',(0.,0.,1.));
#12984=DIRECTION('',(1.83697019872103E-16,1.,0.));
#12985=DIRECTION('',(1.83697019872103E-16,1.,0.));
#12986=DIRECTION('center_axis',(-0.0697564737441184,1.28140563435812E-17,
-0.997564050259825));
#12987=DIRECTION('ref_axis',(0.997564050259825,-1.83249543164275E-16,-0.0697564737441184));
#12988=DIRECTION('',(1.83697019872103E-16,1.,0.));
#12989=DIRECTION('center_axis',(0.997564050259825,-1.83249543164275E-16,
-0.0697564737441193));
#12990=DIRECTION('ref_axis',(0.0697564737441193,-1.28140563435813E-17,0.997564050259825));
#12991=DIRECTION('',(1.83697019872103E-16,1.,0.));
#12992=DIRECTION('center_axis',(-0.0697564737441184,1.28140563435811E-17,
-0.997564050259825));
#12993=DIRECTION('ref_axis',(0.997564050259825,-1.83249543164275E-16,-0.0697564737441184));
#12994=DIRECTION('',(1.83697019872103E-16,1.,0.));
#12995=DIRECTION('center_axis',(1.83697019872103E-16,1.,0.));
#12996=DIRECTION('ref_axis',(0.,0.,1.));
#12997=DIRECTION('',(1.83697019872103E-16,1.,0.));
#12998=DIRECTION('center_axis',(-1.,1.83697019872103E-16,-5.02256649716712E-15));
#12999=DIRECTION('ref_axis',(5.02256649716712E-15,-9.22630497639067E-31,
-1.));
#13000=DIRECTION('',(1.83697019872103E-16,1.,0.));
#13001=DIRECTION('center_axis',(1.83697019872103E-16,1.,0.));
#13002=DIRECTION('ref_axis',(0.,0.,1.));
#13003=DIRECTION('',(-1.83697019872103E-16,-1.,0.));
#13004=DIRECTION('center_axis',(1.83697019872103E-16,1.,0.));
#13005=DIRECTION('ref_axis',(0.,0.,-1.));
#13006=DIRECTION('',(1.83697019872103E-16,1.,0.));
#13007=DIRECTION('center_axis',(-1.83697019872103E-16,-1.,0.));
#13008=DIRECTION('ref_axis',(0.,0.,-1.));
#13009=DIRECTION('',(1.83697019872103E-16,1.,0.));
#13010=DIRECTION('center_axis',(5.78821391331325E-16,-1.06327764625789E-31,
-1.));
#13011=DIRECTION('ref_axis',(1.,-1.83697019872103E-16,5.78821391331325E-16));
#13012=DIRECTION('',(1.,-1.83697019872103E-16,1.02726750928826E-15));
#13013=DIRECTION('',(-1.83697019872103E-16,-1.,0.));
#13014=DIRECTION('',(1.83697019872103E-16,1.,0.));
#13015=DIRECTION('',(-1.,1.83697019872103E-16,-5.78821391331325E-16));
#13016=DIRECTION('',(1.83697019872103E-16,1.,0.));
#13017=DIRECTION('',(-1.,1.83697019872103E-16,-1.02726750928826E-15));
#13018=DIRECTION('center_axis',(-0.984807753012207,1.80906249375285E-16,
-0.173648177666935));
#13019=DIRECTION('ref_axis',(0.173648177666935,-3.18986527436375E-17,-0.984807753012207));
#13020=DIRECTION('',(1.83697019872103E-16,1.,0.));
#13021=DIRECTION('',(-0.173648177666935,3.18986527436375E-17,0.984807753012207));
#13022=DIRECTION('center_axis',(0.,0.,-1.));
#13023=DIRECTION('ref_axis',(1.83697019872103E-16,1.,0.));
#13024=DIRECTION('',(-1.83697019872103E-16,-1.,0.));
#13025=DIRECTION('',(-1.,1.83697019872103E-16,0.));
#13026=DIRECTION('',(1.83697019872103E-16,1.,0.));
#13027=DIRECTION('',(1.,-1.83697019872103E-16,0.));
#13028=DIRECTION('',(1.83697019872103E-16,1.,0.));
#13029=DIRECTION('',(-1.,1.83697019872103E-16,0.));
#13030=DIRECTION('center_axis',(1.83697019872103E-16,1.,0.));
#13031=DIRECTION('ref_axis',(0.,0.,1.));
#13032=DIRECTION('center_axis',(-1.83697019872103E-16,-1.,0.));
#13033=DIRECTION('ref_axis',(0.,0.,-1.));
#13034=DIRECTION('',(-1.83697019872103E-16,-1.,0.));
#13035=DIRECTION('',(1.83697019872103E-16,1.,0.));
#13036=DIRECTION('',(1.83697019872103E-16,1.,0.));
#13037=DIRECTION('center_axis',(1.83697019872103E-16,1.,0.));
#13038=DIRECTION('ref_axis',(0.,0.,-1.));
#13039=DIRECTION('center_axis',(-1.,1.83697019872103E-16,5.02256649716712E-15));
#13040=DIRECTION('ref_axis',(-5.02256649716712E-15,9.22630497639068E-31,
-1.));
#13041=DIRECTION('center_axis',(-1.83697019872103E-16,-1.,0.));
#13042=DIRECTION('ref_axis',(0.,0.,-1.));
#13043=DIRECTION('',(0.,0.,-1.));
#13044=DIRECTION('center_axis',(-0.846265930340317,1.55456529422809E-16,
0.532760710962471));
#13045=DIRECTION('ref_axis',(-0.532760710962471,9.78665549087488E-17,-0.846265930340317));
#13046=DIRECTION('',(-0.532760710962471,9.78665549087488E-17,-0.846265930340317));
#13047=DIRECTION('center_axis',(1.,-1.83697019872103E-16,0.));
#13048=DIRECTION('ref_axis',(0.,0.,1.));
#13049=DIRECTION('',(0.,0.,1.));
#13050=DIRECTION('center_axis',(-1.83697019872103E-16,-1.,0.));
#13051=DIRECTION('ref_axis',(0.,0.,-1.));
#13052=DIRECTION('center_axis',(1.,-1.83697019872103E-16,0.));
#13053=DIRECTION('ref_axis',(0.,0.,1.));
#13054=DIRECTION('',(0.,0.,-1.));
#13055=DIRECTION('center_axis',(-0.846265930340317,1.55456529422809E-16,
0.532760710962471));
#13056=DIRECTION('ref_axis',(-0.532760710962471,9.78665549087488E-17,-0.846265930340317));
#13057=DIRECTION('',(0.532760710962471,-9.78665549087488E-17,0.846265930340317));
#13058=DIRECTION('center_axis',(-1.83697019872103E-16,-1.,0.));
#13059=DIRECTION('ref_axis',(0.,0.,-1.));
#13060=DIRECTION('center_axis',(-1.83697019872103E-16,-1.,0.));
#13061=DIRECTION('ref_axis',(0.,0.,-1.));
#13062=DIRECTION('',(0.,0.,1.));
#13063=DIRECTION('',(1.,-1.83697019872103E-16,0.));
#13064=DIRECTION('',(0.173648177666935,-3.18986527436375E-17,0.984807753012207));
#13065=DIRECTION('',(1.,-1.83697019872103E-16,-5.78821391331325E-16));
#13066=DIRECTION('center_axis',(-1.83697019872103E-16,-1.,0.));
#13067=DIRECTION('ref_axis',(0.,0.,-1.));
#13068=DIRECTION('',(-0.532760710962471,9.78665549087488E-17,0.846265930340317));
#13069=DIRECTION('center_axis',(-1.83697019872103E-16,-1.,0.));
#13070=DIRECTION('ref_axis',(0.,0.,-1.));
#13071=DIRECTION('',(-5.02256649716712E-15,9.22630497639067E-31,1.));
#13072=DIRECTION('center_axis',(-1.83697019872103E-16,-1.,0.));
#13073=DIRECTION('ref_axis',(0.,0.,-1.));
#13074=DIRECTION('',(0.997564050259825,-1.83249543164275E-16,0.0697564737441185));
#13075=DIRECTION('',(0.0697564737441193,-1.28140563435813E-17,-0.997564050259825));
#13076=DIRECTION('',(0.997564050259825,-1.83249543164275E-16,0.0697564737441184));
#13077=DIRECTION('center_axis',(-1.83697019872103E-16,-1.,0.));
#13078=DIRECTION('ref_axis',(0.,0.,-1.));
#13079=DIRECTION('',(5.02256649716712E-15,-9.22630497639066E-31,1.));
#13080=DIRECTION('center_axis',(-1.83697019872103E-16,-1.,0.));
#13081=DIRECTION('ref_axis',(0.,0.,-1.));
#13082=DIRECTION('center_axis',(-1.83697019872103E-16,-1.,0.));
#13083=DIRECTION('ref_axis',(0.,0.,-1.));
#13084=DIRECTION('',(0.,0.,-1.));
#13085=DIRECTION('',(1.,-1.83697019872103E-16,-5.78821391331325E-16));
#13086=DIRECTION('',(0.173648177666935,-3.18986527436375E-17,0.984807753012207));
#13087=DIRECTION('',(1.,-1.83697019872103E-16,0.));
#13088=DIRECTION('center_axis',(5.78821391331325E-16,-1.06327764625789E-31,
1.));
#13089=DIRECTION('ref_axis',(-1.,1.83697019872103E-16,5.78821391331325E-16));
#13090=DIRECTION('',(-1.83697019872103E-16,-1.,0.));
#13091=DIRECTION('',(1.,-1.83697019872103E-16,-1.02726750928826E-15));
#13092=DIRECTION('',(1.83697019872103E-16,1.,0.));
#13093=DIRECTION('',(-1.,1.83697019872103E-16,0.));
#13094=DIRECTION('',(1.83697019872103E-16,1.,0.));
#13095=DIRECTION('',(1.83697019872103E-16,1.,0.));
#13096=DIRECTION('center_axis',(1.83697019872103E-16,1.,0.));
#13097=DIRECTION('ref_axis',(0.,0.,1.));
#13098=DIRECTION('center_axis',(1.83697019872103E-16,1.,0.));
#13099=DIRECTION('ref_axis',(0.,0.,1.));
#13100=DIRECTION('',(-1.83697019872103E-16,-1.,0.));
#13101=DIRECTION('',(1.83697019872103E-16,1.,0.));
#13102=DIRECTION('center_axis',(-1.83697019872103E-16,-1.,0.));
#13103=DIRECTION('ref_axis',(0.,0.,-1.));
#13104=DIRECTION('',(1.83697019872103E-16,1.,0.));
#13105=DIRECTION('center_axis',(-1.83697019872103E-16,-1.,0.));
#13106=DIRECTION('ref_axis',(0.,0.,-1.));
#13107=DIRECTION('center_axis',(-1.,1.83697019872103E-16,5.02256649716712E-15));
#13108=DIRECTION('ref_axis',(-5.02256649716712E-15,9.22630497639067E-31,
-1.));
#13109=DIRECTION('',(1.83697019872103E-16,1.,0.));
#13110=DIRECTION('',(5.02256649716712E-15,-9.22630497639066E-31,1.));
#13111=DIRECTION('center_axis',(1.83697019872103E-16,1.,0.));
#13112=DIRECTION('ref_axis',(0.,0.,1.));
#13113=DIRECTION('',(1.83697019872103E-16,1.,0.));
#13114=DIRECTION('center_axis',(-1.83697019872103E-16,-1.,0.));
#13115=DIRECTION('ref_axis',(0.,0.,-1.));
#13116=DIRECTION('center_axis',(-0.0697564737441184,1.28140563435811E-17,
0.997564050259825));
#13117=DIRECTION('ref_axis',(-0.997564050259825,1.83249543164275E-16,-0.0697564737441184));
#13118=DIRECTION('',(1.83697019872103E-16,1.,0.));
#13119=DIRECTION('',(0.997564050259825,-1.83249543164275E-16,0.0697564737441184));
#13120=DIRECTION('center_axis',(0.997564050259825,-1.83249543164275E-16,
0.0697564737441193));
#13121=DIRECTION('ref_axis',(-0.0697564737441193,1.28140563435813E-17,0.997564050259825));
#13122=DIRECTION('',(1.83697019872103E-16,1.,0.));
#13123=DIRECTION('',(0.0697564737441193,-1.28140563435813E-17,-0.997564050259825));
#13124=DIRECTION('center_axis',(-0.0697564737441184,1.28140563435812E-17,
0.997564050259825));
#13125=DIRECTION('ref_axis',(-0.997564050259825,1.83249543164275E-16,-0.0697564737441184));
#13126=DIRECTION('',(1.83697019872103E-16,1.,0.));
#13127=DIRECTION('',(0.997564050259825,-1.83249543164275E-16,0.0697564737441185));
#13128=DIRECTION('center_axis',(1.83697019872103E-16,1.,0.));
#13129=DIRECTION('ref_axis',(0.,0.,1.));
#13130=DIRECTION('',(1.83697019872103E-16,1.,0.));
#13131=DIRECTION('center_axis',(-1.83697019872103E-16,-1.,0.));
#13132=DIRECTION('ref_axis',(0.,0.,-1.));
#13133=DIRECTION('center_axis',(-1.,1.83697019872103E-16,-5.02256649716712E-15));
#13134=DIRECTION('ref_axis',(5.02256649716712E-15,-9.22630497639068E-31,
-1.));
#13135=DIRECTION('',(1.83697019872103E-16,1.,0.));
#13136=DIRECTION('',(-5.02256649716712E-15,9.22630497639067E-31,1.));
#13137=DIRECTION('center_axis',(1.83697019872103E-16,1.,0.));
#13138=DIRECTION('ref_axis',(0.,0.,1.));
#13139=DIRECTION('',(-1.83697019872103E-16,-1.,0.));
#13140=DIRECTION('center_axis',(-1.83697019872103E-16,-1.,0.));
#13141=DIRECTION('ref_axis',(0.,0.,1.));
#13142=DIRECTION('',(1.83697019872103E-16,1.,0.));
#13143=DIRECTION('center_axis',(1.83697019872103E-16,1.,0.));
#13144=DIRECTION('ref_axis',(0.,0.,-1.));
#13145=DIRECTION('',(1.83697019872103E-16,1.,0.));
#13146=DIRECTION('center_axis',(-1.83697019872103E-16,-1.,0.));
#13147=DIRECTION('ref_axis',(0.,0.,-1.));
#13148=DIRECTION('center_axis',(0.,0.,1.));
#13149=DIRECTION('ref_axis',(-1.83697019872103E-16,-1.,0.));
#13150=DIRECTION('',(-1.,1.83697019872103E-16,0.));
#13151=DIRECTION('',(-1.83697019872103E-16,-1.,0.));
#13152=DIRECTION('',(1.83697019872103E-16,1.,0.));
#13153=DIRECTION('',(1.83697019872103E-16,1.,0.));
#13154=DIRECTION('',(1.,-1.83697019872103E-16,0.));
#13155=DIRECTION('center_axis',(-0.984807753012207,1.80906249375285E-16,
0.173648177666935));
#13156=DIRECTION('ref_axis',(-0.173648177666935,3.18986527436375E-17,-0.984807753012207));
#13157=DIRECTION('center_axis',(-1.83697019872103E-16,-1.,0.));
#13158=DIRECTION('ref_axis',(0.,0.,-1.));
#13159=DIRECTION('',(0.532760710962471,-9.78665549087488E-17,-0.846265930340317));
#13160=DIRECTION('center_axis',(-1.,1.83697019872103E-16,0.));
#13161=DIRECTION('ref_axis',(0.,0.,-1.));
#13162=DIRECTION('',(0.,0.,-1.));
#13163=DIRECTION('center_axis',(0.846265930340317,-1.55456529422809E-16,
0.532760710962471));
#13164=DIRECTION('ref_axis',(-0.532760710962471,9.78665549087488E-17,0.846265930340317));
#13165=DIRECTION('',(-0.532760710962471,9.78665549087488E-17,0.846265930340317));
#13166=DIRECTION('center_axis',(1.83697019872103E-16,1.,0.));
#13167=DIRECTION('ref_axis',(0.,0.,1.));
#13168=DIRECTION('center_axis',(0.846265930340317,-1.55456529422809E-16,
0.532760710962471));
#13169=DIRECTION('ref_axis',(-0.532760710962471,9.78665549087488E-17,0.846265930340317));
#13170=DIRECTION('',(0.532760710962471,-9.78665549087488E-17,-0.846265930340317));
#13171=DIRECTION('center_axis',(-1.,1.83697019872103E-16,0.));
#13172=DIRECTION('ref_axis',(0.,0.,-1.));
#13173=DIRECTION('',(0.,0.,1.));
#13174=DIRECTION('center_axis',(-1.83697019872103E-16,-1.,0.));
#13175=DIRECTION('ref_axis',(0.,0.,-1.));
#13176=DIRECTION('center_axis',(-1.83697019872103E-16,-1.,0.));
#13177=DIRECTION('ref_axis',(0.,0.,-1.));
#13178=DIRECTION('',(0.532760710962471,-9.78665549087488E-17,0.846265930340317));
#13179=DIRECTION('center_axis',(1.83697019872103E-16,1.,0.));
#13180=DIRECTION('ref_axis',(0.,0.,-1.));
#13181=DIRECTION('',(5.02256649716712E-15,-9.22630497639067E-31,1.));
#13182=DIRECTION('center_axis',(1.83697019872103E-16,1.,0.));
#13183=DIRECTION('ref_axis',(0.,0.,-1.));
#13184=DIRECTION('',(-0.997564050259825,1.83249543164275E-16,0.0697564737441185));
#13185=DIRECTION('',(-0.0697564737441193,1.28140563435813E-17,-0.997564050259825));
#13186=DIRECTION('',(-0.997564050259825,1.83249543164275E-16,0.0697564737441184));
#13187=DIRECTION('center_axis',(1.83697019872103E-16,1.,0.));
#13188=DIRECTION('ref_axis',(0.,0.,-1.));
#13189=DIRECTION('',(-5.02256649716712E-15,9.22630497639066E-31,1.));
#13190=DIRECTION('center_axis',(1.83697019872103E-16,1.,0.));
#13191=DIRECTION('ref_axis',(0.,0.,-1.));
#13192=DIRECTION('center_axis',(-1.83697019872103E-16,-1.,0.));
#13193=DIRECTION('ref_axis',(0.,0.,-1.));
#13194=DIRECTION('',(0.,0.,1.));
#13195=DIRECTION('',(-1.,1.83697019872103E-16,0.));
#13196=DIRECTION('',(-0.173648177666935,3.18986527436375E-17,0.984807753012207));
#13197=DIRECTION('',(-1.,1.83697019872103E-16,-5.78821391331325E-16));
#13198=DIRECTION('center_axis',(-1.83697019872103E-16,-1.,0.));
#13199=DIRECTION('ref_axis',(0.,0.,-1.));
#13200=DIRECTION('',(-0.532760710962471,9.78665549087488E-17,-0.846265930340317));
#13201=DIRECTION('center_axis',(1.83697019872103E-16,1.,0.));
#13202=DIRECTION('ref_axis',(0.,0.,-1.));
#13203=DIRECTION('',(-5.02256649716712E-15,9.22630497639066E-31,1.));
#13204=DIRECTION('center_axis',(1.83697019872103E-16,1.,0.));
#13205=DIRECTION('ref_axis',(0.,0.,-1.));
#13206=DIRECTION('',(-0.997564050259825,1.83249543164275E-16,0.0697564737441184));
#13207=DIRECTION('',(-0.0697564737441193,1.28140563435813E-17,-0.997564050259825));
#13208=DIRECTION('',(-0.997564050259825,1.83249543164275E-16,0.0697564737441185));
#13209=DIRECTION('center_axis',(1.83697019872103E-16,1.,0.));
#13210=DIRECTION('ref_axis',(0.,0.,-1.));
#13211=DIRECTION('',(5.02256649716712E-15,-9.22630497639067E-31,1.));
#13212=DIRECTION('center_axis',(1.83697019872103E-16,1.,0.));
#13213=DIRECTION('ref_axis',(-3.77113799125392E-15,6.92746810519814E-31,
-1.));
#13214=DIRECTION('center_axis',(1.83697019872103E-16,1.,0.));
#13215=DIRECTION('ref_axis',(0.,0.,1.));
#13216=DIRECTION('',(1.83697019872103E-16,1.,0.));
#13217=DIRECTION('',(1.83697019872103E-16,1.,0.));
#13218=DIRECTION('center_axis',(-0.0697564737441184,1.28140563435812E-17,
-0.997564050259825));
#13219=DIRECTION('ref_axis',(0.997564050259825,-1.83249543164275E-16,-0.0697564737441184));
#13220=DIRECTION('',(1.83697019872103E-16,1.,0.));
#13221=DIRECTION('center_axis',(0.997564050259825,-1.83249543164275E-16,
-0.0697564737441193));
#13222=DIRECTION('ref_axis',(0.0697564737441193,-1.28140563435813E-17,0.997564050259825));
#13223=DIRECTION('',(1.83697019872103E-16,1.,0.));
#13224=DIRECTION('center_axis',(-0.0697564737441184,1.28140563435811E-17,
-0.997564050259825));
#13225=DIRECTION('ref_axis',(0.997564050259825,-1.83249543164275E-16,-0.0697564737441184));
#13226=DIRECTION('',(1.83697019872103E-16,1.,0.));
#13227=DIRECTION('center_axis',(1.83697019872103E-16,1.,0.));
#13228=DIRECTION('ref_axis',(0.,0.,1.));
#13229=DIRECTION('',(1.83697019872103E-16,1.,0.));
#13230=DIRECTION('center_axis',(-1.,1.83697019872103E-16,-5.02256649716712E-15));
#13231=DIRECTION('ref_axis',(5.02256649716712E-15,-9.22630497639067E-31,
-1.));
#13232=DIRECTION('',(1.83697019872103E-16,1.,0.));
#13233=DIRECTION('center_axis',(1.83697019872103E-16,1.,0.));
#13234=DIRECTION('ref_axis',(0.,0.,1.));
#13235=DIRECTION('',(-1.83697019872103E-16,-1.,0.));
#13236=DIRECTION('center_axis',(1.83697019872103E-16,1.,0.));
#13237=DIRECTION('ref_axis',(0.,0.,-1.));
#13238=DIRECTION('',(1.83697019872103E-16,1.,0.));
#13239=DIRECTION('center_axis',(-1.83697019872103E-16,-1.,0.));
#13240=DIRECTION('ref_axis',(0.,0.,-1.));
#13241=DIRECTION('',(1.83697019872103E-16,1.,0.));
#13242=DIRECTION('center_axis',(5.78821391331325E-16,-1.06327764625789E-31,
-1.));
#13243=DIRECTION('ref_axis',(1.,-1.83697019872103E-16,5.78821391331325E-16));
#13244=DIRECTION('',(1.,-1.83697019872103E-16,1.02726750928826E-15));
#13245=DIRECTION('',(-1.83697019872103E-16,-1.,0.));
#13246=DIRECTION('',(1.83697019872103E-16,1.,0.));
#13247=DIRECTION('',(-1.,1.83697019872103E-16,-5.78821391331325E-16));
#13248=DIRECTION('',(1.83697019872103E-16,1.,0.));
#13249=DIRECTION('',(-1.,1.83697019872103E-16,-1.02726750928826E-15));
#13250=DIRECTION('center_axis',(-0.984807753012207,1.80906249375285E-16,
-0.173648177666935));
#13251=DIRECTION('ref_axis',(0.173648177666935,-3.18986527436375E-17,-0.984807753012207));
#13252=DIRECTION('',(1.83697019872103E-16,1.,0.));
#13253=DIRECTION('',(-0.173648177666935,3.18986527436375E-17,0.984807753012207));
#13254=DIRECTION('center_axis',(0.,0.,-1.));
#13255=DIRECTION('ref_axis',(1.83697019872103E-16,1.,0.));
#13256=DIRECTION('',(-1.83697019872103E-16,-1.,0.));
#13257=DIRECTION('',(-1.,1.83697019872103E-16,0.));
#13258=DIRECTION('',(1.83697019872103E-16,1.,0.));
#13259=DIRECTION('',(1.,-1.83697019872103E-16,0.));
#13260=DIRECTION('',(1.83697019872103E-16,1.,0.));
#13261=DIRECTION('',(-1.,1.83697019872103E-16,0.));
#13262=DIRECTION('center_axis',(1.83697019872103E-16,1.,0.));
#13263=DIRECTION('ref_axis',(0.,0.,1.));
#13264=DIRECTION('center_axis',(-1.83697019872103E-16,-1.,0.));
#13265=DIRECTION('ref_axis',(0.,0.,-1.));
#13266=DIRECTION('',(-1.83697019872103E-16,-1.,0.));
#13267=DIRECTION('',(1.83697019872103E-16,1.,0.));
#13268=DIRECTION('',(1.83697019872103E-16,1.,0.));
#13269=DIRECTION('center_axis',(1.83697019872103E-16,1.,0.));
#13270=DIRECTION('ref_axis',(0.,0.,-1.));
#13271=DIRECTION('center_axis',(-1.,1.83697019872103E-16,5.02256649716712E-15));
#13272=DIRECTION('ref_axis',(-5.02256649716712E-15,9.22630497639068E-31,
-1.));
#13273=DIRECTION('center_axis',(-1.83697019872103E-16,-1.,0.));
#13274=DIRECTION('ref_axis',(0.,0.,-1.));
#13275=DIRECTION('',(0.,0.,-1.));
#13276=DIRECTION('center_axis',(-0.846265930340317,1.55456529422809E-16,
0.532760710962471));
#13277=DIRECTION('ref_axis',(-0.532760710962471,9.78665549087488E-17,-0.846265930340317));
#13278=DIRECTION('',(-0.532760710962471,9.78665549087488E-17,-0.846265930340317));
#13279=DIRECTION('center_axis',(1.,-1.83697019872103E-16,0.));
#13280=DIRECTION('ref_axis',(0.,0.,1.));
#13281=DIRECTION('',(0.,0.,1.));
#13282=DIRECTION('center_axis',(-1.83697019872103E-16,-1.,0.));
#13283=DIRECTION('ref_axis',(0.,0.,-1.));
#13284=DIRECTION('center_axis',(1.,-1.83697019872103E-16,0.));
#13285=DIRECTION('ref_axis',(0.,0.,1.));
#13286=DIRECTION('',(0.,0.,-1.));
#13287=DIRECTION('center_axis',(-0.846265930340317,1.55456529422809E-16,
0.532760710962471));
#13288=DIRECTION('ref_axis',(-0.532760710962471,9.78665549087488E-17,-0.846265930340317));
#13289=DIRECTION('',(0.532760710962471,-9.78665549087488E-17,0.846265930340317));
#13290=DIRECTION('center_axis',(-1.83697019872103E-16,-1.,0.));
#13291=DIRECTION('ref_axis',(0.,0.,-1.));
#13292=DIRECTION('center_axis',(-1.83697019872103E-16,-1.,0.));
#13293=DIRECTION('ref_axis',(0.,0.,-1.));
#13294=DIRECTION('',(0.,0.,1.));
#13295=DIRECTION('',(1.,-1.83697019872103E-16,0.));
#13296=DIRECTION('',(0.173648177666935,-3.18986527436375E-17,0.984807753012207));
#13297=DIRECTION('',(1.,-1.83697019872103E-16,-5.78821391331325E-16));
#13298=DIRECTION('center_axis',(-1.83697019872103E-16,-1.,0.));
#13299=DIRECTION('ref_axis',(0.,0.,-1.));
#13300=DIRECTION('',(-0.532760710962471,9.78665549087488E-17,0.846265930340317));
#13301=DIRECTION('center_axis',(-1.83697019872103E-16,-1.,0.));
#13302=DIRECTION('ref_axis',(0.,0.,-1.));
#13303=DIRECTION('',(-5.02256649716712E-15,9.22630497639067E-31,1.));
#13304=DIRECTION('center_axis',(-1.83697019872103E-16,-1.,0.));
#13305=DIRECTION('ref_axis',(0.,0.,-1.));
#13306=DIRECTION('',(0.997564050259825,-1.83249543164275E-16,0.0697564737441185));
#13307=DIRECTION('',(0.0697564737441193,-1.28140563435813E-17,-0.997564050259825));
#13308=DIRECTION('',(0.997564050259825,-1.83249543164275E-16,0.0697564737441184));
#13309=DIRECTION('center_axis',(-1.83697019872103E-16,-1.,0.));
#13310=DIRECTION('ref_axis',(0.,0.,-1.));
#13311=DIRECTION('',(5.02256649716712E-15,-9.22630497639066E-31,1.));
#13312=DIRECTION('center_axis',(-1.83697019872103E-16,-1.,0.));
#13313=DIRECTION('ref_axis',(0.,0.,-1.));
#13314=DIRECTION('center_axis',(-1.83697019872103E-16,-1.,0.));
#13315=DIRECTION('ref_axis',(0.,0.,-1.));
#13316=DIRECTION('',(0.,0.,-1.));
#13317=DIRECTION('',(1.,-1.83697019872103E-16,-5.78821391331325E-16));
#13318=DIRECTION('',(0.173648177666935,-3.18986527436375E-17,0.984807753012207));
#13319=DIRECTION('',(1.,-1.83697019872103E-16,0.));
#13320=DIRECTION('center_axis',(5.78821391331325E-16,-1.06327764625789E-31,
1.));
#13321=DIRECTION('ref_axis',(-1.,1.83697019872103E-16,5.78821391331325E-16));
#13322=DIRECTION('',(-1.83697019872103E-16,-1.,0.));
#13323=DIRECTION('',(1.,-1.83697019872103E-16,-1.02726750928826E-15));
#13324=DIRECTION('',(1.83697019872103E-16,1.,0.));
#13325=DIRECTION('',(-1.,1.83697019872103E-16,0.));
#13326=DIRECTION('',(1.83697019872103E-16,1.,0.));
#13327=DIRECTION('',(1.83697019872103E-16,1.,0.));
#13328=DIRECTION('center_axis',(1.83697019872103E-16,1.,0.));
#13329=DIRECTION('ref_axis',(0.,0.,1.));
#13330=DIRECTION('center_axis',(1.83697019872103E-16,1.,0.));
#13331=DIRECTION('ref_axis',(0.,0.,1.));
#13332=DIRECTION('',(-1.83697019872103E-16,-1.,0.));
#13333=DIRECTION('',(1.83697019872103E-16,1.,0.));
#13334=DIRECTION('center_axis',(-1.83697019872103E-16,-1.,0.));
#13335=DIRECTION('ref_axis',(0.,0.,-1.));
#13336=DIRECTION('',(1.83697019872103E-16,1.,0.));
#13337=DIRECTION('center_axis',(-1.83697019872103E-16,-1.,0.));
#13338=DIRECTION('ref_axis',(0.,0.,-1.));
#13339=DIRECTION('center_axis',(-1.,1.83697019872103E-16,5.02256649716712E-15));
#13340=DIRECTION('ref_axis',(-5.02256649716712E-15,9.22630497639067E-31,
-1.));
#13341=DIRECTION('',(1.83697019872103E-16,1.,0.));
#13342=DIRECTION('',(5.02256649716712E-15,-9.22630497639066E-31,1.));
#13343=DIRECTION('center_axis',(1.83697019872103E-16,1.,0.));
#13344=DIRECTION('ref_axis',(0.,0.,1.));
#13345=DIRECTION('',(1.83697019872103E-16,1.,0.));
#13346=DIRECTION('center_axis',(-1.83697019872103E-16,-1.,0.));
#13347=DIRECTION('ref_axis',(0.,0.,-1.));
#13348=DIRECTION('center_axis',(-0.0697564737441184,1.28140563435811E-17,
0.997564050259825));
#13349=DIRECTION('ref_axis',(-0.997564050259825,1.83249543164275E-16,-0.0697564737441184));
#13350=DIRECTION('',(1.83697019872103E-16,1.,0.));
#13351=DIRECTION('',(0.997564050259825,-1.83249543164275E-16,0.0697564737441184));
#13352=DIRECTION('center_axis',(0.997564050259825,-1.83249543164275E-16,
0.0697564737441193));
#13353=DIRECTION('ref_axis',(-0.0697564737441193,1.28140563435813E-17,0.997564050259825));
#13354=DIRECTION('',(1.83697019872103E-16,1.,0.));
#13355=DIRECTION('',(0.0697564737441193,-1.28140563435813E-17,-0.997564050259825));
#13356=DIRECTION('center_axis',(-0.0697564737441184,1.28140563435812E-17,
0.997564050259825));
#13357=DIRECTION('ref_axis',(-0.997564050259825,1.83249543164275E-16,-0.0697564737441184));
#13358=DIRECTION('',(1.83697019872103E-16,1.,0.));
#13359=DIRECTION('',(0.997564050259825,-1.83249543164275E-16,0.0697564737441185));
#13360=DIRECTION('center_axis',(1.83697019872103E-16,1.,0.));
#13361=DIRECTION('ref_axis',(0.,0.,1.));
#13362=DIRECTION('',(1.83697019872103E-16,1.,0.));
#13363=DIRECTION('center_axis',(-1.83697019872103E-16,-1.,0.));
#13364=DIRECTION('ref_axis',(0.,0.,-1.));
#13365=DIRECTION('center_axis',(-1.,1.83697019872103E-16,-5.02256649716712E-15));
#13366=DIRECTION('ref_axis',(5.02256649716712E-15,-9.22630497639068E-31,
-1.));
#13367=DIRECTION('',(1.83697019872103E-16,1.,0.));
#13368=DIRECTION('',(-5.02256649716712E-15,9.22630497639067E-31,1.));
#13369=DIRECTION('center_axis',(1.83697019872103E-16,1.,0.));
#13370=DIRECTION('ref_axis',(0.,0.,1.));
#13371=DIRECTION('',(-1.83697019872103E-16,-1.,0.));
#13372=DIRECTION('center_axis',(-1.83697019872103E-16,-1.,0.));
#13373=DIRECTION('ref_axis',(0.,0.,1.));
#13374=DIRECTION('',(1.83697019872103E-16,1.,0.));
#13375=DIRECTION('center_axis',(1.83697019872103E-16,1.,0.));
#13376=DIRECTION('ref_axis',(0.,0.,-1.));
#13377=DIRECTION('',(1.83697019872103E-16,1.,0.));
#13378=DIRECTION('center_axis',(-1.83697019872103E-16,-1.,0.));
#13379=DIRECTION('ref_axis',(0.,0.,-1.));
#13380=DIRECTION('center_axis',(0.,0.,1.));
#13381=DIRECTION('ref_axis',(-1.83697019872103E-16,-1.,0.));
#13382=DIRECTION('',(-1.,1.83697019872103E-16,0.));
#13383=DIRECTION('',(-1.83697019872103E-16,-1.,0.));
#13384=DIRECTION('',(1.83697019872103E-16,1.,0.));
#13385=DIRECTION('',(1.83697019872103E-16,1.,0.));
#13386=DIRECTION('',(1.,-1.83697019872103E-16,0.));
#13387=DIRECTION('center_axis',(-0.984807753012207,1.80906249375285E-16,
0.173648177666935));
#13388=DIRECTION('ref_axis',(-0.173648177666935,3.18986527436375E-17,-0.984807753012207));
#13389=DIRECTION('center_axis',(-1.83697019872103E-16,-1.,0.));
#13390=DIRECTION('ref_axis',(0.,0.,-1.));
#13391=DIRECTION('',(0.532760710962471,-9.78665549087488E-17,-0.846265930340317));
#13392=DIRECTION('center_axis',(-1.,1.83697019872103E-16,0.));
#13393=DIRECTION('ref_axis',(0.,0.,-1.));
#13394=DIRECTION('',(0.,0.,-1.));
#13395=DIRECTION('center_axis',(0.846265930340317,-1.55456529422809E-16,
0.532760710962471));
#13396=DIRECTION('ref_axis',(-0.532760710962471,9.78665549087488E-17,0.846265930340317));
#13397=DIRECTION('',(-0.532760710962471,9.78665549087488E-17,0.846265930340317));
#13398=DIRECTION('center_axis',(1.83697019872103E-16,1.,0.));
#13399=DIRECTION('ref_axis',(0.,0.,1.));
#13400=DIRECTION('center_axis',(0.846265930340317,-1.55456529422809E-16,
0.532760710962471));
#13401=DIRECTION('ref_axis',(-0.532760710962471,9.78665549087488E-17,0.846265930340317));
#13402=DIRECTION('',(0.532760710962471,-9.78665549087488E-17,-0.846265930340317));
#13403=DIRECTION('center_axis',(-1.,1.83697019872103E-16,0.));
#13404=DIRECTION('ref_axis',(0.,0.,-1.));
#13405=DIRECTION('',(0.,0.,1.));
#13406=DIRECTION('center_axis',(-1.83697019872103E-16,-1.,0.));
#13407=DIRECTION('ref_axis',(0.,0.,-1.));
#13408=DIRECTION('center_axis',(-1.83697019872103E-16,-1.,0.));
#13409=DIRECTION('ref_axis',(0.,0.,-1.));
#13410=DIRECTION('',(0.532760710962471,-9.78665549087488E-17,0.846265930340317));
#13411=DIRECTION('center_axis',(1.83697019872103E-16,1.,0.));
#13412=DIRECTION('ref_axis',(0.,0.,-1.));
#13413=DIRECTION('',(5.02256649716712E-15,-9.22630497639067E-31,1.));
#13414=DIRECTION('center_axis',(1.83697019872103E-16,1.,0.));
#13415=DIRECTION('ref_axis',(0.,0.,-1.));
#13416=DIRECTION('',(-0.997564050259825,1.83249543164275E-16,0.0697564737441185));
#13417=DIRECTION('',(-0.0697564737441193,1.28140563435813E-17,-0.997564050259825));
#13418=DIRECTION('',(-0.997564050259825,1.83249543164275E-16,0.0697564737441184));
#13419=DIRECTION('center_axis',(1.83697019872103E-16,1.,0.));
#13420=DIRECTION('ref_axis',(0.,0.,-1.));
#13421=DIRECTION('',(-5.02256649716712E-15,9.22630497639066E-31,1.));
#13422=DIRECTION('center_axis',(1.83697019872103E-16,1.,0.));
#13423=DIRECTION('ref_axis',(0.,0.,-1.));
#13424=DIRECTION('center_axis',(-1.83697019872103E-16,-1.,0.));
#13425=DIRECTION('ref_axis',(0.,0.,-1.));
#13426=DIRECTION('',(0.,0.,1.));
#13427=DIRECTION('',(-1.,1.83697019872103E-16,0.));
#13428=DIRECTION('',(-0.173648177666935,3.18986527436375E-17,0.984807753012207));
#13429=DIRECTION('',(-1.,1.83697019872103E-16,-5.78821391331325E-16));
#13430=DIRECTION('center_axis',(-1.83697019872103E-16,-1.,0.));
#13431=DIRECTION('ref_axis',(0.,0.,-1.));
#13432=DIRECTION('',(-0.532760710962471,9.78665549087488E-17,-0.846265930340317));
#13433=DIRECTION('center_axis',(1.83697019872103E-16,1.,0.));
#13434=DIRECTION('ref_axis',(0.,0.,-1.));
#13435=DIRECTION('',(-5.02256649716712E-15,9.22630497639066E-31,1.));
#13436=DIRECTION('center_axis',(1.83697019872103E-16,1.,0.));
#13437=DIRECTION('ref_axis',(0.,0.,-1.));
#13438=DIRECTION('',(-0.997564050259825,1.83249543164275E-16,0.0697564737441184));
#13439=DIRECTION('',(-0.0697564737441193,1.28140563435813E-17,-0.997564050259825));
#13440=DIRECTION('',(-0.997564050259825,1.83249543164275E-16,0.0697564737441185));
#13441=DIRECTION('center_axis',(1.83697019872103E-16,1.,0.));
#13442=DIRECTION('ref_axis',(0.,0.,-1.));
#13443=DIRECTION('',(5.02256649716712E-15,-9.22630497639067E-31,1.));
#13444=DIRECTION('center_axis',(1.83697019872103E-16,1.,0.));
#13445=DIRECTION('ref_axis',(-3.77113799125392E-15,6.92746810519814E-31,
-1.));
#13446=DIRECTION('center_axis',(1.83697019872103E-16,1.,0.));
#13447=DIRECTION('ref_axis',(0.,0.,1.));
#13448=DIRECTION('',(1.83697019872103E-16,1.,0.));
#13449=DIRECTION('',(1.83697019872103E-16,1.,0.));
#13450=DIRECTION('center_axis',(-0.0697564737441184,1.28140563435812E-17,
-0.997564050259825));
#13451=DIRECTION('ref_axis',(0.997564050259825,-1.83249543164275E-16,-0.0697564737441184));
#13452=DIRECTION('',(1.83697019872103E-16,1.,0.));
#13453=DIRECTION('center_axis',(0.997564050259825,-1.83249543164275E-16,
-0.0697564737441193));
#13454=DIRECTION('ref_axis',(0.0697564737441193,-1.28140563435813E-17,0.997564050259825));
#13455=DIRECTION('',(1.83697019872103E-16,1.,0.));
#13456=DIRECTION('center_axis',(-0.0697564737441184,1.28140563435811E-17,
-0.997564050259825));
#13457=DIRECTION('ref_axis',(0.997564050259825,-1.83249543164275E-16,-0.0697564737441184));
#13458=DIRECTION('',(1.83697019872103E-16,1.,0.));
#13459=DIRECTION('center_axis',(1.83697019872103E-16,1.,0.));
#13460=DIRECTION('ref_axis',(0.,0.,1.));
#13461=DIRECTION('',(1.83697019872103E-16,1.,0.));
#13462=DIRECTION('center_axis',(-1.,1.83697019872103E-16,-5.02256649716712E-15));
#13463=DIRECTION('ref_axis',(5.02256649716712E-15,-9.22630497639067E-31,
-1.));
#13464=DIRECTION('',(1.83697019872103E-16,1.,0.));
#13465=DIRECTION('center_axis',(1.83697019872103E-16,1.,0.));
#13466=DIRECTION('ref_axis',(0.,0.,1.));
#13467=DIRECTION('',(-1.83697019872103E-16,-1.,0.));
#13468=DIRECTION('center_axis',(1.83697019872103E-16,1.,0.));
#13469=DIRECTION('ref_axis',(0.,0.,-1.));
#13470=DIRECTION('',(1.83697019872103E-16,1.,0.));
#13471=DIRECTION('center_axis',(-1.83697019872103E-16,-1.,0.));
#13472=DIRECTION('ref_axis',(0.,0.,-1.));
#13473=DIRECTION('',(1.83697019872103E-16,1.,0.));
#13474=DIRECTION('center_axis',(5.78821391331325E-16,-1.06327764625789E-31,
-1.));
#13475=DIRECTION('ref_axis',(1.,-1.83697019872103E-16,5.78821391331325E-16));
#13476=DIRECTION('',(1.,-1.83697019872103E-16,1.02726750928826E-15));
#13477=DIRECTION('',(-1.83697019872103E-16,-1.,0.));
#13478=DIRECTION('',(1.83697019872103E-16,1.,0.));
#13479=DIRECTION('',(-1.,1.83697019872103E-16,-5.78821391331325E-16));
#13480=DIRECTION('',(1.83697019872103E-16,1.,0.));
#13481=DIRECTION('',(-1.,1.83697019872103E-16,-1.02726750928826E-15));
#13482=DIRECTION('center_axis',(-0.984807753012207,1.80906249375285E-16,
-0.173648177666935));
#13483=DIRECTION('ref_axis',(0.173648177666935,-3.18986527436375E-17,-0.984807753012207));
#13484=DIRECTION('',(1.83697019872103E-16,1.,0.));
#13485=DIRECTION('',(-0.173648177666935,3.18986527436375E-17,0.984807753012207));
#13486=DIRECTION('center_axis',(0.,0.,-1.));
#13487=DIRECTION('ref_axis',(1.83697019872103E-16,1.,0.));
#13488=DIRECTION('',(-1.83697019872103E-16,-1.,0.));
#13489=DIRECTION('',(-1.,1.83697019872103E-16,0.));
#13490=DIRECTION('',(1.83697019872103E-16,1.,0.));
#13491=DIRECTION('',(1.,-1.83697019872103E-16,0.));
#13492=DIRECTION('',(1.83697019872103E-16,1.,0.));
#13493=DIRECTION('',(-1.,1.83697019872103E-16,0.));
#13494=DIRECTION('center_axis',(1.83697019872103E-16,1.,0.));
#13495=DIRECTION('ref_axis',(0.,0.,1.));
#13496=DIRECTION('center_axis',(-1.83697019872103E-16,-1.,0.));
#13497=DIRECTION('ref_axis',(0.,0.,-1.));
#13498=DIRECTION('',(-1.83697019872103E-16,-1.,0.));
#13499=DIRECTION('',(1.83697019872103E-16,1.,0.));
#13500=DIRECTION('',(1.83697019872103E-16,1.,0.));
#13501=DIRECTION('center_axis',(1.83697019872103E-16,1.,0.));
#13502=DIRECTION('ref_axis',(0.,0.,-1.));
#13503=DIRECTION('center_axis',(-1.,1.83697019872103E-16,5.02256649716712E-15));
#13504=DIRECTION('ref_axis',(-5.02256649716712E-15,9.22630497639068E-31,
-1.));
#13505=DIRECTION('center_axis',(-1.83697019872103E-16,-1.,0.));
#13506=DIRECTION('ref_axis',(0.,0.,-1.));
#13507=DIRECTION('',(0.,0.,-1.));
#13508=DIRECTION('center_axis',(-0.846265930340317,1.55456529422809E-16,
0.532760710962471));
#13509=DIRECTION('ref_axis',(-0.532760710962471,9.78665549087488E-17,-0.846265930340317));
#13510=DIRECTION('',(-0.532760710962471,9.78665549087488E-17,-0.846265930340317));
#13511=DIRECTION('center_axis',(1.,-1.83697019872103E-16,0.));
#13512=DIRECTION('ref_axis',(0.,0.,1.));
#13513=DIRECTION('',(0.,0.,1.));
#13514=DIRECTION('center_axis',(-1.83697019872103E-16,-1.,0.));
#13515=DIRECTION('ref_axis',(0.,0.,-1.));
#13516=DIRECTION('center_axis',(1.,-1.83697019872103E-16,0.));
#13517=DIRECTION('ref_axis',(0.,0.,1.));
#13518=DIRECTION('',(0.,0.,-1.));
#13519=DIRECTION('center_axis',(-0.846265930340317,1.55456529422809E-16,
0.532760710962471));
#13520=DIRECTION('ref_axis',(-0.532760710962471,9.78665549087488E-17,-0.846265930340317));
#13521=DIRECTION('',(0.532760710962471,-9.78665549087488E-17,0.846265930340317));
#13522=DIRECTION('center_axis',(-1.83697019872103E-16,-1.,0.));
#13523=DIRECTION('ref_axis',(0.,0.,-1.));
#13524=CARTESIAN_POINT('',(0.,0.,0.));
#13525=CARTESIAN_POINT('Origin',(-3.75,3.95,2.47));
#13526=CARTESIAN_POINT('',(-3.75,3.55,2.46));
#13527=CARTESIAN_POINT('Origin',(-3.75,3.95,2.46));
#13528=CARTESIAN_POINT('',(-3.75,3.55,2.47));
#13529=CARTESIAN_POINT('',(-3.75,3.55,2.47));
#13530=CARTESIAN_POINT('Origin',(-3.75,3.95,2.47));
#13531=CARTESIAN_POINT('Origin',(-3.75,3.95,2.47));
#13532=CARTESIAN_POINT('Origin',(-3.75,3.95,2.46));
#13533=CARTESIAN_POINT('Origin',(2.63,3.915,2.));
#13534=CARTESIAN_POINT('',(2.63,-3.915,2.5));
#13535=CARTESIAN_POINT('',(2.63,3.915,2.5));
#13536=CARTESIAN_POINT('',(2.63,3.915,2.5));
#13537=CARTESIAN_POINT('',(2.63,-3.915,2.));
#13538=CARTESIAN_POINT('',(2.63,-3.915,2.));
#13539=CARTESIAN_POINT('',(2.63,3.915,2.));
#13540=CARTESIAN_POINT('',(2.63,3.915,2.));
#13541=CARTESIAN_POINT('',(2.63,3.915,2.));
#13542=CARTESIAN_POINT('Origin',(2.63,-3.915,2.));
#13543=CARTESIAN_POINT('',(2.4,-3.915,2.5));
#13544=CARTESIAN_POINT('',(2.63,-3.915,2.5));
#13545=CARTESIAN_POINT('',(2.4,-3.915,2.));
#13546=CARTESIAN_POINT('',(2.4,-3.915,2.));
#13547=CARTESIAN_POINT('',(2.63,-3.915,2.));
#13548=CARTESIAN_POINT('Origin',(2.4,-3.915,2.));
#13549=CARTESIAN_POINT('',(2.4,-4.75,2.5));
#13550=CARTESIAN_POINT('',(2.4,-3.915,2.5));
#13551=CARTESIAN_POINT('',(2.4,-4.75,2.));
#13552=CARTESIAN_POINT('',(2.4,-4.75,2.));
#13553=CARTESIAN_POINT('',(2.4,-3.915,2.));
#13554=CARTESIAN_POINT('Origin',(2.4,-4.75,2.));
#13555=CARTESIAN_POINT('',(1.8,-4.75,2.5));
#13556=CARTESIAN_POINT('',(2.4,-4.75,2.5));
#13557=CARTESIAN_POINT('',(1.8,-4.75,2.));
#13558=CARTESIAN_POINT('',(1.8,-4.75,2.));
#13559=CARTESIAN_POINT('',(2.4,-4.75,2.));
#13560=CARTESIAN_POINT('Origin',(1.8,-4.75,2.));
#13561=CARTESIAN_POINT('',(1.8,-3.915,2.5));
#13562=CARTESIAN_POINT('',(1.8,-4.75,2.5));
#13563=CARTESIAN_POINT('',(1.8,-3.915,2.));
#13564=CARTESIAN_POINT('',(1.8,-3.915,2.));
#13565=CARTESIAN_POINT('',(1.8,-4.75,2.));
#13566=CARTESIAN_POINT('Origin',(1.8,-3.915,2.));
#13567=CARTESIAN_POINT('',(1.11536304925994,-3.915,2.5));
#13568=CARTESIAN_POINT('',(1.8,-3.915,2.5));
#13569=CARTESIAN_POINT('',(1.11536304925994,-3.915,2.));
#13570=CARTESIAN_POINT('',(1.11536304925994,-3.915,2.));
#13571=CARTESIAN_POINT('',(1.8,-3.915,2.));
#13572=CARTESIAN_POINT('Origin',(1.11536304925994,-3.915,2.));
#13573=CARTESIAN_POINT('',(1.11536304925994,-3.815,2.5));
#13574=CARTESIAN_POINT('',(1.11536304925994,-3.915,2.5));
#13575=CARTESIAN_POINT('',(1.11536304925994,-3.815,2.));
#13576=CARTESIAN_POINT('',(1.11536304925994,-3.815,2.));
#13577=CARTESIAN_POINT('',(1.11536304925994,-3.915,2.));
#13578=CARTESIAN_POINT('Origin',(1.11536304925994,-3.815,2.));
#13579=CARTESIAN_POINT('',(-1.11536304925994,-3.815,2.5));
#13580=CARTESIAN_POINT('',(1.11536304925994,-3.815,2.5));
#13581=CARTESIAN_POINT('',(-1.11536304925994,-3.815,2.));
#13582=CARTESIAN_POINT('',(-1.11536304925994,-3.815,2.));
#13583=CARTESIAN_POINT('',(1.11536304925994,-3.815,2.));
#13584=CARTESIAN_POINT('Origin',(-1.11536304925994,-3.815,2.));
#13585=CARTESIAN_POINT('',(-1.11536304925994,-3.915,2.5));
#13586=CARTESIAN_POINT('',(-1.11536304925994,-3.815,2.5));
#13587=CARTESIAN_POINT('',(-1.11536304925994,-3.915,2.));
#13588=CARTESIAN_POINT('',(-1.11536304925994,-3.915,2.));
#13589=CARTESIAN_POINT('',(-1.11536304925994,-3.815,2.));
#13590=CARTESIAN_POINT('Origin',(-1.11536304925994,-3.915,2.));
#13591=CARTESIAN_POINT('',(-1.8,-3.915,2.5));
#13592=CARTESIAN_POINT('',(-1.11536304925994,-3.915,2.5));
#13593=CARTESIAN_POINT('',(-1.8,-3.915,2.));
#13594=CARTESIAN_POINT('',(-1.8,-3.915,2.));
#13595=CARTESIAN_POINT('',(-1.11536304925994,-3.915,2.));
#13596=CARTESIAN_POINT('Origin',(-1.8,-3.915,2.));
#13597=CARTESIAN_POINT('',(-1.8,-4.75,2.5));
#13598=CARTESIAN_POINT('',(-1.8,-3.915,2.5));
#13599=CARTESIAN_POINT('',(-1.8,-4.75,2.));
#13600=CARTESIAN_POINT('',(-1.8,-4.75,2.));
#13601=CARTESIAN_POINT('',(-1.8,-3.915,2.));
#13602=CARTESIAN_POINT('Origin',(-1.8,-4.75,2.));
#13603=CARTESIAN_POINT('',(-2.4,-4.75,2.5));
#13604=CARTESIAN_POINT('',(-1.8,-4.75,2.5));
#13605=CARTESIAN_POINT('',(-2.4,-4.75,2.));
#13606=CARTESIAN_POINT('',(-2.4,-4.75,2.));
#13607=CARTESIAN_POINT('',(-1.8,-4.75,2.));
#13608=CARTESIAN_POINT('Origin',(-2.4,-4.75,2.));
#13609=CARTESIAN_POINT('',(-2.4,-3.915,2.5));
#13610=CARTESIAN_POINT('',(-2.4,-4.75,2.5));
#13611=CARTESIAN_POINT('',(-2.4,-3.915,2.));
#13612=CARTESIAN_POINT('',(-2.4,-3.915,2.));
#13613=CARTESIAN_POINT('',(-2.4,-4.75,2.));
#13614=CARTESIAN_POINT('Origin',(-2.4,-3.915,2.));
#13615=CARTESIAN_POINT('',(-2.63,-3.915,2.5));
#13616=CARTESIAN_POINT('',(-2.4,-3.915,2.5));
#13617=CARTESIAN_POINT('',(-2.63,-3.915,2.));
#13618=CARTESIAN_POINT('',(-2.63,-3.915,2.));
#13619=CARTESIAN_POINT('',(-2.4,-3.915,2.));
#13620=CARTESIAN_POINT('Origin',(-2.63,3.915,2.));
#13621=CARTESIAN_POINT('',(-2.63,3.915,2.5));
#13622=CARTESIAN_POINT('',(-2.63,3.915,2.5));
#13623=CARTESIAN_POINT('',(-2.63,3.915,2.));
#13624=CARTESIAN_POINT('',(-2.63,3.915,2.));
#13625=CARTESIAN_POINT('',(-2.63,3.915,2.));
#13626=CARTESIAN_POINT('Origin',(-2.4,3.915,2.));
#13627=CARTESIAN_POINT('',(-2.4,3.915,2.5));
#13628=CARTESIAN_POINT('',(-2.4,3.915,2.5));
#13629=CARTESIAN_POINT('',(-2.4,3.915,2.));
#13630=CARTESIAN_POINT('',(-2.4,3.915,2.));
#13631=CARTESIAN_POINT('',(-2.4,3.915,2.));
#13632=CARTESIAN_POINT('Origin',(-2.4,4.75,2.));
#13633=CARTESIAN_POINT('',(-2.4,4.75,2.5));
#13634=CARTESIAN_POINT('',(-2.4,4.75,2.5));
#13635=CARTESIAN_POINT('',(-2.4,4.75,2.));
#13636=CARTESIAN_POINT('',(-2.4,4.75,2.));
#13637=CARTESIAN_POINT('',(-2.4,4.75,2.));
#13638=CARTESIAN_POINT('Origin',(-1.8,4.75,2.));
#13639=CARTESIAN_POINT('',(-1.8,4.75,2.5));
#13640=CARTESIAN_POINT('',(-1.8,4.75,2.5));
#13641=CARTESIAN_POINT('',(-1.8,4.75,2.));
#13642=CARTESIAN_POINT('',(-1.8,4.75,2.));
#13643=CARTESIAN_POINT('',(-1.8,4.75,2.));
#13644=CARTESIAN_POINT('Origin',(-1.8,3.915,2.));
#13645=CARTESIAN_POINT('',(-1.8,3.915,2.5));
#13646=CARTESIAN_POINT('',(-1.8,3.915,2.5));
#13647=CARTESIAN_POINT('',(-1.8,3.915,2.));
#13648=CARTESIAN_POINT('',(-1.8,3.915,2.));
#13649=CARTESIAN_POINT('',(-1.8,3.915,2.));
#13650=CARTESIAN_POINT('Origin',(-1.11536304925994,3.915,2.));
#13651=CARTESIAN_POINT('',(-1.11536304925994,3.915,2.5));
#13652=CARTESIAN_POINT('',(-1.11536304925994,3.915,2.5));
#13653=CARTESIAN_POINT('',(-1.11536304925994,3.915,2.));
#13654=CARTESIAN_POINT('',(-1.11536304925994,3.915,2.));
#13655=CARTESIAN_POINT('',(-1.11536304925994,3.915,2.));
#13656=CARTESIAN_POINT('Origin',(-1.11536304925994,3.815,2.));
#13657=CARTESIAN_POINT('',(-1.11536304925994,3.815,2.5));
#13658=CARTESIAN_POINT('',(-1.11536304925994,3.815,2.5));
#13659=CARTESIAN_POINT('',(-1.11536304925994,3.815,2.));
#13660=CARTESIAN_POINT('',(-1.11536304925994,3.815,2.));
#13661=CARTESIAN_POINT('',(-1.11536304925994,3.815,2.));
#13662=CARTESIAN_POINT('Origin',(1.11536304925994,3.815,2.));
#13663=CARTESIAN_POINT('',(1.11536304925994,3.815,2.5));
#13664=CARTESIAN_POINT('',(1.11536304925994,3.815,2.5));
#13665=CARTESIAN_POINT('',(1.11536304925994,3.815,2.));
#13666=CARTESIAN_POINT('',(1.11536304925994,3.815,2.));
#13667=CARTESIAN_POINT('',(1.11536304925994,3.815,2.));
#13668=CARTESIAN_POINT('Origin',(1.11536304925994,3.915,2.));
#13669=CARTESIAN_POINT('',(1.11536304925994,3.915,2.5));
#13670=CARTESIAN_POINT('',(1.11536304925994,3.915,2.5));
#13671=CARTESIAN_POINT('',(1.11536304925994,3.915,2.));
#13672=CARTESIAN_POINT('',(1.11536304925994,3.915,2.));
#13673=CARTESIAN_POINT('',(1.11536304925994,3.915,2.));
#13674=CARTESIAN_POINT('Origin',(1.8,3.915,2.));
#13675=CARTESIAN_POINT('',(1.8,3.915,2.5));
#13676=CARTESIAN_POINT('',(1.8,3.915,2.5));
#13677=CARTESIAN_POINT('',(1.8,3.915,2.));
#13678=CARTESIAN_POINT('',(1.8,3.915,2.));
#13679=CARTESIAN_POINT('',(1.8,3.915,2.));
#13680=CARTESIAN_POINT('Origin',(1.8,4.75,2.));
#13681=CARTESIAN_POINT('',(1.8,4.75,2.5));
#13682=CARTESIAN_POINT('',(1.8,4.75,2.5));
#13683=CARTESIAN_POINT('',(1.8,4.75,2.));
#13684=CARTESIAN_POINT('',(1.8,4.75,2.));
#13685=CARTESIAN_POINT('',(1.8,4.75,2.));
#13686=CARTESIAN_POINT('Origin',(2.4,4.75,2.));
#13687=CARTESIAN_POINT('',(2.4,4.75,2.5));
#13688=CARTESIAN_POINT('',(2.4,4.75,2.5));
#13689=CARTESIAN_POINT('',(2.4,4.75,2.));
#13690=CARTESIAN_POINT('',(2.4,4.75,2.));
#13691=CARTESIAN_POINT('',(2.4,4.75,2.));
#13692=CARTESIAN_POINT('Origin',(2.4,3.915,2.));
#13693=CARTESIAN_POINT('',(2.4,3.915,2.5));
#13694=CARTESIAN_POINT('',(2.4,3.915,2.5));
#13695=CARTESIAN_POINT('',(2.4,3.915,2.));
#13696=CARTESIAN_POINT('',(2.4,3.915,2.));
#13697=CARTESIAN_POINT('',(2.4,3.915,2.));
#13698=CARTESIAN_POINT('Origin',(2.63,3.915,2.));
#13699=CARTESIAN_POINT('',(2.63,3.915,2.5));
#13700=CARTESIAN_POINT('',(2.63,3.915,2.));
#13701=CARTESIAN_POINT('Origin',(0.,0.,2.));
#13702=CARTESIAN_POINT('Origin',(0.,0.,2.5));
#13703=CARTESIAN_POINT('Origin',(0.,0.,0.2));
#13704=CARTESIAN_POINT('',(-4.43934464690916E-16,-1.45,0.25));
#13705=CARTESIAN_POINT('Origin',(0.,0.,0.25));
#13706=CARTESIAN_POINT('',(-4.59242549680258E-16,-1.5,0.2));
#13707=CARTESIAN_POINT('Origin',(-4.43934464690916E-16,-1.45,0.2));
#13708=CARTESIAN_POINT('Origin',(0.,0.,0.2));
#13709=CARTESIAN_POINT('Origin',(0.,0.,0.25));
#13710=CARTESIAN_POINT('',(-4.59242549680258E-16,-1.5,0.15));
#13711=CARTESIAN_POINT('',(-4.59242549680258E-16,-1.5,0.25));
#13712=CARTESIAN_POINT('Origin',(0.,0.,0.15));
#13713=CARTESIAN_POINT('Origin',(-3.75,3.95,2.46));
#13714=CARTESIAN_POINT('',(-3.75,4.35,2.46));
#13715=CARTESIAN_POINT('Origin',(-3.75,3.95,2.46));
#13716=CARTESIAN_POINT('',(-3.75,4.35,2.48));
#13717=CARTESIAN_POINT('',(-3.75,4.35,2.46));
#13718=CARTESIAN_POINT('Origin',(-3.75,3.95,2.48));
#13719=CARTESIAN_POINT('Origin',(0.,0.,0.15));
#13720=CARTESIAN_POINT('',(0.873795085689338,-4.02379508568934,0.15));
#13721=CARTESIAN_POINT('',(0.873795085689338,-4.635,0.15));
#13722=CARTESIAN_POINT('',(0.873795085689338,-4.95,0.15));
#13723=CARTESIAN_POINT('',(-0.873795085689339,-4.635,0.15));
#13724=CARTESIAN_POINT('',(-5.05,-4.635,0.15));
#13725=CARTESIAN_POINT('',(-0.873795085689339,-4.02379508568934,0.15));
#13726=CARTESIAN_POINT('',(-0.873795085689339,-4.35,0.15));
#13727=CARTESIAN_POINT('',(-3.32620491431066,-4.02379508568933,0.15));
#13728=CARTESIAN_POINT('',(-3.,-4.02379508568933,0.15));
#13729=CARTESIAN_POINT('',(-3.32620491431066,-4.635,0.15));
#13730=CARTESIAN_POINT('',(-3.32620491431066,-4.95,0.15));
#13731=CARTESIAN_POINT('',(-4.8666199400632,-4.635,0.15));
#13732=CARTESIAN_POINT('',(-5.05,-4.635,0.15));
#13733=CARTESIAN_POINT('',(-4.8666199400632,4.635,0.15));
#13734=CARTESIAN_POINT('',(-4.8666199400632,-4.95,0.15));
#13735=CARTESIAN_POINT('',(-3.32620491431066,4.635,0.15));
#13736=CARTESIAN_POINT('',(-5.05,4.635,0.15));
#13737=CARTESIAN_POINT('',(-3.32620491431066,4.02379508568934,0.15));
#13738=CARTESIAN_POINT('',(-3.32620491431066,4.95,0.15));
#13739=CARTESIAN_POINT('',(-0.873795085689338,4.02379508568934,0.15));
#13740=CARTESIAN_POINT('',(-3.,4.02379508568934,0.15));
#13741=CARTESIAN_POINT('',(-0.873795085689338,4.635,0.15));
#13742=CARTESIAN_POINT('',(-0.873795085689338,4.35,0.15));
#13743=CARTESIAN_POINT('',(0.873795085689339,4.635,0.15));
#13744=CARTESIAN_POINT('',(-5.05,4.635,0.15));
#13745=CARTESIAN_POINT('',(0.873795085689339,4.02379508568934,0.15));
#13746=CARTESIAN_POINT('',(0.873795085689339,4.95,0.15));
#13747=CARTESIAN_POINT('',(3.32620491431066,4.02379508568934,0.15));
#13748=CARTESIAN_POINT('',(1.2,4.02379508568934,0.15));
#13749=CARTESIAN_POINT('',(3.32620491431066,4.635,0.15));
#13750=CARTESIAN_POINT('',(3.32620491431066,4.35,0.15));
#13751=CARTESIAN_POINT('',(4.8666199400632,4.635,0.15));
#13752=CARTESIAN_POINT('',(-5.05,4.635,0.15));
#13753=CARTESIAN_POINT('',(4.8666199400632,-4.635,0.15));
#13754=CARTESIAN_POINT('',(4.8666199400632,-4.95,0.15));
#13755=CARTESIAN_POINT('',(3.32620491431066,-4.635,0.15));
#13756=CARTESIAN_POINT('',(-5.05,-4.635,0.15));
#13757=CARTESIAN_POINT('',(3.32620491431066,-4.02379508568934,0.15));
#13758=CARTESIAN_POINT('',(3.32620491431066,-4.35,0.15));
#13759=CARTESIAN_POINT('',(1.2,-4.02379508568934,0.15));
#13760=CARTESIAN_POINT('Origin',(-5.05,-4.635,0.15));
#13761=CARTESIAN_POINT('',(1.2,-4.95,2.));
#13762=CARTESIAN_POINT('',(0.700055960700646,-4.4672286943865,-0.835323540904653));
#13763=CARTESIAN_POINT('',(-1.2,-4.95,2.));
#13764=CARTESIAN_POINT('',(-5.05,-4.95,2.));
#13765=CARTESIAN_POINT('',(-0.99627909755846,-4.75327677035555,0.844641349707179));
#13766=CARTESIAN_POINT('Origin',(-5.05,-4.635,0.15));
#13767=CARTESIAN_POINT('',(3.,-4.95,2.));
#13768=CARTESIAN_POINT('',(3.08053900394621,-4.87222745541198,1.54324061114972));
#13769=CARTESIAN_POINT('',(5.05,-4.81208108108108,1.19));
#13770=CARTESIAN_POINT('',(4.70785805746897,-4.48169147881213,-0.750383378404963));
#13771=CARTESIAN_POINT('',(4.90717514562614,-4.95,2.));
#13772=CARTESIAN_POINT('',(5.09591880567323,-4.76773955478117,0.92958151220684));
#13773=CARTESIAN_POINT('',(-5.05,-4.95,2.));
#13774=CARTESIAN_POINT('Origin',(-5.05,-4.635,0.15));
#13775=CARTESIAN_POINT('',(-3.,-4.95,2.));
#13776=CARTESIAN_POINT('',(-3.37676214080403,-4.58617937944294,-0.13672427946211));
#13777=CARTESIAN_POINT('',(-4.90717514562614,-4.95,2.));
#13778=CARTESIAN_POINT('',(-5.05,-4.95,2.));
#13779=CARTESIAN_POINT('',(-5.05,-4.81208108108109,1.19000000000002));
#13780=CARTESIAN_POINT('',(-5.09591880567323,-4.76773955478116,0.92958151220684));
#13781=CARTESIAN_POINT('',(-4.70785805746897,-4.48169147881212,-0.750383378404962));
#13782=CARTESIAN_POINT('Origin',(-5.05,-4.95,2.));
#13783=CARTESIAN_POINT('',(3.08463695074006,-4.86536304925994,2.48));
#13784=CARTESIAN_POINT('',(4.82253819488608,-4.86536304925994,2.48));
#13785=CARTESIAN_POINT('',(-5.05,-4.86536304925994,2.48));
#13786=CARTESIAN_POINT('',(2.76436797364739,-5.1856320263526,0.663664372826794));
#13787=CARTESIAN_POINT('',(5.09554578303178,-5.13837063740564,0.931697028731609));
#13788=CARTESIAN_POINT('Origin',(-5.05,-4.95,2.));
#13789=CARTESIAN_POINT('',(-3.08463695074006,-4.86536304925994,2.48));
#13790=CARTESIAN_POINT('',(-3.06000567130719,-4.88999432869282,2.3403090727584));
#13791=CARTESIAN_POINT('',(-4.82253819488608,-4.86536304925994,2.48));
#13792=CARTESIAN_POINT('',(-5.05,-4.86536304925994,2.48));
#13793=CARTESIAN_POINT('',(-5.09554578303178,-5.13837063740563,0.931697028731609));
#13794=CARTESIAN_POINT('Origin',(-5.05,4.47958741809766,-0.762740560378802));
#13795=CARTESIAN_POINT('',(3.,4.95,2.));
#13796=CARTESIAN_POINT('',(3.23675955500644,4.72137297276888,0.657269840071194));
#13797=CARTESIAN_POINT('',(4.90717514562614,4.95,2.));
#13798=CARTESIAN_POINT('',(-5.05,4.95,2.));
#13799=CARTESIAN_POINT('',(5.05,4.81208108108108,1.19));
#13800=CARTESIAN_POINT('',(5.37630256330626,4.49698678626128,-0.660553794973429));
#13801=CARTESIAN_POINT('',(4.42747429983596,4.21093871029224,-2.34051868558523));
#13802=CARTESIAN_POINT('Origin',(-5.05,4.47958741809766,-0.762740560378802));
#13803=CARTESIAN_POINT('',(1.2,4.95,2.));
#13804=CARTESIAN_POINT('',(0.54383540964042,4.3163742117434,-1.72129431198318));
#13805=CARTESIAN_POINT('',(-1.2,4.95,2.));
#13806=CARTESIAN_POINT('',(-0.84005854649823,4.60242228771244,-0.0413294213713493));
#13807=CARTESIAN_POINT('',(-5.05,4.95,2.));
#13808=CARTESIAN_POINT('Origin',(0.,0.,2.48));
#13809=CARTESIAN_POINT('',(3.08463695074006,-4.26536304925994,2.48));
#13810=CARTESIAN_POINT('',(3.08463695074006,-4.95,2.48));
#13811=CARTESIAN_POINT('',(4.82253819488608,4.86536304925994,2.48));
#13812=CARTESIAN_POINT('',(4.82253819488608,-4.95,2.48));
#13813=CARTESIAN_POINT('',(3.08463695074006,4.86536304925994,2.48));
#13814=CARTESIAN_POINT('',(-5.05,4.86536304925994,2.48));
#13815=CARTESIAN_POINT('',(3.08463695074006,4.26536304925994,2.48));
#13816=CARTESIAN_POINT('',(3.08463695074006,4.95,2.48));
#13817=CARTESIAN_POINT('',(1.11536304925994,4.26536304925994,2.48));
#13818=CARTESIAN_POINT('',(3.,4.26536304925994,2.48));
#13819=CARTESIAN_POINT('',(1.11536304925994,4.86536304925994,2.48));
#13820=CARTESIAN_POINT('',(1.11536304925994,4.95,2.48));
#13821=CARTESIAN_POINT('',(-1.11536304925994,4.86536304925994,2.48));
#13822=CARTESIAN_POINT('',(-5.05,4.86536304925994,2.48));
#13823=CARTESIAN_POINT('',(-1.11536304925994,4.26536304925993,2.48));
#13824=CARTESIAN_POINT('',(-1.11536304925994,4.95,2.48));
#13825=CARTESIAN_POINT('',(-3.08463695074006,4.26536304925993,2.48));
#13826=CARTESIAN_POINT('',(-3.,4.26536304925993,2.48));
#13827=CARTESIAN_POINT('',(-3.08463695074006,4.86536304925994,2.48));
#13828=CARTESIAN_POINT('',(-3.08463695074006,4.95,2.48));
#13829=CARTESIAN_POINT('',(-4.82253819488608,4.86536304925994,2.48));
#13830=CARTESIAN_POINT('',(-5.05,4.86536304925994,2.48));
#13831=CARTESIAN_POINT('',(-4.82253819488608,-4.95,2.48));
#13832=CARTESIAN_POINT('',(-3.08463695074006,-4.26536304925993,2.48));
#13833=CARTESIAN_POINT('',(-3.08463695074006,-4.95,2.48));
#13834=CARTESIAN_POINT('',(-1.11536304925994,-4.26536304925993,2.48));
#13835=CARTESIAN_POINT('',(-3.,-4.26536304925993,2.48));
#13836=CARTESIAN_POINT('',(-1.11536304925994,-4.86536304925994,2.48));
#13837=CARTESIAN_POINT('',(-1.11536304925994,-4.95,2.48));
#13838=CARTESIAN_POINT('',(1.11536304925994,-4.86536304925994,2.48));
#13839=CARTESIAN_POINT('',(-5.05,-4.86536304925994,2.48));
#13840=CARTESIAN_POINT('',(1.11536304925994,-4.26536304925994,2.48));
#13841=CARTESIAN_POINT('',(1.11536304925994,-4.95,2.48));
#13842=CARTESIAN_POINT('',(3.,-4.26536304925994,2.48));
#13843=CARTESIAN_POINT('Origin',(-5.05,5.1427593797708,0.906807233945092));
#13844=CARTESIAN_POINT('',(1.20417298872016,4.95417298872016,1.97633380493789));
#13845=CARTESIAN_POINT('',(-1.49981068637995,5.24981068637994,0.299689105006295));
#13846=CARTESIAN_POINT('Origin',(-5.05,5.1427593797708,0.906807233945092));
#13847=CARTESIAN_POINT('',(2.57725086508826,5.37274913491173,-0.397529483084074));
#13848=CARTESIAN_POINT('',(4.80576229720685,4.84858715158071,2.57514084351599));
#13849=CARTESIAN_POINT('Origin',(-5.05,5.1427593797708,0.906807233945092));
#13850=CARTESIAN_POINT('',(-3.,4.95,2.));
#13851=CARTESIAN_POINT('',(-2.87288856274805,5.07711143725195,1.27911521684753));
#13852=CARTESIAN_POINT('',(-4.90717514562614,4.95,2.));
#13853=CARTESIAN_POINT('',(-5.05,4.95,2.));
#13854=CARTESIAN_POINT('',(-4.80576229720685,4.84858715158071,2.57514084351599));
#13855=CARTESIAN_POINT('Origin',(-5.10122585276319,-4.95,0.899483752529699));
#13856=CARTESIAN_POINT('',(-5.05,4.81208108108109,1.19000000000001));
#13857=CARTESIAN_POINT('',(-5.37630256330625,4.49698678626128,-0.66055379497343));
#13858=CARTESIAN_POINT('',(-5.05,-4.95,1.19));
#13859=CARTESIAN_POINT('Origin',(5.10122585276319,-4.95,0.899483752529699));
#13860=CARTESIAN_POINT('',(5.05,-4.95,1.19));
#13861=CARTESIAN_POINT('Origin',(4.69422188220566,-4.95,-0.827717971264903));
#13862=CARTESIAN_POINT('Origin',(-4.69422188220566,-4.95,-0.827717971264903));
#13863=CARTESIAN_POINT('',(-4.42747429983596,4.21093871029224,-2.34051868558524));
#13864=CARTESIAN_POINT('Origin',(-5.05,4.47958741809766,-0.762740560378802));
#13865=CARTESIAN_POINT('',(-3.53298269186425,4.43532489679983,-1.02269505054064));
#13866=CARTESIAN_POINT('Origin',(-5.05,-4.95,2.));
#13867=CARTESIAN_POINT('',(1.01705588016102,-4.76705588016103,3.03752766084876));
#13868=CARTESIAN_POINT('',(-1.31269357782081,-5.06269357782081,1.36088296091716));
#13869=CARTESIAN_POINT('Origin',(-3.75,3.95,2.46));
#13870=CARTESIAN_POINT('Origin',(-3.,4.95,2.));
#13871=CARTESIAN_POINT('',(-3.,4.35,2.));
#13872=CARTESIAN_POINT('',(-3.,4.35,2.));
#13873=CARTESIAN_POINT('',(-3.,4.95,2.));
#13874=CARTESIAN_POINT('Origin',(-3.,4.35,2.));
#13875=CARTESIAN_POINT('',(-1.2,4.35,2.));
#13876=CARTESIAN_POINT('',(-3.,4.35,2.));
#13877=CARTESIAN_POINT('',(-1.21756263550454,4.36756263550454,1.90039734455852));
#13878=CARTESIAN_POINT('Origin',(-1.2,4.95,2.));
#13879=CARTESIAN_POINT('',(-1.2,4.95,2.));
#13880=CARTESIAN_POINT('Origin',(1.2,4.95,2.));
#13881=CARTESIAN_POINT('',(1.2,4.35,2.));
#13882=CARTESIAN_POINT('',(1.25268790651363,4.40268790651363,1.70119203367556));
#13883=CARTESIAN_POINT('',(1.2,4.95,2.));
#13884=CARTESIAN_POINT('Origin',(3.,4.35,2.));
#13885=CARTESIAN_POINT('',(3.,4.35,2.));
#13886=CARTESIAN_POINT('',(3.,4.35,2.));
#13887=CARTESIAN_POINT('',(2.98243736449546,4.36756263550454,1.90039734455852));
#13888=CARTESIAN_POINT('Origin',(3.,4.95,2.));
#13889=CARTESIAN_POINT('',(3.,4.95,2.));
#13890=CARTESIAN_POINT('Origin',(3.,4.35,2.));
#13891=CARTESIAN_POINT('',(2.94731209348638,4.40268790651362,2.29880796632444));
#13892=CARTESIAN_POINT('Origin',(1.2,4.35,2.));
#13893=CARTESIAN_POINT('',(1.21756263550454,4.36756263550454,2.09960265544148));
#13894=CARTESIAN_POINT('Origin',(1.2,4.95,2.));
#13895=CARTESIAN_POINT('Origin',(-1.2,4.35,2.));
#13896=CARTESIAN_POINT('',(-1.25268790651362,4.40268790651362,2.29880796632444));
#13897=CARTESIAN_POINT('Origin',(-3.,4.35,2.));
#13898=CARTESIAN_POINT('',(-2.98243736449546,4.36756263550454,2.09960265544148));
#13899=CARTESIAN_POINT('Origin',(-3.,4.95,2.));
#13900=CARTESIAN_POINT('Origin',(-3.,-4.95,2.));
#13901=CARTESIAN_POINT('',(-3.,-4.35,2.));
#13902=CARTESIAN_POINT('',(-3.,-4.95,2.));
#13903=CARTESIAN_POINT('',(-2.98243736449546,-4.36756263550454,1.90039734455852));
#13904=CARTESIAN_POINT('Origin',(-1.2,-4.95,2.));
#13905=CARTESIAN_POINT('',(-1.2,-4.35,2.));
#13906=CARTESIAN_POINT('',(-1.25268790651363,-4.40268790651362,1.70119203367556));
#13907=CARTESIAN_POINT('',(-1.2,-4.95,2.));
#13908=CARTESIAN_POINT('Origin',(-3.,-4.35,2.));
#13909=CARTESIAN_POINT('',(-3.,-4.35,2.));
#13910=CARTESIAN_POINT('Origin',(3.,-4.95,2.));
#13911=CARTESIAN_POINT('',(3.,-4.35,2.));
#13912=CARTESIAN_POINT('',(3.,-4.35,2.));
#13913=CARTESIAN_POINT('',(3.,-4.95,2.));
#13914=CARTESIAN_POINT('Origin',(1.2,-4.95,2.));
#13915=CARTESIAN_POINT('',(1.2,-4.35,2.));
#13916=CARTESIAN_POINT('',(1.2,-4.95,2.));
#13917=CARTESIAN_POINT('',(1.21756263550454,-4.36756263550454,1.90039734455852));
#13918=CARTESIAN_POINT('Origin',(3.,-4.35,2.));
#13919=CARTESIAN_POINT('',(3.,-4.35,2.));
#13920=CARTESIAN_POINT('Origin',(1.2,-4.95,2.));
#13921=CARTESIAN_POINT('',(1.2,-4.35,2.));
#13922=CARTESIAN_POINT('Origin',(3.,-4.35,2.));
#13923=CARTESIAN_POINT('',(3.,-4.35,2.));
#13924=CARTESIAN_POINT('Origin',(1.2,-4.35,2.));
#13925=CARTESIAN_POINT('Origin',(-1.2,-4.35,2.));
#13926=CARTESIAN_POINT('',(-1.2,-4.35,2.));
#13927=CARTESIAN_POINT('Origin',(-3.,-4.95,2.));
#13928=CARTESIAN_POINT('',(-3.,-4.35,2.));
#13929=CARTESIAN_POINT('Origin',(-3.,-4.35,2.));
#13930=CARTESIAN_POINT('Origin',(0.,0.,0.25));
#13931=CARTESIAN_POINT('Origin',(3.17037827796507,-1.97580342931437,2.49));
#13932=CARTESIAN_POINT('',(3.44996914927362,-1.72905447563809,2.49));
#13933=CARTESIAN_POINT('',(3.47387542333962,-2.19553251838009,2.49));
#13934=CARTESIAN_POINT('Ctrl Pts',(3.44996914927362,-1.72905447563809,2.49));
#13935=CARTESIAN_POINT('Ctrl Pts',(3.38797864647341,-1.73847825398217,2.49));
#13936=CARTESIAN_POINT('Ctrl Pts',(3.27511069108042,-1.75033296101927,2.49));
#13937=CARTESIAN_POINT('Ctrl Pts',(3.17377664767589,-1.88041277800288,2.49));
#13938=CARTESIAN_POINT('Ctrl Pts',(3.15714879787815,-2.0206479112723,2.49));
#13939=CARTESIAN_POINT('Ctrl Pts',(3.27037560276658,-2.1601747010742,2.49));
#13940=CARTESIAN_POINT('Ctrl Pts',(3.38686688904026,-2.20232768432449,2.49));
#13941=CARTESIAN_POINT('Ctrl Pts',(3.47387542333962,-2.19553251838009,2.49));
#13942=CARTESIAN_POINT('',(3.61979453675562,-2.19553251838009,2.49));
#13943=CARTESIAN_POINT('',(3.47387542333962,-2.19553251838009,2.49));
#13944=CARTESIAN_POINT('',(3.64518130954362,-1.72905447563809,2.49));
#13945=CARTESIAN_POINT('Ctrl Pts',(3.61979453675562,-2.19553251838009,2.49));
#13946=CARTESIAN_POINT('Ctrl Pts',(3.70708716721992,-2.2009344221792,2.49));
#13947=CARTESIAN_POINT('Ctrl Pts',(3.82032370952334,-2.14634644278084,2.49));
#13948=CARTESIAN_POINT('Ctrl Pts',(3.91860800604367,-2.00620150127608,2.49));
#13949=CARTESIAN_POINT('Ctrl Pts',(3.88965197908483,-1.81176058816442,2.49));
#13950=CARTESIAN_POINT('Ctrl Pts',(3.74234420667574,-1.72831689788127,2.49));
#13951=CARTESIAN_POINT('Ctrl Pts',(3.64518130954362,-1.72905447563809,2.49));
#13952=CARTESIAN_POINT('',(3.64518130954362,-1.72905447563809,2.49));
#13953=CARTESIAN_POINT('',(3.63714173440962,-1.8560617655921,2.49));
#13954=CARTESIAN_POINT('',(3.44031171739962,-1.8560617655921,2.49));
#13955=CARTESIAN_POINT('',(3.63714173440962,-1.8560617655921,2.49));
#13956=CARTESIAN_POINT('',(3.63714173440962,-2.0705856761321,2.49));
#13957=CARTESIAN_POINT('Ctrl Pts',(3.63714173440962,-2.0705856761321,2.49));
#13958=CARTESIAN_POINT('Ctrl Pts',(3.68049338436525,-2.06305322184265,2.49));
#13959=CARTESIAN_POINT('Ctrl Pts',(3.79092207812369,-2.04345401472779,2.49));
#13960=CARTESIAN_POINT('Ctrl Pts',(3.79588279535636,-1.9314381796572,2.49));
#13961=CARTESIAN_POINT('Ctrl Pts',(3.73521505108847,-1.87359163521467,2.49));
#13962=CARTESIAN_POINT('Ctrl Pts',(3.67750570425135,-1.86079573042318,2.49));
#13963=CARTESIAN_POINT('Ctrl Pts',(3.63714173440962,-1.8560617655921,2.49));
#13964=CARTESIAN_POINT('',(3.44031171739962,-2.0705856761321,2.49));
#13965=CARTESIAN_POINT('',(3.44031171739962,-2.0705856761321,2.49));
#13966=CARTESIAN_POINT('Ctrl Pts',(3.44031171739962,-1.8560617655921,2.49));
#13967=CARTESIAN_POINT('Ctrl Pts',(3.39872108437063,-1.86535881029548,2.49));
#13968=CARTESIAN_POINT('Ctrl Pts',(3.27435724579249,-1.88524347256955,2.49));
#13969=CARTESIAN_POINT('Ctrl Pts',(3.29863031689423,-2.04391816875453,2.49));
#13970=CARTESIAN_POINT('Ctrl Pts',(3.39284831165651,-2.06597028879524,2.49));
#13971=CARTESIAN_POINT('Ctrl Pts',(3.44031171739962,-2.0705856761321,2.49));
#13972=CARTESIAN_POINT('Origin',(3.17037827796507,-1.97580342931437,2.48));
#13973=CARTESIAN_POINT('',(3.44996914927362,-1.72905447563809,2.48));
#13974=CARTESIAN_POINT('',(3.47387542333962,-2.19553251838009,2.48));
#13975=CARTESIAN_POINT('Ctrl Pts',(3.44996914927362,-1.72905447563809,2.48));
#13976=CARTESIAN_POINT('Ctrl Pts',(3.38797864647341,-1.73847825398217,2.48));
#13977=CARTESIAN_POINT('Ctrl Pts',(3.27511069108042,-1.75033296101927,2.48));
#13978=CARTESIAN_POINT('Ctrl Pts',(3.17377664767589,-1.88041277800288,2.48));
#13979=CARTESIAN_POINT('Ctrl Pts',(3.15714879787815,-2.0206479112723,2.48));
#13980=CARTESIAN_POINT('Ctrl Pts',(3.27037560276658,-2.1601747010742,2.48));
#13981=CARTESIAN_POINT('Ctrl Pts',(3.38686688904026,-2.20232768432449,2.48));
#13982=CARTESIAN_POINT('Ctrl Pts',(3.47387542333962,-2.19553251838009,2.48));
#13983=CARTESIAN_POINT('',(3.64518130954362,-1.72905447563809,2.48));
#13984=CARTESIAN_POINT('',(3.64518130954362,-1.72905447563809,2.48));
#13985=CARTESIAN_POINT('',(3.61979453675562,-2.19553251838009,2.48));
#13986=CARTESIAN_POINT('Ctrl Pts',(3.61979453675562,-2.19553251838009,2.48));
#13987=CARTESIAN_POINT('Ctrl Pts',(3.70708716721992,-2.2009344221792,2.48));
#13988=CARTESIAN_POINT('Ctrl Pts',(3.82032370952334,-2.14634644278084,2.48));
#13989=CARTESIAN_POINT('Ctrl Pts',(3.91860800604367,-2.00620150127608,2.48));
#13990=CARTESIAN_POINT('Ctrl Pts',(3.88965197908483,-1.81176058816442,2.48));
#13991=CARTESIAN_POINT('Ctrl Pts',(3.74234420667574,-1.72831689788127,2.48));
#13992=CARTESIAN_POINT('Ctrl Pts',(3.64518130954362,-1.72905447563809,2.48));
#13993=CARTESIAN_POINT('',(3.47387542333962,-2.19553251838009,2.48));
#13994=CARTESIAN_POINT('',(3.63714173440962,-2.0705856761321,2.48));
#13995=CARTESIAN_POINT('',(3.63714173440962,-1.8560617655921,2.48));
#13996=CARTESIAN_POINT('Ctrl Pts',(3.63714173440962,-2.0705856761321,2.48));
#13997=CARTESIAN_POINT('Ctrl Pts',(3.68049338436525,-2.06305322184265,2.48));
#13998=CARTESIAN_POINT('Ctrl Pts',(3.79092207812369,-2.04345401472779,2.48));
#13999=CARTESIAN_POINT('Ctrl Pts',(3.79588279535636,-1.9314381796572,2.48));
#14000=CARTESIAN_POINT('Ctrl Pts',(3.73521505108847,-1.87359163521467,2.48));
#14001=CARTESIAN_POINT('Ctrl Pts',(3.67750570425135,-1.86079573042318,2.48));
#14002=CARTESIAN_POINT('Ctrl Pts',(3.63714173440962,-1.8560617655921,2.48));
#14003=CARTESIAN_POINT('',(3.44031171739962,-1.8560617655921,2.48));
#14004=CARTESIAN_POINT('',(3.63714173440962,-1.8560617655921,2.48));
#14005=CARTESIAN_POINT('',(3.44031171739962,-2.0705856761321,2.48));
#14006=CARTESIAN_POINT('Ctrl Pts',(3.44031171739962,-1.8560617655921,2.48));
#14007=CARTESIAN_POINT('Ctrl Pts',(3.39872108437063,-1.86535881029548,2.48));
#14008=CARTESIAN_POINT('Ctrl Pts',(3.27435724579249,-1.88524347256955,2.48));
#14009=CARTESIAN_POINT('Ctrl Pts',(3.29863031689423,-2.04391816875453,2.48));
#14010=CARTESIAN_POINT('Ctrl Pts',(3.39284831165651,-2.06597028879524,2.48));
#14011=CARTESIAN_POINT('Ctrl Pts',(3.44031171739962,-2.0705856761321,2.48));
#14012=CARTESIAN_POINT('',(3.44031171739962,-2.0705856761321,2.48));
#14013=CARTESIAN_POINT('Ctrl Pts',(3.44996914927362,-1.72905447563809,2.49));
#14014=CARTESIAN_POINT('Ctrl Pts',(3.44996914927362,-1.72905447563809,2.478));
#14015=CARTESIAN_POINT('Ctrl Pts',(3.38797864647341,-1.73847825398217,2.49));
#14016=CARTESIAN_POINT('Ctrl Pts',(3.38797864647341,-1.73847825398217,2.478));
#14017=CARTESIAN_POINT('Ctrl Pts',(3.27511069108042,-1.75033296101927,2.49));
#14018=CARTESIAN_POINT('Ctrl Pts',(3.27511069108042,-1.75033296101927,2.478));
#14019=CARTESIAN_POINT('Ctrl Pts',(3.17377664767589,-1.88041277800288,2.49));
#14020=CARTESIAN_POINT('Ctrl Pts',(3.17377664767589,-1.88041277800288,2.478));
#14021=CARTESIAN_POINT('Ctrl Pts',(3.15714879787815,-2.0206479112723,2.49));
#14022=CARTESIAN_POINT('Ctrl Pts',(3.15714879787815,-2.0206479112723,2.478));
#14023=CARTESIAN_POINT('Ctrl Pts',(3.27037560276658,-2.1601747010742,2.49));
#14024=CARTESIAN_POINT('Ctrl Pts',(3.27037560276658,-2.1601747010742,2.478));
#14025=CARTESIAN_POINT('Ctrl Pts',(3.38686688904026,-2.20232768432449,2.49));
#14026=CARTESIAN_POINT('Ctrl Pts',(3.38686688904026,-2.20232768432449,2.478));
#14027=CARTESIAN_POINT('Ctrl Pts',(3.47387542333962,-2.19553251838009,2.49));
#14028=CARTESIAN_POINT('Ctrl Pts',(3.47387542333962,-2.19553251838009,2.478));
#14029=CARTESIAN_POINT('',(3.47387542333962,-2.19553251838009,2.49));
#14030=CARTESIAN_POINT('',(3.44996914927362,-1.72905447563809,2.49));
#14031=CARTESIAN_POINT('Origin',(3.47387542333962,-2.19553251838009,2.49));
#14032=CARTESIAN_POINT('',(3.61979453675562,-2.19553251838009,2.49));
#14033=CARTESIAN_POINT('Ctrl Pts',(3.61979453675562,-2.19553251838009,2.49));
#14034=CARTESIAN_POINT('Ctrl Pts',(3.61979453675562,-2.19553251838009,2.478));
#14035=CARTESIAN_POINT('Ctrl Pts',(3.70708716721992,-2.2009344221792,2.49));
#14036=CARTESIAN_POINT('Ctrl Pts',(3.70708716721992,-2.2009344221792,2.478));
#14037=CARTESIAN_POINT('Ctrl Pts',(3.82032370952334,-2.14634644278084,2.49));
#14038=CARTESIAN_POINT('Ctrl Pts',(3.82032370952334,-2.14634644278084,2.478));
#14039=CARTESIAN_POINT('Ctrl Pts',(3.91860800604367,-2.00620150127608,2.49));
#14040=CARTESIAN_POINT('Ctrl Pts',(3.91860800604367,-2.00620150127608,2.478));
#14041=CARTESIAN_POINT('Ctrl Pts',(3.88965197908483,-1.81176058816442,2.49));
#14042=CARTESIAN_POINT('Ctrl Pts',(3.88965197908483,-1.81176058816442,2.478));
#14043=CARTESIAN_POINT('Ctrl Pts',(3.74234420667574,-1.72831689788127,2.49));
#14044=CARTESIAN_POINT('Ctrl Pts',(3.74234420667574,-1.72831689788127,2.478));
#14045=CARTESIAN_POINT('Ctrl Pts',(3.64518130954362,-1.72905447563809,2.49));
#14046=CARTESIAN_POINT('Ctrl Pts',(3.64518130954362,-1.72905447563809,2.478));
#14047=CARTESIAN_POINT('',(3.64518130954362,-1.72905447563809,2.49));
#14048=CARTESIAN_POINT('Origin',(3.64518130954362,-1.72905447563809,2.49));
#14049=CARTESIAN_POINT('Ctrl Pts',(3.63714173440962,-2.0705856761321,2.49));
#14050=CARTESIAN_POINT('Ctrl Pts',(3.63714173440962,-2.0705856761321,2.478));
#14051=CARTESIAN_POINT('Ctrl Pts',(3.68049338436525,-2.06305322184265,2.49));
#14052=CARTESIAN_POINT('Ctrl Pts',(3.68049338436525,-2.06305322184265,2.478));
#14053=CARTESIAN_POINT('Ctrl Pts',(3.79092207812369,-2.04345401472779,2.49));
#14054=CARTESIAN_POINT('Ctrl Pts',(3.79092207812369,-2.04345401472779,2.478));
#14055=CARTESIAN_POINT('Ctrl Pts',(3.79588279535636,-1.9314381796572,2.49));
#14056=CARTESIAN_POINT('Ctrl Pts',(3.79588279535636,-1.9314381796572,2.478));
#14057=CARTESIAN_POINT('Ctrl Pts',(3.73521505108847,-1.87359163521467,2.49));
#14058=CARTESIAN_POINT('Ctrl Pts',(3.73521505108847,-1.87359163521467,2.478));
#14059=CARTESIAN_POINT('Ctrl Pts',(3.67750570425135,-1.86079573042318,2.49));
#14060=CARTESIAN_POINT('Ctrl Pts',(3.67750570425135,-1.86079573042318,2.478));
#14061=CARTESIAN_POINT('Ctrl Pts',(3.63714173440962,-1.8560617655921,2.49));
#14062=CARTESIAN_POINT('Ctrl Pts',(3.63714173440962,-1.8560617655921,2.478));
#14063=CARTESIAN_POINT('',(3.63714173440962,-2.0705856761321,2.49));
#14064=CARTESIAN_POINT('',(3.63714173440962,-1.8560617655921,2.49));
#14065=CARTESIAN_POINT('Origin',(3.63714173440962,-1.8560617655921,2.49));
#14066=CARTESIAN_POINT('',(3.44031171739962,-1.8560617655921,2.49));
#14067=CARTESIAN_POINT('Ctrl Pts',(3.44031171739962,-1.8560617655921,2.49));
#14068=CARTESIAN_POINT('Ctrl Pts',(3.44031171739962,-1.8560617655921,2.478));
#14069=CARTESIAN_POINT('Ctrl Pts',(3.39872108437063,-1.86535881029548,2.49));
#14070=CARTESIAN_POINT('Ctrl Pts',(3.39872108437063,-1.86535881029548,2.478));
#14071=CARTESIAN_POINT('Ctrl Pts',(3.27435724579249,-1.88524347256955,2.49));
#14072=CARTESIAN_POINT('Ctrl Pts',(3.27435724579249,-1.88524347256955,2.478));
#14073=CARTESIAN_POINT('Ctrl Pts',(3.29863031689423,-2.04391816875453,2.49));
#14074=CARTESIAN_POINT('Ctrl Pts',(3.29863031689423,-2.04391816875453,2.478));
#14075=CARTESIAN_POINT('Ctrl Pts',(3.39284831165651,-2.06597028879524,2.49));
#14076=CARTESIAN_POINT('Ctrl Pts',(3.39284831165651,-2.06597028879524,2.478));
#14077=CARTESIAN_POINT('Ctrl Pts',(3.44031171739962,-2.0705856761321,2.49));
#14078=CARTESIAN_POINT('Ctrl Pts',(3.44031171739962,-2.0705856761321,2.478));
#14079=CARTESIAN_POINT('',(3.44031171739962,-2.0705856761321,2.49));
#14080=CARTESIAN_POINT('Origin',(3.44031171739962,-2.0705856761321,2.49));
#14081=CARTESIAN_POINT('Origin',(3.2858302229614,-1.40410154168803,2.49));
#14082=CARTESIAN_POINT('',(3.42325982986962,-1.5019904125914,2.49));
#14083=CARTESIAN_POINT('',(3.42325982986962,-1.2993990061974,2.49));
#14084=CARTESIAN_POINT('Ctrl Pts',(3.42325982986962,-1.5019904125914,2.49));
#14085=CARTESIAN_POINT('Ctrl Pts',(3.38908188321497,-1.49695301427409,2.49));
#14086=CARTESIAN_POINT('Ctrl Pts',(3.29516590396932,-1.50125763051183,2.49));
#14087=CARTESIAN_POINT('Ctrl Pts',(3.26679292939978,-1.33205538204678,2.49));
#14088=CARTESIAN_POINT('Ctrl Pts',(3.37993522775462,-1.30300330107022,2.49));
#14089=CARTESIAN_POINT('Ctrl Pts',(3.42325982986962,-1.2993990061974,2.49));
#14090=CARTESIAN_POINT('',(3.51308809487562,-1.2993990061974,2.49));
#14091=CARTESIAN_POINT('',(3.42325982986962,-1.2993990061974,2.49));
#14092=CARTESIAN_POINT('',(3.51308809487562,-1.62669336121609,2.49));
#14093=CARTESIAN_POINT('',(3.51308809487562,-1.2993990061974,2.49));
#14094=CARTESIAN_POINT('',(3.60546023923962,-1.62669336121609,2.49));
#14095=CARTESIAN_POINT('',(3.51308809487562,-1.62669336121609,2.49));
#14096=CARTESIAN_POINT('',(3.61979453675562,-1.1853221011541,2.49));
#14097=CARTESIAN_POINT('Ctrl Pts',(3.60546023923962,-1.62669336121609,2.49));
#14098=CARTESIAN_POINT('Ctrl Pts',(3.67821752169229,-1.62572314502997,2.49));
#14099=CARTESIAN_POINT('Ctrl Pts',(3.80390709259193,-1.61073160890916,2.49));
#14100=CARTESIAN_POINT('Ctrl Pts',(3.91373003811997,-1.48147838218735,2.49));
#14101=CARTESIAN_POINT('Ctrl Pts',(3.91141032832517,-1.35564791611806,2.49));
#14102=CARTESIAN_POINT('Ctrl Pts',(3.82417185460914,-1.21980938500223,2.49));
#14103=CARTESIAN_POINT('Ctrl Pts',(3.6988543179161,-1.18405554687835,2.49));
#14104=CARTESIAN_POINT('Ctrl Pts',(3.61979453675562,-1.1853221011541,2.49));
#14105=CARTESIAN_POINT('',(3.44031171739962,-1.1853221011541,2.49));
#14106=CARTESIAN_POINT('',(3.61979453675562,-1.1853221011541,2.49));
#14107=CARTESIAN_POINT('',(3.35826533881849,-1.6157051384154,2.49));
#14108=CARTESIAN_POINT('Ctrl Pts',(3.44031171739962,-1.1853221011541,2.49));
#14109=CARTESIAN_POINT('Ctrl Pts',(3.35559370317112,-1.18705616729024,2.49));
#14110=CARTESIAN_POINT('Ctrl Pts',(3.20570389257973,-1.23720201094673,2.49));
#14111=CARTESIAN_POINT('Ctrl Pts',(3.16042961667432,-1.40334747114911,2.49));
#14112=CARTESIAN_POINT('Ctrl Pts',(3.19650291151237,-1.53680935558908,2.49));
#14113=CARTESIAN_POINT('Ctrl Pts',(3.28075296984005,-1.6041900964903,2.49));
#14114=CARTESIAN_POINT('Ctrl Pts',(3.35826533881849,-1.6157051384154,2.49));
#14115=CARTESIAN_POINT('',(3.42325982986962,-1.6157051384154,2.49));
#14116=CARTESIAN_POINT('',(3.35826533881849,-1.6157051384154,2.49));
#14117=CARTESIAN_POINT('',(3.42325982986962,-1.6157051384154,2.49));
#14118=CARTESIAN_POINT('',(3.67834013665962,-1.5036138701261,2.49));
#14119=CARTESIAN_POINT('',(3.67354358541762,-1.30295814778609,2.49));
#14120=CARTESIAN_POINT('Ctrl Pts',(3.67834013665962,-1.5036138701261,2.49));
#14121=CARTESIAN_POINT('Ctrl Pts',(3.71125304578403,-1.49666227733307,2.49));
#14122=CARTESIAN_POINT('Ctrl Pts',(3.7891683311189,-1.48437045602621,2.49));
#14123=CARTESIAN_POINT('Ctrl Pts',(3.81425990503671,-1.34478782636471,2.49));
#14124=CARTESIAN_POINT('Ctrl Pts',(3.71594081053707,-1.30791482717031,2.49));
#14125=CARTESIAN_POINT('Ctrl Pts',(3.67354358541762,-1.30295814778609,2.49));
#14126=CARTESIAN_POINT('',(3.61979453675562,-1.5036138701261,2.49));
#14127=CARTESIAN_POINT('',(3.61979453675562,-1.5036138701261,2.49));
#14128=CARTESIAN_POINT('',(3.61979453675562,-1.30295814778609,2.49));
#14129=CARTESIAN_POINT('',(3.61979453675562,-1.30295814778609,2.49));
#14130=CARTESIAN_POINT('',(3.67354358541762,-1.30295814778609,2.49));
#14131=CARTESIAN_POINT('Origin',(3.2858302229614,-1.40410154168803,2.48));
#14132=CARTESIAN_POINT('',(3.42325982986962,-1.5019904125914,2.48));
#14133=CARTESIAN_POINT('',(3.42325982986962,-1.2993990061974,2.48));
#14134=CARTESIAN_POINT('Ctrl Pts',(3.42325982986962,-1.5019904125914,2.48));
#14135=CARTESIAN_POINT('Ctrl Pts',(3.38908188321497,-1.49695301427409,2.48));
#14136=CARTESIAN_POINT('Ctrl Pts',(3.29516590396932,-1.50125763051183,2.48));
#14137=CARTESIAN_POINT('Ctrl Pts',(3.26679292939978,-1.33205538204678,2.48));
#14138=CARTESIAN_POINT('Ctrl Pts',(3.37993522775462,-1.30300330107022,2.48));
#14139=CARTESIAN_POINT('Ctrl Pts',(3.42325982986962,-1.2993990061974,2.48));
#14140=CARTESIAN_POINT('',(3.42325982986962,-1.6157051384154,2.48));
#14141=CARTESIAN_POINT('',(3.42325982986962,-1.6157051384154,2.48));
#14142=CARTESIAN_POINT('',(3.35826533881849,-1.6157051384154,2.48));
#14143=CARTESIAN_POINT('',(3.35826533881849,-1.6157051384154,2.48));
#14144=CARTESIAN_POINT('',(3.44031171739962,-1.1853221011541,2.48));
#14145=CARTESIAN_POINT('Ctrl Pts',(3.44031171739962,-1.1853221011541,2.48));
#14146=CARTESIAN_POINT('Ctrl Pts',(3.35559370317112,-1.18705616729024,2.48));
#14147=CARTESIAN_POINT('Ctrl Pts',(3.20570389257973,-1.23720201094673,2.48));
#14148=CARTESIAN_POINT('Ctrl Pts',(3.16042961667432,-1.40334747114911,2.48));
#14149=CARTESIAN_POINT('Ctrl Pts',(3.19650291151237,-1.53680935558908,2.48));
#14150=CARTESIAN_POINT('Ctrl Pts',(3.28075296984005,-1.6041900964903,2.48));
#14151=CARTESIAN_POINT('Ctrl Pts',(3.35826533881849,-1.6157051384154,2.48));
#14152=CARTESIAN_POINT('',(3.61979453675562,-1.1853221011541,2.48));
#14153=CARTESIAN_POINT('',(3.61979453675562,-1.1853221011541,2.48));
#14154=CARTESIAN_POINT('',(3.60546023923962,-1.62669336121609,2.48));
#14155=CARTESIAN_POINT('Ctrl Pts',(3.60546023923962,-1.62669336121609,2.48));
#14156=CARTESIAN_POINT('Ctrl Pts',(3.67821752169229,-1.62572314502997,2.48));
#14157=CARTESIAN_POINT('Ctrl Pts',(3.80390709259193,-1.61073160890916,2.48));
#14158=CARTESIAN_POINT('Ctrl Pts',(3.91373003811997,-1.48147838218735,2.48));
#14159=CARTESIAN_POINT('Ctrl Pts',(3.91141032832517,-1.35564791611806,2.48));
#14160=CARTESIAN_POINT('Ctrl Pts',(3.82417185460914,-1.21980938500223,2.48));
#14161=CARTESIAN_POINT('Ctrl Pts',(3.6988543179161,-1.18405554687835,2.48));
#14162=CARTESIAN_POINT('Ctrl Pts',(3.61979453675562,-1.1853221011541,2.48));
#14163=CARTESIAN_POINT('',(3.51308809487562,-1.62669336121609,2.48));
#14164=CARTESIAN_POINT('',(3.51308809487562,-1.62669336121609,2.48));
#14165=CARTESIAN_POINT('',(3.51308809487562,-1.2993990061974,2.48));
#14166=CARTESIAN_POINT('',(3.51308809487562,-1.2993990061974,2.48));
#14167=CARTESIAN_POINT('',(3.42325982986962,-1.2993990061974,2.48));
#14168=CARTESIAN_POINT('',(3.61979453675562,-1.5036138701261,2.48));
#14169=CARTESIAN_POINT('',(3.67834013665962,-1.5036138701261,2.48));
#14170=CARTESIAN_POINT('',(3.61979453675562,-1.5036138701261,2.48));
#14171=CARTESIAN_POINT('',(3.67354358541762,-1.30295814778609,2.48));
#14172=CARTESIAN_POINT('Ctrl Pts',(3.67834013665962,-1.5036138701261,2.48));
#14173=CARTESIAN_POINT('Ctrl Pts',(3.71125304578403,-1.49666227733307,2.48));
#14174=CARTESIAN_POINT('Ctrl Pts',(3.7891683311189,-1.48437045602621,2.48));
#14175=CARTESIAN_POINT('Ctrl Pts',(3.81425990503671,-1.34478782636471,2.48));
#14176=CARTESIAN_POINT('Ctrl Pts',(3.71594081053707,-1.30791482717031,2.48));
#14177=CARTESIAN_POINT('Ctrl Pts',(3.67354358541762,-1.30295814778609,2.48));
#14178=CARTESIAN_POINT('',(3.61979453675562,-1.30295814778609,2.48));
#14179=CARTESIAN_POINT('',(3.67354358541762,-1.30295814778609,2.48));
#14180=CARTESIAN_POINT('',(3.61979453675562,-1.30295814778609,2.48));
#14181=CARTESIAN_POINT('Ctrl Pts',(3.42325982986962,-1.5019904125914,2.49));
#14182=CARTESIAN_POINT('Ctrl Pts',(3.42325982986962,-1.5019904125914,2.478));
#14183=CARTESIAN_POINT('Ctrl Pts',(3.38908188321497,-1.49695301427409,2.49));
#14184=CARTESIAN_POINT('Ctrl Pts',(3.38908188321497,-1.49695301427409,2.478));
#14185=CARTESIAN_POINT('Ctrl Pts',(3.29516590396932,-1.50125763051183,2.49));
#14186=CARTESIAN_POINT('Ctrl Pts',(3.29516590396932,-1.50125763051183,2.478));
#14187=CARTESIAN_POINT('Ctrl Pts',(3.26679292939978,-1.33205538204678,2.49));
#14188=CARTESIAN_POINT('Ctrl Pts',(3.26679292939978,-1.33205538204678,2.478));
#14189=CARTESIAN_POINT('Ctrl Pts',(3.37993522775462,-1.30300330107022,2.49));
#14190=CARTESIAN_POINT('Ctrl Pts',(3.37993522775462,-1.30300330107022,2.478));
#14191=CARTESIAN_POINT('Ctrl Pts',(3.42325982986962,-1.2993990061974,2.49));
#14192=CARTESIAN_POINT('Ctrl Pts',(3.42325982986962,-1.2993990061974,2.478));
#14193=CARTESIAN_POINT('',(3.42325982986962,-1.2993990061974,2.49));
#14194=CARTESIAN_POINT('',(3.42325982986962,-1.5019904125914,2.49));
#14195=CARTESIAN_POINT('Origin',(3.42325982986962,-1.2993990061974,2.49));
#14196=CARTESIAN_POINT('',(3.51308809487562,-1.2993990061974,2.49));
#14197=CARTESIAN_POINT('Origin',(3.51308809487562,-1.2993990061974,2.49));
#14198=CARTESIAN_POINT('',(3.51308809487562,-1.62669336121609,2.49));
#14199=CARTESIAN_POINT('Origin',(3.51308809487562,-1.62669336121609,2.49));
#14200=CARTESIAN_POINT('',(3.60546023923962,-1.62669336121609,2.49));
#14201=CARTESIAN_POINT('Ctrl Pts',(3.60546023923962,-1.62669336121609,2.49));
#14202=CARTESIAN_POINT('Ctrl Pts',(3.60546023923962,-1.62669336121609,2.478));
#14203=CARTESIAN_POINT('Ctrl Pts',(3.67821752169229,-1.62572314502997,2.49));
#14204=CARTESIAN_POINT('Ctrl Pts',(3.67821752169229,-1.62572314502997,2.478));
#14205=CARTESIAN_POINT('Ctrl Pts',(3.80390709259193,-1.61073160890916,2.49));
#14206=CARTESIAN_POINT('Ctrl Pts',(3.80390709259193,-1.61073160890916,2.478));
#14207=CARTESIAN_POINT('Ctrl Pts',(3.91373003811997,-1.48147838218735,2.49));
#14208=CARTESIAN_POINT('Ctrl Pts',(3.91373003811997,-1.48147838218735,2.478));
#14209=CARTESIAN_POINT('Ctrl Pts',(3.91141032832517,-1.35564791611806,2.49));
#14210=CARTESIAN_POINT('Ctrl Pts',(3.91141032832517,-1.35564791611806,2.478));
#14211=CARTESIAN_POINT('Ctrl Pts',(3.82417185460914,-1.21980938500223,2.49));
#14212=CARTESIAN_POINT('Ctrl Pts',(3.82417185460914,-1.21980938500223,2.478));
#14213=CARTESIAN_POINT('Ctrl Pts',(3.6988543179161,-1.18405554687835,2.49));
#14214=CARTESIAN_POINT('Ctrl Pts',(3.6988543179161,-1.18405554687835,2.478));
#14215=CARTESIAN_POINT('Ctrl Pts',(3.61979453675562,-1.1853221011541,2.49));
#14216=CARTESIAN_POINT('Ctrl Pts',(3.61979453675562,-1.1853221011541,2.478));
#14217=CARTESIAN_POINT('',(3.61979453675562,-1.1853221011541,2.49));
#14218=CARTESIAN_POINT('Origin',(3.61979453675562,-1.1853221011541,2.49));
#14219=CARTESIAN_POINT('',(3.44031171739962,-1.1853221011541,2.49));
#14220=CARTESIAN_POINT('Ctrl Pts',(3.44031171739962,-1.1853221011541,2.49));
#14221=CARTESIAN_POINT('Ctrl Pts',(3.44031171739962,-1.1853221011541,2.478));
#14222=CARTESIAN_POINT('Ctrl Pts',(3.35559370317112,-1.18705616729024,2.49));
#14223=CARTESIAN_POINT('Ctrl Pts',(3.35559370317112,-1.18705616729024,2.478));
#14224=CARTESIAN_POINT('Ctrl Pts',(3.20570389257973,-1.23720201094673,2.49));
#14225=CARTESIAN_POINT('Ctrl Pts',(3.20570389257973,-1.23720201094673,2.478));
#14226=CARTESIAN_POINT('Ctrl Pts',(3.16042961667432,-1.40334747114911,2.49));
#14227=CARTESIAN_POINT('Ctrl Pts',(3.16042961667432,-1.40334747114911,2.478));
#14228=CARTESIAN_POINT('Ctrl Pts',(3.19650291151237,-1.53680935558908,2.49));
#14229=CARTESIAN_POINT('Ctrl Pts',(3.19650291151237,-1.53680935558908,2.478));
#14230=CARTESIAN_POINT('Ctrl Pts',(3.28075296984005,-1.6041900964903,2.49));
#14231=CARTESIAN_POINT('Ctrl Pts',(3.28075296984005,-1.6041900964903,2.478));
#14232=CARTESIAN_POINT('Ctrl Pts',(3.35826533881849,-1.6157051384154,2.49));
#14233=CARTESIAN_POINT('Ctrl Pts',(3.35826533881849,-1.6157051384154,2.478));
#14234=CARTESIAN_POINT('',(3.35826533881849,-1.6157051384154,2.49));
#14235=CARTESIAN_POINT('Origin',(3.35826533881849,-1.6157051384154,2.49));
#14236=CARTESIAN_POINT('',(3.42325982986962,-1.6157051384154,2.49));
#14237=CARTESIAN_POINT('Origin',(3.42325982986962,-1.6157051384154,2.49));
#14238=CARTESIAN_POINT('Ctrl Pts',(3.67834013665962,-1.5036138701261,2.49));
#14239=CARTESIAN_POINT('Ctrl Pts',(3.67834013665962,-1.5036138701261,2.478));
#14240=CARTESIAN_POINT('Ctrl Pts',(3.71125304578403,-1.49666227733307,2.49));
#14241=CARTESIAN_POINT('Ctrl Pts',(3.71125304578403,-1.49666227733307,2.478));
#14242=CARTESIAN_POINT('Ctrl Pts',(3.7891683311189,-1.48437045602621,2.49));
#14243=CARTESIAN_POINT('Ctrl Pts',(3.7891683311189,-1.48437045602621,2.478));
#14244=CARTESIAN_POINT('Ctrl Pts',(3.81425990503671,-1.34478782636471,2.49));
#14245=CARTESIAN_POINT('Ctrl Pts',(3.81425990503671,-1.34478782636471,2.478));
#14246=CARTESIAN_POINT('Ctrl Pts',(3.71594081053707,-1.30791482717031,2.49));
#14247=CARTESIAN_POINT('Ctrl Pts',(3.71594081053707,-1.30791482717031,2.478));
#14248=CARTESIAN_POINT('Ctrl Pts',(3.67354358541762,-1.30295814778609,2.49));
#14249=CARTESIAN_POINT('Ctrl Pts',(3.67354358541762,-1.30295814778609,2.478));
#14250=CARTESIAN_POINT('',(3.67834013665962,-1.5036138701261,2.49));
#14251=CARTESIAN_POINT('',(3.67354358541762,-1.30295814778609,2.49));
#14252=CARTESIAN_POINT('Origin',(3.67354358541762,-1.30295814778609,2.49));
#14253=CARTESIAN_POINT('',(3.61979453675562,-1.30295814778609,2.49));
#14254=CARTESIAN_POINT('Origin',(3.61979453675562,-1.30295814778609,2.49));
#14255=CARTESIAN_POINT('',(3.61979453675562,-1.5036138701261,2.49));
#14256=CARTESIAN_POINT('Origin',(3.61979453675562,-1.5036138701261,2.49));
#14257=CARTESIAN_POINT('Ctrl Pts',(4.29931392889362,-0.269657997406093,
2.49));
#14258=CARTESIAN_POINT('Ctrl Pts',(4.29931392889362,-0.269657997406093,
2.478));
#14259=CARTESIAN_POINT('Ctrl Pts',(4.35777639539292,-0.171488854993258,
2.49));
#14260=CARTESIAN_POINT('Ctrl Pts',(4.35777639539292,-0.171488854993258,
2.478));
#14261=CARTESIAN_POINT('Ctrl Pts',(4.27834271581872,-0.0397499891889683,
2.49));
#14262=CARTESIAN_POINT('Ctrl Pts',(4.27834271581872,-0.0397499891889683,
2.478));
#14263=CARTESIAN_POINT('Ctrl Pts',(4.17284538289962,-0.0293264985040935,
2.49));
#14264=CARTESIAN_POINT('Ctrl Pts',(4.17284538289962,-0.0293264985040935,
2.478));
#14265=CARTESIAN_POINT('',(4.29931392889362,-0.269657997406093,2.48));
#14266=CARTESIAN_POINT('',(4.17284538289962,-0.0293264985040935,2.48));
#14267=CARTESIAN_POINT('Ctrl Pts',(4.29931392889362,-0.269657997406093,
2.48));
#14268=CARTESIAN_POINT('Ctrl Pts',(4.35777639539292,-0.171488854993258,
2.48));
#14269=CARTESIAN_POINT('Ctrl Pts',(4.27834271581872,-0.0397499891889683,
2.48));
#14270=CARTESIAN_POINT('Ctrl Pts',(4.17284538289962,-0.0293264985040935,
2.48));
#14271=CARTESIAN_POINT('',(4.17284538289962,-0.0293264985040935,2.49));
#14272=CARTESIAN_POINT('',(4.17284538289962,-0.0293264985040935,2.49));
#14273=CARTESIAN_POINT('',(4.29931392889362,-0.269657997406093,2.49));
#14274=CARTESIAN_POINT('Ctrl Pts',(4.29931392889362,-0.269657997406093,
2.49));
#14275=CARTESIAN_POINT('Ctrl Pts',(4.35777639539292,-0.171488854993258,
2.49));
#14276=CARTESIAN_POINT('Ctrl Pts',(4.27834271581872,-0.0397499891889683,
2.49));
#14277=CARTESIAN_POINT('Ctrl Pts',(4.17284538289962,-0.0293264985040935,
2.49));
#14278=CARTESIAN_POINT('',(4.29931392889362,-0.269657997406093,2.49));
#14279=CARTESIAN_POINT('Origin',(4.17284538289962,-0.0293264985040935,2.49));
#14280=CARTESIAN_POINT('',(3.89098865549562,-0.0293264985040934,2.48));
#14281=CARTESIAN_POINT('',(4.17284538289962,-0.0293264985040935,2.48));
#14282=CARTESIAN_POINT('',(3.89098865549562,-0.0293264985040934,2.49));
#14283=CARTESIAN_POINT('',(3.89098865549562,-0.0293264985040934,2.49));
#14284=CARTESIAN_POINT('',(4.17284538289962,-0.0293264985040935,2.49));
#14285=CARTESIAN_POINT('Origin',(3.89098865549562,-0.0293264985040934,2.49));
#14286=CARTESIAN_POINT('',(3.89098865549562,0.0406355203639046,2.48));
#14287=CARTESIAN_POINT('',(3.89098865549562,-0.0293264985040934,2.48));
#14288=CARTESIAN_POINT('',(3.89098865549562,0.0406355203639046,2.49));
#14289=CARTESIAN_POINT('',(3.89098865549562,0.0406355203639046,2.49));
#14290=CARTESIAN_POINT('',(3.89098865549562,-0.0293264985040934,2.49));
#14291=CARTESIAN_POINT('Origin',(3.89098865549562,0.0406355203639046,2.49));
#14292=CARTESIAN_POINT('',(3.78847745925162,0.0406355203639047,2.48));
#14293=CARTESIAN_POINT('',(3.89098865549562,0.0406355203639046,2.48));
#14294=CARTESIAN_POINT('',(3.78847745925162,0.0406355203639047,2.49));
#14295=CARTESIAN_POINT('',(3.78847745925162,0.0406355203639047,2.49));
#14296=CARTESIAN_POINT('',(3.89098865549562,0.0406355203639046,2.49));
#14297=CARTESIAN_POINT('Origin',(3.78847745925162,0.0406355203639047,2.49));
#14298=CARTESIAN_POINT('',(3.78847745925162,-0.0293264985040934,2.48));
#14299=CARTESIAN_POINT('',(3.78847745925162,0.0406355203639047,2.48));
#14300=CARTESIAN_POINT('',(3.78847745925162,-0.0293264985040934,2.49));
#14301=CARTESIAN_POINT('',(3.78847745925162,-0.0293264985040934,2.49));
#14302=CARTESIAN_POINT('',(3.78847745925162,0.0406355203639047,2.49));
#14303=CARTESIAN_POINT('Origin',(3.78847745925162,-0.0293264985040934,2.49));
#14304=CARTESIAN_POINT('',(3.19354916728362,-0.0293264985040933,2.48));
#14305=CARTESIAN_POINT('',(3.78847745925162,-0.0293264985040934,2.48));
#14306=CARTESIAN_POINT('',(3.19354916728362,-0.0293264985040933,2.49));
#14307=CARTESIAN_POINT('',(3.19354916728362,-0.0293264985040933,2.49));
#14308=CARTESIAN_POINT('',(3.78847745925162,-0.0293264985040934,2.49));
#14309=CARTESIAN_POINT('Origin',(3.19354916728362,-0.0293264985040933,2.49));
#14310=CARTESIAN_POINT('',(3.19354916728362,-0.162164790700094,2.48));
#14311=CARTESIAN_POINT('',(3.19354916728362,-0.0293264985040933,2.48));
#14312=CARTESIAN_POINT('',(3.19354916728362,-0.162164790700094,2.49));
#14313=CARTESIAN_POINT('',(3.19354916728362,-0.162164790700094,2.49));
#14314=CARTESIAN_POINT('',(3.19354916728362,-0.0293264985040933,2.49));
#14315=CARTESIAN_POINT('Origin',(3.19354916728362,-0.162164790700094,2.49));
#14316=CARTESIAN_POINT('',(3.78847745925162,-0.162164790700094,2.48));
#14317=CARTESIAN_POINT('',(3.19354916728362,-0.162164790700094,2.48));
#14318=CARTESIAN_POINT('',(3.78847745925162,-0.162164790700094,2.49));
#14319=CARTESIAN_POINT('',(3.78847745925162,-0.162164790700094,2.49));
#14320=CARTESIAN_POINT('',(3.19354916728362,-0.162164790700094,2.49));
#14321=CARTESIAN_POINT('Origin',(3.78847745925162,-0.162164790700094,2.49));
#14322=CARTESIAN_POINT('',(3.78847745925162,-0.264739235956095,2.48));
#14323=CARTESIAN_POINT('',(3.78847745925162,-0.162164790700094,2.48));
#14324=CARTESIAN_POINT('',(3.78847745925162,-0.264739235956095,2.49));
#14325=CARTESIAN_POINT('',(3.78847745925162,-0.264739235956095,2.49));
#14326=CARTESIAN_POINT('',(3.78847745925162,-0.162164790700094,2.49));
#14327=CARTESIAN_POINT('Origin',(3.78847745925162,-0.264739235956095,2.49));
#14328=CARTESIAN_POINT('',(3.89098865549562,-0.264739235956095,2.48));
#14329=CARTESIAN_POINT('',(3.78847745925162,-0.264739235956095,2.48));
#14330=CARTESIAN_POINT('',(3.89098865549562,-0.264739235956095,2.49));
#14331=CARTESIAN_POINT('',(3.89098865549562,-0.264739235956095,2.49));
#14332=CARTESIAN_POINT('',(3.78847745925162,-0.264739235956095,2.49));
#14333=CARTESIAN_POINT('Origin',(3.89098865549562,-0.264739235956095,2.49));
#14334=CARTESIAN_POINT('',(3.89098865549562,-0.162164790700094,2.48));
#14335=CARTESIAN_POINT('',(3.89098865549562,-0.264739235956095,2.48));
#14336=CARTESIAN_POINT('',(3.89098865549562,-0.162164790700094,2.49));
#14337=CARTESIAN_POINT('',(3.89098865549562,-0.162164790700094,2.49));
#14338=CARTESIAN_POINT('',(3.89098865549562,-0.264739235956095,2.49));
#14339=CARTESIAN_POINT('Origin',(3.89098865549562,-0.162164790700094,2.49));
#14340=CARTESIAN_POINT('',(4.14083192429562,-0.162164790700094,2.48));
#14341=CARTESIAN_POINT('',(3.89098865549562,-0.162164790700094,2.48));
#14342=CARTESIAN_POINT('',(4.14083192429562,-0.162164790700094,2.49));
#14343=CARTESIAN_POINT('',(4.14083192429562,-0.162164790700094,2.49));
#14344=CARTESIAN_POINT('',(3.89098865549562,-0.162164790700094,2.49));
#14345=CARTESIAN_POINT('Ctrl Pts',(4.14083192429562,-0.162164790700094,
2.49));
#14346=CARTESIAN_POINT('Ctrl Pts',(4.14083192429562,-0.162164790700094,
2.478));
#14347=CARTESIAN_POINT('Ctrl Pts',(4.1865838810916,-0.17549782736293,2.49));
#14348=CARTESIAN_POINT('Ctrl Pts',(4.1865838810916,-0.17549782736293,2.478));
#14349=CARTESIAN_POINT('Ctrl Pts',(4.19311511764296,-0.230097991818106,
2.49));
#14350=CARTESIAN_POINT('Ctrl Pts',(4.19311511764296,-0.230097991818106,
2.478));
#14351=CARTESIAN_POINT('Ctrl Pts',(4.18804580790762,-0.269657997406093,
2.49));
#14352=CARTESIAN_POINT('Ctrl Pts',(4.18804580790762,-0.269657997406093,
2.478));
#14353=CARTESIAN_POINT('',(4.18804580790762,-0.269657997406093,2.48));
#14354=CARTESIAN_POINT('Ctrl Pts',(4.14083192429562,-0.162164790700094,
2.48));
#14355=CARTESIAN_POINT('Ctrl Pts',(4.1865838810916,-0.17549782736293,2.48));
#14356=CARTESIAN_POINT('Ctrl Pts',(4.19311511764296,-0.230097991818106,
2.48));
#14357=CARTESIAN_POINT('Ctrl Pts',(4.18804580790762,-0.269657997406093,
2.48));
#14358=CARTESIAN_POINT('',(4.18804580790762,-0.269657997406093,2.49));
#14359=CARTESIAN_POINT('',(4.18804580790762,-0.269657997406093,2.49));
#14360=CARTESIAN_POINT('Ctrl Pts',(4.14083192429562,-0.162164790700094,
2.49));
#14361=CARTESIAN_POINT('Ctrl Pts',(4.1865838810916,-0.17549782736293,2.49));
#14362=CARTESIAN_POINT('Ctrl Pts',(4.19311511764296,-0.230097991818106,
2.49));
#14363=CARTESIAN_POINT('Ctrl Pts',(4.18804580790762,-0.269657997406093,
2.49));
#14364=CARTESIAN_POINT('Origin',(4.18804580790762,-0.269657997406093,2.49));
#14365=CARTESIAN_POINT('',(4.18804580790762,-0.269657997406093,2.48));
#14366=CARTESIAN_POINT('',(4.18804580790762,-0.269657997406093,2.49));
#14367=CARTESIAN_POINT('Origin',(4.29756458067852,-0.116587628557108,2.49));
#14368=CARTESIAN_POINT('Origin',(4.29756458067852,-0.116587628557108,2.48));
#14369=CARTESIAN_POINT('Ctrl Pts',(3.77918591085762,-2.73866120278009,2.49));
#14370=CARTESIAN_POINT('Ctrl Pts',(3.77918591085762,-2.73866120278009,2.478));
#14371=CARTESIAN_POINT('Ctrl Pts',(3.84323497490911,-2.73169178201219,2.49));
#14372=CARTESIAN_POINT('Ctrl Pts',(3.84323497490911,-2.73169178201219,2.478));
#14373=CARTESIAN_POINT('Ctrl Pts',(3.94672005240982,-2.61273777818993,2.49));
#14374=CARTESIAN_POINT('Ctrl Pts',(3.94672005240982,-2.61273777818993,2.478));
#14375=CARTESIAN_POINT('Ctrl Pts',(3.87480192365399,-2.48332844372184,2.49));
#14376=CARTESIAN_POINT('Ctrl Pts',(3.87480192365399,-2.48332844372184,2.478));
#14377=CARTESIAN_POINT('Ctrl Pts',(3.83366100625962,-2.44073468255209,2.49));
#14378=CARTESIAN_POINT('Ctrl Pts',(3.83366100625962,-2.44073468255209,2.478));
#14379=CARTESIAN_POINT('',(3.77918591085762,-2.73866120278009,2.48));
#14380=CARTESIAN_POINT('',(3.83366100625962,-2.44073468255209,2.48));
#14381=CARTESIAN_POINT('Ctrl Pts',(3.77918591085762,-2.73866120278009,2.48));
#14382=CARTESIAN_POINT('Ctrl Pts',(3.84323497490911,-2.73169178201219,2.48));
#14383=CARTESIAN_POINT('Ctrl Pts',(3.94672005240982,-2.61273777818993,2.48));
#14384=CARTESIAN_POINT('Ctrl Pts',(3.87480192365399,-2.48332844372184,2.48));
#14385=CARTESIAN_POINT('Ctrl Pts',(3.83366100625962,-2.44073468255209,2.48));
#14386=CARTESIAN_POINT('',(3.83366100625962,-2.44073468255209,2.49));
#14387=CARTESIAN_POINT('',(3.83366100625962,-2.44073468255209,2.49));
#14388=CARTESIAN_POINT('',(3.77918591085762,-2.73866120278009,2.49));
#14389=CARTESIAN_POINT('Ctrl Pts',(3.77918591085762,-2.73866120278009,2.49));
#14390=CARTESIAN_POINT('Ctrl Pts',(3.84323497490911,-2.73169178201219,2.49));
#14391=CARTESIAN_POINT('Ctrl Pts',(3.94672005240982,-2.61273777818993,2.49));
#14392=CARTESIAN_POINT('Ctrl Pts',(3.87480192365399,-2.48332844372184,2.49));
#14393=CARTESIAN_POINT('Ctrl Pts',(3.83366100625962,-2.44073468255209,2.49));
#14394=CARTESIAN_POINT('',(3.77918591085762,-2.73866120278009,2.49));
#14395=CARTESIAN_POINT('Origin',(3.83366100625962,-2.44073468255209,2.49));
#14396=CARTESIAN_POINT('',(3.89196887893962,-2.44073468255209,2.48));
#14397=CARTESIAN_POINT('',(3.83366100625962,-2.44073468255209,2.48));
#14398=CARTESIAN_POINT('',(3.89196887893962,-2.44073468255209,2.49));
#14399=CARTESIAN_POINT('',(3.89196887893962,-2.44073468255209,2.49));
#14400=CARTESIAN_POINT('',(3.83366100625962,-2.44073468255209,2.49));
#14401=CARTESIAN_POINT('Origin',(3.89196887893962,-2.44073468255209,2.49));
#14402=CARTESIAN_POINT('',(3.89196887893962,-2.3083705975661,2.48));
#14403=CARTESIAN_POINT('',(3.89196887893962,-2.44073468255209,2.48));
#14404=CARTESIAN_POINT('',(3.89196887893962,-2.3083705975661,2.49));
#14405=CARTESIAN_POINT('',(3.89196887893962,-2.3083705975661,2.49));
#14406=CARTESIAN_POINT('',(3.89196887893962,-2.44073468255209,2.49));
#14407=CARTESIAN_POINT('Origin',(3.89196887893962,-2.3083705975661,2.49));
#14408=CARTESIAN_POINT('',(3.19354916728362,-2.3083705975661,2.48));
#14409=CARTESIAN_POINT('',(3.89196887893962,-2.3083705975661,2.48));
#14410=CARTESIAN_POINT('',(3.19354916728362,-2.3083705975661,2.49));
#14411=CARTESIAN_POINT('',(3.19354916728362,-2.3083705975661,2.49));
#14412=CARTESIAN_POINT('',(3.89196887893962,-2.3083705975661,2.49));
#14413=CARTESIAN_POINT('Origin',(3.19354916728362,-2.3083705975661,2.49));
#14414=CARTESIAN_POINT('',(3.19354916728362,-2.44073468255209,2.48));
#14415=CARTESIAN_POINT('',(3.19354916728362,-2.3083705975661,2.48));
#14416=CARTESIAN_POINT('',(3.19354916728362,-2.44073468255209,2.49));
#14417=CARTESIAN_POINT('',(3.19354916728362,-2.44073468255209,2.49));
#14418=CARTESIAN_POINT('',(3.19354916728362,-2.3083705975661,2.49));
#14419=CARTESIAN_POINT('Origin',(3.19354916728362,-2.44073468255209,2.49));
#14420=CARTESIAN_POINT('',(3.71315485341762,-2.44073468255209,2.48));
#14421=CARTESIAN_POINT('',(3.19354916728362,-2.44073468255209,2.48));
#14422=CARTESIAN_POINT('',(3.71315485341762,-2.44073468255209,2.49));
#14423=CARTESIAN_POINT('',(3.71315485341762,-2.44073468255209,2.49));
#14424=CARTESIAN_POINT('',(3.19354916728362,-2.44073468255209,2.49));
#14425=CARTESIAN_POINT('Ctrl Pts',(3.71315485341762,-2.44073468255209,2.49));
#14426=CARTESIAN_POINT('Ctrl Pts',(3.71315485341762,-2.44073468255209,2.478));
#14427=CARTESIAN_POINT('Ctrl Pts',(3.80818453312162,-2.44305689177382,2.49));
#14428=CARTESIAN_POINT('Ctrl Pts',(3.80818453312162,-2.44305689177382,2.478));
#14429=CARTESIAN_POINT('Ctrl Pts',(3.8122053638542,-2.61023004060631,2.49));
#14430=CARTESIAN_POINT('Ctrl Pts',(3.8122053638542,-2.61023004060631,2.478));
#14431=CARTESIAN_POINT('Ctrl Pts',(3.70752315264762,-2.6085392809001,2.49));
#14432=CARTESIAN_POINT('Ctrl Pts',(3.70752315264762,-2.6085392809001,2.478));
#14433=CARTESIAN_POINT('',(3.70752315264762,-2.6085392809001,2.48));
#14434=CARTESIAN_POINT('Ctrl Pts',(3.71315485341762,-2.44073468255209,2.48));
#14435=CARTESIAN_POINT('Ctrl Pts',(3.80818453312162,-2.44305689177382,2.48));
#14436=CARTESIAN_POINT('Ctrl Pts',(3.8122053638542,-2.61023004060631,2.48));
#14437=CARTESIAN_POINT('Ctrl Pts',(3.70752315264762,-2.6085392809001,2.48));
#14438=CARTESIAN_POINT('',(3.70752315264762,-2.6085392809001,2.49));
#14439=CARTESIAN_POINT('',(3.70752315264762,-2.6085392809001,2.49));
#14440=CARTESIAN_POINT('Ctrl Pts',(3.71315485341762,-2.44073468255209,2.49));
#14441=CARTESIAN_POINT('Ctrl Pts',(3.80818453312162,-2.44305689177382,2.49));
#14442=CARTESIAN_POINT('Ctrl Pts',(3.8122053638542,-2.61023004060631,2.49));
#14443=CARTESIAN_POINT('Ctrl Pts',(3.70752315264762,-2.6085392809001,2.49));
#14444=CARTESIAN_POINT('Origin',(3.70752315264762,-2.6085392809001,2.49));
#14445=CARTESIAN_POINT('',(3.19452939072762,-2.6085392809001,2.48));
#14446=CARTESIAN_POINT('',(3.70752315264762,-2.6085392809001,2.48));
#14447=CARTESIAN_POINT('',(3.19452939072762,-2.6085392809001,2.49));
#14448=CARTESIAN_POINT('',(3.19452939072762,-2.6085392809001,2.49));
#14449=CARTESIAN_POINT('',(3.70752315264762,-2.6085392809001,2.49));
#14450=CARTESIAN_POINT('Origin',(3.19452939072762,-2.6085392809001,2.49));
#14451=CARTESIAN_POINT('',(3.19452939072762,-2.73866120278009,2.48));
#14452=CARTESIAN_POINT('',(3.19452939072762,-2.6085392809001,2.48));
#14453=CARTESIAN_POINT('',(3.19452939072762,-2.73866120278009,2.49));
#14454=CARTESIAN_POINT('',(3.19452939072762,-2.73866120278009,2.49));
#14455=CARTESIAN_POINT('',(3.19452939072762,-2.6085392809001,2.49));
#14456=CARTESIAN_POINT('Origin',(3.19452939072762,-2.73866120278009,2.49));
#14457=CARTESIAN_POINT('',(3.19452939072762,-2.73866120278009,2.48));
#14458=CARTESIAN_POINT('',(3.19452939072762,-2.73866120278009,2.49));
#14459=CARTESIAN_POINT('Origin',(3.90276150235527,-2.6109155386277,2.49));
#14460=CARTESIAN_POINT('Origin',(3.90276150235527,-2.6109155386277,2.48));
#14461=CARTESIAN_POINT('Ctrl Pts',(3.77918591085762,-1.0648294254161,2.49));
#14462=CARTESIAN_POINT('Ctrl Pts',(3.77918591085762,-1.0648294254161,2.478));
#14463=CARTESIAN_POINT('Ctrl Pts',(3.84323497490911,-1.05786000458553,2.49));
#14464=CARTESIAN_POINT('Ctrl Pts',(3.84323497490911,-1.05786000458553,2.478));
#14465=CARTESIAN_POINT('Ctrl Pts',(3.94672005240982,-0.938906000763267,
2.49));
#14466=CARTESIAN_POINT('Ctrl Pts',(3.94672005240982,-0.938906000763267,
2.478));
#14467=CARTESIAN_POINT('Ctrl Pts',(3.87480192365399,-0.809496666295182,
2.49));
#14468=CARTESIAN_POINT('Ctrl Pts',(3.87480192365399,-0.809496666295182,
2.478));
#14469=CARTESIAN_POINT('Ctrl Pts',(3.83366100625962,-0.766902905188094,
2.49));
#14470=CARTESIAN_POINT('Ctrl Pts',(3.83366100625962,-0.766902905188094,
2.478));
#14471=CARTESIAN_POINT('',(3.77918591085762,-1.0648294254161,2.48));
#14472=CARTESIAN_POINT('',(3.83366100625962,-0.766902905188094,2.48));
#14473=CARTESIAN_POINT('Ctrl Pts',(3.77918591085762,-1.0648294254161,2.48));
#14474=CARTESIAN_POINT('Ctrl Pts',(3.84323497490911,-1.05786000458553,2.48));
#14475=CARTESIAN_POINT('Ctrl Pts',(3.94672005240982,-0.938906000763267,
2.48));
#14476=CARTESIAN_POINT('Ctrl Pts',(3.87480192365399,-0.809496666295182,
2.48));
#14477=CARTESIAN_POINT('Ctrl Pts',(3.83366100625962,-0.766902905188094,
2.48));
#14478=CARTESIAN_POINT('',(3.83366100625962,-0.766902905188094,2.49));
#14479=CARTESIAN_POINT('',(3.83366100625962,-0.766902905188094,2.49));
#14480=CARTESIAN_POINT('',(3.77918591085762,-1.0648294254161,2.49));
#14481=CARTESIAN_POINT('Ctrl Pts',(3.77918591085762,-1.0648294254161,2.49));
#14482=CARTESIAN_POINT('Ctrl Pts',(3.84323497490911,-1.05786000458553,2.49));
#14483=CARTESIAN_POINT('Ctrl Pts',(3.94672005240982,-0.938906000763267,
2.49));
#14484=CARTESIAN_POINT('Ctrl Pts',(3.87480192365399,-0.809496666295182,
2.49));
#14485=CARTESIAN_POINT('Ctrl Pts',(3.83366100625962,-0.766902905188094,
2.49));
#14486=CARTESIAN_POINT('',(3.77918591085762,-1.0648294254161,2.49));
#14487=CARTESIAN_POINT('Origin',(3.83366100625962,-0.766902905188094,2.49));
#14488=CARTESIAN_POINT('',(3.89196887893962,-0.766902905188094,2.48));
#14489=CARTESIAN_POINT('',(3.83366100625962,-0.766902905188094,2.48));
#14490=CARTESIAN_POINT('',(3.89196887893962,-0.766902905188094,2.49));
#14491=CARTESIAN_POINT('',(3.89196887893962,-0.766902905188094,2.49));
#14492=CARTESIAN_POINT('',(3.83366100625962,-0.766902905188094,2.49));
#14493=CARTESIAN_POINT('Origin',(3.89196887893962,-0.766902905188094,2.49));
#14494=CARTESIAN_POINT('',(3.89196887893962,-0.634538820040094,2.48));
#14495=CARTESIAN_POINT('',(3.89196887893962,-0.766902905188094,2.48));
#14496=CARTESIAN_POINT('',(3.89196887893962,-0.634538820040094,2.49));
#14497=CARTESIAN_POINT('',(3.89196887893962,-0.634538820040094,2.49));
#14498=CARTESIAN_POINT('',(3.89196887893962,-0.766902905188094,2.49));
#14499=CARTESIAN_POINT('Origin',(3.89196887893962,-0.634538820040094,2.49));
#14500=CARTESIAN_POINT('',(3.19354916728362,-0.634538820040094,2.48));
#14501=CARTESIAN_POINT('',(3.89196887893962,-0.634538820040094,2.48));
#14502=CARTESIAN_POINT('',(3.19354916728362,-0.634538820040094,2.49));
#14503=CARTESIAN_POINT('',(3.19354916728362,-0.634538820040094,2.49));
#14504=CARTESIAN_POINT('',(3.89196887893962,-0.634538820040094,2.49));
#14505=CARTESIAN_POINT('Origin',(3.19354916728362,-0.634538820040094,2.49));
#14506=CARTESIAN_POINT('',(3.19354916728362,-0.766902905188094,2.48));
#14507=CARTESIAN_POINT('',(3.19354916728362,-0.634538820040094,2.48));
#14508=CARTESIAN_POINT('',(3.19354916728362,-0.766902905188094,2.49));
#14509=CARTESIAN_POINT('',(3.19354916728362,-0.766902905188094,2.49));
#14510=CARTESIAN_POINT('',(3.19354916728362,-0.634538820040094,2.49));
#14511=CARTESIAN_POINT('Origin',(3.19354916728362,-0.766902905188094,2.49));
#14512=CARTESIAN_POINT('',(3.71315485341762,-0.766902905188094,2.48));
#14513=CARTESIAN_POINT('',(3.19354916728362,-0.766902905188094,2.48));
#14514=CARTESIAN_POINT('',(3.71315485341762,-0.766902905188094,2.49));
#14515=CARTESIAN_POINT('',(3.71315485341762,-0.766902905188094,2.49));
#14516=CARTESIAN_POINT('',(3.19354916728362,-0.766902905188094,2.49));
#14517=CARTESIAN_POINT('Ctrl Pts',(3.71315485341762,-0.766902905188094,
2.49));
#14518=CARTESIAN_POINT('Ctrl Pts',(3.71315485341762,-0.766902905188094,
2.478));
#14519=CARTESIAN_POINT('Ctrl Pts',(3.80818453312162,-0.769225114347163,
2.49));
#14520=CARTESIAN_POINT('Ctrl Pts',(3.80818453312162,-0.769225114347163,
2.478));
#14521=CARTESIAN_POINT('Ctrl Pts',(3.8122053638542,-0.936398263179648,2.49));
#14522=CARTESIAN_POINT('Ctrl Pts',(3.8122053638542,-0.936398263179648,2.478));
#14523=CARTESIAN_POINT('Ctrl Pts',(3.70752315264762,-0.934707503536094,
2.49));
#14524=CARTESIAN_POINT('Ctrl Pts',(3.70752315264762,-0.934707503536094,
2.478));
#14525=CARTESIAN_POINT('',(3.70752315264762,-0.934707503536094,2.48));
#14526=CARTESIAN_POINT('Ctrl Pts',(3.71315485341762,-0.766902905188094,
2.48));
#14527=CARTESIAN_POINT('Ctrl Pts',(3.80818453312162,-0.769225114347163,
2.48));
#14528=CARTESIAN_POINT('Ctrl Pts',(3.8122053638542,-0.936398263179648,2.48));
#14529=CARTESIAN_POINT('Ctrl Pts',(3.70752315264762,-0.934707503536094,
2.48));
#14530=CARTESIAN_POINT('',(3.70752315264762,-0.934707503536094,2.49));
#14531=CARTESIAN_POINT('',(3.70752315264762,-0.934707503536094,2.49));
#14532=CARTESIAN_POINT('Ctrl Pts',(3.71315485341762,-0.766902905188094,
2.49));
#14533=CARTESIAN_POINT('Ctrl Pts',(3.80818453312162,-0.769225114347163,
2.49));
#14534=CARTESIAN_POINT('Ctrl Pts',(3.8122053638542,-0.936398263179648,2.49));
#14535=CARTESIAN_POINT('Ctrl Pts',(3.70752315264762,-0.934707503536094,
2.49));
#14536=CARTESIAN_POINT('Origin',(3.70752315264762,-0.934707503536094,2.49));
#14537=CARTESIAN_POINT('',(3.19452939072762,-0.934707503536094,2.48));
#14538=CARTESIAN_POINT('',(3.70752315264762,-0.934707503536094,2.48));
#14539=CARTESIAN_POINT('',(3.19452939072762,-0.934707503536094,2.49));
#14540=CARTESIAN_POINT('',(3.19452939072762,-0.934707503536094,2.49));
#14541=CARTESIAN_POINT('',(3.70752315264762,-0.934707503536094,2.49));
#14542=CARTESIAN_POINT('Origin',(3.19452939072762,-0.934707503536094,2.49));
#14543=CARTESIAN_POINT('',(3.19452939072762,-1.0648294254161,2.48));
#14544=CARTESIAN_POINT('',(3.19452939072762,-0.934707503536094,2.48));
#14545=CARTESIAN_POINT('',(3.19452939072762,-1.0648294254161,2.49));
#14546=CARTESIAN_POINT('',(3.19452939072762,-1.0648294254161,2.49));
#14547=CARTESIAN_POINT('',(3.19452939072762,-0.934707503536094,2.49));
#14548=CARTESIAN_POINT('Origin',(3.19452939072762,-1.0648294254161,2.49));
#14549=CARTESIAN_POINT('',(3.19452939072762,-1.0648294254161,2.48));
#14550=CARTESIAN_POINT('',(3.19452939072762,-1.0648294254161,2.49));
#14551=CARTESIAN_POINT('Origin',(3.90276150235527,-0.93708376120103,2.49));
#14552=CARTESIAN_POINT('Origin',(3.90276150235527,-0.93708376120103,2.48));
#14553=CARTESIAN_POINT('Ctrl Pts',(3.77820568741362,0.134968411639906,2.49));
#14554=CARTESIAN_POINT('Ctrl Pts',(3.77820568741362,0.134968411639906,2.478));
#14555=CARTESIAN_POINT('Ctrl Pts',(3.84225475155511,0.141937832442663,2.49));
#14556=CARTESIAN_POINT('Ctrl Pts',(3.84225475155511,0.141937832442663,2.478));
#14557=CARTESIAN_POINT('Ctrl Pts',(3.94573982905582,0.260891836264925,2.49));
#14558=CARTESIAN_POINT('Ctrl Pts',(3.94573982905582,0.260891836264925,2.478));
#14559=CARTESIAN_POINT('Ctrl Pts',(3.87382170029999,0.390301170733011,2.49));
#14560=CARTESIAN_POINT('Ctrl Pts',(3.87382170029999,0.390301170733011,2.478));
#14561=CARTESIAN_POINT('Ctrl Pts',(3.83268078297762,0.432894931867905,2.49));
#14562=CARTESIAN_POINT('Ctrl Pts',(3.83268078297762,0.432894931867905,2.478));
#14563=CARTESIAN_POINT('',(3.77820568741362,0.134968411639906,2.48));
#14564=CARTESIAN_POINT('',(3.83268078297762,0.432894931867905,2.48));
#14565=CARTESIAN_POINT('Ctrl Pts',(3.77820568741362,0.134968411639906,2.48));
#14566=CARTESIAN_POINT('Ctrl Pts',(3.84225475155511,0.141937832442663,2.48));
#14567=CARTESIAN_POINT('Ctrl Pts',(3.94573982905582,0.260891836264925,2.48));
#14568=CARTESIAN_POINT('Ctrl Pts',(3.87382170029999,0.390301170733011,2.48));
#14569=CARTESIAN_POINT('Ctrl Pts',(3.83268078297762,0.432894931867905,2.48));
#14570=CARTESIAN_POINT('',(3.83268078297762,0.432894931867905,2.49));
#14571=CARTESIAN_POINT('',(3.83268078297762,0.432894931867905,2.49));
#14572=CARTESIAN_POINT('',(3.77820568741362,0.134968411639906,2.49));
#14573=CARTESIAN_POINT('Ctrl Pts',(3.77820568741362,0.134968411639906,2.49));
#14574=CARTESIAN_POINT('Ctrl Pts',(3.84225475155511,0.141937832442663,2.49));
#14575=CARTESIAN_POINT('Ctrl Pts',(3.94573982905582,0.260891836264925,2.49));
#14576=CARTESIAN_POINT('Ctrl Pts',(3.87382170029999,0.390301170733011,2.49));
#14577=CARTESIAN_POINT('Ctrl Pts',(3.83268078297762,0.432894931867905,2.49));
#14578=CARTESIAN_POINT('',(3.77820568741362,0.134968411639906,2.49));
#14579=CARTESIAN_POINT('Origin',(3.83268078297762,0.432894931867905,2.49));
#14580=CARTESIAN_POINT('',(3.89098865549562,0.432894931867905,2.48));
#14581=CARTESIAN_POINT('',(3.83268078297762,0.432894931867905,2.48));
#14582=CARTESIAN_POINT('',(3.89098865549562,0.432894931867905,2.49));
#14583=CARTESIAN_POINT('',(3.89098865549562,0.432894931867905,2.49));
#14584=CARTESIAN_POINT('',(3.83268078297762,0.432894931867905,2.49));
#14585=CARTESIAN_POINT('Origin',(3.89098865549562,0.432894931867905,2.49));
#14586=CARTESIAN_POINT('',(3.89098865549562,0.565259016853905,2.48));
#14587=CARTESIAN_POINT('',(3.89098865549562,0.432894931867905,2.48));
#14588=CARTESIAN_POINT('',(3.89098865549562,0.565259016853905,2.49));
#14589=CARTESIAN_POINT('',(3.89098865549562,0.565259016853905,2.49));
#14590=CARTESIAN_POINT('',(3.89098865549562,0.432894931867905,2.49));
#14591=CARTESIAN_POINT('Origin',(3.89098865549562,0.565259016853905,2.49));
#14592=CARTESIAN_POINT('',(3.19256894400162,0.565259016853905,2.48));
#14593=CARTESIAN_POINT('',(3.89098865549562,0.565259016853905,2.48));
#14594=CARTESIAN_POINT('',(3.19256894400162,0.565259016853905,2.49));
#14595=CARTESIAN_POINT('',(3.19256894400162,0.565259016853905,2.49));
#14596=CARTESIAN_POINT('',(3.89098865549562,0.565259016853905,2.49));
#14597=CARTESIAN_POINT('Origin',(3.19256894400162,0.565259016853905,2.49));
#14598=CARTESIAN_POINT('',(3.19256894400162,0.432894931867905,2.48));
#14599=CARTESIAN_POINT('',(3.19256894400162,0.565259016853905,2.48));
#14600=CARTESIAN_POINT('',(3.19256894400162,0.432894931867905,2.49));
#14601=CARTESIAN_POINT('',(3.19256894400162,0.432894931867905,2.49));
#14602=CARTESIAN_POINT('',(3.19256894400162,0.565259016853905,2.49));
#14603=CARTESIAN_POINT('Origin',(3.19256894400162,0.432894931867905,2.49));
#14604=CARTESIAN_POINT('',(3.71217463013562,0.432894931867905,2.48));
#14605=CARTESIAN_POINT('',(3.19256894400162,0.432894931867905,2.48));
#14606=CARTESIAN_POINT('',(3.71217463013562,0.432894931867905,2.49));
#14607=CARTESIAN_POINT('',(3.71217463013562,0.432894931867905,2.49));
#14608=CARTESIAN_POINT('',(3.19256894400162,0.432894931867905,2.49));
#14609=CARTESIAN_POINT('Ctrl Pts',(3.71217463013562,0.432894931867905,2.49));
#14610=CARTESIAN_POINT('Ctrl Pts',(3.71217463013562,0.432894931867905,2.478));
#14611=CARTESIAN_POINT('Ctrl Pts',(3.80720430976762,0.43057272268103,2.49));
#14612=CARTESIAN_POINT('Ctrl Pts',(3.80720430976762,0.43057272268103,2.478));
#14613=CARTESIAN_POINT('Ctrl Pts',(3.8112251405002,0.263399573848544,2.49));
#14614=CARTESIAN_POINT('Ctrl Pts',(3.8112251405002,0.263399573848544,2.478));
#14615=CARTESIAN_POINT('Ctrl Pts',(3.70654292920362,0.265090333519907,2.49));
#14616=CARTESIAN_POINT('Ctrl Pts',(3.70654292920362,0.265090333519907,2.478));
#14617=CARTESIAN_POINT('',(3.70654292920362,0.265090333519907,2.48));
#14618=CARTESIAN_POINT('Ctrl Pts',(3.71217463013562,0.432894931867905,2.48));
#14619=CARTESIAN_POINT('Ctrl Pts',(3.80720430976762,0.43057272268103,2.48));
#14620=CARTESIAN_POINT('Ctrl Pts',(3.8112251405002,0.263399573848544,2.48));
#14621=CARTESIAN_POINT('Ctrl Pts',(3.70654292920362,0.265090333519907,2.48));
#14622=CARTESIAN_POINT('',(3.70654292920362,0.265090333519907,2.49));
#14623=CARTESIAN_POINT('',(3.70654292920362,0.265090333519907,2.49));
#14624=CARTESIAN_POINT('Ctrl Pts',(3.71217463013562,0.432894931867905,2.49));
#14625=CARTESIAN_POINT('Ctrl Pts',(3.80720430976762,0.43057272268103,2.49));
#14626=CARTESIAN_POINT('Ctrl Pts',(3.8112251405002,0.263399573848544,2.49));
#14627=CARTESIAN_POINT('Ctrl Pts',(3.70654292920362,0.265090333519907,2.49));
#14628=CARTESIAN_POINT('Origin',(3.70654292920362,0.265090333519907,2.49));
#14629=CARTESIAN_POINT('',(3.19354916728362,0.265090333519907,2.48));
#14630=CARTESIAN_POINT('',(3.70654292920362,0.265090333519907,2.48));
#14631=CARTESIAN_POINT('',(3.19354916728362,0.265090333519907,2.49));
#14632=CARTESIAN_POINT('',(3.19354916728362,0.265090333519907,2.49));
#14633=CARTESIAN_POINT('',(3.70654292920362,0.265090333519907,2.49));
#14634=CARTESIAN_POINT('Origin',(3.19354916728362,0.265090333519907,2.49));
#14635=CARTESIAN_POINT('',(3.19354916728362,0.134968411639907,2.48));
#14636=CARTESIAN_POINT('',(3.19354916728362,0.265090333519907,2.48));
#14637=CARTESIAN_POINT('',(3.19354916728362,0.134968411639907,2.49));
#14638=CARTESIAN_POINT('',(3.19354916728362,0.134968411639907,2.49));
#14639=CARTESIAN_POINT('',(3.19354916728362,0.265090333519907,2.49));
#14640=CARTESIAN_POINT('Origin',(3.19354916728362,0.134968411639907,2.49));
#14641=CARTESIAN_POINT('',(3.19354916728362,0.134968411639907,2.48));
#14642=CARTESIAN_POINT('',(3.19354916728362,0.134968411639907,2.49));
#14643=CARTESIAN_POINT('Origin',(3.90178127900128,0.262714075827161,2.49));
#14644=CARTESIAN_POINT('Origin',(3.90178127900128,0.262714075827161,2.48));
#14645=CARTESIAN_POINT('Ctrl Pts',(3.31303405981362,1.56883459172591,2.49));
#14646=CARTESIAN_POINT('Ctrl Pts',(3.31303405981362,1.56883459172591,2.478));
#14647=CARTESIAN_POINT('Ctrl Pts',(3.22264405492422,1.75582027448238,2.49));
#14648=CARTESIAN_POINT('Ctrl Pts',(3.22264405492422,1.75582027448238,2.478));
#14649=CARTESIAN_POINT('Ctrl Pts',(3.21993763859816,2.05989979086336,2.49));
#14650=CARTESIAN_POINT('Ctrl Pts',(3.21993763859816,2.05989979086336,2.478));
#14651=CARTESIAN_POINT('Ctrl Pts',(3.39562563598982,2.43487165145826,2.49));
#14652=CARTESIAN_POINT('Ctrl Pts',(3.39562563598982,2.43487165145826,2.478));
#14653=CARTESIAN_POINT('Ctrl Pts',(3.71628595832575,2.60676377101378,2.49));
#14654=CARTESIAN_POINT('Ctrl Pts',(3.71628595832575,2.60676377101378,2.478));
#14655=CARTESIAN_POINT('Ctrl Pts',(3.95495646374635,2.4924024879302,2.49));
#14656=CARTESIAN_POINT('Ctrl Pts',(3.95495646374635,2.4924024879302,2.478));
#14657=CARTESIAN_POINT('Ctrl Pts',(4.02006502240962,2.3968033942339,2.49));
#14658=CARTESIAN_POINT('Ctrl Pts',(4.02006502240962,2.3968033942339,2.478));
#14659=CARTESIAN_POINT('',(3.31303405981362,1.56883459172591,2.48));
#14660=CARTESIAN_POINT('',(4.02006502240962,2.3968033942339,2.48));
#14661=CARTESIAN_POINT('Ctrl Pts',(3.31303405981362,1.56883459172591,2.48));
#14662=CARTESIAN_POINT('Ctrl Pts',(3.22264405492422,1.75582027448238,2.48));
#14663=CARTESIAN_POINT('Ctrl Pts',(3.21993763859816,2.05989979086336,2.48));
#14664=CARTESIAN_POINT('Ctrl Pts',(3.39562563598982,2.43487165145826,2.48));
#14665=CARTESIAN_POINT('Ctrl Pts',(3.71628595832575,2.60676377101378,2.48));
#14666=CARTESIAN_POINT('Ctrl Pts',(3.95495646374635,2.4924024879302,2.48));
#14667=CARTESIAN_POINT('Ctrl Pts',(4.02006502240962,2.3968033942339,2.48));
#14668=CARTESIAN_POINT('',(4.02006502240962,2.3968033942339,2.49));
#14669=CARTESIAN_POINT('',(4.02006502240962,2.3968033942339,2.49));
#14670=CARTESIAN_POINT('',(3.31303405981362,1.56883459172591,2.49));
#14671=CARTESIAN_POINT('Ctrl Pts',(3.31303405981362,1.56883459172591,2.49));
#14672=CARTESIAN_POINT('Ctrl Pts',(3.22264405492422,1.75582027448238,2.49));
#14673=CARTESIAN_POINT('Ctrl Pts',(3.21993763859816,2.05989979086336,2.49));
#14674=CARTESIAN_POINT('Ctrl Pts',(3.39562563598982,2.43487165145826,2.49));
#14675=CARTESIAN_POINT('Ctrl Pts',(3.71628595832575,2.60676377101378,2.49));
#14676=CARTESIAN_POINT('Ctrl Pts',(3.95495646374635,2.4924024879302,2.49));
#14677=CARTESIAN_POINT('Ctrl Pts',(4.02006502240962,2.3968033942339,2.49));
#14678=CARTESIAN_POINT('',(3.31303405981362,1.56883459172591,2.49));
#14679=CARTESIAN_POINT('Origin',(4.02006502240962,2.3968033942339,2.49));
#14680=CARTESIAN_POINT('',(4.10670996651762,2.43859683787391,2.48));
#14681=CARTESIAN_POINT('',(4.02006502240962,2.3968033942339,2.48));
#14682=CARTESIAN_POINT('',(4.10670996651762,2.43859683787391,2.49));
#14683=CARTESIAN_POINT('',(4.10670996651762,2.43859683787391,2.49));
#14684=CARTESIAN_POINT('',(4.02006502240962,2.3968033942339,2.49));
#14685=CARTESIAN_POINT('Ctrl Pts',(4.10670996651762,2.43859683787391,2.49));
#14686=CARTESIAN_POINT('Ctrl Pts',(4.10670996651762,2.43859683787391,2.478));
#14687=CARTESIAN_POINT('Ctrl Pts',(4.04664612400306,2.55336898901454,2.49));
#14688=CARTESIAN_POINT('Ctrl Pts',(4.04664612400306,2.55336898901454,2.478));
#14689=CARTESIAN_POINT('Ctrl Pts',(3.85262309468867,2.78089301882725,2.49));
#14690=CARTESIAN_POINT('Ctrl Pts',(3.85262309468867,2.78089301882725,2.478));
#14691=CARTESIAN_POINT('Ctrl Pts',(3.47959700194792,2.69204714913711,2.49));
#14692=CARTESIAN_POINT('Ctrl Pts',(3.47959700194792,2.69204714913711,2.478));
#14693=CARTESIAN_POINT('Ctrl Pts',(3.32048959733572,2.47901053766271,2.49));
#14694=CARTESIAN_POINT('Ctrl Pts',(3.32048959733572,2.47901053766271,2.478));
#14695=CARTESIAN_POINT('Ctrl Pts',(3.20119640563635,2.24547202827797,2.49));
#14696=CARTESIAN_POINT('Ctrl Pts',(3.20119640563635,2.24547202827797,2.478));
#14697=CARTESIAN_POINT('Ctrl Pts',(3.16304429834152,1.88715224893167,2.49));
#14698=CARTESIAN_POINT('Ctrl Pts',(3.16304429834152,1.88715224893167,2.478));
#14699=CARTESIAN_POINT('Ctrl Pts',(3.21951277946066,1.61150983851018,2.49));
#14700=CARTESIAN_POINT('Ctrl Pts',(3.21951277946066,1.61150983851018,2.478));
#14701=CARTESIAN_POINT('Ctrl Pts',(3.31303405981362,1.48528987936391,2.49));
#14702=CARTESIAN_POINT('Ctrl Pts',(3.31303405981362,1.48528987936391,2.478));
#14703=CARTESIAN_POINT('',(3.31303405981362,1.48528987936391,2.48));
#14704=CARTESIAN_POINT('Ctrl Pts',(4.10670996651762,2.43859683787391,2.48));
#14705=CARTESIAN_POINT('Ctrl Pts',(4.04664612400306,2.55336898901454,2.48));
#14706=CARTESIAN_POINT('Ctrl Pts',(3.85262309468867,2.78089301882725,2.48));
#14707=CARTESIAN_POINT('Ctrl Pts',(3.47959700194792,2.69204714913711,2.48));
#14708=CARTESIAN_POINT('Ctrl Pts',(3.32048959733572,2.47901053766271,2.48));
#14709=CARTESIAN_POINT('Ctrl Pts',(3.20119640563635,2.24547202827797,2.48));
#14710=CARTESIAN_POINT('Ctrl Pts',(3.16304429834152,1.88715224893167,2.48));
#14711=CARTESIAN_POINT('Ctrl Pts',(3.21951277946066,1.61150983851018,2.48));
#14712=CARTESIAN_POINT('Ctrl Pts',(3.31303405981362,1.48528987936391,2.48));
#14713=CARTESIAN_POINT('',(3.31303405981362,1.48528987936391,2.49));
#14714=CARTESIAN_POINT('',(3.31303405981362,1.48528987936391,2.49));
#14715=CARTESIAN_POINT('Ctrl Pts',(4.10670996651762,2.43859683787391,2.49));
#14716=CARTESIAN_POINT('Ctrl Pts',(4.04664612400306,2.55336898901454,2.49));
#14717=CARTESIAN_POINT('Ctrl Pts',(3.85262309468867,2.78089301882725,2.49));
#14718=CARTESIAN_POINT('Ctrl Pts',(3.47959700194792,2.69204714913711,2.49));
#14719=CARTESIAN_POINT('Ctrl Pts',(3.32048959733572,2.47901053766271,2.49));
#14720=CARTESIAN_POINT('Ctrl Pts',(3.20119640563635,2.24547202827797,2.49));
#14721=CARTESIAN_POINT('Ctrl Pts',(3.16304429834152,1.88715224893167,2.49));
#14722=CARTESIAN_POINT('Ctrl Pts',(3.21951277946066,1.61150983851018,2.49));
#14723=CARTESIAN_POINT('Ctrl Pts',(3.31303405981362,1.48528987936391,2.49));
#14724=CARTESIAN_POINT('Origin',(3.31303405981362,1.48528987936391,2.49));
#14725=CARTESIAN_POINT('',(4.14565289088881,1.67229991418782,2.48));
#14726=CARTESIAN_POINT('',(3.31303405981362,1.48528987936391,2.48));
#14727=CARTESIAN_POINT('',(4.14565289088881,1.67229991418782,2.49));
#14728=CARTESIAN_POINT('',(4.14565289088881,1.67229991418782,2.49));
#14729=CARTESIAN_POINT('',(3.31303405981362,1.48528987936391,2.49));
#14730=CARTESIAN_POINT('Origin',(4.13736951665847,1.74963907671074,2.49));
#14731=CARTESIAN_POINT('',(4.21508369881404,1.74640391979377,2.48));
#14732=CARTESIAN_POINT('Origin',(4.13736951665847,1.74963907671074,2.48));
#14733=CARTESIAN_POINT('',(4.21508369881404,1.74640391979377,2.49));
#14734=CARTESIAN_POINT('',(4.21508369881404,1.74640391979377,2.49));
#14735=CARTESIAN_POINT('Origin',(4.13736951665847,1.74963907671074,2.49));
#14736=CARTESIAN_POINT('Origin',(4.21508369881404,1.74640391979377,2.49));
#14737=CARTESIAN_POINT('',(4.22965469725962,1.9441540380979,2.48));
#14738=CARTESIAN_POINT('',(4.21508369881404,1.74640391979377,2.48));
#14739=CARTESIAN_POINT('',(4.22965469725962,1.9441540380979,2.49));
#14740=CARTESIAN_POINT('',(4.22965469725962,1.9441540380979,2.49));
#14741=CARTESIAN_POINT('',(4.21508369881404,1.74640391979377,2.49));
#14742=CARTESIAN_POINT('Origin',(4.22965469725962,1.9441540380979,2.49));
#14743=CARTESIAN_POINT('',(4.16939601847362,1.9441540380979,2.48));
#14744=CARTESIAN_POINT('',(4.22965469725962,1.9441540380979,2.48));
#14745=CARTESIAN_POINT('',(4.16939601847362,1.9441540380979,2.49));
#14746=CARTESIAN_POINT('',(4.16939601847362,1.9441540380979,2.49));
#14747=CARTESIAN_POINT('',(4.22965469725962,1.9441540380979,2.49));
#14748=CARTESIAN_POINT('Origin',(4.16939601847362,1.9441540380979,2.49));
#14749=CARTESIAN_POINT('',(4.17262241494023,1.79479472562643,2.48));
#14750=CARTESIAN_POINT('',(4.16939601847362,1.9441540380979,2.48));
#14751=CARTESIAN_POINT('',(4.17262241494023,1.79479472562643,2.49));
#14752=CARTESIAN_POINT('',(4.17262241494023,1.79479472562643,2.49));
#14753=CARTESIAN_POINT('',(4.16939601847362,1.9441540380979,2.49));
#14754=CARTESIAN_POINT('Origin',(4.13999508039279,1.79240983185479,2.49));
#14755=CARTESIAN_POINT('',(4.14650837724162,1.7603503926499,2.48));
#14756=CARTESIAN_POINT('Origin',(4.13999508039279,1.79240983185479,2.48));
#14757=CARTESIAN_POINT('',(4.14650837724162,1.7603503926499,2.49));
#14758=CARTESIAN_POINT('',(4.14650837724162,1.7603503926499,2.49));
#14759=CARTESIAN_POINT('Origin',(4.13999508039279,1.79240983185479,2.49));
#14760=CARTESIAN_POINT('Origin',(4.14650837724162,1.7603503926499,2.49));
#14761=CARTESIAN_POINT('',(4.14650837724162,1.7603503926499,2.48));
#14762=CARTESIAN_POINT('',(4.14650837724162,1.7603503926499,2.49));
#14763=CARTESIAN_POINT('Origin',(3.35250997022814,2.32427901890088,2.49));
#14764=CARTESIAN_POINT('Origin',(3.35250997022814,2.32427901890088,2.48));
#14765=CARTESIAN_POINT('Origin',(4.09997545188162,-0.410375189248094,2.49));
#14766=CARTESIAN_POINT('',(4.09997545188162,-0.496676557759197,2.48));
#14767=CARTESIAN_POINT('Origin',(4.09997545188162,-0.410375189248094,2.48));
#14768=CARTESIAN_POINT('',(4.09997545188162,-0.496676557759197,2.49));
#14769=CARTESIAN_POINT('',(4.09997545188162,-0.496676557759197,2.49));
#14770=CARTESIAN_POINT('Origin',(4.09997545188162,-0.410375189248094,2.49));
#14771=CARTESIAN_POINT('Origin',(4.09997545188162,-0.410375189248094,2.49));
#14772=CARTESIAN_POINT('Origin',(4.09997545188162,-0.410375189248094,2.48));
#14773=CARTESIAN_POINT('Origin',(4.15468110454962,2.1872294946199,2.49));
#14774=CARTESIAN_POINT('',(4.15468110454962,2.00967369346916,2.48));
#14775=CARTESIAN_POINT('Origin',(4.15468110454962,2.1872294946199,2.48));
#14776=CARTESIAN_POINT('',(4.15468110454962,2.00967369346916,2.49));
#14777=CARTESIAN_POINT('',(4.15468110454962,2.00967369346916,2.49));
#14778=CARTESIAN_POINT('Origin',(4.15468110454962,2.1872294946199,2.49));
#14779=CARTESIAN_POINT('Origin',(4.15468110454962,2.1872294946199,2.49));
#14780=CARTESIAN_POINT('Origin',(4.15468110454962,2.1872294946199,2.48));
#14781=CARTESIAN_POINT('Origin',(3.19354916728362,-0.474174523186095,2.49));
#14782=CARTESIAN_POINT('',(3.19354916728362,-0.474174523186095,2.48));
#14783=CARTESIAN_POINT('',(3.89098865549562,-0.474174523186096,2.48));
#14784=CARTESIAN_POINT('',(3.19354916728362,-0.474174523186095,2.48));
#14785=CARTESIAN_POINT('',(3.89098865549562,-0.474174523186096,2.49));
#14786=CARTESIAN_POINT('',(3.89098865549562,-0.474174523186096,2.49));
#14787=CARTESIAN_POINT('',(3.19354916728362,-0.474174523186095,2.49));
#14788=CARTESIAN_POINT('',(3.19354916728362,-0.474174523186095,2.49));
#14789=CARTESIAN_POINT('',(3.19354916728362,-0.474174523186095,2.49));
#14790=CARTESIAN_POINT('Origin',(3.89098865549562,-0.474174523186096,2.49));
#14791=CARTESIAN_POINT('',(3.89098865549562,-0.342897625546095,2.48));
#14792=CARTESIAN_POINT('',(3.89098865549562,-0.474174523186096,2.48));
#14793=CARTESIAN_POINT('',(3.89098865549562,-0.342897625546095,2.49));
#14794=CARTESIAN_POINT('',(3.89098865549562,-0.342897625546095,2.49));
#14795=CARTESIAN_POINT('',(3.89098865549562,-0.474174523186096,2.49));
#14796=CARTESIAN_POINT('Origin',(3.89098865549562,-0.342897625546095,2.49));
#14797=CARTESIAN_POINT('',(3.19354916728362,-0.342897625546095,2.48));
#14798=CARTESIAN_POINT('',(3.89098865549562,-0.342897625546095,2.48));
#14799=CARTESIAN_POINT('',(3.19354916728362,-0.342897625546095,2.49));
#14800=CARTESIAN_POINT('',(3.19354916728362,-0.342897625546095,2.49));
#14801=CARTESIAN_POINT('',(3.89098865549562,-0.342897625546095,2.49));
#14802=CARTESIAN_POINT('Origin',(3.19354916728362,-0.342897625546095,2.49));
#14803=CARTESIAN_POINT('',(3.19354916728362,-0.342897625546095,2.48));
#14804=CARTESIAN_POINT('',(3.19354916728362,-0.342897625546095,2.49));
#14805=CARTESIAN_POINT('Origin',(0.,0.,2.49));
#14806=CARTESIAN_POINT('Origin',(0.,0.,2.48));
#14807=CARTESIAN_POINT('Origin',(3.19256894400162,0.736683393583907,2.49));
#14808=CARTESIAN_POINT('',(3.19256894400162,0.736683393583907,2.48));
#14809=CARTESIAN_POINT('',(4.23724687229562,0.736683393583907,2.48));
#14810=CARTESIAN_POINT('',(3.19256894400162,0.736683393583907,2.48));
#14811=CARTESIAN_POINT('',(4.23724687229562,0.736683393583907,2.49));
#14812=CARTESIAN_POINT('',(4.23724687229562,0.736683393583907,2.49));
#14813=CARTESIAN_POINT('',(3.19256894400162,0.736683393583907,2.49));
#14814=CARTESIAN_POINT('',(3.19256894400162,0.736683393583907,2.49));
#14815=CARTESIAN_POINT('',(3.19256894400162,0.736683393583907,2.49));
#14816=CARTESIAN_POINT('Origin',(4.23724687229562,0.736683393583907,2.49));
#14817=CARTESIAN_POINT('',(4.23724687229562,0.879146177221905,2.48));
#14818=CARTESIAN_POINT('',(4.23724687229562,0.736683393583907,2.48));
#14819=CARTESIAN_POINT('',(4.23724687229562,0.879146177221905,2.49));
#14820=CARTESIAN_POINT('',(4.23724687229562,0.879146177221905,2.49));
#14821=CARTESIAN_POINT('',(4.23724687229562,0.736683393583907,2.49));
#14822=CARTESIAN_POINT('Origin',(4.23724687229562,0.879146177221905,2.49));
#14823=CARTESIAN_POINT('',(3.19256894400162,0.879146177221905,2.48));
#14824=CARTESIAN_POINT('',(4.23724687229562,0.879146177221905,2.48));
#14825=CARTESIAN_POINT('',(3.19256894400162,0.879146177221905,2.49));
#14826=CARTESIAN_POINT('',(3.19256894400162,0.879146177221905,2.49));
#14827=CARTESIAN_POINT('',(4.23724687229562,0.879146177221905,2.49));
#14828=CARTESIAN_POINT('Origin',(3.19256894400162,0.879146177221905,2.49));
#14829=CARTESIAN_POINT('',(3.19256894400162,0.879146177221905,2.48));
#14830=CARTESIAN_POINT('',(3.19256894400162,0.879146177221905,2.49));
#14831=CARTESIAN_POINT('Origin',(0.,0.,2.49));
#14832=CARTESIAN_POINT('Origin',(0.,0.,2.48));
#14833=CARTESIAN_POINT('Origin',(3.89098865549562,2.29330953369191,2.49));
#14834=CARTESIAN_POINT('',(3.89098865549562,2.29330953369191,2.48));
#14835=CARTESIAN_POINT('',(3.35287924593162,2.16716519133191,2.48));
#14836=CARTESIAN_POINT('',(3.89098865549562,2.29330953369191,2.48));
#14837=CARTESIAN_POINT('',(3.35287924593162,2.16716519133191,2.49));
#14838=CARTESIAN_POINT('',(3.35287924593162,2.16716519133191,2.49));
#14839=CARTESIAN_POINT('',(3.89098865549562,2.29330953369191,2.49));
#14840=CARTESIAN_POINT('',(3.89098865549562,2.29330953369191,2.49));
#14841=CARTESIAN_POINT('',(3.89098865549562,2.29330953369191,2.49));
#14842=CARTESIAN_POINT('Origin',(3.35287924593162,2.16716519133191,2.49));
#14843=CARTESIAN_POINT('',(3.35287924593162,1.83503831536991,2.48));
#14844=CARTESIAN_POINT('',(3.35287924593162,2.16716519133191,2.48));
#14845=CARTESIAN_POINT('',(3.35287924593162,1.83503831536991,2.49));
#14846=CARTESIAN_POINT('',(3.35287924593162,1.83503831536991,2.49));
#14847=CARTESIAN_POINT('',(3.35287924593162,2.16716519133191,2.49));
#14848=CARTESIAN_POINT('Origin',(3.35287924593162,1.83503831536991,2.49));
#14849=CARTESIAN_POINT('',(3.89098865549562,1.96118265772991,2.48));
#14850=CARTESIAN_POINT('',(3.35287924593162,1.83503831536991,2.48));
#14851=CARTESIAN_POINT('',(3.89098865549562,1.96118265772991,2.49));
#14852=CARTESIAN_POINT('',(3.89098865549562,1.96118265772991,2.49));
#14853=CARTESIAN_POINT('',(3.35287924593162,1.83503831536991,2.49));
#14854=CARTESIAN_POINT('Origin',(3.89098865549562,1.96118265772991,2.49));
#14855=CARTESIAN_POINT('',(3.89098865549562,1.96118265772991,2.48));
#14856=CARTESIAN_POINT('',(3.89098865549562,1.96118265772991,2.49));
#14857=CARTESIAN_POINT('Origin',(0.,0.,2.49));
#14858=CARTESIAN_POINT('Origin',(0.,0.,2.48));
#14859=CARTESIAN_POINT('Origin',(-4.15120989818356E-17,3.84999999999999,
0.));
#14860=CARTESIAN_POINT('',(-5.5,3.84999999999999,1.19000000000001));
#14861=CARTESIAN_POINT('',(-5.5,3.84999999999999,1.69000000000001));
#14862=CARTESIAN_POINT('',(-5.5,3.84999999999999,1.19000000000001));
#14863=CARTESIAN_POINT('',(-5.05,3.84999999999999,1.19000000000001));
#14864=CARTESIAN_POINT('',(-4.15120989818356E-17,3.84999999999999,1.19000000000001));
#14865=CARTESIAN_POINT('',(-4.96183650964577,3.84999999999999,1.69000000000001));
#14866=CARTESIAN_POINT('',(-5.10122585276319,3.84999999999999,0.899483752529725));
#14867=CARTESIAN_POINT('',(9.3669605236811E-16,3.84999999999999,1.69000000000001));
#14868=CARTESIAN_POINT('Origin',(8.70758149286365E-17,4.54999999999999,
0.));
#14869=CARTESIAN_POINT('',(-5.83361964451877,4.54999999999999,1.15464116397829));
#14870=CARTESIAN_POINT('',(-6.1,4.54999999999999,1.57777412914845));
#14871=CARTESIAN_POINT('',(-6.1,4.54999999999999,1.57777412914845));
#14872=CARTESIAN_POINT('',(-5.9410846809974,4.54999999999999,0.960000000000014));
#14873=CARTESIAN_POINT('Origin',(-5.7110846809974,4.54999999999999,0.960000000000014));
#14874=CARTESIAN_POINT('',(-5.9410846809974,4.54999999999999,0.787307067317566));
#14875=CARTESIAN_POINT('',(-5.94108468099739,4.54999999999999,-2.98394928756103E-14));
#14876=CARTESIAN_POINT('',(-6.62016245516419,4.54999999999999,0.0590853106278932));
#14877=CARTESIAN_POINT('Origin',(-6.6710846809974,4.54999999999999,0.787307067317565));
#14878=CARTESIAN_POINT('',(-7.46512176312794,4.54999999999999,-8.67361737988404E-16));
#14879=CARTESIAN_POINT('',(-0.036325025917277,4.54999999999999,0.519472072409442));
#14880=CARTESIAN_POINT('',(-7.5,4.54999999999999,0.498782025129912));
#14881=CARTESIAN_POINT('',(-7.42879673721066,4.54999999999999,-0.519472072409449));
#14882=CARTESIAN_POINT('',(-6.65504069203625,4.54999999999999,0.557867335757805));
#14883=CARTESIAN_POINT('',(-0.0712032627893361,4.54999999999999,1.01825409753935));
#14884=CARTESIAN_POINT('',(-6.4410846809974,4.54999999999999,0.787307067317565));
#14885=CARTESIAN_POINT('Origin',(-6.6710846809974,4.54999999999999,0.787307067317565));
#14886=CARTESIAN_POINT('',(-6.4410846809974,4.54999999999999,0.960000000000014));
#14887=CARTESIAN_POINT('',(-6.4410846809974,4.54999999999999,3.23507761241939E-14));
#14888=CARTESIAN_POINT('Origin',(-5.7110846809974,4.54999999999999,0.960000000000014));
#14889=CARTESIAN_POINT('Origin',(8.70758149286365E-17,4.54999999999999,
0.));
#14890=CARTESIAN_POINT('',(-5.5,4.54999999999999,1.69000000000001));
#14891=CARTESIAN_POINT('',(-5.5,4.54999999999999,1.19000000000001));
#14892=CARTESIAN_POINT('',(-5.5,4.54999999999999,1.19000000000001));
#14893=CARTESIAN_POINT('',(-4.96183650964577,4.54999999999999,1.69000000000001));
#14894=CARTESIAN_POINT('',(1.06528396627858E-15,4.54999999999999,1.69000000000001));
#14895=CARTESIAN_POINT('',(-5.05,4.54999999999999,1.19000000000001));
#14896=CARTESIAN_POINT('',(-5.10122585276319,4.54999999999999,0.899483752529725));
#14897=CARTESIAN_POINT('',(8.70758149286365E-17,4.54999999999999,1.19000000000001));
#14898=CARTESIAN_POINT('Origin',(9.3669605236811E-16,3.84999999999999,1.69000000000001));
#14899=CARTESIAN_POINT('',(-5.5,4.59999999999999,1.69000000000001));
#14900=CARTESIAN_POINT('',(-5.5,4.59999999999999,1.69000000000001));
#14901=CARTESIAN_POINT('',(-5.7110846809974,4.59999999999999,1.69000000000001));
#14902=CARTESIAN_POINT('',(-5.7110846809974,4.59999999999999,1.69000000000001));
#14903=CARTESIAN_POINT('',(-5.7110846809974,3.79999999999999,1.69000000000001));
#14904=CARTESIAN_POINT('',(-5.7110846809974,3.84999999999999,1.69000000000001));
#14905=CARTESIAN_POINT('',(-5.5,3.79999999999999,1.69000000000001));
#14906=CARTESIAN_POINT('',(-5.5,3.79999999999999,1.69000000000001));
#14907=CARTESIAN_POINT('',(-5.5,3.79999999999999,1.69000000000001));
#14908=CARTESIAN_POINT('',(-4.96183650964577,3.84999999999999,1.69000000000001));
#14909=CARTESIAN_POINT('Origin',(-5.7110846809974,3.84999999999999,0.960000000000014));
#14910=CARTESIAN_POINT('',(-6.1,4.59999999999999,1.57777412914845));
#14911=CARTESIAN_POINT('Origin',(-5.7110846809974,4.59999999999999,0.960000000000014));
#14912=CARTESIAN_POINT('',(-6.1,4.59999999999999,1.57777412914845));
#14913=CARTESIAN_POINT('',(-6.4410846809974,3.84999999999999,0.960000000000014));
#14914=CARTESIAN_POINT('',(-6.4410846809974,3.84999999999999,0.960000000000014));
#14915=CARTESIAN_POINT('',(-6.1,3.84999999999999,1.57777412914845));
#14916=CARTESIAN_POINT('Origin',(-5.7110846809974,3.84999999999999,0.960000000000014));
#14917=CARTESIAN_POINT('',(-6.1,3.79999999999999,1.57777412914845));
#14918=CARTESIAN_POINT('',(-6.1,3.79999999999999,1.57777412914845));
#14919=CARTESIAN_POINT('Origin',(-5.7110846809974,3.79999999999999,0.960000000000014));
#14920=CARTESIAN_POINT('Origin',(-6.4410846809974,3.84999999999999,3.23507761241939E-14));
#14921=CARTESIAN_POINT('',(-6.4410846809974,3.84999999999999,0.787307067317565));
#14922=CARTESIAN_POINT('',(-6.4410846809974,3.84999999999999,0.787307067317565));
#14923=CARTESIAN_POINT('',(-6.4410846809974,3.84999999999999,3.23507761241939E-14));
#14924=CARTESIAN_POINT('Origin',(-6.6710846809974,3.84999999999999,0.787307067317565));
#14925=CARTESIAN_POINT('',(-6.65504069203625,3.84999999999999,0.557867335757805));
#14926=CARTESIAN_POINT('',(-6.65504069203625,3.84999999999999,0.557867335757805));
#14927=CARTESIAN_POINT('Origin',(-6.6710846809974,3.84999999999999,0.787307067317565));
#14928=CARTESIAN_POINT('Origin',(-0.0712032627893362,3.84999999999999,1.01825409753935));
#14929=CARTESIAN_POINT('',(-7.5,3.84999999999999,0.498782025129912));
#14930=CARTESIAN_POINT('',(-7.5,3.84999999999999,0.498782025129912));
#14931=CARTESIAN_POINT('',(-0.0712032627893362,3.84999999999999,1.01825409753935));
#14932=CARTESIAN_POINT('Origin',(-7.42879673721066,3.84999999999999,-0.519472072409449));
#14933=CARTESIAN_POINT('',(-7.46512176312794,3.84999999999999,-8.67361737988404E-16));
#14934=CARTESIAN_POINT('',(-7.46512176312794,3.84999999999999,-8.67361737988404E-16));
#14935=CARTESIAN_POINT('',(-7.42879673721066,3.84999999999999,-0.519472072409449));
#14936=CARTESIAN_POINT('Origin',(-0.0363250259172771,3.84999999999999,0.519472072409442));
#14937=CARTESIAN_POINT('',(-6.62016245516419,3.84999999999999,0.0590853106278932));
#14938=CARTESIAN_POINT('',(-6.62016245516419,3.84999999999999,0.0590853106278932));
#14939=CARTESIAN_POINT('',(-0.0363250259172771,3.84999999999999,0.519472072409442));
#14940=CARTESIAN_POINT('Origin',(-6.6710846809974,3.84999999999999,0.787307067317565));
#14941=CARTESIAN_POINT('',(-5.9410846809974,3.84999999999999,0.787307067317566));
#14942=CARTESIAN_POINT('',(-5.9410846809974,3.84999999999999,0.787307067317566));
#14943=CARTESIAN_POINT('Origin',(-6.6710846809974,3.84999999999999,0.787307067317565));
#14944=CARTESIAN_POINT('Origin',(-5.94108468099739,3.84999999999999,-2.98394928756103E-14));
#14945=CARTESIAN_POINT('',(-5.9410846809974,3.84999999999999,0.960000000000014));
#14946=CARTESIAN_POINT('',(-5.9410846809974,3.84999999999999,0.960000000000014));
#14947=CARTESIAN_POINT('',(-5.94108468099739,3.84999999999999,-2.98394928756103E-14));
#14948=CARTESIAN_POINT('Origin',(-5.7110846809974,3.84999999999999,0.960000000000014));
#14949=CARTESIAN_POINT('',(-5.83361964451877,4.59999999999999,1.15464116397829));
#14950=CARTESIAN_POINT('',(-5.83361964451877,4.59999999999999,1.15464116397829));
#14951=CARTESIAN_POINT('',(-5.7110846809974,4.59999999999999,1.19000000000001));
#14952=CARTESIAN_POINT('Origin',(-5.7110846809974,4.59999999999999,0.960000000000014));
#14953=CARTESIAN_POINT('',(-5.7110846809974,3.79999999999999,1.19000000000001));
#14954=CARTESIAN_POINT('',(-5.7110846809974,3.84999999999999,1.19000000000001));
#14955=CARTESIAN_POINT('',(-5.83361964451877,3.79999999999999,1.15464116397829));
#14956=CARTESIAN_POINT('Origin',(-5.7110846809974,3.79999999999999,0.960000000000014));
#14957=CARTESIAN_POINT('',(-5.83361964451877,3.84999999999999,1.15464116397829));
#14958=CARTESIAN_POINT('',(-5.83361964451877,3.79999999999999,1.15464116397829));
#14959=CARTESIAN_POINT('Origin',(-5.7110846809974,3.84999999999999,0.960000000000014));
#14960=CARTESIAN_POINT('Origin',(-4.15120989818356E-17,3.84999999999999,
1.19000000000001));
#14961=CARTESIAN_POINT('',(-5.5,4.59999999999999,1.19000000000001));
#14962=CARTESIAN_POINT('',(-5.5,4.59999999999999,1.19000000000001));
#14963=CARTESIAN_POINT('',(-5.5,4.59999999999999,1.19000000000001));
#14964=CARTESIAN_POINT('',(-5.05,3.84999999999999,1.19000000000001));
#14965=CARTESIAN_POINT('',(-5.5,3.79999999999999,1.19000000000001));
#14966=CARTESIAN_POINT('',(-5.5,3.79999999999999,1.19000000000001));
#14967=CARTESIAN_POINT('',(-5.7110846809974,3.79999999999999,1.19000000000001));
#14968=CARTESIAN_POINT('Origin',(-5.10122585276319,3.84999999999999,0.899483752529725));
#14969=CARTESIAN_POINT('Origin',(-4.15120989818356E-17,3.84999999999999,
0.));
#14970=CARTESIAN_POINT('',(-6.1,3.84999999999999,1.57777412914845));
#14971=CARTESIAN_POINT('Origin',(-5.5,4.59999999999999,1.19000000000001));
#14972=CARTESIAN_POINT('',(-5.5,4.59999999999999,1.19000000000001));
#14973=CARTESIAN_POINT('Origin',(-6.1,4.59999999999999,1.57777412914845));
#14974=CARTESIAN_POINT('',(-6.1,4.59999999999999,1.57777412914845));
#14975=CARTESIAN_POINT('Origin',(-5.7110846809974,4.59999999999999,0.960000000000014));
#14976=CARTESIAN_POINT('Origin',(-6.1,3.79999999999999,1.57777412914845));
#14977=CARTESIAN_POINT('',(-6.1,3.79999999999999,1.57777412914845));
#14978=CARTESIAN_POINT('Origin',(-5.5,3.79999999999999,1.19000000000001));
#14979=CARTESIAN_POINT('',(-5.5,3.79999999999999,1.19000000000001));
#14980=CARTESIAN_POINT('Origin',(-5.7110846809974,3.79999999999999,0.960000000000014));
#14981=CARTESIAN_POINT('Origin',(-4.15120989818356E-17,3.84999999999999,
0.));
#14982=CARTESIAN_POINT('',(5.83361964451877,3.84999999999999,1.15464116397829));
#14983=CARTESIAN_POINT('',(6.1,3.84999999999999,1.57777412914844));
#14984=CARTESIAN_POINT('',(5.83361964451877,3.84999999999999,1.15464116397829));
#14985=CARTESIAN_POINT('',(5.9410846809974,3.84999999999999,0.960000000000014));
#14986=CARTESIAN_POINT('Origin',(5.7110846809974,3.84999999999999,0.960000000000014));
#14987=CARTESIAN_POINT('',(5.9410846809974,3.84999999999999,0.787307067317566));
#14988=CARTESIAN_POINT('',(5.94108468099739,3.84999999999999,-2.98394928756103E-14));
#14989=CARTESIAN_POINT('',(6.62016245516419,3.84999999999999,0.0590853106278932));
#14990=CARTESIAN_POINT('Origin',(6.6710846809974,3.84999999999999,0.787307067317565));
#14991=CARTESIAN_POINT('',(7.46512176312794,3.84999999999999,-7.58941520739853E-16));
#14992=CARTESIAN_POINT('',(0.036325025917277,3.84999999999999,0.519472072409442));
#14993=CARTESIAN_POINT('',(7.5,3.84999999999999,0.498782025129912));
#14994=CARTESIAN_POINT('',(7.42879673721066,3.84999999999999,-0.519472072409449));
#14995=CARTESIAN_POINT('',(6.65504069203625,3.84999999999999,0.557867335757805));
#14996=CARTESIAN_POINT('',(0.0712032627893362,3.84999999999999,1.01825409753935));
#14997=CARTESIAN_POINT('',(6.4410846809974,3.84999999999999,0.787307067317565));
#14998=CARTESIAN_POINT('Origin',(6.6710846809974,3.84999999999999,0.787307067317565));
#14999=CARTESIAN_POINT('',(6.4410846809974,3.84999999999999,0.960000000000014));
#15000=CARTESIAN_POINT('',(6.4410846809974,3.84999999999999,3.23507761241939E-14));
#15001=CARTESIAN_POINT('Origin',(5.7110846809974,3.84999999999999,0.960000000000014));
#15002=CARTESIAN_POINT('Origin',(8.70758149286365E-17,4.54999999999999,
0.));
#15003=CARTESIAN_POINT('',(5.5,4.54999999999999,1.19000000000001));
#15004=CARTESIAN_POINT('',(5.5,4.54999999999999,1.69000000000001));
#15005=CARTESIAN_POINT('',(5.5,4.54999999999999,1.19000000000001));
#15006=CARTESIAN_POINT('',(5.05,4.54999999999999,1.19000000000001));
#15007=CARTESIAN_POINT('',(8.70758149286365E-17,4.54999999999999,1.19000000000001));
#15008=CARTESIAN_POINT('',(4.96183650964577,4.54999999999999,1.69000000000001));
#15009=CARTESIAN_POINT('',(5.10122585276319,4.54999999999999,0.899483752529725));
#15010=CARTESIAN_POINT('',(-8.91132336421309E-16,4.54999999999999,1.69000000000001));
#15011=CARTESIAN_POINT('Origin',(8.70758149286365E-17,4.54999999999999,
0.));
#15012=CARTESIAN_POINT('',(6.1,4.54999999999999,1.57777412914844));
#15013=CARTESIAN_POINT('',(5.83361964451877,4.54999999999999,1.15464116397829));
#15014=CARTESIAN_POINT('',(6.1,4.54999999999999,1.57777412914845));
#15015=CARTESIAN_POINT('',(6.4410846809974,4.54999999999999,0.960000000000014));
#15016=CARTESIAN_POINT('Origin',(5.7110846809974,4.54999999999999,0.960000000000014));
#15017=CARTESIAN_POINT('',(6.4410846809974,4.54999999999999,0.787307067317565));
#15018=CARTESIAN_POINT('',(6.4410846809974,4.54999999999999,3.23507761241939E-14));
#15019=CARTESIAN_POINT('',(6.65504069203625,4.54999999999999,0.557867335757805));
#15020=CARTESIAN_POINT('Origin',(6.6710846809974,4.54999999999999,0.787307067317565));
#15021=CARTESIAN_POINT('',(7.5,4.54999999999999,0.498782025129912));
#15022=CARTESIAN_POINT('',(0.0712032627893363,4.54999999999999,1.01825409753935));
#15023=CARTESIAN_POINT('',(7.46512176312794,4.54999999999999,-7.58941520739853E-16));
#15024=CARTESIAN_POINT('',(7.42879673721066,4.54999999999999,-0.519472072409449));
#15025=CARTESIAN_POINT('',(6.62016245516419,4.54999999999999,0.0590853106278932));
#15026=CARTESIAN_POINT('',(0.0363250259172772,4.54999999999999,0.519472072409442));
#15027=CARTESIAN_POINT('',(5.9410846809974,4.54999999999999,0.787307067317566));
#15028=CARTESIAN_POINT('Origin',(6.6710846809974,4.54999999999999,0.787307067317565));
#15029=CARTESIAN_POINT('',(5.9410846809974,4.54999999999999,0.960000000000014));
#15030=CARTESIAN_POINT('',(5.94108468099739,4.54999999999999,-2.98394928756103E-14));
#15031=CARTESIAN_POINT('Origin',(5.7110846809974,4.54999999999999,0.960000000000014));
#15032=CARTESIAN_POINT('Origin',(6.6710846809974,3.84999999999999,0.787307067317565));
#15033=CARTESIAN_POINT('',(6.62016245516419,3.84999999999999,0.0590853106278932));
#15034=CARTESIAN_POINT('',(5.9410846809974,3.84999999999999,0.787307067317566));
#15035=CARTESIAN_POINT('Origin',(0.036325025917277,3.84999999999999,0.519472072409442));
#15036=CARTESIAN_POINT('',(7.46512176312794,3.84999999999999,-7.58941520739853E-16));
#15037=CARTESIAN_POINT('Origin',(7.42879673721066,3.84999999999999,-0.519472072409449));
#15038=CARTESIAN_POINT('',(7.5,3.84999999999999,0.498782025129912));
#15039=CARTESIAN_POINT('Origin',(0.0712032627893362,3.84999999999999,1.01825409753935));
#15040=CARTESIAN_POINT('',(6.65504069203625,3.84999999999999,0.557867335757805));
#15041=CARTESIAN_POINT('Origin',(6.6710846809974,3.84999999999999,0.787307067317565));
#15042=CARTESIAN_POINT('',(6.4410846809974,3.84999999999999,0.787307067317565));
#15043=CARTESIAN_POINT('Origin',(6.4410846809974,3.84999999999999,3.23507761241939E-14));
#15044=CARTESIAN_POINT('',(6.4410846809974,3.84999999999999,0.960000000000014));
#15045=CARTESIAN_POINT('Origin',(5.7110846809974,3.84999999999999,0.960000000000014));
#15046=CARTESIAN_POINT('',(6.1,4.59999999999999,1.57777412914845));
#15047=CARTESIAN_POINT('',(6.1,4.59999999999999,1.57777412914845));
#15048=CARTESIAN_POINT('',(5.7110846809974,4.59999999999999,1.69000000000001));
#15049=CARTESIAN_POINT('Origin',(5.7110846809974,4.59999999999999,0.960000000000014));
#15050=CARTESIAN_POINT('',(5.7110846809974,3.79999999999999,1.69000000000001));
#15051=CARTESIAN_POINT('',(5.7110846809974,3.84999999999999,1.69000000000001));
#15052=CARTESIAN_POINT('',(6.1,3.79999999999999,1.57777412914845));
#15053=CARTESIAN_POINT('Origin',(5.7110846809974,3.79999999999999,0.960000000000014));
#15054=CARTESIAN_POINT('',(6.1,3.79999999999999,1.57777412914845));
#15055=CARTESIAN_POINT('Origin',(-1.01972025033178E-15,3.84999999999999,
1.69000000000001));
#15056=CARTESIAN_POINT('',(5.5,4.59999999999999,1.69000000000001));
#15057=CARTESIAN_POINT('',(5.7110846809974,4.59999999999999,1.69000000000001));
#15058=CARTESIAN_POINT('',(5.5,4.59999999999999,1.69000000000001));
#15059=CARTESIAN_POINT('',(4.96183650964577,3.84999999999999,1.69000000000001));
#15060=CARTESIAN_POINT('',(4.96183650964577,3.84999999999999,1.69000000000001));
#15061=CARTESIAN_POINT('',(5.5,3.84999999999999,1.69000000000001));
#15062=CARTESIAN_POINT('',(-1.01972025033178E-15,3.84999999999999,1.69000000000001));
#15063=CARTESIAN_POINT('',(5.5,3.79999999999999,1.69000000000001));
#15064=CARTESIAN_POINT('',(5.5,3.79999999999999,1.69000000000001));
#15065=CARTESIAN_POINT('',(5.7110846809974,3.79999999999999,1.69000000000001));
#15066=CARTESIAN_POINT('Origin',(5.10122585276319,3.84999999999999,0.899483752529725));
#15067=CARTESIAN_POINT('',(5.05,3.84999999999999,1.19000000000001));
#15068=CARTESIAN_POINT('',(5.05,3.84999999999999,1.19000000000001));
#15069=CARTESIAN_POINT('',(5.10122585276319,3.84999999999999,0.899483752529725));
#15070=CARTESIAN_POINT('Origin',(-4.15120989818356E-17,3.84999999999999,
1.19000000000001));
#15071=CARTESIAN_POINT('',(5.5,4.59999999999999,1.19000000000001));
#15072=CARTESIAN_POINT('',(5.5,4.59999999999999,1.19000000000001));
#15073=CARTESIAN_POINT('',(5.7110846809974,4.59999999999999,1.19000000000001));
#15074=CARTESIAN_POINT('',(5.5,4.59999999999999,1.19000000000001));
#15075=CARTESIAN_POINT('',(5.7110846809974,3.79999999999999,1.19000000000001));
#15076=CARTESIAN_POINT('',(5.7110846809974,3.84999999999999,1.19000000000001));
#15077=CARTESIAN_POINT('',(5.5,3.79999999999999,1.19000000000001));
#15078=CARTESIAN_POINT('',(5.5,3.79999999999999,1.19000000000001));
#15079=CARTESIAN_POINT('',(5.5,3.84999999999999,1.19000000000001));
#15080=CARTESIAN_POINT('',(5.5,3.79999999999999,1.19000000000001));
#15081=CARTESIAN_POINT('',(-4.15120989818356E-17,3.84999999999999,1.19000000000001));
#15082=CARTESIAN_POINT('Origin',(5.7110846809974,3.84999999999999,0.960000000000014));
#15083=CARTESIAN_POINT('',(5.83361964451877,4.59999999999999,1.15464116397829));
#15084=CARTESIAN_POINT('Origin',(5.7110846809974,4.59999999999999,0.960000000000014));
#15085=CARTESIAN_POINT('',(5.83361964451877,4.59999999999999,1.15464116397829));
#15086=CARTESIAN_POINT('',(5.9410846809974,3.84999999999999,0.960000000000014));
#15087=CARTESIAN_POINT('',(5.83361964451877,3.79999999999999,1.15464116397829));
#15088=CARTESIAN_POINT('',(5.83361964451877,3.79999999999999,1.15464116397829));
#15089=CARTESIAN_POINT('Origin',(5.7110846809974,3.79999999999999,0.960000000000014));
#15090=CARTESIAN_POINT('Origin',(5.94108468099739,3.84999999999999,-2.98394928756103E-14));
#15091=CARTESIAN_POINT('Origin',(-4.15120989818356E-17,3.84999999999999,
0.));
#15092=CARTESIAN_POINT('',(5.5,3.84999999999999,1.69000000000001));
#15093=CARTESIAN_POINT('Origin',(6.1,4.59999999999999,1.57777412914845));
#15094=CARTESIAN_POINT('',(6.1,4.59999999999999,1.57777412914845));
#15095=CARTESIAN_POINT('Origin',(5.5,4.59999999999999,1.19000000000001));
#15096=CARTESIAN_POINT('',(5.5,4.59999999999999,1.19000000000001));
#15097=CARTESIAN_POINT('Origin',(5.7110846809974,4.59999999999999,0.960000000000014));
#15098=CARTESIAN_POINT('Origin',(5.5,3.79999999999999,1.69000000000001));
#15099=CARTESIAN_POINT('',(5.5,3.79999999999999,1.69000000000001));
#15100=CARTESIAN_POINT('Origin',(5.83361964451877,3.79999999999999,1.15464116397829));
#15101=CARTESIAN_POINT('',(5.83361964451877,3.79999999999999,1.15464116397829));
#15102=CARTESIAN_POINT('Origin',(5.7110846809974,3.79999999999999,0.960000000000014));
#15103=CARTESIAN_POINT('Origin',(-8.35821440418071E-16,-4.55000000000001,
0.));
#15104=CARTESIAN_POINT('',(-5.5,-4.55000000000001,1.19000000000001));
#15105=CARTESIAN_POINT('',(-5.5,-4.55000000000001,1.69000000000001));
#15106=CARTESIAN_POINT('',(-5.5,-4.55000000000001,1.19000000000001));
#15107=CARTESIAN_POINT('',(-5.05,-4.55000000000001,1.19000000000001));
#15108=CARTESIAN_POINT('',(-8.35821440418071E-16,-4.55000000000001,1.19000000000001));
#15109=CARTESIAN_POINT('',(-4.96183650964577,-4.55000000000001,1.69000000000001));
#15110=CARTESIAN_POINT('',(-5.10122585276319,-4.55000000000001,0.899483752529725));
#15111=CARTESIAN_POINT('',(1.42386710931875E-16,-4.55000000000001,1.69000000000001));
#15112=CARTESIAN_POINT('Origin',(-7.07233526507599E-16,-3.85000000000001,
0.));
#15113=CARTESIAN_POINT('',(-5.83361964451877,-3.85000000000001,1.15464116397829));
#15114=CARTESIAN_POINT('',(-6.1,-3.85000000000001,1.57777412914845));
#15115=CARTESIAN_POINT('',(-6.1,-3.85000000000001,1.57777412914845));
#15116=CARTESIAN_POINT('',(-5.9410846809974,-3.85000000000001,0.960000000000014));
#15117=CARTESIAN_POINT('Origin',(-5.7110846809974,-3.85000000000001,0.960000000000014));
#15118=CARTESIAN_POINT('',(-5.9410846809974,-3.85000000000001,0.787307067317566));
#15119=CARTESIAN_POINT('',(-5.94108468099739,-3.85000000000001,-2.98394928756103E-14));
#15120=CARTESIAN_POINT('',(-6.62016245516419,-3.85000000000001,0.0590853106278932));
#15121=CARTESIAN_POINT('Origin',(-6.6710846809974,-3.85000000000001,0.787307067317565));
#15122=CARTESIAN_POINT('',(-7.46512176312794,-3.85000000000001,-8.67361737988404E-16));
#15123=CARTESIAN_POINT('',(-0.0363250259172778,-3.85000000000001,0.519472072409442));
#15124=CARTESIAN_POINT('',(-7.5,-3.85000000000001,0.498782025129912));
#15125=CARTESIAN_POINT('',(-7.42879673721067,-3.85000000000001,-0.519472072409449));
#15126=CARTESIAN_POINT('',(-6.65504069203625,-3.85000000000001,0.557867335757805));
#15127=CARTESIAN_POINT('',(-0.0712032627893369,-3.85000000000001,1.01825409753935));
#15128=CARTESIAN_POINT('',(-6.4410846809974,-3.85000000000001,0.787307067317565));
#15129=CARTESIAN_POINT('Origin',(-6.6710846809974,-3.85000000000001,0.787307067317565));
#15130=CARTESIAN_POINT('',(-6.4410846809974,-3.85000000000001,0.960000000000014));
#15131=CARTESIAN_POINT('',(-6.44108468099741,-3.85000000000001,3.23507761241939E-14));
#15132=CARTESIAN_POINT('Origin',(-5.7110846809974,-3.85000000000001,0.960000000000014));
#15133=CARTESIAN_POINT('Origin',(-7.07233526507599E-16,-3.85000000000001,
0.));
#15134=CARTESIAN_POINT('',(-5.5,-3.85000000000001,1.69000000000001));
#15135=CARTESIAN_POINT('',(-5.5,-3.85000000000001,1.19000000000001));
#15136=CARTESIAN_POINT('',(-5.5,-3.85000000000001,1.19000000000001));
#15137=CARTESIAN_POINT('',(-4.96183650964577,-3.85000000000001,1.69000000000001));
#15138=CARTESIAN_POINT('',(2.70974624842347E-16,-3.85000000000001,1.69000000000001));
#15139=CARTESIAN_POINT('',(-5.05,-3.85000000000001,1.19000000000001));
#15140=CARTESIAN_POINT('',(-5.10122585276319,-3.85000000000001,0.899483752529725));
#15141=CARTESIAN_POINT('',(-7.07233526507599E-16,-3.85000000000001,1.19000000000001));
#15142=CARTESIAN_POINT('Origin',(1.42386710931875E-16,-4.55000000000001,
1.69000000000001));
#15143=CARTESIAN_POINT('',(-5.5,-3.80000000000001,1.69000000000001));
#15144=CARTESIAN_POINT('',(-5.5,-3.80000000000001,1.69000000000001));
#15145=CARTESIAN_POINT('',(-5.7110846809974,-3.80000000000001,1.69000000000001));
#15146=CARTESIAN_POINT('',(-5.7110846809974,-3.80000000000001,1.69000000000001));
#15147=CARTESIAN_POINT('',(-5.7110846809974,-4.60000000000001,1.69000000000001));
#15148=CARTESIAN_POINT('',(-5.7110846809974,-4.55000000000001,1.69000000000001));
#15149=CARTESIAN_POINT('',(-5.5,-4.60000000000001,1.69000000000001));
#15150=CARTESIAN_POINT('',(-5.5,-4.60000000000001,1.69000000000001));
#15151=CARTESIAN_POINT('',(-5.5,-4.60000000000001,1.69000000000001));
#15152=CARTESIAN_POINT('',(-4.96183650964577,-4.55000000000001,1.69000000000001));
#15153=CARTESIAN_POINT('Origin',(-5.7110846809974,-4.55000000000001,0.960000000000014));
#15154=CARTESIAN_POINT('',(-6.1,-3.80000000000001,1.57777412914845));
#15155=CARTESIAN_POINT('Origin',(-5.7110846809974,-3.80000000000001,0.960000000000014));
#15156=CARTESIAN_POINT('',(-6.1,-3.80000000000001,1.57777412914845));
#15157=CARTESIAN_POINT('',(-6.4410846809974,-4.55000000000001,0.960000000000014));
#15158=CARTESIAN_POINT('',(-6.4410846809974,-4.55000000000001,0.960000000000014));
#15159=CARTESIAN_POINT('',(-6.1,-4.55000000000001,1.57777412914845));
#15160=CARTESIAN_POINT('Origin',(-5.7110846809974,-4.55000000000001,0.960000000000014));
#15161=CARTESIAN_POINT('',(-6.1,-4.60000000000001,1.57777412914845));
#15162=CARTESIAN_POINT('',(-6.1,-4.60000000000001,1.57777412914845));
#15163=CARTESIAN_POINT('Origin',(-5.7110846809974,-4.60000000000001,0.960000000000014));
#15164=CARTESIAN_POINT('Origin',(-6.44108468099741,-4.55000000000001,3.23507761241939E-14));
#15165=CARTESIAN_POINT('',(-6.4410846809974,-4.55000000000001,0.787307067317565));
#15166=CARTESIAN_POINT('',(-6.4410846809974,-4.55000000000001,0.787307067317565));
#15167=CARTESIAN_POINT('',(-6.44108468099741,-4.55000000000001,3.23507761241939E-14));
#15168=CARTESIAN_POINT('Origin',(-6.6710846809974,-4.55000000000001,0.787307067317565));
#15169=CARTESIAN_POINT('',(-6.65504069203625,-4.55000000000001,0.557867335757805));
#15170=CARTESIAN_POINT('',(-6.65504069203625,-4.55000000000001,0.557867335757805));
#15171=CARTESIAN_POINT('Origin',(-6.6710846809974,-4.55000000000001,0.787307067317565));
#15172=CARTESIAN_POINT('Origin',(-0.071203262789337,-4.55000000000001,1.01825409753935));
#15173=CARTESIAN_POINT('',(-7.5,-4.55000000000001,0.498782025129912));
#15174=CARTESIAN_POINT('',(-7.5,-4.55000000000001,0.498782025129912));
#15175=CARTESIAN_POINT('',(-0.071203262789337,-4.55000000000001,1.01825409753935));
#15176=CARTESIAN_POINT('Origin',(-7.42879673721067,-4.55000000000001,-0.519472072409449));
#15177=CARTESIAN_POINT('',(-7.46512176312794,-4.55000000000001,-8.67361737988404E-16));
#15178=CARTESIAN_POINT('',(-7.46512176312794,-4.55000000000001,-8.67361737988404E-16));
#15179=CARTESIAN_POINT('',(-7.42879673721067,-4.55000000000001,-0.519472072409449));
#15180=CARTESIAN_POINT('Origin',(-0.0363250259172779,-4.55000000000001,
0.519472072409442));
#15181=CARTESIAN_POINT('',(-6.62016245516419,-4.55000000000001,0.0590853106278932));
#15182=CARTESIAN_POINT('',(-6.62016245516419,-4.55000000000001,0.0590853106278932));
#15183=CARTESIAN_POINT('',(-0.0363250259172779,-4.55000000000001,0.519472072409442));
#15184=CARTESIAN_POINT('Origin',(-6.6710846809974,-4.55000000000001,0.787307067317565));
#15185=CARTESIAN_POINT('',(-5.9410846809974,-4.55000000000001,0.787307067317566));
#15186=CARTESIAN_POINT('',(-5.9410846809974,-4.55000000000001,0.787307067317566));
#15187=CARTESIAN_POINT('Origin',(-6.6710846809974,-4.55000000000001,0.787307067317565));
#15188=CARTESIAN_POINT('Origin',(-5.94108468099739,-4.55000000000001,-2.98394928756103E-14));
#15189=CARTESIAN_POINT('',(-5.9410846809974,-4.55000000000001,0.960000000000014));
#15190=CARTESIAN_POINT('',(-5.9410846809974,-4.55000000000001,0.960000000000014));
#15191=CARTESIAN_POINT('',(-5.94108468099739,-4.55000000000001,-2.98394928756103E-14));
#15192=CARTESIAN_POINT('Origin',(-5.7110846809974,-4.55000000000001,0.960000000000014));
#15193=CARTESIAN_POINT('',(-5.83361964451877,-3.80000000000001,1.15464116397829));
#15194=CARTESIAN_POINT('',(-5.83361964451877,-3.80000000000001,1.15464116397829));
#15195=CARTESIAN_POINT('',(-5.7110846809974,-3.80000000000001,1.19000000000001));
#15196=CARTESIAN_POINT('Origin',(-5.7110846809974,-3.80000000000001,0.960000000000014));
#15197=CARTESIAN_POINT('',(-5.7110846809974,-4.60000000000001,1.19000000000001));
#15198=CARTESIAN_POINT('',(-5.7110846809974,-4.55000000000001,1.19000000000001));
#15199=CARTESIAN_POINT('',(-5.83361964451877,-4.60000000000001,1.15464116397829));
#15200=CARTESIAN_POINT('Origin',(-5.7110846809974,-4.60000000000001,0.960000000000014));
#15201=CARTESIAN_POINT('',(-5.83361964451877,-4.55000000000001,1.15464116397829));
#15202=CARTESIAN_POINT('',(-5.83361964451877,-4.60000000000001,1.15464116397829));
#15203=CARTESIAN_POINT('Origin',(-5.7110846809974,-4.55000000000001,0.960000000000014));
#15204=CARTESIAN_POINT('Origin',(-8.35821440418071E-16,-4.55000000000001,
1.19000000000001));
#15205=CARTESIAN_POINT('',(-5.5,-3.80000000000001,1.19000000000001));
#15206=CARTESIAN_POINT('',(-5.5,-3.80000000000001,1.19000000000001));
#15207=CARTESIAN_POINT('',(-5.5,-3.80000000000001,1.19000000000001));
#15208=CARTESIAN_POINT('',(-5.05,-4.55000000000001,1.19000000000001));
#15209=CARTESIAN_POINT('',(-5.5,-4.60000000000001,1.19000000000001));
#15210=CARTESIAN_POINT('',(-5.5,-4.60000000000001,1.19000000000001));
#15211=CARTESIAN_POINT('',(-5.7110846809974,-4.60000000000001,1.19000000000001));
#15212=CARTESIAN_POINT('Origin',(-5.10122585276319,-4.55000000000001,0.899483752529725));
#15213=CARTESIAN_POINT('Origin',(-8.35821440418071E-16,-4.55000000000001,
0.));
#15214=CARTESIAN_POINT('',(-6.1,-4.55000000000001,1.57777412914845));
#15215=CARTESIAN_POINT('Origin',(-5.5,-3.80000000000001,1.19000000000001));
#15216=CARTESIAN_POINT('',(-5.5,-3.80000000000001,1.19000000000001));
#15217=CARTESIAN_POINT('Origin',(-6.1,-3.80000000000001,1.57777412914845));
#15218=CARTESIAN_POINT('',(-6.1,-3.80000000000001,1.57777412914845));
#15219=CARTESIAN_POINT('Origin',(-5.7110846809974,-3.80000000000001,0.960000000000014));
#15220=CARTESIAN_POINT('Origin',(-6.1,-4.60000000000001,1.57777412914845));
#15221=CARTESIAN_POINT('',(-6.1,-4.60000000000001,1.57777412914845));
#15222=CARTESIAN_POINT('Origin',(-5.5,-4.60000000000001,1.19000000000001));
#15223=CARTESIAN_POINT('',(-5.5,-4.60000000000001,1.19000000000001));
#15224=CARTESIAN_POINT('Origin',(-5.7110846809974,-4.60000000000001,0.960000000000014));
#15225=CARTESIAN_POINT('Origin',(-8.35821440418071E-16,-4.55000000000001,
0.));
#15226=CARTESIAN_POINT('',(5.83361964451877,-4.55000000000001,1.15464116397829));
#15227=CARTESIAN_POINT('',(6.1,-4.55000000000001,1.57777412914844));
#15228=CARTESIAN_POINT('',(5.83361964451877,-4.55000000000001,1.15464116397829));
#15229=CARTESIAN_POINT('',(5.9410846809974,-4.55000000000001,0.960000000000014));
#15230=CARTESIAN_POINT('Origin',(5.7110846809974,-4.55000000000001,0.960000000000014));
#15231=CARTESIAN_POINT('',(5.9410846809974,-4.55000000000001,0.787307067317566));
#15232=CARTESIAN_POINT('',(5.94108468099739,-4.55000000000001,-2.98394928756103E-14));
#15233=CARTESIAN_POINT('',(6.62016245516419,-4.55000000000001,0.0590853106278932));
#15234=CARTESIAN_POINT('Origin',(6.6710846809974,-4.55000000000001,0.787307067317565));
#15235=CARTESIAN_POINT('',(7.46512176312794,-4.55000000000001,-7.58941520739853E-16));
#15236=CARTESIAN_POINT('',(0.0363250259172762,-4.55000000000001,0.519472072409442));
#15237=CARTESIAN_POINT('',(7.5,-4.55000000000001,0.498782025129912));
#15238=CARTESIAN_POINT('',(7.42879673721066,-4.55000000000001,-0.519472072409449));
#15239=CARTESIAN_POINT('',(6.65504069203625,-4.55000000000001,0.557867335757805));
#15240=CARTESIAN_POINT('',(0.0712032627893354,-4.55000000000001,1.01825409753935));
#15241=CARTESIAN_POINT('',(6.4410846809974,-4.55000000000001,0.787307067317565));
#15242=CARTESIAN_POINT('Origin',(6.6710846809974,-4.55000000000001,0.787307067317565));
#15243=CARTESIAN_POINT('',(6.4410846809974,-4.55000000000001,0.960000000000014));
#15244=CARTESIAN_POINT('',(6.4410846809974,-4.55000000000001,3.23507761241939E-14));
#15245=CARTESIAN_POINT('Origin',(5.7110846809974,-4.55000000000001,0.960000000000014));
#15246=CARTESIAN_POINT('Origin',(-7.07233526507599E-16,-3.85000000000001,
0.));
#15247=CARTESIAN_POINT('',(5.5,-3.85000000000001,1.19000000000001));
#15248=CARTESIAN_POINT('',(5.5,-3.85000000000001,1.69000000000001));
#15249=CARTESIAN_POINT('',(5.5,-3.85000000000001,1.19000000000001));
#15250=CARTESIAN_POINT('',(5.05,-3.85000000000001,1.19000000000001));
#15251=CARTESIAN_POINT('',(-7.07233526507599E-16,-3.85000000000001,1.19000000000001));
#15252=CARTESIAN_POINT('',(4.96183650964576,-3.85000000000001,1.69000000000001));
#15253=CARTESIAN_POINT('',(5.10122585276319,-3.85000000000001,0.899483752529725));
#15254=CARTESIAN_POINT('',(-1.68544167785754E-15,-3.85000000000001,1.69000000000001));
#15255=CARTESIAN_POINT('Origin',(-7.07233526507599E-16,-3.85000000000001,
0.));
#15256=CARTESIAN_POINT('',(6.1,-3.85000000000001,1.57777412914844));
#15257=CARTESIAN_POINT('',(5.83361964451877,-3.85000000000001,1.15464116397829));
#15258=CARTESIAN_POINT('',(6.1,-3.85000000000001,1.57777412914845));
#15259=CARTESIAN_POINT('',(6.4410846809974,-3.85000000000001,0.960000000000014));
#15260=CARTESIAN_POINT('Origin',(5.7110846809974,-3.85000000000001,0.960000000000014));
#15261=CARTESIAN_POINT('',(6.4410846809974,-3.85000000000001,0.787307067317565));
#15262=CARTESIAN_POINT('',(6.4410846809974,-3.85000000000001,3.23507761241939E-14));
#15263=CARTESIAN_POINT('',(6.65504069203625,-3.85000000000001,0.557867335757805));
#15264=CARTESIAN_POINT('Origin',(6.6710846809974,-3.85000000000001,0.787307067317565));
#15265=CARTESIAN_POINT('',(7.5,-3.85000000000001,0.498782025129912));
#15266=CARTESIAN_POINT('',(0.0712032627893355,-3.85000000000001,1.01825409753935));
#15267=CARTESIAN_POINT('',(7.46512176312794,-3.85000000000001,-7.58941520739853E-16));
#15268=CARTESIAN_POINT('',(7.42879673721066,-3.85000000000001,-0.519472072409449));
#15269=CARTESIAN_POINT('',(6.62016245516419,-3.85000000000001,0.0590853106278932));
#15270=CARTESIAN_POINT('',(0.0363250259172764,-3.85000000000001,0.519472072409442));
#15271=CARTESIAN_POINT('',(5.9410846809974,-3.85000000000001,0.787307067317566));
#15272=CARTESIAN_POINT('Origin',(6.6710846809974,-3.85000000000001,0.787307067317565));
#15273=CARTESIAN_POINT('',(5.9410846809974,-3.85000000000001,0.960000000000014));
#15274=CARTESIAN_POINT('',(5.94108468099739,-3.85000000000001,-2.98394928756103E-14));
#15275=CARTESIAN_POINT('Origin',(5.7110846809974,-3.85000000000001,0.960000000000014));
#15276=CARTESIAN_POINT('Origin',(6.6710846809974,-4.55000000000001,0.787307067317565));
#15277=CARTESIAN_POINT('',(6.62016245516419,-4.55000000000001,0.0590853106278932));
#15278=CARTESIAN_POINT('',(5.9410846809974,-4.55000000000001,0.787307067317566));
#15279=CARTESIAN_POINT('Origin',(0.0363250259172762,-4.55000000000001,0.519472072409442));
#15280=CARTESIAN_POINT('',(7.46512176312794,-4.55000000000001,-7.58941520739853E-16));
#15281=CARTESIAN_POINT('Origin',(7.42879673721066,-4.55000000000001,-0.519472072409449));
#15282=CARTESIAN_POINT('',(7.5,-4.55000000000001,0.498782025129912));
#15283=CARTESIAN_POINT('Origin',(0.0712032627893354,-4.55000000000001,1.01825409753935));
#15284=CARTESIAN_POINT('',(6.65504069203625,-4.55000000000001,0.557867335757805));
#15285=CARTESIAN_POINT('Origin',(6.6710846809974,-4.55000000000001,0.787307067317565));
#15286=CARTESIAN_POINT('',(6.4410846809974,-4.55000000000001,0.787307067317565));
#15287=CARTESIAN_POINT('Origin',(6.4410846809974,-4.55000000000001,3.23507761241939E-14));
#15288=CARTESIAN_POINT('',(6.4410846809974,-4.55000000000001,0.960000000000014));
#15289=CARTESIAN_POINT('Origin',(5.7110846809974,-4.55000000000001,0.960000000000014));
#15290=CARTESIAN_POINT('',(6.1,-3.80000000000001,1.57777412914845));
#15291=CARTESIAN_POINT('',(6.1,-3.80000000000001,1.57777412914845));
#15292=CARTESIAN_POINT('',(5.7110846809974,-3.80000000000001,1.69000000000001));
#15293=CARTESIAN_POINT('Origin',(5.7110846809974,-3.80000000000001,0.960000000000014));
#15294=CARTESIAN_POINT('',(5.7110846809974,-4.60000000000001,1.69000000000001));
#15295=CARTESIAN_POINT('',(5.7110846809974,-4.55000000000001,1.69000000000001));
#15296=CARTESIAN_POINT('',(6.1,-4.60000000000001,1.57777412914845));
#15297=CARTESIAN_POINT('Origin',(5.7110846809974,-4.60000000000001,0.960000000000014));
#15298=CARTESIAN_POINT('',(6.1,-4.60000000000001,1.57777412914845));
#15299=CARTESIAN_POINT('Origin',(-1.81402959176802E-15,-4.55000000000001,
1.69000000000001));
#15300=CARTESIAN_POINT('',(5.5,-3.80000000000001,1.69000000000001));
#15301=CARTESIAN_POINT('',(5.7110846809974,-3.80000000000001,1.69000000000001));
#15302=CARTESIAN_POINT('',(5.5,-3.80000000000001,1.69000000000001));
#15303=CARTESIAN_POINT('',(4.96183650964576,-4.55000000000001,1.69000000000001));
#15304=CARTESIAN_POINT('',(4.96183650964576,-4.55000000000001,1.69000000000001));
#15305=CARTESIAN_POINT('',(5.5,-4.55000000000001,1.69000000000001));
#15306=CARTESIAN_POINT('',(-1.81402959176802E-15,-4.55000000000001,1.69000000000001));
#15307=CARTESIAN_POINT('',(5.5,-4.60000000000001,1.69000000000001));
#15308=CARTESIAN_POINT('',(5.5,-4.60000000000001,1.69000000000001));
#15309=CARTESIAN_POINT('',(5.7110846809974,-4.60000000000001,1.69000000000001));
#15310=CARTESIAN_POINT('Origin',(5.10122585276319,-4.55000000000001,0.899483752529725));
#15311=CARTESIAN_POINT('',(5.05,-4.55000000000001,1.19000000000001));
#15312=CARTESIAN_POINT('',(5.05,-4.55000000000001,1.19000000000001));
#15313=CARTESIAN_POINT('',(5.10122585276319,-4.55000000000001,0.899483752529725));
#15314=CARTESIAN_POINT('Origin',(-8.35821440418071E-16,-4.55000000000001,
1.19000000000001));
#15315=CARTESIAN_POINT('',(5.5,-3.80000000000001,1.19000000000001));
#15316=CARTESIAN_POINT('',(5.5,-3.80000000000001,1.19000000000001));
#15317=CARTESIAN_POINT('',(5.7110846809974,-3.80000000000001,1.19000000000001));
#15318=CARTESIAN_POINT('',(5.5,-3.80000000000001,1.19000000000001));
#15319=CARTESIAN_POINT('',(5.7110846809974,-4.60000000000001,1.19000000000001));
#15320=CARTESIAN_POINT('',(5.7110846809974,-4.55000000000001,1.19000000000001));
#15321=CARTESIAN_POINT('',(5.5,-4.60000000000001,1.19000000000001));
#15322=CARTESIAN_POINT('',(5.5,-4.60000000000001,1.19000000000001));
#15323=CARTESIAN_POINT('',(5.5,-4.55000000000001,1.19000000000001));
#15324=CARTESIAN_POINT('',(5.5,-4.60000000000001,1.19000000000001));
#15325=CARTESIAN_POINT('',(-8.35821440418071E-16,-4.55000000000001,1.19000000000001));
#15326=CARTESIAN_POINT('Origin',(5.7110846809974,-4.55000000000001,0.960000000000014));
#15327=CARTESIAN_POINT('',(5.83361964451877,-3.80000000000001,1.15464116397829));
#15328=CARTESIAN_POINT('Origin',(5.7110846809974,-3.80000000000001,0.960000000000014));
#15329=CARTESIAN_POINT('',(5.83361964451877,-3.80000000000001,1.15464116397829));
#15330=CARTESIAN_POINT('',(5.9410846809974,-4.55000000000001,0.960000000000014));
#15331=CARTESIAN_POINT('',(5.83361964451877,-4.60000000000001,1.15464116397829));
#15332=CARTESIAN_POINT('',(5.83361964451877,-4.60000000000001,1.15464116397829));
#15333=CARTESIAN_POINT('Origin',(5.7110846809974,-4.60000000000001,0.960000000000014));
#15334=CARTESIAN_POINT('Origin',(5.94108468099739,-4.55000000000001,-2.98394928756103E-14));
#15335=CARTESIAN_POINT('Origin',(-8.35821440418071E-16,-4.55000000000001,
0.));
#15336=CARTESIAN_POINT('',(5.5,-4.55000000000001,1.69000000000001));
#15337=CARTESIAN_POINT('Origin',(6.1,-3.80000000000001,1.57777412914845));
#15338=CARTESIAN_POINT('',(6.1,-3.80000000000001,1.57777412914845));
#15339=CARTESIAN_POINT('Origin',(5.5,-3.80000000000001,1.19000000000001));
#15340=CARTESIAN_POINT('',(5.5,-3.80000000000001,1.19000000000001));
#15341=CARTESIAN_POINT('Origin',(5.7110846809974,-3.80000000000001,0.960000000000014));
#15342=CARTESIAN_POINT('Origin',(5.5,-4.60000000000001,1.69000000000001));
#15343=CARTESIAN_POINT('',(5.5,-4.60000000000001,1.69000000000001));
#15344=CARTESIAN_POINT('Origin',(5.83361964451877,-4.60000000000001,1.15464116397829));
#15345=CARTESIAN_POINT('',(5.83361964451877,-4.60000000000001,1.15464116397829));
#15346=CARTESIAN_POINT('Origin',(5.7110846809974,-4.60000000000001,0.960000000000014));
#15347=CARTESIAN_POINT('Origin',(-7.22348677355752E-16,-3.35000000000001,
0.));
#15348=CARTESIAN_POINT('',(-5.5,-3.35000000000001,1.19000000000001));
#15349=CARTESIAN_POINT('',(-5.5,-3.35000000000001,1.69000000000001));
#15350=CARTESIAN_POINT('',(-5.5,-3.35000000000001,1.19000000000001));
#15351=CARTESIAN_POINT('',(-5.05,-3.35000000000001,1.19000000000001));
#15352=CARTESIAN_POINT('',(-7.22348677355752E-16,-3.35000000000001,1.19000000000001));
#15353=CARTESIAN_POINT('',(-4.96183650964577,-3.35000000000001,1.69000000000001));
#15354=CARTESIAN_POINT('',(-5.10122585276319,-3.35000000000001,0.899483752529725));
#15355=CARTESIAN_POINT('',(2.55859473994194E-16,-3.35000000000001,1.69000000000001));
#15356=CARTESIAN_POINT('Origin',(-5.93760763445279E-16,-2.65000000000001,
0.));
#15357=CARTESIAN_POINT('',(-5.83361964451877,-2.65000000000001,1.15464116397829));
#15358=CARTESIAN_POINT('',(-6.1,-2.65000000000001,1.57777412914845));
#15359=CARTESIAN_POINT('',(-6.1,-2.65000000000001,1.57777412914845));
#15360=CARTESIAN_POINT('',(-5.9410846809974,-2.65000000000001,0.960000000000014));
#15361=CARTESIAN_POINT('Origin',(-5.7110846809974,-2.65000000000001,0.960000000000014));
#15362=CARTESIAN_POINT('',(-5.9410846809974,-2.65000000000001,0.787307067317566));
#15363=CARTESIAN_POINT('',(-5.94108468099739,-2.65000000000001,-2.98394928756103E-14));
#15364=CARTESIAN_POINT('',(-6.62016245516419,-2.65000000000001,0.0590853106278932));
#15365=CARTESIAN_POINT('Origin',(-6.6710846809974,-2.65000000000001,0.787307067317565));
#15366=CARTESIAN_POINT('',(-7.46512176312794,-2.65000000000001,-8.67361737988404E-16));
#15367=CARTESIAN_POINT('',(-0.0363250259172777,-2.65000000000001,0.519472072409442));
#15368=CARTESIAN_POINT('',(-7.5,-2.65000000000001,0.498782025129912));
#15369=CARTESIAN_POINT('',(-7.42879673721067,-2.65000000000001,-0.519472072409449));
#15370=CARTESIAN_POINT('',(-6.65504069203625,-2.65000000000001,0.557867335757805));
#15371=CARTESIAN_POINT('',(-0.0712032627893368,-2.65000000000001,1.01825409753935));
#15372=CARTESIAN_POINT('',(-6.4410846809974,-2.65000000000001,0.787307067317565));
#15373=CARTESIAN_POINT('Origin',(-6.6710846809974,-2.65000000000001,0.787307067317565));
#15374=CARTESIAN_POINT('',(-6.4410846809974,-2.65000000000001,0.960000000000014));
#15375=CARTESIAN_POINT('',(-6.44108468099741,-2.65000000000001,3.23507761241939E-14));
#15376=CARTESIAN_POINT('Origin',(-5.7110846809974,-2.65000000000001,0.960000000000014));
#15377=CARTESIAN_POINT('Origin',(-5.93760763445279E-16,-2.65000000000001,
0.));
#15378=CARTESIAN_POINT('',(-5.5,-2.65000000000001,1.69000000000001));
#15379=CARTESIAN_POINT('',(-5.5,-2.65000000000001,1.19000000000001));
#15380=CARTESIAN_POINT('',(-5.5,-2.65000000000001,1.19000000000001));
#15381=CARTESIAN_POINT('',(-4.96183650964577,-2.65000000000001,1.69000000000001));
#15382=CARTESIAN_POINT('',(3.84447387904666E-16,-2.65000000000001,1.69000000000001));
#15383=CARTESIAN_POINT('',(-5.05,-2.65000000000001,1.19000000000001));
#15384=CARTESIAN_POINT('',(-5.10122585276319,-2.65000000000001,0.899483752529725));
#15385=CARTESIAN_POINT('',(-5.93760763445279E-16,-2.65000000000001,1.19000000000001));
#15386=CARTESIAN_POINT('Origin',(2.55859473994194E-16,-3.35000000000001,
1.69000000000001));
#15387=CARTESIAN_POINT('',(-5.5,-2.60000000000001,1.69000000000001));
#15388=CARTESIAN_POINT('',(-5.5,-2.60000000000001,1.69000000000001));
#15389=CARTESIAN_POINT('',(-5.7110846809974,-2.60000000000001,1.69000000000001));
#15390=CARTESIAN_POINT('',(-5.7110846809974,-2.60000000000001,1.69000000000001));
#15391=CARTESIAN_POINT('',(-5.7110846809974,-3.40000000000001,1.69000000000001));
#15392=CARTESIAN_POINT('',(-5.7110846809974,-3.35000000000001,1.69000000000001));
#15393=CARTESIAN_POINT('',(-5.5,-3.40000000000001,1.69000000000001));
#15394=CARTESIAN_POINT('',(-5.5,-3.40000000000001,1.69000000000001));
#15395=CARTESIAN_POINT('',(-5.5,-3.40000000000001,1.69000000000001));
#15396=CARTESIAN_POINT('',(-4.96183650964577,-3.35000000000001,1.69000000000001));
#15397=CARTESIAN_POINT('Origin',(-5.7110846809974,-3.35000000000001,0.960000000000014));
#15398=CARTESIAN_POINT('',(-6.1,-2.60000000000001,1.57777412914845));
#15399=CARTESIAN_POINT('Origin',(-5.7110846809974,-2.60000000000001,0.960000000000014));
#15400=CARTESIAN_POINT('',(-6.1,-2.60000000000001,1.57777412914845));
#15401=CARTESIAN_POINT('',(-6.4410846809974,-3.35000000000001,0.960000000000014));
#15402=CARTESIAN_POINT('',(-6.4410846809974,-3.35000000000001,0.960000000000014));
#15403=CARTESIAN_POINT('',(-6.1,-3.35000000000001,1.57777412914845));
#15404=CARTESIAN_POINT('Origin',(-5.7110846809974,-3.35000000000001,0.960000000000014));
#15405=CARTESIAN_POINT('',(-6.1,-3.40000000000001,1.57777412914845));
#15406=CARTESIAN_POINT('',(-6.1,-3.40000000000001,1.57777412914845));
#15407=CARTESIAN_POINT('Origin',(-5.7110846809974,-3.40000000000001,0.960000000000014));
#15408=CARTESIAN_POINT('Origin',(-6.44108468099741,-3.35000000000001,3.23507761241939E-14));
#15409=CARTESIAN_POINT('',(-6.4410846809974,-3.35000000000001,0.787307067317565));
#15410=CARTESIAN_POINT('',(-6.4410846809974,-3.35000000000001,0.787307067317565));
#15411=CARTESIAN_POINT('',(-6.44108468099741,-3.35000000000001,3.23507761241939E-14));
#15412=CARTESIAN_POINT('Origin',(-6.6710846809974,-3.35000000000001,0.787307067317565));
#15413=CARTESIAN_POINT('',(-6.65504069203625,-3.35000000000001,0.557867335757805));
#15414=CARTESIAN_POINT('',(-6.65504069203625,-3.35000000000001,0.557867335757805));
#15415=CARTESIAN_POINT('Origin',(-6.6710846809974,-3.35000000000001,0.787307067317565));
#15416=CARTESIAN_POINT('Origin',(-0.0712032627893369,-3.35000000000001,
1.01825409753935));
#15417=CARTESIAN_POINT('',(-7.5,-3.35000000000001,0.498782025129912));
#15418=CARTESIAN_POINT('',(-7.5,-3.35000000000001,0.498782025129912));
#15419=CARTESIAN_POINT('',(-0.0712032627893369,-3.35000000000001,1.01825409753935));
#15420=CARTESIAN_POINT('Origin',(-7.42879673721067,-3.35000000000001,-0.519472072409449));
#15421=CARTESIAN_POINT('',(-7.46512176312794,-3.35000000000001,-8.67361737988404E-16));
#15422=CARTESIAN_POINT('',(-7.46512176312794,-3.35000000000001,-8.67361737988404E-16));
#15423=CARTESIAN_POINT('',(-7.42879673721067,-3.35000000000001,-0.519472072409449));
#15424=CARTESIAN_POINT('Origin',(-0.0363250259172778,-3.35000000000001,
0.519472072409442));
#15425=CARTESIAN_POINT('',(-6.62016245516419,-3.35000000000001,0.0590853106278932));
#15426=CARTESIAN_POINT('',(-6.62016245516419,-3.35000000000001,0.0590853106278932));
#15427=CARTESIAN_POINT('',(-0.0363250259172778,-3.35000000000001,0.519472072409442));
#15428=CARTESIAN_POINT('Origin',(-6.6710846809974,-3.35000000000001,0.787307067317565));
#15429=CARTESIAN_POINT('',(-5.9410846809974,-3.35000000000001,0.787307067317566));
#15430=CARTESIAN_POINT('',(-5.9410846809974,-3.35000000000001,0.787307067317566));
#15431=CARTESIAN_POINT('Origin',(-6.6710846809974,-3.35000000000001,0.787307067317565));
#15432=CARTESIAN_POINT('Origin',(-5.94108468099739,-3.35000000000001,-2.98394928756103E-14));
#15433=CARTESIAN_POINT('',(-5.9410846809974,-3.35000000000001,0.960000000000014));
#15434=CARTESIAN_POINT('',(-5.9410846809974,-3.35000000000001,0.960000000000014));
#15435=CARTESIAN_POINT('',(-5.94108468099739,-3.35000000000001,-2.98394928756103E-14));
#15436=CARTESIAN_POINT('Origin',(-5.7110846809974,-3.35000000000001,0.960000000000014));
#15437=CARTESIAN_POINT('',(-5.83361964451877,-2.60000000000001,1.15464116397829));
#15438=CARTESIAN_POINT('',(-5.83361964451877,-2.60000000000001,1.15464116397829));
#15439=CARTESIAN_POINT('',(-5.7110846809974,-2.60000000000001,1.19000000000001));
#15440=CARTESIAN_POINT('Origin',(-5.7110846809974,-2.60000000000001,0.960000000000014));
#15441=CARTESIAN_POINT('',(-5.7110846809974,-3.40000000000001,1.19000000000001));
#15442=CARTESIAN_POINT('',(-5.7110846809974,-3.35000000000001,1.19000000000001));
#15443=CARTESIAN_POINT('',(-5.83361964451877,-3.40000000000001,1.15464116397829));
#15444=CARTESIAN_POINT('Origin',(-5.7110846809974,-3.40000000000001,0.960000000000014));
#15445=CARTESIAN_POINT('',(-5.83361964451877,-3.35000000000001,1.15464116397829));
#15446=CARTESIAN_POINT('',(-5.83361964451877,-3.40000000000001,1.15464116397829));
#15447=CARTESIAN_POINT('Origin',(-5.7110846809974,-3.35000000000001,0.960000000000014));
#15448=CARTESIAN_POINT('Origin',(-7.22348677355752E-16,-3.35000000000001,
1.19000000000001));
#15449=CARTESIAN_POINT('',(-5.5,-2.60000000000001,1.19000000000001));
#15450=CARTESIAN_POINT('',(-5.5,-2.60000000000001,1.19000000000001));
#15451=CARTESIAN_POINT('',(-5.5,-2.60000000000001,1.19000000000001));
#15452=CARTESIAN_POINT('',(-5.05,-3.35000000000001,1.19000000000001));
#15453=CARTESIAN_POINT('',(-5.5,-3.40000000000001,1.19000000000001));
#15454=CARTESIAN_POINT('',(-5.5,-3.40000000000001,1.19000000000001));
#15455=CARTESIAN_POINT('',(-5.7110846809974,-3.40000000000001,1.19000000000001));
#15456=CARTESIAN_POINT('Origin',(-5.10122585276319,-3.35000000000001,0.899483752529725));
#15457=CARTESIAN_POINT('Origin',(-7.22348677355752E-16,-3.35000000000001,
0.));
#15458=CARTESIAN_POINT('',(-6.1,-3.35000000000001,1.57777412914845));
#15459=CARTESIAN_POINT('Origin',(-5.5,-2.60000000000001,1.19000000000001));
#15460=CARTESIAN_POINT('',(-5.5,-2.60000000000001,1.19000000000001));
#15461=CARTESIAN_POINT('Origin',(-6.1,-2.60000000000001,1.57777412914845));
#15462=CARTESIAN_POINT('',(-6.1,-2.60000000000001,1.57777412914845));
#15463=CARTESIAN_POINT('Origin',(-5.7110846809974,-2.60000000000001,0.960000000000014));
#15464=CARTESIAN_POINT('Origin',(-6.1,-3.40000000000001,1.57777412914845));
#15465=CARTESIAN_POINT('',(-6.1,-3.40000000000001,1.57777412914845));
#15466=CARTESIAN_POINT('Origin',(-5.5,-3.40000000000001,1.19000000000001));
#15467=CARTESIAN_POINT('',(-5.5,-3.40000000000001,1.19000000000001));
#15468=CARTESIAN_POINT('Origin',(-5.7110846809974,-3.40000000000001,0.960000000000014));
#15469=CARTESIAN_POINT('Origin',(-7.22348677355752E-16,-3.35000000000001,
0.));
#15470=CARTESIAN_POINT('',(5.83361964451877,-3.35000000000001,1.15464116397829));
#15471=CARTESIAN_POINT('',(6.1,-3.35000000000001,1.57777412914844));
#15472=CARTESIAN_POINT('',(5.83361964451877,-3.35000000000001,1.15464116397829));
#15473=CARTESIAN_POINT('',(5.9410846809974,-3.35000000000001,0.960000000000014));
#15474=CARTESIAN_POINT('Origin',(5.7110846809974,-3.35000000000001,0.960000000000014));
#15475=CARTESIAN_POINT('',(5.9410846809974,-3.35000000000001,0.787307067317566));
#15476=CARTESIAN_POINT('',(5.94108468099739,-3.35000000000001,-2.98394928756103E-14));
#15477=CARTESIAN_POINT('',(6.62016245516419,-3.35000000000001,0.0590853106278932));
#15478=CARTESIAN_POINT('Origin',(6.6710846809974,-3.35000000000001,0.787307067317565));
#15479=CARTESIAN_POINT('',(7.46512176312794,-3.35000000000001,-7.58941520739853E-16));
#15480=CARTESIAN_POINT('',(0.0363250259172763,-3.35000000000001,0.519472072409442));
#15481=CARTESIAN_POINT('',(7.5,-3.35000000000001,0.498782025129912));
#15482=CARTESIAN_POINT('',(7.42879673721066,-3.35000000000001,-0.519472072409449));
#15483=CARTESIAN_POINT('',(6.65504069203625,-3.35000000000001,0.557867335757805));
#15484=CARTESIAN_POINT('',(0.0712032627893355,-3.35000000000001,1.01825409753935));
#15485=CARTESIAN_POINT('',(6.4410846809974,-3.35000000000001,0.787307067317565));
#15486=CARTESIAN_POINT('Origin',(6.6710846809974,-3.35000000000001,0.787307067317565));
#15487=CARTESIAN_POINT('',(6.4410846809974,-3.35000000000001,0.960000000000014));
#15488=CARTESIAN_POINT('',(6.4410846809974,-3.35000000000001,3.23507761241939E-14));
#15489=CARTESIAN_POINT('Origin',(5.7110846809974,-3.35000000000001,0.960000000000014));
#15490=CARTESIAN_POINT('Origin',(-5.93760763445279E-16,-2.65000000000001,
0.));
#15491=CARTESIAN_POINT('',(5.5,-2.65000000000001,1.19000000000001));
#15492=CARTESIAN_POINT('',(5.5,-2.65000000000001,1.69000000000001));
#15493=CARTESIAN_POINT('',(5.5,-2.65000000000001,1.19000000000001));
#15494=CARTESIAN_POINT('',(5.05,-2.65000000000001,1.19000000000001));
#15495=CARTESIAN_POINT('',(-5.93760763445279E-16,-2.65000000000001,1.19000000000001));
#15496=CARTESIAN_POINT('',(4.96183650964576,-2.65000000000001,1.69000000000001));
#15497=CARTESIAN_POINT('',(5.10122585276319,-2.65000000000001,0.899483752529725));
#15498=CARTESIAN_POINT('',(-1.57196891479522E-15,-2.65000000000001,1.69000000000001));
#15499=CARTESIAN_POINT('Origin',(-5.93760763445279E-16,-2.65000000000001,
0.));
#15500=CARTESIAN_POINT('',(6.1,-2.65000000000001,1.57777412914844));
#15501=CARTESIAN_POINT('',(5.83361964451877,-2.65000000000001,1.15464116397829));
#15502=CARTESIAN_POINT('',(6.1,-2.65000000000001,1.57777412914845));
#15503=CARTESIAN_POINT('',(6.4410846809974,-2.65000000000001,0.960000000000014));
#15504=CARTESIAN_POINT('Origin',(5.7110846809974,-2.65000000000001,0.960000000000014));
#15505=CARTESIAN_POINT('',(6.4410846809974,-2.65000000000001,0.787307067317565));
#15506=CARTESIAN_POINT('',(6.4410846809974,-2.65000000000001,3.23507761241939E-14));
#15507=CARTESIAN_POINT('',(6.65504069203625,-2.65000000000001,0.557867335757805));
#15508=CARTESIAN_POINT('Origin',(6.6710846809974,-2.65000000000001,0.787307067317565));
#15509=CARTESIAN_POINT('',(7.5,-2.65000000000001,0.498782025129912));
#15510=CARTESIAN_POINT('',(0.0712032627893356,-2.65000000000001,1.01825409753935));
#15511=CARTESIAN_POINT('',(7.46512176312794,-2.65000000000001,-7.58941520739853E-16));
#15512=CARTESIAN_POINT('',(7.42879673721066,-2.65000000000001,-0.519472072409449));
#15513=CARTESIAN_POINT('',(6.62016245516419,-2.65000000000001,0.0590853106278932));
#15514=CARTESIAN_POINT('',(0.0363250259172765,-2.65000000000001,0.519472072409442));
#15515=CARTESIAN_POINT('',(5.9410846809974,-2.65000000000001,0.787307067317566));
#15516=CARTESIAN_POINT('Origin',(6.6710846809974,-2.65000000000001,0.787307067317565));
#15517=CARTESIAN_POINT('',(5.9410846809974,-2.65000000000001,0.960000000000014));
#15518=CARTESIAN_POINT('',(5.94108468099739,-2.65000000000001,-2.98394928756103E-14));
#15519=CARTESIAN_POINT('Origin',(5.7110846809974,-2.65000000000001,0.960000000000014));
#15520=CARTESIAN_POINT('Origin',(6.6710846809974,-3.35000000000001,0.787307067317565));
#15521=CARTESIAN_POINT('',(6.62016245516419,-3.35000000000001,0.0590853106278932));
#15522=CARTESIAN_POINT('',(5.9410846809974,-3.35000000000001,0.787307067317566));
#15523=CARTESIAN_POINT('Origin',(0.0363250259172763,-3.35000000000001,0.519472072409442));
#15524=CARTESIAN_POINT('',(7.46512176312794,-3.35000000000001,-7.58941520739853E-16));
#15525=CARTESIAN_POINT('Origin',(7.42879673721066,-3.35000000000001,-0.519472072409449));
#15526=CARTESIAN_POINT('',(7.5,-3.35000000000001,0.498782025129912));
#15527=CARTESIAN_POINT('Origin',(0.0712032627893355,-3.35000000000001,1.01825409753935));
#15528=CARTESIAN_POINT('',(6.65504069203625,-3.35000000000001,0.557867335757805));
#15529=CARTESIAN_POINT('Origin',(6.6710846809974,-3.35000000000001,0.787307067317565));
#15530=CARTESIAN_POINT('',(6.4410846809974,-3.35000000000001,0.787307067317565));
#15531=CARTESIAN_POINT('Origin',(6.4410846809974,-3.35000000000001,3.23507761241939E-14));
#15532=CARTESIAN_POINT('',(6.4410846809974,-3.35000000000001,0.960000000000014));
#15533=CARTESIAN_POINT('Origin',(5.7110846809974,-3.35000000000001,0.960000000000014));
#15534=CARTESIAN_POINT('',(6.1,-2.60000000000001,1.57777412914845));
#15535=CARTESIAN_POINT('',(6.1,-2.60000000000001,1.57777412914845));
#15536=CARTESIAN_POINT('',(5.7110846809974,-2.60000000000001,1.69000000000001));
#15537=CARTESIAN_POINT('Origin',(5.7110846809974,-2.60000000000001,0.960000000000014));
#15538=CARTESIAN_POINT('',(5.7110846809974,-3.40000000000001,1.69000000000001));
#15539=CARTESIAN_POINT('',(5.7110846809974,-3.35000000000001,1.69000000000001));
#15540=CARTESIAN_POINT('',(6.1,-3.40000000000001,1.57777412914845));
#15541=CARTESIAN_POINT('Origin',(5.7110846809974,-3.40000000000001,0.960000000000014));
#15542=CARTESIAN_POINT('',(6.1,-3.40000000000001,1.57777412914845));
#15543=CARTESIAN_POINT('Origin',(-1.7005568287057E-15,-3.35000000000001,
1.69000000000001));
#15544=CARTESIAN_POINT('',(5.5,-2.60000000000001,1.69000000000001));
#15545=CARTESIAN_POINT('',(5.7110846809974,-2.60000000000001,1.69000000000001));
#15546=CARTESIAN_POINT('',(5.5,-2.60000000000001,1.69000000000001));
#15547=CARTESIAN_POINT('',(4.96183650964576,-3.35000000000001,1.69000000000001));
#15548=CARTESIAN_POINT('',(4.96183650964576,-3.35000000000001,1.69000000000001));
#15549=CARTESIAN_POINT('',(5.5,-3.35000000000001,1.69000000000001));
#15550=CARTESIAN_POINT('',(-1.7005568287057E-15,-3.35000000000001,1.69000000000001));
#15551=CARTESIAN_POINT('',(5.5,-3.40000000000001,1.69000000000001));
#15552=CARTESIAN_POINT('',(5.5,-3.40000000000001,1.69000000000001));
#15553=CARTESIAN_POINT('',(5.7110846809974,-3.40000000000001,1.69000000000001));
#15554=CARTESIAN_POINT('Origin',(5.10122585276319,-3.35000000000001,0.899483752529725));
#15555=CARTESIAN_POINT('',(5.05,-3.35000000000001,1.19000000000001));
#15556=CARTESIAN_POINT('',(5.05,-3.35000000000001,1.19000000000001));
#15557=CARTESIAN_POINT('',(5.10122585276319,-3.35000000000001,0.899483752529725));
#15558=CARTESIAN_POINT('Origin',(-7.22348677355752E-16,-3.35000000000001,
1.19000000000001));
#15559=CARTESIAN_POINT('',(5.5,-2.60000000000001,1.19000000000001));
#15560=CARTESIAN_POINT('',(5.5,-2.60000000000001,1.19000000000001));
#15561=CARTESIAN_POINT('',(5.7110846809974,-2.60000000000001,1.19000000000001));
#15562=CARTESIAN_POINT('',(5.5,-2.60000000000001,1.19000000000001));
#15563=CARTESIAN_POINT('',(5.7110846809974,-3.40000000000001,1.19000000000001));
#15564=CARTESIAN_POINT('',(5.7110846809974,-3.35000000000001,1.19000000000001));
#15565=CARTESIAN_POINT('',(5.5,-3.40000000000001,1.19000000000001));
#15566=CARTESIAN_POINT('',(5.5,-3.40000000000001,1.19000000000001));
#15567=CARTESIAN_POINT('',(5.5,-3.35000000000001,1.19000000000001));
#15568=CARTESIAN_POINT('',(5.5,-3.40000000000001,1.19000000000001));
#15569=CARTESIAN_POINT('',(-7.22348677355752E-16,-3.35000000000001,1.19000000000001));
#15570=CARTESIAN_POINT('Origin',(5.7110846809974,-3.35000000000001,0.960000000000014));
#15571=CARTESIAN_POINT('',(5.83361964451877,-2.60000000000001,1.15464116397829));
#15572=CARTESIAN_POINT('Origin',(5.7110846809974,-2.60000000000001,0.960000000000014));
#15573=CARTESIAN_POINT('',(5.83361964451877,-2.60000000000001,1.15464116397829));
#15574=CARTESIAN_POINT('',(5.9410846809974,-3.35000000000001,0.960000000000014));
#15575=CARTESIAN_POINT('',(5.83361964451877,-3.40000000000001,1.15464116397829));
#15576=CARTESIAN_POINT('',(5.83361964451877,-3.40000000000001,1.15464116397829));
#15577=CARTESIAN_POINT('Origin',(5.7110846809974,-3.40000000000001,0.960000000000014));
#15578=CARTESIAN_POINT('Origin',(5.94108468099739,-3.35000000000001,-2.98394928756103E-14));
#15579=CARTESIAN_POINT('Origin',(-7.22348677355752E-16,-3.35000000000001,
0.));
#15580=CARTESIAN_POINT('',(5.5,-3.35000000000001,1.69000000000001));
#15581=CARTESIAN_POINT('Origin',(6.1,-2.60000000000001,1.57777412914845));
#15582=CARTESIAN_POINT('',(6.1,-2.60000000000001,1.57777412914845));
#15583=CARTESIAN_POINT('Origin',(5.5,-2.60000000000001,1.19000000000001));
#15584=CARTESIAN_POINT('',(5.5,-2.60000000000001,1.19000000000001));
#15585=CARTESIAN_POINT('Origin',(5.7110846809974,-2.60000000000001,0.960000000000014));
#15586=CARTESIAN_POINT('Origin',(5.5,-3.40000000000001,1.69000000000001));
#15587=CARTESIAN_POINT('',(5.5,-3.40000000000001,1.69000000000001));
#15588=CARTESIAN_POINT('Origin',(5.83361964451877,-3.40000000000001,1.15464116397829));
#15589=CARTESIAN_POINT('',(5.83361964451877,-3.40000000000001,1.15464116397829));
#15590=CARTESIAN_POINT('Origin',(5.7110846809974,-3.40000000000001,0.960000000000014));
#15591=CARTESIAN_POINT('Origin',(-6.08875914293432E-16,-2.15000000000001,
0.));
#15592=CARTESIAN_POINT('',(-5.5,-2.15000000000001,1.19000000000001));
#15593=CARTESIAN_POINT('',(-5.5,-2.15000000000001,1.69000000000001));
#15594=CARTESIAN_POINT('',(-5.5,-2.15000000000001,1.19000000000001));
#15595=CARTESIAN_POINT('',(-5.05,-2.15000000000001,1.19000000000001));
#15596=CARTESIAN_POINT('',(-6.08875914293432E-16,-2.15000000000001,1.19000000000001));
#15597=CARTESIAN_POINT('',(-4.96183650964577,-2.15000000000001,1.69000000000001));
#15598=CARTESIAN_POINT('',(-5.10122585276319,-2.15000000000001,0.899483752529725));
#15599=CARTESIAN_POINT('',(3.69332237056513E-16,-2.15000000000001,1.69000000000001));
#15600=CARTESIAN_POINT('Origin',(-4.8028800038296E-16,-1.45000000000001,
0.));
#15601=CARTESIAN_POINT('',(-5.83361964451877,-1.45000000000001,1.15464116397829));
#15602=CARTESIAN_POINT('',(-6.1,-1.45000000000001,1.57777412914845));
#15603=CARTESIAN_POINT('',(-6.1,-1.45000000000001,1.57777412914845));
#15604=CARTESIAN_POINT('',(-5.9410846809974,-1.45000000000001,0.960000000000014));
#15605=CARTESIAN_POINT('Origin',(-5.7110846809974,-1.45000000000001,0.960000000000014));
#15606=CARTESIAN_POINT('',(-5.9410846809974,-1.45000000000001,0.787307067317566));
#15607=CARTESIAN_POINT('',(-5.94108468099739,-1.45000000000001,-2.98394928756103E-14));
#15608=CARTESIAN_POINT('',(-6.62016245516419,-1.45000000000001,0.0590853106278932));
#15609=CARTESIAN_POINT('Origin',(-6.6710846809974,-1.45000000000001,0.787307067317565));
#15610=CARTESIAN_POINT('',(-7.46512176312794,-1.45000000000001,-8.67361737988404E-16));
#15611=CARTESIAN_POINT('',(-0.0363250259172775,-1.45000000000001,0.519472072409442));
#15612=CARTESIAN_POINT('',(-7.5,-1.45000000000001,0.498782025129912));
#15613=CARTESIAN_POINT('',(-7.42879673721066,-1.45000000000001,-0.519472072409449));
#15614=CARTESIAN_POINT('',(-6.65504069203625,-1.45000000000001,0.557867335757805));
#15615=CARTESIAN_POINT('',(-0.0712032627893367,-1.45000000000001,1.01825409753935));
#15616=CARTESIAN_POINT('',(-6.4410846809974,-1.45000000000001,0.787307067317565));
#15617=CARTESIAN_POINT('Origin',(-6.6710846809974,-1.45000000000001,0.787307067317565));
#15618=CARTESIAN_POINT('',(-6.4410846809974,-1.45000000000001,0.960000000000014));
#15619=CARTESIAN_POINT('',(-6.4410846809974,-1.45000000000001,3.23507761241939E-14));
#15620=CARTESIAN_POINT('Origin',(-5.7110846809974,-1.45000000000001,0.960000000000014));
#15621=CARTESIAN_POINT('Origin',(-4.8028800038296E-16,-1.45000000000001,
0.));
#15622=CARTESIAN_POINT('',(-5.5,-1.45000000000001,1.69000000000001));
#15623=CARTESIAN_POINT('',(-5.5,-1.45000000000001,1.19000000000001));
#15624=CARTESIAN_POINT('',(-5.5,-1.45000000000001,1.19000000000001));
#15625=CARTESIAN_POINT('',(-4.96183650964577,-1.45000000000001,1.69000000000001));
#15626=CARTESIAN_POINT('',(4.97920150966985E-16,-1.45000000000001,1.69000000000001));
#15627=CARTESIAN_POINT('',(-5.05,-1.45000000000001,1.19000000000001));
#15628=CARTESIAN_POINT('',(-5.10122585276319,-1.45000000000001,0.899483752529725));
#15629=CARTESIAN_POINT('',(-4.8028800038296E-16,-1.45000000000001,1.19000000000001));
#15630=CARTESIAN_POINT('Origin',(3.69332237056513E-16,-2.15000000000001,
1.69000000000001));
#15631=CARTESIAN_POINT('',(-5.5,-1.40000000000001,1.69000000000001));
#15632=CARTESIAN_POINT('',(-5.5,-1.40000000000001,1.69000000000001));
#15633=CARTESIAN_POINT('',(-5.7110846809974,-1.40000000000001,1.69000000000001));
#15634=CARTESIAN_POINT('',(-5.7110846809974,-1.40000000000001,1.69000000000001));
#15635=CARTESIAN_POINT('',(-5.7110846809974,-2.20000000000001,1.69000000000001));
#15636=CARTESIAN_POINT('',(-5.7110846809974,-2.15000000000001,1.69000000000001));
#15637=CARTESIAN_POINT('',(-5.5,-2.20000000000001,1.69000000000001));
#15638=CARTESIAN_POINT('',(-5.5,-2.20000000000001,1.69000000000001));
#15639=CARTESIAN_POINT('',(-5.5,-2.20000000000001,1.69000000000001));
#15640=CARTESIAN_POINT('',(-4.96183650964577,-2.15000000000001,1.69000000000001));
#15641=CARTESIAN_POINT('Origin',(-5.7110846809974,-2.15000000000001,0.960000000000014));
#15642=CARTESIAN_POINT('',(-6.1,-1.40000000000001,1.57777412914845));
#15643=CARTESIAN_POINT('Origin',(-5.7110846809974,-1.40000000000001,0.960000000000014));
#15644=CARTESIAN_POINT('',(-6.1,-1.40000000000001,1.57777412914845));
#15645=CARTESIAN_POINT('',(-6.4410846809974,-2.15000000000001,0.960000000000014));
#15646=CARTESIAN_POINT('',(-6.4410846809974,-2.15000000000001,0.960000000000014));
#15647=CARTESIAN_POINT('',(-6.1,-2.15000000000001,1.57777412914845));
#15648=CARTESIAN_POINT('Origin',(-5.7110846809974,-2.15000000000001,0.960000000000014));
#15649=CARTESIAN_POINT('',(-6.1,-2.20000000000001,1.57777412914845));
#15650=CARTESIAN_POINT('',(-6.1,-2.20000000000001,1.57777412914845));
#15651=CARTESIAN_POINT('Origin',(-5.7110846809974,-2.20000000000001,0.960000000000014));
#15652=CARTESIAN_POINT('Origin',(-6.4410846809974,-2.15000000000001,3.23507761241939E-14));
#15653=CARTESIAN_POINT('',(-6.4410846809974,-2.15000000000001,0.787307067317565));
#15654=CARTESIAN_POINT('',(-6.4410846809974,-2.15000000000001,0.787307067317565));
#15655=CARTESIAN_POINT('',(-6.4410846809974,-2.15000000000001,3.23507761241939E-14));
#15656=CARTESIAN_POINT('Origin',(-6.6710846809974,-2.15000000000001,0.787307067317565));
#15657=CARTESIAN_POINT('',(-6.65504069203625,-2.15000000000001,0.557867335757805));
#15658=CARTESIAN_POINT('',(-6.65504069203625,-2.15000000000001,0.557867335757805));
#15659=CARTESIAN_POINT('Origin',(-6.6710846809974,-2.15000000000001,0.787307067317565));
#15660=CARTESIAN_POINT('Origin',(-0.0712032627893368,-2.15000000000001,
1.01825409753935));
#15661=CARTESIAN_POINT('',(-7.5,-2.15000000000001,0.498782025129912));
#15662=CARTESIAN_POINT('',(-7.5,-2.15000000000001,0.498782025129912));
#15663=CARTESIAN_POINT('',(-0.0712032627893368,-2.15000000000001,1.01825409753935));
#15664=CARTESIAN_POINT('Origin',(-7.42879673721066,-2.15000000000001,-0.519472072409449));
#15665=CARTESIAN_POINT('',(-7.46512176312794,-2.15000000000001,-8.67361737988404E-16));
#15666=CARTESIAN_POINT('',(-7.46512176312794,-2.15000000000001,-8.67361737988404E-16));
#15667=CARTESIAN_POINT('',(-7.42879673721066,-2.15000000000001,-0.519472072409449));
#15668=CARTESIAN_POINT('Origin',(-0.0363250259172777,-2.15000000000001,
0.519472072409442));
#15669=CARTESIAN_POINT('',(-6.62016245516419,-2.15000000000001,0.0590853106278932));
#15670=CARTESIAN_POINT('',(-6.62016245516419,-2.15000000000001,0.0590853106278932));
#15671=CARTESIAN_POINT('',(-0.0363250259172777,-2.15000000000001,0.519472072409442));
#15672=CARTESIAN_POINT('Origin',(-6.6710846809974,-2.15000000000001,0.787307067317565));
#15673=CARTESIAN_POINT('',(-5.9410846809974,-2.15000000000001,0.787307067317566));
#15674=CARTESIAN_POINT('',(-5.9410846809974,-2.15000000000001,0.787307067317566));
#15675=CARTESIAN_POINT('Origin',(-6.6710846809974,-2.15000000000001,0.787307067317565));
#15676=CARTESIAN_POINT('Origin',(-5.94108468099739,-2.15000000000001,-2.98394928756103E-14));
#15677=CARTESIAN_POINT('',(-5.9410846809974,-2.15000000000001,0.960000000000014));
#15678=CARTESIAN_POINT('',(-5.9410846809974,-2.15000000000001,0.960000000000014));
#15679=CARTESIAN_POINT('',(-5.94108468099739,-2.15000000000001,-2.98394928756103E-14));
#15680=CARTESIAN_POINT('Origin',(-5.7110846809974,-2.15000000000001,0.960000000000014));
#15681=CARTESIAN_POINT('',(-5.83361964451877,-1.40000000000001,1.15464116397829));
#15682=CARTESIAN_POINT('',(-5.83361964451877,-1.40000000000001,1.15464116397829));
#15683=CARTESIAN_POINT('',(-5.7110846809974,-1.40000000000001,1.19000000000001));
#15684=CARTESIAN_POINT('Origin',(-5.7110846809974,-1.40000000000001,0.960000000000014));
#15685=CARTESIAN_POINT('',(-5.7110846809974,-2.20000000000001,1.19000000000001));
#15686=CARTESIAN_POINT('',(-5.7110846809974,-2.15000000000001,1.19000000000001));
#15687=CARTESIAN_POINT('',(-5.83361964451877,-2.20000000000001,1.15464116397829));
#15688=CARTESIAN_POINT('Origin',(-5.7110846809974,-2.20000000000001,0.960000000000014));
#15689=CARTESIAN_POINT('',(-5.83361964451877,-2.15000000000001,1.15464116397829));
#15690=CARTESIAN_POINT('',(-5.83361964451877,-2.20000000000001,1.15464116397829));
#15691=CARTESIAN_POINT('Origin',(-5.7110846809974,-2.15000000000001,0.960000000000014));
#15692=CARTESIAN_POINT('Origin',(-6.08875914293432E-16,-2.15000000000001,
1.19000000000001));
#15693=CARTESIAN_POINT('',(-5.5,-1.40000000000001,1.19000000000001));
#15694=CARTESIAN_POINT('',(-5.5,-1.40000000000001,1.19000000000001));
#15695=CARTESIAN_POINT('',(-5.5,-1.40000000000001,1.19000000000001));
#15696=CARTESIAN_POINT('',(-5.05,-2.15000000000001,1.19000000000001));
#15697=CARTESIAN_POINT('',(-5.5,-2.20000000000001,1.19000000000001));
#15698=CARTESIAN_POINT('',(-5.5,-2.20000000000001,1.19000000000001));
#15699=CARTESIAN_POINT('',(-5.7110846809974,-2.20000000000001,1.19000000000001));
#15700=CARTESIAN_POINT('Origin',(-5.10122585276319,-2.15000000000001,0.899483752529725));
#15701=CARTESIAN_POINT('Origin',(-6.08875914293432E-16,-2.15000000000001,
0.));
#15702=CARTESIAN_POINT('',(-6.1,-2.15000000000001,1.57777412914845));
#15703=CARTESIAN_POINT('Origin',(-5.5,-1.40000000000001,1.19000000000001));
#15704=CARTESIAN_POINT('',(-5.5,-1.40000000000001,1.19000000000001));
#15705=CARTESIAN_POINT('Origin',(-6.1,-1.40000000000001,1.57777412914845));
#15706=CARTESIAN_POINT('',(-6.1,-1.40000000000001,1.57777412914845));
#15707=CARTESIAN_POINT('Origin',(-5.7110846809974,-1.40000000000001,0.960000000000014));
#15708=CARTESIAN_POINT('Origin',(-6.1,-2.20000000000001,1.57777412914845));
#15709=CARTESIAN_POINT('',(-6.1,-2.20000000000001,1.57777412914845));
#15710=CARTESIAN_POINT('Origin',(-5.5,-2.20000000000001,1.19000000000001));
#15711=CARTESIAN_POINT('',(-5.5,-2.20000000000001,1.19000000000001));
#15712=CARTESIAN_POINT('Origin',(-5.7110846809974,-2.20000000000001,0.960000000000014));
#15713=CARTESIAN_POINT('Origin',(-6.08875914293432E-16,-2.15000000000001,
0.));
#15714=CARTESIAN_POINT('',(5.83361964451877,-2.15000000000001,1.15464116397829));
#15715=CARTESIAN_POINT('',(6.1,-2.15000000000001,1.57777412914844));
#15716=CARTESIAN_POINT('',(5.83361964451877,-2.15000000000001,1.15464116397829));
#15717=CARTESIAN_POINT('',(5.9410846809974,-2.15000000000001,0.960000000000014));
#15718=CARTESIAN_POINT('Origin',(5.7110846809974,-2.15000000000001,0.960000000000014));
#15719=CARTESIAN_POINT('',(5.9410846809974,-2.15000000000001,0.787307067317566));
#15720=CARTESIAN_POINT('',(5.94108468099739,-2.15000000000001,-2.98394928756103E-14));
#15721=CARTESIAN_POINT('',(6.62016245516419,-2.15000000000001,0.0590853106278932));
#15722=CARTESIAN_POINT('Origin',(6.6710846809974,-2.15000000000001,0.787307067317565));
#15723=CARTESIAN_POINT('',(7.46512176312794,-2.15000000000001,-7.58941520739853E-16));
#15724=CARTESIAN_POINT('',(0.0363250259172765,-2.15000000000001,0.519472072409442));
#15725=CARTESIAN_POINT('',(7.5,-2.15000000000001,0.498782025129912));
#15726=CARTESIAN_POINT('',(7.42879673721066,-2.15000000000001,-0.519472072409449));
#15727=CARTESIAN_POINT('',(6.65504069203625,-2.15000000000001,0.557867335757805));
#15728=CARTESIAN_POINT('',(0.0712032627893356,-2.15000000000001,1.01825409753935));
#15729=CARTESIAN_POINT('',(6.4410846809974,-2.15000000000001,0.787307067317565));
#15730=CARTESIAN_POINT('Origin',(6.6710846809974,-2.15000000000001,0.787307067317565));
#15731=CARTESIAN_POINT('',(6.4410846809974,-2.15000000000001,0.960000000000014));
#15732=CARTESIAN_POINT('',(6.4410846809974,-2.15000000000001,3.23507761241939E-14));
#15733=CARTESIAN_POINT('Origin',(5.7110846809974,-2.15000000000001,0.960000000000014));
#15734=CARTESIAN_POINT('Origin',(-4.8028800038296E-16,-1.45000000000001,
0.));
#15735=CARTESIAN_POINT('',(5.5,-1.45000000000001,1.19000000000001));
#15736=CARTESIAN_POINT('',(5.5,-1.45000000000001,1.69000000000001));
#15737=CARTESIAN_POINT('',(5.5,-1.45000000000001,1.19000000000001));
#15738=CARTESIAN_POINT('',(5.05,-1.45000000000001,1.19000000000001));
#15739=CARTESIAN_POINT('',(-4.8028800038296E-16,-1.45000000000001,1.19000000000001));
#15740=CARTESIAN_POINT('',(4.96183650964577,-1.45000000000001,1.69000000000001));
#15741=CARTESIAN_POINT('',(5.10122585276319,-1.45000000000001,0.899483752529725));
#15742=CARTESIAN_POINT('',(-1.45849615173291E-15,-1.45000000000001,1.69000000000001));
#15743=CARTESIAN_POINT('Origin',(-4.8028800038296E-16,-1.45000000000001,
0.));
#15744=CARTESIAN_POINT('',(6.1,-1.45000000000001,1.57777412914844));
#15745=CARTESIAN_POINT('',(5.83361964451877,-1.45000000000001,1.15464116397829));
#15746=CARTESIAN_POINT('',(6.1,-1.45000000000001,1.57777412914845));
#15747=CARTESIAN_POINT('',(6.4410846809974,-1.45000000000001,0.960000000000014));
#15748=CARTESIAN_POINT('Origin',(5.7110846809974,-1.45000000000001,0.960000000000014));
#15749=CARTESIAN_POINT('',(6.4410846809974,-1.45000000000001,0.787307067317565));
#15750=CARTESIAN_POINT('',(6.4410846809974,-1.45000000000001,3.23507761241939E-14));
#15751=CARTESIAN_POINT('',(6.65504069203625,-1.45000000000001,0.557867335757805));
#15752=CARTESIAN_POINT('Origin',(6.6710846809974,-1.45000000000001,0.787307067317565));
#15753=CARTESIAN_POINT('',(7.5,-1.45000000000001,0.498782025129912));
#15754=CARTESIAN_POINT('',(0.0712032627893357,-1.45000000000001,1.01825409753935));
#15755=CARTESIAN_POINT('',(7.46512176312794,-1.45000000000001,-7.58941520739853E-16));
#15756=CARTESIAN_POINT('',(7.42879673721066,-1.45000000000001,-0.519472072409449));
#15757=CARTESIAN_POINT('',(6.62016245516419,-1.45000000000001,0.0590853106278932));
#15758=CARTESIAN_POINT('',(0.0363250259172766,-1.45000000000001,0.519472072409442));
#15759=CARTESIAN_POINT('',(5.9410846809974,-1.45000000000001,0.787307067317566));
#15760=CARTESIAN_POINT('Origin',(6.6710846809974,-1.45000000000001,0.787307067317565));
#15761=CARTESIAN_POINT('',(5.9410846809974,-1.45000000000001,0.960000000000014));
#15762=CARTESIAN_POINT('',(5.94108468099739,-1.45000000000001,-2.98394928756103E-14));
#15763=CARTESIAN_POINT('Origin',(5.7110846809974,-1.45000000000001,0.960000000000014));
#15764=CARTESIAN_POINT('Origin',(6.6710846809974,-2.15000000000001,0.787307067317565));
#15765=CARTESIAN_POINT('',(6.62016245516419,-2.15000000000001,0.0590853106278932));
#15766=CARTESIAN_POINT('',(5.9410846809974,-2.15000000000001,0.787307067317566));
#15767=CARTESIAN_POINT('Origin',(0.0363250259172765,-2.15000000000001,0.519472072409442));
#15768=CARTESIAN_POINT('',(7.46512176312794,-2.15000000000001,-7.58941520739853E-16));
#15769=CARTESIAN_POINT('Origin',(7.42879673721066,-2.15000000000001,-0.519472072409449));
#15770=CARTESIAN_POINT('',(7.5,-2.15000000000001,0.498782025129912));
#15771=CARTESIAN_POINT('Origin',(0.0712032627893356,-2.15000000000001,1.01825409753935));
#15772=CARTESIAN_POINT('',(6.65504069203625,-2.15000000000001,0.557867335757805));
#15773=CARTESIAN_POINT('Origin',(6.6710846809974,-2.15000000000001,0.787307067317565));
#15774=CARTESIAN_POINT('',(6.4410846809974,-2.15000000000001,0.787307067317565));
#15775=CARTESIAN_POINT('Origin',(6.4410846809974,-2.15000000000001,3.23507761241939E-14));
#15776=CARTESIAN_POINT('',(6.4410846809974,-2.15000000000001,0.960000000000014));
#15777=CARTESIAN_POINT('Origin',(5.7110846809974,-2.15000000000001,0.960000000000014));
#15778=CARTESIAN_POINT('',(6.1,-1.40000000000001,1.57777412914845));
#15779=CARTESIAN_POINT('',(6.1,-1.40000000000001,1.57777412914845));
#15780=CARTESIAN_POINT('',(5.7110846809974,-1.40000000000001,1.69000000000001));
#15781=CARTESIAN_POINT('Origin',(5.7110846809974,-1.40000000000001,0.960000000000014));
#15782=CARTESIAN_POINT('',(5.7110846809974,-2.20000000000001,1.69000000000001));
#15783=CARTESIAN_POINT('',(5.7110846809974,-2.15000000000001,1.69000000000001));
#15784=CARTESIAN_POINT('',(6.1,-2.20000000000001,1.57777412914845));
#15785=CARTESIAN_POINT('Origin',(5.7110846809974,-2.20000000000001,0.960000000000014));
#15786=CARTESIAN_POINT('',(6.1,-2.20000000000001,1.57777412914845));
#15787=CARTESIAN_POINT('Origin',(-1.58708406564338E-15,-2.15000000000001,
1.69000000000001));
#15788=CARTESIAN_POINT('',(5.5,-1.40000000000001,1.69000000000001));
#15789=CARTESIAN_POINT('',(5.7110846809974,-1.40000000000001,1.69000000000001));
#15790=CARTESIAN_POINT('',(5.5,-1.40000000000001,1.69000000000001));
#15791=CARTESIAN_POINT('',(4.96183650964577,-2.15000000000001,1.69000000000001));
#15792=CARTESIAN_POINT('',(4.96183650964577,-2.15000000000001,1.69000000000001));
#15793=CARTESIAN_POINT('',(5.5,-2.15000000000001,1.69000000000001));
#15794=CARTESIAN_POINT('',(-1.58708406564338E-15,-2.15000000000001,1.69000000000001));
#15795=CARTESIAN_POINT('',(5.5,-2.20000000000001,1.69000000000001));
#15796=CARTESIAN_POINT('',(5.5,-2.20000000000001,1.69000000000001));
#15797=CARTESIAN_POINT('',(5.7110846809974,-2.20000000000001,1.69000000000001));
#15798=CARTESIAN_POINT('Origin',(5.10122585276319,-2.15000000000001,0.899483752529725));
#15799=CARTESIAN_POINT('',(5.05,-2.15000000000001,1.19000000000001));
#15800=CARTESIAN_POINT('',(5.05,-2.15000000000001,1.19000000000001));
#15801=CARTESIAN_POINT('',(5.10122585276319,-2.15000000000001,0.899483752529725));
#15802=CARTESIAN_POINT('Origin',(-6.08875914293432E-16,-2.15000000000001,
1.19000000000001));
#15803=CARTESIAN_POINT('',(5.5,-1.40000000000001,1.19000000000001));
#15804=CARTESIAN_POINT('',(5.5,-1.40000000000001,1.19000000000001));
#15805=CARTESIAN_POINT('',(5.7110846809974,-1.40000000000001,1.19000000000001));
#15806=CARTESIAN_POINT('',(5.5,-1.40000000000001,1.19000000000001));
#15807=CARTESIAN_POINT('',(5.7110846809974,-2.20000000000001,1.19000000000001));
#15808=CARTESIAN_POINT('',(5.7110846809974,-2.15000000000001,1.19000000000001));
#15809=CARTESIAN_POINT('',(5.5,-2.20000000000001,1.19000000000001));
#15810=CARTESIAN_POINT('',(5.5,-2.20000000000001,1.19000000000001));
#15811=CARTESIAN_POINT('',(5.5,-2.15000000000001,1.19000000000001));
#15812=CARTESIAN_POINT('',(5.5,-2.20000000000001,1.19000000000001));
#15813=CARTESIAN_POINT('',(-6.08875914293432E-16,-2.15000000000001,1.19000000000001));
#15814=CARTESIAN_POINT('Origin',(5.7110846809974,-2.15000000000001,0.960000000000014));
#15815=CARTESIAN_POINT('',(5.83361964451877,-1.40000000000001,1.15464116397829));
#15816=CARTESIAN_POINT('Origin',(5.7110846809974,-1.40000000000001,0.960000000000014));
#15817=CARTESIAN_POINT('',(5.83361964451877,-1.40000000000001,1.15464116397829));
#15818=CARTESIAN_POINT('',(5.9410846809974,-2.15000000000001,0.960000000000014));
#15819=CARTESIAN_POINT('',(5.83361964451877,-2.20000000000001,1.15464116397829));
#15820=CARTESIAN_POINT('',(5.83361964451877,-2.20000000000001,1.15464116397829));
#15821=CARTESIAN_POINT('Origin',(5.7110846809974,-2.20000000000001,0.960000000000014));
#15822=CARTESIAN_POINT('Origin',(5.94108468099739,-2.15000000000001,-2.98394928756103E-14));
#15823=CARTESIAN_POINT('Origin',(-6.08875914293432E-16,-2.15000000000001,
0.));
#15824=CARTESIAN_POINT('',(5.5,-2.15000000000001,1.69000000000001));
#15825=CARTESIAN_POINT('Origin',(6.1,-1.40000000000001,1.57777412914845));
#15826=CARTESIAN_POINT('',(6.1,-1.40000000000001,1.57777412914845));
#15827=CARTESIAN_POINT('Origin',(5.5,-1.40000000000001,1.19000000000001));
#15828=CARTESIAN_POINT('',(5.5,-1.40000000000001,1.19000000000001));
#15829=CARTESIAN_POINT('Origin',(5.7110846809974,-1.40000000000001,0.960000000000014));
#15830=CARTESIAN_POINT('Origin',(5.5,-2.20000000000001,1.69000000000001));
#15831=CARTESIAN_POINT('',(5.5,-2.20000000000001,1.69000000000001));
#15832=CARTESIAN_POINT('Origin',(5.83361964451877,-2.20000000000001,1.15464116397829));
#15833=CARTESIAN_POINT('',(5.83361964451877,-2.20000000000001,1.15464116397829));
#15834=CARTESIAN_POINT('Origin',(5.7110846809974,-2.20000000000001,0.960000000000014));
#15835=CARTESIAN_POINT('Origin',(-4.95403151231113E-16,-0.950000000000012,
0.));
#15836=CARTESIAN_POINT('',(-5.5,-0.950000000000011,1.19000000000001));
#15837=CARTESIAN_POINT('',(-5.5,-0.950000000000011,1.69000000000001));
#15838=CARTESIAN_POINT('',(-5.5,-0.950000000000011,1.19000000000001));
#15839=CARTESIAN_POINT('',(-5.05,-0.950000000000011,1.19000000000001));
#15840=CARTESIAN_POINT('',(-4.95403151231113E-16,-0.950000000000012,1.19000000000001));
#15841=CARTESIAN_POINT('',(-4.96183650964577,-0.950000000000011,1.69000000000001));
#15842=CARTESIAN_POINT('',(-5.10122585276319,-0.950000000000011,0.899483752529725));
#15843=CARTESIAN_POINT('',(4.82805000118832E-16,-0.950000000000012,1.69000000000001));
#15844=CARTESIAN_POINT('Origin',(-3.66815237320641E-16,-0.250000000000011,
0.));
#15845=CARTESIAN_POINT('',(-5.83361964451877,-0.25000000000001,1.15464116397829));
#15846=CARTESIAN_POINT('',(-6.1,-0.25000000000001,1.57777412914845));
#15847=CARTESIAN_POINT('',(-6.1,-0.250000000000011,1.57777412914845));
#15848=CARTESIAN_POINT('',(-5.9410846809974,-0.25000000000001,0.960000000000014));
#15849=CARTESIAN_POINT('Origin',(-5.7110846809974,-0.25000000000001,0.960000000000014));
#15850=CARTESIAN_POINT('',(-5.9410846809974,-0.25000000000001,0.787307067317566));
#15851=CARTESIAN_POINT('',(-5.94108468099739,-0.25000000000001,-2.98394928756103E-14));
#15852=CARTESIAN_POINT('',(-6.62016245516419,-0.25000000000001,0.0590853106278932));
#15853=CARTESIAN_POINT('Origin',(-6.6710846809974,-0.25000000000001,0.787307067317565));
#15854=CARTESIAN_POINT('',(-7.46512176312794,-0.25000000000001,-8.67361737988404E-16));
#15855=CARTESIAN_POINT('',(-0.0363250259172774,-0.250000000000011,0.519472072409442));
#15856=CARTESIAN_POINT('',(-7.5,-0.25000000000001,0.498782025129912));
#15857=CARTESIAN_POINT('',(-7.42879673721066,-0.25000000000001,-0.519472072409449));
#15858=CARTESIAN_POINT('',(-6.65504069203625,-0.25000000000001,0.557867335757805));
#15859=CARTESIAN_POINT('',(-0.0712032627893366,-0.250000000000011,1.01825409753935));
#15860=CARTESIAN_POINT('',(-6.4410846809974,-0.25000000000001,0.787307067317565));
#15861=CARTESIAN_POINT('Origin',(-6.6710846809974,-0.25000000000001,0.787307067317565));
#15862=CARTESIAN_POINT('',(-6.4410846809974,-0.25000000000001,0.960000000000014));
#15863=CARTESIAN_POINT('',(-6.4410846809974,-0.25000000000001,3.23507761241939E-14));
#15864=CARTESIAN_POINT('Origin',(-5.7110846809974,-0.25000000000001,0.960000000000014));
#15865=CARTESIAN_POINT('Origin',(-3.66815237320641E-16,-0.250000000000011,
0.));
#15866=CARTESIAN_POINT('',(-5.5,-0.25000000000001,1.69000000000001));
#15867=CARTESIAN_POINT('',(-5.5,-0.250000000000011,1.19000000000001));
#15868=CARTESIAN_POINT('',(-5.5,-0.250000000000011,1.19000000000001));
#15869=CARTESIAN_POINT('',(-4.96183650964577,-0.25000000000001,1.69000000000001));
#15870=CARTESIAN_POINT('',(6.11392914029305E-16,-0.250000000000011,1.69000000000001));
#15871=CARTESIAN_POINT('',(-5.05,-0.25000000000001,1.19000000000001));
#15872=CARTESIAN_POINT('',(-5.10122585276319,-0.25000000000001,0.899483752529725));
#15873=CARTESIAN_POINT('',(-3.66815237320641E-16,-0.250000000000011,1.19000000000001));
#15874=CARTESIAN_POINT('Origin',(4.82805000118832E-16,-0.950000000000012,
1.69000000000001));
#15875=CARTESIAN_POINT('',(-5.5,-0.200000000000011,1.69000000000001));
#15876=CARTESIAN_POINT('',(-5.5,-0.200000000000011,1.69000000000001));
#15877=CARTESIAN_POINT('',(-5.7110846809974,-0.200000000000011,1.69000000000001));
#15878=CARTESIAN_POINT('',(-5.7110846809974,-0.200000000000011,1.69000000000001));
#15879=CARTESIAN_POINT('',(-5.7110846809974,-1.00000000000001,1.69000000000001));
#15880=CARTESIAN_POINT('',(-5.7110846809974,-0.950000000000011,1.69000000000001));
#15881=CARTESIAN_POINT('',(-5.5,-1.00000000000001,1.69000000000001));
#15882=CARTESIAN_POINT('',(-5.5,-1.00000000000001,1.69000000000001));
#15883=CARTESIAN_POINT('',(-5.5,-1.00000000000001,1.69000000000001));
#15884=CARTESIAN_POINT('',(-4.96183650964577,-0.950000000000011,1.69000000000001));
#15885=CARTESIAN_POINT('Origin',(-5.7110846809974,-0.950000000000011,0.960000000000014));
#15886=CARTESIAN_POINT('',(-6.1,-0.200000000000011,1.57777412914845));
#15887=CARTESIAN_POINT('Origin',(-5.7110846809974,-0.200000000000011,0.960000000000014));
#15888=CARTESIAN_POINT('',(-6.1,-0.200000000000011,1.57777412914845));
#15889=CARTESIAN_POINT('',(-6.4410846809974,-0.95000000000001,0.960000000000014));
#15890=CARTESIAN_POINT('',(-6.4410846809974,-0.95000000000001,0.960000000000014));
#15891=CARTESIAN_POINT('',(-6.1,-0.950000000000011,1.57777412914845));
#15892=CARTESIAN_POINT('Origin',(-5.7110846809974,-0.950000000000011,0.960000000000014));
#15893=CARTESIAN_POINT('',(-6.1,-1.00000000000001,1.57777412914845));
#15894=CARTESIAN_POINT('',(-6.1,-1.00000000000001,1.57777412914845));
#15895=CARTESIAN_POINT('Origin',(-5.7110846809974,-1.00000000000001,0.960000000000014));
#15896=CARTESIAN_POINT('Origin',(-6.4410846809974,-0.95000000000001,3.23507761241939E-14));
#15897=CARTESIAN_POINT('',(-6.4410846809974,-0.95000000000001,0.787307067317565));
#15898=CARTESIAN_POINT('',(-6.4410846809974,-0.95000000000001,0.787307067317565));
#15899=CARTESIAN_POINT('',(-6.4410846809974,-0.95000000000001,3.23507761241939E-14));
#15900=CARTESIAN_POINT('Origin',(-6.6710846809974,-0.95000000000001,0.787307067317565));
#15901=CARTESIAN_POINT('',(-6.65504069203625,-0.95000000000001,0.557867335757805));
#15902=CARTESIAN_POINT('',(-6.65504069203625,-0.95000000000001,0.557867335757805));
#15903=CARTESIAN_POINT('Origin',(-6.6710846809974,-0.95000000000001,0.787307067317565));
#15904=CARTESIAN_POINT('Origin',(-0.0712032627893367,-0.950000000000012,
1.01825409753935));
#15905=CARTESIAN_POINT('',(-7.5,-0.95000000000001,0.498782025129912));
#15906=CARTESIAN_POINT('',(-7.5,-0.95000000000001,0.498782025129912));
#15907=CARTESIAN_POINT('',(-0.0712032627893367,-0.950000000000012,1.01825409753935));
#15908=CARTESIAN_POINT('Origin',(-7.42879673721066,-0.95000000000001,-0.519472072409449));
#15909=CARTESIAN_POINT('',(-7.46512176312794,-0.95000000000001,-8.67361737988404E-16));
#15910=CARTESIAN_POINT('',(-7.46512176312794,-0.95000000000001,-8.67361737988404E-16));
#15911=CARTESIAN_POINT('',(-7.42879673721066,-0.95000000000001,-0.519472072409449));
#15912=CARTESIAN_POINT('Origin',(-0.0363250259172776,-0.950000000000012,
0.519472072409442));
#15913=CARTESIAN_POINT('',(-6.62016245516419,-0.95000000000001,0.0590853106278932));
#15914=CARTESIAN_POINT('',(-6.62016245516419,-0.95000000000001,0.0590853106278932));
#15915=CARTESIAN_POINT('',(-0.0363250259172776,-0.950000000000012,0.519472072409442));
#15916=CARTESIAN_POINT('Origin',(-6.6710846809974,-0.95000000000001,0.787307067317565));
#15917=CARTESIAN_POINT('',(-5.9410846809974,-0.950000000000011,0.787307067317566));
#15918=CARTESIAN_POINT('',(-5.9410846809974,-0.950000000000011,0.787307067317566));
#15919=CARTESIAN_POINT('Origin',(-6.6710846809974,-0.95000000000001,0.787307067317565));
#15920=CARTESIAN_POINT('Origin',(-5.94108468099739,-0.950000000000011,-2.98394928756103E-14));
#15921=CARTESIAN_POINT('',(-5.9410846809974,-0.950000000000011,0.960000000000014));
#15922=CARTESIAN_POINT('',(-5.9410846809974,-0.950000000000011,0.960000000000014));
#15923=CARTESIAN_POINT('',(-5.94108468099739,-0.950000000000011,-2.98394928756103E-14));
#15924=CARTESIAN_POINT('Origin',(-5.7110846809974,-0.950000000000011,0.960000000000014));
#15925=CARTESIAN_POINT('',(-5.83361964451877,-0.200000000000011,1.15464116397829));
#15926=CARTESIAN_POINT('',(-5.83361964451877,-0.200000000000011,1.15464116397829));
#15927=CARTESIAN_POINT('',(-5.7110846809974,-0.200000000000011,1.19000000000001));
#15928=CARTESIAN_POINT('Origin',(-5.7110846809974,-0.200000000000011,0.960000000000014));
#15929=CARTESIAN_POINT('',(-5.7110846809974,-1.00000000000001,1.19000000000001));
#15930=CARTESIAN_POINT('',(-5.7110846809974,-0.950000000000011,1.19000000000001));
#15931=CARTESIAN_POINT('',(-5.83361964451877,-1.00000000000001,1.15464116397829));
#15932=CARTESIAN_POINT('Origin',(-5.7110846809974,-1.00000000000001,0.960000000000014));
#15933=CARTESIAN_POINT('',(-5.83361964451877,-0.950000000000011,1.15464116397829));
#15934=CARTESIAN_POINT('',(-5.83361964451877,-1.00000000000001,1.15464116397829));
#15935=CARTESIAN_POINT('Origin',(-5.7110846809974,-0.950000000000011,0.960000000000014));
#15936=CARTESIAN_POINT('Origin',(-4.95403151231113E-16,-0.950000000000012,
1.19000000000001));
#15937=CARTESIAN_POINT('',(-5.5,-0.200000000000011,1.19000000000001));
#15938=CARTESIAN_POINT('',(-5.5,-0.200000000000011,1.19000000000001));
#15939=CARTESIAN_POINT('',(-5.5,-0.200000000000011,1.19000000000001));
#15940=CARTESIAN_POINT('',(-5.05,-0.950000000000011,1.19000000000001));
#15941=CARTESIAN_POINT('',(-5.5,-1.00000000000001,1.19000000000001));
#15942=CARTESIAN_POINT('',(-5.5,-1.00000000000001,1.19000000000001));
#15943=CARTESIAN_POINT('',(-5.7110846809974,-1.00000000000001,1.19000000000001));
#15944=CARTESIAN_POINT('Origin',(-5.10122585276319,-0.950000000000011,0.899483752529725));
#15945=CARTESIAN_POINT('Origin',(-4.95403151231113E-16,-0.950000000000012,
0.));
#15946=CARTESIAN_POINT('',(-6.1,-0.950000000000011,1.57777412914845));
#15947=CARTESIAN_POINT('Origin',(-5.5,-0.200000000000011,1.19000000000001));
#15948=CARTESIAN_POINT('',(-5.5,-0.200000000000011,1.19000000000001));
#15949=CARTESIAN_POINT('Origin',(-6.1,-0.200000000000011,1.57777412914845));
#15950=CARTESIAN_POINT('',(-6.1,-0.200000000000011,1.57777412914845));
#15951=CARTESIAN_POINT('Origin',(-5.7110846809974,-0.200000000000011,0.960000000000014));
#15952=CARTESIAN_POINT('Origin',(-6.1,-1.00000000000001,1.57777412914845));
#15953=CARTESIAN_POINT('',(-6.1,-1.00000000000001,1.57777412914845));
#15954=CARTESIAN_POINT('Origin',(-5.5,-1.00000000000001,1.19000000000001));
#15955=CARTESIAN_POINT('',(-5.5,-1.00000000000001,1.19000000000001));
#15956=CARTESIAN_POINT('Origin',(-5.7110846809974,-1.00000000000001,0.960000000000014));
#15957=CARTESIAN_POINT('Origin',(-4.95403151231113E-16,-0.950000000000012,
0.));
#15958=CARTESIAN_POINT('',(5.83361964451877,-0.950000000000013,1.15464116397829));
#15959=CARTESIAN_POINT('',(6.1,-0.950000000000013,1.57777412914845));
#15960=CARTESIAN_POINT('',(5.83361964451877,-0.950000000000013,1.15464116397829));
#15961=CARTESIAN_POINT('',(5.9410846809974,-0.950000000000013,0.960000000000014));
#15962=CARTESIAN_POINT('Origin',(5.7110846809974,-0.950000000000013,0.960000000000014));
#15963=CARTESIAN_POINT('',(5.9410846809974,-0.950000000000013,0.787307067317566));
#15964=CARTESIAN_POINT('',(5.94108468099739,-0.950000000000013,-2.98394928756103E-14));
#15965=CARTESIAN_POINT('',(6.62016245516419,-0.950000000000013,0.0590853106278932));
#15966=CARTESIAN_POINT('Origin',(6.6710846809974,-0.950000000000013,0.787307067317565));
#15967=CARTESIAN_POINT('',(7.46512176312794,-0.950000000000013,-7.58941520739853E-16));
#15968=CARTESIAN_POINT('',(0.0363250259172766,-0.950000000000012,0.519472072409442));
#15969=CARTESIAN_POINT('',(7.5,-0.950000000000013,0.498782025129912));
#15970=CARTESIAN_POINT('',(7.42879673721066,-0.950000000000013,-0.519472072409449));
#15971=CARTESIAN_POINT('',(6.65504069203625,-0.950000000000013,0.557867335757805));
#15972=CARTESIAN_POINT('',(0.0712032627893357,-0.950000000000012,1.01825409753935));
#15973=CARTESIAN_POINT('',(6.4410846809974,-0.950000000000013,0.787307067317565));
#15974=CARTESIAN_POINT('Origin',(6.6710846809974,-0.950000000000013,0.787307067317565));
#15975=CARTESIAN_POINT('',(6.4410846809974,-0.950000000000013,0.960000000000014));
#15976=CARTESIAN_POINT('',(6.4410846809974,-0.950000000000013,3.23507761241939E-14));
#15977=CARTESIAN_POINT('Origin',(5.7110846809974,-0.950000000000013,0.960000000000014));
#15978=CARTESIAN_POINT('Origin',(-3.66815237320641E-16,-0.250000000000011,
0.));
#15979=CARTESIAN_POINT('',(5.5,-0.250000000000012,1.19000000000001));
#15980=CARTESIAN_POINT('',(5.5,-0.250000000000012,1.69000000000001));
#15981=CARTESIAN_POINT('',(5.5,-0.250000000000013,1.19000000000001));
#15982=CARTESIAN_POINT('',(5.05,-0.250000000000012,1.19000000000001));
#15983=CARTESIAN_POINT('',(-3.66815237320641E-16,-0.250000000000011,1.19000000000001));
#15984=CARTESIAN_POINT('',(4.96183650964577,-0.250000000000012,1.69000000000001));
#15985=CARTESIAN_POINT('',(5.10122585276319,-0.250000000000012,0.899483752529725));
#15986=CARTESIAN_POINT('',(-1.34502338867059E-15,-0.250000000000011,1.69000000000001));
#15987=CARTESIAN_POINT('Origin',(-3.66815237320641E-16,-0.250000000000011,
0.));
#15988=CARTESIAN_POINT('',(6.1,-0.250000000000012,1.57777412914845));
#15989=CARTESIAN_POINT('',(5.83361964451877,-0.250000000000013,1.15464116397829));
#15990=CARTESIAN_POINT('',(6.1,-0.250000000000013,1.57777412914845));
#15991=CARTESIAN_POINT('',(6.4410846809974,-0.250000000000013,0.960000000000014));
#15992=CARTESIAN_POINT('Origin',(5.7110846809974,-0.250000000000012,0.960000000000014));
#15993=CARTESIAN_POINT('',(6.4410846809974,-0.250000000000013,0.787307067317565));
#15994=CARTESIAN_POINT('',(6.4410846809974,-0.250000000000013,3.23507761241939E-14));
#15995=CARTESIAN_POINT('',(6.65504069203625,-0.250000000000013,0.557867335757805));
#15996=CARTESIAN_POINT('Origin',(6.6710846809974,-0.250000000000013,0.787307067317565));
#15997=CARTESIAN_POINT('',(7.5,-0.250000000000013,0.498782025129912));
#15998=CARTESIAN_POINT('',(0.0712032627893358,-0.250000000000011,1.01825409753935));
#15999=CARTESIAN_POINT('',(7.46512176312794,-0.250000000000013,-7.58941520739853E-16));
#16000=CARTESIAN_POINT('',(7.42879673721066,-0.250000000000013,-0.519472072409449));
#16001=CARTESIAN_POINT('',(6.62016245516419,-0.250000000000013,0.0590853106278932));
#16002=CARTESIAN_POINT('',(0.0363250259172767,-0.250000000000011,0.519472072409442));
#16003=CARTESIAN_POINT('',(5.9410846809974,-0.250000000000012,0.787307067317566));
#16004=CARTESIAN_POINT('Origin',(6.6710846809974,-0.250000000000013,0.787307067317565));
#16005=CARTESIAN_POINT('',(5.9410846809974,-0.250000000000012,0.960000000000014));
#16006=CARTESIAN_POINT('',(5.94108468099739,-0.250000000000012,-2.98394928756103E-14));
#16007=CARTESIAN_POINT('Origin',(5.7110846809974,-0.250000000000012,0.960000000000014));
#16008=CARTESIAN_POINT('Origin',(6.6710846809974,-0.950000000000013,0.787307067317565));
#16009=CARTESIAN_POINT('',(6.62016245516419,-0.950000000000013,0.0590853106278932));
#16010=CARTESIAN_POINT('',(5.9410846809974,-0.950000000000013,0.787307067317566));
#16011=CARTESIAN_POINT('Origin',(0.0363250259172766,-0.950000000000012,
0.519472072409442));
#16012=CARTESIAN_POINT('',(7.46512176312794,-0.950000000000013,-7.58941520739853E-16));
#16013=CARTESIAN_POINT('Origin',(7.42879673721066,-0.950000000000013,-0.519472072409449));
#16014=CARTESIAN_POINT('',(7.5,-0.950000000000013,0.498782025129912));
#16015=CARTESIAN_POINT('Origin',(0.0712032627893357,-0.950000000000012,
1.01825409753935));
#16016=CARTESIAN_POINT('',(6.65504069203625,-0.950000000000013,0.557867335757805));
#16017=CARTESIAN_POINT('Origin',(6.6710846809974,-0.950000000000013,0.787307067317565));
#16018=CARTESIAN_POINT('',(6.4410846809974,-0.950000000000013,0.787307067317565));
#16019=CARTESIAN_POINT('Origin',(6.4410846809974,-0.950000000000013,3.23507761241939E-14));
#16020=CARTESIAN_POINT('',(6.4410846809974,-0.950000000000013,0.960000000000014));
#16021=CARTESIAN_POINT('Origin',(5.7110846809974,-0.950000000000013,0.960000000000014));
#16022=CARTESIAN_POINT('',(6.1,-0.200000000000013,1.57777412914845));
#16023=CARTESIAN_POINT('',(6.1,-0.200000000000013,1.57777412914845));
#16024=CARTESIAN_POINT('',(5.7110846809974,-0.200000000000013,1.69000000000001));
#16025=CARTESIAN_POINT('Origin',(5.7110846809974,-0.200000000000013,0.960000000000014));
#16026=CARTESIAN_POINT('',(5.7110846809974,-1.00000000000001,1.69000000000001));
#16027=CARTESIAN_POINT('',(5.7110846809974,-0.950000000000013,1.69000000000001));
#16028=CARTESIAN_POINT('',(6.1,-1.00000000000001,1.57777412914845));
#16029=CARTESIAN_POINT('Origin',(5.7110846809974,-1.00000000000001,0.960000000000014));
#16030=CARTESIAN_POINT('',(6.1,-1.00000000000001,1.57777412914845));
#16031=CARTESIAN_POINT('Origin',(-1.47361130258106E-15,-0.950000000000012,
1.69000000000001));
#16032=CARTESIAN_POINT('',(5.5,-0.200000000000013,1.69000000000001));
#16033=CARTESIAN_POINT('',(5.7110846809974,-0.200000000000013,1.69000000000001));
#16034=CARTESIAN_POINT('',(5.5,-0.200000000000013,1.69000000000001));
#16035=CARTESIAN_POINT('',(4.96183650964577,-0.950000000000013,1.69000000000001));
#16036=CARTESIAN_POINT('',(4.96183650964577,-0.950000000000013,1.69000000000001));
#16037=CARTESIAN_POINT('',(5.5,-0.950000000000013,1.69000000000001));
#16038=CARTESIAN_POINT('',(-1.47361130258106E-15,-0.950000000000012,1.69000000000001));
#16039=CARTESIAN_POINT('',(5.5,-1.00000000000001,1.69000000000001));
#16040=CARTESIAN_POINT('',(5.5,-1.00000000000001,1.69000000000001));
#16041=CARTESIAN_POINT('',(5.7110846809974,-1.00000000000001,1.69000000000001));
#16042=CARTESIAN_POINT('Origin',(5.10122585276319,-0.950000000000013,0.899483752529725));
#16043=CARTESIAN_POINT('',(5.05,-0.950000000000013,1.19000000000001));
#16044=CARTESIAN_POINT('',(5.05,-0.950000000000013,1.19000000000001));
#16045=CARTESIAN_POINT('',(5.10122585276319,-0.950000000000013,0.899483752529725));
#16046=CARTESIAN_POINT('Origin',(-4.95403151231113E-16,-0.950000000000012,
1.19000000000001));
#16047=CARTESIAN_POINT('',(5.5,-0.200000000000013,1.19000000000001));
#16048=CARTESIAN_POINT('',(5.5,-0.200000000000013,1.19000000000001));
#16049=CARTESIAN_POINT('',(5.7110846809974,-0.200000000000013,1.19000000000001));
#16050=CARTESIAN_POINT('',(5.5,-0.200000000000013,1.19000000000001));
#16051=CARTESIAN_POINT('',(5.7110846809974,-1.00000000000001,1.19000000000001));
#16052=CARTESIAN_POINT('',(5.7110846809974,-0.950000000000013,1.19000000000001));
#16053=CARTESIAN_POINT('',(5.5,-1.00000000000001,1.19000000000001));
#16054=CARTESIAN_POINT('',(5.5,-1.00000000000001,1.19000000000001));
#16055=CARTESIAN_POINT('',(5.5,-0.950000000000013,1.19000000000001));
#16056=CARTESIAN_POINT('',(5.5,-1.00000000000001,1.19000000000001));
#16057=CARTESIAN_POINT('',(-4.95403151231113E-16,-0.950000000000012,1.19000000000001));
#16058=CARTESIAN_POINT('Origin',(5.7110846809974,-0.950000000000013,0.960000000000014));
#16059=CARTESIAN_POINT('',(5.83361964451877,-0.200000000000013,1.15464116397829));
#16060=CARTESIAN_POINT('Origin',(5.7110846809974,-0.200000000000013,0.960000000000014));
#16061=CARTESIAN_POINT('',(5.83361964451877,-0.200000000000013,1.15464116397829));
#16062=CARTESIAN_POINT('',(5.9410846809974,-0.950000000000013,0.960000000000014));
#16063=CARTESIAN_POINT('',(5.83361964451877,-1.00000000000001,1.15464116397829));
#16064=CARTESIAN_POINT('',(5.83361964451877,-1.00000000000001,1.15464116397829));
#16065=CARTESIAN_POINT('Origin',(5.7110846809974,-1.00000000000001,0.960000000000014));
#16066=CARTESIAN_POINT('Origin',(5.94108468099739,-0.950000000000013,-2.98394928756103E-14));
#16067=CARTESIAN_POINT('Origin',(-4.95403151231113E-16,-0.950000000000012,
0.));
#16068=CARTESIAN_POINT('',(5.5,-0.950000000000013,1.69000000000001));
#16069=CARTESIAN_POINT('Origin',(6.1,-0.200000000000013,1.57777412914845));
#16070=CARTESIAN_POINT('',(6.1,-0.200000000000013,1.57777412914845));
#16071=CARTESIAN_POINT('Origin',(5.5,-0.200000000000013,1.19000000000001));
#16072=CARTESIAN_POINT('',(5.5,-0.200000000000013,1.19000000000001));
#16073=CARTESIAN_POINT('Origin',(5.7110846809974,-0.200000000000013,0.960000000000014));
#16074=CARTESIAN_POINT('Origin',(5.5,-1.00000000000001,1.69000000000001));
#16075=CARTESIAN_POINT('',(5.5,-1.00000000000001,1.69000000000001));
#16076=CARTESIAN_POINT('Origin',(5.83361964451877,-1.00000000000001,1.15464116397829));
#16077=CARTESIAN_POINT('',(5.83361964451877,-1.00000000000001,1.15464116397829));
#16078=CARTESIAN_POINT('Origin',(5.7110846809974,-1.00000000000001,0.960000000000014));
#16079=CARTESIAN_POINT('Origin',(-3.81930388168793E-16,0.249999999999988,
0.));
#16080=CARTESIAN_POINT('',(-5.5,0.249999999999989,1.19000000000001));
#16081=CARTESIAN_POINT('',(-5.5,0.249999999999989,1.69000000000001));
#16082=CARTESIAN_POINT('',(-5.5,0.249999999999989,1.19000000000001));
#16083=CARTESIAN_POINT('',(-5.05,0.249999999999989,1.19000000000001));
#16084=CARTESIAN_POINT('',(-3.81930388168793E-16,0.249999999999988,1.19000000000001));
#16085=CARTESIAN_POINT('',(-4.96183650964577,0.249999999999989,1.69000000000001));
#16086=CARTESIAN_POINT('',(-5.10122585276319,0.249999999999989,0.899483752529725));
#16087=CARTESIAN_POINT('',(5.96277763181152E-16,0.249999999999988,1.69000000000001));
#16088=CARTESIAN_POINT('Origin',(-2.53342474258321E-16,0.949999999999989,
0.));
#16089=CARTESIAN_POINT('',(-5.83361964451877,0.94999999999999,1.15464116397829));
#16090=CARTESIAN_POINT('',(-6.1,0.94999999999999,1.57777412914845));
#16091=CARTESIAN_POINT('',(-6.1,0.949999999999989,1.57777412914845));
#16092=CARTESIAN_POINT('',(-5.9410846809974,0.94999999999999,0.960000000000014));
#16093=CARTESIAN_POINT('Origin',(-5.7110846809974,0.94999999999999,0.960000000000014));
#16094=CARTESIAN_POINT('',(-5.9410846809974,0.94999999999999,0.787307067317566));
#16095=CARTESIAN_POINT('',(-5.94108468099739,0.94999999999999,-2.98394928756103E-14));
#16096=CARTESIAN_POINT('',(-6.62016245516419,0.94999999999999,0.0590853106278932));
#16097=CARTESIAN_POINT('Origin',(-6.6710846809974,0.94999999999999,0.787307067317565));
#16098=CARTESIAN_POINT('',(-7.46512176312794,0.94999999999999,-8.67361737988404E-16));
#16099=CARTESIAN_POINT('',(-0.0363250259172773,0.949999999999989,0.519472072409442));
#16100=CARTESIAN_POINT('',(-7.5,0.94999999999999,0.498782025129912));
#16101=CARTESIAN_POINT('',(-7.42879673721066,0.94999999999999,-0.519472072409449));
#16102=CARTESIAN_POINT('',(-6.65504069203625,0.94999999999999,0.557867335757805));
#16103=CARTESIAN_POINT('',(-0.0712032627893365,0.949999999999989,1.01825409753935));
#16104=CARTESIAN_POINT('',(-6.4410846809974,0.94999999999999,0.787307067317565));
#16105=CARTESIAN_POINT('Origin',(-6.6710846809974,0.94999999999999,0.787307067317565));
#16106=CARTESIAN_POINT('',(-6.4410846809974,0.94999999999999,0.960000000000014));
#16107=CARTESIAN_POINT('',(-6.4410846809974,0.94999999999999,3.23507761241939E-14));
#16108=CARTESIAN_POINT('Origin',(-5.7110846809974,0.94999999999999,0.960000000000014));
#16109=CARTESIAN_POINT('Origin',(-2.53342474258321E-16,0.949999999999989,
0.));
#16110=CARTESIAN_POINT('',(-5.5,0.94999999999999,1.69000000000001));
#16111=CARTESIAN_POINT('',(-5.5,0.949999999999989,1.19000000000001));
#16112=CARTESIAN_POINT('',(-5.5,0.949999999999989,1.19000000000001));
#16113=CARTESIAN_POINT('',(-4.96183650964577,0.94999999999999,1.69000000000001));
#16114=CARTESIAN_POINT('',(7.24865677091624E-16,0.949999999999989,1.69000000000001));
#16115=CARTESIAN_POINT('',(-5.05,0.94999999999999,1.19000000000001));
#16116=CARTESIAN_POINT('',(-5.10122585276319,0.94999999999999,0.899483752529725));
#16117=CARTESIAN_POINT('',(-2.53342474258321E-16,0.949999999999989,1.19000000000001));
#16118=CARTESIAN_POINT('Origin',(5.96277763181152E-16,0.249999999999988,
1.69000000000001));
#16119=CARTESIAN_POINT('',(-5.5,0.999999999999989,1.69000000000001));
#16120=CARTESIAN_POINT('',(-5.5,0.999999999999989,1.69000000000001));
#16121=CARTESIAN_POINT('',(-5.7110846809974,0.999999999999989,1.69000000000001));
#16122=CARTESIAN_POINT('',(-5.7110846809974,0.999999999999989,1.69000000000001));
#16123=CARTESIAN_POINT('',(-5.7110846809974,0.199999999999989,1.69000000000001));
#16124=CARTESIAN_POINT('',(-5.7110846809974,0.249999999999989,1.69000000000001));
#16125=CARTESIAN_POINT('',(-5.5,0.199999999999989,1.69000000000001));
#16126=CARTESIAN_POINT('',(-5.5,0.199999999999989,1.69000000000001));
#16127=CARTESIAN_POINT('',(-5.5,0.199999999999989,1.69000000000001));
#16128=CARTESIAN_POINT('',(-4.96183650964577,0.249999999999989,1.69000000000001));
#16129=CARTESIAN_POINT('Origin',(-5.7110846809974,0.249999999999989,0.960000000000014));
#16130=CARTESIAN_POINT('',(-6.1,0.999999999999989,1.57777412914845));
#16131=CARTESIAN_POINT('Origin',(-5.7110846809974,0.999999999999989,0.960000000000014));
#16132=CARTESIAN_POINT('',(-6.1,0.999999999999989,1.57777412914845));
#16133=CARTESIAN_POINT('',(-6.4410846809974,0.24999999999999,0.960000000000014));
#16134=CARTESIAN_POINT('',(-6.4410846809974,0.24999999999999,0.960000000000014));
#16135=CARTESIAN_POINT('',(-6.1,0.24999999999999,1.57777412914845));
#16136=CARTESIAN_POINT('Origin',(-5.7110846809974,0.249999999999989,0.960000000000014));
#16137=CARTESIAN_POINT('',(-6.1,0.199999999999989,1.57777412914845));
#16138=CARTESIAN_POINT('',(-6.1,0.199999999999989,1.57777412914845));
#16139=CARTESIAN_POINT('Origin',(-5.7110846809974,0.199999999999989,0.960000000000014));
#16140=CARTESIAN_POINT('Origin',(-6.4410846809974,0.24999999999999,3.23507761241939E-14));
#16141=CARTESIAN_POINT('',(-6.4410846809974,0.24999999999999,0.787307067317565));
#16142=CARTESIAN_POINT('',(-6.4410846809974,0.24999999999999,0.787307067317565));
#16143=CARTESIAN_POINT('',(-6.4410846809974,0.24999999999999,3.23507761241939E-14));
#16144=CARTESIAN_POINT('Origin',(-6.6710846809974,0.24999999999999,0.787307067317565));
#16145=CARTESIAN_POINT('',(-6.65504069203625,0.24999999999999,0.557867335757805));
#16146=CARTESIAN_POINT('',(-6.65504069203625,0.24999999999999,0.557867335757805));
#16147=CARTESIAN_POINT('Origin',(-6.6710846809974,0.24999999999999,0.787307067317565));
#16148=CARTESIAN_POINT('Origin',(-0.0712032627893366,0.249999999999988,
1.01825409753935));
#16149=CARTESIAN_POINT('',(-7.5,0.24999999999999,0.498782025129912));
#16150=CARTESIAN_POINT('',(-7.5,0.24999999999999,0.498782025129912));
#16151=CARTESIAN_POINT('',(-0.0712032627893366,0.249999999999988,1.01825409753935));
#16152=CARTESIAN_POINT('Origin',(-7.42879673721066,0.24999999999999,-0.519472072409449));
#16153=CARTESIAN_POINT('',(-7.46512176312794,0.24999999999999,-8.67361737988404E-16));
#16154=CARTESIAN_POINT('',(-7.46512176312794,0.24999999999999,-8.67361737988404E-16));
#16155=CARTESIAN_POINT('',(-7.42879673721066,0.24999999999999,-0.519472072409449));
#16156=CARTESIAN_POINT('Origin',(-0.0363250259172774,0.249999999999988,
0.519472072409442));
#16157=CARTESIAN_POINT('',(-6.62016245516419,0.24999999999999,0.0590853106278932));
#16158=CARTESIAN_POINT('',(-6.62016245516419,0.24999999999999,0.0590853106278932));
#16159=CARTESIAN_POINT('',(-0.0363250259172774,0.249999999999988,0.519472072409442));
#16160=CARTESIAN_POINT('Origin',(-6.6710846809974,0.24999999999999,0.787307067317565));
#16161=CARTESIAN_POINT('',(-5.9410846809974,0.24999999999999,0.787307067317566));
#16162=CARTESIAN_POINT('',(-5.9410846809974,0.24999999999999,0.787307067317566));
#16163=CARTESIAN_POINT('Origin',(-6.6710846809974,0.24999999999999,0.787307067317565));
#16164=CARTESIAN_POINT('Origin',(-5.94108468099739,0.24999999999999,-2.98394928756103E-14));
#16165=CARTESIAN_POINT('',(-5.9410846809974,0.24999999999999,0.960000000000014));
#16166=CARTESIAN_POINT('',(-5.9410846809974,0.24999999999999,0.960000000000014));
#16167=CARTESIAN_POINT('',(-5.94108468099739,0.24999999999999,-2.98394928756103E-14));
#16168=CARTESIAN_POINT('Origin',(-5.7110846809974,0.249999999999989,0.960000000000014));
#16169=CARTESIAN_POINT('',(-5.83361964451877,0.999999999999989,1.15464116397829));
#16170=CARTESIAN_POINT('',(-5.83361964451877,0.999999999999989,1.15464116397829));
#16171=CARTESIAN_POINT('',(-5.7110846809974,0.999999999999989,1.19000000000001));
#16172=CARTESIAN_POINT('Origin',(-5.7110846809974,0.999999999999989,0.960000000000014));
#16173=CARTESIAN_POINT('',(-5.7110846809974,0.199999999999989,1.19000000000001));
#16174=CARTESIAN_POINT('',(-5.7110846809974,0.249999999999989,1.19000000000001));
#16175=CARTESIAN_POINT('',(-5.83361964451877,0.199999999999989,1.15464116397829));
#16176=CARTESIAN_POINT('Origin',(-5.7110846809974,0.199999999999989,0.960000000000014));
#16177=CARTESIAN_POINT('',(-5.83361964451877,0.249999999999989,1.15464116397829));
#16178=CARTESIAN_POINT('',(-5.83361964451877,0.199999999999989,1.15464116397829));
#16179=CARTESIAN_POINT('Origin',(-5.7110846809974,0.249999999999989,0.960000000000014));
#16180=CARTESIAN_POINT('Origin',(-3.81930388168793E-16,0.249999999999988,
1.19000000000001));
#16181=CARTESIAN_POINT('',(-5.5,0.999999999999989,1.19000000000001));
#16182=CARTESIAN_POINT('',(-5.5,0.999999999999989,1.19000000000001));
#16183=CARTESIAN_POINT('',(-5.5,0.999999999999989,1.19000000000001));
#16184=CARTESIAN_POINT('',(-5.05,0.249999999999989,1.19000000000001));
#16185=CARTESIAN_POINT('',(-5.5,0.199999999999989,1.19000000000001));
#16186=CARTESIAN_POINT('',(-5.5,0.199999999999989,1.19000000000001));
#16187=CARTESIAN_POINT('',(-5.7110846809974,0.199999999999989,1.19000000000001));
#16188=CARTESIAN_POINT('Origin',(-5.10122585276319,0.249999999999989,0.899483752529725));
#16189=CARTESIAN_POINT('Origin',(-3.81930388168793E-16,0.249999999999988,
0.));
#16190=CARTESIAN_POINT('',(-6.1,0.249999999999989,1.57777412914845));
#16191=CARTESIAN_POINT('Origin',(-5.5,0.999999999999989,1.19000000000001));
#16192=CARTESIAN_POINT('',(-5.5,0.999999999999989,1.19000000000001));
#16193=CARTESIAN_POINT('Origin',(-6.1,0.999999999999989,1.57777412914845));
#16194=CARTESIAN_POINT('',(-6.1,0.999999999999989,1.57777412914845));
#16195=CARTESIAN_POINT('Origin',(-5.7110846809974,0.999999999999989,0.960000000000014));
#16196=CARTESIAN_POINT('Origin',(-6.1,0.199999999999989,1.57777412914845));
#16197=CARTESIAN_POINT('',(-6.1,0.199999999999989,1.57777412914845));
#16198=CARTESIAN_POINT('Origin',(-5.5,0.199999999999989,1.19000000000001));
#16199=CARTESIAN_POINT('',(-5.5,0.199999999999989,1.19000000000001));
#16200=CARTESIAN_POINT('Origin',(-5.7110846809974,0.199999999999989,0.960000000000014));
#16201=CARTESIAN_POINT('Origin',(-3.81930388168793E-16,0.249999999999988,
0.));
#16202=CARTESIAN_POINT('',(5.83361964451877,0.249999999999987,1.15464116397829));
#16203=CARTESIAN_POINT('',(6.1,0.249999999999987,1.57777412914845));
#16204=CARTESIAN_POINT('',(5.83361964451877,0.249999999999987,1.15464116397829));
#16205=CARTESIAN_POINT('',(5.9410846809974,0.249999999999987,0.960000000000014));
#16206=CARTESIAN_POINT('Origin',(5.7110846809974,0.249999999999987,0.960000000000014));
#16207=CARTESIAN_POINT('',(5.9410846809974,0.249999999999987,0.787307067317566));
#16208=CARTESIAN_POINT('',(5.94108468099739,0.249999999999987,-2.98394928756103E-14));
#16209=CARTESIAN_POINT('',(6.62016245516419,0.249999999999987,0.0590853106278932));
#16210=CARTESIAN_POINT('Origin',(6.6710846809974,0.249999999999987,0.787307067317565));
#16211=CARTESIAN_POINT('',(7.46512176312794,0.249999999999987,-7.58941520739853E-16));
#16212=CARTESIAN_POINT('',(0.0363250259172767,0.249999999999988,0.519472072409442));
#16213=CARTESIAN_POINT('',(7.5,0.249999999999987,0.498782025129912));
#16214=CARTESIAN_POINT('',(7.42879673721066,0.249999999999987,-0.519472072409449));
#16215=CARTESIAN_POINT('',(6.65504069203625,0.249999999999987,0.557867335757805));
#16216=CARTESIAN_POINT('',(0.0712032627893358,0.249999999999988,1.01825409753935));
#16217=CARTESIAN_POINT('',(6.4410846809974,0.249999999999987,0.787307067317565));
#16218=CARTESIAN_POINT('Origin',(6.6710846809974,0.249999999999987,0.787307067317565));
#16219=CARTESIAN_POINT('',(6.4410846809974,0.249999999999987,0.960000000000014));
#16220=CARTESIAN_POINT('',(6.4410846809974,0.249999999999987,3.23507761241939E-14));
#16221=CARTESIAN_POINT('Origin',(5.7110846809974,0.249999999999987,0.960000000000014));
#16222=CARTESIAN_POINT('Origin',(-2.53342474258321E-16,0.949999999999989,
0.));
#16223=CARTESIAN_POINT('',(5.5,0.949999999999988,1.19000000000001));
#16224=CARTESIAN_POINT('',(5.5,0.949999999999988,1.69000000000001));
#16225=CARTESIAN_POINT('',(5.5,0.949999999999987,1.19000000000001));
#16226=CARTESIAN_POINT('',(5.05,0.949999999999988,1.19000000000001));
#16227=CARTESIAN_POINT('',(-2.53342474258321E-16,0.949999999999989,1.19000000000001));
#16228=CARTESIAN_POINT('',(4.96183650964577,0.949999999999988,1.69000000000001));
#16229=CARTESIAN_POINT('',(5.10122585276319,0.949999999999988,0.899483752529725));
#16230=CARTESIAN_POINT('',(-1.23155062560827E-15,0.949999999999989,1.69000000000001));
#16231=CARTESIAN_POINT('Origin',(-2.53342474258321E-16,0.949999999999989,
0.));
#16232=CARTESIAN_POINT('',(6.1,0.949999999999988,1.57777412914845));
#16233=CARTESIAN_POINT('',(5.83361964451877,0.949999999999987,1.15464116397829));
#16234=CARTESIAN_POINT('',(6.1,0.949999999999987,1.57777412914845));
#16235=CARTESIAN_POINT('',(6.4410846809974,0.949999999999987,0.960000000000014));
#16236=CARTESIAN_POINT('Origin',(5.7110846809974,0.949999999999988,0.960000000000014));
#16237=CARTESIAN_POINT('',(6.4410846809974,0.949999999999987,0.787307067317565));
#16238=CARTESIAN_POINT('',(6.4410846809974,0.949999999999987,3.23507761241939E-14));
#16239=CARTESIAN_POINT('',(6.65504069203625,0.949999999999987,0.557867335757805));
#16240=CARTESIAN_POINT('Origin',(6.6710846809974,0.949999999999987,0.787307067317565));
#16241=CARTESIAN_POINT('',(7.5,0.949999999999987,0.498782025129912));
#16242=CARTESIAN_POINT('',(0.071203262789336,0.949999999999989,1.01825409753935));
#16243=CARTESIAN_POINT('',(7.46512176312794,0.949999999999987,-7.58941520739853E-16));
#16244=CARTESIAN_POINT('',(7.42879673721066,0.949999999999987,-0.519472072409449));
#16245=CARTESIAN_POINT('',(6.62016245516419,0.949999999999987,0.0590853106278932));
#16246=CARTESIAN_POINT('',(0.0363250259172768,0.949999999999989,0.519472072409442));
#16247=CARTESIAN_POINT('',(5.9410846809974,0.949999999999988,0.787307067317566));
#16248=CARTESIAN_POINT('Origin',(6.6710846809974,0.949999999999987,0.787307067317565));
#16249=CARTESIAN_POINT('',(5.9410846809974,0.949999999999988,0.960000000000014));
#16250=CARTESIAN_POINT('',(5.94108468099739,0.949999999999988,-2.98394928756103E-14));
#16251=CARTESIAN_POINT('Origin',(5.7110846809974,0.949999999999988,0.960000000000014));
#16252=CARTESIAN_POINT('Origin',(6.6710846809974,0.249999999999987,0.787307067317565));
#16253=CARTESIAN_POINT('',(6.62016245516419,0.249999999999987,0.0590853106278932));
#16254=CARTESIAN_POINT('',(5.9410846809974,0.249999999999987,0.787307067317566));
#16255=CARTESIAN_POINT('Origin',(0.0363250259172767,0.249999999999988,0.519472072409442));
#16256=CARTESIAN_POINT('',(7.46512176312794,0.249999999999987,-7.58941520739853E-16));
#16257=CARTESIAN_POINT('Origin',(7.42879673721066,0.249999999999987,-0.519472072409449));
#16258=CARTESIAN_POINT('',(7.5,0.249999999999987,0.498782025129912));
#16259=CARTESIAN_POINT('Origin',(0.0712032627893358,0.249999999999988,1.01825409753935));
#16260=CARTESIAN_POINT('',(6.65504069203625,0.249999999999987,0.557867335757805));
#16261=CARTESIAN_POINT('Origin',(6.6710846809974,0.249999999999987,0.787307067317565));
#16262=CARTESIAN_POINT('',(6.4410846809974,0.249999999999987,0.787307067317565));
#16263=CARTESIAN_POINT('Origin',(6.4410846809974,0.249999999999987,3.23507761241939E-14));
#16264=CARTESIAN_POINT('',(6.4410846809974,0.249999999999987,0.960000000000014));
#16265=CARTESIAN_POINT('Origin',(5.7110846809974,0.249999999999987,0.960000000000014));
#16266=CARTESIAN_POINT('',(6.1,0.999999999999987,1.57777412914845));
#16267=CARTESIAN_POINT('',(6.1,0.999999999999987,1.57777412914845));
#16268=CARTESIAN_POINT('',(5.7110846809974,0.999999999999987,1.69000000000001));
#16269=CARTESIAN_POINT('Origin',(5.7110846809974,0.999999999999987,0.960000000000014));
#16270=CARTESIAN_POINT('',(5.7110846809974,0.199999999999987,1.69000000000001));
#16271=CARTESIAN_POINT('',(5.7110846809974,0.249999999999987,1.69000000000001));
#16272=CARTESIAN_POINT('',(6.1,0.199999999999987,1.57777412914845));
#16273=CARTESIAN_POINT('Origin',(5.7110846809974,0.199999999999987,0.960000000000014));
#16274=CARTESIAN_POINT('',(6.1,0.199999999999987,1.57777412914845));
#16275=CARTESIAN_POINT('Origin',(-1.36013853951874E-15,0.249999999999988,
1.69000000000001));
#16276=CARTESIAN_POINT('',(5.5,0.999999999999987,1.69000000000001));
#16277=CARTESIAN_POINT('',(5.7110846809974,0.999999999999987,1.69000000000001));
#16278=CARTESIAN_POINT('',(5.5,0.999999999999987,1.69000000000001));
#16279=CARTESIAN_POINT('',(4.96183650964577,0.249999999999988,1.69000000000001));
#16280=CARTESIAN_POINT('',(4.96183650964577,0.249999999999988,1.69000000000001));
#16281=CARTESIAN_POINT('',(5.5,0.249999999999987,1.69000000000001));
#16282=CARTESIAN_POINT('',(-1.36013853951874E-15,0.249999999999988,1.69000000000001));
#16283=CARTESIAN_POINT('',(5.5,0.199999999999987,1.69000000000001));
#16284=CARTESIAN_POINT('',(5.5,0.199999999999987,1.69000000000001));
#16285=CARTESIAN_POINT('',(5.7110846809974,0.199999999999987,1.69000000000001));
#16286=CARTESIAN_POINT('Origin',(5.10122585276319,0.249999999999987,0.899483752529725));
#16287=CARTESIAN_POINT('',(5.05,0.249999999999988,1.19000000000001));
#16288=CARTESIAN_POINT('',(5.05,0.249999999999988,1.19000000000001));
#16289=CARTESIAN_POINT('',(5.10122585276319,0.249999999999987,0.899483752529725));
#16290=CARTESIAN_POINT('Origin',(-3.81930388168793E-16,0.249999999999988,
1.19000000000001));
#16291=CARTESIAN_POINT('',(5.5,0.999999999999987,1.19000000000001));
#16292=CARTESIAN_POINT('',(5.5,0.999999999999987,1.19000000000001));
#16293=CARTESIAN_POINT('',(5.7110846809974,0.999999999999987,1.19000000000001));
#16294=CARTESIAN_POINT('',(5.5,0.999999999999987,1.19000000000001));
#16295=CARTESIAN_POINT('',(5.7110846809974,0.199999999999987,1.19000000000001));
#16296=CARTESIAN_POINT('',(5.7110846809974,0.249999999999987,1.19000000000001));
#16297=CARTESIAN_POINT('',(5.5,0.199999999999987,1.19000000000001));
#16298=CARTESIAN_POINT('',(5.5,0.199999999999987,1.19000000000001));
#16299=CARTESIAN_POINT('',(5.5,0.249999999999987,1.19000000000001));
#16300=CARTESIAN_POINT('',(5.5,0.199999999999987,1.19000000000001));
#16301=CARTESIAN_POINT('',(-3.81930388168793E-16,0.249999999999988,1.19000000000001));
#16302=CARTESIAN_POINT('Origin',(5.7110846809974,0.249999999999987,0.960000000000014));
#16303=CARTESIAN_POINT('',(5.83361964451877,0.999999999999987,1.15464116397829));
#16304=CARTESIAN_POINT('Origin',(5.7110846809974,0.999999999999987,0.960000000000014));
#16305=CARTESIAN_POINT('',(5.83361964451877,0.999999999999987,1.15464116397829));
#16306=CARTESIAN_POINT('',(5.9410846809974,0.249999999999987,0.960000000000014));
#16307=CARTESIAN_POINT('',(5.83361964451877,0.199999999999987,1.15464116397829));
#16308=CARTESIAN_POINT('',(5.83361964451877,0.199999999999987,1.15464116397829));
#16309=CARTESIAN_POINT('Origin',(5.7110846809974,0.199999999999987,0.960000000000014));
#16310=CARTESIAN_POINT('Origin',(5.94108468099739,0.249999999999987,-2.98394928756103E-14));
#16311=CARTESIAN_POINT('Origin',(-3.81930388168793E-16,0.249999999999988,
0.));
#16312=CARTESIAN_POINT('',(5.5,0.249999999999987,1.69000000000001));
#16313=CARTESIAN_POINT('Origin',(6.1,0.999999999999987,1.57777412914845));
#16314=CARTESIAN_POINT('',(6.1,0.999999999999987,1.57777412914845));
#16315=CARTESIAN_POINT('Origin',(5.5,0.999999999999987,1.19000000000001));
#16316=CARTESIAN_POINT('',(5.5,0.999999999999987,1.19000000000001));
#16317=CARTESIAN_POINT('Origin',(5.7110846809974,0.999999999999987,0.960000000000014));
#16318=CARTESIAN_POINT('Origin',(5.5,0.199999999999987,1.69000000000001));
#16319=CARTESIAN_POINT('',(5.5,0.199999999999987,1.69000000000001));
#16320=CARTESIAN_POINT('Origin',(5.83361964451877,0.199999999999987,1.15464116397829));
#16321=CARTESIAN_POINT('',(5.83361964451877,0.199999999999987,1.15464116397829));
#16322=CARTESIAN_POINT('Origin',(5.7110846809974,0.199999999999987,0.960000000000014));
#16323=CARTESIAN_POINT('Origin',(-2.68457625106474E-16,1.44999999999999,
0.));
#16324=CARTESIAN_POINT('',(-5.5,1.44999999999999,1.19000000000001));
#16325=CARTESIAN_POINT('',(-5.5,1.44999999999999,1.69000000000001));
#16326=CARTESIAN_POINT('',(-5.5,1.44999999999999,1.19000000000001));
#16327=CARTESIAN_POINT('',(-5.05,1.44999999999999,1.19000000000001));
#16328=CARTESIAN_POINT('',(-2.68457625106474E-16,1.44999999999999,1.19000000000001));
#16329=CARTESIAN_POINT('',(-4.96183650964577,1.44999999999999,1.69000000000001));
#16330=CARTESIAN_POINT('',(-5.10122585276319,1.44999999999999,0.899483752529725));
#16331=CARTESIAN_POINT('',(7.09750526243471E-16,1.44999999999999,1.69000000000001));
#16332=CARTESIAN_POINT('Origin',(-1.39869711196002E-16,2.14999999999999,
0.));
#16333=CARTESIAN_POINT('',(-5.83361964451877,2.14999999999999,1.15464116397829));
#16334=CARTESIAN_POINT('',(-6.1,2.14999999999999,1.57777412914845));
#16335=CARTESIAN_POINT('',(-6.1,2.14999999999999,1.57777412914845));
#16336=CARTESIAN_POINT('',(-5.9410846809974,2.14999999999999,0.960000000000014));
#16337=CARTESIAN_POINT('Origin',(-5.7110846809974,2.14999999999999,0.960000000000014));
#16338=CARTESIAN_POINT('',(-5.9410846809974,2.14999999999999,0.787307067317566));
#16339=CARTESIAN_POINT('',(-5.94108468099739,2.14999999999999,-2.98394928756103E-14));
#16340=CARTESIAN_POINT('',(-6.62016245516419,2.14999999999999,0.0590853106278932));
#16341=CARTESIAN_POINT('Origin',(-6.6710846809974,2.14999999999999,0.787307067317565));
#16342=CARTESIAN_POINT('',(-7.46512176312794,2.14999999999999,-8.67361737988404E-16));
#16343=CARTESIAN_POINT('',(-0.0363250259172772,2.14999999999999,0.519472072409442));
#16344=CARTESIAN_POINT('',(-7.5,2.14999999999999,0.498782025129912));
#16345=CARTESIAN_POINT('',(-7.42879673721066,2.14999999999999,-0.519472072409449));
#16346=CARTESIAN_POINT('',(-6.65504069203625,2.14999999999999,0.557867335757805));
#16347=CARTESIAN_POINT('',(-0.0712032627893364,2.14999999999999,1.01825409753935));
#16348=CARTESIAN_POINT('',(-6.4410846809974,2.14999999999999,0.787307067317565));
#16349=CARTESIAN_POINT('Origin',(-6.6710846809974,2.14999999999999,0.787307067317565));
#16350=CARTESIAN_POINT('',(-6.4410846809974,2.14999999999999,0.960000000000014));
#16351=CARTESIAN_POINT('',(-6.44108468099741,2.14999999999999,3.23507761241939E-14));
#16352=CARTESIAN_POINT('Origin',(-5.7110846809974,2.14999999999999,0.960000000000014));
#16353=CARTESIAN_POINT('Origin',(-1.39869711196002E-16,2.14999999999999,
0.));
#16354=CARTESIAN_POINT('',(-5.5,2.14999999999999,1.69000000000001));
#16355=CARTESIAN_POINT('',(-5.5,2.14999999999999,1.19000000000001));
#16356=CARTESIAN_POINT('',(-5.5,2.14999999999999,1.19000000000001));
#16357=CARTESIAN_POINT('',(-4.96183650964577,2.14999999999999,1.69000000000001));
#16358=CARTESIAN_POINT('',(8.38338440153943E-16,2.14999999999999,1.69000000000001));
#16359=CARTESIAN_POINT('',(-5.05,2.14999999999999,1.19000000000001));
#16360=CARTESIAN_POINT('',(-5.10122585276319,2.14999999999999,0.899483752529725));
#16361=CARTESIAN_POINT('',(-1.39869711196002E-16,2.14999999999999,1.19000000000001));
#16362=CARTESIAN_POINT('Origin',(7.09750526243471E-16,1.44999999999999,
1.69000000000001));
#16363=CARTESIAN_POINT('',(-5.5,2.19999999999999,1.69000000000001));
#16364=CARTESIAN_POINT('',(-5.5,2.19999999999999,1.69000000000001));
#16365=CARTESIAN_POINT('',(-5.7110846809974,2.19999999999999,1.69000000000001));
#16366=CARTESIAN_POINT('',(-5.7110846809974,2.19999999999999,1.69000000000001));
#16367=CARTESIAN_POINT('',(-5.7110846809974,1.39999999999999,1.69000000000001));
#16368=CARTESIAN_POINT('',(-5.7110846809974,1.44999999999999,1.69000000000001));
#16369=CARTESIAN_POINT('',(-5.5,1.39999999999999,1.69000000000001));
#16370=CARTESIAN_POINT('',(-5.5,1.39999999999999,1.69000000000001));
#16371=CARTESIAN_POINT('',(-5.5,1.39999999999999,1.69000000000001));
#16372=CARTESIAN_POINT('',(-4.96183650964577,1.44999999999999,1.69000000000001));
#16373=CARTESIAN_POINT('Origin',(-5.7110846809974,1.44999999999999,0.960000000000014));
#16374=CARTESIAN_POINT('',(-6.1,2.19999999999999,1.57777412914845));
#16375=CARTESIAN_POINT('Origin',(-5.7110846809974,2.19999999999999,0.960000000000014));
#16376=CARTESIAN_POINT('',(-6.1,2.19999999999999,1.57777412914845));
#16377=CARTESIAN_POINT('',(-6.4410846809974,1.44999999999999,0.960000000000014));
#16378=CARTESIAN_POINT('',(-6.4410846809974,1.44999999999999,0.960000000000014));
#16379=CARTESIAN_POINT('',(-6.1,1.44999999999999,1.57777412914845));
#16380=CARTESIAN_POINT('Origin',(-5.7110846809974,1.44999999999999,0.960000000000014));
#16381=CARTESIAN_POINT('',(-6.1,1.39999999999999,1.57777412914845));
#16382=CARTESIAN_POINT('',(-6.1,1.39999999999999,1.57777412914845));
#16383=CARTESIAN_POINT('Origin',(-5.7110846809974,1.39999999999999,0.960000000000014));
#16384=CARTESIAN_POINT('Origin',(-6.44108468099741,1.44999999999999,3.23507761241939E-14));
#16385=CARTESIAN_POINT('',(-6.4410846809974,1.44999999999999,0.787307067317565));
#16386=CARTESIAN_POINT('',(-6.4410846809974,1.44999999999999,0.787307067317565));
#16387=CARTESIAN_POINT('',(-6.44108468099741,1.44999999999999,3.23507761241939E-14));
#16388=CARTESIAN_POINT('Origin',(-6.6710846809974,1.44999999999999,0.787307067317565));
#16389=CARTESIAN_POINT('',(-6.65504069203625,1.44999999999999,0.557867335757805));
#16390=CARTESIAN_POINT('',(-6.65504069203625,1.44999999999999,0.557867335757805));
#16391=CARTESIAN_POINT('Origin',(-6.6710846809974,1.44999999999999,0.787307067317565));
#16392=CARTESIAN_POINT('Origin',(-0.0712032627893365,1.44999999999999,1.01825409753935));
#16393=CARTESIAN_POINT('',(-7.5,1.44999999999999,0.498782025129912));
#16394=CARTESIAN_POINT('',(-7.5,1.44999999999999,0.498782025129912));
#16395=CARTESIAN_POINT('',(-0.0712032627893365,1.44999999999999,1.01825409753935));
#16396=CARTESIAN_POINT('Origin',(-7.42879673721066,1.44999999999999,-0.519472072409449));
#16397=CARTESIAN_POINT('',(-7.46512176312794,1.44999999999999,-8.67361737988404E-16));
#16398=CARTESIAN_POINT('',(-7.46512176312794,1.44999999999999,-8.67361737988404E-16));
#16399=CARTESIAN_POINT('',(-7.42879673721066,1.44999999999999,-0.519472072409449));
#16400=CARTESIAN_POINT('Origin',(-0.0363250259172773,1.44999999999999,0.519472072409442));
#16401=CARTESIAN_POINT('',(-6.62016245516419,1.44999999999999,0.0590853106278932));
#16402=CARTESIAN_POINT('',(-6.62016245516419,1.44999999999999,0.0590853106278932));
#16403=CARTESIAN_POINT('',(-0.0363250259172773,1.44999999999999,0.519472072409442));
#16404=CARTESIAN_POINT('Origin',(-6.6710846809974,1.44999999999999,0.787307067317565));
#16405=CARTESIAN_POINT('',(-5.9410846809974,1.44999999999999,0.787307067317566));
#16406=CARTESIAN_POINT('',(-5.9410846809974,1.44999999999999,0.787307067317566));
#16407=CARTESIAN_POINT('Origin',(-6.6710846809974,1.44999999999999,0.787307067317565));
#16408=CARTESIAN_POINT('Origin',(-5.94108468099739,1.44999999999999,-2.98394928756103E-14));
#16409=CARTESIAN_POINT('',(-5.9410846809974,1.44999999999999,0.960000000000014));
#16410=CARTESIAN_POINT('',(-5.9410846809974,1.44999999999999,0.960000000000014));
#16411=CARTESIAN_POINT('',(-5.94108468099739,1.44999999999999,-2.98394928756103E-14));
#16412=CARTESIAN_POINT('Origin',(-5.7110846809974,1.44999999999999,0.960000000000014));
#16413=CARTESIAN_POINT('',(-5.83361964451877,2.19999999999999,1.15464116397829));
#16414=CARTESIAN_POINT('',(-5.83361964451877,2.19999999999999,1.15464116397829));
#16415=CARTESIAN_POINT('',(-5.7110846809974,2.19999999999999,1.19000000000001));
#16416=CARTESIAN_POINT('Origin',(-5.7110846809974,2.19999999999999,0.960000000000014));
#16417=CARTESIAN_POINT('',(-5.7110846809974,1.39999999999999,1.19000000000001));
#16418=CARTESIAN_POINT('',(-5.7110846809974,1.44999999999999,1.19000000000001));
#16419=CARTESIAN_POINT('',(-5.83361964451877,1.39999999999999,1.15464116397829));
#16420=CARTESIAN_POINT('Origin',(-5.7110846809974,1.39999999999999,0.960000000000014));
#16421=CARTESIAN_POINT('',(-5.83361964451877,1.44999999999999,1.15464116397829));
#16422=CARTESIAN_POINT('',(-5.83361964451877,1.39999999999999,1.15464116397829));
#16423=CARTESIAN_POINT('Origin',(-5.7110846809974,1.44999999999999,0.960000000000014));
#16424=CARTESIAN_POINT('Origin',(-2.68457625106474E-16,1.44999999999999,
1.19000000000001));
#16425=CARTESIAN_POINT('',(-5.5,2.19999999999999,1.19000000000001));
#16426=CARTESIAN_POINT('',(-5.5,2.19999999999999,1.19000000000001));
#16427=CARTESIAN_POINT('',(-5.5,2.19999999999999,1.19000000000001));
#16428=CARTESIAN_POINT('',(-5.05,1.44999999999999,1.19000000000001));
#16429=CARTESIAN_POINT('',(-5.5,1.39999999999999,1.19000000000001));
#16430=CARTESIAN_POINT('',(-5.5,1.39999999999999,1.19000000000001));
#16431=CARTESIAN_POINT('',(-5.7110846809974,1.39999999999999,1.19000000000001));
#16432=CARTESIAN_POINT('Origin',(-5.10122585276319,1.44999999999999,0.899483752529725));
#16433=CARTESIAN_POINT('Origin',(-2.68457625106474E-16,1.44999999999999,
0.));
#16434=CARTESIAN_POINT('',(-6.1,1.44999999999999,1.57777412914845));
#16435=CARTESIAN_POINT('Origin',(-5.5,2.19999999999999,1.19000000000001));
#16436=CARTESIAN_POINT('',(-5.5,2.19999999999999,1.19000000000001));
#16437=CARTESIAN_POINT('Origin',(-6.1,2.19999999999999,1.57777412914845));
#16438=CARTESIAN_POINT('',(-6.1,2.19999999999999,1.57777412914845));
#16439=CARTESIAN_POINT('Origin',(-5.7110846809974,2.19999999999999,0.960000000000014));
#16440=CARTESIAN_POINT('Origin',(-6.1,1.39999999999999,1.57777412914845));
#16441=CARTESIAN_POINT('',(-6.1,1.39999999999999,1.57777412914845));
#16442=CARTESIAN_POINT('Origin',(-5.5,1.39999999999999,1.19000000000001));
#16443=CARTESIAN_POINT('',(-5.5,1.39999999999999,1.19000000000001));
#16444=CARTESIAN_POINT('Origin',(-5.7110846809974,1.39999999999999,0.960000000000014));
#16445=CARTESIAN_POINT('Origin',(-2.68457625106474E-16,1.44999999999999,
0.));
#16446=CARTESIAN_POINT('',(5.83361964451877,1.44999999999999,1.15464116397829));
#16447=CARTESIAN_POINT('',(6.1,1.44999999999999,1.57777412914844));
#16448=CARTESIAN_POINT('',(5.83361964451877,1.44999999999999,1.15464116397829));
#16449=CARTESIAN_POINT('',(5.9410846809974,1.44999999999999,0.960000000000014));
#16450=CARTESIAN_POINT('Origin',(5.7110846809974,1.44999999999999,0.960000000000014));
#16451=CARTESIAN_POINT('',(5.9410846809974,1.44999999999999,0.787307067317566));
#16452=CARTESIAN_POINT('',(5.94108468099739,1.44999999999999,-2.98394928756103E-14));
#16453=CARTESIAN_POINT('',(6.62016245516419,1.44999999999999,0.0590853106278932));
#16454=CARTESIAN_POINT('Origin',(6.6710846809974,1.44999999999999,0.787307067317565));
#16455=CARTESIAN_POINT('',(7.46512176312794,1.44999999999999,-7.58941520739853E-16));
#16456=CARTESIAN_POINT('',(0.0363250259172768,1.44999999999999,0.519472072409442));
#16457=CARTESIAN_POINT('',(7.5,1.44999999999999,0.498782025129912));
#16458=CARTESIAN_POINT('',(7.42879673721066,1.44999999999999,-0.519472072409449));
#16459=CARTESIAN_POINT('',(6.65504069203625,1.44999999999999,0.557867335757805));
#16460=CARTESIAN_POINT('',(0.0712032627893359,1.44999999999999,1.01825409753935));
#16461=CARTESIAN_POINT('',(6.4410846809974,1.44999999999999,0.787307067317565));
#16462=CARTESIAN_POINT('Origin',(6.6710846809974,1.44999999999999,0.787307067317565));
#16463=CARTESIAN_POINT('',(6.4410846809974,1.44999999999999,0.960000000000014));
#16464=CARTESIAN_POINT('',(6.4410846809974,1.44999999999999,3.23507761241939E-14));
#16465=CARTESIAN_POINT('Origin',(5.7110846809974,1.44999999999999,0.960000000000014));
#16466=CARTESIAN_POINT('Origin',(-1.39869711196002E-16,2.14999999999999,
0.));
#16467=CARTESIAN_POINT('',(5.5,2.14999999999999,1.19000000000001));
#16468=CARTESIAN_POINT('',(5.5,2.14999999999999,1.69000000000001));
#16469=CARTESIAN_POINT('',(5.5,2.14999999999999,1.19000000000001));
#16470=CARTESIAN_POINT('',(5.05,2.14999999999999,1.19000000000001));
#16471=CARTESIAN_POINT('',(-1.39869711196002E-16,2.14999999999999,1.19000000000001));
#16472=CARTESIAN_POINT('',(4.96183650964577,2.14999999999999,1.69000000000001));
#16473=CARTESIAN_POINT('',(5.10122585276319,2.14999999999999,0.899483752529725));
#16474=CARTESIAN_POINT('',(-1.11807786254595E-15,2.14999999999999,1.69000000000001));
#16475=CARTESIAN_POINT('Origin',(-1.39869711196002E-16,2.14999999999999,
0.));
#16476=CARTESIAN_POINT('',(6.1,2.14999999999999,1.57777412914844));
#16477=CARTESIAN_POINT('',(5.83361964451877,2.14999999999999,1.15464116397829));
#16478=CARTESIAN_POINT('',(6.1,2.14999999999999,1.57777412914845));
#16479=CARTESIAN_POINT('',(6.4410846809974,2.14999999999999,0.960000000000014));
#16480=CARTESIAN_POINT('Origin',(5.7110846809974,2.14999999999999,0.960000000000014));
#16481=CARTESIAN_POINT('',(6.4410846809974,2.14999999999999,0.787307067317565));
#16482=CARTESIAN_POINT('',(6.4410846809974,2.14999999999999,3.23507761241939E-14));
#16483=CARTESIAN_POINT('',(6.65504069203625,2.14999999999999,0.557867335757805));
#16484=CARTESIAN_POINT('Origin',(6.6710846809974,2.14999999999999,0.787307067317565));
#16485=CARTESIAN_POINT('',(7.5,2.14999999999999,0.498782025129912));
#16486=CARTESIAN_POINT('',(0.0712032627893361,2.14999999999999,1.01825409753935));
#16487=CARTESIAN_POINT('',(7.46512176312794,2.14999999999999,-7.58941520739853E-16));
#16488=CARTESIAN_POINT('',(7.42879673721066,2.14999999999999,-0.519472072409449));
#16489=CARTESIAN_POINT('',(6.62016245516419,2.14999999999999,0.0590853106278932));
#16490=CARTESIAN_POINT('',(0.0363250259172769,2.14999999999999,0.519472072409442));
#16491=CARTESIAN_POINT('',(5.9410846809974,2.14999999999999,0.787307067317566));
#16492=CARTESIAN_POINT('Origin',(6.6710846809974,2.14999999999999,0.787307067317565));
#16493=CARTESIAN_POINT('',(5.9410846809974,2.14999999999999,0.960000000000014));
#16494=CARTESIAN_POINT('',(5.94108468099739,2.14999999999999,-2.98394928756103E-14));
#16495=CARTESIAN_POINT('Origin',(5.7110846809974,2.14999999999999,0.960000000000014));
#16496=CARTESIAN_POINT('Origin',(6.6710846809974,1.44999999999999,0.787307067317565));
#16497=CARTESIAN_POINT('',(6.62016245516419,1.44999999999999,0.0590853106278932));
#16498=CARTESIAN_POINT('',(5.9410846809974,1.44999999999999,0.787307067317566));
#16499=CARTESIAN_POINT('Origin',(0.0363250259172768,1.44999999999999,0.519472072409442));
#16500=CARTESIAN_POINT('',(7.46512176312794,1.44999999999999,-7.58941520739853E-16));
#16501=CARTESIAN_POINT('Origin',(7.42879673721066,1.44999999999999,-0.519472072409449));
#16502=CARTESIAN_POINT('',(7.5,1.44999999999999,0.498782025129912));
#16503=CARTESIAN_POINT('Origin',(0.0712032627893359,1.44999999999999,1.01825409753935));
#16504=CARTESIAN_POINT('',(6.65504069203625,1.44999999999999,0.557867335757805));
#16505=CARTESIAN_POINT('Origin',(6.6710846809974,1.44999999999999,0.787307067317565));
#16506=CARTESIAN_POINT('',(6.4410846809974,1.44999999999999,0.787307067317565));
#16507=CARTESIAN_POINT('Origin',(6.4410846809974,1.44999999999999,3.23507761241939E-14));
#16508=CARTESIAN_POINT('',(6.4410846809974,1.44999999999999,0.960000000000014));
#16509=CARTESIAN_POINT('Origin',(5.7110846809974,1.44999999999999,0.960000000000014));
#16510=CARTESIAN_POINT('',(6.1,2.19999999999999,1.57777412914845));
#16511=CARTESIAN_POINT('',(6.1,2.19999999999999,1.57777412914845));
#16512=CARTESIAN_POINT('',(5.7110846809974,2.19999999999999,1.69000000000001));
#16513=CARTESIAN_POINT('Origin',(5.7110846809974,2.19999999999999,0.960000000000014));
#16514=CARTESIAN_POINT('',(5.7110846809974,1.39999999999999,1.69000000000001));
#16515=CARTESIAN_POINT('',(5.7110846809974,1.44999999999999,1.69000000000001));
#16516=CARTESIAN_POINT('',(6.1,1.39999999999999,1.57777412914845));
#16517=CARTESIAN_POINT('Origin',(5.7110846809974,1.39999999999999,0.960000000000014));
#16518=CARTESIAN_POINT('',(6.1,1.39999999999999,1.57777412914845));
#16519=CARTESIAN_POINT('Origin',(-1.24666577645642E-15,1.44999999999999,
1.69000000000001));
#16520=CARTESIAN_POINT('',(5.5,2.19999999999999,1.69000000000001));
#16521=CARTESIAN_POINT('',(5.7110846809974,2.19999999999999,1.69000000000001));
#16522=CARTESIAN_POINT('',(5.5,2.19999999999999,1.69000000000001));
#16523=CARTESIAN_POINT('',(4.96183650964577,1.44999999999999,1.69000000000001));
#16524=CARTESIAN_POINT('',(4.96183650964577,1.44999999999999,1.69000000000001));
#16525=CARTESIAN_POINT('',(5.5,1.44999999999999,1.69000000000001));
#16526=CARTESIAN_POINT('',(-1.24666577645642E-15,1.44999999999999,1.69000000000001));
#16527=CARTESIAN_POINT('',(5.5,1.39999999999999,1.69000000000001));
#16528=CARTESIAN_POINT('',(5.5,1.39999999999999,1.69000000000001));
#16529=CARTESIAN_POINT('',(5.7110846809974,1.39999999999999,1.69000000000001));
#16530=CARTESIAN_POINT('Origin',(5.10122585276319,1.44999999999999,0.899483752529725));
#16531=CARTESIAN_POINT('',(5.05,1.44999999999999,1.19000000000001));
#16532=CARTESIAN_POINT('',(5.05,1.44999999999999,1.19000000000001));
#16533=CARTESIAN_POINT('',(5.10122585276319,1.44999999999999,0.899483752529725));
#16534=CARTESIAN_POINT('Origin',(-2.68457625106474E-16,1.44999999999999,
1.19000000000001));
#16535=CARTESIAN_POINT('',(5.5,2.19999999999999,1.19000000000001));
#16536=CARTESIAN_POINT('',(5.5,2.19999999999999,1.19000000000001));
#16537=CARTESIAN_POINT('',(5.7110846809974,2.19999999999999,1.19000000000001));
#16538=CARTESIAN_POINT('',(5.5,2.19999999999999,1.19000000000001));
#16539=CARTESIAN_POINT('',(5.7110846809974,1.39999999999999,1.19000000000001));
#16540=CARTESIAN_POINT('',(5.7110846809974,1.44999999999999,1.19000000000001));
#16541=CARTESIAN_POINT('',(5.5,1.39999999999999,1.19000000000001));
#16542=CARTESIAN_POINT('',(5.5,1.39999999999999,1.19000000000001));
#16543=CARTESIAN_POINT('',(5.5,1.44999999999999,1.19000000000001));
#16544=CARTESIAN_POINT('',(5.5,1.39999999999999,1.19000000000001));
#16545=CARTESIAN_POINT('',(-2.68457625106474E-16,1.44999999999999,1.19000000000001));
#16546=CARTESIAN_POINT('Origin',(5.7110846809974,1.44999999999999,0.960000000000014));
#16547=CARTESIAN_POINT('',(5.83361964451877,2.19999999999999,1.15464116397829));
#16548=CARTESIAN_POINT('Origin',(5.7110846809974,2.19999999999999,0.960000000000014));
#16549=CARTESIAN_POINT('',(5.83361964451877,2.19999999999999,1.15464116397829));
#16550=CARTESIAN_POINT('',(5.9410846809974,1.44999999999999,0.960000000000014));
#16551=CARTESIAN_POINT('',(5.83361964451877,1.39999999999999,1.15464116397829));
#16552=CARTESIAN_POINT('',(5.83361964451877,1.39999999999999,1.15464116397829));
#16553=CARTESIAN_POINT('Origin',(5.7110846809974,1.39999999999999,0.960000000000014));
#16554=CARTESIAN_POINT('Origin',(5.94108468099739,1.44999999999999,-2.98394928756103E-14));
#16555=CARTESIAN_POINT('Origin',(-2.68457625106474E-16,1.44999999999999,
0.));
#16556=CARTESIAN_POINT('',(5.5,1.44999999999999,1.69000000000001));
#16557=CARTESIAN_POINT('Origin',(6.1,2.19999999999999,1.57777412914845));
#16558=CARTESIAN_POINT('',(6.1,2.19999999999999,1.57777412914845));
#16559=CARTESIAN_POINT('Origin',(5.5,2.19999999999999,1.19000000000001));
#16560=CARTESIAN_POINT('',(5.5,2.19999999999999,1.19000000000001));
#16561=CARTESIAN_POINT('Origin',(5.7110846809974,2.19999999999999,0.960000000000014));
#16562=CARTESIAN_POINT('Origin',(5.5,1.39999999999999,1.69000000000001));
#16563=CARTESIAN_POINT('',(5.5,1.39999999999999,1.69000000000001));
#16564=CARTESIAN_POINT('Origin',(5.83361964451877,1.39999999999999,1.15464116397829));
#16565=CARTESIAN_POINT('',(5.83361964451877,1.39999999999999,1.15464116397829));
#16566=CARTESIAN_POINT('Origin',(5.7110846809974,1.39999999999999,0.960000000000014));
#16567=CARTESIAN_POINT('Origin',(-1.54984862044155E-16,2.64999999999999,
0.));
#16568=CARTESIAN_POINT('',(-5.5,2.64999999999999,1.19000000000001));
#16569=CARTESIAN_POINT('',(-5.5,2.64999999999999,1.69000000000001));
#16570=CARTESIAN_POINT('',(-5.5,2.64999999999999,1.19000000000001));
#16571=CARTESIAN_POINT('',(-5.05,2.64999999999999,1.19000000000001));
#16572=CARTESIAN_POINT('',(-1.54984862044155E-16,2.64999999999999,1.19000000000001));
#16573=CARTESIAN_POINT('',(-4.96183650964577,2.64999999999999,1.69000000000001));
#16574=CARTESIAN_POINT('',(-5.10122585276319,2.64999999999999,0.899483752529725));
#16575=CARTESIAN_POINT('',(8.23223289305791E-16,2.64999999999999,1.69000000000001));
#16576=CARTESIAN_POINT('Origin',(-2.63969481336826E-17,3.34999999999999,
0.));
#16577=CARTESIAN_POINT('',(-5.83361964451877,3.34999999999999,1.15464116397829));
#16578=CARTESIAN_POINT('',(-6.1,3.34999999999999,1.57777412914845));
#16579=CARTESIAN_POINT('',(-6.1,3.34999999999999,1.57777412914845));
#16580=CARTESIAN_POINT('',(-5.9410846809974,3.34999999999999,0.960000000000014));
#16581=CARTESIAN_POINT('Origin',(-5.7110846809974,3.34999999999999,0.960000000000014));
#16582=CARTESIAN_POINT('',(-5.9410846809974,3.34999999999999,0.787307067317566));
#16583=CARTESIAN_POINT('',(-5.94108468099739,3.34999999999999,-2.98394928756103E-14));
#16584=CARTESIAN_POINT('',(-6.62016245516419,3.34999999999999,0.0590853106278932));
#16585=CARTESIAN_POINT('Origin',(-6.6710846809974,3.34999999999999,0.787307067317565));
#16586=CARTESIAN_POINT('',(-7.46512176312794,3.34999999999999,-8.67361737988404E-16));
#16587=CARTESIAN_POINT('',(-0.0363250259172771,3.34999999999999,0.519472072409442));
#16588=CARTESIAN_POINT('',(-7.5,3.34999999999999,0.498782025129912));
#16589=CARTESIAN_POINT('',(-7.42879673721066,3.34999999999999,-0.519472072409449));
#16590=CARTESIAN_POINT('',(-6.65504069203625,3.34999999999999,0.557867335757805));
#16591=CARTESIAN_POINT('',(-0.0712032627893362,3.34999999999999,1.01825409753935));
#16592=CARTESIAN_POINT('',(-6.4410846809974,3.34999999999999,0.787307067317565));
#16593=CARTESIAN_POINT('Origin',(-6.6710846809974,3.34999999999999,0.787307067317565));
#16594=CARTESIAN_POINT('',(-6.4410846809974,3.34999999999999,0.960000000000014));
#16595=CARTESIAN_POINT('',(-6.4410846809974,3.34999999999999,3.23507761241939E-14));
#16596=CARTESIAN_POINT('Origin',(-5.7110846809974,3.34999999999999,0.960000000000014));
#16597=CARTESIAN_POINT('Origin',(-2.63969481336826E-17,3.34999999999999,
0.));
#16598=CARTESIAN_POINT('',(-5.5,3.34999999999999,1.69000000000001));
#16599=CARTESIAN_POINT('',(-5.5,3.34999999999999,1.19000000000001));
#16600=CARTESIAN_POINT('',(-5.5,3.34999999999999,1.19000000000001));
#16601=CARTESIAN_POINT('',(-4.96183650964577,3.34999999999999,1.69000000000001));
#16602=CARTESIAN_POINT('',(9.51811203216263E-16,3.34999999999999,1.69000000000001));
#16603=CARTESIAN_POINT('',(-5.05,3.34999999999999,1.19000000000001));
#16604=CARTESIAN_POINT('',(-5.10122585276319,3.34999999999999,0.899483752529725));
#16605=CARTESIAN_POINT('',(-2.63969481336826E-17,3.34999999999999,1.19000000000001));
#16606=CARTESIAN_POINT('Origin',(8.23223289305791E-16,2.64999999999999,
1.69000000000001));
#16607=CARTESIAN_POINT('',(-5.5,3.39999999999999,1.69000000000001));
#16608=CARTESIAN_POINT('',(-5.5,3.39999999999999,1.69000000000001));
#16609=CARTESIAN_POINT('',(-5.7110846809974,3.39999999999999,1.69000000000001));
#16610=CARTESIAN_POINT('',(-5.7110846809974,3.39999999999999,1.69000000000001));
#16611=CARTESIAN_POINT('',(-5.7110846809974,2.59999999999999,1.69000000000001));
#16612=CARTESIAN_POINT('',(-5.7110846809974,2.64999999999999,1.69000000000001));
#16613=CARTESIAN_POINT('',(-5.5,2.59999999999999,1.69000000000001));
#16614=CARTESIAN_POINT('',(-5.5,2.59999999999999,1.69000000000001));
#16615=CARTESIAN_POINT('',(-5.5,2.59999999999999,1.69000000000001));
#16616=CARTESIAN_POINT('',(-4.96183650964577,2.64999999999999,1.69000000000001));
#16617=CARTESIAN_POINT('Origin',(-5.7110846809974,2.64999999999999,0.960000000000014));
#16618=CARTESIAN_POINT('',(-6.1,3.39999999999999,1.57777412914845));
#16619=CARTESIAN_POINT('Origin',(-5.7110846809974,3.39999999999999,0.960000000000014));
#16620=CARTESIAN_POINT('',(-6.1,3.39999999999999,1.57777412914845));
#16621=CARTESIAN_POINT('',(-6.4410846809974,2.64999999999999,0.960000000000014));
#16622=CARTESIAN_POINT('',(-6.4410846809974,2.64999999999999,0.960000000000014));
#16623=CARTESIAN_POINT('',(-6.1,2.64999999999999,1.57777412914845));
#16624=CARTESIAN_POINT('Origin',(-5.7110846809974,2.64999999999999,0.960000000000014));
#16625=CARTESIAN_POINT('',(-6.1,2.59999999999999,1.57777412914845));
#16626=CARTESIAN_POINT('',(-6.1,2.59999999999999,1.57777412914845));
#16627=CARTESIAN_POINT('Origin',(-5.7110846809974,2.59999999999999,0.960000000000014));
#16628=CARTESIAN_POINT('Origin',(-6.4410846809974,2.64999999999999,3.23507761241939E-14));
#16629=CARTESIAN_POINT('',(-6.4410846809974,2.64999999999999,0.787307067317565));
#16630=CARTESIAN_POINT('',(-6.4410846809974,2.64999999999999,0.787307067317565));
#16631=CARTESIAN_POINT('',(-6.4410846809974,2.64999999999999,3.23507761241939E-14));
#16632=CARTESIAN_POINT('Origin',(-6.6710846809974,2.64999999999999,0.787307067317565));
#16633=CARTESIAN_POINT('',(-6.65504069203625,2.64999999999999,0.557867335757805));
#16634=CARTESIAN_POINT('',(-6.65504069203625,2.64999999999999,0.557867335757805));
#16635=CARTESIAN_POINT('Origin',(-6.6710846809974,2.64999999999999,0.787307067317565));
#16636=CARTESIAN_POINT('Origin',(-0.0712032627893364,2.64999999999999,1.01825409753935));
#16637=CARTESIAN_POINT('',(-7.5,2.64999999999999,0.498782025129912));
#16638=CARTESIAN_POINT('',(-7.5,2.64999999999999,0.498782025129912));
#16639=CARTESIAN_POINT('',(-0.0712032627893364,2.64999999999999,1.01825409753935));
#16640=CARTESIAN_POINT('Origin',(-7.42879673721066,2.64999999999999,-0.519472072409449));
#16641=CARTESIAN_POINT('',(-7.46512176312794,2.64999999999999,-8.67361737988404E-16));
#16642=CARTESIAN_POINT('',(-7.46512176312794,2.64999999999999,-8.67361737988404E-16));
#16643=CARTESIAN_POINT('',(-7.42879673721066,2.64999999999999,-0.519472072409449));
#16644=CARTESIAN_POINT('Origin',(-0.0363250259172772,2.64999999999999,0.519472072409442));
#16645=CARTESIAN_POINT('',(-6.62016245516419,2.64999999999999,0.0590853106278932));
#16646=CARTESIAN_POINT('',(-6.62016245516419,2.64999999999999,0.0590853106278932));
#16647=CARTESIAN_POINT('',(-0.0363250259172772,2.64999999999999,0.519472072409442));
#16648=CARTESIAN_POINT('Origin',(-6.6710846809974,2.64999999999999,0.787307067317565));
#16649=CARTESIAN_POINT('',(-5.9410846809974,2.64999999999999,0.787307067317566));
#16650=CARTESIAN_POINT('',(-5.9410846809974,2.64999999999999,0.787307067317566));
#16651=CARTESIAN_POINT('Origin',(-6.6710846809974,2.64999999999999,0.787307067317565));
#16652=CARTESIAN_POINT('Origin',(-5.94108468099739,2.64999999999999,-2.98394928756103E-14));
#16653=CARTESIAN_POINT('',(-5.9410846809974,2.64999999999999,0.960000000000014));
#16654=CARTESIAN_POINT('',(-5.9410846809974,2.64999999999999,0.960000000000014));
#16655=CARTESIAN_POINT('',(-5.94108468099739,2.64999999999999,-2.98394928756103E-14));
#16656=CARTESIAN_POINT('Origin',(-5.7110846809974,2.64999999999999,0.960000000000014));
#16657=CARTESIAN_POINT('',(-5.83361964451877,3.39999999999999,1.15464116397829));
#16658=CARTESIAN_POINT('',(-5.83361964451877,3.39999999999999,1.15464116397829));
#16659=CARTESIAN_POINT('',(-5.7110846809974,3.39999999999999,1.19000000000001));
#16660=CARTESIAN_POINT('Origin',(-5.7110846809974,3.39999999999999,0.960000000000014));
#16661=CARTESIAN_POINT('',(-5.7110846809974,2.59999999999999,1.19000000000001));
#16662=CARTESIAN_POINT('',(-5.7110846809974,2.64999999999999,1.19000000000001));
#16663=CARTESIAN_POINT('',(-5.83361964451877,2.59999999999999,1.15464116397829));
#16664=CARTESIAN_POINT('Origin',(-5.7110846809974,2.59999999999999,0.960000000000014));
#16665=CARTESIAN_POINT('',(-5.83361964451877,2.64999999999999,1.15464116397829));
#16666=CARTESIAN_POINT('',(-5.83361964451877,2.59999999999999,1.15464116397829));
#16667=CARTESIAN_POINT('Origin',(-5.7110846809974,2.64999999999999,0.960000000000014));
#16668=CARTESIAN_POINT('Origin',(-1.54984862044155E-16,2.64999999999999,
1.19000000000001));
#16669=CARTESIAN_POINT('',(-5.5,3.39999999999999,1.19000000000001));
#16670=CARTESIAN_POINT('',(-5.5,3.39999999999999,1.19000000000001));
#16671=CARTESIAN_POINT('',(-5.5,3.39999999999999,1.19000000000001));
#16672=CARTESIAN_POINT('',(-5.05,2.64999999999999,1.19000000000001));
#16673=CARTESIAN_POINT('',(-5.5,2.59999999999999,1.19000000000001));
#16674=CARTESIAN_POINT('',(-5.5,2.59999999999999,1.19000000000001));
#16675=CARTESIAN_POINT('',(-5.7110846809974,2.59999999999999,1.19000000000001));
#16676=CARTESIAN_POINT('Origin',(-5.10122585276319,2.64999999999999,0.899483752529725));
#16677=CARTESIAN_POINT('Origin',(-1.54984862044155E-16,2.64999999999999,
0.));
#16678=CARTESIAN_POINT('',(-6.1,2.64999999999999,1.57777412914845));
#16679=CARTESIAN_POINT('Origin',(-5.5,3.39999999999999,1.19000000000001));
#16680=CARTESIAN_POINT('',(-5.5,3.39999999999999,1.19000000000001));
#16681=CARTESIAN_POINT('Origin',(-6.1,3.39999999999999,1.57777412914845));
#16682=CARTESIAN_POINT('',(-6.1,3.39999999999999,1.57777412914845));
#16683=CARTESIAN_POINT('Origin',(-5.7110846809974,3.39999999999999,0.960000000000014));
#16684=CARTESIAN_POINT('Origin',(-6.1,2.59999999999999,1.57777412914845));
#16685=CARTESIAN_POINT('',(-6.1,2.59999999999999,1.57777412914845));
#16686=CARTESIAN_POINT('Origin',(-5.5,2.59999999999999,1.19000000000001));
#16687=CARTESIAN_POINT('',(-5.5,2.59999999999999,1.19000000000001));
#16688=CARTESIAN_POINT('Origin',(-5.7110846809974,2.59999999999999,0.960000000000014));
#16689=CARTESIAN_POINT('Origin',(-1.54984862044155E-16,2.64999999999999,
0.));
#16690=CARTESIAN_POINT('',(5.83361964451877,2.64999999999999,1.15464116397829));
#16691=CARTESIAN_POINT('',(6.1,2.64999999999999,1.57777412914844));
#16692=CARTESIAN_POINT('',(5.83361964451877,2.64999999999999,1.15464116397829));
#16693=CARTESIAN_POINT('',(5.9410846809974,2.64999999999999,0.960000000000014));
#16694=CARTESIAN_POINT('Origin',(5.7110846809974,2.64999999999999,0.960000000000014));
#16695=CARTESIAN_POINT('',(5.9410846809974,2.64999999999999,0.787307067317566));
#16696=CARTESIAN_POINT('',(5.94108468099739,2.64999999999999,-2.98394928756103E-14));
#16697=CARTESIAN_POINT('',(6.62016245516419,2.64999999999999,0.0590853106278932));
#16698=CARTESIAN_POINT('Origin',(6.6710846809974,2.64999999999999,0.787307067317565));
#16699=CARTESIAN_POINT('',(7.46512176312794,2.64999999999999,-7.58941520739853E-16));
#16700=CARTESIAN_POINT('',(0.0363250259172769,2.64999999999999,0.519472072409442));
#16701=CARTESIAN_POINT('',(7.5,2.64999999999999,0.498782025129912));
#16702=CARTESIAN_POINT('',(7.42879673721066,2.64999999999999,-0.519472072409449));
#16703=CARTESIAN_POINT('',(6.65504069203625,2.64999999999999,0.557867335757805));
#16704=CARTESIAN_POINT('',(0.0712032627893361,2.64999999999999,1.01825409753935));
#16705=CARTESIAN_POINT('',(6.4410846809974,2.64999999999999,0.787307067317565));
#16706=CARTESIAN_POINT('Origin',(6.6710846809974,2.64999999999999,0.787307067317565));
#16707=CARTESIAN_POINT('',(6.4410846809974,2.64999999999999,0.960000000000014));
#16708=CARTESIAN_POINT('',(6.4410846809974,2.64999999999999,3.23507761241939E-14));
#16709=CARTESIAN_POINT('Origin',(5.7110846809974,2.64999999999999,0.960000000000014));
#16710=CARTESIAN_POINT('Origin',(-2.63969481336826E-17,3.34999999999999,
0.));
#16711=CARTESIAN_POINT('',(5.5,3.34999999999999,1.19000000000001));
#16712=CARTESIAN_POINT('',(5.5,3.34999999999999,1.69000000000001));
#16713=CARTESIAN_POINT('',(5.5,3.34999999999999,1.19000000000001));
#16714=CARTESIAN_POINT('',(5.05,3.34999999999999,1.19000000000001));
#16715=CARTESIAN_POINT('',(-2.63969481336826E-17,3.34999999999999,1.19000000000001));
#16716=CARTESIAN_POINT('',(4.96183650964577,3.34999999999999,1.69000000000001));
#16717=CARTESIAN_POINT('',(5.10122585276319,3.34999999999999,0.899483752529725));
#16718=CARTESIAN_POINT('',(-1.00460509948363E-15,3.34999999999999,1.69000000000001));
#16719=CARTESIAN_POINT('Origin',(-2.63969481336826E-17,3.34999999999999,
0.));
#16720=CARTESIAN_POINT('',(6.1,3.34999999999999,1.57777412914844));
#16721=CARTESIAN_POINT('',(5.83361964451877,3.34999999999999,1.15464116397829));
#16722=CARTESIAN_POINT('',(6.1,3.34999999999999,1.57777412914845));
#16723=CARTESIAN_POINT('',(6.4410846809974,3.34999999999999,0.960000000000014));
#16724=CARTESIAN_POINT('Origin',(5.7110846809974,3.34999999999999,0.960000000000014));
#16725=CARTESIAN_POINT('',(6.4410846809974,3.34999999999999,0.787307067317565));
#16726=CARTESIAN_POINT('',(6.4410846809974,3.34999999999999,3.23507761241939E-14));
#16727=CARTESIAN_POINT('',(6.65504069203625,3.34999999999999,0.557867335757805));
#16728=CARTESIAN_POINT('Origin',(6.6710846809974,3.34999999999999,0.787307067317565));
#16729=CARTESIAN_POINT('',(7.5,3.34999999999999,0.498782025129912));
#16730=CARTESIAN_POINT('',(0.0712032627893362,3.34999999999999,1.01825409753935));
#16731=CARTESIAN_POINT('',(7.46512176312794,3.34999999999999,-7.58941520739853E-16));
#16732=CARTESIAN_POINT('',(7.42879673721066,3.34999999999999,-0.519472072409449));
#16733=CARTESIAN_POINT('',(6.62016245516419,3.34999999999999,0.0590853106278932));
#16734=CARTESIAN_POINT('',(0.036325025917277,3.34999999999999,0.519472072409442));
#16735=CARTESIAN_POINT('',(5.9410846809974,3.34999999999999,0.787307067317566));
#16736=CARTESIAN_POINT('Origin',(6.6710846809974,3.34999999999999,0.787307067317565));
#16737=CARTESIAN_POINT('',(5.9410846809974,3.34999999999999,0.960000000000014));
#16738=CARTESIAN_POINT('',(5.94108468099739,3.34999999999999,-2.98394928756103E-14));
#16739=CARTESIAN_POINT('Origin',(5.7110846809974,3.34999999999999,0.960000000000014));
#16740=CARTESIAN_POINT('Origin',(6.6710846809974,2.64999999999999,0.787307067317565));
#16741=CARTESIAN_POINT('',(6.62016245516419,2.64999999999999,0.0590853106278932));
#16742=CARTESIAN_POINT('',(5.9410846809974,2.64999999999999,0.787307067317566));
#16743=CARTESIAN_POINT('Origin',(0.0363250259172769,2.64999999999999,0.519472072409442));
#16744=CARTESIAN_POINT('',(7.46512176312794,2.64999999999999,-7.58941520739853E-16));
#16745=CARTESIAN_POINT('Origin',(7.42879673721066,2.64999999999999,-0.519472072409449));
#16746=CARTESIAN_POINT('',(7.5,2.64999999999999,0.498782025129912));
#16747=CARTESIAN_POINT('Origin',(0.0712032627893361,2.64999999999999,1.01825409753935));
#16748=CARTESIAN_POINT('',(6.65504069203625,2.64999999999999,0.557867335757805));
#16749=CARTESIAN_POINT('Origin',(6.6710846809974,2.64999999999999,0.787307067317565));
#16750=CARTESIAN_POINT('',(6.4410846809974,2.64999999999999,0.787307067317565));
#16751=CARTESIAN_POINT('Origin',(6.4410846809974,2.64999999999999,3.23507761241939E-14));
#16752=CARTESIAN_POINT('',(6.4410846809974,2.64999999999999,0.960000000000014));
#16753=CARTESIAN_POINT('Origin',(5.7110846809974,2.64999999999999,0.960000000000014));
#16754=CARTESIAN_POINT('',(6.1,3.39999999999999,1.57777412914845));
#16755=CARTESIAN_POINT('',(6.1,3.39999999999999,1.57777412914845));
#16756=CARTESIAN_POINT('',(5.7110846809974,3.39999999999999,1.69000000000001));
#16757=CARTESIAN_POINT('Origin',(5.7110846809974,3.39999999999999,0.960000000000014));
#16758=CARTESIAN_POINT('',(5.7110846809974,2.59999999999999,1.69000000000001));
#16759=CARTESIAN_POINT('',(5.7110846809974,2.64999999999999,1.69000000000001));
#16760=CARTESIAN_POINT('',(6.1,2.59999999999999,1.57777412914845));
#16761=CARTESIAN_POINT('Origin',(5.7110846809974,2.59999999999999,0.960000000000014));
#16762=CARTESIAN_POINT('',(6.1,2.59999999999999,1.57777412914845));
#16763=CARTESIAN_POINT('Origin',(-1.1331930133941E-15,2.64999999999999,
1.69000000000001));
#16764=CARTESIAN_POINT('',(5.5,3.39999999999999,1.69000000000001));
#16765=CARTESIAN_POINT('',(5.7110846809974,3.39999999999999,1.69000000000001));
#16766=CARTESIAN_POINT('',(5.5,3.39999999999999,1.69000000000001));
#16767=CARTESIAN_POINT('',(4.96183650964577,2.64999999999999,1.69000000000001));
#16768=CARTESIAN_POINT('',(4.96183650964577,2.64999999999999,1.69000000000001));
#16769=CARTESIAN_POINT('',(5.5,2.64999999999999,1.69000000000001));
#16770=CARTESIAN_POINT('',(-1.1331930133941E-15,2.64999999999999,1.69000000000001));
#16771=CARTESIAN_POINT('',(5.5,2.59999999999999,1.69000000000001));
#16772=CARTESIAN_POINT('',(5.5,2.59999999999999,1.69000000000001));
#16773=CARTESIAN_POINT('',(5.7110846809974,2.59999999999999,1.69000000000001));
#16774=CARTESIAN_POINT('Origin',(5.10122585276319,2.64999999999999,0.899483752529725));
#16775=CARTESIAN_POINT('',(5.05,2.64999999999999,1.19000000000001));
#16776=CARTESIAN_POINT('',(5.05,2.64999999999999,1.19000000000001));
#16777=CARTESIAN_POINT('',(5.10122585276319,2.64999999999999,0.899483752529725));
#16778=CARTESIAN_POINT('Origin',(-1.54984862044155E-16,2.64999999999999,
1.19000000000001));
#16779=CARTESIAN_POINT('',(5.5,3.39999999999999,1.19000000000001));
#16780=CARTESIAN_POINT('',(5.5,3.39999999999999,1.19000000000001));
#16781=CARTESIAN_POINT('',(5.7110846809974,3.39999999999999,1.19000000000001));
#16782=CARTESIAN_POINT('',(5.5,3.39999999999999,1.19000000000001));
#16783=CARTESIAN_POINT('',(5.7110846809974,2.59999999999999,1.19000000000001));
#16784=CARTESIAN_POINT('',(5.7110846809974,2.64999999999999,1.19000000000001));
#16785=CARTESIAN_POINT('',(5.5,2.59999999999999,1.19000000000001));
#16786=CARTESIAN_POINT('',(5.5,2.59999999999999,1.19000000000001));
#16787=CARTESIAN_POINT('',(5.5,2.64999999999999,1.19000000000001));
#16788=CARTESIAN_POINT('',(5.5,2.59999999999999,1.19000000000001));
#16789=CARTESIAN_POINT('',(-1.54984862044155E-16,2.64999999999999,1.19000000000001));
#16790=CARTESIAN_POINT('Origin',(5.7110846809974,2.64999999999999,0.960000000000014));
#16791=CARTESIAN_POINT('',(5.83361964451877,3.39999999999999,1.15464116397829));
#16792=CARTESIAN_POINT('Origin',(5.7110846809974,3.39999999999999,0.960000000000014));
#16793=CARTESIAN_POINT('',(5.83361964451877,3.39999999999999,1.15464116397829));
#16794=CARTESIAN_POINT('',(5.9410846809974,2.64999999999999,0.960000000000014));
#16795=CARTESIAN_POINT('',(5.83361964451877,2.59999999999999,1.15464116397829));
#16796=CARTESIAN_POINT('',(5.83361964451877,2.59999999999999,1.15464116397829));
#16797=CARTESIAN_POINT('Origin',(5.7110846809974,2.59999999999999,0.960000000000014));
#16798=CARTESIAN_POINT('Origin',(5.94108468099739,2.64999999999999,-2.98394928756103E-14));
#16799=CARTESIAN_POINT('Origin',(-1.54984862044155E-16,2.64999999999999,
0.));
#16800=CARTESIAN_POINT('',(5.5,2.64999999999999,1.69000000000001));
#16801=CARTESIAN_POINT('Origin',(6.1,3.39999999999999,1.57777412914845));
#16802=CARTESIAN_POINT('',(6.1,3.39999999999999,1.57777412914845));
#16803=CARTESIAN_POINT('Origin',(5.5,3.39999999999999,1.19000000000001));
#16804=CARTESIAN_POINT('',(5.5,3.39999999999999,1.19000000000001));
#16805=CARTESIAN_POINT('Origin',(5.7110846809974,3.39999999999999,0.960000000000014));
#16806=CARTESIAN_POINT('Origin',(5.5,2.59999999999999,1.69000000000001));
#16807=CARTESIAN_POINT('',(5.5,2.59999999999999,1.69000000000001));
#16808=CARTESIAN_POINT('Origin',(5.83361964451877,2.59999999999999,1.15464116397829));
#16809=CARTESIAN_POINT('',(5.83361964451877,2.59999999999999,1.15464116397829));
#16810=CARTESIAN_POINT('Origin',(5.7110846809974,2.59999999999999,0.960000000000014));
#16811=UNCERTAINTY_MEASURE_WITH_UNIT(LENGTH_MEASURE(0.01),#16815,
'DISTANCE_ACCURACY_VALUE',
'Maximum model space distance between geometric entities at asserted c
onnectivities');
#16812=UNCERTAINTY_MEASURE_WITH_UNIT(LENGTH_MEASURE(0.01),#16815,
'DISTANCE_ACCURACY_VALUE',
'Maximum model space distance between geometric entities at asserted c
onnectivities');
#16813=(
GEOMETRIC_REPRESENTATION_CONTEXT(3)
GLOBAL_UNCERTAINTY_ASSIGNED_CONTEXT((#16811))
GLOBAL_UNIT_ASSIGNED_CONTEXT((#16815,#16816,#16817))
REPRESENTATION_CONTEXT('','3D')
);
#16814=(
GEOMETRIC_REPRESENTATION_CONTEXT(3)
GLOBAL_UNCERTAINTY_ASSIGNED_CONTEXT((#16812))
GLOBAL_UNIT_ASSIGNED_CONTEXT((#16815,#16816,#16817))
REPRESENTATION_CONTEXT('','3D')
);
#16815=(
LENGTH_UNIT()
NAMED_UNIT(*)
SI_UNIT(.MILLI.,.METRE.)
);
#16816=(
NAMED_UNIT(*)
PLANE_ANGLE_UNIT()
SI_UNIT($,.RADIAN.)
);
#16817=(
NAMED_UNIT(*)
SI_UNIT($,.STERADIAN.)
SOLID_ANGLE_UNIT()
);
#16818=SHAPE_DEFINITION_REPRESENTATION(#16819,#16820);
#16819=PRODUCT_DEFINITION_SHAPE('',$,#16822);
#16820=SHAPE_REPRESENTATION('',(#10134),#16813);
#16821=PRODUCT_DEFINITION_CONTEXT('part definition',#16826,'design');
#16822=PRODUCT_DEFINITION('Product','Product',#16823,#16821);
#16823=PRODUCT_DEFINITION_FORMATION('',$,#16828);
#16824=PRODUCT_RELATED_PRODUCT_CATEGORY('Product','Product',(#16828));
#16825=APPLICATION_PROTOCOL_DEFINITION('international standard',
'automotive_design',2009,#16826);
#16826=APPLICATION_CONTEXT(
'Core Data for Automotive Mechanical Design Process');
#16827=PRODUCT_CONTEXT('part definition',#16826,'mechanical');
#16828=PRODUCT('Product','Product',$,(#16827));
#16829=PRESENTATION_STYLE_ASSIGNMENT((#16832));
#16830=PRESENTATION_STYLE_ASSIGNMENT((#16833));
#16831=PRESENTATION_STYLE_ASSIGNMENT((#16834));
#16832=SURFACE_STYLE_USAGE(.BOTH.,#16835);
#16833=SURFACE_STYLE_USAGE(.BOTH.,#16836);
#16834=SURFACE_STYLE_USAGE(.BOTH.,#16837);
#16835=SURFACE_SIDE_STYLE('',(#16838));
#16836=SURFACE_SIDE_STYLE('',(#16839));
#16837=SURFACE_SIDE_STYLE('',(#16840));
#16838=SURFACE_STYLE_FILL_AREA(#16841);
#16839=SURFACE_STYLE_FILL_AREA(#16842);
#16840=SURFACE_STYLE_FILL_AREA(#16843);
#16841=FILL_AREA_STYLE('',(#16844));
#16842=FILL_AREA_STYLE('',(#16845));
#16843=FILL_AREA_STYLE('',(#16846));
#16844=FILL_AREA_STYLE_COLOUR('',#16847);
#16845=FILL_AREA_STYLE_COLOUR('',#16848);
#16846=FILL_AREA_STYLE_COLOUR('',#16849);
#16847=COLOUR_RGB('',1.,1.,1.);
#16848=COLOUR_RGB('',0.866666666666667,0.866666666666667,0.866666666666667);
#16849=COLOUR_RGB('',0.329411764705882,0.329411764705882,0.329411764705882);
ENDSEC;
END-ISO-10303-21;
