ISO-10303-21;
HEADER;
FILE_DESCRIPTION(('FreeCAD Model'),'2;1');
FILE_NAME('Open CASCADE Shape Model','2026-07-30T16:52:55',('Author'),(
    ''),'Open CASCADE STEP processor 7.8','FreeCAD','Unknown');
FILE_SCHEMA(('AUTOMOTIVE_DESIGN { 1 0 10303 214 1 1 1 1 }'));
ENDSEC;
DATA;
#1 = APPLICATION_PROTOCOL_DEFINITION('international standard',
  'automotive_design',2000,#2);
#2 = APPLICATION_CONTEXT(
  'core data for automotive mechanical design processes');
#3 = SHAPE_DEFINITION_REPRESENTATION(#4,#10);
#4 = PRODUCT_DEFINITION_SHAPE('','',#5);
#5 = PRODUCT_DEFINITION('design','',#6,#9);
#6 = PRODUCT_DEFINITION_FORMATION('','',#7);
#7 = PRODUCT('Connect','Connect','',(#8));
#8 = PRODUCT_CONTEXT('',#2,'mechanical');
#9 = PRODUCT_DEFINITION_CONTEXT('part definition',#2,'design');
#10 = MANIFOLD_SURFACE_SHAPE_REPRESENTATION('',(#11,#15),#6980);
#11 = AXIS2_PLACEMENT_3D('',#12,#13,#14);
#12 = CARTESIAN_POINT('',(0.,0.,0.));
#13 = DIRECTION('',(0.,0.,1.));
#14 = DIRECTION('',(1.,0.,-0.));
#15 = SHELL_BASED_SURFACE_MODEL('',(#16));
#16 = OPEN_SHELL('',(#17,#75,#146,#176,#1382,#2422,#3243,#3275,#3293,
    #3314,#3348,#3414,#3492,#3522,#4770,#5771,#6746,#6792,#6824,#6842,
    #6876,#6898,#6910,#6962));
#17 = ADVANCED_FACE('',(#18),#70,.F.);
#18 = FACE_BOUND('',#19,.F.);
#19 = EDGE_LOOP('',(#20,#30,#39,#47));
#20 = ORIENTED_EDGE('',*,*,#21,.T.);
#21 = EDGE_CURVE('',#22,#24,#26,.T.);
#22 = VERTEX_POINT('',#23);
#23 = CARTESIAN_POINT('',(1.408493649053,-6.21E-13,4.658493649053));
#24 = VERTEX_POINT('',#25);
#25 = CARTESIAN_POINT('',(1.75,0.,4.999999999999));
#26 = LINE('',#27,#28);
#27 = CARTESIAN_POINT('',(1.75,0.,4.999999999999));
#28 = VECTOR('',#29,1.);
#29 = DIRECTION('',(0.707106781187,0.,0.707106781187));
#30 = ORIENTED_EDGE('',*,*,#31,.F.);
#31 = EDGE_CURVE('',#32,#24,#34,.T.);
#32 = VERTEX_POINT('',#33);
#33 = CARTESIAN_POINT('',(-1.75,0.,4.999999999999));
#34 = CIRCLE('',#35,1.75);
#35 = AXIS2_PLACEMENT_3D('',#36,#37,#38);
#36 = CARTESIAN_POINT('',(0.,0.,4.999999999999));
#37 = DIRECTION('',(0.,0.,1.));
#38 = DIRECTION('',(1.,0.,0.));
#39 = ORIENTED_EDGE('',*,*,#40,.F.);
#40 = EDGE_CURVE('',#41,#32,#43,.T.);
#41 = VERTEX_POINT('',#42);
#42 = CARTESIAN_POINT('',(-1.249999999999,0.,4.499999999999));
#43 = LINE('',#44,#45);
#44 = CARTESIAN_POINT('',(-1.75,2.1E-16,4.999999999999));
#45 = VECTOR('',#46,1.);
#46 = DIRECTION('',(-0.707106781187,9.E-17,0.707106781187));
#47 = ORIENTED_EDGE('',*,*,#48,.T.);
#48 = EDGE_CURVE('',#41,#22,#49,.T.);
#49 = B_SPLINE_CURVE_WITH_KNOTS('',3,(#50,#51,#52,#53,#54,#55,#56,#57,
    #58,#59,#60,#61,#62,#63,#64,#65,#66,#67,#68,#69),.UNSPECIFIED.,.F.,
  .F.,(4,2,2,2,2,2,2,2,2,4),(1.3E-16,5.22751392E-04,1.045502785E-03,
    1.306878481E-03,1.568254177E-03,2.09100557E-03,2.613756962E-03,
    3.136508355E-03,3.659259747E-03,4.18201114E-03),.UNSPECIFIED.);
#50 = CARTESIAN_POINT('',(-1.249999999999,0.,4.499999999999));
#51 = CARTESIAN_POINT('',(-1.256431073211,-0.175700187615,4.506431073211
    ));
#52 = CARTESIAN_POINT('',(-1.22604889211,-0.351225877751,4.513542396417)
  );
#53 = CARTESIAN_POINT('',(-1.099363256936,-0.674057611325,4.527864280189
    ));
#54 = CARTESIAN_POINT('',(-1.001631187735,-0.823693283447,4.535187674952
    ));
#55 = CARTESIAN_POINT('',(-0.818099947836,-1.008038504513,4.545346315019
    ));
#56 = CARTESIAN_POINT('',(-0.749600896758,-1.064048647801,4.548663137239
    ));
#57 = CARTESIAN_POINT('',(-0.604135224883,-1.159853132721,4.554861515312
    ));
#58 = CARTESIAN_POINT('',(-0.527326737768,-1.20010979816,4.557955254678)
  );
#59 = CARTESIAN_POINT('',(-0.284957267936,-1.298423992141,4.567856303571
    ));
#60 = CARTESIAN_POINT('',(-0.112075703868,-1.331683203857,4.574813959215
    ));
#61 = CARTESIAN_POINT('',(0.239238477507,-1.328817748911,4.58872423099)
  );
#62 = CARTESIAN_POINT('',(0.411439677931,-1.292772966776,4.595431181398)
  );
#63 = CARTESIAN_POINT('',(0.732406128548,-1.156498208063,4.607772939067)
  );
#64 = CARTESIAN_POINT('',(0.879205513707,-1.056740204156,4.613685207553)
  );
#65 = CARTESIAN_POINT('',(1.125212122511,-0.811975230156,4.626713930313)
  );
#66 = CARTESIAN_POINT('',(1.225617828854,-0.664789396386,4.633524701195)
  );
#67 = CARTESIAN_POINT('',(1.363708070307,-0.347183021846,4.646528677308)
  );
#68 = CARTESIAN_POINT('',(1.402867867184,-0.173187499047,4.652867867184)
  );
#69 = CARTESIAN_POINT('',(1.408493649053,-6.2083E-13,4.658493649053));
#70 = CONICAL_SURFACE('',#71,1.75,0.785398163397);
#71 = AXIS2_PLACEMENT_3D('',#72,#73,#74);
#72 = CARTESIAN_POINT('',(0.,0.,4.999999999999));
#73 = DIRECTION('',(0.,0.,1.));
#74 = DIRECTION('',(1.,0.,0.));
#75 = ADVANCED_FACE('',(#76),#141,.F.);
#76 = FACE_BOUND('',#77,.F.);
#77 = EDGE_LOOP('',(#78,#85,#86,#107,#118,#133,#140));
#78 = ORIENTED_EDGE('',*,*,#79,.F.);
#79 = EDGE_CURVE('',#24,#32,#80,.T.);
#80 = CIRCLE('',#81,1.75);
#81 = AXIS2_PLACEMENT_3D('',#82,#83,#84);
#82 = CARTESIAN_POINT('',(0.,0.,4.999999999999));
#83 = DIRECTION('',(0.,0.,1.));
#84 = DIRECTION('',(1.,0.,0.));
#85 = ORIENTED_EDGE('',*,*,#21,.F.);
#86 = ORIENTED_EDGE('',*,*,#87,.T.);
#87 = EDGE_CURVE('',#22,#88,#90,.T.);
#88 = VERTEX_POINT('',#89);
#89 = CARTESIAN_POINT('',(-0.932572345827,1.201096728164,4.770632937499)
  );
#90 = B_SPLINE_CURVE_WITH_KNOTS('',3,(#91,#92,#93,#94,#95,#96,#97,#98,
    #99,#100,#101,#102,#103,#104,#105,#106),.UNSPECIFIED.,.F.,.F.,(4,2,2
    ,2,2,2,2,4),(4.18201114E-03,5.000778494E-03,5.410162171E-03,
    5.819545848E-03,6.228929525E-03,6.638313202E-03,7.047696879E-03,
    7.457080556E-03),.UNSPECIFIED.);
#91 = CARTESIAN_POINT('',(1.408493649053,-6.2083E-13,4.658493649053));
#92 = CARTESIAN_POINT('',(1.417305115845,0.271257565972,4.667305115845)
  );
#93 = CARTESIAN_POINT('',(1.345935640298,0.547993624998,4.677637104723)
  );
#94 = CARTESIAN_POINT('',(1.137185659497,0.897927794612,4.692581898536)
  );
#95 = CARTESIAN_POINT('',(1.050677427003,1.004982370782,4.69751625975));
#96 = CARTESIAN_POINT('',(0.850563674881,1.190669312903,4.706894875672)
  );
#97 = CARTESIAN_POINT('',(0.739018196106,1.267802212885,4.711031217295)
  );
#98 = CARTESIAN_POINT('',(0.493613705487,1.39145429316,4.720014085966));
#99 = CARTESIAN_POINT('',(0.365129638311,1.435243784365,4.724675133291)
  );
#100 = CARTESIAN_POINT('',(9.7383724966E-02,1.487350081187,
    4.734289806375));
#101 = CARTESIAN_POINT('',(-4.0170926607E-02,1.494799374446,
    4.739180827314));
#102 = CARTESIAN_POINT('',(-0.310555033811,1.472428532363,4.748703064383
    ));
#103 = CARTESIAN_POINT('',(-0.446127577172,1.442087765445,4.753430411489
    ));
#104 = CARTESIAN_POINT('',(-0.700016667102,1.347255578318,4.762209308052
    ));
#105 = CARTESIAN_POINT('',(-0.821376872234,1.281838138355,4.766214001226
    ));
#106 = CARTESIAN_POINT('',(-0.932572345827,1.201096728164,4.770632937499
    ));
#107 = ORIENTED_EDGE('',*,*,#108,.T.);
#108 = EDGE_CURVE('',#88,#109,#111,.T.);
#109 = VERTEX_POINT('',#110);
#110 = CARTESIAN_POINT('',(-1.505371808998,0.214895898711,4.770632937499
    ));
#111 = B_SPLINE_CURVE_WITH_KNOTS('',3,(#112,#113,#114,#115,#116,#117),
  .UNSPECIFIED.,.F.,.F.,(4,2,4),(4.E-17,5.85358961E-04,1.170717923E-03),
  .UNSPECIFIED.);
#112 = CARTESIAN_POINT('',(-0.932572345827,1.201096728164,4.770632937499
    ));
#113 = CARTESIAN_POINT('',(-1.086821350871,1.081332555052,4.770632937499
    ));
#114 = CARTESIAN_POINT('',(-1.217133187532,0.932148430284,4.770632937499
    ));
#115 = CARTESIAN_POINT('',(-1.41288250686,0.595043623678,4.770632937499)
  );
#116 = CARTESIAN_POINT('',(-1.477774132818,0.408220964307,4.770632937499
    ));
#117 = CARTESIAN_POINT('',(-1.505371808998,0.214895898711,4.770632937499
    ));
#118 = ORIENTED_EDGE('',*,*,#119,.T.);
#119 = EDGE_CURVE('',#109,#120,#122,.T.);
#120 = VERTEX_POINT('',#121);
#121 = CARTESIAN_POINT('',(2.0483916E-08,1.249999999999,4.499999999999)
  );
#122 = B_SPLINE_CURVE_WITH_KNOTS('',3,(#123,#124,#125,#126,#127,#128,
    #129,#130,#131,#132),.UNSPECIFIED.,.F.,.F.,(4,2,2,2,4),(0.,
    5.01413611E-04,1.002827222E-03,1.504240833E-03,2.005654444E-03),
  .UNSPECIFIED.);
#123 = CARTESIAN_POINT('',(-1.505371808998,0.214895898711,4.770632937499
    ));
#124 = CARTESIAN_POINT('',(-1.461841731395,0.377517931885,4.750521480655
    ));
#125 = CARTESIAN_POINT('',(-1.391739146952,0.528220568717,4.729288220351
    ));
#126 = CARTESIAN_POINT('',(-1.199706724797,0.803520785736,4.684322381868
    ));
#127 = CARTESIAN_POINT('',(-1.082260831359,0.921443030555,4.661651722653
    ));
#128 = CARTESIAN_POINT('',(-0.808182822335,1.114451461008,4.616592972936
    ));
#129 = CARTESIAN_POINT('',(-0.657342745054,1.186959097692,4.596635761441
    ));
#130 = CARTESIAN_POINT('',(-0.33234103903,1.268511073883,4.550779535782)
  );
#131 = CARTESIAN_POINT('',(-0.165805595516,1.276153356087,4.52615335337)
  );
#132 = CARTESIAN_POINT('',(2.048391554E-08,1.249999999999,4.499999999999
    ));
#133 = ORIENTED_EDGE('',*,*,#134,.T.);
#134 = EDGE_CURVE('',#120,#41,#135,.T.);
#135 = CIRCLE('',#136,1.249999999999);
#136 = AXIS2_PLACEMENT_3D('',#137,#138,#139);
#137 = CARTESIAN_POINT('',(0.,0.,4.499999999999));
#138 = DIRECTION('',(0.,0.,1.));
#139 = DIRECTION('',(1.,0.,0.));
#140 = ORIENTED_EDGE('',*,*,#40,.T.);
#141 = CONICAL_SURFACE('',#142,1.75,0.785398163397);
#142 = AXIS2_PLACEMENT_3D('',#143,#144,#145);
#143 = CARTESIAN_POINT('',(0.,0.,4.999999999999));
#144 = DIRECTION('',(0.,0.,1.));
#145 = DIRECTION('',(1.,0.,0.));
#146 = ADVANCED_FACE('',(#147,#151),#171,.F.);
#147 = FACE_BOUND('',#148,.T.);
#148 = EDGE_LOOP('',(#149,#150));
#149 = ORIENTED_EDGE('',*,*,#79,.F.);
#150 = ORIENTED_EDGE('',*,*,#31,.F.);
#151 = FACE_BOUND('',#152,.T.);
#152 = EDGE_LOOP('',(#153,#164));
#153 = ORIENTED_EDGE('',*,*,#154,.T.);
#154 = EDGE_CURVE('',#155,#157,#159,.T.);
#155 = VERTEX_POINT('',#156);
#156 = CARTESIAN_POINT('',(-2.529999999999,0.,4.999999999999));
#157 = VERTEX_POINT('',#158);
#158 = CARTESIAN_POINT('',(2.529999999999,0.,4.999999999999));
#159 = CIRCLE('',#160,2.529999999999);
#160 = AXIS2_PLACEMENT_3D('',#161,#162,#163);
#161 = CARTESIAN_POINT('',(0.,0.,4.999999999999));
#162 = DIRECTION('',(0.,0.,1.));
#163 = DIRECTION('',(1.,0.,0.));
#164 = ORIENTED_EDGE('',*,*,#165,.T.);
#165 = EDGE_CURVE('',#157,#155,#166,.T.);
#166 = CIRCLE('',#167,2.529999999999);
#167 = AXIS2_PLACEMENT_3D('',#168,#169,#170);
#168 = CARTESIAN_POINT('',(0.,0.,4.999999999999));
#169 = DIRECTION('',(0.,0.,1.));
#170 = DIRECTION('',(1.,0.,0.));
#171 = PLANE('',#172);
#172 = AXIS2_PLACEMENT_3D('',#173,#174,#175);
#173 = CARTESIAN_POINT('',(0.,2.529999999999,4.999999999999));
#174 = DIRECTION('',(0.,0.,-1.));
#175 = DIRECTION('',(-1.,0.,0.));
#176 = ADVANCED_FACE('',(#177),#659,.T.);
#177 = FACE_BOUND('',#178,.T.);
#178 = EDGE_LOOP('',(#179,#191,#192,#193,#467,#649));
#179 = ORIENTED_EDGE('',*,*,#180,.F.);
#180 = EDGE_CURVE('',#41,#181,#183,.T.);
#181 = VERTEX_POINT('',#182);
#182 = CARTESIAN_POINT('',(1.249999999999,0.,4.25));
#183 = ( BOUNDED_CURVE() B_SPLINE_CURVE(2,(#184,#185,#186,#187,#188,#189
,#190),.UNSPECIFIED.,.F.,.F.) B_SPLINE_CURVE_WITH_KNOTS((3,2,2,3),(
    6.6666666666E-02,7.2222222222E-02,7.7777777777E-02,8.3333333333E-02)
,.UNSPECIFIED.) CURVE() GEOMETRIC_REPRESENTATION_ITEM() 
RATIONAL_B_SPLINE_CURVE((0.999999999999,0.866025403784,1.,0.866025403784
,1.,0.866025403784,0.999999999999)) REPRESENTATION_ITEM('') );
#184 = CARTESIAN_POINT('',(-1.249999999999,0.,4.499999999999));
#185 = CARTESIAN_POINT('',(-1.249999999999,0.721687836487,4.458333333333
    ));
#186 = CARTESIAN_POINT('',(-0.624999999999,1.08253175473,4.416666666666)
  );
#187 = CARTESIAN_POINT('',(-9.E-17,1.443375672974,4.375));
#188 = CARTESIAN_POINT('',(0.624999999999,1.08253175473,4.333333333333)
  );
#189 = CARTESIAN_POINT('',(1.249999999999,0.721687836487,4.291666666666)
  );
#190 = CARTESIAN_POINT('',(1.249999999999,1.5E-16,4.25));
#191 = ORIENTED_EDGE('',*,*,#48,.T.);
#192 = ORIENTED_EDGE('',*,*,#87,.T.);
#193 = ORIENTED_EDGE('',*,*,#194,.T.);
#194 = EDGE_CURVE('',#88,#195,#197,.T.);
#195 = VERTEX_POINT('',#196);
#196 = CARTESIAN_POINT('',(0.570237339112,-1.40966446635,4.));
#197 = ( BOUNDED_CURVE() B_SPLINE_CURVE(2,(#198,#199,#200,#201,#202,#203
    ,#204,#205,#206,#207,#208,#209,#210,#211,#212,#213,#214,#215,#216,
    #217,#218,#219,#220,#221,#222,#223,#224,#225,#226,#227,#228,#229,
    #230,#231,#232,#233,#234,#235,#236,#237,#238,#239,#240,#241,#242,
    #243,#244,#245,#246,#247,#248,#249,#250,#251,#252,#253,#254,#255,
    #256,#257,#258,#259,#260,#261,#262,#263,#264,#265,#266,#267,#268,
    #269,#270,#271,#272,#273,#274,#275,#276,#277,#278,#279,#280,#281,
    #282,#283,#284,#285,#286,#287,#288,#289,#290,#291,#292,#293,#294,
    #295,#296,#297,#298,#299,#300,#301,#302,#303,#304,#305,#306,#307,
    #308,#309,#310,#311,#312,#313,#314,#315,#316,#317,#318,#319,#320,
    #321,#322,#323,#324,#325,#326,#327,#328,#329,#330,#331,#332,#333,
    #334,#335,#336,#337,#338,#339,#340,#341,#342,#343,#344,#345,#346,
    #347,#348,#349,#350,#351,#352,#353,#354,#355,#356,#357,#358,#359,
    #360,#361,#362,#363,#364,#365,#366,#367,#368,#369,#370,#371,#372,
    #373,#374,#375,#376,#377,#378,#379,#380,#381,#382,#383,#384,#385,
    #386,#387,#388,#389,#390,#391,#392,#393,#394,#395,#396,#397,#398,
    #399,#400,#401,#402,#403,#404,#405,#406,#407,#408,#409,#410,#411,
    #412,#413,#414,#415,#416,#417,#418,#419,#420,#421,#422,#423,#424,
    #425,#426,#427,#428,#429,#430,#431,#432,#433,#434,#435,#436,#437,
    #438,#439,#440,#441,#442,#443,#444,#445,#446,#447,#448,#449,#450,
    #451,#452,#453,#454,#455,#456,#457,#458,#459,#460,#461,#462,#463,
#464,#465,#466),.UNSPECIFIED.,.F.,.F.) B_SPLINE_CURVE_WITH_KNOTS((3,2,2,
    2,2,2,2,2,2,2,2,2,2,2,2,2,2,2,2,2,2,2,2,2,2,2,2,2,2,2,2,2,2,2,2,2,2,
    2,2,2,2,2,2,2,2,2,2,2,2,2,2,2,2,2,2,2,2,2,2,2,2,2,2,2,2,2,2,2,2,2,2,
    2,2,2,2,2,2,2,2,2,2,2,2,2,2,2,2,2,2,2,2,2,2,2,2,2,2,2,2,2,2,2,2,2,2,
    2,2,2,2,2,2,2,2,2,2,2,2,2,2,2,2,2,2,2,2,2,2,2,2,2,2,2,2,2,3),(
    3.8142463272E-02,3.8888888888E-02,4.4444444444E-02,5.E-02,
    5.5555555555E-02,6.1111111111E-02,6.6666666666E-02,7.2222222222E-02,
    7.7777777777E-02,8.3333333333E-02,8.8888888888E-02,9.4444444444E-02,
    0.1,0.105555555555,0.111111111111,0.116666666666,0.122222222222,
    0.127777777777,0.133333333333,0.138888888888,0.144444444444,
    0.149999999999,0.155555555555,0.161111111111,0.166666666666,
    0.172222222222,0.177777777777,0.183333333333,0.188888888888,
    0.194444444444,0.2,0.205555555555,0.211111111111,0.216666666666,
    0.222222222222,0.227777777777,0.233333333333,0.238888888888,
    0.244444444444,0.25,0.255555555555,0.261111111111,0.266666666666,
    0.272222222222,0.277777777777,0.283333333333,0.288888888888,
    0.294444444444,0.299999999999,0.305555555555,0.311111111111,
    0.316666666666,0.322222222222,0.327777777777,0.333333333333,
    0.338888888888,0.344444444444,0.349999999999,0.355555555555,
    0.361111111111,0.366666666666,0.372222222222,0.377777777777,
    0.383333333333,0.388888888888,0.394444444444,0.4,0.405555555555,
    0.411111111111,0.416666666666,0.422222222222,0.427777777777,
    0.433333333333,0.438888888888,0.444444444444,0.45,0.455555555555,
    0.461111111111,0.466666666666,0.472222222222,0.477777777777,
    0.483333333333,0.488888888888,0.494444444444,0.5,0.505555555555,
    0.511111111111,0.516666666666,0.522222222222,0.527777777777,
    0.533333333333,0.538888888888,0.544444444444,0.55,0.555555555555,
    0.561111111111,0.566666666666,0.572222222222,0.577777777777,
    0.583333333333,0.588888888888,0.594444444444,0.599999999999,
    0.605555555555,0.611111111111,0.616666666666,0.622222222222,
    0.627777777777,0.633333333333,0.638888888888,0.644444444444,0.65,
    0.655555555555,0.661111111111,0.666666666666,0.672222222222,
    0.677777777777,0.683333333333,0.688888888888,0.694444444444,
    0.699999999999,0.705555555555,0.711111111111,0.716666666666,
    0.722222222222,0.727777777777,0.733333333333,0.738888888888,
    0.744444444444,0.75,0.755555555555,0.761111111111,0.766666666666,
0.772222222222,0.776222398146),.UNSPECIFIED.) CURVE() 
GEOMETRIC_REPRESENTATION_ITEM() RATIONAL_B_SPLINE_CURVE((0.968836192742,
    0.981999627299,1.,0.866025403784,1.,0.866025403784,1.,0.866025403784
    ,1.,0.866025403784,1.,0.866025403784,1.,0.866025403784,1.,
    0.866025403784,1.,0.866025403784,1.,0.866025403784,1.,0.866025403784
    ,1.,0.866025403784,1.,0.866025403784,1.,0.866025403784,1.,
    0.866025403784,1.,0.866025403784,1.,0.866025403784,1.,0.866025403784
    ,1.,0.866025403784,1.,0.866025403784,1.,0.866025403784,1.,
    0.866025403784,1.,0.866025403784,1.,0.866025403784,1.,0.866025403784
    ,1.,0.866025403784,1.,0.866025403784,1.,0.866025403784,1.,
    0.866025403784,1.,0.866025403784,1.,0.866025403784,1.,0.866025403784
    ,1.,0.866025403784,1.,0.866025403784,1.,0.866025403784,1.,
    0.866025403784,1.,0.866025403784,1.,0.866025403784,1.,0.866025403784
    ,1.,0.866025403784,1.,0.866025403784,1.,0.866025403784,1.,
    0.866025403784,1.,0.866025403784,1.,0.866025403784,1.,0.866025403784
    ,1.,0.866025403784,1.,0.866025403784,1.,0.866025403784,1.,
    0.866025403784,1.,0.866025403784,1.,0.866025403784,1.,0.866025403784
    ,1.,0.866025403784,1.,0.866025403784,1.,0.866025403784,1.,
    0.866025403784,1.,0.866025403784,1.,0.866025403784,1.,0.866025403784
    ,1.,0.866025403784,1.,0.866025403784,1.,0.866025403784,1.,
    0.866025403784,1.,0.866025403784,1.,0.866025403784,1.,0.866025403784
    ,1.,0.866025403784,1.,0.866025403784,1.,0.866025403784,1.,
    0.866025403784,1.,0.866025403784,1.,0.866025403784,1.,0.866025403784
    ,1.,0.866025403784,1.,0.866025403784,1.,0.866025403784,1.,
    0.866025403784,1.,0.866025403784,1.,0.866025403784,1.,0.866025403784
    ,1.,0.866025403784,1.,0.866025403784,1.,0.866025403784,1.,
    0.866025403784,1.,0.866025403784,1.,0.866025403784,1.,0.866025403784
    ,1.,0.866025403784,1.,0.866025403784,1.,0.866025403784,1.,
    0.866025403784,1.,0.866025403784,1.,0.866025403784,1.,0.866025403784
    ,1.,0.866025403784,1.,0.866025403784,1.,0.866025403784,1.,
    0.866025403784,1.,0.866025403784,1.,0.866025403784,1.,0.866025403784
    ,1.,0.866025403784,1.,0.866025403784,1.,0.866025403784,1.,
    0.866025403784,1.,0.866025403784,1.,0.866025403784,1.,0.866025403784
    ,1.,0.866025403784,1.,0.866025403784,1.,0.866025403784,1.,
    0.866025403784,1.,0.866025403784,1.,0.866025403784,1.,0.866025403784
    ,1.,0.866025403784,1.,0.866025403784,1.,0.866025403784,1.,
    0.866025403784,1.,0.866025403784,1.,0.866025403784,1.,0.866025403784
    ,1.,0.866025403784,1.,0.866025403784,1.,0.866025403784,1.,
    0.866025403784,1.,0.866025403784,1.,0.866025403784,1.,0.866025403784
    ,1.,0.866025403784,1.,0.866025403784,1.,0.866025403784,1.,
0.903534048236,0.945985176464)) REPRESENTATION_ITEM('') );
#198 = CARTESIAN_POINT('',(-0.932572345827,1.201096728164,4.770632937499
    ));
#199 = CARTESIAN_POINT('',(-0.850405672169,1.26489372786,4.765353712597)
  );
#200 = CARTESIAN_POINT('',(-0.760316468749,1.316906753706,4.760416667349
    ));
#201 = CARTESIAN_POINT('',(-1.1E-16,1.755875671608,4.718750000682));
#202 = CARTESIAN_POINT('',(0.760316468749,1.316906753706,4.677083334016)
  );
#203 = CARTESIAN_POINT('',(1.520632937499,0.877937835804,4.635416667349)
  );
#204 = CARTESIAN_POINT('',(1.520632937499,1.9E-16,4.593750000682));
#205 = CARTESIAN_POINT('',(1.520632937499,-0.877937835804,4.552083334016
    ));
#206 = CARTESIAN_POINT('',(0.760316468749,-1.316906753706,4.510416667349
    ));
#207 = CARTESIAN_POINT('',(3.2E-16,-1.755875671608,4.468750000682));
#208 = CARTESIAN_POINT('',(-0.760316468749,-1.316906753706,
    4.427083334016));
#209 = CARTESIAN_POINT('',(-1.520632937499,-0.877937835804,
    4.385416667349));
#210 = CARTESIAN_POINT('',(-1.520632937499,0.,4.343750000682));
#211 = CARTESIAN_POINT('',(-1.520632937499,0.877937835804,4.302083334016
    ));
#212 = CARTESIAN_POINT('',(-0.760316468749,1.316906753706,4.260416667349
    ));
#213 = CARTESIAN_POINT('',(-1.1E-16,1.755875671608,4.218750000682));
#214 = CARTESIAN_POINT('',(0.760316468749,1.316906753706,4.177083334016)
  );
#215 = CARTESIAN_POINT('',(1.520632937499,0.877937835804,4.135416667349)
  );
#216 = CARTESIAN_POINT('',(1.520632937499,1.9E-16,4.093750000682));
#217 = CARTESIAN_POINT('',(1.520632937499,-0.877937835804,4.052083334016
    ));
#218 = CARTESIAN_POINT('',(0.760316468749,-1.316906753706,4.010416667349
    ));
#219 = CARTESIAN_POINT('',(3.2E-16,-1.755875671608,3.968750000682));
#220 = CARTESIAN_POINT('',(-0.760316468749,-1.316906753706,
    3.927083334016));
#221 = CARTESIAN_POINT('',(-1.520632937499,-0.877937835804,
    3.885416667349));
#222 = CARTESIAN_POINT('',(-1.520632937499,0.,3.843750000682));
#223 = CARTESIAN_POINT('',(-1.520632937499,0.877937835804,3.802083334016
    ));
#224 = CARTESIAN_POINT('',(-0.760316468749,1.316906753706,3.760416667349
    ));
#225 = CARTESIAN_POINT('',(-1.1E-16,1.755875671608,3.718750000682));
#226 = CARTESIAN_POINT('',(0.760316468749,1.316906753706,3.677083334016)
  );
#227 = CARTESIAN_POINT('',(1.520632937499,0.877937835804,3.635416667349)
  );
#228 = CARTESIAN_POINT('',(1.520632937499,1.9E-16,3.593750000682));
#229 = CARTESIAN_POINT('',(1.520632937499,-0.877937835804,3.552083334016
    ));
#230 = CARTESIAN_POINT('',(0.760316468749,-1.316906753706,3.510416667349
    ));
#231 = CARTESIAN_POINT('',(3.2E-16,-1.755875671608,3.468750000682));
#232 = CARTESIAN_POINT('',(-0.760316468749,-1.316906753706,
    3.427083334016));
#233 = CARTESIAN_POINT('',(-1.520632937499,-0.877937835804,
    3.385416667349));
#234 = CARTESIAN_POINT('',(-1.520632937499,0.,3.343750000682));
#235 = CARTESIAN_POINT('',(-1.520632937499,0.877937835804,3.302083334016
    ));
#236 = CARTESIAN_POINT('',(-0.760316468749,1.316906753706,3.260416667349
    ));
#237 = CARTESIAN_POINT('',(-1.1E-16,1.755875671608,3.218750000682));
#238 = CARTESIAN_POINT('',(0.760316468749,1.316906753706,3.177083334016)
  );
#239 = CARTESIAN_POINT('',(1.520632937499,0.877937835804,3.135416667349)
  );
#240 = CARTESIAN_POINT('',(1.520632937499,1.9E-16,3.093750000682));
#241 = CARTESIAN_POINT('',(1.520632937499,-0.877937835804,3.052083334016
    ));
#242 = CARTESIAN_POINT('',(0.760316468749,-1.316906753706,3.010416667349
    ));
#243 = CARTESIAN_POINT('',(3.2E-16,-1.755875671608,2.968750000682));
#244 = CARTESIAN_POINT('',(-0.760316468749,-1.316906753706,
    2.927083334016));
#245 = CARTESIAN_POINT('',(-1.520632937499,-0.877937835804,
    2.885416667349));
#246 = CARTESIAN_POINT('',(-1.520632937499,0.,2.843750000682));
#247 = CARTESIAN_POINT('',(-1.520632937499,0.877937835804,2.802083334016
    ));
#248 = CARTESIAN_POINT('',(-0.760316468749,1.316906753706,2.760416667349
    ));
#249 = CARTESIAN_POINT('',(-1.1E-16,1.755875671608,2.718750000682));
#250 = CARTESIAN_POINT('',(0.760316468749,1.316906753706,2.677083334016)
  );
#251 = CARTESIAN_POINT('',(1.520632937499,0.877937835804,2.635416667349)
  );
#252 = CARTESIAN_POINT('',(1.520632937499,1.9E-16,2.593750000682));
#253 = CARTESIAN_POINT('',(1.520632937499,-0.877937835804,2.552083334016
    ));
#254 = CARTESIAN_POINT('',(0.760316468749,-1.316906753706,2.510416667349
    ));
#255 = CARTESIAN_POINT('',(3.2E-16,-1.755875671608,2.468750000682));
#256 = CARTESIAN_POINT('',(-0.760316468749,-1.316906753706,
    2.427083334016));
#257 = CARTESIAN_POINT('',(-1.520632937499,-0.877937835804,
    2.385416667349));
#258 = CARTESIAN_POINT('',(-1.520632937499,0.,2.343750000682));
#259 = CARTESIAN_POINT('',(-1.520632937499,0.877937835804,2.302083334016
    ));
#260 = CARTESIAN_POINT('',(-0.760316468749,1.316906753706,2.260416667349
    ));
#261 = CARTESIAN_POINT('',(-1.1E-16,1.755875671608,2.218750000682));
#262 = CARTESIAN_POINT('',(0.760316468749,1.316906753706,2.177083334016)
  );
#263 = CARTESIAN_POINT('',(1.520632937499,0.877937835804,2.135416667349)
  );
#264 = CARTESIAN_POINT('',(1.520632937499,1.9E-16,2.093750000682));
#265 = CARTESIAN_POINT('',(1.520632937499,-0.877937835804,2.052083334016
    ));
#266 = CARTESIAN_POINT('',(0.760316468749,-1.316906753706,2.010416667349
    ));
#267 = CARTESIAN_POINT('',(3.2E-16,-1.755875671608,1.968750000682));
#268 = CARTESIAN_POINT('',(-0.760316468749,-1.316906753706,
    1.927083334016));
#269 = CARTESIAN_POINT('',(-1.520632937499,-0.877937835804,
    1.885416667349));
#270 = CARTESIAN_POINT('',(-1.520632937499,0.,1.843750000682));
#271 = CARTESIAN_POINT('',(-1.520632937499,0.877937835804,1.802083334016
    ));
#272 = CARTESIAN_POINT('',(-0.760316468749,1.316906753706,1.760416667349
    ));
#273 = CARTESIAN_POINT('',(-1.1E-16,1.755875671608,1.718750000682));
#274 = CARTESIAN_POINT('',(0.760316468749,1.316906753706,1.677083334016)
  );
#275 = CARTESIAN_POINT('',(1.520632937499,0.877937835804,1.635416667349)
  );
#276 = CARTESIAN_POINT('',(1.520632937499,1.9E-16,1.593750000682));
#277 = CARTESIAN_POINT('',(1.520632937499,-0.877937835804,1.552083334016
    ));
#278 = CARTESIAN_POINT('',(0.760316468749,-1.316906753706,1.510416667349
    ));
#279 = CARTESIAN_POINT('',(3.2E-16,-1.755875671608,1.468750000682));
#280 = CARTESIAN_POINT('',(-0.760316468749,-1.316906753706,
    1.427083334016));
#281 = CARTESIAN_POINT('',(-1.520632937499,-0.877937835804,
    1.385416667349));
#282 = CARTESIAN_POINT('',(-1.520632937499,0.,1.343750000682));
#283 = CARTESIAN_POINT('',(-1.520632937499,0.877937835804,1.302083334016
    ));
#284 = CARTESIAN_POINT('',(-0.760316468749,1.316906753706,1.260416667349
    ));
#285 = CARTESIAN_POINT('',(-1.1E-16,1.755875671608,1.218750000682));
#286 = CARTESIAN_POINT('',(0.760316468749,1.316906753706,1.177083334016)
  );
#287 = CARTESIAN_POINT('',(1.520632937499,0.877937835804,1.135416667349)
  );
#288 = CARTESIAN_POINT('',(1.520632937499,1.9E-16,1.093750000682));
#289 = CARTESIAN_POINT('',(1.520632937499,-0.877937835804,1.052083334016
    ));
#290 = CARTESIAN_POINT('',(0.760316468749,-1.316906753706,1.010416667349
    ));
#291 = CARTESIAN_POINT('',(3.2E-16,-1.755875671608,0.968750000682));
#292 = CARTESIAN_POINT('',(-0.760316468749,-1.316906753706,
    0.927083334016));
#293 = CARTESIAN_POINT('',(-1.520632937499,-0.877937835804,
    0.885416667349));
#294 = CARTESIAN_POINT('',(-1.520632937499,0.,0.843750000682));
#295 = CARTESIAN_POINT('',(-1.520632937499,0.877937835804,0.802083334016
    ));
#296 = CARTESIAN_POINT('',(-0.760316468749,1.316906753706,0.760416667349
    ));
#297 = CARTESIAN_POINT('',(-1.1E-16,1.755875671608,0.718750000682));
#298 = CARTESIAN_POINT('',(0.760316468749,1.316906753706,0.677083334016)
  );
#299 = CARTESIAN_POINT('',(1.520632937499,0.877937835804,0.635416667349)
  );
#300 = CARTESIAN_POINT('',(1.520632937499,1.9E-16,0.593750000682));
#301 = CARTESIAN_POINT('',(1.520632937499,-0.877937835804,0.552083334016
    ));
#302 = CARTESIAN_POINT('',(0.760316468749,-1.316906753706,0.510416667349
    ));
#303 = CARTESIAN_POINT('',(3.2E-16,-1.755875671608,0.468750000682));
#304 = CARTESIAN_POINT('',(-0.760316468749,-1.316906753706,
    0.427083334016));
#305 = CARTESIAN_POINT('',(-1.520632937499,-0.877937835804,
    0.385416667349));
#306 = CARTESIAN_POINT('',(-1.520632937499,0.,0.343750000682));
#307 = CARTESIAN_POINT('',(-1.520632937499,0.877937835804,0.302083334016
    ));
#308 = CARTESIAN_POINT('',(-0.760316468749,1.316906753706,0.260416667349
    ));
#309 = CARTESIAN_POINT('',(-1.1E-16,1.755875671608,0.218750000682));
#310 = CARTESIAN_POINT('',(0.760316468749,1.316906753706,0.177083334016)
  );
#311 = CARTESIAN_POINT('',(1.520632937499,0.877937835804,0.135416667349)
  );
#312 = CARTESIAN_POINT('',(1.520632937499,1.9E-16,9.3750000682E-02));
#313 = CARTESIAN_POINT('',(1.520632937499,-0.877937835804,
    5.2083334016E-02));
#314 = CARTESIAN_POINT('',(0.760316468749,-1.316906753706,
    1.0416667349E-02));
#315 = CARTESIAN_POINT('',(3.2E-16,-1.755875671608,-3.1249999318E-02));
#316 = CARTESIAN_POINT('',(-0.760316468749,-1.316906753706,
    -7.2916665984E-02));
#317 = CARTESIAN_POINT('',(-1.520632937499,-0.877937835804,
    -0.114583332651));
#318 = CARTESIAN_POINT('',(-1.520632937499,0.,-0.156249999318));
#319 = CARTESIAN_POINT('',(-1.520632937499,0.877937835804,
    -0.197916665984));
#320 = CARTESIAN_POINT('',(-0.760316468749,1.316906753706,
    -0.239583332651));
#321 = CARTESIAN_POINT('',(-1.1E-16,1.755875671608,-0.281249999318));
#322 = CARTESIAN_POINT('',(0.760316468749,1.316906753706,-0.322916665984
    ));
#323 = CARTESIAN_POINT('',(1.520632937499,0.877937835804,-0.364583332651
    ));
#324 = CARTESIAN_POINT('',(1.520632937499,1.9E-16,-0.406249999318));
#325 = CARTESIAN_POINT('',(1.520632937499,-0.877937835804,
    -0.447916665984));
#326 = CARTESIAN_POINT('',(0.760316468749,-1.316906753706,
    -0.489583332651));
#327 = CARTESIAN_POINT('',(3.2E-16,-1.755875671608,-0.531249999318));
#328 = CARTESIAN_POINT('',(-0.760316468749,-1.316906753706,
    -0.572916665984));
#329 = CARTESIAN_POINT('',(-1.520632937499,-0.877937835804,
    -0.614583332651));
#330 = CARTESIAN_POINT('',(-1.520632937499,0.,-0.656249999318));
#331 = CARTESIAN_POINT('',(-1.520632937499,0.877937835804,
    -0.697916665984));
#332 = CARTESIAN_POINT('',(-0.760316468749,1.316906753706,
    -0.739583332651));
#333 = CARTESIAN_POINT('',(-1.1E-16,1.755875671608,-0.781249999318));
#334 = CARTESIAN_POINT('',(0.760316468749,1.316906753706,-0.822916665984
    ));
#335 = CARTESIAN_POINT('',(1.520632937499,0.877937835804,-0.864583332651
    ));
#336 = CARTESIAN_POINT('',(1.520632937499,1.9E-16,-0.906249999318));
#337 = CARTESIAN_POINT('',(1.520632937499,-0.877937835804,
    -0.947916665984));
#338 = CARTESIAN_POINT('',(0.760316468749,-1.316906753706,
    -0.989583332651));
#339 = CARTESIAN_POINT('',(3.2E-16,-1.755875671608,-1.031249999318));
#340 = CARTESIAN_POINT('',(-0.760316468749,-1.316906753706,
    -1.072916665984));
#341 = CARTESIAN_POINT('',(-1.520632937499,-0.877937835804,
    -1.114583332651));
#342 = CARTESIAN_POINT('',(-1.520632937499,0.,-1.156249999318));
#343 = CARTESIAN_POINT('',(-1.520632937499,0.877937835804,
    -1.197916665984));
#344 = CARTESIAN_POINT('',(-0.760316468749,1.316906753706,
    -1.239583332651));
#345 = CARTESIAN_POINT('',(-1.1E-16,1.755875671608,-1.281249999318));
#346 = CARTESIAN_POINT('',(0.760316468749,1.316906753706,-1.322916665984
    ));
#347 = CARTESIAN_POINT('',(1.520632937499,0.877937835804,-1.364583332651
    ));
#348 = CARTESIAN_POINT('',(1.520632937499,1.9E-16,-1.406249999318));
#349 = CARTESIAN_POINT('',(1.520632937499,-0.877937835804,
    -1.447916665984));
#350 = CARTESIAN_POINT('',(0.760316468749,-1.316906753706,
    -1.489583332651));
#351 = CARTESIAN_POINT('',(3.2E-16,-1.755875671608,-1.531249999318));
#352 = CARTESIAN_POINT('',(-0.760316468749,-1.316906753706,
    -1.572916665984));
#353 = CARTESIAN_POINT('',(-1.520632937499,-0.877937835804,
    -1.614583332651));
#354 = CARTESIAN_POINT('',(-1.520632937499,0.,-1.656249999318));
#355 = CARTESIAN_POINT('',(-1.520632937499,0.877937835804,
    -1.697916665984));
#356 = CARTESIAN_POINT('',(-0.760316468749,1.316906753706,
    -1.739583332651));
#357 = CARTESIAN_POINT('',(-1.1E-16,1.755875671608,-1.781249999318));
#358 = CARTESIAN_POINT('',(0.760316468749,1.316906753706,-1.822916665984
    ));
#359 = CARTESIAN_POINT('',(1.520632937499,0.877937835804,-1.864583332651
    ));
#360 = CARTESIAN_POINT('',(1.520632937499,1.9E-16,-1.906249999318));
#361 = CARTESIAN_POINT('',(1.520632937499,-0.877937835804,
    -1.947916665984));
#362 = CARTESIAN_POINT('',(0.760316468749,-1.316906753706,
    -1.989583332651));
#363 = CARTESIAN_POINT('',(3.2E-16,-1.755875671608,-2.031249999318));
#364 = CARTESIAN_POINT('',(-0.760316468749,-1.316906753706,
    -2.072916665984));
#365 = CARTESIAN_POINT('',(-1.520632937499,-0.877937835804,
    -2.114583332651));
#366 = CARTESIAN_POINT('',(-1.520632937499,0.,-2.156249999318));
#367 = CARTESIAN_POINT('',(-1.520632937499,0.877937835804,
    -2.197916665984));
#368 = CARTESIAN_POINT('',(-0.760316468749,1.316906753706,
    -2.239583332651));
#369 = CARTESIAN_POINT('',(-1.1E-16,1.755875671608,-2.281249999318));
#370 = CARTESIAN_POINT('',(0.760316468749,1.316906753706,-2.322916665984
    ));
#371 = CARTESIAN_POINT('',(1.520632937499,0.877937835804,-2.364583332651
    ));
#372 = CARTESIAN_POINT('',(1.520632937499,1.9E-16,-2.406249999318));
#373 = CARTESIAN_POINT('',(1.520632937499,-0.877937835804,
    -2.447916665984));
#374 = CARTESIAN_POINT('',(0.760316468749,-1.316906753706,
    -2.489583332651));
#375 = CARTESIAN_POINT('',(3.2E-16,-1.755875671608,-2.531249999318));
#376 = CARTESIAN_POINT('',(-0.760316468749,-1.316906753706,
    -2.572916665984));
#377 = CARTESIAN_POINT('',(-1.520632937499,-0.877937835804,
    -2.614583332651));
#378 = CARTESIAN_POINT('',(-1.520632937499,0.,-2.656249999318));
#379 = CARTESIAN_POINT('',(-1.520632937499,0.877937835804,
    -2.697916665984));
#380 = CARTESIAN_POINT('',(-0.760316468749,1.316906753706,
    -2.739583332651));
#381 = CARTESIAN_POINT('',(-1.1E-16,1.755875671608,-2.781249999318));
#382 = CARTESIAN_POINT('',(0.760316468749,1.316906753706,-2.822916665984
    ));
#383 = CARTESIAN_POINT('',(1.520632937499,0.877937835804,-2.864583332651
    ));
#384 = CARTESIAN_POINT('',(1.520632937499,1.9E-16,-2.906249999318));
#385 = CARTESIAN_POINT('',(1.520632937499,-0.877937835804,
    -2.947916665984));
#386 = CARTESIAN_POINT('',(0.760316468749,-1.316906753706,
    -2.989583332651));
#387 = CARTESIAN_POINT('',(3.2E-16,-1.755875671608,-3.031249999318));
#388 = CARTESIAN_POINT('',(-0.760316468749,-1.316906753706,
    -3.072916665984));
#389 = CARTESIAN_POINT('',(-1.520632937499,-0.877937835804,
    -3.114583332651));
#390 = CARTESIAN_POINT('',(-1.520632937499,0.,-3.156249999318));
#391 = CARTESIAN_POINT('',(-1.520632937499,0.877937835804,
    -3.197916665984));
#392 = CARTESIAN_POINT('',(-0.760316468749,1.316906753706,
    -3.239583332651));
#393 = CARTESIAN_POINT('',(-1.1E-16,1.755875671608,-3.281249999318));
#394 = CARTESIAN_POINT('',(0.760316468749,1.316906753706,-3.322916665984
    ));
#395 = CARTESIAN_POINT('',(1.520632937499,0.877937835804,-3.364583332651
    ));
#396 = CARTESIAN_POINT('',(1.520632937499,1.9E-16,-3.406249999318));
#397 = CARTESIAN_POINT('',(1.520632937499,-0.877937835804,
    -3.447916665984));
#398 = CARTESIAN_POINT('',(0.760316468749,-1.316906753706,
    -3.489583332651));
#399 = CARTESIAN_POINT('',(3.2E-16,-1.755875671608,-3.531249999318));
#400 = CARTESIAN_POINT('',(-0.760316468749,-1.316906753706,
    -3.572916665984));
#401 = CARTESIAN_POINT('',(-1.520632937499,-0.877937835804,
    -3.614583332651));
#402 = CARTESIAN_POINT('',(-1.520632937499,0.,-3.656249999318));
#403 = CARTESIAN_POINT('',(-1.520632937499,0.877937835804,
    -3.697916665984));
#404 = CARTESIAN_POINT('',(-0.760316468749,1.316906753706,
    -3.739583332651));
#405 = CARTESIAN_POINT('',(-1.1E-16,1.755875671608,-3.781249999318));
#406 = CARTESIAN_POINT('',(0.760316468749,1.316906753706,-3.822916665984
    ));
#407 = CARTESIAN_POINT('',(1.520632937499,0.877937835804,-3.864583332651
    ));
#408 = CARTESIAN_POINT('',(1.520632937499,1.9E-16,-3.906249999318));
#409 = CARTESIAN_POINT('',(1.520632937499,-0.877937835804,
    -3.947916665984));
#410 = CARTESIAN_POINT('',(0.760316468749,-1.316906753706,
    -3.989583332651));
#411 = CARTESIAN_POINT('',(3.2E-16,-1.755875671608,-4.031249999318));
#412 = CARTESIAN_POINT('',(-0.760316468749,-1.316906753706,
    -4.072916665984));
#413 = CARTESIAN_POINT('',(-1.520632937499,-0.877937835804,
    -4.114583332651));
#414 = CARTESIAN_POINT('',(-1.520632937499,0.,-4.156249999318));
#415 = CARTESIAN_POINT('',(-1.520632937499,0.877937835804,
    -4.197916665984));
#416 = CARTESIAN_POINT('',(-0.760316468749,1.316906753706,
    -4.239583332651));
#417 = CARTESIAN_POINT('',(-1.1E-16,1.755875671608,-4.281249999318));
#418 = CARTESIAN_POINT('',(0.760316468749,1.316906753706,-4.322916665984
    ));
#419 = CARTESIAN_POINT('',(1.520632937499,0.877937835804,-4.364583332651
    ));
#420 = CARTESIAN_POINT('',(1.520632937499,1.9E-16,-4.406249999318));
#421 = CARTESIAN_POINT('',(1.520632937499,-0.877937835804,
    -4.447916665984));
#422 = CARTESIAN_POINT('',(0.760316468749,-1.316906753706,
    -4.489583332651));
#423 = CARTESIAN_POINT('',(3.2E-16,-1.755875671608,-4.531249999318));
#424 = CARTESIAN_POINT('',(-0.760316468749,-1.316906753706,
    -4.572916665984));
#425 = CARTESIAN_POINT('',(-1.520632937499,-0.877937835804,
    -4.614583332651));
#426 = CARTESIAN_POINT('',(-1.520632937499,0.,-4.656249999318));
#427 = CARTESIAN_POINT('',(-1.520632937499,0.877937835804,
    -4.697916665984));
#428 = CARTESIAN_POINT('',(-0.760316468749,1.316906753706,
    -4.739583332651));
#429 = CARTESIAN_POINT('',(-1.1E-16,1.755875671608,-4.781249999318));
#430 = CARTESIAN_POINT('',(0.760316468749,1.316906753706,-4.822916665984
    ));
#431 = CARTESIAN_POINT('',(1.520632937499,0.877937835804,-4.864583332651
    ));
#432 = CARTESIAN_POINT('',(1.520632937499,1.9E-16,-4.906249999318));
#433 = CARTESIAN_POINT('',(1.520632937499,-0.877937835804,
    -4.947916665984));
#434 = CARTESIAN_POINT('',(0.760316468749,-1.316906753706,
    -4.989583332651));
#435 = CARTESIAN_POINT('',(3.2E-16,-1.755875671608,-5.031249999317));
#436 = CARTESIAN_POINT('',(-0.760316468749,-1.316906753706,
    -5.072916665983));
#437 = CARTESIAN_POINT('',(-1.520632937499,-0.877937835804,
    -5.11458333265));
#438 = CARTESIAN_POINT('',(-1.520632937499,0.,-5.156249999317));
#439 = CARTESIAN_POINT('',(-1.520632937499,0.877937835804,
    -5.197916665983));
#440 = CARTESIAN_POINT('',(-0.760316468749,1.316906753706,-5.23958333265
    ));
#441 = CARTESIAN_POINT('',(-1.1E-16,1.755875671608,-5.281249999317));
#442 = CARTESIAN_POINT('',(0.760316468749,1.316906753706,-5.322916665983
    ));
#443 = CARTESIAN_POINT('',(1.520632937499,0.877937835804,-5.36458333265)
  );
#444 = CARTESIAN_POINT('',(1.520632937499,1.9E-16,-5.406249999317));
#445 = CARTESIAN_POINT('',(1.520632937499,-0.877937835804,
    -5.447916665983));
#446 = CARTESIAN_POINT('',(0.760316468749,-1.316906753706,-5.48958333265
    ));
#447 = CARTESIAN_POINT('',(3.2E-16,-1.755875671608,-5.531249999317));
#448 = CARTESIAN_POINT('',(-0.760316468749,-1.316906753706,
    -5.572916665983));
#449 = CARTESIAN_POINT('',(-1.520632937499,-0.877937835804,
    -5.61458333265));
#450 = CARTESIAN_POINT('',(-1.520632937499,0.,-5.656249999317));
#451 = CARTESIAN_POINT('',(-1.520632937499,0.877937835804,
    -5.697916665983));
#452 = CARTESIAN_POINT('',(-0.760316468749,1.316906753706,-5.73958333265
    ));
#453 = CARTESIAN_POINT('',(-1.1E-16,1.755875671608,-5.781249999317));
#454 = CARTESIAN_POINT('',(0.760316468749,1.316906753706,-5.822916665983
    ));
#455 = CARTESIAN_POINT('',(1.520632937499,0.877937835804,-5.86458333265)
  );
#456 = CARTESIAN_POINT('',(1.520632937499,1.9E-16,-5.906249999317));
#457 = CARTESIAN_POINT('',(1.520632937499,-0.877937835804,
    -5.947916665983));
#458 = CARTESIAN_POINT('',(0.760316468749,-1.316906753706,-5.98958333265
    ));
#459 = CARTESIAN_POINT('',(3.2E-16,-1.755875671608,-6.031249999317));
#460 = CARTESIAN_POINT('',(-0.760316468749,-1.316906753706,
    -6.072916665983));
#461 = CARTESIAN_POINT('',(-1.520632937499,-0.877937835804,
    -6.11458333265));
#462 = CARTESIAN_POINT('',(-1.520632937499,0.,-6.156249999317));
#463 = CARTESIAN_POINT('',(-1.520632937499,0.877937835804,
    -6.197916665983));
#464 = CARTESIAN_POINT('',(-0.760316468749,1.316906753706,-6.23958333265
    ));
#465 = CARTESIAN_POINT('',(-0.235591049617,1.619857115692,
    -6.268339199489));
#466 = CARTESIAN_POINT('',(0.353692010715,1.47892748036,-6.3006329375));
#467 = ORIENTED_EDGE('',*,*,#468,.T.);
#468 = EDGE_CURVE('',#195,#469,#471,.T.);
#469 = VERTEX_POINT('',#470);
#470 = CARTESIAN_POINT('',(-1.249999999999,0.,3.999999999999));
#471 = B_SPLINE_CURVE_WITH_KNOTS('',6,(#472,#473,#474,#475,#476,#477,
    #478,#479,#480,#481,#482,#483,#484,#485,#486,#487,#488,#489,#490,
    #491,#492,#493,#494,#495,#496,#497,#498,#499,#500,#501,#502,#503,
    #504,#505,#506,#507,#508,#509,#510,#511,#512,#513,#514,#515,#516,
    #517,#518,#519,#520,#521,#522,#523,#524,#525,#526,#527,#528,#529,
    #530,#531,#532,#533,#534,#535,#536,#537,#538,#539,#540,#541,#542,
    #543,#544,#545,#546,#547,#548,#549,#550,#551,#552,#553,#554,#555,
    #556,#557,#558,#559,#560,#561,#562,#563,#564,#565,#566,#567,#568,
    #569,#570,#571,#572,#573,#574,#575,#576,#577,#578,#579,#580,#581,
    #582,#583,#584,#585,#586,#587,#588,#589,#590,#591,#592,#593,#594,
    #595,#596,#597,#598,#599,#600,#601,#602,#603,#604,#605,#606,#607,
    #608,#609,#610,#611,#612,#613,#614,#615,#616,#617,#618,#619,#620,
    #621,#622,#623,#624,#625,#626,#627,#628,#629,#630,#631,#632,#633,
    #634,#635,#636,#637,#638,#639,#640,#641,#642,#643,#644,#645,#646,
    #647,#648),.UNSPECIFIED.,.F.,.F.,(7,5,5,5,5,5,5,5,5,5,5,5,5,5,5,5,5,
    5,5,5,5,5,5,5,5,5,5,5,5,5,5,5,5,5,5,7),(0.,3.457634069717E-02,
    6.813701282231E-02,0.101160357198,0.13356363959,0.16566984595,
    0.197377122259,0.2289873639,0.260392391784,0.26331888587,
    0.265135321682,0.291989997682,0.31890917354,0.345957281364,
    0.373204082652,0.400726962868,0.428613889485,0.456967382236,
    0.485799966004,0.529419714778,0.571143610297,0.611495465017,
    0.650698958231,0.689207113167,0.727142752012,0.7647036506,
    0.801983928338,0.804104447353,0.827992920262,0.851934306188,
    0.875981761004,0.900098987146,0.924536553948,0.949273758376,
    0.974394792988,1.),.UNSPECIFIED.);
#472 = CARTESIAN_POINT('',(0.570237339112,-1.40966446635,4.));
#473 = CARTESIAN_POINT('',(0.555035937937,-1.414310741217,4.));
#474 = CARTESIAN_POINT('',(0.539782795071,-1.418756201461,4.));
#475 = CARTESIAN_POINT('',(0.524481067086,-1.423000319531,4.));
#476 = CARTESIAN_POINT('',(0.509133899349,-1.427042627575,4.));
#477 = CARTESIAN_POINT('',(0.493744426028,-1.430882717441,4.));
#478 = CARTESIAN_POINT('',(0.46334032582,-1.438050912871,4.));
#479 = CARTESIAN_POINT('',(0.448327966606,-1.441390743579,4.));
#480 = CARTESIAN_POINT('',(0.433281547845,-1.44453941411,4.));
#481 = CARTESIAN_POINT('',(0.418203913154,-1.447496655137,4.));
#482 = CARTESIAN_POINT('',(0.403097894371,-1.450262246697,4.));
#483 = CARTESIAN_POINT('',(0.373076995026,-1.455368581964,4.));
#484 = CARTESIAN_POINT('',(0.358162926233,-1.457715418189,4.));
#485 = CARTESIAN_POINT('',(0.343226791655,-1.459876364283,4.));
#486 = CARTESIAN_POINT('',(0.328271265617,-1.46185130077,4.));
#487 = CARTESIAN_POINT('',(0.313299010287,-1.463640151281,4.));
#488 = CARTESIAN_POINT('',(0.283607731604,-1.466815520191,4.));
#489 = CARTESIAN_POINT('',(0.26888923188,-1.468208961754,4.));
#490 = CARTESIAN_POINT('',(0.254159679804,-1.469423175755,4.));
#491 = CARTESIAN_POINT('',(0.239421566859,-1.470458167974,4.));
#492 = CARTESIAN_POINT('',(0.224677372717,-1.471313981467,4.));
#493 = CARTESIAN_POINT('',(0.195316966901,-1.472661207468,4.));
#494 = CARTESIAN_POINT('',(0.180700821171,-1.473155888436,4.));
#495 = CARTESIAN_POINT('',(0.166083528458,-1.473474817531,4.));
#496 = CARTESIAN_POINT('',(0.151467477679,-1.473618106435,4.));
#497 = CARTESIAN_POINT('',(0.136855046246,-1.473585900442,4.));
#498 = CARTESIAN_POINT('',(0.107823643751,-1.473173435004,4.));
#499 = CARTESIAN_POINT('',(9.340452495531E-02,-1.472797504826,4.));
#500 = CARTESIAN_POINT('',(7.899352235243E-02,-1.472250760163,4.));
#501 = CARTESIAN_POINT('',(6.459290389324E-02,-1.471533403329,4.));
#502 = CARTESIAN_POINT('',(5.020492681948E-02,-1.470645666708,4.));
#503 = CARTESIAN_POINT('',(2.150273487528E-02,-1.468533196189,4.));
#504 = CARTESIAN_POINT('',(7.188429180401E-03,-1.467309501623,4.));
#505 = CARTESIAN_POINT('',(-7.108853581075E-03,-1.465916989033,4.));
#506 = CARTESIAN_POINT('',(-2.13868976326E-02,-1.464355946554,4.));
#507 = CARTESIAN_POINT('',(-3.564349726131E-02,-1.462626690475,4.));
#508 = CARTESIAN_POINT('',(-6.401701597002E-02,-1.458844756155,4.));
#509 = CARTESIAN_POINT('',(-7.81342407738E-02,-1.456794250232,4.));
#510 = CARTESIAN_POINT('',(-9.222597816757E-02,-1.454578385167,4.));
#511 = CARTESIAN_POINT('',(-0.106290084153,-1.452197524931,4.));
#512 = CARTESIAN_POINT('',(-0.120324423796,-1.449652059777,4.));
#513 = CARTESIAN_POINT('',(-0.135631696673,-1.446689905742,4.));
#514 = CARTESIAN_POINT('',(-0.136936245183,-1.44643597951,4.));
#515 = CARTESIAN_POINT('',(-0.138240515035,-1.446180627878,4.));
#516 = CARTESIAN_POINT('',(-0.139544504508,-1.445923851183,4.));
#517 = CARTESIAN_POINT('',(-0.140848211883,-1.445665649767,4.));
#518 = CARTESIAN_POINT('',(-0.142960653045,-1.445244877708,4.));
#519 = CARTESIAN_POINT('',(-0.143769561307,-1.445083182699,4.));
#520 = CARTESIAN_POINT('',(-0.144578359817,-1.444920939027,4.));
#521 = CARTESIAN_POINT('',(-0.145387048165,-1.444758146774,4.));
#522 = CARTESIAN_POINT('',(-0.14619562594,-1.444594806024,4.));
#523 = CARTESIAN_POINT('',(-0.158956683394,-1.442007935321,4.));
#524 = CARTESIAN_POINT('',(-0.170885015729,-1.439465084146,4.));
#525 = CARTESIAN_POINT('',(-0.182787762926,-1.436802630983,4.));
#526 = CARTESIAN_POINT('',(-0.194663602482,-1.434020857105,4.));
#527 = CARTESIAN_POINT('',(-0.206511216195,-1.43112005741,4.));
#528 = CARTESIAN_POINT('',(-0.230175748924,-1.425073771108,4.));
#529 = CARTESIAN_POINT('',(-0.24199252572,-1.421927713529,4.));
#530 = CARTESIAN_POINT('',(-0.253778297194,-1.418662678379,4.));
#531 = CARTESIAN_POINT('',(-0.265531743821,-1.415278989972,4.));
#532 = CARTESIAN_POINT('',(-0.277251549922,-1.411776986228,4.));
#533 = CARTESIAN_POINT('',(-0.30067722311,-1.404519712936,4.));
#534 = CARTESIAN_POINT('',(-0.312382754413,-1.400763310713,4.));
#535 = CARTESIAN_POINT('',(-0.324051666798,-1.396888168559,4.));
#536 = CARTESIAN_POINT('',(-0.335682632857,-1.392894656949,4.));
#537 = CARTESIAN_POINT('',(-0.347274328546,-1.388783160275,4.));
#538 = CARTESIAN_POINT('',(-0.3704613914,-1.380293926876,4.));
#539 = CARTESIAN_POINT('',(-0.382056159835,-1.375914456315,4.));
#540 = CARTESIAN_POINT('',(-0.393608388484,-1.371416072268,4.));
#541 = CARTESIAN_POINT('',(-0.405116730216,-1.366799196439,4.));
#542 = CARTESIAN_POINT('',(-0.416579840765,-1.362064265141,4.));
#543 = CARTESIAN_POINT('',(-0.439528595078,-1.352310024992,4.));
#544 = CARTESIAN_POINT('',(-0.451013290072,-1.347288320942,4.));
#545 = CARTESIAN_POINT('',(-0.462449081123,-1.342147081845,4.));
#546 = CARTESIAN_POINT('',(-0.473834588013,-1.336886788156,4.));
#547 = CARTESIAN_POINT('',(-0.485168432899,-1.331507936079,4.));
#548 = CARTESIAN_POINT('',(-0.507879259488,-1.320441431329,4.));
#549 = CARTESIAN_POINT('',(-0.519254828657,-1.314750635404,4.));
#550 = CARTESIAN_POINT('',(-0.530574517022,-1.308939182267,4.));
#551 = CARTESIAN_POINT('',(-0.54183689569,-1.303007621871,4.));
#552 = CARTESIAN_POINT('',(-0.553040537675,-1.296956521642,4.));
#553 = CARTESIAN_POINT('',(-0.575513935676,-1.284513182353,4.));
#554 = CARTESIAN_POINT('',(-0.586781661569,-1.278116929916,4.));
#555 = CARTESIAN_POINT('',(-0.597985697711,-1.271598323855,4.));
#556 = CARTESIAN_POINT('',(-0.609124547737,-1.264957998825,4.));
#557 = CARTESIAN_POINT('',(-0.620196716776,-1.258196609453,4.));
#558 = CARTESIAN_POINT('',(-0.642390641434,-1.244316769306,4.));
#559 = CARTESIAN_POINT('',(-0.653509966669,-1.237194207839,4.));
#560 = CARTESIAN_POINT('',(-0.664557703262,-1.229947916669,4.));
#561 = CARTESIAN_POINT('',(-0.675530851003,-1.222578463714,4.));
#562 = CARTESIAN_POINT('',(-0.686429819946,-1.215086835933,4.));
#563 = CARTESIAN_POINT('',(-0.713623016027,-1.195955876758,4.));
#564 = CARTESIAN_POINT('',(-0.72976701653,-1.184153388188,4.));
#565 = CARTESIAN_POINT('',(-0.745677777058,-1.172071863137,4.));
#566 = CARTESIAN_POINT('',(-0.761349868577,-1.159717088439,4.));
#567 = CARTESIAN_POINT('',(-0.77677807661,-1.147094932638,4.));
#568 = CARTESIAN_POINT('',(-0.806476984065,-1.121887721059,4.));
#569 = CARTESIAN_POINT('',(-0.820768846143,-1.109324891941,4.));
#570 = CARTESIAN_POINT('',(-0.834828612976,-1.096528063741,4.));
#571 = CARTESIAN_POINT('',(-0.848652078995,-1.083502489318,4.));
#572 = CARTESIAN_POINT('',(-0.862235207564,-1.070253469285,4.));
#573 = CARTESIAN_POINT('',(-0.88847441972,-1.043762084908,4.));
#574 = CARTESIAN_POINT('',(-0.901146298046,-1.030533825413,4.));
#575 = CARTESIAN_POINT('',(-0.913586268213,-1.017106409582,4.));
#576 = CARTESIAN_POINT('',(-0.925790969657,-1.003484701379,4.));
#577 = CARTESIAN_POINT('',(-0.937757178992,-0.989673592677,4.));
#578 = CARTESIAN_POINT('',(-0.960872773212,-0.962080710187,4.));
#579 = CARTESIAN_POINT('',(-0.97203571046,-0.948309285257,4.));
#580 = CARTESIAN_POINT('',(-0.982967792053,-0.934368238639,4.));
#581 = CARTESIAN_POINT('',(-0.993666300599,-0.920262096311,4.));
#582 = CARTESIAN_POINT('',(-1.004128631016,-0.905995400062,4.));
#583 = CARTESIAN_POINT('',(-1.024394616658,-0.877405825045,4.));
#584 = CARTESIAN_POINT('',(-1.034206661309,-0.863088429842,4.));
#585 = CARTESIAN_POINT('',(-1.043786062272,-0.848624840126,4.));
#586 = CARTESIAN_POINT('',(-1.053130552668,-0.834019383169,4.));
#587 = CARTESIAN_POINT('',(-1.062237960949,-0.819276395273,4.));
#588 = CARTESIAN_POINT('',(-1.079842613038,-0.789745218278,4.));
#589 = CARTESIAN_POINT('',(-1.088346913503,-0.774960959573,4.));
#590 = CARTESIAN_POINT('',(-1.096617127417,-0.76005159911,4.));
#591 = CARTESIAN_POINT('',(-1.104651351335,-0.745021295832,4.));
#592 = CARTESIAN_POINT('',(-1.112447763246,-0.729874214178,4.));
#593 = CARTESIAN_POINT('',(-1.127486832843,-0.699505574044,4.));
#594 = CARTESIAN_POINT('',(-1.13473419827,-0.684286229475,4.));
#595 = CARTESIAN_POINT('',(-1.141745029341,-0.66896053715,4.));
#596 = CARTESIAN_POINT('',(-1.148517707389,-0.653532548332,4.));
#597 = CARTESIAN_POINT('',(-1.155050684589,-0.638006318777,4.));
#598 = CARTESIAN_POINT('',(-1.167587276729,-0.60688220017,4.));
#599 = CARTESIAN_POINT('',(-1.173594480506,-0.591285713748,4.));
#600 = CARTESIAN_POINT('',(-1.179362651053,-0.575600418689,4.));
#601 = CARTESIAN_POINT('',(-1.184890406555,-0.559830289745,4.));
#602 = CARTESIAN_POINT('',(-1.190176427622,-0.543979307196,4.));
#603 = CARTESIAN_POINT('',(-1.19550630709,-0.527145473538,4.));
#604 = CARTESIAN_POINT('',(-1.195792370719,-0.52623924153,4.));
#605 = CARTESIAN_POINT('',(-1.196077647944,-0.525332761559,4.));
#606 = CARTESIAN_POINT('',(-1.196362138534,-0.52442603436,4.));
#607 = CARTESIAN_POINT('',(-1.196645842257,-0.523519060666,4.));
#608 = CARTESIAN_POINT('',(-1.200115924928,-0.512391660583,4.));
#609 = CARTESIAN_POINT('',(-1.203203201383,-0.502140290774,4.));
#610 = CARTESIAN_POINT('',(-1.206190259931,-0.491858780825,4.));
#611 = CARTESIAN_POINT('',(-1.209076782003,-0.481548181134,4.));
#612 = CARTESIAN_POINT('',(-1.211862458783,-0.471209543454,4.));
#613 = CARTESIAN_POINT('',(-1.217237469874,-0.450455338469,4.));
#614 = CARTESIAN_POINT('',(-1.219826355513,-0.440039651645,4.));
#615 = CARTESIAN_POINT('',(-1.222313347046,-0.429597920514,4.));
#616 = CARTESIAN_POINT('',(-1.224698152788,-0.419131207004,4.));
#617 = CARTESIAN_POINT('',(-1.226980490441,-0.408640574885,4.));
#618 = CARTESIAN_POINT('',(-1.231349340151,-0.387567026169,4.));
#619 = CARTESIAN_POINT('',(-1.233434939752,-0.376983906825,4.));
#620 = CARTESIAN_POINT('',(-1.235416609328,-0.366378811544,4.));
#621 = CARTESIAN_POINT('',(-1.237294081533,-0.35575282262,4.));
#622 = CARTESIAN_POINT('',(-1.239067098253,-0.345107024835,4.));
#623 = CARTESIAN_POINT('',(-1.242408563398,-0.323747044034,4.));
#624 = CARTESIAN_POINT('',(-1.243976403316,-0.313032752455,4.));
#625 = CARTESIAN_POINT('',(-1.245438679265,-0.302300727456,4.));
#626 = CARTESIAN_POINT('',(-1.24679514932,-0.291552069037,4.));
#627 = CARTESIAN_POINT('',(-1.248045580718,-0.280787880467,4.));
#628 = CARTESIAN_POINT('',(-1.250349116601,-0.259087487573,4.));
#629 = CARTESIAN_POINT('',(-1.251399379445,-0.248150897815,4.));
#630 = CARTESIAN_POINT('',(-1.252340305719,-0.237200650196,4.));
#631 = CARTESIAN_POINT('',(-1.25317167243,-0.226237900275,4.));
#632 = CARTESIAN_POINT('',(-1.253893266259,-0.21526380798,4.));
#633 = CARTESIAN_POINT('',(-1.255124000127,-0.193160585235,4.));
#634 = CARTESIAN_POINT('',(-1.255630426758,-0.182031203989,4.));
#635 = CARTESIAN_POINT('',(-1.256023952174,-0.17089260151,4.));
#636 = CARTESIAN_POINT('',(-1.25630437552,-0.15974599113,4.));
#637 = CARTESIAN_POINT('',(-1.256471506372,-0.148592591883,4.));
#638 = CARTESIAN_POINT('',(-1.256579655672,-0.12610151916,4.));
#639 = CARTESIAN_POINT('',(-1.256517125573,-0.114763672061,4.));
#640 = CARTESIAN_POINT('',(-1.25633738585,-0.103421369821,4.));
#641 = CARTESIAN_POINT('',(-1.256040259623,-9.207590243562E-02,4.));
#642 = CARTESIAN_POINT('',(-1.255625581714,-8.072856727466E-02,4.));
#643 = CARTESIAN_POINT('',(-1.25455055465,-5.781405621251E-02,4.));
#644 = CARTESIAN_POINT('',(-1.253885624791,-4.624685884591E-02,4.));
#645 = CARTESIAN_POINT('',(-1.253098246445,-3.468045863905E-02,4.));
#646 = CARTESIAN_POINT('',(-1.252188270705,-2.311624674484E-02,4.));
#647 = CARTESIAN_POINT('',(-1.251155562381,-1.155562381498E-02,4.));
#648 = CARTESIAN_POINT('',(-1.249999999999,6.217248937901E-15,4.));
#649 = ORIENTED_EDGE('',*,*,#650,.F.);
#650 = EDGE_CURVE('',#181,#469,#651,.T.);
#651 = ( BOUNDED_CURVE() B_SPLINE_CURVE(2,(#652,#653,#654,#655,#656,#657
,#658),.UNSPECIFIED.,.F.,.F.) B_SPLINE_CURVE_WITH_KNOTS((3,2,2,3),(
    8.3333333333E-02,8.8888888888E-02,9.4444444444E-02,9.9999999999E-02)
,.UNSPECIFIED.) CURVE() GEOMETRIC_REPRESENTATION_ITEM() 
RATIONAL_B_SPLINE_CURVE((1.,0.866025403784,1.,0.866025403784,1.,
0.866025403784,0.999999999999)) REPRESENTATION_ITEM('') );
#652 = CARTESIAN_POINT('',(1.249999999999,1.5E-16,4.25));
#653 = CARTESIAN_POINT('',(1.249999999999,-0.721687836487,4.208333333333
    ));
#654 = CARTESIAN_POINT('',(0.624999999999,-1.08253175473,4.166666666666)
  );
#655 = CARTESIAN_POINT('',(2.7E-16,-1.443375672974,4.125));
#656 = CARTESIAN_POINT('',(-0.624999999999,-1.08253175473,4.083333333333
    ));
#657 = CARTESIAN_POINT('',(-1.249999999999,-0.721687836487,
    4.041666666666));
#658 = CARTESIAN_POINT('',(-1.249999999999,0.,4.));
#659 = ( BOUNDED_SURFACE() B_SPLINE_SURFACE(1,2,(
    (#660,#661,#662,#663,#664,#665,#666,#667,#668,#669,#670,#671,#672
      ,#673,#674,#675,#676,#677,#678,#679,#680,#681,#682,#683,#684,#685
      ,#686,#687,#688,#689,#690,#691,#692,#693,#694,#695,#696,#697,#698
      ,#699,#700,#701,#702,#703,#704,#705,#706,#707,#708,#709,#710,#711
      ,#712,#713,#714,#715,#716,#717,#718,#719,#720,#721,#722,#723,#724
      ,#725,#726,#727,#728,#729,#730,#731,#732,#733,#734,#735,#736,#737
      ,#738,#739,#740,#741,#742,#743,#744,#745,#746,#747,#748,#749,#750
      ,#751,#752,#753,#754,#755,#756,#757,#758,#759,#760,#761,#762,#763
      ,#764,#765,#766,#767,#768,#769,#770,#771,#772,#773,#774,#775,#776
      ,#777,#778,#779,#780,#781,#782,#783,#784,#785,#786,#787,#788,#789
      ,#790,#791,#792,#793,#794,#795,#796,#797,#798,#799,#800,#801,#802
      ,#803,#804,#805,#806,#807,#808,#809,#810,#811,#812,#813,#814,#815
      ,#816,#817,#818,#819,#820,#821,#822,#823,#824,#825,#826,#827,#828
      ,#829,#830,#831,#832,#833,#834,#835,#836,#837,#838,#839,#840,#841
      ,#842,#843,#844,#845,#846,#847,#848,#849,#850,#851,#852,#853,#854
      ,#855,#856,#857,#858,#859,#860,#861,#862,#863,#864,#865,#866,#867
      ,#868,#869,#870,#871,#872,#873,#874,#875,#876,#877,#878,#879,#880
      ,#881,#882,#883,#884,#885,#886,#887,#888,#889,#890,#891,#892,#893
      ,#894,#895,#896,#897,#898,#899,#900,#901,#902,#903,#904,#905,#906
      ,#907,#908,#909,#910,#911,#912,#913,#914,#915,#916,#917,#918,#919
      ,#920,#921,#922,#923,#924,#925,#926,#927,#928,#929,#930,#931,#932
      ,#933,#934,#935,#936,#937,#938,#939,#940,#941,#942,#943,#944,#945
      ,#946,#947,#948,#949,#950,#951,#952,#953,#954,#955,#956,#957,#958
      ,#959,#960,#961,#962,#963,#964,#965,#966,#967,#968,#969,#970,#971
      ,#972,#973,#974,#975,#976,#977,#978,#979,#980,#981,#982,#983,#984
      ,#985,#986,#987,#988,#989,#990,#991,#992,#993,#994,#995,#996,#997
      ,#998,#999,#1000,#1001,#1002,#1003,#1004,#1005,#1006,#1007,#1008
      ,#1009,#1010,#1011,#1012,#1013,#1014,#1015,#1016,#1017,#1018,#1019
      ,#1020)
    ,(#1021,#1022,#1023,#1024,#1025,#1026,#1027,#1028,#1029,#1030,#1031
      ,#1032,#1033,#1034,#1035,#1036,#1037,#1038,#1039,#1040,#1041,#1042
      ,#1043,#1044,#1045,#1046,#1047,#1048,#1049,#1050,#1051,#1052,#1053
      ,#1054,#1055,#1056,#1057,#1058,#1059,#1060,#1061,#1062,#1063,#1064
      ,#1065,#1066,#1067,#1068,#1069,#1070,#1071,#1072,#1073,#1074,#1075
      ,#1076,#1077,#1078,#1079,#1080,#1081,#1082,#1083,#1084,#1085,#1086
      ,#1087,#1088,#1089,#1090,#1091,#1092,#1093,#1094,#1095,#1096,#1097
      ,#1098,#1099,#1100,#1101,#1102,#1103,#1104,#1105,#1106,#1107,#1108
      ,#1109,#1110,#1111,#1112,#1113,#1114,#1115,#1116,#1117,#1118,#1119
      ,#1120,#1121,#1122,#1123,#1124,#1125,#1126,#1127,#1128,#1129,#1130
      ,#1131,#1132,#1133,#1134,#1135,#1136,#1137,#1138,#1139,#1140,#1141
      ,#1142,#1143,#1144,#1145,#1146,#1147,#1148,#1149,#1150,#1151,#1152
      ,#1153,#1154,#1155,#1156,#1157,#1158,#1159,#1160,#1161,#1162,#1163
      ,#1164,#1165,#1166,#1167,#1168,#1169,#1170,#1171,#1172,#1173,#1174
      ,#1175,#1176,#1177,#1178,#1179,#1180,#1181,#1182,#1183,#1184,#1185
      ,#1186,#1187,#1188,#1189,#1190,#1191,#1192,#1193,#1194,#1195,#1196
      ,#1197,#1198,#1199,#1200,#1201,#1202,#1203,#1204,#1205,#1206,#1207
      ,#1208,#1209,#1210,#1211,#1212,#1213,#1214,#1215,#1216,#1217,#1218
      ,#1219,#1220,#1221,#1222,#1223,#1224,#1225,#1226,#1227,#1228,#1229
      ,#1230,#1231,#1232,#1233,#1234,#1235,#1236,#1237,#1238,#1239,#1240
      ,#1241,#1242,#1243,#1244,#1245,#1246,#1247,#1248,#1249,#1250,#1251
      ,#1252,#1253,#1254,#1255,#1256,#1257,#1258,#1259,#1260,#1261,#1262
      ,#1263,#1264,#1265,#1266,#1267,#1268,#1269,#1270,#1271,#1272,#1273
      ,#1274,#1275,#1276,#1277,#1278,#1279,#1280,#1281,#1282,#1283,#1284
      ,#1285,#1286,#1287,#1288,#1289,#1290,#1291,#1292,#1293,#1294,#1295
      ,#1296,#1297,#1298,#1299,#1300,#1301,#1302,#1303,#1304,#1305,#1306
      ,#1307,#1308,#1309,#1310,#1311,#1312,#1313,#1314,#1315,#1316,#1317
      ,#1318,#1319,#1320,#1321,#1322,#1323,#1324,#1325,#1326,#1327,#1328
      ,#1329,#1330,#1331,#1332,#1333,#1334,#1335,#1336,#1337,#1338,#1339
      ,#1340,#1341,#1342,#1343,#1344,#1345,#1346,#1347,#1348,#1349,#1350
      ,#1351,#1352,#1353,#1354,#1355,#1356,#1357,#1358,#1359,#1360,#1361
      ,#1362,#1363,#1364,#1365,#1366,#1367,#1368,#1369,#1370,#1371,#1372
      ,#1373,#1374,#1375,#1376,#1377,#1378,#1379,#1380,#1381
)),.UNSPECIFIED.,.F.,.F.,.F.) B_SPLINE_SURFACE_WITH_KNOTS((2,2),(3,2,2,2
    ,2,2,2,2,2,2,2,2,2,2,2,2,2,2,2,2,2,2,2,2,2,2,2,2,2,2,2,2,2,2,2,2,2,2
    ,2,2,2,2,2,2,2,2,2,2,2,2,2,2,2,2,2,2,2,2,2,2,2,2,2,2,2,2,2,2,2,2,2,2
    ,2,2,2,2,2,2,2,2,2,2,2,2,2,2,2,2,2,2,2,2,2,2,2,2,2,2,2,2,2,2,2,2,2,2
    ,2,2,2,2,2,2,2,2,2,2,2,2,2,2,2,2,2,2,2,2,2,2,2,2,2,2,2,2,2,2,2,2,2,2
    ,2,2,2,2,2,2,2,2,2,2,2,2,2,2,2,2,2,2,2,2,2,2,2,2,2,2,2,2,2,2,2,2,2,2
    ,2,2,2,2,2,2,3),(0.,1.),(0.,5.555555555E-03,1.1111111111E-02,
    1.6666666666E-02,2.2222222222E-02,2.7777777777E-02,3.3333333333E-02,
    3.8888888888E-02,4.4444444444E-02,5.E-02,5.5555555555E-02,
    6.1111111111E-02,6.6666666666E-02,7.2222222222E-02,7.7777777777E-02,
    8.3333333333E-02,8.8888888888E-02,9.4444444444E-02,0.1,
    0.105555555555,0.111111111111,0.116666666666,0.122222222222,
    0.127777777777,0.133333333333,0.138888888888,0.144444444444,
    0.149999999999,0.155555555555,0.161111111111,0.166666666666,
    0.172222222222,0.177777777777,0.183333333333,0.188888888888,
    0.194444444444,0.2,0.205555555555,0.211111111111,0.216666666666,
    0.222222222222,0.227777777777,0.233333333333,0.238888888888,
    0.244444444444,0.25,0.255555555555,0.261111111111,0.266666666666,
    0.272222222222,0.277777777777,0.283333333333,0.288888888888,
    0.294444444444,0.299999999999,0.305555555555,0.311111111111,
    0.316666666666,0.322222222222,0.327777777777,0.333333333333,
    0.338888888888,0.344444444444,0.349999999999,0.355555555555,
    0.361111111111,0.366666666666,0.372222222222,0.377777777777,
    0.383333333333,0.388888888888,0.394444444444,0.4,0.405555555555,
    0.411111111111,0.416666666666,0.422222222222,0.427777777777,
    0.433333333333,0.438888888888,0.444444444444,0.45,0.455555555555,
    0.461111111111,0.466666666666,0.472222222222,0.477777777777,
    0.483333333333,0.488888888888,0.494444444444,0.5,0.505555555555,
    0.511111111111,0.516666666666,0.522222222222,0.527777777777,
    0.533333333333,0.538888888888,0.544444444444,0.55,0.555555555555,
    0.561111111111,0.566666666666,0.572222222222,0.577777777777,
    0.583333333333,0.588888888888,0.594444444444,0.599999999999,
    0.605555555555,0.611111111111,0.616666666666,0.622222222222,
    0.627777777777,0.633333333333,0.638888888888,0.644444444444,0.65,
    0.655555555555,0.661111111111,0.666666666666,0.672222222222,
    0.677777777777,0.683333333333,0.688888888888,0.694444444444,
    0.699999999999,0.705555555555,0.711111111111,0.716666666666,
    0.722222222222,0.727777777777,0.733333333333,0.738888888888,
    0.744444444444,0.75,0.755555555555,0.761111111111,0.766666666666,
    0.772222222222,0.777777777777,0.783333333333,0.788888888888,
    0.794444444444,0.8,0.805555555555,0.811111111111,0.816666666666,
    0.822222222222,0.827777777777,0.833333333333,0.838888888888,
    0.844444444444,0.849999999999,0.855555555555,0.861111111111,
    0.866666666666,0.872222222222,0.877777777777,0.883333333333,
    0.888888888888,0.894444444444,0.9,0.905555555555,0.911111111111,
    0.916666666666,0.922222222222,0.927777777777,0.933333333333,
    0.938888888888,0.944444444444,0.949999999999,0.955555555555,
    0.961111111111,0.966666666666,0.972222222222,0.977777777777,
    0.983333333333,0.988888888888,0.994444444444,1.),.UNSPECIFIED.) 
GEOMETRIC_REPRESENTATION_ITEM() RATIONAL_B_SPLINE_SURFACE((
    (1.,0.866025403784,1.,0.866025403784,1.,0.866025403784,1.
      ,0.866025403784,1.,0.866025403784,1.,0.866025403784,1.
      ,0.866025403784,1.,0.866025403784,1.,0.866025403784,1.
      ,0.866025403784,1.,0.866025403784,1.,0.866025403784,1.
      ,0.866025403784,1.,0.866025403784,1.,0.866025403784,1.
      ,0.866025403784,1.,0.866025403784,1.,0.866025403784,1.
      ,0.866025403784,1.,0.866025403784,1.,0.866025403784,1.
      ,0.866025403784,1.,0.866025403784,1.,0.866025403784,1.
      ,0.866025403784,1.,0.866025403784,1.,0.866025403784,1.
      ,0.866025403784,1.,0.866025403784,1.,0.866025403784,1.
      ,0.866025403784,1.,0.866025403784,1.,0.866025403784,1.
      ,0.866025403784,1.,0.866025403784,1.,0.866025403784,1.
      ,0.866025403784,1.,0.866025403784,1.,0.866025403784,1.
      ,0.866025403784,1.,0.866025403784,1.,0.866025403784,1.
      ,0.866025403784,1.,0.866025403784,1.,0.866025403784,1.
      ,0.866025403784,1.,0.866025403784,1.,0.866025403784,1.
      ,0.866025403784,1.,0.866025403784,1.,0.866025403784,1.
      ,0.866025403784,1.,0.866025403784,1.,0.866025403784,1.
      ,0.866025403784,1.,0.866025403784,1.,0.866025403784,1.
      ,0.866025403784,1.,0.866025403784,1.,0.866025403784,1.
      ,0.866025403784,1.,0.866025403784,1.,0.866025403784,1.
      ,0.866025403784,1.,0.866025403784,1.,0.866025403784,1.
      ,0.866025403784,1.,0.866025403784,1.,0.866025403784,1.
      ,0.866025403784,1.,0.866025403784,1.,0.866025403784,1.
      ,0.866025403784,1.,0.866025403784,1.,0.866025403784,1.
      ,0.866025403784,1.,0.866025403784,1.,0.866025403784,1.
      ,0.866025403784,1.,0.866025403784,1.,0.866025403784,1.
      ,0.866025403784,1.,0.866025403784,1.,0.866025403784,1.
      ,0.866025403784,1.,0.866025403784,1.,0.866025403784,1.
      ,0.866025403784,1.,0.866025403784,1.,0.866025403784,1.
      ,0.866025403784,1.,0.866025403784,1.,0.866025403784,1.
      ,0.866025403784,1.,0.866025403784,1.,0.866025403784,1.
      ,0.866025403784,1.,0.866025403784,1.,0.866025403784,1.
      ,0.866025403784,1.,0.866025403784,1.,0.866025403784,1.
      ,0.866025403784,1.,0.866025403784,1.,0.866025403784,1.
      ,0.866025403784,1.,0.866025403784,1.,0.866025403784,1.
      ,0.866025403784,1.,0.866025403784,1.,0.866025403784,1.
      ,0.866025403784,1.,0.866025403784,1.,0.866025403784,1.
      ,0.866025403784,1.,0.866025403784,1.,0.866025403784,1.
      ,0.866025403784,1.,0.866025403784,1.,0.866025403784,1.
      ,0.866025403784,1.,0.866025403784,1.,0.866025403784,1.
      ,0.866025403784,1.,0.866025403784,1.,0.866025403784,1.
      ,0.866025403784,1.,0.866025403784,1.,0.866025403784,1.
      ,0.866025403784,1.,0.866025403784,1.,0.866025403784,1.
      ,0.866025403784,1.,0.866025403784,1.,0.866025403784,1.
      ,0.866025403784,1.,0.866025403784,1.,0.866025403784,1.
      ,0.866025403784,1.,0.866025403784,1.,0.866025403784,1.
      ,0.866025403784,1.,0.866025403784,1.,0.866025403784,1.
      ,0.866025403784,1.,0.866025403784,1.,0.866025403784,1.
      ,0.866025403784,1.,0.866025403784,1.,0.866025403784,1.
      ,0.866025403784,1.,0.866025403784,1.,0.866025403784,1.
      ,0.866025403784,1.,0.866025403784,1.,0.866025403784,1.
      ,0.866025403784,1.,0.866025403784,1.,0.866025403784,1.
      ,0.866025403784,1.,0.866025403784,1.,0.866025403784,1.
      ,0.866025403784,1.,0.866025403784,1.,0.866025403784,1.
      ,0.866025403784,1.,0.866025403784,1.,0.866025403784,1.
      ,0.866025403784,1.,0.866025403784,1.,0.866025403784,1.
      ,0.866025403784,1.,0.866025403784,1.,0.866025403784,1.
      ,0.866025403784,1.,0.866025403784,1.,0.866025403784,1.
      ,0.866025403784,1.,0.866025403784,1.,0.866025403784,1.)
    ,(1.,0.866025403784,1.,0.866025403784,1.,0.866025403784,1.
      ,0.866025403784,1.,0.866025403784,1.,0.866025403784,1.
      ,0.866025403784,1.,0.866025403784,1.,0.866025403784,1.
      ,0.866025403784,1.,0.866025403784,1.,0.866025403784,1.
      ,0.866025403784,1.,0.866025403784,1.,0.866025403784,1.
      ,0.866025403784,1.,0.866025403784,1.,0.866025403784,1.
      ,0.866025403784,1.,0.866025403784,1.,0.866025403784,1.
      ,0.866025403784,1.,0.866025403784,1.,0.866025403784,1.
      ,0.866025403784,1.,0.866025403784,1.,0.866025403784,1.
      ,0.866025403784,1.,0.866025403784,1.,0.866025403784,1.
      ,0.866025403784,1.,0.866025403784,1.,0.866025403784,1.
      ,0.866025403784,1.,0.866025403784,1.,0.866025403784,1.
      ,0.866025403784,1.,0.866025403784,1.,0.866025403784,1.
      ,0.866025403784,1.,0.866025403784,1.,0.866025403784,1.
      ,0.866025403784,1.,0.866025403784,1.,0.866025403784,1.
      ,0.866025403784,1.,0.866025403784,1.,0.866025403784,1.
      ,0.866025403784,1.,0.866025403784,1.,0.866025403784,1.
      ,0.866025403784,1.,0.866025403784,1.,0.866025403784,1.
      ,0.866025403784,1.,0.866025403784,1.,0.866025403784,1.
      ,0.866025403784,1.,0.866025403784,1.,0.866025403784,1.
      ,0.866025403784,1.,0.866025403784,1.,0.866025403784,1.
      ,0.866025403784,1.,0.866025403784,1.,0.866025403784,1.
      ,0.866025403784,1.,0.866025403784,1.,0.866025403784,1.
      ,0.866025403784,1.,0.866025403784,1.,0.866025403784,1.
      ,0.866025403784,1.,0.866025403784,1.,0.866025403784,1.
      ,0.866025403784,1.,0.866025403784,1.,0.866025403784,1.
      ,0.866025403784,1.,0.866025403784,1.,0.866025403784,1.
      ,0.866025403784,1.,0.866025403784,1.,0.866025403784,1.
      ,0.866025403784,1.,0.866025403784,1.,0.866025403784,1.
      ,0.866025403784,1.,0.866025403784,1.,0.866025403784,1.
      ,0.866025403784,1.,0.866025403784,1.,0.866025403784,1.
      ,0.866025403784,1.,0.866025403784,1.,0.866025403784,1.
      ,0.866025403784,1.,0.866025403784,1.,0.866025403784,1.
      ,0.866025403784,1.,0.866025403784,1.,0.866025403784,1.
      ,0.866025403784,1.,0.866025403784,1.,0.866025403784,1.
      ,0.866025403784,1.,0.866025403784,1.,0.866025403784,1.
      ,0.866025403784,1.,0.866025403784,1.,0.866025403784,1.
      ,0.866025403784,1.,0.866025403784,1.,0.866025403784,1.
      ,0.866025403784,1.,0.866025403784,1.,0.866025403784,1.
      ,0.866025403784,1.,0.866025403784,1.,0.866025403784,1.
      ,0.866025403784,1.,0.866025403784,1.,0.866025403784,1.
      ,0.866025403784,1.,0.866025403784,1.,0.866025403784,1.
      ,0.866025403784,1.,0.866025403784,1.,0.866025403784,1.
      ,0.866025403784,1.,0.866025403784,1.,0.866025403784,1.
      ,0.866025403784,1.,0.866025403784,1.,0.866025403784,1.
      ,0.866025403784,1.,0.866025403784,1.,0.866025403784,1.
      ,0.866025403784,1.,0.866025403784,1.,0.866025403784,1.
      ,0.866025403784,1.,0.866025403784,1.,0.866025403784,1.
      ,0.866025403784,1.,0.866025403784,1.,0.866025403784,1.
      ,0.866025403784,1.,0.866025403784,1.,0.866025403784,1.
      ,0.866025403784,1.,0.866025403784,1.,0.866025403784,1.
      ,0.866025403784,1.,0.866025403784,1.,0.866025403784,1.
      ,0.866025403784,1.,0.866025403784,1.,0.866025403784,1.
      ,0.866025403784,1.,0.866025403784,1.,0.866025403784,1.
      ,0.866025403784,1.,0.866025403784,1.,0.866025403784,1.
      ,0.866025403784,1.,0.866025403784,1.,0.866025403784,1.
      ,0.866025403784,1.,0.866025403784,1.,0.866025403784,1.
      ,0.866025403784,1.,0.866025403784,1.,0.866025403784,1.
      ,0.866025403784,1.,0.866025403784,1.,0.866025403784,1.
      ,0.866025403784,1.,0.866025403784,1.,0.866025403784,1.
))) REPRESENTATION_ITEM('') SURFACE() );
#660 = CARTESIAN_POINT('',(-1.249999999999,0.,5.499999999999));
#661 = CARTESIAN_POINT('',(-1.249999999999,0.721687836487,5.458333333333
    ));
#662 = CARTESIAN_POINT('',(-0.624999999999,1.08253175473,5.416666666666)
  );
#663 = CARTESIAN_POINT('',(-9.E-17,1.443375672974,5.374999999999));
#664 = CARTESIAN_POINT('',(0.624999999999,1.08253175473,5.333333333333)
  );
#665 = CARTESIAN_POINT('',(1.249999999999,0.721687836487,5.291666666666)
  );
#666 = CARTESIAN_POINT('',(1.249999999999,1.5E-16,5.249999999999));
#667 = CARTESIAN_POINT('',(1.249999999999,-0.721687836487,5.208333333333
    ));
#668 = CARTESIAN_POINT('',(0.624999999999,-1.08253175473,5.166666666666)
  );
#669 = CARTESIAN_POINT('',(2.7E-16,-1.443375672974,5.124999999999));
#670 = CARTESIAN_POINT('',(-0.624999999999,-1.08253175473,5.083333333333
    ));
#671 = CARTESIAN_POINT('',(-1.249999999999,-0.721687836487,
    5.041666666666));
#672 = CARTESIAN_POINT('',(-1.249999999999,0.,4.999999999999));
#673 = CARTESIAN_POINT('',(-1.249999999999,0.721687836487,4.958333333333
    ));
#674 = CARTESIAN_POINT('',(-0.624999999999,1.08253175473,4.916666666666)
  );
#675 = CARTESIAN_POINT('',(-9.E-17,1.443375672974,4.874999999999));
#676 = CARTESIAN_POINT('',(0.624999999999,1.08253175473,4.833333333333)
  );
#677 = CARTESIAN_POINT('',(1.249999999999,0.721687836487,4.791666666666)
  );
#678 = CARTESIAN_POINT('',(1.249999999999,1.5E-16,4.749999999999));
#679 = CARTESIAN_POINT('',(1.249999999999,-0.721687836487,4.708333333333
    ));
#680 = CARTESIAN_POINT('',(0.624999999999,-1.08253175473,4.666666666666)
  );
#681 = CARTESIAN_POINT('',(2.7E-16,-1.443375672974,4.624999999999));
#682 = CARTESIAN_POINT('',(-0.624999999999,-1.08253175473,4.583333333333
    ));
#683 = CARTESIAN_POINT('',(-1.249999999999,-0.721687836487,
    4.541666666666));
#684 = CARTESIAN_POINT('',(-1.249999999999,0.,4.499999999999));
#685 = CARTESIAN_POINT('',(-1.249999999999,0.721687836487,4.458333333333
    ));
#686 = CARTESIAN_POINT('',(-0.624999999999,1.08253175473,4.416666666666)
  );
#687 = CARTESIAN_POINT('',(-9.E-17,1.443375672974,4.375));
#688 = CARTESIAN_POINT('',(0.624999999999,1.08253175473,4.333333333333)
  );
#689 = CARTESIAN_POINT('',(1.249999999999,0.721687836487,4.291666666666)
  );
#690 = CARTESIAN_POINT('',(1.249999999999,1.5E-16,4.25));
#691 = CARTESIAN_POINT('',(1.249999999999,-0.721687836487,4.208333333333
    ));
#692 = CARTESIAN_POINT('',(0.624999999999,-1.08253175473,4.166666666666)
  );
#693 = CARTESIAN_POINT('',(2.7E-16,-1.443375672974,4.124999999999));
#694 = CARTESIAN_POINT('',(-0.624999999999,-1.08253175473,4.083333333333
    ));
#695 = CARTESIAN_POINT('',(-1.249999999999,-0.721687836487,
    4.041666666666));
#696 = CARTESIAN_POINT('',(-1.249999999999,0.,4.));
#697 = CARTESIAN_POINT('',(-1.249999999999,0.721687836487,3.958333333333
    ));
#698 = CARTESIAN_POINT('',(-0.624999999999,1.08253175473,3.916666666666)
  );
#699 = CARTESIAN_POINT('',(-9.E-17,1.443375672974,3.875));
#700 = CARTESIAN_POINT('',(0.624999999999,1.08253175473,3.833333333333)
  );
#701 = CARTESIAN_POINT('',(1.249999999999,0.721687836487,3.791666666666)
  );
#702 = CARTESIAN_POINT('',(1.249999999999,1.5E-16,3.749999999999));
#703 = CARTESIAN_POINT('',(1.249999999999,-0.721687836487,3.708333333333
    ));
#704 = CARTESIAN_POINT('',(0.624999999999,-1.08253175473,3.666666666666)
  );
#705 = CARTESIAN_POINT('',(2.7E-16,-1.443375672974,3.624999999999));
#706 = CARTESIAN_POINT('',(-0.624999999999,-1.08253175473,3.583333333333
    ));
#707 = CARTESIAN_POINT('',(-1.249999999999,-0.721687836487,
    3.541666666666));
#708 = CARTESIAN_POINT('',(-1.249999999999,0.,3.499999999999));
#709 = CARTESIAN_POINT('',(-1.249999999999,0.721687836487,3.458333333333
    ));
#710 = CARTESIAN_POINT('',(-0.624999999999,1.08253175473,3.416666666666)
  );
#711 = CARTESIAN_POINT('',(-9.E-17,1.443375672974,3.374999999999));
#712 = CARTESIAN_POINT('',(0.624999999999,1.08253175473,3.333333333333)
  );
#713 = CARTESIAN_POINT('',(1.249999999999,0.721687836487,3.291666666666)
  );
#714 = CARTESIAN_POINT('',(1.249999999999,1.5E-16,3.249999999999));
#715 = CARTESIAN_POINT('',(1.249999999999,-0.721687836487,3.208333333333
    ));
#716 = CARTESIAN_POINT('',(0.624999999999,-1.08253175473,3.166666666666)
  );
#717 = CARTESIAN_POINT('',(2.7E-16,-1.443375672974,3.124999999999));
#718 = CARTESIAN_POINT('',(-0.624999999999,-1.08253175473,3.083333333333
    ));
#719 = CARTESIAN_POINT('',(-1.249999999999,-0.721687836487,
    3.041666666666));
#720 = CARTESIAN_POINT('',(-1.249999999999,0.,2.999999999999));
#721 = CARTESIAN_POINT('',(-1.249999999999,0.721687836487,2.958333333333
    ));
#722 = CARTESIAN_POINT('',(-0.624999999999,1.08253175473,2.916666666666)
  );
#723 = CARTESIAN_POINT('',(-9.E-17,1.443375672974,2.875));
#724 = CARTESIAN_POINT('',(0.624999999999,1.08253175473,2.833333333333)
  );
#725 = CARTESIAN_POINT('',(1.249999999999,0.721687836487,2.791666666666)
  );
#726 = CARTESIAN_POINT('',(1.249999999999,1.5E-16,2.749999999999));
#727 = CARTESIAN_POINT('',(1.249999999999,-0.721687836487,2.708333333333
    ));
#728 = CARTESIAN_POINT('',(0.624999999999,-1.08253175473,2.666666666666)
  );
#729 = CARTESIAN_POINT('',(2.7E-16,-1.443375672974,2.624999999999));
#730 = CARTESIAN_POINT('',(-0.624999999999,-1.08253175473,2.583333333333
    ));
#731 = CARTESIAN_POINT('',(-1.249999999999,-0.721687836487,
    2.541666666666));
#732 = CARTESIAN_POINT('',(-1.249999999999,0.,2.499999999999));
#733 = CARTESIAN_POINT('',(-1.249999999999,0.721687836487,2.458333333333
    ));
#734 = CARTESIAN_POINT('',(-0.624999999999,1.08253175473,2.416666666666)
  );
#735 = CARTESIAN_POINT('',(-9.E-17,1.443375672974,2.375));
#736 = CARTESIAN_POINT('',(0.624999999999,1.08253175473,2.333333333333)
  );
#737 = CARTESIAN_POINT('',(1.249999999999,0.721687836487,2.291666666666)
  );
#738 = CARTESIAN_POINT('',(1.249999999999,1.5E-16,2.249999999999));
#739 = CARTESIAN_POINT('',(1.249999999999,-0.721687836487,2.208333333333
    ));
#740 = CARTESIAN_POINT('',(0.624999999999,-1.08253175473,2.166666666666)
  );
#741 = CARTESIAN_POINT('',(2.7E-16,-1.443375672974,2.125));
#742 = CARTESIAN_POINT('',(-0.624999999999,-1.08253175473,2.083333333333
    ));
#743 = CARTESIAN_POINT('',(-1.249999999999,-0.721687836487,
    2.041666666666));
#744 = CARTESIAN_POINT('',(-1.249999999999,0.,1.999999999999));
#745 = CARTESIAN_POINT('',(-1.249999999999,0.721687836487,1.958333333333
    ));
#746 = CARTESIAN_POINT('',(-0.624999999999,1.08253175473,1.916666666666)
  );
#747 = CARTESIAN_POINT('',(-9.E-17,1.443375672974,1.875));
#748 = CARTESIAN_POINT('',(0.624999999999,1.08253175473,1.833333333333)
  );
#749 = CARTESIAN_POINT('',(1.249999999999,0.721687836487,1.791666666666)
  );
#750 = CARTESIAN_POINT('',(1.249999999999,1.5E-16,1.749999999999));
#751 = CARTESIAN_POINT('',(1.249999999999,-0.721687836487,1.708333333333
    ));
#752 = CARTESIAN_POINT('',(0.624999999999,-1.08253175473,1.666666666666)
  );
#753 = CARTESIAN_POINT('',(2.7E-16,-1.443375672974,1.624999999999));
#754 = CARTESIAN_POINT('',(-0.624999999999,-1.08253175473,1.583333333333
    ));
#755 = CARTESIAN_POINT('',(-1.249999999999,-0.721687836487,
    1.541666666666));
#756 = CARTESIAN_POINT('',(-1.249999999999,0.,1.499999999999));
#757 = CARTESIAN_POINT('',(-1.249999999999,0.721687836487,1.458333333333
    ));
#758 = CARTESIAN_POINT('',(-0.624999999999,1.08253175473,1.416666666666)
  );
#759 = CARTESIAN_POINT('',(-9.E-17,1.443375672974,1.374999999999));
#760 = CARTESIAN_POINT('',(0.624999999999,1.08253175473,1.333333333333)
  );
#761 = CARTESIAN_POINT('',(1.249999999999,0.721687836487,1.291666666666)
  );
#762 = CARTESIAN_POINT('',(1.249999999999,1.5E-16,1.249999999999));
#763 = CARTESIAN_POINT('',(1.249999999999,-0.721687836487,1.208333333333
    ));
#764 = CARTESIAN_POINT('',(0.624999999999,-1.08253175473,1.166666666666)
  );
#765 = CARTESIAN_POINT('',(2.7E-16,-1.443375672974,1.124999999999));
#766 = CARTESIAN_POINT('',(-0.624999999999,-1.08253175473,1.083333333333
    ));
#767 = CARTESIAN_POINT('',(-1.249999999999,-0.721687836487,
    1.041666666666));
#768 = CARTESIAN_POINT('',(-1.249999999999,0.,0.999999999999));
#769 = CARTESIAN_POINT('',(-1.249999999999,0.721687836487,0.958333333333
    ));
#770 = CARTESIAN_POINT('',(-0.624999999999,1.08253175473,0.916666666666)
  );
#771 = CARTESIAN_POINT('',(-9.E-17,1.443375672974,0.874999999999));
#772 = CARTESIAN_POINT('',(0.624999999999,1.08253175473,0.833333333333)
  );
#773 = CARTESIAN_POINT('',(1.249999999999,0.721687836487,0.791666666666)
  );
#774 = CARTESIAN_POINT('',(1.249999999999,1.5E-16,0.749999999999));
#775 = CARTESIAN_POINT('',(1.249999999999,-0.721687836487,0.708333333333
    ));
#776 = CARTESIAN_POINT('',(0.624999999999,-1.08253175473,0.666666666666)
  );
#777 = CARTESIAN_POINT('',(2.7E-16,-1.443375672974,0.624999999999));
#778 = CARTESIAN_POINT('',(-0.624999999999,-1.08253175473,0.583333333333
    ));
#779 = CARTESIAN_POINT('',(-1.249999999999,-0.721687836487,
    0.541666666666));
#780 = CARTESIAN_POINT('',(-1.249999999999,0.,0.499999999999));
#781 = CARTESIAN_POINT('',(-1.249999999999,0.721687836487,0.458333333333
    ));
#782 = CARTESIAN_POINT('',(-0.624999999999,1.08253175473,0.416666666666)
  );
#783 = CARTESIAN_POINT('',(-9.E-17,1.443375672974,0.374999999999));
#784 = CARTESIAN_POINT('',(0.624999999999,1.08253175473,0.333333333333)
  );
#785 = CARTESIAN_POINT('',(1.249999999999,0.721687836487,0.291666666666)
  );
#786 = CARTESIAN_POINT('',(1.249999999999,1.5E-16,0.249999999999));
#787 = CARTESIAN_POINT('',(1.249999999999,-0.721687836487,0.208333333333
    ));
#788 = CARTESIAN_POINT('',(0.624999999999,-1.08253175473,0.166666666666)
  );
#789 = CARTESIAN_POINT('',(2.7E-16,-1.443375672974,0.124999999999));
#790 = CARTESIAN_POINT('',(-0.624999999999,-1.08253175473,
    8.3333333333E-02));
#791 = CARTESIAN_POINT('',(-1.249999999999,-0.721687836487,
    4.1666666666E-02));
#792 = CARTESIAN_POINT('',(-1.249999999999,0.,-1.000088900582E-12));
#793 = CARTESIAN_POINT('',(-1.249999999999,0.721687836487,
    -4.1666666667E-02));
#794 = CARTESIAN_POINT('',(-0.624999999999,1.08253175473,
    -8.3333333334E-02));
#795 = CARTESIAN_POINT('',(-9.E-17,1.443375672974,-0.125000000001));
#796 = CARTESIAN_POINT('',(0.624999999999,1.08253175473,-0.166666666667)
  );
#797 = CARTESIAN_POINT('',(1.249999999999,0.721687836487,-0.208333333334
    ));
#798 = CARTESIAN_POINT('',(1.249999999999,1.5E-16,-0.250000000001));
#799 = CARTESIAN_POINT('',(1.249999999999,-0.721687836487,
    -0.291666666667));
#800 = CARTESIAN_POINT('',(0.624999999999,-1.08253175473,-0.333333333334
    ));
#801 = CARTESIAN_POINT('',(2.7E-16,-1.443375672974,-0.375000000001));
#802 = CARTESIAN_POINT('',(-0.624999999999,-1.08253175473,
    -0.416666666667));
#803 = CARTESIAN_POINT('',(-1.249999999999,-0.721687836487,
    -0.458333333334));
#804 = CARTESIAN_POINT('',(-1.249999999999,0.,-0.500000000001));
#805 = CARTESIAN_POINT('',(-1.249999999999,0.721687836487,
    -0.541666666667));
#806 = CARTESIAN_POINT('',(-0.624999999999,1.08253175473,-0.583333333334
    ));
#807 = CARTESIAN_POINT('',(-9.E-17,1.443375672974,-0.625000000001));
#808 = CARTESIAN_POINT('',(0.624999999999,1.08253175473,-0.666666666667)
  );
#809 = CARTESIAN_POINT('',(1.249999999999,0.721687836487,-0.708333333334
    ));
#810 = CARTESIAN_POINT('',(1.249999999999,1.5E-16,-0.750000000001));
#811 = CARTESIAN_POINT('',(1.249999999999,-0.721687836487,
    -0.791666666667));
#812 = CARTESIAN_POINT('',(0.624999999999,-1.08253175473,-0.833333333334
    ));
#813 = CARTESIAN_POINT('',(2.7E-16,-1.443375672974,-0.875000000001));
#814 = CARTESIAN_POINT('',(-0.624999999999,-1.08253175473,
    -0.916666666667));
#815 = CARTESIAN_POINT('',(-1.249999999999,-0.721687836487,
    -0.958333333334));
#816 = CARTESIAN_POINT('',(-1.249999999999,0.,-1.000000000001));
#817 = CARTESIAN_POINT('',(-1.249999999999,0.721687836487,
    -1.041666666667));
#818 = CARTESIAN_POINT('',(-0.624999999999,1.08253175473,-1.083333333334
    ));
#819 = CARTESIAN_POINT('',(-9.E-17,1.443375672974,-1.125000000001));
#820 = CARTESIAN_POINT('',(0.624999999999,1.08253175473,-1.166666666667)
  );
#821 = CARTESIAN_POINT('',(1.249999999999,0.721687836487,-1.208333333334
    ));
#822 = CARTESIAN_POINT('',(1.249999999999,1.5E-16,-1.250000000001));
#823 = CARTESIAN_POINT('',(1.249999999999,-0.721687836487,
    -1.291666666667));
#824 = CARTESIAN_POINT('',(0.624999999999,-1.08253175473,-1.333333333334
    ));
#825 = CARTESIAN_POINT('',(2.7E-16,-1.443375672974,-1.375000000001));
#826 = CARTESIAN_POINT('',(-0.624999999999,-1.08253175473,
    -1.416666666667));
#827 = CARTESIAN_POINT('',(-1.249999999999,-0.721687836487,
    -1.458333333334));
#828 = CARTESIAN_POINT('',(-1.249999999999,0.,-1.500000000001));
#829 = CARTESIAN_POINT('',(-1.249999999999,0.721687836487,
    -1.541666666667));
#830 = CARTESIAN_POINT('',(-0.624999999999,1.08253175473,-1.583333333334
    ));
#831 = CARTESIAN_POINT('',(-9.E-17,1.443375672974,-1.625000000001));
#832 = CARTESIAN_POINT('',(0.624999999999,1.08253175473,-1.666666666667)
  );
#833 = CARTESIAN_POINT('',(1.249999999999,0.721687836487,-1.708333333334
    ));
#834 = CARTESIAN_POINT('',(1.249999999999,1.5E-16,-1.750000000001));
#835 = CARTESIAN_POINT('',(1.249999999999,-0.721687836487,
    -1.791666666667));
#836 = CARTESIAN_POINT('',(0.624999999999,-1.08253175473,-1.833333333334
    ));
#837 = CARTESIAN_POINT('',(2.7E-16,-1.443375672974,-1.875000000001));
#838 = CARTESIAN_POINT('',(-0.624999999999,-1.08253175473,
    -1.916666666667));
#839 = CARTESIAN_POINT('',(-1.249999999999,-0.721687836487,
    -1.958333333334));
#840 = CARTESIAN_POINT('',(-1.249999999999,0.,-2.000000000001));
#841 = CARTESIAN_POINT('',(-1.249999999999,0.721687836487,
    -2.041666666667));
#842 = CARTESIAN_POINT('',(-0.624999999999,1.08253175473,-2.083333333334
    ));
#843 = CARTESIAN_POINT('',(-9.E-17,1.443375672974,-2.125000000001));
#844 = CARTESIAN_POINT('',(0.624999999999,1.08253175473,-2.166666666667)
  );
#845 = CARTESIAN_POINT('',(1.249999999999,0.721687836487,-2.208333333334
    ));
#846 = CARTESIAN_POINT('',(1.249999999999,1.5E-16,-2.250000000001));
#847 = CARTESIAN_POINT('',(1.249999999999,-0.721687836487,
    -2.291666666667));
#848 = CARTESIAN_POINT('',(0.624999999999,-1.08253175473,-2.333333333334
    ));
#849 = CARTESIAN_POINT('',(2.7E-16,-1.443375672974,-2.375000000001));
#850 = CARTESIAN_POINT('',(-0.624999999999,-1.08253175473,
    -2.416666666667));
#851 = CARTESIAN_POINT('',(-1.249999999999,-0.721687836487,
    -2.458333333334));
#852 = CARTESIAN_POINT('',(-1.249999999999,0.,-2.500000000001));
#853 = CARTESIAN_POINT('',(-1.249999999999,0.721687836487,
    -2.541666666667));
#854 = CARTESIAN_POINT('',(-0.624999999999,1.08253175473,-2.583333333334
    ));
#855 = CARTESIAN_POINT('',(-9.E-17,1.443375672974,-2.625000000001));
#856 = CARTESIAN_POINT('',(0.624999999999,1.08253175473,-2.666666666667)
  );
#857 = CARTESIAN_POINT('',(1.249999999999,0.721687836487,-2.708333333334
    ));
#858 = CARTESIAN_POINT('',(1.249999999999,1.5E-16,-2.750000000001));
#859 = CARTESIAN_POINT('',(1.249999999999,-0.721687836487,
    -2.791666666667));
#860 = CARTESIAN_POINT('',(0.624999999999,-1.08253175473,-2.833333333334
    ));
#861 = CARTESIAN_POINT('',(2.7E-16,-1.443375672974,-2.875000000001));
#862 = CARTESIAN_POINT('',(-0.624999999999,-1.08253175473,
    -2.916666666667));
#863 = CARTESIAN_POINT('',(-1.249999999999,-0.721687836487,
    -2.958333333334));
#864 = CARTESIAN_POINT('',(-1.249999999999,0.,-3.));
#865 = CARTESIAN_POINT('',(-1.249999999999,0.721687836487,
    -3.041666666667));
#866 = CARTESIAN_POINT('',(-0.624999999999,1.08253175473,-3.083333333334
    ));
#867 = CARTESIAN_POINT('',(-9.E-17,1.443375672974,-3.125));
#868 = CARTESIAN_POINT('',(0.624999999999,1.08253175473,-3.166666666667)
  );
#869 = CARTESIAN_POINT('',(1.249999999999,0.721687836487,-3.208333333334
    ));
#870 = CARTESIAN_POINT('',(1.249999999999,1.5E-16,-3.250000000001));
#871 = CARTESIAN_POINT('',(1.249999999999,-0.721687836487,
    -3.291666666667));
#872 = CARTESIAN_POINT('',(0.624999999999,-1.08253175473,-3.333333333334
    ));
#873 = CARTESIAN_POINT('',(2.7E-16,-1.443375672974,-3.375000000001));
#874 = CARTESIAN_POINT('',(-0.624999999999,-1.08253175473,
    -3.416666666667));
#875 = CARTESIAN_POINT('',(-1.249999999999,-0.721687836487,
    -3.458333333334));
#876 = CARTESIAN_POINT('',(-1.249999999999,0.,-3.500000000001));
#877 = CARTESIAN_POINT('',(-1.249999999999,0.721687836487,
    -3.541666666667));
#878 = CARTESIAN_POINT('',(-0.624999999999,1.08253175473,-3.583333333334
    ));
#879 = CARTESIAN_POINT('',(-9.E-17,1.443375672974,-3.625000000001));
#880 = CARTESIAN_POINT('',(0.624999999999,1.08253175473,-3.666666666667)
  );
#881 = CARTESIAN_POINT('',(1.249999999999,0.721687836487,-3.708333333334
    ));
#882 = CARTESIAN_POINT('',(1.249999999999,1.5E-16,-3.750000000001));
#883 = CARTESIAN_POINT('',(1.249999999999,-0.721687836487,
    -3.791666666667));
#884 = CARTESIAN_POINT('',(0.624999999999,-1.08253175473,-3.833333333334
    ));
#885 = CARTESIAN_POINT('',(2.7E-16,-1.443375672974,-3.875000000001));
#886 = CARTESIAN_POINT('',(-0.624999999999,-1.08253175473,
    -3.916666666667));
#887 = CARTESIAN_POINT('',(-1.249999999999,-0.721687836487,
    -3.958333333334));
#888 = CARTESIAN_POINT('',(-1.249999999999,0.,-4.000000000001));
#889 = CARTESIAN_POINT('',(-1.249999999999,0.721687836487,
    -4.041666666667));
#890 = CARTESIAN_POINT('',(-0.624999999999,1.08253175473,-4.083333333334
    ));
#891 = CARTESIAN_POINT('',(-9.E-17,1.443375672974,-4.125000000001));
#892 = CARTESIAN_POINT('',(0.624999999999,1.08253175473,-4.166666666667)
  );
#893 = CARTESIAN_POINT('',(1.249999999999,0.721687836487,-4.208333333334
    ));
#894 = CARTESIAN_POINT('',(1.249999999999,1.5E-16,-4.250000000001));
#895 = CARTESIAN_POINT('',(1.249999999999,-0.721687836487,
    -4.291666666667));
#896 = CARTESIAN_POINT('',(0.624999999999,-1.08253175473,-4.333333333334
    ));
#897 = CARTESIAN_POINT('',(2.7E-16,-1.443375672974,-4.375000000001));
#898 = CARTESIAN_POINT('',(-0.624999999999,-1.08253175473,
    -4.416666666667));
#899 = CARTESIAN_POINT('',(-1.249999999999,-0.721687836487,
    -4.458333333334));
#900 = CARTESIAN_POINT('',(-1.249999999999,0.,-4.500000000001));
#901 = CARTESIAN_POINT('',(-1.249999999999,0.721687836487,
    -4.541666666667));
#902 = CARTESIAN_POINT('',(-0.624999999999,1.08253175473,-4.583333333334
    ));
#903 = CARTESIAN_POINT('',(-9.E-17,1.443375672974,-4.625000000001));
#904 = CARTESIAN_POINT('',(0.624999999999,1.08253175473,-4.666666666667)
  );
#905 = CARTESIAN_POINT('',(1.249999999999,0.721687836487,-4.708333333334
    ));
#906 = CARTESIAN_POINT('',(1.249999999999,1.5E-16,-4.750000000001));
#907 = CARTESIAN_POINT('',(1.249999999999,-0.721687836487,
    -4.791666666667));
#908 = CARTESIAN_POINT('',(0.624999999999,-1.08253175473,-4.833333333334
    ));
#909 = CARTESIAN_POINT('',(2.7E-16,-1.443375672974,-4.875));
#910 = CARTESIAN_POINT('',(-0.624999999999,-1.08253175473,
    -4.916666666667));
#911 = CARTESIAN_POINT('',(-1.249999999999,-0.721687836487,
    -4.958333333334));
#912 = CARTESIAN_POINT('',(-1.249999999999,0.,-5.));
#913 = CARTESIAN_POINT('',(-1.249999999999,0.721687836487,
    -5.041666666666));
#914 = CARTESIAN_POINT('',(-0.624999999999,1.08253175473,-5.083333333333
    ));
#915 = CARTESIAN_POINT('',(-9.E-17,1.443375672974,-5.125));
#916 = CARTESIAN_POINT('',(0.624999999999,1.08253175473,-5.166666666666)
  );
#917 = CARTESIAN_POINT('',(1.249999999999,0.721687836487,-5.208333333333
    ));
#918 = CARTESIAN_POINT('',(1.249999999999,1.5E-16,-5.25));
#919 = CARTESIAN_POINT('',(1.249999999999,-0.721687836487,
    -5.291666666666));
#920 = CARTESIAN_POINT('',(0.624999999999,-1.08253175473,-5.333333333333
    ));
#921 = CARTESIAN_POINT('',(2.7E-16,-1.443375672974,-5.375));
#922 = CARTESIAN_POINT('',(-0.624999999999,-1.08253175473,
    -5.416666666666));
#923 = CARTESIAN_POINT('',(-1.249999999999,-0.721687836487,
    -5.458333333333));
#924 = CARTESIAN_POINT('',(-1.249999999999,0.,-5.5));
#925 = CARTESIAN_POINT('',(-1.249999999999,0.721687836487,
    -5.541666666666));
#926 = CARTESIAN_POINT('',(-0.624999999999,1.08253175473,-5.583333333333
    ));
#927 = CARTESIAN_POINT('',(-9.E-17,1.443375672974,-5.625));
#928 = CARTESIAN_POINT('',(0.624999999999,1.08253175473,-5.666666666666)
  );
#929 = CARTESIAN_POINT('',(1.249999999999,0.721687836487,-5.708333333333
    ));
#930 = CARTESIAN_POINT('',(1.249999999999,1.5E-16,-5.75));
#931 = CARTESIAN_POINT('',(1.249999999999,-0.721687836487,
    -5.791666666666));
#932 = CARTESIAN_POINT('',(0.624999999999,-1.08253175473,-5.833333333333
    ));
#933 = CARTESIAN_POINT('',(2.7E-16,-1.443375672974,-5.875));
#934 = CARTESIAN_POINT('',(-0.624999999999,-1.08253175473,
    -5.916666666666));
#935 = CARTESIAN_POINT('',(-1.249999999999,-0.721687836487,
    -5.958333333333));
#936 = CARTESIAN_POINT('',(-1.249999999999,0.,-6.));
#937 = CARTESIAN_POINT('',(-1.249999999999,0.721687836487,
    -6.041666666666));
#938 = CARTESIAN_POINT('',(-0.624999999999,1.08253175473,-6.083333333333
    ));
#939 = CARTESIAN_POINT('',(-9.E-17,1.443375672974,-6.125));
#940 = CARTESIAN_POINT('',(0.624999999999,1.08253175473,-6.166666666666)
  );
#941 = CARTESIAN_POINT('',(1.249999999999,0.721687836487,-6.208333333333
    ));
#942 = CARTESIAN_POINT('',(1.249999999999,1.5E-16,-6.25));
#943 = CARTESIAN_POINT('',(1.249999999999,-0.721687836487,
    -6.291666666666));
#944 = CARTESIAN_POINT('',(0.624999999999,-1.08253175473,-6.333333333333
    ));
#945 = CARTESIAN_POINT('',(2.7E-16,-1.443375672974,-6.375));
#946 = CARTESIAN_POINT('',(-0.624999999999,-1.08253175473,
    -6.416666666666));
#947 = CARTESIAN_POINT('',(-1.249999999999,-0.721687836487,
    -6.458333333333));
#948 = CARTESIAN_POINT('',(-1.249999999999,0.,-6.5));
#949 = CARTESIAN_POINT('',(-1.249999999999,0.721687836487,
    -6.541666666666));
#950 = CARTESIAN_POINT('',(-0.624999999999,1.08253175473,-6.583333333333
    ));
#951 = CARTESIAN_POINT('',(-9.E-17,1.443375672974,-6.625));
#952 = CARTESIAN_POINT('',(0.624999999999,1.08253175473,-6.666666666666)
  );
#953 = CARTESIAN_POINT('',(1.249999999999,0.721687836487,-6.708333333333
    ));
#954 = CARTESIAN_POINT('',(1.249999999999,1.5E-16,-6.749999999999));
#955 = CARTESIAN_POINT('',(1.249999999999,-0.721687836487,
    -6.791666666666));
#956 = CARTESIAN_POINT('',(0.624999999999,-1.08253175473,-6.833333333333
    ));
#957 = CARTESIAN_POINT('',(2.7E-16,-1.443375672974,-6.875));
#958 = CARTESIAN_POINT('',(-0.624999999999,-1.08253175473,
    -6.916666666666));
#959 = CARTESIAN_POINT('',(-1.249999999999,-0.721687836487,
    -6.958333333333));
#960 = CARTESIAN_POINT('',(-1.249999999999,0.,-7.));
#961 = CARTESIAN_POINT('',(-1.249999999999,0.721687836487,
    -7.041666666666));
#962 = CARTESIAN_POINT('',(-0.624999999999,1.08253175473,-7.083333333333
    ));
#963 = CARTESIAN_POINT('',(-9.E-17,1.443375672974,-7.125));
#964 = CARTESIAN_POINT('',(0.624999999999,1.08253175473,-7.166666666666)
  );
#965 = CARTESIAN_POINT('',(1.249999999999,0.721687836487,-7.208333333333
    ));
#966 = CARTESIAN_POINT('',(1.249999999999,1.5E-16,-7.25));
#967 = CARTESIAN_POINT('',(1.249999999999,-0.721687836487,
    -7.291666666666));
#968 = CARTESIAN_POINT('',(0.624999999999,-1.08253175473,-7.333333333333
    ));
#969 = CARTESIAN_POINT('',(2.7E-16,-1.443375672974,-7.375));
#970 = CARTESIAN_POINT('',(-0.624999999999,-1.08253175473,
    -7.416666666666));
#971 = CARTESIAN_POINT('',(-1.249999999999,-0.721687836487,
    -7.458333333333));
#972 = CARTESIAN_POINT('',(-1.249999999999,0.,-7.5));
#973 = CARTESIAN_POINT('',(-1.249999999999,0.721687836487,
    -7.541666666666));
#974 = CARTESIAN_POINT('',(-0.624999999999,1.08253175473,-7.583333333333
    ));
#975 = CARTESIAN_POINT('',(-9.E-17,1.443375672974,-7.625));
#976 = CARTESIAN_POINT('',(0.624999999999,1.08253175473,-7.666666666666)
  );
#977 = CARTESIAN_POINT('',(1.249999999999,0.721687836487,-7.708333333333
    ));
#978 = CARTESIAN_POINT('',(1.249999999999,1.5E-16,-7.75));
#979 = CARTESIAN_POINT('',(1.249999999999,-0.721687836487,
    -7.791666666666));
#980 = CARTESIAN_POINT('',(0.624999999999,-1.08253175473,-7.833333333333
    ));
#981 = CARTESIAN_POINT('',(2.7E-16,-1.443375672974,-7.875));
#982 = CARTESIAN_POINT('',(-0.624999999999,-1.08253175473,
    -7.916666666666));
#983 = CARTESIAN_POINT('',(-1.249999999999,-0.721687836487,
    -7.958333333333));
#984 = CARTESIAN_POINT('',(-1.249999999999,0.,-8.));
#985 = CARTESIAN_POINT('',(-1.249999999999,0.721687836487,
    -8.041666666666));
#986 = CARTESIAN_POINT('',(-0.624999999999,1.08253175473,-8.083333333333
    ));
#987 = CARTESIAN_POINT('',(-9.E-17,1.443375672974,-8.125));
#988 = CARTESIAN_POINT('',(0.624999999999,1.08253175473,-8.166666666666)
  );
#989 = CARTESIAN_POINT('',(1.249999999999,0.721687836487,-8.208333333333
    ));
#990 = CARTESIAN_POINT('',(1.249999999999,1.5E-16,-8.25));
#991 = CARTESIAN_POINT('',(1.249999999999,-0.721687836487,
    -8.291666666666));
#992 = CARTESIAN_POINT('',(0.624999999999,-1.08253175473,-8.333333333333
    ));
#993 = CARTESIAN_POINT('',(2.7E-16,-1.443375672974,-8.375));
#994 = CARTESIAN_POINT('',(-0.624999999999,-1.08253175473,
    -8.416666666666));
#995 = CARTESIAN_POINT('',(-1.249999999999,-0.721687836487,
    -8.458333333333));
#996 = CARTESIAN_POINT('',(-1.249999999999,0.,-8.5));
#997 = CARTESIAN_POINT('',(-1.249999999999,0.721687836487,
    -8.541666666666));
#998 = CARTESIAN_POINT('',(-0.624999999999,1.08253175473,-8.583333333333
    ));
#999 = CARTESIAN_POINT('',(-9.E-17,1.443375672974,-8.624999999999));
#1000 = CARTESIAN_POINT('',(0.624999999999,1.08253175473,-8.666666666666
    ));
#1001 = CARTESIAN_POINT('',(1.249999999999,0.721687836487,
    -8.708333333333));
#1002 = CARTESIAN_POINT('',(1.249999999999,1.5E-16,-8.75));
#1003 = CARTESIAN_POINT('',(1.249999999999,-0.721687836487,
    -8.791666666666));
#1004 = CARTESIAN_POINT('',(0.624999999999,-1.08253175473,
    -8.833333333333));
#1005 = CARTESIAN_POINT('',(2.7E-16,-1.443375672974,-8.874999999999));
#1006 = CARTESIAN_POINT('',(-0.624999999999,-1.08253175473,
    -8.916666666666));
#1007 = CARTESIAN_POINT('',(-1.249999999999,-0.721687836487,
    -8.958333333333));
#1008 = CARTESIAN_POINT('',(-1.249999999999,0.,-9.));
#1009 = CARTESIAN_POINT('',(-1.249999999999,0.721687836487,
    -9.041666666666));
#1010 = CARTESIAN_POINT('',(-0.624999999999,1.08253175473,
    -9.083333333333));
#1011 = CARTESIAN_POINT('',(-9.E-17,1.443375672974,-9.125));
#1012 = CARTESIAN_POINT('',(0.624999999999,1.08253175473,-9.166666666666
    ));
#1013 = CARTESIAN_POINT('',(1.249999999999,0.721687836487,
    -9.208333333333));
#1014 = CARTESIAN_POINT('',(1.249999999999,1.5E-16,-9.25));
#1015 = CARTESIAN_POINT('',(1.249999999999,-0.721687836487,
    -9.291666666666));
#1016 = CARTESIAN_POINT('',(0.624999999999,-1.08253175473,
    -9.333333333333));
#1017 = CARTESIAN_POINT('',(2.7E-16,-1.443375672974,-9.375));
#1018 = CARTESIAN_POINT('',(-0.624999999999,-1.08253175473,
    -9.416666666666));
#1019 = CARTESIAN_POINT('',(-1.249999999999,-0.721687836487,
    -9.458333333333));
#1020 = CARTESIAN_POINT('',(-1.249999999999,0.,-9.5));
#1021 = CARTESIAN_POINT('',(-1.520632937499,0.,5.343750000682));
#1022 = CARTESIAN_POINT('',(-1.520632937499,0.877937835804,
    5.302083334016));
#1023 = CARTESIAN_POINT('',(-0.760316468749,1.316906753706,
    5.260416667349));
#1024 = CARTESIAN_POINT('',(-1.1E-16,1.755875671608,5.218750000682));
#1025 = CARTESIAN_POINT('',(0.760316468749,1.316906753706,5.177083334016
    ));
#1026 = CARTESIAN_POINT('',(1.520632937499,0.877937835804,5.135416667349
    ));
#1027 = CARTESIAN_POINT('',(1.520632937499,1.9E-16,5.093750000682));
#1028 = CARTESIAN_POINT('',(1.520632937499,-0.877937835804,
    5.052083334016));
#1029 = CARTESIAN_POINT('',(0.760316468749,-1.316906753706,
    5.010416667349));
#1030 = CARTESIAN_POINT('',(3.2E-16,-1.755875671608,4.968750000682));
#1031 = CARTESIAN_POINT('',(-0.760316468749,-1.316906753706,
    4.927083334016));
#1032 = CARTESIAN_POINT('',(-1.520632937499,-0.877937835804,
    4.885416667349));
#1033 = CARTESIAN_POINT('',(-1.520632937499,0.,4.843750000682));
#1034 = CARTESIAN_POINT('',(-1.520632937499,0.877937835804,
    4.802083334016));
#1035 = CARTESIAN_POINT('',(-0.760316468749,1.316906753706,
    4.760416667349));
#1036 = CARTESIAN_POINT('',(-1.1E-16,1.755875671608,4.718750000682));
#1037 = CARTESIAN_POINT('',(0.760316468749,1.316906753706,4.677083334016
    ));
#1038 = CARTESIAN_POINT('',(1.520632937499,0.877937835804,4.635416667349
    ));
#1039 = CARTESIAN_POINT('',(1.520632937499,1.9E-16,4.593750000682));
#1040 = CARTESIAN_POINT('',(1.520632937499,-0.877937835804,
    4.552083334016));
#1041 = CARTESIAN_POINT('',(0.760316468749,-1.316906753706,
    4.510416667349));
#1042 = CARTESIAN_POINT('',(3.2E-16,-1.755875671608,4.468750000682));
#1043 = CARTESIAN_POINT('',(-0.760316468749,-1.316906753706,
    4.427083334016));
#1044 = CARTESIAN_POINT('',(-1.520632937499,-0.877937835804,
    4.385416667349));
#1045 = CARTESIAN_POINT('',(-1.520632937499,0.,4.343750000682));
#1046 = CARTESIAN_POINT('',(-1.520632937499,0.877937835804,
    4.302083334016));
#1047 = CARTESIAN_POINT('',(-0.760316468749,1.316906753706,
    4.260416667349));
#1048 = CARTESIAN_POINT('',(-1.1E-16,1.755875671608,4.218750000682));
#1049 = CARTESIAN_POINT('',(0.760316468749,1.316906753706,4.177083334016
    ));
#1050 = CARTESIAN_POINT('',(1.520632937499,0.877937835804,4.135416667349
    ));
#1051 = CARTESIAN_POINT('',(1.520632937499,1.9E-16,4.093750000682));
#1052 = CARTESIAN_POINT('',(1.520632937499,-0.877937835804,
    4.052083334016));
#1053 = CARTESIAN_POINT('',(0.760316468749,-1.316906753706,
    4.010416667349));
#1054 = CARTESIAN_POINT('',(3.2E-16,-1.755875671608,3.968750000682));
#1055 = CARTESIAN_POINT('',(-0.760316468749,-1.316906753706,
    3.927083334016));
#1056 = CARTESIAN_POINT('',(-1.520632937499,-0.877937835804,
    3.885416667349));
#1057 = CARTESIAN_POINT('',(-1.520632937499,0.,3.843750000682));
#1058 = CARTESIAN_POINT('',(-1.520632937499,0.877937835804,
    3.802083334016));
#1059 = CARTESIAN_POINT('',(-0.760316468749,1.316906753706,
    3.760416667349));
#1060 = CARTESIAN_POINT('',(-1.1E-16,1.755875671608,3.718750000682));
#1061 = CARTESIAN_POINT('',(0.760316468749,1.316906753706,3.677083334016
    ));
#1062 = CARTESIAN_POINT('',(1.520632937499,0.877937835804,3.635416667349
    ));
#1063 = CARTESIAN_POINT('',(1.520632937499,1.9E-16,3.593750000682));
#1064 = CARTESIAN_POINT('',(1.520632937499,-0.877937835804,
    3.552083334016));
#1065 = CARTESIAN_POINT('',(0.760316468749,-1.316906753706,
    3.510416667349));
#1066 = CARTESIAN_POINT('',(3.2E-16,-1.755875671608,3.468750000682));
#1067 = CARTESIAN_POINT('',(-0.760316468749,-1.316906753706,
    3.427083334016));
#1068 = CARTESIAN_POINT('',(-1.520632937499,-0.877937835804,
    3.385416667349));
#1069 = CARTESIAN_POINT('',(-1.520632937499,0.,3.343750000682));
#1070 = CARTESIAN_POINT('',(-1.520632937499,0.877937835804,
    3.302083334016));
#1071 = CARTESIAN_POINT('',(-0.760316468749,1.316906753706,
    3.260416667349));
#1072 = CARTESIAN_POINT('',(-1.1E-16,1.755875671608,3.218750000682));
#1073 = CARTESIAN_POINT('',(0.760316468749,1.316906753706,3.177083334016
    ));
#1074 = CARTESIAN_POINT('',(1.520632937499,0.877937835804,3.135416667349
    ));
#1075 = CARTESIAN_POINT('',(1.520632937499,1.9E-16,3.093750000682));
#1076 = CARTESIAN_POINT('',(1.520632937499,-0.877937835804,
    3.052083334016));
#1077 = CARTESIAN_POINT('',(0.760316468749,-1.316906753706,
    3.010416667349));
#1078 = CARTESIAN_POINT('',(3.2E-16,-1.755875671608,2.968750000682));
#1079 = CARTESIAN_POINT('',(-0.760316468749,-1.316906753706,
    2.927083334016));
#1080 = CARTESIAN_POINT('',(-1.520632937499,-0.877937835804,
    2.885416667349));
#1081 = CARTESIAN_POINT('',(-1.520632937499,0.,2.843750000682));
#1082 = CARTESIAN_POINT('',(-1.520632937499,0.877937835804,
    2.802083334016));
#1083 = CARTESIAN_POINT('',(-0.760316468749,1.316906753706,
    2.760416667349));
#1084 = CARTESIAN_POINT('',(-1.1E-16,1.755875671608,2.718750000682));
#1085 = CARTESIAN_POINT('',(0.760316468749,1.316906753706,2.677083334016
    ));
#1086 = CARTESIAN_POINT('',(1.520632937499,0.877937835804,2.635416667349
    ));
#1087 = CARTESIAN_POINT('',(1.520632937499,1.9E-16,2.593750000682));
#1088 = CARTESIAN_POINT('',(1.520632937499,-0.877937835804,
    2.552083334016));
#1089 = CARTESIAN_POINT('',(0.760316468749,-1.316906753706,
    2.510416667349));
#1090 = CARTESIAN_POINT('',(3.2E-16,-1.755875671608,2.468750000682));
#1091 = CARTESIAN_POINT('',(-0.760316468749,-1.316906753706,
    2.427083334016));
#1092 = CARTESIAN_POINT('',(-1.520632937499,-0.877937835804,
    2.385416667349));
#1093 = CARTESIAN_POINT('',(-1.520632937499,0.,2.343750000682));
#1094 = CARTESIAN_POINT('',(-1.520632937499,0.877937835804,
    2.302083334016));
#1095 = CARTESIAN_POINT('',(-0.760316468749,1.316906753706,
    2.260416667349));
#1096 = CARTESIAN_POINT('',(-1.1E-16,1.755875671608,2.218750000682));
#1097 = CARTESIAN_POINT('',(0.760316468749,1.316906753706,2.177083334016
    ));
#1098 = CARTESIAN_POINT('',(1.520632937499,0.877937835804,2.135416667349
    ));
#1099 = CARTESIAN_POINT('',(1.520632937499,1.9E-16,2.093750000682));
#1100 = CARTESIAN_POINT('',(1.520632937499,-0.877937835804,
    2.052083334016));
#1101 = CARTESIAN_POINT('',(0.760316468749,-1.316906753706,
    2.010416667349));
#1102 = CARTESIAN_POINT('',(3.2E-16,-1.755875671608,1.968750000682));
#1103 = CARTESIAN_POINT('',(-0.760316468749,-1.316906753706,
    1.927083334016));
#1104 = CARTESIAN_POINT('',(-1.520632937499,-0.877937835804,
    1.885416667349));
#1105 = CARTESIAN_POINT('',(-1.520632937499,0.,1.843750000682));
#1106 = CARTESIAN_POINT('',(-1.520632937499,0.877937835804,
    1.802083334016));
#1107 = CARTESIAN_POINT('',(-0.760316468749,1.316906753706,
    1.760416667349));
#1108 = CARTESIAN_POINT('',(-1.1E-16,1.755875671608,1.718750000682));
#1109 = CARTESIAN_POINT('',(0.760316468749,1.316906753706,1.677083334016
    ));
#1110 = CARTESIAN_POINT('',(1.520632937499,0.877937835804,1.635416667349
    ));
#1111 = CARTESIAN_POINT('',(1.520632937499,1.9E-16,1.593750000682));
#1112 = CARTESIAN_POINT('',(1.520632937499,-0.877937835804,
    1.552083334016));
#1113 = CARTESIAN_POINT('',(0.760316468749,-1.316906753706,
    1.510416667349));
#1114 = CARTESIAN_POINT('',(3.2E-16,-1.755875671608,1.468750000682));
#1115 = CARTESIAN_POINT('',(-0.760316468749,-1.316906753706,
    1.427083334016));
#1116 = CARTESIAN_POINT('',(-1.520632937499,-0.877937835804,
    1.385416667349));
#1117 = CARTESIAN_POINT('',(-1.520632937499,0.,1.343750000682));
#1118 = CARTESIAN_POINT('',(-1.520632937499,0.877937835804,
    1.302083334016));
#1119 = CARTESIAN_POINT('',(-0.760316468749,1.316906753706,
    1.260416667349));
#1120 = CARTESIAN_POINT('',(-1.1E-16,1.755875671608,1.218750000682));
#1121 = CARTESIAN_POINT('',(0.760316468749,1.316906753706,1.177083334016
    ));
#1122 = CARTESIAN_POINT('',(1.520632937499,0.877937835804,1.135416667349
    ));
#1123 = CARTESIAN_POINT('',(1.520632937499,1.9E-16,1.093750000682));
#1124 = CARTESIAN_POINT('',(1.520632937499,-0.877937835804,
    1.052083334016));
#1125 = CARTESIAN_POINT('',(0.760316468749,-1.316906753706,
    1.010416667349));
#1126 = CARTESIAN_POINT('',(3.2E-16,-1.755875671608,0.968750000682));
#1127 = CARTESIAN_POINT('',(-0.760316468749,-1.316906753706,
    0.927083334016));
#1128 = CARTESIAN_POINT('',(-1.520632937499,-0.877937835804,
    0.885416667349));
#1129 = CARTESIAN_POINT('',(-1.520632937499,0.,0.843750000682));
#1130 = CARTESIAN_POINT('',(-1.520632937499,0.877937835804,
    0.802083334016));
#1131 = CARTESIAN_POINT('',(-0.760316468749,1.316906753706,
    0.760416667349));
#1132 = CARTESIAN_POINT('',(-1.1E-16,1.755875671608,0.718750000682));
#1133 = CARTESIAN_POINT('',(0.760316468749,1.316906753706,0.677083334016
    ));
#1134 = CARTESIAN_POINT('',(1.520632937499,0.877937835804,0.635416667349
    ));
#1135 = CARTESIAN_POINT('',(1.520632937499,1.9E-16,0.593750000682));
#1136 = CARTESIAN_POINT('',(1.520632937499,-0.877937835804,
    0.552083334016));
#1137 = CARTESIAN_POINT('',(0.760316468749,-1.316906753706,
    0.510416667349));
#1138 = CARTESIAN_POINT('',(3.2E-16,-1.755875671608,0.468750000682));
#1139 = CARTESIAN_POINT('',(-0.760316468749,-1.316906753706,
    0.427083334016));
#1140 = CARTESIAN_POINT('',(-1.520632937499,-0.877937835804,
    0.385416667349));
#1141 = CARTESIAN_POINT('',(-1.520632937499,0.,0.343750000682));
#1142 = CARTESIAN_POINT('',(-1.520632937499,0.877937835804,
    0.302083334016));
#1143 = CARTESIAN_POINT('',(-0.760316468749,1.316906753706,
    0.260416667349));
#1144 = CARTESIAN_POINT('',(-1.1E-16,1.755875671608,0.218750000682));
#1145 = CARTESIAN_POINT('',(0.760316468749,1.316906753706,0.177083334016
    ));
#1146 = CARTESIAN_POINT('',(1.520632937499,0.877937835804,0.135416667349
    ));
#1147 = CARTESIAN_POINT('',(1.520632937499,1.9E-16,9.3750000682E-02));
#1148 = CARTESIAN_POINT('',(1.520632937499,-0.877937835804,
    5.2083334016E-02));
#1149 = CARTESIAN_POINT('',(0.760316468749,-1.316906753706,
    1.0416667349E-02));
#1150 = CARTESIAN_POINT('',(3.2E-16,-1.755875671608,-3.1249999318E-02));
#1151 = CARTESIAN_POINT('',(-0.760316468749,-1.316906753706,
    -7.2916665984E-02));
#1152 = CARTESIAN_POINT('',(-1.520632937499,-0.877937835804,
    -0.114583332651));
#1153 = CARTESIAN_POINT('',(-1.520632937499,0.,-0.156249999318));
#1154 = CARTESIAN_POINT('',(-1.520632937499,0.877937835804,
    -0.197916665984));
#1155 = CARTESIAN_POINT('',(-0.760316468749,1.316906753706,
    -0.239583332651));
#1156 = CARTESIAN_POINT('',(-1.1E-16,1.755875671608,-0.281249999318));
#1157 = CARTESIAN_POINT('',(0.760316468749,1.316906753706,
    -0.322916665984));
#1158 = CARTESIAN_POINT('',(1.520632937499,0.877937835804,
    -0.364583332651));
#1159 = CARTESIAN_POINT('',(1.520632937499,1.9E-16,-0.406249999318));
#1160 = CARTESIAN_POINT('',(1.520632937499,-0.877937835804,
    -0.447916665984));
#1161 = CARTESIAN_POINT('',(0.760316468749,-1.316906753706,
    -0.489583332651));
#1162 = CARTESIAN_POINT('',(3.2E-16,-1.755875671608,-0.531249999318));
#1163 = CARTESIAN_POINT('',(-0.760316468749,-1.316906753706,
    -0.572916665984));
#1164 = CARTESIAN_POINT('',(-1.520632937499,-0.877937835804,
    -0.614583332651));
#1165 = CARTESIAN_POINT('',(-1.520632937499,0.,-0.656249999318));
#1166 = CARTESIAN_POINT('',(-1.520632937499,0.877937835804,
    -0.697916665984));
#1167 = CARTESIAN_POINT('',(-0.760316468749,1.316906753706,
    -0.739583332651));
#1168 = CARTESIAN_POINT('',(-1.1E-16,1.755875671608,-0.781249999318));
#1169 = CARTESIAN_POINT('',(0.760316468749,1.316906753706,
    -0.822916665984));
#1170 = CARTESIAN_POINT('',(1.520632937499,0.877937835804,
    -0.864583332651));
#1171 = CARTESIAN_POINT('',(1.520632937499,1.9E-16,-0.906249999318));
#1172 = CARTESIAN_POINT('',(1.520632937499,-0.877937835804,
    -0.947916665984));
#1173 = CARTESIAN_POINT('',(0.760316468749,-1.316906753706,
    -0.989583332651));
#1174 = CARTESIAN_POINT('',(3.2E-16,-1.755875671608,-1.031249999318));
#1175 = CARTESIAN_POINT('',(-0.760316468749,-1.316906753706,
    -1.072916665984));
#1176 = CARTESIAN_POINT('',(-1.520632937499,-0.877937835804,
    -1.114583332651));
#1177 = CARTESIAN_POINT('',(-1.520632937499,0.,-1.156249999318));
#1178 = CARTESIAN_POINT('',(-1.520632937499,0.877937835804,
    -1.197916665984));
#1179 = CARTESIAN_POINT('',(-0.760316468749,1.316906753706,
    -1.239583332651));
#1180 = CARTESIAN_POINT('',(-1.1E-16,1.755875671608,-1.281249999318));
#1181 = CARTESIAN_POINT('',(0.760316468749,1.316906753706,
    -1.322916665984));
#1182 = CARTESIAN_POINT('',(1.520632937499,0.877937835804,
    -1.364583332651));
#1183 = CARTESIAN_POINT('',(1.520632937499,1.9E-16,-1.406249999318));
#1184 = CARTESIAN_POINT('',(1.520632937499,-0.877937835804,
    -1.447916665984));
#1185 = CARTESIAN_POINT('',(0.760316468749,-1.316906753706,
    -1.489583332651));
#1186 = CARTESIAN_POINT('',(3.2E-16,-1.755875671608,-1.531249999318));
#1187 = CARTESIAN_POINT('',(-0.760316468749,-1.316906753706,
    -1.572916665984));
#1188 = CARTESIAN_POINT('',(-1.520632937499,-0.877937835804,
    -1.614583332651));
#1189 = CARTESIAN_POINT('',(-1.520632937499,0.,-1.656249999318));
#1190 = CARTESIAN_POINT('',(-1.520632937499,0.877937835804,
    -1.697916665984));
#1191 = CARTESIAN_POINT('',(-0.760316468749,1.316906753706,
    -1.739583332651));
#1192 = CARTESIAN_POINT('',(-1.1E-16,1.755875671608,-1.781249999318));
#1193 = CARTESIAN_POINT('',(0.760316468749,1.316906753706,
    -1.822916665984));
#1194 = CARTESIAN_POINT('',(1.520632937499,0.877937835804,
    -1.864583332651));
#1195 = CARTESIAN_POINT('',(1.520632937499,1.9E-16,-1.906249999318));
#1196 = CARTESIAN_POINT('',(1.520632937499,-0.877937835804,
    -1.947916665984));
#1197 = CARTESIAN_POINT('',(0.760316468749,-1.316906753706,
    -1.989583332651));
#1198 = CARTESIAN_POINT('',(3.2E-16,-1.755875671608,-2.031249999318));
#1199 = CARTESIAN_POINT('',(-0.760316468749,-1.316906753706,
    -2.072916665984));
#1200 = CARTESIAN_POINT('',(-1.520632937499,-0.877937835804,
    -2.114583332651));
#1201 = CARTESIAN_POINT('',(-1.520632937499,0.,-2.156249999318));
#1202 = CARTESIAN_POINT('',(-1.520632937499,0.877937835804,
    -2.197916665984));
#1203 = CARTESIAN_POINT('',(-0.760316468749,1.316906753706,
    -2.239583332651));
#1204 = CARTESIAN_POINT('',(-1.1E-16,1.755875671608,-2.281249999318));
#1205 = CARTESIAN_POINT('',(0.760316468749,1.316906753706,
    -2.322916665984));
#1206 = CARTESIAN_POINT('',(1.520632937499,0.877937835804,
    -2.364583332651));
#1207 = CARTESIAN_POINT('',(1.520632937499,1.9E-16,-2.406249999318));
#1208 = CARTESIAN_POINT('',(1.520632937499,-0.877937835804,
    -2.447916665984));
#1209 = CARTESIAN_POINT('',(0.760316468749,-1.316906753706,
    -2.489583332651));
#1210 = CARTESIAN_POINT('',(3.2E-16,-1.755875671608,-2.531249999318));
#1211 = CARTESIAN_POINT('',(-0.760316468749,-1.316906753706,
    -2.572916665984));
#1212 = CARTESIAN_POINT('',(-1.520632937499,-0.877937835804,
    -2.614583332651));
#1213 = CARTESIAN_POINT('',(-1.520632937499,0.,-2.656249999318));
#1214 = CARTESIAN_POINT('',(-1.520632937499,0.877937835804,
    -2.697916665984));
#1215 = CARTESIAN_POINT('',(-0.760316468749,1.316906753706,
    -2.739583332651));
#1216 = CARTESIAN_POINT('',(-1.1E-16,1.755875671608,-2.781249999318));
#1217 = CARTESIAN_POINT('',(0.760316468749,1.316906753706,
    -2.822916665984));
#1218 = CARTESIAN_POINT('',(1.520632937499,0.877937835804,
    -2.864583332651));
#1219 = CARTESIAN_POINT('',(1.520632937499,1.9E-16,-2.906249999318));
#1220 = CARTESIAN_POINT('',(1.520632937499,-0.877937835804,
    -2.947916665984));
#1221 = CARTESIAN_POINT('',(0.760316468749,-1.316906753706,
    -2.989583332651));
#1222 = CARTESIAN_POINT('',(3.2E-16,-1.755875671608,-3.031249999318));
#1223 = CARTESIAN_POINT('',(-0.760316468749,-1.316906753706,
    -3.072916665984));
#1224 = CARTESIAN_POINT('',(-1.520632937499,-0.877937835804,
    -3.114583332651));
#1225 = CARTESIAN_POINT('',(-1.520632937499,0.,-3.156249999318));
#1226 = CARTESIAN_POINT('',(-1.520632937499,0.877937835804,
    -3.197916665984));
#1227 = CARTESIAN_POINT('',(-0.760316468749,1.316906753706,
    -3.239583332651));
#1228 = CARTESIAN_POINT('',(-1.1E-16,1.755875671608,-3.281249999318));
#1229 = CARTESIAN_POINT('',(0.760316468749,1.316906753706,
    -3.322916665984));
#1230 = CARTESIAN_POINT('',(1.520632937499,0.877937835804,
    -3.364583332651));
#1231 = CARTESIAN_POINT('',(1.520632937499,1.9E-16,-3.406249999318));
#1232 = CARTESIAN_POINT('',(1.520632937499,-0.877937835804,
    -3.447916665984));
#1233 = CARTESIAN_POINT('',(0.760316468749,-1.316906753706,
    -3.489583332651));
#1234 = CARTESIAN_POINT('',(3.2E-16,-1.755875671608,-3.531249999318));
#1235 = CARTESIAN_POINT('',(-0.760316468749,-1.316906753706,
    -3.572916665984));
#1236 = CARTESIAN_POINT('',(-1.520632937499,-0.877937835804,
    -3.614583332651));
#1237 = CARTESIAN_POINT('',(-1.520632937499,0.,-3.656249999318));
#1238 = CARTESIAN_POINT('',(-1.520632937499,0.877937835804,
    -3.697916665984));
#1239 = CARTESIAN_POINT('',(-0.760316468749,1.316906753706,
    -3.739583332651));
#1240 = CARTESIAN_POINT('',(-1.1E-16,1.755875671608,-3.781249999318));
#1241 = CARTESIAN_POINT('',(0.760316468749,1.316906753706,
    -3.822916665984));
#1242 = CARTESIAN_POINT('',(1.520632937499,0.877937835804,
    -3.864583332651));
#1243 = CARTESIAN_POINT('',(1.520632937499,1.9E-16,-3.906249999318));
#1244 = CARTESIAN_POINT('',(1.520632937499,-0.877937835804,
    -3.947916665984));
#1245 = CARTESIAN_POINT('',(0.760316468749,-1.316906753706,
    -3.989583332651));
#1246 = CARTESIAN_POINT('',(3.2E-16,-1.755875671608,-4.031249999318));
#1247 = CARTESIAN_POINT('',(-0.760316468749,-1.316906753706,
    -4.072916665984));
#1248 = CARTESIAN_POINT('',(-1.520632937499,-0.877937835804,
    -4.114583332651));
#1249 = CARTESIAN_POINT('',(-1.520632937499,0.,-4.156249999318));
#1250 = CARTESIAN_POINT('',(-1.520632937499,0.877937835804,
    -4.197916665984));
#1251 = CARTESIAN_POINT('',(-0.760316468749,1.316906753706,
    -4.239583332651));
#1252 = CARTESIAN_POINT('',(-1.1E-16,1.755875671608,-4.281249999318));
#1253 = CARTESIAN_POINT('',(0.760316468749,1.316906753706,
    -4.322916665984));
#1254 = CARTESIAN_POINT('',(1.520632937499,0.877937835804,
    -4.364583332651));
#1255 = CARTESIAN_POINT('',(1.520632937499,1.9E-16,-4.406249999318));
#1256 = CARTESIAN_POINT('',(1.520632937499,-0.877937835804,
    -4.447916665984));
#1257 = CARTESIAN_POINT('',(0.760316468749,-1.316906753706,
    -4.489583332651));
#1258 = CARTESIAN_POINT('',(3.2E-16,-1.755875671608,-4.531249999318));
#1259 = CARTESIAN_POINT('',(-0.760316468749,-1.316906753706,
    -4.572916665984));
#1260 = CARTESIAN_POINT('',(-1.520632937499,-0.877937835804,
    -4.614583332651));
#1261 = CARTESIAN_POINT('',(-1.520632937499,0.,-4.656249999318));
#1262 = CARTESIAN_POINT('',(-1.520632937499,0.877937835804,
    -4.697916665984));
#1263 = CARTESIAN_POINT('',(-0.760316468749,1.316906753706,
    -4.739583332651));
#1264 = CARTESIAN_POINT('',(-1.1E-16,1.755875671608,-4.781249999318));
#1265 = CARTESIAN_POINT('',(0.760316468749,1.316906753706,
    -4.822916665984));
#1266 = CARTESIAN_POINT('',(1.520632937499,0.877937835804,
    -4.864583332651));
#1267 = CARTESIAN_POINT('',(1.520632937499,1.9E-16,-4.906249999318));
#1268 = CARTESIAN_POINT('',(1.520632937499,-0.877937835804,
    -4.947916665984));
#1269 = CARTESIAN_POINT('',(0.760316468749,-1.316906753706,
    -4.989583332651));
#1270 = CARTESIAN_POINT('',(3.2E-16,-1.755875671608,-5.031249999317));
#1271 = CARTESIAN_POINT('',(-0.760316468749,-1.316906753706,
    -5.072916665983));
#1272 = CARTESIAN_POINT('',(-1.520632937499,-0.877937835804,
    -5.11458333265));
#1273 = CARTESIAN_POINT('',(-1.520632937499,0.,-5.156249999317));
#1274 = CARTESIAN_POINT('',(-1.520632937499,0.877937835804,
    -5.197916665983));
#1275 = CARTESIAN_POINT('',(-0.760316468749,1.316906753706,
    -5.23958333265));
#1276 = CARTESIAN_POINT('',(-1.1E-16,1.755875671608,-5.281249999317));
#1277 = CARTESIAN_POINT('',(0.760316468749,1.316906753706,
    -5.322916665983));
#1278 = CARTESIAN_POINT('',(1.520632937499,0.877937835804,-5.36458333265
    ));
#1279 = CARTESIAN_POINT('',(1.520632937499,1.9E-16,-5.406249999317));
#1280 = CARTESIAN_POINT('',(1.520632937499,-0.877937835804,
    -5.447916665983));
#1281 = CARTESIAN_POINT('',(0.760316468749,-1.316906753706,
    -5.48958333265));
#1282 = CARTESIAN_POINT('',(3.2E-16,-1.755875671608,-5.531249999317));
#1283 = CARTESIAN_POINT('',(-0.760316468749,-1.316906753706,
    -5.572916665983));
#1284 = CARTESIAN_POINT('',(-1.520632937499,-0.877937835804,
    -5.61458333265));
#1285 = CARTESIAN_POINT('',(-1.520632937499,0.,-5.656249999317));
#1286 = CARTESIAN_POINT('',(-1.520632937499,0.877937835804,
    -5.697916665983));
#1287 = CARTESIAN_POINT('',(-0.760316468749,1.316906753706,
    -5.73958333265));
#1288 = CARTESIAN_POINT('',(-1.1E-16,1.755875671608,-5.781249999317));
#1289 = CARTESIAN_POINT('',(0.760316468749,1.316906753706,
    -5.822916665983));
#1290 = CARTESIAN_POINT('',(1.520632937499,0.877937835804,-5.86458333265
    ));
#1291 = CARTESIAN_POINT('',(1.520632937499,1.9E-16,-5.906249999317));
#1292 = CARTESIAN_POINT('',(1.520632937499,-0.877937835804,
    -5.947916665983));
#1293 = CARTESIAN_POINT('',(0.760316468749,-1.316906753706,
    -5.98958333265));
#1294 = CARTESIAN_POINT('',(3.2E-16,-1.755875671608,-6.031249999317));
#1295 = CARTESIAN_POINT('',(-0.760316468749,-1.316906753706,
    -6.072916665983));
#1296 = CARTESIAN_POINT('',(-1.520632937499,-0.877937835804,
    -6.11458333265));
#1297 = CARTESIAN_POINT('',(-1.520632937499,0.,-6.156249999317));
#1298 = CARTESIAN_POINT('',(-1.520632937499,0.877937835804,
    -6.197916665983));
#1299 = CARTESIAN_POINT('',(-0.760316468749,1.316906753706,
    -6.23958333265));
#1300 = CARTESIAN_POINT('',(-1.1E-16,1.755875671608,-6.281249999317));
#1301 = CARTESIAN_POINT('',(0.760316468749,1.316906753706,
    -6.322916665983));
#1302 = CARTESIAN_POINT('',(1.520632937499,0.877937835804,-6.36458333265
    ));
#1303 = CARTESIAN_POINT('',(1.520632937499,1.9E-16,-6.406249999317));
#1304 = CARTESIAN_POINT('',(1.520632937499,-0.877937835804,
    -6.447916665983));
#1305 = CARTESIAN_POINT('',(0.760316468749,-1.316906753706,
    -6.48958333265));
#1306 = CARTESIAN_POINT('',(3.2E-16,-1.755875671608,-6.531249999317));
#1307 = CARTESIAN_POINT('',(-0.760316468749,-1.316906753706,
    -6.572916665983));
#1308 = CARTESIAN_POINT('',(-1.520632937499,-0.877937835804,
    -6.61458333265));
#1309 = CARTESIAN_POINT('',(-1.520632937499,0.,-6.656249999317));
#1310 = CARTESIAN_POINT('',(-1.520632937499,0.877937835804,
    -6.697916665983));
#1311 = CARTESIAN_POINT('',(-0.760316468749,1.316906753706,
    -6.73958333265));
#1312 = CARTESIAN_POINT('',(-1.1E-16,1.755875671608,-6.781249999317));
#1313 = CARTESIAN_POINT('',(0.760316468749,1.316906753706,
    -6.822916665983));
#1314 = CARTESIAN_POINT('',(1.520632937499,0.877937835804,-6.86458333265
    ));
#1315 = CARTESIAN_POINT('',(1.520632937499,1.9E-16,-6.906249999317));
#1316 = CARTESIAN_POINT('',(1.520632937499,-0.877937835804,
    -6.947916665983));
#1317 = CARTESIAN_POINT('',(0.760316468749,-1.316906753706,
    -6.98958333265));
#1318 = CARTESIAN_POINT('',(3.2E-16,-1.755875671608,-7.031249999317));
#1319 = CARTESIAN_POINT('',(-0.760316468749,-1.316906753706,
    -7.072916665983));
#1320 = CARTESIAN_POINT('',(-1.520632937499,-0.877937835804,
    -7.11458333265));
#1321 = CARTESIAN_POINT('',(-1.520632937499,0.,-7.156249999317));
#1322 = CARTESIAN_POINT('',(-1.520632937499,0.877937835804,
    -7.197916665983));
#1323 = CARTESIAN_POINT('',(-0.760316468749,1.316906753706,
    -7.23958333265));
#1324 = CARTESIAN_POINT('',(-1.1E-16,1.755875671608,-7.281249999317));
#1325 = CARTESIAN_POINT('',(0.760316468749,1.316906753706,
    -7.322916665983));
#1326 = CARTESIAN_POINT('',(1.520632937499,0.877937835804,-7.36458333265
    ));
#1327 = CARTESIAN_POINT('',(1.520632937499,1.9E-16,-7.406249999317));
#1328 = CARTESIAN_POINT('',(1.520632937499,-0.877937835804,
    -7.447916665983));
#1329 = CARTESIAN_POINT('',(0.760316468749,-1.316906753706,
    -7.48958333265));
#1330 = CARTESIAN_POINT('',(3.2E-16,-1.755875671608,-7.531249999317));
#1331 = CARTESIAN_POINT('',(-0.760316468749,-1.316906753706,
    -7.572916665983));
#1332 = CARTESIAN_POINT('',(-1.520632937499,-0.877937835804,
    -7.61458333265));
#1333 = CARTESIAN_POINT('',(-1.520632937499,0.,-7.656249999317));
#1334 = CARTESIAN_POINT('',(-1.520632937499,0.877937835804,
    -7.697916665983));
#1335 = CARTESIAN_POINT('',(-0.760316468749,1.316906753706,
    -7.73958333265));
#1336 = CARTESIAN_POINT('',(-1.1E-16,1.755875671608,-7.781249999317));
#1337 = CARTESIAN_POINT('',(0.760316468749,1.316906753706,
    -7.822916665983));
#1338 = CARTESIAN_POINT('',(1.520632937499,0.877937835804,-7.86458333265
    ));
#1339 = CARTESIAN_POINT('',(1.520632937499,1.9E-16,-7.906249999317));
#1340 = CARTESIAN_POINT('',(1.520632937499,-0.877937835804,
    -7.947916665983));
#1341 = CARTESIAN_POINT('',(0.760316468749,-1.316906753706,
    -7.98958333265));
#1342 = CARTESIAN_POINT('',(3.2E-16,-1.755875671608,-8.031249999317));
#1343 = CARTESIAN_POINT('',(-0.760316468749,-1.316906753706,
    -8.072916665983));
#1344 = CARTESIAN_POINT('',(-1.520632937499,-0.877937835804,
    -8.11458333265));
#1345 = CARTESIAN_POINT('',(-1.520632937499,0.,-8.156249999317));
#1346 = CARTESIAN_POINT('',(-1.520632937499,0.877937835804,
    -8.197916665983));
#1347 = CARTESIAN_POINT('',(-0.760316468749,1.316906753706,
    -8.23958333265));
#1348 = CARTESIAN_POINT('',(-1.1E-16,1.755875671608,-8.281249999317));
#1349 = CARTESIAN_POINT('',(0.760316468749,1.316906753706,
    -8.322916665983));
#1350 = CARTESIAN_POINT('',(1.520632937499,0.877937835804,-8.36458333265
    ));
#1351 = CARTESIAN_POINT('',(1.520632937499,1.9E-16,-8.406249999317));
#1352 = CARTESIAN_POINT('',(1.520632937499,-0.877937835804,
    -8.447916665983));
#1353 = CARTESIAN_POINT('',(0.760316468749,-1.316906753706,
    -8.48958333265));
#1354 = CARTESIAN_POINT('',(3.2E-16,-1.755875671608,-8.531249999317));
#1355 = CARTESIAN_POINT('',(-0.760316468749,-1.316906753706,
    -8.572916665983));
#1356 = CARTESIAN_POINT('',(-1.520632937499,-0.877937835804,
    -8.61458333265));
#1357 = CARTESIAN_POINT('',(-1.520632937499,0.,-8.656249999317));
#1358 = CARTESIAN_POINT('',(-1.520632937499,0.877937835804,
    -8.697916665983));
#1359 = CARTESIAN_POINT('',(-0.760316468749,1.316906753706,
    -8.73958333265));
#1360 = CARTESIAN_POINT('',(-1.1E-16,1.755875671608,-8.781249999317));
#1361 = CARTESIAN_POINT('',(0.760316468749,1.316906753706,
    -8.822916665983));
#1362 = CARTESIAN_POINT('',(1.520632937499,0.877937835804,-8.86458333265
    ));
#1363 = CARTESIAN_POINT('',(1.520632937499,1.9E-16,-8.906249999317));
#1364 = CARTESIAN_POINT('',(1.520632937499,-0.877937835804,
    -8.947916665983));
#1365 = CARTESIAN_POINT('',(0.760316468749,-1.316906753706,
    -8.98958333265));
#1366 = CARTESIAN_POINT('',(3.2E-16,-1.755875671608,-9.031249999317));
#1367 = CARTESIAN_POINT('',(-0.760316468749,-1.316906753706,
    -9.072916665983));
#1368 = CARTESIAN_POINT('',(-1.520632937499,-0.877937835804,
    -9.11458333265));
#1369 = CARTESIAN_POINT('',(-1.520632937499,0.,-9.156249999317));
#1370 = CARTESIAN_POINT('',(-1.520632937499,0.877937835804,
    -9.197916665983));
#1371 = CARTESIAN_POINT('',(-0.760316468749,1.316906753706,
    -9.23958333265));
#1372 = CARTESIAN_POINT('',(-1.1E-16,1.755875671608,-9.281249999317));
#1373 = CARTESIAN_POINT('',(0.760316468749,1.316906753706,
    -9.322916665983));
#1374 = CARTESIAN_POINT('',(1.520632937499,0.877937835804,-9.36458333265
    ));
#1375 = CARTESIAN_POINT('',(1.520632937499,1.9E-16,-9.406249999317));
#1376 = CARTESIAN_POINT('',(1.520632937499,-0.877937835804,
    -9.447916665983));
#1377 = CARTESIAN_POINT('',(0.760316468749,-1.316906753706,
    -9.48958333265));
#1378 = CARTESIAN_POINT('',(3.2E-16,-1.755875671608,-9.531249999317));
#1379 = CARTESIAN_POINT('',(-0.760316468749,-1.316906753706,
    -9.572916665983));
#1380 = CARTESIAN_POINT('',(-1.520632937499,-0.877937835804,
    -9.61458333265));
#1381 = CARTESIAN_POINT('',(-1.520632937499,0.,-9.656249999317));
#1382 = ADVANCED_FACE('',(#1383),#1699,.T.);
#1383 = FACE_BOUND('',#1384,.T.);
#1384 = EDGE_LOOP('',(#1385,#1386,#1387,#1659));
#1385 = ORIENTED_EDGE('',*,*,#194,.F.);
#1386 = ORIENTED_EDGE('',*,*,#108,.T.);
#1387 = ORIENTED_EDGE('',*,*,#1388,.T.);
#1388 = EDGE_CURVE('',#109,#1389,#1391,.T.);
#1389 = VERTEX_POINT('',#1390);
#1390 = CARTESIAN_POINT('',(1.401617467539,-0.589739777611,4.));
#1391 = ( BOUNDED_CURVE() B_SPLINE_CURVE(2,(#1392,#1393,#1394,#1395,
    #1396,#1397,#1398,#1399,#1400,#1401,#1402,#1403,#1404,#1405,#1406,
    #1407,#1408,#1409,#1410,#1411,#1412,#1413,#1414,#1415,#1416,#1417,
    #1418,#1419,#1420,#1421,#1422,#1423,#1424,#1425,#1426,#1427,#1428,
    #1429,#1430,#1431,#1432,#1433,#1434,#1435,#1436,#1437,#1438,#1439,
    #1440,#1441,#1442,#1443,#1444,#1445,#1446,#1447,#1448,#1449,#1450,
    #1451,#1452,#1453,#1454,#1455,#1456,#1457,#1458,#1459,#1460,#1461,
    #1462,#1463,#1464,#1465,#1466,#1467,#1468,#1469,#1470,#1471,#1472,
    #1473,#1474,#1475,#1476,#1477,#1478,#1479,#1480,#1481,#1482,#1483,
    #1484,#1485,#1486,#1487,#1488,#1489,#1490,#1491,#1492,#1493,#1494,
    #1495,#1496,#1497,#1498,#1499,#1500,#1501,#1502,#1503,#1504,#1505,
    #1506,#1507,#1508,#1509,#1510,#1511,#1512,#1513,#1514,#1515,#1516,
    #1517,#1518,#1519,#1520,#1521,#1522,#1523,#1524,#1525,#1526,#1527,
    #1528,#1529,#1530,#1531,#1532,#1533,#1534,#1535,#1536,#1537,#1538,
    #1539,#1540,#1541,#1542,#1543,#1544,#1545,#1546,#1547,#1548,#1549,
    #1550,#1551,#1552,#1553,#1554,#1555,#1556,#1557,#1558,#1559,#1560,
    #1561,#1562,#1563,#1564,#1565,#1566,#1567,#1568,#1569,#1570,#1571,
    #1572,#1573,#1574,#1575,#1576,#1577,#1578,#1579,#1580,#1581,#1582,
    #1583,#1584,#1585,#1586,#1587,#1588,#1589,#1590,#1591,#1592,#1593,
    #1594,#1595,#1596,#1597,#1598,#1599,#1600,#1601,#1602,#1603,#1604,
    #1605,#1606,#1607,#1608,#1609,#1610,#1611,#1612,#1613,#1614,#1615,
    #1616,#1617,#1618,#1619,#1620,#1621,#1622,#1623,#1624,#1625,#1626,
    #1627,#1628,#1629,#1630,#1631,#1632,#1633,#1634,#1635,#1636,#1637,
    #1638,#1639,#1640,#1641,#1642,#1643,#1644,#1645,#1646,#1647,#1648,
    #1649,#1650,#1651,#1652,#1653,#1654,#1655,#1656,#1657,#1658),
.UNSPECIFIED.,.F.,.F.) B_SPLINE_CURVE_WITH_KNOTS((3,2,2,2,2,2,2,2,2,2,2,
    2,2,2,2,2,2,2,2,2,2,2,2,2,2,2,2,2,2,2,2,2,2,2,2,2,2,2,2,2,2,2,2,2,2,
    2,2,2,2,2,2,2,2,2,2,2,2,2,2,2,2,2,2,2,2,2,2,2,2,2,2,2,2,2,2,2,2,2,2,
    2,2,2,2,2,2,2,2,2,2,2,2,2,2,2,2,2,2,2,2,2,2,2,2,2,2,2,2,2,2,2,2,2,2,
    2,2,2,2,2,2,2,2,2,2,2,2,2,2,2,2,2,2,2,2,3),(3.4107669532E-02,
    3.8888888888E-02,4.4444444444E-02,5.E-02,5.5555555555E-02,
    6.1111111111E-02,6.6666666666E-02,7.2222222222E-02,7.7777777777E-02,
    8.3333333333E-02,8.8888888888E-02,9.4444444444E-02,0.1,
    0.105555555555,0.111111111111,0.116666666666,0.122222222222,
    0.127777777777,0.133333333333,0.138888888888,0.144444444444,
    0.149999999999,0.155555555555,0.161111111111,0.166666666666,
    0.172222222222,0.177777777777,0.183333333333,0.188888888888,
    0.194444444444,0.2,0.205555555555,0.211111111111,0.216666666666,
    0.222222222222,0.227777777777,0.233333333333,0.238888888888,
    0.244444444444,0.25,0.255555555555,0.261111111111,0.266666666666,
    0.272222222222,0.277777777777,0.283333333333,0.288888888888,
    0.294444444444,0.299999999999,0.305555555555,0.311111111111,
    0.316666666666,0.322222222222,0.327777777777,0.333333333333,
    0.338888888888,0.344444444444,0.349999999999,0.355555555555,
    0.361111111111,0.366666666666,0.372222222222,0.377777777777,
    0.383333333333,0.388888888888,0.394444444444,0.4,0.405555555555,
    0.411111111111,0.416666666666,0.422222222222,0.427777777777,
    0.433333333333,0.438888888888,0.444444444444,0.45,0.455555555555,
    0.461111111111,0.466666666666,0.472222222222,0.477777777777,
    0.483333333333,0.488888888888,0.494444444444,0.5,0.505555555555,
    0.511111111111,0.516666666666,0.522222222222,0.527777777777,
    0.533333333333,0.538888888888,0.544444444444,0.55,0.555555555555,
    0.561111111111,0.566666666666,0.572222222222,0.577777777777,
    0.583333333333,0.588888888888,0.594444444444,0.599999999999,
    0.605555555555,0.611111111111,0.616666666666,0.622222222222,
    0.627777777777,0.633333333333,0.638888888888,0.644444444444,0.65,
    0.655555555555,0.661111111111,0.666666666666,0.672222222222,
    0.677777777777,0.683333333333,0.688888888888,0.694444444444,
    0.699999999999,0.705555555555,0.711111111111,0.716666666666,
    0.722222222222,0.727777777777,0.733333333333,0.738888888888,
    0.744444444444,0.75,0.755555555555,0.761111111111,0.766666666666,
0.772111496528),.UNSPECIFIED.) CURVE() GEOMETRIC_REPRESENTATION_ITEM() 
RATIONAL_B_SPLINE_CURVE((0.967858533061,0.884698852114,1.,0.866025403784
    ,1.,0.866025403784,1.,0.866025403784,1.,0.866025403784,1.,
    0.866025403784,1.,0.866025403784,1.,0.866025403784,1.,0.866025403784
    ,1.,0.866025403784,1.,0.866025403784,1.,0.866025403784,1.,
    0.866025403784,1.,0.866025403784,1.,0.866025403784,1.,0.866025403784
    ,1.,0.866025403784,1.,0.866025403784,1.,0.866025403784,1.,
    0.866025403784,1.,0.866025403784,1.,0.866025403784,1.,0.866025403784
    ,1.,0.866025403784,1.,0.866025403784,1.,0.866025403784,1.,
    0.866025403784,1.,0.866025403784,1.,0.866025403784,1.,0.866025403784
    ,1.,0.866025403784,1.,0.866025403784,1.,0.866025403784,1.,
    0.866025403784,1.,0.866025403784,1.,0.866025403784,1.,0.866025403784
    ,1.,0.866025403784,1.,0.866025403784,1.,0.866025403784,1.,
    0.866025403784,1.,0.866025403784,1.,0.866025403784,1.,0.866025403784
    ,1.,0.866025403784,1.,0.866025403784,1.,0.866025403784,1.,
    0.866025403784,1.,0.866025403784,1.,0.866025403784,1.,0.866025403784
    ,1.,0.866025403784,1.,0.866025403784,1.,0.866025403784,1.,
    0.866025403784,1.,0.866025403784,1.,0.866025403784,1.,0.866025403784
    ,1.,0.866025403784,1.,0.866025403784,1.,0.866025403784,1.,
    0.866025403784,1.,0.866025403784,1.,0.866025403784,1.,0.866025403784
    ,1.,0.866025403784,1.,0.866025403784,1.,0.866025403784,1.,
    0.866025403784,1.,0.866025403784,1.,0.866025403784,1.,0.866025403784
    ,1.,0.866025403784,1.,0.866025403784,1.,0.866025403784,1.,
    0.866025403784,1.,0.866025403784,1.,0.866025403784,1.,0.866025403784
    ,1.,0.866025403784,1.,0.866025403784,1.,0.866025403784,1.,
    0.866025403784,1.,0.866025403784,1.,0.866025403784,1.,0.866025403784
    ,1.,0.866025403784,1.,0.866025403784,1.,0.866025403784,1.,
    0.866025403784,1.,0.866025403784,1.,0.866025403784,1.,0.866025403784
    ,1.,0.866025403784,1.,0.866025403784,1.,0.866025403784,1.,
    0.866025403784,1.,0.866025403784,1.,0.866025403784,1.,0.866025403784
    ,1.,0.866025403784,1.,0.866025403784,1.,0.866025403784,1.,
    0.866025403784,1.,0.866025403784,1.,0.866025403784,1.,0.866025403784
    ,1.,0.866025403784,1.,0.866025403784,1.,0.866025403784,1.,
    0.866025403784,1.,0.866025403784,1.,0.866025403784,1.,0.866025403784
    ,1.,0.866025403784,1.,0.866025403784,1.,0.866025403784,1.,
    0.866025403784,1.,0.866025403784,1.,0.866025403784,1.,0.866025403784
    ,1.,0.866025403784,1.,0.866025403784,1.,0.866025403784,1.,
    0.866025403784,1.,0.866025403784,1.,0.866025403784,1.,0.866025403784
    ,1.,0.866025403784,1.,0.866025403784,1.,0.866025403784,1.,
0.866025403784,1.,0.8686956012,0.994766042574)) REPRESENTATION_ITEM('') 
  );
#1392 = CARTESIAN_POINT('',(-1.505371808998,0.214895898711,
    4.770632937499));
#1393 = CARTESIAN_POINT('',(-1.400848333549,0.947095509139,4.7330189291)
  );
#1394 = CARTESIAN_POINT('',(-0.760316468749,1.316906753706,
    4.697916667349));
#1395 = CARTESIAN_POINT('',(-1.1E-16,1.755875671608,4.656250000682));
#1396 = CARTESIAN_POINT('',(0.760316468749,1.316906753706,4.614583334016
    ));
#1397 = CARTESIAN_POINT('',(1.520632937499,0.877937835804,4.572916667349
    ));
#1398 = CARTESIAN_POINT('',(1.520632937499,1.9E-16,4.531250000682));
#1399 = CARTESIAN_POINT('',(1.520632937499,-0.877937835804,
    4.489583334016));
#1400 = CARTESIAN_POINT('',(0.760316468749,-1.316906753706,
    4.447916667349));
#1401 = CARTESIAN_POINT('',(3.2E-16,-1.755875671608,4.406250000682));
#1402 = CARTESIAN_POINT('',(-0.760316468749,-1.316906753706,
    4.364583334016));
#1403 = CARTESIAN_POINT('',(-1.520632937499,-0.877937835804,
    4.322916667349));
#1404 = CARTESIAN_POINT('',(-1.520632937499,0.,4.281250000682));
#1405 = CARTESIAN_POINT('',(-1.520632937499,0.877937835804,
    4.239583334016));
#1406 = CARTESIAN_POINT('',(-0.760316468749,1.316906753706,
    4.197916667349));
#1407 = CARTESIAN_POINT('',(-1.1E-16,1.755875671608,4.156250000682));
#1408 = CARTESIAN_POINT('',(0.760316468749,1.316906753706,4.114583334016
    ));
#1409 = CARTESIAN_POINT('',(1.520632937499,0.877937835804,4.072916667349
    ));
#1410 = CARTESIAN_POINT('',(1.520632937499,1.9E-16,4.031250000682));
#1411 = CARTESIAN_POINT('',(1.520632937499,-0.877937835804,
    3.989583334016));
#1412 = CARTESIAN_POINT('',(0.760316468749,-1.316906753706,
    3.947916667349));
#1413 = CARTESIAN_POINT('',(3.2E-16,-1.755875671608,3.906250000682));
#1414 = CARTESIAN_POINT('',(-0.760316468749,-1.316906753706,
    3.864583334016));
#1415 = CARTESIAN_POINT('',(-1.520632937499,-0.877937835804,
    3.822916667349));
#1416 = CARTESIAN_POINT('',(-1.520632937499,0.,3.781250000682));
#1417 = CARTESIAN_POINT('',(-1.520632937499,0.877937835804,
    3.739583334016));
#1418 = CARTESIAN_POINT('',(-0.760316468749,1.316906753706,
    3.697916667349));
#1419 = CARTESIAN_POINT('',(-1.1E-16,1.755875671608,3.656250000682));
#1420 = CARTESIAN_POINT('',(0.760316468749,1.316906753706,3.614583334016
    ));
#1421 = CARTESIAN_POINT('',(1.520632937499,0.877937835804,3.572916667349
    ));
#1422 = CARTESIAN_POINT('',(1.520632937499,1.9E-16,3.531250000682));
#1423 = CARTESIAN_POINT('',(1.520632937499,-0.877937835804,
    3.489583334016));
#1424 = CARTESIAN_POINT('',(0.760316468749,-1.316906753706,
    3.447916667349));
#1425 = CARTESIAN_POINT('',(3.2E-16,-1.755875671608,3.406250000682));
#1426 = CARTESIAN_POINT('',(-0.760316468749,-1.316906753706,
    3.364583334016));
#1427 = CARTESIAN_POINT('',(-1.520632937499,-0.877937835804,
    3.322916667349));
#1428 = CARTESIAN_POINT('',(-1.520632937499,0.,3.281250000682));
#1429 = CARTESIAN_POINT('',(-1.520632937499,0.877937835804,
    3.239583334016));
#1430 = CARTESIAN_POINT('',(-0.760316468749,1.316906753706,
    3.197916667349));
#1431 = CARTESIAN_POINT('',(-1.1E-16,1.755875671608,3.156250000682));
#1432 = CARTESIAN_POINT('',(0.760316468749,1.316906753706,3.114583334016
    ));
#1433 = CARTESIAN_POINT('',(1.520632937499,0.877937835804,3.072916667349
    ));
#1434 = CARTESIAN_POINT('',(1.520632937499,1.9E-16,3.031250000682));
#1435 = CARTESIAN_POINT('',(1.520632937499,-0.877937835804,
    2.989583334016));
#1436 = CARTESIAN_POINT('',(0.760316468749,-1.316906753706,
    2.947916667349));
#1437 = CARTESIAN_POINT('',(3.2E-16,-1.755875671608,2.906250000682));
#1438 = CARTESIAN_POINT('',(-0.760316468749,-1.316906753706,
    2.864583334016));
#1439 = CARTESIAN_POINT('',(-1.520632937499,-0.877937835804,
    2.822916667349));
#1440 = CARTESIAN_POINT('',(-1.520632937499,0.,2.781250000682));
#1441 = CARTESIAN_POINT('',(-1.520632937499,0.877937835804,
    2.739583334016));
#1442 = CARTESIAN_POINT('',(-0.760316468749,1.316906753706,
    2.697916667349));
#1443 = CARTESIAN_POINT('',(-1.1E-16,1.755875671608,2.656250000682));
#1444 = CARTESIAN_POINT('',(0.760316468749,1.316906753706,2.614583334016
    ));
#1445 = CARTESIAN_POINT('',(1.520632937499,0.877937835804,2.572916667349
    ));
#1446 = CARTESIAN_POINT('',(1.520632937499,1.9E-16,2.531250000682));
#1447 = CARTESIAN_POINT('',(1.520632937499,-0.877937835804,
    2.489583334016));
#1448 = CARTESIAN_POINT('',(0.760316468749,-1.316906753706,
    2.447916667349));
#1449 = CARTESIAN_POINT('',(3.2E-16,-1.755875671608,2.406250000682));
#1450 = CARTESIAN_POINT('',(-0.760316468749,-1.316906753706,
    2.364583334016));
#1451 = CARTESIAN_POINT('',(-1.520632937499,-0.877937835804,
    2.322916667349));
#1452 = CARTESIAN_POINT('',(-1.520632937499,0.,2.281250000682));
#1453 = CARTESIAN_POINT('',(-1.520632937499,0.877937835804,
    2.239583334016));
#1454 = CARTESIAN_POINT('',(-0.760316468749,1.316906753706,
    2.197916667349));
#1455 = CARTESIAN_POINT('',(-1.1E-16,1.755875671608,2.156250000682));
#1456 = CARTESIAN_POINT('',(0.760316468749,1.316906753706,2.114583334016
    ));
#1457 = CARTESIAN_POINT('',(1.520632937499,0.877937835804,2.072916667349
    ));
#1458 = CARTESIAN_POINT('',(1.520632937499,1.9E-16,2.031250000682));
#1459 = CARTESIAN_POINT('',(1.520632937499,-0.877937835804,
    1.989583334016));
#1460 = CARTESIAN_POINT('',(0.760316468749,-1.316906753706,
    1.947916667349));
#1461 = CARTESIAN_POINT('',(3.2E-16,-1.755875671608,1.906250000682));
#1462 = CARTESIAN_POINT('',(-0.760316468749,-1.316906753706,
    1.864583334016));
#1463 = CARTESIAN_POINT('',(-1.520632937499,-0.877937835804,
    1.822916667349));
#1464 = CARTESIAN_POINT('',(-1.520632937499,0.,1.781250000682));
#1465 = CARTESIAN_POINT('',(-1.520632937499,0.877937835804,
    1.739583334016));
#1466 = CARTESIAN_POINT('',(-0.760316468749,1.316906753706,
    1.697916667349));
#1467 = CARTESIAN_POINT('',(-1.1E-16,1.755875671608,1.656250000682));
#1468 = CARTESIAN_POINT('',(0.760316468749,1.316906753706,1.614583334016
    ));
#1469 = CARTESIAN_POINT('',(1.520632937499,0.877937835804,1.572916667349
    ));
#1470 = CARTESIAN_POINT('',(1.520632937499,1.9E-16,1.531250000682));
#1471 = CARTESIAN_POINT('',(1.520632937499,-0.877937835804,
    1.489583334016));
#1472 = CARTESIAN_POINT('',(0.760316468749,-1.316906753706,
    1.447916667349));
#1473 = CARTESIAN_POINT('',(3.2E-16,-1.755875671608,1.406250000682));
#1474 = CARTESIAN_POINT('',(-0.760316468749,-1.316906753706,
    1.364583334016));
#1475 = CARTESIAN_POINT('',(-1.520632937499,-0.877937835804,
    1.322916667349));
#1476 = CARTESIAN_POINT('',(-1.520632937499,0.,1.281250000682));
#1477 = CARTESIAN_POINT('',(-1.520632937499,0.877937835804,
    1.239583334016));
#1478 = CARTESIAN_POINT('',(-0.760316468749,1.316906753706,
    1.197916667349));
#1479 = CARTESIAN_POINT('',(-1.1E-16,1.755875671608,1.156250000682));
#1480 = CARTESIAN_POINT('',(0.760316468749,1.316906753706,1.114583334016
    ));
#1481 = CARTESIAN_POINT('',(1.520632937499,0.877937835804,1.072916667349
    ));
#1482 = CARTESIAN_POINT('',(1.520632937499,1.9E-16,1.031250000682));
#1483 = CARTESIAN_POINT('',(1.520632937499,-0.877937835804,
    0.989583334016));
#1484 = CARTESIAN_POINT('',(0.760316468749,-1.316906753706,
    0.947916667349));
#1485 = CARTESIAN_POINT('',(3.2E-16,-1.755875671608,0.906250000682));
#1486 = CARTESIAN_POINT('',(-0.760316468749,-1.316906753706,
    0.864583334016));
#1487 = CARTESIAN_POINT('',(-1.520632937499,-0.877937835804,
    0.822916667349));
#1488 = CARTESIAN_POINT('',(-1.520632937499,0.,0.781250000682));
#1489 = CARTESIAN_POINT('',(-1.520632937499,0.877937835804,
    0.739583334016));
#1490 = CARTESIAN_POINT('',(-0.760316468749,1.316906753706,
    0.697916667349));
#1491 = CARTESIAN_POINT('',(-1.1E-16,1.755875671608,0.656250000682));
#1492 = CARTESIAN_POINT('',(0.760316468749,1.316906753706,0.614583334016
    ));
#1493 = CARTESIAN_POINT('',(1.520632937499,0.877937835804,0.572916667349
    ));
#1494 = CARTESIAN_POINT('',(1.520632937499,1.9E-16,0.531250000682));
#1495 = CARTESIAN_POINT('',(1.520632937499,-0.877937835804,
    0.489583334016));
#1496 = CARTESIAN_POINT('',(0.760316468749,-1.316906753706,
    0.447916667349));
#1497 = CARTESIAN_POINT('',(3.2E-16,-1.755875671608,0.406250000682));
#1498 = CARTESIAN_POINT('',(-0.760316468749,-1.316906753706,
    0.364583334016));
#1499 = CARTESIAN_POINT('',(-1.520632937499,-0.877937835804,
    0.322916667349));
#1500 = CARTESIAN_POINT('',(-1.520632937499,0.,0.281250000682));
#1501 = CARTESIAN_POINT('',(-1.520632937499,0.877937835804,
    0.239583334016));
#1502 = CARTESIAN_POINT('',(-0.760316468749,1.316906753706,
    0.197916667349));
#1503 = CARTESIAN_POINT('',(-1.1E-16,1.755875671608,0.156250000682));
#1504 = CARTESIAN_POINT('',(0.760316468749,1.316906753706,0.114583334016
    ));
#1505 = CARTESIAN_POINT('',(1.520632937499,0.877937835804,
    7.2916667349E-02));
#1506 = CARTESIAN_POINT('',(1.520632937499,1.9E-16,3.1250000682E-02));
#1507 = CARTESIAN_POINT('',(1.520632937499,-0.877937835804,
    -1.0416665984E-02));
#1508 = CARTESIAN_POINT('',(0.760316468749,-1.316906753706,
    -5.2083332651E-02));
#1509 = CARTESIAN_POINT('',(3.2E-16,-1.755875671608,-9.3749999318E-02));
#1510 = CARTESIAN_POINT('',(-0.760316468749,-1.316906753706,
    -0.135416665984));
#1511 = CARTESIAN_POINT('',(-1.520632937499,-0.877937835804,
    -0.177083332651));
#1512 = CARTESIAN_POINT('',(-1.520632937499,0.,-0.218749999318));
#1513 = CARTESIAN_POINT('',(-1.520632937499,0.877937835804,
    -0.260416665984));
#1514 = CARTESIAN_POINT('',(-0.760316468749,1.316906753706,
    -0.302083332651));
#1515 = CARTESIAN_POINT('',(-1.1E-16,1.755875671608,-0.343749999318));
#1516 = CARTESIAN_POINT('',(0.760316468749,1.316906753706,
    -0.385416665984));
#1517 = CARTESIAN_POINT('',(1.520632937499,0.877937835804,
    -0.427083332651));
#1518 = CARTESIAN_POINT('',(1.520632937499,1.9E-16,-0.468749999318));
#1519 = CARTESIAN_POINT('',(1.520632937499,-0.877937835804,
    -0.510416665984));
#1520 = CARTESIAN_POINT('',(0.760316468749,-1.316906753706,
    -0.552083332651));
#1521 = CARTESIAN_POINT('',(3.2E-16,-1.755875671608,-0.593749999318));
#1522 = CARTESIAN_POINT('',(-0.760316468749,-1.316906753706,
    -0.635416665984));
#1523 = CARTESIAN_POINT('',(-1.520632937499,-0.877937835804,
    -0.677083332651));
#1524 = CARTESIAN_POINT('',(-1.520632937499,0.,-0.718749999318));
#1525 = CARTESIAN_POINT('',(-1.520632937499,0.877937835804,
    -0.760416665984));
#1526 = CARTESIAN_POINT('',(-0.760316468749,1.316906753706,
    -0.802083332651));
#1527 = CARTESIAN_POINT('',(-1.1E-16,1.755875671608,-0.843749999318));
#1528 = CARTESIAN_POINT('',(0.760316468749,1.316906753706,
    -0.885416665984));
#1529 = CARTESIAN_POINT('',(1.520632937499,0.877937835804,
    -0.927083332651));
#1530 = CARTESIAN_POINT('',(1.520632937499,1.9E-16,-0.968749999318));
#1531 = CARTESIAN_POINT('',(1.520632937499,-0.877937835804,
    -1.010416665984));
#1532 = CARTESIAN_POINT('',(0.760316468749,-1.316906753706,
    -1.052083332651));
#1533 = CARTESIAN_POINT('',(3.2E-16,-1.755875671608,-1.093749999318));
#1534 = CARTESIAN_POINT('',(-0.760316468749,-1.316906753706,
    -1.135416665984));
#1535 = CARTESIAN_POINT('',(-1.520632937499,-0.877937835804,
    -1.177083332651));
#1536 = CARTESIAN_POINT('',(-1.520632937499,0.,-1.218749999318));
#1537 = CARTESIAN_POINT('',(-1.520632937499,0.877937835804,
    -1.260416665984));
#1538 = CARTESIAN_POINT('',(-0.760316468749,1.316906753706,
    -1.302083332651));
#1539 = CARTESIAN_POINT('',(-1.1E-16,1.755875671608,-1.343749999318));
#1540 = CARTESIAN_POINT('',(0.760316468749,1.316906753706,
    -1.385416665984));
#1541 = CARTESIAN_POINT('',(1.520632937499,0.877937835804,
    -1.427083332651));
#1542 = CARTESIAN_POINT('',(1.520632937499,1.9E-16,-1.468749999318));
#1543 = CARTESIAN_POINT('',(1.520632937499,-0.877937835804,
    -1.510416665984));
#1544 = CARTESIAN_POINT('',(0.760316468749,-1.316906753706,
    -1.552083332651));
#1545 = CARTESIAN_POINT('',(3.2E-16,-1.755875671608,-1.593749999318));
#1546 = CARTESIAN_POINT('',(-0.760316468749,-1.316906753706,
    -1.635416665984));
#1547 = CARTESIAN_POINT('',(-1.520632937499,-0.877937835804,
    -1.677083332651));
#1548 = CARTESIAN_POINT('',(-1.520632937499,0.,-1.718749999318));
#1549 = CARTESIAN_POINT('',(-1.520632937499,0.877937835804,
    -1.760416665984));
#1550 = CARTESIAN_POINT('',(-0.760316468749,1.316906753706,
    -1.802083332651));
#1551 = CARTESIAN_POINT('',(-1.1E-16,1.755875671608,-1.843749999318));
#1552 = CARTESIAN_POINT('',(0.760316468749,1.316906753706,
    -1.885416665984));
#1553 = CARTESIAN_POINT('',(1.520632937499,0.877937835804,
    -1.927083332651));
#1554 = CARTESIAN_POINT('',(1.520632937499,1.9E-16,-1.968749999318));
#1555 = CARTESIAN_POINT('',(1.520632937499,-0.877937835804,
    -2.010416665984));
#1556 = CARTESIAN_POINT('',(0.760316468749,-1.316906753706,
    -2.052083332651));
#1557 = CARTESIAN_POINT('',(3.2E-16,-1.755875671608,-2.093749999318));
#1558 = CARTESIAN_POINT('',(-0.760316468749,-1.316906753706,
    -2.135416665984));
#1559 = CARTESIAN_POINT('',(-1.520632937499,-0.877937835804,
    -2.177083332651));
#1560 = CARTESIAN_POINT('',(-1.520632937499,0.,-2.218749999318));
#1561 = CARTESIAN_POINT('',(-1.520632937499,0.877937835804,
    -2.260416665984));
#1562 = CARTESIAN_POINT('',(-0.760316468749,1.316906753706,
    -2.302083332651));
#1563 = CARTESIAN_POINT('',(-1.1E-16,1.755875671608,-2.343749999318));
#1564 = CARTESIAN_POINT('',(0.760316468749,1.316906753706,
    -2.385416665984));
#1565 = CARTESIAN_POINT('',(1.520632937499,0.877937835804,
    -2.427083332651));
#1566 = CARTESIAN_POINT('',(1.520632937499,1.9E-16,-2.468749999318));
#1567 = CARTESIAN_POINT('',(1.520632937499,-0.877937835804,
    -2.510416665984));
#1568 = CARTESIAN_POINT('',(0.760316468749,-1.316906753706,
    -2.552083332651));
#1569 = CARTESIAN_POINT('',(3.2E-16,-1.755875671608,-2.593749999318));
#1570 = CARTESIAN_POINT('',(-0.760316468749,-1.316906753706,
    -2.635416665984));
#1571 = CARTESIAN_POINT('',(-1.520632937499,-0.877937835804,
    -2.677083332651));
#1572 = CARTESIAN_POINT('',(-1.520632937499,0.,-2.718749999318));
#1573 = CARTESIAN_POINT('',(-1.520632937499,0.877937835804,
    -2.760416665984));
#1574 = CARTESIAN_POINT('',(-0.760316468749,1.316906753706,
    -2.802083332651));
#1575 = CARTESIAN_POINT('',(-1.1E-16,1.755875671608,-2.843749999318));
#1576 = CARTESIAN_POINT('',(0.760316468749,1.316906753706,
    -2.885416665984));
#1577 = CARTESIAN_POINT('',(1.520632937499,0.877937835804,
    -2.927083332651));
#1578 = CARTESIAN_POINT('',(1.520632937499,1.9E-16,-2.968749999318));
#1579 = CARTESIAN_POINT('',(1.520632937499,-0.877937835804,
    -3.010416665984));
#1580 = CARTESIAN_POINT('',(0.760316468749,-1.316906753706,
    -3.052083332651));
#1581 = CARTESIAN_POINT('',(3.2E-16,-1.755875671608,-3.093749999318));
#1582 = CARTESIAN_POINT('',(-0.760316468749,-1.316906753706,
    -3.135416665984));
#1583 = CARTESIAN_POINT('',(-1.520632937499,-0.877937835804,
    -3.177083332651));
#1584 = CARTESIAN_POINT('',(-1.520632937499,0.,-3.218749999318));
#1585 = CARTESIAN_POINT('',(-1.520632937499,0.877937835804,
    -3.260416665984));
#1586 = CARTESIAN_POINT('',(-0.760316468749,1.316906753706,
    -3.302083332651));
#1587 = CARTESIAN_POINT('',(-1.1E-16,1.755875671608,-3.343749999318));
#1588 = CARTESIAN_POINT('',(0.760316468749,1.316906753706,
    -3.385416665984));
#1589 = CARTESIAN_POINT('',(1.520632937499,0.877937835804,
    -3.427083332651));
#1590 = CARTESIAN_POINT('',(1.520632937499,1.9E-16,-3.468749999318));
#1591 = CARTESIAN_POINT('',(1.520632937499,-0.877937835804,
    -3.510416665984));
#1592 = CARTESIAN_POINT('',(0.760316468749,-1.316906753706,
    -3.552083332651));
#1593 = CARTESIAN_POINT('',(3.2E-16,-1.755875671608,-3.593749999318));
#1594 = CARTESIAN_POINT('',(-0.760316468749,-1.316906753706,
    -3.635416665984));
#1595 = CARTESIAN_POINT('',(-1.520632937499,-0.877937835804,
    -3.677083332651));
#1596 = CARTESIAN_POINT('',(-1.520632937499,0.,-3.718749999318));
#1597 = CARTESIAN_POINT('',(-1.520632937499,0.877937835804,
    -3.760416665984));
#1598 = CARTESIAN_POINT('',(-0.760316468749,1.316906753706,
    -3.802083332651));
#1599 = CARTESIAN_POINT('',(-1.1E-16,1.755875671608,-3.843749999318));
#1600 = CARTESIAN_POINT('',(0.760316468749,1.316906753706,
    -3.885416665984));
#1601 = CARTESIAN_POINT('',(1.520632937499,0.877937835804,
    -3.927083332651));
#1602 = CARTESIAN_POINT('',(1.520632937499,1.9E-16,-3.968749999318));
#1603 = CARTESIAN_POINT('',(1.520632937499,-0.877937835804,
    -4.010416665984));
#1604 = CARTESIAN_POINT('',(0.760316468749,-1.316906753706,
    -4.052083332651));
#1605 = CARTESIAN_POINT('',(3.2E-16,-1.755875671608,-4.093749999318));
#1606 = CARTESIAN_POINT('',(-0.760316468749,-1.316906753706,
    -4.135416665984));
#1607 = CARTESIAN_POINT('',(-1.520632937499,-0.877937835804,
    -4.177083332651));
#1608 = CARTESIAN_POINT('',(-1.520632937499,0.,-4.218749999318));
#1609 = CARTESIAN_POINT('',(-1.520632937499,0.877937835804,
    -4.260416665984));
#1610 = CARTESIAN_POINT('',(-0.760316468749,1.316906753706,
    -4.302083332651));
#1611 = CARTESIAN_POINT('',(-1.1E-16,1.755875671608,-4.343749999318));
#1612 = CARTESIAN_POINT('',(0.760316468749,1.316906753706,
    -4.385416665984));
#1613 = CARTESIAN_POINT('',(1.520632937499,0.877937835804,
    -4.427083332651));
#1614 = CARTESIAN_POINT('',(1.520632937499,1.9E-16,-4.468749999318));
#1615 = CARTESIAN_POINT('',(1.520632937499,-0.877937835804,
    -4.510416665984));
#1616 = CARTESIAN_POINT('',(0.760316468749,-1.316906753706,
    -4.552083332651));
#1617 = CARTESIAN_POINT('',(3.2E-16,-1.755875671608,-4.593749999318));
#1618 = CARTESIAN_POINT('',(-0.760316468749,-1.316906753706,
    -4.635416665984));
#1619 = CARTESIAN_POINT('',(-1.520632937499,-0.877937835804,
    -4.677083332651));
#1620 = CARTESIAN_POINT('',(-1.520632937499,0.,-4.718749999318));
#1621 = CARTESIAN_POINT('',(-1.520632937499,0.877937835804,
    -4.760416665984));
#1622 = CARTESIAN_POINT('',(-0.760316468749,1.316906753706,
    -4.802083332651));
#1623 = CARTESIAN_POINT('',(-1.1E-16,1.755875671608,-4.843749999318));
#1624 = CARTESIAN_POINT('',(0.760316468749,1.316906753706,
    -4.885416665984));
#1625 = CARTESIAN_POINT('',(1.520632937499,0.877937835804,
    -4.927083332651));
#1626 = CARTESIAN_POINT('',(1.520632937499,1.9E-16,-4.968749999318));
#1627 = CARTESIAN_POINT('',(1.520632937499,-0.877937835804,
    -5.010416665983));
#1628 = CARTESIAN_POINT('',(0.760316468749,-1.316906753706,
    -5.05208333265));
#1629 = CARTESIAN_POINT('',(3.2E-16,-1.755875671608,-5.093749999317));
#1630 = CARTESIAN_POINT('',(-0.760316468749,-1.316906753706,
    -5.135416665983));
#1631 = CARTESIAN_POINT('',(-1.520632937499,-0.877937835804,
    -5.17708333265));
#1632 = CARTESIAN_POINT('',(-1.520632937499,0.,-5.218749999317));
#1633 = CARTESIAN_POINT('',(-1.520632937499,0.877937835804,
    -5.260416665983));
#1634 = CARTESIAN_POINT('',(-0.760316468749,1.316906753706,
    -5.30208333265));
#1635 = CARTESIAN_POINT('',(-1.1E-16,1.755875671608,-5.343749999317));
#1636 = CARTESIAN_POINT('',(0.760316468749,1.316906753706,
    -5.385416665983));
#1637 = CARTESIAN_POINT('',(1.520632937499,0.877937835804,-5.42708333265
    ));
#1638 = CARTESIAN_POINT('',(1.520632937499,1.9E-16,-5.468749999317));
#1639 = CARTESIAN_POINT('',(1.520632937499,-0.877937835804,
    -5.510416665983));
#1640 = CARTESIAN_POINT('',(0.760316468749,-1.316906753706,
    -5.55208333265));
#1641 = CARTESIAN_POINT('',(3.2E-16,-1.755875671608,-5.593749999317));
#1642 = CARTESIAN_POINT('',(-0.760316468749,-1.316906753706,
    -5.635416665983));
#1643 = CARTESIAN_POINT('',(-1.520632937499,-0.877937835804,
    -5.67708333265));
#1644 = CARTESIAN_POINT('',(-1.520632937499,0.,-5.718749999317));
#1645 = CARTESIAN_POINT('',(-1.520632937499,0.877937835804,
    -5.760416665983));
#1646 = CARTESIAN_POINT('',(-0.760316468749,1.316906753706,
    -5.80208333265));
#1647 = CARTESIAN_POINT('',(-1.1E-16,1.755875671608,-5.843749999317));
#1648 = CARTESIAN_POINT('',(0.760316468749,1.316906753706,
    -5.885416665983));
#1649 = CARTESIAN_POINT('',(1.520632937499,0.877937835804,-5.92708333265
    ));
#1650 = CARTESIAN_POINT('',(1.520632937499,1.9E-16,-5.968749999317));
#1651 = CARTESIAN_POINT('',(1.520632937499,-0.877937835804,
    -6.010416665983));
#1652 = CARTESIAN_POINT('',(0.760316468749,-1.316906753706,
    -6.05208333265));
#1653 = CARTESIAN_POINT('',(3.2E-16,-1.755875671608,-6.093749999317));
#1654 = CARTESIAN_POINT('',(-0.760316468749,-1.316906753706,
    -6.135416665983));
#1655 = CARTESIAN_POINT('',(-1.520632937499,-0.877937835804,
    -6.17708333265));
#1656 = CARTESIAN_POINT('',(-1.520632937499,0.,-6.218749999317));
#1657 = CARTESIAN_POINT('',(-1.520632937499,0.857795164864,
    -6.259460700855));
#1658 = CARTESIAN_POINT('',(-0.786479082966,1.301451183358,-6.3006329375
    ));
#1659 = ORIENTED_EDGE('',*,*,#1660,.T.);
#1660 = EDGE_CURVE('',#1389,#195,#1661,.T.);
#1661 = B_SPLINE_CURVE_WITH_KNOTS('',8,(#1662,#1663,#1664,#1665,#1666,
    #1667,#1668,#1669,#1670,#1671,#1672,#1673,#1674,#1675,#1676,#1677,
    #1678,#1679,#1680,#1681,#1682,#1683,#1684,#1685,#1686,#1687,#1688,
    #1689,#1690,#1691,#1692,#1693,#1694,#1695,#1696,#1697,#1698),
  .UNSPECIFIED.,.F.,.F.,(9,7,7,7,7,9),(0.,0.16248167423,0.487966303232,
    0.826020905849,0.848198014582,1.),.UNSPECIFIED.);
#1662 = CARTESIAN_POINT('',(1.401617467539,-0.589739777611,4.));
#1663 = CARTESIAN_POINT('',(1.392339113053,-0.611791374282,4.));
#1664 = CARTESIAN_POINT('',(1.382673325877,-0.633654596381,4.));
#1665 = CARTESIAN_POINT('',(1.37262341702,-0.655325357282,4.));
#1666 = CARTESIAN_POINT('',(1.362192535984,-0.67679951994,4.));
#1667 = CARTESIAN_POINT('',(1.351383670756,-0.698072896892,4.));
#1668 = CARTESIAN_POINT('',(1.340199647816,-0.719141250251,4.));
#1669 = CARTESIAN_POINT('',(1.32864313213,-0.740000291712,4.));
#1670 = CARTESIAN_POINT('',(1.292825354088,-0.802002699637,4.));
#1671 = CARTESIAN_POINT('',(1.267449934632,-0.842501465109,4.));
#1672 = CARTESIAN_POINT('',(1.24060994949,-0.882107979049,4.));
#1673 = CARTESIAN_POINT('',(1.21232331497,-0.920785858315,4.));
#1674 = CARTESIAN_POINT('',(1.182606282986,-0.95849633653,4.));
#1675 = CARTESIAN_POINT('',(1.151473441055,-0.995198264091,4.));
#1676 = CARTESIAN_POINT('',(1.118937712299,-1.030848108164,4.));
#1677 = CARTESIAN_POINT('',(1.049772749374,-1.101286163674,4.));
#1678 = CARTESIAN_POINT('',(1.013035902183,-1.135985981621,4.));
#1679 = CARTESIAN_POINT('',(0.974811633735,-1.16944833955,4.));
#1680 = CARTESIAN_POINT('',(0.935112384045,-1.201616704088,4.));
#1681 = CARTESIAN_POINT('',(0.893951213273,-1.232429075463,4.));
#1682 = CARTESIAN_POINT('',(0.851341801733,-1.261817987503,4.));
#1683 = CARTESIAN_POINT('',(0.807298449886,-1.289710507641,4.));
#1684 = CARTESIAN_POINT('',(0.758853649028,-1.317754736531,4.));
#1685 = CARTESIAN_POINT('',(0.755863801501,-1.319475213227,4.));
#1686 = CARTESIAN_POINT('',(0.752878862965,-1.321182531057,4.));
#1687 = CARTESIAN_POINT('',(0.749881948303,-1.322886518497,4.));
#1688 = CARTESIAN_POINT('',(0.746889861555,-1.324577427934,4.));
#1689 = CARTESIAN_POINT('',(0.743890785536,-1.326262150798,4.));
#1690 = CARTESIAN_POINT('',(0.740890419496,-1.327937391105,4.));
#1691 = CARTESIAN_POINT('',(0.717329598249,-1.341012881988,4.));
#1692 = CARTESIAN_POINT('',(0.696645142833,-1.352016949077,4.));
#1693 = CARTESIAN_POINT('',(0.675840572601,-1.362618582401,4.));
#1694 = CARTESIAN_POINT('',(0.654922457738,-1.372819971143,4.));
#1695 = CARTESIAN_POINT('',(0.633897122241,-1.382623235983,4.));
#1696 = CARTESIAN_POINT('',(0.612770643919,-1.392030429099,4.));
#1697 = CARTESIAN_POINT('',(0.591548854398,-1.401043534165,4.));
#1698 = CARTESIAN_POINT('',(0.570237339112,-1.40966446635,4.));
#1699 = ( BOUNDED_SURFACE() B_SPLINE_SURFACE(1,2,(
    (#1700,#1701,#1702,#1703,#1704,#1705,#1706,#1707,#1708,#1709,#1710
      ,#1711,#1712,#1713,#1714,#1715,#1716,#1717,#1718,#1719,#1720,#1721
      ,#1722,#1723,#1724,#1725,#1726,#1727,#1728,#1729,#1730,#1731,#1732
      ,#1733,#1734,#1735,#1736,#1737,#1738,#1739,#1740,#1741,#1742,#1743
      ,#1744,#1745,#1746,#1747,#1748,#1749,#1750,#1751,#1752,#1753,#1754
      ,#1755,#1756,#1757,#1758,#1759,#1760,#1761,#1762,#1763,#1764,#1765
      ,#1766,#1767,#1768,#1769,#1770,#1771,#1772,#1773,#1774,#1775,#1776
      ,#1777,#1778,#1779,#1780,#1781,#1782,#1783,#1784,#1785,#1786,#1787
      ,#1788,#1789,#1790,#1791,#1792,#1793,#1794,#1795,#1796,#1797,#1798
      ,#1799,#1800,#1801,#1802,#1803,#1804,#1805,#1806,#1807,#1808,#1809
      ,#1810,#1811,#1812,#1813,#1814,#1815,#1816,#1817,#1818,#1819,#1820
      ,#1821,#1822,#1823,#1824,#1825,#1826,#1827,#1828,#1829,#1830,#1831
      ,#1832,#1833,#1834,#1835,#1836,#1837,#1838,#1839,#1840,#1841,#1842
      ,#1843,#1844,#1845,#1846,#1847,#1848,#1849,#1850,#1851,#1852,#1853
      ,#1854,#1855,#1856,#1857,#1858,#1859,#1860,#1861,#1862,#1863,#1864
      ,#1865,#1866,#1867,#1868,#1869,#1870,#1871,#1872,#1873,#1874,#1875
      ,#1876,#1877,#1878,#1879,#1880,#1881,#1882,#1883,#1884,#1885,#1886
      ,#1887,#1888,#1889,#1890,#1891,#1892,#1893,#1894,#1895,#1896,#1897
      ,#1898,#1899,#1900,#1901,#1902,#1903,#1904,#1905,#1906,#1907,#1908
      ,#1909,#1910,#1911,#1912,#1913,#1914,#1915,#1916,#1917,#1918,#1919
      ,#1920,#1921,#1922,#1923,#1924,#1925,#1926,#1927,#1928,#1929,#1930
      ,#1931,#1932,#1933,#1934,#1935,#1936,#1937,#1938,#1939,#1940,#1941
      ,#1942,#1943,#1944,#1945,#1946,#1947,#1948,#1949,#1950,#1951,#1952
      ,#1953,#1954,#1955,#1956,#1957,#1958,#1959,#1960,#1961,#1962,#1963
      ,#1964,#1965,#1966,#1967,#1968,#1969,#1970,#1971,#1972,#1973,#1974
      ,#1975,#1976,#1977,#1978,#1979,#1980,#1981,#1982,#1983,#1984,#1985
      ,#1986,#1987,#1988,#1989,#1990,#1991,#1992,#1993,#1994,#1995,#1996
      ,#1997,#1998,#1999,#2000,#2001,#2002,#2003,#2004,#2005,#2006,#2007
      ,#2008,#2009,#2010,#2011,#2012,#2013,#2014,#2015,#2016,#2017,#2018
      ,#2019,#2020,#2021,#2022,#2023,#2024,#2025,#2026,#2027,#2028,#2029
      ,#2030,#2031,#2032,#2033,#2034,#2035,#2036,#2037,#2038,#2039,#2040
      ,#2041,#2042,#2043,#2044,#2045,#2046,#2047,#2048,#2049,#2050,#2051
      ,#2052,#2053,#2054,#2055,#2056,#2057,#2058,#2059,#2060)
    ,(#2061,#2062,#2063,#2064,#2065,#2066,#2067,#2068,#2069,#2070,#2071
      ,#2072,#2073,#2074,#2075,#2076,#2077,#2078,#2079,#2080,#2081,#2082
      ,#2083,#2084,#2085,#2086,#2087,#2088,#2089,#2090,#2091,#2092,#2093
      ,#2094,#2095,#2096,#2097,#2098,#2099,#2100,#2101,#2102,#2103,#2104
      ,#2105,#2106,#2107,#2108,#2109,#2110,#2111,#2112,#2113,#2114,#2115
      ,#2116,#2117,#2118,#2119,#2120,#2121,#2122,#2123,#2124,#2125,#2126
      ,#2127,#2128,#2129,#2130,#2131,#2132,#2133,#2134,#2135,#2136,#2137
      ,#2138,#2139,#2140,#2141,#2142,#2143,#2144,#2145,#2146,#2147,#2148
      ,#2149,#2150,#2151,#2152,#2153,#2154,#2155,#2156,#2157,#2158,#2159
      ,#2160,#2161,#2162,#2163,#2164,#2165,#2166,#2167,#2168,#2169,#2170
      ,#2171,#2172,#2173,#2174,#2175,#2176,#2177,#2178,#2179,#2180,#2181
      ,#2182,#2183,#2184,#2185,#2186,#2187,#2188,#2189,#2190,#2191,#2192
      ,#2193,#2194,#2195,#2196,#2197,#2198,#2199,#2200,#2201,#2202,#2203
      ,#2204,#2205,#2206,#2207,#2208,#2209,#2210,#2211,#2212,#2213,#2214
      ,#2215,#2216,#2217,#2218,#2219,#2220,#2221,#2222,#2223,#2224,#2225
      ,#2226,#2227,#2228,#2229,#2230,#2231,#2232,#2233,#2234,#2235,#2236
      ,#2237,#2238,#2239,#2240,#2241,#2242,#2243,#2244,#2245,#2246,#2247
      ,#2248,#2249,#2250,#2251,#2252,#2253,#2254,#2255,#2256,#2257,#2258
      ,#2259,#2260,#2261,#2262,#2263,#2264,#2265,#2266,#2267,#2268,#2269
      ,#2270,#2271,#2272,#2273,#2274,#2275,#2276,#2277,#2278,#2279,#2280
      ,#2281,#2282,#2283,#2284,#2285,#2286,#2287,#2288,#2289,#2290,#2291
      ,#2292,#2293,#2294,#2295,#2296,#2297,#2298,#2299,#2300,#2301,#2302
      ,#2303,#2304,#2305,#2306,#2307,#2308,#2309,#2310,#2311,#2312,#2313
      ,#2314,#2315,#2316,#2317,#2318,#2319,#2320,#2321,#2322,#2323,#2324
      ,#2325,#2326,#2327,#2328,#2329,#2330,#2331,#2332,#2333,#2334,#2335
      ,#2336,#2337,#2338,#2339,#2340,#2341,#2342,#2343,#2344,#2345,#2346
      ,#2347,#2348,#2349,#2350,#2351,#2352,#2353,#2354,#2355,#2356,#2357
      ,#2358,#2359,#2360,#2361,#2362,#2363,#2364,#2365,#2366,#2367,#2368
      ,#2369,#2370,#2371,#2372,#2373,#2374,#2375,#2376,#2377,#2378,#2379
      ,#2380,#2381,#2382,#2383,#2384,#2385,#2386,#2387,#2388,#2389,#2390
      ,#2391,#2392,#2393,#2394,#2395,#2396,#2397,#2398,#2399,#2400,#2401
      ,#2402,#2403,#2404,#2405,#2406,#2407,#2408,#2409,#2410,#2411,#2412
      ,#2413,#2414,#2415,#2416,#2417,#2418,#2419,#2420,#2421
)),.UNSPECIFIED.,.F.,.F.,.F.) B_SPLINE_SURFACE_WITH_KNOTS((2,2),(3,2,2,2
    ,2,2,2,2,2,2,2,2,2,2,2,2,2,2,2,2,2,2,2,2,2,2,2,2,2,2,2,2,2,2,2,2,2,2
    ,2,2,2,2,2,2,2,2,2,2,2,2,2,2,2,2,2,2,2,2,2,2,2,2,2,2,2,2,2,2,2,2,2,2
    ,2,2,2,2,2,2,2,2,2,2,2,2,2,2,2,2,2,2,2,2,2,2,2,2,2,2,2,2,2,2,2,2,2,2
    ,2,2,2,2,2,2,2,2,2,2,2,2,2,2,2,2,2,2,2,2,2,2,2,2,2,2,2,2,2,2,2,2,2,2
    ,2,2,2,2,2,2,2,2,2,2,2,2,2,2,2,2,2,2,2,2,2,2,2,2,2,2,2,2,2,2,2,2,2,2
    ,2,2,2,2,2,2,3),(0.,1.),(0.,5.555555555E-03,1.1111111111E-02,
    1.6666666666E-02,2.2222222222E-02,2.7777777777E-02,3.3333333333E-02,
    3.8888888888E-02,4.4444444444E-02,5.E-02,5.5555555555E-02,
    6.1111111111E-02,6.6666666666E-02,7.2222222222E-02,7.7777777777E-02,
    8.3333333333E-02,8.8888888888E-02,9.4444444444E-02,0.1,
    0.105555555555,0.111111111111,0.116666666666,0.122222222222,
    0.127777777777,0.133333333333,0.138888888888,0.144444444444,
    0.149999999999,0.155555555555,0.161111111111,0.166666666666,
    0.172222222222,0.177777777777,0.183333333333,0.188888888888,
    0.194444444444,0.2,0.205555555555,0.211111111111,0.216666666666,
    0.222222222222,0.227777777777,0.233333333333,0.238888888888,
    0.244444444444,0.25,0.255555555555,0.261111111111,0.266666666666,
    0.272222222222,0.277777777777,0.283333333333,0.288888888888,
    0.294444444444,0.299999999999,0.305555555555,0.311111111111,
    0.316666666666,0.322222222222,0.327777777777,0.333333333333,
    0.338888888888,0.344444444444,0.349999999999,0.355555555555,
    0.361111111111,0.366666666666,0.372222222222,0.377777777777,
    0.383333333333,0.388888888888,0.394444444444,0.4,0.405555555555,
    0.411111111111,0.416666666666,0.422222222222,0.427777777777,
    0.433333333333,0.438888888888,0.444444444444,0.45,0.455555555555,
    0.461111111111,0.466666666666,0.472222222222,0.477777777777,
    0.483333333333,0.488888888888,0.494444444444,0.5,0.505555555555,
    0.511111111111,0.516666666666,0.522222222222,0.527777777777,
    0.533333333333,0.538888888888,0.544444444444,0.55,0.555555555555,
    0.561111111111,0.566666666666,0.572222222222,0.577777777777,
    0.583333333333,0.588888888888,0.594444444444,0.599999999999,
    0.605555555555,0.611111111111,0.616666666666,0.622222222222,
    0.627777777777,0.633333333333,0.638888888888,0.644444444444,0.65,
    0.655555555555,0.661111111111,0.666666666666,0.672222222222,
    0.677777777777,0.683333333333,0.688888888888,0.694444444444,
    0.699999999999,0.705555555555,0.711111111111,0.716666666666,
    0.722222222222,0.727777777777,0.733333333333,0.738888888888,
    0.744444444444,0.75,0.755555555555,0.761111111111,0.766666666666,
    0.772222222222,0.777777777777,0.783333333333,0.788888888888,
    0.794444444444,0.8,0.805555555555,0.811111111111,0.816666666666,
    0.822222222222,0.827777777777,0.833333333333,0.838888888888,
    0.844444444444,0.849999999999,0.855555555555,0.861111111111,
    0.866666666666,0.872222222222,0.877777777777,0.883333333333,
    0.888888888888,0.894444444444,0.9,0.905555555555,0.911111111111,
    0.916666666666,0.922222222222,0.927777777777,0.933333333333,
    0.938888888888,0.944444444444,0.949999999999,0.955555555555,
    0.961111111111,0.966666666666,0.972222222222,0.977777777777,
    0.983333333333,0.988888888888,0.994444444444,1.),.UNSPECIFIED.) 
GEOMETRIC_REPRESENTATION_ITEM() RATIONAL_B_SPLINE_SURFACE((
    (1.,0.866025403784,1.,0.866025403784,1.,0.866025403784,1.
      ,0.866025403784,1.,0.866025403784,1.,0.866025403784,1.
      ,0.866025403784,1.,0.866025403784,1.,0.866025403784,1.
      ,0.866025403784,1.,0.866025403784,1.,0.866025403784,1.
      ,0.866025403784,1.,0.866025403784,1.,0.866025403784,1.
      ,0.866025403784,1.,0.866025403784,1.,0.866025403784,1.
      ,0.866025403784,1.,0.866025403784,1.,0.866025403784,1.
      ,0.866025403784,1.,0.866025403784,1.,0.866025403784,1.
      ,0.866025403784,1.,0.866025403784,1.,0.866025403784,1.
      ,0.866025403784,1.,0.866025403784,1.,0.866025403784,1.
      ,0.866025403784,1.,0.866025403784,1.,0.866025403784,1.
      ,0.866025403784,1.,0.866025403784,1.,0.866025403784,1.
      ,0.866025403784,1.,0.866025403784,1.,0.866025403784,1.
      ,0.866025403784,1.,0.866025403784,1.,0.866025403784,1.
      ,0.866025403784,1.,0.866025403784,1.,0.866025403784,1.
      ,0.866025403784,1.,0.866025403784,1.,0.866025403784,1.
      ,0.866025403784,1.,0.866025403784,1.,0.866025403784,1.
      ,0.866025403784,1.,0.866025403784,1.,0.866025403784,1.
      ,0.866025403784,1.,0.866025403784,1.,0.866025403784,1.
      ,0.866025403784,1.,0.866025403784,1.,0.866025403784,1.
      ,0.866025403784,1.,0.866025403784,1.,0.866025403784,1.
      ,0.866025403784,1.,0.866025403784,1.,0.866025403784,1.
      ,0.866025403784,1.,0.866025403784,1.,0.866025403784,1.
      ,0.866025403784,1.,0.866025403784,1.,0.866025403784,1.
      ,0.866025403784,1.,0.866025403784,1.,0.866025403784,1.
      ,0.866025403784,1.,0.866025403784,1.,0.866025403784,1.
      ,0.866025403784,1.,0.866025403784,1.,0.866025403784,1.
      ,0.866025403784,1.,0.866025403784,1.,0.866025403784,1.
      ,0.866025403784,1.,0.866025403784,1.,0.866025403784,1.
      ,0.866025403784,1.,0.866025403784,1.,0.866025403784,1.
      ,0.866025403784,1.,0.866025403784,1.,0.866025403784,1.
      ,0.866025403784,1.,0.866025403784,1.,0.866025403784,1.
      ,0.866025403784,1.,0.866025403784,1.,0.866025403784,1.
      ,0.866025403784,1.,0.866025403784,1.,0.866025403784,1.
      ,0.866025403784,1.,0.866025403784,1.,0.866025403784,1.
      ,0.866025403784,1.,0.866025403784,1.,0.866025403784,1.
      ,0.866025403784,1.,0.866025403784,1.,0.866025403784,1.
      ,0.866025403784,1.,0.866025403784,1.,0.866025403784,1.
      ,0.866025403784,1.,0.866025403784,1.,0.866025403784,1.
      ,0.866025403784,1.,0.866025403784,1.,0.866025403784,1.
      ,0.866025403784,1.,0.866025403784,1.,0.866025403784,1.
      ,0.866025403784,1.,0.866025403784,1.,0.866025403784,1.
      ,0.866025403784,1.,0.866025403784,1.,0.866025403784,1.
      ,0.866025403784,1.,0.866025403784,1.,0.866025403784,1.
      ,0.866025403784,1.,0.866025403784,1.,0.866025403784,1.
      ,0.866025403784,1.,0.866025403784,1.,0.866025403784,1.
      ,0.866025403784,1.,0.866025403784,1.,0.866025403784,1.
      ,0.866025403784,1.,0.866025403784,1.,0.866025403784,1.
      ,0.866025403784,1.,0.866025403784,1.,0.866025403784,1.
      ,0.866025403784,1.,0.866025403784,1.,0.866025403784,1.
      ,0.866025403784,1.,0.866025403784,1.,0.866025403784,1.
      ,0.866025403784,1.,0.866025403784,1.,0.866025403784,1.
      ,0.866025403784,1.,0.866025403784,1.,0.866025403784,1.
      ,0.866025403784,1.,0.866025403784,1.,0.866025403784,1.
      ,0.866025403784,1.,0.866025403784,1.,0.866025403784,1.
      ,0.866025403784,1.,0.866025403784,1.,0.866025403784,1.
      ,0.866025403784,1.,0.866025403784,1.,0.866025403784,1.
      ,0.866025403784,1.,0.866025403784,1.,0.866025403784,1.
      ,0.866025403784,1.,0.866025403784,1.,0.866025403784,1.
      ,0.866025403784,1.,0.866025403784,1.,0.866025403784,1.)
    ,(1.,0.866025403784,1.,0.866025403784,1.,0.866025403784,1.
      ,0.866025403784,1.,0.866025403784,1.,0.866025403784,1.
      ,0.866025403784,1.,0.866025403784,1.,0.866025403784,1.
      ,0.866025403784,1.,0.866025403784,1.,0.866025403784,1.
      ,0.866025403784,1.,0.866025403784,1.,0.866025403784,1.
      ,0.866025403784,1.,0.866025403784,1.,0.866025403784,1.
      ,0.866025403784,1.,0.866025403784,1.,0.866025403784,1.
      ,0.866025403784,1.,0.866025403784,1.,0.866025403784,1.
      ,0.866025403784,1.,0.866025403784,1.,0.866025403784,1.
      ,0.866025403784,1.,0.866025403784,1.,0.866025403784,1.
      ,0.866025403784,1.,0.866025403784,1.,0.866025403784,1.
      ,0.866025403784,1.,0.866025403784,1.,0.866025403784,1.
      ,0.866025403784,1.,0.866025403784,1.,0.866025403784,1.
      ,0.866025403784,1.,0.866025403784,1.,0.866025403784,1.
      ,0.866025403784,1.,0.866025403784,1.,0.866025403784,1.
      ,0.866025403784,1.,0.866025403784,1.,0.866025403784,1.
      ,0.866025403784,1.,0.866025403784,1.,0.866025403784,1.
      ,0.866025403784,1.,0.866025403784,1.,0.866025403784,1.
      ,0.866025403784,1.,0.866025403784,1.,0.866025403784,1.
      ,0.866025403784,1.,0.866025403784,1.,0.866025403784,1.
      ,0.866025403784,1.,0.866025403784,1.,0.866025403784,1.
      ,0.866025403784,1.,0.866025403784,1.,0.866025403784,1.
      ,0.866025403784,1.,0.866025403784,1.,0.866025403784,1.
      ,0.866025403784,1.,0.866025403784,1.,0.866025403784,1.
      ,0.866025403784,1.,0.866025403784,1.,0.866025403784,1.
      ,0.866025403784,1.,0.866025403784,1.,0.866025403784,1.
      ,0.866025403784,1.,0.866025403784,1.,0.866025403784,1.
      ,0.866025403784,1.,0.866025403784,1.,0.866025403784,1.
      ,0.866025403784,1.,0.866025403784,1.,0.866025403784,1.
      ,0.866025403784,1.,0.866025403784,1.,0.866025403784,1.
      ,0.866025403784,1.,0.866025403784,1.,0.866025403784,1.
      ,0.866025403784,1.,0.866025403784,1.,0.866025403784,1.
      ,0.866025403784,1.,0.866025403784,1.,0.866025403784,1.
      ,0.866025403784,1.,0.866025403784,1.,0.866025403784,1.
      ,0.866025403784,1.,0.866025403784,1.,0.866025403784,1.
      ,0.866025403784,1.,0.866025403784,1.,0.866025403784,1.
      ,0.866025403784,1.,0.866025403784,1.,0.866025403784,1.
      ,0.866025403784,1.,0.866025403784,1.,0.866025403784,1.
      ,0.866025403784,1.,0.866025403784,1.,0.866025403784,1.
      ,0.866025403784,1.,0.866025403784,1.,0.866025403784,1.
      ,0.866025403784,1.,0.866025403784,1.,0.866025403784,1.
      ,0.866025403784,1.,0.866025403784,1.,0.866025403784,1.
      ,0.866025403784,1.,0.866025403784,1.,0.866025403784,1.
      ,0.866025403784,1.,0.866025403784,1.,0.866025403784,1.
      ,0.866025403784,1.,0.866025403784,1.,0.866025403784,1.
      ,0.866025403784,1.,0.866025403784,1.,0.866025403784,1.
      ,0.866025403784,1.,0.866025403784,1.,0.866025403784,1.
      ,0.866025403784,1.,0.866025403784,1.,0.866025403784,1.
      ,0.866025403784,1.,0.866025403784,1.,0.866025403784,1.
      ,0.866025403784,1.,0.866025403784,1.,0.866025403784,1.
      ,0.866025403784,1.,0.866025403784,1.,0.866025403784,1.
      ,0.866025403784,1.,0.866025403784,1.,0.866025403784,1.
      ,0.866025403784,1.,0.866025403784,1.,0.866025403784,1.
      ,0.866025403784,1.,0.866025403784,1.,0.866025403784,1.
      ,0.866025403784,1.,0.866025403784,1.,0.866025403784,1.
      ,0.866025403784,1.,0.866025403784,1.,0.866025403784,1.
      ,0.866025403784,1.,0.866025403784,1.,0.866025403784,1.
      ,0.866025403784,1.,0.866025403784,1.,0.866025403784,1.
      ,0.866025403784,1.,0.866025403784,1.,0.866025403784,1.
      ,0.866025403784,1.,0.866025403784,1.,0.866025403784,1.
))) REPRESENTATION_ITEM('') SURFACE() );
#1700 = CARTESIAN_POINT('',(-1.520632937499,0.,5.343750000682));
#1701 = CARTESIAN_POINT('',(-1.520632937499,0.877937835804,
    5.302083334016));
#1702 = CARTESIAN_POINT('',(-0.760316468749,1.316906753706,
    5.260416667349));
#1703 = CARTESIAN_POINT('',(-1.1E-16,1.755875671608,5.218750000682));
#1704 = CARTESIAN_POINT('',(0.760316468749,1.316906753706,5.177083334016
    ));
#1705 = CARTESIAN_POINT('',(1.520632937499,0.877937835804,5.135416667349
    ));
#1706 = CARTESIAN_POINT('',(1.520632937499,1.9E-16,5.093750000682));
#1707 = CARTESIAN_POINT('',(1.520632937499,-0.877937835804,
    5.052083334016));
#1708 = CARTESIAN_POINT('',(0.760316468749,-1.316906753706,
    5.010416667349));
#1709 = CARTESIAN_POINT('',(3.2E-16,-1.755875671608,4.968750000682));
#1710 = CARTESIAN_POINT('',(-0.760316468749,-1.316906753706,
    4.927083334016));
#1711 = CARTESIAN_POINT('',(-1.520632937499,-0.877937835804,
    4.885416667349));
#1712 = CARTESIAN_POINT('',(-1.520632937499,0.,4.843750000682));
#1713 = CARTESIAN_POINT('',(-1.520632937499,0.877937835804,
    4.802083334016));
#1714 = CARTESIAN_POINT('',(-0.760316468749,1.316906753706,
    4.760416667349));
#1715 = CARTESIAN_POINT('',(-1.1E-16,1.755875671608,4.718750000682));
#1716 = CARTESIAN_POINT('',(0.760316468749,1.316906753706,4.677083334016
    ));
#1717 = CARTESIAN_POINT('',(1.520632937499,0.877937835804,4.635416667349
    ));
#1718 = CARTESIAN_POINT('',(1.520632937499,1.9E-16,4.593750000682));
#1719 = CARTESIAN_POINT('',(1.520632937499,-0.877937835804,
    4.552083334016));
#1720 = CARTESIAN_POINT('',(0.760316468749,-1.316906753706,
    4.510416667349));
#1721 = CARTESIAN_POINT('',(3.2E-16,-1.755875671608,4.468750000682));
#1722 = CARTESIAN_POINT('',(-0.760316468749,-1.316906753706,
    4.427083334016));
#1723 = CARTESIAN_POINT('',(-1.520632937499,-0.877937835804,
    4.385416667349));
#1724 = CARTESIAN_POINT('',(-1.520632937499,0.,4.343750000682));
#1725 = CARTESIAN_POINT('',(-1.520632937499,0.877937835804,
    4.302083334016));
#1726 = CARTESIAN_POINT('',(-0.760316468749,1.316906753706,
    4.260416667349));
#1727 = CARTESIAN_POINT('',(-1.1E-16,1.755875671608,4.218750000682));
#1728 = CARTESIAN_POINT('',(0.760316468749,1.316906753706,4.177083334016
    ));
#1729 = CARTESIAN_POINT('',(1.520632937499,0.877937835804,4.135416667349
    ));
#1730 = CARTESIAN_POINT('',(1.520632937499,1.9E-16,4.093750000682));
#1731 = CARTESIAN_POINT('',(1.520632937499,-0.877937835804,
    4.052083334016));
#1732 = CARTESIAN_POINT('',(0.760316468749,-1.316906753706,
    4.010416667349));
#1733 = CARTESIAN_POINT('',(3.2E-16,-1.755875671608,3.968750000682));
#1734 = CARTESIAN_POINT('',(-0.760316468749,-1.316906753706,
    3.927083334016));
#1735 = CARTESIAN_POINT('',(-1.520632937499,-0.877937835804,
    3.885416667349));
#1736 = CARTESIAN_POINT('',(-1.520632937499,0.,3.843750000682));
#1737 = CARTESIAN_POINT('',(-1.520632937499,0.877937835804,
    3.802083334016));
#1738 = CARTESIAN_POINT('',(-0.760316468749,1.316906753706,
    3.760416667349));
#1739 = CARTESIAN_POINT('',(-1.1E-16,1.755875671608,3.718750000682));
#1740 = CARTESIAN_POINT('',(0.760316468749,1.316906753706,3.677083334016
    ));
#1741 = CARTESIAN_POINT('',(1.520632937499,0.877937835804,3.635416667349
    ));
#1742 = CARTESIAN_POINT('',(1.520632937499,1.9E-16,3.593750000682));
#1743 = CARTESIAN_POINT('',(1.520632937499,-0.877937835804,
    3.552083334016));
#1744 = CARTESIAN_POINT('',(0.760316468749,-1.316906753706,
    3.510416667349));
#1745 = CARTESIAN_POINT('',(3.2E-16,-1.755875671608,3.468750000682));
#1746 = CARTESIAN_POINT('',(-0.760316468749,-1.316906753706,
    3.427083334016));
#1747 = CARTESIAN_POINT('',(-1.520632937499,-0.877937835804,
    3.385416667349));
#1748 = CARTESIAN_POINT('',(-1.520632937499,0.,3.343750000682));
#1749 = CARTESIAN_POINT('',(-1.520632937499,0.877937835804,
    3.302083334016));
#1750 = CARTESIAN_POINT('',(-0.760316468749,1.316906753706,
    3.260416667349));
#1751 = CARTESIAN_POINT('',(-1.1E-16,1.755875671608,3.218750000682));
#1752 = CARTESIAN_POINT('',(0.760316468749,1.316906753706,3.177083334016
    ));
#1753 = CARTESIAN_POINT('',(1.520632937499,0.877937835804,3.135416667349
    ));
#1754 = CARTESIAN_POINT('',(1.520632937499,1.9E-16,3.093750000682));
#1755 = CARTESIAN_POINT('',(1.520632937499,-0.877937835804,
    3.052083334016));
#1756 = CARTESIAN_POINT('',(0.760316468749,-1.316906753706,
    3.010416667349));
#1757 = CARTESIAN_POINT('',(3.2E-16,-1.755875671608,2.968750000682));
#1758 = CARTESIAN_POINT('',(-0.760316468749,-1.316906753706,
    2.927083334016));
#1759 = CARTESIAN_POINT('',(-1.520632937499,-0.877937835804,
    2.885416667349));
#1760 = CARTESIAN_POINT('',(-1.520632937499,0.,2.843750000682));
#1761 = CARTESIAN_POINT('',(-1.520632937499,0.877937835804,
    2.802083334016));
#1762 = CARTESIAN_POINT('',(-0.760316468749,1.316906753706,
    2.760416667349));
#1763 = CARTESIAN_POINT('',(-1.1E-16,1.755875671608,2.718750000682));
#1764 = CARTESIAN_POINT('',(0.760316468749,1.316906753706,2.677083334016
    ));
#1765 = CARTESIAN_POINT('',(1.520632937499,0.877937835804,2.635416667349
    ));
#1766 = CARTESIAN_POINT('',(1.520632937499,1.9E-16,2.593750000682));
#1767 = CARTESIAN_POINT('',(1.520632937499,-0.877937835804,
    2.552083334016));
#1768 = CARTESIAN_POINT('',(0.760316468749,-1.316906753706,
    2.510416667349));
#1769 = CARTESIAN_POINT('',(3.2E-16,-1.755875671608,2.468750000682));
#1770 = CARTESIAN_POINT('',(-0.760316468749,-1.316906753706,
    2.427083334016));
#1771 = CARTESIAN_POINT('',(-1.520632937499,-0.877937835804,
    2.385416667349));
#1772 = CARTESIAN_POINT('',(-1.520632937499,0.,2.343750000682));
#1773 = CARTESIAN_POINT('',(-1.520632937499,0.877937835804,
    2.302083334016));
#1774 = CARTESIAN_POINT('',(-0.760316468749,1.316906753706,
    2.260416667349));
#1775 = CARTESIAN_POINT('',(-1.1E-16,1.755875671608,2.218750000682));
#1776 = CARTESIAN_POINT('',(0.760316468749,1.316906753706,2.177083334016
    ));
#1777 = CARTESIAN_POINT('',(1.520632937499,0.877937835804,2.135416667349
    ));
#1778 = CARTESIAN_POINT('',(1.520632937499,1.9E-16,2.093750000682));
#1779 = CARTESIAN_POINT('',(1.520632937499,-0.877937835804,
    2.052083334016));
#1780 = CARTESIAN_POINT('',(0.760316468749,-1.316906753706,
    2.010416667349));
#1781 = CARTESIAN_POINT('',(3.2E-16,-1.755875671608,1.968750000682));
#1782 = CARTESIAN_POINT('',(-0.760316468749,-1.316906753706,
    1.927083334016));
#1783 = CARTESIAN_POINT('',(-1.520632937499,-0.877937835804,
    1.885416667349));
#1784 = CARTESIAN_POINT('',(-1.520632937499,0.,1.843750000682));
#1785 = CARTESIAN_POINT('',(-1.520632937499,0.877937835804,
    1.802083334016));
#1786 = CARTESIAN_POINT('',(-0.760316468749,1.316906753706,
    1.760416667349));
#1787 = CARTESIAN_POINT('',(-1.1E-16,1.755875671608,1.718750000682));
#1788 = CARTESIAN_POINT('',(0.760316468749,1.316906753706,1.677083334016
    ));
#1789 = CARTESIAN_POINT('',(1.520632937499,0.877937835804,1.635416667349
    ));
#1790 = CARTESIAN_POINT('',(1.520632937499,1.9E-16,1.593750000682));
#1791 = CARTESIAN_POINT('',(1.520632937499,-0.877937835804,
    1.552083334016));
#1792 = CARTESIAN_POINT('',(0.760316468749,-1.316906753706,
    1.510416667349));
#1793 = CARTESIAN_POINT('',(3.2E-16,-1.755875671608,1.468750000682));
#1794 = CARTESIAN_POINT('',(-0.760316468749,-1.316906753706,
    1.427083334016));
#1795 = CARTESIAN_POINT('',(-1.520632937499,-0.877937835804,
    1.385416667349));
#1796 = CARTESIAN_POINT('',(-1.520632937499,0.,1.343750000682));
#1797 = CARTESIAN_POINT('',(-1.520632937499,0.877937835804,
    1.302083334016));
#1798 = CARTESIAN_POINT('',(-0.760316468749,1.316906753706,
    1.260416667349));
#1799 = CARTESIAN_POINT('',(-1.1E-16,1.755875671608,1.218750000682));
#1800 = CARTESIAN_POINT('',(0.760316468749,1.316906753706,1.177083334016
    ));
#1801 = CARTESIAN_POINT('',(1.520632937499,0.877937835804,1.135416667349
    ));
#1802 = CARTESIAN_POINT('',(1.520632937499,1.9E-16,1.093750000682));
#1803 = CARTESIAN_POINT('',(1.520632937499,-0.877937835804,
    1.052083334016));
#1804 = CARTESIAN_POINT('',(0.760316468749,-1.316906753706,
    1.010416667349));
#1805 = CARTESIAN_POINT('',(3.2E-16,-1.755875671608,0.968750000682));
#1806 = CARTESIAN_POINT('',(-0.760316468749,-1.316906753706,
    0.927083334016));
#1807 = CARTESIAN_POINT('',(-1.520632937499,-0.877937835804,
    0.885416667349));
#1808 = CARTESIAN_POINT('',(-1.520632937499,0.,0.843750000682));
#1809 = CARTESIAN_POINT('',(-1.520632937499,0.877937835804,
    0.802083334016));
#1810 = CARTESIAN_POINT('',(-0.760316468749,1.316906753706,
    0.760416667349));
#1811 = CARTESIAN_POINT('',(-1.1E-16,1.755875671608,0.718750000682));
#1812 = CARTESIAN_POINT('',(0.760316468749,1.316906753706,0.677083334016
    ));
#1813 = CARTESIAN_POINT('',(1.520632937499,0.877937835804,0.635416667349
    ));
#1814 = CARTESIAN_POINT('',(1.520632937499,1.9E-16,0.593750000682));
#1815 = CARTESIAN_POINT('',(1.520632937499,-0.877937835804,
    0.552083334016));
#1816 = CARTESIAN_POINT('',(0.760316468749,-1.316906753706,
    0.510416667349));
#1817 = CARTESIAN_POINT('',(3.2E-16,-1.755875671608,0.468750000682));
#1818 = CARTESIAN_POINT('',(-0.760316468749,-1.316906753706,
    0.427083334016));
#1819 = CARTESIAN_POINT('',(-1.520632937499,-0.877937835804,
    0.385416667349));
#1820 = CARTESIAN_POINT('',(-1.520632937499,0.,0.343750000682));
#1821 = CARTESIAN_POINT('',(-1.520632937499,0.877937835804,
    0.302083334016));
#1822 = CARTESIAN_POINT('',(-0.760316468749,1.316906753706,
    0.260416667349));
#1823 = CARTESIAN_POINT('',(-1.1E-16,1.755875671608,0.218750000682));
#1824 = CARTESIAN_POINT('',(0.760316468749,1.316906753706,0.177083334016
    ));
#1825 = CARTESIAN_POINT('',(1.520632937499,0.877937835804,0.135416667349
    ));
#1826 = CARTESIAN_POINT('',(1.520632937499,1.9E-16,9.3750000682E-02));
#1827 = CARTESIAN_POINT('',(1.520632937499,-0.877937835804,
    5.2083334016E-02));
#1828 = CARTESIAN_POINT('',(0.760316468749,-1.316906753706,
    1.0416667349E-02));
#1829 = CARTESIAN_POINT('',(3.2E-16,-1.755875671608,-3.1249999318E-02));
#1830 = CARTESIAN_POINT('',(-0.760316468749,-1.316906753706,
    -7.2916665984E-02));
#1831 = CARTESIAN_POINT('',(-1.520632937499,-0.877937835804,
    -0.114583332651));
#1832 = CARTESIAN_POINT('',(-1.520632937499,0.,-0.156249999318));
#1833 = CARTESIAN_POINT('',(-1.520632937499,0.877937835804,
    -0.197916665984));
#1834 = CARTESIAN_POINT('',(-0.760316468749,1.316906753706,
    -0.239583332651));
#1835 = CARTESIAN_POINT('',(-1.1E-16,1.755875671608,-0.281249999318));
#1836 = CARTESIAN_POINT('',(0.760316468749,1.316906753706,
    -0.322916665984));
#1837 = CARTESIAN_POINT('',(1.520632937499,0.877937835804,
    -0.364583332651));
#1838 = CARTESIAN_POINT('',(1.520632937499,1.9E-16,-0.406249999318));
#1839 = CARTESIAN_POINT('',(1.520632937499,-0.877937835804,
    -0.447916665984));
#1840 = CARTESIAN_POINT('',(0.760316468749,-1.316906753706,
    -0.489583332651));
#1841 = CARTESIAN_POINT('',(3.2E-16,-1.755875671608,-0.531249999318));
#1842 = CARTESIAN_POINT('',(-0.760316468749,-1.316906753706,
    -0.572916665984));
#1843 = CARTESIAN_POINT('',(-1.520632937499,-0.877937835804,
    -0.614583332651));
#1844 = CARTESIAN_POINT('',(-1.520632937499,0.,-0.656249999318));
#1845 = CARTESIAN_POINT('',(-1.520632937499,0.877937835804,
    -0.697916665984));
#1846 = CARTESIAN_POINT('',(-0.760316468749,1.316906753706,
    -0.739583332651));
#1847 = CARTESIAN_POINT('',(-1.1E-16,1.755875671608,-0.781249999318));
#1848 = CARTESIAN_POINT('',(0.760316468749,1.316906753706,
    -0.822916665984));
#1849 = CARTESIAN_POINT('',(1.520632937499,0.877937835804,
    -0.864583332651));
#1850 = CARTESIAN_POINT('',(1.520632937499,1.9E-16,-0.906249999318));
#1851 = CARTESIAN_POINT('',(1.520632937499,-0.877937835804,
    -0.947916665984));
#1852 = CARTESIAN_POINT('',(0.760316468749,-1.316906753706,
    -0.989583332651));
#1853 = CARTESIAN_POINT('',(3.2E-16,-1.755875671608,-1.031249999318));
#1854 = CARTESIAN_POINT('',(-0.760316468749,-1.316906753706,
    -1.072916665984));
#1855 = CARTESIAN_POINT('',(-1.520632937499,-0.877937835804,
    -1.114583332651));
#1856 = CARTESIAN_POINT('',(-1.520632937499,0.,-1.156249999318));
#1857 = CARTESIAN_POINT('',(-1.520632937499,0.877937835804,
    -1.197916665984));
#1858 = CARTESIAN_POINT('',(-0.760316468749,1.316906753706,
    -1.239583332651));
#1859 = CARTESIAN_POINT('',(-1.1E-16,1.755875671608,-1.281249999318));
#1860 = CARTESIAN_POINT('',(0.760316468749,1.316906753706,
    -1.322916665984));
#1861 = CARTESIAN_POINT('',(1.520632937499,0.877937835804,
    -1.364583332651));
#1862 = CARTESIAN_POINT('',(1.520632937499,1.9E-16,-1.406249999318));
#1863 = CARTESIAN_POINT('',(1.520632937499,-0.877937835804,
    -1.447916665984));
#1864 = CARTESIAN_POINT('',(0.760316468749,-1.316906753706,
    -1.489583332651));
#1865 = CARTESIAN_POINT('',(3.2E-16,-1.755875671608,-1.531249999318));
#1866 = CARTESIAN_POINT('',(-0.760316468749,-1.316906753706,
    -1.572916665984));
#1867 = CARTESIAN_POINT('',(-1.520632937499,-0.877937835804,
    -1.614583332651));
#1868 = CARTESIAN_POINT('',(-1.520632937499,0.,-1.656249999318));
#1869 = CARTESIAN_POINT('',(-1.520632937499,0.877937835804,
    -1.697916665984));
#1870 = CARTESIAN_POINT('',(-0.760316468749,1.316906753706,
    -1.739583332651));
#1871 = CARTESIAN_POINT('',(-1.1E-16,1.755875671608,-1.781249999318));
#1872 = CARTESIAN_POINT('',(0.760316468749,1.316906753706,
    -1.822916665984));
#1873 = CARTESIAN_POINT('',(1.520632937499,0.877937835804,
    -1.864583332651));
#1874 = CARTESIAN_POINT('',(1.520632937499,1.9E-16,-1.906249999318));
#1875 = CARTESIAN_POINT('',(1.520632937499,-0.877937835804,
    -1.947916665984));
#1876 = CARTESIAN_POINT('',(0.760316468749,-1.316906753706,
    -1.989583332651));
#1877 = CARTESIAN_POINT('',(3.2E-16,-1.755875671608,-2.031249999318));
#1878 = CARTESIAN_POINT('',(-0.760316468749,-1.316906753706,
    -2.072916665984));
#1879 = CARTESIAN_POINT('',(-1.520632937499,-0.877937835804,
    -2.114583332651));
#1880 = CARTESIAN_POINT('',(-1.520632937499,0.,-2.156249999318));
#1881 = CARTESIAN_POINT('',(-1.520632937499,0.877937835804,
    -2.197916665984));
#1882 = CARTESIAN_POINT('',(-0.760316468749,1.316906753706,
    -2.239583332651));
#1883 = CARTESIAN_POINT('',(-1.1E-16,1.755875671608,-2.281249999318));
#1884 = CARTESIAN_POINT('',(0.760316468749,1.316906753706,
    -2.322916665984));
#1885 = CARTESIAN_POINT('',(1.520632937499,0.877937835804,
    -2.364583332651));
#1886 = CARTESIAN_POINT('',(1.520632937499,1.9E-16,-2.406249999318));
#1887 = CARTESIAN_POINT('',(1.520632937499,-0.877937835804,
    -2.447916665984));
#1888 = CARTESIAN_POINT('',(0.760316468749,-1.316906753706,
    -2.489583332651));
#1889 = CARTESIAN_POINT('',(3.2E-16,-1.755875671608,-2.531249999318));
#1890 = CARTESIAN_POINT('',(-0.760316468749,-1.316906753706,
    -2.572916665984));
#1891 = CARTESIAN_POINT('',(-1.520632937499,-0.877937835804,
    -2.614583332651));
#1892 = CARTESIAN_POINT('',(-1.520632937499,0.,-2.656249999318));
#1893 = CARTESIAN_POINT('',(-1.520632937499,0.877937835804,
    -2.697916665984));
#1894 = CARTESIAN_POINT('',(-0.760316468749,1.316906753706,
    -2.739583332651));
#1895 = CARTESIAN_POINT('',(-1.1E-16,1.755875671608,-2.781249999318));
#1896 = CARTESIAN_POINT('',(0.760316468749,1.316906753706,
    -2.822916665984));
#1897 = CARTESIAN_POINT('',(1.520632937499,0.877937835804,
    -2.864583332651));
#1898 = CARTESIAN_POINT('',(1.520632937499,1.9E-16,-2.906249999318));
#1899 = CARTESIAN_POINT('',(1.520632937499,-0.877937835804,
    -2.947916665984));
#1900 = CARTESIAN_POINT('',(0.760316468749,-1.316906753706,
    -2.989583332651));
#1901 = CARTESIAN_POINT('',(3.2E-16,-1.755875671608,-3.031249999318));
#1902 = CARTESIAN_POINT('',(-0.760316468749,-1.316906753706,
    -3.072916665984));
#1903 = CARTESIAN_POINT('',(-1.520632937499,-0.877937835804,
    -3.114583332651));
#1904 = CARTESIAN_POINT('',(-1.520632937499,0.,-3.156249999318));
#1905 = CARTESIAN_POINT('',(-1.520632937499,0.877937835804,
    -3.197916665984));
#1906 = CARTESIAN_POINT('',(-0.760316468749,1.316906753706,
    -3.239583332651));
#1907 = CARTESIAN_POINT('',(-1.1E-16,1.755875671608,-3.281249999318));
#1908 = CARTESIAN_POINT('',(0.760316468749,1.316906753706,
    -3.322916665984));
#1909 = CARTESIAN_POINT('',(1.520632937499,0.877937835804,
    -3.364583332651));
#1910 = CARTESIAN_POINT('',(1.520632937499,1.9E-16,-3.406249999318));
#1911 = CARTESIAN_POINT('',(1.520632937499,-0.877937835804,
    -3.447916665984));
#1912 = CARTESIAN_POINT('',(0.760316468749,-1.316906753706,
    -3.489583332651));
#1913 = CARTESIAN_POINT('',(3.2E-16,-1.755875671608,-3.531249999318));
#1914 = CARTESIAN_POINT('',(-0.760316468749,-1.316906753706,
    -3.572916665984));
#1915 = CARTESIAN_POINT('',(-1.520632937499,-0.877937835804,
    -3.614583332651));
#1916 = CARTESIAN_POINT('',(-1.520632937499,0.,-3.656249999318));
#1917 = CARTESIAN_POINT('',(-1.520632937499,0.877937835804,
    -3.697916665984));
#1918 = CARTESIAN_POINT('',(-0.760316468749,1.316906753706,
    -3.739583332651));
#1919 = CARTESIAN_POINT('',(-1.1E-16,1.755875671608,-3.781249999318));
#1920 = CARTESIAN_POINT('',(0.760316468749,1.316906753706,
    -3.822916665984));
#1921 = CARTESIAN_POINT('',(1.520632937499,0.877937835804,
    -3.864583332651));
#1922 = CARTESIAN_POINT('',(1.520632937499,1.9E-16,-3.906249999318));
#1923 = CARTESIAN_POINT('',(1.520632937499,-0.877937835804,
    -3.947916665984));
#1924 = CARTESIAN_POINT('',(0.760316468749,-1.316906753706,
    -3.989583332651));
#1925 = CARTESIAN_POINT('',(3.2E-16,-1.755875671608,-4.031249999318));
#1926 = CARTESIAN_POINT('',(-0.760316468749,-1.316906753706,
    -4.072916665984));
#1927 = CARTESIAN_POINT('',(-1.520632937499,-0.877937835804,
    -4.114583332651));
#1928 = CARTESIAN_POINT('',(-1.520632937499,0.,-4.156249999318));
#1929 = CARTESIAN_POINT('',(-1.520632937499,0.877937835804,
    -4.197916665984));
#1930 = CARTESIAN_POINT('',(-0.760316468749,1.316906753706,
    -4.239583332651));
#1931 = CARTESIAN_POINT('',(-1.1E-16,1.755875671608,-4.281249999318));
#1932 = CARTESIAN_POINT('',(0.760316468749,1.316906753706,
    -4.322916665984));
#1933 = CARTESIAN_POINT('',(1.520632937499,0.877937835804,
    -4.364583332651));
#1934 = CARTESIAN_POINT('',(1.520632937499,1.9E-16,-4.406249999318));
#1935 = CARTESIAN_POINT('',(1.520632937499,-0.877937835804,
    -4.447916665984));
#1936 = CARTESIAN_POINT('',(0.760316468749,-1.316906753706,
    -4.489583332651));
#1937 = CARTESIAN_POINT('',(3.2E-16,-1.755875671608,-4.531249999318));
#1938 = CARTESIAN_POINT('',(-0.760316468749,-1.316906753706,
    -4.572916665984));
#1939 = CARTESIAN_POINT('',(-1.520632937499,-0.877937835804,
    -4.614583332651));
#1940 = CARTESIAN_POINT('',(-1.520632937499,0.,-4.656249999318));
#1941 = CARTESIAN_POINT('',(-1.520632937499,0.877937835804,
    -4.697916665984));
#1942 = CARTESIAN_POINT('',(-0.760316468749,1.316906753706,
    -4.739583332651));
#1943 = CARTESIAN_POINT('',(-1.1E-16,1.755875671608,-4.781249999318));
#1944 = CARTESIAN_POINT('',(0.760316468749,1.316906753706,
    -4.822916665984));
#1945 = CARTESIAN_POINT('',(1.520632937499,0.877937835804,
    -4.864583332651));
#1946 = CARTESIAN_POINT('',(1.520632937499,1.9E-16,-4.906249999318));
#1947 = CARTESIAN_POINT('',(1.520632937499,-0.877937835804,
    -4.947916665984));
#1948 = CARTESIAN_POINT('',(0.760316468749,-1.316906753706,
    -4.989583332651));
#1949 = CARTESIAN_POINT('',(3.2E-16,-1.755875671608,-5.031249999317));
#1950 = CARTESIAN_POINT('',(-0.760316468749,-1.316906753706,
    -5.072916665983));
#1951 = CARTESIAN_POINT('',(-1.520632937499,-0.877937835804,
    -5.11458333265));
#1952 = CARTESIAN_POINT('',(-1.520632937499,0.,-5.156249999317));
#1953 = CARTESIAN_POINT('',(-1.520632937499,0.877937835804,
    -5.197916665983));
#1954 = CARTESIAN_POINT('',(-0.760316468749,1.316906753706,
    -5.23958333265));
#1955 = CARTESIAN_POINT('',(-1.1E-16,1.755875671608,-5.281249999317));
#1956 = CARTESIAN_POINT('',(0.760316468749,1.316906753706,
    -5.322916665983));
#1957 = CARTESIAN_POINT('',(1.520632937499,0.877937835804,-5.36458333265
    ));
#1958 = CARTESIAN_POINT('',(1.520632937499,1.9E-16,-5.406249999317));
#1959 = CARTESIAN_POINT('',(1.520632937499,-0.877937835804,
    -5.447916665983));
#1960 = CARTESIAN_POINT('',(0.760316468749,-1.316906753706,
    -5.48958333265));
#1961 = CARTESIAN_POINT('',(3.2E-16,-1.755875671608,-5.531249999317));
#1962 = CARTESIAN_POINT('',(-0.760316468749,-1.316906753706,
    -5.572916665983));
#1963 = CARTESIAN_POINT('',(-1.520632937499,-0.877937835804,
    -5.61458333265));
#1964 = CARTESIAN_POINT('',(-1.520632937499,0.,-5.656249999317));
#1965 = CARTESIAN_POINT('',(-1.520632937499,0.877937835804,
    -5.697916665983));
#1966 = CARTESIAN_POINT('',(-0.760316468749,1.316906753706,
    -5.73958333265));
#1967 = CARTESIAN_POINT('',(-1.1E-16,1.755875671608,-5.781249999317));
#1968 = CARTESIAN_POINT('',(0.760316468749,1.316906753706,
    -5.822916665983));
#1969 = CARTESIAN_POINT('',(1.520632937499,0.877937835804,-5.86458333265
    ));
#1970 = CARTESIAN_POINT('',(1.520632937499,1.9E-16,-5.906249999317));
#1971 = CARTESIAN_POINT('',(1.520632937499,-0.877937835804,
    -5.947916665983));
#1972 = CARTESIAN_POINT('',(0.760316468749,-1.316906753706,
    -5.98958333265));
#1973 = CARTESIAN_POINT('',(3.2E-16,-1.755875671608,-6.031249999317));
#1974 = CARTESIAN_POINT('',(-0.760316468749,-1.316906753706,
    -6.072916665983));
#1975 = CARTESIAN_POINT('',(-1.520632937499,-0.877937835804,
    -6.11458333265));
#1976 = CARTESIAN_POINT('',(-1.520632937499,0.,-6.156249999317));
#1977 = CARTESIAN_POINT('',(-1.520632937499,0.877937835804,
    -6.197916665983));
#1978 = CARTESIAN_POINT('',(-0.760316468749,1.316906753706,
    -6.23958333265));
#1979 = CARTESIAN_POINT('',(-1.1E-16,1.755875671608,-6.281249999317));
#1980 = CARTESIAN_POINT('',(0.760316468749,1.316906753706,
    -6.322916665983));
#1981 = CARTESIAN_POINT('',(1.520632937499,0.877937835804,-6.36458333265
    ));
#1982 = CARTESIAN_POINT('',(1.520632937499,1.9E-16,-6.406249999317));
#1983 = CARTESIAN_POINT('',(1.520632937499,-0.877937835804,
    -6.447916665983));
#1984 = CARTESIAN_POINT('',(0.760316468749,-1.316906753706,
    -6.48958333265));
#1985 = CARTESIAN_POINT('',(3.2E-16,-1.755875671608,-6.531249999317));
#1986 = CARTESIAN_POINT('',(-0.760316468749,-1.316906753706,
    -6.572916665983));
#1987 = CARTESIAN_POINT('',(-1.520632937499,-0.877937835804,
    -6.61458333265));
#1988 = CARTESIAN_POINT('',(-1.520632937499,0.,-6.656249999317));
#1989 = CARTESIAN_POINT('',(-1.520632937499,0.877937835804,
    -6.697916665983));
#1990 = CARTESIAN_POINT('',(-0.760316468749,1.316906753706,
    -6.73958333265));
#1991 = CARTESIAN_POINT('',(-1.1E-16,1.755875671608,-6.781249999317));
#1992 = CARTESIAN_POINT('',(0.760316468749,1.316906753706,
    -6.822916665983));
#1993 = CARTESIAN_POINT('',(1.520632937499,0.877937835804,-6.86458333265
    ));
#1994 = CARTESIAN_POINT('',(1.520632937499,1.9E-16,-6.906249999317));
#1995 = CARTESIAN_POINT('',(1.520632937499,-0.877937835804,
    -6.947916665983));
#1996 = CARTESIAN_POINT('',(0.760316468749,-1.316906753706,
    -6.98958333265));
#1997 = CARTESIAN_POINT('',(3.2E-16,-1.755875671608,-7.031249999317));
#1998 = CARTESIAN_POINT('',(-0.760316468749,-1.316906753706,
    -7.072916665983));
#1999 = CARTESIAN_POINT('',(-1.520632937499,-0.877937835804,
    -7.11458333265));
#2000 = CARTESIAN_POINT('',(-1.520632937499,0.,-7.156249999317));
#2001 = CARTESIAN_POINT('',(-1.520632937499,0.877937835804,
    -7.197916665983));
#2002 = CARTESIAN_POINT('',(-0.760316468749,1.316906753706,
    -7.23958333265));
#2003 = CARTESIAN_POINT('',(-1.1E-16,1.755875671608,-7.281249999317));
#2004 = CARTESIAN_POINT('',(0.760316468749,1.316906753706,
    -7.322916665983));
#2005 = CARTESIAN_POINT('',(1.520632937499,0.877937835804,-7.36458333265
    ));
#2006 = CARTESIAN_POINT('',(1.520632937499,1.9E-16,-7.406249999317));
#2007 = CARTESIAN_POINT('',(1.520632937499,-0.877937835804,
    -7.447916665983));
#2008 = CARTESIAN_POINT('',(0.760316468749,-1.316906753706,
    -7.48958333265));
#2009 = CARTESIAN_POINT('',(3.2E-16,-1.755875671608,-7.531249999317));
#2010 = CARTESIAN_POINT('',(-0.760316468749,-1.316906753706,
    -7.572916665983));
#2011 = CARTESIAN_POINT('',(-1.520632937499,-0.877937835804,
    -7.61458333265));
#2012 = CARTESIAN_POINT('',(-1.520632937499,0.,-7.656249999317));
#2013 = CARTESIAN_POINT('',(-1.520632937499,0.877937835804,
    -7.697916665983));
#2014 = CARTESIAN_POINT('',(-0.760316468749,1.316906753706,
    -7.73958333265));
#2015 = CARTESIAN_POINT('',(-1.1E-16,1.755875671608,-7.781249999317));
#2016 = CARTESIAN_POINT('',(0.760316468749,1.316906753706,
    -7.822916665983));
#2017 = CARTESIAN_POINT('',(1.520632937499,0.877937835804,-7.86458333265
    ));
#2018 = CARTESIAN_POINT('',(1.520632937499,1.9E-16,-7.906249999317));
#2019 = CARTESIAN_POINT('',(1.520632937499,-0.877937835804,
    -7.947916665983));
#2020 = CARTESIAN_POINT('',(0.760316468749,-1.316906753706,
    -7.98958333265));
#2021 = CARTESIAN_POINT('',(3.2E-16,-1.755875671608,-8.031249999317));
#2022 = CARTESIAN_POINT('',(-0.760316468749,-1.316906753706,
    -8.072916665983));
#2023 = CARTESIAN_POINT('',(-1.520632937499,-0.877937835804,
    -8.11458333265));
#2024 = CARTESIAN_POINT('',(-1.520632937499,0.,-8.156249999317));
#2025 = CARTESIAN_POINT('',(-1.520632937499,0.877937835804,
    -8.197916665983));
#2026 = CARTESIAN_POINT('',(-0.760316468749,1.316906753706,
    -8.23958333265));
#2027 = CARTESIAN_POINT('',(-1.1E-16,1.755875671608,-8.281249999317));
#2028 = CARTESIAN_POINT('',(0.760316468749,1.316906753706,
    -8.322916665983));
#2029 = CARTESIAN_POINT('',(1.520632937499,0.877937835804,-8.36458333265
    ));
#2030 = CARTESIAN_POINT('',(1.520632937499,1.9E-16,-8.406249999317));
#2031 = CARTESIAN_POINT('',(1.520632937499,-0.877937835804,
    -8.447916665983));
#2032 = CARTESIAN_POINT('',(0.760316468749,-1.316906753706,
    -8.48958333265));
#2033 = CARTESIAN_POINT('',(3.2E-16,-1.755875671608,-8.531249999317));
#2034 = CARTESIAN_POINT('',(-0.760316468749,-1.316906753706,
    -8.572916665983));
#2035 = CARTESIAN_POINT('',(-1.520632937499,-0.877937835804,
    -8.61458333265));
#2036 = CARTESIAN_POINT('',(-1.520632937499,0.,-8.656249999317));
#2037 = CARTESIAN_POINT('',(-1.520632937499,0.877937835804,
    -8.697916665983));
#2038 = CARTESIAN_POINT('',(-0.760316468749,1.316906753706,
    -8.73958333265));
#2039 = CARTESIAN_POINT('',(-1.1E-16,1.755875671608,-8.781249999317));
#2040 = CARTESIAN_POINT('',(0.760316468749,1.316906753706,
    -8.822916665983));
#2041 = CARTESIAN_POINT('',(1.520632937499,0.877937835804,-8.86458333265
    ));
#2042 = CARTESIAN_POINT('',(1.520632937499,1.9E-16,-8.906249999317));
#2043 = CARTESIAN_POINT('',(1.520632937499,-0.877937835804,
    -8.947916665983));
#2044 = CARTESIAN_POINT('',(0.760316468749,-1.316906753706,
    -8.98958333265));
#2045 = CARTESIAN_POINT('',(3.2E-16,-1.755875671608,-9.031249999317));
#2046 = CARTESIAN_POINT('',(-0.760316468749,-1.316906753706,
    -9.072916665983));
#2047 = CARTESIAN_POINT('',(-1.520632937499,-0.877937835804,
    -9.11458333265));
#2048 = CARTESIAN_POINT('',(-1.520632937499,0.,-9.156249999317));
#2049 = CARTESIAN_POINT('',(-1.520632937499,0.877937835804,
    -9.197916665983));
#2050 = CARTESIAN_POINT('',(-0.760316468749,1.316906753706,
    -9.23958333265));
#2051 = CARTESIAN_POINT('',(-1.1E-16,1.755875671608,-9.281249999317));
#2052 = CARTESIAN_POINT('',(0.760316468749,1.316906753706,
    -9.322916665983));
#2053 = CARTESIAN_POINT('',(1.520632937499,0.877937835804,-9.36458333265
    ));
#2054 = CARTESIAN_POINT('',(1.520632937499,1.9E-16,-9.406249999317));
#2055 = CARTESIAN_POINT('',(1.520632937499,-0.877937835804,
    -9.447916665983));
#2056 = CARTESIAN_POINT('',(0.760316468749,-1.316906753706,
    -9.48958333265));
#2057 = CARTESIAN_POINT('',(3.2E-16,-1.755875671608,-9.531249999317));
#2058 = CARTESIAN_POINT('',(-0.760316468749,-1.316906753706,
    -9.572916665983));
#2059 = CARTESIAN_POINT('',(-1.520632937499,-0.877937835804,
    -9.61458333265));
#2060 = CARTESIAN_POINT('',(-1.520632937499,0.,-9.656249999317));
#2061 = CARTESIAN_POINT('',(-1.520632937499,0.,5.281250000682));
#2062 = CARTESIAN_POINT('',(-1.520632937499,0.877937835804,
    5.239583334016));
#2063 = CARTESIAN_POINT('',(-0.760316468749,1.316906753706,
    5.197916667349));
#2064 = CARTESIAN_POINT('',(-1.1E-16,1.755875671608,5.156250000682));
#2065 = CARTESIAN_POINT('',(0.760316468749,1.316906753706,5.114583334016
    ));
#2066 = CARTESIAN_POINT('',(1.520632937499,0.877937835804,5.072916667349
    ));
#2067 = CARTESIAN_POINT('',(1.520632937499,1.9E-16,5.031250000682));
#2068 = CARTESIAN_POINT('',(1.520632937499,-0.877937835804,
    4.989583334016));
#2069 = CARTESIAN_POINT('',(0.760316468749,-1.316906753706,
    4.947916667349));
#2070 = CARTESIAN_POINT('',(3.2E-16,-1.755875671608,4.906250000682));
#2071 = CARTESIAN_POINT('',(-0.760316468749,-1.316906753706,
    4.864583334016));
#2072 = CARTESIAN_POINT('',(-1.520632937499,-0.877937835804,
    4.822916667349));
#2073 = CARTESIAN_POINT('',(-1.520632937499,0.,4.781250000682));
#2074 = CARTESIAN_POINT('',(-1.520632937499,0.877937835804,
    4.739583334016));
#2075 = CARTESIAN_POINT('',(-0.760316468749,1.316906753706,
    4.697916667349));
#2076 = CARTESIAN_POINT('',(-1.1E-16,1.755875671608,4.656250000682));
#2077 = CARTESIAN_POINT('',(0.760316468749,1.316906753706,4.614583334016
    ));
#2078 = CARTESIAN_POINT('',(1.520632937499,0.877937835804,4.572916667349
    ));
#2079 = CARTESIAN_POINT('',(1.520632937499,1.9E-16,4.531250000682));
#2080 = CARTESIAN_POINT('',(1.520632937499,-0.877937835804,
    4.489583334016));
#2081 = CARTESIAN_POINT('',(0.760316468749,-1.316906753706,
    4.447916667349));
#2082 = CARTESIAN_POINT('',(3.2E-16,-1.755875671608,4.406250000682));
#2083 = CARTESIAN_POINT('',(-0.760316468749,-1.316906753706,
    4.364583334016));
#2084 = CARTESIAN_POINT('',(-1.520632937499,-0.877937835804,
    4.322916667349));
#2085 = CARTESIAN_POINT('',(-1.520632937499,0.,4.281250000682));
#2086 = CARTESIAN_POINT('',(-1.520632937499,0.877937835804,
    4.239583334016));
#2087 = CARTESIAN_POINT('',(-0.760316468749,1.316906753706,
    4.197916667349));
#2088 = CARTESIAN_POINT('',(-1.1E-16,1.755875671608,4.156250000682));
#2089 = CARTESIAN_POINT('',(0.760316468749,1.316906753706,4.114583334016
    ));
#2090 = CARTESIAN_POINT('',(1.520632937499,0.877937835804,4.072916667349
    ));
#2091 = CARTESIAN_POINT('',(1.520632937499,1.9E-16,4.031250000682));
#2092 = CARTESIAN_POINT('',(1.520632937499,-0.877937835804,
    3.989583334016));
#2093 = CARTESIAN_POINT('',(0.760316468749,-1.316906753706,
    3.947916667349));
#2094 = CARTESIAN_POINT('',(3.2E-16,-1.755875671608,3.906250000682));
#2095 = CARTESIAN_POINT('',(-0.760316468749,-1.316906753706,
    3.864583334016));
#2096 = CARTESIAN_POINT('',(-1.520632937499,-0.877937835804,
    3.822916667349));
#2097 = CARTESIAN_POINT('',(-1.520632937499,0.,3.781250000682));
#2098 = CARTESIAN_POINT('',(-1.520632937499,0.877937835804,
    3.739583334016));
#2099 = CARTESIAN_POINT('',(-0.760316468749,1.316906753706,
    3.697916667349));
#2100 = CARTESIAN_POINT('',(-1.1E-16,1.755875671608,3.656250000682));
#2101 = CARTESIAN_POINT('',(0.760316468749,1.316906753706,3.614583334016
    ));
#2102 = CARTESIAN_POINT('',(1.520632937499,0.877937835804,3.572916667349
    ));
#2103 = CARTESIAN_POINT('',(1.520632937499,1.9E-16,3.531250000682));
#2104 = CARTESIAN_POINT('',(1.520632937499,-0.877937835804,
    3.489583334016));
#2105 = CARTESIAN_POINT('',(0.760316468749,-1.316906753706,
    3.447916667349));
#2106 = CARTESIAN_POINT('',(3.2E-16,-1.755875671608,3.406250000682));
#2107 = CARTESIAN_POINT('',(-0.760316468749,-1.316906753706,
    3.364583334016));
#2108 = CARTESIAN_POINT('',(-1.520632937499,-0.877937835804,
    3.322916667349));
#2109 = CARTESIAN_POINT('',(-1.520632937499,0.,3.281250000682));
#2110 = CARTESIAN_POINT('',(-1.520632937499,0.877937835804,
    3.239583334016));
#2111 = CARTESIAN_POINT('',(-0.760316468749,1.316906753706,
    3.197916667349));
#2112 = CARTESIAN_POINT('',(-1.1E-16,1.755875671608,3.156250000682));
#2113 = CARTESIAN_POINT('',(0.760316468749,1.316906753706,3.114583334016
    ));
#2114 = CARTESIAN_POINT('',(1.520632937499,0.877937835804,3.072916667349
    ));
#2115 = CARTESIAN_POINT('',(1.520632937499,1.9E-16,3.031250000682));
#2116 = CARTESIAN_POINT('',(1.520632937499,-0.877937835804,
    2.989583334016));
#2117 = CARTESIAN_POINT('',(0.760316468749,-1.316906753706,
    2.947916667349));
#2118 = CARTESIAN_POINT('',(3.2E-16,-1.755875671608,2.906250000682));
#2119 = CARTESIAN_POINT('',(-0.760316468749,-1.316906753706,
    2.864583334016));
#2120 = CARTESIAN_POINT('',(-1.520632937499,-0.877937835804,
    2.822916667349));
#2121 = CARTESIAN_POINT('',(-1.520632937499,0.,2.781250000682));
#2122 = CARTESIAN_POINT('',(-1.520632937499,0.877937835804,
    2.739583334016));
#2123 = CARTESIAN_POINT('',(-0.760316468749,1.316906753706,
    2.697916667349));
#2124 = CARTESIAN_POINT('',(-1.1E-16,1.755875671608,2.656250000682));
#2125 = CARTESIAN_POINT('',(0.760316468749,1.316906753706,2.614583334016
    ));
#2126 = CARTESIAN_POINT('',(1.520632937499,0.877937835804,2.572916667349
    ));
#2127 = CARTESIAN_POINT('',(1.520632937499,1.9E-16,2.531250000682));
#2128 = CARTESIAN_POINT('',(1.520632937499,-0.877937835804,
    2.489583334016));
#2129 = CARTESIAN_POINT('',(0.760316468749,-1.316906753706,
    2.447916667349));
#2130 = CARTESIAN_POINT('',(3.2E-16,-1.755875671608,2.406250000682));
#2131 = CARTESIAN_POINT('',(-0.760316468749,-1.316906753706,
    2.364583334016));
#2132 = CARTESIAN_POINT('',(-1.520632937499,-0.877937835804,
    2.322916667349));
#2133 = CARTESIAN_POINT('',(-1.520632937499,0.,2.281250000682));
#2134 = CARTESIAN_POINT('',(-1.520632937499,0.877937835804,
    2.239583334016));
#2135 = CARTESIAN_POINT('',(-0.760316468749,1.316906753706,
    2.197916667349));
#2136 = CARTESIAN_POINT('',(-1.1E-16,1.755875671608,2.156250000682));
#2137 = CARTESIAN_POINT('',(0.760316468749,1.316906753706,2.114583334016
    ));
#2138 = CARTESIAN_POINT('',(1.520632937499,0.877937835804,2.072916667349
    ));
#2139 = CARTESIAN_POINT('',(1.520632937499,1.9E-16,2.031250000682));
#2140 = CARTESIAN_POINT('',(1.520632937499,-0.877937835804,
    1.989583334016));
#2141 = CARTESIAN_POINT('',(0.760316468749,-1.316906753706,
    1.947916667349));
#2142 = CARTESIAN_POINT('',(3.2E-16,-1.755875671608,1.906250000682));
#2143 = CARTESIAN_POINT('',(-0.760316468749,-1.316906753706,
    1.864583334016));
#2144 = CARTESIAN_POINT('',(-1.520632937499,-0.877937835804,
    1.822916667349));
#2145 = CARTESIAN_POINT('',(-1.520632937499,0.,1.781250000682));
#2146 = CARTESIAN_POINT('',(-1.520632937499,0.877937835804,
    1.739583334016));
#2147 = CARTESIAN_POINT('',(-0.760316468749,1.316906753706,
    1.697916667349));
#2148 = CARTESIAN_POINT('',(-1.1E-16,1.755875671608,1.656250000682));
#2149 = CARTESIAN_POINT('',(0.760316468749,1.316906753706,1.614583334016
    ));
#2150 = CARTESIAN_POINT('',(1.520632937499,0.877937835804,1.572916667349
    ));
#2151 = CARTESIAN_POINT('',(1.520632937499,1.9E-16,1.531250000682));
#2152 = CARTESIAN_POINT('',(1.520632937499,-0.877937835804,
    1.489583334016));
#2153 = CARTESIAN_POINT('',(0.760316468749,-1.316906753706,
    1.447916667349));
#2154 = CARTESIAN_POINT('',(3.2E-16,-1.755875671608,1.406250000682));
#2155 = CARTESIAN_POINT('',(-0.760316468749,-1.316906753706,
    1.364583334016));
#2156 = CARTESIAN_POINT('',(-1.520632937499,-0.877937835804,
    1.322916667349));
#2157 = CARTESIAN_POINT('',(-1.520632937499,0.,1.281250000682));
#2158 = CARTESIAN_POINT('',(-1.520632937499,0.877937835804,
    1.239583334016));
#2159 = CARTESIAN_POINT('',(-0.760316468749,1.316906753706,
    1.197916667349));
#2160 = CARTESIAN_POINT('',(-1.1E-16,1.755875671608,1.156250000682));
#2161 = CARTESIAN_POINT('',(0.760316468749,1.316906753706,1.114583334016
    ));
#2162 = CARTESIAN_POINT('',(1.520632937499,0.877937835804,1.072916667349
    ));
#2163 = CARTESIAN_POINT('',(1.520632937499,1.9E-16,1.031250000682));
#2164 = CARTESIAN_POINT('',(1.520632937499,-0.877937835804,
    0.989583334016));
#2165 = CARTESIAN_POINT('',(0.760316468749,-1.316906753706,
    0.947916667349));
#2166 = CARTESIAN_POINT('',(3.2E-16,-1.755875671608,0.906250000682));
#2167 = CARTESIAN_POINT('',(-0.760316468749,-1.316906753706,
    0.864583334016));
#2168 = CARTESIAN_POINT('',(-1.520632937499,-0.877937835804,
    0.822916667349));
#2169 = CARTESIAN_POINT('',(-1.520632937499,0.,0.781250000682));
#2170 = CARTESIAN_POINT('',(-1.520632937499,0.877937835804,
    0.739583334016));
#2171 = CARTESIAN_POINT('',(-0.760316468749,1.316906753706,
    0.697916667349));
#2172 = CARTESIAN_POINT('',(-1.1E-16,1.755875671608,0.656250000682));
#2173 = CARTESIAN_POINT('',(0.760316468749,1.316906753706,0.614583334016
    ));
#2174 = CARTESIAN_POINT('',(1.520632937499,0.877937835804,0.572916667349
    ));
#2175 = CARTESIAN_POINT('',(1.520632937499,1.9E-16,0.531250000682));
#2176 = CARTESIAN_POINT('',(1.520632937499,-0.877937835804,
    0.489583334016));
#2177 = CARTESIAN_POINT('',(0.760316468749,-1.316906753706,
    0.447916667349));
#2178 = CARTESIAN_POINT('',(3.2E-16,-1.755875671608,0.406250000682));
#2179 = CARTESIAN_POINT('',(-0.760316468749,-1.316906753706,
    0.364583334016));
#2180 = CARTESIAN_POINT('',(-1.520632937499,-0.877937835804,
    0.322916667349));
#2181 = CARTESIAN_POINT('',(-1.520632937499,0.,0.281250000682));
#2182 = CARTESIAN_POINT('',(-1.520632937499,0.877937835804,
    0.239583334016));
#2183 = CARTESIAN_POINT('',(-0.760316468749,1.316906753706,
    0.197916667349));
#2184 = CARTESIAN_POINT('',(-1.1E-16,1.755875671608,0.156250000682));
#2185 = CARTESIAN_POINT('',(0.760316468749,1.316906753706,0.114583334016
    ));
#2186 = CARTESIAN_POINT('',(1.520632937499,0.877937835804,
    7.2916667349E-02));
#2187 = CARTESIAN_POINT('',(1.520632937499,1.9E-16,3.1250000682E-02));
#2188 = CARTESIAN_POINT('',(1.520632937499,-0.877937835804,
    -1.0416665984E-02));
#2189 = CARTESIAN_POINT('',(0.760316468749,-1.316906753706,
    -5.2083332651E-02));
#2190 = CARTESIAN_POINT('',(3.2E-16,-1.755875671608,-9.3749999318E-02));
#2191 = CARTESIAN_POINT('',(-0.760316468749,-1.316906753706,
    -0.135416665984));
#2192 = CARTESIAN_POINT('',(-1.520632937499,-0.877937835804,
    -0.177083332651));
#2193 = CARTESIAN_POINT('',(-1.520632937499,0.,-0.218749999318));
#2194 = CARTESIAN_POINT('',(-1.520632937499,0.877937835804,
    -0.260416665984));
#2195 = CARTESIAN_POINT('',(-0.760316468749,1.316906753706,
    -0.302083332651));
#2196 = CARTESIAN_POINT('',(-1.1E-16,1.755875671608,-0.343749999318));
#2197 = CARTESIAN_POINT('',(0.760316468749,1.316906753706,
    -0.385416665984));
#2198 = CARTESIAN_POINT('',(1.520632937499,0.877937835804,
    -0.427083332651));
#2199 = CARTESIAN_POINT('',(1.520632937499,1.9E-16,-0.468749999318));
#2200 = CARTESIAN_POINT('',(1.520632937499,-0.877937835804,
    -0.510416665984));
#2201 = CARTESIAN_POINT('',(0.760316468749,-1.316906753706,
    -0.552083332651));
#2202 = CARTESIAN_POINT('',(3.2E-16,-1.755875671608,-0.593749999318));
#2203 = CARTESIAN_POINT('',(-0.760316468749,-1.316906753706,
    -0.635416665984));
#2204 = CARTESIAN_POINT('',(-1.520632937499,-0.877937835804,
    -0.677083332651));
#2205 = CARTESIAN_POINT('',(-1.520632937499,0.,-0.718749999318));
#2206 = CARTESIAN_POINT('',(-1.520632937499,0.877937835804,
    -0.760416665984));
#2207 = CARTESIAN_POINT('',(-0.760316468749,1.316906753706,
    -0.802083332651));
#2208 = CARTESIAN_POINT('',(-1.1E-16,1.755875671608,-0.843749999318));
#2209 = CARTESIAN_POINT('',(0.760316468749,1.316906753706,
    -0.885416665984));
#2210 = CARTESIAN_POINT('',(1.520632937499,0.877937835804,
    -0.927083332651));
#2211 = CARTESIAN_POINT('',(1.520632937499,1.9E-16,-0.968749999318));
#2212 = CARTESIAN_POINT('',(1.520632937499,-0.877937835804,
    -1.010416665984));
#2213 = CARTESIAN_POINT('',(0.760316468749,-1.316906753706,
    -1.052083332651));
#2214 = CARTESIAN_POINT('',(3.2E-16,-1.755875671608,-1.093749999318));
#2215 = CARTESIAN_POINT('',(-0.760316468749,-1.316906753706,
    -1.135416665984));
#2216 = CARTESIAN_POINT('',(-1.520632937499,-0.877937835804,
    -1.177083332651));
#2217 = CARTESIAN_POINT('',(-1.520632937499,0.,-1.218749999318));
#2218 = CARTESIAN_POINT('',(-1.520632937499,0.877937835804,
    -1.260416665984));
#2219 = CARTESIAN_POINT('',(-0.760316468749,1.316906753706,
    -1.302083332651));
#2220 = CARTESIAN_POINT('',(-1.1E-16,1.755875671608,-1.343749999318));
#2221 = CARTESIAN_POINT('',(0.760316468749,1.316906753706,
    -1.385416665984));
#2222 = CARTESIAN_POINT('',(1.520632937499,0.877937835804,
    -1.427083332651));
#2223 = CARTESIAN_POINT('',(1.520632937499,1.9E-16,-1.468749999318));
#2224 = CARTESIAN_POINT('',(1.520632937499,-0.877937835804,
    -1.510416665984));
#2225 = CARTESIAN_POINT('',(0.760316468749,-1.316906753706,
    -1.552083332651));
#2226 = CARTESIAN_POINT('',(3.2E-16,-1.755875671608,-1.593749999318));
#2227 = CARTESIAN_POINT('',(-0.760316468749,-1.316906753706,
    -1.635416665984));
#2228 = CARTESIAN_POINT('',(-1.520632937499,-0.877937835804,
    -1.677083332651));
#2229 = CARTESIAN_POINT('',(-1.520632937499,0.,-1.718749999318));
#2230 = CARTESIAN_POINT('',(-1.520632937499,0.877937835804,
    -1.760416665984));
#2231 = CARTESIAN_POINT('',(-0.760316468749,1.316906753706,
    -1.802083332651));
#2232 = CARTESIAN_POINT('',(-1.1E-16,1.755875671608,-1.843749999318));
#2233 = CARTESIAN_POINT('',(0.760316468749,1.316906753706,
    -1.885416665984));
#2234 = CARTESIAN_POINT('',(1.520632937499,0.877937835804,
    -1.927083332651));
#2235 = CARTESIAN_POINT('',(1.520632937499,1.9E-16,-1.968749999318));
#2236 = CARTESIAN_POINT('',(1.520632937499,-0.877937835804,
    -2.010416665984));
#2237 = CARTESIAN_POINT('',(0.760316468749,-1.316906753706,
    -2.052083332651));
#2238 = CARTESIAN_POINT('',(3.2E-16,-1.755875671608,-2.093749999318));
#2239 = CARTESIAN_POINT('',(-0.760316468749,-1.316906753706,
    -2.135416665984));
#2240 = CARTESIAN_POINT('',(-1.520632937499,-0.877937835804,
    -2.177083332651));
#2241 = CARTESIAN_POINT('',(-1.520632937499,0.,-2.218749999318));
#2242 = CARTESIAN_POINT('',(-1.520632937499,0.877937835804,
    -2.260416665984));
#2243 = CARTESIAN_POINT('',(-0.760316468749,1.316906753706,
    -2.302083332651));
#2244 = CARTESIAN_POINT('',(-1.1E-16,1.755875671608,-2.343749999318));
#2245 = CARTESIAN_POINT('',(0.760316468749,1.316906753706,
    -2.385416665984));
#2246 = CARTESIAN_POINT('',(1.520632937499,0.877937835804,
    -2.427083332651));
#2247 = CARTESIAN_POINT('',(1.520632937499,1.9E-16,-2.468749999318));
#2248 = CARTESIAN_POINT('',(1.520632937499,-0.877937835804,
    -2.510416665984));
#2249 = CARTESIAN_POINT('',(0.760316468749,-1.316906753706,
    -2.552083332651));
#2250 = CARTESIAN_POINT('',(3.2E-16,-1.755875671608,-2.593749999318));
#2251 = CARTESIAN_POINT('',(-0.760316468749,-1.316906753706,
    -2.635416665984));
#2252 = CARTESIAN_POINT('',(-1.520632937499,-0.877937835804,
    -2.677083332651));
#2253 = CARTESIAN_POINT('',(-1.520632937499,0.,-2.718749999318));
#2254 = CARTESIAN_POINT('',(-1.520632937499,0.877937835804,
    -2.760416665984));
#2255 = CARTESIAN_POINT('',(-0.760316468749,1.316906753706,
    -2.802083332651));
#2256 = CARTESIAN_POINT('',(-1.1E-16,1.755875671608,-2.843749999318));
#2257 = CARTESIAN_POINT('',(0.760316468749,1.316906753706,
    -2.885416665984));
#2258 = CARTESIAN_POINT('',(1.520632937499,0.877937835804,
    -2.927083332651));
#2259 = CARTESIAN_POINT('',(1.520632937499,1.9E-16,-2.968749999318));
#2260 = CARTESIAN_POINT('',(1.520632937499,-0.877937835804,
    -3.010416665984));
#2261 = CARTESIAN_POINT('',(0.760316468749,-1.316906753706,
    -3.052083332651));
#2262 = CARTESIAN_POINT('',(3.2E-16,-1.755875671608,-3.093749999318));
#2263 = CARTESIAN_POINT('',(-0.760316468749,-1.316906753706,
    -3.135416665984));
#2264 = CARTESIAN_POINT('',(-1.520632937499,-0.877937835804,
    -3.177083332651));
#2265 = CARTESIAN_POINT('',(-1.520632937499,0.,-3.218749999318));
#2266 = CARTESIAN_POINT('',(-1.520632937499,0.877937835804,
    -3.260416665984));
#2267 = CARTESIAN_POINT('',(-0.760316468749,1.316906753706,
    -3.302083332651));
#2268 = CARTESIAN_POINT('',(-1.1E-16,1.755875671608,-3.343749999318));
#2269 = CARTESIAN_POINT('',(0.760316468749,1.316906753706,
    -3.385416665984));
#2270 = CARTESIAN_POINT('',(1.520632937499,0.877937835804,
    -3.427083332651));
#2271 = CARTESIAN_POINT('',(1.520632937499,1.9E-16,-3.468749999318));
#2272 = CARTESIAN_POINT('',(1.520632937499,-0.877937835804,
    -3.510416665984));
#2273 = CARTESIAN_POINT('',(0.760316468749,-1.316906753706,
    -3.552083332651));
#2274 = CARTESIAN_POINT('',(3.2E-16,-1.755875671608,-3.593749999318));
#2275 = CARTESIAN_POINT('',(-0.760316468749,-1.316906753706,
    -3.635416665984));
#2276 = CARTESIAN_POINT('',(-1.520632937499,-0.877937835804,
    -3.677083332651));
#2277 = CARTESIAN_POINT('',(-1.520632937499,0.,-3.718749999318));
#2278 = CARTESIAN_POINT('',(-1.520632937499,0.877937835804,
    -3.760416665984));
#2279 = CARTESIAN_POINT('',(-0.760316468749,1.316906753706,
    -3.802083332651));
#2280 = CARTESIAN_POINT('',(-1.1E-16,1.755875671608,-3.843749999318));
#2281 = CARTESIAN_POINT('',(0.760316468749,1.316906753706,
    -3.885416665984));
#2282 = CARTESIAN_POINT('',(1.520632937499,0.877937835804,
    -3.927083332651));
#2283 = CARTESIAN_POINT('',(1.520632937499,1.9E-16,-3.968749999318));
#2284 = CARTESIAN_POINT('',(1.520632937499,-0.877937835804,
    -4.010416665984));
#2285 = CARTESIAN_POINT('',(0.760316468749,-1.316906753706,
    -4.052083332651));
#2286 = CARTESIAN_POINT('',(3.2E-16,-1.755875671608,-4.093749999318));
#2287 = CARTESIAN_POINT('',(-0.760316468749,-1.316906753706,
    -4.135416665984));
#2288 = CARTESIAN_POINT('',(-1.520632937499,-0.877937835804,
    -4.177083332651));
#2289 = CARTESIAN_POINT('',(-1.520632937499,0.,-4.218749999318));
#2290 = CARTESIAN_POINT('',(-1.520632937499,0.877937835804,
    -4.260416665984));
#2291 = CARTESIAN_POINT('',(-0.760316468749,1.316906753706,
    -4.302083332651));
#2292 = CARTESIAN_POINT('',(-1.1E-16,1.755875671608,-4.343749999318));
#2293 = CARTESIAN_POINT('',(0.760316468749,1.316906753706,
    -4.385416665984));
#2294 = CARTESIAN_POINT('',(1.520632937499,0.877937835804,
    -4.427083332651));
#2295 = CARTESIAN_POINT('',(1.520632937499,1.9E-16,-4.468749999318));
#2296 = CARTESIAN_POINT('',(1.520632937499,-0.877937835804,
    -4.510416665984));
#2297 = CARTESIAN_POINT('',(0.760316468749,-1.316906753706,
    -4.552083332651));
#2298 = CARTESIAN_POINT('',(3.2E-16,-1.755875671608,-4.593749999318));
#2299 = CARTESIAN_POINT('',(-0.760316468749,-1.316906753706,
    -4.635416665984));
#2300 = CARTESIAN_POINT('',(-1.520632937499,-0.877937835804,
    -4.677083332651));
#2301 = CARTESIAN_POINT('',(-1.520632937499,0.,-4.718749999318));
#2302 = CARTESIAN_POINT('',(-1.520632937499,0.877937835804,
    -4.760416665984));
#2303 = CARTESIAN_POINT('',(-0.760316468749,1.316906753706,
    -4.802083332651));
#2304 = CARTESIAN_POINT('',(-1.1E-16,1.755875671608,-4.843749999318));
#2305 = CARTESIAN_POINT('',(0.760316468749,1.316906753706,
    -4.885416665984));
#2306 = CARTESIAN_POINT('',(1.520632937499,0.877937835804,
    -4.927083332651));
#2307 = CARTESIAN_POINT('',(1.520632937499,1.9E-16,-4.968749999318));
#2308 = CARTESIAN_POINT('',(1.520632937499,-0.877937835804,
    -5.010416665983));
#2309 = CARTESIAN_POINT('',(0.760316468749,-1.316906753706,
    -5.05208333265));
#2310 = CARTESIAN_POINT('',(3.2E-16,-1.755875671608,-5.093749999317));
#2311 = CARTESIAN_POINT('',(-0.760316468749,-1.316906753706,
    -5.135416665983));
#2312 = CARTESIAN_POINT('',(-1.520632937499,-0.877937835804,
    -5.17708333265));
#2313 = CARTESIAN_POINT('',(-1.520632937499,0.,-5.218749999317));
#2314 = CARTESIAN_POINT('',(-1.520632937499,0.877937835804,
    -5.260416665983));
#2315 = CARTESIAN_POINT('',(-0.760316468749,1.316906753706,
    -5.30208333265));
#2316 = CARTESIAN_POINT('',(-1.1E-16,1.755875671608,-5.343749999317));
#2317 = CARTESIAN_POINT('',(0.760316468749,1.316906753706,
    -5.385416665983));
#2318 = CARTESIAN_POINT('',(1.520632937499,0.877937835804,-5.42708333265
    ));
#2319 = CARTESIAN_POINT('',(1.520632937499,1.9E-16,-5.468749999317));
#2320 = CARTESIAN_POINT('',(1.520632937499,-0.877937835804,
    -5.510416665983));
#2321 = CARTESIAN_POINT('',(0.760316468749,-1.316906753706,
    -5.55208333265));
#2322 = CARTESIAN_POINT('',(3.2E-16,-1.755875671608,-5.593749999317));
#2323 = CARTESIAN_POINT('',(-0.760316468749,-1.316906753706,
    -5.635416665983));
#2324 = CARTESIAN_POINT('',(-1.520632937499,-0.877937835804,
    -5.67708333265));
#2325 = CARTESIAN_POINT('',(-1.520632937499,0.,-5.718749999317));
#2326 = CARTESIAN_POINT('',(-1.520632937499,0.877937835804,
    -5.760416665983));
#2327 = CARTESIAN_POINT('',(-0.760316468749,1.316906753706,
    -5.80208333265));
#2328 = CARTESIAN_POINT('',(-1.1E-16,1.755875671608,-5.843749999317));
#2329 = CARTESIAN_POINT('',(0.760316468749,1.316906753706,
    -5.885416665983));
#2330 = CARTESIAN_POINT('',(1.520632937499,0.877937835804,-5.92708333265
    ));
#2331 = CARTESIAN_POINT('',(1.520632937499,1.9E-16,-5.968749999317));
#2332 = CARTESIAN_POINT('',(1.520632937499,-0.877937835804,
    -6.010416665983));
#2333 = CARTESIAN_POINT('',(0.760316468749,-1.316906753706,
    -6.05208333265));
#2334 = CARTESIAN_POINT('',(3.2E-16,-1.755875671608,-6.093749999317));
#2335 = CARTESIAN_POINT('',(-0.760316468749,-1.316906753706,
    -6.135416665983));
#2336 = CARTESIAN_POINT('',(-1.520632937499,-0.877937835804,
    -6.17708333265));
#2337 = CARTESIAN_POINT('',(-1.520632937499,0.,-6.218749999317));
#2338 = CARTESIAN_POINT('',(-1.520632937499,0.877937835804,
    -6.260416665983));
#2339 = CARTESIAN_POINT('',(-0.760316468749,1.316906753706,
    -6.30208333265));
#2340 = CARTESIAN_POINT('',(-1.1E-16,1.755875671608,-6.343749999317));
#2341 = CARTESIAN_POINT('',(0.760316468749,1.316906753706,
    -6.385416665983));
#2342 = CARTESIAN_POINT('',(1.520632937499,0.877937835804,-6.42708333265
    ));
#2343 = CARTESIAN_POINT('',(1.520632937499,1.9E-16,-6.468749999317));
#2344 = CARTESIAN_POINT('',(1.520632937499,-0.877937835804,
    -6.510416665983));
#2345 = CARTESIAN_POINT('',(0.760316468749,-1.316906753706,
    -6.55208333265));
#2346 = CARTESIAN_POINT('',(3.2E-16,-1.755875671608,-6.593749999317));
#2347 = CARTESIAN_POINT('',(-0.760316468749,-1.316906753706,
    -6.635416665983));
#2348 = CARTESIAN_POINT('',(-1.520632937499,-0.877937835804,
    -6.67708333265));
#2349 = CARTESIAN_POINT('',(-1.520632937499,0.,-6.718749999317));
#2350 = CARTESIAN_POINT('',(-1.520632937499,0.877937835804,
    -6.760416665983));
#2351 = CARTESIAN_POINT('',(-0.760316468749,1.316906753706,
    -6.80208333265));
#2352 = CARTESIAN_POINT('',(-1.1E-16,1.755875671608,-6.843749999317));
#2353 = CARTESIAN_POINT('',(0.760316468749,1.316906753706,
    -6.885416665983));
#2354 = CARTESIAN_POINT('',(1.520632937499,0.877937835804,-6.92708333265
    ));
#2355 = CARTESIAN_POINT('',(1.520632937499,1.9E-16,-6.968749999317));
#2356 = CARTESIAN_POINT('',(1.520632937499,-0.877937835804,
    -7.010416665983));
#2357 = CARTESIAN_POINT('',(0.760316468749,-1.316906753706,
    -7.05208333265));
#2358 = CARTESIAN_POINT('',(3.2E-16,-1.755875671608,-7.093749999317));
#2359 = CARTESIAN_POINT('',(-0.760316468749,-1.316906753706,
    -7.135416665983));
#2360 = CARTESIAN_POINT('',(-1.520632937499,-0.877937835804,
    -7.17708333265));
#2361 = CARTESIAN_POINT('',(-1.520632937499,0.,-7.218749999317));
#2362 = CARTESIAN_POINT('',(-1.520632937499,0.877937835804,
    -7.260416665983));
#2363 = CARTESIAN_POINT('',(-0.760316468749,1.316906753706,
    -7.30208333265));
#2364 = CARTESIAN_POINT('',(-1.1E-16,1.755875671608,-7.343749999317));
#2365 = CARTESIAN_POINT('',(0.760316468749,1.316906753706,
    -7.385416665983));
#2366 = CARTESIAN_POINT('',(1.520632937499,0.877937835804,-7.42708333265
    ));
#2367 = CARTESIAN_POINT('',(1.520632937499,1.9E-16,-7.468749999317));
#2368 = CARTESIAN_POINT('',(1.520632937499,-0.877937835804,
    -7.510416665983));
#2369 = CARTESIAN_POINT('',(0.760316468749,-1.316906753706,
    -7.55208333265));
#2370 = CARTESIAN_POINT('',(3.2E-16,-1.755875671608,-7.593749999317));
#2371 = CARTESIAN_POINT('',(-0.760316468749,-1.316906753706,
    -7.635416665983));
#2372 = CARTESIAN_POINT('',(-1.520632937499,-0.877937835804,
    -7.67708333265));
#2373 = CARTESIAN_POINT('',(-1.520632937499,0.,-7.718749999317));
#2374 = CARTESIAN_POINT('',(-1.520632937499,0.877937835804,
    -7.760416665983));
#2375 = CARTESIAN_POINT('',(-0.760316468749,1.316906753706,
    -7.80208333265));
#2376 = CARTESIAN_POINT('',(-1.1E-16,1.755875671608,-7.843749999317));
#2377 = CARTESIAN_POINT('',(0.760316468749,1.316906753706,
    -7.885416665983));
#2378 = CARTESIAN_POINT('',(1.520632937499,0.877937835804,-7.92708333265
    ));
#2379 = CARTESIAN_POINT('',(1.520632937499,1.9E-16,-7.968749999317));
#2380 = CARTESIAN_POINT('',(1.520632937499,-0.877937835804,
    -8.010416665983));
#2381 = CARTESIAN_POINT('',(0.760316468749,-1.316906753706,
    -8.05208333265));
#2382 = CARTESIAN_POINT('',(3.2E-16,-1.755875671608,-8.093749999317));
#2383 = CARTESIAN_POINT('',(-0.760316468749,-1.316906753706,
    -8.135416665983));
#2384 = CARTESIAN_POINT('',(-1.520632937499,-0.877937835804,
    -8.17708333265));
#2385 = CARTESIAN_POINT('',(-1.520632937499,0.,-8.218749999317));
#2386 = CARTESIAN_POINT('',(-1.520632937499,0.877937835804,
    -8.260416665983));
#2387 = CARTESIAN_POINT('',(-0.760316468749,1.316906753706,
    -8.30208333265));
#2388 = CARTESIAN_POINT('',(-1.1E-16,1.755875671608,-8.343749999317));
#2389 = CARTESIAN_POINT('',(0.760316468749,1.316906753706,
    -8.385416665983));
#2390 = CARTESIAN_POINT('',(1.520632937499,0.877937835804,-8.42708333265
    ));
#2391 = CARTESIAN_POINT('',(1.520632937499,1.9E-16,-8.468749999317));
#2392 = CARTESIAN_POINT('',(1.520632937499,-0.877937835804,
    -8.510416665983));
#2393 = CARTESIAN_POINT('',(0.760316468749,-1.316906753706,
    -8.55208333265));
#2394 = CARTESIAN_POINT('',(3.2E-16,-1.755875671608,-8.593749999317));
#2395 = CARTESIAN_POINT('',(-0.760316468749,-1.316906753706,
    -8.635416665983));
#2396 = CARTESIAN_POINT('',(-1.520632937499,-0.877937835804,
    -8.67708333265));
#2397 = CARTESIAN_POINT('',(-1.520632937499,0.,-8.718749999317));
#2398 = CARTESIAN_POINT('',(-1.520632937499,0.877937835804,
    -8.760416665983));
#2399 = CARTESIAN_POINT('',(-0.760316468749,1.316906753706,
    -8.80208333265));
#2400 = CARTESIAN_POINT('',(-1.1E-16,1.755875671608,-8.843749999317));
#2401 = CARTESIAN_POINT('',(0.760316468749,1.316906753706,
    -8.885416665983));
#2402 = CARTESIAN_POINT('',(1.520632937499,0.877937835804,-8.92708333265
    ));
#2403 = CARTESIAN_POINT('',(1.520632937499,1.9E-16,-8.968749999317));
#2404 = CARTESIAN_POINT('',(1.520632937499,-0.877937835804,
    -9.010416665983));
#2405 = CARTESIAN_POINT('',(0.760316468749,-1.316906753706,
    -9.05208333265));
#2406 = CARTESIAN_POINT('',(3.2E-16,-1.755875671608,-9.093749999317));
#2407 = CARTESIAN_POINT('',(-0.760316468749,-1.316906753706,
    -9.135416665983));
#2408 = CARTESIAN_POINT('',(-1.520632937499,-0.877937835804,
    -9.17708333265));
#2409 = CARTESIAN_POINT('',(-1.520632937499,0.,-9.218749999317));
#2410 = CARTESIAN_POINT('',(-1.520632937499,0.877937835804,
    -9.260416665983));
#2411 = CARTESIAN_POINT('',(-0.760316468749,1.316906753706,
    -9.30208333265));
#2412 = CARTESIAN_POINT('',(-1.1E-16,1.755875671608,-9.343749999317));
#2413 = CARTESIAN_POINT('',(0.760316468749,1.316906753706,
    -9.385416665983));
#2414 = CARTESIAN_POINT('',(1.520632937499,0.877937835804,-9.42708333265
    ));
#2415 = CARTESIAN_POINT('',(1.520632937499,1.9E-16,-9.468749999317));
#2416 = CARTESIAN_POINT('',(1.520632937499,-0.877937835804,
    -9.510416665983));
#2417 = CARTESIAN_POINT('',(0.760316468749,-1.316906753706,
    -9.55208333265));
#2418 = CARTESIAN_POINT('',(3.2E-16,-1.755875671608,-9.593749999317));
#2419 = CARTESIAN_POINT('',(-0.760316468749,-1.316906753706,
    -9.635416665983));
#2420 = CARTESIAN_POINT('',(-1.520632937499,-0.877937835804,
    -9.67708333265));
#2421 = CARTESIAN_POINT('',(-1.520632937499,0.,-9.718749999317));
#2422 = ADVANCED_FACE('',(#2423),#2520,.T.);
#2423 = FACE_BOUND('',#2424,.T.);
#2424 = EDGE_LOOP('',(#2425,#2426,#2427,#2437,#2449,#2461));
#2425 = ORIENTED_EDGE('',*,*,#1388,.F.);
#2426 = ORIENTED_EDGE('',*,*,#119,.T.);
#2427 = ORIENTED_EDGE('',*,*,#2428,.T.);
#2428 = EDGE_CURVE('',#120,#2429,#2431,.T.);
#2429 = VERTEX_POINT('',#2430);
#2430 = CARTESIAN_POINT('',(1.249999999999,0.,4.375000001365));
#2431 = ( BOUNDED_CURVE() B_SPLINE_CURVE(2,(#2432,#2433,#2434,#2435,
#2436),.UNSPECIFIED.,.F.,.F.) B_SPLINE_CURVE_WITH_KNOTS((3,2,3),(
4.1666666751E-02,4.4444444444E-02,5.E-02),.UNSPECIFIED.) CURVE() 
GEOMETRIC_REPRESENTATION_ITEM() RATIONAL_B_SPLINE_CURVE((0.933012701892,
0.93301270394,1.,0.866025403784,1.)) REPRESENTATION_ITEM('') );
#2432 = CARTESIAN_POINT('',(2.048391554E-08,1.249999999999,
    4.499999999999));
#2433 = CARTESIAN_POINT('',(0.334936500045,1.249999994511,4.477670901362
    ));
#2434 = CARTESIAN_POINT('',(0.624999999999,1.08253175473,4.458333334698)
  );
#2435 = CARTESIAN_POINT('',(1.249999999999,0.721687836487,4.416666668032
    ));
#2436 = CARTESIAN_POINT('',(1.249999999999,1.5E-16,4.375000001365));
#2437 = ORIENTED_EDGE('',*,*,#2438,.T.);
#2438 = EDGE_CURVE('',#2429,#2439,#2441,.T.);
#2439 = VERTEX_POINT('',#2440);
#2440 = CARTESIAN_POINT('',(-1.249999999999,0.,4.125000001365));
#2441 = ( BOUNDED_CURVE() B_SPLINE_CURVE(2,(#2442,#2443,#2444,#2445,
#2446,#2447,#2448),.UNSPECIFIED.,.F.,.F.) B_SPLINE_CURVE_WITH_KNOTS((3,2
    ,2,3),(5.E-02,5.5555555555E-02,6.1111111111E-02,6.6666666666E-02),
.UNSPECIFIED.) CURVE() GEOMETRIC_REPRESENTATION_ITEM() 
RATIONAL_B_SPLINE_CURVE((0.999999999999,0.866025403784,1.,0.866025403784
,1.,0.866025403784,0.999999999999)) REPRESENTATION_ITEM('') );
#2442 = CARTESIAN_POINT('',(1.249999999999,1.5E-16,4.375000001365));
#2443 = CARTESIAN_POINT('',(1.249999999999,-0.721687836487,
    4.333333334698));
#2444 = CARTESIAN_POINT('',(0.624999999999,-1.08253175473,4.291666668032
    ));
#2445 = CARTESIAN_POINT('',(2.7E-16,-1.443375672974,4.250000001365));
#2446 = CARTESIAN_POINT('',(-0.624999999999,-1.08253175473,
    4.208333334698));
#2447 = CARTESIAN_POINT('',(-1.249999999999,-0.721687836487,
    4.166666668032));
#2448 = CARTESIAN_POINT('',(-1.249999999999,0.,4.125000001365));
#2449 = ORIENTED_EDGE('',*,*,#2450,.T.);
#2450 = EDGE_CURVE('',#2439,#2451,#2453,.T.);
#2451 = VERTEX_POINT('',#2452);
#2452 = CARTESIAN_POINT('',(2.047500429725E-08,1.25,4.));
#2453 = ( BOUNDED_CURVE() B_SPLINE_CURVE(2,(#2454,#2455,#2456,#2457,
#2458,#2459,#2460),.UNSPECIFIED.,.F.,.F.) B_SPLINE_CURVE_WITH_KNOTS((3,2
    ,2,3),(6.6666666666E-02,7.2222222222E-02,7.7777777777E-02,
8.3333333333E-02),.UNSPECIFIED.) CURVE() GEOMETRIC_REPRESENTATION_ITEM()
 RATIONAL_B_SPLINE_CURVE((1.,0.866025403784,1.,0.866025403784,1.,
0.866025403784,0.999999999999)) REPRESENTATION_ITEM('') );
#2454 = CARTESIAN_POINT('',(-1.249999999999,0.,4.125000001365));
#2455 = CARTESIAN_POINT('',(-1.249999999999,0.721687836487,
    4.083333334698));
#2456 = CARTESIAN_POINT('',(-0.624999999999,1.08253175473,4.041666668032
    ));
#2457 = CARTESIAN_POINT('',(-9.E-17,1.443375672974,4.000000001365));
#2458 = CARTESIAN_POINT('',(0.624999999999,1.08253175473,3.958333334698)
  );
#2459 = CARTESIAN_POINT('',(1.249999999999,0.721687836487,3.916666668032
    ));
#2460 = CARTESIAN_POINT('',(1.249999999999,1.5E-16,3.875000001365));
#2461 = ORIENTED_EDGE('',*,*,#2462,.T.);
#2462 = EDGE_CURVE('',#2451,#1389,#2463,.T.);
#2463 = B_SPLINE_CURVE_WITH_KNOTS('',7,(#2464,#2465,#2466,#2467,#2468,
    #2469,#2470,#2471,#2472,#2473,#2474,#2475,#2476,#2477,#2478,#2479,
    #2480,#2481,#2482,#2483,#2484,#2485,#2486,#2487,#2488,#2489,#2490,
    #2491,#2492,#2493,#2494,#2495,#2496,#2497,#2498,#2499,#2500,#2501,
    #2502,#2503,#2504,#2505,#2506,#2507,#2508,#2509,#2510,#2511,#2512,
    #2513,#2514,#2515,#2516,#2517,#2518,#2519),.UNSPECIFIED.,.F.,.F.,(8,
    6,6,6,6,6,6,6,6,8),(0.,0.247255508997,0.254524021294,0.279129580367,
    0.456617311307,0.607732558334,0.6765814345,0.781546047414,
    0.795243875847,1.),.UNSPECIFIED.);
#2464 = CARTESIAN_POINT('',(2.047498419682E-08,1.25,4.));
#2465 = CARTESIAN_POINT('',(9.451159748022E-02,1.260913255316,4.));
#2466 = CARTESIAN_POINT('',(0.190146864825,1.263397137804,4.));
#2467 = CARTESIAN_POINT('',(0.286131992351,1.257317204291,4.));
#2468 = CARTESIAN_POINT('',(0.381651843977,1.242594974375,4.));
#2469 = CARTESIAN_POINT('',(0.475853028836,1.219224799902,4.));
#2470 = CARTESIAN_POINT('',(0.567849183159,1.187295375021,4.));
#2471 = CARTESIAN_POINT('',(0.659341246861,1.145831800128,4.));
#2472 = CARTESIAN_POINT('',(0.661951441644,1.144640203875,4.));
#2473 = CARTESIAN_POINT('',(0.66455865446,1.143441978019,4.));
#2474 = CARTESIAN_POINT('',(0.667162618182,1.142237685128,4.));
#2475 = CARTESIAN_POINT('',(0.669763211348,1.141027570374,4.));
#2476 = CARTESIAN_POINT('',(0.672360458158,1.139811561528,4.));
#2477 = CARTESIAN_POINT('',(0.683736043573,1.134451532025,4.));
#2478 = CARTESIAN_POINT('',(0.692480092136,1.130244062011,4.));
#2479 = CARTESIAN_POINT('',(0.701186111515,1.125967247076,4.));
#2480 = CARTESIAN_POINT('',(0.709853544096,1.121621478259,4.));
#2481 = CARTESIAN_POINT('',(0.718481837303,1.117207149479,4.));
#2482 = CARTESIAN_POINT('',(0.727070443596,1.112724657539,4.));
#2483 = CARTESIAN_POINT('',(0.797280984325,1.075351961223,4.));
#2484 = CARTESIAN_POINT('',(0.856848531487,1.039004416908,4.));
#2485 = CARTESIAN_POINT('',(0.914120396003,0.999280665374,4.));
#2486 = CARTESIAN_POINT('',(0.968905022639,0.956338138368,4.));
#2487 = CARTESIAN_POINT('',(1.021020339631,0.910342564439,4.));
#2488 = CARTESIAN_POINT('',(1.070293731438,0.861467730196,4.));
#2489 = CARTESIAN_POINT('',(1.155955396799,0.765985787536,4.));
#2490 = CARTESIAN_POINT('',(1.193169615908,0.720121613642,4.));
#2491 = CARTESIAN_POINT('',(1.228103433527,0.67241562626,4.));
#2492 = CARTESIAN_POINT('',(1.260659412238,0.622986460766,4.));
#2493 = CARTESIAN_POINT('',(1.290744629774,0.571958822777,4.));
#2494 = CARTESIAN_POINT('',(1.318271396282,0.519463829396,4.));
#2495 = CARTESIAN_POINT('',(1.354496422049,0.441116643749,4.));
#2496 = CARTESIAN_POINT('',(1.365286813972,0.416318038071,4.));
#2497 = CARTESIAN_POINT('',(1.375521375907,0.391256613772,4.));
#2498 = CARTESIAN_POINT('',(1.385192628595,0.365945770754,4.));
#2499 = CARTESIAN_POINT('',(1.394293384976,0.340399228482,4.));
#2500 = CARTESIAN_POINT('',(1.402816750184,0.314631025989,4.));
#2501 = CARTESIAN_POINT('',(1.422860212263,0.249054167624,4.));
#2502 = CARTESIAN_POINT('',(1.433607098353,0.208970909081,4.));
#2503 = CARTESIAN_POINT('',(1.442973160565,0.168456750651,4.));
#2504 = CARTESIAN_POINT('',(1.450936936669,0.127564448983,4.));
#2505 = CARTESIAN_POINT('',(1.457479121461,8.634851296921E-02,4.));
#2506 = CARTESIAN_POINT('',(1.462582566767,4.486520374369E-02,4.));
#2507 = CARTESIAN_POINT('',(1.466708567342,-2.268337356249E-03,4.));
#2508 = CARTESIAN_POINT('',(1.467158878097,-7.709361834275E-03,4.));
#2509 = CARTESIAN_POINT('',(1.467589893498,-1.313722261115E-02,4.));
#2510 = CARTESIAN_POINT('',(1.467993598554,-1.855944736864E-02,4.));
#2511 = CARTESIAN_POINT('',(1.468376531619,-2.396739630932E-02,4.));
#2512 = CARTESIAN_POINT('',(1.468735575594,-2.936673366926E-02,4.));
#2513 = CARTESIAN_POINT('',(1.474103291518,-0.115368880637,4.));
#2514 = CARTESIAN_POINT('',(1.474173769677,-0.196070423356,4.));
#2515 = CARTESIAN_POINT('',(1.469307181155,-0.276536908714,4.));
#2516 = CARTESIAN_POINT('',(1.459546938955,-0.356447807304,4.));
#2517 = CARTESIAN_POINT('',(1.444955405903,-0.435489134841,4.));
#2518 = CARTESIAN_POINT('',(1.425613027962,-0.513353437561,4.));
#2519 = CARTESIAN_POINT('',(1.401617467539,-0.589739777611,4.));
#2520 = ( BOUNDED_SURFACE() B_SPLINE_SURFACE(1,2,(
    (#2521,#2522,#2523,#2524,#2525,#2526,#2527,#2528,#2529,#2530,#2531
      ,#2532,#2533,#2534,#2535,#2536,#2537,#2538,#2539,#2540,#2541,#2542
      ,#2543,#2544,#2545,#2546,#2547,#2548,#2549,#2550,#2551,#2552,#2553
      ,#2554,#2555,#2556,#2557,#2558,#2559,#2560,#2561,#2562,#2563,#2564
      ,#2565,#2566,#2567,#2568,#2569,#2570,#2571,#2572,#2573,#2574,#2575
      ,#2576,#2577,#2578,#2579,#2580,#2581,#2582,#2583,#2584,#2585,#2586
      ,#2587,#2588,#2589,#2590,#2591,#2592,#2593,#2594,#2595,#2596,#2597
      ,#2598,#2599,#2600,#2601,#2602,#2603,#2604,#2605,#2606,#2607,#2608
      ,#2609,#2610,#2611,#2612,#2613,#2614,#2615,#2616,#2617,#2618,#2619
      ,#2620,#2621,#2622,#2623,#2624,#2625,#2626,#2627,#2628,#2629,#2630
      ,#2631,#2632,#2633,#2634,#2635,#2636,#2637,#2638,#2639,#2640,#2641
      ,#2642,#2643,#2644,#2645,#2646,#2647,#2648,#2649,#2650,#2651,#2652
      ,#2653,#2654,#2655,#2656,#2657,#2658,#2659,#2660,#2661,#2662,#2663
      ,#2664,#2665,#2666,#2667,#2668,#2669,#2670,#2671,#2672,#2673,#2674
      ,#2675,#2676,#2677,#2678,#2679,#2680,#2681,#2682,#2683,#2684,#2685
      ,#2686,#2687,#2688,#2689,#2690,#2691,#2692,#2693,#2694,#2695,#2696
      ,#2697,#2698,#2699,#2700,#2701,#2702,#2703,#2704,#2705,#2706,#2707
      ,#2708,#2709,#2710,#2711,#2712,#2713,#2714,#2715,#2716,#2717,#2718
      ,#2719,#2720,#2721,#2722,#2723,#2724,#2725,#2726,#2727,#2728,#2729
      ,#2730,#2731,#2732,#2733,#2734,#2735,#2736,#2737,#2738,#2739,#2740
      ,#2741,#2742,#2743,#2744,#2745,#2746,#2747,#2748,#2749,#2750,#2751
      ,#2752,#2753,#2754,#2755,#2756,#2757,#2758,#2759,#2760,#2761,#2762
      ,#2763,#2764,#2765,#2766,#2767,#2768,#2769,#2770,#2771,#2772,#2773
      ,#2774,#2775,#2776,#2777,#2778,#2779,#2780,#2781,#2782,#2783,#2784
      ,#2785,#2786,#2787,#2788,#2789,#2790,#2791,#2792,#2793,#2794,#2795
      ,#2796,#2797,#2798,#2799,#2800,#2801,#2802,#2803,#2804,#2805,#2806
      ,#2807,#2808,#2809,#2810,#2811,#2812,#2813,#2814,#2815,#2816,#2817
      ,#2818,#2819,#2820,#2821,#2822,#2823,#2824,#2825,#2826,#2827,#2828
      ,#2829,#2830,#2831,#2832,#2833,#2834,#2835,#2836,#2837,#2838,#2839
      ,#2840,#2841,#2842,#2843,#2844,#2845,#2846,#2847,#2848,#2849,#2850
      ,#2851,#2852,#2853,#2854,#2855,#2856,#2857,#2858,#2859,#2860,#2861
      ,#2862,#2863,#2864,#2865,#2866,#2867,#2868,#2869,#2870,#2871,#2872
      ,#2873,#2874,#2875,#2876,#2877,#2878,#2879,#2880,#2881)
    ,(#2882,#2883,#2884,#2885,#2886,#2887,#2888,#2889,#2890,#2891,#2892
      ,#2893,#2894,#2895,#2896,#2897,#2898,#2899,#2900,#2901,#2902,#2903
      ,#2904,#2905,#2906,#2907,#2908,#2909,#2910,#2911,#2912,#2913,#2914
      ,#2915,#2916,#2917,#2918,#2919,#2920,#2921,#2922,#2923,#2924,#2925
      ,#2926,#2927,#2928,#2929,#2930,#2931,#2932,#2933,#2934,#2935,#2936
      ,#2937,#2938,#2939,#2940,#2941,#2942,#2943,#2944,#2945,#2946,#2947
      ,#2948,#2949,#2950,#2951,#2952,#2953,#2954,#2955,#2956,#2957,#2958
      ,#2959,#2960,#2961,#2962,#2963,#2964,#2965,#2966,#2967,#2968,#2969
      ,#2970,#2971,#2972,#2973,#2974,#2975,#2976,#2977,#2978,#2979,#2980
      ,#2981,#2982,#2983,#2984,#2985,#2986,#2987,#2988,#2989,#2990,#2991
      ,#2992,#2993,#2994,#2995,#2996,#2997,#2998,#2999,#3000,#3001,#3002
      ,#3003,#3004,#3005,#3006,#3007,#3008,#3009,#3010,#3011,#3012,#3013
      ,#3014,#3015,#3016,#3017,#3018,#3019,#3020,#3021,#3022,#3023,#3024
      ,#3025,#3026,#3027,#3028,#3029,#3030,#3031,#3032,#3033,#3034,#3035
      ,#3036,#3037,#3038,#3039,#3040,#3041,#3042,#3043,#3044,#3045,#3046
      ,#3047,#3048,#3049,#3050,#3051,#3052,#3053,#3054,#3055,#3056,#3057
      ,#3058,#3059,#3060,#3061,#3062,#3063,#3064,#3065,#3066,#3067,#3068
      ,#3069,#3070,#3071,#3072,#3073,#3074,#3075,#3076,#3077,#3078,#3079
      ,#3080,#3081,#3082,#3083,#3084,#3085,#3086,#3087,#3088,#3089,#3090
      ,#3091,#3092,#3093,#3094,#3095,#3096,#3097,#3098,#3099,#3100,#3101
      ,#3102,#3103,#3104,#3105,#3106,#3107,#3108,#3109,#3110,#3111,#3112
      ,#3113,#3114,#3115,#3116,#3117,#3118,#3119,#3120,#3121,#3122,#3123
      ,#3124,#3125,#3126,#3127,#3128,#3129,#3130,#3131,#3132,#3133,#3134
      ,#3135,#3136,#3137,#3138,#3139,#3140,#3141,#3142,#3143,#3144,#3145
      ,#3146,#3147,#3148,#3149,#3150,#3151,#3152,#3153,#3154,#3155,#3156
      ,#3157,#3158,#3159,#3160,#3161,#3162,#3163,#3164,#3165,#3166,#3167
      ,#3168,#3169,#3170,#3171,#3172,#3173,#3174,#3175,#3176,#3177,#3178
      ,#3179,#3180,#3181,#3182,#3183,#3184,#3185,#3186,#3187,#3188,#3189
      ,#3190,#3191,#3192,#3193,#3194,#3195,#3196,#3197,#3198,#3199,#3200
      ,#3201,#3202,#3203,#3204,#3205,#3206,#3207,#3208,#3209,#3210,#3211
      ,#3212,#3213,#3214,#3215,#3216,#3217,#3218,#3219,#3220,#3221,#3222
      ,#3223,#3224,#3225,#3226,#3227,#3228,#3229,#3230,#3231,#3232,#3233
      ,#3234,#3235,#3236,#3237,#3238,#3239,#3240,#3241,#3242
)),.UNSPECIFIED.,.F.,.F.,.F.) B_SPLINE_SURFACE_WITH_KNOTS((2,2),(3,2,2,2
    ,2,2,2,2,2,2,2,2,2,2,2,2,2,2,2,2,2,2,2,2,2,2,2,2,2,2,2,2,2,2,2,2,2,2
    ,2,2,2,2,2,2,2,2,2,2,2,2,2,2,2,2,2,2,2,2,2,2,2,2,2,2,2,2,2,2,2,2,2,2
    ,2,2,2,2,2,2,2,2,2,2,2,2,2,2,2,2,2,2,2,2,2,2,2,2,2,2,2,2,2,2,2,2,2,2
    ,2,2,2,2,2,2,2,2,2,2,2,2,2,2,2,2,2,2,2,2,2,2,2,2,2,2,2,2,2,2,2,2,2,2
    ,2,2,2,2,2,2,2,2,2,2,2,2,2,2,2,2,2,2,2,2,2,2,2,2,2,2,2,2,2,2,2,2,2,2
    ,2,2,2,2,2,2,3),(0.,1.),(0.,5.555555555E-03,1.1111111111E-02,
    1.6666666666E-02,2.2222222222E-02,2.7777777777E-02,3.3333333333E-02,
    3.8888888888E-02,4.4444444444E-02,5.E-02,5.5555555555E-02,
    6.1111111111E-02,6.6666666666E-02,7.2222222222E-02,7.7777777777E-02,
    8.3333333333E-02,8.8888888888E-02,9.4444444444E-02,0.1,
    0.105555555555,0.111111111111,0.116666666666,0.122222222222,
    0.127777777777,0.133333333333,0.138888888888,0.144444444444,
    0.149999999999,0.155555555555,0.161111111111,0.166666666666,
    0.172222222222,0.177777777777,0.183333333333,0.188888888888,
    0.194444444444,0.2,0.205555555555,0.211111111111,0.216666666666,
    0.222222222222,0.227777777777,0.233333333333,0.238888888888,
    0.244444444444,0.25,0.255555555555,0.261111111111,0.266666666666,
    0.272222222222,0.277777777777,0.283333333333,0.288888888888,
    0.294444444444,0.299999999999,0.305555555555,0.311111111111,
    0.316666666666,0.322222222222,0.327777777777,0.333333333333,
    0.338888888888,0.344444444444,0.349999999999,0.355555555555,
    0.361111111111,0.366666666666,0.372222222222,0.377777777777,
    0.383333333333,0.388888888888,0.394444444444,0.4,0.405555555555,
    0.411111111111,0.416666666666,0.422222222222,0.427777777777,
    0.433333333333,0.438888888888,0.444444444444,0.45,0.455555555555,
    0.461111111111,0.466666666666,0.472222222222,0.477777777777,
    0.483333333333,0.488888888888,0.494444444444,0.5,0.505555555555,
    0.511111111111,0.516666666666,0.522222222222,0.527777777777,
    0.533333333333,0.538888888888,0.544444444444,0.55,0.555555555555,
    0.561111111111,0.566666666666,0.572222222222,0.577777777777,
    0.583333333333,0.588888888888,0.594444444444,0.599999999999,
    0.605555555555,0.611111111111,0.616666666666,0.622222222222,
    0.627777777777,0.633333333333,0.638888888888,0.644444444444,0.65,
    0.655555555555,0.661111111111,0.666666666666,0.672222222222,
    0.677777777777,0.683333333333,0.688888888888,0.694444444444,
    0.699999999999,0.705555555555,0.711111111111,0.716666666666,
    0.722222222222,0.727777777777,0.733333333333,0.738888888888,
    0.744444444444,0.75,0.755555555555,0.761111111111,0.766666666666,
    0.772222222222,0.777777777777,0.783333333333,0.788888888888,
    0.794444444444,0.8,0.805555555555,0.811111111111,0.816666666666,
    0.822222222222,0.827777777777,0.833333333333,0.838888888888,
    0.844444444444,0.849999999999,0.855555555555,0.861111111111,
    0.866666666666,0.872222222222,0.877777777777,0.883333333333,
    0.888888888888,0.894444444444,0.9,0.905555555555,0.911111111111,
    0.916666666666,0.922222222222,0.927777777777,0.933333333333,
    0.938888888888,0.944444444444,0.949999999999,0.955555555555,
    0.961111111111,0.966666666666,0.972222222222,0.977777777777,
    0.983333333333,0.988888888888,0.994444444444,1.),.UNSPECIFIED.) 
GEOMETRIC_REPRESENTATION_ITEM() RATIONAL_B_SPLINE_SURFACE((
    (1.,0.866025403784,1.,0.866025403784,1.,0.866025403784,1.
      ,0.866025403784,1.,0.866025403784,1.,0.866025403784,1.
      ,0.866025403784,1.,0.866025403784,1.,0.866025403784,1.
      ,0.866025403784,1.,0.866025403784,1.,0.866025403784,1.
      ,0.866025403784,1.,0.866025403784,1.,0.866025403784,1.
      ,0.866025403784,1.,0.866025403784,1.,0.866025403784,1.
      ,0.866025403784,1.,0.866025403784,1.,0.866025403784,1.
      ,0.866025403784,1.,0.866025403784,1.,0.866025403784,1.
      ,0.866025403784,1.,0.866025403784,1.,0.866025403784,1.
      ,0.866025403784,1.,0.866025403784,1.,0.866025403784,1.
      ,0.866025403784,1.,0.866025403784,1.,0.866025403784,1.
      ,0.866025403784,1.,0.866025403784,1.,0.866025403784,1.
      ,0.866025403784,1.,0.866025403784,1.,0.866025403784,1.
      ,0.866025403784,1.,0.866025403784,1.,0.866025403784,1.
      ,0.866025403784,1.,0.866025403784,1.,0.866025403784,1.
      ,0.866025403784,1.,0.866025403784,1.,0.866025403784,1.
      ,0.866025403784,1.,0.866025403784,1.,0.866025403784,1.
      ,0.866025403784,1.,0.866025403784,1.,0.866025403784,1.
      ,0.866025403784,1.,0.866025403784,1.,0.866025403784,1.
      ,0.866025403784,1.,0.866025403784,1.,0.866025403784,1.
      ,0.866025403784,1.,0.866025403784,1.,0.866025403784,1.
      ,0.866025403784,1.,0.866025403784,1.,0.866025403784,1.
      ,0.866025403784,1.,0.866025403784,1.,0.866025403784,1.
      ,0.866025403784,1.,0.866025403784,1.,0.866025403784,1.
      ,0.866025403784,1.,0.866025403784,1.,0.866025403784,1.
      ,0.866025403784,1.,0.866025403784,1.,0.866025403784,1.
      ,0.866025403784,1.,0.866025403784,1.,0.866025403784,1.
      ,0.866025403784,1.,0.866025403784,1.,0.866025403784,1.
      ,0.866025403784,1.,0.866025403784,1.,0.866025403784,1.
      ,0.866025403784,1.,0.866025403784,1.,0.866025403784,1.
      ,0.866025403784,1.,0.866025403784,1.,0.866025403784,1.
      ,0.866025403784,1.,0.866025403784,1.,0.866025403784,1.
      ,0.866025403784,1.,0.866025403784,1.,0.866025403784,1.
      ,0.866025403784,1.,0.866025403784,1.,0.866025403784,1.
      ,0.866025403784,1.,0.866025403784,1.,0.866025403784,1.
      ,0.866025403784,1.,0.866025403784,1.,0.866025403784,1.
      ,0.866025403784,1.,0.866025403784,1.,0.866025403784,1.
      ,0.866025403784,1.,0.866025403784,1.,0.866025403784,1.
      ,0.866025403784,1.,0.866025403784,1.,0.866025403784,1.
      ,0.866025403784,1.,0.866025403784,1.,0.866025403784,1.
      ,0.866025403784,1.,0.866025403784,1.,0.866025403784,1.
      ,0.866025403784,1.,0.866025403784,1.,0.866025403784,1.
      ,0.866025403784,1.,0.866025403784,1.,0.866025403784,1.
      ,0.866025403784,1.,0.866025403784,1.,0.866025403784,1.
      ,0.866025403784,1.,0.866025403784,1.,0.866025403784,1.
      ,0.866025403784,1.,0.866025403784,1.,0.866025403784,1.
      ,0.866025403784,1.,0.866025403784,1.,0.866025403784,1.
      ,0.866025403784,1.,0.866025403784,1.,0.866025403784,1.
      ,0.866025403784,1.,0.866025403784,1.,0.866025403784,1.
      ,0.866025403784,1.,0.866025403784,1.,0.866025403784,1.
      ,0.866025403784,1.,0.866025403784,1.,0.866025403784,1.
      ,0.866025403784,1.,0.866025403784,1.,0.866025403784,1.
      ,0.866025403784,1.,0.866025403784,1.,0.866025403784,1.
      ,0.866025403784,1.,0.866025403784,1.,0.866025403784,1.
      ,0.866025403784,1.,0.866025403784,1.,0.866025403784,1.
      ,0.866025403784,1.,0.866025403784,1.,0.866025403784,1.
      ,0.866025403784,1.,0.866025403784,1.,0.866025403784,1.
      ,0.866025403784,1.,0.866025403784,1.,0.866025403784,1.
      ,0.866025403784,1.,0.866025403784,1.,0.866025403784,1.
      ,0.866025403784,1.,0.866025403784,1.,0.866025403784,1.)
    ,(1.,0.866025403784,1.,0.866025403784,1.,0.866025403784,1.
      ,0.866025403784,1.,0.866025403784,1.,0.866025403784,1.
      ,0.866025403784,1.,0.866025403784,1.,0.866025403784,1.
      ,0.866025403784,1.,0.866025403784,1.,0.866025403784,1.
      ,0.866025403784,1.,0.866025403784,1.,0.866025403784,1.
      ,0.866025403784,1.,0.866025403784,1.,0.866025403784,1.
      ,0.866025403784,1.,0.866025403784,1.,0.866025403784,1.
      ,0.866025403784,1.,0.866025403784,1.,0.866025403784,1.
      ,0.866025403784,1.,0.866025403784,1.,0.866025403784,1.
      ,0.866025403784,1.,0.866025403784,1.,0.866025403784,1.
      ,0.866025403784,1.,0.866025403784,1.,0.866025403784,1.
      ,0.866025403784,1.,0.866025403784,1.,0.866025403784,1.
      ,0.866025403784,1.,0.866025403784,1.,0.866025403784,1.
      ,0.866025403784,1.,0.866025403784,1.,0.866025403784,1.
      ,0.866025403784,1.,0.866025403784,1.,0.866025403784,1.
      ,0.866025403784,1.,0.866025403784,1.,0.866025403784,1.
      ,0.866025403784,1.,0.866025403784,1.,0.866025403784,1.
      ,0.866025403784,1.,0.866025403784,1.,0.866025403784,1.
      ,0.866025403784,1.,0.866025403784,1.,0.866025403784,1.
      ,0.866025403784,1.,0.866025403784,1.,0.866025403784,1.
      ,0.866025403784,1.,0.866025403784,1.,0.866025403784,1.
      ,0.866025403784,1.,0.866025403784,1.,0.866025403784,1.
      ,0.866025403784,1.,0.866025403784,1.,0.866025403784,1.
      ,0.866025403784,1.,0.866025403784,1.,0.866025403784,1.
      ,0.866025403784,1.,0.866025403784,1.,0.866025403784,1.
      ,0.866025403784,1.,0.866025403784,1.,0.866025403784,1.
      ,0.866025403784,1.,0.866025403784,1.,0.866025403784,1.
      ,0.866025403784,1.,0.866025403784,1.,0.866025403784,1.
      ,0.866025403784,1.,0.866025403784,1.,0.866025403784,1.
      ,0.866025403784,1.,0.866025403784,1.,0.866025403784,1.
      ,0.866025403784,1.,0.866025403784,1.,0.866025403784,1.
      ,0.866025403784,1.,0.866025403784,1.,0.866025403784,1.
      ,0.866025403784,1.,0.866025403784,1.,0.866025403784,1.
      ,0.866025403784,1.,0.866025403784,1.,0.866025403784,1.
      ,0.866025403784,1.,0.866025403784,1.,0.866025403784,1.
      ,0.866025403784,1.,0.866025403784,1.,0.866025403784,1.
      ,0.866025403784,1.,0.866025403784,1.,0.866025403784,1.
      ,0.866025403784,1.,0.866025403784,1.,0.866025403784,1.
      ,0.866025403784,1.,0.866025403784,1.,0.866025403784,1.
      ,0.866025403784,1.,0.866025403784,1.,0.866025403784,1.
      ,0.866025403784,1.,0.866025403784,1.,0.866025403784,1.
      ,0.866025403784,1.,0.866025403784,1.,0.866025403784,1.
      ,0.866025403784,1.,0.866025403784,1.,0.866025403784,1.
      ,0.866025403784,1.,0.866025403784,1.,0.866025403784,1.
      ,0.866025403784,1.,0.866025403784,1.,0.866025403784,1.
      ,0.866025403784,1.,0.866025403784,1.,0.866025403784,1.
      ,0.866025403784,1.,0.866025403784,1.,0.866025403784,1.
      ,0.866025403784,1.,0.866025403784,1.,0.866025403784,1.
      ,0.866025403784,1.,0.866025403784,1.,0.866025403784,1.
      ,0.866025403784,1.,0.866025403784,1.,0.866025403784,1.
      ,0.866025403784,1.,0.866025403784,1.,0.866025403784,1.
      ,0.866025403784,1.,0.866025403784,1.,0.866025403784,1.
      ,0.866025403784,1.,0.866025403784,1.,0.866025403784,1.
      ,0.866025403784,1.,0.866025403784,1.,0.866025403784,1.
      ,0.866025403784,1.,0.866025403784,1.,0.866025403784,1.
      ,0.866025403784,1.,0.866025403784,1.,0.866025403784,1.
      ,0.866025403784,1.,0.866025403784,1.,0.866025403784,1.
      ,0.866025403784,1.,0.866025403784,1.,0.866025403784,1.
      ,0.866025403784,1.,0.866025403784,1.,0.866025403784,1.
      ,0.866025403784,1.,0.866025403784,1.,0.866025403784,1.
))) REPRESENTATION_ITEM('') SURFACE() );
#2521 = CARTESIAN_POINT('',(-1.520632937499,0.,5.281250000682));
#2522 = CARTESIAN_POINT('',(-1.520632937499,0.877937835804,
    5.239583334016));
#2523 = CARTESIAN_POINT('',(-0.760316468749,1.316906753706,
    5.197916667349));
#2524 = CARTESIAN_POINT('',(-1.1E-16,1.755875671608,5.156250000682));
#2525 = CARTESIAN_POINT('',(0.760316468749,1.316906753706,5.114583334016
    ));
#2526 = CARTESIAN_POINT('',(1.520632937499,0.877937835804,5.072916667349
    ));
#2527 = CARTESIAN_POINT('',(1.520632937499,1.9E-16,5.031250000682));
#2528 = CARTESIAN_POINT('',(1.520632937499,-0.877937835804,
    4.989583334016));
#2529 = CARTESIAN_POINT('',(0.760316468749,-1.316906753706,
    4.947916667349));
#2530 = CARTESIAN_POINT('',(3.2E-16,-1.755875671608,4.906250000682));
#2531 = CARTESIAN_POINT('',(-0.760316468749,-1.316906753706,
    4.864583334016));
#2532 = CARTESIAN_POINT('',(-1.520632937499,-0.877937835804,
    4.822916667349));
#2533 = CARTESIAN_POINT('',(-1.520632937499,0.,4.781250000682));
#2534 = CARTESIAN_POINT('',(-1.520632937499,0.877937835804,
    4.739583334016));
#2535 = CARTESIAN_POINT('',(-0.760316468749,1.316906753706,
    4.697916667349));
#2536 = CARTESIAN_POINT('',(-1.1E-16,1.755875671608,4.656250000682));
#2537 = CARTESIAN_POINT('',(0.760316468749,1.316906753706,4.614583334016
    ));
#2538 = CARTESIAN_POINT('',(1.520632937499,0.877937835804,4.572916667349
    ));
#2539 = CARTESIAN_POINT('',(1.520632937499,1.9E-16,4.531250000682));
#2540 = CARTESIAN_POINT('',(1.520632937499,-0.877937835804,
    4.489583334016));
#2541 = CARTESIAN_POINT('',(0.760316468749,-1.316906753706,
    4.447916667349));
#2542 = CARTESIAN_POINT('',(3.2E-16,-1.755875671608,4.406250000682));
#2543 = CARTESIAN_POINT('',(-0.760316468749,-1.316906753706,
    4.364583334016));
#2544 = CARTESIAN_POINT('',(-1.520632937499,-0.877937835804,
    4.322916667349));
#2545 = CARTESIAN_POINT('',(-1.520632937499,0.,4.281250000682));
#2546 = CARTESIAN_POINT('',(-1.520632937499,0.877937835804,
    4.239583334016));
#2547 = CARTESIAN_POINT('',(-0.760316468749,1.316906753706,
    4.197916667349));
#2548 = CARTESIAN_POINT('',(-1.1E-16,1.755875671608,4.156250000682));
#2549 = CARTESIAN_POINT('',(0.760316468749,1.316906753706,4.114583334016
    ));
#2550 = CARTESIAN_POINT('',(1.520632937499,0.877937835804,4.072916667349
    ));
#2551 = CARTESIAN_POINT('',(1.520632937499,1.9E-16,4.031250000682));
#2552 = CARTESIAN_POINT('',(1.520632937499,-0.877937835804,
    3.989583334016));
#2553 = CARTESIAN_POINT('',(0.760316468749,-1.316906753706,
    3.947916667349));
#2554 = CARTESIAN_POINT('',(3.2E-16,-1.755875671608,3.906250000682));
#2555 = CARTESIAN_POINT('',(-0.760316468749,-1.316906753706,
    3.864583334016));
#2556 = CARTESIAN_POINT('',(-1.520632937499,-0.877937835804,
    3.822916667349));
#2557 = CARTESIAN_POINT('',(-1.520632937499,0.,3.781250000682));
#2558 = CARTESIAN_POINT('',(-1.520632937499,0.877937835804,
    3.739583334016));
#2559 = CARTESIAN_POINT('',(-0.760316468749,1.316906753706,
    3.697916667349));
#2560 = CARTESIAN_POINT('',(-1.1E-16,1.755875671608,3.656250000682));
#2561 = CARTESIAN_POINT('',(0.760316468749,1.316906753706,3.614583334016
    ));
#2562 = CARTESIAN_POINT('',(1.520632937499,0.877937835804,3.572916667349
    ));
#2563 = CARTESIAN_POINT('',(1.520632937499,1.9E-16,3.531250000682));
#2564 = CARTESIAN_POINT('',(1.520632937499,-0.877937835804,
    3.489583334016));
#2565 = CARTESIAN_POINT('',(0.760316468749,-1.316906753706,
    3.447916667349));
#2566 = CARTESIAN_POINT('',(3.2E-16,-1.755875671608,3.406250000682));
#2567 = CARTESIAN_POINT('',(-0.760316468749,-1.316906753706,
    3.364583334016));
#2568 = CARTESIAN_POINT('',(-1.520632937499,-0.877937835804,
    3.322916667349));
#2569 = CARTESIAN_POINT('',(-1.520632937499,0.,3.281250000682));
#2570 = CARTESIAN_POINT('',(-1.520632937499,0.877937835804,
    3.239583334016));
#2571 = CARTESIAN_POINT('',(-0.760316468749,1.316906753706,
    3.197916667349));
#2572 = CARTESIAN_POINT('',(-1.1E-16,1.755875671608,3.156250000682));
#2573 = CARTESIAN_POINT('',(0.760316468749,1.316906753706,3.114583334016
    ));
#2574 = CARTESIAN_POINT('',(1.520632937499,0.877937835804,3.072916667349
    ));
#2575 = CARTESIAN_POINT('',(1.520632937499,1.9E-16,3.031250000682));
#2576 = CARTESIAN_POINT('',(1.520632937499,-0.877937835804,
    2.989583334016));
#2577 = CARTESIAN_POINT('',(0.760316468749,-1.316906753706,
    2.947916667349));
#2578 = CARTESIAN_POINT('',(3.2E-16,-1.755875671608,2.906250000682));
#2579 = CARTESIAN_POINT('',(-0.760316468749,-1.316906753706,
    2.864583334016));
#2580 = CARTESIAN_POINT('',(-1.520632937499,-0.877937835804,
    2.822916667349));
#2581 = CARTESIAN_POINT('',(-1.520632937499,0.,2.781250000682));
#2582 = CARTESIAN_POINT('',(-1.520632937499,0.877937835804,
    2.739583334016));
#2583 = CARTESIAN_POINT('',(-0.760316468749,1.316906753706,
    2.697916667349));
#2584 = CARTESIAN_POINT('',(-1.1E-16,1.755875671608,2.656250000682));
#2585 = CARTESIAN_POINT('',(0.760316468749,1.316906753706,2.614583334016
    ));
#2586 = CARTESIAN_POINT('',(1.520632937499,0.877937835804,2.572916667349
    ));
#2587 = CARTESIAN_POINT('',(1.520632937499,1.9E-16,2.531250000682));
#2588 = CARTESIAN_POINT('',(1.520632937499,-0.877937835804,
    2.489583334016));
#2589 = CARTESIAN_POINT('',(0.760316468749,-1.316906753706,
    2.447916667349));
#2590 = CARTESIAN_POINT('',(3.2E-16,-1.755875671608,2.406250000682));
#2591 = CARTESIAN_POINT('',(-0.760316468749,-1.316906753706,
    2.364583334016));
#2592 = CARTESIAN_POINT('',(-1.520632937499,-0.877937835804,
    2.322916667349));
#2593 = CARTESIAN_POINT('',(-1.520632937499,0.,2.281250000682));
#2594 = CARTESIAN_POINT('',(-1.520632937499,0.877937835804,
    2.239583334016));
#2595 = CARTESIAN_POINT('',(-0.760316468749,1.316906753706,
    2.197916667349));
#2596 = CARTESIAN_POINT('',(-1.1E-16,1.755875671608,2.156250000682));
#2597 = CARTESIAN_POINT('',(0.760316468749,1.316906753706,2.114583334016
    ));
#2598 = CARTESIAN_POINT('',(1.520632937499,0.877937835804,2.072916667349
    ));
#2599 = CARTESIAN_POINT('',(1.520632937499,1.9E-16,2.031250000682));
#2600 = CARTESIAN_POINT('',(1.520632937499,-0.877937835804,
    1.989583334016));
#2601 = CARTESIAN_POINT('',(0.760316468749,-1.316906753706,
    1.947916667349));
#2602 = CARTESIAN_POINT('',(3.2E-16,-1.755875671608,1.906250000682));
#2603 = CARTESIAN_POINT('',(-0.760316468749,-1.316906753706,
    1.864583334016));
#2604 = CARTESIAN_POINT('',(-1.520632937499,-0.877937835804,
    1.822916667349));
#2605 = CARTESIAN_POINT('',(-1.520632937499,0.,1.781250000682));
#2606 = CARTESIAN_POINT('',(-1.520632937499,0.877937835804,
    1.739583334016));
#2607 = CARTESIAN_POINT('',(-0.760316468749,1.316906753706,
    1.697916667349));
#2608 = CARTESIAN_POINT('',(-1.1E-16,1.755875671608,1.656250000682));
#2609 = CARTESIAN_POINT('',(0.760316468749,1.316906753706,1.614583334016
    ));
#2610 = CARTESIAN_POINT('',(1.520632937499,0.877937835804,1.572916667349
    ));
#2611 = CARTESIAN_POINT('',(1.520632937499,1.9E-16,1.531250000682));
#2612 = CARTESIAN_POINT('',(1.520632937499,-0.877937835804,
    1.489583334016));
#2613 = CARTESIAN_POINT('',(0.760316468749,-1.316906753706,
    1.447916667349));
#2614 = CARTESIAN_POINT('',(3.2E-16,-1.755875671608,1.406250000682));
#2615 = CARTESIAN_POINT('',(-0.760316468749,-1.316906753706,
    1.364583334016));
#2616 = CARTESIAN_POINT('',(-1.520632937499,-0.877937835804,
    1.322916667349));
#2617 = CARTESIAN_POINT('',(-1.520632937499,0.,1.281250000682));
#2618 = CARTESIAN_POINT('',(-1.520632937499,0.877937835804,
    1.239583334016));
#2619 = CARTESIAN_POINT('',(-0.760316468749,1.316906753706,
    1.197916667349));
#2620 = CARTESIAN_POINT('',(-1.1E-16,1.755875671608,1.156250000682));
#2621 = CARTESIAN_POINT('',(0.760316468749,1.316906753706,1.114583334016
    ));
#2622 = CARTESIAN_POINT('',(1.520632937499,0.877937835804,1.072916667349
    ));
#2623 = CARTESIAN_POINT('',(1.520632937499,1.9E-16,1.031250000682));
#2624 = CARTESIAN_POINT('',(1.520632937499,-0.877937835804,
    0.989583334016));
#2625 = CARTESIAN_POINT('',(0.760316468749,-1.316906753706,
    0.947916667349));
#2626 = CARTESIAN_POINT('',(3.2E-16,-1.755875671608,0.906250000682));
#2627 = CARTESIAN_POINT('',(-0.760316468749,-1.316906753706,
    0.864583334016));
#2628 = CARTESIAN_POINT('',(-1.520632937499,-0.877937835804,
    0.822916667349));
#2629 = CARTESIAN_POINT('',(-1.520632937499,0.,0.781250000682));
#2630 = CARTESIAN_POINT('',(-1.520632937499,0.877937835804,
    0.739583334016));
#2631 = CARTESIAN_POINT('',(-0.760316468749,1.316906753706,
    0.697916667349));
#2632 = CARTESIAN_POINT('',(-1.1E-16,1.755875671608,0.656250000682));
#2633 = CARTESIAN_POINT('',(0.760316468749,1.316906753706,0.614583334016
    ));
#2634 = CARTESIAN_POINT('',(1.520632937499,0.877937835804,0.572916667349
    ));
#2635 = CARTESIAN_POINT('',(1.520632937499,1.9E-16,0.531250000682));
#2636 = CARTESIAN_POINT('',(1.520632937499,-0.877937835804,
    0.489583334016));
#2637 = CARTESIAN_POINT('',(0.760316468749,-1.316906753706,
    0.447916667349));
#2638 = CARTESIAN_POINT('',(3.2E-16,-1.755875671608,0.406250000682));
#2639 = CARTESIAN_POINT('',(-0.760316468749,-1.316906753706,
    0.364583334016));
#2640 = CARTESIAN_POINT('',(-1.520632937499,-0.877937835804,
    0.322916667349));
#2641 = CARTESIAN_POINT('',(-1.520632937499,0.,0.281250000682));
#2642 = CARTESIAN_POINT('',(-1.520632937499,0.877937835804,
    0.239583334016));
#2643 = CARTESIAN_POINT('',(-0.760316468749,1.316906753706,
    0.197916667349));
#2644 = CARTESIAN_POINT('',(-1.1E-16,1.755875671608,0.156250000682));
#2645 = CARTESIAN_POINT('',(0.760316468749,1.316906753706,0.114583334016
    ));
#2646 = CARTESIAN_POINT('',(1.520632937499,0.877937835804,
    7.2916667349E-02));
#2647 = CARTESIAN_POINT('',(1.520632937499,1.9E-16,3.1250000682E-02));
#2648 = CARTESIAN_POINT('',(1.520632937499,-0.877937835804,
    -1.0416665984E-02));
#2649 = CARTESIAN_POINT('',(0.760316468749,-1.316906753706,
    -5.2083332651E-02));
#2650 = CARTESIAN_POINT('',(3.2E-16,-1.755875671608,-9.3749999318E-02));
#2651 = CARTESIAN_POINT('',(-0.760316468749,-1.316906753706,
    -0.135416665984));
#2652 = CARTESIAN_POINT('',(-1.520632937499,-0.877937835804,
    -0.177083332651));
#2653 = CARTESIAN_POINT('',(-1.520632937499,0.,-0.218749999318));
#2654 = CARTESIAN_POINT('',(-1.520632937499,0.877937835804,
    -0.260416665984));
#2655 = CARTESIAN_POINT('',(-0.760316468749,1.316906753706,
    -0.302083332651));
#2656 = CARTESIAN_POINT('',(-1.1E-16,1.755875671608,-0.343749999318));
#2657 = CARTESIAN_POINT('',(0.760316468749,1.316906753706,
    -0.385416665984));
#2658 = CARTESIAN_POINT('',(1.520632937499,0.877937835804,
    -0.427083332651));
#2659 = CARTESIAN_POINT('',(1.520632937499,1.9E-16,-0.468749999318));
#2660 = CARTESIAN_POINT('',(1.520632937499,-0.877937835804,
    -0.510416665984));
#2661 = CARTESIAN_POINT('',(0.760316468749,-1.316906753706,
    -0.552083332651));
#2662 = CARTESIAN_POINT('',(3.2E-16,-1.755875671608,-0.593749999318));
#2663 = CARTESIAN_POINT('',(-0.760316468749,-1.316906753706,
    -0.635416665984));
#2664 = CARTESIAN_POINT('',(-1.520632937499,-0.877937835804,
    -0.677083332651));
#2665 = CARTESIAN_POINT('',(-1.520632937499,0.,-0.718749999318));
#2666 = CARTESIAN_POINT('',(-1.520632937499,0.877937835804,
    -0.760416665984));
#2667 = CARTESIAN_POINT('',(-0.760316468749,1.316906753706,
    -0.802083332651));
#2668 = CARTESIAN_POINT('',(-1.1E-16,1.755875671608,-0.843749999318));
#2669 = CARTESIAN_POINT('',(0.760316468749,1.316906753706,
    -0.885416665984));
#2670 = CARTESIAN_POINT('',(1.520632937499,0.877937835804,
    -0.927083332651));
#2671 = CARTESIAN_POINT('',(1.520632937499,1.9E-16,-0.968749999318));
#2672 = CARTESIAN_POINT('',(1.520632937499,-0.877937835804,
    -1.010416665984));
#2673 = CARTESIAN_POINT('',(0.760316468749,-1.316906753706,
    -1.052083332651));
#2674 = CARTESIAN_POINT('',(3.2E-16,-1.755875671608,-1.093749999318));
#2675 = CARTESIAN_POINT('',(-0.760316468749,-1.316906753706,
    -1.135416665984));
#2676 = CARTESIAN_POINT('',(-1.520632937499,-0.877937835804,
    -1.177083332651));
#2677 = CARTESIAN_POINT('',(-1.520632937499,0.,-1.218749999318));
#2678 = CARTESIAN_POINT('',(-1.520632937499,0.877937835804,
    -1.260416665984));
#2679 = CARTESIAN_POINT('',(-0.760316468749,1.316906753706,
    -1.302083332651));
#2680 = CARTESIAN_POINT('',(-1.1E-16,1.755875671608,-1.343749999318));
#2681 = CARTESIAN_POINT('',(0.760316468749,1.316906753706,
    -1.385416665984));
#2682 = CARTESIAN_POINT('',(1.520632937499,0.877937835804,
    -1.427083332651));
#2683 = CARTESIAN_POINT('',(1.520632937499,1.9E-16,-1.468749999318));
#2684 = CARTESIAN_POINT('',(1.520632937499,-0.877937835804,
    -1.510416665984));
#2685 = CARTESIAN_POINT('',(0.760316468749,-1.316906753706,
    -1.552083332651));
#2686 = CARTESIAN_POINT('',(3.2E-16,-1.755875671608,-1.593749999318));
#2687 = CARTESIAN_POINT('',(-0.760316468749,-1.316906753706,
    -1.635416665984));
#2688 = CARTESIAN_POINT('',(-1.520632937499,-0.877937835804,
    -1.677083332651));
#2689 = CARTESIAN_POINT('',(-1.520632937499,0.,-1.718749999318));
#2690 = CARTESIAN_POINT('',(-1.520632937499,0.877937835804,
    -1.760416665984));
#2691 = CARTESIAN_POINT('',(-0.760316468749,1.316906753706,
    -1.802083332651));
#2692 = CARTESIAN_POINT('',(-1.1E-16,1.755875671608,-1.843749999318));
#2693 = CARTESIAN_POINT('',(0.760316468749,1.316906753706,
    -1.885416665984));
#2694 = CARTESIAN_POINT('',(1.520632937499,0.877937835804,
    -1.927083332651));
#2695 = CARTESIAN_POINT('',(1.520632937499,1.9E-16,-1.968749999318));
#2696 = CARTESIAN_POINT('',(1.520632937499,-0.877937835804,
    -2.010416665984));
#2697 = CARTESIAN_POINT('',(0.760316468749,-1.316906753706,
    -2.052083332651));
#2698 = CARTESIAN_POINT('',(3.2E-16,-1.755875671608,-2.093749999318));
#2699 = CARTESIAN_POINT('',(-0.760316468749,-1.316906753706,
    -2.135416665984));
#2700 = CARTESIAN_POINT('',(-1.520632937499,-0.877937835804,
    -2.177083332651));
#2701 = CARTESIAN_POINT('',(-1.520632937499,0.,-2.218749999318));
#2702 = CARTESIAN_POINT('',(-1.520632937499,0.877937835804,
    -2.260416665984));
#2703 = CARTESIAN_POINT('',(-0.760316468749,1.316906753706,
    -2.302083332651));
#2704 = CARTESIAN_POINT('',(-1.1E-16,1.755875671608,-2.343749999318));
#2705 = CARTESIAN_POINT('',(0.760316468749,1.316906753706,
    -2.385416665984));
#2706 = CARTESIAN_POINT('',(1.520632937499,0.877937835804,
    -2.427083332651));
#2707 = CARTESIAN_POINT('',(1.520632937499,1.9E-16,-2.468749999318));
#2708 = CARTESIAN_POINT('',(1.520632937499,-0.877937835804,
    -2.510416665984));
#2709 = CARTESIAN_POINT('',(0.760316468749,-1.316906753706,
    -2.552083332651));
#2710 = CARTESIAN_POINT('',(3.2E-16,-1.755875671608,-2.593749999318));
#2711 = CARTESIAN_POINT('',(-0.760316468749,-1.316906753706,
    -2.635416665984));
#2712 = CARTESIAN_POINT('',(-1.520632937499,-0.877937835804,
    -2.677083332651));
#2713 = CARTESIAN_POINT('',(-1.520632937499,0.,-2.718749999318));
#2714 = CARTESIAN_POINT('',(-1.520632937499,0.877937835804,
    -2.760416665984));
#2715 = CARTESIAN_POINT('',(-0.760316468749,1.316906753706,
    -2.802083332651));
#2716 = CARTESIAN_POINT('',(-1.1E-16,1.755875671608,-2.843749999318));
#2717 = CARTESIAN_POINT('',(0.760316468749,1.316906753706,
    -2.885416665984));
#2718 = CARTESIAN_POINT('',(1.520632937499,0.877937835804,
    -2.927083332651));
#2719 = CARTESIAN_POINT('',(1.520632937499,1.9E-16,-2.968749999318));
#2720 = CARTESIAN_POINT('',(1.520632937499,-0.877937835804,
    -3.010416665984));
#2721 = CARTESIAN_POINT('',(0.760316468749,-1.316906753706,
    -3.052083332651));
#2722 = CARTESIAN_POINT('',(3.2E-16,-1.755875671608,-3.093749999318));
#2723 = CARTESIAN_POINT('',(-0.760316468749,-1.316906753706,
    -3.135416665984));
#2724 = CARTESIAN_POINT('',(-1.520632937499,-0.877937835804,
    -3.177083332651));
#2725 = CARTESIAN_POINT('',(-1.520632937499,0.,-3.218749999318));
#2726 = CARTESIAN_POINT('',(-1.520632937499,0.877937835804,
    -3.260416665984));
#2727 = CARTESIAN_POINT('',(-0.760316468749,1.316906753706,
    -3.302083332651));
#2728 = CARTESIAN_POINT('',(-1.1E-16,1.755875671608,-3.343749999318));
#2729 = CARTESIAN_POINT('',(0.760316468749,1.316906753706,
    -3.385416665984));
#2730 = CARTESIAN_POINT('',(1.520632937499,0.877937835804,
    -3.427083332651));
#2731 = CARTESIAN_POINT('',(1.520632937499,1.9E-16,-3.468749999318));
#2732 = CARTESIAN_POINT('',(1.520632937499,-0.877937835804,
    -3.510416665984));
#2733 = CARTESIAN_POINT('',(0.760316468749,-1.316906753706,
    -3.552083332651));
#2734 = CARTESIAN_POINT('',(3.2E-16,-1.755875671608,-3.593749999318));
#2735 = CARTESIAN_POINT('',(-0.760316468749,-1.316906753706,
    -3.635416665984));
#2736 = CARTESIAN_POINT('',(-1.520632937499,-0.877937835804,
    -3.677083332651));
#2737 = CARTESIAN_POINT('',(-1.520632937499,0.,-3.718749999318));
#2738 = CARTESIAN_POINT('',(-1.520632937499,0.877937835804,
    -3.760416665984));
#2739 = CARTESIAN_POINT('',(-0.760316468749,1.316906753706,
    -3.802083332651));
#2740 = CARTESIAN_POINT('',(-1.1E-16,1.755875671608,-3.843749999318));
#2741 = CARTESIAN_POINT('',(0.760316468749,1.316906753706,
    -3.885416665984));
#2742 = CARTESIAN_POINT('',(1.520632937499,0.877937835804,
    -3.927083332651));
#2743 = CARTESIAN_POINT('',(1.520632937499,1.9E-16,-3.968749999318));
#2744 = CARTESIAN_POINT('',(1.520632937499,-0.877937835804,
    -4.010416665984));
#2745 = CARTESIAN_POINT('',(0.760316468749,-1.316906753706,
    -4.052083332651));
#2746 = CARTESIAN_POINT('',(3.2E-16,-1.755875671608,-4.093749999318));
#2747 = CARTESIAN_POINT('',(-0.760316468749,-1.316906753706,
    -4.135416665984));
#2748 = CARTESIAN_POINT('',(-1.520632937499,-0.877937835804,
    -4.177083332651));
#2749 = CARTESIAN_POINT('',(-1.520632937499,0.,-4.218749999318));
#2750 = CARTESIAN_POINT('',(-1.520632937499,0.877937835804,
    -4.260416665984));
#2751 = CARTESIAN_POINT('',(-0.760316468749,1.316906753706,
    -4.302083332651));
#2752 = CARTESIAN_POINT('',(-1.1E-16,1.755875671608,-4.343749999318));
#2753 = CARTESIAN_POINT('',(0.760316468749,1.316906753706,
    -4.385416665984));
#2754 = CARTESIAN_POINT('',(1.520632937499,0.877937835804,
    -4.427083332651));
#2755 = CARTESIAN_POINT('',(1.520632937499,1.9E-16,-4.468749999318));
#2756 = CARTESIAN_POINT('',(1.520632937499,-0.877937835804,
    -4.510416665984));
#2757 = CARTESIAN_POINT('',(0.760316468749,-1.316906753706,
    -4.552083332651));
#2758 = CARTESIAN_POINT('',(3.2E-16,-1.755875671608,-4.593749999318));
#2759 = CARTESIAN_POINT('',(-0.760316468749,-1.316906753706,
    -4.635416665984));
#2760 = CARTESIAN_POINT('',(-1.520632937499,-0.877937835804,
    -4.677083332651));
#2761 = CARTESIAN_POINT('',(-1.520632937499,0.,-4.718749999318));
#2762 = CARTESIAN_POINT('',(-1.520632937499,0.877937835804,
    -4.760416665984));
#2763 = CARTESIAN_POINT('',(-0.760316468749,1.316906753706,
    -4.802083332651));
#2764 = CARTESIAN_POINT('',(-1.1E-16,1.755875671608,-4.843749999318));
#2765 = CARTESIAN_POINT('',(0.760316468749,1.316906753706,
    -4.885416665984));
#2766 = CARTESIAN_POINT('',(1.520632937499,0.877937835804,
    -4.927083332651));
#2767 = CARTESIAN_POINT('',(1.520632937499,1.9E-16,-4.968749999318));
#2768 = CARTESIAN_POINT('',(1.520632937499,-0.877937835804,
    -5.010416665983));
#2769 = CARTESIAN_POINT('',(0.760316468749,-1.316906753706,
    -5.05208333265));
#2770 = CARTESIAN_POINT('',(3.2E-16,-1.755875671608,-5.093749999317));
#2771 = CARTESIAN_POINT('',(-0.760316468749,-1.316906753706,
    -5.135416665983));
#2772 = CARTESIAN_POINT('',(-1.520632937499,-0.877937835804,
    -5.17708333265));
#2773 = CARTESIAN_POINT('',(-1.520632937499,0.,-5.218749999317));
#2774 = CARTESIAN_POINT('',(-1.520632937499,0.877937835804,
    -5.260416665983));
#2775 = CARTESIAN_POINT('',(-0.760316468749,1.316906753706,
    -5.30208333265));
#2776 = CARTESIAN_POINT('',(-1.1E-16,1.755875671608,-5.343749999317));
#2777 = CARTESIAN_POINT('',(0.760316468749,1.316906753706,
    -5.385416665983));
#2778 = CARTESIAN_POINT('',(1.520632937499,0.877937835804,-5.42708333265
    ));
#2779 = CARTESIAN_POINT('',(1.520632937499,1.9E-16,-5.468749999317));
#2780 = CARTESIAN_POINT('',(1.520632937499,-0.877937835804,
    -5.510416665983));
#2781 = CARTESIAN_POINT('',(0.760316468749,-1.316906753706,
    -5.55208333265));
#2782 = CARTESIAN_POINT('',(3.2E-16,-1.755875671608,-5.593749999317));
#2783 = CARTESIAN_POINT('',(-0.760316468749,-1.316906753706,
    -5.635416665983));
#2784 = CARTESIAN_POINT('',(-1.520632937499,-0.877937835804,
    -5.67708333265));
#2785 = CARTESIAN_POINT('',(-1.520632937499,0.,-5.718749999317));
#2786 = CARTESIAN_POINT('',(-1.520632937499,0.877937835804,
    -5.760416665983));
#2787 = CARTESIAN_POINT('',(-0.760316468749,1.316906753706,
    -5.80208333265));
#2788 = CARTESIAN_POINT('',(-1.1E-16,1.755875671608,-5.843749999317));
#2789 = CARTESIAN_POINT('',(0.760316468749,1.316906753706,
    -5.885416665983));
#2790 = CARTESIAN_POINT('',(1.520632937499,0.877937835804,-5.92708333265
    ));
#2791 = CARTESIAN_POINT('',(1.520632937499,1.9E-16,-5.968749999317));
#2792 = CARTESIAN_POINT('',(1.520632937499,-0.877937835804,
    -6.010416665983));
#2793 = CARTESIAN_POINT('',(0.760316468749,-1.316906753706,
    -6.05208333265));
#2794 = CARTESIAN_POINT('',(3.2E-16,-1.755875671608,-6.093749999317));
#2795 = CARTESIAN_POINT('',(-0.760316468749,-1.316906753706,
    -6.135416665983));
#2796 = CARTESIAN_POINT('',(-1.520632937499,-0.877937835804,
    -6.17708333265));
#2797 = CARTESIAN_POINT('',(-1.520632937499,0.,-6.218749999317));
#2798 = CARTESIAN_POINT('',(-1.520632937499,0.877937835804,
    -6.260416665983));
#2799 = CARTESIAN_POINT('',(-0.760316468749,1.316906753706,
    -6.30208333265));
#2800 = CARTESIAN_POINT('',(-1.1E-16,1.755875671608,-6.343749999317));
#2801 = CARTESIAN_POINT('',(0.760316468749,1.316906753706,
    -6.385416665983));
#2802 = CARTESIAN_POINT('',(1.520632937499,0.877937835804,-6.42708333265
    ));
#2803 = CARTESIAN_POINT('',(1.520632937499,1.9E-16,-6.468749999317));
#2804 = CARTESIAN_POINT('',(1.520632937499,-0.877937835804,
    -6.510416665983));
#2805 = CARTESIAN_POINT('',(0.760316468749,-1.316906753706,
    -6.55208333265));
#2806 = CARTESIAN_POINT('',(3.2E-16,-1.755875671608,-6.593749999317));
#2807 = CARTESIAN_POINT('',(-0.760316468749,-1.316906753706,
    -6.635416665983));
#2808 = CARTESIAN_POINT('',(-1.520632937499,-0.877937835804,
    -6.67708333265));
#2809 = CARTESIAN_POINT('',(-1.520632937499,0.,-6.718749999317));
#2810 = CARTESIAN_POINT('',(-1.520632937499,0.877937835804,
    -6.760416665983));
#2811 = CARTESIAN_POINT('',(-0.760316468749,1.316906753706,
    -6.80208333265));
#2812 = CARTESIAN_POINT('',(-1.1E-16,1.755875671608,-6.843749999317));
#2813 = CARTESIAN_POINT('',(0.760316468749,1.316906753706,
    -6.885416665983));
#2814 = CARTESIAN_POINT('',(1.520632937499,0.877937835804,-6.92708333265
    ));
#2815 = CARTESIAN_POINT('',(1.520632937499,1.9E-16,-6.968749999317));
#2816 = CARTESIAN_POINT('',(1.520632937499,-0.877937835804,
    -7.010416665983));
#2817 = CARTESIAN_POINT('',(0.760316468749,-1.316906753706,
    -7.05208333265));
#2818 = CARTESIAN_POINT('',(3.2E-16,-1.755875671608,-7.093749999317));
#2819 = CARTESIAN_POINT('',(-0.760316468749,-1.316906753706,
    -7.135416665983));
#2820 = CARTESIAN_POINT('',(-1.520632937499,-0.877937835804,
    -7.17708333265));
#2821 = CARTESIAN_POINT('',(-1.520632937499,0.,-7.218749999317));
#2822 = CARTESIAN_POINT('',(-1.520632937499,0.877937835804,
    -7.260416665983));
#2823 = CARTESIAN_POINT('',(-0.760316468749,1.316906753706,
    -7.30208333265));
#2824 = CARTESIAN_POINT('',(-1.1E-16,1.755875671608,-7.343749999317));
#2825 = CARTESIAN_POINT('',(0.760316468749,1.316906753706,
    -7.385416665983));
#2826 = CARTESIAN_POINT('',(1.520632937499,0.877937835804,-7.42708333265
    ));
#2827 = CARTESIAN_POINT('',(1.520632937499,1.9E-16,-7.468749999317));
#2828 = CARTESIAN_POINT('',(1.520632937499,-0.877937835804,
    -7.510416665983));
#2829 = CARTESIAN_POINT('',(0.760316468749,-1.316906753706,
    -7.55208333265));
#2830 = CARTESIAN_POINT('',(3.2E-16,-1.755875671608,-7.593749999317));
#2831 = CARTESIAN_POINT('',(-0.760316468749,-1.316906753706,
    -7.635416665983));
#2832 = CARTESIAN_POINT('',(-1.520632937499,-0.877937835804,
    -7.67708333265));
#2833 = CARTESIAN_POINT('',(-1.520632937499,0.,-7.718749999317));
#2834 = CARTESIAN_POINT('',(-1.520632937499,0.877937835804,
    -7.760416665983));
#2835 = CARTESIAN_POINT('',(-0.760316468749,1.316906753706,
    -7.80208333265));
#2836 = CARTESIAN_POINT('',(-1.1E-16,1.755875671608,-7.843749999317));
#2837 = CARTESIAN_POINT('',(0.760316468749,1.316906753706,
    -7.885416665983));
#2838 = CARTESIAN_POINT('',(1.520632937499,0.877937835804,-7.92708333265
    ));
#2839 = CARTESIAN_POINT('',(1.520632937499,1.9E-16,-7.968749999317));
#2840 = CARTESIAN_POINT('',(1.520632937499,-0.877937835804,
    -8.010416665983));
#2841 = CARTESIAN_POINT('',(0.760316468749,-1.316906753706,
    -8.05208333265));
#2842 = CARTESIAN_POINT('',(3.2E-16,-1.755875671608,-8.093749999317));
#2843 = CARTESIAN_POINT('',(-0.760316468749,-1.316906753706,
    -8.135416665983));
#2844 = CARTESIAN_POINT('',(-1.520632937499,-0.877937835804,
    -8.17708333265));
#2845 = CARTESIAN_POINT('',(-1.520632937499,0.,-8.218749999317));
#2846 = CARTESIAN_POINT('',(-1.520632937499,0.877937835804,
    -8.260416665983));
#2847 = CARTESIAN_POINT('',(-0.760316468749,1.316906753706,
    -8.30208333265));
#2848 = CARTESIAN_POINT('',(-1.1E-16,1.755875671608,-8.343749999317));
#2849 = CARTESIAN_POINT('',(0.760316468749,1.316906753706,
    -8.385416665983));
#2850 = CARTESIAN_POINT('',(1.520632937499,0.877937835804,-8.42708333265
    ));
#2851 = CARTESIAN_POINT('',(1.520632937499,1.9E-16,-8.468749999317));
#2852 = CARTESIAN_POINT('',(1.520632937499,-0.877937835804,
    -8.510416665983));
#2853 = CARTESIAN_POINT('',(0.760316468749,-1.316906753706,
    -8.55208333265));
#2854 = CARTESIAN_POINT('',(3.2E-16,-1.755875671608,-8.593749999317));
#2855 = CARTESIAN_POINT('',(-0.760316468749,-1.316906753706,
    -8.635416665983));
#2856 = CARTESIAN_POINT('',(-1.520632937499,-0.877937835804,
    -8.67708333265));
#2857 = CARTESIAN_POINT('',(-1.520632937499,0.,-8.718749999317));
#2858 = CARTESIAN_POINT('',(-1.520632937499,0.877937835804,
    -8.760416665983));
#2859 = CARTESIAN_POINT('',(-0.760316468749,1.316906753706,
    -8.80208333265));
#2860 = CARTESIAN_POINT('',(-1.1E-16,1.755875671608,-8.843749999317));
#2861 = CARTESIAN_POINT('',(0.760316468749,1.316906753706,
    -8.885416665983));
#2862 = CARTESIAN_POINT('',(1.520632937499,0.877937835804,-8.92708333265
    ));
#2863 = CARTESIAN_POINT('',(1.520632937499,1.9E-16,-8.968749999317));
#2864 = CARTESIAN_POINT('',(1.520632937499,-0.877937835804,
    -9.010416665983));
#2865 = CARTESIAN_POINT('',(0.760316468749,-1.316906753706,
    -9.05208333265));
#2866 = CARTESIAN_POINT('',(3.2E-16,-1.755875671608,-9.093749999317));
#2867 = CARTESIAN_POINT('',(-0.760316468749,-1.316906753706,
    -9.135416665983));
#2868 = CARTESIAN_POINT('',(-1.520632937499,-0.877937835804,
    -9.17708333265));
#2869 = CARTESIAN_POINT('',(-1.520632937499,0.,-9.218749999317));
#2870 = CARTESIAN_POINT('',(-1.520632937499,0.877937835804,
    -9.260416665983));
#2871 = CARTESIAN_POINT('',(-0.760316468749,1.316906753706,
    -9.30208333265));
#2872 = CARTESIAN_POINT('',(-1.1E-16,1.755875671608,-9.343749999317));
#2873 = CARTESIAN_POINT('',(0.760316468749,1.316906753706,
    -9.385416665983));
#2874 = CARTESIAN_POINT('',(1.520632937499,0.877937835804,-9.42708333265
    ));
#2875 = CARTESIAN_POINT('',(1.520632937499,1.9E-16,-9.468749999317));
#2876 = CARTESIAN_POINT('',(1.520632937499,-0.877937835804,
    -9.510416665983));
#2877 = CARTESIAN_POINT('',(0.760316468749,-1.316906753706,
    -9.55208333265));
#2878 = CARTESIAN_POINT('',(3.2E-16,-1.755875671608,-9.593749999317));
#2879 = CARTESIAN_POINT('',(-0.760316468749,-1.316906753706,
    -9.635416665983));
#2880 = CARTESIAN_POINT('',(-1.520632937499,-0.877937835804,
    -9.67708333265));
#2881 = CARTESIAN_POINT('',(-1.520632937499,0.,-9.718749999317));
#2882 = CARTESIAN_POINT('',(-1.249999999999,0.,5.125000001365));
#2883 = CARTESIAN_POINT('',(-1.249999999999,0.721687836487,
    5.083333334698));
#2884 = CARTESIAN_POINT('',(-0.624999999999,1.08253175473,5.041666668032
    ));
#2885 = CARTESIAN_POINT('',(-9.E-17,1.443375672974,5.000000001365));
#2886 = CARTESIAN_POINT('',(0.624999999999,1.08253175473,4.958333334698)
  );
#2887 = CARTESIAN_POINT('',(1.249999999999,0.721687836487,4.916666668032
    ));
#2888 = CARTESIAN_POINT('',(1.249999999999,1.5E-16,4.875000001365));
#2889 = CARTESIAN_POINT('',(1.249999999999,-0.721687836487,
    4.833333334698));
#2890 = CARTESIAN_POINT('',(0.624999999999,-1.08253175473,4.791666668032
    ));
#2891 = CARTESIAN_POINT('',(2.7E-16,-1.443375672974,4.750000001365));
#2892 = CARTESIAN_POINT('',(-0.624999999999,-1.08253175473,
    4.708333334698));
#2893 = CARTESIAN_POINT('',(-1.249999999999,-0.721687836487,
    4.666666668032));
#2894 = CARTESIAN_POINT('',(-1.249999999999,0.,4.625000001365));
#2895 = CARTESIAN_POINT('',(-1.249999999999,0.721687836487,
    4.583333334698));
#2896 = CARTESIAN_POINT('',(-0.624999999999,1.08253175473,4.541666668032
    ));
#2897 = CARTESIAN_POINT('',(-9.E-17,1.443375672974,4.500000001365));
#2898 = CARTESIAN_POINT('',(0.624999999999,1.08253175473,4.458333334698)
  );
#2899 = CARTESIAN_POINT('',(1.249999999999,0.721687836487,4.416666668032
    ));
#2900 = CARTESIAN_POINT('',(1.249999999999,1.5E-16,4.375000001365));
#2901 = CARTESIAN_POINT('',(1.249999999999,-0.721687836487,
    4.333333334698));
#2902 = CARTESIAN_POINT('',(0.624999999999,-1.08253175473,4.291666668032
    ));
#2903 = CARTESIAN_POINT('',(2.7E-16,-1.443375672974,4.250000001365));
#2904 = CARTESIAN_POINT('',(-0.624999999999,-1.08253175473,
    4.208333334698));
#2905 = CARTESIAN_POINT('',(-1.249999999999,-0.721687836487,
    4.166666668032));
#2906 = CARTESIAN_POINT('',(-1.249999999999,0.,4.125000001365));
#2907 = CARTESIAN_POINT('',(-1.249999999999,0.721687836487,
    4.083333334698));
#2908 = CARTESIAN_POINT('',(-0.624999999999,1.08253175473,4.041666668032
    ));
#2909 = CARTESIAN_POINT('',(-9.E-17,1.443375672974,4.000000001365));
#2910 = CARTESIAN_POINT('',(0.624999999999,1.08253175473,3.958333334698)
  );
#2911 = CARTESIAN_POINT('',(1.249999999999,0.721687836487,3.916666668032
    ));
#2912 = CARTESIAN_POINT('',(1.249999999999,1.5E-16,3.875000001365));
#2913 = CARTESIAN_POINT('',(1.249999999999,-0.721687836487,
    3.833333334698));
#2914 = CARTESIAN_POINT('',(0.624999999999,-1.08253175473,3.791666668032
    ));
#2915 = CARTESIAN_POINT('',(2.7E-16,-1.443375672974,3.750000001365));
#2916 = CARTESIAN_POINT('',(-0.624999999999,-1.08253175473,
    3.708333334698));
#2917 = CARTESIAN_POINT('',(-1.249999999999,-0.721687836487,
    3.666666668032));
#2918 = CARTESIAN_POINT('',(-1.249999999999,0.,3.625000001365));
#2919 = CARTESIAN_POINT('',(-1.249999999999,0.721687836487,
    3.583333334698));
#2920 = CARTESIAN_POINT('',(-0.624999999999,1.08253175473,3.541666668032
    ));
#2921 = CARTESIAN_POINT('',(-9.E-17,1.443375672974,3.500000001365));
#2922 = CARTESIAN_POINT('',(0.624999999999,1.08253175473,3.458333334698)
  );
#2923 = CARTESIAN_POINT('',(1.249999999999,0.721687836487,3.416666668032
    ));
#2924 = CARTESIAN_POINT('',(1.249999999999,1.5E-16,3.375000001365));
#2925 = CARTESIAN_POINT('',(1.249999999999,-0.721687836487,
    3.333333334698));
#2926 = CARTESIAN_POINT('',(0.624999999999,-1.08253175473,3.291666668032
    ));
#2927 = CARTESIAN_POINT('',(2.7E-16,-1.443375672974,3.250000001365));
#2928 = CARTESIAN_POINT('',(-0.624999999999,-1.08253175473,
    3.208333334698));
#2929 = CARTESIAN_POINT('',(-1.249999999999,-0.721687836487,
    3.166666668032));
#2930 = CARTESIAN_POINT('',(-1.249999999999,0.,3.125000001365));
#2931 = CARTESIAN_POINT('',(-1.249999999999,0.721687836487,
    3.083333334698));
#2932 = CARTESIAN_POINT('',(-0.624999999999,1.08253175473,3.041666668032
    ));
#2933 = CARTESIAN_POINT('',(-9.E-17,1.443375672974,3.000000001365));
#2934 = CARTESIAN_POINT('',(0.624999999999,1.08253175473,2.958333334698)
  );
#2935 = CARTESIAN_POINT('',(1.249999999999,0.721687836487,2.916666668032
    ));
#2936 = CARTESIAN_POINT('',(1.249999999999,1.5E-16,2.875000001365));
#2937 = CARTESIAN_POINT('',(1.249999999999,-0.721687836487,
    2.833333334698));
#2938 = CARTESIAN_POINT('',(0.624999999999,-1.08253175473,2.791666668032
    ));
#2939 = CARTESIAN_POINT('',(2.7E-16,-1.443375672974,2.750000001365));
#2940 = CARTESIAN_POINT('',(-0.624999999999,-1.08253175473,
    2.708333334698));
#2941 = CARTESIAN_POINT('',(-1.249999999999,-0.721687836487,
    2.666666668032));
#2942 = CARTESIAN_POINT('',(-1.249999999999,0.,2.625000001365));
#2943 = CARTESIAN_POINT('',(-1.249999999999,0.721687836487,
    2.583333334698));
#2944 = CARTESIAN_POINT('',(-0.624999999999,1.08253175473,2.541666668032
    ));
#2945 = CARTESIAN_POINT('',(-9.E-17,1.443375672974,2.500000001365));
#2946 = CARTESIAN_POINT('',(0.624999999999,1.08253175473,2.458333334698)
  );
#2947 = CARTESIAN_POINT('',(1.249999999999,0.721687836487,2.416666668032
    ));
#2948 = CARTESIAN_POINT('',(1.249999999999,1.5E-16,2.375000001365));
#2949 = CARTESIAN_POINT('',(1.249999999999,-0.721687836487,
    2.333333334698));
#2950 = CARTESIAN_POINT('',(0.624999999999,-1.08253175473,2.291666668032
    ));
#2951 = CARTESIAN_POINT('',(2.7E-16,-1.443375672974,2.250000001365));
#2952 = CARTESIAN_POINT('',(-0.624999999999,-1.08253175473,
    2.208333334698));
#2953 = CARTESIAN_POINT('',(-1.249999999999,-0.721687836487,
    2.166666668032));
#2954 = CARTESIAN_POINT('',(-1.249999999999,0.,2.125000001365));
#2955 = CARTESIAN_POINT('',(-1.249999999999,0.721687836487,
    2.083333334698));
#2956 = CARTESIAN_POINT('',(-0.624999999999,1.08253175473,2.041666668032
    ));
#2957 = CARTESIAN_POINT('',(-9.E-17,1.443375672974,2.000000001365));
#2958 = CARTESIAN_POINT('',(0.624999999999,1.08253175473,1.958333334698)
  );
#2959 = CARTESIAN_POINT('',(1.249999999999,0.721687836487,1.916666668032
    ));
#2960 = CARTESIAN_POINT('',(1.249999999999,1.5E-16,1.875000001365));
#2961 = CARTESIAN_POINT('',(1.249999999999,-0.721687836487,
    1.833333334698));
#2962 = CARTESIAN_POINT('',(0.624999999999,-1.08253175473,1.791666668032
    ));
#2963 = CARTESIAN_POINT('',(2.7E-16,-1.443375672974,1.750000001365));
#2964 = CARTESIAN_POINT('',(-0.624999999999,-1.08253175473,
    1.708333334698));
#2965 = CARTESIAN_POINT('',(-1.249999999999,-0.721687836487,
    1.666666668032));
#2966 = CARTESIAN_POINT('',(-1.249999999999,0.,1.625000001365));
#2967 = CARTESIAN_POINT('',(-1.249999999999,0.721687836487,
    1.583333334698));
#2968 = CARTESIAN_POINT('',(-0.624999999999,1.08253175473,1.541666668032
    ));
#2969 = CARTESIAN_POINT('',(-9.E-17,1.443375672974,1.500000001365));
#2970 = CARTESIAN_POINT('',(0.624999999999,1.08253175473,1.458333334698)
  );
#2971 = CARTESIAN_POINT('',(1.249999999999,0.721687836487,1.416666668032
    ));
#2972 = CARTESIAN_POINT('',(1.249999999999,1.5E-16,1.375000001365));
#2973 = CARTESIAN_POINT('',(1.249999999999,-0.721687836487,
    1.333333334698));
#2974 = CARTESIAN_POINT('',(0.624999999999,-1.08253175473,1.291666668032
    ));
#2975 = CARTESIAN_POINT('',(2.7E-16,-1.443375672974,1.250000001365));
#2976 = CARTESIAN_POINT('',(-0.624999999999,-1.08253175473,
    1.208333334698));
#2977 = CARTESIAN_POINT('',(-1.249999999999,-0.721687836487,
    1.166666668032));
#2978 = CARTESIAN_POINT('',(-1.249999999999,0.,1.125000001365));
#2979 = CARTESIAN_POINT('',(-1.249999999999,0.721687836487,
    1.083333334698));
#2980 = CARTESIAN_POINT('',(-0.624999999999,1.08253175473,1.041666668032
    ));
#2981 = CARTESIAN_POINT('',(-9.E-17,1.443375672974,1.000000001365));
#2982 = CARTESIAN_POINT('',(0.624999999999,1.08253175473,0.958333334698)
  );
#2983 = CARTESIAN_POINT('',(1.249999999999,0.721687836487,0.916666668032
    ));
#2984 = CARTESIAN_POINT('',(1.249999999999,1.5E-16,0.875000001365));
#2985 = CARTESIAN_POINT('',(1.249999999999,-0.721687836487,
    0.833333334698));
#2986 = CARTESIAN_POINT('',(0.624999999999,-1.08253175473,0.791666668032
    ));
#2987 = CARTESIAN_POINT('',(2.7E-16,-1.443375672974,0.750000001365));
#2988 = CARTESIAN_POINT('',(-0.624999999999,-1.08253175473,
    0.708333334698));
#2989 = CARTESIAN_POINT('',(-1.249999999999,-0.721687836487,
    0.666666668032));
#2990 = CARTESIAN_POINT('',(-1.249999999999,0.,0.625000001365));
#2991 = CARTESIAN_POINT('',(-1.249999999999,0.721687836487,
    0.583333334698));
#2992 = CARTESIAN_POINT('',(-0.624999999999,1.08253175473,0.541666668032
    ));
#2993 = CARTESIAN_POINT('',(-9.E-17,1.443375672974,0.500000001365));
#2994 = CARTESIAN_POINT('',(0.624999999999,1.08253175473,0.458333334698)
  );
#2995 = CARTESIAN_POINT('',(1.249999999999,0.721687836487,0.416666668032
    ));
#2996 = CARTESIAN_POINT('',(1.249999999999,1.5E-16,0.375000001365));
#2997 = CARTESIAN_POINT('',(1.249999999999,-0.721687836487,
    0.333333334698));
#2998 = CARTESIAN_POINT('',(0.624999999999,-1.08253175473,0.291666668032
    ));
#2999 = CARTESIAN_POINT('',(2.7E-16,-1.443375672974,0.250000001365));
#3000 = CARTESIAN_POINT('',(-0.624999999999,-1.08253175473,
    0.208333334698));
#3001 = CARTESIAN_POINT('',(-1.249999999999,-0.721687836487,
    0.166666668032));
#3002 = CARTESIAN_POINT('',(-1.249999999999,0.,0.125000001365));
#3003 = CARTESIAN_POINT('',(-1.249999999999,0.721687836487,
    8.3333334698E-02));
#3004 = CARTESIAN_POINT('',(-0.624999999999,1.08253175473,
    4.1666668032E-02));
#3005 = CARTESIAN_POINT('',(-9.E-17,1.443375672974,1.364999668851E-09));
#3006 = CARTESIAN_POINT('',(0.624999999999,1.08253175473,
    -4.1666665302E-02));
#3007 = CARTESIAN_POINT('',(1.249999999999,0.721687836487,
    -8.3333331968E-02));
#3008 = CARTESIAN_POINT('',(1.249999999999,1.5E-16,-0.124999998635));
#3009 = CARTESIAN_POINT('',(1.249999999999,-0.721687836487,
    -0.166666665302));
#3010 = CARTESIAN_POINT('',(0.624999999999,-1.08253175473,
    -0.208333331968));
#3011 = CARTESIAN_POINT('',(2.7E-16,-1.443375672974,-0.249999998635));
#3012 = CARTESIAN_POINT('',(-0.624999999999,-1.08253175473,
    -0.291666665302));
#3013 = CARTESIAN_POINT('',(-1.249999999999,-0.721687836487,
    -0.333333331968));
#3014 = CARTESIAN_POINT('',(-1.249999999999,0.,-0.374999998635));
#3015 = CARTESIAN_POINT('',(-1.249999999999,0.721687836487,
    -0.416666665302));
#3016 = CARTESIAN_POINT('',(-0.624999999999,1.08253175473,
    -0.458333331968));
#3017 = CARTESIAN_POINT('',(-9.E-17,1.443375672974,-0.499999998635));
#3018 = CARTESIAN_POINT('',(0.624999999999,1.08253175473,-0.541666665302
    ));
#3019 = CARTESIAN_POINT('',(1.249999999999,0.721687836487,
    -0.583333331968));
#3020 = CARTESIAN_POINT('',(1.249999999999,1.5E-16,-0.624999998635));
#3021 = CARTESIAN_POINT('',(1.249999999999,-0.721687836487,
    -0.666666665302));
#3022 = CARTESIAN_POINT('',(0.624999999999,-1.08253175473,
    -0.708333331968));
#3023 = CARTESIAN_POINT('',(2.7E-16,-1.443375672974,-0.749999998635));
#3024 = CARTESIAN_POINT('',(-0.624999999999,-1.08253175473,
    -0.791666665302));
#3025 = CARTESIAN_POINT('',(-1.249999999999,-0.721687836487,
    -0.833333331968));
#3026 = CARTESIAN_POINT('',(-1.249999999999,0.,-0.874999998635));
#3027 = CARTESIAN_POINT('',(-1.249999999999,0.721687836487,
    -0.916666665302));
#3028 = CARTESIAN_POINT('',(-0.624999999999,1.08253175473,
    -0.958333331968));
#3029 = CARTESIAN_POINT('',(-9.E-17,1.443375672974,-0.999999998635));
#3030 = CARTESIAN_POINT('',(0.624999999999,1.08253175473,-1.041666665302
    ));
#3031 = CARTESIAN_POINT('',(1.249999999999,0.721687836487,
    -1.083333331968));
#3032 = CARTESIAN_POINT('',(1.249999999999,1.5E-16,-1.124999998635));
#3033 = CARTESIAN_POINT('',(1.249999999999,-0.721687836487,
    -1.166666665302));
#3034 = CARTESIAN_POINT('',(0.624999999999,-1.08253175473,
    -1.208333331968));
#3035 = CARTESIAN_POINT('',(2.7E-16,-1.443375672974,-1.249999998635));
#3036 = CARTESIAN_POINT('',(-0.624999999999,-1.08253175473,
    -1.291666665302));
#3037 = CARTESIAN_POINT('',(-1.249999999999,-0.721687836487,
    -1.333333331968));
#3038 = CARTESIAN_POINT('',(-1.249999999999,0.,-1.374999998635));
#3039 = CARTESIAN_POINT('',(-1.249999999999,0.721687836487,
    -1.416666665302));
#3040 = CARTESIAN_POINT('',(-0.624999999999,1.08253175473,
    -1.458333331968));
#3041 = CARTESIAN_POINT('',(-9.E-17,1.443375672974,-1.499999998635));
#3042 = CARTESIAN_POINT('',(0.624999999999,1.08253175473,-1.541666665302
    ));
#3043 = CARTESIAN_POINT('',(1.249999999999,0.721687836487,
    -1.583333331968));
#3044 = CARTESIAN_POINT('',(1.249999999999,1.5E-16,-1.624999998635));
#3045 = CARTESIAN_POINT('',(1.249999999999,-0.721687836487,
    -1.666666665302));
#3046 = CARTESIAN_POINT('',(0.624999999999,-1.08253175473,
    -1.708333331968));
#3047 = CARTESIAN_POINT('',(2.7E-16,-1.443375672974,-1.749999998635));
#3048 = CARTESIAN_POINT('',(-0.624999999999,-1.08253175473,
    -1.791666665302));
#3049 = CARTESIAN_POINT('',(-1.249999999999,-0.721687836487,
    -1.833333331968));
#3050 = CARTESIAN_POINT('',(-1.249999999999,0.,-1.874999998635));
#3051 = CARTESIAN_POINT('',(-1.249999999999,0.721687836487,
    -1.916666665302));
#3052 = CARTESIAN_POINT('',(-0.624999999999,1.08253175473,
    -1.958333331968));
#3053 = CARTESIAN_POINT('',(-9.E-17,1.443375672974,-1.999999998635));
#3054 = CARTESIAN_POINT('',(0.624999999999,1.08253175473,-2.041666665302
    ));
#3055 = CARTESIAN_POINT('',(1.249999999999,0.721687836487,
    -2.083333331968));
#3056 = CARTESIAN_POINT('',(1.249999999999,1.5E-16,-2.124999998635));
#3057 = CARTESIAN_POINT('',(1.249999999999,-0.721687836487,
    -2.166666665302));
#3058 = CARTESIAN_POINT('',(0.624999999999,-1.08253175473,
    -2.208333331968));
#3059 = CARTESIAN_POINT('',(2.7E-16,-1.443375672974,-2.249999998635));
#3060 = CARTESIAN_POINT('',(-0.624999999999,-1.08253175473,
    -2.291666665302));
#3061 = CARTESIAN_POINT('',(-1.249999999999,-0.721687836487,
    -2.333333331968));
#3062 = CARTESIAN_POINT('',(-1.249999999999,0.,-2.374999998635));
#3063 = CARTESIAN_POINT('',(-1.249999999999,0.721687836487,
    -2.416666665302));
#3064 = CARTESIAN_POINT('',(-0.624999999999,1.08253175473,
    -2.458333331968));
#3065 = CARTESIAN_POINT('',(-9.E-17,1.443375672974,-2.499999998635));
#3066 = CARTESIAN_POINT('',(0.624999999999,1.08253175473,-2.541666665302
    ));
#3067 = CARTESIAN_POINT('',(1.249999999999,0.721687836487,
    -2.583333331968));
#3068 = CARTESIAN_POINT('',(1.249999999999,1.5E-16,-2.624999998635));
#3069 = CARTESIAN_POINT('',(1.249999999999,-0.721687836487,
    -2.666666665302));
#3070 = CARTESIAN_POINT('',(0.624999999999,-1.08253175473,
    -2.708333331968));
#3071 = CARTESIAN_POINT('',(2.7E-16,-1.443375672974,-2.749999998635));
#3072 = CARTESIAN_POINT('',(-0.624999999999,-1.08253175473,
    -2.791666665302));
#3073 = CARTESIAN_POINT('',(-1.249999999999,-0.721687836487,
    -2.833333331968));
#3074 = CARTESIAN_POINT('',(-1.249999999999,0.,-2.874999998635));
#3075 = CARTESIAN_POINT('',(-1.249999999999,0.721687836487,
    -2.916666665302));
#3076 = CARTESIAN_POINT('',(-0.624999999999,1.08253175473,
    -2.958333331968));
#3077 = CARTESIAN_POINT('',(-9.E-17,1.443375672974,-2.999999998635));
#3078 = CARTESIAN_POINT('',(0.624999999999,1.08253175473,-3.041666665302
    ));
#3079 = CARTESIAN_POINT('',(1.249999999999,0.721687836487,
    -3.083333331968));
#3080 = CARTESIAN_POINT('',(1.249999999999,1.5E-16,-3.124999998635));
#3081 = CARTESIAN_POINT('',(1.249999999999,-0.721687836487,
    -3.166666665302));
#3082 = CARTESIAN_POINT('',(0.624999999999,-1.08253175473,
    -3.208333331968));
#3083 = CARTESIAN_POINT('',(2.7E-16,-1.443375672974,-3.249999998635));
#3084 = CARTESIAN_POINT('',(-0.624999999999,-1.08253175473,
    -3.291666665302));
#3085 = CARTESIAN_POINT('',(-1.249999999999,-0.721687836487,
    -3.333333331968));
#3086 = CARTESIAN_POINT('',(-1.249999999999,0.,-3.374999998635));
#3087 = CARTESIAN_POINT('',(-1.249999999999,0.721687836487,
    -3.416666665302));
#3088 = CARTESIAN_POINT('',(-0.624999999999,1.08253175473,
    -3.458333331968));
#3089 = CARTESIAN_POINT('',(-9.E-17,1.443375672974,-3.499999998635));
#3090 = CARTESIAN_POINT('',(0.624999999999,1.08253175473,-3.541666665302
    ));
#3091 = CARTESIAN_POINT('',(1.249999999999,0.721687836487,
    -3.583333331968));
#3092 = CARTESIAN_POINT('',(1.249999999999,1.5E-16,-3.624999998635));
#3093 = CARTESIAN_POINT('',(1.249999999999,-0.721687836487,
    -3.666666665302));
#3094 = CARTESIAN_POINT('',(0.624999999999,-1.08253175473,
    -3.708333331968));
#3095 = CARTESIAN_POINT('',(2.7E-16,-1.443375672974,-3.749999998635));
#3096 = CARTESIAN_POINT('',(-0.624999999999,-1.08253175473,
    -3.791666665302));
#3097 = CARTESIAN_POINT('',(-1.249999999999,-0.721687836487,
    -3.833333331968));
#3098 = CARTESIAN_POINT('',(-1.249999999999,0.,-3.874999998635));
#3099 = CARTESIAN_POINT('',(-1.249999999999,0.721687836487,
    -3.916666665302));
#3100 = CARTESIAN_POINT('',(-0.624999999999,1.08253175473,
    -3.958333331968));
#3101 = CARTESIAN_POINT('',(-9.E-17,1.443375672974,-3.999999998635));
#3102 = CARTESIAN_POINT('',(0.624999999999,1.08253175473,-4.041666665302
    ));
#3103 = CARTESIAN_POINT('',(1.249999999999,0.721687836487,
    -4.083333331968));
#3104 = CARTESIAN_POINT('',(1.249999999999,1.5E-16,-4.124999998635));
#3105 = CARTESIAN_POINT('',(1.249999999999,-0.721687836487,
    -4.166666665302));
#3106 = CARTESIAN_POINT('',(0.624999999999,-1.08253175473,
    -4.208333331968));
#3107 = CARTESIAN_POINT('',(2.7E-16,-1.443375672974,-4.249999998635));
#3108 = CARTESIAN_POINT('',(-0.624999999999,-1.08253175473,
    -4.291666665302));
#3109 = CARTESIAN_POINT('',(-1.249999999999,-0.721687836487,
    -4.333333331968));
#3110 = CARTESIAN_POINT('',(-1.249999999999,0.,-4.374999998635));
#3111 = CARTESIAN_POINT('',(-1.249999999999,0.721687836487,
    -4.416666665302));
#3112 = CARTESIAN_POINT('',(-0.624999999999,1.08253175473,
    -4.458333331968));
#3113 = CARTESIAN_POINT('',(-9.E-17,1.443375672974,-4.499999998635));
#3114 = CARTESIAN_POINT('',(0.624999999999,1.08253175473,-4.541666665302
    ));
#3115 = CARTESIAN_POINT('',(1.249999999999,0.721687836487,
    -4.583333331968));
#3116 = CARTESIAN_POINT('',(1.249999999999,1.5E-16,-4.624999998635));
#3117 = CARTESIAN_POINT('',(1.249999999999,-0.721687836487,
    -4.666666665302));
#3118 = CARTESIAN_POINT('',(0.624999999999,-1.08253175473,
    -4.708333331968));
#3119 = CARTESIAN_POINT('',(2.7E-16,-1.443375672974,-4.749999998635));
#3120 = CARTESIAN_POINT('',(-0.624999999999,-1.08253175473,
    -4.791666665302));
#3121 = CARTESIAN_POINT('',(-1.249999999999,-0.721687836487,
    -4.833333331968));
#3122 = CARTESIAN_POINT('',(-1.249999999999,0.,-4.874999998635));
#3123 = CARTESIAN_POINT('',(-1.249999999999,0.721687836487,
    -4.916666665302));
#3124 = CARTESIAN_POINT('',(-0.624999999999,1.08253175473,
    -4.958333331968));
#3125 = CARTESIAN_POINT('',(-9.E-17,1.443375672974,-4.999999998634));
#3126 = CARTESIAN_POINT('',(0.624999999999,1.08253175473,-5.041666665301
    ));
#3127 = CARTESIAN_POINT('',(1.249999999999,0.721687836487,
    -5.083333331967));
#3128 = CARTESIAN_POINT('',(1.249999999999,1.5E-16,-5.124999998634));
#3129 = CARTESIAN_POINT('',(1.249999999999,-0.721687836487,
    -5.166666665301));
#3130 = CARTESIAN_POINT('',(0.624999999999,-1.08253175473,
    -5.208333331967));
#3131 = CARTESIAN_POINT('',(2.7E-16,-1.443375672974,-5.249999998634));
#3132 = CARTESIAN_POINT('',(-0.624999999999,-1.08253175473,
    -5.291666665301));
#3133 = CARTESIAN_POINT('',(-1.249999999999,-0.721687836487,
    -5.333333331967));
#3134 = CARTESIAN_POINT('',(-1.249999999999,0.,-5.374999998634));
#3135 = CARTESIAN_POINT('',(-1.249999999999,0.721687836487,
    -5.416666665301));
#3136 = CARTESIAN_POINT('',(-0.624999999999,1.08253175473,
    -5.458333331967));
#3137 = CARTESIAN_POINT('',(-9.E-17,1.443375672974,-5.499999998634));
#3138 = CARTESIAN_POINT('',(0.624999999999,1.08253175473,-5.541666665301
    ));
#3139 = CARTESIAN_POINT('',(1.249999999999,0.721687836487,
    -5.583333331967));
#3140 = CARTESIAN_POINT('',(1.249999999999,1.5E-16,-5.624999998634));
#3141 = CARTESIAN_POINT('',(1.249999999999,-0.721687836487,
    -5.666666665301));
#3142 = CARTESIAN_POINT('',(0.624999999999,-1.08253175473,
    -5.708333331967));
#3143 = CARTESIAN_POINT('',(2.7E-16,-1.443375672974,-5.749999998634));
#3144 = CARTESIAN_POINT('',(-0.624999999999,-1.08253175473,
    -5.791666665301));
#3145 = CARTESIAN_POINT('',(-1.249999999999,-0.721687836487,
    -5.833333331967));
#3146 = CARTESIAN_POINT('',(-1.249999999999,0.,-5.874999998634));
#3147 = CARTESIAN_POINT('',(-1.249999999999,0.721687836487,
    -5.916666665301));
#3148 = CARTESIAN_POINT('',(-0.624999999999,1.08253175473,
    -5.958333331967));
#3149 = CARTESIAN_POINT('',(-9.E-17,1.443375672974,-5.999999998634));
#3150 = CARTESIAN_POINT('',(0.624999999999,1.08253175473,-6.041666665301
    ));
#3151 = CARTESIAN_POINT('',(1.249999999999,0.721687836487,
    -6.083333331967));
#3152 = CARTESIAN_POINT('',(1.249999999999,1.5E-16,-6.124999998634));
#3153 = CARTESIAN_POINT('',(1.249999999999,-0.721687836487,
    -6.166666665301));
#3154 = CARTESIAN_POINT('',(0.624999999999,-1.08253175473,
    -6.208333331967));
#3155 = CARTESIAN_POINT('',(2.7E-16,-1.443375672974,-6.249999998634));
#3156 = CARTESIAN_POINT('',(-0.624999999999,-1.08253175473,
    -6.291666665301));
#3157 = CARTESIAN_POINT('',(-1.249999999999,-0.721687836487,
    -6.333333331967));
#3158 = CARTESIAN_POINT('',(-1.249999999999,0.,-6.374999998634));
#3159 = CARTESIAN_POINT('',(-1.249999999999,0.721687836487,
    -6.416666665301));
#3160 = CARTESIAN_POINT('',(-0.624999999999,1.08253175473,
    -6.458333331967));
#3161 = CARTESIAN_POINT('',(-9.E-17,1.443375672974,-6.499999998634));
#3162 = CARTESIAN_POINT('',(0.624999999999,1.08253175473,-6.541666665301
    ));
#3163 = CARTESIAN_POINT('',(1.249999999999,0.721687836487,
    -6.583333331967));
#3164 = CARTESIAN_POINT('',(1.249999999999,1.5E-16,-6.624999998634));
#3165 = CARTESIAN_POINT('',(1.249999999999,-0.721687836487,
    -6.666666665301));
#3166 = CARTESIAN_POINT('',(0.624999999999,-1.08253175473,
    -6.708333331967));
#3167 = CARTESIAN_POINT('',(2.7E-16,-1.443375672974,-6.749999998634));
#3168 = CARTESIAN_POINT('',(-0.624999999999,-1.08253175473,
    -6.791666665301));
#3169 = CARTESIAN_POINT('',(-1.249999999999,-0.721687836487,
    -6.833333331967));
#3170 = CARTESIAN_POINT('',(-1.249999999999,0.,-6.874999998634));
#3171 = CARTESIAN_POINT('',(-1.249999999999,0.721687836487,
    -6.916666665301));
#3172 = CARTESIAN_POINT('',(-0.624999999999,1.08253175473,
    -6.958333331967));
#3173 = CARTESIAN_POINT('',(-9.E-17,1.443375672974,-6.999999998634));
#3174 = CARTESIAN_POINT('',(0.624999999999,1.08253175473,-7.041666665301
    ));
#3175 = CARTESIAN_POINT('',(1.249999999999,0.721687836487,
    -7.083333331967));
#3176 = CARTESIAN_POINT('',(1.249999999999,1.5E-16,-7.124999998634));
#3177 = CARTESIAN_POINT('',(1.249999999999,-0.721687836487,
    -7.166666665301));
#3178 = CARTESIAN_POINT('',(0.624999999999,-1.08253175473,
    -7.208333331967));
#3179 = CARTESIAN_POINT('',(2.7E-16,-1.443375672974,-7.249999998634));
#3180 = CARTESIAN_POINT('',(-0.624999999999,-1.08253175473,
    -7.291666665301));
#3181 = CARTESIAN_POINT('',(-1.249999999999,-0.721687836487,
    -7.333333331967));
#3182 = CARTESIAN_POINT('',(-1.249999999999,0.,-7.374999998634));
#3183 = CARTESIAN_POINT('',(-1.249999999999,0.721687836487,
    -7.416666665301));
#3184 = CARTESIAN_POINT('',(-0.624999999999,1.08253175473,
    -7.458333331967));
#3185 = CARTESIAN_POINT('',(-9.E-17,1.443375672974,-7.499999998634));
#3186 = CARTESIAN_POINT('',(0.624999999999,1.08253175473,-7.541666665301
    ));
#3187 = CARTESIAN_POINT('',(1.249999999999,0.721687836487,
    -7.583333331967));
#3188 = CARTESIAN_POINT('',(1.249999999999,1.5E-16,-7.624999998634));
#3189 = CARTESIAN_POINT('',(1.249999999999,-0.721687836487,
    -7.666666665301));
#3190 = CARTESIAN_POINT('',(0.624999999999,-1.08253175473,
    -7.708333331967));
#3191 = CARTESIAN_POINT('',(2.7E-16,-1.443375672974,-7.749999998634));
#3192 = CARTESIAN_POINT('',(-0.624999999999,-1.08253175473,
    -7.791666665301));
#3193 = CARTESIAN_POINT('',(-1.249999999999,-0.721687836487,
    -7.833333331967));
#3194 = CARTESIAN_POINT('',(-1.249999999999,0.,-7.874999998634));
#3195 = CARTESIAN_POINT('',(-1.249999999999,0.721687836487,
    -7.916666665301));
#3196 = CARTESIAN_POINT('',(-0.624999999999,1.08253175473,
    -7.958333331967));
#3197 = CARTESIAN_POINT('',(-9.E-17,1.443375672974,-7.999999998634));
#3198 = CARTESIAN_POINT('',(0.624999999999,1.08253175473,-8.041666665301
    ));
#3199 = CARTESIAN_POINT('',(1.249999999999,0.721687836487,
    -8.083333331967));
#3200 = CARTESIAN_POINT('',(1.249999999999,1.5E-16,-8.124999998634));
#3201 = CARTESIAN_POINT('',(1.249999999999,-0.721687836487,
    -8.166666665301));
#3202 = CARTESIAN_POINT('',(0.624999999999,-1.08253175473,
    -8.208333331967));
#3203 = CARTESIAN_POINT('',(2.7E-16,-1.443375672974,-8.249999998634));
#3204 = CARTESIAN_POINT('',(-0.624999999999,-1.08253175473,
    -8.291666665301));
#3205 = CARTESIAN_POINT('',(-1.249999999999,-0.721687836487,
    -8.333333331967));
#3206 = CARTESIAN_POINT('',(-1.249999999999,0.,-8.374999998634));
#3207 = CARTESIAN_POINT('',(-1.249999999999,0.721687836487,
    -8.416666665301));
#3208 = CARTESIAN_POINT('',(-0.624999999999,1.08253175473,
    -8.458333331967));
#3209 = CARTESIAN_POINT('',(-9.E-17,1.443375672974,-8.499999998634));
#3210 = CARTESIAN_POINT('',(0.624999999999,1.08253175473,-8.541666665301
    ));
#3211 = CARTESIAN_POINT('',(1.249999999999,0.721687836487,
    -8.583333331967));
#3212 = CARTESIAN_POINT('',(1.249999999999,1.5E-16,-8.624999998634));
#3213 = CARTESIAN_POINT('',(1.249999999999,-0.721687836487,
    -8.666666665301));
#3214 = CARTESIAN_POINT('',(0.624999999999,-1.08253175473,
    -8.708333331967));
#3215 = CARTESIAN_POINT('',(2.7E-16,-1.443375672974,-8.749999998634));
#3216 = CARTESIAN_POINT('',(-0.624999999999,-1.08253175473,
    -8.791666665301));
#3217 = CARTESIAN_POINT('',(-1.249999999999,-0.721687836487,
    -8.833333331967));
#3218 = CARTESIAN_POINT('',(-1.249999999999,0.,-8.874999998634));
#3219 = CARTESIAN_POINT('',(-1.249999999999,0.721687836487,
    -8.916666665301));
#3220 = CARTESIAN_POINT('',(-0.624999999999,1.08253175473,
    -8.958333331967));
#3221 = CARTESIAN_POINT('',(-9.E-17,1.443375672974,-8.999999998634));
#3222 = CARTESIAN_POINT('',(0.624999999999,1.08253175473,-9.041666665301
    ));
#3223 = CARTESIAN_POINT('',(1.249999999999,0.721687836487,
    -9.083333331967));
#3224 = CARTESIAN_POINT('',(1.249999999999,1.5E-16,-9.124999998634));
#3225 = CARTESIAN_POINT('',(1.249999999999,-0.721687836487,
    -9.166666665301));
#3226 = CARTESIAN_POINT('',(0.624999999999,-1.08253175473,
    -9.208333331967));
#3227 = CARTESIAN_POINT('',(2.7E-16,-1.443375672974,-9.249999998634));
#3228 = CARTESIAN_POINT('',(-0.624999999999,-1.08253175473,
    -9.291666665301));
#3229 = CARTESIAN_POINT('',(-1.249999999999,-0.721687836487,
    -9.333333331967));
#3230 = CARTESIAN_POINT('',(-1.249999999999,0.,-9.374999998634));
#3231 = CARTESIAN_POINT('',(-1.249999999999,0.721687836487,
    -9.416666665301));
#3232 = CARTESIAN_POINT('',(-0.624999999999,1.08253175473,
    -9.458333331967));
#3233 = CARTESIAN_POINT('',(-9.E-17,1.443375672974,-9.499999998634));
#3234 = CARTESIAN_POINT('',(0.624999999999,1.08253175473,-9.541666665301
    ));
#3235 = CARTESIAN_POINT('',(1.249999999999,0.721687836487,
    -9.583333331967));
#3236 = CARTESIAN_POINT('',(1.249999999999,1.5E-16,-9.624999998634));
#3237 = CARTESIAN_POINT('',(1.249999999999,-0.721687836487,
    -9.666666665301));
#3238 = CARTESIAN_POINT('',(0.624999999999,-1.08253175473,
    -9.708333331967));
#3239 = CARTESIAN_POINT('',(2.7E-16,-1.443375672974,-9.749999998634));
#3240 = CARTESIAN_POINT('',(-0.624999999999,-1.08253175473,
    -9.791666665301));
#3241 = CARTESIAN_POINT('',(-1.249999999999,-0.721687836487,
    -9.833333331967));
#3242 = CARTESIAN_POINT('',(-1.249999999999,0.,-9.874999998634));
#3243 = ADVANCED_FACE('',(#3244),#3270,.T.);
#3244 = FACE_BOUND('',#3245,.T.);
#3245 = EDGE_LOOP('',(#3246,#3254,#3255,#3263));
#3246 = ORIENTED_EDGE('',*,*,#3247,.F.);
#3247 = EDGE_CURVE('',#157,#3248,#3250,.T.);
#3248 = VERTEX_POINT('',#3249);
#3249 = CARTESIAN_POINT('',(2.779999999999,0.,4.75));
#3250 = LINE('',#3251,#3252);
#3251 = CARTESIAN_POINT('',(2.779999999999,3.4E-16,4.75));
#3252 = VECTOR('',#3253,1.);
#3253 = DIRECTION('',(0.707106781187,9.E-17,-0.707106781187));
#3254 = ORIENTED_EDGE('',*,*,#154,.F.);
#3255 = ORIENTED_EDGE('',*,*,#3256,.T.);
#3256 = EDGE_CURVE('',#155,#3257,#3259,.T.);
#3257 = VERTEX_POINT('',#3258);
#3258 = CARTESIAN_POINT('',(-2.779999999999,0.,4.75));
#3259 = LINE('',#3260,#3261);
#3260 = CARTESIAN_POINT('',(-2.779999999999,0.,4.75));
#3261 = VECTOR('',#3262,1.);
#3262 = DIRECTION('',(-0.707106781187,0.,-0.707106781187));
#3263 = ORIENTED_EDGE('',*,*,#3264,.T.);
#3264 = EDGE_CURVE('',#3257,#3248,#3265,.T.);
#3265 = CIRCLE('',#3266,2.779999999999);
#3266 = AXIS2_PLACEMENT_3D('',#3267,#3268,#3269);
#3267 = CARTESIAN_POINT('',(0.,0.,4.75));
#3268 = DIRECTION('',(0.,0.,1.));
#3269 = DIRECTION('',(1.,0.,0.));
#3270 = CONICAL_SURFACE('',#3271,2.779999999999,0.785398163397);
#3271 = AXIS2_PLACEMENT_3D('',#3272,#3273,#3274);
#3272 = CARTESIAN_POINT('',(0.,0.,4.75));
#3273 = DIRECTION('',(0.,0.,-1.));
#3274 = DIRECTION('',(-1.,0.,0.));
#3275 = ADVANCED_FACE('',(#3276),#3288,.T.);
#3276 = FACE_BOUND('',#3277,.T.);
#3277 = EDGE_LOOP('',(#3278,#3279,#3280,#3287));
#3278 = ORIENTED_EDGE('',*,*,#165,.F.);
#3279 = ORIENTED_EDGE('',*,*,#3247,.T.);
#3280 = ORIENTED_EDGE('',*,*,#3281,.T.);
#3281 = EDGE_CURVE('',#3248,#3257,#3282,.T.);
#3282 = CIRCLE('',#3283,2.779999999999);
#3283 = AXIS2_PLACEMENT_3D('',#3284,#3285,#3286);
#3284 = CARTESIAN_POINT('',(0.,0.,4.75));
#3285 = DIRECTION('',(0.,0.,1.));
#3286 = DIRECTION('',(1.,0.,0.));
#3287 = ORIENTED_EDGE('',*,*,#3256,.F.);
#3288 = CONICAL_SURFACE('',#3289,2.779999999999,0.785398163397);
#3289 = AXIS2_PLACEMENT_3D('',#3290,#3291,#3292);
#3290 = CARTESIAN_POINT('',(0.,0.,4.75));
#3291 = DIRECTION('',(0.,0.,-1.));
#3292 = DIRECTION('',(-1.,0.,0.));
#3293 = ADVANCED_FACE('',(#3294),#3309,.F.);
#3294 = FACE_BOUND('',#3295,.F.);
#3295 = EDGE_LOOP('',(#3296,#3303,#3304,#3305,#3306,#3307,#3308));
#3296 = ORIENTED_EDGE('',*,*,#3297,.T.);
#3297 = EDGE_CURVE('',#2451,#469,#3298,.T.);
#3298 = CIRCLE('',#3299,1.249999999999);
#3299 = AXIS2_PLACEMENT_3D('',#3300,#3301,#3302);
#3300 = CARTESIAN_POINT('',(0.,0.,4.));
#3301 = DIRECTION('',(0.,0.,1.));
#3302 = DIRECTION('',(1.,0.,0.));
#3303 = ORIENTED_EDGE('',*,*,#650,.F.);
#3304 = ORIENTED_EDGE('',*,*,#180,.F.);
#3305 = ORIENTED_EDGE('',*,*,#134,.F.);
#3306 = ORIENTED_EDGE('',*,*,#2428,.T.);
#3307 = ORIENTED_EDGE('',*,*,#2438,.T.);
#3308 = ORIENTED_EDGE('',*,*,#2450,.T.);
#3309 = CYLINDRICAL_SURFACE('',#3310,1.249999999999);
#3310 = AXIS2_PLACEMENT_3D('',#3311,#3312,#3313);
#3311 = CARTESIAN_POINT('',(0.,0.,-5.));
#3312 = DIRECTION('',(0.,0.,1.));
#3313 = DIRECTION('',(1.,0.,0.));
#3314 = ADVANCED_FACE('',(#3315),#3343,.T.);
#3315 = FACE_BOUND('',#3316,.T.);
#3316 = EDGE_LOOP('',(#3317,#3318,#3325,#3334,#3341,#3342));
#3317 = ORIENTED_EDGE('',*,*,#3281,.F.);
#3318 = ORIENTED_EDGE('',*,*,#3319,.F.);
#3319 = EDGE_CURVE('',#3320,#3248,#3322,.T.);
#3320 = VERTEX_POINT('',#3321);
#3321 = CARTESIAN_POINT('',(2.779999999999,0.,4.));
#3322 = B_SPLINE_CURVE_WITH_KNOTS('',1,(#3323,#3324),.UNSPECIFIED.,.F.,
  .F.,(2,2),(9.,9.75),.PIECEWISE_BEZIER_KNOTS.);
#3323 = CARTESIAN_POINT('',(2.779999999999,-6.809036203257E-16,4.));
#3324 = CARTESIAN_POINT('',(2.779999999999,-6.809036203257E-16,4.75));
#3325 = ORIENTED_EDGE('',*,*,#3326,.T.);
#3326 = EDGE_CURVE('',#3320,#3327,#3329,.T.);
#3327 = VERTEX_POINT('',#3328);
#3328 = CARTESIAN_POINT('',(-2.779999999999,3.4E-16,4.));
#3329 = CIRCLE('',#3330,2.779999999999);
#3330 = AXIS2_PLACEMENT_3D('',#3331,#3332,#3333);
#3331 = CARTESIAN_POINT('',(0.,0.,4.));
#3332 = DIRECTION('',(0.,0.,1.));
#3333 = DIRECTION('',(1.,0.,0.));
#3334 = ORIENTED_EDGE('',*,*,#3335,.T.);
#3335 = EDGE_CURVE('',#3327,#3320,#3336,.T.);
#3336 = CIRCLE('',#3337,2.779999999999);
#3337 = AXIS2_PLACEMENT_3D('',#3338,#3339,#3340);
#3338 = CARTESIAN_POINT('',(0.,0.,4.));
#3339 = DIRECTION('',(0.,0.,1.));
#3340 = DIRECTION('',(1.,0.,0.));
#3341 = ORIENTED_EDGE('',*,*,#3319,.T.);
#3342 = ORIENTED_EDGE('',*,*,#3264,.F.);
#3343 = CYLINDRICAL_SURFACE('',#3344,2.779999999999);
#3344 = AXIS2_PLACEMENT_3D('',#3345,#3346,#3347);
#3345 = CARTESIAN_POINT('',(0.,0.,-5.));
#3346 = DIRECTION('',(0.,0.,1.));
#3347 = DIRECTION('',(1.,0.,0.));
#3348 = ADVANCED_FACE('',(#3349),#3409,.F.);
#3349 = FACE_BOUND('',#3350,.F.);
#3350 = EDGE_LOOP('',(#3351,#3361,#3370,#3378));
#3351 = ORIENTED_EDGE('',*,*,#3352,.T.);
#3352 = EDGE_CURVE('',#3353,#3355,#3357,.T.);
#3353 = VERTEX_POINT('',#3354);
#3354 = CARTESIAN_POINT('',(-1.468721234828,8.8E-14,-1.248721234828));
#3355 = VERTEX_POINT('',#3356);
#3356 = CARTESIAN_POINT('',(-1.749999999999,0.,-1.529999999999));
#3357 = LINE('',#3358,#3359);
#3358 = CARTESIAN_POINT('',(-1.249999999999,0.,-1.03));
#3359 = VECTOR('',#3360,1.);
#3360 = DIRECTION('',(-0.707106781187,0.,-0.707106781187));
#3361 = ORIENTED_EDGE('',*,*,#3362,.T.);
#3362 = EDGE_CURVE('',#3355,#3363,#3365,.T.);
#3363 = VERTEX_POINT('',#3364);
#3364 = CARTESIAN_POINT('',(1.749999999999,0.,-1.529999999999));
#3365 = CIRCLE('',#3366,1.749999999999);
#3366 = AXIS2_PLACEMENT_3D('',#3367,#3368,#3369);
#3367 = CARTESIAN_POINT('',(0.,0.,-1.529999999999));
#3368 = DIRECTION('',(0.,0.,1.));
#3369 = DIRECTION('',(1.,0.,0.));
#3370 = ORIENTED_EDGE('',*,*,#3371,.F.);
#3371 = EDGE_CURVE('',#3372,#3363,#3374,.T.);
#3372 = VERTEX_POINT('',#3373);
#3373 = CARTESIAN_POINT('',(1.310227585774,8.876E-12,-1.090227585774));
#3374 = LINE('',#3375,#3376);
#3375 = CARTESIAN_POINT('',(1.249999999999,1.5E-16,-1.03));
#3376 = VECTOR('',#3377,1.);
#3377 = DIRECTION('',(0.707106781187,9.E-17,-0.707106781187));
#3378 = ORIENTED_EDGE('',*,*,#3379,.T.);
#3379 = EDGE_CURVE('',#3372,#3353,#3380,.T.);
#3380 = B_SPLINE_CURVE_WITH_KNOTS('',3,(#3381,#3382,#3383,#3384,#3385,
    #3386,#3387,#3388,#3389,#3390,#3391,#3392,#3393,#3394,#3395,#3396,
    #3397,#3398,#3399,#3400,#3401,#3402,#3403,#3404,#3405,#3406,#3407,
    #3408),.UNSPECIFIED.,.F.,.F.,(4,2,2,2,2,2,2,2,2,2,2,2,2,4),(
    1.540250855E-03,1.81341542E-03,2.086579985E-03,2.35974455E-03,
    2.632909115E-03,3.179238245E-03,3.725567375E-03,3.998731941E-03,
    4.271896506E-03,4.545061071E-03,4.818225636E-03,5.364554766E-03,
    5.637719331E-03,5.910883896E-03),.UNSPECIFIED.);
#3381 = CARTESIAN_POINT('',(1.310227585774,8.8764E-12,-1.090227585774));
#3382 = CARTESIAN_POINT('',(1.313401844809,-9.090083274E-02,
    -1.093401844808));
#3383 = CARTESIAN_POINT('',(1.307135983403,-0.183182964173,
    -1.096795226497));
#3384 = CARTESIAN_POINT('',(1.276467969893,-0.361929243029,
    -1.103688953711));
#3385 = CARTESIAN_POINT('',(1.252125882771,-0.449586524966,
    -1.10723068699));
#3386 = CARTESIAN_POINT('',(1.185038264028,-0.620394880276,-1.1144660061
    ));
#3387 = CARTESIAN_POINT('',(1.14334965251,-0.700945236615,
    -1.118048819067));
#3388 = CARTESIAN_POINT('',(1.044284587847,-0.852696872026,
    -1.125148410234));
#3389 = CARTESIAN_POINT('',(0.986091744677,-0.924598457857,
    -1.128704126013));
#3390 = CARTESIAN_POINT('',(0.79363811974,-1.117919692606,
    -1.138889338229));
#3391 = CARTESIAN_POINT('',(0.637963193065,-1.220054227325,
    -1.144810635439));
#3392 = CARTESIAN_POINT('',(0.302070528881,-1.356557728867,
    -1.157923870704));
#3393 = CARTESIAN_POINT('',(0.118886089902,-1.391691046032,
    -1.16497341943));
#3394 = CARTESIAN_POINT('',(-0.15290830833,-1.389820645556,
    -1.175272644757));
#3395 = CARTESIAN_POINT('',(-0.244810272943,-1.380136806004,
    -1.178729023837));
#3396 = CARTESIAN_POINT('',(-0.423006759917,-1.343293029212,
    -1.185383965457));
#3397 = CARTESIAN_POINT('',(-0.509447012053,-1.316377430471,
    -1.188588743984));
#3398 = CARTESIAN_POINT('',(-0.677017255883,-1.245578244795,
    -1.194762870874));
#3399 = CARTESIAN_POINT('',(-0.758191042447,-1.201312070952,
    -1.197669207529));
#3400 = CARTESIAN_POINT('',(-0.908640306338,-1.099939626148,
    -1.203824434678));
#3401 = CARTESIAN_POINT('',(-0.978821480917,-1.042422759403,
    -1.207009906371));
#3402 = CARTESIAN_POINT('',(-1.173781280109,-0.848765563995,
    -1.216888222646));
#3403 = CARTESIAN_POINT('',(-1.277176808289,-0.69729927927,
    -1.223605910897));
#3404 = CARTESIAN_POINT('',(-1.386486224121,-0.445666758196,
    -1.23348226491));
#3405 = CARTESIAN_POINT('',(-1.414520157822,-0.359485611686,
    -1.236672190001));
#3406 = CARTESIAN_POINT('',(-1.454236640394,-0.182640658739,
    -1.242859700627));
#3407 = CARTESIAN_POINT('',(-1.465886872218,-9.0985784243E-02,
    -1.245886872218));
#3408 = CARTESIAN_POINT('',(-1.468721234828,8.805E-14,-1.248721234828));
#3409 = CONICAL_SURFACE('',#3410,1.249999999999,0.785398163397);
#3410 = AXIS2_PLACEMENT_3D('',#3411,#3412,#3413);
#3411 = CARTESIAN_POINT('',(0.,0.,-1.03));
#3412 = DIRECTION('',(0.,0.,-1.));
#3413 = DIRECTION('',(-1.,0.,0.));
#3414 = ADVANCED_FACE('',(#3415),#3487,.F.);
#3415 = FACE_BOUND('',#3416,.F.);
#3416 = EDGE_LOOP('',(#3417,#3424,#3425,#3438,#3449,#3464,#3473,#3486));
#3417 = ORIENTED_EDGE('',*,*,#3418,.T.);
#3418 = EDGE_CURVE('',#3363,#3355,#3419,.T.);
#3419 = CIRCLE('',#3420,1.749999999999);
#3420 = AXIS2_PLACEMENT_3D('',#3421,#3422,#3423);
#3421 = CARTESIAN_POINT('',(0.,0.,-1.529999999999));
#3422 = DIRECTION('',(0.,0.,1.));
#3423 = DIRECTION('',(1.,0.,0.));
#3424 = ORIENTED_EDGE('',*,*,#3352,.F.);
#3425 = ORIENTED_EDGE('',*,*,#3426,.T.);
#3426 = EDGE_CURVE('',#3353,#3427,#3429,.T.);
#3427 = VERTEX_POINT('',#3428);
#3428 = CARTESIAN_POINT('',(-0.786479082966,1.301451183358,-1.3006329375
    ));
#3429 = B_SPLINE_CURVE_WITH_KNOTS('',3,(#3430,#3431,#3432,#3433,#3434,
    #3435,#3436,#3437),.UNSPECIFIED.,.F.,.F.,(4,2,2,4),(5.910883896E-03,
    6.679438456E-03,7.063715735E-03,7.447993015E-03),.UNSPECIFIED.);
#3430 = CARTESIAN_POINT('',(-1.468721234828,8.805E-14,-1.248721234828));
#3431 = CARTESIAN_POINT('',(-1.47669577686,0.255990520851,-1.25669577686
    ));
#3432 = CARTESIAN_POINT('',(-1.417646278541,0.51290888304,
    -1.265781986292));
#3433 = CARTESIAN_POINT('',(-1.239895132018,0.852609880608,
    -1.279323664614));
#3434 = CARTESIAN_POINT('',(-1.165250021088,0.959158892458,
    -1.28386266169));
#3435 = CARTESIAN_POINT('',(-0.993712666703,1.147338351489,
    -1.292501130367));
#3436 = CARTESIAN_POINT('',(-0.894939501214,1.231317490732,
    -1.29670448979));
#3437 = CARTESIAN_POINT('',(-0.786479082966,1.301451183358,-1.3006329375
    ));
#3438 = ORIENTED_EDGE('',*,*,#3439,.T.);
#3439 = EDGE_CURVE('',#3427,#3440,#3442,.T.);
#3440 = VERTEX_POINT('',#3441);
#3441 = CARTESIAN_POINT('',(0.353692010715,1.47892748036,-1.3006329375)
  );
#3442 = B_SPLINE_CURVE_WITH_KNOTS('',3,(#3443,#3444,#3445,#3446,#3447,
    #3448),.UNSPECIFIED.,.F.,.F.,(4,2,4),(3.E-17,5.92658882E-04,
    1.185317764E-03),.UNSPECIFIED.);
#3443 = CARTESIAN_POINT('',(-0.786479082966,1.301451183358,-1.3006329375
    ));
#3444 = CARTESIAN_POINT('',(-0.617257872999,1.403713138117,-1.3006329375
    ));
#3445 = CARTESIAN_POINT('',(-0.428731130496,1.472235785864,-1.3006329375
    ));
#3446 = CARTESIAN_POINT('',(-3.8634271748E-02,1.532904427706,
    -1.3006329375));
#3447 = CARTESIAN_POINT('',(0.161394442523,1.524916289448,
    -1.300632937499));
#3448 = CARTESIAN_POINT('',(0.353692010715,1.47892748036,-1.3006329375)
  );
#3449 = ORIENTED_EDGE('',*,*,#3450,.T.);
#3450 = EDGE_CURVE('',#3440,#3451,#3453,.T.);
#3451 = VERTEX_POINT('',#3452);
#3452 = CARTESIAN_POINT('',(-1.159370444595,0.467290244064,-1.03));
#3453 = B_SPLINE_CURVE_WITH_KNOTS('',3,(#3454,#3455,#3456,#3457,#3458,
    #3459,#3460,#3461,#3462,#3463),.UNSPECIFIED.,.F.,.F.,(4,2,2,2,4),(0.
    ,4.99768808E-04,9.99537616E-04,1.499306424E-03,1.999075232E-03),
  .UNSPECIFIED.);
#3454 = CARTESIAN_POINT('',(0.353692010715,1.47892748036,-1.3006329375)
  );
#3455 = CARTESIAN_POINT('',(0.18701183673,1.497218739642,-1.279653515646
    ));
#3456 = CARTESIAN_POINT('',(2.2123092869E-02,1.487189597739,
    -1.25806236346));
#3457 = CARTESIAN_POINT('',(-0.303972560593,1.410504399905,
    -1.213306666127));
#3458 = CARTESIAN_POINT('',(-0.456015762254,1.345999753959,
    -1.191389134436));
#3459 = CARTESIAN_POINT('',(-0.738033383844,1.164709472384,
    -1.148793266513));
#3460 = CARTESIAN_POINT('',(-0.859014243622,1.05266100533,
    -1.128521601321));
#3461 = CARTESIAN_POINT('',(-1.05380861502,0.780054725615,
    -1.080579800853));
#3462 = CARTESIAN_POINT('',(-1.121520426958,0.630258945545,
    -1.055817194011));
#3463 = CARTESIAN_POINT('',(-1.159370444595,0.467290244064,-1.03));
#3464 = ORIENTED_EDGE('',*,*,#3465,.F.);
#3465 = EDGE_CURVE('',#3466,#3451,#3468,.T.);
#3466 = VERTEX_POINT('',#3467);
#3467 = CARTESIAN_POINT('',(0.450000020483,1.166190371064,-1.03));
#3468 = CIRCLE('',#3469,1.249999999999);
#3469 = AXIS2_PLACEMENT_3D('',#3470,#3471,#3472);
#3470 = CARTESIAN_POINT('',(0.,0.,-1.03));
#3471 = DIRECTION('',(0.,0.,1.));
#3472 = DIRECTION('',(1.,0.,0.));
#3473 = ORIENTED_EDGE('',*,*,#3474,.T.);
#3474 = EDGE_CURVE('',#3466,#3372,#3475,.T.);
#3475 = B_SPLINE_CURVE_WITH_KNOTS('',3,(#3476,#3477,#3478,#3479,#3480,
    #3481,#3482,#3483,#3484,#3485),.UNSPECIFIED.,.F.,.F.,(4,2,2,2,4),(0.
    ,3.85062713E-04,7.70125427E-04,1.155188141E-03,1.540250855E-03),
  .UNSPECIFIED.);
#3476 = CARTESIAN_POINT('',(0.450000020483,1.166190371064,-1.03));
#3477 = CARTESIAN_POINT('',(0.572624806668,1.12434485835,-1.035105057836
    ));
#3478 = CARTESIAN_POINT('',(0.686703458521,1.063782097511,
    -1.039592604012));
#3479 = CARTESIAN_POINT('',(0.894238333343,0.910446421085,
    -1.049627669689));
#3480 = CARTESIAN_POINT('',(0.98454498341,0.820068309273,-1.05480271134)
  );
#3481 = CARTESIAN_POINT('',(1.137983010488,0.611631901302,
    -1.065449342237));
#3482 = CARTESIAN_POINT('',(1.19747405051,0.498424683083,-1.070671642206
    ));
#3483 = CARTESIAN_POINT('',(1.282051550329,0.255313833976,
    -1.080885603412));
#3484 = CARTESIAN_POINT('',(1.3057530347,0.128137122508,-1.085753034701)
  );
#3485 = CARTESIAN_POINT('',(1.310227585774,8.8764E-12,-1.090227585774));
#3486 = ORIENTED_EDGE('',*,*,#3371,.T.);
#3487 = CONICAL_SURFACE('',#3488,1.249999999999,0.785398163397);
#3488 = AXIS2_PLACEMENT_3D('',#3489,#3490,#3491);
#3489 = CARTESIAN_POINT('',(0.,0.,-1.03));
#3490 = DIRECTION('',(0.,0.,-1.));
#3491 = DIRECTION('',(-1.,0.,0.));
#3492 = ADVANCED_FACE('',(#3493,#3513),#3517,.F.);
#3493 = FACE_BOUND('',#3494,.T.);
#3494 = EDGE_LOOP('',(#3495,#3506));
#3495 = ORIENTED_EDGE('',*,*,#3496,.F.);
#3496 = EDGE_CURVE('',#3497,#3499,#3501,.T.);
#3497 = VERTEX_POINT('',#3498);
#3498 = CARTESIAN_POINT('',(1.794999999999,0.,-1.53));
#3499 = VERTEX_POINT('',#3500);
#3500 = CARTESIAN_POINT('',(-1.794999999999,0.,-1.53));
#3501 = CIRCLE('',#3502,1.794999999999);
#3502 = AXIS2_PLACEMENT_3D('',#3503,#3504,#3505);
#3503 = CARTESIAN_POINT('',(0.,0.,-1.53));
#3504 = DIRECTION('',(0.,0.,1.));
#3505 = DIRECTION('',(1.,0.,0.));
#3506 = ORIENTED_EDGE('',*,*,#3507,.F.);
#3507 = EDGE_CURVE('',#3499,#3497,#3508,.T.);
#3508 = CIRCLE('',#3509,1.794999999999);
#3509 = AXIS2_PLACEMENT_3D('',#3510,#3511,#3512);
#3510 = CARTESIAN_POINT('',(0.,0.,-1.53));
#3511 = DIRECTION('',(0.,0.,1.));
#3512 = DIRECTION('',(1.,0.,0.));
#3513 = FACE_BOUND('',#3514,.T.);
#3514 = EDGE_LOOP('',(#3515,#3516));
#3515 = ORIENTED_EDGE('',*,*,#3362,.T.);
#3516 = ORIENTED_EDGE('',*,*,#3418,.T.);
#3517 = PLANE('',#3518);
#3518 = AXIS2_PLACEMENT_3D('',#3519,#3520,#3521);
#3519 = CARTESIAN_POINT('',(0.,1.749999999999,-1.529999999999));
#3520 = DIRECTION('',(0.,0.,1.));
#3521 = DIRECTION('',(1.,0.,0.));
#3522 = ADVANCED_FACE('',(#3523),#4047,.T.);
#3523 = FACE_BOUND('',#3524,.T.);
#3524 = EDGE_LOOP('',(#3525,#3795,#3796,#3808,#3820,#3832,#3844,#3856,
    #3868,#3880,#3892,#3904,#3916,#3928,#3940,#3952,#3964,#3976,#3988,
    #4000,#4012,#4024,#4036,#4044,#4045,#4046));
#3525 = ORIENTED_EDGE('',*,*,#3526,.F.);
#3526 = EDGE_CURVE('',#1389,#3427,#3527,.T.);
#3527 = ( BOUNDED_CURVE() B_SPLINE_CURVE(2,(#3528,#3529,#3530,#3531,
    #3532,#3533,#3534,#3535,#3536,#3537,#3538,#3539,#3540,#3541,#3542,
    #3543,#3544,#3545,#3546,#3547,#3548,#3549,#3550,#3551,#3552,#3553,
    #3554,#3555,#3556,#3557,#3558,#3559,#3560,#3561,#3562,#3563,#3564,
    #3565,#3566,#3567,#3568,#3569,#3570,#3571,#3572,#3573,#3574,#3575,
    #3576,#3577,#3578,#3579,#3580,#3581,#3582,#3583,#3584,#3585,#3586,
    #3587,#3588,#3589,#3590,#3591,#3592,#3593,#3594,#3595,#3596,#3597,
    #3598,#3599,#3600,#3601,#3602,#3603,#3604,#3605,#3606,#3607,#3608,
    #3609,#3610,#3611,#3612,#3613,#3614,#3615,#3616,#3617,#3618,#3619,
    #3620,#3621,#3622,#3623,#3624,#3625,#3626,#3627,#3628,#3629,#3630,
    #3631,#3632,#3633,#3634,#3635,#3636,#3637,#3638,#3639,#3640,#3641,
    #3642,#3643,#3644,#3645,#3646,#3647,#3648,#3649,#3650,#3651,#3652,
    #3653,#3654,#3655,#3656,#3657,#3658,#3659,#3660,#3661,#3662,#3663,
    #3664,#3665,#3666,#3667,#3668,#3669,#3670,#3671,#3672,#3673,#3674,
    #3675,#3676,#3677,#3678,#3679,#3680,#3681,#3682,#3683,#3684,#3685,
    #3686,#3687,#3688,#3689,#3690,#3691,#3692,#3693,#3694,#3695,#3696,
    #3697,#3698,#3699,#3700,#3701,#3702,#3703,#3704,#3705,#3706,#3707,
    #3708,#3709,#3710,#3711,#3712,#3713,#3714,#3715,#3716,#3717,#3718,
    #3719,#3720,#3721,#3722,#3723,#3724,#3725,#3726,#3727,#3728,#3729,
    #3730,#3731,#3732,#3733,#3734,#3735,#3736,#3737,#3738,#3739,#3740,
    #3741,#3742,#3743,#3744,#3745,#3746,#3747,#3748,#3749,#3750,#3751,
    #3752,#3753,#3754,#3755,#3756,#3757,#3758,#3759,#3760,#3761,#3762,
    #3763,#3764,#3765,#3766,#3767,#3768,#3769,#3770,#3771,#3772,#3773,
    #3774,#3775,#3776,#3777,#3778,#3779,#3780,#3781,#3782,#3783,#3784,
    #3785,#3786,#3787,#3788,#3789,#3790,#3791,#3792,#3793,#3794),
.UNSPECIFIED.,.F.,.F.) B_SPLINE_CURVE_WITH_KNOTS((3,2,2,2,2,2,2,2,2,2,2,
    2,2,2,2,2,2,2,2,2,2,2,2,2,2,2,2,2,2,2,2,2,2,2,2,2,2,2,2,2,2,2,2,2,2,
    2,2,2,2,2,2,2,2,2,2,2,2,2,2,2,2,2,2,2,2,2,2,2,2,2,2,2,2,2,2,2,2,2,2,
    2,2,2,2,2,2,2,2,2,2,2,2,2,2,2,2,2,2,2,2,2,2,2,2,2,2,2,2,2,2,2,2,2,2,
    2,2,2,2,2,2,2,2,2,2,2,2,2,2,2,2,2,2,2,2,3),(3.4107669532E-02,
    3.8888888888E-02,4.4444444444E-02,5.E-02,5.5555555555E-02,
    6.1111111111E-02,6.6666666666E-02,7.2222222222E-02,7.7777777777E-02,
    8.3333333333E-02,8.8888888888E-02,9.4444444444E-02,0.1,
    0.105555555555,0.111111111111,0.116666666666,0.122222222222,
    0.127777777777,0.133333333333,0.138888888888,0.144444444444,
    0.149999999999,0.155555555555,0.161111111111,0.166666666666,
    0.172222222222,0.177777777777,0.183333333333,0.188888888888,
    0.194444444444,0.2,0.205555555555,0.211111111111,0.216666666666,
    0.222222222222,0.227777777777,0.233333333333,0.238888888888,
    0.244444444444,0.25,0.255555555555,0.261111111111,0.266666666666,
    0.272222222222,0.277777777777,0.283333333333,0.288888888888,
    0.294444444444,0.299999999999,0.305555555555,0.311111111111,
    0.316666666666,0.322222222222,0.327777777777,0.333333333333,
    0.338888888888,0.344444444444,0.349999999999,0.355555555555,
    0.361111111111,0.366666666666,0.372222222222,0.377777777777,
    0.383333333333,0.388888888888,0.394444444444,0.4,0.405555555555,
    0.411111111111,0.416666666666,0.422222222222,0.427777777777,
    0.433333333333,0.438888888888,0.444444444444,0.45,0.455555555555,
    0.461111111111,0.466666666666,0.472222222222,0.477777777777,
    0.483333333333,0.488888888888,0.494444444444,0.5,0.505555555555,
    0.511111111111,0.516666666666,0.522222222222,0.527777777777,
    0.533333333333,0.538888888888,0.544444444444,0.55,0.555555555555,
    0.561111111111,0.566666666666,0.572222222222,0.577777777777,
    0.583333333333,0.588888888888,0.594444444444,0.599999999999,
    0.605555555555,0.611111111111,0.616666666666,0.622222222222,
    0.627777777777,0.633333333333,0.638888888888,0.644444444444,0.65,
    0.655555555555,0.661111111111,0.666666666666,0.672222222222,
    0.677777777777,0.683333333333,0.688888888888,0.694444444444,
    0.699999999999,0.705555555555,0.711111111111,0.716666666666,
    0.722222222222,0.727777777777,0.733333333333,0.738888888888,
    0.744444444444,0.75,0.755555555555,0.761111111111,0.766666666666,
0.772111496528),.UNSPECIFIED.) CURVE() GEOMETRIC_REPRESENTATION_ITEM() 
RATIONAL_B_SPLINE_CURVE((0.967858533061,0.884698852114,1.,0.866025403784
    ,1.,0.866025403784,1.,0.866025403784,1.,0.866025403784,1.,
    0.866025403784,1.,0.866025403784,1.,0.866025403784,1.,0.866025403784
    ,1.,0.866025403784,1.,0.866025403784,1.,0.866025403784,1.,
    0.866025403784,1.,0.866025403784,1.,0.866025403784,1.,0.866025403784
    ,1.,0.866025403784,1.,0.866025403784,1.,0.866025403784,1.,
    0.866025403784,1.,0.866025403784,1.,0.866025403784,1.,0.866025403784
    ,1.,0.866025403784,1.,0.866025403784,1.,0.866025403784,1.,
    0.866025403784,1.,0.866025403784,1.,0.866025403784,1.,0.866025403784
    ,1.,0.866025403784,1.,0.866025403784,1.,0.866025403784,1.,
    0.866025403784,1.,0.866025403784,1.,0.866025403784,1.,0.866025403784
    ,1.,0.866025403784,1.,0.866025403784,1.,0.866025403784,1.,
    0.866025403784,1.,0.866025403784,1.,0.866025403784,1.,0.866025403784
    ,1.,0.866025403784,1.,0.866025403784,1.,0.866025403784,1.,
    0.866025403784,1.,0.866025403784,1.,0.866025403784,1.,0.866025403784
    ,1.,0.866025403784,1.,0.866025403784,1.,0.866025403784,1.,
    0.866025403784,1.,0.866025403784,1.,0.866025403784,1.,0.866025403784
    ,1.,0.866025403784,1.,0.866025403784,1.,0.866025403784,1.,
    0.866025403784,1.,0.866025403784,1.,0.866025403784,1.,0.866025403784
    ,1.,0.866025403784,1.,0.866025403784,1.,0.866025403784,1.,
    0.866025403784,1.,0.866025403784,1.,0.866025403784,1.,0.866025403784
    ,1.,0.866025403784,1.,0.866025403784,1.,0.866025403784,1.,
    0.866025403784,1.,0.866025403784,1.,0.866025403784,1.,0.866025403784
    ,1.,0.866025403784,1.,0.866025403784,1.,0.866025403784,1.,
    0.866025403784,1.,0.866025403784,1.,0.866025403784,1.,0.866025403784
    ,1.,0.866025403784,1.,0.866025403784,1.,0.866025403784,1.,
    0.866025403784,1.,0.866025403784,1.,0.866025403784,1.,0.866025403784
    ,1.,0.866025403784,1.,0.866025403784,1.,0.866025403784,1.,
    0.866025403784,1.,0.866025403784,1.,0.866025403784,1.,0.866025403784
    ,1.,0.866025403784,1.,0.866025403784,1.,0.866025403784,1.,
    0.866025403784,1.,0.866025403784,1.,0.866025403784,1.,0.866025403784
    ,1.,0.866025403784,1.,0.866025403784,1.,0.866025403784,1.,
    0.866025403784,1.,0.866025403784,1.,0.866025403784,1.,0.866025403784
    ,1.,0.866025403784,1.,0.866025403784,1.,0.866025403784,1.,
    0.866025403784,1.,0.866025403784,1.,0.866025403784,1.,0.866025403784
    ,1.,0.866025403784,1.,0.866025403784,1.,0.866025403784,1.,
    0.866025403784,1.,0.866025403784,1.,0.866025403784,1.,0.866025403784
    ,1.,0.866025403784,1.,0.866025403784,1.,0.866025403784,1.,
0.866025403784,1.,0.8686956012,0.994766042574)) REPRESENTATION_ITEM('') 
  );
#3528 = CARTESIAN_POINT('',(-1.505371808998,0.214895898711,
    9.770632937499));
#3529 = CARTESIAN_POINT('',(-1.400848333549,0.947095509139,9.7330189291)
  );
#3530 = CARTESIAN_POINT('',(-0.760316468749,1.316906753706,
    9.697916667349));
#3531 = CARTESIAN_POINT('',(-1.1E-16,1.755875671608,9.656250000682));
#3532 = CARTESIAN_POINT('',(0.760316468749,1.316906753706,9.614583334016
    ));
#3533 = CARTESIAN_POINT('',(1.520632937499,0.877937835804,9.572916667349
    ));
#3534 = CARTESIAN_POINT('',(1.520632937499,1.9E-16,9.531250000682));
#3535 = CARTESIAN_POINT('',(1.520632937499,-0.877937835804,
    9.489583334016));
#3536 = CARTESIAN_POINT('',(0.760316468749,-1.316906753706,
    9.447916667349));
#3537 = CARTESIAN_POINT('',(3.2E-16,-1.755875671608,9.406250000682));
#3538 = CARTESIAN_POINT('',(-0.760316468749,-1.316906753706,
    9.364583334016));
#3539 = CARTESIAN_POINT('',(-1.520632937499,-0.877937835804,
    9.322916667349));
#3540 = CARTESIAN_POINT('',(-1.520632937499,0.,9.281250000682));
#3541 = CARTESIAN_POINT('',(-1.520632937499,0.877937835804,
    9.239583334016));
#3542 = CARTESIAN_POINT('',(-0.760316468749,1.316906753706,
    9.197916667349));
#3543 = CARTESIAN_POINT('',(-1.1E-16,1.755875671608,9.156250000682));
#3544 = CARTESIAN_POINT('',(0.760316468749,1.316906753706,9.114583334016
    ));
#3545 = CARTESIAN_POINT('',(1.520632937499,0.877937835804,9.072916667349
    ));
#3546 = CARTESIAN_POINT('',(1.520632937499,1.9E-16,9.031250000682));
#3547 = CARTESIAN_POINT('',(1.520632937499,-0.877937835804,
    8.989583334016));
#3548 = CARTESIAN_POINT('',(0.760316468749,-1.316906753706,
    8.947916667349));
#3549 = CARTESIAN_POINT('',(3.2E-16,-1.755875671608,8.906250000682));
#3550 = CARTESIAN_POINT('',(-0.760316468749,-1.316906753706,
    8.864583334016));
#3551 = CARTESIAN_POINT('',(-1.520632937499,-0.877937835804,
    8.822916667349));
#3552 = CARTESIAN_POINT('',(-1.520632937499,0.,8.781250000682));
#3553 = CARTESIAN_POINT('',(-1.520632937499,0.877937835804,
    8.739583334016));
#3554 = CARTESIAN_POINT('',(-0.760316468749,1.316906753706,
    8.697916667349));
#3555 = CARTESIAN_POINT('',(-1.1E-16,1.755875671608,8.656250000682));
#3556 = CARTESIAN_POINT('',(0.760316468749,1.316906753706,8.614583334016
    ));
#3557 = CARTESIAN_POINT('',(1.520632937499,0.877937835804,8.572916667349
    ));
#3558 = CARTESIAN_POINT('',(1.520632937499,1.9E-16,8.531250000682));
#3559 = CARTESIAN_POINT('',(1.520632937499,-0.877937835804,
    8.489583334016));
#3560 = CARTESIAN_POINT('',(0.760316468749,-1.316906753706,
    8.447916667349));
#3561 = CARTESIAN_POINT('',(3.2E-16,-1.755875671608,8.406250000682));
#3562 = CARTESIAN_POINT('',(-0.760316468749,-1.316906753706,
    8.364583334016));
#3563 = CARTESIAN_POINT('',(-1.520632937499,-0.877937835804,
    8.322916667349));
#3564 = CARTESIAN_POINT('',(-1.520632937499,0.,8.281250000682));
#3565 = CARTESIAN_POINT('',(-1.520632937499,0.877937835804,
    8.239583334016));
#3566 = CARTESIAN_POINT('',(-0.760316468749,1.316906753706,
    8.197916667349));
#3567 = CARTESIAN_POINT('',(-1.1E-16,1.755875671608,8.156250000682));
#3568 = CARTESIAN_POINT('',(0.760316468749,1.316906753706,8.114583334016
    ));
#3569 = CARTESIAN_POINT('',(1.520632937499,0.877937835804,8.072916667349
    ));
#3570 = CARTESIAN_POINT('',(1.520632937499,1.9E-16,8.031250000682));
#3571 = CARTESIAN_POINT('',(1.520632937499,-0.877937835804,
    7.989583334016));
#3572 = CARTESIAN_POINT('',(0.760316468749,-1.316906753706,
    7.947916667349));
#3573 = CARTESIAN_POINT('',(3.2E-16,-1.755875671608,7.906250000682));
#3574 = CARTESIAN_POINT('',(-0.760316468749,-1.316906753706,
    7.864583334016));
#3575 = CARTESIAN_POINT('',(-1.520632937499,-0.877937835804,
    7.822916667349));
#3576 = CARTESIAN_POINT('',(-1.520632937499,0.,7.781250000682));
#3577 = CARTESIAN_POINT('',(-1.520632937499,0.877937835804,
    7.739583334016));
#3578 = CARTESIAN_POINT('',(-0.760316468749,1.316906753706,
    7.697916667349));
#3579 = CARTESIAN_POINT('',(-1.1E-16,1.755875671608,7.656250000682));
#3580 = CARTESIAN_POINT('',(0.760316468749,1.316906753706,7.614583334016
    ));
#3581 = CARTESIAN_POINT('',(1.520632937499,0.877937835804,7.572916667349
    ));
#3582 = CARTESIAN_POINT('',(1.520632937499,1.9E-16,7.531250000682));
#3583 = CARTESIAN_POINT('',(1.520632937499,-0.877937835804,
    7.489583334016));
#3584 = CARTESIAN_POINT('',(0.760316468749,-1.316906753706,
    7.447916667349));
#3585 = CARTESIAN_POINT('',(3.2E-16,-1.755875671608,7.406250000682));
#3586 = CARTESIAN_POINT('',(-0.760316468749,-1.316906753706,
    7.364583334016));
#3587 = CARTESIAN_POINT('',(-1.520632937499,-0.877937835804,
    7.322916667349));
#3588 = CARTESIAN_POINT('',(-1.520632937499,0.,7.281250000682));
#3589 = CARTESIAN_POINT('',(-1.520632937499,0.877937835804,
    7.239583334016));
#3590 = CARTESIAN_POINT('',(-0.760316468749,1.316906753706,
    7.197916667349));
#3591 = CARTESIAN_POINT('',(-1.1E-16,1.755875671608,7.156250000682));
#3592 = CARTESIAN_POINT('',(0.760316468749,1.316906753706,7.114583334016
    ));
#3593 = CARTESIAN_POINT('',(1.520632937499,0.877937835804,7.072916667349
    ));
#3594 = CARTESIAN_POINT('',(1.520632937499,1.9E-16,7.031250000682));
#3595 = CARTESIAN_POINT('',(1.520632937499,-0.877937835804,
    6.989583334016));
#3596 = CARTESIAN_POINT('',(0.760316468749,-1.316906753706,
    6.947916667349));
#3597 = CARTESIAN_POINT('',(3.2E-16,-1.755875671608,6.906250000682));
#3598 = CARTESIAN_POINT('',(-0.760316468749,-1.316906753706,
    6.864583334016));
#3599 = CARTESIAN_POINT('',(-1.520632937499,-0.877937835804,
    6.822916667349));
#3600 = CARTESIAN_POINT('',(-1.520632937499,0.,6.781250000682));
#3601 = CARTESIAN_POINT('',(-1.520632937499,0.877937835804,
    6.739583334016));
#3602 = CARTESIAN_POINT('',(-0.760316468749,1.316906753706,
    6.697916667349));
#3603 = CARTESIAN_POINT('',(-1.1E-16,1.755875671608,6.656250000682));
#3604 = CARTESIAN_POINT('',(0.760316468749,1.316906753706,6.614583334016
    ));
#3605 = CARTESIAN_POINT('',(1.520632937499,0.877937835804,6.572916667349
    ));
#3606 = CARTESIAN_POINT('',(1.520632937499,1.9E-16,6.531250000682));
#3607 = CARTESIAN_POINT('',(1.520632937499,-0.877937835804,
    6.489583334016));
#3608 = CARTESIAN_POINT('',(0.760316468749,-1.316906753706,
    6.447916667349));
#3609 = CARTESIAN_POINT('',(3.2E-16,-1.755875671608,6.406250000682));
#3610 = CARTESIAN_POINT('',(-0.760316468749,-1.316906753706,
    6.364583334016));
#3611 = CARTESIAN_POINT('',(-1.520632937499,-0.877937835804,
    6.322916667349));
#3612 = CARTESIAN_POINT('',(-1.520632937499,0.,6.281250000682));
#3613 = CARTESIAN_POINT('',(-1.520632937499,0.877937835804,
    6.239583334016));
#3614 = CARTESIAN_POINT('',(-0.760316468749,1.316906753706,
    6.197916667349));
#3615 = CARTESIAN_POINT('',(-1.1E-16,1.755875671608,6.156250000682));
#3616 = CARTESIAN_POINT('',(0.760316468749,1.316906753706,6.114583334016
    ));
#3617 = CARTESIAN_POINT('',(1.520632937499,0.877937835804,6.072916667349
    ));
#3618 = CARTESIAN_POINT('',(1.520632937499,1.9E-16,6.031250000682));
#3619 = CARTESIAN_POINT('',(1.520632937499,-0.877937835804,
    5.989583334016));
#3620 = CARTESIAN_POINT('',(0.760316468749,-1.316906753706,
    5.947916667349));
#3621 = CARTESIAN_POINT('',(3.2E-16,-1.755875671608,5.906250000682));
#3622 = CARTESIAN_POINT('',(-0.760316468749,-1.316906753706,
    5.864583334016));
#3623 = CARTESIAN_POINT('',(-1.520632937499,-0.877937835804,
    5.822916667349));
#3624 = CARTESIAN_POINT('',(-1.520632937499,0.,5.781250000682));
#3625 = CARTESIAN_POINT('',(-1.520632937499,0.877937835804,
    5.739583334016));
#3626 = CARTESIAN_POINT('',(-0.760316468749,1.316906753706,
    5.697916667349));
#3627 = CARTESIAN_POINT('',(-1.1E-16,1.755875671608,5.656250000682));
#3628 = CARTESIAN_POINT('',(0.760316468749,1.316906753706,5.614583334016
    ));
#3629 = CARTESIAN_POINT('',(1.520632937499,0.877937835804,5.572916667349
    ));
#3630 = CARTESIAN_POINT('',(1.520632937499,1.9E-16,5.531250000682));
#3631 = CARTESIAN_POINT('',(1.520632937499,-0.877937835804,
    5.489583334016));
#3632 = CARTESIAN_POINT('',(0.760316468749,-1.316906753706,
    5.447916667349));
#3633 = CARTESIAN_POINT('',(3.2E-16,-1.755875671608,5.406250000682));
#3634 = CARTESIAN_POINT('',(-0.760316468749,-1.316906753706,
    5.364583334016));
#3635 = CARTESIAN_POINT('',(-1.520632937499,-0.877937835804,
    5.322916667349));
#3636 = CARTESIAN_POINT('',(-1.520632937499,0.,5.281250000682));
#3637 = CARTESIAN_POINT('',(-1.520632937499,0.877937835804,
    5.239583334016));
#3638 = CARTESIAN_POINT('',(-0.760316468749,1.316906753706,
    5.197916667349));
#3639 = CARTESIAN_POINT('',(-1.1E-16,1.755875671608,5.156250000682));
#3640 = CARTESIAN_POINT('',(0.760316468749,1.316906753706,5.114583334016
    ));
#3641 = CARTESIAN_POINT('',(1.520632937499,0.877937835804,5.072916667349
    ));
#3642 = CARTESIAN_POINT('',(1.520632937499,1.9E-16,5.031250000682));
#3643 = CARTESIAN_POINT('',(1.520632937499,-0.877937835804,
    4.989583334016));
#3644 = CARTESIAN_POINT('',(0.760316468749,-1.316906753706,
    4.947916667349));
#3645 = CARTESIAN_POINT('',(3.2E-16,-1.755875671608,4.906250000682));
#3646 = CARTESIAN_POINT('',(-0.760316468749,-1.316906753706,
    4.864583334016));
#3647 = CARTESIAN_POINT('',(-1.520632937499,-0.877937835804,
    4.822916667349));
#3648 = CARTESIAN_POINT('',(-1.520632937499,0.,4.781250000682));
#3649 = CARTESIAN_POINT('',(-1.520632937499,0.877937835804,
    4.739583334016));
#3650 = CARTESIAN_POINT('',(-0.760316468749,1.316906753706,
    4.697916667349));
#3651 = CARTESIAN_POINT('',(-1.1E-16,1.755875671608,4.656250000682));
#3652 = CARTESIAN_POINT('',(0.760316468749,1.316906753706,4.614583334016
    ));
#3653 = CARTESIAN_POINT('',(1.520632937499,0.877937835804,4.572916667349
    ));
#3654 = CARTESIAN_POINT('',(1.520632937499,1.9E-16,4.531250000682));
#3655 = CARTESIAN_POINT('',(1.520632937499,-0.877937835804,
    4.489583334016));
#3656 = CARTESIAN_POINT('',(0.760316468749,-1.316906753706,
    4.447916667349));
#3657 = CARTESIAN_POINT('',(3.2E-16,-1.755875671608,4.406250000682));
#3658 = CARTESIAN_POINT('',(-0.760316468749,-1.316906753706,
    4.364583334016));
#3659 = CARTESIAN_POINT('',(-1.520632937499,-0.877937835804,
    4.322916667349));
#3660 = CARTESIAN_POINT('',(-1.520632937499,0.,4.281250000682));
#3661 = CARTESIAN_POINT('',(-1.520632937499,0.877937835804,
    4.239583334016));
#3662 = CARTESIAN_POINT('',(-0.760316468749,1.316906753706,
    4.197916667349));
#3663 = CARTESIAN_POINT('',(-1.1E-16,1.755875671608,4.156250000682));
#3664 = CARTESIAN_POINT('',(0.760316468749,1.316906753706,4.114583334016
    ));
#3665 = CARTESIAN_POINT('',(1.520632937499,0.877937835804,4.072916667349
    ));
#3666 = CARTESIAN_POINT('',(1.520632937499,1.9E-16,4.031250000682));
#3667 = CARTESIAN_POINT('',(1.520632937499,-0.877937835804,
    3.989583334016));
#3668 = CARTESIAN_POINT('',(0.760316468749,-1.316906753706,
    3.947916667349));
#3669 = CARTESIAN_POINT('',(3.2E-16,-1.755875671608,3.906250000682));
#3670 = CARTESIAN_POINT('',(-0.760316468749,-1.316906753706,
    3.864583334016));
#3671 = CARTESIAN_POINT('',(-1.520632937499,-0.877937835804,
    3.822916667349));
#3672 = CARTESIAN_POINT('',(-1.520632937499,0.,3.781250000682));
#3673 = CARTESIAN_POINT('',(-1.520632937499,0.877937835804,
    3.739583334016));
#3674 = CARTESIAN_POINT('',(-0.760316468749,1.316906753706,
    3.697916667349));
#3675 = CARTESIAN_POINT('',(-1.1E-16,1.755875671608,3.656250000682));
#3676 = CARTESIAN_POINT('',(0.760316468749,1.316906753706,3.614583334016
    ));
#3677 = CARTESIAN_POINT('',(1.520632937499,0.877937835804,3.572916667349
    ));
#3678 = CARTESIAN_POINT('',(1.520632937499,1.9E-16,3.531250000682));
#3679 = CARTESIAN_POINT('',(1.520632937499,-0.877937835804,
    3.489583334016));
#3680 = CARTESIAN_POINT('',(0.760316468749,-1.316906753706,
    3.447916667349));
#3681 = CARTESIAN_POINT('',(3.2E-16,-1.755875671608,3.406250000682));
#3682 = CARTESIAN_POINT('',(-0.760316468749,-1.316906753706,
    3.364583334016));
#3683 = CARTESIAN_POINT('',(-1.520632937499,-0.877937835804,
    3.322916667349));
#3684 = CARTESIAN_POINT('',(-1.520632937499,0.,3.281250000682));
#3685 = CARTESIAN_POINT('',(-1.520632937499,0.877937835804,
    3.239583334016));
#3686 = CARTESIAN_POINT('',(-0.760316468749,1.316906753706,
    3.197916667349));
#3687 = CARTESIAN_POINT('',(-1.1E-16,1.755875671608,3.156250000682));
#3688 = CARTESIAN_POINT('',(0.760316468749,1.316906753706,3.114583334016
    ));
#3689 = CARTESIAN_POINT('',(1.520632937499,0.877937835804,3.072916667349
    ));
#3690 = CARTESIAN_POINT('',(1.520632937499,1.9E-16,3.031250000682));
#3691 = CARTESIAN_POINT('',(1.520632937499,-0.877937835804,
    2.989583334016));
#3692 = CARTESIAN_POINT('',(0.760316468749,-1.316906753706,
    2.947916667349));
#3693 = CARTESIAN_POINT('',(3.2E-16,-1.755875671608,2.906250000682));
#3694 = CARTESIAN_POINT('',(-0.760316468749,-1.316906753706,
    2.864583334016));
#3695 = CARTESIAN_POINT('',(-1.520632937499,-0.877937835804,
    2.822916667349));
#3696 = CARTESIAN_POINT('',(-1.520632937499,0.,2.781250000682));
#3697 = CARTESIAN_POINT('',(-1.520632937499,0.877937835804,
    2.739583334016));
#3698 = CARTESIAN_POINT('',(-0.760316468749,1.316906753706,
    2.697916667349));
#3699 = CARTESIAN_POINT('',(-1.1E-16,1.755875671608,2.656250000682));
#3700 = CARTESIAN_POINT('',(0.760316468749,1.316906753706,2.614583334016
    ));
#3701 = CARTESIAN_POINT('',(1.520632937499,0.877937835804,2.572916667349
    ));
#3702 = CARTESIAN_POINT('',(1.520632937499,1.9E-16,2.531250000682));
#3703 = CARTESIAN_POINT('',(1.520632937499,-0.877937835804,
    2.489583334016));
#3704 = CARTESIAN_POINT('',(0.760316468749,-1.316906753706,
    2.447916667349));
#3705 = CARTESIAN_POINT('',(3.2E-16,-1.755875671608,2.406250000682));
#3706 = CARTESIAN_POINT('',(-0.760316468749,-1.316906753706,
    2.364583334016));
#3707 = CARTESIAN_POINT('',(-1.520632937499,-0.877937835804,
    2.322916667349));
#3708 = CARTESIAN_POINT('',(-1.520632937499,0.,2.281250000682));
#3709 = CARTESIAN_POINT('',(-1.520632937499,0.877937835804,
    2.239583334016));
#3710 = CARTESIAN_POINT('',(-0.760316468749,1.316906753706,
    2.197916667349));
#3711 = CARTESIAN_POINT('',(-1.1E-16,1.755875671608,2.156250000682));
#3712 = CARTESIAN_POINT('',(0.760316468749,1.316906753706,2.114583334016
    ));
#3713 = CARTESIAN_POINT('',(1.520632937499,0.877937835804,2.072916667349
    ));
#3714 = CARTESIAN_POINT('',(1.520632937499,1.9E-16,2.031250000682));
#3715 = CARTESIAN_POINT('',(1.520632937499,-0.877937835804,
    1.989583334016));
#3716 = CARTESIAN_POINT('',(0.760316468749,-1.316906753706,
    1.947916667349));
#3717 = CARTESIAN_POINT('',(3.2E-16,-1.755875671608,1.906250000682));
#3718 = CARTESIAN_POINT('',(-0.760316468749,-1.316906753706,
    1.864583334016));
#3719 = CARTESIAN_POINT('',(-1.520632937499,-0.877937835804,
    1.822916667349));
#3720 = CARTESIAN_POINT('',(-1.520632937499,0.,1.781250000682));
#3721 = CARTESIAN_POINT('',(-1.520632937499,0.877937835804,
    1.739583334016));
#3722 = CARTESIAN_POINT('',(-0.760316468749,1.316906753706,
    1.697916667349));
#3723 = CARTESIAN_POINT('',(-1.1E-16,1.755875671608,1.656250000682));
#3724 = CARTESIAN_POINT('',(0.760316468749,1.316906753706,1.614583334016
    ));
#3725 = CARTESIAN_POINT('',(1.520632937499,0.877937835804,1.572916667349
    ));
#3726 = CARTESIAN_POINT('',(1.520632937499,1.9E-16,1.531250000682));
#3727 = CARTESIAN_POINT('',(1.520632937499,-0.877937835804,
    1.489583334016));
#3728 = CARTESIAN_POINT('',(0.760316468749,-1.316906753706,
    1.447916667349));
#3729 = CARTESIAN_POINT('',(3.2E-16,-1.755875671608,1.406250000682));
#3730 = CARTESIAN_POINT('',(-0.760316468749,-1.316906753706,
    1.364583334016));
#3731 = CARTESIAN_POINT('',(-1.520632937499,-0.877937835804,
    1.322916667349));
#3732 = CARTESIAN_POINT('',(-1.520632937499,0.,1.281250000682));
#3733 = CARTESIAN_POINT('',(-1.520632937499,0.877937835804,
    1.239583334016));
#3734 = CARTESIAN_POINT('',(-0.760316468749,1.316906753706,
    1.197916667349));
#3735 = CARTESIAN_POINT('',(-1.1E-16,1.755875671608,1.156250000682));
#3736 = CARTESIAN_POINT('',(0.760316468749,1.316906753706,1.114583334016
    ));
#3737 = CARTESIAN_POINT('',(1.520632937499,0.877937835804,1.072916667349
    ));
#3738 = CARTESIAN_POINT('',(1.520632937499,1.9E-16,1.031250000682));
#3739 = CARTESIAN_POINT('',(1.520632937499,-0.877937835804,
    0.989583334016));
#3740 = CARTESIAN_POINT('',(0.760316468749,-1.316906753706,
    0.947916667349));
#3741 = CARTESIAN_POINT('',(3.2E-16,-1.755875671608,0.906250000682));
#3742 = CARTESIAN_POINT('',(-0.760316468749,-1.316906753706,
    0.864583334016));
#3743 = CARTESIAN_POINT('',(-1.520632937499,-0.877937835804,
    0.822916667349));
#3744 = CARTESIAN_POINT('',(-1.520632937499,0.,0.781250000682));
#3745 = CARTESIAN_POINT('',(-1.520632937499,0.877937835804,
    0.739583334016));
#3746 = CARTESIAN_POINT('',(-0.760316468749,1.316906753706,
    0.697916667349));
#3747 = CARTESIAN_POINT('',(-1.1E-16,1.755875671608,0.656250000682));
#3748 = CARTESIAN_POINT('',(0.760316468749,1.316906753706,0.614583334016
    ));
#3749 = CARTESIAN_POINT('',(1.520632937499,0.877937835804,0.572916667349
    ));
#3750 = CARTESIAN_POINT('',(1.520632937499,1.9E-16,0.531250000682));
#3751 = CARTESIAN_POINT('',(1.520632937499,-0.877937835804,
    0.489583334016));
#3752 = CARTESIAN_POINT('',(0.760316468749,-1.316906753706,
    0.447916667349));
#3753 = CARTESIAN_POINT('',(3.2E-16,-1.755875671608,0.406250000682));
#3754 = CARTESIAN_POINT('',(-0.760316468749,-1.316906753706,
    0.364583334016));
#3755 = CARTESIAN_POINT('',(-1.520632937499,-0.877937835804,
    0.322916667349));
#3756 = CARTESIAN_POINT('',(-1.520632937499,0.,0.281250000682));
#3757 = CARTESIAN_POINT('',(-1.520632937499,0.877937835804,
    0.239583334016));
#3758 = CARTESIAN_POINT('',(-0.760316468749,1.316906753706,
    0.197916667349));
#3759 = CARTESIAN_POINT('',(-1.1E-16,1.755875671608,0.156250000682));
#3760 = CARTESIAN_POINT('',(0.760316468749,1.316906753706,0.114583334016
    ));
#3761 = CARTESIAN_POINT('',(1.520632937499,0.877937835804,
    7.2916667349E-02));
#3762 = CARTESIAN_POINT('',(1.520632937499,1.9E-16,3.1250000682E-02));
#3763 = CARTESIAN_POINT('',(1.520632937499,-0.877937835804,
    -1.0416665983E-02));
#3764 = CARTESIAN_POINT('',(0.760316468749,-1.316906753706,
    -5.208333265E-02));
#3765 = CARTESIAN_POINT('',(3.2E-16,-1.755875671608,-9.3749999317E-02));
#3766 = CARTESIAN_POINT('',(-0.760316468749,-1.316906753706,
    -0.135416665983));
#3767 = CARTESIAN_POINT('',(-1.520632937499,-0.877937835804,
    -0.17708333265));
#3768 = CARTESIAN_POINT('',(-1.520632937499,0.,-0.218749999317));
#3769 = CARTESIAN_POINT('',(-1.520632937499,0.877937835804,
    -0.260416665983));
#3770 = CARTESIAN_POINT('',(-0.760316468749,1.316906753706,
    -0.30208333265));
#3771 = CARTESIAN_POINT('',(-1.1E-16,1.755875671608,-0.343749999317));
#3772 = CARTESIAN_POINT('',(0.760316468749,1.316906753706,
    -0.385416665983));
#3773 = CARTESIAN_POINT('',(1.520632937499,0.877937835804,-0.42708333265
    ));
#3774 = CARTESIAN_POINT('',(1.520632937499,1.9E-16,-0.468749999317));
#3775 = CARTESIAN_POINT('',(1.520632937499,-0.877937835804,
    -0.510416665983));
#3776 = CARTESIAN_POINT('',(0.760316468749,-1.316906753706,
    -0.55208333265));
#3777 = CARTESIAN_POINT('',(3.2E-16,-1.755875671608,-0.593749999317));
#3778 = CARTESIAN_POINT('',(-0.760316468749,-1.316906753706,
    -0.635416665983));
#3779 = CARTESIAN_POINT('',(-1.520632937499,-0.877937835804,
    -0.67708333265));
#3780 = CARTESIAN_POINT('',(-1.520632937499,0.,-0.718749999317));
#3781 = CARTESIAN_POINT('',(-1.520632937499,0.877937835804,
    -0.760416665983));
#3782 = CARTESIAN_POINT('',(-0.760316468749,1.316906753706,
    -0.80208333265));
#3783 = CARTESIAN_POINT('',(-1.1E-16,1.755875671608,-0.843749999317));
#3784 = CARTESIAN_POINT('',(0.760316468749,1.316906753706,
    -0.885416665983));
#3785 = CARTESIAN_POINT('',(1.520632937499,0.877937835804,-0.92708333265
    ));
#3786 = CARTESIAN_POINT('',(1.520632937499,1.9E-16,-0.968749999317));
#3787 = CARTESIAN_POINT('',(1.520632937499,-0.877937835804,
    -1.010416665983));
#3788 = CARTESIAN_POINT('',(0.760316468749,-1.316906753706,
    -1.05208333265));
#3789 = CARTESIAN_POINT('',(3.2E-16,-1.755875671608,-1.093749999317));
#3790 = CARTESIAN_POINT('',(-0.760316468749,-1.316906753706,
    -1.135416665983));
#3791 = CARTESIAN_POINT('',(-1.520632937499,-0.877937835804,
    -1.17708333265));
#3792 = CARTESIAN_POINT('',(-1.520632937499,0.,-1.218749999317));
#3793 = CARTESIAN_POINT('',(-1.520632937499,0.857795164864,
    -1.259460700855));
#3794 = CARTESIAN_POINT('',(-0.786479082966,1.301451183358,-1.3006329375
    ));
#3795 = ORIENTED_EDGE('',*,*,#2462,.F.);
#3796 = ORIENTED_EDGE('',*,*,#3797,.T.);
#3797 = EDGE_CURVE('',#2451,#3798,#3800,.T.);
#3798 = VERTEX_POINT('',#3799);
#3799 = CARTESIAN_POINT('',(1.249999999999,0.,3.875000001365));
#3800 = ( BOUNDED_CURVE() B_SPLINE_CURVE(2,(#3801,#3802,#3803,#3804,
#3805,#3806,#3807),.UNSPECIFIED.,.F.,.F.) B_SPLINE_CURVE_WITH_KNOTS((3,2
    ,2,3),(0.4,0.405555555555,0.411111111111,0.416666666666),
.UNSPECIFIED.) CURVE() GEOMETRIC_REPRESENTATION_ITEM() 
RATIONAL_B_SPLINE_CURVE((1.,0.866025403784,1.,0.866025403784,1.,
0.866025403784,0.999999999999)) REPRESENTATION_ITEM('') );
#3801 = CARTESIAN_POINT('',(-1.249999999999,0.,4.125000001365));
#3802 = CARTESIAN_POINT('',(-1.249999999999,0.721687836487,
    4.083333334698));
#3803 = CARTESIAN_POINT('',(-0.624999999999,1.08253175473,4.041666668032
    ));
#3804 = CARTESIAN_POINT('',(-9.E-17,1.443375672974,4.000000001365));
#3805 = CARTESIAN_POINT('',(0.624999999999,1.08253175473,3.958333334698)
  );
#3806 = CARTESIAN_POINT('',(1.249999999999,0.721687836487,3.916666668032
    ));
#3807 = CARTESIAN_POINT('',(1.249999999999,1.5E-16,3.875000001365));
#3808 = ORIENTED_EDGE('',*,*,#3809,.T.);
#3809 = EDGE_CURVE('',#3798,#3810,#3812,.T.);
#3810 = VERTEX_POINT('',#3811);
#3811 = CARTESIAN_POINT('',(-1.249999999999,0.,3.625000001365));
#3812 = ( BOUNDED_CURVE() B_SPLINE_CURVE(2,(#3813,#3814,#3815,#3816,
#3817,#3818,#3819),.UNSPECIFIED.,.F.,.F.) B_SPLINE_CURVE_WITH_KNOTS((3,2
    ,2,3),(0.416666666666,0.422222222222,0.427777777777,0.433333333333),
.UNSPECIFIED.) CURVE() GEOMETRIC_REPRESENTATION_ITEM() 
RATIONAL_B_SPLINE_CURVE((1.,0.866025403784,1.,0.866025403784,1.,
0.866025403784,1.)) REPRESENTATION_ITEM('') );
#3813 = CARTESIAN_POINT('',(1.249999999999,1.5E-16,3.875000001365));
#3814 = CARTESIAN_POINT('',(1.249999999999,-0.721687836487,
    3.833333334698));
#3815 = CARTESIAN_POINT('',(0.624999999999,-1.08253175473,3.791666668032
    ));
#3816 = CARTESIAN_POINT('',(2.7E-16,-1.443375672974,3.750000001365));
#3817 = CARTESIAN_POINT('',(-0.624999999999,-1.08253175473,
    3.708333334698));
#3818 = CARTESIAN_POINT('',(-1.249999999999,-0.721687836487,
    3.666666668032));
#3819 = CARTESIAN_POINT('',(-1.249999999999,0.,3.625000001365));
#3820 = ORIENTED_EDGE('',*,*,#3821,.T.);
#3821 = EDGE_CURVE('',#3810,#3822,#3824,.T.);
#3822 = VERTEX_POINT('',#3823);
#3823 = CARTESIAN_POINT('',(1.249999999999,0.,3.375000001365));
#3824 = ( BOUNDED_CURVE() B_SPLINE_CURVE(2,(#3825,#3826,#3827,#3828,
#3829,#3830,#3831),.UNSPECIFIED.,.F.,.F.) B_SPLINE_CURVE_WITH_KNOTS((3,2
    ,2,3),(0.433333333333,0.438888888888,0.444444444444,0.45),
.UNSPECIFIED.) CURVE() GEOMETRIC_REPRESENTATION_ITEM() 
RATIONAL_B_SPLINE_CURVE((1.,0.866025403784,1.,0.866025403784,1.,
0.866025403784,1.)) REPRESENTATION_ITEM('') );
#3825 = CARTESIAN_POINT('',(-1.249999999999,0.,3.625000001365));
#3826 = CARTESIAN_POINT('',(-1.249999999999,0.721687836487,
    3.583333334698));
#3827 = CARTESIAN_POINT('',(-0.624999999999,1.08253175473,3.541666668032
    ));
#3828 = CARTESIAN_POINT('',(-9.E-17,1.443375672974,3.500000001365));
#3829 = CARTESIAN_POINT('',(0.624999999999,1.08253175473,3.458333334698)
  );
#3830 = CARTESIAN_POINT('',(1.249999999999,0.721687836487,3.416666668032
    ));
#3831 = CARTESIAN_POINT('',(1.249999999999,1.5E-16,3.375000001365));
#3832 = ORIENTED_EDGE('',*,*,#3833,.T.);
#3833 = EDGE_CURVE('',#3822,#3834,#3836,.T.);
#3834 = VERTEX_POINT('',#3835);
#3835 = CARTESIAN_POINT('',(-1.249999999999,0.,3.125000001365));
#3836 = ( BOUNDED_CURVE() B_SPLINE_CURVE(2,(#3837,#3838,#3839,#3840,
#3841,#3842,#3843),.UNSPECIFIED.,.F.,.F.) B_SPLINE_CURVE_WITH_KNOTS((3,2
    ,2,3),(0.45,0.455555555555,0.461111111111,0.466666666666),
.UNSPECIFIED.) CURVE() GEOMETRIC_REPRESENTATION_ITEM() 
RATIONAL_B_SPLINE_CURVE((1.,0.866025403784,1.,0.866025403784,1.,
0.866025403784,1.)) REPRESENTATION_ITEM('') );
#3837 = CARTESIAN_POINT('',(1.249999999999,1.5E-16,3.375000001365));
#3838 = CARTESIAN_POINT('',(1.249999999999,-0.721687836487,
    3.333333334698));
#3839 = CARTESIAN_POINT('',(0.624999999999,-1.08253175473,3.291666668032
    ));
#3840 = CARTESIAN_POINT('',(2.7E-16,-1.443375672974,3.250000001365));
#3841 = CARTESIAN_POINT('',(-0.624999999999,-1.08253175473,
    3.208333334698));
#3842 = CARTESIAN_POINT('',(-1.249999999999,-0.721687836487,
    3.166666668032));
#3843 = CARTESIAN_POINT('',(-1.249999999999,0.,3.125000001365));
#3844 = ORIENTED_EDGE('',*,*,#3845,.T.);
#3845 = EDGE_CURVE('',#3834,#3846,#3848,.T.);
#3846 = VERTEX_POINT('',#3847);
#3847 = CARTESIAN_POINT('',(1.249999999999,0.,2.875000001365));
#3848 = ( BOUNDED_CURVE() B_SPLINE_CURVE(2,(#3849,#3850,#3851,#3852,
#3853,#3854,#3855),.UNSPECIFIED.,.F.,.F.) B_SPLINE_CURVE_WITH_KNOTS((3,2
    ,2,3),(0.466666666666,0.472222222222,0.477777777777,0.483333333333),
.UNSPECIFIED.) CURVE() GEOMETRIC_REPRESENTATION_ITEM() 
RATIONAL_B_SPLINE_CURVE((1.,0.866025403784,1.,0.866025403784,1.,
0.866025403784,0.999999999999)) REPRESENTATION_ITEM('') );
#3849 = CARTESIAN_POINT('',(-1.249999999999,0.,3.125000001365));
#3850 = CARTESIAN_POINT('',(-1.249999999999,0.721687836487,
    3.083333334698));
#3851 = CARTESIAN_POINT('',(-0.624999999999,1.08253175473,3.041666668032
    ));
#3852 = CARTESIAN_POINT('',(-9.E-17,1.443375672974,3.000000001365));
#3853 = CARTESIAN_POINT('',(0.624999999999,1.08253175473,2.958333334698)
  );
#3854 = CARTESIAN_POINT('',(1.249999999999,0.721687836487,2.916666668032
    ));
#3855 = CARTESIAN_POINT('',(1.249999999999,1.5E-16,2.875000001365));
#3856 = ORIENTED_EDGE('',*,*,#3857,.T.);
#3857 = EDGE_CURVE('',#3846,#3858,#3860,.T.);
#3858 = VERTEX_POINT('',#3859);
#3859 = CARTESIAN_POINT('',(-1.249999999999,0.,2.625000001365));
#3860 = ( BOUNDED_CURVE() B_SPLINE_CURVE(2,(#3861,#3862,#3863,#3864,
#3865,#3866,#3867),.UNSPECIFIED.,.F.,.F.) B_SPLINE_CURVE_WITH_KNOTS((3,2
    ,2,3),(0.483333333333,0.488888888888,0.494444444444,0.5),
.UNSPECIFIED.) CURVE() GEOMETRIC_REPRESENTATION_ITEM() 
RATIONAL_B_SPLINE_CURVE((1.,0.866025403784,1.,0.866025403784,1.,
0.866025403784,1.)) REPRESENTATION_ITEM('') );
#3861 = CARTESIAN_POINT('',(1.249999999999,1.5E-16,2.875000001365));
#3862 = CARTESIAN_POINT('',(1.249999999999,-0.721687836487,
    2.833333334698));
#3863 = CARTESIAN_POINT('',(0.624999999999,-1.08253175473,2.791666668032
    ));
#3864 = CARTESIAN_POINT('',(2.7E-16,-1.443375672974,2.750000001365));
#3865 = CARTESIAN_POINT('',(-0.624999999999,-1.08253175473,
    2.708333334698));
#3866 = CARTESIAN_POINT('',(-1.249999999999,-0.721687836487,
    2.666666668032));
#3867 = CARTESIAN_POINT('',(-1.249999999999,0.,2.625000001365));
#3868 = ORIENTED_EDGE('',*,*,#3869,.T.);
#3869 = EDGE_CURVE('',#3858,#3870,#3872,.T.);
#3870 = VERTEX_POINT('',#3871);
#3871 = CARTESIAN_POINT('',(1.249999999999,0.,2.375000001365));
#3872 = ( BOUNDED_CURVE() B_SPLINE_CURVE(2,(#3873,#3874,#3875,#3876,
#3877,#3878,#3879),.UNSPECIFIED.,.F.,.F.) B_SPLINE_CURVE_WITH_KNOTS((3,2
    ,2,3),(0.5,0.505555555555,0.511111111111,0.516666666666),
.UNSPECIFIED.) CURVE() GEOMETRIC_REPRESENTATION_ITEM() 
RATIONAL_B_SPLINE_CURVE((1.,0.866025403784,1.,0.866025403784,1.,
0.866025403784,0.999999999999)) REPRESENTATION_ITEM('') );
#3873 = CARTESIAN_POINT('',(-1.249999999999,0.,2.625000001365));
#3874 = CARTESIAN_POINT('',(-1.249999999999,0.721687836487,
    2.583333334698));
#3875 = CARTESIAN_POINT('',(-0.624999999999,1.08253175473,2.541666668032
    ));
#3876 = CARTESIAN_POINT('',(-9.E-17,1.443375672974,2.500000001365));
#3877 = CARTESIAN_POINT('',(0.624999999999,1.08253175473,2.458333334698)
  );
#3878 = CARTESIAN_POINT('',(1.249999999999,0.721687836487,2.416666668032
    ));
#3879 = CARTESIAN_POINT('',(1.249999999999,1.5E-16,2.375000001365));
#3880 = ORIENTED_EDGE('',*,*,#3881,.T.);
#3881 = EDGE_CURVE('',#3870,#3882,#3884,.T.);
#3882 = VERTEX_POINT('',#3883);
#3883 = CARTESIAN_POINT('',(-1.249999999999,0.,2.125000001365));
#3884 = ( BOUNDED_CURVE() B_SPLINE_CURVE(2,(#3885,#3886,#3887,#3888,
#3889,#3890,#3891),.UNSPECIFIED.,.F.,.F.) B_SPLINE_CURVE_WITH_KNOTS((3,2
    ,2,3),(0.516666666666,0.522222222222,0.527777777777,0.533333333333),
.UNSPECIFIED.) CURVE() GEOMETRIC_REPRESENTATION_ITEM() 
RATIONAL_B_SPLINE_CURVE((1.,0.866025403784,1.,0.866025403784,1.,
0.866025403784,1.)) REPRESENTATION_ITEM('') );
#3885 = CARTESIAN_POINT('',(1.249999999999,1.5E-16,2.375000001365));
#3886 = CARTESIAN_POINT('',(1.249999999999,-0.721687836487,
    2.333333334698));
#3887 = CARTESIAN_POINT('',(0.624999999999,-1.08253175473,2.291666668032
    ));
#3888 = CARTESIAN_POINT('',(2.7E-16,-1.443375672974,2.250000001365));
#3889 = CARTESIAN_POINT('',(-0.624999999999,-1.08253175473,
    2.208333334698));
#3890 = CARTESIAN_POINT('',(-1.249999999999,-0.721687836487,
    2.166666668032));
#3891 = CARTESIAN_POINT('',(-1.249999999999,0.,2.125000001365));
#3892 = ORIENTED_EDGE('',*,*,#3893,.T.);
#3893 = EDGE_CURVE('',#3882,#3894,#3896,.T.);
#3894 = VERTEX_POINT('',#3895);
#3895 = CARTESIAN_POINT('',(1.249999999999,0.,1.875000001365));
#3896 = ( BOUNDED_CURVE() B_SPLINE_CURVE(2,(#3897,#3898,#3899,#3900,
#3901,#3902,#3903),.UNSPECIFIED.,.F.,.F.) B_SPLINE_CURVE_WITH_KNOTS((3,2
    ,2,3),(0.533333333333,0.538888888888,0.544444444444,0.55),
.UNSPECIFIED.) CURVE() GEOMETRIC_REPRESENTATION_ITEM() 
RATIONAL_B_SPLINE_CURVE((1.,0.866025403784,1.,0.866025403784,1.,
0.866025403784,1.)) REPRESENTATION_ITEM('') );
#3897 = CARTESIAN_POINT('',(-1.249999999999,0.,2.125000001365));
#3898 = CARTESIAN_POINT('',(-1.249999999999,0.721687836487,
    2.083333334698));
#3899 = CARTESIAN_POINT('',(-0.624999999999,1.08253175473,2.041666668032
    ));
#3900 = CARTESIAN_POINT('',(-9.E-17,1.443375672974,2.000000001365));
#3901 = CARTESIAN_POINT('',(0.624999999999,1.08253175473,1.958333334698)
  );
#3902 = CARTESIAN_POINT('',(1.249999999999,0.721687836487,1.916666668032
    ));
#3903 = CARTESIAN_POINT('',(1.249999999999,1.5E-16,1.875000001365));
#3904 = ORIENTED_EDGE('',*,*,#3905,.T.);
#3905 = EDGE_CURVE('',#3894,#3906,#3908,.T.);
#3906 = VERTEX_POINT('',#3907);
#3907 = CARTESIAN_POINT('',(-1.249999999999,0.,1.625000001365));
#3908 = ( BOUNDED_CURVE() B_SPLINE_CURVE(2,(#3909,#3910,#3911,#3912,
#3913,#3914,#3915),.UNSPECIFIED.,.F.,.F.) B_SPLINE_CURVE_WITH_KNOTS((3,2
    ,2,3),(0.55,0.555555555555,0.561111111111,0.566666666666),
.UNSPECIFIED.) CURVE() GEOMETRIC_REPRESENTATION_ITEM() 
RATIONAL_B_SPLINE_CURVE((1.,0.866025403784,1.,0.866025403784,1.,
0.866025403784,0.999999999999)) REPRESENTATION_ITEM('') );
#3909 = CARTESIAN_POINT('',(1.249999999999,1.5E-16,1.875000001365));
#3910 = CARTESIAN_POINT('',(1.249999999999,-0.721687836487,
    1.833333334698));
#3911 = CARTESIAN_POINT('',(0.624999999999,-1.08253175473,1.791666668032
    ));
#3912 = CARTESIAN_POINT('',(2.7E-16,-1.443375672974,1.750000001365));
#3913 = CARTESIAN_POINT('',(-0.624999999999,-1.08253175473,
    1.708333334698));
#3914 = CARTESIAN_POINT('',(-1.249999999999,-0.721687836487,
    1.666666668032));
#3915 = CARTESIAN_POINT('',(-1.249999999999,0.,1.625000001365));
#3916 = ORIENTED_EDGE('',*,*,#3917,.T.);
#3917 = EDGE_CURVE('',#3906,#3918,#3920,.T.);
#3918 = VERTEX_POINT('',#3919);
#3919 = CARTESIAN_POINT('',(1.249999999999,0.,1.375000001365));
#3920 = ( BOUNDED_CURVE() B_SPLINE_CURVE(2,(#3921,#3922,#3923,#3924,
#3925,#3926,#3927),.UNSPECIFIED.,.F.,.F.) B_SPLINE_CURVE_WITH_KNOTS((3,2
    ,2,3),(0.566666666666,0.572222222222,0.577777777777,0.583333333333),
.UNSPECIFIED.) CURVE() GEOMETRIC_REPRESENTATION_ITEM() 
RATIONAL_B_SPLINE_CURVE((1.,0.866025403784,1.,0.866025403784,1.,
0.866025403784,0.999999999999)) REPRESENTATION_ITEM('') );
#3921 = CARTESIAN_POINT('',(-1.249999999999,0.,1.625000001365));
#3922 = CARTESIAN_POINT('',(-1.249999999999,0.721687836487,
    1.583333334698));
#3923 = CARTESIAN_POINT('',(-0.624999999999,1.08253175473,1.541666668032
    ));
#3924 = CARTESIAN_POINT('',(-9.E-17,1.443375672974,1.500000001365));
#3925 = CARTESIAN_POINT('',(0.624999999999,1.08253175473,1.458333334698)
  );
#3926 = CARTESIAN_POINT('',(1.249999999999,0.721687836487,1.416666668032
    ));
#3927 = CARTESIAN_POINT('',(1.249999999999,1.5E-16,1.375000001365));
#3928 = ORIENTED_EDGE('',*,*,#3929,.T.);
#3929 = EDGE_CURVE('',#3918,#3930,#3932,.T.);
#3930 = VERTEX_POINT('',#3931);
#3931 = CARTESIAN_POINT('',(-1.249999999999,0.,1.125000001365));
#3932 = ( BOUNDED_CURVE() B_SPLINE_CURVE(2,(#3933,#3934,#3935,#3936,
#3937,#3938,#3939),.UNSPECIFIED.,.F.,.F.) B_SPLINE_CURVE_WITH_KNOTS((3,2
    ,2,3),(0.583333333333,0.588888888888,0.594444444444,0.599999999999),
.UNSPECIFIED.) CURVE() GEOMETRIC_REPRESENTATION_ITEM() 
RATIONAL_B_SPLINE_CURVE((1.,0.866025403784,1.,0.866025403784,1.,
0.866025403784,1.)) REPRESENTATION_ITEM('') );
#3933 = CARTESIAN_POINT('',(1.249999999999,1.5E-16,1.375000001365));
#3934 = CARTESIAN_POINT('',(1.249999999999,-0.721687836487,
    1.333333334698));
#3935 = CARTESIAN_POINT('',(0.624999999999,-1.08253175473,1.291666668032
    ));
#3936 = CARTESIAN_POINT('',(2.7E-16,-1.443375672974,1.250000001365));
#3937 = CARTESIAN_POINT('',(-0.624999999999,-1.08253175473,
    1.208333334698));
#3938 = CARTESIAN_POINT('',(-1.249999999999,-0.721687836487,
    1.166666668032));
#3939 = CARTESIAN_POINT('',(-1.249999999999,0.,1.125000001365));
#3940 = ORIENTED_EDGE('',*,*,#3941,.T.);
#3941 = EDGE_CURVE('',#3930,#3942,#3944,.T.);
#3942 = VERTEX_POINT('',#3943);
#3943 = CARTESIAN_POINT('',(1.249999999999,0.,0.875000001365));
#3944 = ( BOUNDED_CURVE() B_SPLINE_CURVE(2,(#3945,#3946,#3947,#3948,
#3949,#3950,#3951),.UNSPECIFIED.,.F.,.F.) B_SPLINE_CURVE_WITH_KNOTS((3,2
    ,2,3),(0.599999999999,0.605555555555,0.611111111111,0.616666666666),
.UNSPECIFIED.) CURVE() GEOMETRIC_REPRESENTATION_ITEM() 
RATIONAL_B_SPLINE_CURVE((1.,0.866025403784,1.,0.866025403784,1.,
0.866025403784,1.)) REPRESENTATION_ITEM('') );
#3945 = CARTESIAN_POINT('',(-1.249999999999,0.,1.125000001365));
#3946 = CARTESIAN_POINT('',(-1.249999999999,0.721687836487,
    1.083333334698));
#3947 = CARTESIAN_POINT('',(-0.624999999999,1.08253175473,1.041666668032
    ));
#3948 = CARTESIAN_POINT('',(-9.E-17,1.443375672974,1.000000001365));
#3949 = CARTESIAN_POINT('',(0.624999999999,1.08253175473,0.958333334698)
  );
#3950 = CARTESIAN_POINT('',(1.249999999999,0.721687836487,0.916666668032
    ));
#3951 = CARTESIAN_POINT('',(1.249999999999,1.5E-16,0.875000001365));
#3952 = ORIENTED_EDGE('',*,*,#3953,.T.);
#3953 = EDGE_CURVE('',#3942,#3954,#3956,.T.);
#3954 = VERTEX_POINT('',#3955);
#3955 = CARTESIAN_POINT('',(-1.249999999999,0.,0.625000001365));
#3956 = ( BOUNDED_CURVE() B_SPLINE_CURVE(2,(#3957,#3958,#3959,#3960,
#3961,#3962,#3963),.UNSPECIFIED.,.F.,.F.) B_SPLINE_CURVE_WITH_KNOTS((3,2
    ,2,3),(0.616666666666,0.622222222222,0.627777777777,0.633333333333),
.UNSPECIFIED.) CURVE() GEOMETRIC_REPRESENTATION_ITEM() 
RATIONAL_B_SPLINE_CURVE((1.,0.866025403784,1.,0.866025403784,1.,
0.866025403784,1.)) REPRESENTATION_ITEM('') );
#3957 = CARTESIAN_POINT('',(1.249999999999,1.5E-16,0.875000001365));
#3958 = CARTESIAN_POINT('',(1.249999999999,-0.721687836487,
    0.833333334698));
#3959 = CARTESIAN_POINT('',(0.624999999999,-1.08253175473,0.791666668032
    ));
#3960 = CARTESIAN_POINT('',(2.7E-16,-1.443375672974,0.750000001365));
#3961 = CARTESIAN_POINT('',(-0.624999999999,-1.08253175473,
    0.708333334698));
#3962 = CARTESIAN_POINT('',(-1.249999999999,-0.721687836487,
    0.666666668032));
#3963 = CARTESIAN_POINT('',(-1.249999999999,0.,0.625000001365));
#3964 = ORIENTED_EDGE('',*,*,#3965,.T.);
#3965 = EDGE_CURVE('',#3954,#3966,#3968,.T.);
#3966 = VERTEX_POINT('',#3967);
#3967 = CARTESIAN_POINT('',(1.249999999999,0.,0.375000001365));
#3968 = ( BOUNDED_CURVE() B_SPLINE_CURVE(2,(#3969,#3970,#3971,#3972,
#3973,#3974,#3975),.UNSPECIFIED.,.F.,.F.) B_SPLINE_CURVE_WITH_KNOTS((3,2
    ,2,3),(0.633333333333,0.638888888888,0.644444444444,0.65),
.UNSPECIFIED.) CURVE() GEOMETRIC_REPRESENTATION_ITEM() 
RATIONAL_B_SPLINE_CURVE((1.,0.866025403784,1.,0.866025403784,1.,
0.866025403784,1.)) REPRESENTATION_ITEM('') );
#3969 = CARTESIAN_POINT('',(-1.249999999999,0.,0.625000001365));
#3970 = CARTESIAN_POINT('',(-1.249999999999,0.721687836487,
    0.583333334698));
#3971 = CARTESIAN_POINT('',(-0.624999999999,1.08253175473,0.541666668032
    ));
#3972 = CARTESIAN_POINT('',(-9.E-17,1.443375672974,0.500000001365));
#3973 = CARTESIAN_POINT('',(0.624999999999,1.08253175473,0.458333334698)
  );
#3974 = CARTESIAN_POINT('',(1.249999999999,0.721687836487,0.416666668032
    ));
#3975 = CARTESIAN_POINT('',(1.249999999999,1.5E-16,0.375000001365));
#3976 = ORIENTED_EDGE('',*,*,#3977,.T.);
#3977 = EDGE_CURVE('',#3966,#3978,#3980,.T.);
#3978 = VERTEX_POINT('',#3979);
#3979 = CARTESIAN_POINT('',(-1.249999999999,0.,0.125000001365));
#3980 = ( BOUNDED_CURVE() B_SPLINE_CURVE(2,(#3981,#3982,#3983,#3984,
#3985,#3986,#3987),.UNSPECIFIED.,.F.,.F.) B_SPLINE_CURVE_WITH_KNOTS((3,2
    ,2,3),(0.65,0.655555555555,0.661111111111,0.666666666666),
.UNSPECIFIED.) CURVE() GEOMETRIC_REPRESENTATION_ITEM() 
RATIONAL_B_SPLINE_CURVE((1.,0.866025403784,1.,0.866025403784,1.,
0.866025403784,1.)) REPRESENTATION_ITEM('') );
#3981 = CARTESIAN_POINT('',(1.249999999999,1.5E-16,0.375000001365));
#3982 = CARTESIAN_POINT('',(1.249999999999,-0.721687836487,
    0.333333334698));
#3983 = CARTESIAN_POINT('',(0.624999999999,-1.08253175473,0.291666668032
    ));
#3984 = CARTESIAN_POINT('',(2.7E-16,-1.443375672974,0.250000001365));
#3985 = CARTESIAN_POINT('',(-0.624999999999,-1.08253175473,
    0.208333334698));
#3986 = CARTESIAN_POINT('',(-1.249999999999,-0.721687836487,
    0.166666668032));
#3987 = CARTESIAN_POINT('',(-1.249999999999,0.,0.125000001365));
#3988 = ORIENTED_EDGE('',*,*,#3989,.T.);
#3989 = EDGE_CURVE('',#3978,#3990,#3992,.T.);
#3990 = VERTEX_POINT('',#3991);
#3991 = CARTESIAN_POINT('',(1.249999999999,0.,-0.124999998634));
#3992 = ( BOUNDED_CURVE() B_SPLINE_CURVE(2,(#3993,#3994,#3995,#3996,
#3997,#3998,#3999),.UNSPECIFIED.,.F.,.F.) B_SPLINE_CURVE_WITH_KNOTS((3,2
    ,2,3),(0.666666666666,0.672222222222,0.677777777777,0.683333333333),
.UNSPECIFIED.) CURVE() GEOMETRIC_REPRESENTATION_ITEM() 
RATIONAL_B_SPLINE_CURVE((1.,0.866025403784,1.,0.866025403784,1.,
0.866025403784,1.)) REPRESENTATION_ITEM('') );
#3993 = CARTESIAN_POINT('',(-1.249999999999,0.,0.125000001365));
#3994 = CARTESIAN_POINT('',(-1.249999999999,0.721687836487,
    8.3333334698E-02));
#3995 = CARTESIAN_POINT('',(-0.624999999999,1.08253175473,
    4.1666668032E-02));
#3996 = CARTESIAN_POINT('',(-9.E-17,1.443375672974,1.36559167E-09));
#3997 = CARTESIAN_POINT('',(0.624999999999,1.08253175473,
    -4.1666665301E-02));
#3998 = CARTESIAN_POINT('',(1.249999999999,0.721687836487,
    -8.3333331967E-02));
#3999 = CARTESIAN_POINT('',(1.249999999999,1.5E-16,-0.124999998634));
#4000 = ORIENTED_EDGE('',*,*,#4001,.T.);
#4001 = EDGE_CURVE('',#3990,#4002,#4004,.T.);
#4002 = VERTEX_POINT('',#4003);
#4003 = CARTESIAN_POINT('',(-1.249999999999,0.,-0.374999998634));
#4004 = ( BOUNDED_CURVE() B_SPLINE_CURVE(2,(#4005,#4006,#4007,#4008,
#4009,#4010,#4011),.UNSPECIFIED.,.F.,.F.) B_SPLINE_CURVE_WITH_KNOTS((3,2
    ,2,3),(0.683333333333,0.688888888888,0.694444444444,0.699999999999),
.UNSPECIFIED.) CURVE() GEOMETRIC_REPRESENTATION_ITEM() 
RATIONAL_B_SPLINE_CURVE((1.,0.866025403784,1.,0.866025403784,1.,
0.866025403784,0.999999999999)) REPRESENTATION_ITEM('') );
#4005 = CARTESIAN_POINT('',(1.249999999999,1.5E-16,-0.124999998634));
#4006 = CARTESIAN_POINT('',(1.249999999999,-0.721687836487,
    -0.166666665301));
#4007 = CARTESIAN_POINT('',(0.624999999999,-1.08253175473,
    -0.208333331967));
#4008 = CARTESIAN_POINT('',(2.7E-16,-1.443375672974,-0.249999998634));
#4009 = CARTESIAN_POINT('',(-0.624999999999,-1.08253175473,
    -0.291666665301));
#4010 = CARTESIAN_POINT('',(-1.249999999999,-0.721687836487,
    -0.333333331967));
#4011 = CARTESIAN_POINT('',(-1.249999999999,0.,-0.374999998634));
#4012 = ORIENTED_EDGE('',*,*,#4013,.T.);
#4013 = EDGE_CURVE('',#4002,#4014,#4016,.T.);
#4014 = VERTEX_POINT('',#4015);
#4015 = CARTESIAN_POINT('',(1.249999999999,0.,-0.624999998634));
#4016 = ( BOUNDED_CURVE() B_SPLINE_CURVE(2,(#4017,#4018,#4019,#4020,
#4021,#4022,#4023),.UNSPECIFIED.,.F.,.F.) B_SPLINE_CURVE_WITH_KNOTS((3,2
    ,2,3),(0.699999999999,0.705555555555,0.711111111111,0.716666666666),
.UNSPECIFIED.) CURVE() GEOMETRIC_REPRESENTATION_ITEM() 
RATIONAL_B_SPLINE_CURVE((1.,0.866025403784,1.,0.866025403784,1.,
0.866025403784,0.999999999999)) REPRESENTATION_ITEM('') );
#4017 = CARTESIAN_POINT('',(-1.249999999999,0.,-0.374999998634));
#4018 = CARTESIAN_POINT('',(-1.249999999999,0.721687836487,
    -0.416666665301));
#4019 = CARTESIAN_POINT('',(-0.624999999999,1.08253175473,
    -0.458333331967));
#4020 = CARTESIAN_POINT('',(-9.E-17,1.443375672974,-0.499999998634));
#4021 = CARTESIAN_POINT('',(0.624999999999,1.08253175473,-0.541666665301
    ));
#4022 = CARTESIAN_POINT('',(1.249999999999,0.721687836487,
    -0.583333331967));
#4023 = CARTESIAN_POINT('',(1.249999999999,1.5E-16,-0.624999998634));
#4024 = ORIENTED_EDGE('',*,*,#4025,.T.);
#4025 = EDGE_CURVE('',#4014,#4026,#4028,.T.);
#4026 = VERTEX_POINT('',#4027);
#4027 = CARTESIAN_POINT('',(-1.249999999999,0.,-0.874999998634));
#4028 = ( BOUNDED_CURVE() B_SPLINE_CURVE(2,(#4029,#4030,#4031,#4032,
#4033,#4034,#4035),.UNSPECIFIED.,.F.,.F.) B_SPLINE_CURVE_WITH_KNOTS((3,2
    ,2,3),(0.716666666666,0.722222222222,0.727777777777,0.733333333333),
.UNSPECIFIED.) CURVE() GEOMETRIC_REPRESENTATION_ITEM() 
RATIONAL_B_SPLINE_CURVE((1.,0.866025403784,1.,0.866025403784,1.,
0.866025403784,1.)) REPRESENTATION_ITEM('') );
#4029 = CARTESIAN_POINT('',(1.249999999999,1.5E-16,-0.624999998634));
#4030 = CARTESIAN_POINT('',(1.249999999999,-0.721687836487,
    -0.666666665301));
#4031 = CARTESIAN_POINT('',(0.624999999999,-1.08253175473,
    -0.708333331967));
#4032 = CARTESIAN_POINT('',(2.7E-16,-1.443375672974,-0.749999998634));
#4033 = CARTESIAN_POINT('',(-0.624999999999,-1.08253175473,
    -0.791666665301));
#4034 = CARTESIAN_POINT('',(-1.249999999999,-0.721687836487,
    -0.833333331967));
#4035 = CARTESIAN_POINT('',(-1.249999999999,0.,-0.874999998634));
#4036 = ORIENTED_EDGE('',*,*,#4037,.T.);
#4037 = EDGE_CURVE('',#4026,#3466,#4038,.T.);
#4038 = ( BOUNDED_CURVE() B_SPLINE_CURVE(2,(#4039,#4040,#4041,#4042,
#4043),.UNSPECIFIED.,.F.,.F.) B_SPLINE_CURVE_WITH_KNOTS((3,2,3),(
0.733333333333,0.738888888888,0.743597418389),.UNSPECIFIED.) CURVE() 
GEOMETRIC_REPRESENTATION_ITEM() RATIONAL_B_SPLINE_CURVE((1.,
    0.866025403784,1.,0.886451799047,0.965375817511)) 
REPRESENTATION_ITEM('') );
#4039 = CARTESIAN_POINT('',(-1.249999999999,0.,-0.874999998634));
#4040 = CARTESIAN_POINT('',(-1.249999999999,0.721687836487,
    -0.916666665301));
#4041 = CARTESIAN_POINT('',(-0.624999999999,1.08253175473,
    -0.958333331967));
#4042 = CARTESIAN_POINT('',(-0.107496460918,1.381312562325,
    -0.992833567906));
#4043 = CARTESIAN_POINT('',(0.450000020483,1.166190371064,-1.03));
#4044 = ORIENTED_EDGE('',*,*,#3474,.T.);
#4045 = ORIENTED_EDGE('',*,*,#3379,.T.);
#4046 = ORIENTED_EDGE('',*,*,#3426,.T.);
#4047 = ( BOUNDED_SURFACE() B_SPLINE_SURFACE(1,2,(
    (#4048,#4049,#4050,#4051,#4052,#4053,#4054,#4055,#4056,#4057,#4058
      ,#4059,#4060,#4061,#4062,#4063,#4064,#4065,#4066,#4067,#4068,#4069
      ,#4070,#4071,#4072,#4073,#4074,#4075,#4076,#4077,#4078,#4079,#4080
      ,#4081,#4082,#4083,#4084,#4085,#4086,#4087,#4088,#4089,#4090,#4091
      ,#4092,#4093,#4094,#4095,#4096,#4097,#4098,#4099,#4100,#4101,#4102
      ,#4103,#4104,#4105,#4106,#4107,#4108,#4109,#4110,#4111,#4112,#4113
      ,#4114,#4115,#4116,#4117,#4118,#4119,#4120,#4121,#4122,#4123,#4124
      ,#4125,#4126,#4127,#4128,#4129,#4130,#4131,#4132,#4133,#4134,#4135
      ,#4136,#4137,#4138,#4139,#4140,#4141,#4142,#4143,#4144,#4145,#4146
      ,#4147,#4148,#4149,#4150,#4151,#4152,#4153,#4154,#4155,#4156,#4157
      ,#4158,#4159,#4160,#4161,#4162,#4163,#4164,#4165,#4166,#4167,#4168
      ,#4169,#4170,#4171,#4172,#4173,#4174,#4175,#4176,#4177,#4178,#4179
      ,#4180,#4181,#4182,#4183,#4184,#4185,#4186,#4187,#4188,#4189,#4190
      ,#4191,#4192,#4193,#4194,#4195,#4196,#4197,#4198,#4199,#4200,#4201
      ,#4202,#4203,#4204,#4205,#4206,#4207,#4208,#4209,#4210,#4211,#4212
      ,#4213,#4214,#4215,#4216,#4217,#4218,#4219,#4220,#4221,#4222,#4223
      ,#4224,#4225,#4226,#4227,#4228,#4229,#4230,#4231,#4232,#4233,#4234
      ,#4235,#4236,#4237,#4238,#4239,#4240,#4241,#4242,#4243,#4244,#4245
      ,#4246,#4247,#4248,#4249,#4250,#4251,#4252,#4253,#4254,#4255,#4256
      ,#4257,#4258,#4259,#4260,#4261,#4262,#4263,#4264,#4265,#4266,#4267
      ,#4268,#4269,#4270,#4271,#4272,#4273,#4274,#4275,#4276,#4277,#4278
      ,#4279,#4280,#4281,#4282,#4283,#4284,#4285,#4286,#4287,#4288,#4289
      ,#4290,#4291,#4292,#4293,#4294,#4295,#4296,#4297,#4298,#4299,#4300
      ,#4301,#4302,#4303,#4304,#4305,#4306,#4307,#4308,#4309,#4310,#4311
      ,#4312,#4313,#4314,#4315,#4316,#4317,#4318,#4319,#4320,#4321,#4322
      ,#4323,#4324,#4325,#4326,#4327,#4328,#4329,#4330,#4331,#4332,#4333
      ,#4334,#4335,#4336,#4337,#4338,#4339,#4340,#4341,#4342,#4343,#4344
      ,#4345,#4346,#4347,#4348,#4349,#4350,#4351,#4352,#4353,#4354,#4355
      ,#4356,#4357,#4358,#4359,#4360,#4361,#4362,#4363,#4364,#4365,#4366
      ,#4367,#4368,#4369,#4370,#4371,#4372,#4373,#4374,#4375,#4376,#4377
      ,#4378,#4379,#4380,#4381,#4382,#4383,#4384,#4385,#4386,#4387,#4388
      ,#4389,#4390,#4391,#4392,#4393,#4394,#4395,#4396,#4397,#4398,#4399
      ,#4400,#4401,#4402,#4403,#4404,#4405,#4406,#4407,#4408)
    ,(#4409,#4410,#4411,#4412,#4413,#4414,#4415,#4416,#4417,#4418,#4419
      ,#4420,#4421,#4422,#4423,#4424,#4425,#4426,#4427,#4428,#4429,#4430
      ,#4431,#4432,#4433,#4434,#4435,#4436,#4437,#4438,#4439,#4440,#4441
      ,#4442,#4443,#4444,#4445,#4446,#4447,#4448,#4449,#4450,#4451,#4452
      ,#4453,#4454,#4455,#4456,#4457,#4458,#4459,#4460,#4461,#4462,#4463
      ,#4464,#4465,#4466,#4467,#4468,#4469,#4470,#4471,#4472,#4473,#4474
      ,#4475,#4476,#4477,#4478,#4479,#4480,#4481,#4482,#4483,#4484,#4485
      ,#4486,#4487,#4488,#4489,#4490,#4491,#4492,#4493,#4494,#4495,#4496
      ,#4497,#4498,#4499,#4500,#4501,#4502,#4503,#4504,#4505,#4506,#4507
      ,#4508,#4509,#4510,#4511,#4512,#4513,#4514,#4515,#4516,#4517,#4518
      ,#4519,#4520,#4521,#4522,#4523,#4524,#4525,#4526,#4527,#4528,#4529
      ,#4530,#4531,#4532,#4533,#4534,#4535,#4536,#4537,#4538,#4539,#4540
      ,#4541,#4542,#4543,#4544,#4545,#4546,#4547,#4548,#4549,#4550,#4551
      ,#4552,#4553,#4554,#4555,#4556,#4557,#4558,#4559,#4560,#4561,#4562
      ,#4563,#4564,#4565,#4566,#4567,#4568,#4569,#4570,#4571,#4572,#4573
      ,#4574,#4575,#4576,#4577,#4578,#4579,#4580,#4581,#4582,#4583,#4584
      ,#4585,#4586,#4587,#4588,#4589,#4590,#4591,#4592,#4593,#4594,#4595
      ,#4596,#4597,#4598,#4599,#4600,#4601,#4602,#4603,#4604,#4605,#4606
      ,#4607,#4608,#4609,#4610,#4611,#4612,#4613,#4614,#4615,#4616,#4617
      ,#4618,#4619,#4620,#4621,#4622,#4623,#4624,#4625,#4626,#4627,#4628
      ,#4629,#4630,#4631,#4632,#4633,#4634,#4635,#4636,#4637,#4638,#4639
      ,#4640,#4641,#4642,#4643,#4644,#4645,#4646,#4647,#4648,#4649,#4650
      ,#4651,#4652,#4653,#4654,#4655,#4656,#4657,#4658,#4659,#4660,#4661
      ,#4662,#4663,#4664,#4665,#4666,#4667,#4668,#4669,#4670,#4671,#4672
      ,#4673,#4674,#4675,#4676,#4677,#4678,#4679,#4680,#4681,#4682,#4683
      ,#4684,#4685,#4686,#4687,#4688,#4689,#4690,#4691,#4692,#4693,#4694
      ,#4695,#4696,#4697,#4698,#4699,#4700,#4701,#4702,#4703,#4704,#4705
      ,#4706,#4707,#4708,#4709,#4710,#4711,#4712,#4713,#4714,#4715,#4716
      ,#4717,#4718,#4719,#4720,#4721,#4722,#4723,#4724,#4725,#4726,#4727
      ,#4728,#4729,#4730,#4731,#4732,#4733,#4734,#4735,#4736,#4737,#4738
      ,#4739,#4740,#4741,#4742,#4743,#4744,#4745,#4746,#4747,#4748,#4749
      ,#4750,#4751,#4752,#4753,#4754,#4755,#4756,#4757,#4758,#4759,#4760
      ,#4761,#4762,#4763,#4764,#4765,#4766,#4767,#4768,#4769
)),.UNSPECIFIED.,.F.,.F.,.F.) B_SPLINE_SURFACE_WITH_KNOTS((2,2),(3,2,2,2
    ,2,2,2,2,2,2,2,2,2,2,2,2,2,2,2,2,2,2,2,2,2,2,2,2,2,2,2,2,2,2,2,2,2,2
    ,2,2,2,2,2,2,2,2,2,2,2,2,2,2,2,2,2,2,2,2,2,2,2,2,2,2,2,2,2,2,2,2,2,2
    ,2,2,2,2,2,2,2,2,2,2,2,2,2,2,2,2,2,2,2,2,2,2,2,2,2,2,2,2,2,2,2,2,2,2
    ,2,2,2,2,2,2,2,2,2,2,2,2,2,2,2,2,2,2,2,2,2,2,2,2,2,2,2,2,2,2,2,2,2,2
    ,2,2,2,2,2,2,2,2,2,2,2,2,2,2,2,2,2,2,2,2,2,2,2,2,2,2,2,2,2,2,2,2,2,2
    ,2,2,2,2,2,2,3),(0.,1.),(0.,5.555555555E-03,1.1111111111E-02,
    1.6666666666E-02,2.2222222222E-02,2.7777777777E-02,3.3333333333E-02,
    3.8888888888E-02,4.4444444444E-02,5.E-02,5.5555555555E-02,
    6.1111111111E-02,6.6666666666E-02,7.2222222222E-02,7.7777777777E-02,
    8.3333333333E-02,8.8888888888E-02,9.4444444444E-02,0.1,
    0.105555555555,0.111111111111,0.116666666666,0.122222222222,
    0.127777777777,0.133333333333,0.138888888888,0.144444444444,
    0.149999999999,0.155555555555,0.161111111111,0.166666666666,
    0.172222222222,0.177777777777,0.183333333333,0.188888888888,
    0.194444444444,0.2,0.205555555555,0.211111111111,0.216666666666,
    0.222222222222,0.227777777777,0.233333333333,0.238888888888,
    0.244444444444,0.25,0.255555555555,0.261111111111,0.266666666666,
    0.272222222222,0.277777777777,0.283333333333,0.288888888888,
    0.294444444444,0.299999999999,0.305555555555,0.311111111111,
    0.316666666666,0.322222222222,0.327777777777,0.333333333333,
    0.338888888888,0.344444444444,0.349999999999,0.355555555555,
    0.361111111111,0.366666666666,0.372222222222,0.377777777777,
    0.383333333333,0.388888888888,0.394444444444,0.4,0.405555555555,
    0.411111111111,0.416666666666,0.422222222222,0.427777777777,
    0.433333333333,0.438888888888,0.444444444444,0.45,0.455555555555,
    0.461111111111,0.466666666666,0.472222222222,0.477777777777,
    0.483333333333,0.488888888888,0.494444444444,0.5,0.505555555555,
    0.511111111111,0.516666666666,0.522222222222,0.527777777777,
    0.533333333333,0.538888888888,0.544444444444,0.55,0.555555555555,
    0.561111111111,0.566666666666,0.572222222222,0.577777777777,
    0.583333333333,0.588888888888,0.594444444444,0.599999999999,
    0.605555555555,0.611111111111,0.616666666666,0.622222222222,
    0.627777777777,0.633333333333,0.638888888888,0.644444444444,0.65,
    0.655555555555,0.661111111111,0.666666666666,0.672222222222,
    0.677777777777,0.683333333333,0.688888888888,0.694444444444,
    0.699999999999,0.705555555555,0.711111111111,0.716666666666,
    0.722222222222,0.727777777777,0.733333333333,0.738888888888,
    0.744444444444,0.75,0.755555555555,0.761111111111,0.766666666666,
    0.772222222222,0.777777777777,0.783333333333,0.788888888888,
    0.794444444444,0.8,0.805555555555,0.811111111111,0.816666666666,
    0.822222222222,0.827777777777,0.833333333333,0.838888888888,
    0.844444444444,0.849999999999,0.855555555555,0.861111111111,
    0.866666666666,0.872222222222,0.877777777777,0.883333333333,
    0.888888888888,0.894444444444,0.9,0.905555555555,0.911111111111,
    0.916666666666,0.922222222222,0.927777777777,0.933333333333,
    0.938888888888,0.944444444444,0.949999999999,0.955555555555,
    0.961111111111,0.966666666666,0.972222222222,0.977777777777,
    0.983333333333,0.988888888888,0.994444444444,1.),.UNSPECIFIED.) 
GEOMETRIC_REPRESENTATION_ITEM() RATIONAL_B_SPLINE_SURFACE((
    (1.,0.866025403784,1.,0.866025403784,1.,0.866025403784,1.
      ,0.866025403784,1.,0.866025403784,1.,0.866025403784,1.
      ,0.866025403784,1.,0.866025403784,1.,0.866025403784,1.
      ,0.866025403784,1.,0.866025403784,1.,0.866025403784,1.
      ,0.866025403784,1.,0.866025403784,1.,0.866025403784,1.
      ,0.866025403784,1.,0.866025403784,1.,0.866025403784,1.
      ,0.866025403784,1.,0.866025403784,1.,0.866025403784,1.
      ,0.866025403784,1.,0.866025403784,1.,0.866025403784,1.
      ,0.866025403784,1.,0.866025403784,1.,0.866025403784,1.
      ,0.866025403784,1.,0.866025403784,1.,0.866025403784,1.
      ,0.866025403784,1.,0.866025403784,1.,0.866025403784,1.
      ,0.866025403784,1.,0.866025403784,1.,0.866025403784,1.
      ,0.866025403784,1.,0.866025403784,1.,0.866025403784,1.
      ,0.866025403784,1.,0.866025403784,1.,0.866025403784,1.
      ,0.866025403784,1.,0.866025403784,1.,0.866025403784,1.
      ,0.866025403784,1.,0.866025403784,1.,0.866025403784,1.
      ,0.866025403784,1.,0.866025403784,1.,0.866025403784,1.
      ,0.866025403784,1.,0.866025403784,1.,0.866025403784,1.
      ,0.866025403784,1.,0.866025403784,1.,0.866025403784,1.
      ,0.866025403784,1.,0.866025403784,1.,0.866025403784,1.
      ,0.866025403784,1.,0.866025403784,1.,0.866025403784,1.
      ,0.866025403784,1.,0.866025403784,1.,0.866025403784,1.
      ,0.866025403784,1.,0.866025403784,1.,0.866025403784,1.
      ,0.866025403784,1.,0.866025403784,1.,0.866025403784,1.
      ,0.866025403784,1.,0.866025403784,1.,0.866025403784,1.
      ,0.866025403784,1.,0.866025403784,1.,0.866025403784,1.
      ,0.866025403784,1.,0.866025403784,1.,0.866025403784,1.
      ,0.866025403784,1.,0.866025403784,1.,0.866025403784,1.
      ,0.866025403784,1.,0.866025403784,1.,0.866025403784,1.
      ,0.866025403784,1.,0.866025403784,1.,0.866025403784,1.
      ,0.866025403784,1.,0.866025403784,1.,0.866025403784,1.
      ,0.866025403784,1.,0.866025403784,1.,0.866025403784,1.
      ,0.866025403784,1.,0.866025403784,1.,0.866025403784,1.
      ,0.866025403784,1.,0.866025403784,1.,0.866025403784,1.
      ,0.866025403784,1.,0.866025403784,1.,0.866025403784,1.
      ,0.866025403784,1.,0.866025403784,1.,0.866025403784,1.
      ,0.866025403784,1.,0.866025403784,1.,0.866025403784,1.
      ,0.866025403784,1.,0.866025403784,1.,0.866025403784,1.
      ,0.866025403784,1.,0.866025403784,1.,0.866025403784,1.
      ,0.866025403784,1.,0.866025403784,1.,0.866025403784,1.
      ,0.866025403784,1.,0.866025403784,1.,0.866025403784,1.
      ,0.866025403784,1.,0.866025403784,1.,0.866025403784,1.
      ,0.866025403784,1.,0.866025403784,1.,0.866025403784,1.
      ,0.866025403784,1.,0.866025403784,1.,0.866025403784,1.
      ,0.866025403784,1.,0.866025403784,1.,0.866025403784,1.
      ,0.866025403784,1.,0.866025403784,1.,0.866025403784,1.
      ,0.866025403784,1.,0.866025403784,1.,0.866025403784,1.
      ,0.866025403784,1.,0.866025403784,1.,0.866025403784,1.
      ,0.866025403784,1.,0.866025403784,1.,0.866025403784,1.
      ,0.866025403784,1.,0.866025403784,1.,0.866025403784,1.
      ,0.866025403784,1.,0.866025403784,1.,0.866025403784,1.
      ,0.866025403784,1.,0.866025403784,1.,0.866025403784,1.
      ,0.866025403784,1.,0.866025403784,1.,0.866025403784,1.
      ,0.866025403784,1.,0.866025403784,1.,0.866025403784,1.
      ,0.866025403784,1.,0.866025403784,1.,0.866025403784,1.
      ,0.866025403784,1.,0.866025403784,1.,0.866025403784,1.
      ,0.866025403784,1.,0.866025403784,1.,0.866025403784,1.
      ,0.866025403784,1.,0.866025403784,1.,0.866025403784,1.
      ,0.866025403784,1.,0.866025403784,1.,0.866025403784,1.
      ,0.866025403784,1.,0.866025403784,1.,0.866025403784,1.)
    ,(1.,0.866025403784,1.,0.866025403784,1.,0.866025403784,1.
      ,0.866025403784,1.,0.866025403784,1.,0.866025403784,1.
      ,0.866025403784,1.,0.866025403784,1.,0.866025403784,1.
      ,0.866025403784,1.,0.866025403784,1.,0.866025403784,1.
      ,0.866025403784,1.,0.866025403784,1.,0.866025403784,1.
      ,0.866025403784,1.,0.866025403784,1.,0.866025403784,1.
      ,0.866025403784,1.,0.866025403784,1.,0.866025403784,1.
      ,0.866025403784,1.,0.866025403784,1.,0.866025403784,1.
      ,0.866025403784,1.,0.866025403784,1.,0.866025403784,1.
      ,0.866025403784,1.,0.866025403784,1.,0.866025403784,1.
      ,0.866025403784,1.,0.866025403784,1.,0.866025403784,1.
      ,0.866025403784,1.,0.866025403784,1.,0.866025403784,1.
      ,0.866025403784,1.,0.866025403784,1.,0.866025403784,1.
      ,0.866025403784,1.,0.866025403784,1.,0.866025403784,1.
      ,0.866025403784,1.,0.866025403784,1.,0.866025403784,1.
      ,0.866025403784,1.,0.866025403784,1.,0.866025403784,1.
      ,0.866025403784,1.,0.866025403784,1.,0.866025403784,1.
      ,0.866025403784,1.,0.866025403784,1.,0.866025403784,1.
      ,0.866025403784,1.,0.866025403784,1.,0.866025403784,1.
      ,0.866025403784,1.,0.866025403784,1.,0.866025403784,1.
      ,0.866025403784,1.,0.866025403784,1.,0.866025403784,1.
      ,0.866025403784,1.,0.866025403784,1.,0.866025403784,1.
      ,0.866025403784,1.,0.866025403784,1.,0.866025403784,1.
      ,0.866025403784,1.,0.866025403784,1.,0.866025403784,1.
      ,0.866025403784,1.,0.866025403784,1.,0.866025403784,1.
      ,0.866025403784,1.,0.866025403784,1.,0.866025403784,1.
      ,0.866025403784,1.,0.866025403784,1.,0.866025403784,1.
      ,0.866025403784,1.,0.866025403784,1.,0.866025403784,1.
      ,0.866025403784,1.,0.866025403784,1.,0.866025403784,1.
      ,0.866025403784,1.,0.866025403784,1.,0.866025403784,1.
      ,0.866025403784,1.,0.866025403784,1.,0.866025403784,1.
      ,0.866025403784,1.,0.866025403784,1.,0.866025403784,1.
      ,0.866025403784,1.,0.866025403784,1.,0.866025403784,1.
      ,0.866025403784,1.,0.866025403784,1.,0.866025403784,1.
      ,0.866025403784,1.,0.866025403784,1.,0.866025403784,1.
      ,0.866025403784,1.,0.866025403784,1.,0.866025403784,1.
      ,0.866025403784,1.,0.866025403784,1.,0.866025403784,1.
      ,0.866025403784,1.,0.866025403784,1.,0.866025403784,1.
      ,0.866025403784,1.,0.866025403784,1.,0.866025403784,1.
      ,0.866025403784,1.,0.866025403784,1.,0.866025403784,1.
      ,0.866025403784,1.,0.866025403784,1.,0.866025403784,1.
      ,0.866025403784,1.,0.866025403784,1.,0.866025403784,1.
      ,0.866025403784,1.,0.866025403784,1.,0.866025403784,1.
      ,0.866025403784,1.,0.866025403784,1.,0.866025403784,1.
      ,0.866025403784,1.,0.866025403784,1.,0.866025403784,1.
      ,0.866025403784,1.,0.866025403784,1.,0.866025403784,1.
      ,0.866025403784,1.,0.866025403784,1.,0.866025403784,1.
      ,0.866025403784,1.,0.866025403784,1.,0.866025403784,1.
      ,0.866025403784,1.,0.866025403784,1.,0.866025403784,1.
      ,0.866025403784,1.,0.866025403784,1.,0.866025403784,1.
      ,0.866025403784,1.,0.866025403784,1.,0.866025403784,1.
      ,0.866025403784,1.,0.866025403784,1.,0.866025403784,1.
      ,0.866025403784,1.,0.866025403784,1.,0.866025403784,1.
      ,0.866025403784,1.,0.866025403784,1.,0.866025403784,1.
      ,0.866025403784,1.,0.866025403784,1.,0.866025403784,1.
      ,0.866025403784,1.,0.866025403784,1.,0.866025403784,1.
      ,0.866025403784,1.,0.866025403784,1.,0.866025403784,1.
      ,0.866025403784,1.,0.866025403784,1.,0.866025403784,1.
      ,0.866025403784,1.,0.866025403784,1.,0.866025403784,1.
      ,0.866025403784,1.,0.866025403784,1.,0.866025403784,1.
))) REPRESENTATION_ITEM('') SURFACE() );
#4048 = CARTESIAN_POINT('',(-1.520632937499,0.,10.281250000682));
#4049 = CARTESIAN_POINT('',(-1.520632937499,0.877937835804,
    10.239583334016));
#4050 = CARTESIAN_POINT('',(-0.760316468749,1.316906753706,
    10.197916667349));
#4051 = CARTESIAN_POINT('',(-1.1E-16,1.755875671608,10.156250000682));
#4052 = CARTESIAN_POINT('',(0.760316468749,1.316906753706,
    10.114583334016));
#4053 = CARTESIAN_POINT('',(1.520632937499,0.877937835804,
    10.072916667349));
#4054 = CARTESIAN_POINT('',(1.520632937499,1.9E-16,10.031250000682));
#4055 = CARTESIAN_POINT('',(1.520632937499,-0.877937835804,
    9.989583334016));
#4056 = CARTESIAN_POINT('',(0.760316468749,-1.316906753706,
    9.947916667349));
#4057 = CARTESIAN_POINT('',(3.2E-16,-1.755875671608,9.906250000682));
#4058 = CARTESIAN_POINT('',(-0.760316468749,-1.316906753706,
    9.864583334016));
#4059 = CARTESIAN_POINT('',(-1.520632937499,-0.877937835804,
    9.822916667349));
#4060 = CARTESIAN_POINT('',(-1.520632937499,0.,9.781250000682));
#4061 = CARTESIAN_POINT('',(-1.520632937499,0.877937835804,
    9.739583334016));
#4062 = CARTESIAN_POINT('',(-0.760316468749,1.316906753706,
    9.697916667349));
#4063 = CARTESIAN_POINT('',(-1.1E-16,1.755875671608,9.656250000682));
#4064 = CARTESIAN_POINT('',(0.760316468749,1.316906753706,9.614583334016
    ));
#4065 = CARTESIAN_POINT('',(1.520632937499,0.877937835804,9.572916667349
    ));
#4066 = CARTESIAN_POINT('',(1.520632937499,1.9E-16,9.531250000682));
#4067 = CARTESIAN_POINT('',(1.520632937499,-0.877937835804,
    9.489583334016));
#4068 = CARTESIAN_POINT('',(0.760316468749,-1.316906753706,
    9.447916667349));
#4069 = CARTESIAN_POINT('',(3.2E-16,-1.755875671608,9.406250000682));
#4070 = CARTESIAN_POINT('',(-0.760316468749,-1.316906753706,
    9.364583334016));
#4071 = CARTESIAN_POINT('',(-1.520632937499,-0.877937835804,
    9.322916667349));
#4072 = CARTESIAN_POINT('',(-1.520632937499,0.,9.281250000682));
#4073 = CARTESIAN_POINT('',(-1.520632937499,0.877937835804,
    9.239583334016));
#4074 = CARTESIAN_POINT('',(-0.760316468749,1.316906753706,
    9.197916667349));
#4075 = CARTESIAN_POINT('',(-1.1E-16,1.755875671608,9.156250000682));
#4076 = CARTESIAN_POINT('',(0.760316468749,1.316906753706,9.114583334016
    ));
#4077 = CARTESIAN_POINT('',(1.520632937499,0.877937835804,9.072916667349
    ));
#4078 = CARTESIAN_POINT('',(1.520632937499,1.9E-16,9.031250000682));
#4079 = CARTESIAN_POINT('',(1.520632937499,-0.877937835804,
    8.989583334016));
#4080 = CARTESIAN_POINT('',(0.760316468749,-1.316906753706,
    8.947916667349));
#4081 = CARTESIAN_POINT('',(3.2E-16,-1.755875671608,8.906250000682));
#4082 = CARTESIAN_POINT('',(-0.760316468749,-1.316906753706,
    8.864583334016));
#4083 = CARTESIAN_POINT('',(-1.520632937499,-0.877937835804,
    8.822916667349));
#4084 = CARTESIAN_POINT('',(-1.520632937499,0.,8.781250000682));
#4085 = CARTESIAN_POINT('',(-1.520632937499,0.877937835804,
    8.739583334016));
#4086 = CARTESIAN_POINT('',(-0.760316468749,1.316906753706,
    8.697916667349));
#4087 = CARTESIAN_POINT('',(-1.1E-16,1.755875671608,8.656250000682));
#4088 = CARTESIAN_POINT('',(0.760316468749,1.316906753706,8.614583334016
    ));
#4089 = CARTESIAN_POINT('',(1.520632937499,0.877937835804,8.572916667349
    ));
#4090 = CARTESIAN_POINT('',(1.520632937499,1.9E-16,8.531250000682));
#4091 = CARTESIAN_POINT('',(1.520632937499,-0.877937835804,
    8.489583334016));
#4092 = CARTESIAN_POINT('',(0.760316468749,-1.316906753706,
    8.447916667349));
#4093 = CARTESIAN_POINT('',(3.2E-16,-1.755875671608,8.406250000682));
#4094 = CARTESIAN_POINT('',(-0.760316468749,-1.316906753706,
    8.364583334016));
#4095 = CARTESIAN_POINT('',(-1.520632937499,-0.877937835804,
    8.322916667349));
#4096 = CARTESIAN_POINT('',(-1.520632937499,0.,8.281250000682));
#4097 = CARTESIAN_POINT('',(-1.520632937499,0.877937835804,
    8.239583334016));
#4098 = CARTESIAN_POINT('',(-0.760316468749,1.316906753706,
    8.197916667349));
#4099 = CARTESIAN_POINT('',(-1.1E-16,1.755875671608,8.156250000682));
#4100 = CARTESIAN_POINT('',(0.760316468749,1.316906753706,8.114583334016
    ));
#4101 = CARTESIAN_POINT('',(1.520632937499,0.877937835804,8.072916667349
    ));
#4102 = CARTESIAN_POINT('',(1.520632937499,1.9E-16,8.031250000682));
#4103 = CARTESIAN_POINT('',(1.520632937499,-0.877937835804,
    7.989583334016));
#4104 = CARTESIAN_POINT('',(0.760316468749,-1.316906753706,
    7.947916667349));
#4105 = CARTESIAN_POINT('',(3.2E-16,-1.755875671608,7.906250000682));
#4106 = CARTESIAN_POINT('',(-0.760316468749,-1.316906753706,
    7.864583334016));
#4107 = CARTESIAN_POINT('',(-1.520632937499,-0.877937835804,
    7.822916667349));
#4108 = CARTESIAN_POINT('',(-1.520632937499,0.,7.781250000682));
#4109 = CARTESIAN_POINT('',(-1.520632937499,0.877937835804,
    7.739583334016));
#4110 = CARTESIAN_POINT('',(-0.760316468749,1.316906753706,
    7.697916667349));
#4111 = CARTESIAN_POINT('',(-1.1E-16,1.755875671608,7.656250000682));
#4112 = CARTESIAN_POINT('',(0.760316468749,1.316906753706,7.614583334016
    ));
#4113 = CARTESIAN_POINT('',(1.520632937499,0.877937835804,7.572916667349
    ));
#4114 = CARTESIAN_POINT('',(1.520632937499,1.9E-16,7.531250000682));
#4115 = CARTESIAN_POINT('',(1.520632937499,-0.877937835804,
    7.489583334016));
#4116 = CARTESIAN_POINT('',(0.760316468749,-1.316906753706,
    7.447916667349));
#4117 = CARTESIAN_POINT('',(3.2E-16,-1.755875671608,7.406250000682));
#4118 = CARTESIAN_POINT('',(-0.760316468749,-1.316906753706,
    7.364583334016));
#4119 = CARTESIAN_POINT('',(-1.520632937499,-0.877937835804,
    7.322916667349));
#4120 = CARTESIAN_POINT('',(-1.520632937499,0.,7.281250000682));
#4121 = CARTESIAN_POINT('',(-1.520632937499,0.877937835804,
    7.239583334016));
#4122 = CARTESIAN_POINT('',(-0.760316468749,1.316906753706,
    7.197916667349));
#4123 = CARTESIAN_POINT('',(-1.1E-16,1.755875671608,7.156250000682));
#4124 = CARTESIAN_POINT('',(0.760316468749,1.316906753706,7.114583334016
    ));
#4125 = CARTESIAN_POINT('',(1.520632937499,0.877937835804,7.072916667349
    ));
#4126 = CARTESIAN_POINT('',(1.520632937499,1.9E-16,7.031250000682));
#4127 = CARTESIAN_POINT('',(1.520632937499,-0.877937835804,
    6.989583334016));
#4128 = CARTESIAN_POINT('',(0.760316468749,-1.316906753706,
    6.947916667349));
#4129 = CARTESIAN_POINT('',(3.2E-16,-1.755875671608,6.906250000682));
#4130 = CARTESIAN_POINT('',(-0.760316468749,-1.316906753706,
    6.864583334016));
#4131 = CARTESIAN_POINT('',(-1.520632937499,-0.877937835804,
    6.822916667349));
#4132 = CARTESIAN_POINT('',(-1.520632937499,0.,6.781250000682));
#4133 = CARTESIAN_POINT('',(-1.520632937499,0.877937835804,
    6.739583334016));
#4134 = CARTESIAN_POINT('',(-0.760316468749,1.316906753706,
    6.697916667349));
#4135 = CARTESIAN_POINT('',(-1.1E-16,1.755875671608,6.656250000682));
#4136 = CARTESIAN_POINT('',(0.760316468749,1.316906753706,6.614583334016
    ));
#4137 = CARTESIAN_POINT('',(1.520632937499,0.877937835804,6.572916667349
    ));
#4138 = CARTESIAN_POINT('',(1.520632937499,1.9E-16,6.531250000682));
#4139 = CARTESIAN_POINT('',(1.520632937499,-0.877937835804,
    6.489583334016));
#4140 = CARTESIAN_POINT('',(0.760316468749,-1.316906753706,
    6.447916667349));
#4141 = CARTESIAN_POINT('',(3.2E-16,-1.755875671608,6.406250000682));
#4142 = CARTESIAN_POINT('',(-0.760316468749,-1.316906753706,
    6.364583334016));
#4143 = CARTESIAN_POINT('',(-1.520632937499,-0.877937835804,
    6.322916667349));
#4144 = CARTESIAN_POINT('',(-1.520632937499,0.,6.281250000682));
#4145 = CARTESIAN_POINT('',(-1.520632937499,0.877937835804,
    6.239583334016));
#4146 = CARTESIAN_POINT('',(-0.760316468749,1.316906753706,
    6.197916667349));
#4147 = CARTESIAN_POINT('',(-1.1E-16,1.755875671608,6.156250000682));
#4148 = CARTESIAN_POINT('',(0.760316468749,1.316906753706,6.114583334016
    ));
#4149 = CARTESIAN_POINT('',(1.520632937499,0.877937835804,6.072916667349
    ));
#4150 = CARTESIAN_POINT('',(1.520632937499,1.9E-16,6.031250000682));
#4151 = CARTESIAN_POINT('',(1.520632937499,-0.877937835804,
    5.989583334016));
#4152 = CARTESIAN_POINT('',(0.760316468749,-1.316906753706,
    5.947916667349));
#4153 = CARTESIAN_POINT('',(3.2E-16,-1.755875671608,5.906250000682));
#4154 = CARTESIAN_POINT('',(-0.760316468749,-1.316906753706,
    5.864583334016));
#4155 = CARTESIAN_POINT('',(-1.520632937499,-0.877937835804,
    5.822916667349));
#4156 = CARTESIAN_POINT('',(-1.520632937499,0.,5.781250000682));
#4157 = CARTESIAN_POINT('',(-1.520632937499,0.877937835804,
    5.739583334016));
#4158 = CARTESIAN_POINT('',(-0.760316468749,1.316906753706,
    5.697916667349));
#4159 = CARTESIAN_POINT('',(-1.1E-16,1.755875671608,5.656250000682));
#4160 = CARTESIAN_POINT('',(0.760316468749,1.316906753706,5.614583334016
    ));
#4161 = CARTESIAN_POINT('',(1.520632937499,0.877937835804,5.572916667349
    ));
#4162 = CARTESIAN_POINT('',(1.520632937499,1.9E-16,5.531250000682));
#4163 = CARTESIAN_POINT('',(1.520632937499,-0.877937835804,
    5.489583334016));
#4164 = CARTESIAN_POINT('',(0.760316468749,-1.316906753706,
    5.447916667349));
#4165 = CARTESIAN_POINT('',(3.2E-16,-1.755875671608,5.406250000682));
#4166 = CARTESIAN_POINT('',(-0.760316468749,-1.316906753706,
    5.364583334016));
#4167 = CARTESIAN_POINT('',(-1.520632937499,-0.877937835804,
    5.322916667349));
#4168 = CARTESIAN_POINT('',(-1.520632937499,0.,5.281250000682));
#4169 = CARTESIAN_POINT('',(-1.520632937499,0.877937835804,
    5.239583334016));
#4170 = CARTESIAN_POINT('',(-0.760316468749,1.316906753706,
    5.197916667349));
#4171 = CARTESIAN_POINT('',(-1.1E-16,1.755875671608,5.156250000682));
#4172 = CARTESIAN_POINT('',(0.760316468749,1.316906753706,5.114583334016
    ));
#4173 = CARTESIAN_POINT('',(1.520632937499,0.877937835804,5.072916667349
    ));
#4174 = CARTESIAN_POINT('',(1.520632937499,1.9E-16,5.031250000682));
#4175 = CARTESIAN_POINT('',(1.520632937499,-0.877937835804,
    4.989583334016));
#4176 = CARTESIAN_POINT('',(0.760316468749,-1.316906753706,
    4.947916667349));
#4177 = CARTESIAN_POINT('',(3.2E-16,-1.755875671608,4.906250000682));
#4178 = CARTESIAN_POINT('',(-0.760316468749,-1.316906753706,
    4.864583334016));
#4179 = CARTESIAN_POINT('',(-1.520632937499,-0.877937835804,
    4.822916667349));
#4180 = CARTESIAN_POINT('',(-1.520632937499,0.,4.781250000682));
#4181 = CARTESIAN_POINT('',(-1.520632937499,0.877937835804,
    4.739583334016));
#4182 = CARTESIAN_POINT('',(-0.760316468749,1.316906753706,
    4.697916667349));
#4183 = CARTESIAN_POINT('',(-1.1E-16,1.755875671608,4.656250000682));
#4184 = CARTESIAN_POINT('',(0.760316468749,1.316906753706,4.614583334016
    ));
#4185 = CARTESIAN_POINT('',(1.520632937499,0.877937835804,4.572916667349
    ));
#4186 = CARTESIAN_POINT('',(1.520632937499,1.9E-16,4.531250000682));
#4187 = CARTESIAN_POINT('',(1.520632937499,-0.877937835804,
    4.489583334016));
#4188 = CARTESIAN_POINT('',(0.760316468749,-1.316906753706,
    4.447916667349));
#4189 = CARTESIAN_POINT('',(3.2E-16,-1.755875671608,4.406250000682));
#4190 = CARTESIAN_POINT('',(-0.760316468749,-1.316906753706,
    4.364583334016));
#4191 = CARTESIAN_POINT('',(-1.520632937499,-0.877937835804,
    4.322916667349));
#4192 = CARTESIAN_POINT('',(-1.520632937499,0.,4.281250000682));
#4193 = CARTESIAN_POINT('',(-1.520632937499,0.877937835804,
    4.239583334016));
#4194 = CARTESIAN_POINT('',(-0.760316468749,1.316906753706,
    4.197916667349));
#4195 = CARTESIAN_POINT('',(-1.1E-16,1.755875671608,4.156250000682));
#4196 = CARTESIAN_POINT('',(0.760316468749,1.316906753706,4.114583334016
    ));
#4197 = CARTESIAN_POINT('',(1.520632937499,0.877937835804,4.072916667349
    ));
#4198 = CARTESIAN_POINT('',(1.520632937499,1.9E-16,4.031250000682));
#4199 = CARTESIAN_POINT('',(1.520632937499,-0.877937835804,
    3.989583334016));
#4200 = CARTESIAN_POINT('',(0.760316468749,-1.316906753706,
    3.947916667349));
#4201 = CARTESIAN_POINT('',(3.2E-16,-1.755875671608,3.906250000682));
#4202 = CARTESIAN_POINT('',(-0.760316468749,-1.316906753706,
    3.864583334016));
#4203 = CARTESIAN_POINT('',(-1.520632937499,-0.877937835804,
    3.822916667349));
#4204 = CARTESIAN_POINT('',(-1.520632937499,0.,3.781250000682));
#4205 = CARTESIAN_POINT('',(-1.520632937499,0.877937835804,
    3.739583334016));
#4206 = CARTESIAN_POINT('',(-0.760316468749,1.316906753706,
    3.697916667349));
#4207 = CARTESIAN_POINT('',(-1.1E-16,1.755875671608,3.656250000682));
#4208 = CARTESIAN_POINT('',(0.760316468749,1.316906753706,3.614583334016
    ));
#4209 = CARTESIAN_POINT('',(1.520632937499,0.877937835804,3.572916667349
    ));
#4210 = CARTESIAN_POINT('',(1.520632937499,1.9E-16,3.531250000682));
#4211 = CARTESIAN_POINT('',(1.520632937499,-0.877937835804,
    3.489583334016));
#4212 = CARTESIAN_POINT('',(0.760316468749,-1.316906753706,
    3.447916667349));
#4213 = CARTESIAN_POINT('',(3.2E-16,-1.755875671608,3.406250000682));
#4214 = CARTESIAN_POINT('',(-0.760316468749,-1.316906753706,
    3.364583334016));
#4215 = CARTESIAN_POINT('',(-1.520632937499,-0.877937835804,
    3.322916667349));
#4216 = CARTESIAN_POINT('',(-1.520632937499,0.,3.281250000682));
#4217 = CARTESIAN_POINT('',(-1.520632937499,0.877937835804,
    3.239583334016));
#4218 = CARTESIAN_POINT('',(-0.760316468749,1.316906753706,
    3.197916667349));
#4219 = CARTESIAN_POINT('',(-1.1E-16,1.755875671608,3.156250000682));
#4220 = CARTESIAN_POINT('',(0.760316468749,1.316906753706,3.114583334016
    ));
#4221 = CARTESIAN_POINT('',(1.520632937499,0.877937835804,3.072916667349
    ));
#4222 = CARTESIAN_POINT('',(1.520632937499,1.9E-16,3.031250000682));
#4223 = CARTESIAN_POINT('',(1.520632937499,-0.877937835804,
    2.989583334016));
#4224 = CARTESIAN_POINT('',(0.760316468749,-1.316906753706,
    2.947916667349));
#4225 = CARTESIAN_POINT('',(3.2E-16,-1.755875671608,2.906250000682));
#4226 = CARTESIAN_POINT('',(-0.760316468749,-1.316906753706,
    2.864583334016));
#4227 = CARTESIAN_POINT('',(-1.520632937499,-0.877937835804,
    2.822916667349));
#4228 = CARTESIAN_POINT('',(-1.520632937499,0.,2.781250000682));
#4229 = CARTESIAN_POINT('',(-1.520632937499,0.877937835804,
    2.739583334016));
#4230 = CARTESIAN_POINT('',(-0.760316468749,1.316906753706,
    2.697916667349));
#4231 = CARTESIAN_POINT('',(-1.1E-16,1.755875671608,2.656250000682));
#4232 = CARTESIAN_POINT('',(0.760316468749,1.316906753706,2.614583334016
    ));
#4233 = CARTESIAN_POINT('',(1.520632937499,0.877937835804,2.572916667349
    ));
#4234 = CARTESIAN_POINT('',(1.520632937499,1.9E-16,2.531250000682));
#4235 = CARTESIAN_POINT('',(1.520632937499,-0.877937835804,
    2.489583334016));
#4236 = CARTESIAN_POINT('',(0.760316468749,-1.316906753706,
    2.447916667349));
#4237 = CARTESIAN_POINT('',(3.2E-16,-1.755875671608,2.406250000682));
#4238 = CARTESIAN_POINT('',(-0.760316468749,-1.316906753706,
    2.364583334016));
#4239 = CARTESIAN_POINT('',(-1.520632937499,-0.877937835804,
    2.322916667349));
#4240 = CARTESIAN_POINT('',(-1.520632937499,0.,2.281250000682));
#4241 = CARTESIAN_POINT('',(-1.520632937499,0.877937835804,
    2.239583334016));
#4242 = CARTESIAN_POINT('',(-0.760316468749,1.316906753706,
    2.197916667349));
#4243 = CARTESIAN_POINT('',(-1.1E-16,1.755875671608,2.156250000682));
#4244 = CARTESIAN_POINT('',(0.760316468749,1.316906753706,2.114583334016
    ));
#4245 = CARTESIAN_POINT('',(1.520632937499,0.877937835804,2.072916667349
    ));
#4246 = CARTESIAN_POINT('',(1.520632937499,1.9E-16,2.031250000682));
#4247 = CARTESIAN_POINT('',(1.520632937499,-0.877937835804,
    1.989583334016));
#4248 = CARTESIAN_POINT('',(0.760316468749,-1.316906753706,
    1.947916667349));
#4249 = CARTESIAN_POINT('',(3.2E-16,-1.755875671608,1.906250000682));
#4250 = CARTESIAN_POINT('',(-0.760316468749,-1.316906753706,
    1.864583334016));
#4251 = CARTESIAN_POINT('',(-1.520632937499,-0.877937835804,
    1.822916667349));
#4252 = CARTESIAN_POINT('',(-1.520632937499,0.,1.781250000682));
#4253 = CARTESIAN_POINT('',(-1.520632937499,0.877937835804,
    1.739583334016));
#4254 = CARTESIAN_POINT('',(-0.760316468749,1.316906753706,
    1.697916667349));
#4255 = CARTESIAN_POINT('',(-1.1E-16,1.755875671608,1.656250000682));
#4256 = CARTESIAN_POINT('',(0.760316468749,1.316906753706,1.614583334016
    ));
#4257 = CARTESIAN_POINT('',(1.520632937499,0.877937835804,1.572916667349
    ));
#4258 = CARTESIAN_POINT('',(1.520632937499,1.9E-16,1.531250000682));
#4259 = CARTESIAN_POINT('',(1.520632937499,-0.877937835804,
    1.489583334016));
#4260 = CARTESIAN_POINT('',(0.760316468749,-1.316906753706,
    1.447916667349));
#4261 = CARTESIAN_POINT('',(3.2E-16,-1.755875671608,1.406250000682));
#4262 = CARTESIAN_POINT('',(-0.760316468749,-1.316906753706,
    1.364583334016));
#4263 = CARTESIAN_POINT('',(-1.520632937499,-0.877937835804,
    1.322916667349));
#4264 = CARTESIAN_POINT('',(-1.520632937499,0.,1.281250000682));
#4265 = CARTESIAN_POINT('',(-1.520632937499,0.877937835804,
    1.239583334016));
#4266 = CARTESIAN_POINT('',(-0.760316468749,1.316906753706,
    1.197916667349));
#4267 = CARTESIAN_POINT('',(-1.1E-16,1.755875671608,1.156250000682));
#4268 = CARTESIAN_POINT('',(0.760316468749,1.316906753706,1.114583334016
    ));
#4269 = CARTESIAN_POINT('',(1.520632937499,0.877937835804,1.072916667349
    ));
#4270 = CARTESIAN_POINT('',(1.520632937499,1.9E-16,1.031250000682));
#4271 = CARTESIAN_POINT('',(1.520632937499,-0.877937835804,
    0.989583334016));
#4272 = CARTESIAN_POINT('',(0.760316468749,-1.316906753706,
    0.947916667349));
#4273 = CARTESIAN_POINT('',(3.2E-16,-1.755875671608,0.906250000682));
#4274 = CARTESIAN_POINT('',(-0.760316468749,-1.316906753706,
    0.864583334016));
#4275 = CARTESIAN_POINT('',(-1.520632937499,-0.877937835804,
    0.822916667349));
#4276 = CARTESIAN_POINT('',(-1.520632937499,0.,0.781250000682));
#4277 = CARTESIAN_POINT('',(-1.520632937499,0.877937835804,
    0.739583334016));
#4278 = CARTESIAN_POINT('',(-0.760316468749,1.316906753706,
    0.697916667349));
#4279 = CARTESIAN_POINT('',(-1.1E-16,1.755875671608,0.656250000682));
#4280 = CARTESIAN_POINT('',(0.760316468749,1.316906753706,0.614583334016
    ));
#4281 = CARTESIAN_POINT('',(1.520632937499,0.877937835804,0.572916667349
    ));
#4282 = CARTESIAN_POINT('',(1.520632937499,1.9E-16,0.531250000682));
#4283 = CARTESIAN_POINT('',(1.520632937499,-0.877937835804,
    0.489583334016));
#4284 = CARTESIAN_POINT('',(0.760316468749,-1.316906753706,
    0.447916667349));
#4285 = CARTESIAN_POINT('',(3.2E-16,-1.755875671608,0.406250000682));
#4286 = CARTESIAN_POINT('',(-0.760316468749,-1.316906753706,
    0.364583334016));
#4287 = CARTESIAN_POINT('',(-1.520632937499,-0.877937835804,
    0.322916667349));
#4288 = CARTESIAN_POINT('',(-1.520632937499,0.,0.281250000682));
#4289 = CARTESIAN_POINT('',(-1.520632937499,0.877937835804,
    0.239583334016));
#4290 = CARTESIAN_POINT('',(-0.760316468749,1.316906753706,
    0.197916667349));
#4291 = CARTESIAN_POINT('',(-1.1E-16,1.755875671608,0.156250000682));
#4292 = CARTESIAN_POINT('',(0.760316468749,1.316906753706,0.114583334016
    ));
#4293 = CARTESIAN_POINT('',(1.520632937499,0.877937835804,
    7.2916667349E-02));
#4294 = CARTESIAN_POINT('',(1.520632937499,1.9E-16,3.1250000682E-02));
#4295 = CARTESIAN_POINT('',(1.520632937499,-0.877937835804,
    -1.0416665983E-02));
#4296 = CARTESIAN_POINT('',(0.760316468749,-1.316906753706,
    -5.208333265E-02));
#4297 = CARTESIAN_POINT('',(3.2E-16,-1.755875671608,-9.3749999317E-02));
#4298 = CARTESIAN_POINT('',(-0.760316468749,-1.316906753706,
    -0.135416665983));
#4299 = CARTESIAN_POINT('',(-1.520632937499,-0.877937835804,
    -0.17708333265));
#4300 = CARTESIAN_POINT('',(-1.520632937499,0.,-0.218749999317));
#4301 = CARTESIAN_POINT('',(-1.520632937499,0.877937835804,
    -0.260416665983));
#4302 = CARTESIAN_POINT('',(-0.760316468749,1.316906753706,
    -0.30208333265));
#4303 = CARTESIAN_POINT('',(-1.1E-16,1.755875671608,-0.343749999317));
#4304 = CARTESIAN_POINT('',(0.760316468749,1.316906753706,
    -0.385416665983));
#4305 = CARTESIAN_POINT('',(1.520632937499,0.877937835804,-0.42708333265
    ));
#4306 = CARTESIAN_POINT('',(1.520632937499,1.9E-16,-0.468749999317));
#4307 = CARTESIAN_POINT('',(1.520632937499,-0.877937835804,
    -0.510416665983));
#4308 = CARTESIAN_POINT('',(0.760316468749,-1.316906753706,
    -0.55208333265));
#4309 = CARTESIAN_POINT('',(3.2E-16,-1.755875671608,-0.593749999317));
#4310 = CARTESIAN_POINT('',(-0.760316468749,-1.316906753706,
    -0.635416665983));
#4311 = CARTESIAN_POINT('',(-1.520632937499,-0.877937835804,
    -0.67708333265));
#4312 = CARTESIAN_POINT('',(-1.520632937499,0.,-0.718749999317));
#4313 = CARTESIAN_POINT('',(-1.520632937499,0.877937835804,
    -0.760416665983));
#4314 = CARTESIAN_POINT('',(-0.760316468749,1.316906753706,
    -0.80208333265));
#4315 = CARTESIAN_POINT('',(-1.1E-16,1.755875671608,-0.843749999317));
#4316 = CARTESIAN_POINT('',(0.760316468749,1.316906753706,
    -0.885416665983));
#4317 = CARTESIAN_POINT('',(1.520632937499,0.877937835804,-0.92708333265
    ));
#4318 = CARTESIAN_POINT('',(1.520632937499,1.9E-16,-0.968749999317));
#4319 = CARTESIAN_POINT('',(1.520632937499,-0.877937835804,
    -1.010416665983));
#4320 = CARTESIAN_POINT('',(0.760316468749,-1.316906753706,
    -1.05208333265));
#4321 = CARTESIAN_POINT('',(3.2E-16,-1.755875671608,-1.093749999317));
#4322 = CARTESIAN_POINT('',(-0.760316468749,-1.316906753706,
    -1.135416665983));
#4323 = CARTESIAN_POINT('',(-1.520632937499,-0.877937835804,
    -1.17708333265));
#4324 = CARTESIAN_POINT('',(-1.520632937499,0.,-1.218749999317));
#4325 = CARTESIAN_POINT('',(-1.520632937499,0.877937835804,
    -1.260416665983));
#4326 = CARTESIAN_POINT('',(-0.760316468749,1.316906753706,
    -1.30208333265));
#4327 = CARTESIAN_POINT('',(-1.1E-16,1.755875671608,-1.343749999317));
#4328 = CARTESIAN_POINT('',(0.760316468749,1.316906753706,
    -1.385416665983));
#4329 = CARTESIAN_POINT('',(1.520632937499,0.877937835804,-1.42708333265
    ));
#4330 = CARTESIAN_POINT('',(1.520632937499,1.9E-16,-1.468749999317));
#4331 = CARTESIAN_POINT('',(1.520632937499,-0.877937835804,
    -1.510416665983));
#4332 = CARTESIAN_POINT('',(0.760316468749,-1.316906753706,
    -1.55208333265));
#4333 = CARTESIAN_POINT('',(3.2E-16,-1.755875671608,-1.593749999317));
#4334 = CARTESIAN_POINT('',(-0.760316468749,-1.316906753706,
    -1.635416665983));
#4335 = CARTESIAN_POINT('',(-1.520632937499,-0.877937835804,
    -1.67708333265));
#4336 = CARTESIAN_POINT('',(-1.520632937499,0.,-1.718749999317));
#4337 = CARTESIAN_POINT('',(-1.520632937499,0.877937835804,
    -1.760416665983));
#4338 = CARTESIAN_POINT('',(-0.760316468749,1.316906753706,
    -1.80208333265));
#4339 = CARTESIAN_POINT('',(-1.1E-16,1.755875671608,-1.843749999317));
#4340 = CARTESIAN_POINT('',(0.760316468749,1.316906753706,
    -1.885416665983));
#4341 = CARTESIAN_POINT('',(1.520632937499,0.877937835804,-1.92708333265
    ));
#4342 = CARTESIAN_POINT('',(1.520632937499,1.9E-16,-1.968749999317));
#4343 = CARTESIAN_POINT('',(1.520632937499,-0.877937835804,
    -2.010416665983));
#4344 = CARTESIAN_POINT('',(0.760316468749,-1.316906753706,
    -2.05208333265));
#4345 = CARTESIAN_POINT('',(3.2E-16,-1.755875671608,-2.093749999317));
#4346 = CARTESIAN_POINT('',(-0.760316468749,-1.316906753706,
    -2.135416665983));
#4347 = CARTESIAN_POINT('',(-1.520632937499,-0.877937835804,
    -2.17708333265));
#4348 = CARTESIAN_POINT('',(-1.520632937499,0.,-2.218749999317));
#4349 = CARTESIAN_POINT('',(-1.520632937499,0.877937835804,
    -2.260416665983));
#4350 = CARTESIAN_POINT('',(-0.760316468749,1.316906753706,
    -2.30208333265));
#4351 = CARTESIAN_POINT('',(-1.1E-16,1.755875671608,-2.343749999317));
#4352 = CARTESIAN_POINT('',(0.760316468749,1.316906753706,
    -2.385416665983));
#4353 = CARTESIAN_POINT('',(1.520632937499,0.877937835804,-2.42708333265
    ));
#4354 = CARTESIAN_POINT('',(1.520632937499,1.9E-16,-2.468749999317));
#4355 = CARTESIAN_POINT('',(1.520632937499,-0.877937835804,
    -2.510416665983));
#4356 = CARTESIAN_POINT('',(0.760316468749,-1.316906753706,
    -2.55208333265));
#4357 = CARTESIAN_POINT('',(3.2E-16,-1.755875671608,-2.593749999317));
#4358 = CARTESIAN_POINT('',(-0.760316468749,-1.316906753706,
    -2.635416665983));
#4359 = CARTESIAN_POINT('',(-1.520632937499,-0.877937835804,
    -2.67708333265));
#4360 = CARTESIAN_POINT('',(-1.520632937499,0.,-2.718749999317));
#4361 = CARTESIAN_POINT('',(-1.520632937499,0.877937835804,
    -2.760416665983));
#4362 = CARTESIAN_POINT('',(-0.760316468749,1.316906753706,
    -2.80208333265));
#4363 = CARTESIAN_POINT('',(-1.1E-16,1.755875671608,-2.843749999317));
#4364 = CARTESIAN_POINT('',(0.760316468749,1.316906753706,
    -2.885416665983));
#4365 = CARTESIAN_POINT('',(1.520632937499,0.877937835804,-2.92708333265
    ));
#4366 = CARTESIAN_POINT('',(1.520632937499,1.9E-16,-2.968749999317));
#4367 = CARTESIAN_POINT('',(1.520632937499,-0.877937835804,
    -3.010416665983));
#4368 = CARTESIAN_POINT('',(0.760316468749,-1.316906753706,
    -3.05208333265));
#4369 = CARTESIAN_POINT('',(3.2E-16,-1.755875671608,-3.093749999317));
#4370 = CARTESIAN_POINT('',(-0.760316468749,-1.316906753706,
    -3.135416665983));
#4371 = CARTESIAN_POINT('',(-1.520632937499,-0.877937835804,
    -3.17708333265));
#4372 = CARTESIAN_POINT('',(-1.520632937499,0.,-3.218749999317));
#4373 = CARTESIAN_POINT('',(-1.520632937499,0.877937835804,
    -3.260416665983));
#4374 = CARTESIAN_POINT('',(-0.760316468749,1.316906753706,
    -3.30208333265));
#4375 = CARTESIAN_POINT('',(-1.1E-16,1.755875671608,-3.343749999317));
#4376 = CARTESIAN_POINT('',(0.760316468749,1.316906753706,
    -3.385416665983));
#4377 = CARTESIAN_POINT('',(1.520632937499,0.877937835804,-3.42708333265
    ));
#4378 = CARTESIAN_POINT('',(1.520632937499,1.9E-16,-3.468749999317));
#4379 = CARTESIAN_POINT('',(1.520632937499,-0.877937835804,
    -3.510416665983));
#4380 = CARTESIAN_POINT('',(0.760316468749,-1.316906753706,
    -3.55208333265));
#4381 = CARTESIAN_POINT('',(3.2E-16,-1.755875671608,-3.593749999317));
#4382 = CARTESIAN_POINT('',(-0.760316468749,-1.316906753706,
    -3.635416665983));
#4383 = CARTESIAN_POINT('',(-1.520632937499,-0.877937835804,
    -3.67708333265));
#4384 = CARTESIAN_POINT('',(-1.520632937499,0.,-3.718749999317));
#4385 = CARTESIAN_POINT('',(-1.520632937499,0.877937835804,
    -3.760416665983));
#4386 = CARTESIAN_POINT('',(-0.760316468749,1.316906753706,
    -3.80208333265));
#4387 = CARTESIAN_POINT('',(-1.1E-16,1.755875671608,-3.843749999317));
#4388 = CARTESIAN_POINT('',(0.760316468749,1.316906753706,
    -3.885416665983));
#4389 = CARTESIAN_POINT('',(1.520632937499,0.877937835804,-3.92708333265
    ));
#4390 = CARTESIAN_POINT('',(1.520632937499,1.9E-16,-3.968749999317));
#4391 = CARTESIAN_POINT('',(1.520632937499,-0.877937835804,
    -4.010416665983));
#4392 = CARTESIAN_POINT('',(0.760316468749,-1.316906753706,
    -4.05208333265));
#4393 = CARTESIAN_POINT('',(3.2E-16,-1.755875671608,-4.093749999317));
#4394 = CARTESIAN_POINT('',(-0.760316468749,-1.316906753706,
    -4.135416665983));
#4395 = CARTESIAN_POINT('',(-1.520632937499,-0.877937835804,
    -4.17708333265));
#4396 = CARTESIAN_POINT('',(-1.520632937499,0.,-4.218749999317));
#4397 = CARTESIAN_POINT('',(-1.520632937499,0.877937835804,
    -4.260416665983));
#4398 = CARTESIAN_POINT('',(-0.760316468749,1.316906753706,
    -4.30208333265));
#4399 = CARTESIAN_POINT('',(-1.1E-16,1.755875671608,-4.343749999317));
#4400 = CARTESIAN_POINT('',(0.760316468749,1.316906753706,
    -4.385416665983));
#4401 = CARTESIAN_POINT('',(1.520632937499,0.877937835804,-4.42708333265
    ));
#4402 = CARTESIAN_POINT('',(1.520632937499,1.9E-16,-4.468749999317));
#4403 = CARTESIAN_POINT('',(1.520632937499,-0.877937835804,
    -4.510416665983));
#4404 = CARTESIAN_POINT('',(0.760316468749,-1.316906753706,
    -4.55208333265));
#4405 = CARTESIAN_POINT('',(3.2E-16,-1.755875671608,-4.593749999317));
#4406 = CARTESIAN_POINT('',(-0.760316468749,-1.316906753706,
    -4.635416665983));
#4407 = CARTESIAN_POINT('',(-1.520632937499,-0.877937835804,
    -4.67708333265));
#4408 = CARTESIAN_POINT('',(-1.520632937499,0.,-4.718749999317));
#4409 = CARTESIAN_POINT('',(-1.249999999999,0.,10.125000001365));
#4410 = CARTESIAN_POINT('',(-1.249999999999,0.721687836487,
    10.083333334698));
#4411 = CARTESIAN_POINT('',(-0.624999999999,1.08253175473,
    10.041666668032));
#4412 = CARTESIAN_POINT('',(-9.E-17,1.443375672974,10.000000001365));
#4413 = CARTESIAN_POINT('',(0.624999999999,1.08253175473,9.958333334698)
  );
#4414 = CARTESIAN_POINT('',(1.249999999999,0.721687836487,9.916666668032
    ));
#4415 = CARTESIAN_POINT('',(1.249999999999,1.5E-16,9.875000001365));
#4416 = CARTESIAN_POINT('',(1.249999999999,-0.721687836487,
    9.833333334698));
#4417 = CARTESIAN_POINT('',(0.624999999999,-1.08253175473,9.791666668032
    ));
#4418 = CARTESIAN_POINT('',(2.7E-16,-1.443375672974,9.750000001365));
#4419 = CARTESIAN_POINT('',(-0.624999999999,-1.08253175473,
    9.708333334698));
#4420 = CARTESIAN_POINT('',(-1.249999999999,-0.721687836487,
    9.666666668032));
#4421 = CARTESIAN_POINT('',(-1.249999999999,0.,9.625000001365));
#4422 = CARTESIAN_POINT('',(-1.249999999999,0.721687836487,
    9.583333334698));
#4423 = CARTESIAN_POINT('',(-0.624999999999,1.08253175473,9.541666668032
    ));
#4424 = CARTESIAN_POINT('',(-9.E-17,1.443375672974,9.500000001365));
#4425 = CARTESIAN_POINT('',(0.624999999999,1.08253175473,9.458333334698)
  );
#4426 = CARTESIAN_POINT('',(1.249999999999,0.721687836487,9.416666668032
    ));
#4427 = CARTESIAN_POINT('',(1.249999999999,1.5E-16,9.375000001365));
#4428 = CARTESIAN_POINT('',(1.249999999999,-0.721687836487,
    9.333333334698));
#4429 = CARTESIAN_POINT('',(0.624999999999,-1.08253175473,9.291666668032
    ));
#4430 = CARTESIAN_POINT('',(2.7E-16,-1.443375672974,9.250000001365));
#4431 = CARTESIAN_POINT('',(-0.624999999999,-1.08253175473,
    9.208333334698));
#4432 = CARTESIAN_POINT('',(-1.249999999999,-0.721687836487,
    9.166666668032));
#4433 = CARTESIAN_POINT('',(-1.249999999999,0.,9.125000001365));
#4434 = CARTESIAN_POINT('',(-1.249999999999,0.721687836487,
    9.083333334698));
#4435 = CARTESIAN_POINT('',(-0.624999999999,1.08253175473,9.041666668032
    ));
#4436 = CARTESIAN_POINT('',(-9.E-17,1.443375672974,9.000000001365));
#4437 = CARTESIAN_POINT('',(0.624999999999,1.08253175473,8.958333334698)
  );
#4438 = CARTESIAN_POINT('',(1.249999999999,0.721687836487,8.916666668032
    ));
#4439 = CARTESIAN_POINT('',(1.249999999999,1.5E-16,8.875000001365));
#4440 = CARTESIAN_POINT('',(1.249999999999,-0.721687836487,
    8.833333334698));
#4441 = CARTESIAN_POINT('',(0.624999999999,-1.08253175473,8.791666668032
    ));
#4442 = CARTESIAN_POINT('',(2.7E-16,-1.443375672974,8.750000001365));
#4443 = CARTESIAN_POINT('',(-0.624999999999,-1.08253175473,
    8.708333334698));
#4444 = CARTESIAN_POINT('',(-1.249999999999,-0.721687836487,
    8.666666668032));
#4445 = CARTESIAN_POINT('',(-1.249999999999,0.,8.625000001365));
#4446 = CARTESIAN_POINT('',(-1.249999999999,0.721687836487,
    8.583333334698));
#4447 = CARTESIAN_POINT('',(-0.624999999999,1.08253175473,8.541666668032
    ));
#4448 = CARTESIAN_POINT('',(-9.E-17,1.443375672974,8.500000001365));
#4449 = CARTESIAN_POINT('',(0.624999999999,1.08253175473,8.458333334698)
  );
#4450 = CARTESIAN_POINT('',(1.249999999999,0.721687836487,8.416666668032
    ));
#4451 = CARTESIAN_POINT('',(1.249999999999,1.5E-16,8.375000001365));
#4452 = CARTESIAN_POINT('',(1.249999999999,-0.721687836487,
    8.333333334698));
#4453 = CARTESIAN_POINT('',(0.624999999999,-1.08253175473,8.291666668032
    ));
#4454 = CARTESIAN_POINT('',(2.7E-16,-1.443375672974,8.250000001365));
#4455 = CARTESIAN_POINT('',(-0.624999999999,-1.08253175473,
    8.208333334698));
#4456 = CARTESIAN_POINT('',(-1.249999999999,-0.721687836487,
    8.166666668032));
#4457 = CARTESIAN_POINT('',(-1.249999999999,0.,8.125000001365));
#4458 = CARTESIAN_POINT('',(-1.249999999999,0.721687836487,
    8.083333334698));
#4459 = CARTESIAN_POINT('',(-0.624999999999,1.08253175473,8.041666668032
    ));
#4460 = CARTESIAN_POINT('',(-9.E-17,1.443375672974,8.000000001365));
#4461 = CARTESIAN_POINT('',(0.624999999999,1.08253175473,7.958333334698)
  );
#4462 = CARTESIAN_POINT('',(1.249999999999,0.721687836487,7.916666668032
    ));
#4463 = CARTESIAN_POINT('',(1.249999999999,1.5E-16,7.875000001365));
#4464 = CARTESIAN_POINT('',(1.249999999999,-0.721687836487,
    7.833333334698));
#4465 = CARTESIAN_POINT('',(0.624999999999,-1.08253175473,7.791666668032
    ));
#4466 = CARTESIAN_POINT('',(2.7E-16,-1.443375672974,7.750000001365));
#4467 = CARTESIAN_POINT('',(-0.624999999999,-1.08253175473,
    7.708333334698));
#4468 = CARTESIAN_POINT('',(-1.249999999999,-0.721687836487,
    7.666666668032));
#4469 = CARTESIAN_POINT('',(-1.249999999999,0.,7.625000001365));
#4470 = CARTESIAN_POINT('',(-1.249999999999,0.721687836487,
    7.583333334698));
#4471 = CARTESIAN_POINT('',(-0.624999999999,1.08253175473,7.541666668032
    ));
#4472 = CARTESIAN_POINT('',(-9.E-17,1.443375672974,7.500000001365));
#4473 = CARTESIAN_POINT('',(0.624999999999,1.08253175473,7.458333334698)
  );
#4474 = CARTESIAN_POINT('',(1.249999999999,0.721687836487,7.416666668032
    ));
#4475 = CARTESIAN_POINT('',(1.249999999999,1.5E-16,7.375000001365));
#4476 = CARTESIAN_POINT('',(1.249999999999,-0.721687836487,
    7.333333334698));
#4477 = CARTESIAN_POINT('',(0.624999999999,-1.08253175473,7.291666668032
    ));
#4478 = CARTESIAN_POINT('',(2.7E-16,-1.443375672974,7.250000001365));
#4479 = CARTESIAN_POINT('',(-0.624999999999,-1.08253175473,
    7.208333334698));
#4480 = CARTESIAN_POINT('',(-1.249999999999,-0.721687836487,
    7.166666668032));
#4481 = CARTESIAN_POINT('',(-1.249999999999,0.,7.125000001365));
#4482 = CARTESIAN_POINT('',(-1.249999999999,0.721687836487,
    7.083333334698));
#4483 = CARTESIAN_POINT('',(-0.624999999999,1.08253175473,7.041666668032
    ));
#4484 = CARTESIAN_POINT('',(-9.E-17,1.443375672974,7.000000001365));
#4485 = CARTESIAN_POINT('',(0.624999999999,1.08253175473,6.958333334698)
  );
#4486 = CARTESIAN_POINT('',(1.249999999999,0.721687836487,6.916666668032
    ));
#4487 = CARTESIAN_POINT('',(1.249999999999,1.5E-16,6.875000001365));
#4488 = CARTESIAN_POINT('',(1.249999999999,-0.721687836487,
    6.833333334698));
#4489 = CARTESIAN_POINT('',(0.624999999999,-1.08253175473,6.791666668032
    ));
#4490 = CARTESIAN_POINT('',(2.7E-16,-1.443375672974,6.750000001365));
#4491 = CARTESIAN_POINT('',(-0.624999999999,-1.08253175473,
    6.708333334698));
#4492 = CARTESIAN_POINT('',(-1.249999999999,-0.721687836487,
    6.666666668032));
#4493 = CARTESIAN_POINT('',(-1.249999999999,0.,6.625000001365));
#4494 = CARTESIAN_POINT('',(-1.249999999999,0.721687836487,
    6.583333334698));
#4495 = CARTESIAN_POINT('',(-0.624999999999,1.08253175473,6.541666668032
    ));
#4496 = CARTESIAN_POINT('',(-9.E-17,1.443375672974,6.500000001365));
#4497 = CARTESIAN_POINT('',(0.624999999999,1.08253175473,6.458333334698)
  );
#4498 = CARTESIAN_POINT('',(1.249999999999,0.721687836487,6.416666668032
    ));
#4499 = CARTESIAN_POINT('',(1.249999999999,1.5E-16,6.375000001365));
#4500 = CARTESIAN_POINT('',(1.249999999999,-0.721687836487,
    6.333333334698));
#4501 = CARTESIAN_POINT('',(0.624999999999,-1.08253175473,6.291666668032
    ));
#4502 = CARTESIAN_POINT('',(2.7E-16,-1.443375672974,6.250000001365));
#4503 = CARTESIAN_POINT('',(-0.624999999999,-1.08253175473,
    6.208333334698));
#4504 = CARTESIAN_POINT('',(-1.249999999999,-0.721687836487,
    6.166666668032));
#4505 = CARTESIAN_POINT('',(-1.249999999999,0.,6.125000001365));
#4506 = CARTESIAN_POINT('',(-1.249999999999,0.721687836487,
    6.083333334698));
#4507 = CARTESIAN_POINT('',(-0.624999999999,1.08253175473,6.041666668032
    ));
#4508 = CARTESIAN_POINT('',(-9.E-17,1.443375672974,6.000000001365));
#4509 = CARTESIAN_POINT('',(0.624999999999,1.08253175473,5.958333334698)
  );
#4510 = CARTESIAN_POINT('',(1.249999999999,0.721687836487,5.916666668032
    ));
#4511 = CARTESIAN_POINT('',(1.249999999999,1.5E-16,5.875000001365));
#4512 = CARTESIAN_POINT('',(1.249999999999,-0.721687836487,
    5.833333334698));
#4513 = CARTESIAN_POINT('',(0.624999999999,-1.08253175473,5.791666668032
    ));
#4514 = CARTESIAN_POINT('',(2.7E-16,-1.443375672974,5.750000001365));
#4515 = CARTESIAN_POINT('',(-0.624999999999,-1.08253175473,
    5.708333334698));
#4516 = CARTESIAN_POINT('',(-1.249999999999,-0.721687836487,
    5.666666668032));
#4517 = CARTESIAN_POINT('',(-1.249999999999,0.,5.625000001365));
#4518 = CARTESIAN_POINT('',(-1.249999999999,0.721687836487,
    5.583333334698));
#4519 = CARTESIAN_POINT('',(-0.624999999999,1.08253175473,5.541666668032
    ));
#4520 = CARTESIAN_POINT('',(-9.E-17,1.443375672974,5.500000001365));
#4521 = CARTESIAN_POINT('',(0.624999999999,1.08253175473,5.458333334698)
  );
#4522 = CARTESIAN_POINT('',(1.249999999999,0.721687836487,5.416666668032
    ));
#4523 = CARTESIAN_POINT('',(1.249999999999,1.5E-16,5.375000001365));
#4524 = CARTESIAN_POINT('',(1.249999999999,-0.721687836487,
    5.333333334698));
#4525 = CARTESIAN_POINT('',(0.624999999999,-1.08253175473,5.291666668032
    ));
#4526 = CARTESIAN_POINT('',(2.7E-16,-1.443375672974,5.250000001365));
#4527 = CARTESIAN_POINT('',(-0.624999999999,-1.08253175473,
    5.208333334698));
#4528 = CARTESIAN_POINT('',(-1.249999999999,-0.721687836487,
    5.166666668032));
#4529 = CARTESIAN_POINT('',(-1.249999999999,0.,5.125000001365));
#4530 = CARTESIAN_POINT('',(-1.249999999999,0.721687836487,
    5.083333334698));
#4531 = CARTESIAN_POINT('',(-0.624999999999,1.08253175473,5.041666668032
    ));
#4532 = CARTESIAN_POINT('',(-9.E-17,1.443375672974,5.000000001365));
#4533 = CARTESIAN_POINT('',(0.624999999999,1.08253175473,4.958333334698)
  );
#4534 = CARTESIAN_POINT('',(1.249999999999,0.721687836487,4.916666668032
    ));
#4535 = CARTESIAN_POINT('',(1.249999999999,1.5E-16,4.875000001365));
#4536 = CARTESIAN_POINT('',(1.249999999999,-0.721687836487,
    4.833333334698));
#4537 = CARTESIAN_POINT('',(0.624999999999,-1.08253175473,4.791666668032
    ));
#4538 = CARTESIAN_POINT('',(2.7E-16,-1.443375672974,4.750000001365));
#4539 = CARTESIAN_POINT('',(-0.624999999999,-1.08253175473,
    4.708333334698));
#4540 = CARTESIAN_POINT('',(-1.249999999999,-0.721687836487,
    4.666666668032));
#4541 = CARTESIAN_POINT('',(-1.249999999999,0.,4.625000001365));
#4542 = CARTESIAN_POINT('',(-1.249999999999,0.721687836487,
    4.583333334698));
#4543 = CARTESIAN_POINT('',(-0.624999999999,1.08253175473,4.541666668032
    ));
#4544 = CARTESIAN_POINT('',(-9.E-17,1.443375672974,4.500000001365));
#4545 = CARTESIAN_POINT('',(0.624999999999,1.08253175473,4.458333334698)
  );
#4546 = CARTESIAN_POINT('',(1.249999999999,0.721687836487,4.416666668032
    ));
#4547 = CARTESIAN_POINT('',(1.249999999999,1.5E-16,4.375000001365));
#4548 = CARTESIAN_POINT('',(1.249999999999,-0.721687836487,
    4.333333334698));
#4549 = CARTESIAN_POINT('',(0.624999999999,-1.08253175473,4.291666668032
    ));
#4550 = CARTESIAN_POINT('',(2.7E-16,-1.443375672974,4.250000001365));
#4551 = CARTESIAN_POINT('',(-0.624999999999,-1.08253175473,
    4.208333334698));
#4552 = CARTESIAN_POINT('',(-1.249999999999,-0.721687836487,
    4.166666668032));
#4553 = CARTESIAN_POINT('',(-1.249999999999,0.,4.125000001365));
#4554 = CARTESIAN_POINT('',(-1.249999999999,0.721687836487,
    4.083333334698));
#4555 = CARTESIAN_POINT('',(-0.624999999999,1.08253175473,4.041666668032
    ));
#4556 = CARTESIAN_POINT('',(-9.E-17,1.443375672974,4.000000001365));
#4557 = CARTESIAN_POINT('',(0.624999999999,1.08253175473,3.958333334698)
  );
#4558 = CARTESIAN_POINT('',(1.249999999999,0.721687836487,3.916666668032
    ));
#4559 = CARTESIAN_POINT('',(1.249999999999,1.5E-16,3.875000001365));
#4560 = CARTESIAN_POINT('',(1.249999999999,-0.721687836487,
    3.833333334698));
#4561 = CARTESIAN_POINT('',(0.624999999999,-1.08253175473,3.791666668032
    ));
#4562 = CARTESIAN_POINT('',(2.7E-16,-1.443375672974,3.750000001365));
#4563 = CARTESIAN_POINT('',(-0.624999999999,-1.08253175473,
    3.708333334698));
#4564 = CARTESIAN_POINT('',(-1.249999999999,-0.721687836487,
    3.666666668032));
#4565 = CARTESIAN_POINT('',(-1.249999999999,0.,3.625000001365));
#4566 = CARTESIAN_POINT('',(-1.249999999999,0.721687836487,
    3.583333334698));
#4567 = CARTESIAN_POINT('',(-0.624999999999,1.08253175473,3.541666668032
    ));
#4568 = CARTESIAN_POINT('',(-9.E-17,1.443375672974,3.500000001365));
#4569 = CARTESIAN_POINT('',(0.624999999999,1.08253175473,3.458333334698)
  );
#4570 = CARTESIAN_POINT('',(1.249999999999,0.721687836487,3.416666668032
    ));
#4571 = CARTESIAN_POINT('',(1.249999999999,1.5E-16,3.375000001365));
#4572 = CARTESIAN_POINT('',(1.249999999999,-0.721687836487,
    3.333333334698));
#4573 = CARTESIAN_POINT('',(0.624999999999,-1.08253175473,3.291666668032
    ));
#4574 = CARTESIAN_POINT('',(2.7E-16,-1.443375672974,3.250000001365));
#4575 = CARTESIAN_POINT('',(-0.624999999999,-1.08253175473,
    3.208333334698));
#4576 = CARTESIAN_POINT('',(-1.249999999999,-0.721687836487,
    3.166666668032));
#4577 = CARTESIAN_POINT('',(-1.249999999999,0.,3.125000001365));
#4578 = CARTESIAN_POINT('',(-1.249999999999,0.721687836487,
    3.083333334698));
#4579 = CARTESIAN_POINT('',(-0.624999999999,1.08253175473,3.041666668032
    ));
#4580 = CARTESIAN_POINT('',(-9.E-17,1.443375672974,3.000000001365));
#4581 = CARTESIAN_POINT('',(0.624999999999,1.08253175473,2.958333334698)
  );
#4582 = CARTESIAN_POINT('',(1.249999999999,0.721687836487,2.916666668032
    ));
#4583 = CARTESIAN_POINT('',(1.249999999999,1.5E-16,2.875000001365));
#4584 = CARTESIAN_POINT('',(1.249999999999,-0.721687836487,
    2.833333334698));
#4585 = CARTESIAN_POINT('',(0.624999999999,-1.08253175473,2.791666668032
    ));
#4586 = CARTESIAN_POINT('',(2.7E-16,-1.443375672974,2.750000001365));
#4587 = CARTESIAN_POINT('',(-0.624999999999,-1.08253175473,
    2.708333334698));
#4588 = CARTESIAN_POINT('',(-1.249999999999,-0.721687836487,
    2.666666668032));
#4589 = CARTESIAN_POINT('',(-1.249999999999,0.,2.625000001365));
#4590 = CARTESIAN_POINT('',(-1.249999999999,0.721687836487,
    2.583333334698));
#4591 = CARTESIAN_POINT('',(-0.624999999999,1.08253175473,2.541666668032
    ));
#4592 = CARTESIAN_POINT('',(-9.E-17,1.443375672974,2.500000001365));
#4593 = CARTESIAN_POINT('',(0.624999999999,1.08253175473,2.458333334698)
  );
#4594 = CARTESIAN_POINT('',(1.249999999999,0.721687836487,2.416666668032
    ));
#4595 = CARTESIAN_POINT('',(1.249999999999,1.5E-16,2.375000001365));
#4596 = CARTESIAN_POINT('',(1.249999999999,-0.721687836487,
    2.333333334698));
#4597 = CARTESIAN_POINT('',(0.624999999999,-1.08253175473,2.291666668032
    ));
#4598 = CARTESIAN_POINT('',(2.7E-16,-1.443375672974,2.250000001365));
#4599 = CARTESIAN_POINT('',(-0.624999999999,-1.08253175473,
    2.208333334698));
#4600 = CARTESIAN_POINT('',(-1.249999999999,-0.721687836487,
    2.166666668032));
#4601 = CARTESIAN_POINT('',(-1.249999999999,0.,2.125000001365));
#4602 = CARTESIAN_POINT('',(-1.249999999999,0.721687836487,
    2.083333334698));
#4603 = CARTESIAN_POINT('',(-0.624999999999,1.08253175473,2.041666668032
    ));
#4604 = CARTESIAN_POINT('',(-9.E-17,1.443375672974,2.000000001365));
#4605 = CARTESIAN_POINT('',(0.624999999999,1.08253175473,1.958333334698)
  );
#4606 = CARTESIAN_POINT('',(1.249999999999,0.721687836487,1.916666668032
    ));
#4607 = CARTESIAN_POINT('',(1.249999999999,1.5E-16,1.875000001365));
#4608 = CARTESIAN_POINT('',(1.249999999999,-0.721687836487,
    1.833333334698));
#4609 = CARTESIAN_POINT('',(0.624999999999,-1.08253175473,1.791666668032
    ));
#4610 = CARTESIAN_POINT('',(2.7E-16,-1.443375672974,1.750000001365));
#4611 = CARTESIAN_POINT('',(-0.624999999999,-1.08253175473,
    1.708333334698));
#4612 = CARTESIAN_POINT('',(-1.249999999999,-0.721687836487,
    1.666666668032));
#4613 = CARTESIAN_POINT('',(-1.249999999999,0.,1.625000001365));
#4614 = CARTESIAN_POINT('',(-1.249999999999,0.721687836487,
    1.583333334698));
#4615 = CARTESIAN_POINT('',(-0.624999999999,1.08253175473,1.541666668032
    ));
#4616 = CARTESIAN_POINT('',(-9.E-17,1.443375672974,1.500000001365));
#4617 = CARTESIAN_POINT('',(0.624999999999,1.08253175473,1.458333334698)
  );
#4618 = CARTESIAN_POINT('',(1.249999999999,0.721687836487,1.416666668032
    ));
#4619 = CARTESIAN_POINT('',(1.249999999999,1.5E-16,1.375000001365));
#4620 = CARTESIAN_POINT('',(1.249999999999,-0.721687836487,
    1.333333334698));
#4621 = CARTESIAN_POINT('',(0.624999999999,-1.08253175473,1.291666668032
    ));
#4622 = CARTESIAN_POINT('',(2.7E-16,-1.443375672974,1.250000001365));
#4623 = CARTESIAN_POINT('',(-0.624999999999,-1.08253175473,
    1.208333334698));
#4624 = CARTESIAN_POINT('',(-1.249999999999,-0.721687836487,
    1.166666668032));
#4625 = CARTESIAN_POINT('',(-1.249999999999,0.,1.125000001365));
#4626 = CARTESIAN_POINT('',(-1.249999999999,0.721687836487,
    1.083333334698));
#4627 = CARTESIAN_POINT('',(-0.624999999999,1.08253175473,1.041666668032
    ));
#4628 = CARTESIAN_POINT('',(-9.E-17,1.443375672974,1.000000001365));
#4629 = CARTESIAN_POINT('',(0.624999999999,1.08253175473,0.958333334698)
  );
#4630 = CARTESIAN_POINT('',(1.249999999999,0.721687836487,0.916666668032
    ));
#4631 = CARTESIAN_POINT('',(1.249999999999,1.5E-16,0.875000001365));
#4632 = CARTESIAN_POINT('',(1.249999999999,-0.721687836487,
    0.833333334698));
#4633 = CARTESIAN_POINT('',(0.624999999999,-1.08253175473,0.791666668032
    ));
#4634 = CARTESIAN_POINT('',(2.7E-16,-1.443375672974,0.750000001365));
#4635 = CARTESIAN_POINT('',(-0.624999999999,-1.08253175473,
    0.708333334698));
#4636 = CARTESIAN_POINT('',(-1.249999999999,-0.721687836487,
    0.666666668032));
#4637 = CARTESIAN_POINT('',(-1.249999999999,0.,0.625000001365));
#4638 = CARTESIAN_POINT('',(-1.249999999999,0.721687836487,
    0.583333334698));
#4639 = CARTESIAN_POINT('',(-0.624999999999,1.08253175473,0.541666668032
    ));
#4640 = CARTESIAN_POINT('',(-9.E-17,1.443375672974,0.500000001365));
#4641 = CARTESIAN_POINT('',(0.624999999999,1.08253175473,0.458333334698)
  );
#4642 = CARTESIAN_POINT('',(1.249999999999,0.721687836487,0.416666668032
    ));
#4643 = CARTESIAN_POINT('',(1.249999999999,1.5E-16,0.375000001365));
#4644 = CARTESIAN_POINT('',(1.249999999999,-0.721687836487,
    0.333333334698));
#4645 = CARTESIAN_POINT('',(0.624999999999,-1.08253175473,0.291666668032
    ));
#4646 = CARTESIAN_POINT('',(2.7E-16,-1.443375672974,0.250000001365));
#4647 = CARTESIAN_POINT('',(-0.624999999999,-1.08253175473,
    0.208333334698));
#4648 = CARTESIAN_POINT('',(-1.249999999999,-0.721687836487,
    0.166666668032));
#4649 = CARTESIAN_POINT('',(-1.249999999999,0.,0.125000001365));
#4650 = CARTESIAN_POINT('',(-1.249999999999,0.721687836487,
    8.3333334698E-02));
#4651 = CARTESIAN_POINT('',(-0.624999999999,1.08253175473,
    4.1666668032E-02));
#4652 = CARTESIAN_POINT('',(-9.E-17,1.443375672974,1.36559167E-09));
#4653 = CARTESIAN_POINT('',(0.624999999999,1.08253175473,
    -4.1666665301E-02));
#4654 = CARTESIAN_POINT('',(1.249999999999,0.721687836487,
    -8.3333331967E-02));
#4655 = CARTESIAN_POINT('',(1.249999999999,1.5E-16,-0.124999998634));
#4656 = CARTESIAN_POINT('',(1.249999999999,-0.721687836487,
    -0.166666665301));
#4657 = CARTESIAN_POINT('',(0.624999999999,-1.08253175473,
    -0.208333331967));
#4658 = CARTESIAN_POINT('',(2.7E-16,-1.443375672974,-0.249999998634));
#4659 = CARTESIAN_POINT('',(-0.624999999999,-1.08253175473,
    -0.291666665301));
#4660 = CARTESIAN_POINT('',(-1.249999999999,-0.721687836487,
    -0.333333331967));
#4661 = CARTESIAN_POINT('',(-1.249999999999,0.,-0.374999998634));
#4662 = CARTESIAN_POINT('',(-1.249999999999,0.721687836487,
    -0.416666665301));
#4663 = CARTESIAN_POINT('',(-0.624999999999,1.08253175473,
    -0.458333331967));
#4664 = CARTESIAN_POINT('',(-9.E-17,1.443375672974,-0.499999998634));
#4665 = CARTESIAN_POINT('',(0.624999999999,1.08253175473,-0.541666665301
    ));
#4666 = CARTESIAN_POINT('',(1.249999999999,0.721687836487,
    -0.583333331967));
#4667 = CARTESIAN_POINT('',(1.249999999999,1.5E-16,-0.624999998634));
#4668 = CARTESIAN_POINT('',(1.249999999999,-0.721687836487,
    -0.666666665301));
#4669 = CARTESIAN_POINT('',(0.624999999999,-1.08253175473,
    -0.708333331967));
#4670 = CARTESIAN_POINT('',(2.7E-16,-1.443375672974,-0.749999998634));
#4671 = CARTESIAN_POINT('',(-0.624999999999,-1.08253175473,
    -0.791666665301));
#4672 = CARTESIAN_POINT('',(-1.249999999999,-0.721687836487,
    -0.833333331967));
#4673 = CARTESIAN_POINT('',(-1.249999999999,0.,-0.874999998634));
#4674 = CARTESIAN_POINT('',(-1.249999999999,0.721687836487,
    -0.916666665301));
#4675 = CARTESIAN_POINT('',(-0.624999999999,1.08253175473,
    -0.958333331967));
#4676 = CARTESIAN_POINT('',(-9.E-17,1.443375672974,-0.999999998634));
#4677 = CARTESIAN_POINT('',(0.624999999999,1.08253175473,-1.041666665301
    ));
#4678 = CARTESIAN_POINT('',(1.249999999999,0.721687836487,
    -1.083333331967));
#4679 = CARTESIAN_POINT('',(1.249999999999,1.5E-16,-1.124999998634));
#4680 = CARTESIAN_POINT('',(1.249999999999,-0.721687836487,
    -1.166666665301));
#4681 = CARTESIAN_POINT('',(0.624999999999,-1.08253175473,
    -1.208333331967));
#4682 = CARTESIAN_POINT('',(2.7E-16,-1.443375672974,-1.249999998634));
#4683 = CARTESIAN_POINT('',(-0.624999999999,-1.08253175473,
    -1.291666665301));
#4684 = CARTESIAN_POINT('',(-1.249999999999,-0.721687836487,
    -1.333333331967));
#4685 = CARTESIAN_POINT('',(-1.249999999999,0.,-1.374999998634));
#4686 = CARTESIAN_POINT('',(-1.249999999999,0.721687836487,
    -1.416666665301));
#4687 = CARTESIAN_POINT('',(-0.624999999999,1.08253175473,
    -1.458333331967));
#4688 = CARTESIAN_POINT('',(-9.E-17,1.443375672974,-1.499999998634));
#4689 = CARTESIAN_POINT('',(0.624999999999,1.08253175473,-1.541666665301
    ));
#4690 = CARTESIAN_POINT('',(1.249999999999,0.721687836487,
    -1.583333331967));
#4691 = CARTESIAN_POINT('',(1.249999999999,1.5E-16,-1.624999998634));
#4692 = CARTESIAN_POINT('',(1.249999999999,-0.721687836487,
    -1.666666665301));
#4693 = CARTESIAN_POINT('',(0.624999999999,-1.08253175473,
    -1.708333331967));
#4694 = CARTESIAN_POINT('',(2.7E-16,-1.443375672974,-1.749999998634));
#4695 = CARTESIAN_POINT('',(-0.624999999999,-1.08253175473,
    -1.791666665301));
#4696 = CARTESIAN_POINT('',(-1.249999999999,-0.721687836487,
    -1.833333331967));
#4697 = CARTESIAN_POINT('',(-1.249999999999,0.,-1.874999998634));
#4698 = CARTESIAN_POINT('',(-1.249999999999,0.721687836487,
    -1.916666665301));
#4699 = CARTESIAN_POINT('',(-0.624999999999,1.08253175473,
    -1.958333331967));
#4700 = CARTESIAN_POINT('',(-9.E-17,1.443375672974,-1.999999998634));
#4701 = CARTESIAN_POINT('',(0.624999999999,1.08253175473,-2.041666665301
    ));
#4702 = CARTESIAN_POINT('',(1.249999999999,0.721687836487,
    -2.083333331967));
#4703 = CARTESIAN_POINT('',(1.249999999999,1.5E-16,-2.124999998634));
#4704 = CARTESIAN_POINT('',(1.249999999999,-0.721687836487,
    -2.166666665301));
#4705 = CARTESIAN_POINT('',(0.624999999999,-1.08253175473,
    -2.208333331967));
#4706 = CARTESIAN_POINT('',(2.7E-16,-1.443375672974,-2.249999998634));
#4707 = CARTESIAN_POINT('',(-0.624999999999,-1.08253175473,
    -2.291666665301));
#4708 = CARTESIAN_POINT('',(-1.249999999999,-0.721687836487,
    -2.333333331967));
#4709 = CARTESIAN_POINT('',(-1.249999999999,0.,-2.374999998634));
#4710 = CARTESIAN_POINT('',(-1.249999999999,0.721687836487,
    -2.416666665301));
#4711 = CARTESIAN_POINT('',(-0.624999999999,1.08253175473,
    -2.458333331967));
#4712 = CARTESIAN_POINT('',(-9.E-17,1.443375672974,-2.499999998634));
#4713 = CARTESIAN_POINT('',(0.624999999999,1.08253175473,-2.541666665301
    ));
#4714 = CARTESIAN_POINT('',(1.249999999999,0.721687836487,
    -2.583333331967));
#4715 = CARTESIAN_POINT('',(1.249999999999,1.5E-16,-2.624999998634));
#4716 = CARTESIAN_POINT('',(1.249999999999,-0.721687836487,
    -2.666666665301));
#4717 = CARTESIAN_POINT('',(0.624999999999,-1.08253175473,
    -2.708333331967));
#4718 = CARTESIAN_POINT('',(2.7E-16,-1.443375672974,-2.749999998634));
#4719 = CARTESIAN_POINT('',(-0.624999999999,-1.08253175473,
    -2.791666665301));
#4720 = CARTESIAN_POINT('',(-1.249999999999,-0.721687836487,
    -2.833333331967));
#4721 = CARTESIAN_POINT('',(-1.249999999999,0.,-2.874999998634));
#4722 = CARTESIAN_POINT('',(-1.249999999999,0.721687836487,
    -2.916666665301));
#4723 = CARTESIAN_POINT('',(-0.624999999999,1.08253175473,
    -2.958333331967));
#4724 = CARTESIAN_POINT('',(-9.E-17,1.443375672974,-2.999999998634));
#4725 = CARTESIAN_POINT('',(0.624999999999,1.08253175473,-3.041666665301
    ));
#4726 = CARTESIAN_POINT('',(1.249999999999,0.721687836487,
    -3.083333331967));
#4727 = CARTESIAN_POINT('',(1.249999999999,1.5E-16,-3.124999998634));
#4728 = CARTESIAN_POINT('',(1.249999999999,-0.721687836487,
    -3.166666665301));
#4729 = CARTESIAN_POINT('',(0.624999999999,-1.08253175473,
    -3.208333331967));
#4730 = CARTESIAN_POINT('',(2.7E-16,-1.443375672974,-3.249999998634));
#4731 = CARTESIAN_POINT('',(-0.624999999999,-1.08253175473,
    -3.291666665301));
#4732 = CARTESIAN_POINT('',(-1.249999999999,-0.721687836487,
    -3.333333331967));
#4733 = CARTESIAN_POINT('',(-1.249999999999,0.,-3.374999998634));
#4734 = CARTESIAN_POINT('',(-1.249999999999,0.721687836487,
    -3.416666665301));
#4735 = CARTESIAN_POINT('',(-0.624999999999,1.08253175473,
    -3.458333331967));
#4736 = CARTESIAN_POINT('',(-9.E-17,1.443375672974,-3.499999998634));
#4737 = CARTESIAN_POINT('',(0.624999999999,1.08253175473,-3.541666665301
    ));
#4738 = CARTESIAN_POINT('',(1.249999999999,0.721687836487,
    -3.583333331967));
#4739 = CARTESIAN_POINT('',(1.249999999999,1.5E-16,-3.624999998634));
#4740 = CARTESIAN_POINT('',(1.249999999999,-0.721687836487,
    -3.666666665301));
#4741 = CARTESIAN_POINT('',(0.624999999999,-1.08253175473,
    -3.708333331967));
#4742 = CARTESIAN_POINT('',(2.7E-16,-1.443375672974,-3.749999998634));
#4743 = CARTESIAN_POINT('',(-0.624999999999,-1.08253175473,
    -3.791666665301));
#4744 = CARTESIAN_POINT('',(-1.249999999999,-0.721687836487,
    -3.833333331967));
#4745 = CARTESIAN_POINT('',(-1.249999999999,0.,-3.874999998634));
#4746 = CARTESIAN_POINT('',(-1.249999999999,0.721687836487,
    -3.916666665301));
#4747 = CARTESIAN_POINT('',(-0.624999999999,1.08253175473,
    -3.958333331967));
#4748 = CARTESIAN_POINT('',(-9.E-17,1.443375672974,-3.999999998634));
#4749 = CARTESIAN_POINT('',(0.624999999999,1.08253175473,-4.041666665301
    ));
#4750 = CARTESIAN_POINT('',(1.249999999999,0.721687836487,
    -4.083333331967));
#4751 = CARTESIAN_POINT('',(1.249999999999,1.5E-16,-4.124999998634));
#4752 = CARTESIAN_POINT('',(1.249999999999,-0.721687836487,
    -4.166666665301));
#4753 = CARTESIAN_POINT('',(0.624999999999,-1.08253175473,
    -4.208333331967));
#4754 = CARTESIAN_POINT('',(2.7E-16,-1.443375672974,-4.249999998634));
#4755 = CARTESIAN_POINT('',(-0.624999999999,-1.08253175473,
    -4.291666665301));
#4756 = CARTESIAN_POINT('',(-1.249999999999,-0.721687836487,
    -4.333333331967));
#4757 = CARTESIAN_POINT('',(-1.249999999999,0.,-4.374999998634));
#4758 = CARTESIAN_POINT('',(-1.249999999999,0.721687836487,
    -4.416666665301));
#4759 = CARTESIAN_POINT('',(-0.624999999999,1.08253175473,
    -4.458333331967));
#4760 = CARTESIAN_POINT('',(-9.E-17,1.443375672974,-4.499999998634));
#4761 = CARTESIAN_POINT('',(0.624999999999,1.08253175473,-4.541666665301
    ));
#4762 = CARTESIAN_POINT('',(1.249999999999,0.721687836487,
    -4.583333331967));
#4763 = CARTESIAN_POINT('',(1.249999999999,1.5E-16,-4.624999998634));
#4764 = CARTESIAN_POINT('',(1.249999999999,-0.721687836487,
    -4.666666665301));
#4765 = CARTESIAN_POINT('',(0.624999999999,-1.08253175473,
    -4.708333331967));
#4766 = CARTESIAN_POINT('',(2.7E-16,-1.443375672974,-4.749999998634));
#4767 = CARTESIAN_POINT('',(-0.624999999999,-1.08253175473,
    -4.791666665301));
#4768 = CARTESIAN_POINT('',(-1.249999999999,-0.721687836487,
    -4.833333331967));
#4769 = CARTESIAN_POINT('',(-1.249999999999,0.,-4.874999998634));
#4770 = ADVANCED_FACE('',(#4771),#5048,.T.);
#4771 = FACE_BOUND('',#4772,.T.);
#4772 = EDGE_LOOP('',(#4773,#5045,#5046,#5047));
#4773 = ORIENTED_EDGE('',*,*,#4774,.F.);
#4774 = EDGE_CURVE('',#195,#3440,#4775,.T.);
#4775 = ( BOUNDED_CURVE() B_SPLINE_CURVE(2,(#4776,#4777,#4778,#4779,
    #4780,#4781,#4782,#4783,#4784,#4785,#4786,#4787,#4788,#4789,#4790,
    #4791,#4792,#4793,#4794,#4795,#4796,#4797,#4798,#4799,#4800,#4801,
    #4802,#4803,#4804,#4805,#4806,#4807,#4808,#4809,#4810,#4811,#4812,
    #4813,#4814,#4815,#4816,#4817,#4818,#4819,#4820,#4821,#4822,#4823,
    #4824,#4825,#4826,#4827,#4828,#4829,#4830,#4831,#4832,#4833,#4834,
    #4835,#4836,#4837,#4838,#4839,#4840,#4841,#4842,#4843,#4844,#4845,
    #4846,#4847,#4848,#4849,#4850,#4851,#4852,#4853,#4854,#4855,#4856,
    #4857,#4858,#4859,#4860,#4861,#4862,#4863,#4864,#4865,#4866,#4867,
    #4868,#4869,#4870,#4871,#4872,#4873,#4874,#4875,#4876,#4877,#4878,
    #4879,#4880,#4881,#4882,#4883,#4884,#4885,#4886,#4887,#4888,#4889,
    #4890,#4891,#4892,#4893,#4894,#4895,#4896,#4897,#4898,#4899,#4900,
    #4901,#4902,#4903,#4904,#4905,#4906,#4907,#4908,#4909,#4910,#4911,
    #4912,#4913,#4914,#4915,#4916,#4917,#4918,#4919,#4920,#4921,#4922,
    #4923,#4924,#4925,#4926,#4927,#4928,#4929,#4930,#4931,#4932,#4933,
    #4934,#4935,#4936,#4937,#4938,#4939,#4940,#4941,#4942,#4943,#4944,
    #4945,#4946,#4947,#4948,#4949,#4950,#4951,#4952,#4953,#4954,#4955,
    #4956,#4957,#4958,#4959,#4960,#4961,#4962,#4963,#4964,#4965,#4966,
    #4967,#4968,#4969,#4970,#4971,#4972,#4973,#4974,#4975,#4976,#4977,
    #4978,#4979,#4980,#4981,#4982,#4983,#4984,#4985,#4986,#4987,#4988,
    #4989,#4990,#4991,#4992,#4993,#4994,#4995,#4996,#4997,#4998,#4999,
    #5000,#5001,#5002,#5003,#5004,#5005,#5006,#5007,#5008,#5009,#5010,
    #5011,#5012,#5013,#5014,#5015,#5016,#5017,#5018,#5019,#5020,#5021,
    #5022,#5023,#5024,#5025,#5026,#5027,#5028,#5029,#5030,#5031,#5032,
    #5033,#5034,#5035,#5036,#5037,#5038,#5039,#5040,#5041,#5042,#5043,
#5044),.UNSPECIFIED.,.F.,.F.) B_SPLINE_CURVE_WITH_KNOTS((3,2,2,2,2,2,2,2
    ,2,2,2,2,2,2,2,2,2,2,2,2,2,2,2,2,2,2,2,2,2,2,2,2,2,2,2,2,2,2,2,2,2,2
    ,2,2,2,2,2,2,2,2,2,2,2,2,2,2,2,2,2,2,2,2,2,2,2,2,2,2,2,2,2,2,2,2,2,2
    ,2,2,2,2,2,2,2,2,2,2,2,2,2,2,2,2,2,2,2,2,2,2,2,2,2,2,2,2,2,2,2,2,2,2
    ,2,2,2,2,2,2,2,2,2,2,2,2,2,2,2,2,2,2,2,2,2,2,2,2,3),(
    3.8142463272E-02,3.8888888888E-02,4.4444444444E-02,5.E-02,
    5.5555555555E-02,6.1111111111E-02,6.6666666666E-02,7.2222222222E-02,
    7.7777777777E-02,8.3333333333E-02,8.8888888888E-02,9.4444444444E-02,
    0.1,0.105555555555,0.111111111111,0.116666666666,0.122222222222,
    0.127777777777,0.133333333333,0.138888888888,0.144444444444,
    0.149999999999,0.155555555555,0.161111111111,0.166666666666,
    0.172222222222,0.177777777777,0.183333333333,0.188888888888,
    0.194444444444,0.2,0.205555555555,0.211111111111,0.216666666666,
    0.222222222222,0.227777777777,0.233333333333,0.238888888888,
    0.244444444444,0.25,0.255555555555,0.261111111111,0.266666666666,
    0.272222222222,0.277777777777,0.283333333333,0.288888888888,
    0.294444444444,0.299999999999,0.305555555555,0.311111111111,
    0.316666666666,0.322222222222,0.327777777777,0.333333333333,
    0.338888888888,0.344444444444,0.349999999999,0.355555555555,
    0.361111111111,0.366666666666,0.372222222222,0.377777777777,
    0.383333333333,0.388888888888,0.394444444444,0.4,0.405555555555,
    0.411111111111,0.416666666666,0.422222222222,0.427777777777,
    0.433333333333,0.438888888888,0.444444444444,0.45,0.455555555555,
    0.461111111111,0.466666666666,0.472222222222,0.477777777777,
    0.483333333333,0.488888888888,0.494444444444,0.5,0.505555555555,
    0.511111111111,0.516666666666,0.522222222222,0.527777777777,
    0.533333333333,0.538888888888,0.544444444444,0.55,0.555555555555,
    0.561111111111,0.566666666666,0.572222222222,0.577777777777,
    0.583333333333,0.588888888888,0.594444444444,0.599999999999,
    0.605555555555,0.611111111111,0.616666666666,0.622222222222,
    0.627777777777,0.633333333333,0.638888888888,0.644444444444,0.65,
    0.655555555555,0.661111111111,0.666666666666,0.672222222222,
    0.677777777777,0.683333333333,0.688888888888,0.694444444444,
    0.699999999999,0.705555555555,0.711111111111,0.716666666666,
    0.722222222222,0.727777777777,0.733333333333,0.738888888888,
    0.744444444444,0.75,0.755555555555,0.761111111111,0.766666666666,
0.772222222222,0.776222398146),.UNSPECIFIED.) CURVE() 
GEOMETRIC_REPRESENTATION_ITEM() RATIONAL_B_SPLINE_CURVE((0.968836192742,
    0.981999627299,1.,0.866025403784,1.,0.866025403784,1.,0.866025403784
    ,1.,0.866025403784,1.,0.866025403784,1.,0.866025403784,1.,
    0.866025403784,1.,0.866025403784,1.,0.866025403784,1.,0.866025403784
    ,1.,0.866025403784,1.,0.866025403784,1.,0.866025403784,1.,
    0.866025403784,1.,0.866025403784,1.,0.866025403784,1.,0.866025403784
    ,1.,0.866025403784,1.,0.866025403784,1.,0.866025403784,1.,
    0.866025403784,1.,0.866025403784,1.,0.866025403784,1.,0.866025403784
    ,1.,0.866025403784,1.,0.866025403784,1.,0.866025403784,1.,
    0.866025403784,1.,0.866025403784,1.,0.866025403784,1.,0.866025403784
    ,1.,0.866025403784,1.,0.866025403784,1.,0.866025403784,1.,
    0.866025403784,1.,0.866025403784,1.,0.866025403784,1.,0.866025403784
    ,1.,0.866025403784,1.,0.866025403784,1.,0.866025403784,1.,
    0.866025403784,1.,0.866025403784,1.,0.866025403784,1.,0.866025403784
    ,1.,0.866025403784,1.,0.866025403784,1.,0.866025403784,1.,
    0.866025403784,1.,0.866025403784,1.,0.866025403784,1.,0.866025403784
    ,1.,0.866025403784,1.,0.866025403784,1.,0.866025403784,1.,
    0.866025403784,1.,0.866025403784,1.,0.866025403784,1.,0.866025403784
    ,1.,0.866025403784,1.,0.866025403784,1.,0.866025403784,1.,
    0.866025403784,1.,0.866025403784,1.,0.866025403784,1.,0.866025403784
    ,1.,0.866025403784,1.,0.866025403784,1.,0.866025403784,1.,
    0.866025403784,1.,0.866025403784,1.,0.866025403784,1.,0.866025403784
    ,1.,0.866025403784,1.,0.866025403784,1.,0.866025403784,1.,
    0.866025403784,1.,0.866025403784,1.,0.866025403784,1.,0.866025403784
    ,1.,0.866025403784,1.,0.866025403784,1.,0.866025403784,1.,
    0.866025403784,1.,0.866025403784,1.,0.866025403784,1.,0.866025403784
    ,1.,0.866025403784,1.,0.866025403784,1.,0.866025403784,1.,
    0.866025403784,1.,0.866025403784,1.,0.866025403784,1.,0.866025403784
    ,1.,0.866025403784,1.,0.866025403784,1.,0.866025403784,1.,
    0.866025403784,1.,0.866025403784,1.,0.866025403784,1.,0.866025403784
    ,1.,0.866025403784,1.,0.866025403784,1.,0.866025403784,1.,
    0.866025403784,1.,0.866025403784,1.,0.866025403784,1.,0.866025403784
    ,1.,0.866025403784,1.,0.866025403784,1.,0.866025403784,1.,
    0.866025403784,1.,0.866025403784,1.,0.866025403784,1.,0.866025403784
    ,1.,0.866025403784,1.,0.866025403784,1.,0.866025403784,1.,
    0.866025403784,1.,0.866025403784,1.,0.866025403784,1.,0.866025403784
    ,1.,0.866025403784,1.,0.866025403784,1.,0.866025403784,1.,
    0.866025403784,1.,0.866025403784,1.,0.866025403784,1.,0.866025403784
    ,1.,0.866025403784,1.,0.866025403784,1.,0.866025403784,1.,
0.903534048236,0.945985176464)) REPRESENTATION_ITEM('') );
#4776 = CARTESIAN_POINT('',(-0.932572345827,1.201096728164,
    9.770632937499));
#4777 = CARTESIAN_POINT('',(-0.850405672169,1.26489372786,9.765353712597
    ));
#4778 = CARTESIAN_POINT('',(-0.760316468749,1.316906753706,
    9.760416667349));
#4779 = CARTESIAN_POINT('',(-1.1E-16,1.755875671608,9.718750000682));
#4780 = CARTESIAN_POINT('',(0.760316468749,1.316906753706,9.677083334016
    ));
#4781 = CARTESIAN_POINT('',(1.520632937499,0.877937835804,9.635416667349
    ));
#4782 = CARTESIAN_POINT('',(1.520632937499,1.9E-16,9.593750000682));
#4783 = CARTESIAN_POINT('',(1.520632937499,-0.877937835804,
    9.552083334016));
#4784 = CARTESIAN_POINT('',(0.760316468749,-1.316906753706,
    9.510416667349));
#4785 = CARTESIAN_POINT('',(3.2E-16,-1.755875671608,9.468750000682));
#4786 = CARTESIAN_POINT('',(-0.760316468749,-1.316906753706,
    9.427083334016));
#4787 = CARTESIAN_POINT('',(-1.520632937499,-0.877937835804,
    9.385416667349));
#4788 = CARTESIAN_POINT('',(-1.520632937499,0.,9.343750000682));
#4789 = CARTESIAN_POINT('',(-1.520632937499,0.877937835804,
    9.302083334016));
#4790 = CARTESIAN_POINT('',(-0.760316468749,1.316906753706,
    9.260416667349));
#4791 = CARTESIAN_POINT('',(-1.1E-16,1.755875671608,9.218750000682));
#4792 = CARTESIAN_POINT('',(0.760316468749,1.316906753706,9.177083334016
    ));
#4793 = CARTESIAN_POINT('',(1.520632937499,0.877937835804,9.135416667349
    ));
#4794 = CARTESIAN_POINT('',(1.520632937499,1.9E-16,9.093750000682));
#4795 = CARTESIAN_POINT('',(1.520632937499,-0.877937835804,
    9.052083334016));
#4796 = CARTESIAN_POINT('',(0.760316468749,-1.316906753706,
    9.010416667349));
#4797 = CARTESIAN_POINT('',(3.2E-16,-1.755875671608,8.968750000682));
#4798 = CARTESIAN_POINT('',(-0.760316468749,-1.316906753706,
    8.927083334016));
#4799 = CARTESIAN_POINT('',(-1.520632937499,-0.877937835804,
    8.885416667349));
#4800 = CARTESIAN_POINT('',(-1.520632937499,0.,8.843750000682));
#4801 = CARTESIAN_POINT('',(-1.520632937499,0.877937835804,
    8.802083334016));
#4802 = CARTESIAN_POINT('',(-0.760316468749,1.316906753706,
    8.760416667349));
#4803 = CARTESIAN_POINT('',(-1.1E-16,1.755875671608,8.718750000682));
#4804 = CARTESIAN_POINT('',(0.760316468749,1.316906753706,8.677083334016
    ));
#4805 = CARTESIAN_POINT('',(1.520632937499,0.877937835804,8.635416667349
    ));
#4806 = CARTESIAN_POINT('',(1.520632937499,1.9E-16,8.593750000682));
#4807 = CARTESIAN_POINT('',(1.520632937499,-0.877937835804,
    8.552083334016));
#4808 = CARTESIAN_POINT('',(0.760316468749,-1.316906753706,
    8.510416667349));
#4809 = CARTESIAN_POINT('',(3.2E-16,-1.755875671608,8.468750000682));
#4810 = CARTESIAN_POINT('',(-0.760316468749,-1.316906753706,
    8.427083334016));
#4811 = CARTESIAN_POINT('',(-1.520632937499,-0.877937835804,
    8.385416667349));
#4812 = CARTESIAN_POINT('',(-1.520632937499,0.,8.343750000682));
#4813 = CARTESIAN_POINT('',(-1.520632937499,0.877937835804,
    8.302083334016));
#4814 = CARTESIAN_POINT('',(-0.760316468749,1.316906753706,
    8.260416667349));
#4815 = CARTESIAN_POINT('',(-1.1E-16,1.755875671608,8.218750000682));
#4816 = CARTESIAN_POINT('',(0.760316468749,1.316906753706,8.177083334016
    ));
#4817 = CARTESIAN_POINT('',(1.520632937499,0.877937835804,8.135416667349
    ));
#4818 = CARTESIAN_POINT('',(1.520632937499,1.9E-16,8.093750000682));
#4819 = CARTESIAN_POINT('',(1.520632937499,-0.877937835804,
    8.052083334016));
#4820 = CARTESIAN_POINT('',(0.760316468749,-1.316906753706,
    8.010416667349));
#4821 = CARTESIAN_POINT('',(3.2E-16,-1.755875671608,7.968750000682));
#4822 = CARTESIAN_POINT('',(-0.760316468749,-1.316906753706,
    7.927083334016));
#4823 = CARTESIAN_POINT('',(-1.520632937499,-0.877937835804,
    7.885416667349));
#4824 = CARTESIAN_POINT('',(-1.520632937499,0.,7.843750000682));
#4825 = CARTESIAN_POINT('',(-1.520632937499,0.877937835804,
    7.802083334016));
#4826 = CARTESIAN_POINT('',(-0.760316468749,1.316906753706,
    7.760416667349));
#4827 = CARTESIAN_POINT('',(-1.1E-16,1.755875671608,7.718750000682));
#4828 = CARTESIAN_POINT('',(0.760316468749,1.316906753706,7.677083334016
    ));
#4829 = CARTESIAN_POINT('',(1.520632937499,0.877937835804,7.635416667349
    ));
#4830 = CARTESIAN_POINT('',(1.520632937499,1.9E-16,7.593750000682));
#4831 = CARTESIAN_POINT('',(1.520632937499,-0.877937835804,
    7.552083334016));
#4832 = CARTESIAN_POINT('',(0.760316468749,-1.316906753706,
    7.510416667349));
#4833 = CARTESIAN_POINT('',(3.2E-16,-1.755875671608,7.468750000682));
#4834 = CARTESIAN_POINT('',(-0.760316468749,-1.316906753706,
    7.427083334016));
#4835 = CARTESIAN_POINT('',(-1.520632937499,-0.877937835804,
    7.385416667349));
#4836 = CARTESIAN_POINT('',(-1.520632937499,0.,7.343750000682));
#4837 = CARTESIAN_POINT('',(-1.520632937499,0.877937835804,
    7.302083334016));
#4838 = CARTESIAN_POINT('',(-0.760316468749,1.316906753706,
    7.260416667349));
#4839 = CARTESIAN_POINT('',(-1.1E-16,1.755875671608,7.218750000682));
#4840 = CARTESIAN_POINT('',(0.760316468749,1.316906753706,7.177083334016
    ));
#4841 = CARTESIAN_POINT('',(1.520632937499,0.877937835804,7.135416667349
    ));
#4842 = CARTESIAN_POINT('',(1.520632937499,1.9E-16,7.093750000682));
#4843 = CARTESIAN_POINT('',(1.520632937499,-0.877937835804,
    7.052083334016));
#4844 = CARTESIAN_POINT('',(0.760316468749,-1.316906753706,
    7.010416667349));
#4845 = CARTESIAN_POINT('',(3.2E-16,-1.755875671608,6.968750000682));
#4846 = CARTESIAN_POINT('',(-0.760316468749,-1.316906753706,
    6.927083334016));
#4847 = CARTESIAN_POINT('',(-1.520632937499,-0.877937835804,
    6.885416667349));
#4848 = CARTESIAN_POINT('',(-1.520632937499,0.,6.843750000682));
#4849 = CARTESIAN_POINT('',(-1.520632937499,0.877937835804,
    6.802083334016));
#4850 = CARTESIAN_POINT('',(-0.760316468749,1.316906753706,
    6.760416667349));
#4851 = CARTESIAN_POINT('',(-1.1E-16,1.755875671608,6.718750000682));
#4852 = CARTESIAN_POINT('',(0.760316468749,1.316906753706,6.677083334016
    ));
#4853 = CARTESIAN_POINT('',(1.520632937499,0.877937835804,6.635416667349
    ));
#4854 = CARTESIAN_POINT('',(1.520632937499,1.9E-16,6.593750000682));
#4855 = CARTESIAN_POINT('',(1.520632937499,-0.877937835804,
    6.552083334016));
#4856 = CARTESIAN_POINT('',(0.760316468749,-1.316906753706,
    6.510416667349));
#4857 = CARTESIAN_POINT('',(3.2E-16,-1.755875671608,6.468750000682));
#4858 = CARTESIAN_POINT('',(-0.760316468749,-1.316906753706,
    6.427083334016));
#4859 = CARTESIAN_POINT('',(-1.520632937499,-0.877937835804,
    6.385416667349));
#4860 = CARTESIAN_POINT('',(-1.520632937499,0.,6.343750000682));
#4861 = CARTESIAN_POINT('',(-1.520632937499,0.877937835804,
    6.302083334016));
#4862 = CARTESIAN_POINT('',(-0.760316468749,1.316906753706,
    6.260416667349));
#4863 = CARTESIAN_POINT('',(-1.1E-16,1.755875671608,6.218750000682));
#4864 = CARTESIAN_POINT('',(0.760316468749,1.316906753706,6.177083334016
    ));
#4865 = CARTESIAN_POINT('',(1.520632937499,0.877937835804,6.135416667349
    ));
#4866 = CARTESIAN_POINT('',(1.520632937499,1.9E-16,6.093750000682));
#4867 = CARTESIAN_POINT('',(1.520632937499,-0.877937835804,
    6.052083334016));
#4868 = CARTESIAN_POINT('',(0.760316468749,-1.316906753706,
    6.010416667349));
#4869 = CARTESIAN_POINT('',(3.2E-16,-1.755875671608,5.968750000682));
#4870 = CARTESIAN_POINT('',(-0.760316468749,-1.316906753706,
    5.927083334016));
#4871 = CARTESIAN_POINT('',(-1.520632937499,-0.877937835804,
    5.885416667349));
#4872 = CARTESIAN_POINT('',(-1.520632937499,0.,5.843750000682));
#4873 = CARTESIAN_POINT('',(-1.520632937499,0.877937835804,
    5.802083334016));
#4874 = CARTESIAN_POINT('',(-0.760316468749,1.316906753706,
    5.760416667349));
#4875 = CARTESIAN_POINT('',(-1.1E-16,1.755875671608,5.718750000682));
#4876 = CARTESIAN_POINT('',(0.760316468749,1.316906753706,5.677083334016
    ));
#4877 = CARTESIAN_POINT('',(1.520632937499,0.877937835804,5.635416667349
    ));
#4878 = CARTESIAN_POINT('',(1.520632937499,1.9E-16,5.593750000682));
#4879 = CARTESIAN_POINT('',(1.520632937499,-0.877937835804,
    5.552083334016));
#4880 = CARTESIAN_POINT('',(0.760316468749,-1.316906753706,
    5.510416667349));
#4881 = CARTESIAN_POINT('',(3.2E-16,-1.755875671608,5.468750000682));
#4882 = CARTESIAN_POINT('',(-0.760316468749,-1.316906753706,
    5.427083334016));
#4883 = CARTESIAN_POINT('',(-1.520632937499,-0.877937835804,
    5.385416667349));
#4884 = CARTESIAN_POINT('',(-1.520632937499,0.,5.343750000682));
#4885 = CARTESIAN_POINT('',(-1.520632937499,0.877937835804,
    5.302083334016));
#4886 = CARTESIAN_POINT('',(-0.760316468749,1.316906753706,
    5.260416667349));
#4887 = CARTESIAN_POINT('',(-1.1E-16,1.755875671608,5.218750000682));
#4888 = CARTESIAN_POINT('',(0.760316468749,1.316906753706,5.177083334016
    ));
#4889 = CARTESIAN_POINT('',(1.520632937499,0.877937835804,5.135416667349
    ));
#4890 = CARTESIAN_POINT('',(1.520632937499,1.9E-16,5.093750000682));
#4891 = CARTESIAN_POINT('',(1.520632937499,-0.877937835804,
    5.052083334016));
#4892 = CARTESIAN_POINT('',(0.760316468749,-1.316906753706,
    5.010416667349));
#4893 = CARTESIAN_POINT('',(3.2E-16,-1.755875671608,4.968750000682));
#4894 = CARTESIAN_POINT('',(-0.760316468749,-1.316906753706,
    4.927083334016));
#4895 = CARTESIAN_POINT('',(-1.520632937499,-0.877937835804,
    4.885416667349));
#4896 = CARTESIAN_POINT('',(-1.520632937499,0.,4.843750000682));
#4897 = CARTESIAN_POINT('',(-1.520632937499,0.877937835804,
    4.802083334016));
#4898 = CARTESIAN_POINT('',(-0.760316468749,1.316906753706,
    4.760416667349));
#4899 = CARTESIAN_POINT('',(-1.1E-16,1.755875671608,4.718750000682));
#4900 = CARTESIAN_POINT('',(0.760316468749,1.316906753706,4.677083334016
    ));
#4901 = CARTESIAN_POINT('',(1.520632937499,0.877937835804,4.635416667349
    ));
#4902 = CARTESIAN_POINT('',(1.520632937499,1.9E-16,4.593750000682));
#4903 = CARTESIAN_POINT('',(1.520632937499,-0.877937835804,
    4.552083334016));
#4904 = CARTESIAN_POINT('',(0.760316468749,-1.316906753706,
    4.510416667349));
#4905 = CARTESIAN_POINT('',(3.2E-16,-1.755875671608,4.468750000682));
#4906 = CARTESIAN_POINT('',(-0.760316468749,-1.316906753706,
    4.427083334016));
#4907 = CARTESIAN_POINT('',(-1.520632937499,-0.877937835804,
    4.385416667349));
#4908 = CARTESIAN_POINT('',(-1.520632937499,0.,4.343750000682));
#4909 = CARTESIAN_POINT('',(-1.520632937499,0.877937835804,
    4.302083334016));
#4910 = CARTESIAN_POINT('',(-0.760316468749,1.316906753706,
    4.260416667349));
#4911 = CARTESIAN_POINT('',(-1.1E-16,1.755875671608,4.218750000682));
#4912 = CARTESIAN_POINT('',(0.760316468749,1.316906753706,4.177083334016
    ));
#4913 = CARTESIAN_POINT('',(1.520632937499,0.877937835804,4.135416667349
    ));
#4914 = CARTESIAN_POINT('',(1.520632937499,1.9E-16,4.093750000682));
#4915 = CARTESIAN_POINT('',(1.520632937499,-0.877937835804,
    4.052083334016));
#4916 = CARTESIAN_POINT('',(0.760316468749,-1.316906753706,
    4.010416667349));
#4917 = CARTESIAN_POINT('',(3.2E-16,-1.755875671608,3.968750000682));
#4918 = CARTESIAN_POINT('',(-0.760316468749,-1.316906753706,
    3.927083334016));
#4919 = CARTESIAN_POINT('',(-1.520632937499,-0.877937835804,
    3.885416667349));
#4920 = CARTESIAN_POINT('',(-1.520632937499,0.,3.843750000682));
#4921 = CARTESIAN_POINT('',(-1.520632937499,0.877937835804,
    3.802083334016));
#4922 = CARTESIAN_POINT('',(-0.760316468749,1.316906753706,
    3.760416667349));
#4923 = CARTESIAN_POINT('',(-1.1E-16,1.755875671608,3.718750000682));
#4924 = CARTESIAN_POINT('',(0.760316468749,1.316906753706,3.677083334016
    ));
#4925 = CARTESIAN_POINT('',(1.520632937499,0.877937835804,3.635416667349
    ));
#4926 = CARTESIAN_POINT('',(1.520632937499,1.9E-16,3.593750000682));
#4927 = CARTESIAN_POINT('',(1.520632937499,-0.877937835804,
    3.552083334016));
#4928 = CARTESIAN_POINT('',(0.760316468749,-1.316906753706,
    3.510416667349));
#4929 = CARTESIAN_POINT('',(3.2E-16,-1.755875671608,3.468750000682));
#4930 = CARTESIAN_POINT('',(-0.760316468749,-1.316906753706,
    3.427083334016));
#4931 = CARTESIAN_POINT('',(-1.520632937499,-0.877937835804,
    3.385416667349));
#4932 = CARTESIAN_POINT('',(-1.520632937499,0.,3.343750000682));
#4933 = CARTESIAN_POINT('',(-1.520632937499,0.877937835804,
    3.302083334016));
#4934 = CARTESIAN_POINT('',(-0.760316468749,1.316906753706,
    3.260416667349));
#4935 = CARTESIAN_POINT('',(-1.1E-16,1.755875671608,3.218750000682));
#4936 = CARTESIAN_POINT('',(0.760316468749,1.316906753706,3.177083334016
    ));
#4937 = CARTESIAN_POINT('',(1.520632937499,0.877937835804,3.135416667349
    ));
#4938 = CARTESIAN_POINT('',(1.520632937499,1.9E-16,3.093750000682));
#4939 = CARTESIAN_POINT('',(1.520632937499,-0.877937835804,
    3.052083334016));
#4940 = CARTESIAN_POINT('',(0.760316468749,-1.316906753706,
    3.010416667349));
#4941 = CARTESIAN_POINT('',(3.2E-16,-1.755875671608,2.968750000682));
#4942 = CARTESIAN_POINT('',(-0.760316468749,-1.316906753706,
    2.927083334016));
#4943 = CARTESIAN_POINT('',(-1.520632937499,-0.877937835804,
    2.885416667349));
#4944 = CARTESIAN_POINT('',(-1.520632937499,0.,2.843750000682));
#4945 = CARTESIAN_POINT('',(-1.520632937499,0.877937835804,
    2.802083334016));
#4946 = CARTESIAN_POINT('',(-0.760316468749,1.316906753706,
    2.760416667349));
#4947 = CARTESIAN_POINT('',(-1.1E-16,1.755875671608,2.718750000682));
#4948 = CARTESIAN_POINT('',(0.760316468749,1.316906753706,2.677083334016
    ));
#4949 = CARTESIAN_POINT('',(1.520632937499,0.877937835804,2.635416667349
    ));
#4950 = CARTESIAN_POINT('',(1.520632937499,1.9E-16,2.593750000682));
#4951 = CARTESIAN_POINT('',(1.520632937499,-0.877937835804,
    2.552083334016));
#4952 = CARTESIAN_POINT('',(0.760316468749,-1.316906753706,
    2.510416667349));
#4953 = CARTESIAN_POINT('',(3.2E-16,-1.755875671608,2.468750000682));
#4954 = CARTESIAN_POINT('',(-0.760316468749,-1.316906753706,
    2.427083334016));
#4955 = CARTESIAN_POINT('',(-1.520632937499,-0.877937835804,
    2.385416667349));
#4956 = CARTESIAN_POINT('',(-1.520632937499,0.,2.343750000682));
#4957 = CARTESIAN_POINT('',(-1.520632937499,0.877937835804,
    2.302083334016));
#4958 = CARTESIAN_POINT('',(-0.760316468749,1.316906753706,
    2.260416667349));
#4959 = CARTESIAN_POINT('',(-1.1E-16,1.755875671608,2.218750000682));
#4960 = CARTESIAN_POINT('',(0.760316468749,1.316906753706,2.177083334016
    ));
#4961 = CARTESIAN_POINT('',(1.520632937499,0.877937835804,2.135416667349
    ));
#4962 = CARTESIAN_POINT('',(1.520632937499,1.9E-16,2.093750000682));
#4963 = CARTESIAN_POINT('',(1.520632937499,-0.877937835804,
    2.052083334016));
#4964 = CARTESIAN_POINT('',(0.760316468749,-1.316906753706,
    2.010416667349));
#4965 = CARTESIAN_POINT('',(3.2E-16,-1.755875671608,1.968750000682));
#4966 = CARTESIAN_POINT('',(-0.760316468749,-1.316906753706,
    1.927083334016));
#4967 = CARTESIAN_POINT('',(-1.520632937499,-0.877937835804,
    1.885416667349));
#4968 = CARTESIAN_POINT('',(-1.520632937499,0.,1.843750000682));
#4969 = CARTESIAN_POINT('',(-1.520632937499,0.877937835804,
    1.802083334016));
#4970 = CARTESIAN_POINT('',(-0.760316468749,1.316906753706,
    1.760416667349));
#4971 = CARTESIAN_POINT('',(-1.1E-16,1.755875671608,1.718750000682));
#4972 = CARTESIAN_POINT('',(0.760316468749,1.316906753706,1.677083334016
    ));
#4973 = CARTESIAN_POINT('',(1.520632937499,0.877937835804,1.635416667349
    ));
#4974 = CARTESIAN_POINT('',(1.520632937499,1.9E-16,1.593750000682));
#4975 = CARTESIAN_POINT('',(1.520632937499,-0.877937835804,
    1.552083334016));
#4976 = CARTESIAN_POINT('',(0.760316468749,-1.316906753706,
    1.510416667349));
#4977 = CARTESIAN_POINT('',(3.2E-16,-1.755875671608,1.468750000682));
#4978 = CARTESIAN_POINT('',(-0.760316468749,-1.316906753706,
    1.427083334016));
#4979 = CARTESIAN_POINT('',(-1.520632937499,-0.877937835804,
    1.385416667349));
#4980 = CARTESIAN_POINT('',(-1.520632937499,0.,1.343750000682));
#4981 = CARTESIAN_POINT('',(-1.520632937499,0.877937835804,
    1.302083334016));
#4982 = CARTESIAN_POINT('',(-0.760316468749,1.316906753706,
    1.260416667349));
#4983 = CARTESIAN_POINT('',(-1.1E-16,1.755875671608,1.218750000682));
#4984 = CARTESIAN_POINT('',(0.760316468749,1.316906753706,1.177083334016
    ));
#4985 = CARTESIAN_POINT('',(1.520632937499,0.877937835804,1.135416667349
    ));
#4986 = CARTESIAN_POINT('',(1.520632937499,1.9E-16,1.093750000682));
#4987 = CARTESIAN_POINT('',(1.520632937499,-0.877937835804,
    1.052083334016));
#4988 = CARTESIAN_POINT('',(0.760316468749,-1.316906753706,
    1.010416667349));
#4989 = CARTESIAN_POINT('',(3.2E-16,-1.755875671608,0.968750000682));
#4990 = CARTESIAN_POINT('',(-0.760316468749,-1.316906753706,
    0.927083334016));
#4991 = CARTESIAN_POINT('',(-1.520632937499,-0.877937835804,
    0.885416667349));
#4992 = CARTESIAN_POINT('',(-1.520632937499,0.,0.843750000682));
#4993 = CARTESIAN_POINT('',(-1.520632937499,0.877937835804,
    0.802083334016));
#4994 = CARTESIAN_POINT('',(-0.760316468749,1.316906753706,
    0.760416667349));
#4995 = CARTESIAN_POINT('',(-1.1E-16,1.755875671608,0.718750000682));
#4996 = CARTESIAN_POINT('',(0.760316468749,1.316906753706,0.677083334016
    ));
#4997 = CARTESIAN_POINT('',(1.520632937499,0.877937835804,0.635416667349
    ));
#4998 = CARTESIAN_POINT('',(1.520632937499,1.9E-16,0.593750000682));
#4999 = CARTESIAN_POINT('',(1.520632937499,-0.877937835804,
    0.552083334016));
#5000 = CARTESIAN_POINT('',(0.760316468749,-1.316906753706,
    0.510416667349));
#5001 = CARTESIAN_POINT('',(3.2E-16,-1.755875671608,0.468750000682));
#5002 = CARTESIAN_POINT('',(-0.760316468749,-1.316906753706,
    0.427083334016));
#5003 = CARTESIAN_POINT('',(-1.520632937499,-0.877937835804,
    0.385416667349));
#5004 = CARTESIAN_POINT('',(-1.520632937499,0.,0.343750000682));
#5005 = CARTESIAN_POINT('',(-1.520632937499,0.877937835804,
    0.302083334016));
#5006 = CARTESIAN_POINT('',(-0.760316468749,1.316906753706,
    0.260416667349));
#5007 = CARTESIAN_POINT('',(-1.1E-16,1.755875671608,0.218750000682));
#5008 = CARTESIAN_POINT('',(0.760316468749,1.316906753706,0.177083334016
    ));
#5009 = CARTESIAN_POINT('',(1.520632937499,0.877937835804,0.135416667349
    ));
#5010 = CARTESIAN_POINT('',(1.520632937499,1.9E-16,9.3750000682E-02));
#5011 = CARTESIAN_POINT('',(1.520632937499,-0.877937835804,
    5.2083334016E-02));
#5012 = CARTESIAN_POINT('',(0.760316468749,-1.316906753706,
    1.0416667349E-02));
#5013 = CARTESIAN_POINT('',(3.2E-16,-1.755875671608,-3.1249999317E-02));
#5014 = CARTESIAN_POINT('',(-0.760316468749,-1.316906753706,
    -7.2916665983E-02));
#5015 = CARTESIAN_POINT('',(-1.520632937499,-0.877937835804,
    -0.11458333265));
#5016 = CARTESIAN_POINT('',(-1.520632937499,0.,-0.156249999317));
#5017 = CARTESIAN_POINT('',(-1.520632937499,0.877937835804,
    -0.197916665983));
#5018 = CARTESIAN_POINT('',(-0.760316468749,1.316906753706,
    -0.23958333265));
#5019 = CARTESIAN_POINT('',(-1.1E-16,1.755875671608,-0.281249999317));
#5020 = CARTESIAN_POINT('',(0.760316468749,1.316906753706,
    -0.322916665983));
#5021 = CARTESIAN_POINT('',(1.520632937499,0.877937835804,-0.36458333265
    ));
#5022 = CARTESIAN_POINT('',(1.520632937499,1.9E-16,-0.406249999317));
#5023 = CARTESIAN_POINT('',(1.520632937499,-0.877937835804,
    -0.447916665983));
#5024 = CARTESIAN_POINT('',(0.760316468749,-1.316906753706,
    -0.48958333265));
#5025 = CARTESIAN_POINT('',(3.2E-16,-1.755875671608,-0.531249999317));
#5026 = CARTESIAN_POINT('',(-0.760316468749,-1.316906753706,
    -0.572916665983));
#5027 = CARTESIAN_POINT('',(-1.520632937499,-0.877937835804,
    -0.61458333265));
#5028 = CARTESIAN_POINT('',(-1.520632937499,0.,-0.656249999317));
#5029 = CARTESIAN_POINT('',(-1.520632937499,0.877937835804,
    -0.697916665983));
#5030 = CARTESIAN_POINT('',(-0.760316468749,1.316906753706,
    -0.73958333265));
#5031 = CARTESIAN_POINT('',(-1.1E-16,1.755875671608,-0.781249999317));
#5032 = CARTESIAN_POINT('',(0.760316468749,1.316906753706,
    -0.822916665983));
#5033 = CARTESIAN_POINT('',(1.520632937499,0.877937835804,-0.86458333265
    ));
#5034 = CARTESIAN_POINT('',(1.520632937499,1.9E-16,-0.906249999317));
#5035 = CARTESIAN_POINT('',(1.520632937499,-0.877937835804,
    -0.947916665983));
#5036 = CARTESIAN_POINT('',(0.760316468749,-1.316906753706,
    -0.98958333265));
#5037 = CARTESIAN_POINT('',(3.2E-16,-1.755875671608,-1.031249999317));
#5038 = CARTESIAN_POINT('',(-0.760316468749,-1.316906753706,
    -1.072916665983));
#5039 = CARTESIAN_POINT('',(-1.520632937499,-0.877937835804,
    -1.11458333265));
#5040 = CARTESIAN_POINT('',(-1.520632937499,0.,-1.156249999317));
#5041 = CARTESIAN_POINT('',(-1.520632937499,0.877937835804,
    -1.197916665983));
#5042 = CARTESIAN_POINT('',(-0.760316468749,1.316906753706,
    -1.23958333265));
#5043 = CARTESIAN_POINT('',(-0.235591049617,1.619857115692,
    -1.268339199489));
#5044 = CARTESIAN_POINT('',(0.353692010715,1.47892748036,-1.3006329375)
  );
#5045 = ORIENTED_EDGE('',*,*,#1660,.F.);
#5046 = ORIENTED_EDGE('',*,*,#3526,.T.);
#5047 = ORIENTED_EDGE('',*,*,#3439,.T.);
#5048 = ( BOUNDED_SURFACE() B_SPLINE_SURFACE(1,2,(
    (#5049,#5050,#5051,#5052,#5053,#5054,#5055,#5056,#5057,#5058,#5059
      ,#5060,#5061,#5062,#5063,#5064,#5065,#5066,#5067,#5068,#5069,#5070
      ,#5071,#5072,#5073,#5074,#5075,#5076,#5077,#5078,#5079,#5080,#5081
      ,#5082,#5083,#5084,#5085,#5086,#5087,#5088,#5089,#5090,#5091,#5092
      ,#5093,#5094,#5095,#5096,#5097,#5098,#5099,#5100,#5101,#5102,#5103
      ,#5104,#5105,#5106,#5107,#5108,#5109,#5110,#5111,#5112,#5113,#5114
      ,#5115,#5116,#5117,#5118,#5119,#5120,#5121,#5122,#5123,#5124,#5125
      ,#5126,#5127,#5128,#5129,#5130,#5131,#5132,#5133,#5134,#5135,#5136
      ,#5137,#5138,#5139,#5140,#5141,#5142,#5143,#5144,#5145,#5146,#5147
      ,#5148,#5149,#5150,#5151,#5152,#5153,#5154,#5155,#5156,#5157,#5158
      ,#5159,#5160,#5161,#5162,#5163,#5164,#5165,#5166,#5167,#5168,#5169
      ,#5170,#5171,#5172,#5173,#5174,#5175,#5176,#5177,#5178,#5179,#5180
      ,#5181,#5182,#5183,#5184,#5185,#5186,#5187,#5188,#5189,#5190,#5191
      ,#5192,#5193,#5194,#5195,#5196,#5197,#5198,#5199,#5200,#5201,#5202
      ,#5203,#5204,#5205,#5206,#5207,#5208,#5209,#5210,#5211,#5212,#5213
      ,#5214,#5215,#5216,#5217,#5218,#5219,#5220,#5221,#5222,#5223,#5224
      ,#5225,#5226,#5227,#5228,#5229,#5230,#5231,#5232,#5233,#5234,#5235
      ,#5236,#5237,#5238,#5239,#5240,#5241,#5242,#5243,#5244,#5245,#5246
      ,#5247,#5248,#5249,#5250,#5251,#5252,#5253,#5254,#5255,#5256,#5257
      ,#5258,#5259,#5260,#5261,#5262,#5263,#5264,#5265,#5266,#5267,#5268
      ,#5269,#5270,#5271,#5272,#5273,#5274,#5275,#5276,#5277,#5278,#5279
      ,#5280,#5281,#5282,#5283,#5284,#5285,#5286,#5287,#5288,#5289,#5290
      ,#5291,#5292,#5293,#5294,#5295,#5296,#5297,#5298,#5299,#5300,#5301
      ,#5302,#5303,#5304,#5305,#5306,#5307,#5308,#5309,#5310,#5311,#5312
      ,#5313,#5314,#5315,#5316,#5317,#5318,#5319,#5320,#5321,#5322,#5323
      ,#5324,#5325,#5326,#5327,#5328,#5329,#5330,#5331,#5332,#5333,#5334
      ,#5335,#5336,#5337,#5338,#5339,#5340,#5341,#5342,#5343,#5344,#5345
      ,#5346,#5347,#5348,#5349,#5350,#5351,#5352,#5353,#5354,#5355,#5356
      ,#5357,#5358,#5359,#5360,#5361,#5362,#5363,#5364,#5365,#5366,#5367
      ,#5368,#5369,#5370,#5371,#5372,#5373,#5374,#5375,#5376,#5377,#5378
      ,#5379,#5380,#5381,#5382,#5383,#5384,#5385,#5386,#5387,#5388,#5389
      ,#5390,#5391,#5392,#5393,#5394,#5395,#5396,#5397,#5398,#5399,#5400
      ,#5401,#5402,#5403,#5404,#5405,#5406,#5407,#5408,#5409)
    ,(#5410,#5411,#5412,#5413,#5414,#5415,#5416,#5417,#5418,#5419,#5420
      ,#5421,#5422,#5423,#5424,#5425,#5426,#5427,#5428,#5429,#5430,#5431
      ,#5432,#5433,#5434,#5435,#5436,#5437,#5438,#5439,#5440,#5441,#5442
      ,#5443,#5444,#5445,#5446,#5447,#5448,#5449,#5450,#5451,#5452,#5453
      ,#5454,#5455,#5456,#5457,#5458,#5459,#5460,#5461,#5462,#5463,#5464
      ,#5465,#5466,#5467,#5468,#5469,#5470,#5471,#5472,#5473,#5474,#5475
      ,#5476,#5477,#5478,#5479,#5480,#5481,#5482,#5483,#5484,#5485,#5486
      ,#5487,#5488,#5489,#5490,#5491,#5492,#5493,#5494,#5495,#5496,#5497
      ,#5498,#5499,#5500,#5501,#5502,#5503,#5504,#5505,#5506,#5507,#5508
      ,#5509,#5510,#5511,#5512,#5513,#5514,#5515,#5516,#5517,#5518,#5519
      ,#5520,#5521,#5522,#5523,#5524,#5525,#5526,#5527,#5528,#5529,#5530
      ,#5531,#5532,#5533,#5534,#5535,#5536,#5537,#5538,#5539,#5540,#5541
      ,#5542,#5543,#5544,#5545,#5546,#5547,#5548,#5549,#5550,#5551,#5552
      ,#5553,#5554,#5555,#5556,#5557,#5558,#5559,#5560,#5561,#5562,#5563
      ,#5564,#5565,#5566,#5567,#5568,#5569,#5570,#5571,#5572,#5573,#5574
      ,#5575,#5576,#5577,#5578,#5579,#5580,#5581,#5582,#5583,#5584,#5585
      ,#5586,#5587,#5588,#5589,#5590,#5591,#5592,#5593,#5594,#5595,#5596
      ,#5597,#5598,#5599,#5600,#5601,#5602,#5603,#5604,#5605,#5606,#5607
      ,#5608,#5609,#5610,#5611,#5612,#5613,#5614,#5615,#5616,#5617,#5618
      ,#5619,#5620,#5621,#5622,#5623,#5624,#5625,#5626,#5627,#5628,#5629
      ,#5630,#5631,#5632,#5633,#5634,#5635,#5636,#5637,#5638,#5639,#5640
      ,#5641,#5642,#5643,#5644,#5645,#5646,#5647,#5648,#5649,#5650,#5651
      ,#5652,#5653,#5654,#5655,#5656,#5657,#5658,#5659,#5660,#5661,#5662
      ,#5663,#5664,#5665,#5666,#5667,#5668,#5669,#5670,#5671,#5672,#5673
      ,#5674,#5675,#5676,#5677,#5678,#5679,#5680,#5681,#5682,#5683,#5684
      ,#5685,#5686,#5687,#5688,#5689,#5690,#5691,#5692,#5693,#5694,#5695
      ,#5696,#5697,#5698,#5699,#5700,#5701,#5702,#5703,#5704,#5705,#5706
      ,#5707,#5708,#5709,#5710,#5711,#5712,#5713,#5714,#5715,#5716,#5717
      ,#5718,#5719,#5720,#5721,#5722,#5723,#5724,#5725,#5726,#5727,#5728
      ,#5729,#5730,#5731,#5732,#5733,#5734,#5735,#5736,#5737,#5738,#5739
      ,#5740,#5741,#5742,#5743,#5744,#5745,#5746,#5747,#5748,#5749,#5750
      ,#5751,#5752,#5753,#5754,#5755,#5756,#5757,#5758,#5759,#5760,#5761
      ,#5762,#5763,#5764,#5765,#5766,#5767,#5768,#5769,#5770
)),.UNSPECIFIED.,.F.,.F.,.F.) B_SPLINE_SURFACE_WITH_KNOTS((2,2),(3,2,2,2
    ,2,2,2,2,2,2,2,2,2,2,2,2,2,2,2,2,2,2,2,2,2,2,2,2,2,2,2,2,2,2,2,2,2,2
    ,2,2,2,2,2,2,2,2,2,2,2,2,2,2,2,2,2,2,2,2,2,2,2,2,2,2,2,2,2,2,2,2,2,2
    ,2,2,2,2,2,2,2,2,2,2,2,2,2,2,2,2,2,2,2,2,2,2,2,2,2,2,2,2,2,2,2,2,2,2
    ,2,2,2,2,2,2,2,2,2,2,2,2,2,2,2,2,2,2,2,2,2,2,2,2,2,2,2,2,2,2,2,2,2,2
    ,2,2,2,2,2,2,2,2,2,2,2,2,2,2,2,2,2,2,2,2,2,2,2,2,2,2,2,2,2,2,2,2,2,2
    ,2,2,2,2,2,2,3),(0.,1.),(0.,5.555555555E-03,1.1111111111E-02,
    1.6666666666E-02,2.2222222222E-02,2.7777777777E-02,3.3333333333E-02,
    3.8888888888E-02,4.4444444444E-02,5.E-02,5.5555555555E-02,
    6.1111111111E-02,6.6666666666E-02,7.2222222222E-02,7.7777777777E-02,
    8.3333333333E-02,8.8888888888E-02,9.4444444444E-02,0.1,
    0.105555555555,0.111111111111,0.116666666666,0.122222222222,
    0.127777777777,0.133333333333,0.138888888888,0.144444444444,
    0.149999999999,0.155555555555,0.161111111111,0.166666666666,
    0.172222222222,0.177777777777,0.183333333333,0.188888888888,
    0.194444444444,0.2,0.205555555555,0.211111111111,0.216666666666,
    0.222222222222,0.227777777777,0.233333333333,0.238888888888,
    0.244444444444,0.25,0.255555555555,0.261111111111,0.266666666666,
    0.272222222222,0.277777777777,0.283333333333,0.288888888888,
    0.294444444444,0.299999999999,0.305555555555,0.311111111111,
    0.316666666666,0.322222222222,0.327777777777,0.333333333333,
    0.338888888888,0.344444444444,0.349999999999,0.355555555555,
    0.361111111111,0.366666666666,0.372222222222,0.377777777777,
    0.383333333333,0.388888888888,0.394444444444,0.4,0.405555555555,
    0.411111111111,0.416666666666,0.422222222222,0.427777777777,
    0.433333333333,0.438888888888,0.444444444444,0.45,0.455555555555,
    0.461111111111,0.466666666666,0.472222222222,0.477777777777,
    0.483333333333,0.488888888888,0.494444444444,0.5,0.505555555555,
    0.511111111111,0.516666666666,0.522222222222,0.527777777777,
    0.533333333333,0.538888888888,0.544444444444,0.55,0.555555555555,
    0.561111111111,0.566666666666,0.572222222222,0.577777777777,
    0.583333333333,0.588888888888,0.594444444444,0.599999999999,
    0.605555555555,0.611111111111,0.616666666666,0.622222222222,
    0.627777777777,0.633333333333,0.638888888888,0.644444444444,0.65,
    0.655555555555,0.661111111111,0.666666666666,0.672222222222,
    0.677777777777,0.683333333333,0.688888888888,0.694444444444,
    0.699999999999,0.705555555555,0.711111111111,0.716666666666,
    0.722222222222,0.727777777777,0.733333333333,0.738888888888,
    0.744444444444,0.75,0.755555555555,0.761111111111,0.766666666666,
    0.772222222222,0.777777777777,0.783333333333,0.788888888888,
    0.794444444444,0.8,0.805555555555,0.811111111111,0.816666666666,
    0.822222222222,0.827777777777,0.833333333333,0.838888888888,
    0.844444444444,0.849999999999,0.855555555555,0.861111111111,
    0.866666666666,0.872222222222,0.877777777777,0.883333333333,
    0.888888888888,0.894444444444,0.9,0.905555555555,0.911111111111,
    0.916666666666,0.922222222222,0.927777777777,0.933333333333,
    0.938888888888,0.944444444444,0.949999999999,0.955555555555,
    0.961111111111,0.966666666666,0.972222222222,0.977777777777,
    0.983333333333,0.988888888888,0.994444444444,1.),.UNSPECIFIED.) 
GEOMETRIC_REPRESENTATION_ITEM() RATIONAL_B_SPLINE_SURFACE((
    (1.,0.866025403784,1.,0.866025403784,1.,0.866025403784,1.
      ,0.866025403784,1.,0.866025403784,1.,0.866025403784,1.
      ,0.866025403784,1.,0.866025403784,1.,0.866025403784,1.
      ,0.866025403784,1.,0.866025403784,1.,0.866025403784,1.
      ,0.866025403784,1.,0.866025403784,1.,0.866025403784,1.
      ,0.866025403784,1.,0.866025403784,1.,0.866025403784,1.
      ,0.866025403784,1.,0.866025403784,1.,0.866025403784,1.
      ,0.866025403784,1.,0.866025403784,1.,0.866025403784,1.
      ,0.866025403784,1.,0.866025403784,1.,0.866025403784,1.
      ,0.866025403784,1.,0.866025403784,1.,0.866025403784,1.
      ,0.866025403784,1.,0.866025403784,1.,0.866025403784,1.
      ,0.866025403784,1.,0.866025403784,1.,0.866025403784,1.
      ,0.866025403784,1.,0.866025403784,1.,0.866025403784,1.
      ,0.866025403784,1.,0.866025403784,1.,0.866025403784,1.
      ,0.866025403784,1.,0.866025403784,1.,0.866025403784,1.
      ,0.866025403784,1.,0.866025403784,1.,0.866025403784,1.
      ,0.866025403784,1.,0.866025403784,1.,0.866025403784,1.
      ,0.866025403784,1.,0.866025403784,1.,0.866025403784,1.
      ,0.866025403784,1.,0.866025403784,1.,0.866025403784,1.
      ,0.866025403784,1.,0.866025403784,1.,0.866025403784,1.
      ,0.866025403784,1.,0.866025403784,1.,0.866025403784,1.
      ,0.866025403784,1.,0.866025403784,1.,0.866025403784,1.
      ,0.866025403784,1.,0.866025403784,1.,0.866025403784,1.
      ,0.866025403784,1.,0.866025403784,1.,0.866025403784,1.
      ,0.866025403784,1.,0.866025403784,1.,0.866025403784,1.
      ,0.866025403784,1.,0.866025403784,1.,0.866025403784,1.
      ,0.866025403784,1.,0.866025403784,1.,0.866025403784,1.
      ,0.866025403784,1.,0.866025403784,1.,0.866025403784,1.
      ,0.866025403784,1.,0.866025403784,1.,0.866025403784,1.
      ,0.866025403784,1.,0.866025403784,1.,0.866025403784,1.
      ,0.866025403784,1.,0.866025403784,1.,0.866025403784,1.
      ,0.866025403784,1.,0.866025403784,1.,0.866025403784,1.
      ,0.866025403784,1.,0.866025403784,1.,0.866025403784,1.
      ,0.866025403784,1.,0.866025403784,1.,0.866025403784,1.
      ,0.866025403784,1.,0.866025403784,1.,0.866025403784,1.
      ,0.866025403784,1.,0.866025403784,1.,0.866025403784,1.
      ,0.866025403784,1.,0.866025403784,1.,0.866025403784,1.
      ,0.866025403784,1.,0.866025403784,1.,0.866025403784,1.
      ,0.866025403784,1.,0.866025403784,1.,0.866025403784,1.
      ,0.866025403784,1.,0.866025403784,1.,0.866025403784,1.
      ,0.866025403784,1.,0.866025403784,1.,0.866025403784,1.
      ,0.866025403784,1.,0.866025403784,1.,0.866025403784,1.
      ,0.866025403784,1.,0.866025403784,1.,0.866025403784,1.
      ,0.866025403784,1.,0.866025403784,1.,0.866025403784,1.
      ,0.866025403784,1.,0.866025403784,1.,0.866025403784,1.
      ,0.866025403784,1.,0.866025403784,1.,0.866025403784,1.
      ,0.866025403784,1.,0.866025403784,1.,0.866025403784,1.
      ,0.866025403784,1.,0.866025403784,1.,0.866025403784,1.
      ,0.866025403784,1.,0.866025403784,1.,0.866025403784,1.
      ,0.866025403784,1.,0.866025403784,1.,0.866025403784,1.
      ,0.866025403784,1.,0.866025403784,1.,0.866025403784,1.
      ,0.866025403784,1.,0.866025403784,1.,0.866025403784,1.
      ,0.866025403784,1.,0.866025403784,1.,0.866025403784,1.
      ,0.866025403784,1.,0.866025403784,1.,0.866025403784,1.
      ,0.866025403784,1.,0.866025403784,1.,0.866025403784,1.
      ,0.866025403784,1.,0.866025403784,1.,0.866025403784,1.
      ,0.866025403784,1.,0.866025403784,1.,0.866025403784,1.
      ,0.866025403784,1.,0.866025403784,1.,0.866025403784,1.
      ,0.866025403784,1.,0.866025403784,1.,0.866025403784,1.
      ,0.866025403784,1.,0.866025403784,1.,0.866025403784,1.)
    ,(1.,0.866025403784,1.,0.866025403784,1.,0.866025403784,1.
      ,0.866025403784,1.,0.866025403784,1.,0.866025403784,1.
      ,0.866025403784,1.,0.866025403784,1.,0.866025403784,1.
      ,0.866025403784,1.,0.866025403784,1.,0.866025403784,1.
      ,0.866025403784,1.,0.866025403784,1.,0.866025403784,1.
      ,0.866025403784,1.,0.866025403784,1.,0.866025403784,1.
      ,0.866025403784,1.,0.866025403784,1.,0.866025403784,1.
      ,0.866025403784,1.,0.866025403784,1.,0.866025403784,1.
      ,0.866025403784,1.,0.866025403784,1.,0.866025403784,1.
      ,0.866025403784,1.,0.866025403784,1.,0.866025403784,1.
      ,0.866025403784,1.,0.866025403784,1.,0.866025403784,1.
      ,0.866025403784,1.,0.866025403784,1.,0.866025403784,1.
      ,0.866025403784,1.,0.866025403784,1.,0.866025403784,1.
      ,0.866025403784,1.,0.866025403784,1.,0.866025403784,1.
      ,0.866025403784,1.,0.866025403784,1.,0.866025403784,1.
      ,0.866025403784,1.,0.866025403784,1.,0.866025403784,1.
      ,0.866025403784,1.,0.866025403784,1.,0.866025403784,1.
      ,0.866025403784,1.,0.866025403784,1.,0.866025403784,1.
      ,0.866025403784,1.,0.866025403784,1.,0.866025403784,1.
      ,0.866025403784,1.,0.866025403784,1.,0.866025403784,1.
      ,0.866025403784,1.,0.866025403784,1.,0.866025403784,1.
      ,0.866025403784,1.,0.866025403784,1.,0.866025403784,1.
      ,0.866025403784,1.,0.866025403784,1.,0.866025403784,1.
      ,0.866025403784,1.,0.866025403784,1.,0.866025403784,1.
      ,0.866025403784,1.,0.866025403784,1.,0.866025403784,1.
      ,0.866025403784,1.,0.866025403784,1.,0.866025403784,1.
      ,0.866025403784,1.,0.866025403784,1.,0.866025403784,1.
      ,0.866025403784,1.,0.866025403784,1.,0.866025403784,1.
      ,0.866025403784,1.,0.866025403784,1.,0.866025403784,1.
      ,0.866025403784,1.,0.866025403784,1.,0.866025403784,1.
      ,0.866025403784,1.,0.866025403784,1.,0.866025403784,1.
      ,0.866025403784,1.,0.866025403784,1.,0.866025403784,1.
      ,0.866025403784,1.,0.866025403784,1.,0.866025403784,1.
      ,0.866025403784,1.,0.866025403784,1.,0.866025403784,1.
      ,0.866025403784,1.,0.866025403784,1.,0.866025403784,1.
      ,0.866025403784,1.,0.866025403784,1.,0.866025403784,1.
      ,0.866025403784,1.,0.866025403784,1.,0.866025403784,1.
      ,0.866025403784,1.,0.866025403784,1.,0.866025403784,1.
      ,0.866025403784,1.,0.866025403784,1.,0.866025403784,1.
      ,0.866025403784,1.,0.866025403784,1.,0.866025403784,1.
      ,0.866025403784,1.,0.866025403784,1.,0.866025403784,1.
      ,0.866025403784,1.,0.866025403784,1.,0.866025403784,1.
      ,0.866025403784,1.,0.866025403784,1.,0.866025403784,1.
      ,0.866025403784,1.,0.866025403784,1.,0.866025403784,1.
      ,0.866025403784,1.,0.866025403784,1.,0.866025403784,1.
      ,0.866025403784,1.,0.866025403784,1.,0.866025403784,1.
      ,0.866025403784,1.,0.866025403784,1.,0.866025403784,1.
      ,0.866025403784,1.,0.866025403784,1.,0.866025403784,1.
      ,0.866025403784,1.,0.866025403784,1.,0.866025403784,1.
      ,0.866025403784,1.,0.866025403784,1.,0.866025403784,1.
      ,0.866025403784,1.,0.866025403784,1.,0.866025403784,1.
      ,0.866025403784,1.,0.866025403784,1.,0.866025403784,1.
      ,0.866025403784,1.,0.866025403784,1.,0.866025403784,1.
      ,0.866025403784,1.,0.866025403784,1.,0.866025403784,1.
      ,0.866025403784,1.,0.866025403784,1.,0.866025403784,1.
      ,0.866025403784,1.,0.866025403784,1.,0.866025403784,1.
      ,0.866025403784,1.,0.866025403784,1.,0.866025403784,1.
      ,0.866025403784,1.,0.866025403784,1.,0.866025403784,1.
      ,0.866025403784,1.,0.866025403784,1.,0.866025403784,1.
      ,0.866025403784,1.,0.866025403784,1.,0.866025403784,1.
))) REPRESENTATION_ITEM('') SURFACE() );
#5049 = CARTESIAN_POINT('',(-1.520632937499,0.,10.343750000682));
#5050 = CARTESIAN_POINT('',(-1.520632937499,0.877937835804,
    10.302083334016));
#5051 = CARTESIAN_POINT('',(-0.760316468749,1.316906753706,
    10.260416667349));
#5052 = CARTESIAN_POINT('',(-1.1E-16,1.755875671608,10.218750000682));
#5053 = CARTESIAN_POINT('',(0.760316468749,1.316906753706,
    10.177083334016));
#5054 = CARTESIAN_POINT('',(1.520632937499,0.877937835804,
    10.135416667349));
#5055 = CARTESIAN_POINT('',(1.520632937499,1.9E-16,10.093750000682));
#5056 = CARTESIAN_POINT('',(1.520632937499,-0.877937835804,
    10.052083334016));
#5057 = CARTESIAN_POINT('',(0.760316468749,-1.316906753706,
    10.010416667349));
#5058 = CARTESIAN_POINT('',(3.2E-16,-1.755875671608,9.968750000682));
#5059 = CARTESIAN_POINT('',(-0.760316468749,-1.316906753706,
    9.927083334016));
#5060 = CARTESIAN_POINT('',(-1.520632937499,-0.877937835804,
    9.885416667349));
#5061 = CARTESIAN_POINT('',(-1.520632937499,0.,9.843750000682));
#5062 = CARTESIAN_POINT('',(-1.520632937499,0.877937835804,
    9.802083334016));
#5063 = CARTESIAN_POINT('',(-0.760316468749,1.316906753706,
    9.760416667349));
#5064 = CARTESIAN_POINT('',(-1.1E-16,1.755875671608,9.718750000682));
#5065 = CARTESIAN_POINT('',(0.760316468749,1.316906753706,9.677083334016
    ));
#5066 = CARTESIAN_POINT('',(1.520632937499,0.877937835804,9.635416667349
    ));
#5067 = CARTESIAN_POINT('',(1.520632937499,1.9E-16,9.593750000682));
#5068 = CARTESIAN_POINT('',(1.520632937499,-0.877937835804,
    9.552083334016));
#5069 = CARTESIAN_POINT('',(0.760316468749,-1.316906753706,
    9.510416667349));
#5070 = CARTESIAN_POINT('',(3.2E-16,-1.755875671608,9.468750000682));
#5071 = CARTESIAN_POINT('',(-0.760316468749,-1.316906753706,
    9.427083334016));
#5072 = CARTESIAN_POINT('',(-1.520632937499,-0.877937835804,
    9.385416667349));
#5073 = CARTESIAN_POINT('',(-1.520632937499,0.,9.343750000682));
#5074 = CARTESIAN_POINT('',(-1.520632937499,0.877937835804,
    9.302083334016));
#5075 = CARTESIAN_POINT('',(-0.760316468749,1.316906753706,
    9.260416667349));
#5076 = CARTESIAN_POINT('',(-1.1E-16,1.755875671608,9.218750000682));
#5077 = CARTESIAN_POINT('',(0.760316468749,1.316906753706,9.177083334016
    ));
#5078 = CARTESIAN_POINT('',(1.520632937499,0.877937835804,9.135416667349
    ));
#5079 = CARTESIAN_POINT('',(1.520632937499,1.9E-16,9.093750000682));
#5080 = CARTESIAN_POINT('',(1.520632937499,-0.877937835804,
    9.052083334016));
#5081 = CARTESIAN_POINT('',(0.760316468749,-1.316906753706,
    9.010416667349));
#5082 = CARTESIAN_POINT('',(3.2E-16,-1.755875671608,8.968750000682));
#5083 = CARTESIAN_POINT('',(-0.760316468749,-1.316906753706,
    8.927083334016));
#5084 = CARTESIAN_POINT('',(-1.520632937499,-0.877937835804,
    8.885416667349));
#5085 = CARTESIAN_POINT('',(-1.520632937499,0.,8.843750000682));
#5086 = CARTESIAN_POINT('',(-1.520632937499,0.877937835804,
    8.802083334016));
#5087 = CARTESIAN_POINT('',(-0.760316468749,1.316906753706,
    8.760416667349));
#5088 = CARTESIAN_POINT('',(-1.1E-16,1.755875671608,8.718750000682));
#5089 = CARTESIAN_POINT('',(0.760316468749,1.316906753706,8.677083334016
    ));
#5090 = CARTESIAN_POINT('',(1.520632937499,0.877937835804,8.635416667349
    ));
#5091 = CARTESIAN_POINT('',(1.520632937499,1.9E-16,8.593750000682));
#5092 = CARTESIAN_POINT('',(1.520632937499,-0.877937835804,
    8.552083334016));
#5093 = CARTESIAN_POINT('',(0.760316468749,-1.316906753706,
    8.510416667349));
#5094 = CARTESIAN_POINT('',(3.2E-16,-1.755875671608,8.468750000682));
#5095 = CARTESIAN_POINT('',(-0.760316468749,-1.316906753706,
    8.427083334016));
#5096 = CARTESIAN_POINT('',(-1.520632937499,-0.877937835804,
    8.385416667349));
#5097 = CARTESIAN_POINT('',(-1.520632937499,0.,8.343750000682));
#5098 = CARTESIAN_POINT('',(-1.520632937499,0.877937835804,
    8.302083334016));
#5099 = CARTESIAN_POINT('',(-0.760316468749,1.316906753706,
    8.260416667349));
#5100 = CARTESIAN_POINT('',(-1.1E-16,1.755875671608,8.218750000682));
#5101 = CARTESIAN_POINT('',(0.760316468749,1.316906753706,8.177083334016
    ));
#5102 = CARTESIAN_POINT('',(1.520632937499,0.877937835804,8.135416667349
    ));
#5103 = CARTESIAN_POINT('',(1.520632937499,1.9E-16,8.093750000682));
#5104 = CARTESIAN_POINT('',(1.520632937499,-0.877937835804,
    8.052083334016));
#5105 = CARTESIAN_POINT('',(0.760316468749,-1.316906753706,
    8.010416667349));
#5106 = CARTESIAN_POINT('',(3.2E-16,-1.755875671608,7.968750000682));
#5107 = CARTESIAN_POINT('',(-0.760316468749,-1.316906753706,
    7.927083334016));
#5108 = CARTESIAN_POINT('',(-1.520632937499,-0.877937835804,
    7.885416667349));
#5109 = CARTESIAN_POINT('',(-1.520632937499,0.,7.843750000682));
#5110 = CARTESIAN_POINT('',(-1.520632937499,0.877937835804,
    7.802083334016));
#5111 = CARTESIAN_POINT('',(-0.760316468749,1.316906753706,
    7.760416667349));
#5112 = CARTESIAN_POINT('',(-1.1E-16,1.755875671608,7.718750000682));
#5113 = CARTESIAN_POINT('',(0.760316468749,1.316906753706,7.677083334016
    ));
#5114 = CARTESIAN_POINT('',(1.520632937499,0.877937835804,7.635416667349
    ));
#5115 = CARTESIAN_POINT('',(1.520632937499,1.9E-16,7.593750000682));
#5116 = CARTESIAN_POINT('',(1.520632937499,-0.877937835804,
    7.552083334016));
#5117 = CARTESIAN_POINT('',(0.760316468749,-1.316906753706,
    7.510416667349));
#5118 = CARTESIAN_POINT('',(3.2E-16,-1.755875671608,7.468750000682));
#5119 = CARTESIAN_POINT('',(-0.760316468749,-1.316906753706,
    7.427083334016));
#5120 = CARTESIAN_POINT('',(-1.520632937499,-0.877937835804,
    7.385416667349));
#5121 = CARTESIAN_POINT('',(-1.520632937499,0.,7.343750000682));
#5122 = CARTESIAN_POINT('',(-1.520632937499,0.877937835804,
    7.302083334016));
#5123 = CARTESIAN_POINT('',(-0.760316468749,1.316906753706,
    7.260416667349));
#5124 = CARTESIAN_POINT('',(-1.1E-16,1.755875671608,7.218750000682));
#5125 = CARTESIAN_POINT('',(0.760316468749,1.316906753706,7.177083334016
    ));
#5126 = CARTESIAN_POINT('',(1.520632937499,0.877937835804,7.135416667349
    ));
#5127 = CARTESIAN_POINT('',(1.520632937499,1.9E-16,7.093750000682));
#5128 = CARTESIAN_POINT('',(1.520632937499,-0.877937835804,
    7.052083334016));
#5129 = CARTESIAN_POINT('',(0.760316468749,-1.316906753706,
    7.010416667349));
#5130 = CARTESIAN_POINT('',(3.2E-16,-1.755875671608,6.968750000682));
#5131 = CARTESIAN_POINT('',(-0.760316468749,-1.316906753706,
    6.927083334016));
#5132 = CARTESIAN_POINT('',(-1.520632937499,-0.877937835804,
    6.885416667349));
#5133 = CARTESIAN_POINT('',(-1.520632937499,0.,6.843750000682));
#5134 = CARTESIAN_POINT('',(-1.520632937499,0.877937835804,
    6.802083334016));
#5135 = CARTESIAN_POINT('',(-0.760316468749,1.316906753706,
    6.760416667349));
#5136 = CARTESIAN_POINT('',(-1.1E-16,1.755875671608,6.718750000682));
#5137 = CARTESIAN_POINT('',(0.760316468749,1.316906753706,6.677083334016
    ));
#5138 = CARTESIAN_POINT('',(1.520632937499,0.877937835804,6.635416667349
    ));
#5139 = CARTESIAN_POINT('',(1.520632937499,1.9E-16,6.593750000682));
#5140 = CARTESIAN_POINT('',(1.520632937499,-0.877937835804,
    6.552083334016));
#5141 = CARTESIAN_POINT('',(0.760316468749,-1.316906753706,
    6.510416667349));
#5142 = CARTESIAN_POINT('',(3.2E-16,-1.755875671608,6.468750000682));
#5143 = CARTESIAN_POINT('',(-0.760316468749,-1.316906753706,
    6.427083334016));
#5144 = CARTESIAN_POINT('',(-1.520632937499,-0.877937835804,
    6.385416667349));
#5145 = CARTESIAN_POINT('',(-1.520632937499,0.,6.343750000682));
#5146 = CARTESIAN_POINT('',(-1.520632937499,0.877937835804,
    6.302083334016));
#5147 = CARTESIAN_POINT('',(-0.760316468749,1.316906753706,
    6.260416667349));
#5148 = CARTESIAN_POINT('',(-1.1E-16,1.755875671608,6.218750000682));
#5149 = CARTESIAN_POINT('',(0.760316468749,1.316906753706,6.177083334016
    ));
#5150 = CARTESIAN_POINT('',(1.520632937499,0.877937835804,6.135416667349
    ));
#5151 = CARTESIAN_POINT('',(1.520632937499,1.9E-16,6.093750000682));
#5152 = CARTESIAN_POINT('',(1.520632937499,-0.877937835804,
    6.052083334016));
#5153 = CARTESIAN_POINT('',(0.760316468749,-1.316906753706,
    6.010416667349));
#5154 = CARTESIAN_POINT('',(3.2E-16,-1.755875671608,5.968750000682));
#5155 = CARTESIAN_POINT('',(-0.760316468749,-1.316906753706,
    5.927083334016));
#5156 = CARTESIAN_POINT('',(-1.520632937499,-0.877937835804,
    5.885416667349));
#5157 = CARTESIAN_POINT('',(-1.520632937499,0.,5.843750000682));
#5158 = CARTESIAN_POINT('',(-1.520632937499,0.877937835804,
    5.802083334016));
#5159 = CARTESIAN_POINT('',(-0.760316468749,1.316906753706,
    5.760416667349));
#5160 = CARTESIAN_POINT('',(-1.1E-16,1.755875671608,5.718750000682));
#5161 = CARTESIAN_POINT('',(0.760316468749,1.316906753706,5.677083334016
    ));
#5162 = CARTESIAN_POINT('',(1.520632937499,0.877937835804,5.635416667349
    ));
#5163 = CARTESIAN_POINT('',(1.520632937499,1.9E-16,5.593750000682));
#5164 = CARTESIAN_POINT('',(1.520632937499,-0.877937835804,
    5.552083334016));
#5165 = CARTESIAN_POINT('',(0.760316468749,-1.316906753706,
    5.510416667349));
#5166 = CARTESIAN_POINT('',(3.2E-16,-1.755875671608,5.468750000682));
#5167 = CARTESIAN_POINT('',(-0.760316468749,-1.316906753706,
    5.427083334016));
#5168 = CARTESIAN_POINT('',(-1.520632937499,-0.877937835804,
    5.385416667349));
#5169 = CARTESIAN_POINT('',(-1.520632937499,0.,5.343750000682));
#5170 = CARTESIAN_POINT('',(-1.520632937499,0.877937835804,
    5.302083334016));
#5171 = CARTESIAN_POINT('',(-0.760316468749,1.316906753706,
    5.260416667349));
#5172 = CARTESIAN_POINT('',(-1.1E-16,1.755875671608,5.218750000682));
#5173 = CARTESIAN_POINT('',(0.760316468749,1.316906753706,5.177083334016
    ));
#5174 = CARTESIAN_POINT('',(1.520632937499,0.877937835804,5.135416667349
    ));
#5175 = CARTESIAN_POINT('',(1.520632937499,1.9E-16,5.093750000682));
#5176 = CARTESIAN_POINT('',(1.520632937499,-0.877937835804,
    5.052083334016));
#5177 = CARTESIAN_POINT('',(0.760316468749,-1.316906753706,
    5.010416667349));
#5178 = CARTESIAN_POINT('',(3.2E-16,-1.755875671608,4.968750000682));
#5179 = CARTESIAN_POINT('',(-0.760316468749,-1.316906753706,
    4.927083334016));
#5180 = CARTESIAN_POINT('',(-1.520632937499,-0.877937835804,
    4.885416667349));
#5181 = CARTESIAN_POINT('',(-1.520632937499,0.,4.843750000682));
#5182 = CARTESIAN_POINT('',(-1.520632937499,0.877937835804,
    4.802083334016));
#5183 = CARTESIAN_POINT('',(-0.760316468749,1.316906753706,
    4.760416667349));
#5184 = CARTESIAN_POINT('',(-1.1E-16,1.755875671608,4.718750000682));
#5185 = CARTESIAN_POINT('',(0.760316468749,1.316906753706,4.677083334016
    ));
#5186 = CARTESIAN_POINT('',(1.520632937499,0.877937835804,4.635416667349
    ));
#5187 = CARTESIAN_POINT('',(1.520632937499,1.9E-16,4.593750000682));
#5188 = CARTESIAN_POINT('',(1.520632937499,-0.877937835804,
    4.552083334016));
#5189 = CARTESIAN_POINT('',(0.760316468749,-1.316906753706,
    4.510416667349));
#5190 = CARTESIAN_POINT('',(3.2E-16,-1.755875671608,4.468750000682));
#5191 = CARTESIAN_POINT('',(-0.760316468749,-1.316906753706,
    4.427083334016));
#5192 = CARTESIAN_POINT('',(-1.520632937499,-0.877937835804,
    4.385416667349));
#5193 = CARTESIAN_POINT('',(-1.520632937499,0.,4.343750000682));
#5194 = CARTESIAN_POINT('',(-1.520632937499,0.877937835804,
    4.302083334016));
#5195 = CARTESIAN_POINT('',(-0.760316468749,1.316906753706,
    4.260416667349));
#5196 = CARTESIAN_POINT('',(-1.1E-16,1.755875671608,4.218750000682));
#5197 = CARTESIAN_POINT('',(0.760316468749,1.316906753706,4.177083334016
    ));
#5198 = CARTESIAN_POINT('',(1.520632937499,0.877937835804,4.135416667349
    ));
#5199 = CARTESIAN_POINT('',(1.520632937499,1.9E-16,4.093750000682));
#5200 = CARTESIAN_POINT('',(1.520632937499,-0.877937835804,
    4.052083334016));
#5201 = CARTESIAN_POINT('',(0.760316468749,-1.316906753706,
    4.010416667349));
#5202 = CARTESIAN_POINT('',(3.2E-16,-1.755875671608,3.968750000682));
#5203 = CARTESIAN_POINT('',(-0.760316468749,-1.316906753706,
    3.927083334016));
#5204 = CARTESIAN_POINT('',(-1.520632937499,-0.877937835804,
    3.885416667349));
#5205 = CARTESIAN_POINT('',(-1.520632937499,0.,3.843750000682));
#5206 = CARTESIAN_POINT('',(-1.520632937499,0.877937835804,
    3.802083334016));
#5207 = CARTESIAN_POINT('',(-0.760316468749,1.316906753706,
    3.760416667349));
#5208 = CARTESIAN_POINT('',(-1.1E-16,1.755875671608,3.718750000682));
#5209 = CARTESIAN_POINT('',(0.760316468749,1.316906753706,3.677083334016
    ));
#5210 = CARTESIAN_POINT('',(1.520632937499,0.877937835804,3.635416667349
    ));
#5211 = CARTESIAN_POINT('',(1.520632937499,1.9E-16,3.593750000682));
#5212 = CARTESIAN_POINT('',(1.520632937499,-0.877937835804,
    3.552083334016));
#5213 = CARTESIAN_POINT('',(0.760316468749,-1.316906753706,
    3.510416667349));
#5214 = CARTESIAN_POINT('',(3.2E-16,-1.755875671608,3.468750000682));
#5215 = CARTESIAN_POINT('',(-0.760316468749,-1.316906753706,
    3.427083334016));
#5216 = CARTESIAN_POINT('',(-1.520632937499,-0.877937835804,
    3.385416667349));
#5217 = CARTESIAN_POINT('',(-1.520632937499,0.,3.343750000682));
#5218 = CARTESIAN_POINT('',(-1.520632937499,0.877937835804,
    3.302083334016));
#5219 = CARTESIAN_POINT('',(-0.760316468749,1.316906753706,
    3.260416667349));
#5220 = CARTESIAN_POINT('',(-1.1E-16,1.755875671608,3.218750000682));
#5221 = CARTESIAN_POINT('',(0.760316468749,1.316906753706,3.177083334016
    ));
#5222 = CARTESIAN_POINT('',(1.520632937499,0.877937835804,3.135416667349
    ));
#5223 = CARTESIAN_POINT('',(1.520632937499,1.9E-16,3.093750000682));
#5224 = CARTESIAN_POINT('',(1.520632937499,-0.877937835804,
    3.052083334016));
#5225 = CARTESIAN_POINT('',(0.760316468749,-1.316906753706,
    3.010416667349));
#5226 = CARTESIAN_POINT('',(3.2E-16,-1.755875671608,2.968750000682));
#5227 = CARTESIAN_POINT('',(-0.760316468749,-1.316906753706,
    2.927083334016));
#5228 = CARTESIAN_POINT('',(-1.520632937499,-0.877937835804,
    2.885416667349));
#5229 = CARTESIAN_POINT('',(-1.520632937499,0.,2.843750000682));
#5230 = CARTESIAN_POINT('',(-1.520632937499,0.877937835804,
    2.802083334016));
#5231 = CARTESIAN_POINT('',(-0.760316468749,1.316906753706,
    2.760416667349));
#5232 = CARTESIAN_POINT('',(-1.1E-16,1.755875671608,2.718750000682));
#5233 = CARTESIAN_POINT('',(0.760316468749,1.316906753706,2.677083334016
    ));
#5234 = CARTESIAN_POINT('',(1.520632937499,0.877937835804,2.635416667349
    ));
#5235 = CARTESIAN_POINT('',(1.520632937499,1.9E-16,2.593750000682));
#5236 = CARTESIAN_POINT('',(1.520632937499,-0.877937835804,
    2.552083334016));
#5237 = CARTESIAN_POINT('',(0.760316468749,-1.316906753706,
    2.510416667349));
#5238 = CARTESIAN_POINT('',(3.2E-16,-1.755875671608,2.468750000682));
#5239 = CARTESIAN_POINT('',(-0.760316468749,-1.316906753706,
    2.427083334016));
#5240 = CARTESIAN_POINT('',(-1.520632937499,-0.877937835804,
    2.385416667349));
#5241 = CARTESIAN_POINT('',(-1.520632937499,0.,2.343750000682));
#5242 = CARTESIAN_POINT('',(-1.520632937499,0.877937835804,
    2.302083334016));
#5243 = CARTESIAN_POINT('',(-0.760316468749,1.316906753706,
    2.260416667349));
#5244 = CARTESIAN_POINT('',(-1.1E-16,1.755875671608,2.218750000682));
#5245 = CARTESIAN_POINT('',(0.760316468749,1.316906753706,2.177083334016
    ));
#5246 = CARTESIAN_POINT('',(1.520632937499,0.877937835804,2.135416667349
    ));
#5247 = CARTESIAN_POINT('',(1.520632937499,1.9E-16,2.093750000682));
#5248 = CARTESIAN_POINT('',(1.520632937499,-0.877937835804,
    2.052083334016));
#5249 = CARTESIAN_POINT('',(0.760316468749,-1.316906753706,
    2.010416667349));
#5250 = CARTESIAN_POINT('',(3.2E-16,-1.755875671608,1.968750000682));
#5251 = CARTESIAN_POINT('',(-0.760316468749,-1.316906753706,
    1.927083334016));
#5252 = CARTESIAN_POINT('',(-1.520632937499,-0.877937835804,
    1.885416667349));
#5253 = CARTESIAN_POINT('',(-1.520632937499,0.,1.843750000682));
#5254 = CARTESIAN_POINT('',(-1.520632937499,0.877937835804,
    1.802083334016));
#5255 = CARTESIAN_POINT('',(-0.760316468749,1.316906753706,
    1.760416667349));
#5256 = CARTESIAN_POINT('',(-1.1E-16,1.755875671608,1.718750000682));
#5257 = CARTESIAN_POINT('',(0.760316468749,1.316906753706,1.677083334016
    ));
#5258 = CARTESIAN_POINT('',(1.520632937499,0.877937835804,1.635416667349
    ));
#5259 = CARTESIAN_POINT('',(1.520632937499,1.9E-16,1.593750000682));
#5260 = CARTESIAN_POINT('',(1.520632937499,-0.877937835804,
    1.552083334016));
#5261 = CARTESIAN_POINT('',(0.760316468749,-1.316906753706,
    1.510416667349));
#5262 = CARTESIAN_POINT('',(3.2E-16,-1.755875671608,1.468750000682));
#5263 = CARTESIAN_POINT('',(-0.760316468749,-1.316906753706,
    1.427083334016));
#5264 = CARTESIAN_POINT('',(-1.520632937499,-0.877937835804,
    1.385416667349));
#5265 = CARTESIAN_POINT('',(-1.520632937499,0.,1.343750000682));
#5266 = CARTESIAN_POINT('',(-1.520632937499,0.877937835804,
    1.302083334016));
#5267 = CARTESIAN_POINT('',(-0.760316468749,1.316906753706,
    1.260416667349));
#5268 = CARTESIAN_POINT('',(-1.1E-16,1.755875671608,1.218750000682));
#5269 = CARTESIAN_POINT('',(0.760316468749,1.316906753706,1.177083334016
    ));
#5270 = CARTESIAN_POINT('',(1.520632937499,0.877937835804,1.135416667349
    ));
#5271 = CARTESIAN_POINT('',(1.520632937499,1.9E-16,1.093750000682));
#5272 = CARTESIAN_POINT('',(1.520632937499,-0.877937835804,
    1.052083334016));
#5273 = CARTESIAN_POINT('',(0.760316468749,-1.316906753706,
    1.010416667349));
#5274 = CARTESIAN_POINT('',(3.2E-16,-1.755875671608,0.968750000682));
#5275 = CARTESIAN_POINT('',(-0.760316468749,-1.316906753706,
    0.927083334016));
#5276 = CARTESIAN_POINT('',(-1.520632937499,-0.877937835804,
    0.885416667349));
#5277 = CARTESIAN_POINT('',(-1.520632937499,0.,0.843750000682));
#5278 = CARTESIAN_POINT('',(-1.520632937499,0.877937835804,
    0.802083334016));
#5279 = CARTESIAN_POINT('',(-0.760316468749,1.316906753706,
    0.760416667349));
#5280 = CARTESIAN_POINT('',(-1.1E-16,1.755875671608,0.718750000682));
#5281 = CARTESIAN_POINT('',(0.760316468749,1.316906753706,0.677083334016
    ));
#5282 = CARTESIAN_POINT('',(1.520632937499,0.877937835804,0.635416667349
    ));
#5283 = CARTESIAN_POINT('',(1.520632937499,1.9E-16,0.593750000682));
#5284 = CARTESIAN_POINT('',(1.520632937499,-0.877937835804,
    0.552083334016));
#5285 = CARTESIAN_POINT('',(0.760316468749,-1.316906753706,
    0.510416667349));
#5286 = CARTESIAN_POINT('',(3.2E-16,-1.755875671608,0.468750000682));
#5287 = CARTESIAN_POINT('',(-0.760316468749,-1.316906753706,
    0.427083334016));
#5288 = CARTESIAN_POINT('',(-1.520632937499,-0.877937835804,
    0.385416667349));
#5289 = CARTESIAN_POINT('',(-1.520632937499,0.,0.343750000682));
#5290 = CARTESIAN_POINT('',(-1.520632937499,0.877937835804,
    0.302083334016));
#5291 = CARTESIAN_POINT('',(-0.760316468749,1.316906753706,
    0.260416667349));
#5292 = CARTESIAN_POINT('',(-1.1E-16,1.755875671608,0.218750000682));
#5293 = CARTESIAN_POINT('',(0.760316468749,1.316906753706,0.177083334016
    ));
#5294 = CARTESIAN_POINT('',(1.520632937499,0.877937835804,0.135416667349
    ));
#5295 = CARTESIAN_POINT('',(1.520632937499,1.9E-16,9.3750000682E-02));
#5296 = CARTESIAN_POINT('',(1.520632937499,-0.877937835804,
    5.2083334016E-02));
#5297 = CARTESIAN_POINT('',(0.760316468749,-1.316906753706,
    1.0416667349E-02));
#5298 = CARTESIAN_POINT('',(3.2E-16,-1.755875671608,-3.1249999317E-02));
#5299 = CARTESIAN_POINT('',(-0.760316468749,-1.316906753706,
    -7.2916665983E-02));
#5300 = CARTESIAN_POINT('',(-1.520632937499,-0.877937835804,
    -0.11458333265));
#5301 = CARTESIAN_POINT('',(-1.520632937499,0.,-0.156249999317));
#5302 = CARTESIAN_POINT('',(-1.520632937499,0.877937835804,
    -0.197916665983));
#5303 = CARTESIAN_POINT('',(-0.760316468749,1.316906753706,
    -0.23958333265));
#5304 = CARTESIAN_POINT('',(-1.1E-16,1.755875671608,-0.281249999317));
#5305 = CARTESIAN_POINT('',(0.760316468749,1.316906753706,
    -0.322916665983));
#5306 = CARTESIAN_POINT('',(1.520632937499,0.877937835804,-0.36458333265
    ));
#5307 = CARTESIAN_POINT('',(1.520632937499,1.9E-16,-0.406249999317));
#5308 = CARTESIAN_POINT('',(1.520632937499,-0.877937835804,
    -0.447916665983));
#5309 = CARTESIAN_POINT('',(0.760316468749,-1.316906753706,
    -0.48958333265));
#5310 = CARTESIAN_POINT('',(3.2E-16,-1.755875671608,-0.531249999317));
#5311 = CARTESIAN_POINT('',(-0.760316468749,-1.316906753706,
    -0.572916665983));
#5312 = CARTESIAN_POINT('',(-1.520632937499,-0.877937835804,
    -0.61458333265));
#5313 = CARTESIAN_POINT('',(-1.520632937499,0.,-0.656249999317));
#5314 = CARTESIAN_POINT('',(-1.520632937499,0.877937835804,
    -0.697916665983));
#5315 = CARTESIAN_POINT('',(-0.760316468749,1.316906753706,
    -0.73958333265));
#5316 = CARTESIAN_POINT('',(-1.1E-16,1.755875671608,-0.781249999317));
#5317 = CARTESIAN_POINT('',(0.760316468749,1.316906753706,
    -0.822916665983));
#5318 = CARTESIAN_POINT('',(1.520632937499,0.877937835804,-0.86458333265
    ));
#5319 = CARTESIAN_POINT('',(1.520632937499,1.9E-16,-0.906249999317));
#5320 = CARTESIAN_POINT('',(1.520632937499,-0.877937835804,
    -0.947916665983));
#5321 = CARTESIAN_POINT('',(0.760316468749,-1.316906753706,
    -0.98958333265));
#5322 = CARTESIAN_POINT('',(3.2E-16,-1.755875671608,-1.031249999317));
#5323 = CARTESIAN_POINT('',(-0.760316468749,-1.316906753706,
    -1.072916665983));
#5324 = CARTESIAN_POINT('',(-1.520632937499,-0.877937835804,
    -1.11458333265));
#5325 = CARTESIAN_POINT('',(-1.520632937499,0.,-1.156249999317));
#5326 = CARTESIAN_POINT('',(-1.520632937499,0.877937835804,
    -1.197916665983));
#5327 = CARTESIAN_POINT('',(-0.760316468749,1.316906753706,
    -1.23958333265));
#5328 = CARTESIAN_POINT('',(-1.1E-16,1.755875671608,-1.281249999317));
#5329 = CARTESIAN_POINT('',(0.760316468749,1.316906753706,
    -1.322916665983));
#5330 = CARTESIAN_POINT('',(1.520632937499,0.877937835804,-1.36458333265
    ));
#5331 = CARTESIAN_POINT('',(1.520632937499,1.9E-16,-1.406249999317));
#5332 = CARTESIAN_POINT('',(1.520632937499,-0.877937835804,
    -1.447916665983));
#5333 = CARTESIAN_POINT('',(0.760316468749,-1.316906753706,
    -1.48958333265));
#5334 = CARTESIAN_POINT('',(3.2E-16,-1.755875671608,-1.531249999317));
#5335 = CARTESIAN_POINT('',(-0.760316468749,-1.316906753706,
    -1.572916665983));
#5336 = CARTESIAN_POINT('',(-1.520632937499,-0.877937835804,
    -1.61458333265));
#5337 = CARTESIAN_POINT('',(-1.520632937499,0.,-1.656249999317));
#5338 = CARTESIAN_POINT('',(-1.520632937499,0.877937835804,
    -1.697916665983));
#5339 = CARTESIAN_POINT('',(-0.760316468749,1.316906753706,
    -1.73958333265));
#5340 = CARTESIAN_POINT('',(-1.1E-16,1.755875671608,-1.781249999317));
#5341 = CARTESIAN_POINT('',(0.760316468749,1.316906753706,
    -1.822916665983));
#5342 = CARTESIAN_POINT('',(1.520632937499,0.877937835804,-1.86458333265
    ));
#5343 = CARTESIAN_POINT('',(1.520632937499,1.9E-16,-1.906249999317));
#5344 = CARTESIAN_POINT('',(1.520632937499,-0.877937835804,
    -1.947916665983));
#5345 = CARTESIAN_POINT('',(0.760316468749,-1.316906753706,
    -1.98958333265));
#5346 = CARTESIAN_POINT('',(3.2E-16,-1.755875671608,-2.031249999317));
#5347 = CARTESIAN_POINT('',(-0.760316468749,-1.316906753706,
    -2.072916665983));
#5348 = CARTESIAN_POINT('',(-1.520632937499,-0.877937835804,
    -2.11458333265));
#5349 = CARTESIAN_POINT('',(-1.520632937499,0.,-2.156249999317));
#5350 = CARTESIAN_POINT('',(-1.520632937499,0.877937835804,
    -2.197916665983));
#5351 = CARTESIAN_POINT('',(-0.760316468749,1.316906753706,
    -2.23958333265));
#5352 = CARTESIAN_POINT('',(-1.1E-16,1.755875671608,-2.281249999317));
#5353 = CARTESIAN_POINT('',(0.760316468749,1.316906753706,
    -2.322916665983));
#5354 = CARTESIAN_POINT('',(1.520632937499,0.877937835804,-2.36458333265
    ));
#5355 = CARTESIAN_POINT('',(1.520632937499,1.9E-16,-2.406249999317));
#5356 = CARTESIAN_POINT('',(1.520632937499,-0.877937835804,
    -2.447916665983));
#5357 = CARTESIAN_POINT('',(0.760316468749,-1.316906753706,
    -2.48958333265));
#5358 = CARTESIAN_POINT('',(3.2E-16,-1.755875671608,-2.531249999317));
#5359 = CARTESIAN_POINT('',(-0.760316468749,-1.316906753706,
    -2.572916665983));
#5360 = CARTESIAN_POINT('',(-1.520632937499,-0.877937835804,
    -2.61458333265));
#5361 = CARTESIAN_POINT('',(-1.520632937499,0.,-2.656249999317));
#5362 = CARTESIAN_POINT('',(-1.520632937499,0.877937835804,
    -2.697916665983));
#5363 = CARTESIAN_POINT('',(-0.760316468749,1.316906753706,
    -2.73958333265));
#5364 = CARTESIAN_POINT('',(-1.1E-16,1.755875671608,-2.781249999317));
#5365 = CARTESIAN_POINT('',(0.760316468749,1.316906753706,
    -2.822916665983));
#5366 = CARTESIAN_POINT('',(1.520632937499,0.877937835804,-2.86458333265
    ));
#5367 = CARTESIAN_POINT('',(1.520632937499,1.9E-16,-2.906249999317));
#5368 = CARTESIAN_POINT('',(1.520632937499,-0.877937835804,
    -2.947916665983));
#5369 = CARTESIAN_POINT('',(0.760316468749,-1.316906753706,
    -2.98958333265));
#5370 = CARTESIAN_POINT('',(3.2E-16,-1.755875671608,-3.031249999317));
#5371 = CARTESIAN_POINT('',(-0.760316468749,-1.316906753706,
    -3.072916665983));
#5372 = CARTESIAN_POINT('',(-1.520632937499,-0.877937835804,
    -3.11458333265));
#5373 = CARTESIAN_POINT('',(-1.520632937499,0.,-3.156249999317));
#5374 = CARTESIAN_POINT('',(-1.520632937499,0.877937835804,
    -3.197916665983));
#5375 = CARTESIAN_POINT('',(-0.760316468749,1.316906753706,
    -3.23958333265));
#5376 = CARTESIAN_POINT('',(-1.1E-16,1.755875671608,-3.281249999317));
#5377 = CARTESIAN_POINT('',(0.760316468749,1.316906753706,
    -3.322916665983));
#5378 = CARTESIAN_POINT('',(1.520632937499,0.877937835804,-3.36458333265
    ));
#5379 = CARTESIAN_POINT('',(1.520632937499,1.9E-16,-3.406249999317));
#5380 = CARTESIAN_POINT('',(1.520632937499,-0.877937835804,
    -3.447916665983));
#5381 = CARTESIAN_POINT('',(0.760316468749,-1.316906753706,
    -3.48958333265));
#5382 = CARTESIAN_POINT('',(3.2E-16,-1.755875671608,-3.531249999317));
#5383 = CARTESIAN_POINT('',(-0.760316468749,-1.316906753706,
    -3.572916665983));
#5384 = CARTESIAN_POINT('',(-1.520632937499,-0.877937835804,
    -3.61458333265));
#5385 = CARTESIAN_POINT('',(-1.520632937499,0.,-3.656249999317));
#5386 = CARTESIAN_POINT('',(-1.520632937499,0.877937835804,
    -3.697916665983));
#5387 = CARTESIAN_POINT('',(-0.760316468749,1.316906753706,
    -3.73958333265));
#5388 = CARTESIAN_POINT('',(-1.1E-16,1.755875671608,-3.781249999317));
#5389 = CARTESIAN_POINT('',(0.760316468749,1.316906753706,
    -3.822916665983));
#5390 = CARTESIAN_POINT('',(1.520632937499,0.877937835804,-3.86458333265
    ));
#5391 = CARTESIAN_POINT('',(1.520632937499,1.9E-16,-3.906249999317));
#5392 = CARTESIAN_POINT('',(1.520632937499,-0.877937835804,
    -3.947916665983));
#5393 = CARTESIAN_POINT('',(0.760316468749,-1.316906753706,
    -3.98958333265));
#5394 = CARTESIAN_POINT('',(3.2E-16,-1.755875671608,-4.031249999317));
#5395 = CARTESIAN_POINT('',(-0.760316468749,-1.316906753706,
    -4.072916665983));
#5396 = CARTESIAN_POINT('',(-1.520632937499,-0.877937835804,
    -4.11458333265));
#5397 = CARTESIAN_POINT('',(-1.520632937499,0.,-4.156249999317));
#5398 = CARTESIAN_POINT('',(-1.520632937499,0.877937835804,
    -4.197916665983));
#5399 = CARTESIAN_POINT('',(-0.760316468749,1.316906753706,
    -4.23958333265));
#5400 = CARTESIAN_POINT('',(-1.1E-16,1.755875671608,-4.281249999317));
#5401 = CARTESIAN_POINT('',(0.760316468749,1.316906753706,
    -4.322916665983));
#5402 = CARTESIAN_POINT('',(1.520632937499,0.877937835804,-4.36458333265
    ));
#5403 = CARTESIAN_POINT('',(1.520632937499,1.9E-16,-4.406249999317));
#5404 = CARTESIAN_POINT('',(1.520632937499,-0.877937835804,
    -4.447916665983));
#5405 = CARTESIAN_POINT('',(0.760316468749,-1.316906753706,
    -4.48958333265));
#5406 = CARTESIAN_POINT('',(3.2E-16,-1.755875671608,-4.531249999317));
#5407 = CARTESIAN_POINT('',(-0.760316468749,-1.316906753706,
    -4.572916665983));
#5408 = CARTESIAN_POINT('',(-1.520632937499,-0.877937835804,
    -4.61458333265));
#5409 = CARTESIAN_POINT('',(-1.520632937499,0.,-4.656249999317));
#5410 = CARTESIAN_POINT('',(-1.520632937499,0.,10.281250000682));
#5411 = CARTESIAN_POINT('',(-1.520632937499,0.877937835804,
    10.239583334016));
#5412 = CARTESIAN_POINT('',(-0.760316468749,1.316906753706,
    10.197916667349));
#5413 = CARTESIAN_POINT('',(-1.1E-16,1.755875671608,10.156250000682));
#5414 = CARTESIAN_POINT('',(0.760316468749,1.316906753706,
    10.114583334016));
#5415 = CARTESIAN_POINT('',(1.520632937499,0.877937835804,
    10.072916667349));
#5416 = CARTESIAN_POINT('',(1.520632937499,1.9E-16,10.031250000682));
#5417 = CARTESIAN_POINT('',(1.520632937499,-0.877937835804,
    9.989583334016));
#5418 = CARTESIAN_POINT('',(0.760316468749,-1.316906753706,
    9.947916667349));
#5419 = CARTESIAN_POINT('',(3.2E-16,-1.755875671608,9.906250000682));
#5420 = CARTESIAN_POINT('',(-0.760316468749,-1.316906753706,
    9.864583334016));
#5421 = CARTESIAN_POINT('',(-1.520632937499,-0.877937835804,
    9.822916667349));
#5422 = CARTESIAN_POINT('',(-1.520632937499,0.,9.781250000682));
#5423 = CARTESIAN_POINT('',(-1.520632937499,0.877937835804,
    9.739583334016));
#5424 = CARTESIAN_POINT('',(-0.760316468749,1.316906753706,
    9.697916667349));
#5425 = CARTESIAN_POINT('',(-1.1E-16,1.755875671608,9.656250000682));
#5426 = CARTESIAN_POINT('',(0.760316468749,1.316906753706,9.614583334016
    ));
#5427 = CARTESIAN_POINT('',(1.520632937499,0.877937835804,9.572916667349
    ));
#5428 = CARTESIAN_POINT('',(1.520632937499,1.9E-16,9.531250000682));
#5429 = CARTESIAN_POINT('',(1.520632937499,-0.877937835804,
    9.489583334016));
#5430 = CARTESIAN_POINT('',(0.760316468749,-1.316906753706,
    9.447916667349));
#5431 = CARTESIAN_POINT('',(3.2E-16,-1.755875671608,9.406250000682));
#5432 = CARTESIAN_POINT('',(-0.760316468749,-1.316906753706,
    9.364583334016));
#5433 = CARTESIAN_POINT('',(-1.520632937499,-0.877937835804,
    9.322916667349));
#5434 = CARTESIAN_POINT('',(-1.520632937499,0.,9.281250000682));
#5435 = CARTESIAN_POINT('',(-1.520632937499,0.877937835804,
    9.239583334016));
#5436 = CARTESIAN_POINT('',(-0.760316468749,1.316906753706,
    9.197916667349));
#5437 = CARTESIAN_POINT('',(-1.1E-16,1.755875671608,9.156250000682));
#5438 = CARTESIAN_POINT('',(0.760316468749,1.316906753706,9.114583334016
    ));
#5439 = CARTESIAN_POINT('',(1.520632937499,0.877937835804,9.072916667349
    ));
#5440 = CARTESIAN_POINT('',(1.520632937499,1.9E-16,9.031250000682));
#5441 = CARTESIAN_POINT('',(1.520632937499,-0.877937835804,
    8.989583334016));
#5442 = CARTESIAN_POINT('',(0.760316468749,-1.316906753706,
    8.947916667349));
#5443 = CARTESIAN_POINT('',(3.2E-16,-1.755875671608,8.906250000682));
#5444 = CARTESIAN_POINT('',(-0.760316468749,-1.316906753706,
    8.864583334016));
#5445 = CARTESIAN_POINT('',(-1.520632937499,-0.877937835804,
    8.822916667349));
#5446 = CARTESIAN_POINT('',(-1.520632937499,0.,8.781250000682));
#5447 = CARTESIAN_POINT('',(-1.520632937499,0.877937835804,
    8.739583334016));
#5448 = CARTESIAN_POINT('',(-0.760316468749,1.316906753706,
    8.697916667349));
#5449 = CARTESIAN_POINT('',(-1.1E-16,1.755875671608,8.656250000682));
#5450 = CARTESIAN_POINT('',(0.760316468749,1.316906753706,8.614583334016
    ));
#5451 = CARTESIAN_POINT('',(1.520632937499,0.877937835804,8.572916667349
    ));
#5452 = CARTESIAN_POINT('',(1.520632937499,1.9E-16,8.531250000682));
#5453 = CARTESIAN_POINT('',(1.520632937499,-0.877937835804,
    8.489583334016));
#5454 = CARTESIAN_POINT('',(0.760316468749,-1.316906753706,
    8.447916667349));
#5455 = CARTESIAN_POINT('',(3.2E-16,-1.755875671608,8.406250000682));
#5456 = CARTESIAN_POINT('',(-0.760316468749,-1.316906753706,
    8.364583334016));
#5457 = CARTESIAN_POINT('',(-1.520632937499,-0.877937835804,
    8.322916667349));
#5458 = CARTESIAN_POINT('',(-1.520632937499,0.,8.281250000682));
#5459 = CARTESIAN_POINT('',(-1.520632937499,0.877937835804,
    8.239583334016));
#5460 = CARTESIAN_POINT('',(-0.760316468749,1.316906753706,
    8.197916667349));
#5461 = CARTESIAN_POINT('',(-1.1E-16,1.755875671608,8.156250000682));
#5462 = CARTESIAN_POINT('',(0.760316468749,1.316906753706,8.114583334016
    ));
#5463 = CARTESIAN_POINT('',(1.520632937499,0.877937835804,8.072916667349
    ));
#5464 = CARTESIAN_POINT('',(1.520632937499,1.9E-16,8.031250000682));
#5465 = CARTESIAN_POINT('',(1.520632937499,-0.877937835804,
    7.989583334016));
#5466 = CARTESIAN_POINT('',(0.760316468749,-1.316906753706,
    7.947916667349));
#5467 = CARTESIAN_POINT('',(3.2E-16,-1.755875671608,7.906250000682));
#5468 = CARTESIAN_POINT('',(-0.760316468749,-1.316906753706,
    7.864583334016));
#5469 = CARTESIAN_POINT('',(-1.520632937499,-0.877937835804,
    7.822916667349));
#5470 = CARTESIAN_POINT('',(-1.520632937499,0.,7.781250000682));
#5471 = CARTESIAN_POINT('',(-1.520632937499,0.877937835804,
    7.739583334016));
#5472 = CARTESIAN_POINT('',(-0.760316468749,1.316906753706,
    7.697916667349));
#5473 = CARTESIAN_POINT('',(-1.1E-16,1.755875671608,7.656250000682));
#5474 = CARTESIAN_POINT('',(0.760316468749,1.316906753706,7.614583334016
    ));
#5475 = CARTESIAN_POINT('',(1.520632937499,0.877937835804,7.572916667349
    ));
#5476 = CARTESIAN_POINT('',(1.520632937499,1.9E-16,7.531250000682));
#5477 = CARTESIAN_POINT('',(1.520632937499,-0.877937835804,
    7.489583334016));
#5478 = CARTESIAN_POINT('',(0.760316468749,-1.316906753706,
    7.447916667349));
#5479 = CARTESIAN_POINT('',(3.2E-16,-1.755875671608,7.406250000682));
#5480 = CARTESIAN_POINT('',(-0.760316468749,-1.316906753706,
    7.364583334016));
#5481 = CARTESIAN_POINT('',(-1.520632937499,-0.877937835804,
    7.322916667349));
#5482 = CARTESIAN_POINT('',(-1.520632937499,0.,7.281250000682));
#5483 = CARTESIAN_POINT('',(-1.520632937499,0.877937835804,
    7.239583334016));
#5484 = CARTESIAN_POINT('',(-0.760316468749,1.316906753706,
    7.197916667349));
#5485 = CARTESIAN_POINT('',(-1.1E-16,1.755875671608,7.156250000682));
#5486 = CARTESIAN_POINT('',(0.760316468749,1.316906753706,7.114583334016
    ));
#5487 = CARTESIAN_POINT('',(1.520632937499,0.877937835804,7.072916667349
    ));
#5488 = CARTESIAN_POINT('',(1.520632937499,1.9E-16,7.031250000682));
#5489 = CARTESIAN_POINT('',(1.520632937499,-0.877937835804,
    6.989583334016));
#5490 = CARTESIAN_POINT('',(0.760316468749,-1.316906753706,
    6.947916667349));
#5491 = CARTESIAN_POINT('',(3.2E-16,-1.755875671608,6.906250000682));
#5492 = CARTESIAN_POINT('',(-0.760316468749,-1.316906753706,
    6.864583334016));
#5493 = CARTESIAN_POINT('',(-1.520632937499,-0.877937835804,
    6.822916667349));
#5494 = CARTESIAN_POINT('',(-1.520632937499,0.,6.781250000682));
#5495 = CARTESIAN_POINT('',(-1.520632937499,0.877937835804,
    6.739583334016));
#5496 = CARTESIAN_POINT('',(-0.760316468749,1.316906753706,
    6.697916667349));
#5497 = CARTESIAN_POINT('',(-1.1E-16,1.755875671608,6.656250000682));
#5498 = CARTESIAN_POINT('',(0.760316468749,1.316906753706,6.614583334016
    ));
#5499 = CARTESIAN_POINT('',(1.520632937499,0.877937835804,6.572916667349
    ));
#5500 = CARTESIAN_POINT('',(1.520632937499,1.9E-16,6.531250000682));
#5501 = CARTESIAN_POINT('',(1.520632937499,-0.877937835804,
    6.489583334016));
#5502 = CARTESIAN_POINT('',(0.760316468749,-1.316906753706,
    6.447916667349));
#5503 = CARTESIAN_POINT('',(3.2E-16,-1.755875671608,6.406250000682));
#5504 = CARTESIAN_POINT('',(-0.760316468749,-1.316906753706,
    6.364583334016));
#5505 = CARTESIAN_POINT('',(-1.520632937499,-0.877937835804,
    6.322916667349));
#5506 = CARTESIAN_POINT('',(-1.520632937499,0.,6.281250000682));
#5507 = CARTESIAN_POINT('',(-1.520632937499,0.877937835804,
    6.239583334016));
#5508 = CARTESIAN_POINT('',(-0.760316468749,1.316906753706,
    6.197916667349));
#5509 = CARTESIAN_POINT('',(-1.1E-16,1.755875671608,6.156250000682));
#5510 = CARTESIAN_POINT('',(0.760316468749,1.316906753706,6.114583334016
    ));
#5511 = CARTESIAN_POINT('',(1.520632937499,0.877937835804,6.072916667349
    ));
#5512 = CARTESIAN_POINT('',(1.520632937499,1.9E-16,6.031250000682));
#5513 = CARTESIAN_POINT('',(1.520632937499,-0.877937835804,
    5.989583334016));
#5514 = CARTESIAN_POINT('',(0.760316468749,-1.316906753706,
    5.947916667349));
#5515 = CARTESIAN_POINT('',(3.2E-16,-1.755875671608,5.906250000682));
#5516 = CARTESIAN_POINT('',(-0.760316468749,-1.316906753706,
    5.864583334016));
#5517 = CARTESIAN_POINT('',(-1.520632937499,-0.877937835804,
    5.822916667349));
#5518 = CARTESIAN_POINT('',(-1.520632937499,0.,5.781250000682));
#5519 = CARTESIAN_POINT('',(-1.520632937499,0.877937835804,
    5.739583334016));
#5520 = CARTESIAN_POINT('',(-0.760316468749,1.316906753706,
    5.697916667349));
#5521 = CARTESIAN_POINT('',(-1.1E-16,1.755875671608,5.656250000682));
#5522 = CARTESIAN_POINT('',(0.760316468749,1.316906753706,5.614583334016
    ));
#5523 = CARTESIAN_POINT('',(1.520632937499,0.877937835804,5.572916667349
    ));
#5524 = CARTESIAN_POINT('',(1.520632937499,1.9E-16,5.531250000682));
#5525 = CARTESIAN_POINT('',(1.520632937499,-0.877937835804,
    5.489583334016));
#5526 = CARTESIAN_POINT('',(0.760316468749,-1.316906753706,
    5.447916667349));
#5527 = CARTESIAN_POINT('',(3.2E-16,-1.755875671608,5.406250000682));
#5528 = CARTESIAN_POINT('',(-0.760316468749,-1.316906753706,
    5.364583334016));
#5529 = CARTESIAN_POINT('',(-1.520632937499,-0.877937835804,
    5.322916667349));
#5530 = CARTESIAN_POINT('',(-1.520632937499,0.,5.281250000682));
#5531 = CARTESIAN_POINT('',(-1.520632937499,0.877937835804,
    5.239583334016));
#5532 = CARTESIAN_POINT('',(-0.760316468749,1.316906753706,
    5.197916667349));
#5533 = CARTESIAN_POINT('',(-1.1E-16,1.755875671608,5.156250000682));
#5534 = CARTESIAN_POINT('',(0.760316468749,1.316906753706,5.114583334016
    ));
#5535 = CARTESIAN_POINT('',(1.520632937499,0.877937835804,5.072916667349
    ));
#5536 = CARTESIAN_POINT('',(1.520632937499,1.9E-16,5.031250000682));
#5537 = CARTESIAN_POINT('',(1.520632937499,-0.877937835804,
    4.989583334016));
#5538 = CARTESIAN_POINT('',(0.760316468749,-1.316906753706,
    4.947916667349));
#5539 = CARTESIAN_POINT('',(3.2E-16,-1.755875671608,4.906250000682));
#5540 = CARTESIAN_POINT('',(-0.760316468749,-1.316906753706,
    4.864583334016));
#5541 = CARTESIAN_POINT('',(-1.520632937499,-0.877937835804,
    4.822916667349));
#5542 = CARTESIAN_POINT('',(-1.520632937499,0.,4.781250000682));
#5543 = CARTESIAN_POINT('',(-1.520632937499,0.877937835804,
    4.739583334016));
#5544 = CARTESIAN_POINT('',(-0.760316468749,1.316906753706,
    4.697916667349));
#5545 = CARTESIAN_POINT('',(-1.1E-16,1.755875671608,4.656250000682));
#5546 = CARTESIAN_POINT('',(0.760316468749,1.316906753706,4.614583334016
    ));
#5547 = CARTESIAN_POINT('',(1.520632937499,0.877937835804,4.572916667349
    ));
#5548 = CARTESIAN_POINT('',(1.520632937499,1.9E-16,4.531250000682));
#5549 = CARTESIAN_POINT('',(1.520632937499,-0.877937835804,
    4.489583334016));
#5550 = CARTESIAN_POINT('',(0.760316468749,-1.316906753706,
    4.447916667349));
#5551 = CARTESIAN_POINT('',(3.2E-16,-1.755875671608,4.406250000682));
#5552 = CARTESIAN_POINT('',(-0.760316468749,-1.316906753706,
    4.364583334016));
#5553 = CARTESIAN_POINT('',(-1.520632937499,-0.877937835804,
    4.322916667349));
#5554 = CARTESIAN_POINT('',(-1.520632937499,0.,4.281250000682));
#5555 = CARTESIAN_POINT('',(-1.520632937499,0.877937835804,
    4.239583334016));
#5556 = CARTESIAN_POINT('',(-0.760316468749,1.316906753706,
    4.197916667349));
#5557 = CARTESIAN_POINT('',(-1.1E-16,1.755875671608,4.156250000682));
#5558 = CARTESIAN_POINT('',(0.760316468749,1.316906753706,4.114583334016
    ));
#5559 = CARTESIAN_POINT('',(1.520632937499,0.877937835804,4.072916667349
    ));
#5560 = CARTESIAN_POINT('',(1.520632937499,1.9E-16,4.031250000682));
#5561 = CARTESIAN_POINT('',(1.520632937499,-0.877937835804,
    3.989583334016));
#5562 = CARTESIAN_POINT('',(0.760316468749,-1.316906753706,
    3.947916667349));
#5563 = CARTESIAN_POINT('',(3.2E-16,-1.755875671608,3.906250000682));
#5564 = CARTESIAN_POINT('',(-0.760316468749,-1.316906753706,
    3.864583334016));
#5565 = CARTESIAN_POINT('',(-1.520632937499,-0.877937835804,
    3.822916667349));
#5566 = CARTESIAN_POINT('',(-1.520632937499,0.,3.781250000682));
#5567 = CARTESIAN_POINT('',(-1.520632937499,0.877937835804,
    3.739583334016));
#5568 = CARTESIAN_POINT('',(-0.760316468749,1.316906753706,
    3.697916667349));
#5569 = CARTESIAN_POINT('',(-1.1E-16,1.755875671608,3.656250000682));
#5570 = CARTESIAN_POINT('',(0.760316468749,1.316906753706,3.614583334016
    ));
#5571 = CARTESIAN_POINT('',(1.520632937499,0.877937835804,3.572916667349
    ));
#5572 = CARTESIAN_POINT('',(1.520632937499,1.9E-16,3.531250000682));
#5573 = CARTESIAN_POINT('',(1.520632937499,-0.877937835804,
    3.489583334016));
#5574 = CARTESIAN_POINT('',(0.760316468749,-1.316906753706,
    3.447916667349));
#5575 = CARTESIAN_POINT('',(3.2E-16,-1.755875671608,3.406250000682));
#5576 = CARTESIAN_POINT('',(-0.760316468749,-1.316906753706,
    3.364583334016));
#5577 = CARTESIAN_POINT('',(-1.520632937499,-0.877937835804,
    3.322916667349));
#5578 = CARTESIAN_POINT('',(-1.520632937499,0.,3.281250000682));
#5579 = CARTESIAN_POINT('',(-1.520632937499,0.877937835804,
    3.239583334016));
#5580 = CARTESIAN_POINT('',(-0.760316468749,1.316906753706,
    3.197916667349));
#5581 = CARTESIAN_POINT('',(-1.1E-16,1.755875671608,3.156250000682));
#5582 = CARTESIAN_POINT('',(0.760316468749,1.316906753706,3.114583334016
    ));
#5583 = CARTESIAN_POINT('',(1.520632937499,0.877937835804,3.072916667349
    ));
#5584 = CARTESIAN_POINT('',(1.520632937499,1.9E-16,3.031250000682));
#5585 = CARTESIAN_POINT('',(1.520632937499,-0.877937835804,
    2.989583334016));
#5586 = CARTESIAN_POINT('',(0.760316468749,-1.316906753706,
    2.947916667349));
#5587 = CARTESIAN_POINT('',(3.2E-16,-1.755875671608,2.906250000682));
#5588 = CARTESIAN_POINT('',(-0.760316468749,-1.316906753706,
    2.864583334016));
#5589 = CARTESIAN_POINT('',(-1.520632937499,-0.877937835804,
    2.822916667349));
#5590 = CARTESIAN_POINT('',(-1.520632937499,0.,2.781250000682));
#5591 = CARTESIAN_POINT('',(-1.520632937499,0.877937835804,
    2.739583334016));
#5592 = CARTESIAN_POINT('',(-0.760316468749,1.316906753706,
    2.697916667349));
#5593 = CARTESIAN_POINT('',(-1.1E-16,1.755875671608,2.656250000682));
#5594 = CARTESIAN_POINT('',(0.760316468749,1.316906753706,2.614583334016
    ));
#5595 = CARTESIAN_POINT('',(1.520632937499,0.877937835804,2.572916667349
    ));
#5596 = CARTESIAN_POINT('',(1.520632937499,1.9E-16,2.531250000682));
#5597 = CARTESIAN_POINT('',(1.520632937499,-0.877937835804,
    2.489583334016));
#5598 = CARTESIAN_POINT('',(0.760316468749,-1.316906753706,
    2.447916667349));
#5599 = CARTESIAN_POINT('',(3.2E-16,-1.755875671608,2.406250000682));
#5600 = CARTESIAN_POINT('',(-0.760316468749,-1.316906753706,
    2.364583334016));
#5601 = CARTESIAN_POINT('',(-1.520632937499,-0.877937835804,
    2.322916667349));
#5602 = CARTESIAN_POINT('',(-1.520632937499,0.,2.281250000682));
#5603 = CARTESIAN_POINT('',(-1.520632937499,0.877937835804,
    2.239583334016));
#5604 = CARTESIAN_POINT('',(-0.760316468749,1.316906753706,
    2.197916667349));
#5605 = CARTESIAN_POINT('',(-1.1E-16,1.755875671608,2.156250000682));
#5606 = CARTESIAN_POINT('',(0.760316468749,1.316906753706,2.114583334016
    ));
#5607 = CARTESIAN_POINT('',(1.520632937499,0.877937835804,2.072916667349
    ));
#5608 = CARTESIAN_POINT('',(1.520632937499,1.9E-16,2.031250000682));
#5609 = CARTESIAN_POINT('',(1.520632937499,-0.877937835804,
    1.989583334016));
#5610 = CARTESIAN_POINT('',(0.760316468749,-1.316906753706,
    1.947916667349));
#5611 = CARTESIAN_POINT('',(3.2E-16,-1.755875671608,1.906250000682));
#5612 = CARTESIAN_POINT('',(-0.760316468749,-1.316906753706,
    1.864583334016));
#5613 = CARTESIAN_POINT('',(-1.520632937499,-0.877937835804,
    1.822916667349));
#5614 = CARTESIAN_POINT('',(-1.520632937499,0.,1.781250000682));
#5615 = CARTESIAN_POINT('',(-1.520632937499,0.877937835804,
    1.739583334016));
#5616 = CARTESIAN_POINT('',(-0.760316468749,1.316906753706,
    1.697916667349));
#5617 = CARTESIAN_POINT('',(-1.1E-16,1.755875671608,1.656250000682));
#5618 = CARTESIAN_POINT('',(0.760316468749,1.316906753706,1.614583334016
    ));
#5619 = CARTESIAN_POINT('',(1.520632937499,0.877937835804,1.572916667349
    ));
#5620 = CARTESIAN_POINT('',(1.520632937499,1.9E-16,1.531250000682));
#5621 = CARTESIAN_POINT('',(1.520632937499,-0.877937835804,
    1.489583334016));
#5622 = CARTESIAN_POINT('',(0.760316468749,-1.316906753706,
    1.447916667349));
#5623 = CARTESIAN_POINT('',(3.2E-16,-1.755875671608,1.406250000682));
#5624 = CARTESIAN_POINT('',(-0.760316468749,-1.316906753706,
    1.364583334016));
#5625 = CARTESIAN_POINT('',(-1.520632937499,-0.877937835804,
    1.322916667349));
#5626 = CARTESIAN_POINT('',(-1.520632937499,0.,1.281250000682));
#5627 = CARTESIAN_POINT('',(-1.520632937499,0.877937835804,
    1.239583334016));
#5628 = CARTESIAN_POINT('',(-0.760316468749,1.316906753706,
    1.197916667349));
#5629 = CARTESIAN_POINT('',(-1.1E-16,1.755875671608,1.156250000682));
#5630 = CARTESIAN_POINT('',(0.760316468749,1.316906753706,1.114583334016
    ));
#5631 = CARTESIAN_POINT('',(1.520632937499,0.877937835804,1.072916667349
    ));
#5632 = CARTESIAN_POINT('',(1.520632937499,1.9E-16,1.031250000682));
#5633 = CARTESIAN_POINT('',(1.520632937499,-0.877937835804,
    0.989583334016));
#5634 = CARTESIAN_POINT('',(0.760316468749,-1.316906753706,
    0.947916667349));
#5635 = CARTESIAN_POINT('',(3.2E-16,-1.755875671608,0.906250000682));
#5636 = CARTESIAN_POINT('',(-0.760316468749,-1.316906753706,
    0.864583334016));
#5637 = CARTESIAN_POINT('',(-1.520632937499,-0.877937835804,
    0.822916667349));
#5638 = CARTESIAN_POINT('',(-1.520632937499,0.,0.781250000682));
#5639 = CARTESIAN_POINT('',(-1.520632937499,0.877937835804,
    0.739583334016));
#5640 = CARTESIAN_POINT('',(-0.760316468749,1.316906753706,
    0.697916667349));
#5641 = CARTESIAN_POINT('',(-1.1E-16,1.755875671608,0.656250000682));
#5642 = CARTESIAN_POINT('',(0.760316468749,1.316906753706,0.614583334016
    ));
#5643 = CARTESIAN_POINT('',(1.520632937499,0.877937835804,0.572916667349
    ));
#5644 = CARTESIAN_POINT('',(1.520632937499,1.9E-16,0.531250000682));
#5645 = CARTESIAN_POINT('',(1.520632937499,-0.877937835804,
    0.489583334016));
#5646 = CARTESIAN_POINT('',(0.760316468749,-1.316906753706,
    0.447916667349));
#5647 = CARTESIAN_POINT('',(3.2E-16,-1.755875671608,0.406250000682));
#5648 = CARTESIAN_POINT('',(-0.760316468749,-1.316906753706,
    0.364583334016));
#5649 = CARTESIAN_POINT('',(-1.520632937499,-0.877937835804,
    0.322916667349));
#5650 = CARTESIAN_POINT('',(-1.520632937499,0.,0.281250000682));
#5651 = CARTESIAN_POINT('',(-1.520632937499,0.877937835804,
    0.239583334016));
#5652 = CARTESIAN_POINT('',(-0.760316468749,1.316906753706,
    0.197916667349));
#5653 = CARTESIAN_POINT('',(-1.1E-16,1.755875671608,0.156250000682));
#5654 = CARTESIAN_POINT('',(0.760316468749,1.316906753706,0.114583334016
    ));
#5655 = CARTESIAN_POINT('',(1.520632937499,0.877937835804,
    7.2916667349E-02));
#5656 = CARTESIAN_POINT('',(1.520632937499,1.9E-16,3.1250000682E-02));
#5657 = CARTESIAN_POINT('',(1.520632937499,-0.877937835804,
    -1.0416665983E-02));
#5658 = CARTESIAN_POINT('',(0.760316468749,-1.316906753706,
    -5.208333265E-02));
#5659 = CARTESIAN_POINT('',(3.2E-16,-1.755875671608,-9.3749999317E-02));
#5660 = CARTESIAN_POINT('',(-0.760316468749,-1.316906753706,
    -0.135416665983));
#5661 = CARTESIAN_POINT('',(-1.520632937499,-0.877937835804,
    -0.17708333265));
#5662 = CARTESIAN_POINT('',(-1.520632937499,0.,-0.218749999317));
#5663 = CARTESIAN_POINT('',(-1.520632937499,0.877937835804,
    -0.260416665983));
#5664 = CARTESIAN_POINT('',(-0.760316468749,1.316906753706,
    -0.30208333265));
#5665 = CARTESIAN_POINT('',(-1.1E-16,1.755875671608,-0.343749999317));
#5666 = CARTESIAN_POINT('',(0.760316468749,1.316906753706,
    -0.385416665983));
#5667 = CARTESIAN_POINT('',(1.520632937499,0.877937835804,-0.42708333265
    ));
#5668 = CARTESIAN_POINT('',(1.520632937499,1.9E-16,-0.468749999317));
#5669 = CARTESIAN_POINT('',(1.520632937499,-0.877937835804,
    -0.510416665983));
#5670 = CARTESIAN_POINT('',(0.760316468749,-1.316906753706,
    -0.55208333265));
#5671 = CARTESIAN_POINT('',(3.2E-16,-1.755875671608,-0.593749999317));
#5672 = CARTESIAN_POINT('',(-0.760316468749,-1.316906753706,
    -0.635416665983));
#5673 = CARTESIAN_POINT('',(-1.520632937499,-0.877937835804,
    -0.67708333265));
#5674 = CARTESIAN_POINT('',(-1.520632937499,0.,-0.718749999317));
#5675 = CARTESIAN_POINT('',(-1.520632937499,0.877937835804,
    -0.760416665983));
#5676 = CARTESIAN_POINT('',(-0.760316468749,1.316906753706,
    -0.80208333265));
#5677 = CARTESIAN_POINT('',(-1.1E-16,1.755875671608,-0.843749999317));
#5678 = CARTESIAN_POINT('',(0.760316468749,1.316906753706,
    -0.885416665983));
#5679 = CARTESIAN_POINT('',(1.520632937499,0.877937835804,-0.92708333265
    ));
#5680 = CARTESIAN_POINT('',(1.520632937499,1.9E-16,-0.968749999317));
#5681 = CARTESIAN_POINT('',(1.520632937499,-0.877937835804,
    -1.010416665983));
#5682 = CARTESIAN_POINT('',(0.760316468749,-1.316906753706,
    -1.05208333265));
#5683 = CARTESIAN_POINT('',(3.2E-16,-1.755875671608,-1.093749999317));
#5684 = CARTESIAN_POINT('',(-0.760316468749,-1.316906753706,
    -1.135416665983));
#5685 = CARTESIAN_POINT('',(-1.520632937499,-0.877937835804,
    -1.17708333265));
#5686 = CARTESIAN_POINT('',(-1.520632937499,0.,-1.218749999317));
#5687 = CARTESIAN_POINT('',(-1.520632937499,0.877937835804,
    -1.260416665983));
#5688 = CARTESIAN_POINT('',(-0.760316468749,1.316906753706,
    -1.30208333265));
#5689 = CARTESIAN_POINT('',(-1.1E-16,1.755875671608,-1.343749999317));
#5690 = CARTESIAN_POINT('',(0.760316468749,1.316906753706,
    -1.385416665983));
#5691 = CARTESIAN_POINT('',(1.520632937499,0.877937835804,-1.42708333265
    ));
#5692 = CARTESIAN_POINT('',(1.520632937499,1.9E-16,-1.468749999317));
#5693 = CARTESIAN_POINT('',(1.520632937499,-0.877937835804,
    -1.510416665983));
#5694 = CARTESIAN_POINT('',(0.760316468749,-1.316906753706,
    -1.55208333265));
#5695 = CARTESIAN_POINT('',(3.2E-16,-1.755875671608,-1.593749999317));
#5696 = CARTESIAN_POINT('',(-0.760316468749,-1.316906753706,
    -1.635416665983));
#5697 = CARTESIAN_POINT('',(-1.520632937499,-0.877937835804,
    -1.67708333265));
#5698 = CARTESIAN_POINT('',(-1.520632937499,0.,-1.718749999317));
#5699 = CARTESIAN_POINT('',(-1.520632937499,0.877937835804,
    -1.760416665983));
#5700 = CARTESIAN_POINT('',(-0.760316468749,1.316906753706,
    -1.80208333265));
#5701 = CARTESIAN_POINT('',(-1.1E-16,1.755875671608,-1.843749999317));
#5702 = CARTESIAN_POINT('',(0.760316468749,1.316906753706,
    -1.885416665983));
#5703 = CARTESIAN_POINT('',(1.520632937499,0.877937835804,-1.92708333265
    ));
#5704 = CARTESIAN_POINT('',(1.520632937499,1.9E-16,-1.968749999317));
#5705 = CARTESIAN_POINT('',(1.520632937499,-0.877937835804,
    -2.010416665983));
#5706 = CARTESIAN_POINT('',(0.760316468749,-1.316906753706,
    -2.05208333265));
#5707 = CARTESIAN_POINT('',(3.2E-16,-1.755875671608,-2.093749999317));
#5708 = CARTESIAN_POINT('',(-0.760316468749,-1.316906753706,
    -2.135416665983));
#5709 = CARTESIAN_POINT('',(-1.520632937499,-0.877937835804,
    -2.17708333265));
#5710 = CARTESIAN_POINT('',(-1.520632937499,0.,-2.218749999317));
#5711 = CARTESIAN_POINT('',(-1.520632937499,0.877937835804,
    -2.260416665983));
#5712 = CARTESIAN_POINT('',(-0.760316468749,1.316906753706,
    -2.30208333265));
#5713 = CARTESIAN_POINT('',(-1.1E-16,1.755875671608,-2.343749999317));
#5714 = CARTESIAN_POINT('',(0.760316468749,1.316906753706,
    -2.385416665983));
#5715 = CARTESIAN_POINT('',(1.520632937499,0.877937835804,-2.42708333265
    ));
#5716 = CARTESIAN_POINT('',(1.520632937499,1.9E-16,-2.468749999317));
#5717 = CARTESIAN_POINT('',(1.520632937499,-0.877937835804,
    -2.510416665983));
#5718 = CARTESIAN_POINT('',(0.760316468749,-1.316906753706,
    -2.55208333265));
#5719 = CARTESIAN_POINT('',(3.2E-16,-1.755875671608,-2.593749999317));
#5720 = CARTESIAN_POINT('',(-0.760316468749,-1.316906753706,
    -2.635416665983));
#5721 = CARTESIAN_POINT('',(-1.520632937499,-0.877937835804,
    -2.67708333265));
#5722 = CARTESIAN_POINT('',(-1.520632937499,0.,-2.718749999317));
#5723 = CARTESIAN_POINT('',(-1.520632937499,0.877937835804,
    -2.760416665983));
#5724 = CARTESIAN_POINT('',(-0.760316468749,1.316906753706,
    -2.80208333265));
#5725 = CARTESIAN_POINT('',(-1.1E-16,1.755875671608,-2.843749999317));
#5726 = CARTESIAN_POINT('',(0.760316468749,1.316906753706,
    -2.885416665983));
#5727 = CARTESIAN_POINT('',(1.520632937499,0.877937835804,-2.92708333265
    ));
#5728 = CARTESIAN_POINT('',(1.520632937499,1.9E-16,-2.968749999317));
#5729 = CARTESIAN_POINT('',(1.520632937499,-0.877937835804,
    -3.010416665983));
#5730 = CARTESIAN_POINT('',(0.760316468749,-1.316906753706,
    -3.05208333265));
#5731 = CARTESIAN_POINT('',(3.2E-16,-1.755875671608,-3.093749999317));
#5732 = CARTESIAN_POINT('',(-0.760316468749,-1.316906753706,
    -3.135416665983));
#5733 = CARTESIAN_POINT('',(-1.520632937499,-0.877937835804,
    -3.17708333265));
#5734 = CARTESIAN_POINT('',(-1.520632937499,0.,-3.218749999317));
#5735 = CARTESIAN_POINT('',(-1.520632937499,0.877937835804,
    -3.260416665983));
#5736 = CARTESIAN_POINT('',(-0.760316468749,1.316906753706,
    -3.30208333265));
#5737 = CARTESIAN_POINT('',(-1.1E-16,1.755875671608,-3.343749999317));
#5738 = CARTESIAN_POINT('',(0.760316468749,1.316906753706,
    -3.385416665983));
#5739 = CARTESIAN_POINT('',(1.520632937499,0.877937835804,-3.42708333265
    ));
#5740 = CARTESIAN_POINT('',(1.520632937499,1.9E-16,-3.468749999317));
#5741 = CARTESIAN_POINT('',(1.520632937499,-0.877937835804,
    -3.510416665983));
#5742 = CARTESIAN_POINT('',(0.760316468749,-1.316906753706,
    -3.55208333265));
#5743 = CARTESIAN_POINT('',(3.2E-16,-1.755875671608,-3.593749999317));
#5744 = CARTESIAN_POINT('',(-0.760316468749,-1.316906753706,
    -3.635416665983));
#5745 = CARTESIAN_POINT('',(-1.520632937499,-0.877937835804,
    -3.67708333265));
#5746 = CARTESIAN_POINT('',(-1.520632937499,0.,-3.718749999317));
#5747 = CARTESIAN_POINT('',(-1.520632937499,0.877937835804,
    -3.760416665983));
#5748 = CARTESIAN_POINT('',(-0.760316468749,1.316906753706,
    -3.80208333265));
#5749 = CARTESIAN_POINT('',(-1.1E-16,1.755875671608,-3.843749999317));
#5750 = CARTESIAN_POINT('',(0.760316468749,1.316906753706,
    -3.885416665983));
#5751 = CARTESIAN_POINT('',(1.520632937499,0.877937835804,-3.92708333265
    ));
#5752 = CARTESIAN_POINT('',(1.520632937499,1.9E-16,-3.968749999317));
#5753 = CARTESIAN_POINT('',(1.520632937499,-0.877937835804,
    -4.010416665983));
#5754 = CARTESIAN_POINT('',(0.760316468749,-1.316906753706,
    -4.05208333265));
#5755 = CARTESIAN_POINT('',(3.2E-16,-1.755875671608,-4.093749999317));
#5756 = CARTESIAN_POINT('',(-0.760316468749,-1.316906753706,
    -4.135416665983));
#5757 = CARTESIAN_POINT('',(-1.520632937499,-0.877937835804,
    -4.17708333265));
#5758 = CARTESIAN_POINT('',(-1.520632937499,0.,-4.218749999317));
#5759 = CARTESIAN_POINT('',(-1.520632937499,0.877937835804,
    -4.260416665983));
#5760 = CARTESIAN_POINT('',(-0.760316468749,1.316906753706,
    -4.30208333265));
#5761 = CARTESIAN_POINT('',(-1.1E-16,1.755875671608,-4.343749999317));
#5762 = CARTESIAN_POINT('',(0.760316468749,1.316906753706,
    -4.385416665983));
#5763 = CARTESIAN_POINT('',(1.520632937499,0.877937835804,-4.42708333265
    ));
#5764 = CARTESIAN_POINT('',(1.520632937499,1.9E-16,-4.468749999317));
#5765 = CARTESIAN_POINT('',(1.520632937499,-0.877937835804,
    -4.510416665983));
#5766 = CARTESIAN_POINT('',(0.760316468749,-1.316906753706,
    -4.55208333265));
#5767 = CARTESIAN_POINT('',(3.2E-16,-1.755875671608,-4.593749999317));
#5768 = CARTESIAN_POINT('',(-0.760316468749,-1.316906753706,
    -4.635416665983));
#5769 = CARTESIAN_POINT('',(-1.520632937499,-0.877937835804,
    -4.67708333265));
#5770 = CARTESIAN_POINT('',(-1.520632937499,0.,-4.718749999317));
#5771 = ADVANCED_FACE('',(#5772),#6023,.T.);
#5772 = FACE_BOUND('',#5773,.T.);
#5773 = EDGE_LOOP('',(#5774,#5775,#5776,#5777,#5785,#5797,#5809,#5821,
    #5833,#5845,#5857,#5869,#5881,#5893,#5905,#5917,#5929,#5941,#5953,
    #5965,#5977,#5989,#6001,#6013));
#5774 = ORIENTED_EDGE('',*,*,#468,.F.);
#5775 = ORIENTED_EDGE('',*,*,#4774,.T.);
#5776 = ORIENTED_EDGE('',*,*,#3450,.T.);
#5777 = ORIENTED_EDGE('',*,*,#5778,.F.);
#5778 = EDGE_CURVE('',#5779,#3451,#5781,.T.);
#5779 = VERTEX_POINT('',#5780);
#5780 = CARTESIAN_POINT('',(-1.249999999999,0.,-1.));
#5781 = ( BOUNDED_CURVE() B_SPLINE_CURVE(2,(#5782,#5783,#5784),
.UNSPECIFIED.,.F.,.F.) B_SPLINE_CURVE_WITH_KNOTS((3,3),(0.766666666666,
0.768715176803),.PIECEWISE_BEZIER_KNOTS.) CURVE() 
GEOMETRIC_REPRESENTATION_ITEM() RATIONAL_B_SPLINE_CURVE((1.,
0.950599302679,0.937629823883)) REPRESENTATION_ITEM('') );
#5782 = CARTESIAN_POINT('',(-1.249999999999,0.,-1.));
#5783 = CARTESIAN_POINT('',(-1.249999999999,0.242433788624,
    -1.013996921312));
#5784 = CARTESIAN_POINT('',(-1.159370444595,0.467290244064,-1.03));
#5785 = ORIENTED_EDGE('',*,*,#5786,.F.);
#5786 = EDGE_CURVE('',#5787,#5779,#5789,.T.);
#5787 = VERTEX_POINT('',#5788);
#5788 = CARTESIAN_POINT('',(1.249999999999,0.,-0.75));
#5789 = ( BOUNDED_CURVE() B_SPLINE_CURVE(2,(#5790,#5791,#5792,#5793,
#5794,#5795,#5796),.UNSPECIFIED.,.F.,.F.) B_SPLINE_CURVE_WITH_KNOTS((3,2
    ,2,3),(0.75,0.755555555555,0.761111111111,0.766666666666),
.UNSPECIFIED.) CURVE() GEOMETRIC_REPRESENTATION_ITEM() 
RATIONAL_B_SPLINE_CURVE((1.,0.866025403784,1.,0.866025403784,1.,
0.866025403784,0.999999999999)) REPRESENTATION_ITEM('') );
#5790 = CARTESIAN_POINT('',(1.249999999999,1.5E-16,-0.75));
#5791 = CARTESIAN_POINT('',(1.249999999999,-0.721687836487,
    -0.791666666666));
#5792 = CARTESIAN_POINT('',(0.624999999999,-1.08253175473,
    -0.833333333333));
#5793 = CARTESIAN_POINT('',(2.7E-16,-1.443375672974,-0.875));
#5794 = CARTESIAN_POINT('',(-0.624999999999,-1.08253175473,
    -0.916666666666));
#5795 = CARTESIAN_POINT('',(-1.249999999999,-0.721687836487,
    -0.958333333333));
#5796 = CARTESIAN_POINT('',(-1.249999999999,0.,-1.));
#5797 = ORIENTED_EDGE('',*,*,#5798,.F.);
#5798 = EDGE_CURVE('',#5799,#5787,#5801,.T.);
#5799 = VERTEX_POINT('',#5800);
#5800 = CARTESIAN_POINT('',(-1.249999999999,0.,-0.5));
#5801 = ( BOUNDED_CURVE() B_SPLINE_CURVE(2,(#5802,#5803,#5804,#5805,
#5806,#5807,#5808),.UNSPECIFIED.,.F.,.F.) B_SPLINE_CURVE_WITH_KNOTS((3,2
    ,2,3),(0.733333333333,0.738888888888,0.744444444444,0.75),
.UNSPECIFIED.) CURVE() GEOMETRIC_REPRESENTATION_ITEM() 
RATIONAL_B_SPLINE_CURVE((1.,0.866025403784,1.,0.866025403784,1.,
0.866025403784,1.)) REPRESENTATION_ITEM('') );
#5802 = CARTESIAN_POINT('',(-1.249999999999,0.,-0.5));
#5803 = CARTESIAN_POINT('',(-1.249999999999,0.721687836487,
    -0.541666666666));
#5804 = CARTESIAN_POINT('',(-0.624999999999,1.08253175473,
    -0.583333333333));
#5805 = CARTESIAN_POINT('',(-9.E-17,1.443375672974,-0.625));
#5806 = CARTESIAN_POINT('',(0.624999999999,1.08253175473,-0.666666666666
    ));
#5807 = CARTESIAN_POINT('',(1.249999999999,0.721687836487,
    -0.708333333333));
#5808 = CARTESIAN_POINT('',(1.249999999999,1.5E-16,-0.75));
#5809 = ORIENTED_EDGE('',*,*,#5810,.F.);
#5810 = EDGE_CURVE('',#5811,#5799,#5813,.T.);
#5811 = VERTEX_POINT('',#5812);
#5812 = CARTESIAN_POINT('',(1.249999999999,0.,-0.25));
#5813 = ( BOUNDED_CURVE() B_SPLINE_CURVE(2,(#5814,#5815,#5816,#5817,
#5818,#5819,#5820),.UNSPECIFIED.,.F.,.F.) B_SPLINE_CURVE_WITH_KNOTS((3,2
    ,2,3),(0.716666666666,0.722222222222,0.727777777777,0.733333333333),
.UNSPECIFIED.) CURVE() GEOMETRIC_REPRESENTATION_ITEM() 
RATIONAL_B_SPLINE_CURVE((1.,0.866025403784,1.,0.866025403784,1.,
0.866025403784,1.)) REPRESENTATION_ITEM('') );
#5814 = CARTESIAN_POINT('',(1.249999999999,1.5E-16,-0.25));
#5815 = CARTESIAN_POINT('',(1.249999999999,-0.721687836487,
    -0.291666666666));
#5816 = CARTESIAN_POINT('',(0.624999999999,-1.08253175473,
    -0.333333333333));
#5817 = CARTESIAN_POINT('',(2.7E-16,-1.443375672974,-0.375));
#5818 = CARTESIAN_POINT('',(-0.624999999999,-1.08253175473,
    -0.416666666666));
#5819 = CARTESIAN_POINT('',(-1.249999999999,-0.721687836487,
    -0.458333333333));
#5820 = CARTESIAN_POINT('',(-1.249999999999,0.,-0.5));
#5821 = ORIENTED_EDGE('',*,*,#5822,.F.);
#5822 = EDGE_CURVE('',#5823,#5811,#5825,.T.);
#5823 = VERTEX_POINT('',#5824);
#5824 = CARTESIAN_POINT('',(-1.249999999999,0.,0.));
#5825 = ( BOUNDED_CURVE() B_SPLINE_CURVE(2,(#5826,#5827,#5828,#5829,
#5830,#5831,#5832),.UNSPECIFIED.,.F.,.F.) B_SPLINE_CURVE_WITH_KNOTS((3,2
    ,2,3),(0.699999999999,0.705555555555,0.711111111111,0.716666666666),
.UNSPECIFIED.) CURVE() GEOMETRIC_REPRESENTATION_ITEM() 
RATIONAL_B_SPLINE_CURVE((1.,0.866025403784,1.,0.866025403784,1.,
0.866025403784,0.999999999999)) REPRESENTATION_ITEM('') );
#5826 = CARTESIAN_POINT('',(-1.249999999999,0.,0.));
#5827 = CARTESIAN_POINT('',(-1.249999999999,0.721687836487,
    -4.1666666666E-02));
#5828 = CARTESIAN_POINT('',(-0.624999999999,1.08253175473,
    -8.3333333333E-02));
#5829 = CARTESIAN_POINT('',(-9.E-17,1.443375672974,-0.125));
#5830 = CARTESIAN_POINT('',(0.624999999999,1.08253175473,-0.166666666666
    ));
#5831 = CARTESIAN_POINT('',(1.249999999999,0.721687836487,
    -0.208333333333));
#5832 = CARTESIAN_POINT('',(1.249999999999,1.5E-16,-0.25));
#5833 = ORIENTED_EDGE('',*,*,#5834,.F.);
#5834 = EDGE_CURVE('',#5835,#5823,#5837,.T.);
#5835 = VERTEX_POINT('',#5836);
#5836 = CARTESIAN_POINT('',(1.249999999999,0.,0.249999999999));
#5837 = ( BOUNDED_CURVE() B_SPLINE_CURVE(2,(#5838,#5839,#5840,#5841,
#5842,#5843,#5844),.UNSPECIFIED.,.F.,.F.) B_SPLINE_CURVE_WITH_KNOTS((3,2
    ,2,3),(0.683333333333,0.688888888888,0.694444444444,0.699999999999),
.UNSPECIFIED.) CURVE() GEOMETRIC_REPRESENTATION_ITEM() 
RATIONAL_B_SPLINE_CURVE((1.,0.866025403784,1.,0.866025403784,1.,
0.866025403784,0.999999999999)) REPRESENTATION_ITEM('') );
#5838 = CARTESIAN_POINT('',(1.249999999999,1.5E-16,0.249999999999));
#5839 = CARTESIAN_POINT('',(1.249999999999,-0.721687836487,
    0.208333333333));
#5840 = CARTESIAN_POINT('',(0.624999999999,-1.08253175473,0.166666666666
    ));
#5841 = CARTESIAN_POINT('',(2.7E-16,-1.443375672974,0.125));
#5842 = CARTESIAN_POINT('',(-0.624999999999,-1.08253175473,
    8.3333333333E-02));
#5843 = CARTESIAN_POINT('',(-1.249999999999,-0.721687836487,
    4.1666666666E-02));
#5844 = CARTESIAN_POINT('',(-1.249999999999,0.,0.));
#5845 = ORIENTED_EDGE('',*,*,#5846,.F.);
#5846 = EDGE_CURVE('',#5847,#5835,#5849,.T.);
#5847 = VERTEX_POINT('',#5848);
#5848 = CARTESIAN_POINT('',(-1.249999999999,0.,0.499999999999));
#5849 = ( BOUNDED_CURVE() B_SPLINE_CURVE(2,(#5850,#5851,#5852,#5853,
#5854,#5855,#5856),.UNSPECIFIED.,.F.,.F.) B_SPLINE_CURVE_WITH_KNOTS((3,2
    ,2,3),(0.666666666666,0.672222222222,0.677777777777,0.683333333333),
.UNSPECIFIED.) CURVE() GEOMETRIC_REPRESENTATION_ITEM() 
RATIONAL_B_SPLINE_CURVE((1.,0.866025403784,1.,0.866025403784,1.,
0.866025403784,1.)) REPRESENTATION_ITEM('') );
#5850 = CARTESIAN_POINT('',(-1.249999999999,0.,0.499999999999));
#5851 = CARTESIAN_POINT('',(-1.249999999999,0.721687836487,
    0.458333333333));
#5852 = CARTESIAN_POINT('',(-0.624999999999,1.08253175473,0.416666666666
    ));
#5853 = CARTESIAN_POINT('',(-9.E-17,1.443375672974,0.374999999999));
#5854 = CARTESIAN_POINT('',(0.624999999999,1.08253175473,0.333333333333)
  );
#5855 = CARTESIAN_POINT('',(1.249999999999,0.721687836487,0.291666666666
    ));
#5856 = CARTESIAN_POINT('',(1.249999999999,1.5E-16,0.249999999999));
#5857 = ORIENTED_EDGE('',*,*,#5858,.F.);
#5858 = EDGE_CURVE('',#5859,#5847,#5861,.T.);
#5859 = VERTEX_POINT('',#5860);
#5860 = CARTESIAN_POINT('',(1.249999999999,0.,0.749999999999));
#5861 = ( BOUNDED_CURVE() B_SPLINE_CURVE(2,(#5862,#5863,#5864,#5865,
#5866,#5867,#5868),.UNSPECIFIED.,.F.,.F.) B_SPLINE_CURVE_WITH_KNOTS((3,2
    ,2,3),(0.65,0.655555555555,0.661111111111,0.666666666666),
.UNSPECIFIED.) CURVE() GEOMETRIC_REPRESENTATION_ITEM() 
RATIONAL_B_SPLINE_CURVE((1.,0.866025403784,1.,0.866025403784,1.,
0.866025403784,1.)) REPRESENTATION_ITEM('') );
#5862 = CARTESIAN_POINT('',(1.249999999999,1.5E-16,0.749999999999));
#5863 = CARTESIAN_POINT('',(1.249999999999,-0.721687836487,
    0.708333333333));
#5864 = CARTESIAN_POINT('',(0.624999999999,-1.08253175473,0.666666666666
    ));
#5865 = CARTESIAN_POINT('',(2.7E-16,-1.443375672974,0.624999999999));
#5866 = CARTESIAN_POINT('',(-0.624999999999,-1.08253175473,
    0.583333333333));
#5867 = CARTESIAN_POINT('',(-1.249999999999,-0.721687836487,
    0.541666666666));
#5868 = CARTESIAN_POINT('',(-1.249999999999,0.,0.499999999999));
#5869 = ORIENTED_EDGE('',*,*,#5870,.F.);
#5870 = EDGE_CURVE('',#5871,#5859,#5873,.T.);
#5871 = VERTEX_POINT('',#5872);
#5872 = CARTESIAN_POINT('',(-1.249999999999,0.,0.999999999999));
#5873 = ( BOUNDED_CURVE() B_SPLINE_CURVE(2,(#5874,#5875,#5876,#5877,
#5878,#5879,#5880),.UNSPECIFIED.,.F.,.F.) B_SPLINE_CURVE_WITH_KNOTS((3,2
    ,2,3),(0.633333333333,0.638888888888,0.644444444444,0.65),
.UNSPECIFIED.) CURVE() GEOMETRIC_REPRESENTATION_ITEM() 
RATIONAL_B_SPLINE_CURVE((1.,0.866025403784,1.,0.866025403784,1.,
0.866025403784,1.)) REPRESENTATION_ITEM('') );
#5874 = CARTESIAN_POINT('',(-1.249999999999,0.,0.999999999999));
#5875 = CARTESIAN_POINT('',(-1.249999999999,0.721687836487,
    0.958333333333));
#5876 = CARTESIAN_POINT('',(-0.624999999999,1.08253175473,0.916666666666
    ));
#5877 = CARTESIAN_POINT('',(-9.E-17,1.443375672974,0.874999999999));
#5878 = CARTESIAN_POINT('',(0.624999999999,1.08253175473,0.833333333333)
  );
#5879 = CARTESIAN_POINT('',(1.249999999999,0.721687836487,0.791666666666
    ));
#5880 = CARTESIAN_POINT('',(1.249999999999,1.5E-16,0.749999999999));
#5881 = ORIENTED_EDGE('',*,*,#5882,.F.);
#5882 = EDGE_CURVE('',#5883,#5871,#5885,.T.);
#5883 = VERTEX_POINT('',#5884);
#5884 = CARTESIAN_POINT('',(1.249999999999,0.,1.249999999999));
#5885 = ( BOUNDED_CURVE() B_SPLINE_CURVE(2,(#5886,#5887,#5888,#5889,
#5890,#5891,#5892),.UNSPECIFIED.,.F.,.F.) B_SPLINE_CURVE_WITH_KNOTS((3,2
    ,2,3),(0.616666666666,0.622222222222,0.627777777777,0.633333333333),
.UNSPECIFIED.) CURVE() GEOMETRIC_REPRESENTATION_ITEM() 
RATIONAL_B_SPLINE_CURVE((1.,0.866025403784,1.,0.866025403784,1.,
0.866025403784,1.)) REPRESENTATION_ITEM('') );
#5886 = CARTESIAN_POINT('',(1.249999999999,1.5E-16,1.249999999999));
#5887 = CARTESIAN_POINT('',(1.249999999999,-0.721687836487,
    1.208333333333));
#5888 = CARTESIAN_POINT('',(0.624999999999,-1.08253175473,1.166666666666
    ));
#5889 = CARTESIAN_POINT('',(2.7E-16,-1.443375672974,1.124999999999));
#5890 = CARTESIAN_POINT('',(-0.624999999999,-1.08253175473,
    1.083333333333));
#5891 = CARTESIAN_POINT('',(-1.249999999999,-0.721687836487,
    1.041666666666));
#5892 = CARTESIAN_POINT('',(-1.249999999999,0.,0.999999999999));
#5893 = ORIENTED_EDGE('',*,*,#5894,.F.);
#5894 = EDGE_CURVE('',#5895,#5883,#5897,.T.);
#5895 = VERTEX_POINT('',#5896);
#5896 = CARTESIAN_POINT('',(-1.249999999999,0.,1.499999999999));
#5897 = ( BOUNDED_CURVE() B_SPLINE_CURVE(2,(#5898,#5899,#5900,#5901,
#5902,#5903,#5904),.UNSPECIFIED.,.F.,.F.) B_SPLINE_CURVE_WITH_KNOTS((3,2
    ,2,3),(0.599999999999,0.605555555555,0.611111111111,0.616666666666),
.UNSPECIFIED.) CURVE() GEOMETRIC_REPRESENTATION_ITEM() 
RATIONAL_B_SPLINE_CURVE((1.,0.866025403784,1.,0.866025403784,1.,
0.866025403784,1.)) REPRESENTATION_ITEM('') );
#5898 = CARTESIAN_POINT('',(-1.249999999999,0.,1.499999999999));
#5899 = CARTESIAN_POINT('',(-1.249999999999,0.721687836487,
    1.458333333333));
#5900 = CARTESIAN_POINT('',(-0.624999999999,1.08253175473,1.416666666666
    ));
#5901 = CARTESIAN_POINT('',(-9.E-17,1.443375672974,1.374999999999));
#5902 = CARTESIAN_POINT('',(0.624999999999,1.08253175473,1.333333333333)
  );
#5903 = CARTESIAN_POINT('',(1.249999999999,0.721687836487,1.291666666666
    ));
#5904 = CARTESIAN_POINT('',(1.249999999999,1.5E-16,1.249999999999));
#5905 = ORIENTED_EDGE('',*,*,#5906,.F.);
#5906 = EDGE_CURVE('',#5907,#5895,#5909,.T.);
#5907 = VERTEX_POINT('',#5908);
#5908 = CARTESIAN_POINT('',(1.249999999999,0.,1.749999999999));
#5909 = ( BOUNDED_CURVE() B_SPLINE_CURVE(2,(#5910,#5911,#5912,#5913,
#5914,#5915,#5916),.UNSPECIFIED.,.F.,.F.) B_SPLINE_CURVE_WITH_KNOTS((3,2
    ,2,3),(0.583333333333,0.588888888888,0.594444444444,0.599999999999),
.UNSPECIFIED.) CURVE() GEOMETRIC_REPRESENTATION_ITEM() 
RATIONAL_B_SPLINE_CURVE((1.,0.866025403784,1.,0.866025403784,1.,
0.866025403784,1.)) REPRESENTATION_ITEM('') );
#5910 = CARTESIAN_POINT('',(1.249999999999,1.5E-16,1.749999999999));
#5911 = CARTESIAN_POINT('',(1.249999999999,-0.721687836487,
    1.708333333333));
#5912 = CARTESIAN_POINT('',(0.624999999999,-1.08253175473,1.666666666666
    ));
#5913 = CARTESIAN_POINT('',(2.7E-16,-1.443375672974,1.624999999999));
#5914 = CARTESIAN_POINT('',(-0.624999999999,-1.08253175473,
    1.583333333333));
#5915 = CARTESIAN_POINT('',(-1.249999999999,-0.721687836487,
    1.541666666666));
#5916 = CARTESIAN_POINT('',(-1.249999999999,0.,1.499999999999));
#5917 = ORIENTED_EDGE('',*,*,#5918,.F.);
#5918 = EDGE_CURVE('',#5919,#5907,#5921,.T.);
#5919 = VERTEX_POINT('',#5920);
#5920 = CARTESIAN_POINT('',(-1.249999999999,0.,2.));
#5921 = ( BOUNDED_CURVE() B_SPLINE_CURVE(2,(#5922,#5923,#5924,#5925,
#5926,#5927,#5928),.UNSPECIFIED.,.F.,.F.) B_SPLINE_CURVE_WITH_KNOTS((3,2
    ,2,3),(0.566666666666,0.572222222222,0.577777777777,0.583333333333),
.UNSPECIFIED.) CURVE() GEOMETRIC_REPRESENTATION_ITEM() 
RATIONAL_B_SPLINE_CURVE((1.,0.866025403784,1.,0.866025403784,1.,
0.866025403784,0.999999999999)) REPRESENTATION_ITEM('') );
#5922 = CARTESIAN_POINT('',(-1.249999999999,0.,2.));
#5923 = CARTESIAN_POINT('',(-1.249999999999,0.721687836487,
    1.958333333333));
#5924 = CARTESIAN_POINT('',(-0.624999999999,1.08253175473,1.916666666666
    ));
#5925 = CARTESIAN_POINT('',(-9.E-17,1.443375672974,1.875));
#5926 = CARTESIAN_POINT('',(0.624999999999,1.08253175473,1.833333333333)
  );
#5927 = CARTESIAN_POINT('',(1.249999999999,0.721687836487,1.791666666666
    ));
#5928 = CARTESIAN_POINT('',(1.249999999999,1.5E-16,1.749999999999));
#5929 = ORIENTED_EDGE('',*,*,#5930,.F.);
#5930 = EDGE_CURVE('',#5931,#5919,#5933,.T.);
#5931 = VERTEX_POINT('',#5932);
#5932 = CARTESIAN_POINT('',(1.249999999999,0.,2.249999999999));
#5933 = ( BOUNDED_CURVE() B_SPLINE_CURVE(2,(#5934,#5935,#5936,#5937,
#5938,#5939,#5940),.UNSPECIFIED.,.F.,.F.) B_SPLINE_CURVE_WITH_KNOTS((3,2
    ,2,3),(0.55,0.555555555555,0.561111111111,0.566666666666),
.UNSPECIFIED.) CURVE() GEOMETRIC_REPRESENTATION_ITEM() 
RATIONAL_B_SPLINE_CURVE((1.,0.866025403784,1.,0.866025403784,1.,
0.866025403784,0.999999999999)) REPRESENTATION_ITEM('') );
#5934 = CARTESIAN_POINT('',(1.249999999999,1.5E-16,2.249999999999));
#5935 = CARTESIAN_POINT('',(1.249999999999,-0.721687836487,
    2.208333333333));
#5936 = CARTESIAN_POINT('',(0.624999999999,-1.08253175473,2.166666666666
    ));
#5937 = CARTESIAN_POINT('',(2.7E-16,-1.443375672974,2.124999999999));
#5938 = CARTESIAN_POINT('',(-0.624999999999,-1.08253175473,
    2.083333333333));
#5939 = CARTESIAN_POINT('',(-1.249999999999,-0.721687836487,
    2.041666666666));
#5940 = CARTESIAN_POINT('',(-1.249999999999,0.,2.));
#5941 = ORIENTED_EDGE('',*,*,#5942,.F.);
#5942 = EDGE_CURVE('',#5943,#5931,#5945,.T.);
#5943 = VERTEX_POINT('',#5944);
#5944 = CARTESIAN_POINT('',(-1.249999999999,0.,2.499999999999));
#5945 = ( BOUNDED_CURVE() B_SPLINE_CURVE(2,(#5946,#5947,#5948,#5949,
#5950,#5951,#5952),.UNSPECIFIED.,.F.,.F.) B_SPLINE_CURVE_WITH_KNOTS((3,2
    ,2,3),(0.533333333333,0.538888888888,0.544444444444,0.55),
.UNSPECIFIED.) CURVE() GEOMETRIC_REPRESENTATION_ITEM() 
RATIONAL_B_SPLINE_CURVE((1.,0.866025403784,1.,0.866025403784,1.,
0.866025403784,1.)) REPRESENTATION_ITEM('') );
#5946 = CARTESIAN_POINT('',(-1.249999999999,0.,2.499999999999));
#5947 = CARTESIAN_POINT('',(-1.249999999999,0.721687836487,
    2.458333333333));
#5948 = CARTESIAN_POINT('',(-0.624999999999,1.08253175473,2.416666666666
    ));
#5949 = CARTESIAN_POINT('',(-9.E-17,1.443375672974,2.374999999999));
#5950 = CARTESIAN_POINT('',(0.624999999999,1.08253175473,2.333333333333)
  );
#5951 = CARTESIAN_POINT('',(1.249999999999,0.721687836487,2.291666666666
    ));
#5952 = CARTESIAN_POINT('',(1.249999999999,1.5E-16,2.249999999999));
#5953 = ORIENTED_EDGE('',*,*,#5954,.F.);
#5954 = EDGE_CURVE('',#5955,#5943,#5957,.T.);
#5955 = VERTEX_POINT('',#5956);
#5956 = CARTESIAN_POINT('',(1.249999999999,0.,2.749999999999));
#5957 = ( BOUNDED_CURVE() B_SPLINE_CURVE(2,(#5958,#5959,#5960,#5961,
#5962,#5963,#5964),.UNSPECIFIED.,.F.,.F.) B_SPLINE_CURVE_WITH_KNOTS((3,2
    ,2,3),(0.516666666666,0.522222222222,0.527777777777,0.533333333333),
.UNSPECIFIED.) CURVE() GEOMETRIC_REPRESENTATION_ITEM() 
RATIONAL_B_SPLINE_CURVE((1.,0.866025403784,1.,0.866025403784,1.,
0.866025403784,1.)) REPRESENTATION_ITEM('') );
#5958 = CARTESIAN_POINT('',(1.249999999999,1.5E-16,2.749999999999));
#5959 = CARTESIAN_POINT('',(1.249999999999,-0.721687836487,
    2.708333333333));
#5960 = CARTESIAN_POINT('',(0.624999999999,-1.08253175473,2.666666666666
    ));
#5961 = CARTESIAN_POINT('',(2.7E-16,-1.443375672974,2.624999999999));
#5962 = CARTESIAN_POINT('',(-0.624999999999,-1.08253175473,
    2.583333333333));
#5963 = CARTESIAN_POINT('',(-1.249999999999,-0.721687836487,
    2.541666666666));
#5964 = CARTESIAN_POINT('',(-1.249999999999,0.,2.499999999999));
#5965 = ORIENTED_EDGE('',*,*,#5966,.F.);
#5966 = EDGE_CURVE('',#5967,#5955,#5969,.T.);
#5967 = VERTEX_POINT('',#5968);
#5968 = CARTESIAN_POINT('',(-1.249999999999,0.,2.999999999999));
#5969 = ( BOUNDED_CURVE() B_SPLINE_CURVE(2,(#5970,#5971,#5972,#5973,
#5974,#5975,#5976),.UNSPECIFIED.,.F.,.F.) B_SPLINE_CURVE_WITH_KNOTS((3,2
    ,2,3),(0.5,0.505555555555,0.511111111111,0.516666666666),
.UNSPECIFIED.) CURVE() GEOMETRIC_REPRESENTATION_ITEM() 
RATIONAL_B_SPLINE_CURVE((1.,0.866025403784,1.,0.866025403784,1.,
0.866025403784,0.999999999999)) REPRESENTATION_ITEM('') );
#5970 = CARTESIAN_POINT('',(-1.249999999999,0.,2.999999999999));
#5971 = CARTESIAN_POINT('',(-1.249999999999,0.721687836487,
    2.958333333333));
#5972 = CARTESIAN_POINT('',(-0.624999999999,1.08253175473,2.916666666666
    ));
#5973 = CARTESIAN_POINT('',(-9.E-17,1.443375672974,2.874999999999));
#5974 = CARTESIAN_POINT('',(0.624999999999,1.08253175473,2.833333333333)
  );
#5975 = CARTESIAN_POINT('',(1.249999999999,0.721687836487,2.791666666666
    ));
#5976 = CARTESIAN_POINT('',(1.249999999999,1.5E-16,2.749999999999));
#5977 = ORIENTED_EDGE('',*,*,#5978,.F.);
#5978 = EDGE_CURVE('',#5979,#5967,#5981,.T.);
#5979 = VERTEX_POINT('',#5980);
#5980 = CARTESIAN_POINT('',(1.249999999999,0.,3.249999999999));
#5981 = ( BOUNDED_CURVE() B_SPLINE_CURVE(2,(#5982,#5983,#5984,#5985,
#5986,#5987,#5988),.UNSPECIFIED.,.F.,.F.) B_SPLINE_CURVE_WITH_KNOTS((3,2
    ,2,3),(0.483333333333,0.488888888888,0.494444444444,0.5),
.UNSPECIFIED.) CURVE() GEOMETRIC_REPRESENTATION_ITEM() 
RATIONAL_B_SPLINE_CURVE((1.,0.866025403784,1.,0.866025403784,1.,
0.866025403784,1.)) REPRESENTATION_ITEM('') );
#5982 = CARTESIAN_POINT('',(1.249999999999,1.5E-16,3.249999999999));
#5983 = CARTESIAN_POINT('',(1.249999999999,-0.721687836487,
    3.208333333333));
#5984 = CARTESIAN_POINT('',(0.624999999999,-1.08253175473,3.166666666666
    ));
#5985 = CARTESIAN_POINT('',(2.7E-16,-1.443375672974,3.124999999999));
#5986 = CARTESIAN_POINT('',(-0.624999999999,-1.08253175473,
    3.083333333333));
#5987 = CARTESIAN_POINT('',(-1.249999999999,-0.721687836487,
    3.041666666666));
#5988 = CARTESIAN_POINT('',(-1.249999999999,0.,2.999999999999));
#5989 = ORIENTED_EDGE('',*,*,#5990,.F.);
#5990 = EDGE_CURVE('',#5991,#5979,#5993,.T.);
#5991 = VERTEX_POINT('',#5992);
#5992 = CARTESIAN_POINT('',(-1.249999999999,0.,3.499999999999));
#5993 = ( BOUNDED_CURVE() B_SPLINE_CURVE(2,(#5994,#5995,#5996,#5997,
#5998,#5999,#6000),.UNSPECIFIED.,.F.,.F.) B_SPLINE_CURVE_WITH_KNOTS((3,2
    ,2,3),(0.466666666666,0.472222222222,0.477777777777,0.483333333333),
.UNSPECIFIED.) CURVE() GEOMETRIC_REPRESENTATION_ITEM() 
RATIONAL_B_SPLINE_CURVE((1.,0.866025403784,1.,0.866025403784,1.,
0.866025403784,0.999999999999)) REPRESENTATION_ITEM('') );
#5994 = CARTESIAN_POINT('',(-1.249999999999,0.,3.499999999999));
#5995 = CARTESIAN_POINT('',(-1.249999999999,0.721687836487,
    3.458333333333));
#5996 = CARTESIAN_POINT('',(-0.624999999999,1.08253175473,3.416666666666
    ));
#5997 = CARTESIAN_POINT('',(-9.E-17,1.443375672974,3.374999999999));
#5998 = CARTESIAN_POINT('',(0.624999999999,1.08253175473,3.333333333333)
  );
#5999 = CARTESIAN_POINT('',(1.249999999999,0.721687836487,3.291666666666
    ));
#6000 = CARTESIAN_POINT('',(1.249999999999,1.5E-16,3.249999999999));
#6001 = ORIENTED_EDGE('',*,*,#6002,.F.);
#6002 = EDGE_CURVE('',#6003,#5991,#6005,.T.);
#6003 = VERTEX_POINT('',#6004);
#6004 = CARTESIAN_POINT('',(1.249999999999,0.,3.749999999999));
#6005 = ( BOUNDED_CURVE() B_SPLINE_CURVE(2,(#6006,#6007,#6008,#6009,
#6010,#6011,#6012),.UNSPECIFIED.,.F.,.F.) B_SPLINE_CURVE_WITH_KNOTS((3,2
    ,2,3),(0.45,0.455555555555,0.461111111111,0.466666666666),
.UNSPECIFIED.) CURVE() GEOMETRIC_REPRESENTATION_ITEM() 
RATIONAL_B_SPLINE_CURVE((1.,0.866025403784,1.,0.866025403784,1.,
0.866025403784,1.)) REPRESENTATION_ITEM('') );
#6006 = CARTESIAN_POINT('',(1.249999999999,1.5E-16,3.749999999999));
#6007 = CARTESIAN_POINT('',(1.249999999999,-0.721687836487,
    3.708333333333));
#6008 = CARTESIAN_POINT('',(0.624999999999,-1.08253175473,3.666666666666
    ));
#6009 = CARTESIAN_POINT('',(2.7E-16,-1.443375672974,3.624999999999));
#6010 = CARTESIAN_POINT('',(-0.624999999999,-1.08253175473,
    3.583333333333));
#6011 = CARTESIAN_POINT('',(-1.249999999999,-0.721687836487,
    3.541666666666));
#6012 = CARTESIAN_POINT('',(-1.249999999999,0.,3.499999999999));
#6013 = ORIENTED_EDGE('',*,*,#6014,.F.);
#6014 = EDGE_CURVE('',#469,#6003,#6015,.T.);
#6015 = ( BOUNDED_CURVE() B_SPLINE_CURVE(2,(#6016,#6017,#6018,#6019,
#6020,#6021,#6022),.UNSPECIFIED.,.F.,.F.) B_SPLINE_CURVE_WITH_KNOTS((3,2
    ,2,3),(0.433333333333,0.438888888888,0.444444444444,0.45),
.UNSPECIFIED.) CURVE() GEOMETRIC_REPRESENTATION_ITEM() 
RATIONAL_B_SPLINE_CURVE((1.,0.866025403784,1.,0.866025403784,1.,
0.866025403784,1.)) REPRESENTATION_ITEM('') );
#6016 = CARTESIAN_POINT('',(-1.249999999999,0.,3.999999999999));
#6017 = CARTESIAN_POINT('',(-1.249999999999,0.721687836487,
    3.958333333333));
#6018 = CARTESIAN_POINT('',(-0.624999999999,1.08253175473,3.916666666666
    ));
#6019 = CARTESIAN_POINT('',(-9.E-17,1.443375672974,3.874999999999));
#6020 = CARTESIAN_POINT('',(0.624999999999,1.08253175473,3.833333333333)
  );
#6021 = CARTESIAN_POINT('',(1.249999999999,0.721687836487,3.791666666666
    ));
#6022 = CARTESIAN_POINT('',(1.249999999999,1.5E-16,3.749999999999));
#6023 = ( BOUNDED_SURFACE() B_SPLINE_SURFACE(1,2,(
    (#6024,#6025,#6026,#6027,#6028,#6029,#6030,#6031,#6032,#6033,#6034
      ,#6035,#6036,#6037,#6038,#6039,#6040,#6041,#6042,#6043,#6044,#6045
      ,#6046,#6047,#6048,#6049,#6050,#6051,#6052,#6053,#6054,#6055,#6056
      ,#6057,#6058,#6059,#6060,#6061,#6062,#6063,#6064,#6065,#6066,#6067
      ,#6068,#6069,#6070,#6071,#6072,#6073,#6074,#6075,#6076,#6077,#6078
      ,#6079,#6080,#6081,#6082,#6083,#6084,#6085,#6086,#6087,#6088,#6089
      ,#6090,#6091,#6092,#6093,#6094,#6095,#6096,#6097,#6098,#6099,#6100
      ,#6101,#6102,#6103,#6104,#6105,#6106,#6107,#6108,#6109,#6110,#6111
      ,#6112,#6113,#6114,#6115,#6116,#6117,#6118,#6119,#6120,#6121,#6122
      ,#6123,#6124,#6125,#6126,#6127,#6128,#6129,#6130,#6131,#6132,#6133
      ,#6134,#6135,#6136,#6137,#6138,#6139,#6140,#6141,#6142,#6143,#6144
      ,#6145,#6146,#6147,#6148,#6149,#6150,#6151,#6152,#6153,#6154,#6155
      ,#6156,#6157,#6158,#6159,#6160,#6161,#6162,#6163,#6164,#6165,#6166
      ,#6167,#6168,#6169,#6170,#6171,#6172,#6173,#6174,#6175,#6176,#6177
      ,#6178,#6179,#6180,#6181,#6182,#6183,#6184,#6185,#6186,#6187,#6188
      ,#6189,#6190,#6191,#6192,#6193,#6194,#6195,#6196,#6197,#6198,#6199
      ,#6200,#6201,#6202,#6203,#6204,#6205,#6206,#6207,#6208,#6209,#6210
      ,#6211,#6212,#6213,#6214,#6215,#6216,#6217,#6218,#6219,#6220,#6221
      ,#6222,#6223,#6224,#6225,#6226,#6227,#6228,#6229,#6230,#6231,#6232
      ,#6233,#6234,#6235,#6236,#6237,#6238,#6239,#6240,#6241,#6242,#6243
      ,#6244,#6245,#6246,#6247,#6248,#6249,#6250,#6251,#6252,#6253,#6254
      ,#6255,#6256,#6257,#6258,#6259,#6260,#6261,#6262,#6263,#6264,#6265
      ,#6266,#6267,#6268,#6269,#6270,#6271,#6272,#6273,#6274,#6275,#6276
      ,#6277,#6278,#6279,#6280,#6281,#6282,#6283,#6284,#6285,#6286,#6287
      ,#6288,#6289,#6290,#6291,#6292,#6293,#6294,#6295,#6296,#6297,#6298
      ,#6299,#6300,#6301,#6302,#6303,#6304,#6305,#6306,#6307,#6308,#6309
      ,#6310,#6311,#6312,#6313,#6314,#6315,#6316,#6317,#6318,#6319,#6320
      ,#6321,#6322,#6323,#6324,#6325,#6326,#6327,#6328,#6329,#6330,#6331
      ,#6332,#6333,#6334,#6335,#6336,#6337,#6338,#6339,#6340,#6341,#6342
      ,#6343,#6344,#6345,#6346,#6347,#6348,#6349,#6350,#6351,#6352,#6353
      ,#6354,#6355,#6356,#6357,#6358,#6359,#6360,#6361,#6362,#6363,#6364
      ,#6365,#6366,#6367,#6368,#6369,#6370,#6371,#6372,#6373,#6374,#6375
      ,#6376,#6377,#6378,#6379,#6380,#6381,#6382,#6383,#6384)
    ,(#6385,#6386,#6387,#6388,#6389,#6390,#6391,#6392,#6393,#6394,#6395
      ,#6396,#6397,#6398,#6399,#6400,#6401,#6402,#6403,#6404,#6405,#6406
      ,#6407,#6408,#6409,#6410,#6411,#6412,#6413,#6414,#6415,#6416,#6417
      ,#6418,#6419,#6420,#6421,#6422,#6423,#6424,#6425,#6426,#6427,#6428
      ,#6429,#6430,#6431,#6432,#6433,#6434,#6435,#6436,#6437,#6438,#6439
      ,#6440,#6441,#6442,#6443,#6444,#6445,#6446,#6447,#6448,#6449,#6450
      ,#6451,#6452,#6453,#6454,#6455,#6456,#6457,#6458,#6459,#6460,#6461
      ,#6462,#6463,#6464,#6465,#6466,#6467,#6468,#6469,#6470,#6471,#6472
      ,#6473,#6474,#6475,#6476,#6477,#6478,#6479,#6480,#6481,#6482,#6483
      ,#6484,#6485,#6486,#6487,#6488,#6489,#6490,#6491,#6492,#6493,#6494
      ,#6495,#6496,#6497,#6498,#6499,#6500,#6501,#6502,#6503,#6504,#6505
      ,#6506,#6507,#6508,#6509,#6510,#6511,#6512,#6513,#6514,#6515,#6516
      ,#6517,#6518,#6519,#6520,#6521,#6522,#6523,#6524,#6525,#6526,#6527
      ,#6528,#6529,#6530,#6531,#6532,#6533,#6534,#6535,#6536,#6537,#6538
      ,#6539,#6540,#6541,#6542,#6543,#6544,#6545,#6546,#6547,#6548,#6549
      ,#6550,#6551,#6552,#6553,#6554,#6555,#6556,#6557,#6558,#6559,#6560
      ,#6561,#6562,#6563,#6564,#6565,#6566,#6567,#6568,#6569,#6570,#6571
      ,#6572,#6573,#6574,#6575,#6576,#6577,#6578,#6579,#6580,#6581,#6582
      ,#6583,#6584,#6585,#6586,#6587,#6588,#6589,#6590,#6591,#6592,#6593
      ,#6594,#6595,#6596,#6597,#6598,#6599,#6600,#6601,#6602,#6603,#6604
      ,#6605,#6606,#6607,#6608,#6609,#6610,#6611,#6612,#6613,#6614,#6615
      ,#6616,#6617,#6618,#6619,#6620,#6621,#6622,#6623,#6624,#6625,#6626
      ,#6627,#6628,#6629,#6630,#6631,#6632,#6633,#6634,#6635,#6636,#6637
      ,#6638,#6639,#6640,#6641,#6642,#6643,#6644,#6645,#6646,#6647,#6648
      ,#6649,#6650,#6651,#6652,#6653,#6654,#6655,#6656,#6657,#6658,#6659
      ,#6660,#6661,#6662,#6663,#6664,#6665,#6666,#6667,#6668,#6669,#6670
      ,#6671,#6672,#6673,#6674,#6675,#6676,#6677,#6678,#6679,#6680,#6681
      ,#6682,#6683,#6684,#6685,#6686,#6687,#6688,#6689,#6690,#6691,#6692
      ,#6693,#6694,#6695,#6696,#6697,#6698,#6699,#6700,#6701,#6702,#6703
      ,#6704,#6705,#6706,#6707,#6708,#6709,#6710,#6711,#6712,#6713,#6714
      ,#6715,#6716,#6717,#6718,#6719,#6720,#6721,#6722,#6723,#6724,#6725
      ,#6726,#6727,#6728,#6729,#6730,#6731,#6732,#6733,#6734,#6735,#6736
      ,#6737,#6738,#6739,#6740,#6741,#6742,#6743,#6744,#6745
)),.UNSPECIFIED.,.F.,.F.,.F.) B_SPLINE_SURFACE_WITH_KNOTS((2,2),(3,2,2,2
    ,2,2,2,2,2,2,2,2,2,2,2,2,2,2,2,2,2,2,2,2,2,2,2,2,2,2,2,2,2,2,2,2,2,2
    ,2,2,2,2,2,2,2,2,2,2,2,2,2,2,2,2,2,2,2,2,2,2,2,2,2,2,2,2,2,2,2,2,2,2
    ,2,2,2,2,2,2,2,2,2,2,2,2,2,2,2,2,2,2,2,2,2,2,2,2,2,2,2,2,2,2,2,2,2,2
    ,2,2,2,2,2,2,2,2,2,2,2,2,2,2,2,2,2,2,2,2,2,2,2,2,2,2,2,2,2,2,2,2,2,2
    ,2,2,2,2,2,2,2,2,2,2,2,2,2,2,2,2,2,2,2,2,2,2,2,2,2,2,2,2,2,2,2,2,2,2
    ,2,2,2,2,2,2,3),(0.,1.),(0.,5.555555555E-03,1.1111111111E-02,
    1.6666666666E-02,2.2222222222E-02,2.7777777777E-02,3.3333333333E-02,
    3.8888888888E-02,4.4444444444E-02,5.E-02,5.5555555555E-02,
    6.1111111111E-02,6.6666666666E-02,7.2222222222E-02,7.7777777777E-02,
    8.3333333333E-02,8.8888888888E-02,9.4444444444E-02,0.1,
    0.105555555555,0.111111111111,0.116666666666,0.122222222222,
    0.127777777777,0.133333333333,0.138888888888,0.144444444444,
    0.149999999999,0.155555555555,0.161111111111,0.166666666666,
    0.172222222222,0.177777777777,0.183333333333,0.188888888888,
    0.194444444444,0.2,0.205555555555,0.211111111111,0.216666666666,
    0.222222222222,0.227777777777,0.233333333333,0.238888888888,
    0.244444444444,0.25,0.255555555555,0.261111111111,0.266666666666,
    0.272222222222,0.277777777777,0.283333333333,0.288888888888,
    0.294444444444,0.299999999999,0.305555555555,0.311111111111,
    0.316666666666,0.322222222222,0.327777777777,0.333333333333,
    0.338888888888,0.344444444444,0.349999999999,0.355555555555,
    0.361111111111,0.366666666666,0.372222222222,0.377777777777,
    0.383333333333,0.388888888888,0.394444444444,0.4,0.405555555555,
    0.411111111111,0.416666666666,0.422222222222,0.427777777777,
    0.433333333333,0.438888888888,0.444444444444,0.45,0.455555555555,
    0.461111111111,0.466666666666,0.472222222222,0.477777777777,
    0.483333333333,0.488888888888,0.494444444444,0.5,0.505555555555,
    0.511111111111,0.516666666666,0.522222222222,0.527777777777,
    0.533333333333,0.538888888888,0.544444444444,0.55,0.555555555555,
    0.561111111111,0.566666666666,0.572222222222,0.577777777777,
    0.583333333333,0.588888888888,0.594444444444,0.599999999999,
    0.605555555555,0.611111111111,0.616666666666,0.622222222222,
    0.627777777777,0.633333333333,0.638888888888,0.644444444444,0.65,
    0.655555555555,0.661111111111,0.666666666666,0.672222222222,
    0.677777777777,0.683333333333,0.688888888888,0.694444444444,
    0.699999999999,0.705555555555,0.711111111111,0.716666666666,
    0.722222222222,0.727777777777,0.733333333333,0.738888888888,
    0.744444444444,0.75,0.755555555555,0.761111111111,0.766666666666,
    0.772222222222,0.777777777777,0.783333333333,0.788888888888,
    0.794444444444,0.8,0.805555555555,0.811111111111,0.816666666666,
    0.822222222222,0.827777777777,0.833333333333,0.838888888888,
    0.844444444444,0.849999999999,0.855555555555,0.861111111111,
    0.866666666666,0.872222222222,0.877777777777,0.883333333333,
    0.888888888888,0.894444444444,0.9,0.905555555555,0.911111111111,
    0.916666666666,0.922222222222,0.927777777777,0.933333333333,
    0.938888888888,0.944444444444,0.949999999999,0.955555555555,
    0.961111111111,0.966666666666,0.972222222222,0.977777777777,
    0.983333333333,0.988888888888,0.994444444444,1.),.UNSPECIFIED.) 
GEOMETRIC_REPRESENTATION_ITEM() RATIONAL_B_SPLINE_SURFACE((
    (1.,0.866025403784,1.,0.866025403784,1.,0.866025403784,1.
      ,0.866025403784,1.,0.866025403784,1.,0.866025403784,1.
      ,0.866025403784,1.,0.866025403784,1.,0.866025403784,1.
      ,0.866025403784,1.,0.866025403784,1.,0.866025403784,1.
      ,0.866025403784,1.,0.866025403784,1.,0.866025403784,1.
      ,0.866025403784,1.,0.866025403784,1.,0.866025403784,1.
      ,0.866025403784,1.,0.866025403784,1.,0.866025403784,1.
      ,0.866025403784,1.,0.866025403784,1.,0.866025403784,1.
      ,0.866025403784,1.,0.866025403784,1.,0.866025403784,1.
      ,0.866025403784,1.,0.866025403784,1.,0.866025403784,1.
      ,0.866025403784,1.,0.866025403784,1.,0.866025403784,1.
      ,0.866025403784,1.,0.866025403784,1.,0.866025403784,1.
      ,0.866025403784,1.,0.866025403784,1.,0.866025403784,1.
      ,0.866025403784,1.,0.866025403784,1.,0.866025403784,1.
      ,0.866025403784,1.,0.866025403784,1.,0.866025403784,1.
      ,0.866025403784,1.,0.866025403784,1.,0.866025403784,1.
      ,0.866025403784,1.,0.866025403784,1.,0.866025403784,1.
      ,0.866025403784,1.,0.866025403784,1.,0.866025403784,1.
      ,0.866025403784,1.,0.866025403784,1.,0.866025403784,1.
      ,0.866025403784,1.,0.866025403784,1.,0.866025403784,1.
      ,0.866025403784,1.,0.866025403784,1.,0.866025403784,1.
      ,0.866025403784,1.,0.866025403784,1.,0.866025403784,1.
      ,0.866025403784,1.,0.866025403784,1.,0.866025403784,1.
      ,0.866025403784,1.,0.866025403784,1.,0.866025403784,1.
      ,0.866025403784,1.,0.866025403784,1.,0.866025403784,1.
      ,0.866025403784,1.,0.866025403784,1.,0.866025403784,1.
      ,0.866025403784,1.,0.866025403784,1.,0.866025403784,1.
      ,0.866025403784,1.,0.866025403784,1.,0.866025403784,1.
      ,0.866025403784,1.,0.866025403784,1.,0.866025403784,1.
      ,0.866025403784,1.,0.866025403784,1.,0.866025403784,1.
      ,0.866025403784,1.,0.866025403784,1.,0.866025403784,1.
      ,0.866025403784,1.,0.866025403784,1.,0.866025403784,1.
      ,0.866025403784,1.,0.866025403784,1.,0.866025403784,1.
      ,0.866025403784,1.,0.866025403784,1.,0.866025403784,1.
      ,0.866025403784,1.,0.866025403784,1.,0.866025403784,1.
      ,0.866025403784,1.,0.866025403784,1.,0.866025403784,1.
      ,0.866025403784,1.,0.866025403784,1.,0.866025403784,1.
      ,0.866025403784,1.,0.866025403784,1.,0.866025403784,1.
      ,0.866025403784,1.,0.866025403784,1.,0.866025403784,1.
      ,0.866025403784,1.,0.866025403784,1.,0.866025403784,1.
      ,0.866025403784,1.,0.866025403784,1.,0.866025403784,1.
      ,0.866025403784,1.,0.866025403784,1.,0.866025403784,1.
      ,0.866025403784,1.,0.866025403784,1.,0.866025403784,1.
      ,0.866025403784,1.,0.866025403784,1.,0.866025403784,1.
      ,0.866025403784,1.,0.866025403784,1.,0.866025403784,1.
      ,0.866025403784,1.,0.866025403784,1.,0.866025403784,1.
      ,0.866025403784,1.,0.866025403784,1.,0.866025403784,1.
      ,0.866025403784,1.,0.866025403784,1.,0.866025403784,1.
      ,0.866025403784,1.,0.866025403784,1.,0.866025403784,1.
      ,0.866025403784,1.,0.866025403784,1.,0.866025403784,1.
      ,0.866025403784,1.,0.866025403784,1.,0.866025403784,1.
      ,0.866025403784,1.,0.866025403784,1.,0.866025403784,1.
      ,0.866025403784,1.,0.866025403784,1.,0.866025403784,1.
      ,0.866025403784,1.,0.866025403784,1.,0.866025403784,1.
      ,0.866025403784,1.,0.866025403784,1.,0.866025403784,1.
      ,0.866025403784,1.,0.866025403784,1.,0.866025403784,1.
      ,0.866025403784,1.,0.866025403784,1.,0.866025403784,1.
      ,0.866025403784,1.,0.866025403784,1.,0.866025403784,1.
      ,0.866025403784,1.,0.866025403784,1.,0.866025403784,1.
      ,0.866025403784,1.,0.866025403784,1.,0.866025403784,1.)
    ,(1.,0.866025403784,1.,0.866025403784,1.,0.866025403784,1.
      ,0.866025403784,1.,0.866025403784,1.,0.866025403784,1.
      ,0.866025403784,1.,0.866025403784,1.,0.866025403784,1.
      ,0.866025403784,1.,0.866025403784,1.,0.866025403784,1.
      ,0.866025403784,1.,0.866025403784,1.,0.866025403784,1.
      ,0.866025403784,1.,0.866025403784,1.,0.866025403784,1.
      ,0.866025403784,1.,0.866025403784,1.,0.866025403784,1.
      ,0.866025403784,1.,0.866025403784,1.,0.866025403784,1.
      ,0.866025403784,1.,0.866025403784,1.,0.866025403784,1.
      ,0.866025403784,1.,0.866025403784,1.,0.866025403784,1.
      ,0.866025403784,1.,0.866025403784,1.,0.866025403784,1.
      ,0.866025403784,1.,0.866025403784,1.,0.866025403784,1.
      ,0.866025403784,1.,0.866025403784,1.,0.866025403784,1.
      ,0.866025403784,1.,0.866025403784,1.,0.866025403784,1.
      ,0.866025403784,1.,0.866025403784,1.,0.866025403784,1.
      ,0.866025403784,1.,0.866025403784,1.,0.866025403784,1.
      ,0.866025403784,1.,0.866025403784,1.,0.866025403784,1.
      ,0.866025403784,1.,0.866025403784,1.,0.866025403784,1.
      ,0.866025403784,1.,0.866025403784,1.,0.866025403784,1.
      ,0.866025403784,1.,0.866025403784,1.,0.866025403784,1.
      ,0.866025403784,1.,0.866025403784,1.,0.866025403784,1.
      ,0.866025403784,1.,0.866025403784,1.,0.866025403784,1.
      ,0.866025403784,1.,0.866025403784,1.,0.866025403784,1.
      ,0.866025403784,1.,0.866025403784,1.,0.866025403784,1.
      ,0.866025403784,1.,0.866025403784,1.,0.866025403784,1.
      ,0.866025403784,1.,0.866025403784,1.,0.866025403784,1.
      ,0.866025403784,1.,0.866025403784,1.,0.866025403784,1.
      ,0.866025403784,1.,0.866025403784,1.,0.866025403784,1.
      ,0.866025403784,1.,0.866025403784,1.,0.866025403784,1.
      ,0.866025403784,1.,0.866025403784,1.,0.866025403784,1.
      ,0.866025403784,1.,0.866025403784,1.,0.866025403784,1.
      ,0.866025403784,1.,0.866025403784,1.,0.866025403784,1.
      ,0.866025403784,1.,0.866025403784,1.,0.866025403784,1.
      ,0.866025403784,1.,0.866025403784,1.,0.866025403784,1.
      ,0.866025403784,1.,0.866025403784,1.,0.866025403784,1.
      ,0.866025403784,1.,0.866025403784,1.,0.866025403784,1.
      ,0.866025403784,1.,0.866025403784,1.,0.866025403784,1.
      ,0.866025403784,1.,0.866025403784,1.,0.866025403784,1.
      ,0.866025403784,1.,0.866025403784,1.,0.866025403784,1.
      ,0.866025403784,1.,0.866025403784,1.,0.866025403784,1.
      ,0.866025403784,1.,0.866025403784,1.,0.866025403784,1.
      ,0.866025403784,1.,0.866025403784,1.,0.866025403784,1.
      ,0.866025403784,1.,0.866025403784,1.,0.866025403784,1.
      ,0.866025403784,1.,0.866025403784,1.,0.866025403784,1.
      ,0.866025403784,1.,0.866025403784,1.,0.866025403784,1.
      ,0.866025403784,1.,0.866025403784,1.,0.866025403784,1.
      ,0.866025403784,1.,0.866025403784,1.,0.866025403784,1.
      ,0.866025403784,1.,0.866025403784,1.,0.866025403784,1.
      ,0.866025403784,1.,0.866025403784,1.,0.866025403784,1.
      ,0.866025403784,1.,0.866025403784,1.,0.866025403784,1.
      ,0.866025403784,1.,0.866025403784,1.,0.866025403784,1.
      ,0.866025403784,1.,0.866025403784,1.,0.866025403784,1.
      ,0.866025403784,1.,0.866025403784,1.,0.866025403784,1.
      ,0.866025403784,1.,0.866025403784,1.,0.866025403784,1.
      ,0.866025403784,1.,0.866025403784,1.,0.866025403784,1.
      ,0.866025403784,1.,0.866025403784,1.,0.866025403784,1.
      ,0.866025403784,1.,0.866025403784,1.,0.866025403784,1.
      ,0.866025403784,1.,0.866025403784,1.,0.866025403784,1.
      ,0.866025403784,1.,0.866025403784,1.,0.866025403784,1.
      ,0.866025403784,1.,0.866025403784,1.,0.866025403784,1.
))) REPRESENTATION_ITEM('') SURFACE() );
#6024 = CARTESIAN_POINT('',(-1.249999999999,0.,10.499999999999));
#6025 = CARTESIAN_POINT('',(-1.249999999999,0.721687836487,
    10.458333333333));
#6026 = CARTESIAN_POINT('',(-0.624999999999,1.08253175473,
    10.416666666666));
#6027 = CARTESIAN_POINT('',(-9.E-17,1.443375672974,10.374999999999));
#6028 = CARTESIAN_POINT('',(0.624999999999,1.08253175473,10.333333333333
    ));
#6029 = CARTESIAN_POINT('',(1.249999999999,0.721687836487,
    10.291666666666));
#6030 = CARTESIAN_POINT('',(1.249999999999,1.5E-16,10.249999999999));
#6031 = CARTESIAN_POINT('',(1.249999999999,-0.721687836487,
    10.208333333333));
#6032 = CARTESIAN_POINT('',(0.624999999999,-1.08253175473,
    10.166666666666));
#6033 = CARTESIAN_POINT('',(2.7E-16,-1.443375672974,10.124999999999));
#6034 = CARTESIAN_POINT('',(-0.624999999999,-1.08253175473,
    10.083333333333));
#6035 = CARTESIAN_POINT('',(-1.249999999999,-0.721687836487,
    10.041666666666));
#6036 = CARTESIAN_POINT('',(-1.249999999999,0.,9.999999999999));
#6037 = CARTESIAN_POINT('',(-1.249999999999,0.721687836487,
    9.958333333333));
#6038 = CARTESIAN_POINT('',(-0.624999999999,1.08253175473,9.916666666666
    ));
#6039 = CARTESIAN_POINT('',(-9.E-17,1.443375672974,9.874999999999));
#6040 = CARTESIAN_POINT('',(0.624999999999,1.08253175473,9.833333333333)
  );
#6041 = CARTESIAN_POINT('',(1.249999999999,0.721687836487,9.791666666666
    ));
#6042 = CARTESIAN_POINT('',(1.249999999999,1.5E-16,9.749999999999));
#6043 = CARTESIAN_POINT('',(1.249999999999,-0.721687836487,
    9.708333333333));
#6044 = CARTESIAN_POINT('',(0.624999999999,-1.08253175473,9.666666666666
    ));
#6045 = CARTESIAN_POINT('',(2.7E-16,-1.443375672974,9.624999999999));
#6046 = CARTESIAN_POINT('',(-0.624999999999,-1.08253175473,
    9.583333333333));
#6047 = CARTESIAN_POINT('',(-1.249999999999,-0.721687836487,
    9.541666666666));
#6048 = CARTESIAN_POINT('',(-1.249999999999,0.,9.499999999999));
#6049 = CARTESIAN_POINT('',(-1.249999999999,0.721687836487,
    9.458333333333));
#6050 = CARTESIAN_POINT('',(-0.624999999999,1.08253175473,9.416666666666
    ));
#6051 = CARTESIAN_POINT('',(-9.E-17,1.443375672974,9.375));
#6052 = CARTESIAN_POINT('',(0.624999999999,1.08253175473,9.333333333333)
  );
#6053 = CARTESIAN_POINT('',(1.249999999999,0.721687836487,9.291666666666
    ));
#6054 = CARTESIAN_POINT('',(1.249999999999,1.5E-16,9.25));
#6055 = CARTESIAN_POINT('',(1.249999999999,-0.721687836487,
    9.208333333333));
#6056 = CARTESIAN_POINT('',(0.624999999999,-1.08253175473,9.166666666666
    ));
#6057 = CARTESIAN_POINT('',(2.7E-16,-1.443375672974,9.124999999999));
#6058 = CARTESIAN_POINT('',(-0.624999999999,-1.08253175473,
    9.083333333333));
#6059 = CARTESIAN_POINT('',(-1.249999999999,-0.721687836487,
    9.041666666666));
#6060 = CARTESIAN_POINT('',(-1.249999999999,0.,9.));
#6061 = CARTESIAN_POINT('',(-1.249999999999,0.721687836487,
    8.958333333333));
#6062 = CARTESIAN_POINT('',(-0.624999999999,1.08253175473,8.916666666666
    ));
#6063 = CARTESIAN_POINT('',(-9.E-17,1.443375672974,8.875));
#6064 = CARTESIAN_POINT('',(0.624999999999,1.08253175473,8.833333333333)
  );
#6065 = CARTESIAN_POINT('',(1.249999999999,0.721687836487,8.791666666666
    ));
#6066 = CARTESIAN_POINT('',(1.249999999999,1.5E-16,8.749999999999));
#6067 = CARTESIAN_POINT('',(1.249999999999,-0.721687836487,
    8.708333333333));
#6068 = CARTESIAN_POINT('',(0.624999999999,-1.08253175473,8.666666666666
    ));
#6069 = CARTESIAN_POINT('',(2.7E-16,-1.443375672974,8.624999999999));
#6070 = CARTESIAN_POINT('',(-0.624999999999,-1.08253175473,
    8.583333333333));
#6071 = CARTESIAN_POINT('',(-1.249999999999,-0.721687836487,
    8.541666666666));
#6072 = CARTESIAN_POINT('',(-1.249999999999,0.,8.499999999999));
#6073 = CARTESIAN_POINT('',(-1.249999999999,0.721687836487,
    8.458333333333));
#6074 = CARTESIAN_POINT('',(-0.624999999999,1.08253175473,8.416666666666
    ));
#6075 = CARTESIAN_POINT('',(-9.E-17,1.443375672974,8.374999999999));
#6076 = CARTESIAN_POINT('',(0.624999999999,1.08253175473,8.333333333333)
  );
#6077 = CARTESIAN_POINT('',(1.249999999999,0.721687836487,8.291666666666
    ));
#6078 = CARTESIAN_POINT('',(1.249999999999,1.5E-16,8.249999999999));
#6079 = CARTESIAN_POINT('',(1.249999999999,-0.721687836487,
    8.208333333333));
#6080 = CARTESIAN_POINT('',(0.624999999999,-1.08253175473,8.166666666666
    ));
#6081 = CARTESIAN_POINT('',(2.7E-16,-1.443375672974,8.124999999999));
#6082 = CARTESIAN_POINT('',(-0.624999999999,-1.08253175473,
    8.083333333333));
#6083 = CARTESIAN_POINT('',(-1.249999999999,-0.721687836487,
    8.041666666666));
#6084 = CARTESIAN_POINT('',(-1.249999999999,0.,7.999999999999));
#6085 = CARTESIAN_POINT('',(-1.249999999999,0.721687836487,
    7.958333333333));
#6086 = CARTESIAN_POINT('',(-0.624999999999,1.08253175473,7.916666666666
    ));
#6087 = CARTESIAN_POINT('',(-9.E-17,1.443375672974,7.875));
#6088 = CARTESIAN_POINT('',(0.624999999999,1.08253175473,7.833333333333)
  );
#6089 = CARTESIAN_POINT('',(1.249999999999,0.721687836487,7.791666666666
    ));
#6090 = CARTESIAN_POINT('',(1.249999999999,1.5E-16,7.749999999999));
#6091 = CARTESIAN_POINT('',(1.249999999999,-0.721687836487,
    7.708333333333));
#6092 = CARTESIAN_POINT('',(0.624999999999,-1.08253175473,7.666666666666
    ));
#6093 = CARTESIAN_POINT('',(2.7E-16,-1.443375672974,7.624999999999));
#6094 = CARTESIAN_POINT('',(-0.624999999999,-1.08253175473,
    7.583333333333));
#6095 = CARTESIAN_POINT('',(-1.249999999999,-0.721687836487,
    7.541666666666));
#6096 = CARTESIAN_POINT('',(-1.249999999999,0.,7.499999999999));
#6097 = CARTESIAN_POINT('',(-1.249999999999,0.721687836487,
    7.458333333333));
#6098 = CARTESIAN_POINT('',(-0.624999999999,1.08253175473,7.416666666666
    ));
#6099 = CARTESIAN_POINT('',(-9.E-17,1.443375672974,7.375));
#6100 = CARTESIAN_POINT('',(0.624999999999,1.08253175473,7.333333333333)
  );
#6101 = CARTESIAN_POINT('',(1.249999999999,0.721687836487,7.291666666666
    ));
#6102 = CARTESIAN_POINT('',(1.249999999999,1.5E-16,7.249999999999));
#6103 = CARTESIAN_POINT('',(1.249999999999,-0.721687836487,
    7.208333333333));
#6104 = CARTESIAN_POINT('',(0.624999999999,-1.08253175473,7.166666666666
    ));
#6105 = CARTESIAN_POINT('',(2.7E-16,-1.443375672974,7.125));
#6106 = CARTESIAN_POINT('',(-0.624999999999,-1.08253175473,
    7.083333333333));
#6107 = CARTESIAN_POINT('',(-1.249999999999,-0.721687836487,
    7.041666666666));
#6108 = CARTESIAN_POINT('',(-1.249999999999,0.,6.999999999999));
#6109 = CARTESIAN_POINT('',(-1.249999999999,0.721687836487,
    6.958333333333));
#6110 = CARTESIAN_POINT('',(-0.624999999999,1.08253175473,6.916666666666
    ));
#6111 = CARTESIAN_POINT('',(-9.E-17,1.443375672974,6.875));
#6112 = CARTESIAN_POINT('',(0.624999999999,1.08253175473,6.833333333333)
  );
#6113 = CARTESIAN_POINT('',(1.249999999999,0.721687836487,6.791666666666
    ));
#6114 = CARTESIAN_POINT('',(1.249999999999,1.5E-16,6.749999999999));
#6115 = CARTESIAN_POINT('',(1.249999999999,-0.721687836487,
    6.708333333333));
#6116 = CARTESIAN_POINT('',(0.624999999999,-1.08253175473,6.666666666666
    ));
#6117 = CARTESIAN_POINT('',(2.7E-16,-1.443375672974,6.624999999999));
#6118 = CARTESIAN_POINT('',(-0.624999999999,-1.08253175473,
    6.583333333333));
#6119 = CARTESIAN_POINT('',(-1.249999999999,-0.721687836487,
    6.541666666666));
#6120 = CARTESIAN_POINT('',(-1.249999999999,0.,6.499999999999));
#6121 = CARTESIAN_POINT('',(-1.249999999999,0.721687836487,
    6.458333333333));
#6122 = CARTESIAN_POINT('',(-0.624999999999,1.08253175473,6.416666666666
    ));
#6123 = CARTESIAN_POINT('',(-9.E-17,1.443375672974,6.374999999999));
#6124 = CARTESIAN_POINT('',(0.624999999999,1.08253175473,6.333333333333)
  );
#6125 = CARTESIAN_POINT('',(1.249999999999,0.721687836487,6.291666666666
    ));
#6126 = CARTESIAN_POINT('',(1.249999999999,1.5E-16,6.249999999999));
#6127 = CARTESIAN_POINT('',(1.249999999999,-0.721687836487,
    6.208333333333));
#6128 = CARTESIAN_POINT('',(0.624999999999,-1.08253175473,6.166666666666
    ));
#6129 = CARTESIAN_POINT('',(2.7E-16,-1.443375672974,6.124999999999));
#6130 = CARTESIAN_POINT('',(-0.624999999999,-1.08253175473,
    6.083333333333));
#6131 = CARTESIAN_POINT('',(-1.249999999999,-0.721687836487,
    6.041666666666));
#6132 = CARTESIAN_POINT('',(-1.249999999999,0.,5.999999999999));
#6133 = CARTESIAN_POINT('',(-1.249999999999,0.721687836487,
    5.958333333333));
#6134 = CARTESIAN_POINT('',(-0.624999999999,1.08253175473,5.916666666666
    ));
#6135 = CARTESIAN_POINT('',(-9.E-17,1.443375672974,5.874999999999));
#6136 = CARTESIAN_POINT('',(0.624999999999,1.08253175473,5.833333333333)
  );
#6137 = CARTESIAN_POINT('',(1.249999999999,0.721687836487,5.791666666666
    ));
#6138 = CARTESIAN_POINT('',(1.249999999999,1.5E-16,5.749999999999));
#6139 = CARTESIAN_POINT('',(1.249999999999,-0.721687836487,
    5.708333333333));
#6140 = CARTESIAN_POINT('',(0.624999999999,-1.08253175473,5.666666666666
    ));
#6141 = CARTESIAN_POINT('',(2.7E-16,-1.443375672974,5.624999999999));
#6142 = CARTESIAN_POINT('',(-0.624999999999,-1.08253175473,
    5.583333333333));
#6143 = CARTESIAN_POINT('',(-1.249999999999,-0.721687836487,
    5.541666666666));
#6144 = CARTESIAN_POINT('',(-1.249999999999,0.,5.499999999999));
#6145 = CARTESIAN_POINT('',(-1.249999999999,0.721687836487,
    5.458333333333));
#6146 = CARTESIAN_POINT('',(-0.624999999999,1.08253175473,5.416666666666
    ));
#6147 = CARTESIAN_POINT('',(-9.E-17,1.443375672974,5.374999999999));
#6148 = CARTESIAN_POINT('',(0.624999999999,1.08253175473,5.333333333333)
  );
#6149 = CARTESIAN_POINT('',(1.249999999999,0.721687836487,5.291666666666
    ));
#6150 = CARTESIAN_POINT('',(1.249999999999,1.5E-16,5.249999999999));
#6151 = CARTESIAN_POINT('',(1.249999999999,-0.721687836487,
    5.208333333333));
#6152 = CARTESIAN_POINT('',(0.624999999999,-1.08253175473,5.166666666666
    ));
#6153 = CARTESIAN_POINT('',(2.7E-16,-1.443375672974,5.124999999999));
#6154 = CARTESIAN_POINT('',(-0.624999999999,-1.08253175473,
    5.083333333333));
#6155 = CARTESIAN_POINT('',(-1.249999999999,-0.721687836487,
    5.041666666666));
#6156 = CARTESIAN_POINT('',(-1.249999999999,0.,4.999999999999));
#6157 = CARTESIAN_POINT('',(-1.249999999999,0.721687836487,
    4.958333333333));
#6158 = CARTESIAN_POINT('',(-0.624999999999,1.08253175473,4.916666666666
    ));
#6159 = CARTESIAN_POINT('',(-9.E-17,1.443375672974,4.874999999999));
#6160 = CARTESIAN_POINT('',(0.624999999999,1.08253175473,4.833333333333)
  );
#6161 = CARTESIAN_POINT('',(1.249999999999,0.721687836487,4.791666666666
    ));
#6162 = CARTESIAN_POINT('',(1.249999999999,1.5E-16,4.749999999999));
#6163 = CARTESIAN_POINT('',(1.249999999999,-0.721687836487,
    4.708333333333));
#6164 = CARTESIAN_POINT('',(0.624999999999,-1.08253175473,4.666666666666
    ));
#6165 = CARTESIAN_POINT('',(2.7E-16,-1.443375672974,4.624999999999));
#6166 = CARTESIAN_POINT('',(-0.624999999999,-1.08253175473,
    4.583333333333));
#6167 = CARTESIAN_POINT('',(-1.249999999999,-0.721687836487,
    4.541666666666));
#6168 = CARTESIAN_POINT('',(-1.249999999999,0.,4.499999999999));
#6169 = CARTESIAN_POINT('',(-1.249999999999,0.721687836487,
    4.458333333333));
#6170 = CARTESIAN_POINT('',(-0.624999999999,1.08253175473,4.416666666666
    ));
#6171 = CARTESIAN_POINT('',(-9.E-17,1.443375672974,4.374999999999));
#6172 = CARTESIAN_POINT('',(0.624999999999,1.08253175473,4.333333333333)
  );
#6173 = CARTESIAN_POINT('',(1.249999999999,0.721687836487,4.291666666666
    ));
#6174 = CARTESIAN_POINT('',(1.249999999999,1.5E-16,4.249999999999));
#6175 = CARTESIAN_POINT('',(1.249999999999,-0.721687836487,
    4.208333333333));
#6176 = CARTESIAN_POINT('',(0.624999999999,-1.08253175473,4.166666666666
    ));
#6177 = CARTESIAN_POINT('',(2.7E-16,-1.443375672974,4.124999999999));
#6178 = CARTESIAN_POINT('',(-0.624999999999,-1.08253175473,
    4.083333333333));
#6179 = CARTESIAN_POINT('',(-1.249999999999,-0.721687836487,
    4.041666666666));
#6180 = CARTESIAN_POINT('',(-1.249999999999,0.,3.999999999999));
#6181 = CARTESIAN_POINT('',(-1.249999999999,0.721687836487,
    3.958333333333));
#6182 = CARTESIAN_POINT('',(-0.624999999999,1.08253175473,3.916666666666
    ));
#6183 = CARTESIAN_POINT('',(-9.E-17,1.443375672974,3.874999999999));
#6184 = CARTESIAN_POINT('',(0.624999999999,1.08253175473,3.833333333333)
  );
#6185 = CARTESIAN_POINT('',(1.249999999999,0.721687836487,3.791666666666
    ));
#6186 = CARTESIAN_POINT('',(1.249999999999,1.5E-16,3.749999999999));
#6187 = CARTESIAN_POINT('',(1.249999999999,-0.721687836487,
    3.708333333333));
#6188 = CARTESIAN_POINT('',(0.624999999999,-1.08253175473,3.666666666666
    ));
#6189 = CARTESIAN_POINT('',(2.7E-16,-1.443375672974,3.624999999999));
#6190 = CARTESIAN_POINT('',(-0.624999999999,-1.08253175473,
    3.583333333333));
#6191 = CARTESIAN_POINT('',(-1.249999999999,-0.721687836487,
    3.541666666666));
#6192 = CARTESIAN_POINT('',(-1.249999999999,0.,3.499999999999));
#6193 = CARTESIAN_POINT('',(-1.249999999999,0.721687836487,
    3.458333333333));
#6194 = CARTESIAN_POINT('',(-0.624999999999,1.08253175473,3.416666666666
    ));
#6195 = CARTESIAN_POINT('',(-9.E-17,1.443375672974,3.374999999999));
#6196 = CARTESIAN_POINT('',(0.624999999999,1.08253175473,3.333333333333)
  );
#6197 = CARTESIAN_POINT('',(1.249999999999,0.721687836487,3.291666666666
    ));
#6198 = CARTESIAN_POINT('',(1.249999999999,1.5E-16,3.249999999999));
#6199 = CARTESIAN_POINT('',(1.249999999999,-0.721687836487,
    3.208333333333));
#6200 = CARTESIAN_POINT('',(0.624999999999,-1.08253175473,3.166666666666
    ));
#6201 = CARTESIAN_POINT('',(2.7E-16,-1.443375672974,3.124999999999));
#6202 = CARTESIAN_POINT('',(-0.624999999999,-1.08253175473,
    3.083333333333));
#6203 = CARTESIAN_POINT('',(-1.249999999999,-0.721687836487,
    3.041666666666));
#6204 = CARTESIAN_POINT('',(-1.249999999999,0.,2.999999999999));
#6205 = CARTESIAN_POINT('',(-1.249999999999,0.721687836487,
    2.958333333333));
#6206 = CARTESIAN_POINT('',(-0.624999999999,1.08253175473,2.916666666666
    ));
#6207 = CARTESIAN_POINT('',(-9.E-17,1.443375672974,2.874999999999));
#6208 = CARTESIAN_POINT('',(0.624999999999,1.08253175473,2.833333333333)
  );
#6209 = CARTESIAN_POINT('',(1.249999999999,0.721687836487,2.791666666666
    ));
#6210 = CARTESIAN_POINT('',(1.249999999999,1.5E-16,2.749999999999));
#6211 = CARTESIAN_POINT('',(1.249999999999,-0.721687836487,
    2.708333333333));
#6212 = CARTESIAN_POINT('',(0.624999999999,-1.08253175473,2.666666666666
    ));
#6213 = CARTESIAN_POINT('',(2.7E-16,-1.443375672974,2.624999999999));
#6214 = CARTESIAN_POINT('',(-0.624999999999,-1.08253175473,
    2.583333333333));
#6215 = CARTESIAN_POINT('',(-1.249999999999,-0.721687836487,
    2.541666666666));
#6216 = CARTESIAN_POINT('',(-1.249999999999,0.,2.499999999999));
#6217 = CARTESIAN_POINT('',(-1.249999999999,0.721687836487,
    2.458333333333));
#6218 = CARTESIAN_POINT('',(-0.624999999999,1.08253175473,2.416666666666
    ));
#6219 = CARTESIAN_POINT('',(-9.E-17,1.443375672974,2.374999999999));
#6220 = CARTESIAN_POINT('',(0.624999999999,1.08253175473,2.333333333333)
  );
#6221 = CARTESIAN_POINT('',(1.249999999999,0.721687836487,2.291666666666
    ));
#6222 = CARTESIAN_POINT('',(1.249999999999,1.5E-16,2.249999999999));
#6223 = CARTESIAN_POINT('',(1.249999999999,-0.721687836487,
    2.208333333333));
#6224 = CARTESIAN_POINT('',(0.624999999999,-1.08253175473,2.166666666666
    ));
#6225 = CARTESIAN_POINT('',(2.7E-16,-1.443375672974,2.124999999999));
#6226 = CARTESIAN_POINT('',(-0.624999999999,-1.08253175473,
    2.083333333333));
#6227 = CARTESIAN_POINT('',(-1.249999999999,-0.721687836487,
    2.041666666666));
#6228 = CARTESIAN_POINT('',(-1.249999999999,0.,2.));
#6229 = CARTESIAN_POINT('',(-1.249999999999,0.721687836487,
    1.958333333333));
#6230 = CARTESIAN_POINT('',(-0.624999999999,1.08253175473,1.916666666666
    ));
#6231 = CARTESIAN_POINT('',(-9.E-17,1.443375672974,1.875));
#6232 = CARTESIAN_POINT('',(0.624999999999,1.08253175473,1.833333333333)
  );
#6233 = CARTESIAN_POINT('',(1.249999999999,0.721687836487,1.791666666666
    ));
#6234 = CARTESIAN_POINT('',(1.249999999999,1.5E-16,1.749999999999));
#6235 = CARTESIAN_POINT('',(1.249999999999,-0.721687836487,
    1.708333333333));
#6236 = CARTESIAN_POINT('',(0.624999999999,-1.08253175473,1.666666666666
    ));
#6237 = CARTESIAN_POINT('',(2.7E-16,-1.443375672974,1.624999999999));
#6238 = CARTESIAN_POINT('',(-0.624999999999,-1.08253175473,
    1.583333333333));
#6239 = CARTESIAN_POINT('',(-1.249999999999,-0.721687836487,
    1.541666666666));
#6240 = CARTESIAN_POINT('',(-1.249999999999,0.,1.499999999999));
#6241 = CARTESIAN_POINT('',(-1.249999999999,0.721687836487,
    1.458333333333));
#6242 = CARTESIAN_POINT('',(-0.624999999999,1.08253175473,1.416666666666
    ));
#6243 = CARTESIAN_POINT('',(-9.E-17,1.443375672974,1.374999999999));
#6244 = CARTESIAN_POINT('',(0.624999999999,1.08253175473,1.333333333333)
  );
#6245 = CARTESIAN_POINT('',(1.249999999999,0.721687836487,1.291666666666
    ));
#6246 = CARTESIAN_POINT('',(1.249999999999,1.5E-16,1.249999999999));
#6247 = CARTESIAN_POINT('',(1.249999999999,-0.721687836487,
    1.208333333333));
#6248 = CARTESIAN_POINT('',(0.624999999999,-1.08253175473,1.166666666666
    ));
#6249 = CARTESIAN_POINT('',(2.7E-16,-1.443375672974,1.124999999999));
#6250 = CARTESIAN_POINT('',(-0.624999999999,-1.08253175473,
    1.083333333333));
#6251 = CARTESIAN_POINT('',(-1.249999999999,-0.721687836487,
    1.041666666666));
#6252 = CARTESIAN_POINT('',(-1.249999999999,0.,0.999999999999));
#6253 = CARTESIAN_POINT('',(-1.249999999999,0.721687836487,
    0.958333333333));
#6254 = CARTESIAN_POINT('',(-0.624999999999,1.08253175473,0.916666666666
    ));
#6255 = CARTESIAN_POINT('',(-9.E-17,1.443375672974,0.874999999999));
#6256 = CARTESIAN_POINT('',(0.624999999999,1.08253175473,0.833333333333)
  );
#6257 = CARTESIAN_POINT('',(1.249999999999,0.721687836487,0.791666666666
    ));
#6258 = CARTESIAN_POINT('',(1.249999999999,1.5E-16,0.749999999999));
#6259 = CARTESIAN_POINT('',(1.249999999999,-0.721687836487,
    0.708333333333));
#6260 = CARTESIAN_POINT('',(0.624999999999,-1.08253175473,0.666666666666
    ));
#6261 = CARTESIAN_POINT('',(2.7E-16,-1.443375672974,0.624999999999));
#6262 = CARTESIAN_POINT('',(-0.624999999999,-1.08253175473,
    0.583333333333));
#6263 = CARTESIAN_POINT('',(-1.249999999999,-0.721687836487,
    0.541666666666));
#6264 = CARTESIAN_POINT('',(-1.249999999999,0.,0.499999999999));
#6265 = CARTESIAN_POINT('',(-1.249999999999,0.721687836487,
    0.458333333333));
#6266 = CARTESIAN_POINT('',(-0.624999999999,1.08253175473,0.416666666666
    ));
#6267 = CARTESIAN_POINT('',(-9.E-17,1.443375672974,0.374999999999));
#6268 = CARTESIAN_POINT('',(0.624999999999,1.08253175473,0.333333333333)
  );
#6269 = CARTESIAN_POINT('',(1.249999999999,0.721687836487,0.291666666666
    ));
#6270 = CARTESIAN_POINT('',(1.249999999999,1.5E-16,0.249999999999));
#6271 = CARTESIAN_POINT('',(1.249999999999,-0.721687836487,
    0.208333333333));
#6272 = CARTESIAN_POINT('',(0.624999999999,-1.08253175473,0.166666666666
    ));
#6273 = CARTESIAN_POINT('',(2.7E-16,-1.443375672974,0.125));
#6274 = CARTESIAN_POINT('',(-0.624999999999,-1.08253175473,
    8.3333333333E-02));
#6275 = CARTESIAN_POINT('',(-1.249999999999,-0.721687836487,
    4.1666666666E-02));
#6276 = CARTESIAN_POINT('',(-1.249999999999,0.,0.));
#6277 = CARTESIAN_POINT('',(-1.249999999999,0.721687836487,
    -4.1666666666E-02));
#6278 = CARTESIAN_POINT('',(-0.624999999999,1.08253175473,
    -8.3333333333E-02));
#6279 = CARTESIAN_POINT('',(-9.E-17,1.443375672974,-0.125));
#6280 = CARTESIAN_POINT('',(0.624999999999,1.08253175473,-0.166666666666
    ));
#6281 = CARTESIAN_POINT('',(1.249999999999,0.721687836487,
    -0.208333333333));
#6282 = CARTESIAN_POINT('',(1.249999999999,1.5E-16,-0.25));
#6283 = CARTESIAN_POINT('',(1.249999999999,-0.721687836487,
    -0.291666666666));
#6284 = CARTESIAN_POINT('',(0.624999999999,-1.08253175473,
    -0.333333333333));
#6285 = CARTESIAN_POINT('',(2.7E-16,-1.443375672974,-0.375));
#6286 = CARTESIAN_POINT('',(-0.624999999999,-1.08253175473,
    -0.416666666666));
#6287 = CARTESIAN_POINT('',(-1.249999999999,-0.721687836487,
    -0.458333333333));
#6288 = CARTESIAN_POINT('',(-1.249999999999,0.,-0.5));
#6289 = CARTESIAN_POINT('',(-1.249999999999,0.721687836487,
    -0.541666666666));
#6290 = CARTESIAN_POINT('',(-0.624999999999,1.08253175473,
    -0.583333333333));
#6291 = CARTESIAN_POINT('',(-9.E-17,1.443375672974,-0.625));
#6292 = CARTESIAN_POINT('',(0.624999999999,1.08253175473,-0.666666666666
    ));
#6293 = CARTESIAN_POINT('',(1.249999999999,0.721687836487,
    -0.708333333333));
#6294 = CARTESIAN_POINT('',(1.249999999999,1.5E-16,-0.75));
#6295 = CARTESIAN_POINT('',(1.249999999999,-0.721687836487,
    -0.791666666666));
#6296 = CARTESIAN_POINT('',(0.624999999999,-1.08253175473,
    -0.833333333333));
#6297 = CARTESIAN_POINT('',(2.7E-16,-1.443375672974,-0.875));
#6298 = CARTESIAN_POINT('',(-0.624999999999,-1.08253175473,
    -0.916666666666));
#6299 = CARTESIAN_POINT('',(-1.249999999999,-0.721687836487,
    -0.958333333333));
#6300 = CARTESIAN_POINT('',(-1.249999999999,0.,-1.));
#6301 = CARTESIAN_POINT('',(-1.249999999999,0.721687836487,
    -1.041666666666));
#6302 = CARTESIAN_POINT('',(-0.624999999999,1.08253175473,
    -1.083333333333));
#6303 = CARTESIAN_POINT('',(-9.E-17,1.443375672974,-1.125));
#6304 = CARTESIAN_POINT('',(0.624999999999,1.08253175473,-1.166666666666
    ));
#6305 = CARTESIAN_POINT('',(1.249999999999,0.721687836487,
    -1.208333333333));
#6306 = CARTESIAN_POINT('',(1.249999999999,1.5E-16,-1.25));
#6307 = CARTESIAN_POINT('',(1.249999999999,-0.721687836487,
    -1.291666666666));
#6308 = CARTESIAN_POINT('',(0.624999999999,-1.08253175473,
    -1.333333333333));
#6309 = CARTESIAN_POINT('',(2.7E-16,-1.443375672974,-1.375));
#6310 = CARTESIAN_POINT('',(-0.624999999999,-1.08253175473,
    -1.416666666666));
#6311 = CARTESIAN_POINT('',(-1.249999999999,-0.721687836487,
    -1.458333333333));
#6312 = CARTESIAN_POINT('',(-1.249999999999,0.,-1.5));
#6313 = CARTESIAN_POINT('',(-1.249999999999,0.721687836487,
    -1.541666666666));
#6314 = CARTESIAN_POINT('',(-0.624999999999,1.08253175473,
    -1.583333333333));
#6315 = CARTESIAN_POINT('',(-9.E-17,1.443375672974,-1.625));
#6316 = CARTESIAN_POINT('',(0.624999999999,1.08253175473,-1.666666666666
    ));
#6317 = CARTESIAN_POINT('',(1.249999999999,0.721687836487,
    -1.708333333333));
#6318 = CARTESIAN_POINT('',(1.249999999999,1.5E-16,-1.749999999999));
#6319 = CARTESIAN_POINT('',(1.249999999999,-0.721687836487,
    -1.791666666666));
#6320 = CARTESIAN_POINT('',(0.624999999999,-1.08253175473,
    -1.833333333333));
#6321 = CARTESIAN_POINT('',(2.7E-16,-1.443375672974,-1.875));
#6322 = CARTESIAN_POINT('',(-0.624999999999,-1.08253175473,
    -1.916666666666));
#6323 = CARTESIAN_POINT('',(-1.249999999999,-0.721687836487,
    -1.958333333333));
#6324 = CARTESIAN_POINT('',(-1.249999999999,0.,-2.));
#6325 = CARTESIAN_POINT('',(-1.249999999999,0.721687836487,
    -2.041666666666));
#6326 = CARTESIAN_POINT('',(-0.624999999999,1.08253175473,
    -2.083333333333));
#6327 = CARTESIAN_POINT('',(-9.E-17,1.443375672974,-2.125));
#6328 = CARTESIAN_POINT('',(0.624999999999,1.08253175473,-2.166666666666
    ));
#6329 = CARTESIAN_POINT('',(1.249999999999,0.721687836487,
    -2.208333333333));
#6330 = CARTESIAN_POINT('',(1.249999999999,1.5E-16,-2.25));
#6331 = CARTESIAN_POINT('',(1.249999999999,-0.721687836487,
    -2.291666666666));
#6332 = CARTESIAN_POINT('',(0.624999999999,-1.08253175473,
    -2.333333333333));
#6333 = CARTESIAN_POINT('',(2.7E-16,-1.443375672974,-2.375));
#6334 = CARTESIAN_POINT('',(-0.624999999999,-1.08253175473,
    -2.416666666666));
#6335 = CARTESIAN_POINT('',(-1.249999999999,-0.721687836487,
    -2.458333333333));
#6336 = CARTESIAN_POINT('',(-1.249999999999,0.,-2.5));
#6337 = CARTESIAN_POINT('',(-1.249999999999,0.721687836487,
    -2.541666666666));
#6338 = CARTESIAN_POINT('',(-0.624999999999,1.08253175473,
    -2.583333333333));
#6339 = CARTESIAN_POINT('',(-9.E-17,1.443375672974,-2.625));
#6340 = CARTESIAN_POINT('',(0.624999999999,1.08253175473,-2.666666666666
    ));
#6341 = CARTESIAN_POINT('',(1.249999999999,0.721687836487,
    -2.708333333333));
#6342 = CARTESIAN_POINT('',(1.249999999999,1.5E-16,-2.75));
#6343 = CARTESIAN_POINT('',(1.249999999999,-0.721687836487,
    -2.791666666666));
#6344 = CARTESIAN_POINT('',(0.624999999999,-1.08253175473,
    -2.833333333333));
#6345 = CARTESIAN_POINT('',(2.7E-16,-1.443375672974,-2.875));
#6346 = CARTESIAN_POINT('',(-0.624999999999,-1.08253175473,
    -2.916666666666));
#6347 = CARTESIAN_POINT('',(-1.249999999999,-0.721687836487,
    -2.958333333333));
#6348 = CARTESIAN_POINT('',(-1.249999999999,0.,-3.));
#6349 = CARTESIAN_POINT('',(-1.249999999999,0.721687836487,
    -3.041666666666));
#6350 = CARTESIAN_POINT('',(-0.624999999999,1.08253175473,
    -3.083333333333));
#6351 = CARTESIAN_POINT('',(-9.E-17,1.443375672974,-3.125));
#6352 = CARTESIAN_POINT('',(0.624999999999,1.08253175473,-3.166666666666
    ));
#6353 = CARTESIAN_POINT('',(1.249999999999,0.721687836487,
    -3.208333333333));
#6354 = CARTESIAN_POINT('',(1.249999999999,1.5E-16,-3.25));
#6355 = CARTESIAN_POINT('',(1.249999999999,-0.721687836487,
    -3.291666666666));
#6356 = CARTESIAN_POINT('',(0.624999999999,-1.08253175473,
    -3.333333333333));
#6357 = CARTESIAN_POINT('',(2.7E-16,-1.443375672974,-3.375));
#6358 = CARTESIAN_POINT('',(-0.624999999999,-1.08253175473,
    -3.416666666666));
#6359 = CARTESIAN_POINT('',(-1.249999999999,-0.721687836487,
    -3.458333333333));
#6360 = CARTESIAN_POINT('',(-1.249999999999,0.,-3.5));
#6361 = CARTESIAN_POINT('',(-1.249999999999,0.721687836487,
    -3.541666666666));
#6362 = CARTESIAN_POINT('',(-0.624999999999,1.08253175473,
    -3.583333333333));
#6363 = CARTESIAN_POINT('',(-9.E-17,1.443375672974,-3.624999999999));
#6364 = CARTESIAN_POINT('',(0.624999999999,1.08253175473,-3.666666666666
    ));
#6365 = CARTESIAN_POINT('',(1.249999999999,0.721687836487,
    -3.708333333333));
#6366 = CARTESIAN_POINT('',(1.249999999999,1.5E-16,-3.75));
#6367 = CARTESIAN_POINT('',(1.249999999999,-0.721687836487,
    -3.791666666666));
#6368 = CARTESIAN_POINT('',(0.624999999999,-1.08253175473,
    -3.833333333333));
#6369 = CARTESIAN_POINT('',(2.7E-16,-1.443375672974,-3.874999999999));
#6370 = CARTESIAN_POINT('',(-0.624999999999,-1.08253175473,
    -3.916666666666));
#6371 = CARTESIAN_POINT('',(-1.249999999999,-0.721687836487,
    -3.958333333333));
#6372 = CARTESIAN_POINT('',(-1.249999999999,0.,-4.));
#6373 = CARTESIAN_POINT('',(-1.249999999999,0.721687836487,
    -4.041666666666));
#6374 = CARTESIAN_POINT('',(-0.624999999999,1.08253175473,
    -4.083333333333));
#6375 = CARTESIAN_POINT('',(-9.E-17,1.443375672974,-4.125));
#6376 = CARTESIAN_POINT('',(0.624999999999,1.08253175473,-4.166666666666
    ));
#6377 = CARTESIAN_POINT('',(1.249999999999,0.721687836487,
    -4.208333333333));
#6378 = CARTESIAN_POINT('',(1.249999999999,1.5E-16,-4.25));
#6379 = CARTESIAN_POINT('',(1.249999999999,-0.721687836487,
    -4.291666666666));
#6380 = CARTESIAN_POINT('',(0.624999999999,-1.08253175473,
    -4.333333333333));
#6381 = CARTESIAN_POINT('',(2.7E-16,-1.443375672974,-4.375));
#6382 = CARTESIAN_POINT('',(-0.624999999999,-1.08253175473,
    -4.416666666666));
#6383 = CARTESIAN_POINT('',(-1.249999999999,-0.721687836487,
    -4.458333333333));
#6384 = CARTESIAN_POINT('',(-1.249999999999,0.,-4.5));
#6385 = CARTESIAN_POINT('',(-1.520632937499,0.,10.343750000682));
#6386 = CARTESIAN_POINT('',(-1.520632937499,0.877937835804,
    10.302083334016));
#6387 = CARTESIAN_POINT('',(-0.760316468749,1.316906753706,
    10.260416667349));
#6388 = CARTESIAN_POINT('',(-1.1E-16,1.755875671608,10.218750000682));
#6389 = CARTESIAN_POINT('',(0.760316468749,1.316906753706,
    10.177083334016));
#6390 = CARTESIAN_POINT('',(1.520632937499,0.877937835804,
    10.135416667349));
#6391 = CARTESIAN_POINT('',(1.520632937499,1.9E-16,10.093750000682));
#6392 = CARTESIAN_POINT('',(1.520632937499,-0.877937835804,
    10.052083334016));
#6393 = CARTESIAN_POINT('',(0.760316468749,-1.316906753706,
    10.010416667349));
#6394 = CARTESIAN_POINT('',(3.2E-16,-1.755875671608,9.968750000682));
#6395 = CARTESIAN_POINT('',(-0.760316468749,-1.316906753706,
    9.927083334016));
#6396 = CARTESIAN_POINT('',(-1.520632937499,-0.877937835804,
    9.885416667349));
#6397 = CARTESIAN_POINT('',(-1.520632937499,0.,9.843750000682));
#6398 = CARTESIAN_POINT('',(-1.520632937499,0.877937835804,
    9.802083334016));
#6399 = CARTESIAN_POINT('',(-0.760316468749,1.316906753706,
    9.760416667349));
#6400 = CARTESIAN_POINT('',(-1.1E-16,1.755875671608,9.718750000682));
#6401 = CARTESIAN_POINT('',(0.760316468749,1.316906753706,9.677083334016
    ));
#6402 = CARTESIAN_POINT('',(1.520632937499,0.877937835804,9.635416667349
    ));
#6403 = CARTESIAN_POINT('',(1.520632937499,1.9E-16,9.593750000682));
#6404 = CARTESIAN_POINT('',(1.520632937499,-0.877937835804,
    9.552083334016));
#6405 = CARTESIAN_POINT('',(0.760316468749,-1.316906753706,
    9.510416667349));
#6406 = CARTESIAN_POINT('',(3.2E-16,-1.755875671608,9.468750000682));
#6407 = CARTESIAN_POINT('',(-0.760316468749,-1.316906753706,
    9.427083334016));
#6408 = CARTESIAN_POINT('',(-1.520632937499,-0.877937835804,
    9.385416667349));
#6409 = CARTESIAN_POINT('',(-1.520632937499,0.,9.343750000682));
#6410 = CARTESIAN_POINT('',(-1.520632937499,0.877937835804,
    9.302083334016));
#6411 = CARTESIAN_POINT('',(-0.760316468749,1.316906753706,
    9.260416667349));
#6412 = CARTESIAN_POINT('',(-1.1E-16,1.755875671608,9.218750000682));
#6413 = CARTESIAN_POINT('',(0.760316468749,1.316906753706,9.177083334016
    ));
#6414 = CARTESIAN_POINT('',(1.520632937499,0.877937835804,9.135416667349
    ));
#6415 = CARTESIAN_POINT('',(1.520632937499,1.9E-16,9.093750000682));
#6416 = CARTESIAN_POINT('',(1.520632937499,-0.877937835804,
    9.052083334016));
#6417 = CARTESIAN_POINT('',(0.760316468749,-1.316906753706,
    9.010416667349));
#6418 = CARTESIAN_POINT('',(3.2E-16,-1.755875671608,8.968750000682));
#6419 = CARTESIAN_POINT('',(-0.760316468749,-1.316906753706,
    8.927083334016));
#6420 = CARTESIAN_POINT('',(-1.520632937499,-0.877937835804,
    8.885416667349));
#6421 = CARTESIAN_POINT('',(-1.520632937499,0.,8.843750000682));
#6422 = CARTESIAN_POINT('',(-1.520632937499,0.877937835804,
    8.802083334016));
#6423 = CARTESIAN_POINT('',(-0.760316468749,1.316906753706,
    8.760416667349));
#6424 = CARTESIAN_POINT('',(-1.1E-16,1.755875671608,8.718750000682));
#6425 = CARTESIAN_POINT('',(0.760316468749,1.316906753706,8.677083334016
    ));
#6426 = CARTESIAN_POINT('',(1.520632937499,0.877937835804,8.635416667349
    ));
#6427 = CARTESIAN_POINT('',(1.520632937499,1.9E-16,8.593750000682));
#6428 = CARTESIAN_POINT('',(1.520632937499,-0.877937835804,
    8.552083334016));
#6429 = CARTESIAN_POINT('',(0.760316468749,-1.316906753706,
    8.510416667349));
#6430 = CARTESIAN_POINT('',(3.2E-16,-1.755875671608,8.468750000682));
#6431 = CARTESIAN_POINT('',(-0.760316468749,-1.316906753706,
    8.427083334016));
#6432 = CARTESIAN_POINT('',(-1.520632937499,-0.877937835804,
    8.385416667349));
#6433 = CARTESIAN_POINT('',(-1.520632937499,0.,8.343750000682));
#6434 = CARTESIAN_POINT('',(-1.520632937499,0.877937835804,
    8.302083334016));
#6435 = CARTESIAN_POINT('',(-0.760316468749,1.316906753706,
    8.260416667349));
#6436 = CARTESIAN_POINT('',(-1.1E-16,1.755875671608,8.218750000682));
#6437 = CARTESIAN_POINT('',(0.760316468749,1.316906753706,8.177083334016
    ));
#6438 = CARTESIAN_POINT('',(1.520632937499,0.877937835804,8.135416667349
    ));
#6439 = CARTESIAN_POINT('',(1.520632937499,1.9E-16,8.093750000682));
#6440 = CARTESIAN_POINT('',(1.520632937499,-0.877937835804,
    8.052083334016));
#6441 = CARTESIAN_POINT('',(0.760316468749,-1.316906753706,
    8.010416667349));
#6442 = CARTESIAN_POINT('',(3.2E-16,-1.755875671608,7.968750000682));
#6443 = CARTESIAN_POINT('',(-0.760316468749,-1.316906753706,
    7.927083334016));
#6444 = CARTESIAN_POINT('',(-1.520632937499,-0.877937835804,
    7.885416667349));
#6445 = CARTESIAN_POINT('',(-1.520632937499,0.,7.843750000682));
#6446 = CARTESIAN_POINT('',(-1.520632937499,0.877937835804,
    7.802083334016));
#6447 = CARTESIAN_POINT('',(-0.760316468749,1.316906753706,
    7.760416667349));
#6448 = CARTESIAN_POINT('',(-1.1E-16,1.755875671608,7.718750000682));
#6449 = CARTESIAN_POINT('',(0.760316468749,1.316906753706,7.677083334016
    ));
#6450 = CARTESIAN_POINT('',(1.520632937499,0.877937835804,7.635416667349
    ));
#6451 = CARTESIAN_POINT('',(1.520632937499,1.9E-16,7.593750000682));
#6452 = CARTESIAN_POINT('',(1.520632937499,-0.877937835804,
    7.552083334016));
#6453 = CARTESIAN_POINT('',(0.760316468749,-1.316906753706,
    7.510416667349));
#6454 = CARTESIAN_POINT('',(3.2E-16,-1.755875671608,7.468750000682));
#6455 = CARTESIAN_POINT('',(-0.760316468749,-1.316906753706,
    7.427083334016));
#6456 = CARTESIAN_POINT('',(-1.520632937499,-0.877937835804,
    7.385416667349));
#6457 = CARTESIAN_POINT('',(-1.520632937499,0.,7.343750000682));
#6458 = CARTESIAN_POINT('',(-1.520632937499,0.877937835804,
    7.302083334016));
#6459 = CARTESIAN_POINT('',(-0.760316468749,1.316906753706,
    7.260416667349));
#6460 = CARTESIAN_POINT('',(-1.1E-16,1.755875671608,7.218750000682));
#6461 = CARTESIAN_POINT('',(0.760316468749,1.316906753706,7.177083334016
    ));
#6462 = CARTESIAN_POINT('',(1.520632937499,0.877937835804,7.135416667349
    ));
#6463 = CARTESIAN_POINT('',(1.520632937499,1.9E-16,7.093750000682));
#6464 = CARTESIAN_POINT('',(1.520632937499,-0.877937835804,
    7.052083334016));
#6465 = CARTESIAN_POINT('',(0.760316468749,-1.316906753706,
    7.010416667349));
#6466 = CARTESIAN_POINT('',(3.2E-16,-1.755875671608,6.968750000682));
#6467 = CARTESIAN_POINT('',(-0.760316468749,-1.316906753706,
    6.927083334016));
#6468 = CARTESIAN_POINT('',(-1.520632937499,-0.877937835804,
    6.885416667349));
#6469 = CARTESIAN_POINT('',(-1.520632937499,0.,6.843750000682));
#6470 = CARTESIAN_POINT('',(-1.520632937499,0.877937835804,
    6.802083334016));
#6471 = CARTESIAN_POINT('',(-0.760316468749,1.316906753706,
    6.760416667349));
#6472 = CARTESIAN_POINT('',(-1.1E-16,1.755875671608,6.718750000682));
#6473 = CARTESIAN_POINT('',(0.760316468749,1.316906753706,6.677083334016
    ));
#6474 = CARTESIAN_POINT('',(1.520632937499,0.877937835804,6.635416667349
    ));
#6475 = CARTESIAN_POINT('',(1.520632937499,1.9E-16,6.593750000682));
#6476 = CARTESIAN_POINT('',(1.520632937499,-0.877937835804,
    6.552083334016));
#6477 = CARTESIAN_POINT('',(0.760316468749,-1.316906753706,
    6.510416667349));
#6478 = CARTESIAN_POINT('',(3.2E-16,-1.755875671608,6.468750000682));
#6479 = CARTESIAN_POINT('',(-0.760316468749,-1.316906753706,
    6.427083334016));
#6480 = CARTESIAN_POINT('',(-1.520632937499,-0.877937835804,
    6.385416667349));
#6481 = CARTESIAN_POINT('',(-1.520632937499,0.,6.343750000682));
#6482 = CARTESIAN_POINT('',(-1.520632937499,0.877937835804,
    6.302083334016));
#6483 = CARTESIAN_POINT('',(-0.760316468749,1.316906753706,
    6.260416667349));
#6484 = CARTESIAN_POINT('',(-1.1E-16,1.755875671608,6.218750000682));
#6485 = CARTESIAN_POINT('',(0.760316468749,1.316906753706,6.177083334016
    ));
#6486 = CARTESIAN_POINT('',(1.520632937499,0.877937835804,6.135416667349
    ));
#6487 = CARTESIAN_POINT('',(1.520632937499,1.9E-16,6.093750000682));
#6488 = CARTESIAN_POINT('',(1.520632937499,-0.877937835804,
    6.052083334016));
#6489 = CARTESIAN_POINT('',(0.760316468749,-1.316906753706,
    6.010416667349));
#6490 = CARTESIAN_POINT('',(3.2E-16,-1.755875671608,5.968750000682));
#6491 = CARTESIAN_POINT('',(-0.760316468749,-1.316906753706,
    5.927083334016));
#6492 = CARTESIAN_POINT('',(-1.520632937499,-0.877937835804,
    5.885416667349));
#6493 = CARTESIAN_POINT('',(-1.520632937499,0.,5.843750000682));
#6494 = CARTESIAN_POINT('',(-1.520632937499,0.877937835804,
    5.802083334016));
#6495 = CARTESIAN_POINT('',(-0.760316468749,1.316906753706,
    5.760416667349));
#6496 = CARTESIAN_POINT('',(-1.1E-16,1.755875671608,5.718750000682));
#6497 = CARTESIAN_POINT('',(0.760316468749,1.316906753706,5.677083334016
    ));
#6498 = CARTESIAN_POINT('',(1.520632937499,0.877937835804,5.635416667349
    ));
#6499 = CARTESIAN_POINT('',(1.520632937499,1.9E-16,5.593750000682));
#6500 = CARTESIAN_POINT('',(1.520632937499,-0.877937835804,
    5.552083334016));
#6501 = CARTESIAN_POINT('',(0.760316468749,-1.316906753706,
    5.510416667349));
#6502 = CARTESIAN_POINT('',(3.2E-16,-1.755875671608,5.468750000682));
#6503 = CARTESIAN_POINT('',(-0.760316468749,-1.316906753706,
    5.427083334016));
#6504 = CARTESIAN_POINT('',(-1.520632937499,-0.877937835804,
    5.385416667349));
#6505 = CARTESIAN_POINT('',(-1.520632937499,0.,5.343750000682));
#6506 = CARTESIAN_POINT('',(-1.520632937499,0.877937835804,
    5.302083334016));
#6507 = CARTESIAN_POINT('',(-0.760316468749,1.316906753706,
    5.260416667349));
#6508 = CARTESIAN_POINT('',(-1.1E-16,1.755875671608,5.218750000682));
#6509 = CARTESIAN_POINT('',(0.760316468749,1.316906753706,5.177083334016
    ));
#6510 = CARTESIAN_POINT('',(1.520632937499,0.877937835804,5.135416667349
    ));
#6511 = CARTESIAN_POINT('',(1.520632937499,1.9E-16,5.093750000682));
#6512 = CARTESIAN_POINT('',(1.520632937499,-0.877937835804,
    5.052083334016));
#6513 = CARTESIAN_POINT('',(0.760316468749,-1.316906753706,
    5.010416667349));
#6514 = CARTESIAN_POINT('',(3.2E-16,-1.755875671608,4.968750000682));
#6515 = CARTESIAN_POINT('',(-0.760316468749,-1.316906753706,
    4.927083334016));
#6516 = CARTESIAN_POINT('',(-1.520632937499,-0.877937835804,
    4.885416667349));
#6517 = CARTESIAN_POINT('',(-1.520632937499,0.,4.843750000682));
#6518 = CARTESIAN_POINT('',(-1.520632937499,0.877937835804,
    4.802083334016));
#6519 = CARTESIAN_POINT('',(-0.760316468749,1.316906753706,
    4.760416667349));
#6520 = CARTESIAN_POINT('',(-1.1E-16,1.755875671608,4.718750000682));
#6521 = CARTESIAN_POINT('',(0.760316468749,1.316906753706,4.677083334016
    ));
#6522 = CARTESIAN_POINT('',(1.520632937499,0.877937835804,4.635416667349
    ));
#6523 = CARTESIAN_POINT('',(1.520632937499,1.9E-16,4.593750000682));
#6524 = CARTESIAN_POINT('',(1.520632937499,-0.877937835804,
    4.552083334016));
#6525 = CARTESIAN_POINT('',(0.760316468749,-1.316906753706,
    4.510416667349));
#6526 = CARTESIAN_POINT('',(3.2E-16,-1.755875671608,4.468750000682));
#6527 = CARTESIAN_POINT('',(-0.760316468749,-1.316906753706,
    4.427083334016));
#6528 = CARTESIAN_POINT('',(-1.520632937499,-0.877937835804,
    4.385416667349));
#6529 = CARTESIAN_POINT('',(-1.520632937499,0.,4.343750000682));
#6530 = CARTESIAN_POINT('',(-1.520632937499,0.877937835804,
    4.302083334016));
#6531 = CARTESIAN_POINT('',(-0.760316468749,1.316906753706,
    4.260416667349));
#6532 = CARTESIAN_POINT('',(-1.1E-16,1.755875671608,4.218750000682));
#6533 = CARTESIAN_POINT('',(0.760316468749,1.316906753706,4.177083334016
    ));
#6534 = CARTESIAN_POINT('',(1.520632937499,0.877937835804,4.135416667349
    ));
#6535 = CARTESIAN_POINT('',(1.520632937499,1.9E-16,4.093750000682));
#6536 = CARTESIAN_POINT('',(1.520632937499,-0.877937835804,
    4.052083334016));
#6537 = CARTESIAN_POINT('',(0.760316468749,-1.316906753706,
    4.010416667349));
#6538 = CARTESIAN_POINT('',(3.2E-16,-1.755875671608,3.968750000682));
#6539 = CARTESIAN_POINT('',(-0.760316468749,-1.316906753706,
    3.927083334016));
#6540 = CARTESIAN_POINT('',(-1.520632937499,-0.877937835804,
    3.885416667349));
#6541 = CARTESIAN_POINT('',(-1.520632937499,0.,3.843750000682));
#6542 = CARTESIAN_POINT('',(-1.520632937499,0.877937835804,
    3.802083334016));
#6543 = CARTESIAN_POINT('',(-0.760316468749,1.316906753706,
    3.760416667349));
#6544 = CARTESIAN_POINT('',(-1.1E-16,1.755875671608,3.718750000682));
#6545 = CARTESIAN_POINT('',(0.760316468749,1.316906753706,3.677083334016
    ));
#6546 = CARTESIAN_POINT('',(1.520632937499,0.877937835804,3.635416667349
    ));
#6547 = CARTESIAN_POINT('',(1.520632937499,1.9E-16,3.593750000682));
#6548 = CARTESIAN_POINT('',(1.520632937499,-0.877937835804,
    3.552083334016));
#6549 = CARTESIAN_POINT('',(0.760316468749,-1.316906753706,
    3.510416667349));
#6550 = CARTESIAN_POINT('',(3.2E-16,-1.755875671608,3.468750000682));
#6551 = CARTESIAN_POINT('',(-0.760316468749,-1.316906753706,
    3.427083334016));
#6552 = CARTESIAN_POINT('',(-1.520632937499,-0.877937835804,
    3.385416667349));
#6553 = CARTESIAN_POINT('',(-1.520632937499,0.,3.343750000682));
#6554 = CARTESIAN_POINT('',(-1.520632937499,0.877937835804,
    3.302083334016));
#6555 = CARTESIAN_POINT('',(-0.760316468749,1.316906753706,
    3.260416667349));
#6556 = CARTESIAN_POINT('',(-1.1E-16,1.755875671608,3.218750000682));
#6557 = CARTESIAN_POINT('',(0.760316468749,1.316906753706,3.177083334016
    ));
#6558 = CARTESIAN_POINT('',(1.520632937499,0.877937835804,3.135416667349
    ));
#6559 = CARTESIAN_POINT('',(1.520632937499,1.9E-16,3.093750000682));
#6560 = CARTESIAN_POINT('',(1.520632937499,-0.877937835804,
    3.052083334016));
#6561 = CARTESIAN_POINT('',(0.760316468749,-1.316906753706,
    3.010416667349));
#6562 = CARTESIAN_POINT('',(3.2E-16,-1.755875671608,2.968750000682));
#6563 = CARTESIAN_POINT('',(-0.760316468749,-1.316906753706,
    2.927083334016));
#6564 = CARTESIAN_POINT('',(-1.520632937499,-0.877937835804,
    2.885416667349));
#6565 = CARTESIAN_POINT('',(-1.520632937499,0.,2.843750000682));
#6566 = CARTESIAN_POINT('',(-1.520632937499,0.877937835804,
    2.802083334016));
#6567 = CARTESIAN_POINT('',(-0.760316468749,1.316906753706,
    2.760416667349));
#6568 = CARTESIAN_POINT('',(-1.1E-16,1.755875671608,2.718750000682));
#6569 = CARTESIAN_POINT('',(0.760316468749,1.316906753706,2.677083334016
    ));
#6570 = CARTESIAN_POINT('',(1.520632937499,0.877937835804,2.635416667349
    ));
#6571 = CARTESIAN_POINT('',(1.520632937499,1.9E-16,2.593750000682));
#6572 = CARTESIAN_POINT('',(1.520632937499,-0.877937835804,
    2.552083334016));
#6573 = CARTESIAN_POINT('',(0.760316468749,-1.316906753706,
    2.510416667349));
#6574 = CARTESIAN_POINT('',(3.2E-16,-1.755875671608,2.468750000682));
#6575 = CARTESIAN_POINT('',(-0.760316468749,-1.316906753706,
    2.427083334016));
#6576 = CARTESIAN_POINT('',(-1.520632937499,-0.877937835804,
    2.385416667349));
#6577 = CARTESIAN_POINT('',(-1.520632937499,0.,2.343750000682));
#6578 = CARTESIAN_POINT('',(-1.520632937499,0.877937835804,
    2.302083334016));
#6579 = CARTESIAN_POINT('',(-0.760316468749,1.316906753706,
    2.260416667349));
#6580 = CARTESIAN_POINT('',(-1.1E-16,1.755875671608,2.218750000682));
#6581 = CARTESIAN_POINT('',(0.760316468749,1.316906753706,2.177083334016
    ));
#6582 = CARTESIAN_POINT('',(1.520632937499,0.877937835804,2.135416667349
    ));
#6583 = CARTESIAN_POINT('',(1.520632937499,1.9E-16,2.093750000682));
#6584 = CARTESIAN_POINT('',(1.520632937499,-0.877937835804,
    2.052083334016));
#6585 = CARTESIAN_POINT('',(0.760316468749,-1.316906753706,
    2.010416667349));
#6586 = CARTESIAN_POINT('',(3.2E-16,-1.755875671608,1.968750000682));
#6587 = CARTESIAN_POINT('',(-0.760316468749,-1.316906753706,
    1.927083334016));
#6588 = CARTESIAN_POINT('',(-1.520632937499,-0.877937835804,
    1.885416667349));
#6589 = CARTESIAN_POINT('',(-1.520632937499,0.,1.843750000682));
#6590 = CARTESIAN_POINT('',(-1.520632937499,0.877937835804,
    1.802083334016));
#6591 = CARTESIAN_POINT('',(-0.760316468749,1.316906753706,
    1.760416667349));
#6592 = CARTESIAN_POINT('',(-1.1E-16,1.755875671608,1.718750000682));
#6593 = CARTESIAN_POINT('',(0.760316468749,1.316906753706,1.677083334016
    ));
#6594 = CARTESIAN_POINT('',(1.520632937499,0.877937835804,1.635416667349
    ));
#6595 = CARTESIAN_POINT('',(1.520632937499,1.9E-16,1.593750000682));
#6596 = CARTESIAN_POINT('',(1.520632937499,-0.877937835804,
    1.552083334016));
#6597 = CARTESIAN_POINT('',(0.760316468749,-1.316906753706,
    1.510416667349));
#6598 = CARTESIAN_POINT('',(3.2E-16,-1.755875671608,1.468750000682));
#6599 = CARTESIAN_POINT('',(-0.760316468749,-1.316906753706,
    1.427083334016));
#6600 = CARTESIAN_POINT('',(-1.520632937499,-0.877937835804,
    1.385416667349));
#6601 = CARTESIAN_POINT('',(-1.520632937499,0.,1.343750000682));
#6602 = CARTESIAN_POINT('',(-1.520632937499,0.877937835804,
    1.302083334016));
#6603 = CARTESIAN_POINT('',(-0.760316468749,1.316906753706,
    1.260416667349));
#6604 = CARTESIAN_POINT('',(-1.1E-16,1.755875671608,1.218750000682));
#6605 = CARTESIAN_POINT('',(0.760316468749,1.316906753706,1.177083334016
    ));
#6606 = CARTESIAN_POINT('',(1.520632937499,0.877937835804,1.135416667349
    ));
#6607 = CARTESIAN_POINT('',(1.520632937499,1.9E-16,1.093750000682));
#6608 = CARTESIAN_POINT('',(1.520632937499,-0.877937835804,
    1.052083334016));
#6609 = CARTESIAN_POINT('',(0.760316468749,-1.316906753706,
    1.010416667349));
#6610 = CARTESIAN_POINT('',(3.2E-16,-1.755875671608,0.968750000682));
#6611 = CARTESIAN_POINT('',(-0.760316468749,-1.316906753706,
    0.927083334016));
#6612 = CARTESIAN_POINT('',(-1.520632937499,-0.877937835804,
    0.885416667349));
#6613 = CARTESIAN_POINT('',(-1.520632937499,0.,0.843750000682));
#6614 = CARTESIAN_POINT('',(-1.520632937499,0.877937835804,
    0.802083334016));
#6615 = CARTESIAN_POINT('',(-0.760316468749,1.316906753706,
    0.760416667349));
#6616 = CARTESIAN_POINT('',(-1.1E-16,1.755875671608,0.718750000682));
#6617 = CARTESIAN_POINT('',(0.760316468749,1.316906753706,0.677083334016
    ));
#6618 = CARTESIAN_POINT('',(1.520632937499,0.877937835804,0.635416667349
    ));
#6619 = CARTESIAN_POINT('',(1.520632937499,1.9E-16,0.593750000682));
#6620 = CARTESIAN_POINT('',(1.520632937499,-0.877937835804,
    0.552083334016));
#6621 = CARTESIAN_POINT('',(0.760316468749,-1.316906753706,
    0.510416667349));
#6622 = CARTESIAN_POINT('',(3.2E-16,-1.755875671608,0.468750000682));
#6623 = CARTESIAN_POINT('',(-0.760316468749,-1.316906753706,
    0.427083334016));
#6624 = CARTESIAN_POINT('',(-1.520632937499,-0.877937835804,
    0.385416667349));
#6625 = CARTESIAN_POINT('',(-1.520632937499,0.,0.343750000682));
#6626 = CARTESIAN_POINT('',(-1.520632937499,0.877937835804,
    0.302083334016));
#6627 = CARTESIAN_POINT('',(-0.760316468749,1.316906753706,
    0.260416667349));
#6628 = CARTESIAN_POINT('',(-1.1E-16,1.755875671608,0.218750000682));
#6629 = CARTESIAN_POINT('',(0.760316468749,1.316906753706,0.177083334016
    ));
#6630 = CARTESIAN_POINT('',(1.520632937499,0.877937835804,0.135416667349
    ));
#6631 = CARTESIAN_POINT('',(1.520632937499,1.9E-16,9.3750000682E-02));
#6632 = CARTESIAN_POINT('',(1.520632937499,-0.877937835804,
    5.2083334016E-02));
#6633 = CARTESIAN_POINT('',(0.760316468749,-1.316906753706,
    1.0416667349E-02));
#6634 = CARTESIAN_POINT('',(3.2E-16,-1.755875671608,-3.1249999317E-02));
#6635 = CARTESIAN_POINT('',(-0.760316468749,-1.316906753706,
    -7.2916665983E-02));
#6636 = CARTESIAN_POINT('',(-1.520632937499,-0.877937835804,
    -0.11458333265));
#6637 = CARTESIAN_POINT('',(-1.520632937499,0.,-0.156249999317));
#6638 = CARTESIAN_POINT('',(-1.520632937499,0.877937835804,
    -0.197916665983));
#6639 = CARTESIAN_POINT('',(-0.760316468749,1.316906753706,
    -0.23958333265));
#6640 = CARTESIAN_POINT('',(-1.1E-16,1.755875671608,-0.281249999317));
#6641 = CARTESIAN_POINT('',(0.760316468749,1.316906753706,
    -0.322916665983));
#6642 = CARTESIAN_POINT('',(1.520632937499,0.877937835804,-0.36458333265
    ));
#6643 = CARTESIAN_POINT('',(1.520632937499,1.9E-16,-0.406249999317));
#6644 = CARTESIAN_POINT('',(1.520632937499,-0.877937835804,
    -0.447916665983));
#6645 = CARTESIAN_POINT('',(0.760316468749,-1.316906753706,
    -0.48958333265));
#6646 = CARTESIAN_POINT('',(3.2E-16,-1.755875671608,-0.531249999317));
#6647 = CARTESIAN_POINT('',(-0.760316468749,-1.316906753706,
    -0.572916665983));
#6648 = CARTESIAN_POINT('',(-1.520632937499,-0.877937835804,
    -0.61458333265));
#6649 = CARTESIAN_POINT('',(-1.520632937499,0.,-0.656249999317));
#6650 = CARTESIAN_POINT('',(-1.520632937499,0.877937835804,
    -0.697916665983));
#6651 = CARTESIAN_POINT('',(-0.760316468749,1.316906753706,
    -0.73958333265));
#6652 = CARTESIAN_POINT('',(-1.1E-16,1.755875671608,-0.781249999317));
#6653 = CARTESIAN_POINT('',(0.760316468749,1.316906753706,
    -0.822916665983));
#6654 = CARTESIAN_POINT('',(1.520632937499,0.877937835804,-0.86458333265
    ));
#6655 = CARTESIAN_POINT('',(1.520632937499,1.9E-16,-0.906249999317));
#6656 = CARTESIAN_POINT('',(1.520632937499,-0.877937835804,
    -0.947916665983));
#6657 = CARTESIAN_POINT('',(0.760316468749,-1.316906753706,
    -0.98958333265));
#6658 = CARTESIAN_POINT('',(3.2E-16,-1.755875671608,-1.031249999317));
#6659 = CARTESIAN_POINT('',(-0.760316468749,-1.316906753706,
    -1.072916665983));
#6660 = CARTESIAN_POINT('',(-1.520632937499,-0.877937835804,
    -1.11458333265));
#6661 = CARTESIAN_POINT('',(-1.520632937499,0.,-1.156249999317));
#6662 = CARTESIAN_POINT('',(-1.520632937499,0.877937835804,
    -1.197916665983));
#6663 = CARTESIAN_POINT('',(-0.760316468749,1.316906753706,
    -1.23958333265));
#6664 = CARTESIAN_POINT('',(-1.1E-16,1.755875671608,-1.281249999317));
#6665 = CARTESIAN_POINT('',(0.760316468749,1.316906753706,
    -1.322916665983));
#6666 = CARTESIAN_POINT('',(1.520632937499,0.877937835804,-1.36458333265
    ));
#6667 = CARTESIAN_POINT('',(1.520632937499,1.9E-16,-1.406249999317));
#6668 = CARTESIAN_POINT('',(1.520632937499,-0.877937835804,
    -1.447916665983));
#6669 = CARTESIAN_POINT('',(0.760316468749,-1.316906753706,
    -1.48958333265));
#6670 = CARTESIAN_POINT('',(3.2E-16,-1.755875671608,-1.531249999317));
#6671 = CARTESIAN_POINT('',(-0.760316468749,-1.316906753706,
    -1.572916665983));
#6672 = CARTESIAN_POINT('',(-1.520632937499,-0.877937835804,
    -1.61458333265));
#6673 = CARTESIAN_POINT('',(-1.520632937499,0.,-1.656249999317));
#6674 = CARTESIAN_POINT('',(-1.520632937499,0.877937835804,
    -1.697916665983));
#6675 = CARTESIAN_POINT('',(-0.760316468749,1.316906753706,
    -1.73958333265));
#6676 = CARTESIAN_POINT('',(-1.1E-16,1.755875671608,-1.781249999317));
#6677 = CARTESIAN_POINT('',(0.760316468749,1.316906753706,
    -1.822916665983));
#6678 = CARTESIAN_POINT('',(1.520632937499,0.877937835804,-1.86458333265
    ));
#6679 = CARTESIAN_POINT('',(1.520632937499,1.9E-16,-1.906249999317));
#6680 = CARTESIAN_POINT('',(1.520632937499,-0.877937835804,
    -1.947916665983));
#6681 = CARTESIAN_POINT('',(0.760316468749,-1.316906753706,
    -1.98958333265));
#6682 = CARTESIAN_POINT('',(3.2E-16,-1.755875671608,-2.031249999317));
#6683 = CARTESIAN_POINT('',(-0.760316468749,-1.316906753706,
    -2.072916665983));
#6684 = CARTESIAN_POINT('',(-1.520632937499,-0.877937835804,
    -2.11458333265));
#6685 = CARTESIAN_POINT('',(-1.520632937499,0.,-2.156249999317));
#6686 = CARTESIAN_POINT('',(-1.520632937499,0.877937835804,
    -2.197916665983));
#6687 = CARTESIAN_POINT('',(-0.760316468749,1.316906753706,
    -2.23958333265));
#6688 = CARTESIAN_POINT('',(-1.1E-16,1.755875671608,-2.281249999317));
#6689 = CARTESIAN_POINT('',(0.760316468749,1.316906753706,
    -2.322916665983));
#6690 = CARTESIAN_POINT('',(1.520632937499,0.877937835804,-2.36458333265
    ));
#6691 = CARTESIAN_POINT('',(1.520632937499,1.9E-16,-2.406249999317));
#6692 = CARTESIAN_POINT('',(1.520632937499,-0.877937835804,
    -2.447916665983));
#6693 = CARTESIAN_POINT('',(0.760316468749,-1.316906753706,
    -2.48958333265));
#6694 = CARTESIAN_POINT('',(3.2E-16,-1.755875671608,-2.531249999317));
#6695 = CARTESIAN_POINT('',(-0.760316468749,-1.316906753706,
    -2.572916665983));
#6696 = CARTESIAN_POINT('',(-1.520632937499,-0.877937835804,
    -2.61458333265));
#6697 = CARTESIAN_POINT('',(-1.520632937499,0.,-2.656249999317));
#6698 = CARTESIAN_POINT('',(-1.520632937499,0.877937835804,
    -2.697916665983));
#6699 = CARTESIAN_POINT('',(-0.760316468749,1.316906753706,
    -2.73958333265));
#6700 = CARTESIAN_POINT('',(-1.1E-16,1.755875671608,-2.781249999317));
#6701 = CARTESIAN_POINT('',(0.760316468749,1.316906753706,
    -2.822916665983));
#6702 = CARTESIAN_POINT('',(1.520632937499,0.877937835804,-2.86458333265
    ));
#6703 = CARTESIAN_POINT('',(1.520632937499,1.9E-16,-2.906249999317));
#6704 = CARTESIAN_POINT('',(1.520632937499,-0.877937835804,
    -2.947916665983));
#6705 = CARTESIAN_POINT('',(0.760316468749,-1.316906753706,
    -2.98958333265));
#6706 = CARTESIAN_POINT('',(3.2E-16,-1.755875671608,-3.031249999317));
#6707 = CARTESIAN_POINT('',(-0.760316468749,-1.316906753706,
    -3.072916665983));
#6708 = CARTESIAN_POINT('',(-1.520632937499,-0.877937835804,
    -3.11458333265));
#6709 = CARTESIAN_POINT('',(-1.520632937499,0.,-3.156249999317));
#6710 = CARTESIAN_POINT('',(-1.520632937499,0.877937835804,
    -3.197916665983));
#6711 = CARTESIAN_POINT('',(-0.760316468749,1.316906753706,
    -3.23958333265));
#6712 = CARTESIAN_POINT('',(-1.1E-16,1.755875671608,-3.281249999317));
#6713 = CARTESIAN_POINT('',(0.760316468749,1.316906753706,
    -3.322916665983));
#6714 = CARTESIAN_POINT('',(1.520632937499,0.877937835804,-3.36458333265
    ));
#6715 = CARTESIAN_POINT('',(1.520632937499,1.9E-16,-3.406249999317));
#6716 = CARTESIAN_POINT('',(1.520632937499,-0.877937835804,
    -3.447916665983));
#6717 = CARTESIAN_POINT('',(0.760316468749,-1.316906753706,
    -3.48958333265));
#6718 = CARTESIAN_POINT('',(3.2E-16,-1.755875671608,-3.531249999317));
#6719 = CARTESIAN_POINT('',(-0.760316468749,-1.316906753706,
    -3.572916665983));
#6720 = CARTESIAN_POINT('',(-1.520632937499,-0.877937835804,
    -3.61458333265));
#6721 = CARTESIAN_POINT('',(-1.520632937499,0.,-3.656249999317));
#6722 = CARTESIAN_POINT('',(-1.520632937499,0.877937835804,
    -3.697916665983));
#6723 = CARTESIAN_POINT('',(-0.760316468749,1.316906753706,
    -3.73958333265));
#6724 = CARTESIAN_POINT('',(-1.1E-16,1.755875671608,-3.781249999317));
#6725 = CARTESIAN_POINT('',(0.760316468749,1.316906753706,
    -3.822916665983));
#6726 = CARTESIAN_POINT('',(1.520632937499,0.877937835804,-3.86458333265
    ));
#6727 = CARTESIAN_POINT('',(1.520632937499,1.9E-16,-3.906249999317));
#6728 = CARTESIAN_POINT('',(1.520632937499,-0.877937835804,
    -3.947916665983));
#6729 = CARTESIAN_POINT('',(0.760316468749,-1.316906753706,
    -3.98958333265));
#6730 = CARTESIAN_POINT('',(3.2E-16,-1.755875671608,-4.031249999317));
#6731 = CARTESIAN_POINT('',(-0.760316468749,-1.316906753706,
    -4.072916665983));
#6732 = CARTESIAN_POINT('',(-1.520632937499,-0.877937835804,
    -4.11458333265));
#6733 = CARTESIAN_POINT('',(-1.520632937499,0.,-4.156249999317));
#6734 = CARTESIAN_POINT('',(-1.520632937499,0.877937835804,
    -4.197916665983));
#6735 = CARTESIAN_POINT('',(-0.760316468749,1.316906753706,
    -4.23958333265));
#6736 = CARTESIAN_POINT('',(-1.1E-16,1.755875671608,-4.281249999317));
#6737 = CARTESIAN_POINT('',(0.760316468749,1.316906753706,
    -4.322916665983));
#6738 = CARTESIAN_POINT('',(1.520632937499,0.877937835804,-4.36458333265
    ));
#6739 = CARTESIAN_POINT('',(1.520632937499,1.9E-16,-4.406249999317));
#6740 = CARTESIAN_POINT('',(1.520632937499,-0.877937835804,
    -4.447916665983));
#6741 = CARTESIAN_POINT('',(0.760316468749,-1.316906753706,
    -4.48958333265));
#6742 = CARTESIAN_POINT('',(3.2E-16,-1.755875671608,-4.531249999317));
#6743 = CARTESIAN_POINT('',(-0.760316468749,-1.316906753706,
    -4.572916665983));
#6744 = CARTESIAN_POINT('',(-1.520632937499,-0.877937835804,
    -4.61458333265));
#6745 = CARTESIAN_POINT('',(-1.520632937499,0.,-4.656249999317));
#6746 = ADVANCED_FACE('',(#6747,#6767),#6787,.F.);
#6747 = FACE_BOUND('',#6748,.T.);
#6748 = EDGE_LOOP('',(#6749,#6760));
#6749 = ORIENTED_EDGE('',*,*,#6750,.F.);
#6750 = EDGE_CURVE('',#6751,#6753,#6755,.T.);
#6751 = VERTEX_POINT('',#6752);
#6752 = CARTESIAN_POINT('',(2.529999999999,0.,0.));
#6753 = VERTEX_POINT('',#6754);
#6754 = CARTESIAN_POINT('',(-2.529999999999,0.,0.));
#6755 = CIRCLE('',#6756,2.529999999999);
#6756 = AXIS2_PLACEMENT_3D('',#6757,#6758,#6759);
#6757 = CARTESIAN_POINT('',(0.,0.,0.));
#6758 = DIRECTION('',(0.,0.,1.));
#6759 = DIRECTION('',(1.,0.,0.));
#6760 = ORIENTED_EDGE('',*,*,#6761,.F.);
#6761 = EDGE_CURVE('',#6753,#6751,#6762,.T.);
#6762 = CIRCLE('',#6763,2.529999999999);
#6763 = AXIS2_PLACEMENT_3D('',#6764,#6765,#6766);
#6764 = CARTESIAN_POINT('',(0.,0.,0.));
#6765 = DIRECTION('',(0.,0.,1.));
#6766 = DIRECTION('',(1.,0.,0.));
#6767 = FACE_BOUND('',#6768,.T.);
#6768 = EDGE_LOOP('',(#6769,#6780));
#6769 = ORIENTED_EDGE('',*,*,#6770,.T.);
#6770 = EDGE_CURVE('',#6771,#6773,#6775,.T.);
#6771 = VERTEX_POINT('',#6772);
#6772 = CARTESIAN_POINT('',(2.044999999999,0.,0.));
#6773 = VERTEX_POINT('',#6774);
#6774 = CARTESIAN_POINT('',(-2.044999999999,0.,0.));
#6775 = CIRCLE('',#6776,2.044999999999);
#6776 = AXIS2_PLACEMENT_3D('',#6777,#6778,#6779);
#6777 = CARTESIAN_POINT('',(0.,0.,0.));
#6778 = DIRECTION('',(0.,0.,1.));
#6779 = DIRECTION('',(1.,0.,0.));
#6780 = ORIENTED_EDGE('',*,*,#6781,.T.);
#6781 = EDGE_CURVE('',#6773,#6771,#6782,.T.);
#6782 = CIRCLE('',#6783,2.044999999999);
#6783 = AXIS2_PLACEMENT_3D('',#6784,#6785,#6786);
#6784 = CARTESIAN_POINT('',(0.,0.,0.));
#6785 = DIRECTION('',(0.,0.,1.));
#6786 = DIRECTION('',(1.,0.,0.));
#6787 = PLANE('',#6788);
#6788 = AXIS2_PLACEMENT_3D('',#6789,#6790,#6791);
#6789 = CARTESIAN_POINT('',(0.,2.044999999999,0.));
#6790 = DIRECTION('',(0.,0.,1.));
#6791 = DIRECTION('',(1.,0.,0.));
#6792 = ADVANCED_FACE('',(#6793),#6819,.T.);
#6793 = FACE_BOUND('',#6794,.T.);
#6794 = EDGE_LOOP('',(#6795,#6796,#6804,#6813));
#6795 = ORIENTED_EDGE('',*,*,#6750,.T.);
#6796 = ORIENTED_EDGE('',*,*,#6797,.T.);
#6797 = EDGE_CURVE('',#6753,#6798,#6800,.T.);
#6798 = VERTEX_POINT('',#6799);
#6799 = CARTESIAN_POINT('',(-2.779999999999,0.,0.25));
#6800 = LINE('',#6801,#6802);
#6801 = CARTESIAN_POINT('',(-2.529999999999,3.1E-16,0.));
#6802 = VECTOR('',#6803,1.);
#6803 = DIRECTION('',(-0.707106781187,9.E-17,0.707106781187));
#6804 = ORIENTED_EDGE('',*,*,#6805,.F.);
#6805 = EDGE_CURVE('',#6806,#6798,#6808,.T.);
#6806 = VERTEX_POINT('',#6807);
#6807 = CARTESIAN_POINT('',(2.779999999999,0.,0.25));
#6808 = CIRCLE('',#6809,2.779999999999);
#6809 = AXIS2_PLACEMENT_3D('',#6810,#6811,#6812);
#6810 = CARTESIAN_POINT('',(0.,0.,0.25));
#6811 = DIRECTION('',(0.,0.,1.));
#6812 = DIRECTION('',(1.,0.,0.));
#6813 = ORIENTED_EDGE('',*,*,#6814,.F.);
#6814 = EDGE_CURVE('',#6751,#6806,#6815,.T.);
#6815 = LINE('',#6816,#6817);
#6816 = CARTESIAN_POINT('',(2.529999999999,0.,0.));
#6817 = VECTOR('',#6818,1.);
#6818 = DIRECTION('',(0.707106781187,0.,0.707106781187));
#6819 = CONICAL_SURFACE('',#6820,2.529999999999,0.785398163397);
#6820 = AXIS2_PLACEMENT_3D('',#6821,#6822,#6823);
#6821 = CARTESIAN_POINT('',(0.,0.,0.));
#6822 = DIRECTION('',(0.,0.,1.));
#6823 = DIRECTION('',(1.,0.,0.));
#6824 = ADVANCED_FACE('',(#6825),#6837,.T.);
#6825 = FACE_BOUND('',#6826,.T.);
#6826 = EDGE_LOOP('',(#6827,#6828,#6829,#6830));
#6827 = ORIENTED_EDGE('',*,*,#6797,.F.);
#6828 = ORIENTED_EDGE('',*,*,#6761,.T.);
#6829 = ORIENTED_EDGE('',*,*,#6814,.T.);
#6830 = ORIENTED_EDGE('',*,*,#6831,.F.);
#6831 = EDGE_CURVE('',#6798,#6806,#6832,.T.);
#6832 = CIRCLE('',#6833,2.779999999999);
#6833 = AXIS2_PLACEMENT_3D('',#6834,#6835,#6836);
#6834 = CARTESIAN_POINT('',(0.,0.,0.25));
#6835 = DIRECTION('',(0.,0.,1.));
#6836 = DIRECTION('',(1.,0.,0.));
#6837 = CONICAL_SURFACE('',#6838,2.529999999999,0.785398163397);
#6838 = AXIS2_PLACEMENT_3D('',#6839,#6840,#6841);
#6839 = CARTESIAN_POINT('',(0.,0.,0.));
#6840 = DIRECTION('',(0.,0.,1.));
#6841 = DIRECTION('',(1.,0.,0.));
#6842 = ADVANCED_FACE('',(#6843),#6871,.T.);
#6843 = FACE_BOUND('',#6844,.T.);
#6844 = EDGE_LOOP('',(#6845,#6846,#6847,#6854,#6863,#6870));
#6845 = ORIENTED_EDGE('',*,*,#6781,.F.);
#6846 = ORIENTED_EDGE('',*,*,#6770,.F.);
#6847 = ORIENTED_EDGE('',*,*,#6848,.F.);
#6848 = EDGE_CURVE('',#6849,#6771,#6851,.T.);
#6849 = VERTEX_POINT('',#6850);
#6850 = CARTESIAN_POINT('',(2.044999999999,0.,-1.279999999999));
#6851 = B_SPLINE_CURVE_WITH_KNOTS('',1,(#6852,#6853),.UNSPECIFIED.,.F.,
  .F.,(2,2),(-1.279999999999,0.),.PIECEWISE_BEZIER_KNOTS.);
#6852 = CARTESIAN_POINT('',(2.044999999999,-5.00880540851E-16,
    -1.279999999999));
#6853 = CARTESIAN_POINT('',(2.044999999999,-5.00880540851E-16,0.));
#6854 = ORIENTED_EDGE('',*,*,#6855,.T.);
#6855 = EDGE_CURVE('',#6849,#6856,#6858,.T.);
#6856 = VERTEX_POINT('',#6857);
#6857 = CARTESIAN_POINT('',(-2.044999999999,0.,-1.279999999999));
#6858 = CIRCLE('',#6859,2.044999999999);
#6859 = AXIS2_PLACEMENT_3D('',#6860,#6861,#6862);
#6860 = CARTESIAN_POINT('',(0.,0.,-1.279999999999));
#6861 = DIRECTION('',(0.,0.,1.));
#6862 = DIRECTION('',(1.,0.,0.));
#6863 = ORIENTED_EDGE('',*,*,#6864,.T.);
#6864 = EDGE_CURVE('',#6856,#6849,#6865,.T.);
#6865 = CIRCLE('',#6866,2.044999999999);
#6866 = AXIS2_PLACEMENT_3D('',#6867,#6868,#6869);
#6867 = CARTESIAN_POINT('',(0.,0.,-1.279999999999));
#6868 = DIRECTION('',(0.,0.,1.));
#6869 = DIRECTION('',(1.,0.,0.));
#6870 = ORIENTED_EDGE('',*,*,#6848,.T.);
#6871 = CYLINDRICAL_SURFACE('',#6872,2.044999999999);
#6872 = AXIS2_PLACEMENT_3D('',#6873,#6874,#6875);
#6873 = CARTESIAN_POINT('',(0.,0.,0.));
#6874 = DIRECTION('',(0.,0.,1.));
#6875 = DIRECTION('',(1.,0.,0.));
#6876 = ADVANCED_FACE('',(#6877),#6893,.T.);
#6877 = FACE_BOUND('',#6878,.T.);
#6878 = EDGE_LOOP('',(#6879,#6880,#6886,#6887));
#6879 = ORIENTED_EDGE('',*,*,#3496,.T.);
#6880 = ORIENTED_EDGE('',*,*,#6881,.T.);
#6881 = EDGE_CURVE('',#3499,#6856,#6882,.T.);
#6882 = LINE('',#6883,#6884);
#6883 = CARTESIAN_POINT('',(-1.794999999999,2.2E-16,-1.53));
#6884 = VECTOR('',#6885,1.);
#6885 = DIRECTION('',(-0.707106781187,9.E-17,0.707106781187));
#6886 = ORIENTED_EDGE('',*,*,#6855,.F.);
#6887 = ORIENTED_EDGE('',*,*,#6888,.F.);
#6888 = EDGE_CURVE('',#3497,#6849,#6889,.T.);
#6889 = LINE('',#6890,#6891);
#6890 = CARTESIAN_POINT('',(1.794999999999,0.,-1.53));
#6891 = VECTOR('',#6892,1.);
#6892 = DIRECTION('',(0.707106781187,0.,0.707106781187));
#6893 = CONICAL_SURFACE('',#6894,1.794999999999,0.785398163397);
#6894 = AXIS2_PLACEMENT_3D('',#6895,#6896,#6897);
#6895 = CARTESIAN_POINT('',(0.,0.,-1.53));
#6896 = DIRECTION('',(0.,0.,1.));
#6897 = DIRECTION('',(1.,0.,0.));
#6898 = ADVANCED_FACE('',(#6899),#6905,.T.);
#6899 = FACE_BOUND('',#6900,.T.);
#6900 = EDGE_LOOP('',(#6901,#6902,#6903,#6904));
#6901 = ORIENTED_EDGE('',*,*,#6881,.F.);
#6902 = ORIENTED_EDGE('',*,*,#3507,.T.);
#6903 = ORIENTED_EDGE('',*,*,#6888,.T.);
#6904 = ORIENTED_EDGE('',*,*,#6864,.F.);
#6905 = CONICAL_SURFACE('',#6906,1.794999999999,0.785398163397);
#6906 = AXIS2_PLACEMENT_3D('',#6907,#6908,#6909);
#6907 = CARTESIAN_POINT('',(0.,0.,-1.53));
#6908 = DIRECTION('',(0.,0.,1.));
#6909 = DIRECTION('',(1.,0.,0.));
#6910 = ADVANCED_FACE('',(#6911),#6957,.F.);
#6911 = FACE_BOUND('',#6912,.F.);
#6912 = EDGE_LOOP('',(#6913,#6914,#6915,#6916,#6917,#6918,#6919,#6920,
    #6921,#6922,#6923,#6924,#6925,#6926,#6927,#6928,#6929,#6930,#6931,
    #6932,#6933,#6934,#6935,#6936,#6937,#6938,#6939,#6940,#6941,#6942,
    #6943,#6944,#6945,#6946,#6947,#6948,#6949,#6950,#6951,#6952,#6953,
    #6954,#6955,#6956));
#6913 = ORIENTED_EDGE('',*,*,#3809,.T.);
#6914 = ORIENTED_EDGE('',*,*,#3821,.T.);
#6915 = ORIENTED_EDGE('',*,*,#3833,.T.);
#6916 = ORIENTED_EDGE('',*,*,#3845,.T.);
#6917 = ORIENTED_EDGE('',*,*,#3857,.T.);
#6918 = ORIENTED_EDGE('',*,*,#3869,.T.);
#6919 = ORIENTED_EDGE('',*,*,#3881,.T.);
#6920 = ORIENTED_EDGE('',*,*,#3893,.T.);
#6921 = ORIENTED_EDGE('',*,*,#3905,.T.);
#6922 = ORIENTED_EDGE('',*,*,#3917,.T.);
#6923 = ORIENTED_EDGE('',*,*,#3929,.T.);
#6924 = ORIENTED_EDGE('',*,*,#3941,.T.);
#6925 = ORIENTED_EDGE('',*,*,#3953,.T.);
#6926 = ORIENTED_EDGE('',*,*,#3965,.T.);
#6927 = ORIENTED_EDGE('',*,*,#3977,.T.);
#6928 = ORIENTED_EDGE('',*,*,#3989,.T.);
#6929 = ORIENTED_EDGE('',*,*,#4001,.T.);
#6930 = ORIENTED_EDGE('',*,*,#4013,.T.);
#6931 = ORIENTED_EDGE('',*,*,#4025,.T.);
#6932 = ORIENTED_EDGE('',*,*,#4037,.T.);
#6933 = ORIENTED_EDGE('',*,*,#3465,.T.);
#6934 = ORIENTED_EDGE('',*,*,#5778,.F.);
#6935 = ORIENTED_EDGE('',*,*,#5786,.F.);
#6936 = ORIENTED_EDGE('',*,*,#5798,.F.);
#6937 = ORIENTED_EDGE('',*,*,#5810,.F.);
#6938 = ORIENTED_EDGE('',*,*,#5822,.F.);
#6939 = ORIENTED_EDGE('',*,*,#5834,.F.);
#6940 = ORIENTED_EDGE('',*,*,#5846,.F.);
#6941 = ORIENTED_EDGE('',*,*,#5858,.F.);
#6942 = ORIENTED_EDGE('',*,*,#5870,.F.);
#6943 = ORIENTED_EDGE('',*,*,#5882,.F.);
#6944 = ORIENTED_EDGE('',*,*,#5894,.F.);
#6945 = ORIENTED_EDGE('',*,*,#5906,.F.);
#6946 = ORIENTED_EDGE('',*,*,#5918,.F.);
#6947 = ORIENTED_EDGE('',*,*,#5930,.F.);
#6948 = ORIENTED_EDGE('',*,*,#5942,.F.);
#6949 = ORIENTED_EDGE('',*,*,#5954,.F.);
#6950 = ORIENTED_EDGE('',*,*,#5966,.F.);
#6951 = ORIENTED_EDGE('',*,*,#5978,.F.);
#6952 = ORIENTED_EDGE('',*,*,#5990,.F.);
#6953 = ORIENTED_EDGE('',*,*,#6002,.F.);
#6954 = ORIENTED_EDGE('',*,*,#6014,.F.);
#6955 = ORIENTED_EDGE('',*,*,#3297,.F.);
#6956 = ORIENTED_EDGE('',*,*,#3797,.T.);
#6957 = CYLINDRICAL_SURFACE('',#6958,1.249999999999);
#6958 = AXIS2_PLACEMENT_3D('',#6959,#6960,#6961);
#6959 = CARTESIAN_POINT('',(0.,0.,0.));
#6960 = DIRECTION('',(0.,0.,1.));
#6961 = DIRECTION('',(1.,0.,0.));
#6962 = ADVANCED_FACE('',(#6963),#6975,.T.);
#6963 = FACE_BOUND('',#6964,.T.);
#6964 = EDGE_LOOP('',(#6965,#6966,#6967,#6972,#6973,#6974));
#6965 = ORIENTED_EDGE('',*,*,#6805,.T.);
#6966 = ORIENTED_EDGE('',*,*,#6831,.T.);
#6967 = ORIENTED_EDGE('',*,*,#6968,.T.);
#6968 = EDGE_CURVE('',#6806,#3320,#6969,.T.);
#6969 = B_SPLINE_CURVE_WITH_KNOTS('',1,(#6970,#6971),.UNSPECIFIED.,.F.,
  .F.,(2,2),(0.25,4.),.PIECEWISE_BEZIER_KNOTS.);
#6970 = CARTESIAN_POINT('',(2.779999999999,0.,0.25));
#6971 = CARTESIAN_POINT('',(2.779999999999,0.,4.));
#6972 = ORIENTED_EDGE('',*,*,#3335,.F.);
#6973 = ORIENTED_EDGE('',*,*,#3326,.F.);
#6974 = ORIENTED_EDGE('',*,*,#6968,.F.);
#6975 = CYLINDRICAL_SURFACE('',#6976,2.779999999999);
#6976 = AXIS2_PLACEMENT_3D('',#6977,#6978,#6979);
#6977 = CARTESIAN_POINT('',(0.,0.,0.));
#6978 = DIRECTION('',(0.,0.,1.));
#6979 = DIRECTION('',(1.,0.,0.));
#6980 = ( GEOMETRIC_REPRESENTATION_CONTEXT(3) 
GLOBAL_UNCERTAINTY_ASSIGNED_CONTEXT((#6984)) 
GLOBAL_UNIT_ASSIGNED_CONTEXT((#6981,#6982,#6983)) REPRESENTATION_CONTEXT
('Context #1','3D Context with UNIT and UNCERTAINTY') );
#6981 = ( LENGTH_UNIT() NAMED_UNIT(*) SI_UNIT(.MILLI.,.METRE.) );
#6982 = ( NAMED_UNIT(*) PLANE_ANGLE_UNIT() SI_UNIT($,.RADIAN.) );
#6983 = ( NAMED_UNIT(*) SI_UNIT($,.STERADIAN.) SOLID_ANGLE_UNIT() );
#6984 = UNCERTAINTY_MEASURE_WITH_UNIT(LENGTH_MEASURE(2.E-04),#6981,
  'distance_accuracy_value','confusion accuracy');
#6985 = PRODUCT_RELATED_PRODUCT_CATEGORY('part',$,(#7));
#6986 = MECHANICAL_DESIGN_GEOMETRIC_PRESENTATION_REPRESENTATION('',(
    #6987),#6980);
#6987 = STYLED_ITEM('color',(#6988),#15);
#6988 = PRESENTATION_STYLE_ASSIGNMENT((#6989,#6995));
#6989 = SURFACE_STYLE_USAGE(.BOTH.,#6990);
#6990 = SURFACE_SIDE_STYLE('',(#6991));
#6991 = SURFACE_STYLE_FILL_AREA(#6992);
#6992 = FILL_AREA_STYLE('',(#6993));
#6993 = FILL_AREA_STYLE_COLOUR('',#6994);
#6994 = COLOUR_RGB('',0.678430976034,0.709803998361,0.741176010593);
#6995 = CURVE_STYLE('',#6996,POSITIVE_LENGTH_MEASURE(0.1),#6997);
#6996 = DRAUGHTING_PRE_DEFINED_CURVE_FONT('continuous');
#6997 = COLOUR_RGB('',9.803921802644E-02,9.803921802644E-02,
  9.803921802644E-02);
ENDSEC;
END-ISO-10303-21;
