ISO-10303-21;
HEADER;
FILE_DESCRIPTION(('FreeCAD Model'),'2;1');
FILE_NAME('Open CASCADE Shape Model','2026-07-30T15:38:20',('Author'),(
    ''),'Open CASCADE STEP processor 7.8','FreeCAD','Unknown');
FILE_SCHEMA(('AUTOMOTIVE_DESIGN { 1 0 10303 214 1 1 1 1 }'));
ENDSEC;
DATA;
#1 = APPLICATION_PROTOCOL_DEFINITION('international standard',
  'automotive_design',2000,#2);
#2 = APPLICATION_CONTEXT(
  'core data for automotive mechanical design processes');
#3 = SHAPE_DEFINITION_REPRESENTATION(#4,#10);
#4 = PRODUCT_DEFINITION_SHAPE('','',#5);
#5 = PRODUCT_DEFINITION('design','',#6,#9);
#6 = PRODUCT_DEFINITION_FORMATION('','',#7);
#7 = PRODUCT(
  'U?~SCREW-SMD_BD5.6-D4.1-H8.0~SCREW-SMD_BD5.6-D4.1-H8.0~ugFl',
  'U?~SCREW-SMD_BD5.6-D4.1-H8.0~SCREW-SMD_BD5.6-D4.1-H8.0~ugFl','',(#8)
  );
#8 = PRODUCT_CONTEXT('',#2,'mechanical');
#9 = PRODUCT_DEFINITION_CONTEXT('part definition',#2,'design');
#10 = SHAPE_REPRESENTATION('',(#11,#15),#19);
#11 = AXIS2_PLACEMENT_3D('',#12,#13,#14);
#12 = CARTESIAN_POINT('',(0.,0.,0.));
#13 = DIRECTION('',(0.,0.,1.));
#14 = DIRECTION('',(1.,0.,-0.));
#15 = AXIS2_PLACEMENT_3D('',#16,#17,#18);
#16 = CARTESIAN_POINT('',(0.,0.,0.));
#17 = DIRECTION('',(0.,0.,1.));
#18 = DIRECTION('',(1.,0.,0.));
#19 = ( GEOMETRIC_REPRESENTATION_CONTEXT(3) 
GLOBAL_UNCERTAINTY_ASSIGNED_CONTEXT((#23)) GLOBAL_UNIT_ASSIGNED_CONTEXT(
(#20,#21,#22)) REPRESENTATION_CONTEXT('Context #1',
  '3D Context with UNIT and UNCERTAINTY') );
#20 = ( LENGTH_UNIT() NAMED_UNIT(*) SI_UNIT(.MILLI.,.METRE.) );
#21 = ( NAMED_UNIT(*) PLANE_ANGLE_UNIT() SI_UNIT($,.RADIAN.) );
#22 = ( NAMED_UNIT(*) SI_UNIT($,.STERADIAN.) SOLID_ANGLE_UNIT() );
#23 = UNCERTAINTY_MEASURE_WITH_UNIT(LENGTH_MEASURE(2.E-04),#20,
  'distance_accuracy_value','confusion accuracy');
#24 = PRODUCT_RELATED_PRODUCT_CATEGORY('part',$,(#7));
#25 = SHAPE_DEFINITION_REPRESENTATION(#26,#32);
#26 = PRODUCT_DEFINITION_SHAPE('','',#27);
#27 = PRODUCT_DEFINITION('design','',#28,#31);
#28 = PRODUCT_DEFINITION_FORMATION('','',#29);
#29 = PRODUCT('Shell','Shell','',(#30));
#30 = PRODUCT_CONTEXT('',#2,'mechanical');
#31 = PRODUCT_DEFINITION_CONTEXT('part definition',#2,'design');
#32 = MANIFOLD_SURFACE_SHAPE_REPRESENTATION('',(#11,#33),#4109);
#33 = SHELL_BASED_SURFACE_MODEL('',(#34));
#34 = CLOSED_SHELL('',(#35,#95,#164,#194,#236,#258,#290,#314,#350,#382,
    #414,#438,#450,#462,#474,#511,#575,#655,#694,#733,#772,#811,#850,
    #889,#928,#967,#1006,#1045,#1084,#1123,#1162,#1201,#1240,#1279,#1318
    ,#1357,#1396,#1435,#1474,#1513,#1552,#1591,#1630,#1669,#1708,#1747,
    #1786,#1825,#1864,#1903,#1942,#1966,#1980,#2962,#3535));
#35 = ADVANCED_FACE('',(#36),#90,.F.);
#36 = FACE_BOUND('',#37,.F.);
#37 = EDGE_LOOP('',(#38,#48,#57,#65));
#38 = ORIENTED_EDGE('',*,*,#39,.T.);
#39 = EDGE_CURVE('',#40,#42,#44,.T.);
#40 = VERTEX_POINT('',#41);
#41 = CARTESIAN_POINT('',(1.408493649053,1.724907238933E-16,
    7.658493649053));
#42 = VERTEX_POINT('',#43);
#43 = CARTESIAN_POINT('',(1.749999999999,0.,7.999999999999));
#44 = LINE('',#45,#46);
#45 = CARTESIAN_POINT('',(1.749999999999,0.,7.999999999999));
#46 = VECTOR('',#47,1.);
#47 = DIRECTION('',(0.707106781187,0.,0.707106781187));
#48 = ORIENTED_EDGE('',*,*,#49,.T.);
#49 = EDGE_CURVE('',#42,#50,#52,.T.);
#50 = VERTEX_POINT('',#51);
#51 = CARTESIAN_POINT('',(-1.749999999999,2.143131898507E-16,
    7.999999999999));
#52 = CIRCLE('',#53,1.749999999999);
#53 = AXIS2_PLACEMENT_3D('',#54,#55,#56);
#54 = CARTESIAN_POINT('',(0.,0.,7.999999999999));
#55 = DIRECTION('',(0.,0.,-1.));
#56 = DIRECTION('',(-1.,0.,0.));
#57 = ORIENTED_EDGE('',*,*,#58,.F.);
#58 = EDGE_CURVE('',#59,#50,#61,.T.);
#59 = VERTEX_POINT('',#60);
#60 = CARTESIAN_POINT('',(-1.25,0.,7.499999999999));
#61 = LINE('',#62,#63);
#62 = CARTESIAN_POINT('',(-1.749999999999,2.143131898507E-16,
    7.999999999999));
#63 = VECTOR('',#64,1.);
#64 = DIRECTION('',(-0.707106781187,8.659560562362E-17,0.707106781187));
#65 = ORIENTED_EDGE('',*,*,#66,.F.);
#66 = EDGE_CURVE('',#40,#59,#67,.T.);
#67 = B_SPLINE_CURVE_WITH_KNOTS('',3,(#68,#69,#70,#71,#72,#73,#74,#75,
    #76,#77,#78,#79,#80,#81,#82,#83,#84,#85,#86,#87,#88,#89),
  .UNSPECIFIED.,.F.,.F.,(4,2,2,2,2,2,2,2,2,2,4),(3.254855116E-03,
    3.774003217E-03,4.293151317E-03,4.552725368E-03,4.812299418E-03,
    5.331447518E-03,5.850595619E-03,6.110169669E-03,6.369743719E-03,
    6.88889182E-03,7.40803992E-03),.UNSPECIFIED.);
#68 = CARTESIAN_POINT('',(1.408493649053,1.724907238933E-16,
    7.658493649053));
#69 = CARTESIAN_POINT('',(1.402873386597,-0.173017586068,7.652873386597)
  );
#70 = CARTESIAN_POINT('',(1.363774724291,-0.347005854383,7.646535708636)
  );
#71 = CARTESIAN_POINT('',(1.225611640403,-0.664827483198,7.633523364245)
  );
#72 = CARTESIAN_POINT('',(1.125420433339,-0.811767252302,7.626724985373)
  );
#73 = CARTESIAN_POINT('',(0.940607313811,-0.995648667973,7.616937088621)
  );
#74 = CARTESIAN_POINT('',(0.872225307234,-1.051852080783,7.613689882906)
  );
#75 = CARTESIAN_POINT('',(0.728346159444,-1.14888513229,7.607536550331)
  );
#76 = CARTESIAN_POINT('',(0.652356121098,-1.190478523978,7.604694851564)
  );
#77 = CARTESIAN_POINT('',(0.411328059536,-1.292834390898,7.595426920762)
  );
#78 = CARTESIAN_POINT('',(0.239509720936,-1.32879019134,7.588734891764)
  );
#79 = CARTESIAN_POINT('',(-0.111964076353,-1.33170761099,7.574818458116)
  );
#80 = CARTESIAN_POINT('',(-0.284757065148,-1.298476553538,7.567864403902
    ));
#81 = CARTESIAN_POINT('',(-0.527145852454,-1.200197471369,7.557962683049
    ));
#82 = CARTESIAN_POINT('',(-0.603894598654,-1.159977741973,7.554870532025
    ));
#83 = CARTESIAN_POINT('',(-0.749149661944,-1.064379541052,7.548683595258
    ));
#84 = CARTESIAN_POINT('',(-0.817816360623,-1.008290638694,7.545360798547
    ));
#85 = CARTESIAN_POINT('',(-1.001481328019,-0.823909038145,7.535198389369
    ));
#86 = CARTESIAN_POINT('',(-1.099232270298,-0.674281082891,7.527874959563
    ));
#87 = CARTESIAN_POINT('',(-1.22596339753,-0.351553874755,7.513556183321)
  );
#88 = CARTESIAN_POINT('',(-1.256433319002,-0.175761543748,7.506433319002
    ));
#89 = CARTESIAN_POINT('',(-1.25,0.,7.499999999999));
#90 = CONICAL_SURFACE('',#91,1.749999999999,0.785398163397);
#91 = AXIS2_PLACEMENT_3D('',#92,#93,#94);
#92 = CARTESIAN_POINT('',(0.,0.,7.999999999999));
#93 = DIRECTION('',(0.,0.,1.));
#94 = DIRECTION('',(1.,0.,0.));
#95 = ADVANCED_FACE('',(#96),#159,.F.);
#96 = FACE_BOUND('',#97,.F.);
#97 = EDGE_LOOP('',(#98,#105,#106,#125,#136,#151,#158));
#98 = ORIENTED_EDGE('',*,*,#99,.T.);
#99 = EDGE_CURVE('',#50,#42,#100,.T.);
#100 = CIRCLE('',#101,1.749999999999);
#101 = AXIS2_PLACEMENT_3D('',#102,#103,#104);
#102 = CARTESIAN_POINT('',(0.,0.,7.999999999999));
#103 = DIRECTION('',(0.,0.,-1.));
#104 = DIRECTION('',(-1.,0.,0.));
#105 = ORIENTED_EDGE('',*,*,#39,.F.);
#106 = ORIENTED_EDGE('',*,*,#107,.F.);
#107 = EDGE_CURVE('',#108,#40,#110,.T.);
#108 = VERTEX_POINT('',#109);
#109 = CARTESIAN_POINT('',(-0.932572345827,1.201096728164,7.770632937499
    ));
#110 = B_SPLINE_CURVE_WITH_KNOTS('',3,(#111,#112,#113,#114,#115,#116,
    #117,#118,#119,#120,#121,#122,#123,#124),.UNSPECIFIED.,.F.,.F.,(4,2,
    2,2,2,2,4),(1.121430444527E-13,4.06856889E-04,8.13713779E-04,
    1.220570668E-03,1.627427558E-03,2.441141337E-03,3.254855116E-03),
  .UNSPECIFIED.);
#111 = CARTESIAN_POINT('',(-0.932572345827,1.201096728164,7.770632937499
    ));
#112 = CARTESIAN_POINT('',(-0.821315870124,1.281882433281,7.766211576986
    ));
#113 = CARTESIAN_POINT('',(-0.701981781233,1.346382643631,7.762276991467
    ));
#114 = CARTESIAN_POINT('',(-0.446810048761,1.441970344978,7.753454272712
    ));
#115 = CARTESIAN_POINT('',(-0.311868825057,1.472193735674,7.748749025953
    ));
#116 = CARTESIAN_POINT('',(-4.1589515191E-02,1.494806833181,
    7.739231090091));
#117 = CARTESIAN_POINT('',(9.7313687884E-02,1.48729089057,7.734292141862
    ));
#118 = CARTESIAN_POINT('',(0.363666031928,1.435601020737,7.724727869436)
  );
#119 = CARTESIAN_POINT('',(0.49465502209,1.390925272512,7.719975960743)
  );
#120 = CARTESIAN_POINT('',(0.85952464016,1.207091234067,7.706620175844)
  );
#121 = CARTESIAN_POINT('',(1.066644828354,1.016117300234,7.697630047282)
  );
#122 = CARTESIAN_POINT('',(1.34672706829,0.546727205622,7.67758244243));
#123 = CARTESIAN_POINT('',(1.417302859757,0.271188113186,7.667302859757)
  );
#124 = CARTESIAN_POINT('',(1.408493649053,1.724907238933E-16,
    7.658493649053));
#125 = ORIENTED_EDGE('',*,*,#126,.F.);
#126 = EDGE_CURVE('',#127,#108,#129,.T.);
#127 = VERTEX_POINT('',#128);
#128 = CARTESIAN_POINT('',(-1.505371808998,0.21489589871,7.770632937499)
  );
#129 = B_SPLINE_CURVE_WITH_KNOTS('',3,(#130,#131,#132,#133,#134,#135),
  .UNSPECIFIED.,.F.,.F.,(4,2,4),(4.369549976053E-18,5.87173722E-04,
    1.174347444E-03),.UNSPECIFIED.);
#130 = CARTESIAN_POINT('',(-1.505371808998,0.21489589871,7.770632937499)
  );
#131 = CARTESIAN_POINT('',(-1.477688573062,0.408820320764,7.770632937499
    ));
#132 = CARTESIAN_POINT('',(-1.411694123163,0.59731418147,7.770632937499)
  );
#133 = CARTESIAN_POINT('',(-1.217430044693,0.931412161741,7.770632937499
    ));
#134 = CARTESIAN_POINT('',(-1.087299561688,1.080961255912,7.7706329375)
  );
#135 = CARTESIAN_POINT('',(-0.932572345827,1.201096728164,7.770632937499
    ));
#136 = ORIENTED_EDGE('',*,*,#137,.F.);
#137 = EDGE_CURVE('',#138,#127,#140,.T.);
#138 = VERTEX_POINT('',#139);
#139 = CARTESIAN_POINT('',(2.04839018882E-08,1.25,7.499999999999));
#140 = B_SPLINE_CURVE_WITH_KNOTS('',3,(#141,#142,#143,#144,#145,#146,
    #147,#148,#149,#150),.UNSPECIFIED.,.F.,.F.,(4,2,2,2,4),(
    1.461539731372E-17,5.03253776E-04,1.006507552E-03,1.509761328E-03,
    2.013015104E-03),.UNSPECIFIED.);
#141 = CARTESIAN_POINT('',(2.04839018882E-08,1.25,7.499999999999));
#142 = CARTESIAN_POINT('',(-0.16534238331,1.27608029129,7.52608028858));
#143 = CARTESIAN_POINT('',(-0.334740737806,1.267991057479,7.551120779602
    ));
#144 = CARTESIAN_POINT('',(-0.656106284904,1.187186927317,7.596458635532
    ));
#145 = CARTESIAN_POINT('',(-0.809650525121,1.113418157139,7.616834239279
    ));
#146 = CARTESIAN_POINT('',(-1.080796215976,0.922474160241,7.661410963883
    ));
#147 = CARTESIAN_POINT('',(-1.200517956992,0.802182868021,7.684529190874
    ));
#148 = CARTESIAN_POINT('',(-1.389936645788,0.530978669299,7.728849386251
    ));
#149 = CARTESIAN_POINT('',(-1.461931348835,0.377183134172,7.750562885068
    ));
#150 = CARTESIAN_POINT('',(-1.505371808998,0.21489589871,7.770632937499)
  );
#151 = ORIENTED_EDGE('',*,*,#152,.F.);
#152 = EDGE_CURVE('',#59,#138,#153,.T.);
#153 = CIRCLE('',#154,1.25);
#154 = AXIS2_PLACEMENT_3D('',#155,#156,#157);
#155 = CARTESIAN_POINT('',(0.,0.,7.499999999999));
#156 = DIRECTION('',(0.,0.,-1.));
#157 = DIRECTION('',(-1.,0.,0.));
#158 = ORIENTED_EDGE('',*,*,#58,.T.);
#159 = CONICAL_SURFACE('',#160,1.749999999999,0.785398163397);
#160 = AXIS2_PLACEMENT_3D('',#161,#162,#163);
#161 = CARTESIAN_POINT('',(0.,0.,7.999999999999));
#162 = DIRECTION('',(0.,0.,1.));
#163 = DIRECTION('',(1.,0.,0.));
#164 = ADVANCED_FACE('',(#165,#169),#189,.T.);
#165 = FACE_BOUND('',#166,.T.);
#166 = EDGE_LOOP('',(#167,#168));
#167 = ORIENTED_EDGE('',*,*,#49,.T.);
#168 = ORIENTED_EDGE('',*,*,#99,.T.);
#169 = FACE_BOUND('',#170,.T.);
#170 = EDGE_LOOP('',(#171,#182));
#171 = ORIENTED_EDGE('',*,*,#172,.F.);
#172 = EDGE_CURVE('',#173,#175,#177,.T.);
#173 = VERTEX_POINT('',#174);
#174 = CARTESIAN_POINT('',(-2.529999999999,0.,7.999999999999));
#175 = VERTEX_POINT('',#176);
#176 = CARTESIAN_POINT('',(2.529999999999,3.251437251736E-16,
    7.999999999999));
#177 = CIRCLE('',#178,2.529999999999);
#178 = AXIS2_PLACEMENT_3D('',#179,#180,#181);
#179 = CARTESIAN_POINT('',(0.,0.,7.999999999999));
#180 = DIRECTION('',(0.,0.,-1.));
#181 = DIRECTION('',(-1.,0.,0.));
#182 = ORIENTED_EDGE('',*,*,#183,.F.);
#183 = EDGE_CURVE('',#175,#173,#184,.T.);
#184 = CIRCLE('',#185,2.529999999999);
#185 = AXIS2_PLACEMENT_3D('',#186,#187,#188);
#186 = CARTESIAN_POINT('',(0.,0.,7.999999999999));
#187 = DIRECTION('',(0.,0.,-1.));
#188 = DIRECTION('',(-1.,0.,0.));
#189 = PLANE('',#190);
#190 = AXIS2_PLACEMENT_3D('',#191,#192,#193);
#191 = CARTESIAN_POINT('',(0.,2.529999999999,7.999999999999));
#192 = DIRECTION('',(0.,0.,1.));
#193 = DIRECTION('',(1.,0.,0.));
#194 = ADVANCED_FACE('',(#195),#231,.T.);
#195 = FACE_BOUND('',#196,.T.);
#196 = EDGE_LOOP('',(#197,#208,#216,#225));
#197 = ORIENTED_EDGE('',*,*,#198,.T.);
#198 = EDGE_CURVE('',#199,#201,#203,.T.);
#199 = VERTEX_POINT('',#200);
#200 = CARTESIAN_POINT('',(-2.779999999999,0.,7.749999999999));
#201 = VERTEX_POINT('',#202);
#202 = CARTESIAN_POINT('',(2.779999999999,3.404518101629E-16,
    7.749999999999));
#203 = CIRCLE('',#204,2.779999999999);
#204 = AXIS2_PLACEMENT_3D('',#205,#206,#207);
#205 = CARTESIAN_POINT('',(0.,0.,7.749999999999));
#206 = DIRECTION('',(0.,0.,-1.));
#207 = DIRECTION('',(-1.,0.,0.));
#208 = ORIENTED_EDGE('',*,*,#209,.T.);
#209 = EDGE_CURVE('',#201,#210,#212,.T.);
#210 = VERTEX_POINT('',#211);
#211 = CARTESIAN_POINT('',(2.779999999999,3.404518101629E-16,
    0.249999999999));
#212 = LINE('',#213,#214);
#213 = CARTESIAN_POINT('',(2.779999999999,3.404518101629E-16,0.));
#214 = VECTOR('',#215,1.);
#215 = DIRECTION('',(0.,0.,-1.));
#216 = ORIENTED_EDGE('',*,*,#217,.F.);
#217 = EDGE_CURVE('',#218,#210,#220,.T.);
#218 = VERTEX_POINT('',#219);
#219 = CARTESIAN_POINT('',(-2.779999999999,0.,0.249999999999));
#220 = CIRCLE('',#221,2.779999999999);
#221 = AXIS2_PLACEMENT_3D('',#222,#223,#224);
#222 = CARTESIAN_POINT('',(0.,0.,0.249999999999));
#223 = DIRECTION('',(0.,0.,-1.));
#224 = DIRECTION('',(-1.,0.,0.));
#225 = ORIENTED_EDGE('',*,*,#226,.F.);
#226 = EDGE_CURVE('',#199,#218,#227,.T.);
#227 = LINE('',#228,#229);
#228 = CARTESIAN_POINT('',(-2.779999999999,0.,0.));
#229 = VECTOR('',#230,1.);
#230 = DIRECTION('',(0.,0.,-1.));
#231 = CYLINDRICAL_SURFACE('',#232,2.779999999999);
#232 = AXIS2_PLACEMENT_3D('',#233,#234,#235);
#233 = CARTESIAN_POINT('',(0.,0.,0.));
#234 = DIRECTION('',(0.,0.,-1.));
#235 = DIRECTION('',(-1.,0.,0.));
#236 = ADVANCED_FACE('',(#237),#253,.T.);
#237 = FACE_BOUND('',#238,.T.);
#238 = EDGE_LOOP('',(#239,#240,#246,#247));
#239 = ORIENTED_EDGE('',*,*,#172,.T.);
#240 = ORIENTED_EDGE('',*,*,#241,.T.);
#241 = EDGE_CURVE('',#175,#201,#242,.T.);
#242 = LINE('',#243,#244);
#243 = CARTESIAN_POINT('',(2.779999999999,3.404518101629E-16,
    7.749999999999));
#244 = VECTOR('',#245,1.);
#245 = DIRECTION('',(0.707106781187,8.659560562361E-17,-0.707106781187)
  );
#246 = ORIENTED_EDGE('',*,*,#198,.F.);
#247 = ORIENTED_EDGE('',*,*,#248,.F.);
#248 = EDGE_CURVE('',#173,#199,#249,.T.);
#249 = LINE('',#250,#251);
#250 = CARTESIAN_POINT('',(-2.779999999999,0.,7.749999999999));
#251 = VECTOR('',#252,1.);
#252 = DIRECTION('',(-0.707106781187,0.,-0.707106781187));
#253 = CONICAL_SURFACE('',#254,2.779999999999,0.785398163397);
#254 = AXIS2_PLACEMENT_3D('',#255,#256,#257);
#255 = CARTESIAN_POINT('',(0.,0.,7.749999999999));
#256 = DIRECTION('',(0.,0.,-1.));
#257 = DIRECTION('',(-1.,0.,0.));
#258 = ADVANCED_FACE('',(#259),#285,.T.);
#259 = FACE_BOUND('',#260,.T.);
#260 = EDGE_LOOP('',(#261,#272,#278,#279));
#261 = ORIENTED_EDGE('',*,*,#262,.F.);
#262 = EDGE_CURVE('',#263,#265,#267,.T.);
#263 = VERTEX_POINT('',#264);
#264 = CARTESIAN_POINT('',(-2.529999999999,3.251437251736E-16,0.));
#265 = VERTEX_POINT('',#266);
#266 = CARTESIAN_POINT('',(2.529999999999,0.,0.));
#267 = CIRCLE('',#268,2.529999999999);
#268 = AXIS2_PLACEMENT_3D('',#269,#270,#271);
#269 = CARTESIAN_POINT('',(0.,0.,0.));
#270 = DIRECTION('',(0.,0.,-1.));
#271 = DIRECTION('',(-1.,0.,0.));
#272 = ORIENTED_EDGE('',*,*,#273,.T.);
#273 = EDGE_CURVE('',#263,#218,#274,.T.);
#274 = LINE('',#275,#276);
#275 = CARTESIAN_POINT('',(-2.529999999999,3.098356401842E-16,0.));
#276 = VECTOR('',#277,1.);
#277 = DIRECTION('',(-0.707106781187,8.659560562362E-17,0.707106781187)
  );
#278 = ORIENTED_EDGE('',*,*,#217,.T.);
#279 = ORIENTED_EDGE('',*,*,#280,.F.);
#280 = EDGE_CURVE('',#265,#210,#281,.T.);
#281 = LINE('',#282,#283);
#282 = CARTESIAN_POINT('',(2.529999999999,0.,0.));
#283 = VECTOR('',#284,1.);
#284 = DIRECTION('',(0.707106781187,0.,0.707106781187));
#285 = CONICAL_SURFACE('',#286,2.529999999999,0.785398163397);
#286 = AXIS2_PLACEMENT_3D('',#287,#288,#289);
#287 = CARTESIAN_POINT('',(0.,0.,0.));
#288 = DIRECTION('',(0.,0.,1.));
#289 = DIRECTION('',(1.,0.,0.));
#290 = ADVANCED_FACE('',(#291),#309,.T.);
#291 = FACE_BOUND('',#292,.T.);
#292 = EDGE_LOOP('',(#293,#294,#301,#302));
#293 = ORIENTED_EDGE('',*,*,#209,.F.);
#294 = ORIENTED_EDGE('',*,*,#295,.T.);
#295 = EDGE_CURVE('',#201,#199,#296,.T.);
#296 = CIRCLE('',#297,2.779999999999);
#297 = AXIS2_PLACEMENT_3D('',#298,#299,#300);
#298 = CARTESIAN_POINT('',(0.,0.,7.749999999999));
#299 = DIRECTION('',(0.,0.,-1.));
#300 = DIRECTION('',(-1.,0.,0.));
#301 = ORIENTED_EDGE('',*,*,#226,.T.);
#302 = ORIENTED_EDGE('',*,*,#303,.F.);
#303 = EDGE_CURVE('',#210,#218,#304,.T.);
#304 = CIRCLE('',#305,2.779999999999);
#305 = AXIS2_PLACEMENT_3D('',#306,#307,#308);
#306 = CARTESIAN_POINT('',(0.,0.,0.249999999999));
#307 = DIRECTION('',(0.,0.,-1.));
#308 = DIRECTION('',(-1.,0.,0.));
#309 = CYLINDRICAL_SURFACE('',#310,2.779999999999);
#310 = AXIS2_PLACEMENT_3D('',#311,#312,#313);
#311 = CARTESIAN_POINT('',(0.,0.,0.));
#312 = DIRECTION('',(0.,0.,-1.));
#313 = DIRECTION('',(-1.,0.,0.));
#314 = ADVANCED_FACE('',(#315,#325),#345,.T.);
#315 = FACE_BOUND('',#316,.T.);
#316 = EDGE_LOOP('',(#317,#324));
#317 = ORIENTED_EDGE('',*,*,#318,.T.);
#318 = EDGE_CURVE('',#265,#263,#319,.T.);
#319 = CIRCLE('',#320,2.529999999999);
#320 = AXIS2_PLACEMENT_3D('',#321,#322,#323);
#321 = CARTESIAN_POINT('',(0.,0.,0.));
#322 = DIRECTION('',(0.,0.,-1.));
#323 = DIRECTION('',(-1.,0.,0.));
#324 = ORIENTED_EDGE('',*,*,#262,.T.);
#325 = FACE_BOUND('',#326,.T.);
#326 = EDGE_LOOP('',(#327,#338));
#327 = ORIENTED_EDGE('',*,*,#328,.F.);
#328 = EDGE_CURVE('',#329,#331,#333,.T.);
#329 = VERTEX_POINT('',#330);
#330 = CARTESIAN_POINT('',(-2.044999999999,0.,-2.407412430484E-32));
#331 = VERTEX_POINT('',#332);
#332 = CARTESIAN_POINT('',(2.044999999999,2.504402704256E-16,
    -2.407412430484E-32));
#333 = CIRCLE('',#334,2.044999999999);
#334 = AXIS2_PLACEMENT_3D('',#335,#336,#337);
#335 = CARTESIAN_POINT('',(0.,0.,-2.407412430484E-32));
#336 = DIRECTION('',(0.,0.,-1.));
#337 = DIRECTION('',(-1.,0.,0.));
#338 = ORIENTED_EDGE('',*,*,#339,.F.);
#339 = EDGE_CURVE('',#331,#329,#340,.T.);
#340 = CIRCLE('',#341,2.044999999999);
#341 = AXIS2_PLACEMENT_3D('',#342,#343,#344);
#342 = CARTESIAN_POINT('',(0.,0.,-2.407412430484E-32));
#343 = DIRECTION('',(0.,0.,-1.));
#344 = DIRECTION('',(-1.,0.,0.));
#345 = PLANE('',#346);
#346 = AXIS2_PLACEMENT_3D('',#347,#348,#349);
#347 = CARTESIAN_POINT('',(0.,2.044999999999,-1.203706215242E-32));
#348 = DIRECTION('',(0.,0.,-1.));
#349 = DIRECTION('',(-1.,0.,0.));
#350 = ADVANCED_FACE('',(#351),#377,.T.);
#351 = FACE_BOUND('',#352,.T.);
#352 = EDGE_LOOP('',(#353,#354,#362,#371));
#353 = ORIENTED_EDGE('',*,*,#328,.T.);
#354 = ORIENTED_EDGE('',*,*,#355,.T.);
#355 = EDGE_CURVE('',#331,#356,#358,.T.);
#356 = VERTEX_POINT('',#357);
#357 = CARTESIAN_POINT('',(2.044999999999,0.,-1.279999999999));
#358 = LINE('',#359,#360);
#359 = CARTESIAN_POINT('',(2.044999999999,2.504402704256E-16,0.));
#360 = VECTOR('',#361,1.);
#361 = DIRECTION('',(0.,0.,-1.));
#362 = ORIENTED_EDGE('',*,*,#363,.F.);
#363 = EDGE_CURVE('',#364,#356,#366,.T.);
#364 = VERTEX_POINT('',#365);
#365 = CARTESIAN_POINT('',(-2.044999999999,2.504402704256E-16,
    -1.279999999999));
#366 = CIRCLE('',#367,2.044999999999);
#367 = AXIS2_PLACEMENT_3D('',#368,#369,#370);
#368 = CARTESIAN_POINT('',(0.,0.,-1.279999999999));
#369 = DIRECTION('',(0.,0.,-1.));
#370 = DIRECTION('',(-1.,0.,0.));
#371 = ORIENTED_EDGE('',*,*,#372,.F.);
#372 = EDGE_CURVE('',#329,#364,#373,.T.);
#373 = LINE('',#374,#375);
#374 = CARTESIAN_POINT('',(-2.044999999999,0.,0.));
#375 = VECTOR('',#376,1.);
#376 = DIRECTION('',(0.,0.,-1.));
#377 = CYLINDRICAL_SURFACE('',#378,2.044999999999);
#378 = AXIS2_PLACEMENT_3D('',#379,#380,#381);
#379 = CARTESIAN_POINT('',(0.,0.,0.));
#380 = DIRECTION('',(0.,0.,-1.));
#381 = DIRECTION('',(-1.,0.,0.));
#382 = ADVANCED_FACE('',(#383),#409,.T.);
#383 = FACE_BOUND('',#384,.T.);
#384 = EDGE_LOOP('',(#385,#396,#402,#403));
#385 = ORIENTED_EDGE('',*,*,#386,.F.);
#386 = EDGE_CURVE('',#387,#389,#391,.T.);
#387 = VERTEX_POINT('',#388);
#388 = CARTESIAN_POINT('',(-1.794999999999,2.351321854362E-16,-1.53));
#389 = VERTEX_POINT('',#390);
#390 = CARTESIAN_POINT('',(1.794999999999,0.,-1.53));
#391 = CIRCLE('',#392,1.794999999999);
#392 = AXIS2_PLACEMENT_3D('',#393,#394,#395);
#393 = CARTESIAN_POINT('',(0.,0.,-1.53));
#394 = DIRECTION('',(0.,0.,-1.));
#395 = DIRECTION('',(-1.,0.,0.));
#396 = ORIENTED_EDGE('',*,*,#397,.T.);
#397 = EDGE_CURVE('',#387,#364,#398,.T.);
#398 = LINE('',#399,#400);
#399 = CARTESIAN_POINT('',(-1.794999999999,2.198241004469E-16,-1.53));
#400 = VECTOR('',#401,1.);
#401 = DIRECTION('',(-0.707106781187,8.659560562361E-17,0.707106781187)
  );
#402 = ORIENTED_EDGE('',*,*,#363,.T.);
#403 = ORIENTED_EDGE('',*,*,#404,.F.);
#404 = EDGE_CURVE('',#389,#356,#405,.T.);
#405 = LINE('',#406,#407);
#406 = CARTESIAN_POINT('',(1.794999999999,0.,-1.53));
#407 = VECTOR('',#408,1.);
#408 = DIRECTION('',(0.707106781187,0.,0.707106781187));
#409 = CONICAL_SURFACE('',#410,1.794999999999,0.785398163397);
#410 = AXIS2_PLACEMENT_3D('',#411,#412,#413);
#411 = CARTESIAN_POINT('',(0.,0.,-1.53));
#412 = DIRECTION('',(0.,0.,1.));
#413 = DIRECTION('',(1.,0.,0.));
#414 = ADVANCED_FACE('',(#415),#433,.T.);
#415 = FACE_BOUND('',#416,.T.);
#416 = EDGE_LOOP('',(#417,#418,#425,#426));
#417 = ORIENTED_EDGE('',*,*,#397,.F.);
#418 = ORIENTED_EDGE('',*,*,#419,.F.);
#419 = EDGE_CURVE('',#389,#387,#420,.T.);
#420 = CIRCLE('',#421,1.794999999999);
#421 = AXIS2_PLACEMENT_3D('',#422,#423,#424);
#422 = CARTESIAN_POINT('',(0.,0.,-1.53));
#423 = DIRECTION('',(0.,0.,-1.));
#424 = DIRECTION('',(-1.,0.,0.));
#425 = ORIENTED_EDGE('',*,*,#404,.T.);
#426 = ORIENTED_EDGE('',*,*,#427,.T.);
#427 = EDGE_CURVE('',#356,#364,#428,.T.);
#428 = CIRCLE('',#429,2.044999999999);
#429 = AXIS2_PLACEMENT_3D('',#430,#431,#432);
#430 = CARTESIAN_POINT('',(0.,0.,-1.279999999999));
#431 = DIRECTION('',(0.,0.,-1.));
#432 = DIRECTION('',(-1.,0.,0.));
#433 = CONICAL_SURFACE('',#434,1.794999999999,0.785398163397);
#434 = AXIS2_PLACEMENT_3D('',#435,#436,#437);
#435 = CARTESIAN_POINT('',(0.,0.,-1.53));
#436 = DIRECTION('',(0.,0.,1.));
#437 = DIRECTION('',(1.,0.,0.));
#438 = ADVANCED_FACE('',(#439),#445,.T.);
#439 = FACE_BOUND('',#440,.T.);
#440 = EDGE_LOOP('',(#441,#442,#443,#444));
#441 = ORIENTED_EDGE('',*,*,#355,.F.);
#442 = ORIENTED_EDGE('',*,*,#339,.T.);
#443 = ORIENTED_EDGE('',*,*,#372,.T.);
#444 = ORIENTED_EDGE('',*,*,#427,.F.);
#445 = CYLINDRICAL_SURFACE('',#446,2.044999999999);
#446 = AXIS2_PLACEMENT_3D('',#447,#448,#449);
#447 = CARTESIAN_POINT('',(0.,0.,0.));
#448 = DIRECTION('',(0.,0.,-1.));
#449 = DIRECTION('',(-1.,0.,0.));
#450 = ADVANCED_FACE('',(#451),#457,.T.);
#451 = FACE_BOUND('',#452,.T.);
#452 = EDGE_LOOP('',(#453,#454,#455,#456));
#453 = ORIENTED_EDGE('',*,*,#273,.F.);
#454 = ORIENTED_EDGE('',*,*,#318,.F.);
#455 = ORIENTED_EDGE('',*,*,#280,.T.);
#456 = ORIENTED_EDGE('',*,*,#303,.T.);
#457 = CONICAL_SURFACE('',#458,2.529999999999,0.785398163397);
#458 = AXIS2_PLACEMENT_3D('',#459,#460,#461);
#459 = CARTESIAN_POINT('',(0.,0.,0.));
#460 = DIRECTION('',(0.,0.,1.));
#461 = DIRECTION('',(1.,0.,0.));
#462 = ADVANCED_FACE('',(#463),#469,.T.);
#463 = FACE_BOUND('',#464,.T.);
#464 = EDGE_LOOP('',(#465,#466,#467,#468));
#465 = ORIENTED_EDGE('',*,*,#241,.F.);
#466 = ORIENTED_EDGE('',*,*,#183,.T.);
#467 = ORIENTED_EDGE('',*,*,#248,.T.);
#468 = ORIENTED_EDGE('',*,*,#295,.F.);
#469 = CONICAL_SURFACE('',#470,2.779999999999,0.785398163397);
#470 = AXIS2_PLACEMENT_3D('',#471,#472,#473);
#471 = CARTESIAN_POINT('',(0.,0.,7.749999999999));
#472 = DIRECTION('',(0.,0.,-1.));
#473 = DIRECTION('',(-1.,0.,0.));
#474 = ADVANCED_FACE('',(#475),#506,.F.);
#475 = FACE_BOUND('',#476,.F.);
#476 = EDGE_LOOP('',(#477,#489,#490,#500));
#477 = ORIENTED_EDGE('',*,*,#478,.F.);
#478 = EDGE_CURVE('',#59,#479,#481,.T.);
#479 = VERTEX_POINT('',#480);
#480 = CARTESIAN_POINT('',(1.25,1.530808498934E-16,7.249999999999));
#481 = ( BOUNDED_CURVE() B_SPLINE_CURVE(2,(#482,#483,#484,#485,#486,#487
,#488),.UNSPECIFIED.,.F.,.F.) B_SPLINE_CURVE_WITH_KNOTS((3,2,2,3),(
    9.0909090909E-02,9.8484848484E-02,0.10606060606,0.113636363636),
.UNSPECIFIED.) CURVE() GEOMETRIC_REPRESENTATION_ITEM() 
RATIONAL_B_SPLINE_CURVE((1.,0.866025403784,1.,0.866025403784,1.,
0.866025403784,1.)) REPRESENTATION_ITEM('') );
#482 = CARTESIAN_POINT('',(-1.25,0.,7.499999999999));
#483 = CARTESIAN_POINT('',(-1.25,0.721687836487,7.458333333333));
#484 = CARTESIAN_POINT('',(-0.625,1.08253175473,7.416666666666));
#485 = CARTESIAN_POINT('',(-8.838126989374E-17,1.443375672974,
    7.374999999999));
#486 = CARTESIAN_POINT('',(0.625,1.08253175473,7.333333333333));
#487 = CARTESIAN_POINT('',(1.25,0.721687836487,7.291666666666));
#488 = CARTESIAN_POINT('',(1.25,1.530808498934E-16,7.249999999999));
#489 = ORIENTED_EDGE('',*,*,#152,.T.);
#490 = ORIENTED_EDGE('',*,*,#491,.T.);
#491 = EDGE_CURVE('',#138,#492,#494,.T.);
#492 = VERTEX_POINT('',#493);
#493 = CARTESIAN_POINT('',(1.25,1.530808498934E-16,7.375000001365));
#494 = ( BOUNDED_CURVE() B_SPLINE_CURVE(2,(#495,#496,#497,#498,#499),
.UNSPECIFIED.,.F.,.F.) B_SPLINE_CURVE_WITH_KNOTS((3,2,3),(
    5.6818181934E-02,6.0606060606E-02,6.8181818181E-02),.UNSPECIFIED.) 
CURVE() GEOMETRIC_REPRESENTATION_ITEM() RATIONAL_B_SPLINE_CURVE((
    0.933012701892,0.93301270394,1.,0.866025403784,0.999999999999)) 
REPRESENTATION_ITEM('') );
#495 = CARTESIAN_POINT('',(2.04839018882E-08,1.25,7.499999999999));
#496 = CARTESIAN_POINT('',(0.334936500045,1.249999994511,7.477670901362)
  );
#497 = CARTESIAN_POINT('',(0.625,1.08253175473,7.458333334698));
#498 = CARTESIAN_POINT('',(1.249999999999,0.721687836487,7.416666668032)
  );
#499 = CARTESIAN_POINT('',(1.25,1.530808498934E-16,7.375000001365));
#500 = ORIENTED_EDGE('',*,*,#501,.T.);
#501 = EDGE_CURVE('',#492,#479,#502,.T.);
#502 = LINE('',#503,#504);
#503 = CARTESIAN_POINT('',(1.25,1.530808498934E-16,0.));
#504 = VECTOR('',#505,1.);
#505 = DIRECTION('',(0.,0.,-1.));
#506 = CYLINDRICAL_SURFACE('',#507,1.25);
#507 = AXIS2_PLACEMENT_3D('',#508,#509,#510);
#508 = CARTESIAN_POINT('',(0.,0.,0.));
#509 = DIRECTION('',(0.,0.,-1.));
#510 = DIRECTION('',(-1.,0.,0.));
#511 = ADVANCED_FACE('',(#512),#570,.F.);
#512 = FACE_BOUND('',#513,.F.);
#513 = EDGE_LOOP('',(#514,#524,#533,#541));
#514 = ORIENTED_EDGE('',*,*,#515,.T.);
#515 = EDGE_CURVE('',#516,#518,#520,.T.);
#516 = VERTEX_POINT('',#517);
#517 = CARTESIAN_POINT('',(-1.468721234828,-6.457208201384E-14,
    -1.248721234828));
#518 = VERTEX_POINT('',#519);
#519 = CARTESIAN_POINT('',(-1.75,0.,-1.53));
#520 = LINE('',#521,#522);
#521 = CARTESIAN_POINT('',(-1.25,0.,-1.03));
#522 = VECTOR('',#523,1.);
#523 = DIRECTION('',(-0.707106781187,0.,-0.707106781187));
#524 = ORIENTED_EDGE('',*,*,#525,.F.);
#525 = EDGE_CURVE('',#526,#518,#528,.T.);
#526 = VERTEX_POINT('',#527);
#527 = CARTESIAN_POINT('',(1.75,2.143131898507E-16,-1.53));
#528 = CIRCLE('',#529,1.75);
#529 = AXIS2_PLACEMENT_3D('',#530,#531,#532);
#530 = CARTESIAN_POINT('',(0.,0.,-1.53));
#531 = DIRECTION('',(0.,0.,-1.));
#532 = DIRECTION('',(-1.,0.,0.));
#533 = ORIENTED_EDGE('',*,*,#534,.F.);
#534 = EDGE_CURVE('',#535,#526,#537,.T.);
#535 = VERTEX_POINT('',#536);
#536 = CARTESIAN_POINT('',(1.310227585775,-2.515355799962E-11,
    -1.090227585775));
#537 = LINE('',#538,#539);
#538 = CARTESIAN_POINT('',(1.25,1.530808498934E-16,-1.03));
#539 = VECTOR('',#540,1.);
#540 = DIRECTION('',(0.707106781187,8.659560562361E-17,-0.707106781187)
  );
#541 = ORIENTED_EDGE('',*,*,#542,.F.);
#542 = EDGE_CURVE('',#516,#535,#543,.T.);
#543 = B_SPLINE_CURVE_WITH_KNOTS('',3,(#544,#545,#546,#547,#548,#549,
    #550,#551,#552,#553,#554,#555,#556,#557,#558,#559,#560,#561,#562,
    #563,#564,#565,#566,#567,#568,#569),.UNSPECIFIED.,.F.,.F.,(4,2,2,2,2
    ,2,2,2,2,2,2,2,4),(1.529598379E-03,2.073307021E-03,2.345161341E-03,
    2.617015662E-03,2.888869983E-03,3.160724303E-03,3.704432944E-03,
    4.248141586E-03,4.519995906E-03,4.791850227E-03,5.335558868E-03,
    5.607413189E-03,5.879267509E-03),.UNSPECIFIED.);
#544 = CARTESIAN_POINT('',(-1.468721234828,-6.457208201384E-14,
    -1.248721234828));
#545 = CARTESIAN_POINT('',(-1.463014393758,-0.183195124198,
    -1.243014393758));
#546 = CARTESIAN_POINT('',(-1.422804366412,-0.362037668971,
    -1.236764419537));
#547 = CARTESIAN_POINT('',(-1.313717520397,-0.613193791562,
    -1.226907083474));
#548 = CARTESIAN_POINT('',(-1.269904607148,-0.692498852447,
    -1.223602611047));
#549 = CARTESIAN_POINT('',(-1.167633692802,-0.842433336014,
    -1.216954589721));
#550 = CARTESIAN_POINT('',(-1.108463155887,-0.913624242158,
    -1.213579352715));
#551 = CARTESIAN_POINT('',(-0.97952013828,-1.041751734326,
    -1.207044608266));
#552 = CARTESIAN_POINT('',(-0.909550105176,-1.099268176639,
    -1.203863452264));
#553 = CARTESIAN_POINT('',(-0.758548010502,-1.201129487168,
    -1.197682031303));
#554 = CARTESIAN_POINT('',(-0.677390512567,-1.245363661229,
    -1.194776506628));
#555 = CARTESIAN_POINT('',(-0.427125728895,-1.351271556515,
    -1.18555584793));
#556 = CARTESIAN_POINT('',(-0.244299974503,-1.389080291038,
    -1.178735470939));
#557 = CARTESIAN_POINT('',(0.117975504632,-1.391795683622,
    -1.165008241785));
#558 = CARTESIAN_POINT('',(0.301268425728,-1.356793496604,
    -1.157954960378));
#559 = CARTESIAN_POINT('',(0.553503942425,-1.254422504792,
    -1.148108032586));
#560 = CARTESIAN_POINT('',(0.635540682426,-1.211379047036,
    -1.144956066308));
#561 = CARTESIAN_POINT('',(0.787177148338,-1.111233759762,
    -1.138764968652));
#562 = CARTESIAN_POINT('',(0.857274320394,-1.053949279397,
    -1.135519848759));
#563 = CARTESIAN_POINT('',(1.050239519575,-0.860255777915,
    -1.125312572467));
#564 = CARTESIAN_POINT('',(1.151525992202,-0.705738410564,
    -1.118080965336));
#565 = CARTESIAN_POINT('',(1.252138787735,-0.449543839713,
    -1.107228944571));
#566 = CARTESIAN_POINT('',(1.276426664917,-0.362108942758,
    -1.103696065836));
#567 = CARTESIAN_POINT('',(1.307125903145,-0.183302657407,
    -1.096799661397));
#568 = CARTESIAN_POINT('',(1.313400968394,-9.0875735028E-02,
    -1.093400968396));
#569 = CARTESIAN_POINT('',(1.310227585775,-2.515355799962E-11,
    -1.090227585775));
#570 = CONICAL_SURFACE('',#571,1.25,0.785398163397);
#571 = AXIS2_PLACEMENT_3D('',#572,#573,#574);
#572 = CARTESIAN_POINT('',(0.,0.,-1.03));
#573 = DIRECTION('',(0.,0.,-1.));
#574 = DIRECTION('',(-1.,0.,0.));
#575 = ADVANCED_FACE('',(#576),#650,.F.);
#576 = FACE_BOUND('',#577,.F.);
#577 = EDGE_LOOP('',(#578,#585,#586,#601,#612,#627,#636,#649));
#578 = ORIENTED_EDGE('',*,*,#579,.F.);
#579 = EDGE_CURVE('',#518,#526,#580,.T.);
#580 = CIRCLE('',#581,1.75);
#581 = AXIS2_PLACEMENT_3D('',#582,#583,#584);
#582 = CARTESIAN_POINT('',(0.,0.,-1.53));
#583 = DIRECTION('',(0.,0.,-1.));
#584 = DIRECTION('',(-1.,0.,0.));
#585 = ORIENTED_EDGE('',*,*,#515,.F.);
#586 = ORIENTED_EDGE('',*,*,#587,.F.);
#587 = EDGE_CURVE('',#588,#516,#590,.T.);
#588 = VERTEX_POINT('',#589);
#589 = CARTESIAN_POINT('',(-0.786479082967,1.301451183358,-1.3006329375)
  );
#590 = B_SPLINE_CURVE_WITH_KNOTS('',3,(#591,#592,#593,#594,#595,#596,
    #597,#598,#599,#600),.UNSPECIFIED.,.F.,.F.,(4,2,2,2,4),(
    3.947227281346E-14,3.82399595E-04,7.64799189E-04,1.147198784E-03,
    1.529598379E-03),.UNSPECIFIED.);
#591 = CARTESIAN_POINT('',(-0.786479082967,1.301451183358,-1.3006329375)
  );
#592 = CARTESIAN_POINT('',(-0.895008073451,1.23127314991,-1.296702006095
    ));
#593 = CARTESIAN_POINT('',(-0.992222414267,1.148781587361,
    -1.292570123839));
#594 = CARTESIAN_POINT('',(-1.164718813484,0.959930999944,
    -1.283895396573));
#595 = CARTESIAN_POINT('',(-1.239398088929,0.85332475639,-1.279354063974
    ));
#596 = CARTESIAN_POINT('',(-1.357712785809,0.627680735377,
    -1.270355313595));
#597 = CARTESIAN_POINT('',(-1.402986607102,0.505406017902,
    -1.265769647398));
#598 = CARTESIAN_POINT('',(-1.460139786266,0.256424770473,
    -1.256978889774));
#599 = CARTESIAN_POINT('',(-1.472734953846,0.128844266912,
    -1.252734953846));
#600 = CARTESIAN_POINT('',(-1.468721234828,-6.457208201384E-14,
    -1.248721234828));
#601 = ORIENTED_EDGE('',*,*,#602,.F.);
#602 = EDGE_CURVE('',#603,#588,#605,.T.);
#603 = VERTEX_POINT('',#604);
#604 = CARTESIAN_POINT('',(0.353692010714,1.47892748036,-1.3006329375));
#605 = B_SPLINE_CURVE_WITH_KNOTS('',3,(#606,#607,#608,#609,#610,#611),
  .UNSPECIFIED.,.F.,.F.,(4,2,4),(0.,5.94465045E-04,1.18893009E-03),
  .UNSPECIFIED.);
#606 = CARTESIAN_POINT('',(0.353692010714,1.47892748036,-1.3006329375));
#607 = CARTESIAN_POINT('',(0.160808404326,1.52505644306,-1.3006329375));
#608 = CARTESIAN_POINT('',(-3.7192618593E-02,1.532945038316,
    -1.3006329375));
#609 = CARTESIAN_POINT('',(-0.427420907542,1.472621862248,-1.3006329375)
  );
#610 = CARTESIAN_POINT('',(-0.616742161368,1.404024787464,
    -1.300632937499));
#611 = CARTESIAN_POINT('',(-0.786479082967,1.301451183358,-1.3006329375)
  );
#612 = ORIENTED_EDGE('',*,*,#613,.F.);
#613 = EDGE_CURVE('',#614,#603,#616,.T.);
#614 = VERTEX_POINT('',#615);
#615 = CARTESIAN_POINT('',(-1.159370444595,0.467290244064,-1.03));
#616 = B_SPLINE_CURVE_WITH_KNOTS('',3,(#617,#618,#619,#620,#621,#622,
    #623,#624,#625,#626),.UNSPECIFIED.,.F.,.F.,(4,2,2,2,4),(
    2.63755003268E-15,4.9883084E-04,7.4824626E-04,9.9766168E-04,
    1.995323361E-03),.UNSPECIFIED.);
#617 = CARTESIAN_POINT('',(-1.159370444595,0.467290244064,-1.03));
#618 = CARTESIAN_POINT('',(-1.121658057573,0.629666357114,-1.05572331727
    ));
#619 = CARTESIAN_POINT('',(-1.052766506516,0.781518500672,
    -1.080837068935));
#620 = CARTESIAN_POINT('',(-0.908212980089,0.983806810814,
    -1.116412663496));
#621 = CARTESIAN_POINT('',(-0.853996564001,1.045836193372,
    -1.127726693612));
#622 = CARTESIAN_POINT('',(-0.733655606383,1.15920908952,-1.149415944111
    ));
#623 = CARTESIAN_POINT('',(-0.666751947862,1.210531503047,
    -1.159559594747));
#624 = CARTESIAN_POINT('',(-0.318117623859,1.434645414404,
    -1.212217238222));
#625 = CARTESIAN_POINT('',(2.1043125171E-02,1.515431923989,
    -1.258763642957));
#626 = CARTESIAN_POINT('',(0.353692010714,1.47892748036,-1.3006329375));
#627 = ORIENTED_EDGE('',*,*,#628,.T.);
#628 = EDGE_CURVE('',#614,#629,#631,.T.);
#629 = VERTEX_POINT('',#630);
#630 = CARTESIAN_POINT('',(0.450000020483,1.166190371065,-1.03));
#631 = CIRCLE('',#632,1.25);
#632 = AXIS2_PLACEMENT_3D('',#633,#634,#635);
#633 = CARTESIAN_POINT('',(0.,0.,-1.03));
#634 = DIRECTION('',(0.,0.,-1.));
#635 = DIRECTION('',(-1.,0.,0.));
#636 = ORIENTED_EDGE('',*,*,#637,.F.);
#637 = EDGE_CURVE('',#535,#629,#638,.T.);
#638 = B_SPLINE_CURVE_WITH_KNOTS('',3,(#639,#640,#641,#642,#643,#644,
    #645,#646,#647,#648),.UNSPECIFIED.,.F.,.F.,(4,2,2,2,4),(
    5.879267509E-03,6.262258501E-03,6.645249493E-03,7.028240484E-03,
    7.411231476E-03),.UNSPECIFIED.);
#639 = CARTESIAN_POINT('',(1.310227585775,-2.515355799962E-11,
    -1.090227585775));
#640 = CARTESIAN_POINT('',(1.305756893702,0.128026612862,-1.0857568937)
  );
#641 = CARTESIAN_POINT('',(1.282170915164,0.254887408902,-1.080902848968
    ));
#642 = CARTESIAN_POINT('',(1.197533552792,0.498336793956,-1.070676003425
    ));
#643 = CARTESIAN_POINT('',(1.138142161268,0.611354953338,-1.065462440362
    ));
#644 = CARTESIAN_POINT('',(0.984808560774,0.819770839045,-1.054818950783
    ));
#645 = CARTESIAN_POINT('',(0.894283310006,0.910361151276,-1.049631625803
    ));
#646 = CARTESIAN_POINT('',(0.687328585424,1.063372097826,-1.039621055599
    ));
#647 = CARTESIAN_POINT('',(0.572648662133,1.124336717711,-1.035106050975
    ));
#648 = CARTESIAN_POINT('',(0.450000020483,1.166190371065,-1.03));
#649 = ORIENTED_EDGE('',*,*,#534,.T.);
#650 = CONICAL_SURFACE('',#651,1.25,0.785398163397);
#651 = AXIS2_PLACEMENT_3D('',#652,#653,#654);
#652 = CARTESIAN_POINT('',(0.,0.,-1.03));
#653 = DIRECTION('',(0.,0.,-1.));
#654 = DIRECTION('',(-1.,0.,0.));
#655 = ADVANCED_FACE('',(#656),#689,.F.);
#656 = FACE_BOUND('',#657,.F.);
#657 = EDGE_LOOP('',(#658,#668,#678,#679));
#658 = ORIENTED_EDGE('',*,*,#659,.T.);
#659 = EDGE_CURVE('',#660,#662,#664,.T.);
#660 = VERTEX_POINT('',#661);
#661 = CARTESIAN_POINT('',(-1.25,0.,7.125000001365));
#662 = VERTEX_POINT('',#663);
#663 = CARTESIAN_POINT('',(-1.25,0.,6.999999999999));
#664 = LINE('',#665,#666);
#665 = CARTESIAN_POINT('',(-1.25,0.,0.));
#666 = VECTOR('',#667,1.);
#667 = DIRECTION('',(0.,0.,-1.));
#668 = ORIENTED_EDGE('',*,*,#669,.F.);
#669 = EDGE_CURVE('',#479,#662,#670,.T.);
#670 = ( BOUNDED_CURVE() B_SPLINE_CURVE(2,(#671,#672,#673,#674,#675,#676
,#677),.UNSPECIFIED.,.F.,.F.) B_SPLINE_CURVE_WITH_KNOTS((3,2,2,3),(
    0.113636363636,0.121212121212,0.128787878787,0.136363636363),
.UNSPECIFIED.) CURVE() GEOMETRIC_REPRESENTATION_ITEM() 
RATIONAL_B_SPLINE_CURVE((0.999999999999,0.866025403784,1.,0.866025403784
,1.,0.866025403784,0.999999999999)) REPRESENTATION_ITEM('') );
#671 = CARTESIAN_POINT('',(1.25,1.530808498934E-16,7.249999999999));
#672 = CARTESIAN_POINT('',(1.249999999999,-0.721687836487,7.208333333333
    ));
#673 = CARTESIAN_POINT('',(0.625,-1.08253175473,7.166666666666));
#674 = CARTESIAN_POINT('',(2.651438096812E-16,-1.443375672974,
    7.124999999999));
#675 = CARTESIAN_POINT('',(-0.624999999999,-1.08253175473,7.083333333333
    ));
#676 = CARTESIAN_POINT('',(-1.249999999999,-0.721687836487,
    7.041666666666));
#677 = CARTESIAN_POINT('',(-1.25,0.,6.999999999999));
#678 = ORIENTED_EDGE('',*,*,#501,.F.);
#679 = ORIENTED_EDGE('',*,*,#680,.T.);
#680 = EDGE_CURVE('',#492,#660,#681,.T.);
#681 = ( BOUNDED_CURVE() B_SPLINE_CURVE(2,(#682,#683,#684,#685,#686,#687
,#688),.UNSPECIFIED.,.F.,.F.) B_SPLINE_CURVE_WITH_KNOTS((3,2,2,3),(
    6.8181818181E-02,7.5757575757E-02,8.3333333333E-02,9.0909090909E-02)
,.PIECEWISE_BEZIER_KNOTS.) CURVE() GEOMETRIC_REPRESENTATION_ITEM() 
RATIONAL_B_SPLINE_CURVE((1.,0.866025403784,1.,0.866025403784,1.,
0.866025403784,1.)) REPRESENTATION_ITEM('') );
#682 = CARTESIAN_POINT('',(1.25,1.530808498934E-16,7.375000001365));
#683 = CARTESIAN_POINT('',(1.25,-0.721687836487,7.333333334698));
#684 = CARTESIAN_POINT('',(0.625,-1.08253175473,7.291666668032));
#685 = CARTESIAN_POINT('',(2.651438096812E-16,-1.443375672974,
    7.250000001365));
#686 = CARTESIAN_POINT('',(-0.624999999999,-1.08253175473,7.208333334698
    ));
#687 = CARTESIAN_POINT('',(-1.25,-0.721687836487,7.166666668032));
#688 = CARTESIAN_POINT('',(-1.25,0.,7.125000001365));
#689 = CYLINDRICAL_SURFACE('',#690,1.25);
#690 = AXIS2_PLACEMENT_3D('',#691,#692,#693);
#691 = CARTESIAN_POINT('',(0.,0.,0.));
#692 = DIRECTION('',(0.,0.,-1.));
#693 = DIRECTION('',(-1.,0.,0.));
#694 = ADVANCED_FACE('',(#695),#728,.F.);
#695 = FACE_BOUND('',#696,.F.);
#696 = EDGE_LOOP('',(#697,#709,#710,#722));
#697 = ORIENTED_EDGE('',*,*,#698,.F.);
#698 = EDGE_CURVE('',#662,#699,#701,.T.);
#699 = VERTEX_POINT('',#700);
#700 = CARTESIAN_POINT('',(1.25,1.530808498934E-16,6.749999999999));
#701 = ( BOUNDED_CURVE() B_SPLINE_CURVE(2,(#702,#703,#704,#705,#706,#707
,#708),.UNSPECIFIED.,.F.,.F.) B_SPLINE_CURVE_WITH_KNOTS((3,2,2,3),(
    0.136363636363,0.143939393939,0.151515151515,0.15909090909),
.UNSPECIFIED.) CURVE() GEOMETRIC_REPRESENTATION_ITEM() 
RATIONAL_B_SPLINE_CURVE((1.,0.866025403784,1.,0.866025403784,1.,
0.866025403784,1.)) REPRESENTATION_ITEM('') );
#702 = CARTESIAN_POINT('',(-1.25,0.,6.999999999999));
#703 = CARTESIAN_POINT('',(-1.25,0.721687836487,6.958333333333));
#704 = CARTESIAN_POINT('',(-0.625,1.08253175473,6.916666666666));
#705 = CARTESIAN_POINT('',(-8.838126989374E-17,1.443375672974,
    6.874999999999));
#706 = CARTESIAN_POINT('',(0.625,1.08253175473,6.833333333333));
#707 = CARTESIAN_POINT('',(1.25,0.721687836487,6.791666666666));
#708 = CARTESIAN_POINT('',(1.25,1.530808498934E-16,6.749999999999));
#709 = ORIENTED_EDGE('',*,*,#659,.F.);
#710 = ORIENTED_EDGE('',*,*,#711,.T.);
#711 = EDGE_CURVE('',#660,#712,#714,.T.);
#712 = VERTEX_POINT('',#713);
#713 = CARTESIAN_POINT('',(1.25,1.530808498934E-16,6.875000001365));
#714 = ( BOUNDED_CURVE() B_SPLINE_CURVE(2,(#715,#716,#717,#718,#719,#720
,#721),.UNSPECIFIED.,.F.,.F.) B_SPLINE_CURVE_WITH_KNOTS((3,2,2,3),(
    9.0909090909E-02,9.8484848484E-02,0.10606060606,0.113636363636),
.UNSPECIFIED.) CURVE() GEOMETRIC_REPRESENTATION_ITEM() 
RATIONAL_B_SPLINE_CURVE((1.,0.866025403784,1.,0.866025403784,1.,
0.866025403784,1.)) REPRESENTATION_ITEM('') );
#715 = CARTESIAN_POINT('',(-1.25,0.,7.125000001365));
#716 = CARTESIAN_POINT('',(-1.25,0.721687836487,7.083333334698));
#717 = CARTESIAN_POINT('',(-0.625,1.08253175473,7.041666668032));
#718 = CARTESIAN_POINT('',(-8.838126989374E-17,1.443375672974,
    7.000000001365));
#719 = CARTESIAN_POINT('',(0.625,1.08253175473,6.958333334698));
#720 = CARTESIAN_POINT('',(1.25,0.721687836487,6.916666668032));
#721 = CARTESIAN_POINT('',(1.25,1.530808498934E-16,6.875000001365));
#722 = ORIENTED_EDGE('',*,*,#723,.T.);
#723 = EDGE_CURVE('',#712,#699,#724,.T.);
#724 = LINE('',#725,#726);
#725 = CARTESIAN_POINT('',(1.25,1.530808498934E-16,0.));
#726 = VECTOR('',#727,1.);
#727 = DIRECTION('',(0.,0.,-1.));
#728 = CYLINDRICAL_SURFACE('',#729,1.25);
#729 = AXIS2_PLACEMENT_3D('',#730,#731,#732);
#730 = CARTESIAN_POINT('',(0.,0.,0.));
#731 = DIRECTION('',(0.,0.,-1.));
#732 = DIRECTION('',(-1.,0.,0.));
#733 = ADVANCED_FACE('',(#734),#767,.F.);
#734 = FACE_BOUND('',#735,.F.);
#735 = EDGE_LOOP('',(#736,#746,#756,#757));
#736 = ORIENTED_EDGE('',*,*,#737,.T.);
#737 = EDGE_CURVE('',#738,#740,#742,.T.);
#738 = VERTEX_POINT('',#739);
#739 = CARTESIAN_POINT('',(-1.25,0.,6.625000001365));
#740 = VERTEX_POINT('',#741);
#741 = CARTESIAN_POINT('',(-1.25,0.,6.499999999999));
#742 = LINE('',#743,#744);
#743 = CARTESIAN_POINT('',(-1.25,0.,0.));
#744 = VECTOR('',#745,1.);
#745 = DIRECTION('',(0.,0.,-1.));
#746 = ORIENTED_EDGE('',*,*,#747,.F.);
#747 = EDGE_CURVE('',#699,#740,#748,.T.);
#748 = ( BOUNDED_CURVE() B_SPLINE_CURVE(2,(#749,#750,#751,#752,#753,#754
,#755),.UNSPECIFIED.,.F.,.F.) B_SPLINE_CURVE_WITH_KNOTS((3,2,2,3),(
    0.15909090909,0.166666666666,0.174242424242,0.181818181818),
.PIECEWISE_BEZIER_KNOTS.) CURVE() GEOMETRIC_REPRESENTATION_ITEM() 
RATIONAL_B_SPLINE_CURVE((1.,0.866025403784,1.,0.866025403784,1.,
0.866025403784,1.)) REPRESENTATION_ITEM('') );
#749 = CARTESIAN_POINT('',(1.25,1.530808498934E-16,6.749999999999));
#750 = CARTESIAN_POINT('',(1.25,-0.721687836487,6.708333333333));
#751 = CARTESIAN_POINT('',(0.625,-1.08253175473,6.666666666666));
#752 = CARTESIAN_POINT('',(2.651438096812E-16,-1.443375672974,
    6.624999999999));
#753 = CARTESIAN_POINT('',(-0.624999999999,-1.08253175473,6.583333333333
    ));
#754 = CARTESIAN_POINT('',(-1.25,-0.721687836487,6.541666666666));
#755 = CARTESIAN_POINT('',(-1.25,0.,6.499999999999));
#756 = ORIENTED_EDGE('',*,*,#723,.F.);
#757 = ORIENTED_EDGE('',*,*,#758,.T.);
#758 = EDGE_CURVE('',#712,#738,#759,.T.);
#759 = ( BOUNDED_CURVE() B_SPLINE_CURVE(2,(#760,#761,#762,#763,#764,#765
,#766),.UNSPECIFIED.,.F.,.F.) B_SPLINE_CURVE_WITH_KNOTS((3,2,2,3),(
    0.113636363636,0.121212121212,0.128787878787,0.136363636363),
.UNSPECIFIED.) CURVE() GEOMETRIC_REPRESENTATION_ITEM() 
RATIONAL_B_SPLINE_CURVE((0.999999999999,0.866025403784,1.,0.866025403784
,1.,0.866025403784,0.999999999999)) REPRESENTATION_ITEM('') );
#760 = CARTESIAN_POINT('',(1.25,1.530808498934E-16,6.875000001365));
#761 = CARTESIAN_POINT('',(1.249999999999,-0.721687836487,6.833333334698
    ));
#762 = CARTESIAN_POINT('',(0.625,-1.08253175473,6.791666668032));
#763 = CARTESIAN_POINT('',(2.651438096812E-16,-1.443375672974,
    6.750000001365));
#764 = CARTESIAN_POINT('',(-0.624999999999,-1.08253175473,6.708333334698
    ));
#765 = CARTESIAN_POINT('',(-1.249999999999,-0.721687836487,
    6.666666668032));
#766 = CARTESIAN_POINT('',(-1.25,0.,6.625000001365));
#767 = CYLINDRICAL_SURFACE('',#768,1.25);
#768 = AXIS2_PLACEMENT_3D('',#769,#770,#771);
#769 = CARTESIAN_POINT('',(0.,0.,0.));
#770 = DIRECTION('',(0.,0.,-1.));
#771 = DIRECTION('',(-1.,0.,0.));
#772 = ADVANCED_FACE('',(#773),#806,.F.);
#773 = FACE_BOUND('',#774,.F.);
#774 = EDGE_LOOP('',(#775,#787,#788,#800));
#775 = ORIENTED_EDGE('',*,*,#776,.F.);
#776 = EDGE_CURVE('',#740,#777,#779,.T.);
#777 = VERTEX_POINT('',#778);
#778 = CARTESIAN_POINT('',(1.25,1.530808498934E-16,6.249999999999));
#779 = ( BOUNDED_CURVE() B_SPLINE_CURVE(2,(#780,#781,#782,#783,#784,#785
,#786),.UNSPECIFIED.,.F.,.F.) B_SPLINE_CURVE_WITH_KNOTS((3,2,2,3),(
    0.181818181818,0.189393939393,0.196969696969,0.204545454545),
.UNSPECIFIED.) CURVE() GEOMETRIC_REPRESENTATION_ITEM() 
RATIONAL_B_SPLINE_CURVE((1.,0.866025403784,1.,0.866025403784,1.,
0.866025403784,1.)) REPRESENTATION_ITEM('') );
#780 = CARTESIAN_POINT('',(-1.25,0.,6.499999999999));
#781 = CARTESIAN_POINT('',(-1.25,0.721687836487,6.458333333333));
#782 = CARTESIAN_POINT('',(-0.625,1.08253175473,6.416666666666));
#783 = CARTESIAN_POINT('',(-8.838126989374E-17,1.443375672974,
    6.374999999999));
#784 = CARTESIAN_POINT('',(0.625,1.08253175473,6.333333333333));
#785 = CARTESIAN_POINT('',(1.25,0.721687836487,6.291666666666));
#786 = CARTESIAN_POINT('',(1.25,1.530808498934E-16,6.249999999999));
#787 = ORIENTED_EDGE('',*,*,#737,.F.);
#788 = ORIENTED_EDGE('',*,*,#789,.T.);
#789 = EDGE_CURVE('',#738,#790,#792,.T.);
#790 = VERTEX_POINT('',#791);
#791 = CARTESIAN_POINT('',(1.25,1.530808498934E-16,6.375000001365));
#792 = ( BOUNDED_CURVE() B_SPLINE_CURVE(2,(#793,#794,#795,#796,#797,#798
,#799),.UNSPECIFIED.,.F.,.F.) B_SPLINE_CURVE_WITH_KNOTS((3,2,2,3),(
    0.136363636363,0.143939393939,0.151515151515,0.15909090909),
.UNSPECIFIED.) CURVE() GEOMETRIC_REPRESENTATION_ITEM() 
RATIONAL_B_SPLINE_CURVE((1.,0.866025403784,1.,0.866025403784,1.,
0.866025403784,1.)) REPRESENTATION_ITEM('') );
#793 = CARTESIAN_POINT('',(-1.25,0.,6.625000001365));
#794 = CARTESIAN_POINT('',(-1.25,0.721687836487,6.583333334698));
#795 = CARTESIAN_POINT('',(-0.625,1.08253175473,6.541666668032));
#796 = CARTESIAN_POINT('',(-8.838126989374E-17,1.443375672974,
    6.500000001365));
#797 = CARTESIAN_POINT('',(0.625,1.08253175473,6.458333334698));
#798 = CARTESIAN_POINT('',(1.25,0.721687836487,6.416666668032));
#799 = CARTESIAN_POINT('',(1.25,1.530808498934E-16,6.375000001365));
#800 = ORIENTED_EDGE('',*,*,#801,.T.);
#801 = EDGE_CURVE('',#790,#777,#802,.T.);
#802 = LINE('',#803,#804);
#803 = CARTESIAN_POINT('',(1.25,1.530808498934E-16,0.));
#804 = VECTOR('',#805,1.);
#805 = DIRECTION('',(0.,0.,-1.));
#806 = CYLINDRICAL_SURFACE('',#807,1.25);
#807 = AXIS2_PLACEMENT_3D('',#808,#809,#810);
#808 = CARTESIAN_POINT('',(0.,0.,0.));
#809 = DIRECTION('',(0.,0.,-1.));
#810 = DIRECTION('',(-1.,0.,0.));
#811 = ADVANCED_FACE('',(#812),#845,.F.);
#812 = FACE_BOUND('',#813,.F.);
#813 = EDGE_LOOP('',(#814,#824,#834,#835));
#814 = ORIENTED_EDGE('',*,*,#815,.T.);
#815 = EDGE_CURVE('',#816,#818,#820,.T.);
#816 = VERTEX_POINT('',#817);
#817 = CARTESIAN_POINT('',(-1.25,0.,6.125000001365));
#818 = VERTEX_POINT('',#819);
#819 = CARTESIAN_POINT('',(-1.25,0.,5.999999999999));
#820 = LINE('',#821,#822);
#821 = CARTESIAN_POINT('',(-1.25,0.,0.));
#822 = VECTOR('',#823,1.);
#823 = DIRECTION('',(0.,0.,-1.));
#824 = ORIENTED_EDGE('',*,*,#825,.F.);
#825 = EDGE_CURVE('',#777,#818,#826,.T.);
#826 = ( BOUNDED_CURVE() B_SPLINE_CURVE(2,(#827,#828,#829,#830,#831,#832
,#833),.UNSPECIFIED.,.F.,.F.) B_SPLINE_CURVE_WITH_KNOTS((3,2,2,3),(
    0.204545454545,0.212121212121,0.219696969696,0.227272727272),
.UNSPECIFIED.) CURVE() GEOMETRIC_REPRESENTATION_ITEM() 
RATIONAL_B_SPLINE_CURVE((1.,0.866025403784,1.,0.866025403784,1.,
0.866025403784,1.)) REPRESENTATION_ITEM('') );
#827 = CARTESIAN_POINT('',(1.25,1.530808498934E-16,6.249999999999));
#828 = CARTESIAN_POINT('',(1.25,-0.721687836487,6.208333333333));
#829 = CARTESIAN_POINT('',(0.625,-1.08253175473,6.166666666666));
#830 = CARTESIAN_POINT('',(2.651438096812E-16,-1.443375672974,
    6.124999999999));
#831 = CARTESIAN_POINT('',(-0.624999999999,-1.08253175473,6.083333333333
    ));
#832 = CARTESIAN_POINT('',(-1.25,-0.721687836487,6.041666666666));
#833 = CARTESIAN_POINT('',(-1.25,0.,5.999999999999));
#834 = ORIENTED_EDGE('',*,*,#801,.F.);
#835 = ORIENTED_EDGE('',*,*,#836,.T.);
#836 = EDGE_CURVE('',#790,#816,#837,.T.);
#837 = ( BOUNDED_CURVE() B_SPLINE_CURVE(2,(#838,#839,#840,#841,#842,#843
,#844),.UNSPECIFIED.,.F.,.F.) B_SPLINE_CURVE_WITH_KNOTS((3,2,2,3),(
    0.15909090909,0.166666666666,0.174242424242,0.181818181818),
.PIECEWISE_BEZIER_KNOTS.) CURVE() GEOMETRIC_REPRESENTATION_ITEM() 
RATIONAL_B_SPLINE_CURVE((1.,0.866025403784,1.,0.866025403784,1.,
0.866025403784,1.)) REPRESENTATION_ITEM('') );
#838 = CARTESIAN_POINT('',(1.25,1.530808498934E-16,6.375000001365));
#839 = CARTESIAN_POINT('',(1.25,-0.721687836487,6.333333334698));
#840 = CARTESIAN_POINT('',(0.625,-1.08253175473,6.291666668032));
#841 = CARTESIAN_POINT('',(2.651438096812E-16,-1.443375672974,
    6.250000001365));
#842 = CARTESIAN_POINT('',(-0.624999999999,-1.08253175473,6.208333334698
    ));
#843 = CARTESIAN_POINT('',(-1.25,-0.721687836487,6.166666668032));
#844 = CARTESIAN_POINT('',(-1.25,0.,6.125000001365));
#845 = CYLINDRICAL_SURFACE('',#846,1.25);
#846 = AXIS2_PLACEMENT_3D('',#847,#848,#849);
#847 = CARTESIAN_POINT('',(0.,0.,0.));
#848 = DIRECTION('',(0.,0.,-1.));
#849 = DIRECTION('',(-1.,0.,0.));
#850 = ADVANCED_FACE('',(#851),#884,.F.);
#851 = FACE_BOUND('',#852,.F.);
#852 = EDGE_LOOP('',(#853,#865,#866,#878));
#853 = ORIENTED_EDGE('',*,*,#854,.F.);
#854 = EDGE_CURVE('',#818,#855,#857,.T.);
#855 = VERTEX_POINT('',#856);
#856 = CARTESIAN_POINT('',(1.25,1.530808498934E-16,5.749999999999));
#857 = ( BOUNDED_CURVE() B_SPLINE_CURVE(2,(#858,#859,#860,#861,#862,#863
,#864),.UNSPECIFIED.,.F.,.F.) B_SPLINE_CURVE_WITH_KNOTS((3,2,2,3),(
    0.227272727272,0.234848484848,0.242424242424,0.25),
.PIECEWISE_BEZIER_KNOTS.) CURVE() GEOMETRIC_REPRESENTATION_ITEM() 
RATIONAL_B_SPLINE_CURVE((0.999999999999,0.866025403784,1.,0.866025403784
,1.,0.866025403784,1.)) REPRESENTATION_ITEM('') );
#858 = CARTESIAN_POINT('',(-1.25,0.,5.999999999999));
#859 = CARTESIAN_POINT('',(-1.249999999999,0.721687836487,5.958333333333
    ));
#860 = CARTESIAN_POINT('',(-0.625,1.08253175473,5.916666666666));
#861 = CARTESIAN_POINT('',(-8.838126989374E-17,1.443375672974,
    5.874999999999));
#862 = CARTESIAN_POINT('',(0.625,1.08253175473,5.833333333333));
#863 = CARTESIAN_POINT('',(1.25,0.721687836487,5.791666666666));
#864 = CARTESIAN_POINT('',(1.25,1.530808498934E-16,5.749999999999));
#865 = ORIENTED_EDGE('',*,*,#815,.F.);
#866 = ORIENTED_EDGE('',*,*,#867,.T.);
#867 = EDGE_CURVE('',#816,#868,#870,.T.);
#868 = VERTEX_POINT('',#869);
#869 = CARTESIAN_POINT('',(1.25,1.530808498934E-16,5.875000001365));
#870 = ( BOUNDED_CURVE() B_SPLINE_CURVE(2,(#871,#872,#873,#874,#875,#876
,#877),.UNSPECIFIED.,.F.,.F.) B_SPLINE_CURVE_WITH_KNOTS((3,2,2,3),(
    0.181818181818,0.189393939393,0.196969696969,0.204545454545),
.UNSPECIFIED.) CURVE() GEOMETRIC_REPRESENTATION_ITEM() 
RATIONAL_B_SPLINE_CURVE((1.,0.866025403784,1.,0.866025403784,1.,
0.866025403784,1.)) REPRESENTATION_ITEM('') );
#871 = CARTESIAN_POINT('',(-1.25,0.,6.125000001365));
#872 = CARTESIAN_POINT('',(-1.25,0.721687836487,6.083333334698));
#873 = CARTESIAN_POINT('',(-0.625,1.08253175473,6.041666668032));
#874 = CARTESIAN_POINT('',(-8.838126989374E-17,1.443375672974,
    6.000000001365));
#875 = CARTESIAN_POINT('',(0.625,1.08253175473,5.958333334698));
#876 = CARTESIAN_POINT('',(1.25,0.721687836487,5.916666668032));
#877 = CARTESIAN_POINT('',(1.25,1.530808498934E-16,5.875000001365));
#878 = ORIENTED_EDGE('',*,*,#879,.T.);
#879 = EDGE_CURVE('',#868,#855,#880,.T.);
#880 = LINE('',#881,#882);
#881 = CARTESIAN_POINT('',(1.25,1.530808498934E-16,0.));
#882 = VECTOR('',#883,1.);
#883 = DIRECTION('',(0.,0.,-1.));
#884 = CYLINDRICAL_SURFACE('',#885,1.25);
#885 = AXIS2_PLACEMENT_3D('',#886,#887,#888);
#886 = CARTESIAN_POINT('',(0.,0.,0.));
#887 = DIRECTION('',(0.,0.,-1.));
#888 = DIRECTION('',(-1.,0.,0.));
#889 = ADVANCED_FACE('',(#890),#923,.F.);
#890 = FACE_BOUND('',#891,.F.);
#891 = EDGE_LOOP('',(#892,#902,#912,#913));
#892 = ORIENTED_EDGE('',*,*,#893,.T.);
#893 = EDGE_CURVE('',#894,#896,#898,.T.);
#894 = VERTEX_POINT('',#895);
#895 = CARTESIAN_POINT('',(-1.25,0.,5.625000001365));
#896 = VERTEX_POINT('',#897);
#897 = CARTESIAN_POINT('',(-1.25,0.,5.499999999999));
#898 = LINE('',#899,#900);
#899 = CARTESIAN_POINT('',(-1.25,0.,0.));
#900 = VECTOR('',#901,1.);
#901 = DIRECTION('',(0.,0.,-1.));
#902 = ORIENTED_EDGE('',*,*,#903,.F.);
#903 = EDGE_CURVE('',#855,#896,#904,.T.);
#904 = ( BOUNDED_CURVE() B_SPLINE_CURVE(2,(#905,#906,#907,#908,#909,#910
,#911),.UNSPECIFIED.,.F.,.F.) B_SPLINE_CURVE_WITH_KNOTS((3,2,2,3),(0.25,
0.257575757575,0.265151515151,0.272727272727),.UNSPECIFIED.) CURVE() 
GEOMETRIC_REPRESENTATION_ITEM() RATIONAL_B_SPLINE_CURVE((1.,
    0.866025403784,1.,0.866025403784,1.,0.866025403784,1.)) 
REPRESENTATION_ITEM('') );
#905 = CARTESIAN_POINT('',(1.25,1.530808498934E-16,5.749999999999));
#906 = CARTESIAN_POINT('',(1.25,-0.721687836487,5.708333333333));
#907 = CARTESIAN_POINT('',(0.625,-1.08253175473,5.666666666666));
#908 = CARTESIAN_POINT('',(2.651438096812E-16,-1.443375672974,
    5.624999999999));
#909 = CARTESIAN_POINT('',(-0.624999999999,-1.08253175473,5.583333333333
    ));
#910 = CARTESIAN_POINT('',(-1.25,-0.721687836487,5.541666666666));
#911 = CARTESIAN_POINT('',(-1.25,0.,5.499999999999));
#912 = ORIENTED_EDGE('',*,*,#879,.F.);
#913 = ORIENTED_EDGE('',*,*,#914,.T.);
#914 = EDGE_CURVE('',#868,#894,#915,.T.);
#915 = ( BOUNDED_CURVE() B_SPLINE_CURVE(2,(#916,#917,#918,#919,#920,#921
,#922),.UNSPECIFIED.,.F.,.F.) B_SPLINE_CURVE_WITH_KNOTS((3,2,2,3),(
    0.204545454545,0.212121212121,0.219696969696,0.227272727272),
.UNSPECIFIED.) CURVE() GEOMETRIC_REPRESENTATION_ITEM() 
RATIONAL_B_SPLINE_CURVE((1.,0.866025403784,1.,0.866025403784,1.,
0.866025403784,1.)) REPRESENTATION_ITEM('') );
#916 = CARTESIAN_POINT('',(1.25,1.530808498934E-16,5.875000001365));
#917 = CARTESIAN_POINT('',(1.25,-0.721687836487,5.833333334698));
#918 = CARTESIAN_POINT('',(0.625,-1.08253175473,5.791666668032));
#919 = CARTESIAN_POINT('',(2.651438096812E-16,-1.443375672974,
    5.750000001365));
#920 = CARTESIAN_POINT('',(-0.624999999999,-1.08253175473,5.708333334698
    ));
#921 = CARTESIAN_POINT('',(-1.25,-0.721687836487,5.666666668032));
#922 = CARTESIAN_POINT('',(-1.25,0.,5.625000001365));
#923 = CYLINDRICAL_SURFACE('',#924,1.25);
#924 = AXIS2_PLACEMENT_3D('',#925,#926,#927);
#925 = CARTESIAN_POINT('',(0.,0.,0.));
#926 = DIRECTION('',(0.,0.,-1.));
#927 = DIRECTION('',(-1.,0.,0.));
#928 = ADVANCED_FACE('',(#929),#962,.F.);
#929 = FACE_BOUND('',#930,.F.);
#930 = EDGE_LOOP('',(#931,#943,#944,#956));
#931 = ORIENTED_EDGE('',*,*,#932,.F.);
#932 = EDGE_CURVE('',#896,#933,#935,.T.);
#933 = VERTEX_POINT('',#934);
#934 = CARTESIAN_POINT('',(1.25,1.530808498934E-16,5.249999999999));
#935 = ( BOUNDED_CURVE() B_SPLINE_CURVE(2,(#936,#937,#938,#939,#940,#941
,#942),.UNSPECIFIED.,.F.,.F.) B_SPLINE_CURVE_WITH_KNOTS((3,2,2,3),(
    0.272727272727,0.280303030303,0.287878787878,0.295454545454),
.UNSPECIFIED.) CURVE() GEOMETRIC_REPRESENTATION_ITEM() 
RATIONAL_B_SPLINE_CURVE((1.,0.866025403784,1.,0.866025403784,1.,
0.866025403784,0.999999999999)) REPRESENTATION_ITEM('') );
#936 = CARTESIAN_POINT('',(-1.25,0.,5.499999999999));
#937 = CARTESIAN_POINT('',(-1.25,0.721687836487,5.458333333333));
#938 = CARTESIAN_POINT('',(-0.625,1.08253175473,5.416666666666));
#939 = CARTESIAN_POINT('',(-8.838126989374E-17,1.443375672974,
    5.374999999999));
#940 = CARTESIAN_POINT('',(0.625,1.08253175473,5.333333333333));
#941 = CARTESIAN_POINT('',(1.249999999999,0.721687836487,5.291666666666)
  );
#942 = CARTESIAN_POINT('',(1.25,1.530808498934E-16,5.249999999999));
#943 = ORIENTED_EDGE('',*,*,#893,.F.);
#944 = ORIENTED_EDGE('',*,*,#945,.T.);
#945 = EDGE_CURVE('',#894,#946,#948,.T.);
#946 = VERTEX_POINT('',#947);
#947 = CARTESIAN_POINT('',(1.25,1.530808498934E-16,5.375000001365));
#948 = ( BOUNDED_CURVE() B_SPLINE_CURVE(2,(#949,#950,#951,#952,#953,#954
,#955),.UNSPECIFIED.,.F.,.F.) B_SPLINE_CURVE_WITH_KNOTS((3,2,2,3),(
    0.227272727272,0.234848484848,0.242424242424,0.25),
.PIECEWISE_BEZIER_KNOTS.) CURVE() GEOMETRIC_REPRESENTATION_ITEM() 
RATIONAL_B_SPLINE_CURVE((0.999999999999,0.866025403784,1.,0.866025403784
,1.,0.866025403784,1.)) REPRESENTATION_ITEM('') );
#949 = CARTESIAN_POINT('',(-1.25,0.,5.625000001365));
#950 = CARTESIAN_POINT('',(-1.249999999999,0.721687836487,5.583333334698
    ));
#951 = CARTESIAN_POINT('',(-0.625,1.08253175473,5.541666668032));
#952 = CARTESIAN_POINT('',(-8.838126989374E-17,1.443375672974,
    5.500000001365));
#953 = CARTESIAN_POINT('',(0.625,1.08253175473,5.458333334698));
#954 = CARTESIAN_POINT('',(1.25,0.721687836487,5.416666668032));
#955 = CARTESIAN_POINT('',(1.25,1.530808498934E-16,5.375000001365));
#956 = ORIENTED_EDGE('',*,*,#957,.T.);
#957 = EDGE_CURVE('',#946,#933,#958,.T.);
#958 = LINE('',#959,#960);
#959 = CARTESIAN_POINT('',(1.25,1.530808498934E-16,0.));
#960 = VECTOR('',#961,1.);
#961 = DIRECTION('',(0.,0.,-1.));
#962 = CYLINDRICAL_SURFACE('',#963,1.25);
#963 = AXIS2_PLACEMENT_3D('',#964,#965,#966);
#964 = CARTESIAN_POINT('',(0.,0.,0.));
#965 = DIRECTION('',(0.,0.,-1.));
#966 = DIRECTION('',(-1.,0.,0.));
#967 = ADVANCED_FACE('',(#968),#1001,.F.);
#968 = FACE_BOUND('',#969,.F.);
#969 = EDGE_LOOP('',(#970,#980,#990,#991));
#970 = ORIENTED_EDGE('',*,*,#971,.T.);
#971 = EDGE_CURVE('',#972,#974,#976,.T.);
#972 = VERTEX_POINT('',#973);
#973 = CARTESIAN_POINT('',(-1.25,0.,5.125000001365));
#974 = VERTEX_POINT('',#975);
#975 = CARTESIAN_POINT('',(-1.25,0.,4.999999999999));
#976 = LINE('',#977,#978);
#977 = CARTESIAN_POINT('',(-1.25,0.,0.));
#978 = VECTOR('',#979,1.);
#979 = DIRECTION('',(0.,0.,-1.));
#980 = ORIENTED_EDGE('',*,*,#981,.F.);
#981 = EDGE_CURVE('',#933,#974,#982,.T.);
#982 = ( BOUNDED_CURVE() B_SPLINE_CURVE(2,(#983,#984,#985,#986,#987,#988
,#989),.UNSPECIFIED.,.F.,.F.) B_SPLINE_CURVE_WITH_KNOTS((3,2,2,3),(
    0.295454545454,0.30303030303,0.310606060606,0.318181818181),
.UNSPECIFIED.) CURVE() GEOMETRIC_REPRESENTATION_ITEM() 
RATIONAL_B_SPLINE_CURVE((1.,0.866025403784,1.,0.866025403784,1.,
0.866025403784,1.)) REPRESENTATION_ITEM('') );
#983 = CARTESIAN_POINT('',(1.25,1.530808498934E-16,5.249999999999));
#984 = CARTESIAN_POINT('',(1.25,-0.721687836487,5.208333333333));
#985 = CARTESIAN_POINT('',(0.625,-1.08253175473,5.166666666666));
#986 = CARTESIAN_POINT('',(2.651438096812E-16,-1.443375672974,
    5.124999999999));
#987 = CARTESIAN_POINT('',(-0.624999999999,-1.08253175473,5.083333333333
    ));
#988 = CARTESIAN_POINT('',(-1.25,-0.721687836487,5.041666666666));
#989 = CARTESIAN_POINT('',(-1.25,0.,4.999999999999));
#990 = ORIENTED_EDGE('',*,*,#957,.F.);
#991 = ORIENTED_EDGE('',*,*,#992,.T.);
#992 = EDGE_CURVE('',#946,#972,#993,.T.);
#993 = ( BOUNDED_CURVE() B_SPLINE_CURVE(2,(#994,#995,#996,#997,#998,#999
,#1000),.UNSPECIFIED.,.F.,.F.) B_SPLINE_CURVE_WITH_KNOTS((3,2,2,3),(0.25
,0.257575757575,0.265151515151,0.272727272727),.UNSPECIFIED.) CURVE() 
GEOMETRIC_REPRESENTATION_ITEM() RATIONAL_B_SPLINE_CURVE((1.,
    0.866025403784,1.,0.866025403784,1.,0.866025403784,1.)) 
REPRESENTATION_ITEM('') );
#994 = CARTESIAN_POINT('',(1.25,1.530808498934E-16,5.375000001365));
#995 = CARTESIAN_POINT('',(1.25,-0.721687836487,5.333333334698));
#996 = CARTESIAN_POINT('',(0.625,-1.08253175473,5.291666668032));
#997 = CARTESIAN_POINT('',(2.651438096812E-16,-1.443375672974,
    5.250000001365));
#998 = CARTESIAN_POINT('',(-0.624999999999,-1.08253175473,5.208333334698
    ));
#999 = CARTESIAN_POINT('',(-1.25,-0.721687836487,5.166666668032));
#1000 = CARTESIAN_POINT('',(-1.25,0.,5.125000001365));
#1001 = CYLINDRICAL_SURFACE('',#1002,1.25);
#1002 = AXIS2_PLACEMENT_3D('',#1003,#1004,#1005);
#1003 = CARTESIAN_POINT('',(0.,0.,0.));
#1004 = DIRECTION('',(0.,0.,-1.));
#1005 = DIRECTION('',(-1.,0.,0.));
#1006 = ADVANCED_FACE('',(#1007),#1040,.F.);
#1007 = FACE_BOUND('',#1008,.F.);
#1008 = EDGE_LOOP('',(#1009,#1021,#1022,#1034));
#1009 = ORIENTED_EDGE('',*,*,#1010,.F.);
#1010 = EDGE_CURVE('',#974,#1011,#1013,.T.);
#1011 = VERTEX_POINT('',#1012);
#1012 = CARTESIAN_POINT('',(1.25,1.530808498934E-16,4.749999999999));
#1013 = ( BOUNDED_CURVE() B_SPLINE_CURVE(2,(#1014,#1015,#1016,#1017,
#1018,#1019,#1020),.UNSPECIFIED.,.F.,.F.) B_SPLINE_CURVE_WITH_KNOTS((3,2
    ,2,3),(0.318181818181,0.325757575757,0.333333333333,0.340909090909),
.PIECEWISE_BEZIER_KNOTS.) CURVE() GEOMETRIC_REPRESENTATION_ITEM() 
RATIONAL_B_SPLINE_CURVE((1.,0.866025403784,1.,0.866025403784,1.,
0.866025403784,1.)) REPRESENTATION_ITEM('') );
#1014 = CARTESIAN_POINT('',(-1.25,0.,4.999999999999));
#1015 = CARTESIAN_POINT('',(-1.25,0.721687836487,4.958333333333));
#1016 = CARTESIAN_POINT('',(-0.625,1.08253175473,4.916666666666));
#1017 = CARTESIAN_POINT('',(-8.838126989374E-17,1.443375672974,
    4.874999999999));
#1018 = CARTESIAN_POINT('',(0.625,1.08253175473,4.833333333333));
#1019 = CARTESIAN_POINT('',(1.25,0.721687836487,4.791666666666));
#1020 = CARTESIAN_POINT('',(1.25,1.530808498934E-16,4.749999999999));
#1021 = ORIENTED_EDGE('',*,*,#971,.F.);
#1022 = ORIENTED_EDGE('',*,*,#1023,.T.);
#1023 = EDGE_CURVE('',#972,#1024,#1026,.T.);
#1024 = VERTEX_POINT('',#1025);
#1025 = CARTESIAN_POINT('',(1.25,1.530808498934E-16,4.875000001365));
#1026 = ( BOUNDED_CURVE() B_SPLINE_CURVE(2,(#1027,#1028,#1029,#1030,
#1031,#1032,#1033),.UNSPECIFIED.,.F.,.F.) B_SPLINE_CURVE_WITH_KNOTS((3,2
    ,2,3),(0.272727272727,0.280303030303,0.287878787878,0.295454545454),
.UNSPECIFIED.) CURVE() GEOMETRIC_REPRESENTATION_ITEM() 
RATIONAL_B_SPLINE_CURVE((1.,0.866025403784,1.,0.866025403784,1.,
0.866025403784,0.999999999999)) REPRESENTATION_ITEM('') );
#1027 = CARTESIAN_POINT('',(-1.25,0.,5.125000001365));
#1028 = CARTESIAN_POINT('',(-1.25,0.721687836487,5.083333334698));
#1029 = CARTESIAN_POINT('',(-0.625,1.08253175473,5.041666668032));
#1030 = CARTESIAN_POINT('',(-8.838126989374E-17,1.443375672974,
    5.000000001365));
#1031 = CARTESIAN_POINT('',(0.625,1.08253175473,4.958333334698));
#1032 = CARTESIAN_POINT('',(1.249999999999,0.721687836487,4.916666668032
    ));
#1033 = CARTESIAN_POINT('',(1.25,1.530808498934E-16,4.875000001365));
#1034 = ORIENTED_EDGE('',*,*,#1035,.T.);
#1035 = EDGE_CURVE('',#1024,#1011,#1036,.T.);
#1036 = LINE('',#1037,#1038);
#1037 = CARTESIAN_POINT('',(1.25,1.530808498934E-16,0.));
#1038 = VECTOR('',#1039,1.);
#1039 = DIRECTION('',(0.,0.,-1.));
#1040 = CYLINDRICAL_SURFACE('',#1041,1.25);
#1041 = AXIS2_PLACEMENT_3D('',#1042,#1043,#1044);
#1042 = CARTESIAN_POINT('',(0.,0.,0.));
#1043 = DIRECTION('',(0.,0.,-1.));
#1044 = DIRECTION('',(-1.,0.,0.));
#1045 = ADVANCED_FACE('',(#1046),#1079,.F.);
#1046 = FACE_BOUND('',#1047,.F.);
#1047 = EDGE_LOOP('',(#1048,#1058,#1068,#1069));
#1048 = ORIENTED_EDGE('',*,*,#1049,.T.);
#1049 = EDGE_CURVE('',#1050,#1052,#1054,.T.);
#1050 = VERTEX_POINT('',#1051);
#1051 = CARTESIAN_POINT('',(-1.25,0.,4.625000001365));
#1052 = VERTEX_POINT('',#1053);
#1053 = CARTESIAN_POINT('',(-1.25,0.,4.499999999999));
#1054 = LINE('',#1055,#1056);
#1055 = CARTESIAN_POINT('',(-1.25,0.,0.));
#1056 = VECTOR('',#1057,1.);
#1057 = DIRECTION('',(0.,0.,-1.));
#1058 = ORIENTED_EDGE('',*,*,#1059,.F.);
#1059 = EDGE_CURVE('',#1011,#1052,#1060,.T.);
#1060 = ( BOUNDED_CURVE() B_SPLINE_CURVE(2,(#1061,#1062,#1063,#1064,
#1065,#1066,#1067),.UNSPECIFIED.,.F.,.F.) B_SPLINE_CURVE_WITH_KNOTS((3,2
    ,2,3),(0.340909090909,0.348484848484,0.35606060606,0.363636363636),
.UNSPECIFIED.) CURVE() GEOMETRIC_REPRESENTATION_ITEM() 
RATIONAL_B_SPLINE_CURVE((0.999999999999,0.866025403784,1.,0.866025403784
,1.,0.866025403784,1.)) REPRESENTATION_ITEM('') );
#1061 = CARTESIAN_POINT('',(1.25,1.530808498934E-16,4.749999999999));
#1062 = CARTESIAN_POINT('',(1.249999999999,-0.721687836487,
    4.708333333333));
#1063 = CARTESIAN_POINT('',(0.625,-1.08253175473,4.666666666666));
#1064 = CARTESIAN_POINT('',(2.651438096812E-16,-1.443375672974,
    4.624999999999));
#1065 = CARTESIAN_POINT('',(-0.624999999999,-1.08253175473,
    4.583333333333));
#1066 = CARTESIAN_POINT('',(-1.25,-0.721687836487,4.541666666666));
#1067 = CARTESIAN_POINT('',(-1.25,0.,4.499999999999));
#1068 = ORIENTED_EDGE('',*,*,#1035,.F.);
#1069 = ORIENTED_EDGE('',*,*,#1070,.T.);
#1070 = EDGE_CURVE('',#1024,#1050,#1071,.T.);
#1071 = ( BOUNDED_CURVE() B_SPLINE_CURVE(2,(#1072,#1073,#1074,#1075,
#1076,#1077,#1078),.UNSPECIFIED.,.F.,.F.) B_SPLINE_CURVE_WITH_KNOTS((3,2
    ,2,3),(0.295454545454,0.30303030303,0.310606060606,0.318181818181),
.UNSPECIFIED.) CURVE() GEOMETRIC_REPRESENTATION_ITEM() 
RATIONAL_B_SPLINE_CURVE((1.,0.866025403784,1.,0.866025403784,1.,
0.866025403784,1.)) REPRESENTATION_ITEM('') );
#1072 = CARTESIAN_POINT('',(1.25,1.530808498934E-16,4.875000001365));
#1073 = CARTESIAN_POINT('',(1.25,-0.721687836487,4.833333334698));
#1074 = CARTESIAN_POINT('',(0.625,-1.08253175473,4.791666668032));
#1075 = CARTESIAN_POINT('',(2.651438096812E-16,-1.443375672974,
    4.750000001365));
#1076 = CARTESIAN_POINT('',(-0.624999999999,-1.08253175473,
    4.708333334698));
#1077 = CARTESIAN_POINT('',(-1.25,-0.721687836487,4.666666668032));
#1078 = CARTESIAN_POINT('',(-1.25,0.,4.625000001365));
#1079 = CYLINDRICAL_SURFACE('',#1080,1.25);
#1080 = AXIS2_PLACEMENT_3D('',#1081,#1082,#1083);
#1081 = CARTESIAN_POINT('',(0.,0.,0.));
#1082 = DIRECTION('',(0.,0.,-1.));
#1083 = DIRECTION('',(-1.,0.,0.));
#1084 = ADVANCED_FACE('',(#1085),#1118,.F.);
#1085 = FACE_BOUND('',#1086,.F.);
#1086 = EDGE_LOOP('',(#1087,#1099,#1100,#1112));
#1087 = ORIENTED_EDGE('',*,*,#1088,.F.);
#1088 = EDGE_CURVE('',#1052,#1089,#1091,.T.);
#1089 = VERTEX_POINT('',#1090);
#1090 = CARTESIAN_POINT('',(1.25,1.530808498934E-16,4.249999999999));
#1091 = ( BOUNDED_CURVE() B_SPLINE_CURVE(2,(#1092,#1093,#1094,#1095,
#1096,#1097,#1098),.UNSPECIFIED.,.F.,.F.) B_SPLINE_CURVE_WITH_KNOTS((3,2
    ,2,3),(0.363636363636,0.371212121212,0.378787878787,0.386363636363),
.UNSPECIFIED.) CURVE() GEOMETRIC_REPRESENTATION_ITEM() 
RATIONAL_B_SPLINE_CURVE((1.,0.866025403784,1.,0.866025403784,1.,
0.866025403784,0.999999999999)) REPRESENTATION_ITEM('') );
#1092 = CARTESIAN_POINT('',(-1.25,0.,4.499999999999));
#1093 = CARTESIAN_POINT('',(-1.25,0.721687836487,4.458333333333));
#1094 = CARTESIAN_POINT('',(-0.625,1.08253175473,4.416666666666));
#1095 = CARTESIAN_POINT('',(-8.838126989374E-17,1.443375672974,
    4.374999999999));
#1096 = CARTESIAN_POINT('',(0.625,1.08253175473,4.333333333333));
#1097 = CARTESIAN_POINT('',(1.249999999999,0.721687836487,4.291666666666
    ));
#1098 = CARTESIAN_POINT('',(1.25,1.530808498934E-16,4.249999999999));
#1099 = ORIENTED_EDGE('',*,*,#1049,.F.);
#1100 = ORIENTED_EDGE('',*,*,#1101,.T.);
#1101 = EDGE_CURVE('',#1050,#1102,#1104,.T.);
#1102 = VERTEX_POINT('',#1103);
#1103 = CARTESIAN_POINT('',(1.25,1.530808498934E-16,4.375000001365));
#1104 = ( BOUNDED_CURVE() B_SPLINE_CURVE(2,(#1105,#1106,#1107,#1108,
#1109,#1110,#1111),.UNSPECIFIED.,.F.,.F.) B_SPLINE_CURVE_WITH_KNOTS((3,2
    ,2,3),(0.318181818181,0.325757575757,0.333333333333,0.340909090909),
.PIECEWISE_BEZIER_KNOTS.) CURVE() GEOMETRIC_REPRESENTATION_ITEM() 
RATIONAL_B_SPLINE_CURVE((1.,0.866025403784,1.,0.866025403784,1.,
0.866025403784,1.)) REPRESENTATION_ITEM('') );
#1105 = CARTESIAN_POINT('',(-1.25,0.,4.625000001365));
#1106 = CARTESIAN_POINT('',(-1.25,0.721687836487,4.583333334698));
#1107 = CARTESIAN_POINT('',(-0.625,1.08253175473,4.541666668032));
#1108 = CARTESIAN_POINT('',(-8.838126989374E-17,1.443375672974,
    4.500000001365));
#1109 = CARTESIAN_POINT('',(0.625,1.08253175473,4.458333334698));
#1110 = CARTESIAN_POINT('',(1.25,0.721687836487,4.416666668032));
#1111 = CARTESIAN_POINT('',(1.25,1.530808498934E-16,4.375000001365));
#1112 = ORIENTED_EDGE('',*,*,#1113,.T.);
#1113 = EDGE_CURVE('',#1102,#1089,#1114,.T.);
#1114 = LINE('',#1115,#1116);
#1115 = CARTESIAN_POINT('',(1.25,1.530808498934E-16,0.));
#1116 = VECTOR('',#1117,1.);
#1117 = DIRECTION('',(0.,0.,-1.));
#1118 = CYLINDRICAL_SURFACE('',#1119,1.25);
#1119 = AXIS2_PLACEMENT_3D('',#1120,#1121,#1122);
#1120 = CARTESIAN_POINT('',(0.,0.,0.));
#1121 = DIRECTION('',(0.,0.,-1.));
#1122 = DIRECTION('',(-1.,0.,0.));
#1123 = ADVANCED_FACE('',(#1124),#1157,.F.);
#1124 = FACE_BOUND('',#1125,.F.);
#1125 = EDGE_LOOP('',(#1126,#1136,#1146,#1147));
#1126 = ORIENTED_EDGE('',*,*,#1127,.T.);
#1127 = EDGE_CURVE('',#1128,#1130,#1132,.T.);
#1128 = VERTEX_POINT('',#1129);
#1129 = CARTESIAN_POINT('',(-1.25,0.,4.125000001365));
#1130 = VERTEX_POINT('',#1131);
#1131 = CARTESIAN_POINT('',(-1.25,0.,3.999999999999));
#1132 = LINE('',#1133,#1134);
#1133 = CARTESIAN_POINT('',(-1.25,0.,0.));
#1134 = VECTOR('',#1135,1.);
#1135 = DIRECTION('',(0.,0.,-1.));
#1136 = ORIENTED_EDGE('',*,*,#1137,.F.);
#1137 = EDGE_CURVE('',#1089,#1130,#1138,.T.);
#1138 = ( BOUNDED_CURVE() B_SPLINE_CURVE(2,(#1139,#1140,#1141,#1142,
#1143,#1144,#1145),.UNSPECIFIED.,.F.,.F.) B_SPLINE_CURVE_WITH_KNOTS((3,2
    ,2,3),(0.386363636363,0.393939393939,0.401515151515,0.40909090909),
.UNSPECIFIED.) CURVE() GEOMETRIC_REPRESENTATION_ITEM() 
RATIONAL_B_SPLINE_CURVE((1.,0.866025403784,1.,0.866025403784,1.,
0.866025403784,1.)) REPRESENTATION_ITEM('') );
#1139 = CARTESIAN_POINT('',(1.25,1.530808498934E-16,4.249999999999));
#1140 = CARTESIAN_POINT('',(1.25,-0.721687836487,4.208333333333));
#1141 = CARTESIAN_POINT('',(0.625,-1.08253175473,4.166666666666));
#1142 = CARTESIAN_POINT('',(2.651438096812E-16,-1.443375672974,
    4.124999999999));
#1143 = CARTESIAN_POINT('',(-0.624999999999,-1.08253175473,
    4.083333333333));
#1144 = CARTESIAN_POINT('',(-1.25,-0.721687836487,4.041666666666));
#1145 = CARTESIAN_POINT('',(-1.25,0.,3.999999999999));
#1146 = ORIENTED_EDGE('',*,*,#1113,.F.);
#1147 = ORIENTED_EDGE('',*,*,#1148,.T.);
#1148 = EDGE_CURVE('',#1102,#1128,#1149,.T.);
#1149 = ( BOUNDED_CURVE() B_SPLINE_CURVE(2,(#1150,#1151,#1152,#1153,
#1154,#1155,#1156),.UNSPECIFIED.,.F.,.F.) B_SPLINE_CURVE_WITH_KNOTS((3,2
    ,2,3),(0.340909090909,0.348484848484,0.35606060606,0.363636363636),
.UNSPECIFIED.) CURVE() GEOMETRIC_REPRESENTATION_ITEM() 
RATIONAL_B_SPLINE_CURVE((0.999999999999,0.866025403784,1.,0.866025403784
,1.,0.866025403784,1.)) REPRESENTATION_ITEM('') );
#1150 = CARTESIAN_POINT('',(1.25,1.530808498934E-16,4.375000001365));
#1151 = CARTESIAN_POINT('',(1.249999999999,-0.721687836487,
    4.333333334698));
#1152 = CARTESIAN_POINT('',(0.625,-1.08253175473,4.291666668032));
#1153 = CARTESIAN_POINT('',(2.651438096812E-16,-1.443375672974,
    4.250000001365));
#1154 = CARTESIAN_POINT('',(-0.624999999999,-1.08253175473,
    4.208333334698));
#1155 = CARTESIAN_POINT('',(-1.25,-0.721687836487,4.166666668032));
#1156 = CARTESIAN_POINT('',(-1.25,0.,4.125000001365));
#1157 = CYLINDRICAL_SURFACE('',#1158,1.25);
#1158 = AXIS2_PLACEMENT_3D('',#1159,#1160,#1161);
#1159 = CARTESIAN_POINT('',(0.,0.,0.));
#1160 = DIRECTION('',(0.,0.,-1.));
#1161 = DIRECTION('',(-1.,0.,0.));
#1162 = ADVANCED_FACE('',(#1163),#1196,.F.);
#1163 = FACE_BOUND('',#1164,.F.);
#1164 = EDGE_LOOP('',(#1165,#1177,#1178,#1190));
#1165 = ORIENTED_EDGE('',*,*,#1166,.F.);
#1166 = EDGE_CURVE('',#1130,#1167,#1169,.T.);
#1167 = VERTEX_POINT('',#1168);
#1168 = CARTESIAN_POINT('',(1.25,1.530808498934E-16,3.749999999999));
#1169 = ( BOUNDED_CURVE() B_SPLINE_CURVE(2,(#1170,#1171,#1172,#1173,
#1174,#1175,#1176),.UNSPECIFIED.,.F.,.F.) B_SPLINE_CURVE_WITH_KNOTS((3,2
    ,2,3),(0.40909090909,0.416666666666,0.424242424242,0.431818181818),
.PIECEWISE_BEZIER_KNOTS.) CURVE() GEOMETRIC_REPRESENTATION_ITEM() 
RATIONAL_B_SPLINE_CURVE((1.,0.866025403784,1.,0.866025403784,1.,
0.866025403784,1.)) REPRESENTATION_ITEM('') );
#1170 = CARTESIAN_POINT('',(-1.25,0.,3.999999999999));
#1171 = CARTESIAN_POINT('',(-1.25,0.721687836487,3.958333333333));
#1172 = CARTESIAN_POINT('',(-0.625,1.08253175473,3.916666666666));
#1173 = CARTESIAN_POINT('',(-8.838126989374E-17,1.443375672974,
    3.874999999999));
#1174 = CARTESIAN_POINT('',(0.625,1.08253175473,3.833333333333));
#1175 = CARTESIAN_POINT('',(1.25,0.721687836487,3.791666666666));
#1176 = CARTESIAN_POINT('',(1.25,1.530808498934E-16,3.749999999999));
#1177 = ORIENTED_EDGE('',*,*,#1127,.F.);
#1178 = ORIENTED_EDGE('',*,*,#1179,.T.);
#1179 = EDGE_CURVE('',#1128,#1180,#1182,.T.);
#1180 = VERTEX_POINT('',#1181);
#1181 = CARTESIAN_POINT('',(1.25,1.530808498934E-16,3.875000001365));
#1182 = ( BOUNDED_CURVE() B_SPLINE_CURVE(2,(#1183,#1184,#1185,#1186,
#1187,#1188,#1189),.UNSPECIFIED.,.F.,.F.) B_SPLINE_CURVE_WITH_KNOTS((3,2
    ,2,3),(0.363636363636,0.371212121212,0.378787878787,0.386363636363),
.UNSPECIFIED.) CURVE() GEOMETRIC_REPRESENTATION_ITEM() 
RATIONAL_B_SPLINE_CURVE((1.,0.866025403784,1.,0.866025403784,1.,
0.866025403784,0.999999999999)) REPRESENTATION_ITEM('') );
#1183 = CARTESIAN_POINT('',(-1.25,0.,4.125000001365));
#1184 = CARTESIAN_POINT('',(-1.25,0.721687836487,4.083333334698));
#1185 = CARTESIAN_POINT('',(-0.625,1.08253175473,4.041666668032));
#1186 = CARTESIAN_POINT('',(-8.838126989374E-17,1.443375672974,
    4.000000001365));
#1187 = CARTESIAN_POINT('',(0.625,1.08253175473,3.958333334698));
#1188 = CARTESIAN_POINT('',(1.249999999999,0.721687836487,3.916666668032
    ));
#1189 = CARTESIAN_POINT('',(1.25,1.530808498934E-16,3.875000001365));
#1190 = ORIENTED_EDGE('',*,*,#1191,.T.);
#1191 = EDGE_CURVE('',#1180,#1167,#1192,.T.);
#1192 = LINE('',#1193,#1194);
#1193 = CARTESIAN_POINT('',(1.25,1.530808498934E-16,0.));
#1194 = VECTOR('',#1195,1.);
#1195 = DIRECTION('',(0.,0.,-1.));
#1196 = CYLINDRICAL_SURFACE('',#1197,1.25);
#1197 = AXIS2_PLACEMENT_3D('',#1198,#1199,#1200);
#1198 = CARTESIAN_POINT('',(0.,0.,0.));
#1199 = DIRECTION('',(0.,0.,-1.));
#1200 = DIRECTION('',(-1.,0.,0.));
#1201 = ADVANCED_FACE('',(#1202),#1235,.F.);
#1202 = FACE_BOUND('',#1203,.F.);
#1203 = EDGE_LOOP('',(#1204,#1214,#1224,#1225));
#1204 = ORIENTED_EDGE('',*,*,#1205,.T.);
#1205 = EDGE_CURVE('',#1206,#1208,#1210,.T.);
#1206 = VERTEX_POINT('',#1207);
#1207 = CARTESIAN_POINT('',(-1.25,0.,3.625000001365));
#1208 = VERTEX_POINT('',#1209);
#1209 = CARTESIAN_POINT('',(-1.25,0.,3.499999999999));
#1210 = LINE('',#1211,#1212);
#1211 = CARTESIAN_POINT('',(-1.25,0.,0.));
#1212 = VECTOR('',#1213,1.);
#1213 = DIRECTION('',(0.,0.,-1.));
#1214 = ORIENTED_EDGE('',*,*,#1215,.F.);
#1215 = EDGE_CURVE('',#1167,#1208,#1216,.T.);
#1216 = ( BOUNDED_CURVE() B_SPLINE_CURVE(2,(#1217,#1218,#1219,#1220,
#1221,#1222,#1223),.UNSPECIFIED.,.F.,.F.) B_SPLINE_CURVE_WITH_KNOTS((3,2
    ,2,3),(0.431818181818,0.439393939393,0.446969696969,0.454545454545),
.UNSPECIFIED.) CURVE() GEOMETRIC_REPRESENTATION_ITEM() 
RATIONAL_B_SPLINE_CURVE((1.,0.866025403784,1.,0.866025403784,1.,
0.866025403784,1.)) REPRESENTATION_ITEM('') );
#1217 = CARTESIAN_POINT('',(1.25,1.530808498934E-16,3.749999999999));
#1218 = CARTESIAN_POINT('',(1.25,-0.721687836487,3.708333333333));
#1219 = CARTESIAN_POINT('',(0.625,-1.08253175473,3.666666666666));
#1220 = CARTESIAN_POINT('',(2.651438096812E-16,-1.443375672974,
    3.624999999999));
#1221 = CARTESIAN_POINT('',(-0.624999999999,-1.08253175473,
    3.583333333333));
#1222 = CARTESIAN_POINT('',(-1.25,-0.721687836487,3.541666666666));
#1223 = CARTESIAN_POINT('',(-1.25,0.,3.499999999999));
#1224 = ORIENTED_EDGE('',*,*,#1191,.F.);
#1225 = ORIENTED_EDGE('',*,*,#1226,.T.);
#1226 = EDGE_CURVE('',#1180,#1206,#1227,.T.);
#1227 = ( BOUNDED_CURVE() B_SPLINE_CURVE(2,(#1228,#1229,#1230,#1231,
#1232,#1233,#1234),.UNSPECIFIED.,.F.,.F.) B_SPLINE_CURVE_WITH_KNOTS((3,2
    ,2,3),(0.386363636363,0.393939393939,0.401515151515,0.40909090909),
.UNSPECIFIED.) CURVE() GEOMETRIC_REPRESENTATION_ITEM() 
RATIONAL_B_SPLINE_CURVE((1.,0.866025403784,1.,0.866025403784,1.,
0.866025403784,1.)) REPRESENTATION_ITEM('') );
#1228 = CARTESIAN_POINT('',(1.25,1.530808498934E-16,3.875000001365));
#1229 = CARTESIAN_POINT('',(1.25,-0.721687836487,3.833333334698));
#1230 = CARTESIAN_POINT('',(0.625,-1.08253175473,3.791666668032));
#1231 = CARTESIAN_POINT('',(2.651438096812E-16,-1.443375672974,
    3.750000001365));
#1232 = CARTESIAN_POINT('',(-0.624999999999,-1.08253175473,
    3.708333334698));
#1233 = CARTESIAN_POINT('',(-1.25,-0.721687836487,3.666666668032));
#1234 = CARTESIAN_POINT('',(-1.25,0.,3.625000001365));
#1235 = CYLINDRICAL_SURFACE('',#1236,1.25);
#1236 = AXIS2_PLACEMENT_3D('',#1237,#1238,#1239);
#1237 = CARTESIAN_POINT('',(0.,0.,0.));
#1238 = DIRECTION('',(0.,0.,-1.));
#1239 = DIRECTION('',(-1.,0.,0.));
#1240 = ADVANCED_FACE('',(#1241),#1274,.F.);
#1241 = FACE_BOUND('',#1242,.F.);
#1242 = EDGE_LOOP('',(#1243,#1255,#1256,#1268));
#1243 = ORIENTED_EDGE('',*,*,#1244,.F.);
#1244 = EDGE_CURVE('',#1208,#1245,#1247,.T.);
#1245 = VERTEX_POINT('',#1246);
#1246 = CARTESIAN_POINT('',(1.25,1.530808498934E-16,3.249999999999));
#1247 = ( BOUNDED_CURVE() B_SPLINE_CURVE(2,(#1248,#1249,#1250,#1251,
#1252,#1253,#1254),.UNSPECIFIED.,.F.,.F.) B_SPLINE_CURVE_WITH_KNOTS((3,2
    ,2,3),(0.454545454545,0.462121212121,0.469696969696,0.477272727272),
.UNSPECIFIED.) CURVE() GEOMETRIC_REPRESENTATION_ITEM() 
RATIONAL_B_SPLINE_CURVE((0.999999999999,0.866025403784,1.,0.866025403784
,1.,0.866025403784,0.999999999999)) REPRESENTATION_ITEM('') );
#1248 = CARTESIAN_POINT('',(-1.25,0.,3.499999999999));
#1249 = CARTESIAN_POINT('',(-1.249999999999,0.721687836487,
    3.458333333333));
#1250 = CARTESIAN_POINT('',(-0.625,1.08253175473,3.416666666666));
#1251 = CARTESIAN_POINT('',(-8.838126989374E-17,1.443375672974,
    3.374999999999));
#1252 = CARTESIAN_POINT('',(0.625,1.08253175473,3.333333333333));
#1253 = CARTESIAN_POINT('',(1.249999999999,0.721687836487,3.291666666666
    ));
#1254 = CARTESIAN_POINT('',(1.25,1.530808498934E-16,3.249999999999));
#1255 = ORIENTED_EDGE('',*,*,#1205,.F.);
#1256 = ORIENTED_EDGE('',*,*,#1257,.T.);
#1257 = EDGE_CURVE('',#1206,#1258,#1260,.T.);
#1258 = VERTEX_POINT('',#1259);
#1259 = CARTESIAN_POINT('',(1.25,1.530808498934E-16,3.375000001365));
#1260 = ( BOUNDED_CURVE() B_SPLINE_CURVE(2,(#1261,#1262,#1263,#1264,
#1265,#1266,#1267),.UNSPECIFIED.,.F.,.F.) B_SPLINE_CURVE_WITH_KNOTS((3,2
    ,2,3),(0.40909090909,0.416666666666,0.424242424242,0.431818181818),
.PIECEWISE_BEZIER_KNOTS.) CURVE() GEOMETRIC_REPRESENTATION_ITEM() 
RATIONAL_B_SPLINE_CURVE((1.,0.866025403784,1.,0.866025403784,1.,
0.866025403784,1.)) REPRESENTATION_ITEM('') );
#1261 = CARTESIAN_POINT('',(-1.25,0.,3.625000001365));
#1262 = CARTESIAN_POINT('',(-1.25,0.721687836487,3.583333334698));
#1263 = CARTESIAN_POINT('',(-0.625,1.08253175473,3.541666668032));
#1264 = CARTESIAN_POINT('',(-8.838126989374E-17,1.443375672974,
    3.500000001365));
#1265 = CARTESIAN_POINT('',(0.625,1.08253175473,3.458333334698));
#1266 = CARTESIAN_POINT('',(1.25,0.721687836487,3.416666668032));
#1267 = CARTESIAN_POINT('',(1.25,1.530808498934E-16,3.375000001365));
#1268 = ORIENTED_EDGE('',*,*,#1269,.T.);
#1269 = EDGE_CURVE('',#1258,#1245,#1270,.T.);
#1270 = LINE('',#1271,#1272);
#1271 = CARTESIAN_POINT('',(1.25,1.530808498934E-16,0.));
#1272 = VECTOR('',#1273,1.);
#1273 = DIRECTION('',(0.,0.,-1.));
#1274 = CYLINDRICAL_SURFACE('',#1275,1.25);
#1275 = AXIS2_PLACEMENT_3D('',#1276,#1277,#1278);
#1276 = CARTESIAN_POINT('',(0.,0.,0.));
#1277 = DIRECTION('',(0.,0.,-1.));
#1278 = DIRECTION('',(-1.,0.,0.));
#1279 = ADVANCED_FACE('',(#1280),#1313,.F.);
#1280 = FACE_BOUND('',#1281,.F.);
#1281 = EDGE_LOOP('',(#1282,#1292,#1302,#1303));
#1282 = ORIENTED_EDGE('',*,*,#1283,.T.);
#1283 = EDGE_CURVE('',#1284,#1286,#1288,.T.);
#1284 = VERTEX_POINT('',#1285);
#1285 = CARTESIAN_POINT('',(-1.25,0.,3.125000001365));
#1286 = VERTEX_POINT('',#1287);
#1287 = CARTESIAN_POINT('',(-1.25,0.,2.999999999999));
#1288 = LINE('',#1289,#1290);
#1289 = CARTESIAN_POINT('',(-1.25,0.,0.));
#1290 = VECTOR('',#1291,1.);
#1291 = DIRECTION('',(0.,0.,-1.));
#1292 = ORIENTED_EDGE('',*,*,#1293,.F.);
#1293 = EDGE_CURVE('',#1245,#1286,#1294,.T.);
#1294 = ( BOUNDED_CURVE() B_SPLINE_CURVE(2,(#1295,#1296,#1297,#1298,
#1299,#1300,#1301),.UNSPECIFIED.,.F.,.F.) B_SPLINE_CURVE_WITH_KNOTS((3,2
    ,2,3),(0.477272727272,0.484848484848,0.492424242424,0.5),
.PIECEWISE_BEZIER_KNOTS.) CURVE() GEOMETRIC_REPRESENTATION_ITEM() 
RATIONAL_B_SPLINE_CURVE((1.,0.866025403784,1.,0.866025403784,1.,
0.866025403784,1.)) REPRESENTATION_ITEM('') );
#1295 = CARTESIAN_POINT('',(1.25,1.530808498934E-16,3.249999999999));
#1296 = CARTESIAN_POINT('',(1.25,-0.721687836487,3.208333333333));
#1297 = CARTESIAN_POINT('',(0.625,-1.08253175473,3.166666666666));
#1298 = CARTESIAN_POINT('',(2.651438096812E-16,-1.443375672974,
    3.124999999999));
#1299 = CARTESIAN_POINT('',(-0.624999999999,-1.08253175473,
    3.083333333333));
#1300 = CARTESIAN_POINT('',(-1.25,-0.721687836487,3.041666666666));
#1301 = CARTESIAN_POINT('',(-1.25,0.,2.999999999999));
#1302 = ORIENTED_EDGE('',*,*,#1269,.F.);
#1303 = ORIENTED_EDGE('',*,*,#1304,.T.);
#1304 = EDGE_CURVE('',#1258,#1284,#1305,.T.);
#1305 = ( BOUNDED_CURVE() B_SPLINE_CURVE(2,(#1306,#1307,#1308,#1309,
#1310,#1311,#1312),.UNSPECIFIED.,.F.,.F.) B_SPLINE_CURVE_WITH_KNOTS((3,2
    ,2,3),(0.431818181818,0.439393939393,0.446969696969,0.454545454545),
.UNSPECIFIED.) CURVE() GEOMETRIC_REPRESENTATION_ITEM() 
RATIONAL_B_SPLINE_CURVE((1.,0.866025403784,1.,0.866025403784,1.,
0.866025403784,1.)) REPRESENTATION_ITEM('') );
#1306 = CARTESIAN_POINT('',(1.25,1.530808498934E-16,3.375000001365));
#1307 = CARTESIAN_POINT('',(1.25,-0.721687836487,3.333333334698));
#1308 = CARTESIAN_POINT('',(0.625,-1.08253175473,3.291666668032));
#1309 = CARTESIAN_POINT('',(2.651438096812E-16,-1.443375672974,
    3.250000001365));
#1310 = CARTESIAN_POINT('',(-0.624999999999,-1.08253175473,
    3.208333334698));
#1311 = CARTESIAN_POINT('',(-1.25,-0.721687836487,3.166666668032));
#1312 = CARTESIAN_POINT('',(-1.25,0.,3.125000001365));
#1313 = CYLINDRICAL_SURFACE('',#1314,1.25);
#1314 = AXIS2_PLACEMENT_3D('',#1315,#1316,#1317);
#1315 = CARTESIAN_POINT('',(0.,0.,0.));
#1316 = DIRECTION('',(0.,0.,-1.));
#1317 = DIRECTION('',(-1.,0.,0.));
#1318 = ADVANCED_FACE('',(#1319),#1352,.F.);
#1319 = FACE_BOUND('',#1320,.F.);
#1320 = EDGE_LOOP('',(#1321,#1333,#1334,#1346));
#1321 = ORIENTED_EDGE('',*,*,#1322,.F.);
#1322 = EDGE_CURVE('',#1286,#1323,#1325,.T.);
#1323 = VERTEX_POINT('',#1324);
#1324 = CARTESIAN_POINT('',(1.25,1.530808498934E-16,2.749999999999));
#1325 = ( BOUNDED_CURVE() B_SPLINE_CURVE(2,(#1326,#1327,#1328,#1329,
#1330,#1331,#1332),.UNSPECIFIED.,.F.,.F.) B_SPLINE_CURVE_WITH_KNOTS((3,2
    ,2,3),(0.5,0.507575757575,0.515151515151,0.522727272727),
.UNSPECIFIED.) CURVE() GEOMETRIC_REPRESENTATION_ITEM() 
RATIONAL_B_SPLINE_CURVE((1.,0.866025403784,1.,0.866025403784,1.,
0.866025403784,1.)) REPRESENTATION_ITEM('') );
#1326 = CARTESIAN_POINT('',(-1.25,0.,2.999999999999));
#1327 = CARTESIAN_POINT('',(-1.25,0.721687836487,2.958333333333));
#1328 = CARTESIAN_POINT('',(-0.625,1.08253175473,2.916666666666));
#1329 = CARTESIAN_POINT('',(-8.838126989374E-17,1.443375672974,
    2.874999999999));
#1330 = CARTESIAN_POINT('',(0.625,1.08253175473,2.833333333333));
#1331 = CARTESIAN_POINT('',(1.25,0.721687836487,2.791666666666));
#1332 = CARTESIAN_POINT('',(1.25,1.530808498934E-16,2.749999999999));
#1333 = ORIENTED_EDGE('',*,*,#1283,.F.);
#1334 = ORIENTED_EDGE('',*,*,#1335,.T.);
#1335 = EDGE_CURVE('',#1284,#1336,#1338,.T.);
#1336 = VERTEX_POINT('',#1337);
#1337 = CARTESIAN_POINT('',(1.25,1.530808498934E-16,2.875000001365));
#1338 = ( BOUNDED_CURVE() B_SPLINE_CURVE(2,(#1339,#1340,#1341,#1342,
#1343,#1344,#1345),.UNSPECIFIED.,.F.,.F.) B_SPLINE_CURVE_WITH_KNOTS((3,2
    ,2,3),(0.454545454545,0.462121212121,0.469696969696,0.477272727272),
.UNSPECIFIED.) CURVE() GEOMETRIC_REPRESENTATION_ITEM() 
RATIONAL_B_SPLINE_CURVE((0.999999999999,0.866025403784,1.,0.866025403784
,1.,0.866025403784,0.999999999999)) REPRESENTATION_ITEM('') );
#1339 = CARTESIAN_POINT('',(-1.25,0.,3.125000001365));
#1340 = CARTESIAN_POINT('',(-1.249999999999,0.721687836487,
    3.083333334698));
#1341 = CARTESIAN_POINT('',(-0.625,1.08253175473,3.041666668032));
#1342 = CARTESIAN_POINT('',(-8.838126989374E-17,1.443375672974,
    3.000000001365));
#1343 = CARTESIAN_POINT('',(0.625,1.08253175473,2.958333334698));
#1344 = CARTESIAN_POINT('',(1.249999999999,0.721687836487,2.916666668032
    ));
#1345 = CARTESIAN_POINT('',(1.25,1.530808498934E-16,2.875000001365));
#1346 = ORIENTED_EDGE('',*,*,#1347,.T.);
#1347 = EDGE_CURVE('',#1336,#1323,#1348,.T.);
#1348 = LINE('',#1349,#1350);
#1349 = CARTESIAN_POINT('',(1.25,1.530808498934E-16,0.));
#1350 = VECTOR('',#1351,1.);
#1351 = DIRECTION('',(0.,0.,-1.));
#1352 = CYLINDRICAL_SURFACE('',#1353,1.25);
#1353 = AXIS2_PLACEMENT_3D('',#1354,#1355,#1356);
#1354 = CARTESIAN_POINT('',(0.,0.,0.));
#1355 = DIRECTION('',(0.,0.,-1.));
#1356 = DIRECTION('',(-1.,0.,0.));
#1357 = ADVANCED_FACE('',(#1358),#1391,.F.);
#1358 = FACE_BOUND('',#1359,.F.);
#1359 = EDGE_LOOP('',(#1360,#1370,#1380,#1381));
#1360 = ORIENTED_EDGE('',*,*,#1361,.T.);
#1361 = EDGE_CURVE('',#1362,#1364,#1366,.T.);
#1362 = VERTEX_POINT('',#1363);
#1363 = CARTESIAN_POINT('',(-1.25,0.,2.625000001365));
#1364 = VERTEX_POINT('',#1365);
#1365 = CARTESIAN_POINT('',(-1.25,0.,2.499999999999));
#1366 = LINE('',#1367,#1368);
#1367 = CARTESIAN_POINT('',(-1.25,0.,0.));
#1368 = VECTOR('',#1369,1.);
#1369 = DIRECTION('',(0.,0.,-1.));
#1370 = ORIENTED_EDGE('',*,*,#1371,.F.);
#1371 = EDGE_CURVE('',#1323,#1364,#1372,.T.);
#1372 = ( BOUNDED_CURVE() B_SPLINE_CURVE(2,(#1373,#1374,#1375,#1376,
#1377,#1378,#1379),.UNSPECIFIED.,.F.,.F.) B_SPLINE_CURVE_WITH_KNOTS((3,2
    ,2,3),(0.522727272727,0.530303030303,0.537878787878,0.545454545454),
.UNSPECIFIED.) CURVE() GEOMETRIC_REPRESENTATION_ITEM() 
RATIONAL_B_SPLINE_CURVE((1.,0.866025403784,1.,0.866025403784,1.,
0.866025403784,1.)) REPRESENTATION_ITEM('') );
#1373 = CARTESIAN_POINT('',(1.25,1.530808498934E-16,2.749999999999));
#1374 = CARTESIAN_POINT('',(1.25,-0.721687836487,2.708333333333));
#1375 = CARTESIAN_POINT('',(0.625,-1.08253175473,2.666666666666));
#1376 = CARTESIAN_POINT('',(2.651438096812E-16,-1.443375672974,
    2.624999999999));
#1377 = CARTESIAN_POINT('',(-0.624999999999,-1.08253175473,
    2.583333333333));
#1378 = CARTESIAN_POINT('',(-1.25,-0.721687836487,2.541666666666));
#1379 = CARTESIAN_POINT('',(-1.25,0.,2.499999999999));
#1380 = ORIENTED_EDGE('',*,*,#1347,.F.);
#1381 = ORIENTED_EDGE('',*,*,#1382,.T.);
#1382 = EDGE_CURVE('',#1336,#1362,#1383,.T.);
#1383 = ( BOUNDED_CURVE() B_SPLINE_CURVE(2,(#1384,#1385,#1386,#1387,
#1388,#1389,#1390),.UNSPECIFIED.,.F.,.F.) B_SPLINE_CURVE_WITH_KNOTS((3,2
    ,2,3),(0.477272727272,0.484848484848,0.492424242424,0.5),
.PIECEWISE_BEZIER_KNOTS.) CURVE() GEOMETRIC_REPRESENTATION_ITEM() 
RATIONAL_B_SPLINE_CURVE((1.,0.866025403784,1.,0.866025403784,1.,
0.866025403784,1.)) REPRESENTATION_ITEM('') );
#1384 = CARTESIAN_POINT('',(1.25,1.530808498934E-16,2.875000001365));
#1385 = CARTESIAN_POINT('',(1.25,-0.721687836487,2.833333334698));
#1386 = CARTESIAN_POINT('',(0.625,-1.08253175473,2.791666668032));
#1387 = CARTESIAN_POINT('',(2.651438096812E-16,-1.443375672974,
    2.750000001365));
#1388 = CARTESIAN_POINT('',(-0.624999999999,-1.08253175473,
    2.708333334698));
#1389 = CARTESIAN_POINT('',(-1.25,-0.721687836487,2.666666668032));
#1390 = CARTESIAN_POINT('',(-1.25,0.,2.625000001365));
#1391 = CYLINDRICAL_SURFACE('',#1392,1.25);
#1392 = AXIS2_PLACEMENT_3D('',#1393,#1394,#1395);
#1393 = CARTESIAN_POINT('',(0.,0.,0.));
#1394 = DIRECTION('',(0.,0.,-1.));
#1395 = DIRECTION('',(-1.,0.,0.));
#1396 = ADVANCED_FACE('',(#1397),#1430,.F.);
#1397 = FACE_BOUND('',#1398,.F.);
#1398 = EDGE_LOOP('',(#1399,#1411,#1412,#1424));
#1399 = ORIENTED_EDGE('',*,*,#1400,.F.);
#1400 = EDGE_CURVE('',#1364,#1401,#1403,.T.);
#1401 = VERTEX_POINT('',#1402);
#1402 = CARTESIAN_POINT('',(1.25,1.530808498934E-16,2.249999999999));
#1403 = ( BOUNDED_CURVE() B_SPLINE_CURVE(2,(#1404,#1405,#1406,#1407,
#1408,#1409,#1410),.UNSPECIFIED.,.F.,.F.) B_SPLINE_CURVE_WITH_KNOTS((3,2
    ,2,3),(0.545454545454,0.55303030303,0.560606060606,0.568181818181),
.UNSPECIFIED.) CURVE() GEOMETRIC_REPRESENTATION_ITEM() 
RATIONAL_B_SPLINE_CURVE((1.,0.866025403784,1.,0.866025403784,1.,
0.866025403784,0.999999999999)) REPRESENTATION_ITEM('') );
#1404 = CARTESIAN_POINT('',(-1.25,0.,2.499999999999));
#1405 = CARTESIAN_POINT('',(-1.25,0.721687836487,2.458333333333));
#1406 = CARTESIAN_POINT('',(-0.625,1.08253175473,2.416666666666));
#1407 = CARTESIAN_POINT('',(-8.838126989374E-17,1.443375672974,
    2.374999999999));
#1408 = CARTESIAN_POINT('',(0.625,1.08253175473,2.333333333333));
#1409 = CARTESIAN_POINT('',(1.249999999999,0.721687836487,2.291666666666
    ));
#1410 = CARTESIAN_POINT('',(1.25,1.530808498934E-16,2.249999999999));
#1411 = ORIENTED_EDGE('',*,*,#1361,.F.);
#1412 = ORIENTED_EDGE('',*,*,#1413,.T.);
#1413 = EDGE_CURVE('',#1362,#1414,#1416,.T.);
#1414 = VERTEX_POINT('',#1415);
#1415 = CARTESIAN_POINT('',(1.25,1.530808498934E-16,2.375000001365));
#1416 = ( BOUNDED_CURVE() B_SPLINE_CURVE(2,(#1417,#1418,#1419,#1420,
#1421,#1422,#1423),.UNSPECIFIED.,.F.,.F.) B_SPLINE_CURVE_WITH_KNOTS((3,2
    ,2,3),(0.5,0.507575757575,0.515151515151,0.522727272727),
.UNSPECIFIED.) CURVE() GEOMETRIC_REPRESENTATION_ITEM() 
RATIONAL_B_SPLINE_CURVE((1.,0.866025403784,1.,0.866025403784,1.,
0.866025403784,1.)) REPRESENTATION_ITEM('') );
#1417 = CARTESIAN_POINT('',(-1.25,0.,2.625000001365));
#1418 = CARTESIAN_POINT('',(-1.25,0.721687836487,2.583333334698));
#1419 = CARTESIAN_POINT('',(-0.625,1.08253175473,2.541666668032));
#1420 = CARTESIAN_POINT('',(-8.838126989374E-17,1.443375672974,
    2.500000001365));
#1421 = CARTESIAN_POINT('',(0.625,1.08253175473,2.458333334698));
#1422 = CARTESIAN_POINT('',(1.25,0.721687836487,2.416666668032));
#1423 = CARTESIAN_POINT('',(1.25,1.530808498934E-16,2.375000001365));
#1424 = ORIENTED_EDGE('',*,*,#1425,.T.);
#1425 = EDGE_CURVE('',#1414,#1401,#1426,.T.);
#1426 = LINE('',#1427,#1428);
#1427 = CARTESIAN_POINT('',(1.25,1.530808498934E-16,0.));
#1428 = VECTOR('',#1429,1.);
#1429 = DIRECTION('',(0.,0.,-1.));
#1430 = CYLINDRICAL_SURFACE('',#1431,1.25);
#1431 = AXIS2_PLACEMENT_3D('',#1432,#1433,#1434);
#1432 = CARTESIAN_POINT('',(0.,0.,0.));
#1433 = DIRECTION('',(0.,0.,-1.));
#1434 = DIRECTION('',(-1.,0.,0.));
#1435 = ADVANCED_FACE('',(#1436),#1469,.F.);
#1436 = FACE_BOUND('',#1437,.F.);
#1437 = EDGE_LOOP('',(#1438,#1448,#1458,#1459));
#1438 = ORIENTED_EDGE('',*,*,#1439,.T.);
#1439 = EDGE_CURVE('',#1440,#1442,#1444,.T.);
#1440 = VERTEX_POINT('',#1441);
#1441 = CARTESIAN_POINT('',(-1.25,0.,2.125000001365));
#1442 = VERTEX_POINT('',#1443);
#1443 = CARTESIAN_POINT('',(-1.25,0.,1.999999999999));
#1444 = LINE('',#1445,#1446);
#1445 = CARTESIAN_POINT('',(-1.25,0.,0.));
#1446 = VECTOR('',#1447,1.);
#1447 = DIRECTION('',(0.,0.,-1.));
#1448 = ORIENTED_EDGE('',*,*,#1449,.F.);
#1449 = EDGE_CURVE('',#1401,#1442,#1450,.T.);
#1450 = ( BOUNDED_CURVE() B_SPLINE_CURVE(2,(#1451,#1452,#1453,#1454,
#1455,#1456,#1457),.UNSPECIFIED.,.F.,.F.) B_SPLINE_CURVE_WITH_KNOTS((3,2
    ,2,3),(0.568181818181,0.575757575757,0.583333333333,0.590909090909),
.PIECEWISE_BEZIER_KNOTS.) CURVE() GEOMETRIC_REPRESENTATION_ITEM() 
RATIONAL_B_SPLINE_CURVE((1.,0.866025403784,1.,0.866025403784,1.,
0.866025403784,1.)) REPRESENTATION_ITEM('') );
#1451 = CARTESIAN_POINT('',(1.25,1.530808498934E-16,2.249999999999));
#1452 = CARTESIAN_POINT('',(1.25,-0.721687836487,2.208333333333));
#1453 = CARTESIAN_POINT('',(0.625,-1.08253175473,2.166666666666));
#1454 = CARTESIAN_POINT('',(2.651438096812E-16,-1.443375672974,
    2.124999999999));
#1455 = CARTESIAN_POINT('',(-0.624999999999,-1.08253175473,
    2.083333333333));
#1456 = CARTESIAN_POINT('',(-1.25,-0.721687836487,2.041666666666));
#1457 = CARTESIAN_POINT('',(-1.25,0.,1.999999999999));
#1458 = ORIENTED_EDGE('',*,*,#1425,.F.);
#1459 = ORIENTED_EDGE('',*,*,#1460,.T.);
#1460 = EDGE_CURVE('',#1414,#1440,#1461,.T.);
#1461 = ( BOUNDED_CURVE() B_SPLINE_CURVE(2,(#1462,#1463,#1464,#1465,
#1466,#1467,#1468),.UNSPECIFIED.,.F.,.F.) B_SPLINE_CURVE_WITH_KNOTS((3,2
    ,2,3),(0.522727272727,0.530303030303,0.537878787878,0.545454545454),
.UNSPECIFIED.) CURVE() GEOMETRIC_REPRESENTATION_ITEM() 
RATIONAL_B_SPLINE_CURVE((1.,0.866025403784,1.,0.866025403784,1.,
0.866025403784,1.)) REPRESENTATION_ITEM('') );
#1462 = CARTESIAN_POINT('',(1.25,1.530808498934E-16,2.375000001365));
#1463 = CARTESIAN_POINT('',(1.25,-0.721687836487,2.333333334698));
#1464 = CARTESIAN_POINT('',(0.625,-1.08253175473,2.291666668032));
#1465 = CARTESIAN_POINT('',(2.651438096812E-16,-1.443375672974,
    2.250000001365));
#1466 = CARTESIAN_POINT('',(-0.624999999999,-1.08253175473,
    2.208333334698));
#1467 = CARTESIAN_POINT('',(-1.25,-0.721687836487,2.166666668032));
#1468 = CARTESIAN_POINT('',(-1.25,0.,2.125000001365));
#1469 = CYLINDRICAL_SURFACE('',#1470,1.25);
#1470 = AXIS2_PLACEMENT_3D('',#1471,#1472,#1473);
#1471 = CARTESIAN_POINT('',(0.,0.,0.));
#1472 = DIRECTION('',(0.,0.,-1.));
#1473 = DIRECTION('',(-1.,0.,0.));
#1474 = ADVANCED_FACE('',(#1475),#1508,.F.);
#1475 = FACE_BOUND('',#1476,.F.);
#1476 = EDGE_LOOP('',(#1477,#1489,#1490,#1502));
#1477 = ORIENTED_EDGE('',*,*,#1478,.F.);
#1478 = EDGE_CURVE('',#1442,#1479,#1481,.T.);
#1479 = VERTEX_POINT('',#1480);
#1480 = CARTESIAN_POINT('',(1.25,1.530808498934E-16,1.749999999999));
#1481 = ( BOUNDED_CURVE() B_SPLINE_CURVE(2,(#1482,#1483,#1484,#1485,
#1486,#1487,#1488),.UNSPECIFIED.,.F.,.F.) B_SPLINE_CURVE_WITH_KNOTS((3,2
    ,2,3),(0.590909090909,0.598484848484,0.60606060606,0.613636363636),
.UNSPECIFIED.) CURVE() GEOMETRIC_REPRESENTATION_ITEM() 
RATIONAL_B_SPLINE_CURVE((1.,0.866025403784,1.,0.866025403784,1.,
0.866025403784,1.)) REPRESENTATION_ITEM('') );
#1482 = CARTESIAN_POINT('',(-1.25,0.,1.999999999999));
#1483 = CARTESIAN_POINT('',(-1.25,0.721687836487,1.958333333333));
#1484 = CARTESIAN_POINT('',(-0.625,1.08253175473,1.916666666666));
#1485 = CARTESIAN_POINT('',(-8.838126989374E-17,1.443375672974,
    1.874999999999));
#1486 = CARTESIAN_POINT('',(0.625,1.08253175473,1.833333333333));
#1487 = CARTESIAN_POINT('',(1.25,0.721687836487,1.791666666666));
#1488 = CARTESIAN_POINT('',(1.25,1.530808498934E-16,1.749999999999));
#1489 = ORIENTED_EDGE('',*,*,#1439,.F.);
#1490 = ORIENTED_EDGE('',*,*,#1491,.T.);
#1491 = EDGE_CURVE('',#1440,#1492,#1494,.T.);
#1492 = VERTEX_POINT('',#1493);
#1493 = CARTESIAN_POINT('',(1.25,1.530808498934E-16,1.875000001365));
#1494 = ( BOUNDED_CURVE() B_SPLINE_CURVE(2,(#1495,#1496,#1497,#1498,
#1499,#1500,#1501),.UNSPECIFIED.,.F.,.F.) B_SPLINE_CURVE_WITH_KNOTS((3,2
    ,2,3),(0.545454545454,0.55303030303,0.560606060606,0.568181818181),
.UNSPECIFIED.) CURVE() GEOMETRIC_REPRESENTATION_ITEM() 
RATIONAL_B_SPLINE_CURVE((1.,0.866025403784,1.,0.866025403784,1.,
0.866025403784,0.999999999999)) REPRESENTATION_ITEM('') );
#1495 = CARTESIAN_POINT('',(-1.25,0.,2.125000001365));
#1496 = CARTESIAN_POINT('',(-1.25,0.721687836487,2.083333334698));
#1497 = CARTESIAN_POINT('',(-0.625,1.08253175473,2.041666668032));
#1498 = CARTESIAN_POINT('',(-8.838126989374E-17,1.443375672974,
    2.000000001365));
#1499 = CARTESIAN_POINT('',(0.625,1.08253175473,1.958333334698));
#1500 = CARTESIAN_POINT('',(1.249999999999,0.721687836487,1.916666668032
    ));
#1501 = CARTESIAN_POINT('',(1.25,1.530808498934E-16,1.875000001365));
#1502 = ORIENTED_EDGE('',*,*,#1503,.T.);
#1503 = EDGE_CURVE('',#1492,#1479,#1504,.T.);
#1504 = LINE('',#1505,#1506);
#1505 = CARTESIAN_POINT('',(1.25,1.530808498934E-16,0.));
#1506 = VECTOR('',#1507,1.);
#1507 = DIRECTION('',(0.,0.,-1.));
#1508 = CYLINDRICAL_SURFACE('',#1509,1.25);
#1509 = AXIS2_PLACEMENT_3D('',#1510,#1511,#1512);
#1510 = CARTESIAN_POINT('',(0.,0.,0.));
#1511 = DIRECTION('',(0.,0.,-1.));
#1512 = DIRECTION('',(-1.,0.,0.));
#1513 = ADVANCED_FACE('',(#1514),#1547,.F.);
#1514 = FACE_BOUND('',#1515,.F.);
#1515 = EDGE_LOOP('',(#1516,#1526,#1536,#1537));
#1516 = ORIENTED_EDGE('',*,*,#1517,.T.);
#1517 = EDGE_CURVE('',#1518,#1520,#1522,.T.);
#1518 = VERTEX_POINT('',#1519);
#1519 = CARTESIAN_POINT('',(-1.25,0.,1.625000001365));
#1520 = VERTEX_POINT('',#1521);
#1521 = CARTESIAN_POINT('',(-1.25,0.,1.499999999999));
#1522 = LINE('',#1523,#1524);
#1523 = CARTESIAN_POINT('',(-1.25,0.,0.));
#1524 = VECTOR('',#1525,1.);
#1525 = DIRECTION('',(0.,0.,-1.));
#1526 = ORIENTED_EDGE('',*,*,#1527,.F.);
#1527 = EDGE_CURVE('',#1479,#1520,#1528,.T.);
#1528 = ( BOUNDED_CURVE() B_SPLINE_CURVE(2,(#1529,#1530,#1531,#1532,
#1533,#1534,#1535),.UNSPECIFIED.,.F.,.F.) B_SPLINE_CURVE_WITH_KNOTS((3,2
    ,2,3),(0.613636363636,0.621212121212,0.628787878787,0.636363636363),
.UNSPECIFIED.) CURVE() GEOMETRIC_REPRESENTATION_ITEM() 
RATIONAL_B_SPLINE_CURVE((1.,0.866025403784,1.,0.866025403784,1.,
0.866025403784,1.)) REPRESENTATION_ITEM('') );
#1529 = CARTESIAN_POINT('',(1.25,1.530808498934E-16,1.749999999999));
#1530 = CARTESIAN_POINT('',(1.25,-0.721687836487,1.708333333333));
#1531 = CARTESIAN_POINT('',(0.625,-1.08253175473,1.666666666666));
#1532 = CARTESIAN_POINT('',(2.651438096812E-16,-1.443375672974,
    1.624999999999));
#1533 = CARTESIAN_POINT('',(-0.624999999999,-1.08253175473,
    1.583333333333));
#1534 = CARTESIAN_POINT('',(-1.25,-0.721687836487,1.541666666666));
#1535 = CARTESIAN_POINT('',(-1.25,0.,1.499999999999));
#1536 = ORIENTED_EDGE('',*,*,#1503,.F.);
#1537 = ORIENTED_EDGE('',*,*,#1538,.T.);
#1538 = EDGE_CURVE('',#1492,#1518,#1539,.T.);
#1539 = ( BOUNDED_CURVE() B_SPLINE_CURVE(2,(#1540,#1541,#1542,#1543,
#1544,#1545,#1546),.UNSPECIFIED.,.F.,.F.) B_SPLINE_CURVE_WITH_KNOTS((3,2
    ,2,3),(0.568181818181,0.575757575757,0.583333333333,0.590909090909),
.PIECEWISE_BEZIER_KNOTS.) CURVE() GEOMETRIC_REPRESENTATION_ITEM() 
RATIONAL_B_SPLINE_CURVE((1.,0.866025403784,1.,0.866025403784,1.,
0.866025403784,1.)) REPRESENTATION_ITEM('') );
#1540 = CARTESIAN_POINT('',(1.25,1.530808498934E-16,1.875000001365));
#1541 = CARTESIAN_POINT('',(1.25,-0.721687836487,1.833333334698));
#1542 = CARTESIAN_POINT('',(0.625,-1.08253175473,1.791666668032));
#1543 = CARTESIAN_POINT('',(2.651438096812E-16,-1.443375672974,
    1.750000001365));
#1544 = CARTESIAN_POINT('',(-0.624999999999,-1.08253175473,
    1.708333334698));
#1545 = CARTESIAN_POINT('',(-1.25,-0.721687836487,1.666666668032));
#1546 = CARTESIAN_POINT('',(-1.25,0.,1.625000001365));
#1547 = CYLINDRICAL_SURFACE('',#1548,1.25);
#1548 = AXIS2_PLACEMENT_3D('',#1549,#1550,#1551);
#1549 = CARTESIAN_POINT('',(0.,0.,0.));
#1550 = DIRECTION('',(0.,0.,-1.));
#1551 = DIRECTION('',(-1.,0.,0.));
#1552 = ADVANCED_FACE('',(#1553),#1586,.F.);
#1553 = FACE_BOUND('',#1554,.F.);
#1554 = EDGE_LOOP('',(#1555,#1567,#1568,#1580));
#1555 = ORIENTED_EDGE('',*,*,#1556,.F.);
#1556 = EDGE_CURVE('',#1520,#1557,#1559,.T.);
#1557 = VERTEX_POINT('',#1558);
#1558 = CARTESIAN_POINT('',(1.25,1.530808498934E-16,1.249999999999));
#1559 = ( BOUNDED_CURVE() B_SPLINE_CURVE(2,(#1560,#1561,#1562,#1563,
#1564,#1565,#1566),.UNSPECIFIED.,.F.,.F.) B_SPLINE_CURVE_WITH_KNOTS((3,2
    ,2,3),(0.636363636363,0.643939393939,0.651515151515,0.65909090909),
.UNSPECIFIED.) CURVE() GEOMETRIC_REPRESENTATION_ITEM() 
RATIONAL_B_SPLINE_CURVE((1.,0.866025403784,1.,0.866025403784,1.,
0.866025403784,1.)) REPRESENTATION_ITEM('') );
#1560 = CARTESIAN_POINT('',(-1.25,0.,1.499999999999));
#1561 = CARTESIAN_POINT('',(-1.25,0.721687836487,1.458333333333));
#1562 = CARTESIAN_POINT('',(-0.625,1.08253175473,1.416666666666));
#1563 = CARTESIAN_POINT('',(-8.838126989374E-17,1.443375672974,
    1.374999999999));
#1564 = CARTESIAN_POINT('',(0.625,1.08253175473,1.333333333333));
#1565 = CARTESIAN_POINT('',(1.25,0.721687836487,1.291666666666));
#1566 = CARTESIAN_POINT('',(1.25,1.530808498934E-16,1.249999999999));
#1567 = ORIENTED_EDGE('',*,*,#1517,.F.);
#1568 = ORIENTED_EDGE('',*,*,#1569,.T.);
#1569 = EDGE_CURVE('',#1518,#1570,#1572,.T.);
#1570 = VERTEX_POINT('',#1571);
#1571 = CARTESIAN_POINT('',(1.25,1.530808498934E-16,1.375000001365));
#1572 = ( BOUNDED_CURVE() B_SPLINE_CURVE(2,(#1573,#1574,#1575,#1576,
#1577,#1578,#1579),.UNSPECIFIED.,.F.,.F.) B_SPLINE_CURVE_WITH_KNOTS((3,2
    ,2,3),(0.590909090909,0.598484848484,0.60606060606,0.613636363636),
.UNSPECIFIED.) CURVE() GEOMETRIC_REPRESENTATION_ITEM() 
RATIONAL_B_SPLINE_CURVE((1.,0.866025403784,1.,0.866025403784,1.,
0.866025403784,1.)) REPRESENTATION_ITEM('') );
#1573 = CARTESIAN_POINT('',(-1.25,0.,1.625000001365));
#1574 = CARTESIAN_POINT('',(-1.25,0.721687836487,1.583333334698));
#1575 = CARTESIAN_POINT('',(-0.625,1.08253175473,1.541666668032));
#1576 = CARTESIAN_POINT('',(-8.838126989374E-17,1.443375672974,
    1.500000001365));
#1577 = CARTESIAN_POINT('',(0.625,1.08253175473,1.458333334698));
#1578 = CARTESIAN_POINT('',(1.25,0.721687836487,1.416666668032));
#1579 = CARTESIAN_POINT('',(1.25,1.530808498934E-16,1.375000001365));
#1580 = ORIENTED_EDGE('',*,*,#1581,.T.);
#1581 = EDGE_CURVE('',#1570,#1557,#1582,.T.);
#1582 = LINE('',#1583,#1584);
#1583 = CARTESIAN_POINT('',(1.25,1.530808498934E-16,0.));
#1584 = VECTOR('',#1585,1.);
#1585 = DIRECTION('',(0.,0.,-1.));
#1586 = CYLINDRICAL_SURFACE('',#1587,1.25);
#1587 = AXIS2_PLACEMENT_3D('',#1588,#1589,#1590);
#1588 = CARTESIAN_POINT('',(0.,0.,0.));
#1589 = DIRECTION('',(0.,0.,-1.));
#1590 = DIRECTION('',(-1.,0.,0.));
#1591 = ADVANCED_FACE('',(#1592),#1625,.F.);
#1592 = FACE_BOUND('',#1593,.F.);
#1593 = EDGE_LOOP('',(#1594,#1604,#1614,#1615));
#1594 = ORIENTED_EDGE('',*,*,#1595,.T.);
#1595 = EDGE_CURVE('',#1596,#1598,#1600,.T.);
#1596 = VERTEX_POINT('',#1597);
#1597 = CARTESIAN_POINT('',(-1.25,0.,1.125000001365));
#1598 = VERTEX_POINT('',#1599);
#1599 = CARTESIAN_POINT('',(-1.25,0.,0.999999999999));
#1600 = LINE('',#1601,#1602);
#1601 = CARTESIAN_POINT('',(-1.25,0.,0.));
#1602 = VECTOR('',#1603,1.);
#1603 = DIRECTION('',(0.,0.,-1.));
#1604 = ORIENTED_EDGE('',*,*,#1605,.F.);
#1605 = EDGE_CURVE('',#1557,#1598,#1606,.T.);
#1606 = ( BOUNDED_CURVE() B_SPLINE_CURVE(2,(#1607,#1608,#1609,#1610,
#1611,#1612,#1613),.UNSPECIFIED.,.F.,.F.) B_SPLINE_CURVE_WITH_KNOTS((3,2
    ,2,3),(0.65909090909,0.666666666666,0.674242424242,0.681818181818),
.PIECEWISE_BEZIER_KNOTS.) CURVE() GEOMETRIC_REPRESENTATION_ITEM() 
RATIONAL_B_SPLINE_CURVE((1.,0.866025403784,1.,0.866025403784,1.,
0.866025403784,1.)) REPRESENTATION_ITEM('') );
#1607 = CARTESIAN_POINT('',(1.25,1.530808498934E-16,1.249999999999));
#1608 = CARTESIAN_POINT('',(1.25,-0.721687836487,1.208333333333));
#1609 = CARTESIAN_POINT('',(0.625,-1.08253175473,1.166666666666));
#1610 = CARTESIAN_POINT('',(2.651438096812E-16,-1.443375672974,
    1.124999999999));
#1611 = CARTESIAN_POINT('',(-0.624999999999,-1.08253175473,
    1.083333333333));
#1612 = CARTESIAN_POINT('',(-1.25,-0.721687836487,1.041666666666));
#1613 = CARTESIAN_POINT('',(-1.25,0.,0.999999999999));
#1614 = ORIENTED_EDGE('',*,*,#1581,.F.);
#1615 = ORIENTED_EDGE('',*,*,#1616,.T.);
#1616 = EDGE_CURVE('',#1570,#1596,#1617,.T.);
#1617 = ( BOUNDED_CURVE() B_SPLINE_CURVE(2,(#1618,#1619,#1620,#1621,
#1622,#1623,#1624),.UNSPECIFIED.,.F.,.F.) B_SPLINE_CURVE_WITH_KNOTS((3,2
    ,2,3),(0.613636363636,0.621212121212,0.628787878787,0.636363636363),
.UNSPECIFIED.) CURVE() GEOMETRIC_REPRESENTATION_ITEM() 
RATIONAL_B_SPLINE_CURVE((1.,0.866025403784,1.,0.866025403784,1.,
0.866025403784,1.)) REPRESENTATION_ITEM('') );
#1618 = CARTESIAN_POINT('',(1.25,1.530808498934E-16,1.375000001365));
#1619 = CARTESIAN_POINT('',(1.25,-0.721687836487,1.333333334698));
#1620 = CARTESIAN_POINT('',(0.625,-1.08253175473,1.291666668032));
#1621 = CARTESIAN_POINT('',(2.651438096812E-16,-1.443375672974,
    1.250000001365));
#1622 = CARTESIAN_POINT('',(-0.624999999999,-1.08253175473,
    1.208333334698));
#1623 = CARTESIAN_POINT('',(-1.25,-0.721687836487,1.166666668032));
#1624 = CARTESIAN_POINT('',(-1.25,0.,1.125000001365));
#1625 = CYLINDRICAL_SURFACE('',#1626,1.25);
#1626 = AXIS2_PLACEMENT_3D('',#1627,#1628,#1629);
#1627 = CARTESIAN_POINT('',(0.,0.,0.));
#1628 = DIRECTION('',(0.,0.,-1.));
#1629 = DIRECTION('',(-1.,0.,0.));
#1630 = ADVANCED_FACE('',(#1631),#1664,.F.);
#1631 = FACE_BOUND('',#1632,.F.);
#1632 = EDGE_LOOP('',(#1633,#1645,#1646,#1658));
#1633 = ORIENTED_EDGE('',*,*,#1634,.F.);
#1634 = EDGE_CURVE('',#1598,#1635,#1637,.T.);
#1635 = VERTEX_POINT('',#1636);
#1636 = CARTESIAN_POINT('',(1.25,1.530808498934E-16,0.749999999999));
#1637 = ( BOUNDED_CURVE() B_SPLINE_CURVE(2,(#1638,#1639,#1640,#1641,
#1642,#1643,#1644),.UNSPECIFIED.,.F.,.F.) B_SPLINE_CURVE_WITH_KNOTS((3,2
    ,2,3),(0.681818181818,0.689393939393,0.696969696969,0.704545454545),
.UNSPECIFIED.) CURVE() GEOMETRIC_REPRESENTATION_ITEM() 
RATIONAL_B_SPLINE_CURVE((0.999999999999,0.866025403784,1.,0.866025403784
,1.,0.866025403784,1.)) REPRESENTATION_ITEM('') );
#1638 = CARTESIAN_POINT('',(-1.25,0.,0.999999999999));
#1639 = CARTESIAN_POINT('',(-1.249999999999,0.721687836487,
    0.958333333333));
#1640 = CARTESIAN_POINT('',(-0.625,1.08253175473,0.916666666666));
#1641 = CARTESIAN_POINT('',(-8.838126989374E-17,1.443375672974,
    0.874999999999));
#1642 = CARTESIAN_POINT('',(0.625,1.08253175473,0.833333333333));
#1643 = CARTESIAN_POINT('',(1.25,0.721687836487,0.791666666666));
#1644 = CARTESIAN_POINT('',(1.25,1.530808498934E-16,0.749999999999));
#1645 = ORIENTED_EDGE('',*,*,#1595,.F.);
#1646 = ORIENTED_EDGE('',*,*,#1647,.T.);
#1647 = EDGE_CURVE('',#1596,#1648,#1650,.T.);
#1648 = VERTEX_POINT('',#1649);
#1649 = CARTESIAN_POINT('',(1.25,1.530808498934E-16,0.875000001365));
#1650 = ( BOUNDED_CURVE() B_SPLINE_CURVE(2,(#1651,#1652,#1653,#1654,
#1655,#1656,#1657),.UNSPECIFIED.,.F.,.F.) B_SPLINE_CURVE_WITH_KNOTS((3,2
    ,2,3),(0.636363636363,0.643939393939,0.651515151515,0.65909090909),
.UNSPECIFIED.) CURVE() GEOMETRIC_REPRESENTATION_ITEM() 
RATIONAL_B_SPLINE_CURVE((1.,0.866025403784,1.,0.866025403784,1.,
0.866025403784,1.)) REPRESENTATION_ITEM('') );
#1651 = CARTESIAN_POINT('',(-1.25,0.,1.125000001365));
#1652 = CARTESIAN_POINT('',(-1.25,0.721687836487,1.083333334698));
#1653 = CARTESIAN_POINT('',(-0.625,1.08253175473,1.041666668032));
#1654 = CARTESIAN_POINT('',(-8.838126989374E-17,1.443375672974,
    1.000000001365));
#1655 = CARTESIAN_POINT('',(0.625,1.08253175473,0.958333334698));
#1656 = CARTESIAN_POINT('',(1.25,0.721687836487,0.916666668032));
#1657 = CARTESIAN_POINT('',(1.25,1.530808498934E-16,0.875000001365));
#1658 = ORIENTED_EDGE('',*,*,#1659,.T.);
#1659 = EDGE_CURVE('',#1648,#1635,#1660,.T.);
#1660 = LINE('',#1661,#1662);
#1661 = CARTESIAN_POINT('',(1.25,1.530808498934E-16,0.));
#1662 = VECTOR('',#1663,1.);
#1663 = DIRECTION('',(0.,0.,-1.));
#1664 = CYLINDRICAL_SURFACE('',#1665,1.25);
#1665 = AXIS2_PLACEMENT_3D('',#1666,#1667,#1668);
#1666 = CARTESIAN_POINT('',(0.,0.,0.));
#1667 = DIRECTION('',(0.,0.,-1.));
#1668 = DIRECTION('',(-1.,0.,0.));
#1669 = ADVANCED_FACE('',(#1670),#1703,.F.);
#1670 = FACE_BOUND('',#1671,.F.);
#1671 = EDGE_LOOP('',(#1672,#1682,#1692,#1693));
#1672 = ORIENTED_EDGE('',*,*,#1673,.T.);
#1673 = EDGE_CURVE('',#1674,#1676,#1678,.T.);
#1674 = VERTEX_POINT('',#1675);
#1675 = CARTESIAN_POINT('',(-1.25,0.,0.625000001365));
#1676 = VERTEX_POINT('',#1677);
#1677 = CARTESIAN_POINT('',(-1.25,0.,0.499999999999));
#1678 = LINE('',#1679,#1680);
#1679 = CARTESIAN_POINT('',(-1.25,0.,0.));
#1680 = VECTOR('',#1681,1.);
#1681 = DIRECTION('',(0.,0.,-1.));
#1682 = ORIENTED_EDGE('',*,*,#1683,.F.);
#1683 = EDGE_CURVE('',#1635,#1676,#1684,.T.);
#1684 = ( BOUNDED_CURVE() B_SPLINE_CURVE(2,(#1685,#1686,#1687,#1688,
#1689,#1690,#1691),.UNSPECIFIED.,.F.,.F.) B_SPLINE_CURVE_WITH_KNOTS((3,2
    ,2,3),(0.704545454545,0.712121212121,0.719696969696,0.727272727272),
.UNSPECIFIED.) CURVE() GEOMETRIC_REPRESENTATION_ITEM() 
RATIONAL_B_SPLINE_CURVE((1.,0.866025403784,1.,0.866025403784,1.,
0.866025403784,1.)) REPRESENTATION_ITEM('') );
#1685 = CARTESIAN_POINT('',(1.25,1.530808498934E-16,0.749999999999));
#1686 = CARTESIAN_POINT('',(1.25,-0.721687836487,0.708333333333));
#1687 = CARTESIAN_POINT('',(0.625,-1.08253175473,0.666666666666));
#1688 = CARTESIAN_POINT('',(2.651438096812E-16,-1.443375672974,
    0.624999999999));
#1689 = CARTESIAN_POINT('',(-0.624999999999,-1.08253175473,
    0.583333333333));
#1690 = CARTESIAN_POINT('',(-1.25,-0.721687836487,0.541666666666));
#1691 = CARTESIAN_POINT('',(-1.25,0.,0.499999999999));
#1692 = ORIENTED_EDGE('',*,*,#1659,.F.);
#1693 = ORIENTED_EDGE('',*,*,#1694,.T.);
#1694 = EDGE_CURVE('',#1648,#1674,#1695,.T.);
#1695 = ( BOUNDED_CURVE() B_SPLINE_CURVE(2,(#1696,#1697,#1698,#1699,
#1700,#1701,#1702),.UNSPECIFIED.,.F.,.F.) B_SPLINE_CURVE_WITH_KNOTS((3,2
    ,2,3),(0.65909090909,0.666666666666,0.674242424242,0.681818181818),
.PIECEWISE_BEZIER_KNOTS.) CURVE() GEOMETRIC_REPRESENTATION_ITEM() 
RATIONAL_B_SPLINE_CURVE((1.,0.866025403784,1.,0.866025403784,1.,
0.866025403784,1.)) REPRESENTATION_ITEM('') );
#1696 = CARTESIAN_POINT('',(1.25,1.530808498934E-16,0.875000001365));
#1697 = CARTESIAN_POINT('',(1.25,-0.721687836487,0.833333334698));
#1698 = CARTESIAN_POINT('',(0.625,-1.08253175473,0.791666668032));
#1699 = CARTESIAN_POINT('',(2.651438096812E-16,-1.443375672974,
    0.750000001365));
#1700 = CARTESIAN_POINT('',(-0.624999999999,-1.08253175473,
    0.708333334698));
#1701 = CARTESIAN_POINT('',(-1.25,-0.721687836487,0.666666668032));
#1702 = CARTESIAN_POINT('',(-1.25,0.,0.625000001365));
#1703 = CYLINDRICAL_SURFACE('',#1704,1.25);
#1704 = AXIS2_PLACEMENT_3D('',#1705,#1706,#1707);
#1705 = CARTESIAN_POINT('',(0.,0.,0.));
#1706 = DIRECTION('',(0.,0.,-1.));
#1707 = DIRECTION('',(-1.,0.,0.));
#1708 = ADVANCED_FACE('',(#1709),#1742,.F.);
#1709 = FACE_BOUND('',#1710,.F.);
#1710 = EDGE_LOOP('',(#1711,#1723,#1724,#1736));
#1711 = ORIENTED_EDGE('',*,*,#1712,.F.);
#1712 = EDGE_CURVE('',#1676,#1713,#1715,.T.);
#1713 = VERTEX_POINT('',#1714);
#1714 = CARTESIAN_POINT('',(1.25,1.530808498934E-16,0.249999999999));
#1715 = ( BOUNDED_CURVE() B_SPLINE_CURVE(2,(#1716,#1717,#1718,#1719,
#1720,#1721,#1722),.UNSPECIFIED.,.F.,.F.) B_SPLINE_CURVE_WITH_KNOTS((3,2
    ,2,3),(0.727272727272,0.734848484848,0.742424242424,0.75),
.PIECEWISE_BEZIER_KNOTS.) CURVE() GEOMETRIC_REPRESENTATION_ITEM() 
RATIONAL_B_SPLINE_CURVE((1.,0.866025403784,1.,0.866025403784,1.,
0.866025403784,1.)) REPRESENTATION_ITEM('') );
#1716 = CARTESIAN_POINT('',(-1.25,0.,0.499999999999));
#1717 = CARTESIAN_POINT('',(-1.25,0.721687836487,0.458333333333));
#1718 = CARTESIAN_POINT('',(-0.625,1.08253175473,0.416666666666));
#1719 = CARTESIAN_POINT('',(-8.838126989374E-17,1.443375672974,
    0.374999999999));
#1720 = CARTESIAN_POINT('',(0.625,1.08253175473,0.333333333333));
#1721 = CARTESIAN_POINT('',(1.25,0.721687836487,0.291666666666));
#1722 = CARTESIAN_POINT('',(1.25,1.530808498934E-16,0.249999999999));
#1723 = ORIENTED_EDGE('',*,*,#1673,.F.);
#1724 = ORIENTED_EDGE('',*,*,#1725,.T.);
#1725 = EDGE_CURVE('',#1674,#1726,#1728,.T.);
#1726 = VERTEX_POINT('',#1727);
#1727 = CARTESIAN_POINT('',(1.25,1.530808498934E-16,0.375000001365));
#1728 = ( BOUNDED_CURVE() B_SPLINE_CURVE(2,(#1729,#1730,#1731,#1732,
#1733,#1734,#1735),.UNSPECIFIED.,.F.,.F.) B_SPLINE_CURVE_WITH_KNOTS((3,2
    ,2,3),(0.681818181818,0.689393939393,0.696969696969,0.704545454545),
.UNSPECIFIED.) CURVE() GEOMETRIC_REPRESENTATION_ITEM() 
RATIONAL_B_SPLINE_CURVE((0.999999999999,0.866025403784,1.,0.866025403784
,1.,0.866025403784,1.)) REPRESENTATION_ITEM('') );
#1729 = CARTESIAN_POINT('',(-1.25,0.,0.625000001365));
#1730 = CARTESIAN_POINT('',(-1.249999999999,0.721687836487,
    0.583333334698));
#1731 = CARTESIAN_POINT('',(-0.625,1.08253175473,0.541666668032));
#1732 = CARTESIAN_POINT('',(-8.838126989374E-17,1.443375672974,
    0.500000001365));
#1733 = CARTESIAN_POINT('',(0.625,1.08253175473,0.458333334698));
#1734 = CARTESIAN_POINT('',(1.25,0.721687836487,0.416666668032));
#1735 = CARTESIAN_POINT('',(1.25,1.530808498934E-16,0.375000001365));
#1736 = ORIENTED_EDGE('',*,*,#1737,.T.);
#1737 = EDGE_CURVE('',#1726,#1713,#1738,.T.);
#1738 = LINE('',#1739,#1740);
#1739 = CARTESIAN_POINT('',(1.25,1.530808498934E-16,0.));
#1740 = VECTOR('',#1741,1.);
#1741 = DIRECTION('',(0.,0.,-1.));
#1742 = CYLINDRICAL_SURFACE('',#1743,1.25);
#1743 = AXIS2_PLACEMENT_3D('',#1744,#1745,#1746);
#1744 = CARTESIAN_POINT('',(0.,0.,0.));
#1745 = DIRECTION('',(0.,0.,-1.));
#1746 = DIRECTION('',(-1.,0.,0.));
#1747 = ADVANCED_FACE('',(#1748),#1781,.F.);
#1748 = FACE_BOUND('',#1749,.F.);
#1749 = EDGE_LOOP('',(#1750,#1760,#1770,#1771));
#1750 = ORIENTED_EDGE('',*,*,#1751,.T.);
#1751 = EDGE_CURVE('',#1752,#1754,#1756,.T.);
#1752 = VERTEX_POINT('',#1753);
#1753 = CARTESIAN_POINT('',(-1.25,0.,0.125000001365));
#1754 = VERTEX_POINT('',#1755);
#1755 = CARTESIAN_POINT('',(-1.25,0.,-3.295974604355E-14));
#1756 = LINE('',#1757,#1758);
#1757 = CARTESIAN_POINT('',(-1.25,0.,0.));
#1758 = VECTOR('',#1759,1.);
#1759 = DIRECTION('',(0.,0.,-1.));
#1760 = ORIENTED_EDGE('',*,*,#1761,.F.);
#1761 = EDGE_CURVE('',#1713,#1754,#1762,.T.);
#1762 = ( BOUNDED_CURVE() B_SPLINE_CURVE(2,(#1763,#1764,#1765,#1766,
#1767,#1768,#1769),.UNSPECIFIED.,.F.,.F.) B_SPLINE_CURVE_WITH_KNOTS((3,2
    ,2,3),(0.75,0.757575757575,0.765151515151,0.772727272727),
.UNSPECIFIED.) CURVE() GEOMETRIC_REPRESENTATION_ITEM() 
RATIONAL_B_SPLINE_CURVE((1.,0.866025403784,1.,0.866025403784,1.,
0.866025403784,0.999999999999)) REPRESENTATION_ITEM('') );
#1763 = CARTESIAN_POINT('',(1.25,1.530808498934E-16,0.249999999999));
#1764 = CARTESIAN_POINT('',(1.25,-0.721687836487,0.208333333333));
#1765 = CARTESIAN_POINT('',(0.625,-1.08253175473,0.166666666666));
#1766 = CARTESIAN_POINT('',(2.651438096812E-16,-1.443375672974,
    0.124999999999));
#1767 = CARTESIAN_POINT('',(-0.624999999999,-1.08253175473,
    8.3333333333E-02));
#1768 = CARTESIAN_POINT('',(-1.249999999999,-0.721687836487,
    4.1666666666E-02));
#1769 = CARTESIAN_POINT('',(-1.25,0.,-3.295974604355E-14));
#1770 = ORIENTED_EDGE('',*,*,#1737,.F.);
#1771 = ORIENTED_EDGE('',*,*,#1772,.T.);
#1772 = EDGE_CURVE('',#1726,#1752,#1773,.T.);
#1773 = ( BOUNDED_CURVE() B_SPLINE_CURVE(2,(#1774,#1775,#1776,#1777,
#1778,#1779,#1780),.UNSPECIFIED.,.F.,.F.) B_SPLINE_CURVE_WITH_KNOTS((3,2
    ,2,3),(0.704545454545,0.712121212121,0.719696969696,0.727272727272),
.UNSPECIFIED.) CURVE() GEOMETRIC_REPRESENTATION_ITEM() 
RATIONAL_B_SPLINE_CURVE((1.,0.866025403784,1.,0.866025403784,1.,
0.866025403784,1.)) REPRESENTATION_ITEM('') );
#1774 = CARTESIAN_POINT('',(1.25,1.530808498934E-16,0.375000001365));
#1775 = CARTESIAN_POINT('',(1.25,-0.721687836487,0.333333334698));
#1776 = CARTESIAN_POINT('',(0.625,-1.08253175473,0.291666668032));
#1777 = CARTESIAN_POINT('',(2.651438096812E-16,-1.443375672974,
    0.250000001365));
#1778 = CARTESIAN_POINT('',(-0.624999999999,-1.08253175473,
    0.208333334698));
#1779 = CARTESIAN_POINT('',(-1.25,-0.721687836487,0.166666668032));
#1780 = CARTESIAN_POINT('',(-1.25,0.,0.125000001365));
#1781 = CYLINDRICAL_SURFACE('',#1782,1.25);
#1782 = AXIS2_PLACEMENT_3D('',#1783,#1784,#1785);
#1783 = CARTESIAN_POINT('',(0.,0.,0.));
#1784 = DIRECTION('',(0.,0.,-1.));
#1785 = DIRECTION('',(-1.,0.,0.));
#1786 = ADVANCED_FACE('',(#1787),#1820,.F.);
#1787 = FACE_BOUND('',#1788,.F.);
#1788 = EDGE_LOOP('',(#1789,#1801,#1802,#1814));
#1789 = ORIENTED_EDGE('',*,*,#1790,.F.);
#1790 = EDGE_CURVE('',#1754,#1791,#1793,.T.);
#1791 = VERTEX_POINT('',#1792);
#1792 = CARTESIAN_POINT('',(1.25,1.530808498934E-16,-0.25));
#1793 = ( BOUNDED_CURVE() B_SPLINE_CURVE(2,(#1794,#1795,#1796,#1797,
#1798,#1799,#1800),.UNSPECIFIED.,.F.,.F.) B_SPLINE_CURVE_WITH_KNOTS((3,2
    ,2,3),(0.772727272727,0.780303030303,0.787878787878,0.795454545454),
.UNSPECIFIED.) CURVE() GEOMETRIC_REPRESENTATION_ITEM() 
RATIONAL_B_SPLINE_CURVE((1.,0.866025403784,1.,0.866025403784,1.,
0.866025403784,0.999999999999)) REPRESENTATION_ITEM('') );
#1794 = CARTESIAN_POINT('',(-1.25,0.,-3.295974604355E-14));
#1795 = CARTESIAN_POINT('',(-1.25,0.721687836487,-4.1666666666E-02));
#1796 = CARTESIAN_POINT('',(-0.625,1.08253175473,-8.3333333333E-02));
#1797 = CARTESIAN_POINT('',(-8.838126989374E-17,1.443375672974,-0.125));
#1798 = CARTESIAN_POINT('',(0.625,1.08253175473,-0.166666666666));
#1799 = CARTESIAN_POINT('',(1.249999999999,0.721687836487,
    -0.208333333333));
#1800 = CARTESIAN_POINT('',(1.25,1.530808498934E-16,-0.25));
#1801 = ORIENTED_EDGE('',*,*,#1751,.F.);
#1802 = ORIENTED_EDGE('',*,*,#1803,.T.);
#1803 = EDGE_CURVE('',#1752,#1804,#1806,.T.);
#1804 = VERTEX_POINT('',#1805);
#1805 = CARTESIAN_POINT('',(1.25,1.530808498934E-16,-0.124999998634));
#1806 = ( BOUNDED_CURVE() B_SPLINE_CURVE(2,(#1807,#1808,#1809,#1810,
#1811,#1812,#1813),.UNSPECIFIED.,.F.,.F.) B_SPLINE_CURVE_WITH_KNOTS((3,2
    ,2,3),(0.727272727272,0.734848484848,0.742424242424,0.75),
.PIECEWISE_BEZIER_KNOTS.) CURVE() GEOMETRIC_REPRESENTATION_ITEM() 
RATIONAL_B_SPLINE_CURVE((1.,0.866025403784,1.,0.866025403784,1.,
0.866025403784,1.)) REPRESENTATION_ITEM('') );
#1807 = CARTESIAN_POINT('',(-1.25,0.,0.125000001365));
#1808 = CARTESIAN_POINT('',(-1.25,0.721687836487,8.3333334698E-02));
#1809 = CARTESIAN_POINT('',(-0.625,1.08253175473,4.1666668032E-02));
#1810 = CARTESIAN_POINT('',(-8.838126989374E-17,1.443375672974,
    1.365558707777E-09));
#1811 = CARTESIAN_POINT('',(0.625,1.08253175473,-4.1666665301E-02));
#1812 = CARTESIAN_POINT('',(1.25,0.721687836487,-8.3333331967E-02));
#1813 = CARTESIAN_POINT('',(1.25,1.530808498934E-16,-0.124999998634));
#1814 = ORIENTED_EDGE('',*,*,#1815,.T.);
#1815 = EDGE_CURVE('',#1804,#1791,#1816,.T.);
#1816 = LINE('',#1817,#1818);
#1817 = CARTESIAN_POINT('',(1.25,1.530808498934E-16,0.));
#1818 = VECTOR('',#1819,1.);
#1819 = DIRECTION('',(0.,0.,-1.));
#1820 = CYLINDRICAL_SURFACE('',#1821,1.25);
#1821 = AXIS2_PLACEMENT_3D('',#1822,#1823,#1824);
#1822 = CARTESIAN_POINT('',(0.,0.,0.));
#1823 = DIRECTION('',(0.,0.,-1.));
#1824 = DIRECTION('',(-1.,0.,0.));
#1825 = ADVANCED_FACE('',(#1826),#1859,.F.);
#1826 = FACE_BOUND('',#1827,.F.);
#1827 = EDGE_LOOP('',(#1828,#1838,#1848,#1849));
#1828 = ORIENTED_EDGE('',*,*,#1829,.T.);
#1829 = EDGE_CURVE('',#1830,#1832,#1834,.T.);
#1830 = VERTEX_POINT('',#1831);
#1831 = CARTESIAN_POINT('',(-1.25,0.,-0.374999998634));
#1832 = VERTEX_POINT('',#1833);
#1833 = CARTESIAN_POINT('',(-1.25,0.,-0.5));
#1834 = LINE('',#1835,#1836);
#1835 = CARTESIAN_POINT('',(-1.25,0.,0.));
#1836 = VECTOR('',#1837,1.);
#1837 = DIRECTION('',(0.,0.,-1.));
#1838 = ORIENTED_EDGE('',*,*,#1839,.F.);
#1839 = EDGE_CURVE('',#1791,#1832,#1840,.T.);
#1840 = ( BOUNDED_CURVE() B_SPLINE_CURVE(2,(#1841,#1842,#1843,#1844,
#1845,#1846,#1847),.UNSPECIFIED.,.F.,.F.) B_SPLINE_CURVE_WITH_KNOTS((3,2
    ,2,3),(0.795454545454,0.80303030303,0.810606060606,0.818181818181),
.UNSPECIFIED.) CURVE() GEOMETRIC_REPRESENTATION_ITEM() 
RATIONAL_B_SPLINE_CURVE((1.,0.866025403784,1.,0.866025403784,1.,
0.866025403784,1.)) REPRESENTATION_ITEM('') );
#1841 = CARTESIAN_POINT('',(1.25,1.530808498934E-16,-0.25));
#1842 = CARTESIAN_POINT('',(1.25,-0.721687836487,-0.291666666666));
#1843 = CARTESIAN_POINT('',(0.625,-1.08253175473,-0.333333333333));
#1844 = CARTESIAN_POINT('',(2.651438096812E-16,-1.443375672974,-0.375));
#1845 = CARTESIAN_POINT('',(-0.624999999999,-1.08253175473,
    -0.416666666666));
#1846 = CARTESIAN_POINT('',(-1.25,-0.721687836487,-0.458333333333));
#1847 = CARTESIAN_POINT('',(-1.25,0.,-0.5));
#1848 = ORIENTED_EDGE('',*,*,#1815,.F.);
#1849 = ORIENTED_EDGE('',*,*,#1850,.T.);
#1850 = EDGE_CURVE('',#1804,#1830,#1851,.T.);
#1851 = ( BOUNDED_CURVE() B_SPLINE_CURVE(2,(#1852,#1853,#1854,#1855,
#1856,#1857,#1858),.UNSPECIFIED.,.F.,.F.) B_SPLINE_CURVE_WITH_KNOTS((3,2
    ,2,3),(0.75,0.757575757575,0.765151515151,0.772727272727),
.UNSPECIFIED.) CURVE() GEOMETRIC_REPRESENTATION_ITEM() 
RATIONAL_B_SPLINE_CURVE((1.,0.866025403784,1.,0.866025403784,1.,
0.866025403784,0.999999999999)) REPRESENTATION_ITEM('') );
#1852 = CARTESIAN_POINT('',(1.25,1.530808498934E-16,-0.124999998634));
#1853 = CARTESIAN_POINT('',(1.25,-0.721687836487,-0.166666665301));
#1854 = CARTESIAN_POINT('',(0.625,-1.08253175473,-0.208333331967));
#1855 = CARTESIAN_POINT('',(2.651438096812E-16,-1.443375672974,
    -0.249999998634));
#1856 = CARTESIAN_POINT('',(-0.624999999999,-1.08253175473,
    -0.291666665301));
#1857 = CARTESIAN_POINT('',(-1.249999999999,-0.721687836487,
    -0.333333331967));
#1858 = CARTESIAN_POINT('',(-1.25,0.,-0.374999998634));
#1859 = CYLINDRICAL_SURFACE('',#1860,1.25);
#1860 = AXIS2_PLACEMENT_3D('',#1861,#1862,#1863);
#1861 = CARTESIAN_POINT('',(0.,0.,0.));
#1862 = DIRECTION('',(0.,0.,-1.));
#1863 = DIRECTION('',(-1.,0.,0.));
#1864 = ADVANCED_FACE('',(#1865),#1898,.F.);
#1865 = FACE_BOUND('',#1866,.F.);
#1866 = EDGE_LOOP('',(#1867,#1879,#1880,#1892));
#1867 = ORIENTED_EDGE('',*,*,#1868,.F.);
#1868 = EDGE_CURVE('',#1832,#1869,#1871,.T.);
#1869 = VERTEX_POINT('',#1870);
#1870 = CARTESIAN_POINT('',(1.25,1.530808498934E-16,-0.75));
#1871 = ( BOUNDED_CURVE() B_SPLINE_CURVE(2,(#1872,#1873,#1874,#1875,
#1876,#1877,#1878),.UNSPECIFIED.,.F.,.F.) B_SPLINE_CURVE_WITH_KNOTS((3,2
    ,2,3),(0.818181818181,0.825757575757,0.833333333333,0.840909090909),
.PIECEWISE_BEZIER_KNOTS.) CURVE() GEOMETRIC_REPRESENTATION_ITEM() 
RATIONAL_B_SPLINE_CURVE((1.,0.866025403784,1.,0.866025403784,1.,
0.866025403784,1.)) REPRESENTATION_ITEM('') );
#1872 = CARTESIAN_POINT('',(-1.25,0.,-0.5));
#1873 = CARTESIAN_POINT('',(-1.25,0.721687836487,-0.541666666666));
#1874 = CARTESIAN_POINT('',(-0.625,1.08253175473,-0.583333333333));
#1875 = CARTESIAN_POINT('',(-8.838126989374E-17,1.443375672974,-0.625));
#1876 = CARTESIAN_POINT('',(0.625,1.08253175473,-0.666666666666));
#1877 = CARTESIAN_POINT('',(1.25,0.721687836487,-0.708333333333));
#1878 = CARTESIAN_POINT('',(1.25,1.530808498934E-16,-0.75));
#1879 = ORIENTED_EDGE('',*,*,#1829,.F.);
#1880 = ORIENTED_EDGE('',*,*,#1881,.T.);
#1881 = EDGE_CURVE('',#1830,#1882,#1884,.T.);
#1882 = VERTEX_POINT('',#1883);
#1883 = CARTESIAN_POINT('',(1.25,1.530808498934E-16,-0.624999998634));
#1884 = ( BOUNDED_CURVE() B_SPLINE_CURVE(2,(#1885,#1886,#1887,#1888,
#1889,#1890,#1891),.UNSPECIFIED.,.F.,.F.) B_SPLINE_CURVE_WITH_KNOTS((3,2
    ,2,3),(0.772727272727,0.780303030303,0.787878787878,0.795454545454),
.UNSPECIFIED.) CURVE() GEOMETRIC_REPRESENTATION_ITEM() 
RATIONAL_B_SPLINE_CURVE((1.,0.866025403784,1.,0.866025403784,1.,
0.866025403784,0.999999999999)) REPRESENTATION_ITEM('') );
#1885 = CARTESIAN_POINT('',(-1.25,0.,-0.374999998634));
#1886 = CARTESIAN_POINT('',(-1.25,0.721687836487,-0.416666665301));
#1887 = CARTESIAN_POINT('',(-0.625,1.08253175473,-0.458333331967));
#1888 = CARTESIAN_POINT('',(-8.838126989374E-17,1.443375672974,
    -0.499999998634));
#1889 = CARTESIAN_POINT('',(0.625,1.08253175473,-0.541666665301));
#1890 = CARTESIAN_POINT('',(1.249999999999,0.721687836487,
    -0.583333331967));
#1891 = CARTESIAN_POINT('',(1.25,1.530808498934E-16,-0.624999998634));
#1892 = ORIENTED_EDGE('',*,*,#1893,.T.);
#1893 = EDGE_CURVE('',#1882,#1869,#1894,.T.);
#1894 = LINE('',#1895,#1896);
#1895 = CARTESIAN_POINT('',(1.25,1.530808498934E-16,0.));
#1896 = VECTOR('',#1897,1.);
#1897 = DIRECTION('',(0.,0.,-1.));
#1898 = CYLINDRICAL_SURFACE('',#1899,1.25);
#1899 = AXIS2_PLACEMENT_3D('',#1900,#1901,#1902);
#1900 = CARTESIAN_POINT('',(0.,0.,0.));
#1901 = DIRECTION('',(0.,0.,-1.));
#1902 = DIRECTION('',(-1.,0.,0.));
#1903 = ADVANCED_FACE('',(#1904),#1937,.F.);
#1904 = FACE_BOUND('',#1905,.F.);
#1905 = EDGE_LOOP('',(#1906,#1916,#1926,#1927));
#1906 = ORIENTED_EDGE('',*,*,#1907,.T.);
#1907 = EDGE_CURVE('',#1908,#1910,#1912,.T.);
#1908 = VERTEX_POINT('',#1909);
#1909 = CARTESIAN_POINT('',(-1.25,0.,-0.874999998634));
#1910 = VERTEX_POINT('',#1911);
#1911 = CARTESIAN_POINT('',(-1.25,0.,-1.));
#1912 = LINE('',#1913,#1914);
#1913 = CARTESIAN_POINT('',(-1.25,0.,0.));
#1914 = VECTOR('',#1915,1.);
#1915 = DIRECTION('',(0.,0.,-1.));
#1916 = ORIENTED_EDGE('',*,*,#1917,.F.);
#1917 = EDGE_CURVE('',#1869,#1910,#1918,.T.);
#1918 = ( BOUNDED_CURVE() B_SPLINE_CURVE(2,(#1919,#1920,#1921,#1922,
#1923,#1924,#1925),.UNSPECIFIED.,.F.,.F.) B_SPLINE_CURVE_WITH_KNOTS((3,2
    ,2,3),(0.840909090909,0.848484848484,0.85606060606,0.863636363636),
.UNSPECIFIED.) CURVE() GEOMETRIC_REPRESENTATION_ITEM() 
RATIONAL_B_SPLINE_CURVE((1.,0.866025403784,1.,0.866025403784,1.,
0.866025403784,1.)) REPRESENTATION_ITEM('') );
#1919 = CARTESIAN_POINT('',(1.25,1.530808498934E-16,-0.75));
#1920 = CARTESIAN_POINT('',(1.25,-0.721687836487,-0.791666666666));
#1921 = CARTESIAN_POINT('',(0.625,-1.08253175473,-0.833333333333));
#1922 = CARTESIAN_POINT('',(2.651438096812E-16,-1.443375672974,-0.875));
#1923 = CARTESIAN_POINT('',(-0.624999999999,-1.08253175473,
    -0.916666666666));
#1924 = CARTESIAN_POINT('',(-1.25,-0.721687836487,-0.958333333333));
#1925 = CARTESIAN_POINT('',(-1.25,0.,-1.));
#1926 = ORIENTED_EDGE('',*,*,#1893,.F.);
#1927 = ORIENTED_EDGE('',*,*,#1928,.T.);
#1928 = EDGE_CURVE('',#1882,#1908,#1929,.T.);
#1929 = ( BOUNDED_CURVE() B_SPLINE_CURVE(2,(#1930,#1931,#1932,#1933,
#1934,#1935,#1936),.UNSPECIFIED.,.F.,.F.) B_SPLINE_CURVE_WITH_KNOTS((3,2
    ,2,3),(0.795454545454,0.80303030303,0.810606060606,0.818181818181),
.UNSPECIFIED.) CURVE() GEOMETRIC_REPRESENTATION_ITEM() 
RATIONAL_B_SPLINE_CURVE((1.,0.866025403784,1.,0.866025403784,1.,
0.866025403784,1.)) REPRESENTATION_ITEM('') );
#1930 = CARTESIAN_POINT('',(1.25,1.530808498934E-16,-0.624999998634));
#1931 = CARTESIAN_POINT('',(1.25,-0.721687836487,-0.666666665301));
#1932 = CARTESIAN_POINT('',(0.625,-1.08253175473,-0.708333331967));
#1933 = CARTESIAN_POINT('',(2.651438096812E-16,-1.443375672974,
    -0.749999998634));
#1934 = CARTESIAN_POINT('',(-0.624999999999,-1.08253175473,
    -0.791666665301));
#1935 = CARTESIAN_POINT('',(-1.25,-0.721687836487,-0.833333331967));
#1936 = CARTESIAN_POINT('',(-1.25,0.,-0.874999998634));
#1937 = CYLINDRICAL_SURFACE('',#1938,1.25);
#1938 = AXIS2_PLACEMENT_3D('',#1939,#1940,#1941);
#1939 = CARTESIAN_POINT('',(0.,0.,0.));
#1940 = DIRECTION('',(0.,0.,-1.));
#1941 = DIRECTION('',(-1.,0.,0.));
#1942 = ADVANCED_FACE('',(#1943),#1961,.F.);
#1943 = FACE_BOUND('',#1944,.F.);
#1944 = EDGE_LOOP('',(#1945,#1946,#1952,#1953));
#1945 = ORIENTED_EDGE('',*,*,#628,.F.);
#1946 = ORIENTED_EDGE('',*,*,#1947,.F.);
#1947 = EDGE_CURVE('',#1910,#614,#1948,.T.);
#1948 = ( BOUNDED_CURVE() B_SPLINE_CURVE(2,(#1949,#1950,#1951),
.UNSPECIFIED.,.F.,.F.) B_SPLINE_CURVE_WITH_KNOTS((3,3),(0.863636363636,
0.86642978655),.PIECEWISE_BEZIER_KNOTS.) CURVE() 
GEOMETRIC_REPRESENTATION_ITEM() RATIONAL_B_SPLINE_CURVE((1.,
0.950599302679,0.937629823883)) REPRESENTATION_ITEM('') );
#1949 = CARTESIAN_POINT('',(-1.25,0.,-1.));
#1950 = CARTESIAN_POINT('',(-1.25,0.242433788624,-1.013996921312));
#1951 = CARTESIAN_POINT('',(-1.159370444595,0.467290244064,-1.03));
#1952 = ORIENTED_EDGE('',*,*,#1907,.F.);
#1953 = ORIENTED_EDGE('',*,*,#1954,.T.);
#1954 = EDGE_CURVE('',#1908,#629,#1955,.T.);
#1955 = ( BOUNDED_CURVE() B_SPLINE_CURVE(2,(#1956,#1957,#1958,#1959,
#1960),.UNSPECIFIED.,.F.,.F.) B_SPLINE_CURVE_WITH_KNOTS((3,2,3),(
0.818181818181,0.825757575757,0.832178297803),.UNSPECIFIED.) CURVE() 
GEOMETRIC_REPRESENTATION_ITEM() RATIONAL_B_SPLINE_CURVE((1.,
    0.866025403784,1.,0.886451799047,0.965375817511)) 
REPRESENTATION_ITEM('') );
#1956 = CARTESIAN_POINT('',(-1.25,0.,-0.874999998634));
#1957 = CARTESIAN_POINT('',(-1.25,0.721687836487,-0.916666665301));
#1958 = CARTESIAN_POINT('',(-0.625,1.08253175473,-0.958333331967));
#1959 = CARTESIAN_POINT('',(-0.107496460918,1.381312562325,
    -0.992833567906));
#1960 = CARTESIAN_POINT('',(0.450000020483,1.166190371065,-1.03));
#1961 = CYLINDRICAL_SURFACE('',#1962,1.25);
#1962 = AXIS2_PLACEMENT_3D('',#1963,#1964,#1965);
#1963 = CARTESIAN_POINT('',(0.,0.,0.));
#1964 = DIRECTION('',(0.,0.,-1.));
#1965 = DIRECTION('',(-1.,0.,0.));
#1966 = ADVANCED_FACE('',(#1967,#1971),#1975,.T.);
#1967 = FACE_BOUND('',#1968,.T.);
#1968 = EDGE_LOOP('',(#1969,#1970));
#1969 = ORIENTED_EDGE('',*,*,#419,.T.);
#1970 = ORIENTED_EDGE('',*,*,#386,.T.);
#1971 = FACE_BOUND('',#1972,.T.);
#1972 = EDGE_LOOP('',(#1973,#1974));
#1973 = ORIENTED_EDGE('',*,*,#579,.F.);
#1974 = ORIENTED_EDGE('',*,*,#525,.F.);
#1975 = PLANE('',#1976);
#1976 = AXIS2_PLACEMENT_3D('',#1977,#1978,#1979);
#1977 = CARTESIAN_POINT('',(0.,1.75,-1.53));
#1978 = DIRECTION('',(0.,0.,-1.));
#1979 = DIRECTION('',(-1.,0.,0.));
#1980 = ADVANCED_FACE('',(#1981),#2431,.T.);
#1981 = FACE_BOUND('',#1982,.T.);
#1982 = EDGE_LOOP('',(#1983,#2205,#2206,#2430));
#1983 = ORIENTED_EDGE('',*,*,#1984,.T.);
#1984 = EDGE_CURVE('',#127,#588,#1985,.T.);
#1985 = ( BOUNDED_CURVE() B_SPLINE_CURVE(2,(#1986,#1987,#1988,#1989,
    #1990,#1991,#1992,#1993,#1994,#1995,#1996,#1997,#1998,#1999,#2000,
    #2001,#2002,#2003,#2004,#2005,#2006,#2007,#2008,#2009,#2010,#2011,
    #2012,#2013,#2014,#2015,#2016,#2017,#2018,#2019,#2020,#2021,#2022,
    #2023,#2024,#2025,#2026,#2027,#2028,#2029,#2030,#2031,#2032,#2033,
    #2034,#2035,#2036,#2037,#2038,#2039,#2040,#2041,#2042,#2043,#2044,
    #2045,#2046,#2047,#2048,#2049,#2050,#2051,#2052,#2053,#2054,#2055,
    #2056,#2057,#2058,#2059,#2060,#2061,#2062,#2063,#2064,#2065,#2066,
    #2067,#2068,#2069,#2070,#2071,#2072,#2073,#2074,#2075,#2076,#2077,
    #2078,#2079,#2080,#2081,#2082,#2083,#2084,#2085,#2086,#2087,#2088,
    #2089,#2090,#2091,#2092,#2093,#2094,#2095,#2096,#2097,#2098,#2099,
    #2100,#2101,#2102,#2103,#2104,#2105,#2106,#2107,#2108,#2109,#2110,
    #2111,#2112,#2113,#2114,#2115,#2116,#2117,#2118,#2119,#2120,#2121,
    #2122,#2123,#2124,#2125,#2126,#2127,#2128,#2129,#2130,#2131,#2132,
    #2133,#2134,#2135,#2136,#2137,#2138,#2139,#2140,#2141,#2142,#2143,
    #2144,#2145,#2146,#2147,#2148,#2149,#2150,#2151,#2152,#2153,#2154,
    #2155,#2156,#2157,#2158,#2159,#2160,#2161,#2162,#2163,#2164,#2165,
    #2166,#2167,#2168,#2169,#2170,#2171,#2172,#2173,#2174,#2175,#2176,
    #2177,#2178,#2179,#2180,#2181,#2182,#2183,#2184,#2185,#2186,#2187,
    #2188,#2189,#2190,#2191,#2192,#2193,#2194,#2195,#2196,#2197,#2198,
    #2199,#2200,#2201,#2202,#2203,#2204),.UNSPECIFIED.,.F.,.F.) 
B_SPLINE_CURVE_WITH_KNOTS((3,2,2,2,2,2,2,2,2,2,2,2,2,2,2,2,2,2,2,2,2,2,2
    ,2,2,2,2,2,2,2,2,2,2,2,2,2,2,2,2,2,2,2,2,2,2,2,2,2,2,2,2,2,2,2,2,2,2
    ,2,2,2,2,2,2,2,2,2,2,2,2,2,2,2,2,2,2,2,2,2,2,2,2,2,2,2,2,2,2,2,2,2,2
    ,2,2,2,2,2,2,2,2,2,2,2,2,2,2,2,2,2,2,3),(4.6510458453E-02,
    5.303030303E-02,6.0606060606E-02,6.8181818181E-02,7.5757575757E-02,
    8.3333333333E-02,9.0909090909E-02,9.8484848484E-02,0.10606060606,
    0.113636363636,0.121212121212,0.128787878787,0.136363636363,
    0.143939393939,0.151515151515,0.15909090909,0.166666666666,
    0.174242424242,0.181818181818,0.189393939393,0.196969696969,
    0.204545454545,0.212121212121,0.219696969696,0.227272727272,
    0.234848484848,0.242424242424,0.25,0.257575757575,0.265151515151,
    0.272727272727,0.280303030303,0.287878787878,0.295454545454,
    0.30303030303,0.310606060606,0.318181818181,0.325757575757,
    0.333333333333,0.340909090909,0.348484848484,0.35606060606,
    0.363636363636,0.371212121212,0.378787878787,0.386363636363,
    0.393939393939,0.401515151515,0.40909090909,0.416666666666,
    0.424242424242,0.431818181818,0.439393939393,0.446969696969,
    0.454545454545,0.462121212121,0.469696969696,0.477272727272,
    0.484848484848,0.492424242424,0.5,0.507575757575,0.515151515151,
    0.522727272727,0.530303030303,0.537878787878,0.545454545454,
    0.55303030303,0.560606060606,0.568181818181,0.575757575757,
    0.583333333333,0.590909090909,0.598484848484,0.60606060606,
    0.613636363636,0.621212121212,0.628787878787,0.636363636363,
    0.643939393939,0.651515151515,0.65909090909,0.666666666666,
    0.674242424242,0.681818181818,0.689393939393,0.696969696969,
    0.704545454545,0.712121212121,0.719696969696,0.727272727272,
    0.734848484848,0.742424242424,0.75,0.757575757575,0.765151515151,
    0.772727272727,0.780303030303,0.787878787878,0.795454545454,
    0.80303030303,0.810606060606,0.818181818181,0.825757575757,
    0.833333333333,0.840909090909,0.848484848484,0.85606060606,
0.863636363636,0.871061131629),.UNSPECIFIED.) CURVE() 
GEOMETRIC_REPRESENTATION_ITEM() RATIONAL_B_SPLINE_CURVE((0.967858533061,
    0.884698852114,1.,0.866025403784,1.,0.866025403784,1.,0.866025403784
    ,1.,0.866025403784,1.,0.866025403784,1.,0.866025403784,1.,
    0.866025403784,1.,0.866025403784,1.,0.866025403784,1.,0.866025403784
    ,1.,0.866025403784,1.,0.866025403784,1.,0.866025403784,1.,
    0.866025403784,1.,0.866025403784,1.,0.866025403784,1.,0.866025403784
    ,1.,0.866025403784,1.,0.866025403784,1.,0.866025403784,1.,
    0.866025403784,1.,0.866025403784,1.,0.866025403784,1.,0.866025403784
    ,1.,0.866025403784,1.,0.866025403784,1.,0.866025403784,1.,
    0.866025403784,1.,0.866025403784,1.,0.866025403784,1.,0.866025403784
    ,1.,0.866025403784,1.,0.866025403784,1.,0.866025403784,1.,
    0.866025403784,1.,0.866025403784,1.,0.866025403784,1.,0.866025403784
    ,1.,0.866025403784,1.,0.866025403784,1.,0.866025403784,1.,
    0.866025403784,1.,0.866025403784,1.,0.866025403784,1.,0.866025403784
    ,1.,0.866025403784,1.,0.866025403784,1.,0.866025403784,1.,
    0.866025403784,1.,0.866025403784,1.,0.866025403784,1.,0.866025403784
    ,1.,0.866025403784,1.,0.866025403784,1.,0.866025403784,1.,
    0.866025403784,1.,0.866025403784,1.,0.866025403784,1.,0.866025403784
    ,1.,0.866025403784,1.,0.866025403784,1.,0.866025403784,1.,
    0.866025403784,1.,0.866025403784,1.,0.866025403784,1.,0.866025403784
    ,1.,0.866025403784,1.,0.866025403784,1.,0.866025403784,1.,
    0.866025403784,1.,0.866025403784,1.,0.866025403784,1.,0.866025403784
    ,1.,0.866025403784,1.,0.866025403784,1.,0.866025403784,1.,
    0.866025403784,1.,0.866025403784,1.,0.866025403784,1.,0.866025403784
    ,1.,0.866025403784,1.,0.866025403784,1.,0.866025403784,1.,
    0.866025403784,1.,0.866025403784,1.,0.866025403784,1.,0.866025403784
    ,1.,0.866025403784,1.,0.866025403784,1.,0.866025403784,1.,
    0.866025403784,1.,0.866025403784,1.,0.866025403784,1.,0.866025403784
    ,1.,0.866025403784,1.,0.866025403784,1.,0.866025403784,1.,
    0.866025403784,1.,0.866025403784,1.,0.866025403784,1.,0.866025403784
    ,1.,0.866025403784,1.,0.866025403784,1.,0.866025403784,1.,
    0.866025403784,1.,0.866025403784,1.,0.866025403784,1.,0.8686956012,
0.994766042574)) REPRESENTATION_ITEM('') );
#1986 = CARTESIAN_POINT('',(-1.505371808998,0.21489589871,7.770632937499
    ));
#1987 = CARTESIAN_POINT('',(-1.400848333549,0.947095509139,7.7330189291)
  );
#1988 = CARTESIAN_POINT('',(-0.76031646875,1.316906753706,7.697916667349
    ));
#1989 = CARTESIAN_POINT('',(-1.075163760468E-16,1.755875671608,
    7.656250000682));
#1990 = CARTESIAN_POINT('',(0.76031646875,1.316906753706,7.614583334016)
  );
#1991 = CARTESIAN_POINT('',(1.5206329375,0.877937835804,7.572916667349)
  );
#1992 = CARTESIAN_POINT('',(1.5206329375,1.862238259587E-16,
    7.531250000682));
#1993 = CARTESIAN_POINT('',(1.5206329375,-0.877937835804,7.489583334016)
  );
#1994 = CARTESIAN_POINT('',(0.76031646875,-1.316906753706,7.447916667349
    ));
#1995 = CARTESIAN_POINT('',(3.225491281404E-16,-1.755875671608,
    7.406250000682));
#1996 = CARTESIAN_POINT('',(-0.760316468749,-1.316906753706,
    7.364583334016));
#1997 = CARTESIAN_POINT('',(-1.5206329375,-0.877937835804,7.322916667349
    ));
#1998 = CARTESIAN_POINT('',(-1.5206329375,0.,7.281250000682));
#1999 = CARTESIAN_POINT('',(-1.5206329375,0.877937835804,7.239583334016)
  );
#2000 = CARTESIAN_POINT('',(-0.76031646875,1.316906753706,7.197916667349
    ));
#2001 = CARTESIAN_POINT('',(-1.075163760468E-16,1.755875671608,
    7.156250000682));
#2002 = CARTESIAN_POINT('',(0.76031646875,1.316906753706,7.114583334016)
  );
#2003 = CARTESIAN_POINT('',(1.5206329375,0.877937835804,7.072916667349)
  );
#2004 = CARTESIAN_POINT('',(1.5206329375,1.862238259587E-16,
    7.031250000682));
#2005 = CARTESIAN_POINT('',(1.5206329375,-0.877937835804,6.989583334016)
  );
#2006 = CARTESIAN_POINT('',(0.76031646875,-1.316906753706,6.947916667349
    ));
#2007 = CARTESIAN_POINT('',(3.225491281404E-16,-1.755875671608,
    6.906250000682));
#2008 = CARTESIAN_POINT('',(-0.760316468749,-1.316906753706,
    6.864583334016));
#2009 = CARTESIAN_POINT('',(-1.5206329375,-0.877937835804,6.822916667349
    ));
#2010 = CARTESIAN_POINT('',(-1.5206329375,0.,6.781250000682));
#2011 = CARTESIAN_POINT('',(-1.5206329375,0.877937835804,6.739583334016)
  );
#2012 = CARTESIAN_POINT('',(-0.76031646875,1.316906753706,6.697916667349
    ));
#2013 = CARTESIAN_POINT('',(-1.075163760468E-16,1.755875671608,
    6.656250000682));
#2014 = CARTESIAN_POINT('',(0.76031646875,1.316906753706,6.614583334016)
  );
#2015 = CARTESIAN_POINT('',(1.5206329375,0.877937835804,6.572916667349)
  );
#2016 = CARTESIAN_POINT('',(1.5206329375,1.862238259587E-16,
    6.531250000682));
#2017 = CARTESIAN_POINT('',(1.5206329375,-0.877937835804,6.489583334016)
  );
#2018 = CARTESIAN_POINT('',(0.76031646875,-1.316906753706,6.447916667349
    ));
#2019 = CARTESIAN_POINT('',(3.225491281404E-16,-1.755875671608,
    6.406250000682));
#2020 = CARTESIAN_POINT('',(-0.760316468749,-1.316906753706,
    6.364583334016));
#2021 = CARTESIAN_POINT('',(-1.5206329375,-0.877937835804,6.322916667349
    ));
#2022 = CARTESIAN_POINT('',(-1.5206329375,0.,6.281250000682));
#2023 = CARTESIAN_POINT('',(-1.5206329375,0.877937835804,6.239583334016)
  );
#2024 = CARTESIAN_POINT('',(-0.76031646875,1.316906753706,6.197916667349
    ));
#2025 = CARTESIAN_POINT('',(-1.075163760468E-16,1.755875671608,
    6.156250000682));
#2026 = CARTESIAN_POINT('',(0.76031646875,1.316906753706,6.114583334016)
  );
#2027 = CARTESIAN_POINT('',(1.5206329375,0.877937835804,6.072916667349)
  );
#2028 = CARTESIAN_POINT('',(1.5206329375,1.862238259587E-16,
    6.031250000682));
#2029 = CARTESIAN_POINT('',(1.5206329375,-0.877937835804,5.989583334016)
  );
#2030 = CARTESIAN_POINT('',(0.76031646875,-1.316906753706,5.947916667349
    ));
#2031 = CARTESIAN_POINT('',(3.225491281404E-16,-1.755875671608,
    5.906250000682));
#2032 = CARTESIAN_POINT('',(-0.760316468749,-1.316906753706,
    5.864583334016));
#2033 = CARTESIAN_POINT('',(-1.5206329375,-0.877937835804,5.822916667349
    ));
#2034 = CARTESIAN_POINT('',(-1.5206329375,0.,5.781250000682));
#2035 = CARTESIAN_POINT('',(-1.5206329375,0.877937835804,5.739583334016)
  );
#2036 = CARTESIAN_POINT('',(-0.76031646875,1.316906753706,5.697916667349
    ));
#2037 = CARTESIAN_POINT('',(-1.075163760468E-16,1.755875671608,
    5.656250000682));
#2038 = CARTESIAN_POINT('',(0.76031646875,1.316906753706,5.614583334016)
  );
#2039 = CARTESIAN_POINT('',(1.5206329375,0.877937835804,5.572916667349)
  );
#2040 = CARTESIAN_POINT('',(1.5206329375,1.862238259587E-16,
    5.531250000682));
#2041 = CARTESIAN_POINT('',(1.5206329375,-0.877937835804,5.489583334016)
  );
#2042 = CARTESIAN_POINT('',(0.76031646875,-1.316906753706,5.447916667349
    ));
#2043 = CARTESIAN_POINT('',(3.225491281404E-16,-1.755875671608,
    5.406250000682));
#2044 = CARTESIAN_POINT('',(-0.760316468749,-1.316906753706,
    5.364583334016));
#2045 = CARTESIAN_POINT('',(-1.5206329375,-0.877937835804,5.322916667349
    ));
#2046 = CARTESIAN_POINT('',(-1.5206329375,0.,5.281250000682));
#2047 = CARTESIAN_POINT('',(-1.5206329375,0.877937835804,5.239583334016)
  );
#2048 = CARTESIAN_POINT('',(-0.76031646875,1.316906753706,5.197916667349
    ));
#2049 = CARTESIAN_POINT('',(-1.075163760468E-16,1.755875671608,
    5.156250000682));
#2050 = CARTESIAN_POINT('',(0.76031646875,1.316906753706,5.114583334016)
  );
#2051 = CARTESIAN_POINT('',(1.5206329375,0.877937835804,5.072916667349)
  );
#2052 = CARTESIAN_POINT('',(1.5206329375,1.862238259587E-16,
    5.031250000682));
#2053 = CARTESIAN_POINT('',(1.5206329375,-0.877937835804,4.989583334016)
  );
#2054 = CARTESIAN_POINT('',(0.76031646875,-1.316906753706,4.947916667349
    ));
#2055 = CARTESIAN_POINT('',(3.225491281404E-16,-1.755875671608,
    4.906250000682));
#2056 = CARTESIAN_POINT('',(-0.760316468749,-1.316906753706,
    4.864583334016));
#2057 = CARTESIAN_POINT('',(-1.5206329375,-0.877937835804,4.822916667349
    ));
#2058 = CARTESIAN_POINT('',(-1.5206329375,0.,4.781250000682));
#2059 = CARTESIAN_POINT('',(-1.5206329375,0.877937835804,4.739583334016)
  );
#2060 = CARTESIAN_POINT('',(-0.76031646875,1.316906753706,4.697916667349
    ));
#2061 = CARTESIAN_POINT('',(-1.075163760468E-16,1.755875671608,
    4.656250000682));
#2062 = CARTESIAN_POINT('',(0.76031646875,1.316906753706,4.614583334016)
  );
#2063 = CARTESIAN_POINT('',(1.5206329375,0.877937835804,4.572916667349)
  );
#2064 = CARTESIAN_POINT('',(1.5206329375,1.862238259587E-16,
    4.531250000682));
#2065 = CARTESIAN_POINT('',(1.5206329375,-0.877937835804,4.489583334016)
  );
#2066 = CARTESIAN_POINT('',(0.76031646875,-1.316906753706,4.447916667349
    ));
#2067 = CARTESIAN_POINT('',(3.225491281404E-16,-1.755875671608,
    4.406250000682));
#2068 = CARTESIAN_POINT('',(-0.760316468749,-1.316906753706,
    4.364583334016));
#2069 = CARTESIAN_POINT('',(-1.5206329375,-0.877937835804,4.322916667349
    ));
#2070 = CARTESIAN_POINT('',(-1.5206329375,0.,4.281250000682));
#2071 = CARTESIAN_POINT('',(-1.5206329375,0.877937835804,4.239583334016)
  );
#2072 = CARTESIAN_POINT('',(-0.76031646875,1.316906753706,4.197916667349
    ));
#2073 = CARTESIAN_POINT('',(-1.075163760468E-16,1.755875671608,
    4.156250000682));
#2074 = CARTESIAN_POINT('',(0.76031646875,1.316906753706,4.114583334016)
  );
#2075 = CARTESIAN_POINT('',(1.5206329375,0.877937835804,4.072916667349)
  );
#2076 = CARTESIAN_POINT('',(1.5206329375,1.862238259587E-16,
    4.031250000682));
#2077 = CARTESIAN_POINT('',(1.5206329375,-0.877937835804,3.989583334016)
  );
#2078 = CARTESIAN_POINT('',(0.76031646875,-1.316906753706,3.947916667349
    ));
#2079 = CARTESIAN_POINT('',(3.225491281404E-16,-1.755875671608,
    3.906250000682));
#2080 = CARTESIAN_POINT('',(-0.760316468749,-1.316906753706,
    3.864583334016));
#2081 = CARTESIAN_POINT('',(-1.5206329375,-0.877937835804,3.822916667349
    ));
#2082 = CARTESIAN_POINT('',(-1.5206329375,0.,3.781250000682));
#2083 = CARTESIAN_POINT('',(-1.5206329375,0.877937835804,3.739583334016)
  );
#2084 = CARTESIAN_POINT('',(-0.76031646875,1.316906753706,3.697916667349
    ));
#2085 = CARTESIAN_POINT('',(-1.075163760468E-16,1.755875671608,
    3.656250000682));
#2086 = CARTESIAN_POINT('',(0.76031646875,1.316906753706,3.614583334016)
  );
#2087 = CARTESIAN_POINT('',(1.5206329375,0.877937835804,3.572916667349)
  );
#2088 = CARTESIAN_POINT('',(1.5206329375,1.862238259587E-16,
    3.531250000682));
#2089 = CARTESIAN_POINT('',(1.5206329375,-0.877937835804,3.489583334016)
  );
#2090 = CARTESIAN_POINT('',(0.76031646875,-1.316906753706,3.447916667349
    ));
#2091 = CARTESIAN_POINT('',(3.225491281404E-16,-1.755875671608,
    3.406250000682));
#2092 = CARTESIAN_POINT('',(-0.760316468749,-1.316906753706,
    3.364583334016));
#2093 = CARTESIAN_POINT('',(-1.5206329375,-0.877937835804,3.322916667349
    ));
#2094 = CARTESIAN_POINT('',(-1.5206329375,0.,3.281250000682));
#2095 = CARTESIAN_POINT('',(-1.5206329375,0.877937835804,3.239583334016)
  );
#2096 = CARTESIAN_POINT('',(-0.76031646875,1.316906753706,3.197916667349
    ));
#2097 = CARTESIAN_POINT('',(-1.075163760468E-16,1.755875671608,
    3.156250000682));
#2098 = CARTESIAN_POINT('',(0.76031646875,1.316906753706,3.114583334016)
  );
#2099 = CARTESIAN_POINT('',(1.5206329375,0.877937835804,3.072916667349)
  );
#2100 = CARTESIAN_POINT('',(1.5206329375,1.862238259587E-16,
    3.031250000682));
#2101 = CARTESIAN_POINT('',(1.5206329375,-0.877937835804,2.989583334016)
  );
#2102 = CARTESIAN_POINT('',(0.76031646875,-1.316906753706,2.947916667349
    ));
#2103 = CARTESIAN_POINT('',(3.225491281404E-16,-1.755875671608,
    2.906250000682));
#2104 = CARTESIAN_POINT('',(-0.760316468749,-1.316906753706,
    2.864583334016));
#2105 = CARTESIAN_POINT('',(-1.5206329375,-0.877937835804,2.822916667349
    ));
#2106 = CARTESIAN_POINT('',(-1.5206329375,0.,2.781250000682));
#2107 = CARTESIAN_POINT('',(-1.5206329375,0.877937835804,2.739583334016)
  );
#2108 = CARTESIAN_POINT('',(-0.76031646875,1.316906753706,2.697916667349
    ));
#2109 = CARTESIAN_POINT('',(-1.075163760468E-16,1.755875671608,
    2.656250000682));
#2110 = CARTESIAN_POINT('',(0.76031646875,1.316906753706,2.614583334016)
  );
#2111 = CARTESIAN_POINT('',(1.5206329375,0.877937835804,2.572916667349)
  );
#2112 = CARTESIAN_POINT('',(1.5206329375,1.862238259587E-16,
    2.531250000682));
#2113 = CARTESIAN_POINT('',(1.5206329375,-0.877937835804,2.489583334016)
  );
#2114 = CARTESIAN_POINT('',(0.76031646875,-1.316906753706,2.447916667349
    ));
#2115 = CARTESIAN_POINT('',(3.225491281404E-16,-1.755875671608,
    2.406250000682));
#2116 = CARTESIAN_POINT('',(-0.760316468749,-1.316906753706,
    2.364583334016));
#2117 = CARTESIAN_POINT('',(-1.5206329375,-0.877937835804,2.322916667349
    ));
#2118 = CARTESIAN_POINT('',(-1.5206329375,0.,2.281250000682));
#2119 = CARTESIAN_POINT('',(-1.5206329375,0.877937835804,2.239583334016)
  );
#2120 = CARTESIAN_POINT('',(-0.76031646875,1.316906753706,2.197916667349
    ));
#2121 = CARTESIAN_POINT('',(-1.075163760468E-16,1.755875671608,
    2.156250000682));
#2122 = CARTESIAN_POINT('',(0.76031646875,1.316906753706,2.114583334016)
  );
#2123 = CARTESIAN_POINT('',(1.5206329375,0.877937835804,2.072916667349)
  );
#2124 = CARTESIAN_POINT('',(1.5206329375,1.862238259587E-16,
    2.031250000682));
#2125 = CARTESIAN_POINT('',(1.5206329375,-0.877937835804,1.989583334016)
  );
#2126 = CARTESIAN_POINT('',(0.76031646875,-1.316906753706,1.947916667349
    ));
#2127 = CARTESIAN_POINT('',(3.225491281404E-16,-1.755875671608,
    1.906250000682));
#2128 = CARTESIAN_POINT('',(-0.760316468749,-1.316906753706,
    1.864583334016));
#2129 = CARTESIAN_POINT('',(-1.5206329375,-0.877937835804,1.822916667349
    ));
#2130 = CARTESIAN_POINT('',(-1.5206329375,0.,1.781250000682));
#2131 = CARTESIAN_POINT('',(-1.5206329375,0.877937835804,1.739583334016)
  );
#2132 = CARTESIAN_POINT('',(-0.76031646875,1.316906753706,1.697916667349
    ));
#2133 = CARTESIAN_POINT('',(-1.075163760468E-16,1.755875671608,
    1.656250000682));
#2134 = CARTESIAN_POINT('',(0.76031646875,1.316906753706,1.614583334016)
  );
#2135 = CARTESIAN_POINT('',(1.5206329375,0.877937835804,1.572916667349)
  );
#2136 = CARTESIAN_POINT('',(1.5206329375,1.862238259587E-16,
    1.531250000682));
#2137 = CARTESIAN_POINT('',(1.5206329375,-0.877937835804,1.489583334016)
  );
#2138 = CARTESIAN_POINT('',(0.76031646875,-1.316906753706,1.447916667349
    ));
#2139 = CARTESIAN_POINT('',(3.225491281404E-16,-1.755875671608,
    1.406250000682));
#2140 = CARTESIAN_POINT('',(-0.760316468749,-1.316906753706,
    1.364583334016));
#2141 = CARTESIAN_POINT('',(-1.5206329375,-0.877937835804,1.322916667349
    ));
#2142 = CARTESIAN_POINT('',(-1.5206329375,0.,1.281250000682));
#2143 = CARTESIAN_POINT('',(-1.5206329375,0.877937835804,1.239583334016)
  );
#2144 = CARTESIAN_POINT('',(-0.76031646875,1.316906753706,1.197916667349
    ));
#2145 = CARTESIAN_POINT('',(-1.075163760468E-16,1.755875671608,
    1.156250000682));
#2146 = CARTESIAN_POINT('',(0.76031646875,1.316906753706,1.114583334016)
  );
#2147 = CARTESIAN_POINT('',(1.5206329375,0.877937835804,1.072916667349)
  );
#2148 = CARTESIAN_POINT('',(1.5206329375,1.862238259587E-16,
    1.031250000682));
#2149 = CARTESIAN_POINT('',(1.5206329375,-0.877937835804,0.989583334016)
  );
#2150 = CARTESIAN_POINT('',(0.76031646875,-1.316906753706,0.947916667349
    ));
#2151 = CARTESIAN_POINT('',(3.225491281404E-16,-1.755875671608,
    0.906250000682));
#2152 = CARTESIAN_POINT('',(-0.760316468749,-1.316906753706,
    0.864583334016));
#2153 = CARTESIAN_POINT('',(-1.5206329375,-0.877937835804,0.822916667349
    ));
#2154 = CARTESIAN_POINT('',(-1.5206329375,0.,0.781250000682));
#2155 = CARTESIAN_POINT('',(-1.5206329375,0.877937835804,0.739583334016)
  );
#2156 = CARTESIAN_POINT('',(-0.76031646875,1.316906753706,0.697916667349
    ));
#2157 = CARTESIAN_POINT('',(-1.075163760468E-16,1.755875671608,
    0.656250000682));
#2158 = CARTESIAN_POINT('',(0.76031646875,1.316906753706,0.614583334016)
  );
#2159 = CARTESIAN_POINT('',(1.5206329375,0.877937835804,0.572916667349)
  );
#2160 = CARTESIAN_POINT('',(1.5206329375,1.862238259587E-16,
    0.531250000682));
#2161 = CARTESIAN_POINT('',(1.5206329375,-0.877937835804,0.489583334016)
  );
#2162 = CARTESIAN_POINT('',(0.76031646875,-1.316906753706,0.447916667349
    ));
#2163 = CARTESIAN_POINT('',(3.225491281404E-16,-1.755875671608,
    0.406250000682));
#2164 = CARTESIAN_POINT('',(-0.760316468749,-1.316906753706,
    0.364583334016));
#2165 = CARTESIAN_POINT('',(-1.5206329375,-0.877937835804,0.322916667349
    ));
#2166 = CARTESIAN_POINT('',(-1.5206329375,0.,0.281250000682));
#2167 = CARTESIAN_POINT('',(-1.5206329375,0.877937835804,0.239583334016)
  );
#2168 = CARTESIAN_POINT('',(-0.76031646875,1.316906753706,0.197916667349
    ));
#2169 = CARTESIAN_POINT('',(-1.075163760468E-16,1.755875671608,
    0.156250000682));
#2170 = CARTESIAN_POINT('',(0.76031646875,1.316906753706,0.114583334016)
  );
#2171 = CARTESIAN_POINT('',(1.5206329375,0.877937835804,7.2916667349E-02
    ));
#2172 = CARTESIAN_POINT('',(1.5206329375,1.862238259587E-16,
    3.1250000682E-02));
#2173 = CARTESIAN_POINT('',(1.5206329375,-0.877937835804,
    -1.0416665983E-02));
#2174 = CARTESIAN_POINT('',(0.76031646875,-1.316906753706,
    -5.208333265E-02));
#2175 = CARTESIAN_POINT('',(3.225491281404E-16,-1.755875671608,
    -9.3749999317E-02));
#2176 = CARTESIAN_POINT('',(-0.760316468749,-1.316906753706,
    -0.135416665983));
#2177 = CARTESIAN_POINT('',(-1.5206329375,-0.877937835804,-0.17708333265
    ));
#2178 = CARTESIAN_POINT('',(-1.5206329375,0.,-0.218749999317));
#2179 = CARTESIAN_POINT('',(-1.5206329375,0.877937835804,-0.260416665983
    ));
#2180 = CARTESIAN_POINT('',(-0.76031646875,1.316906753706,-0.30208333265
    ));
#2181 = CARTESIAN_POINT('',(-1.075163760468E-16,1.755875671608,
    -0.343749999317));
#2182 = CARTESIAN_POINT('',(0.76031646875,1.316906753706,-0.385416665983
    ));
#2183 = CARTESIAN_POINT('',(1.5206329375,0.877937835804,-0.42708333265)
  );
#2184 = CARTESIAN_POINT('',(1.5206329375,1.862238259587E-16,
    -0.468749999317));
#2185 = CARTESIAN_POINT('',(1.5206329375,-0.877937835804,-0.510416665983
    ));
#2186 = CARTESIAN_POINT('',(0.76031646875,-1.316906753706,-0.55208333265
    ));
#2187 = CARTESIAN_POINT('',(3.225491281404E-16,-1.755875671608,
    -0.593749999317));
#2188 = CARTESIAN_POINT('',(-0.760316468749,-1.316906753706,
    -0.635416665983));
#2189 = CARTESIAN_POINT('',(-1.5206329375,-0.877937835804,-0.67708333265
    ));
#2190 = CARTESIAN_POINT('',(-1.5206329375,0.,-0.718749999317));
#2191 = CARTESIAN_POINT('',(-1.5206329375,0.877937835804,-0.760416665983
    ));
#2192 = CARTESIAN_POINT('',(-0.76031646875,1.316906753706,-0.80208333265
    ));
#2193 = CARTESIAN_POINT('',(-1.075163760468E-16,1.755875671608,
    -0.843749999317));
#2194 = CARTESIAN_POINT('',(0.76031646875,1.316906753706,-0.885416665983
    ));
#2195 = CARTESIAN_POINT('',(1.5206329375,0.877937835804,-0.92708333265)
  );
#2196 = CARTESIAN_POINT('',(1.5206329375,1.862238259587E-16,
    -0.968749999317));
#2197 = CARTESIAN_POINT('',(1.5206329375,-0.877937835804,-1.010416665983
    ));
#2198 = CARTESIAN_POINT('',(0.76031646875,-1.316906753706,-1.05208333265
    ));
#2199 = CARTESIAN_POINT('',(3.225491281404E-16,-1.755875671608,
    -1.093749999317));
#2200 = CARTESIAN_POINT('',(-0.760316468749,-1.316906753706,
    -1.135416665983));
#2201 = CARTESIAN_POINT('',(-1.5206329375,-0.877937835804,-1.17708333265
    ));
#2202 = CARTESIAN_POINT('',(-1.5206329375,0.,-1.218749999317));
#2203 = CARTESIAN_POINT('',(-1.5206329375,0.857795164864,-1.259460700855
    ));
#2204 = CARTESIAN_POINT('',(-0.786479082967,1.301451183358,-1.3006329375
    ));
#2205 = ORIENTED_EDGE('',*,*,#602,.F.);
#2206 = ORIENTED_EDGE('',*,*,#2207,.F.);
#2207 = EDGE_CURVE('',#108,#603,#2208,.T.);
#2208 = ( BOUNDED_CURVE() B_SPLINE_CURVE(2,(#2209,#2210,#2211,#2212,
    #2213,#2214,#2215,#2216,#2217,#2218,#2219,#2220,#2221,#2222,#2223,
    #2224,#2225,#2226,#2227,#2228,#2229,#2230,#2231,#2232,#2233,#2234,
    #2235,#2236,#2237,#2238,#2239,#2240,#2241,#2242,#2243,#2244,#2245,
    #2246,#2247,#2248,#2249,#2250,#2251,#2252,#2253,#2254,#2255,#2256,
    #2257,#2258,#2259,#2260,#2261,#2262,#2263,#2264,#2265,#2266,#2267,
    #2268,#2269,#2270,#2271,#2272,#2273,#2274,#2275,#2276,#2277,#2278,
    #2279,#2280,#2281,#2282,#2283,#2284,#2285,#2286,#2287,#2288,#2289,
    #2290,#2291,#2292,#2293,#2294,#2295,#2296,#2297,#2298,#2299,#2300,
    #2301,#2302,#2303,#2304,#2305,#2306,#2307,#2308,#2309,#2310,#2311,
    #2312,#2313,#2314,#2315,#2316,#2317,#2318,#2319,#2320,#2321,#2322,
    #2323,#2324,#2325,#2326,#2327,#2328,#2329,#2330,#2331,#2332,#2333,
    #2334,#2335,#2336,#2337,#2338,#2339,#2340,#2341,#2342,#2343,#2344,
    #2345,#2346,#2347,#2348,#2349,#2350,#2351,#2352,#2353,#2354,#2355,
    #2356,#2357,#2358,#2359,#2360,#2361,#2362,#2363,#2364,#2365,#2366,
    #2367,#2368,#2369,#2370,#2371,#2372,#2373,#2374,#2375,#2376,#2377,
    #2378,#2379,#2380,#2381,#2382,#2383,#2384,#2385,#2386,#2387,#2388,
    #2389,#2390,#2391,#2392,#2393,#2394,#2395,#2396,#2397,#2398,#2399,
    #2400,#2401,#2402,#2403,#2404,#2405,#2406,#2407,#2408,#2409,#2410,
    #2411,#2412,#2413,#2414,#2415,#2416,#2417,#2418,#2419,#2420,#2421,
    #2422,#2423,#2424,#2425,#2426,#2427,#2428,#2429),.UNSPECIFIED.,.F.,
.F.) B_SPLINE_CURVE_WITH_KNOTS((3,2,2,2,2,2,2,2,2,2,2,2,2,2,2,2,2,2,2,2,
    2,2,2,2,2,2,2,2,2,2,2,2,2,2,2,2,2,2,2,2,2,2,2,2,2,2,2,2,2,2,2,2,2,2,
    2,2,2,2,2,2,2,2,2,2,2,2,2,2,2,2,2,2,2,2,2,2,2,2,2,2,2,2,2,2,2,2,2,2,
    2,2,2,2,2,2,2,2,2,2,2,2,2,2,2,2,2,2,2,2,2,2,3),(5.2012449917E-02,
    5.303030303E-02,6.0606060606E-02,6.8181818181E-02,7.5757575757E-02,
    8.3333333333E-02,9.0909090909E-02,9.8484848484E-02,0.10606060606,
    0.113636363636,0.121212121212,0.128787878787,0.136363636363,
    0.143939393939,0.151515151515,0.15909090909,0.166666666666,
    0.174242424242,0.181818181818,0.189393939393,0.196969696969,
    0.204545454545,0.212121212121,0.219696969696,0.227272727272,
    0.234848484848,0.242424242424,0.25,0.257575757575,0.265151515151,
    0.272727272727,0.280303030303,0.287878787878,0.295454545454,
    0.30303030303,0.310606060606,0.318181818181,0.325757575757,
    0.333333333333,0.340909090909,0.348484848484,0.35606060606,
    0.363636363636,0.371212121212,0.378787878787,0.386363636363,
    0.393939393939,0.401515151515,0.40909090909,0.416666666666,
    0.424242424242,0.431818181818,0.439393939393,0.446969696969,
    0.454545454545,0.462121212121,0.469696969696,0.477272727272,
    0.484848484848,0.492424242424,0.499999999999,0.507575757575,
    0.515151515151,0.522727272727,0.530303030303,0.537878787878,
    0.545454545454,0.55303030303,0.560606060606,0.568181818181,
    0.575757575757,0.583333333333,0.590909090909,0.598484848484,
    0.60606060606,0.613636363636,0.621212121212,0.628787878787,
    0.636363636363,0.643939393939,0.651515151515,0.65909090909,
    0.666666666666,0.674242424242,0.681818181818,0.689393939393,
    0.696969696969,0.704545454545,0.712121212121,0.719696969696,
    0.727272727272,0.734848484848,0.742424242424,0.75,0.757575757575,
    0.765151515151,0.772727272727,0.780303030303,0.787878787878,
    0.795454545454,0.80303030303,0.810606060606,0.818181818181,
    0.825757575757,0.833333333333,0.840909090909,0.848484848484,
    0.85606060606,0.863636363636,0.871212121212,0.876666906563),
.UNSPECIFIED.) CURVE() GEOMETRIC_REPRESENTATION_ITEM() 
RATIONAL_B_SPLINE_CURVE((0.968836192742,0.981999627299,1.,0.866025403784
    ,1.,0.866025403784,1.,0.866025403784,1.,0.866025403784,1.,
    0.866025403784,1.,0.866025403784,1.,0.866025403784,1.,0.866025403784
    ,1.,0.866025403784,1.,0.866025403784,1.,0.866025403784,1.,
    0.866025403784,1.,0.866025403784,1.,0.866025403784,1.,0.866025403784
    ,1.,0.866025403784,1.,0.866025403784,1.,0.866025403784,1.,
    0.866025403784,1.,0.866025403784,1.,0.866025403784,1.,0.866025403784
    ,1.,0.866025403784,1.,0.866025403784,1.,0.866025403784,1.,
    0.866025403784,1.,0.866025403784,1.,0.866025403784,1.,0.866025403784
    ,1.,0.866025403784,1.,0.866025403784,1.,0.866025403784,1.,
    0.866025403784,1.,0.866025403784,1.,0.866025403784,1.,0.866025403784
    ,1.,0.866025403784,1.,0.866025403784,1.,0.866025403784,1.,
    0.866025403784,1.,0.866025403784,1.,0.866025403784,1.,0.866025403784
    ,1.,0.866025403784,1.,0.866025403784,1.,0.866025403784,1.,
    0.866025403784,1.,0.866025403784,1.,0.866025403784,1.,0.866025403784
    ,1.,0.866025403784,1.,0.866025403784,1.,0.866025403784,1.,
    0.866025403784,1.,0.866025403784,1.,0.866025403784,1.,0.866025403784
    ,1.,0.866025403784,1.,0.866025403784,1.,0.866025403784,1.,
    0.866025403784,1.,0.866025403784,1.,0.866025403784,1.,0.866025403784
    ,1.,0.866025403784,1.,0.866025403784,1.,0.866025403784,1.,
    0.866025403784,1.,0.866025403784,1.,0.866025403784,1.,0.866025403784
    ,1.,0.866025403784,1.,0.866025403784,1.,0.866025403784,1.,
    0.866025403784,1.,0.866025403784,1.,0.866025403784,1.,0.866025403784
    ,1.,0.866025403784,1.,0.866025403784,1.,0.866025403784,1.,
    0.866025403784,1.,0.866025403784,1.,0.866025403784,1.,0.866025403784
    ,1.,0.866025403784,1.,0.866025403784,1.,0.866025403784,1.,
    0.866025403784,1.,0.866025403784,1.,0.866025403784,1.,0.866025403784
    ,1.,0.866025403784,1.,0.866025403784,1.,0.866025403784,1.,
    0.866025403784,1.,0.866025403784,1.,0.866025403784,1.,0.866025403784
    ,1.,0.866025403784,1.,0.866025403784,1.,0.866025403784,1.,
    0.866025403784,1.,0.866025403784,1.,0.866025403784,1.,0.866025403784
    ,1.,0.866025403784,1.,0.866025403784,1.,0.903534048236,
0.945985176464)) REPRESENTATION_ITEM('') );
#2209 = CARTESIAN_POINT('',(-0.932572345827,1.201096728164,
    7.770632937499));
#2210 = CARTESIAN_POINT('',(-0.850405672169,1.26489372786,7.765353712597
    ));
#2211 = CARTESIAN_POINT('',(-0.76031646875,1.316906753706,7.760416667349
    ));
#2212 = CARTESIAN_POINT('',(-1.075163760468E-16,1.755875671608,
    7.718750000682));
#2213 = CARTESIAN_POINT('',(0.76031646875,1.316906753706,7.677083334016)
  );
#2214 = CARTESIAN_POINT('',(1.5206329375,0.877937835804,7.635416667349)
  );
#2215 = CARTESIAN_POINT('',(1.5206329375,1.862238259587E-16,
    7.593750000682));
#2216 = CARTESIAN_POINT('',(1.5206329375,-0.877937835804,7.552083334016)
  );
#2217 = CARTESIAN_POINT('',(0.76031646875,-1.316906753706,7.510416667349
    ));
#2218 = CARTESIAN_POINT('',(3.225491281404E-16,-1.755875671608,
    7.468750000682));
#2219 = CARTESIAN_POINT('',(-0.760316468749,-1.316906753706,
    7.427083334016));
#2220 = CARTESIAN_POINT('',(-1.5206329375,-0.877937835804,7.385416667349
    ));
#2221 = CARTESIAN_POINT('',(-1.5206329375,0.,7.343750000682));
#2222 = CARTESIAN_POINT('',(-1.5206329375,0.877937835804,7.302083334016)
  );
#2223 = CARTESIAN_POINT('',(-0.76031646875,1.316906753706,7.260416667349
    ));
#2224 = CARTESIAN_POINT('',(-1.075163760468E-16,1.755875671608,
    7.218750000682));
#2225 = CARTESIAN_POINT('',(0.76031646875,1.316906753706,7.177083334016)
  );
#2226 = CARTESIAN_POINT('',(1.5206329375,0.877937835804,7.135416667349)
  );
#2227 = CARTESIAN_POINT('',(1.5206329375,1.862238259587E-16,
    7.093750000682));
#2228 = CARTESIAN_POINT('',(1.5206329375,-0.877937835804,7.052083334016)
  );
#2229 = CARTESIAN_POINT('',(0.76031646875,-1.316906753706,7.010416667349
    ));
#2230 = CARTESIAN_POINT('',(3.225491281404E-16,-1.755875671608,
    6.968750000682));
#2231 = CARTESIAN_POINT('',(-0.760316468749,-1.316906753706,
    6.927083334016));
#2232 = CARTESIAN_POINT('',(-1.5206329375,-0.877937835804,6.885416667349
    ));
#2233 = CARTESIAN_POINT('',(-1.5206329375,0.,6.843750000682));
#2234 = CARTESIAN_POINT('',(-1.5206329375,0.877937835804,6.802083334016)
  );
#2235 = CARTESIAN_POINT('',(-0.76031646875,1.316906753706,6.760416667349
    ));
#2236 = CARTESIAN_POINT('',(-1.075163760468E-16,1.755875671608,
    6.718750000682));
#2237 = CARTESIAN_POINT('',(0.76031646875,1.316906753706,6.677083334016)
  );
#2238 = CARTESIAN_POINT('',(1.5206329375,0.877937835804,6.635416667349)
  );
#2239 = CARTESIAN_POINT('',(1.5206329375,1.862238259587E-16,
    6.593750000682));
#2240 = CARTESIAN_POINT('',(1.5206329375,-0.877937835804,6.552083334016)
  );
#2241 = CARTESIAN_POINT('',(0.76031646875,-1.316906753706,6.510416667349
    ));
#2242 = CARTESIAN_POINT('',(3.225491281404E-16,-1.755875671608,
    6.468750000682));
#2243 = CARTESIAN_POINT('',(-0.760316468749,-1.316906753706,
    6.427083334016));
#2244 = CARTESIAN_POINT('',(-1.5206329375,-0.877937835804,6.385416667349
    ));
#2245 = CARTESIAN_POINT('',(-1.5206329375,0.,6.343750000682));
#2246 = CARTESIAN_POINT('',(-1.5206329375,0.877937835804,6.302083334016)
  );
#2247 = CARTESIAN_POINT('',(-0.76031646875,1.316906753706,6.260416667349
    ));
#2248 = CARTESIAN_POINT('',(-1.075163760468E-16,1.755875671608,
    6.218750000682));
#2249 = CARTESIAN_POINT('',(0.76031646875,1.316906753706,6.177083334016)
  );
#2250 = CARTESIAN_POINT('',(1.5206329375,0.877937835804,6.135416667349)
  );
#2251 = CARTESIAN_POINT('',(1.5206329375,1.862238259587E-16,
    6.093750000682));
#2252 = CARTESIAN_POINT('',(1.5206329375,-0.877937835804,6.052083334016)
  );
#2253 = CARTESIAN_POINT('',(0.76031646875,-1.316906753706,6.010416667349
    ));
#2254 = CARTESIAN_POINT('',(3.225491281404E-16,-1.755875671608,
    5.968750000682));
#2255 = CARTESIAN_POINT('',(-0.760316468749,-1.316906753706,
    5.927083334016));
#2256 = CARTESIAN_POINT('',(-1.5206329375,-0.877937835804,5.885416667349
    ));
#2257 = CARTESIAN_POINT('',(-1.5206329375,0.,5.843750000682));
#2258 = CARTESIAN_POINT('',(-1.5206329375,0.877937835804,5.802083334016)
  );
#2259 = CARTESIAN_POINT('',(-0.76031646875,1.316906753706,5.760416667349
    ));
#2260 = CARTESIAN_POINT('',(-1.075163760468E-16,1.755875671608,
    5.718750000682));
#2261 = CARTESIAN_POINT('',(0.76031646875,1.316906753706,5.677083334016)
  );
#2262 = CARTESIAN_POINT('',(1.5206329375,0.877937835804,5.635416667349)
  );
#2263 = CARTESIAN_POINT('',(1.5206329375,1.862238259587E-16,
    5.593750000682));
#2264 = CARTESIAN_POINT('',(1.5206329375,-0.877937835804,5.552083334016)
  );
#2265 = CARTESIAN_POINT('',(0.76031646875,-1.316906753706,5.510416667349
    ));
#2266 = CARTESIAN_POINT('',(3.225491281404E-16,-1.755875671608,
    5.468750000682));
#2267 = CARTESIAN_POINT('',(-0.760316468749,-1.316906753706,
    5.427083334016));
#2268 = CARTESIAN_POINT('',(-1.5206329375,-0.877937835804,5.385416667349
    ));
#2269 = CARTESIAN_POINT('',(-1.5206329375,0.,5.343750000682));
#2270 = CARTESIAN_POINT('',(-1.5206329375,0.877937835804,5.302083334016)
  );
#2271 = CARTESIAN_POINT('',(-0.76031646875,1.316906753706,5.260416667349
    ));
#2272 = CARTESIAN_POINT('',(-1.075163760468E-16,1.755875671608,
    5.218750000682));
#2273 = CARTESIAN_POINT('',(0.76031646875,1.316906753706,5.177083334016)
  );
#2274 = CARTESIAN_POINT('',(1.5206329375,0.877937835804,5.135416667349)
  );
#2275 = CARTESIAN_POINT('',(1.5206329375,1.862238259587E-16,
    5.093750000682));
#2276 = CARTESIAN_POINT('',(1.5206329375,-0.877937835804,5.052083334016)
  );
#2277 = CARTESIAN_POINT('',(0.76031646875,-1.316906753706,5.010416667349
    ));
#2278 = CARTESIAN_POINT('',(3.225491281404E-16,-1.755875671608,
    4.968750000682));
#2279 = CARTESIAN_POINT('',(-0.760316468749,-1.316906753706,
    4.927083334016));
#2280 = CARTESIAN_POINT('',(-1.5206329375,-0.877937835804,4.885416667349
    ));
#2281 = CARTESIAN_POINT('',(-1.5206329375,0.,4.843750000682));
#2282 = CARTESIAN_POINT('',(-1.5206329375,0.877937835804,4.802083334016)
  );
#2283 = CARTESIAN_POINT('',(-0.76031646875,1.316906753706,4.760416667349
    ));
#2284 = CARTESIAN_POINT('',(-1.075163760468E-16,1.755875671608,
    4.718750000682));
#2285 = CARTESIAN_POINT('',(0.76031646875,1.316906753706,4.677083334016)
  );
#2286 = CARTESIAN_POINT('',(1.5206329375,0.877937835804,4.635416667349)
  );
#2287 = CARTESIAN_POINT('',(1.5206329375,1.862238259587E-16,
    4.593750000682));
#2288 = CARTESIAN_POINT('',(1.5206329375,-0.877937835804,4.552083334016)
  );
#2289 = CARTESIAN_POINT('',(0.76031646875,-1.316906753706,4.510416667349
    ));
#2290 = CARTESIAN_POINT('',(3.225491281404E-16,-1.755875671608,
    4.468750000682));
#2291 = CARTESIAN_POINT('',(-0.760316468749,-1.316906753706,
    4.427083334016));
#2292 = CARTESIAN_POINT('',(-1.5206329375,-0.877937835804,4.385416667349
    ));
#2293 = CARTESIAN_POINT('',(-1.5206329375,0.,4.343750000682));
#2294 = CARTESIAN_POINT('',(-1.5206329375,0.877937835804,4.302083334016)
  );
#2295 = CARTESIAN_POINT('',(-0.76031646875,1.316906753706,4.260416667349
    ));
#2296 = CARTESIAN_POINT('',(-1.075163760468E-16,1.755875671608,
    4.218750000682));
#2297 = CARTESIAN_POINT('',(0.76031646875,1.316906753706,4.177083334016)
  );
#2298 = CARTESIAN_POINT('',(1.5206329375,0.877937835804,4.135416667349)
  );
#2299 = CARTESIAN_POINT('',(1.5206329375,1.862238259587E-16,
    4.093750000682));
#2300 = CARTESIAN_POINT('',(1.5206329375,-0.877937835804,4.052083334016)
  );
#2301 = CARTESIAN_POINT('',(0.76031646875,-1.316906753706,4.010416667349
    ));
#2302 = CARTESIAN_POINT('',(3.225491281404E-16,-1.755875671608,
    3.968750000682));
#2303 = CARTESIAN_POINT('',(-0.760316468749,-1.316906753706,
    3.927083334016));
#2304 = CARTESIAN_POINT('',(-1.5206329375,-0.877937835804,3.885416667349
    ));
#2305 = CARTESIAN_POINT('',(-1.5206329375,0.,3.843750000682));
#2306 = CARTESIAN_POINT('',(-1.5206329375,0.877937835804,3.802083334016)
  );
#2307 = CARTESIAN_POINT('',(-0.76031646875,1.316906753706,3.760416667349
    ));
#2308 = CARTESIAN_POINT('',(-1.075163760468E-16,1.755875671608,
    3.718750000682));
#2309 = CARTESIAN_POINT('',(0.76031646875,1.316906753706,3.677083334016)
  );
#2310 = CARTESIAN_POINT('',(1.5206329375,0.877937835804,3.635416667349)
  );
#2311 = CARTESIAN_POINT('',(1.5206329375,1.862238259587E-16,
    3.593750000682));
#2312 = CARTESIAN_POINT('',(1.5206329375,-0.877937835804,3.552083334016)
  );
#2313 = CARTESIAN_POINT('',(0.76031646875,-1.316906753706,3.510416667349
    ));
#2314 = CARTESIAN_POINT('',(3.225491281404E-16,-1.755875671608,
    3.468750000682));
#2315 = CARTESIAN_POINT('',(-0.760316468749,-1.316906753706,
    3.427083334016));
#2316 = CARTESIAN_POINT('',(-1.5206329375,-0.877937835804,3.385416667349
    ));
#2317 = CARTESIAN_POINT('',(-1.5206329375,0.,3.343750000682));
#2318 = CARTESIAN_POINT('',(-1.5206329375,0.877937835804,3.302083334016)
  );
#2319 = CARTESIAN_POINT('',(-0.76031646875,1.316906753706,3.260416667349
    ));
#2320 = CARTESIAN_POINT('',(-1.075163760468E-16,1.755875671608,
    3.218750000682));
#2321 = CARTESIAN_POINT('',(0.76031646875,1.316906753706,3.177083334016)
  );
#2322 = CARTESIAN_POINT('',(1.5206329375,0.877937835804,3.135416667349)
  );
#2323 = CARTESIAN_POINT('',(1.5206329375,1.862238259587E-16,
    3.093750000682));
#2324 = CARTESIAN_POINT('',(1.5206329375,-0.877937835804,3.052083334016)
  );
#2325 = CARTESIAN_POINT('',(0.76031646875,-1.316906753706,3.010416667349
    ));
#2326 = CARTESIAN_POINT('',(3.225491281404E-16,-1.755875671608,
    2.968750000682));
#2327 = CARTESIAN_POINT('',(-0.760316468749,-1.316906753706,
    2.927083334016));
#2328 = CARTESIAN_POINT('',(-1.5206329375,-0.877937835804,2.885416667349
    ));
#2329 = CARTESIAN_POINT('',(-1.5206329375,0.,2.843750000682));
#2330 = CARTESIAN_POINT('',(-1.5206329375,0.877937835804,2.802083334016)
  );
#2331 = CARTESIAN_POINT('',(-0.76031646875,1.316906753706,2.760416667349
    ));
#2332 = CARTESIAN_POINT('',(-1.075163760468E-16,1.755875671608,
    2.718750000682));
#2333 = CARTESIAN_POINT('',(0.76031646875,1.316906753706,2.677083334016)
  );
#2334 = CARTESIAN_POINT('',(1.5206329375,0.877937835804,2.635416667349)
  );
#2335 = CARTESIAN_POINT('',(1.5206329375,1.862238259587E-16,
    2.593750000682));
#2336 = CARTESIAN_POINT('',(1.5206329375,-0.877937835804,2.552083334016)
  );
#2337 = CARTESIAN_POINT('',(0.76031646875,-1.316906753706,2.510416667349
    ));
#2338 = CARTESIAN_POINT('',(3.225491281404E-16,-1.755875671608,
    2.468750000682));
#2339 = CARTESIAN_POINT('',(-0.760316468749,-1.316906753706,
    2.427083334016));
#2340 = CARTESIAN_POINT('',(-1.5206329375,-0.877937835804,2.385416667349
    ));
#2341 = CARTESIAN_POINT('',(-1.5206329375,0.,2.343750000682));
#2342 = CARTESIAN_POINT('',(-1.5206329375,0.877937835804,2.302083334016)
  );
#2343 = CARTESIAN_POINT('',(-0.76031646875,1.316906753706,2.260416667349
    ));
#2344 = CARTESIAN_POINT('',(-1.075163760468E-16,1.755875671608,
    2.218750000682));
#2345 = CARTESIAN_POINT('',(0.76031646875,1.316906753706,2.177083334016)
  );
#2346 = CARTESIAN_POINT('',(1.5206329375,0.877937835804,2.135416667349)
  );
#2347 = CARTESIAN_POINT('',(1.5206329375,1.862238259587E-16,
    2.093750000682));
#2348 = CARTESIAN_POINT('',(1.5206329375,-0.877937835804,2.052083334016)
  );
#2349 = CARTESIAN_POINT('',(0.76031646875,-1.316906753706,2.010416667349
    ));
#2350 = CARTESIAN_POINT('',(3.225491281404E-16,-1.755875671608,
    1.968750000682));
#2351 = CARTESIAN_POINT('',(-0.760316468749,-1.316906753706,
    1.927083334016));
#2352 = CARTESIAN_POINT('',(-1.5206329375,-0.877937835804,1.885416667349
    ));
#2353 = CARTESIAN_POINT('',(-1.5206329375,0.,1.843750000682));
#2354 = CARTESIAN_POINT('',(-1.5206329375,0.877937835804,1.802083334016)
  );
#2355 = CARTESIAN_POINT('',(-0.76031646875,1.316906753706,1.760416667349
    ));
#2356 = CARTESIAN_POINT('',(-1.075163760468E-16,1.755875671608,
    1.718750000682));
#2357 = CARTESIAN_POINT('',(0.76031646875,1.316906753706,1.677083334016)
  );
#2358 = CARTESIAN_POINT('',(1.5206329375,0.877937835804,1.635416667349)
  );
#2359 = CARTESIAN_POINT('',(1.5206329375,1.862238259587E-16,
    1.593750000682));
#2360 = CARTESIAN_POINT('',(1.5206329375,-0.877937835804,1.552083334016)
  );
#2361 = CARTESIAN_POINT('',(0.76031646875,-1.316906753706,1.510416667349
    ));
#2362 = CARTESIAN_POINT('',(3.225491281404E-16,-1.755875671608,
    1.468750000682));
#2363 = CARTESIAN_POINT('',(-0.760316468749,-1.316906753706,
    1.427083334016));
#2364 = CARTESIAN_POINT('',(-1.5206329375,-0.877937835804,1.385416667349
    ));
#2365 = CARTESIAN_POINT('',(-1.5206329375,0.,1.343750000682));
#2366 = CARTESIAN_POINT('',(-1.5206329375,0.877937835804,1.302083334016)
  );
#2367 = CARTESIAN_POINT('',(-0.76031646875,1.316906753706,1.260416667349
    ));
#2368 = CARTESIAN_POINT('',(-1.075163760468E-16,1.755875671608,
    1.218750000682));
#2369 = CARTESIAN_POINT('',(0.76031646875,1.316906753706,1.177083334016)
  );
#2370 = CARTESIAN_POINT('',(1.5206329375,0.877937835804,1.135416667349)
  );
#2371 = CARTESIAN_POINT('',(1.5206329375,1.862238259587E-16,
    1.093750000682));
#2372 = CARTESIAN_POINT('',(1.5206329375,-0.877937835804,1.052083334016)
  );
#2373 = CARTESIAN_POINT('',(0.76031646875,-1.316906753706,1.010416667349
    ));
#2374 = CARTESIAN_POINT('',(3.225491281404E-16,-1.755875671608,
    0.968750000682));
#2375 = CARTESIAN_POINT('',(-0.760316468749,-1.316906753706,
    0.927083334016));
#2376 = CARTESIAN_POINT('',(-1.5206329375,-0.877937835804,0.885416667349
    ));
#2377 = CARTESIAN_POINT('',(-1.5206329375,0.,0.843750000682));
#2378 = CARTESIAN_POINT('',(-1.5206329375,0.877937835804,0.802083334016)
  );
#2379 = CARTESIAN_POINT('',(-0.76031646875,1.316906753706,0.760416667349
    ));
#2380 = CARTESIAN_POINT('',(-1.075163760468E-16,1.755875671608,
    0.718750000682));
#2381 = CARTESIAN_POINT('',(0.76031646875,1.316906753706,0.677083334016)
  );
#2382 = CARTESIAN_POINT('',(1.5206329375,0.877937835804,0.635416667349)
  );
#2383 = CARTESIAN_POINT('',(1.5206329375,1.862238259587E-16,
    0.593750000682));
#2384 = CARTESIAN_POINT('',(1.5206329375,-0.877937835804,0.552083334016)
  );
#2385 = CARTESIAN_POINT('',(0.76031646875,-1.316906753706,0.510416667349
    ));
#2386 = CARTESIAN_POINT('',(3.225491281404E-16,-1.755875671608,
    0.468750000682));
#2387 = CARTESIAN_POINT('',(-0.760316468749,-1.316906753706,
    0.427083334016));
#2388 = CARTESIAN_POINT('',(-1.5206329375,-0.877937835804,0.385416667349
    ));
#2389 = CARTESIAN_POINT('',(-1.5206329375,0.,0.343750000682));
#2390 = CARTESIAN_POINT('',(-1.5206329375,0.877937835804,0.302083334016)
  );
#2391 = CARTESIAN_POINT('',(-0.76031646875,1.316906753706,0.260416667349
    ));
#2392 = CARTESIAN_POINT('',(-1.075163760468E-16,1.755875671608,
    0.218750000682));
#2393 = CARTESIAN_POINT('',(0.76031646875,1.316906753706,0.177083334016)
  );
#2394 = CARTESIAN_POINT('',(1.5206329375,0.877937835804,0.135416667349)
  );
#2395 = CARTESIAN_POINT('',(1.5206329375,1.862238259587E-16,
    9.3750000682E-02));
#2396 = CARTESIAN_POINT('',(1.5206329375,-0.877937835804,
    5.2083334016E-02));
#2397 = CARTESIAN_POINT('',(0.76031646875,-1.316906753706,
    1.0416667349E-02));
#2398 = CARTESIAN_POINT('',(3.225491281404E-16,-1.755875671608,
    -3.1249999317E-02));
#2399 = CARTESIAN_POINT('',(-0.760316468749,-1.316906753706,
    -7.2916665983E-02));
#2400 = CARTESIAN_POINT('',(-1.5206329375,-0.877937835804,-0.11458333265
    ));
#2401 = CARTESIAN_POINT('',(-1.5206329375,0.,-0.156249999317));
#2402 = CARTESIAN_POINT('',(-1.5206329375,0.877937835804,-0.197916665983
    ));
#2403 = CARTESIAN_POINT('',(-0.76031646875,1.316906753706,-0.23958333265
    ));
#2404 = CARTESIAN_POINT('',(-1.075163760468E-16,1.755875671608,
    -0.281249999317));
#2405 = CARTESIAN_POINT('',(0.76031646875,1.316906753706,-0.322916665983
    ));
#2406 = CARTESIAN_POINT('',(1.5206329375,0.877937835804,-0.36458333265)
  );
#2407 = CARTESIAN_POINT('',(1.5206329375,1.862238259587E-16,
    -0.406249999317));
#2408 = CARTESIAN_POINT('',(1.5206329375,-0.877937835804,-0.447916665983
    ));
#2409 = CARTESIAN_POINT('',(0.76031646875,-1.316906753706,-0.48958333265
    ));
#2410 = CARTESIAN_POINT('',(3.225491281404E-16,-1.755875671608,
    -0.531249999317));
#2411 = CARTESIAN_POINT('',(-0.760316468749,-1.316906753706,
    -0.572916665983));
#2412 = CARTESIAN_POINT('',(-1.5206329375,-0.877937835804,-0.61458333265
    ));
#2413 = CARTESIAN_POINT('',(-1.5206329375,0.,-0.656249999317));
#2414 = CARTESIAN_POINT('',(-1.5206329375,0.877937835804,-0.697916665983
    ));
#2415 = CARTESIAN_POINT('',(-0.76031646875,1.316906753706,-0.73958333265
    ));
#2416 = CARTESIAN_POINT('',(-1.075163760468E-16,1.755875671608,
    -0.781249999317));
#2417 = CARTESIAN_POINT('',(0.76031646875,1.316906753706,-0.822916665983
    ));
#2418 = CARTESIAN_POINT('',(1.5206329375,0.877937835804,-0.86458333265)
  );
#2419 = CARTESIAN_POINT('',(1.5206329375,1.862238259587E-16,
    -0.906249999317));
#2420 = CARTESIAN_POINT('',(1.5206329375,-0.877937835804,-0.947916665983
    ));
#2421 = CARTESIAN_POINT('',(0.76031646875,-1.316906753706,-0.98958333265
    ));
#2422 = CARTESIAN_POINT('',(3.225491281404E-16,-1.755875671608,
    -1.031249999317));
#2423 = CARTESIAN_POINT('',(-0.760316468749,-1.316906753706,
    -1.072916665983));
#2424 = CARTESIAN_POINT('',(-1.5206329375,-0.877937835804,-1.11458333265
    ));
#2425 = CARTESIAN_POINT('',(-1.5206329375,0.,-1.156249999317));
#2426 = CARTESIAN_POINT('',(-1.5206329375,0.877937835804,-1.197916665983
    ));
#2427 = CARTESIAN_POINT('',(-0.76031646875,1.316906753706,-1.23958333265
    ));
#2428 = CARTESIAN_POINT('',(-0.235591049618,1.619857115692,
    -1.268339199489));
#2429 = CARTESIAN_POINT('',(0.353692010714,1.47892748036,-1.3006329375)
  );
#2430 = ORIENTED_EDGE('',*,*,#126,.F.);
#2431 = ( BOUNDED_SURFACE() B_SPLINE_SURFACE(1,2,(
    (#2432,#2433,#2434,#2435,#2436,#2437,#2438,#2439,#2440,#2441,#2442
      ,#2443,#2444,#2445,#2446,#2447,#2448,#2449,#2450,#2451,#2452,#2453
      ,#2454,#2455,#2456,#2457,#2458,#2459,#2460,#2461,#2462,#2463,#2464
      ,#2465,#2466,#2467,#2468,#2469,#2470,#2471,#2472,#2473,#2474,#2475
      ,#2476,#2477,#2478,#2479,#2480,#2481,#2482,#2483,#2484,#2485,#2486
      ,#2487,#2488,#2489,#2490,#2491,#2492,#2493,#2494,#2495,#2496,#2497
      ,#2498,#2499,#2500,#2501,#2502,#2503,#2504,#2505,#2506,#2507,#2508
      ,#2509,#2510,#2511,#2512,#2513,#2514,#2515,#2516,#2517,#2518,#2519
      ,#2520,#2521,#2522,#2523,#2524,#2525,#2526,#2527,#2528,#2529,#2530
      ,#2531,#2532,#2533,#2534,#2535,#2536,#2537,#2538,#2539,#2540,#2541
      ,#2542,#2543,#2544,#2545,#2546,#2547,#2548,#2549,#2550,#2551,#2552
      ,#2553,#2554,#2555,#2556,#2557,#2558,#2559,#2560,#2561,#2562,#2563
      ,#2564,#2565,#2566,#2567,#2568,#2569,#2570,#2571,#2572,#2573,#2574
      ,#2575,#2576,#2577,#2578,#2579,#2580,#2581,#2582,#2583,#2584,#2585
      ,#2586,#2587,#2588,#2589,#2590,#2591,#2592,#2593,#2594,#2595,#2596
      ,#2597,#2598,#2599,#2600,#2601,#2602,#2603,#2604,#2605,#2606,#2607
      ,#2608,#2609,#2610,#2611,#2612,#2613,#2614,#2615,#2616,#2617,#2618
      ,#2619,#2620,#2621,#2622,#2623,#2624,#2625,#2626,#2627,#2628,#2629
      ,#2630,#2631,#2632,#2633,#2634,#2635,#2636,#2637,#2638,#2639,#2640
      ,#2641,#2642,#2643,#2644,#2645,#2646,#2647,#2648,#2649,#2650,#2651
      ,#2652,#2653,#2654,#2655,#2656,#2657,#2658,#2659,#2660,#2661,#2662
      ,#2663,#2664,#2665,#2666,#2667,#2668,#2669,#2670,#2671,#2672,#2673
      ,#2674,#2675,#2676,#2677,#2678,#2679,#2680,#2681,#2682,#2683,#2684
      ,#2685,#2686,#2687,#2688,#2689,#2690,#2691,#2692,#2693,#2694,#2695
      ,#2696)
    ,(#2697,#2698,#2699,#2700,#2701,#2702,#2703,#2704,#2705,#2706,#2707
      ,#2708,#2709,#2710,#2711,#2712,#2713,#2714,#2715,#2716,#2717,#2718
      ,#2719,#2720,#2721,#2722,#2723,#2724,#2725,#2726,#2727,#2728,#2729
      ,#2730,#2731,#2732,#2733,#2734,#2735,#2736,#2737,#2738,#2739,#2740
      ,#2741,#2742,#2743,#2744,#2745,#2746,#2747,#2748,#2749,#2750,#2751
      ,#2752,#2753,#2754,#2755,#2756,#2757,#2758,#2759,#2760,#2761,#2762
      ,#2763,#2764,#2765,#2766,#2767,#2768,#2769,#2770,#2771,#2772,#2773
      ,#2774,#2775,#2776,#2777,#2778,#2779,#2780,#2781,#2782,#2783,#2784
      ,#2785,#2786,#2787,#2788,#2789,#2790,#2791,#2792,#2793,#2794,#2795
      ,#2796,#2797,#2798,#2799,#2800,#2801,#2802,#2803,#2804,#2805,#2806
      ,#2807,#2808,#2809,#2810,#2811,#2812,#2813,#2814,#2815,#2816,#2817
      ,#2818,#2819,#2820,#2821,#2822,#2823,#2824,#2825,#2826,#2827,#2828
      ,#2829,#2830,#2831,#2832,#2833,#2834,#2835,#2836,#2837,#2838,#2839
      ,#2840,#2841,#2842,#2843,#2844,#2845,#2846,#2847,#2848,#2849,#2850
      ,#2851,#2852,#2853,#2854,#2855,#2856,#2857,#2858,#2859,#2860,#2861
      ,#2862,#2863,#2864,#2865,#2866,#2867,#2868,#2869,#2870,#2871,#2872
      ,#2873,#2874,#2875,#2876,#2877,#2878,#2879,#2880,#2881,#2882,#2883
      ,#2884,#2885,#2886,#2887,#2888,#2889,#2890,#2891,#2892,#2893,#2894
      ,#2895,#2896,#2897,#2898,#2899,#2900,#2901,#2902,#2903,#2904,#2905
      ,#2906,#2907,#2908,#2909,#2910,#2911,#2912,#2913,#2914,#2915,#2916
      ,#2917,#2918,#2919,#2920,#2921,#2922,#2923,#2924,#2925,#2926,#2927
      ,#2928,#2929,#2930,#2931,#2932,#2933,#2934,#2935,#2936,#2937,#2938
      ,#2939,#2940,#2941,#2942,#2943,#2944,#2945,#2946,#2947,#2948,#2949
      ,#2950,#2951,#2952,#2953,#2954,#2955,#2956,#2957,#2958,#2959,#2960
,#2961
    )),.UNSPECIFIED.,.F.,.F.,.F.) B_SPLINE_SURFACE_WITH_KNOTS((2,2),(3,2
    ,2,2,2,2,2,2,2,2,2,2,2,2,2,2,2,2,2,2,2,2,2,2,2,2,2,2,2,2,2,2,2,2,2,2
    ,2,2,2,2,2,2,2,2,2,2,2,2,2,2,2,2,2,2,2,2,2,2,2,2,2,2,2,2,2,2,2,2,2,2
    ,2,2,2,2,2,2,2,2,2,2,2,2,2,2,2,2,2,2,2,2,2,2,2,2,2,2,2,2,2,2,2,2,2,2
    ,2,2,2,2,2,2,2,2,2,2,2,2,2,2,2,2,2,2,2,2,2,2,2,2,2,2,2,2,3),(0.,1.),
  (0.,7.575757575E-03,1.5151515151E-02,2.2727272727E-02,3.0303030303E-02
    ,3.7878787878E-02,4.5454545454E-02,5.303030303E-02,6.0606060606E-02,
    6.8181818181E-02,7.5757575757E-02,8.3333333333E-02,9.0909090909E-02,
    9.8484848484E-02,0.10606060606,0.113636363636,0.121212121212,
    0.128787878787,0.136363636363,0.143939393939,0.151515151515,
    0.15909090909,0.166666666666,0.174242424242,0.181818181818,
    0.189393939393,0.196969696969,0.204545454545,0.212121212121,
    0.219696969696,0.227272727272,0.234848484848,0.242424242424,0.25,
    0.257575757575,0.265151515151,0.272727272727,0.280303030303,
    0.287878787878,0.295454545454,0.30303030303,0.310606060606,
    0.318181818181,0.325757575757,0.333333333333,0.340909090909,
    0.348484848484,0.35606060606,0.363636363636,0.371212121212,
    0.378787878787,0.386363636363,0.393939393939,0.401515151515,
    0.40909090909,0.416666666666,0.424242424242,0.431818181818,
    0.439393939393,0.446969696969,0.454545454545,0.462121212121,
    0.469696969696,0.477272727272,0.484848484848,0.492424242424,0.5,
    0.507575757575,0.515151515151,0.522727272727,0.530303030303,
    0.537878787878,0.545454545454,0.55303030303,0.560606060606,
    0.568181818181,0.575757575757,0.583333333333,0.590909090909,
    0.598484848484,0.60606060606,0.613636363636,0.621212121212,
    0.628787878787,0.636363636363,0.643939393939,0.651515151515,
    0.65909090909,0.666666666666,0.674242424242,0.681818181818,
    0.689393939393,0.696969696969,0.704545454545,0.712121212121,
    0.719696969696,0.727272727272,0.734848484848,0.742424242424,0.75,
    0.757575757575,0.765151515151,0.772727272727,0.780303030303,
    0.787878787878,0.795454545454,0.80303030303,0.810606060606,
    0.818181818181,0.825757575757,0.833333333333,0.840909090909,
    0.848484848484,0.85606060606,0.863636363636,0.871212121212,
    0.878787878787,0.886363636363,0.893939393939,0.901515151515,
    0.90909090909,0.916666666666,0.924242424242,0.931818181818,
    0.939393939393,0.946969696969,0.954545454545,0.962121212121,
    0.969696969696,0.977272727272,0.984848484848,0.992424242424,1.),
.UNSPECIFIED.) GEOMETRIC_REPRESENTATION_ITEM() RATIONAL_B_SPLINE_SURFACE
((
    (1.,0.866025403784,1.,0.866025403784,1.,0.866025403784,1.
      ,0.866025403784,1.,0.866025403784,1.,0.866025403784,1.
      ,0.866025403784,1.,0.866025403784,1.,0.866025403784,1.
      ,0.866025403784,1.,0.866025403784,1.,0.866025403784,1.
      ,0.866025403784,1.,0.866025403784,1.,0.866025403784,1.
      ,0.866025403784,1.,0.866025403784,1.,0.866025403784,1.
      ,0.866025403784,1.,0.866025403784,1.,0.866025403784,1.
      ,0.866025403784,1.,0.866025403784,1.,0.866025403784,1.
      ,0.866025403784,1.,0.866025403784,1.,0.866025403784,1.
      ,0.866025403784,1.,0.866025403784,1.,0.866025403784,1.
      ,0.866025403784,1.,0.866025403784,1.,0.866025403784,1.
      ,0.866025403784,1.,0.866025403784,1.,0.866025403784,1.
      ,0.866025403784,1.,0.866025403784,1.,0.866025403784,1.
      ,0.866025403784,1.,0.866025403784,1.,0.866025403784,1.
      ,0.866025403784,1.,0.866025403784,1.,0.866025403784,1.
      ,0.866025403784,1.,0.866025403784,1.,0.866025403784,1.
      ,0.866025403784,1.,0.866025403784,1.,0.866025403784,1.
      ,0.866025403784,1.,0.866025403784,1.,0.866025403784,1.
      ,0.866025403784,1.,0.866025403784,1.,0.866025403784,1.
      ,0.866025403784,1.,0.866025403784,1.,0.866025403784,1.
      ,0.866025403784,1.,0.866025403784,1.,0.866025403784,1.
      ,0.866025403784,1.,0.866025403784,1.,0.866025403784,1.
      ,0.866025403784,1.,0.866025403784,1.,0.866025403784,1.
      ,0.866025403784,1.,0.866025403784,1.,0.866025403784,1.
      ,0.866025403784,1.,0.866025403784,1.,0.866025403784,1.
      ,0.866025403784,1.,0.866025403784,1.,0.866025403784,1.
      ,0.866025403784,1.,0.866025403784,1.,0.866025403784,1.
      ,0.866025403784,1.,0.866025403784,1.,0.866025403784,1.
      ,0.866025403784,1.,0.866025403784,1.,0.866025403784,1.
      ,0.866025403784,1.,0.866025403784,1.,0.866025403784,1.
      ,0.866025403784,1.,0.866025403784,1.,0.866025403784,1.
      ,0.866025403784,1.,0.866025403784,1.,0.866025403784,1.
      ,0.866025403784,1.,0.866025403784,1.,0.866025403784,1.
      ,0.866025403784,1.,0.866025403784,1.,0.866025403784,1.
      ,0.866025403784,1.,0.866025403784,1.,0.866025403784,1.
      ,0.866025403784,1.,0.866025403784,1.,0.866025403784,1.
      ,0.866025403784,1.,0.866025403784,1.,0.866025403784,1.
      ,0.866025403784,1.,0.866025403784,1.,0.866025403784,1.
      ,0.866025403784,1.,0.866025403784,1.,0.866025403784,1.
      ,0.866025403784,1.,0.866025403784,1.,0.866025403784,1.
      ,0.866025403784,1.,0.866025403784,1.,0.866025403784,1.
      ,0.866025403784,1.,0.866025403784,1.,0.866025403784,1.
      ,0.866025403784,1.,0.866025403784,1.,0.866025403784,1.
      ,0.866025403784,1.,0.866025403784,1.,0.866025403784,1.)
    ,(1.,0.866025403784,1.,0.866025403784,1.,0.866025403784,1.
      ,0.866025403784,1.,0.866025403784,1.,0.866025403784,1.
      ,0.866025403784,1.,0.866025403784,1.,0.866025403784,1.
      ,0.866025403784,1.,0.866025403784,1.,0.866025403784,1.
      ,0.866025403784,1.,0.866025403784,1.,0.866025403784,1.
      ,0.866025403784,1.,0.866025403784,1.,0.866025403784,1.
      ,0.866025403784,1.,0.866025403784,1.,0.866025403784,1.
      ,0.866025403784,1.,0.866025403784,1.,0.866025403784,1.
      ,0.866025403784,1.,0.866025403784,1.,0.866025403784,1.
      ,0.866025403784,1.,0.866025403784,1.,0.866025403784,1.
      ,0.866025403784,1.,0.866025403784,1.,0.866025403784,1.
      ,0.866025403784,1.,0.866025403784,1.,0.866025403784,1.
      ,0.866025403784,1.,0.866025403784,1.,0.866025403784,1.
      ,0.866025403784,1.,0.866025403784,1.,0.866025403784,1.
      ,0.866025403784,1.,0.866025403784,1.,0.866025403784,1.
      ,0.866025403784,1.,0.866025403784,1.,0.866025403784,1.
      ,0.866025403784,1.,0.866025403784,1.,0.866025403784,1.
      ,0.866025403784,1.,0.866025403784,1.,0.866025403784,1.
      ,0.866025403784,1.,0.866025403784,1.,0.866025403784,1.
      ,0.866025403784,1.,0.866025403784,1.,0.866025403784,1.
      ,0.866025403784,1.,0.866025403784,1.,0.866025403784,1.
      ,0.866025403784,1.,0.866025403784,1.,0.866025403784,1.
      ,0.866025403784,1.,0.866025403784,1.,0.866025403784,1.
      ,0.866025403784,1.,0.866025403784,1.,0.866025403784,1.
      ,0.866025403784,1.,0.866025403784,1.,0.866025403784,1.
      ,0.866025403784,1.,0.866025403784,1.,0.866025403784,1.
      ,0.866025403784,1.,0.866025403784,1.,0.866025403784,1.
      ,0.866025403784,1.,0.866025403784,1.,0.866025403784,1.
      ,0.866025403784,1.,0.866025403784,1.,0.866025403784,1.
      ,0.866025403784,1.,0.866025403784,1.,0.866025403784,1.
      ,0.866025403784,1.,0.866025403784,1.,0.866025403784,1.
      ,0.866025403784,1.,0.866025403784,1.,0.866025403784,1.
      ,0.866025403784,1.,0.866025403784,1.,0.866025403784,1.
      ,0.866025403784,1.,0.866025403784,1.,0.866025403784,1.
      ,0.866025403784,1.,0.866025403784,1.,0.866025403784,1.
      ,0.866025403784,1.,0.866025403784,1.,0.866025403784,1.
      ,0.866025403784,1.,0.866025403784,1.,0.866025403784,1.
      ,0.866025403784,1.,0.866025403784,1.,0.866025403784,1.
      ,0.866025403784,1.,0.866025403784,1.,0.866025403784,1.
      ,0.866025403784,1.,0.866025403784,1.,0.866025403784,1.
      ,0.866025403784,1.,0.866025403784,1.,0.866025403784,1.
      ,0.866025403784,1.,0.866025403784,1.,0.866025403784,1.
      ,0.866025403784,1.,0.866025403784,1.,0.866025403784,1.
      ,0.866025403784,1.,0.866025403784,1.,0.866025403784,1.
))) REPRESENTATION_ITEM('') SURFACE() );
#2432 = CARTESIAN_POINT('',(-1.5206329375,0.,8.343750000682));
#2433 = CARTESIAN_POINT('',(-1.5206329375,0.877937835804,8.302083334016)
  );
#2434 = CARTESIAN_POINT('',(-0.76031646875,1.316906753706,8.260416667349
    ));
#2435 = CARTESIAN_POINT('',(-1.075163760468E-16,1.755875671608,
    8.218750000682));
#2436 = CARTESIAN_POINT('',(0.76031646875,1.316906753706,8.177083334016)
  );
#2437 = CARTESIAN_POINT('',(1.5206329375,0.877937835804,8.135416667349)
  );
#2438 = CARTESIAN_POINT('',(1.5206329375,1.862238259587E-16,
    8.093750000682));
#2439 = CARTESIAN_POINT('',(1.5206329375,-0.877937835804,8.052083334016)
  );
#2440 = CARTESIAN_POINT('',(0.76031646875,-1.316906753706,8.010416667349
    ));
#2441 = CARTESIAN_POINT('',(3.225491281404E-16,-1.755875671608,
    7.968750000682));
#2442 = CARTESIAN_POINT('',(-0.760316468749,-1.316906753706,
    7.927083334016));
#2443 = CARTESIAN_POINT('',(-1.5206329375,-0.877937835804,7.885416667349
    ));
#2444 = CARTESIAN_POINT('',(-1.5206329375,0.,7.843750000682));
#2445 = CARTESIAN_POINT('',(-1.5206329375,0.877937835804,7.802083334016)
  );
#2446 = CARTESIAN_POINT('',(-0.76031646875,1.316906753706,7.760416667349
    ));
#2447 = CARTESIAN_POINT('',(-1.075163760468E-16,1.755875671608,
    7.718750000682));
#2448 = CARTESIAN_POINT('',(0.76031646875,1.316906753706,7.677083334016)
  );
#2449 = CARTESIAN_POINT('',(1.5206329375,0.877937835804,7.635416667349)
  );
#2450 = CARTESIAN_POINT('',(1.5206329375,1.862238259587E-16,
    7.593750000682));
#2451 = CARTESIAN_POINT('',(1.5206329375,-0.877937835804,7.552083334016)
  );
#2452 = CARTESIAN_POINT('',(0.76031646875,-1.316906753706,7.510416667349
    ));
#2453 = CARTESIAN_POINT('',(3.225491281404E-16,-1.755875671608,
    7.468750000682));
#2454 = CARTESIAN_POINT('',(-0.760316468749,-1.316906753706,
    7.427083334016));
#2455 = CARTESIAN_POINT('',(-1.5206329375,-0.877937835804,7.385416667349
    ));
#2456 = CARTESIAN_POINT('',(-1.5206329375,0.,7.343750000682));
#2457 = CARTESIAN_POINT('',(-1.5206329375,0.877937835804,7.302083334016)
  );
#2458 = CARTESIAN_POINT('',(-0.76031646875,1.316906753706,7.260416667349
    ));
#2459 = CARTESIAN_POINT('',(-1.075163760468E-16,1.755875671608,
    7.218750000682));
#2460 = CARTESIAN_POINT('',(0.76031646875,1.316906753706,7.177083334016)
  );
#2461 = CARTESIAN_POINT('',(1.5206329375,0.877937835804,7.135416667349)
  );
#2462 = CARTESIAN_POINT('',(1.5206329375,1.862238259587E-16,
    7.093750000682));
#2463 = CARTESIAN_POINT('',(1.5206329375,-0.877937835804,7.052083334016)
  );
#2464 = CARTESIAN_POINT('',(0.76031646875,-1.316906753706,7.010416667349
    ));
#2465 = CARTESIAN_POINT('',(3.225491281404E-16,-1.755875671608,
    6.968750000682));
#2466 = CARTESIAN_POINT('',(-0.760316468749,-1.316906753706,
    6.927083334016));
#2467 = CARTESIAN_POINT('',(-1.5206329375,-0.877937835804,6.885416667349
    ));
#2468 = CARTESIAN_POINT('',(-1.5206329375,0.,6.843750000682));
#2469 = CARTESIAN_POINT('',(-1.5206329375,0.877937835804,6.802083334016)
  );
#2470 = CARTESIAN_POINT('',(-0.76031646875,1.316906753706,6.760416667349
    ));
#2471 = CARTESIAN_POINT('',(-1.075163760468E-16,1.755875671608,
    6.718750000682));
#2472 = CARTESIAN_POINT('',(0.76031646875,1.316906753706,6.677083334016)
  );
#2473 = CARTESIAN_POINT('',(1.5206329375,0.877937835804,6.635416667349)
  );
#2474 = CARTESIAN_POINT('',(1.5206329375,1.862238259587E-16,
    6.593750000682));
#2475 = CARTESIAN_POINT('',(1.5206329375,-0.877937835804,6.552083334016)
  );
#2476 = CARTESIAN_POINT('',(0.76031646875,-1.316906753706,6.510416667349
    ));
#2477 = CARTESIAN_POINT('',(3.225491281404E-16,-1.755875671608,
    6.468750000682));
#2478 = CARTESIAN_POINT('',(-0.760316468749,-1.316906753706,
    6.427083334016));
#2479 = CARTESIAN_POINT('',(-1.5206329375,-0.877937835804,6.385416667349
    ));
#2480 = CARTESIAN_POINT('',(-1.5206329375,0.,6.343750000682));
#2481 = CARTESIAN_POINT('',(-1.5206329375,0.877937835804,6.302083334016)
  );
#2482 = CARTESIAN_POINT('',(-0.76031646875,1.316906753706,6.260416667349
    ));
#2483 = CARTESIAN_POINT('',(-1.075163760468E-16,1.755875671608,
    6.218750000682));
#2484 = CARTESIAN_POINT('',(0.76031646875,1.316906753706,6.177083334016)
  );
#2485 = CARTESIAN_POINT('',(1.5206329375,0.877937835804,6.135416667349)
  );
#2486 = CARTESIAN_POINT('',(1.5206329375,1.862238259587E-16,
    6.093750000682));
#2487 = CARTESIAN_POINT('',(1.5206329375,-0.877937835804,6.052083334016)
  );
#2488 = CARTESIAN_POINT('',(0.76031646875,-1.316906753706,6.010416667349
    ));
#2489 = CARTESIAN_POINT('',(3.225491281404E-16,-1.755875671608,
    5.968750000682));
#2490 = CARTESIAN_POINT('',(-0.760316468749,-1.316906753706,
    5.927083334016));
#2491 = CARTESIAN_POINT('',(-1.5206329375,-0.877937835804,5.885416667349
    ));
#2492 = CARTESIAN_POINT('',(-1.5206329375,0.,5.843750000682));
#2493 = CARTESIAN_POINT('',(-1.5206329375,0.877937835804,5.802083334016)
  );
#2494 = CARTESIAN_POINT('',(-0.76031646875,1.316906753706,5.760416667349
    ));
#2495 = CARTESIAN_POINT('',(-1.075163760468E-16,1.755875671608,
    5.718750000682));
#2496 = CARTESIAN_POINT('',(0.76031646875,1.316906753706,5.677083334016)
  );
#2497 = CARTESIAN_POINT('',(1.5206329375,0.877937835804,5.635416667349)
  );
#2498 = CARTESIAN_POINT('',(1.5206329375,1.862238259587E-16,
    5.593750000682));
#2499 = CARTESIAN_POINT('',(1.5206329375,-0.877937835804,5.552083334016)
  );
#2500 = CARTESIAN_POINT('',(0.76031646875,-1.316906753706,5.510416667349
    ));
#2501 = CARTESIAN_POINT('',(3.225491281404E-16,-1.755875671608,
    5.468750000682));
#2502 = CARTESIAN_POINT('',(-0.760316468749,-1.316906753706,
    5.427083334016));
#2503 = CARTESIAN_POINT('',(-1.5206329375,-0.877937835804,5.385416667349
    ));
#2504 = CARTESIAN_POINT('',(-1.5206329375,0.,5.343750000682));
#2505 = CARTESIAN_POINT('',(-1.5206329375,0.877937835804,5.302083334016)
  );
#2506 = CARTESIAN_POINT('',(-0.76031646875,1.316906753706,5.260416667349
    ));
#2507 = CARTESIAN_POINT('',(-1.075163760468E-16,1.755875671608,
    5.218750000682));
#2508 = CARTESIAN_POINT('',(0.76031646875,1.316906753706,5.177083334016)
  );
#2509 = CARTESIAN_POINT('',(1.5206329375,0.877937835804,5.135416667349)
  );
#2510 = CARTESIAN_POINT('',(1.5206329375,1.862238259587E-16,
    5.093750000682));
#2511 = CARTESIAN_POINT('',(1.5206329375,-0.877937835804,5.052083334016)
  );
#2512 = CARTESIAN_POINT('',(0.76031646875,-1.316906753706,5.010416667349
    ));
#2513 = CARTESIAN_POINT('',(3.225491281404E-16,-1.755875671608,
    4.968750000682));
#2514 = CARTESIAN_POINT('',(-0.760316468749,-1.316906753706,
    4.927083334016));
#2515 = CARTESIAN_POINT('',(-1.5206329375,-0.877937835804,4.885416667349
    ));
#2516 = CARTESIAN_POINT('',(-1.5206329375,0.,4.843750000682));
#2517 = CARTESIAN_POINT('',(-1.5206329375,0.877937835804,4.802083334016)
  );
#2518 = CARTESIAN_POINT('',(-0.76031646875,1.316906753706,4.760416667349
    ));
#2519 = CARTESIAN_POINT('',(-1.075163760468E-16,1.755875671608,
    4.718750000682));
#2520 = CARTESIAN_POINT('',(0.76031646875,1.316906753706,4.677083334016)
  );
#2521 = CARTESIAN_POINT('',(1.5206329375,0.877937835804,4.635416667349)
  );
#2522 = CARTESIAN_POINT('',(1.5206329375,1.862238259587E-16,
    4.593750000682));
#2523 = CARTESIAN_POINT('',(1.5206329375,-0.877937835804,4.552083334016)
  );
#2524 = CARTESIAN_POINT('',(0.76031646875,-1.316906753706,4.510416667349
    ));
#2525 = CARTESIAN_POINT('',(3.225491281404E-16,-1.755875671608,
    4.468750000682));
#2526 = CARTESIAN_POINT('',(-0.760316468749,-1.316906753706,
    4.427083334016));
#2527 = CARTESIAN_POINT('',(-1.5206329375,-0.877937835804,4.385416667349
    ));
#2528 = CARTESIAN_POINT('',(-1.5206329375,0.,4.343750000682));
#2529 = CARTESIAN_POINT('',(-1.5206329375,0.877937835804,4.302083334016)
  );
#2530 = CARTESIAN_POINT('',(-0.76031646875,1.316906753706,4.260416667349
    ));
#2531 = CARTESIAN_POINT('',(-1.075163760468E-16,1.755875671608,
    4.218750000682));
#2532 = CARTESIAN_POINT('',(0.76031646875,1.316906753706,4.177083334016)
  );
#2533 = CARTESIAN_POINT('',(1.5206329375,0.877937835804,4.135416667349)
  );
#2534 = CARTESIAN_POINT('',(1.5206329375,1.862238259587E-16,
    4.093750000682));
#2535 = CARTESIAN_POINT('',(1.5206329375,-0.877937835804,4.052083334016)
  );
#2536 = CARTESIAN_POINT('',(0.76031646875,-1.316906753706,4.010416667349
    ));
#2537 = CARTESIAN_POINT('',(3.225491281404E-16,-1.755875671608,
    3.968750000682));
#2538 = CARTESIAN_POINT('',(-0.760316468749,-1.316906753706,
    3.927083334016));
#2539 = CARTESIAN_POINT('',(-1.5206329375,-0.877937835804,3.885416667349
    ));
#2540 = CARTESIAN_POINT('',(-1.5206329375,0.,3.843750000682));
#2541 = CARTESIAN_POINT('',(-1.5206329375,0.877937835804,3.802083334016)
  );
#2542 = CARTESIAN_POINT('',(-0.76031646875,1.316906753706,3.760416667349
    ));
#2543 = CARTESIAN_POINT('',(-1.075163760468E-16,1.755875671608,
    3.718750000682));
#2544 = CARTESIAN_POINT('',(0.76031646875,1.316906753706,3.677083334016)
  );
#2545 = CARTESIAN_POINT('',(1.5206329375,0.877937835804,3.635416667349)
  );
#2546 = CARTESIAN_POINT('',(1.5206329375,1.862238259587E-16,
    3.593750000682));
#2547 = CARTESIAN_POINT('',(1.5206329375,-0.877937835804,3.552083334016)
  );
#2548 = CARTESIAN_POINT('',(0.76031646875,-1.316906753706,3.510416667349
    ));
#2549 = CARTESIAN_POINT('',(3.225491281404E-16,-1.755875671608,
    3.468750000682));
#2550 = CARTESIAN_POINT('',(-0.760316468749,-1.316906753706,
    3.427083334016));
#2551 = CARTESIAN_POINT('',(-1.5206329375,-0.877937835804,3.385416667349
    ));
#2552 = CARTESIAN_POINT('',(-1.5206329375,0.,3.343750000682));
#2553 = CARTESIAN_POINT('',(-1.5206329375,0.877937835804,3.302083334016)
  );
#2554 = CARTESIAN_POINT('',(-0.76031646875,1.316906753706,3.260416667349
    ));
#2555 = CARTESIAN_POINT('',(-1.075163760468E-16,1.755875671608,
    3.218750000682));
#2556 = CARTESIAN_POINT('',(0.76031646875,1.316906753706,3.177083334016)
  );
#2557 = CARTESIAN_POINT('',(1.5206329375,0.877937835804,3.135416667349)
  );
#2558 = CARTESIAN_POINT('',(1.5206329375,1.862238259587E-16,
    3.093750000682));
#2559 = CARTESIAN_POINT('',(1.5206329375,-0.877937835804,3.052083334016)
  );
#2560 = CARTESIAN_POINT('',(0.76031646875,-1.316906753706,3.010416667349
    ));
#2561 = CARTESIAN_POINT('',(3.225491281404E-16,-1.755875671608,
    2.968750000682));
#2562 = CARTESIAN_POINT('',(-0.760316468749,-1.316906753706,
    2.927083334016));
#2563 = CARTESIAN_POINT('',(-1.5206329375,-0.877937835804,2.885416667349
    ));
#2564 = CARTESIAN_POINT('',(-1.5206329375,0.,2.843750000682));
#2565 = CARTESIAN_POINT('',(-1.5206329375,0.877937835804,2.802083334016)
  );
#2566 = CARTESIAN_POINT('',(-0.76031646875,1.316906753706,2.760416667349
    ));
#2567 = CARTESIAN_POINT('',(-1.075163760468E-16,1.755875671608,
    2.718750000682));
#2568 = CARTESIAN_POINT('',(0.76031646875,1.316906753706,2.677083334016)
  );
#2569 = CARTESIAN_POINT('',(1.5206329375,0.877937835804,2.635416667349)
  );
#2570 = CARTESIAN_POINT('',(1.5206329375,1.862238259587E-16,
    2.593750000682));
#2571 = CARTESIAN_POINT('',(1.5206329375,-0.877937835804,2.552083334016)
  );
#2572 = CARTESIAN_POINT('',(0.76031646875,-1.316906753706,2.510416667349
    ));
#2573 = CARTESIAN_POINT('',(3.225491281404E-16,-1.755875671608,
    2.468750000682));
#2574 = CARTESIAN_POINT('',(-0.760316468749,-1.316906753706,
    2.427083334016));
#2575 = CARTESIAN_POINT('',(-1.5206329375,-0.877937835804,2.385416667349
    ));
#2576 = CARTESIAN_POINT('',(-1.5206329375,0.,2.343750000682));
#2577 = CARTESIAN_POINT('',(-1.5206329375,0.877937835804,2.302083334016)
  );
#2578 = CARTESIAN_POINT('',(-0.76031646875,1.316906753706,2.260416667349
    ));
#2579 = CARTESIAN_POINT('',(-1.075163760468E-16,1.755875671608,
    2.218750000682));
#2580 = CARTESIAN_POINT('',(0.76031646875,1.316906753706,2.177083334016)
  );
#2581 = CARTESIAN_POINT('',(1.5206329375,0.877937835804,2.135416667349)
  );
#2582 = CARTESIAN_POINT('',(1.5206329375,1.862238259587E-16,
    2.093750000682));
#2583 = CARTESIAN_POINT('',(1.5206329375,-0.877937835804,2.052083334016)
  );
#2584 = CARTESIAN_POINT('',(0.76031646875,-1.316906753706,2.010416667349
    ));
#2585 = CARTESIAN_POINT('',(3.225491281404E-16,-1.755875671608,
    1.968750000682));
#2586 = CARTESIAN_POINT('',(-0.760316468749,-1.316906753706,
    1.927083334016));
#2587 = CARTESIAN_POINT('',(-1.5206329375,-0.877937835804,1.885416667349
    ));
#2588 = CARTESIAN_POINT('',(-1.5206329375,0.,1.843750000682));
#2589 = CARTESIAN_POINT('',(-1.5206329375,0.877937835804,1.802083334016)
  );
#2590 = CARTESIAN_POINT('',(-0.76031646875,1.316906753706,1.760416667349
    ));
#2591 = CARTESIAN_POINT('',(-1.075163760468E-16,1.755875671608,
    1.718750000682));
#2592 = CARTESIAN_POINT('',(0.76031646875,1.316906753706,1.677083334016)
  );
#2593 = CARTESIAN_POINT('',(1.5206329375,0.877937835804,1.635416667349)
  );
#2594 = CARTESIAN_POINT('',(1.5206329375,1.862238259587E-16,
    1.593750000682));
#2595 = CARTESIAN_POINT('',(1.5206329375,-0.877937835804,1.552083334016)
  );
#2596 = CARTESIAN_POINT('',(0.76031646875,-1.316906753706,1.510416667349
    ));
#2597 = CARTESIAN_POINT('',(3.225491281404E-16,-1.755875671608,
    1.468750000682));
#2598 = CARTESIAN_POINT('',(-0.760316468749,-1.316906753706,
    1.427083334016));
#2599 = CARTESIAN_POINT('',(-1.5206329375,-0.877937835804,1.385416667349
    ));
#2600 = CARTESIAN_POINT('',(-1.5206329375,0.,1.343750000682));
#2601 = CARTESIAN_POINT('',(-1.5206329375,0.877937835804,1.302083334016)
  );
#2602 = CARTESIAN_POINT('',(-0.76031646875,1.316906753706,1.260416667349
    ));
#2603 = CARTESIAN_POINT('',(-1.075163760468E-16,1.755875671608,
    1.218750000682));
#2604 = CARTESIAN_POINT('',(0.76031646875,1.316906753706,1.177083334016)
  );
#2605 = CARTESIAN_POINT('',(1.5206329375,0.877937835804,1.135416667349)
  );
#2606 = CARTESIAN_POINT('',(1.5206329375,1.862238259587E-16,
    1.093750000682));
#2607 = CARTESIAN_POINT('',(1.5206329375,-0.877937835804,1.052083334016)
  );
#2608 = CARTESIAN_POINT('',(0.76031646875,-1.316906753706,1.010416667349
    ));
#2609 = CARTESIAN_POINT('',(3.225491281404E-16,-1.755875671608,
    0.968750000682));
#2610 = CARTESIAN_POINT('',(-0.760316468749,-1.316906753706,
    0.927083334016));
#2611 = CARTESIAN_POINT('',(-1.5206329375,-0.877937835804,0.885416667349
    ));
#2612 = CARTESIAN_POINT('',(-1.5206329375,0.,0.843750000682));
#2613 = CARTESIAN_POINT('',(-1.5206329375,0.877937835804,0.802083334016)
  );
#2614 = CARTESIAN_POINT('',(-0.76031646875,1.316906753706,0.760416667349
    ));
#2615 = CARTESIAN_POINT('',(-1.075163760468E-16,1.755875671608,
    0.718750000682));
#2616 = CARTESIAN_POINT('',(0.76031646875,1.316906753706,0.677083334016)
  );
#2617 = CARTESIAN_POINT('',(1.5206329375,0.877937835804,0.635416667349)
  );
#2618 = CARTESIAN_POINT('',(1.5206329375,1.862238259587E-16,
    0.593750000682));
#2619 = CARTESIAN_POINT('',(1.5206329375,-0.877937835804,0.552083334016)
  );
#2620 = CARTESIAN_POINT('',(0.76031646875,-1.316906753706,0.510416667349
    ));
#2621 = CARTESIAN_POINT('',(3.225491281404E-16,-1.755875671608,
    0.468750000682));
#2622 = CARTESIAN_POINT('',(-0.760316468749,-1.316906753706,
    0.427083334016));
#2623 = CARTESIAN_POINT('',(-1.5206329375,-0.877937835804,0.385416667349
    ));
#2624 = CARTESIAN_POINT('',(-1.5206329375,0.,0.343750000682));
#2625 = CARTESIAN_POINT('',(-1.5206329375,0.877937835804,0.302083334016)
  );
#2626 = CARTESIAN_POINT('',(-0.76031646875,1.316906753706,0.260416667349
    ));
#2627 = CARTESIAN_POINT('',(-1.075163760468E-16,1.755875671608,
    0.218750000682));
#2628 = CARTESIAN_POINT('',(0.76031646875,1.316906753706,0.177083334016)
  );
#2629 = CARTESIAN_POINT('',(1.5206329375,0.877937835804,0.135416667349)
  );
#2630 = CARTESIAN_POINT('',(1.5206329375,1.862238259587E-16,
    9.3750000682E-02));
#2631 = CARTESIAN_POINT('',(1.5206329375,-0.877937835804,
    5.2083334016E-02));
#2632 = CARTESIAN_POINT('',(0.76031646875,-1.316906753706,
    1.0416667349E-02));
#2633 = CARTESIAN_POINT('',(3.225491281404E-16,-1.755875671608,
    -3.1249999317E-02));
#2634 = CARTESIAN_POINT('',(-0.760316468749,-1.316906753706,
    -7.2916665983E-02));
#2635 = CARTESIAN_POINT('',(-1.5206329375,-0.877937835804,-0.11458333265
    ));
#2636 = CARTESIAN_POINT('',(-1.5206329375,0.,-0.156249999317));
#2637 = CARTESIAN_POINT('',(-1.5206329375,0.877937835804,-0.197916665983
    ));
#2638 = CARTESIAN_POINT('',(-0.76031646875,1.316906753706,-0.23958333265
    ));
#2639 = CARTESIAN_POINT('',(-1.075163760468E-16,1.755875671608,
    -0.281249999317));
#2640 = CARTESIAN_POINT('',(0.76031646875,1.316906753706,-0.322916665983
    ));
#2641 = CARTESIAN_POINT('',(1.5206329375,0.877937835804,-0.36458333265)
  );
#2642 = CARTESIAN_POINT('',(1.5206329375,1.862238259587E-16,
    -0.406249999317));
#2643 = CARTESIAN_POINT('',(1.5206329375,-0.877937835804,-0.447916665983
    ));
#2644 = CARTESIAN_POINT('',(0.76031646875,-1.316906753706,-0.48958333265
    ));
#2645 = CARTESIAN_POINT('',(3.225491281404E-16,-1.755875671608,
    -0.531249999317));
#2646 = CARTESIAN_POINT('',(-0.760316468749,-1.316906753706,
    -0.572916665983));
#2647 = CARTESIAN_POINT('',(-1.5206329375,-0.877937835804,-0.61458333265
    ));
#2648 = CARTESIAN_POINT('',(-1.5206329375,0.,-0.656249999317));
#2649 = CARTESIAN_POINT('',(-1.5206329375,0.877937835804,-0.697916665983
    ));
#2650 = CARTESIAN_POINT('',(-0.76031646875,1.316906753706,-0.73958333265
    ));
#2651 = CARTESIAN_POINT('',(-1.075163760468E-16,1.755875671608,
    -0.781249999317));
#2652 = CARTESIAN_POINT('',(0.76031646875,1.316906753706,-0.822916665983
    ));
#2653 = CARTESIAN_POINT('',(1.5206329375,0.877937835804,-0.86458333265)
  );
#2654 = CARTESIAN_POINT('',(1.5206329375,1.862238259587E-16,
    -0.906249999317));
#2655 = CARTESIAN_POINT('',(1.5206329375,-0.877937835804,-0.947916665983
    ));
#2656 = CARTESIAN_POINT('',(0.76031646875,-1.316906753706,-0.98958333265
    ));
#2657 = CARTESIAN_POINT('',(3.225491281404E-16,-1.755875671608,
    -1.031249999317));
#2658 = CARTESIAN_POINT('',(-0.760316468749,-1.316906753706,
    -1.072916665983));
#2659 = CARTESIAN_POINT('',(-1.5206329375,-0.877937835804,-1.11458333265
    ));
#2660 = CARTESIAN_POINT('',(-1.5206329375,0.,-1.156249999317));
#2661 = CARTESIAN_POINT('',(-1.5206329375,0.877937835804,-1.197916665983
    ));
#2662 = CARTESIAN_POINT('',(-0.76031646875,1.316906753706,-1.23958333265
    ));
#2663 = CARTESIAN_POINT('',(-1.075163760468E-16,1.755875671608,
    -1.281249999317));
#2664 = CARTESIAN_POINT('',(0.76031646875,1.316906753706,-1.322916665983
    ));
#2665 = CARTESIAN_POINT('',(1.5206329375,0.877937835804,-1.36458333265)
  );
#2666 = CARTESIAN_POINT('',(1.5206329375,1.862238259587E-16,
    -1.406249999317));
#2667 = CARTESIAN_POINT('',(1.5206329375,-0.877937835804,-1.447916665983
    ));
#2668 = CARTESIAN_POINT('',(0.76031646875,-1.316906753706,-1.48958333265
    ));
#2669 = CARTESIAN_POINT('',(3.225491281404E-16,-1.755875671608,
    -1.531249999317));
#2670 = CARTESIAN_POINT('',(-0.760316468749,-1.316906753706,
    -1.572916665983));
#2671 = CARTESIAN_POINT('',(-1.5206329375,-0.877937835804,-1.61458333265
    ));
#2672 = CARTESIAN_POINT('',(-1.5206329375,0.,-1.656249999317));
#2673 = CARTESIAN_POINT('',(-1.5206329375,0.877937835804,-1.697916665983
    ));
#2674 = CARTESIAN_POINT('',(-0.76031646875,1.316906753706,-1.73958333265
    ));
#2675 = CARTESIAN_POINT('',(-1.075163760468E-16,1.755875671608,
    -1.781249999317));
#2676 = CARTESIAN_POINT('',(0.76031646875,1.316906753706,-1.822916665983
    ));
#2677 = CARTESIAN_POINT('',(1.5206329375,0.877937835804,-1.86458333265)
  );
#2678 = CARTESIAN_POINT('',(1.5206329375,1.862238259587E-16,
    -1.906249999317));
#2679 = CARTESIAN_POINT('',(1.5206329375,-0.877937835804,-1.947916665983
    ));
#2680 = CARTESIAN_POINT('',(0.76031646875,-1.316906753706,-1.98958333265
    ));
#2681 = CARTESIAN_POINT('',(3.225491281404E-16,-1.755875671608,
    -2.031249999317));
#2682 = CARTESIAN_POINT('',(-0.760316468749,-1.316906753706,
    -2.072916665983));
#2683 = CARTESIAN_POINT('',(-1.5206329375,-0.877937835804,-2.11458333265
    ));
#2684 = CARTESIAN_POINT('',(-1.5206329375,0.,-2.156249999317));
#2685 = CARTESIAN_POINT('',(-1.5206329375,0.877937835804,-2.197916665983
    ));
#2686 = CARTESIAN_POINT('',(-0.76031646875,1.316906753706,-2.23958333265
    ));
#2687 = CARTESIAN_POINT('',(-1.075163760468E-16,1.755875671608,
    -2.281249999317));
#2688 = CARTESIAN_POINT('',(0.76031646875,1.316906753706,-2.322916665983
    ));
#2689 = CARTESIAN_POINT('',(1.5206329375,0.877937835804,-2.36458333265)
  );
#2690 = CARTESIAN_POINT('',(1.5206329375,1.862238259587E-16,
    -2.406249999317));
#2691 = CARTESIAN_POINT('',(1.5206329375,-0.877937835804,-2.447916665983
    ));
#2692 = CARTESIAN_POINT('',(0.76031646875,-1.316906753706,-2.48958333265
    ));
#2693 = CARTESIAN_POINT('',(3.225491281404E-16,-1.755875671608,
    -2.531249999317));
#2694 = CARTESIAN_POINT('',(-0.760316468749,-1.316906753706,
    -2.572916665983));
#2695 = CARTESIAN_POINT('',(-1.5206329375,-0.877937835804,-2.61458333265
    ));
#2696 = CARTESIAN_POINT('',(-1.5206329375,0.,-2.656249999317));
#2697 = CARTESIAN_POINT('',(-1.5206329375,0.,8.281250000682));
#2698 = CARTESIAN_POINT('',(-1.5206329375,0.877937835804,8.239583334016)
  );
#2699 = CARTESIAN_POINT('',(-0.76031646875,1.316906753706,8.197916667349
    ));
#2700 = CARTESIAN_POINT('',(-1.075163760468E-16,1.755875671608,
    8.156250000682));
#2701 = CARTESIAN_POINT('',(0.76031646875,1.316906753706,8.114583334016)
  );
#2702 = CARTESIAN_POINT('',(1.5206329375,0.877937835804,8.072916667349)
  );
#2703 = CARTESIAN_POINT('',(1.5206329375,1.862238259587E-16,
    8.031250000682));
#2704 = CARTESIAN_POINT('',(1.5206329375,-0.877937835804,7.989583334016)
  );
#2705 = CARTESIAN_POINT('',(0.76031646875,-1.316906753706,7.947916667349
    ));
#2706 = CARTESIAN_POINT('',(3.225491281404E-16,-1.755875671608,
    7.906250000682));
#2707 = CARTESIAN_POINT('',(-0.760316468749,-1.316906753706,
    7.864583334016));
#2708 = CARTESIAN_POINT('',(-1.5206329375,-0.877937835804,7.822916667349
    ));
#2709 = CARTESIAN_POINT('',(-1.5206329375,0.,7.781250000682));
#2710 = CARTESIAN_POINT('',(-1.5206329375,0.877937835804,7.739583334016)
  );
#2711 = CARTESIAN_POINT('',(-0.76031646875,1.316906753706,7.697916667349
    ));
#2712 = CARTESIAN_POINT('',(-1.075163760468E-16,1.755875671608,
    7.656250000682));
#2713 = CARTESIAN_POINT('',(0.76031646875,1.316906753706,7.614583334016)
  );
#2714 = CARTESIAN_POINT('',(1.5206329375,0.877937835804,7.572916667349)
  );
#2715 = CARTESIAN_POINT('',(1.5206329375,1.862238259587E-16,
    7.531250000682));
#2716 = CARTESIAN_POINT('',(1.5206329375,-0.877937835804,7.489583334016)
  );
#2717 = CARTESIAN_POINT('',(0.76031646875,-1.316906753706,7.447916667349
    ));
#2718 = CARTESIAN_POINT('',(3.225491281404E-16,-1.755875671608,
    7.406250000682));
#2719 = CARTESIAN_POINT('',(-0.760316468749,-1.316906753706,
    7.364583334016));
#2720 = CARTESIAN_POINT('',(-1.5206329375,-0.877937835804,7.322916667349
    ));
#2721 = CARTESIAN_POINT('',(-1.5206329375,0.,7.281250000682));
#2722 = CARTESIAN_POINT('',(-1.5206329375,0.877937835804,7.239583334016)
  );
#2723 = CARTESIAN_POINT('',(-0.76031646875,1.316906753706,7.197916667349
    ));
#2724 = CARTESIAN_POINT('',(-1.075163760468E-16,1.755875671608,
    7.156250000682));
#2725 = CARTESIAN_POINT('',(0.76031646875,1.316906753706,7.114583334016)
  );
#2726 = CARTESIAN_POINT('',(1.5206329375,0.877937835804,7.072916667349)
  );
#2727 = CARTESIAN_POINT('',(1.5206329375,1.862238259587E-16,
    7.031250000682));
#2728 = CARTESIAN_POINT('',(1.5206329375,-0.877937835804,6.989583334016)
  );
#2729 = CARTESIAN_POINT('',(0.76031646875,-1.316906753706,6.947916667349
    ));
#2730 = CARTESIAN_POINT('',(3.225491281404E-16,-1.755875671608,
    6.906250000682));
#2731 = CARTESIAN_POINT('',(-0.760316468749,-1.316906753706,
    6.864583334016));
#2732 = CARTESIAN_POINT('',(-1.5206329375,-0.877937835804,6.822916667349
    ));
#2733 = CARTESIAN_POINT('',(-1.5206329375,0.,6.781250000682));
#2734 = CARTESIAN_POINT('',(-1.5206329375,0.877937835804,6.739583334016)
  );
#2735 = CARTESIAN_POINT('',(-0.76031646875,1.316906753706,6.697916667349
    ));
#2736 = CARTESIAN_POINT('',(-1.075163760468E-16,1.755875671608,
    6.656250000682));
#2737 = CARTESIAN_POINT('',(0.76031646875,1.316906753706,6.614583334016)
  );
#2738 = CARTESIAN_POINT('',(1.5206329375,0.877937835804,6.572916667349)
  );
#2739 = CARTESIAN_POINT('',(1.5206329375,1.862238259587E-16,
    6.531250000682));
#2740 = CARTESIAN_POINT('',(1.5206329375,-0.877937835804,6.489583334016)
  );
#2741 = CARTESIAN_POINT('',(0.76031646875,-1.316906753706,6.447916667349
    ));
#2742 = CARTESIAN_POINT('',(3.225491281404E-16,-1.755875671608,
    6.406250000682));
#2743 = CARTESIAN_POINT('',(-0.760316468749,-1.316906753706,
    6.364583334016));
#2744 = CARTESIAN_POINT('',(-1.5206329375,-0.877937835804,6.322916667349
    ));
#2745 = CARTESIAN_POINT('',(-1.5206329375,0.,6.281250000682));
#2746 = CARTESIAN_POINT('',(-1.5206329375,0.877937835804,6.239583334016)
  );
#2747 = CARTESIAN_POINT('',(-0.76031646875,1.316906753706,6.197916667349
    ));
#2748 = CARTESIAN_POINT('',(-1.075163760468E-16,1.755875671608,
    6.156250000682));
#2749 = CARTESIAN_POINT('',(0.76031646875,1.316906753706,6.114583334016)
  );
#2750 = CARTESIAN_POINT('',(1.5206329375,0.877937835804,6.072916667349)
  );
#2751 = CARTESIAN_POINT('',(1.5206329375,1.862238259587E-16,
    6.031250000682));
#2752 = CARTESIAN_POINT('',(1.5206329375,-0.877937835804,5.989583334016)
  );
#2753 = CARTESIAN_POINT('',(0.76031646875,-1.316906753706,5.947916667349
    ));
#2754 = CARTESIAN_POINT('',(3.225491281404E-16,-1.755875671608,
    5.906250000682));
#2755 = CARTESIAN_POINT('',(-0.760316468749,-1.316906753706,
    5.864583334016));
#2756 = CARTESIAN_POINT('',(-1.5206329375,-0.877937835804,5.822916667349
    ));
#2757 = CARTESIAN_POINT('',(-1.5206329375,0.,5.781250000682));
#2758 = CARTESIAN_POINT('',(-1.5206329375,0.877937835804,5.739583334016)
  );
#2759 = CARTESIAN_POINT('',(-0.76031646875,1.316906753706,5.697916667349
    ));
#2760 = CARTESIAN_POINT('',(-1.075163760468E-16,1.755875671608,
    5.656250000682));
#2761 = CARTESIAN_POINT('',(0.76031646875,1.316906753706,5.614583334016)
  );
#2762 = CARTESIAN_POINT('',(1.5206329375,0.877937835804,5.572916667349)
  );
#2763 = CARTESIAN_POINT('',(1.5206329375,1.862238259587E-16,
    5.531250000682));
#2764 = CARTESIAN_POINT('',(1.5206329375,-0.877937835804,5.489583334016)
  );
#2765 = CARTESIAN_POINT('',(0.76031646875,-1.316906753706,5.447916667349
    ));
#2766 = CARTESIAN_POINT('',(3.225491281404E-16,-1.755875671608,
    5.406250000682));
#2767 = CARTESIAN_POINT('',(-0.760316468749,-1.316906753706,
    5.364583334016));
#2768 = CARTESIAN_POINT('',(-1.5206329375,-0.877937835804,5.322916667349
    ));
#2769 = CARTESIAN_POINT('',(-1.5206329375,0.,5.281250000682));
#2770 = CARTESIAN_POINT('',(-1.5206329375,0.877937835804,5.239583334016)
  );
#2771 = CARTESIAN_POINT('',(-0.76031646875,1.316906753706,5.197916667349
    ));
#2772 = CARTESIAN_POINT('',(-1.075163760468E-16,1.755875671608,
    5.156250000682));
#2773 = CARTESIAN_POINT('',(0.76031646875,1.316906753706,5.114583334016)
  );
#2774 = CARTESIAN_POINT('',(1.5206329375,0.877937835804,5.072916667349)
  );
#2775 = CARTESIAN_POINT('',(1.5206329375,1.862238259587E-16,
    5.031250000682));
#2776 = CARTESIAN_POINT('',(1.5206329375,-0.877937835804,4.989583334016)
  );
#2777 = CARTESIAN_POINT('',(0.76031646875,-1.316906753706,4.947916667349
    ));
#2778 = CARTESIAN_POINT('',(3.225491281404E-16,-1.755875671608,
    4.906250000682));
#2779 = CARTESIAN_POINT('',(-0.760316468749,-1.316906753706,
    4.864583334016));
#2780 = CARTESIAN_POINT('',(-1.5206329375,-0.877937835804,4.822916667349
    ));
#2781 = CARTESIAN_POINT('',(-1.5206329375,0.,4.781250000682));
#2782 = CARTESIAN_POINT('',(-1.5206329375,0.877937835804,4.739583334016)
  );
#2783 = CARTESIAN_POINT('',(-0.76031646875,1.316906753706,4.697916667349
    ));
#2784 = CARTESIAN_POINT('',(-1.075163760468E-16,1.755875671608,
    4.656250000682));
#2785 = CARTESIAN_POINT('',(0.76031646875,1.316906753706,4.614583334016)
  );
#2786 = CARTESIAN_POINT('',(1.5206329375,0.877937835804,4.572916667349)
  );
#2787 = CARTESIAN_POINT('',(1.5206329375,1.862238259587E-16,
    4.531250000682));
#2788 = CARTESIAN_POINT('',(1.5206329375,-0.877937835804,4.489583334016)
  );
#2789 = CARTESIAN_POINT('',(0.76031646875,-1.316906753706,4.447916667349
    ));
#2790 = CARTESIAN_POINT('',(3.225491281404E-16,-1.755875671608,
    4.406250000682));
#2791 = CARTESIAN_POINT('',(-0.760316468749,-1.316906753706,
    4.364583334016));
#2792 = CARTESIAN_POINT('',(-1.5206329375,-0.877937835804,4.322916667349
    ));
#2793 = CARTESIAN_POINT('',(-1.5206329375,0.,4.281250000682));
#2794 = CARTESIAN_POINT('',(-1.5206329375,0.877937835804,4.239583334016)
  );
#2795 = CARTESIAN_POINT('',(-0.76031646875,1.316906753706,4.197916667349
    ));
#2796 = CARTESIAN_POINT('',(-1.075163760468E-16,1.755875671608,
    4.156250000682));
#2797 = CARTESIAN_POINT('',(0.76031646875,1.316906753706,4.114583334016)
  );
#2798 = CARTESIAN_POINT('',(1.5206329375,0.877937835804,4.072916667349)
  );
#2799 = CARTESIAN_POINT('',(1.5206329375,1.862238259587E-16,
    4.031250000682));
#2800 = CARTESIAN_POINT('',(1.5206329375,-0.877937835804,3.989583334016)
  );
#2801 = CARTESIAN_POINT('',(0.76031646875,-1.316906753706,3.947916667349
    ));
#2802 = CARTESIAN_POINT('',(3.225491281404E-16,-1.755875671608,
    3.906250000682));
#2803 = CARTESIAN_POINT('',(-0.760316468749,-1.316906753706,
    3.864583334016));
#2804 = CARTESIAN_POINT('',(-1.5206329375,-0.877937835804,3.822916667349
    ));
#2805 = CARTESIAN_POINT('',(-1.5206329375,0.,3.781250000682));
#2806 = CARTESIAN_POINT('',(-1.5206329375,0.877937835804,3.739583334016)
  );
#2807 = CARTESIAN_POINT('',(-0.76031646875,1.316906753706,3.697916667349
    ));
#2808 = CARTESIAN_POINT('',(-1.075163760468E-16,1.755875671608,
    3.656250000682));
#2809 = CARTESIAN_POINT('',(0.76031646875,1.316906753706,3.614583334016)
  );
#2810 = CARTESIAN_POINT('',(1.5206329375,0.877937835804,3.572916667349)
  );
#2811 = CARTESIAN_POINT('',(1.5206329375,1.862238259587E-16,
    3.531250000682));
#2812 = CARTESIAN_POINT('',(1.5206329375,-0.877937835804,3.489583334016)
  );
#2813 = CARTESIAN_POINT('',(0.76031646875,-1.316906753706,3.447916667349
    ));
#2814 = CARTESIAN_POINT('',(3.225491281404E-16,-1.755875671608,
    3.406250000682));
#2815 = CARTESIAN_POINT('',(-0.760316468749,-1.316906753706,
    3.364583334016));
#2816 = CARTESIAN_POINT('',(-1.5206329375,-0.877937835804,3.322916667349
    ));
#2817 = CARTESIAN_POINT('',(-1.5206329375,0.,3.281250000682));
#2818 = CARTESIAN_POINT('',(-1.5206329375,0.877937835804,3.239583334016)
  );
#2819 = CARTESIAN_POINT('',(-0.76031646875,1.316906753706,3.197916667349
    ));
#2820 = CARTESIAN_POINT('',(-1.075163760468E-16,1.755875671608,
    3.156250000682));
#2821 = CARTESIAN_POINT('',(0.76031646875,1.316906753706,3.114583334016)
  );
#2822 = CARTESIAN_POINT('',(1.5206329375,0.877937835804,3.072916667349)
  );
#2823 = CARTESIAN_POINT('',(1.5206329375,1.862238259587E-16,
    3.031250000682));
#2824 = CARTESIAN_POINT('',(1.5206329375,-0.877937835804,2.989583334016)
  );
#2825 = CARTESIAN_POINT('',(0.76031646875,-1.316906753706,2.947916667349
    ));
#2826 = CARTESIAN_POINT('',(3.225491281404E-16,-1.755875671608,
    2.906250000682));
#2827 = CARTESIAN_POINT('',(-0.760316468749,-1.316906753706,
    2.864583334016));
#2828 = CARTESIAN_POINT('',(-1.5206329375,-0.877937835804,2.822916667349
    ));
#2829 = CARTESIAN_POINT('',(-1.5206329375,0.,2.781250000682));
#2830 = CARTESIAN_POINT('',(-1.5206329375,0.877937835804,2.739583334016)
  );
#2831 = CARTESIAN_POINT('',(-0.76031646875,1.316906753706,2.697916667349
    ));
#2832 = CARTESIAN_POINT('',(-1.075163760468E-16,1.755875671608,
    2.656250000682));
#2833 = CARTESIAN_POINT('',(0.76031646875,1.316906753706,2.614583334016)
  );
#2834 = CARTESIAN_POINT('',(1.5206329375,0.877937835804,2.572916667349)
  );
#2835 = CARTESIAN_POINT('',(1.5206329375,1.862238259587E-16,
    2.531250000682));
#2836 = CARTESIAN_POINT('',(1.5206329375,-0.877937835804,2.489583334016)
  );
#2837 = CARTESIAN_POINT('',(0.76031646875,-1.316906753706,2.447916667349
    ));
#2838 = CARTESIAN_POINT('',(3.225491281404E-16,-1.755875671608,
    2.406250000682));
#2839 = CARTESIAN_POINT('',(-0.760316468749,-1.316906753706,
    2.364583334016));
#2840 = CARTESIAN_POINT('',(-1.5206329375,-0.877937835804,2.322916667349
    ));
#2841 = CARTESIAN_POINT('',(-1.5206329375,0.,2.281250000682));
#2842 = CARTESIAN_POINT('',(-1.5206329375,0.877937835804,2.239583334016)
  );
#2843 = CARTESIAN_POINT('',(-0.76031646875,1.316906753706,2.197916667349
    ));
#2844 = CARTESIAN_POINT('',(-1.075163760468E-16,1.755875671608,
    2.156250000682));
#2845 = CARTESIAN_POINT('',(0.76031646875,1.316906753706,2.114583334016)
  );
#2846 = CARTESIAN_POINT('',(1.5206329375,0.877937835804,2.072916667349)
  );
#2847 = CARTESIAN_POINT('',(1.5206329375,1.862238259587E-16,
    2.031250000682));
#2848 = CARTESIAN_POINT('',(1.5206329375,-0.877937835804,1.989583334016)
  );
#2849 = CARTESIAN_POINT('',(0.76031646875,-1.316906753706,1.947916667349
    ));
#2850 = CARTESIAN_POINT('',(3.225491281404E-16,-1.755875671608,
    1.906250000682));
#2851 = CARTESIAN_POINT('',(-0.760316468749,-1.316906753706,
    1.864583334016));
#2852 = CARTESIAN_POINT('',(-1.5206329375,-0.877937835804,1.822916667349
    ));
#2853 = CARTESIAN_POINT('',(-1.5206329375,0.,1.781250000682));
#2854 = CARTESIAN_POINT('',(-1.5206329375,0.877937835804,1.739583334016)
  );
#2855 = CARTESIAN_POINT('',(-0.76031646875,1.316906753706,1.697916667349
    ));
#2856 = CARTESIAN_POINT('',(-1.075163760468E-16,1.755875671608,
    1.656250000682));
#2857 = CARTESIAN_POINT('',(0.76031646875,1.316906753706,1.614583334016)
  );
#2858 = CARTESIAN_POINT('',(1.5206329375,0.877937835804,1.572916667349)
  );
#2859 = CARTESIAN_POINT('',(1.5206329375,1.862238259587E-16,
    1.531250000682));
#2860 = CARTESIAN_POINT('',(1.5206329375,-0.877937835804,1.489583334016)
  );
#2861 = CARTESIAN_POINT('',(0.76031646875,-1.316906753706,1.447916667349
    ));
#2862 = CARTESIAN_POINT('',(3.225491281404E-16,-1.755875671608,
    1.406250000682));
#2863 = CARTESIAN_POINT('',(-0.760316468749,-1.316906753706,
    1.364583334016));
#2864 = CARTESIAN_POINT('',(-1.5206329375,-0.877937835804,1.322916667349
    ));
#2865 = CARTESIAN_POINT('',(-1.5206329375,0.,1.281250000682));
#2866 = CARTESIAN_POINT('',(-1.5206329375,0.877937835804,1.239583334016)
  );
#2867 = CARTESIAN_POINT('',(-0.76031646875,1.316906753706,1.197916667349
    ));
#2868 = CARTESIAN_POINT('',(-1.075163760468E-16,1.755875671608,
    1.156250000682));
#2869 = CARTESIAN_POINT('',(0.76031646875,1.316906753706,1.114583334016)
  );
#2870 = CARTESIAN_POINT('',(1.5206329375,0.877937835804,1.072916667349)
  );
#2871 = CARTESIAN_POINT('',(1.5206329375,1.862238259587E-16,
    1.031250000682));
#2872 = CARTESIAN_POINT('',(1.5206329375,-0.877937835804,0.989583334016)
  );
#2873 = CARTESIAN_POINT('',(0.76031646875,-1.316906753706,0.947916667349
    ));
#2874 = CARTESIAN_POINT('',(3.225491281404E-16,-1.755875671608,
    0.906250000682));
#2875 = CARTESIAN_POINT('',(-0.760316468749,-1.316906753706,
    0.864583334016));
#2876 = CARTESIAN_POINT('',(-1.5206329375,-0.877937835804,0.822916667349
    ));
#2877 = CARTESIAN_POINT('',(-1.5206329375,0.,0.781250000682));
#2878 = CARTESIAN_POINT('',(-1.5206329375,0.877937835804,0.739583334016)
  );
#2879 = CARTESIAN_POINT('',(-0.76031646875,1.316906753706,0.697916667349
    ));
#2880 = CARTESIAN_POINT('',(-1.075163760468E-16,1.755875671608,
    0.656250000682));
#2881 = CARTESIAN_POINT('',(0.76031646875,1.316906753706,0.614583334016)
  );
#2882 = CARTESIAN_POINT('',(1.5206329375,0.877937835804,0.572916667349)
  );
#2883 = CARTESIAN_POINT('',(1.5206329375,1.862238259587E-16,
    0.531250000682));
#2884 = CARTESIAN_POINT('',(1.5206329375,-0.877937835804,0.489583334016)
  );
#2885 = CARTESIAN_POINT('',(0.76031646875,-1.316906753706,0.447916667349
    ));
#2886 = CARTESIAN_POINT('',(3.225491281404E-16,-1.755875671608,
    0.406250000682));
#2887 = CARTESIAN_POINT('',(-0.760316468749,-1.316906753706,
    0.364583334016));
#2888 = CARTESIAN_POINT('',(-1.5206329375,-0.877937835804,0.322916667349
    ));
#2889 = CARTESIAN_POINT('',(-1.5206329375,0.,0.281250000682));
#2890 = CARTESIAN_POINT('',(-1.5206329375,0.877937835804,0.239583334016)
  );
#2891 = CARTESIAN_POINT('',(-0.76031646875,1.316906753706,0.197916667349
    ));
#2892 = CARTESIAN_POINT('',(-1.075163760468E-16,1.755875671608,
    0.156250000682));
#2893 = CARTESIAN_POINT('',(0.76031646875,1.316906753706,0.114583334016)
  );
#2894 = CARTESIAN_POINT('',(1.5206329375,0.877937835804,7.2916667349E-02
    ));
#2895 = CARTESIAN_POINT('',(1.5206329375,1.862238259587E-16,
    3.1250000682E-02));
#2896 = CARTESIAN_POINT('',(1.5206329375,-0.877937835804,
    -1.0416665983E-02));
#2897 = CARTESIAN_POINT('',(0.76031646875,-1.316906753706,
    -5.208333265E-02));
#2898 = CARTESIAN_POINT('',(3.225491281404E-16,-1.755875671608,
    -9.3749999317E-02));
#2899 = CARTESIAN_POINT('',(-0.760316468749,-1.316906753706,
    -0.135416665983));
#2900 = CARTESIAN_POINT('',(-1.5206329375,-0.877937835804,-0.17708333265
    ));
#2901 = CARTESIAN_POINT('',(-1.5206329375,0.,-0.218749999317));
#2902 = CARTESIAN_POINT('',(-1.5206329375,0.877937835804,-0.260416665983
    ));
#2903 = CARTESIAN_POINT('',(-0.76031646875,1.316906753706,-0.30208333265
    ));
#2904 = CARTESIAN_POINT('',(-1.075163760468E-16,1.755875671608,
    -0.343749999317));
#2905 = CARTESIAN_POINT('',(0.76031646875,1.316906753706,-0.385416665983
    ));
#2906 = CARTESIAN_POINT('',(1.5206329375,0.877937835804,-0.42708333265)
  );
#2907 = CARTESIAN_POINT('',(1.5206329375,1.862238259587E-16,
    -0.468749999317));
#2908 = CARTESIAN_POINT('',(1.5206329375,-0.877937835804,-0.510416665983
    ));
#2909 = CARTESIAN_POINT('',(0.76031646875,-1.316906753706,-0.55208333265
    ));
#2910 = CARTESIAN_POINT('',(3.225491281404E-16,-1.755875671608,
    -0.593749999317));
#2911 = CARTESIAN_POINT('',(-0.760316468749,-1.316906753706,
    -0.635416665983));
#2912 = CARTESIAN_POINT('',(-1.5206329375,-0.877937835804,-0.67708333265
    ));
#2913 = CARTESIAN_POINT('',(-1.5206329375,0.,-0.718749999317));
#2914 = CARTESIAN_POINT('',(-1.5206329375,0.877937835804,-0.760416665983
    ));
#2915 = CARTESIAN_POINT('',(-0.76031646875,1.316906753706,-0.80208333265
    ));
#2916 = CARTESIAN_POINT('',(-1.075163760468E-16,1.755875671608,
    -0.843749999317));
#2917 = CARTESIAN_POINT('',(0.76031646875,1.316906753706,-0.885416665983
    ));
#2918 = CARTESIAN_POINT('',(1.5206329375,0.877937835804,-0.92708333265)
  );
#2919 = CARTESIAN_POINT('',(1.5206329375,1.862238259587E-16,
    -0.968749999317));
#2920 = CARTESIAN_POINT('',(1.5206329375,-0.877937835804,-1.010416665983
    ));
#2921 = CARTESIAN_POINT('',(0.76031646875,-1.316906753706,-1.05208333265
    ));
#2922 = CARTESIAN_POINT('',(3.225491281404E-16,-1.755875671608,
    -1.093749999317));
#2923 = CARTESIAN_POINT('',(-0.760316468749,-1.316906753706,
    -1.135416665983));
#2924 = CARTESIAN_POINT('',(-1.5206329375,-0.877937835804,-1.17708333265
    ));
#2925 = CARTESIAN_POINT('',(-1.5206329375,0.,-1.218749999317));
#2926 = CARTESIAN_POINT('',(-1.5206329375,0.877937835804,-1.260416665983
    ));
#2927 = CARTESIAN_POINT('',(-0.76031646875,1.316906753706,-1.30208333265
    ));
#2928 = CARTESIAN_POINT('',(-1.075163760468E-16,1.755875671608,
    -1.343749999317));
#2929 = CARTESIAN_POINT('',(0.76031646875,1.316906753706,-1.385416665983
    ));
#2930 = CARTESIAN_POINT('',(1.5206329375,0.877937835804,-1.42708333265)
  );
#2931 = CARTESIAN_POINT('',(1.5206329375,1.862238259587E-16,
    -1.468749999317));
#2932 = CARTESIAN_POINT('',(1.5206329375,-0.877937835804,-1.510416665983
    ));
#2933 = CARTESIAN_POINT('',(0.76031646875,-1.316906753706,-1.55208333265
    ));
#2934 = CARTESIAN_POINT('',(3.225491281404E-16,-1.755875671608,
    -1.593749999317));
#2935 = CARTESIAN_POINT('',(-0.760316468749,-1.316906753706,
    -1.635416665983));
#2936 = CARTESIAN_POINT('',(-1.5206329375,-0.877937835804,-1.67708333265
    ));
#2937 = CARTESIAN_POINT('',(-1.5206329375,0.,-1.718749999317));
#2938 = CARTESIAN_POINT('',(-1.5206329375,0.877937835804,-1.760416665983
    ));
#2939 = CARTESIAN_POINT('',(-0.76031646875,1.316906753706,-1.80208333265
    ));
#2940 = CARTESIAN_POINT('',(-1.075163760468E-16,1.755875671608,
    -1.843749999317));
#2941 = CARTESIAN_POINT('',(0.76031646875,1.316906753706,-1.885416665983
    ));
#2942 = CARTESIAN_POINT('',(1.5206329375,0.877937835804,-1.92708333265)
  );
#2943 = CARTESIAN_POINT('',(1.5206329375,1.862238259587E-16,
    -1.968749999317));
#2944 = CARTESIAN_POINT('',(1.5206329375,-0.877937835804,-2.010416665983
    ));
#2945 = CARTESIAN_POINT('',(0.76031646875,-1.316906753706,-2.05208333265
    ));
#2946 = CARTESIAN_POINT('',(3.225491281404E-16,-1.755875671608,
    -2.093749999317));
#2947 = CARTESIAN_POINT('',(-0.760316468749,-1.316906753706,
    -2.135416665983));
#2948 = CARTESIAN_POINT('',(-1.5206329375,-0.877937835804,-2.17708333265
    ));
#2949 = CARTESIAN_POINT('',(-1.5206329375,0.,-2.218749999317));
#2950 = CARTESIAN_POINT('',(-1.5206329375,0.877937835804,-2.260416665983
    ));
#2951 = CARTESIAN_POINT('',(-0.76031646875,1.316906753706,-2.30208333265
    ));
#2952 = CARTESIAN_POINT('',(-1.075163760468E-16,1.755875671608,
    -2.343749999317));
#2953 = CARTESIAN_POINT('',(0.76031646875,1.316906753706,-2.385416665983
    ));
#2954 = CARTESIAN_POINT('',(1.5206329375,0.877937835804,-2.42708333265)
  );
#2955 = CARTESIAN_POINT('',(1.5206329375,1.862238259587E-16,
    -2.468749999317));
#2956 = CARTESIAN_POINT('',(1.5206329375,-0.877937835804,-2.510416665983
    ));
#2957 = CARTESIAN_POINT('',(0.76031646875,-1.316906753706,-2.55208333265
    ));
#2958 = CARTESIAN_POINT('',(3.225491281404E-16,-1.755875671608,
    -2.593749999317));
#2959 = CARTESIAN_POINT('',(-0.760316468749,-1.316906753706,
    -2.635416665983));
#2960 = CARTESIAN_POINT('',(-1.5206329375,-0.877937835804,-2.67708333265
    ));
#2961 = CARTESIAN_POINT('',(-1.5206329375,0.,-2.718749999317));
#2962 = ADVANCED_FACE('',(#2963),#3004,.T.);
#2963 = FACE_BOUND('',#2964,.T.);
#2964 = EDGE_LOOP('',(#2965,#2966,#2967,#2968,#2969,#2970,#2971,#2972,
    #2973,#2974,#2975,#2976,#2977,#2978,#2979,#2980,#2981,#2982,#2983,
    #2984,#2985,#2986,#2987,#2988,#2989,#2990,#2991,#2992,#2993,#2994,
    #2995,#2996,#2997,#2998,#2999,#3000,#3001,#3002,#3003));
#2965 = ORIENTED_EDGE('',*,*,#2207,.T.);
#2966 = ORIENTED_EDGE('',*,*,#613,.F.);
#2967 = ORIENTED_EDGE('',*,*,#1947,.F.);
#2968 = ORIENTED_EDGE('',*,*,#1917,.F.);
#2969 = ORIENTED_EDGE('',*,*,#1868,.F.);
#2970 = ORIENTED_EDGE('',*,*,#1839,.F.);
#2971 = ORIENTED_EDGE('',*,*,#1790,.F.);
#2972 = ORIENTED_EDGE('',*,*,#1761,.F.);
#2973 = ORIENTED_EDGE('',*,*,#1712,.F.);
#2974 = ORIENTED_EDGE('',*,*,#1683,.F.);
#2975 = ORIENTED_EDGE('',*,*,#1634,.F.);
#2976 = ORIENTED_EDGE('',*,*,#1605,.F.);
#2977 = ORIENTED_EDGE('',*,*,#1556,.F.);
#2978 = ORIENTED_EDGE('',*,*,#1527,.F.);
#2979 = ORIENTED_EDGE('',*,*,#1478,.F.);
#2980 = ORIENTED_EDGE('',*,*,#1449,.F.);
#2981 = ORIENTED_EDGE('',*,*,#1400,.F.);
#2982 = ORIENTED_EDGE('',*,*,#1371,.F.);
#2983 = ORIENTED_EDGE('',*,*,#1322,.F.);
#2984 = ORIENTED_EDGE('',*,*,#1293,.F.);
#2985 = ORIENTED_EDGE('',*,*,#1244,.F.);
#2986 = ORIENTED_EDGE('',*,*,#1215,.F.);
#2987 = ORIENTED_EDGE('',*,*,#1166,.F.);
#2988 = ORIENTED_EDGE('',*,*,#1137,.F.);
#2989 = ORIENTED_EDGE('',*,*,#1088,.F.);
#2990 = ORIENTED_EDGE('',*,*,#1059,.F.);
#2991 = ORIENTED_EDGE('',*,*,#1010,.F.);
#2992 = ORIENTED_EDGE('',*,*,#981,.F.);
#2993 = ORIENTED_EDGE('',*,*,#932,.F.);
#2994 = ORIENTED_EDGE('',*,*,#903,.F.);
#2995 = ORIENTED_EDGE('',*,*,#854,.F.);
#2996 = ORIENTED_EDGE('',*,*,#825,.F.);
#2997 = ORIENTED_EDGE('',*,*,#776,.F.);
#2998 = ORIENTED_EDGE('',*,*,#747,.F.);
#2999 = ORIENTED_EDGE('',*,*,#698,.F.);
#3000 = ORIENTED_EDGE('',*,*,#669,.F.);
#3001 = ORIENTED_EDGE('',*,*,#478,.F.);
#3002 = ORIENTED_EDGE('',*,*,#66,.F.);
#3003 = ORIENTED_EDGE('',*,*,#107,.F.);
#3004 = ( BOUNDED_SURFACE() B_SPLINE_SURFACE(1,2,(
    (#3005,#3006,#3007,#3008,#3009,#3010,#3011,#3012,#3013,#3014,#3015
      ,#3016,#3017,#3018,#3019,#3020,#3021,#3022,#3023,#3024,#3025,#3026
      ,#3027,#3028,#3029,#3030,#3031,#3032,#3033,#3034,#3035,#3036,#3037
      ,#3038,#3039,#3040,#3041,#3042,#3043,#3044,#3045,#3046,#3047,#3048
      ,#3049,#3050,#3051,#3052,#3053,#3054,#3055,#3056,#3057,#3058,#3059
      ,#3060,#3061,#3062,#3063,#3064,#3065,#3066,#3067,#3068,#3069,#3070
      ,#3071,#3072,#3073,#3074,#3075,#3076,#3077,#3078,#3079,#3080,#3081
      ,#3082,#3083,#3084,#3085,#3086,#3087,#3088,#3089,#3090,#3091,#3092
      ,#3093,#3094,#3095,#3096,#3097,#3098,#3099,#3100,#3101,#3102,#3103
      ,#3104,#3105,#3106,#3107,#3108,#3109,#3110,#3111,#3112,#3113,#3114
      ,#3115,#3116,#3117,#3118,#3119,#3120,#3121,#3122,#3123,#3124,#3125
      ,#3126,#3127,#3128,#3129,#3130,#3131,#3132,#3133,#3134,#3135,#3136
      ,#3137,#3138,#3139,#3140,#3141,#3142,#3143,#3144,#3145,#3146,#3147
      ,#3148,#3149,#3150,#3151,#3152,#3153,#3154,#3155,#3156,#3157,#3158
      ,#3159,#3160,#3161,#3162,#3163,#3164,#3165,#3166,#3167,#3168,#3169
      ,#3170,#3171,#3172,#3173,#3174,#3175,#3176,#3177,#3178,#3179,#3180
      ,#3181,#3182,#3183,#3184,#3185,#3186,#3187,#3188,#3189,#3190,#3191
      ,#3192,#3193,#3194,#3195,#3196,#3197,#3198,#3199,#3200,#3201,#3202
      ,#3203,#3204,#3205,#3206,#3207,#3208,#3209,#3210,#3211,#3212,#3213
      ,#3214,#3215,#3216,#3217,#3218,#3219,#3220,#3221,#3222,#3223,#3224
      ,#3225,#3226,#3227,#3228,#3229,#3230,#3231,#3232,#3233,#3234,#3235
      ,#3236,#3237,#3238,#3239,#3240,#3241,#3242,#3243,#3244,#3245,#3246
      ,#3247,#3248,#3249,#3250,#3251,#3252,#3253,#3254,#3255,#3256,#3257
      ,#3258,#3259,#3260,#3261,#3262,#3263,#3264,#3265,#3266,#3267,#3268
      ,#3269)
    ,(#3270,#3271,#3272,#3273,#3274,#3275,#3276,#3277,#3278,#3279,#3280
      ,#3281,#3282,#3283,#3284,#3285,#3286,#3287,#3288,#3289,#3290,#3291
      ,#3292,#3293,#3294,#3295,#3296,#3297,#3298,#3299,#3300,#3301,#3302
      ,#3303,#3304,#3305,#3306,#3307,#3308,#3309,#3310,#3311,#3312,#3313
      ,#3314,#3315,#3316,#3317,#3318,#3319,#3320,#3321,#3322,#3323,#3324
      ,#3325,#3326,#3327,#3328,#3329,#3330,#3331,#3332,#3333,#3334,#3335
      ,#3336,#3337,#3338,#3339,#3340,#3341,#3342,#3343,#3344,#3345,#3346
      ,#3347,#3348,#3349,#3350,#3351,#3352,#3353,#3354,#3355,#3356,#3357
      ,#3358,#3359,#3360,#3361,#3362,#3363,#3364,#3365,#3366,#3367,#3368
      ,#3369,#3370,#3371,#3372,#3373,#3374,#3375,#3376,#3377,#3378,#3379
      ,#3380,#3381,#3382,#3383,#3384,#3385,#3386,#3387,#3388,#3389,#3390
      ,#3391,#3392,#3393,#3394,#3395,#3396,#3397,#3398,#3399,#3400,#3401
      ,#3402,#3403,#3404,#3405,#3406,#3407,#3408,#3409,#3410,#3411,#3412
      ,#3413,#3414,#3415,#3416,#3417,#3418,#3419,#3420,#3421,#3422,#3423
      ,#3424,#3425,#3426,#3427,#3428,#3429,#3430,#3431,#3432,#3433,#3434
      ,#3435,#3436,#3437,#3438,#3439,#3440,#3441,#3442,#3443,#3444,#3445
      ,#3446,#3447,#3448,#3449,#3450,#3451,#3452,#3453,#3454,#3455,#3456
      ,#3457,#3458,#3459,#3460,#3461,#3462,#3463,#3464,#3465,#3466,#3467
      ,#3468,#3469,#3470,#3471,#3472,#3473,#3474,#3475,#3476,#3477,#3478
      ,#3479,#3480,#3481,#3482,#3483,#3484,#3485,#3486,#3487,#3488,#3489
      ,#3490,#3491,#3492,#3493,#3494,#3495,#3496,#3497,#3498,#3499,#3500
      ,#3501,#3502,#3503,#3504,#3505,#3506,#3507,#3508,#3509,#3510,#3511
      ,#3512,#3513,#3514,#3515,#3516,#3517,#3518,#3519,#3520,#3521,#3522
      ,#3523,#3524,#3525,#3526,#3527,#3528,#3529,#3530,#3531,#3532,#3533
,#3534
    )),.UNSPECIFIED.,.F.,.F.,.F.) B_SPLINE_SURFACE_WITH_KNOTS((2,2),(3,2
    ,2,2,2,2,2,2,2,2,2,2,2,2,2,2,2,2,2,2,2,2,2,2,2,2,2,2,2,2,2,2,2,2,2,2
    ,2,2,2,2,2,2,2,2,2,2,2,2,2,2,2,2,2,2,2,2,2,2,2,2,2,2,2,2,2,2,2,2,2,2
    ,2,2,2,2,2,2,2,2,2,2,2,2,2,2,2,2,2,2,2,2,2,2,2,2,2,2,2,2,2,2,2,2,2,2
    ,2,2,2,2,2,2,2,2,2,2,2,2,2,2,2,2,2,2,2,2,2,2,2,2,2,2,2,2,3),(0.,1.),
  (0.,7.575757575E-03,1.5151515151E-02,2.2727272727E-02,3.0303030303E-02
    ,3.7878787878E-02,4.5454545454E-02,5.303030303E-02,6.0606060606E-02,
    6.8181818181E-02,7.5757575757E-02,8.3333333333E-02,9.0909090909E-02,
    9.8484848484E-02,0.10606060606,0.113636363636,0.121212121212,
    0.128787878787,0.136363636363,0.143939393939,0.151515151515,
    0.15909090909,0.166666666666,0.174242424242,0.181818181818,
    0.189393939393,0.196969696969,0.204545454545,0.212121212121,
    0.219696969696,0.227272727272,0.234848484848,0.242424242424,0.25,
    0.257575757575,0.265151515151,0.272727272727,0.280303030303,
    0.287878787878,0.295454545454,0.30303030303,0.310606060606,
    0.318181818181,0.325757575757,0.333333333333,0.340909090909,
    0.348484848484,0.35606060606,0.363636363636,0.371212121212,
    0.378787878787,0.386363636363,0.393939393939,0.401515151515,
    0.40909090909,0.416666666666,0.424242424242,0.431818181818,
    0.439393939393,0.446969696969,0.454545454545,0.462121212121,
    0.469696969696,0.477272727272,0.484848484848,0.492424242424,0.5,
    0.507575757575,0.515151515151,0.522727272727,0.530303030303,
    0.537878787878,0.545454545454,0.55303030303,0.560606060606,
    0.568181818181,0.575757575757,0.583333333333,0.590909090909,
    0.598484848484,0.60606060606,0.613636363636,0.621212121212,
    0.628787878787,0.636363636363,0.643939393939,0.651515151515,
    0.65909090909,0.666666666666,0.674242424242,0.681818181818,
    0.689393939393,0.696969696969,0.704545454545,0.712121212121,
    0.719696969696,0.727272727272,0.734848484848,0.742424242424,0.75,
    0.757575757575,0.765151515151,0.772727272727,0.780303030303,
    0.787878787878,0.795454545454,0.80303030303,0.810606060606,
    0.818181818181,0.825757575757,0.833333333333,0.840909090909,
    0.848484848484,0.85606060606,0.863636363636,0.871212121212,
    0.878787878787,0.886363636363,0.893939393939,0.901515151515,
    0.90909090909,0.916666666666,0.924242424242,0.931818181818,
    0.939393939393,0.946969696969,0.954545454545,0.962121212121,
    0.969696969696,0.977272727272,0.984848484848,0.992424242424,1.),
.UNSPECIFIED.) GEOMETRIC_REPRESENTATION_ITEM() RATIONAL_B_SPLINE_SURFACE
((
    (1.,0.866025403784,1.,0.866025403784,1.,0.866025403784,1.
      ,0.866025403784,1.,0.866025403784,1.,0.866025403784,1.
      ,0.866025403784,1.,0.866025403784,1.,0.866025403784,1.
      ,0.866025403784,1.,0.866025403784,1.,0.866025403784,1.
      ,0.866025403784,1.,0.866025403784,1.,0.866025403784,1.
      ,0.866025403784,1.,0.866025403784,1.,0.866025403784,1.
      ,0.866025403784,1.,0.866025403784,1.,0.866025403784,1.
      ,0.866025403784,1.,0.866025403784,1.,0.866025403784,1.
      ,0.866025403784,1.,0.866025403784,1.,0.866025403784,1.
      ,0.866025403784,1.,0.866025403784,1.,0.866025403784,1.
      ,0.866025403784,1.,0.866025403784,1.,0.866025403784,1.
      ,0.866025403784,1.,0.866025403784,1.,0.866025403784,1.
      ,0.866025403784,1.,0.866025403784,1.,0.866025403784,1.
      ,0.866025403784,1.,0.866025403784,1.,0.866025403784,1.
      ,0.866025403784,1.,0.866025403784,1.,0.866025403784,1.
      ,0.866025403784,1.,0.866025403784,1.,0.866025403784,1.
      ,0.866025403784,1.,0.866025403784,1.,0.866025403784,1.
      ,0.866025403784,1.,0.866025403784,1.,0.866025403784,1.
      ,0.866025403784,1.,0.866025403784,1.,0.866025403784,1.
      ,0.866025403784,1.,0.866025403784,1.,0.866025403784,1.
      ,0.866025403784,1.,0.866025403784,1.,0.866025403784,1.
      ,0.866025403784,1.,0.866025403784,1.,0.866025403784,1.
      ,0.866025403784,1.,0.866025403784,1.,0.866025403784,1.
      ,0.866025403784,1.,0.866025403784,1.,0.866025403784,1.
      ,0.866025403784,1.,0.866025403784,1.,0.866025403784,1.
      ,0.866025403784,1.,0.866025403784,1.,0.866025403784,1.
      ,0.866025403784,1.,0.866025403784,1.,0.866025403784,1.
      ,0.866025403784,1.,0.866025403784,1.,0.866025403784,1.
      ,0.866025403784,1.,0.866025403784,1.,0.866025403784,1.
      ,0.866025403784,1.,0.866025403784,1.,0.866025403784,1.
      ,0.866025403784,1.,0.866025403784,1.,0.866025403784,1.
      ,0.866025403784,1.,0.866025403784,1.,0.866025403784,1.
      ,0.866025403784,1.,0.866025403784,1.,0.866025403784,1.
      ,0.866025403784,1.,0.866025403784,1.,0.866025403784,1.
      ,0.866025403784,1.,0.866025403784,1.,0.866025403784,1.
      ,0.866025403784,1.,0.866025403784,1.,0.866025403784,1.
      ,0.866025403784,1.,0.866025403784,1.,0.866025403784,1.
      ,0.866025403784,1.,0.866025403784,1.,0.866025403784,1.
      ,0.866025403784,1.,0.866025403784,1.,0.866025403784,1.
      ,0.866025403784,1.,0.866025403784,1.,0.866025403784,1.
      ,0.866025403784,1.,0.866025403784,1.,0.866025403784,1.
      ,0.866025403784,1.,0.866025403784,1.,0.866025403784,1.
      ,0.866025403784,1.,0.866025403784,1.,0.866025403784,1.
      ,0.866025403784,1.,0.866025403784,1.,0.866025403784,1.)
    ,(1.,0.866025403784,1.,0.866025403784,1.,0.866025403784,1.
      ,0.866025403784,1.,0.866025403784,1.,0.866025403784,1.
      ,0.866025403784,1.,0.866025403784,1.,0.866025403784,1.
      ,0.866025403784,1.,0.866025403784,1.,0.866025403784,1.
      ,0.866025403784,1.,0.866025403784,1.,0.866025403784,1.
      ,0.866025403784,1.,0.866025403784,1.,0.866025403784,1.
      ,0.866025403784,1.,0.866025403784,1.,0.866025403784,1.
      ,0.866025403784,1.,0.866025403784,1.,0.866025403784,1.
      ,0.866025403784,1.,0.866025403784,1.,0.866025403784,1.
      ,0.866025403784,1.,0.866025403784,1.,0.866025403784,1.
      ,0.866025403784,1.,0.866025403784,1.,0.866025403784,1.
      ,0.866025403784,1.,0.866025403784,1.,0.866025403784,1.
      ,0.866025403784,1.,0.866025403784,1.,0.866025403784,1.
      ,0.866025403784,1.,0.866025403784,1.,0.866025403784,1.
      ,0.866025403784,1.,0.866025403784,1.,0.866025403784,1.
      ,0.866025403784,1.,0.866025403784,1.,0.866025403784,1.
      ,0.866025403784,1.,0.866025403784,1.,0.866025403784,1.
      ,0.866025403784,1.,0.866025403784,1.,0.866025403784,1.
      ,0.866025403784,1.,0.866025403784,1.,0.866025403784,1.
      ,0.866025403784,1.,0.866025403784,1.,0.866025403784,1.
      ,0.866025403784,1.,0.866025403784,1.,0.866025403784,1.
      ,0.866025403784,1.,0.866025403784,1.,0.866025403784,1.
      ,0.866025403784,1.,0.866025403784,1.,0.866025403784,1.
      ,0.866025403784,1.,0.866025403784,1.,0.866025403784,1.
      ,0.866025403784,1.,0.866025403784,1.,0.866025403784,1.
      ,0.866025403784,1.,0.866025403784,1.,0.866025403784,1.
      ,0.866025403784,1.,0.866025403784,1.,0.866025403784,1.
      ,0.866025403784,1.,0.866025403784,1.,0.866025403784,1.
      ,0.866025403784,1.,0.866025403784,1.,0.866025403784,1.
      ,0.866025403784,1.,0.866025403784,1.,0.866025403784,1.
      ,0.866025403784,1.,0.866025403784,1.,0.866025403784,1.
      ,0.866025403784,1.,0.866025403784,1.,0.866025403784,1.
      ,0.866025403784,1.,0.866025403784,1.,0.866025403784,1.
      ,0.866025403784,1.,0.866025403784,1.,0.866025403784,1.
      ,0.866025403784,1.,0.866025403784,1.,0.866025403784,1.
      ,0.866025403784,1.,0.866025403784,1.,0.866025403784,1.
      ,0.866025403784,1.,0.866025403784,1.,0.866025403784,1.
      ,0.866025403784,1.,0.866025403784,1.,0.866025403784,1.
      ,0.866025403784,1.,0.866025403784,1.,0.866025403784,1.
      ,0.866025403784,1.,0.866025403784,1.,0.866025403784,1.
      ,0.866025403784,1.,0.866025403784,1.,0.866025403784,1.
      ,0.866025403784,1.,0.866025403784,1.,0.866025403784,1.
      ,0.866025403784,1.,0.866025403784,1.,0.866025403784,1.
      ,0.866025403784,1.,0.866025403784,1.,0.866025403784,1.
))) REPRESENTATION_ITEM('') SURFACE() );
#3005 = CARTESIAN_POINT('',(-1.25,0.,8.499999999999));
#3006 = CARTESIAN_POINT('',(-1.25,0.721687836487,8.458333333333));
#3007 = CARTESIAN_POINT('',(-0.625,1.08253175473,8.416666666666));
#3008 = CARTESIAN_POINT('',(-8.838126989374E-17,1.443375672974,
    8.374999999999));
#3009 = CARTESIAN_POINT('',(0.625,1.08253175473,8.333333333333));
#3010 = CARTESIAN_POINT('',(1.25,0.721687836487,8.291666666666));
#3011 = CARTESIAN_POINT('',(1.25,1.530808498934E-16,8.249999999999));
#3012 = CARTESIAN_POINT('',(1.25,-0.721687836487,8.208333333333));
#3013 = CARTESIAN_POINT('',(0.625,-1.08253175473,8.166666666666));
#3014 = CARTESIAN_POINT('',(2.651438096812E-16,-1.443375672974,
    8.124999999999));
#3015 = CARTESIAN_POINT('',(-0.624999999999,-1.08253175473,
    8.083333333333));
#3016 = CARTESIAN_POINT('',(-1.25,-0.721687836487,8.041666666666));
#3017 = CARTESIAN_POINT('',(-1.25,0.,7.999999999999));
#3018 = CARTESIAN_POINT('',(-1.25,0.721687836487,7.958333333333));
#3019 = CARTESIAN_POINT('',(-0.625,1.08253175473,7.916666666666));
#3020 = CARTESIAN_POINT('',(-8.838126989374E-17,1.443375672974,
    7.874999999999));
#3021 = CARTESIAN_POINT('',(0.625,1.08253175473,7.833333333333));
#3022 = CARTESIAN_POINT('',(1.25,0.721687836487,7.791666666666));
#3023 = CARTESIAN_POINT('',(1.25,1.530808498934E-16,7.749999999999));
#3024 = CARTESIAN_POINT('',(1.25,-0.721687836487,7.708333333333));
#3025 = CARTESIAN_POINT('',(0.625,-1.08253175473,7.666666666666));
#3026 = CARTESIAN_POINT('',(2.651438096812E-16,-1.443375672974,
    7.624999999999));
#3027 = CARTESIAN_POINT('',(-0.624999999999,-1.08253175473,
    7.583333333333));
#3028 = CARTESIAN_POINT('',(-1.25,-0.721687836487,7.541666666666));
#3029 = CARTESIAN_POINT('',(-1.25,0.,7.499999999999));
#3030 = CARTESIAN_POINT('',(-1.25,0.721687836487,7.458333333333));
#3031 = CARTESIAN_POINT('',(-0.625,1.08253175473,7.416666666666));
#3032 = CARTESIAN_POINT('',(-8.838126989374E-17,1.443375672974,
    7.374999999999));
#3033 = CARTESIAN_POINT('',(0.625,1.08253175473,7.333333333333));
#3034 = CARTESIAN_POINT('',(1.25,0.721687836487,7.291666666666));
#3035 = CARTESIAN_POINT('',(1.25,1.530808498934E-16,7.249999999999));
#3036 = CARTESIAN_POINT('',(1.25,-0.721687836487,7.208333333333));
#3037 = CARTESIAN_POINT('',(0.625,-1.08253175473,7.166666666666));
#3038 = CARTESIAN_POINT('',(2.651438096812E-16,-1.443375672974,
    7.124999999999));
#3039 = CARTESIAN_POINT('',(-0.624999999999,-1.08253175473,
    7.083333333333));
#3040 = CARTESIAN_POINT('',(-1.25,-0.721687836487,7.041666666666));
#3041 = CARTESIAN_POINT('',(-1.25,0.,6.999999999999));
#3042 = CARTESIAN_POINT('',(-1.25,0.721687836487,6.958333333333));
#3043 = CARTESIAN_POINT('',(-0.625,1.08253175473,6.916666666666));
#3044 = CARTESIAN_POINT('',(-8.838126989374E-17,1.443375672974,
    6.874999999999));
#3045 = CARTESIAN_POINT('',(0.625,1.08253175473,6.833333333333));
#3046 = CARTESIAN_POINT('',(1.25,0.721687836487,6.791666666666));
#3047 = CARTESIAN_POINT('',(1.25,1.530808498934E-16,6.749999999999));
#3048 = CARTESIAN_POINT('',(1.25,-0.721687836487,6.708333333333));
#3049 = CARTESIAN_POINT('',(0.625,-1.08253175473,6.666666666666));
#3050 = CARTESIAN_POINT('',(2.651438096812E-16,-1.443375672974,
    6.624999999999));
#3051 = CARTESIAN_POINT('',(-0.624999999999,-1.08253175473,
    6.583333333333));
#3052 = CARTESIAN_POINT('',(-1.25,-0.721687836487,6.541666666666));
#3053 = CARTESIAN_POINT('',(-1.25,0.,6.499999999999));
#3054 = CARTESIAN_POINT('',(-1.25,0.721687836487,6.458333333333));
#3055 = CARTESIAN_POINT('',(-0.625,1.08253175473,6.416666666666));
#3056 = CARTESIAN_POINT('',(-8.838126989374E-17,1.443375672974,
    6.374999999999));
#3057 = CARTESIAN_POINT('',(0.625,1.08253175473,6.333333333333));
#3058 = CARTESIAN_POINT('',(1.25,0.721687836487,6.291666666666));
#3059 = CARTESIAN_POINT('',(1.25,1.530808498934E-16,6.249999999999));
#3060 = CARTESIAN_POINT('',(1.25,-0.721687836487,6.208333333333));
#3061 = CARTESIAN_POINT('',(0.625,-1.08253175473,6.166666666666));
#3062 = CARTESIAN_POINT('',(2.651438096812E-16,-1.443375672974,
    6.124999999999));
#3063 = CARTESIAN_POINT('',(-0.624999999999,-1.08253175473,
    6.083333333333));
#3064 = CARTESIAN_POINT('',(-1.25,-0.721687836487,6.041666666666));
#3065 = CARTESIAN_POINT('',(-1.25,0.,5.999999999999));
#3066 = CARTESIAN_POINT('',(-1.25,0.721687836487,5.958333333333));
#3067 = CARTESIAN_POINT('',(-0.625,1.08253175473,5.916666666666));
#3068 = CARTESIAN_POINT('',(-8.838126989374E-17,1.443375672974,
    5.874999999999));
#3069 = CARTESIAN_POINT('',(0.625,1.08253175473,5.833333333333));
#3070 = CARTESIAN_POINT('',(1.25,0.721687836487,5.791666666666));
#3071 = CARTESIAN_POINT('',(1.25,1.530808498934E-16,5.749999999999));
#3072 = CARTESIAN_POINT('',(1.25,-0.721687836487,5.708333333333));
#3073 = CARTESIAN_POINT('',(0.625,-1.08253175473,5.666666666666));
#3074 = CARTESIAN_POINT('',(2.651438096812E-16,-1.443375672974,
    5.624999999999));
#3075 = CARTESIAN_POINT('',(-0.624999999999,-1.08253175473,
    5.583333333333));
#3076 = CARTESIAN_POINT('',(-1.25,-0.721687836487,5.541666666666));
#3077 = CARTESIAN_POINT('',(-1.25,0.,5.499999999999));
#3078 = CARTESIAN_POINT('',(-1.25,0.721687836487,5.458333333333));
#3079 = CARTESIAN_POINT('',(-0.625,1.08253175473,5.416666666666));
#3080 = CARTESIAN_POINT('',(-8.838126989374E-17,1.443375672974,
    5.374999999999));
#3081 = CARTESIAN_POINT('',(0.625,1.08253175473,5.333333333333));
#3082 = CARTESIAN_POINT('',(1.25,0.721687836487,5.291666666666));
#3083 = CARTESIAN_POINT('',(1.25,1.530808498934E-16,5.249999999999));
#3084 = CARTESIAN_POINT('',(1.25,-0.721687836487,5.208333333333));
#3085 = CARTESIAN_POINT('',(0.625,-1.08253175473,5.166666666666));
#3086 = CARTESIAN_POINT('',(2.651438096812E-16,-1.443375672974,
    5.124999999999));
#3087 = CARTESIAN_POINT('',(-0.624999999999,-1.08253175473,
    5.083333333333));
#3088 = CARTESIAN_POINT('',(-1.25,-0.721687836487,5.041666666666));
#3089 = CARTESIAN_POINT('',(-1.25,0.,4.999999999999));
#3090 = CARTESIAN_POINT('',(-1.25,0.721687836487,4.958333333333));
#3091 = CARTESIAN_POINT('',(-0.625,1.08253175473,4.916666666666));
#3092 = CARTESIAN_POINT('',(-8.838126989374E-17,1.443375672974,
    4.874999999999));
#3093 = CARTESIAN_POINT('',(0.625,1.08253175473,4.833333333333));
#3094 = CARTESIAN_POINT('',(1.25,0.721687836487,4.791666666666));
#3095 = CARTESIAN_POINT('',(1.25,1.530808498934E-16,4.749999999999));
#3096 = CARTESIAN_POINT('',(1.25,-0.721687836487,4.708333333333));
#3097 = CARTESIAN_POINT('',(0.625,-1.08253175473,4.666666666666));
#3098 = CARTESIAN_POINT('',(2.651438096812E-16,-1.443375672974,
    4.624999999999));
#3099 = CARTESIAN_POINT('',(-0.624999999999,-1.08253175473,
    4.583333333333));
#3100 = CARTESIAN_POINT('',(-1.25,-0.721687836487,4.541666666666));
#3101 = CARTESIAN_POINT('',(-1.25,0.,4.499999999999));
#3102 = CARTESIAN_POINT('',(-1.25,0.721687836487,4.458333333333));
#3103 = CARTESIAN_POINT('',(-0.625,1.08253175473,4.416666666666));
#3104 = CARTESIAN_POINT('',(-8.838126989374E-17,1.443375672974,
    4.374999999999));
#3105 = CARTESIAN_POINT('',(0.625,1.08253175473,4.333333333333));
#3106 = CARTESIAN_POINT('',(1.25,0.721687836487,4.291666666666));
#3107 = CARTESIAN_POINT('',(1.25,1.530808498934E-16,4.249999999999));
#3108 = CARTESIAN_POINT('',(1.25,-0.721687836487,4.208333333333));
#3109 = CARTESIAN_POINT('',(0.625,-1.08253175473,4.166666666666));
#3110 = CARTESIAN_POINT('',(2.651438096812E-16,-1.443375672974,
    4.124999999999));
#3111 = CARTESIAN_POINT('',(-0.624999999999,-1.08253175473,
    4.083333333333));
#3112 = CARTESIAN_POINT('',(-1.25,-0.721687836487,4.041666666666));
#3113 = CARTESIAN_POINT('',(-1.25,0.,3.999999999999));
#3114 = CARTESIAN_POINT('',(-1.25,0.721687836487,3.958333333333));
#3115 = CARTESIAN_POINT('',(-0.625,1.08253175473,3.916666666666));
#3116 = CARTESIAN_POINT('',(-8.838126989374E-17,1.443375672974,
    3.874999999999));
#3117 = CARTESIAN_POINT('',(0.625,1.08253175473,3.833333333333));
#3118 = CARTESIAN_POINT('',(1.25,0.721687836487,3.791666666666));
#3119 = CARTESIAN_POINT('',(1.25,1.530808498934E-16,3.749999999999));
#3120 = CARTESIAN_POINT('',(1.25,-0.721687836487,3.708333333333));
#3121 = CARTESIAN_POINT('',(0.625,-1.08253175473,3.666666666666));
#3122 = CARTESIAN_POINT('',(2.651438096812E-16,-1.443375672974,
    3.624999999999));
#3123 = CARTESIAN_POINT('',(-0.624999999999,-1.08253175473,
    3.583333333333));
#3124 = CARTESIAN_POINT('',(-1.25,-0.721687836487,3.541666666666));
#3125 = CARTESIAN_POINT('',(-1.25,0.,3.499999999999));
#3126 = CARTESIAN_POINT('',(-1.25,0.721687836487,3.458333333333));
#3127 = CARTESIAN_POINT('',(-0.625,1.08253175473,3.416666666666));
#3128 = CARTESIAN_POINT('',(-8.838126989374E-17,1.443375672974,
    3.374999999999));
#3129 = CARTESIAN_POINT('',(0.625,1.08253175473,3.333333333333));
#3130 = CARTESIAN_POINT('',(1.25,0.721687836487,3.291666666666));
#3131 = CARTESIAN_POINT('',(1.25,1.530808498934E-16,3.249999999999));
#3132 = CARTESIAN_POINT('',(1.25,-0.721687836487,3.208333333333));
#3133 = CARTESIAN_POINT('',(0.625,-1.08253175473,3.166666666666));
#3134 = CARTESIAN_POINT('',(2.651438096812E-16,-1.443375672974,
    3.124999999999));
#3135 = CARTESIAN_POINT('',(-0.624999999999,-1.08253175473,
    3.083333333333));
#3136 = CARTESIAN_POINT('',(-1.25,-0.721687836487,3.041666666666));
#3137 = CARTESIAN_POINT('',(-1.25,0.,2.999999999999));
#3138 = CARTESIAN_POINT('',(-1.25,0.721687836487,2.958333333333));
#3139 = CARTESIAN_POINT('',(-0.625,1.08253175473,2.916666666666));
#3140 = CARTESIAN_POINT('',(-8.838126989374E-17,1.443375672974,
    2.874999999999));
#3141 = CARTESIAN_POINT('',(0.625,1.08253175473,2.833333333333));
#3142 = CARTESIAN_POINT('',(1.25,0.721687836487,2.791666666666));
#3143 = CARTESIAN_POINT('',(1.25,1.530808498934E-16,2.749999999999));
#3144 = CARTESIAN_POINT('',(1.25,-0.721687836487,2.708333333333));
#3145 = CARTESIAN_POINT('',(0.625,-1.08253175473,2.666666666666));
#3146 = CARTESIAN_POINT('',(2.651438096812E-16,-1.443375672974,
    2.624999999999));
#3147 = CARTESIAN_POINT('',(-0.624999999999,-1.08253175473,
    2.583333333333));
#3148 = CARTESIAN_POINT('',(-1.25,-0.721687836487,2.541666666666));
#3149 = CARTESIAN_POINT('',(-1.25,0.,2.499999999999));
#3150 = CARTESIAN_POINT('',(-1.25,0.721687836487,2.458333333333));
#3151 = CARTESIAN_POINT('',(-0.625,1.08253175473,2.416666666666));
#3152 = CARTESIAN_POINT('',(-8.838126989374E-17,1.443375672974,
    2.374999999999));
#3153 = CARTESIAN_POINT('',(0.625,1.08253175473,2.333333333333));
#3154 = CARTESIAN_POINT('',(1.25,0.721687836487,2.291666666666));
#3155 = CARTESIAN_POINT('',(1.25,1.530808498934E-16,2.249999999999));
#3156 = CARTESIAN_POINT('',(1.25,-0.721687836487,2.208333333333));
#3157 = CARTESIAN_POINT('',(0.625,-1.08253175473,2.166666666666));
#3158 = CARTESIAN_POINT('',(2.651438096812E-16,-1.443375672974,
    2.124999999999));
#3159 = CARTESIAN_POINT('',(-0.624999999999,-1.08253175473,
    2.083333333333));
#3160 = CARTESIAN_POINT('',(-1.25,-0.721687836487,2.041666666666));
#3161 = CARTESIAN_POINT('',(-1.25,0.,1.999999999999));
#3162 = CARTESIAN_POINT('',(-1.25,0.721687836487,1.958333333333));
#3163 = CARTESIAN_POINT('',(-0.625,1.08253175473,1.916666666666));
#3164 = CARTESIAN_POINT('',(-8.838126989374E-17,1.443375672974,
    1.874999999999));
#3165 = CARTESIAN_POINT('',(0.625,1.08253175473,1.833333333333));
#3166 = CARTESIAN_POINT('',(1.25,0.721687836487,1.791666666666));
#3167 = CARTESIAN_POINT('',(1.25,1.530808498934E-16,1.749999999999));
#3168 = CARTESIAN_POINT('',(1.25,-0.721687836487,1.708333333333));
#3169 = CARTESIAN_POINT('',(0.625,-1.08253175473,1.666666666666));
#3170 = CARTESIAN_POINT('',(2.651438096812E-16,-1.443375672974,
    1.624999999999));
#3171 = CARTESIAN_POINT('',(-0.624999999999,-1.08253175473,
    1.583333333333));
#3172 = CARTESIAN_POINT('',(-1.25,-0.721687836487,1.541666666666));
#3173 = CARTESIAN_POINT('',(-1.25,0.,1.499999999999));
#3174 = CARTESIAN_POINT('',(-1.25,0.721687836487,1.458333333333));
#3175 = CARTESIAN_POINT('',(-0.625,1.08253175473,1.416666666666));
#3176 = CARTESIAN_POINT('',(-8.838126989374E-17,1.443375672974,
    1.374999999999));
#3177 = CARTESIAN_POINT('',(0.625,1.08253175473,1.333333333333));
#3178 = CARTESIAN_POINT('',(1.25,0.721687836487,1.291666666666));
#3179 = CARTESIAN_POINT('',(1.25,1.530808498934E-16,1.249999999999));
#3180 = CARTESIAN_POINT('',(1.25,-0.721687836487,1.208333333333));
#3181 = CARTESIAN_POINT('',(0.625,-1.08253175473,1.166666666666));
#3182 = CARTESIAN_POINT('',(2.651438096812E-16,-1.443375672974,
    1.124999999999));
#3183 = CARTESIAN_POINT('',(-0.624999999999,-1.08253175473,
    1.083333333333));
#3184 = CARTESIAN_POINT('',(-1.25,-0.721687836487,1.041666666666));
#3185 = CARTESIAN_POINT('',(-1.25,0.,0.999999999999));
#3186 = CARTESIAN_POINT('',(-1.25,0.721687836487,0.958333333333));
#3187 = CARTESIAN_POINT('',(-0.625,1.08253175473,0.916666666666));
#3188 = CARTESIAN_POINT('',(-8.838126989374E-17,1.443375672974,
    0.874999999999));
#3189 = CARTESIAN_POINT('',(0.625,1.08253175473,0.833333333333));
#3190 = CARTESIAN_POINT('',(1.25,0.721687836487,0.791666666666));
#3191 = CARTESIAN_POINT('',(1.25,1.530808498934E-16,0.749999999999));
#3192 = CARTESIAN_POINT('',(1.25,-0.721687836487,0.708333333333));
#3193 = CARTESIAN_POINT('',(0.625,-1.08253175473,0.666666666666));
#3194 = CARTESIAN_POINT('',(2.651438096812E-16,-1.443375672974,
    0.624999999999));
#3195 = CARTESIAN_POINT('',(-0.624999999999,-1.08253175473,
    0.583333333333));
#3196 = CARTESIAN_POINT('',(-1.25,-0.721687836487,0.541666666666));
#3197 = CARTESIAN_POINT('',(-1.25,0.,0.499999999999));
#3198 = CARTESIAN_POINT('',(-1.25,0.721687836487,0.458333333333));
#3199 = CARTESIAN_POINT('',(-0.625,1.08253175473,0.416666666666));
#3200 = CARTESIAN_POINT('',(-8.838126989374E-17,1.443375672974,
    0.374999999999));
#3201 = CARTESIAN_POINT('',(0.625,1.08253175473,0.333333333333));
#3202 = CARTESIAN_POINT('',(1.25,0.721687836487,0.291666666666));
#3203 = CARTESIAN_POINT('',(1.25,1.530808498934E-16,0.249999999999));
#3204 = CARTESIAN_POINT('',(1.25,-0.721687836487,0.208333333333));
#3205 = CARTESIAN_POINT('',(0.625,-1.08253175473,0.166666666666));
#3206 = CARTESIAN_POINT('',(2.651438096812E-16,-1.443375672974,
    0.124999999999));
#3207 = CARTESIAN_POINT('',(-0.624999999999,-1.08253175473,
    8.3333333333E-02));
#3208 = CARTESIAN_POINT('',(-1.25,-0.721687836487,4.1666666666E-02));
#3209 = CARTESIAN_POINT('',(-1.25,0.,-3.295974604355E-14));
#3210 = CARTESIAN_POINT('',(-1.25,0.721687836487,-4.1666666666E-02));
#3211 = CARTESIAN_POINT('',(-0.625,1.08253175473,-8.3333333333E-02));
#3212 = CARTESIAN_POINT('',(-8.838126989374E-17,1.443375672974,-0.125));
#3213 = CARTESIAN_POINT('',(0.625,1.08253175473,-0.166666666666));
#3214 = CARTESIAN_POINT('',(1.25,0.721687836487,-0.208333333333));
#3215 = CARTESIAN_POINT('',(1.25,1.530808498934E-16,-0.25));
#3216 = CARTESIAN_POINT('',(1.25,-0.721687836487,-0.291666666666));
#3217 = CARTESIAN_POINT('',(0.625,-1.08253175473,-0.333333333333));
#3218 = CARTESIAN_POINT('',(2.651438096812E-16,-1.443375672974,-0.375));
#3219 = CARTESIAN_POINT('',(-0.624999999999,-1.08253175473,
    -0.416666666666));
#3220 = CARTESIAN_POINT('',(-1.25,-0.721687836487,-0.458333333333));
#3221 = CARTESIAN_POINT('',(-1.25,0.,-0.5));
#3222 = CARTESIAN_POINT('',(-1.25,0.721687836487,-0.541666666666));
#3223 = CARTESIAN_POINT('',(-0.625,1.08253175473,-0.583333333333));
#3224 = CARTESIAN_POINT('',(-8.838126989374E-17,1.443375672974,-0.625));
#3225 = CARTESIAN_POINT('',(0.625,1.08253175473,-0.666666666666));
#3226 = CARTESIAN_POINT('',(1.25,0.721687836487,-0.708333333333));
#3227 = CARTESIAN_POINT('',(1.25,1.530808498934E-16,-0.75));
#3228 = CARTESIAN_POINT('',(1.25,-0.721687836487,-0.791666666666));
#3229 = CARTESIAN_POINT('',(0.625,-1.08253175473,-0.833333333333));
#3230 = CARTESIAN_POINT('',(2.651438096812E-16,-1.443375672974,-0.875));
#3231 = CARTESIAN_POINT('',(-0.624999999999,-1.08253175473,
    -0.916666666666));
#3232 = CARTESIAN_POINT('',(-1.25,-0.721687836487,-0.958333333333));
#3233 = CARTESIAN_POINT('',(-1.25,0.,-1.));
#3234 = CARTESIAN_POINT('',(-1.25,0.721687836487,-1.041666666666));
#3235 = CARTESIAN_POINT('',(-0.625,1.08253175473,-1.083333333333));
#3236 = CARTESIAN_POINT('',(-8.838126989374E-17,1.443375672974,-1.125));
#3237 = CARTESIAN_POINT('',(0.625,1.08253175473,-1.166666666666));
#3238 = CARTESIAN_POINT('',(1.25,0.721687836487,-1.208333333333));
#3239 = CARTESIAN_POINT('',(1.25,1.530808498934E-16,-1.25));
#3240 = CARTESIAN_POINT('',(1.25,-0.721687836487,-1.291666666666));
#3241 = CARTESIAN_POINT('',(0.625,-1.08253175473,-1.333333333333));
#3242 = CARTESIAN_POINT('',(2.651438096812E-16,-1.443375672974,-1.375));
#3243 = CARTESIAN_POINT('',(-0.624999999999,-1.08253175473,
    -1.416666666666));
#3244 = CARTESIAN_POINT('',(-1.25,-0.721687836487,-1.458333333333));
#3245 = CARTESIAN_POINT('',(-1.25,0.,-1.5));
#3246 = CARTESIAN_POINT('',(-1.25,0.721687836487,-1.541666666666));
#3247 = CARTESIAN_POINT('',(-0.625,1.08253175473,-1.583333333333));
#3248 = CARTESIAN_POINT('',(-8.838126989374E-17,1.443375672974,-1.625));
#3249 = CARTESIAN_POINT('',(0.625,1.08253175473,-1.666666666666));
#3250 = CARTESIAN_POINT('',(1.25,0.721687836487,-1.708333333333));
#3251 = CARTESIAN_POINT('',(1.25,1.530808498934E-16,-1.75));
#3252 = CARTESIAN_POINT('',(1.25,-0.721687836487,-1.791666666666));
#3253 = CARTESIAN_POINT('',(0.625,-1.08253175473,-1.833333333333));
#3254 = CARTESIAN_POINT('',(2.651438096812E-16,-1.443375672974,-1.875));
#3255 = CARTESIAN_POINT('',(-0.624999999999,-1.08253175473,
    -1.916666666666));
#3256 = CARTESIAN_POINT('',(-1.25,-0.721687836487,-1.958333333333));
#3257 = CARTESIAN_POINT('',(-1.25,0.,-2.));
#3258 = CARTESIAN_POINT('',(-1.25,0.721687836487,-2.041666666666));
#3259 = CARTESIAN_POINT('',(-0.625,1.08253175473,-2.083333333333));
#3260 = CARTESIAN_POINT('',(-8.838126989374E-17,1.443375672974,-2.125));
#3261 = CARTESIAN_POINT('',(0.625,1.08253175473,-2.166666666666));
#3262 = CARTESIAN_POINT('',(1.25,0.721687836487,-2.208333333333));
#3263 = CARTESIAN_POINT('',(1.25,1.530808498934E-16,-2.25));
#3264 = CARTESIAN_POINT('',(1.25,-0.721687836487,-2.291666666666));
#3265 = CARTESIAN_POINT('',(0.625,-1.08253175473,-2.333333333333));
#3266 = CARTESIAN_POINT('',(2.651438096812E-16,-1.443375672974,-2.375));
#3267 = CARTESIAN_POINT('',(-0.624999999999,-1.08253175473,
    -2.416666666666));
#3268 = CARTESIAN_POINT('',(-1.25,-0.721687836487,-2.458333333333));
#3269 = CARTESIAN_POINT('',(-1.25,0.,-2.5));
#3270 = CARTESIAN_POINT('',(-1.5206329375,0.,8.343750000682));
#3271 = CARTESIAN_POINT('',(-1.5206329375,0.877937835804,8.302083334016)
  );
#3272 = CARTESIAN_POINT('',(-0.76031646875,1.316906753706,8.260416667349
    ));
#3273 = CARTESIAN_POINT('',(-1.075163760468E-16,1.755875671608,
    8.218750000682));
#3274 = CARTESIAN_POINT('',(0.76031646875,1.316906753706,8.177083334016)
  );
#3275 = CARTESIAN_POINT('',(1.5206329375,0.877937835804,8.135416667349)
  );
#3276 = CARTESIAN_POINT('',(1.5206329375,1.862238259587E-16,
    8.093750000682));
#3277 = CARTESIAN_POINT('',(1.5206329375,-0.877937835804,8.052083334016)
  );
#3278 = CARTESIAN_POINT('',(0.76031646875,-1.316906753706,8.010416667349
    ));
#3279 = CARTESIAN_POINT('',(3.225491281404E-16,-1.755875671608,
    7.968750000682));
#3280 = CARTESIAN_POINT('',(-0.760316468749,-1.316906753706,
    7.927083334016));
#3281 = CARTESIAN_POINT('',(-1.5206329375,-0.877937835804,7.885416667349
    ));
#3282 = CARTESIAN_POINT('',(-1.5206329375,0.,7.843750000682));
#3283 = CARTESIAN_POINT('',(-1.5206329375,0.877937835804,7.802083334016)
  );
#3284 = CARTESIAN_POINT('',(-0.76031646875,1.316906753706,7.760416667349
    ));
#3285 = CARTESIAN_POINT('',(-1.075163760468E-16,1.755875671608,
    7.718750000682));
#3286 = CARTESIAN_POINT('',(0.76031646875,1.316906753706,7.677083334016)
  );
#3287 = CARTESIAN_POINT('',(1.5206329375,0.877937835804,7.635416667349)
  );
#3288 = CARTESIAN_POINT('',(1.5206329375,1.862238259587E-16,
    7.593750000682));
#3289 = CARTESIAN_POINT('',(1.5206329375,-0.877937835804,7.552083334016)
  );
#3290 = CARTESIAN_POINT('',(0.76031646875,-1.316906753706,7.510416667349
    ));
#3291 = CARTESIAN_POINT('',(3.225491281404E-16,-1.755875671608,
    7.468750000682));
#3292 = CARTESIAN_POINT('',(-0.760316468749,-1.316906753706,
    7.427083334016));
#3293 = CARTESIAN_POINT('',(-1.5206329375,-0.877937835804,7.385416667349
    ));
#3294 = CARTESIAN_POINT('',(-1.5206329375,0.,7.343750000682));
#3295 = CARTESIAN_POINT('',(-1.5206329375,0.877937835804,7.302083334016)
  );
#3296 = CARTESIAN_POINT('',(-0.76031646875,1.316906753706,7.260416667349
    ));
#3297 = CARTESIAN_POINT('',(-1.075163760468E-16,1.755875671608,
    7.218750000682));
#3298 = CARTESIAN_POINT('',(0.76031646875,1.316906753706,7.177083334016)
  );
#3299 = CARTESIAN_POINT('',(1.5206329375,0.877937835804,7.135416667349)
  );
#3300 = CARTESIAN_POINT('',(1.5206329375,1.862238259587E-16,
    7.093750000682));
#3301 = CARTESIAN_POINT('',(1.5206329375,-0.877937835804,7.052083334016)
  );
#3302 = CARTESIAN_POINT('',(0.76031646875,-1.316906753706,7.010416667349
    ));
#3303 = CARTESIAN_POINT('',(3.225491281404E-16,-1.755875671608,
    6.968750000682));
#3304 = CARTESIAN_POINT('',(-0.760316468749,-1.316906753706,
    6.927083334016));
#3305 = CARTESIAN_POINT('',(-1.5206329375,-0.877937835804,6.885416667349
    ));
#3306 = CARTESIAN_POINT('',(-1.5206329375,0.,6.843750000682));
#3307 = CARTESIAN_POINT('',(-1.5206329375,0.877937835804,6.802083334016)
  );
#3308 = CARTESIAN_POINT('',(-0.76031646875,1.316906753706,6.760416667349
    ));
#3309 = CARTESIAN_POINT('',(-1.075163760468E-16,1.755875671608,
    6.718750000682));
#3310 = CARTESIAN_POINT('',(0.76031646875,1.316906753706,6.677083334016)
  );
#3311 = CARTESIAN_POINT('',(1.5206329375,0.877937835804,6.635416667349)
  );
#3312 = CARTESIAN_POINT('',(1.5206329375,1.862238259587E-16,
    6.593750000682));
#3313 = CARTESIAN_POINT('',(1.5206329375,-0.877937835804,6.552083334016)
  );
#3314 = CARTESIAN_POINT('',(0.76031646875,-1.316906753706,6.510416667349
    ));
#3315 = CARTESIAN_POINT('',(3.225491281404E-16,-1.755875671608,
    6.468750000682));
#3316 = CARTESIAN_POINT('',(-0.760316468749,-1.316906753706,
    6.427083334016));
#3317 = CARTESIAN_POINT('',(-1.5206329375,-0.877937835804,6.385416667349
    ));
#3318 = CARTESIAN_POINT('',(-1.5206329375,0.,6.343750000682));
#3319 = CARTESIAN_POINT('',(-1.5206329375,0.877937835804,6.302083334016)
  );
#3320 = CARTESIAN_POINT('',(-0.76031646875,1.316906753706,6.260416667349
    ));
#3321 = CARTESIAN_POINT('',(-1.075163760468E-16,1.755875671608,
    6.218750000682));
#3322 = CARTESIAN_POINT('',(0.76031646875,1.316906753706,6.177083334016)
  );
#3323 = CARTESIAN_POINT('',(1.5206329375,0.877937835804,6.135416667349)
  );
#3324 = CARTESIAN_POINT('',(1.5206329375,1.862238259587E-16,
    6.093750000682));
#3325 = CARTESIAN_POINT('',(1.5206329375,-0.877937835804,6.052083334016)
  );
#3326 = CARTESIAN_POINT('',(0.76031646875,-1.316906753706,6.010416667349
    ));
#3327 = CARTESIAN_POINT('',(3.225491281404E-16,-1.755875671608,
    5.968750000682));
#3328 = CARTESIAN_POINT('',(-0.760316468749,-1.316906753706,
    5.927083334016));
#3329 = CARTESIAN_POINT('',(-1.5206329375,-0.877937835804,5.885416667349
    ));
#3330 = CARTESIAN_POINT('',(-1.5206329375,0.,5.843750000682));
#3331 = CARTESIAN_POINT('',(-1.5206329375,0.877937835804,5.802083334016)
  );
#3332 = CARTESIAN_POINT('',(-0.76031646875,1.316906753706,5.760416667349
    ));
#3333 = CARTESIAN_POINT('',(-1.075163760468E-16,1.755875671608,
    5.718750000682));
#3334 = CARTESIAN_POINT('',(0.76031646875,1.316906753706,5.677083334016)
  );
#3335 = CARTESIAN_POINT('',(1.5206329375,0.877937835804,5.635416667349)
  );
#3336 = CARTESIAN_POINT('',(1.5206329375,1.862238259587E-16,
    5.593750000682));
#3337 = CARTESIAN_POINT('',(1.5206329375,-0.877937835804,5.552083334016)
  );
#3338 = CARTESIAN_POINT('',(0.76031646875,-1.316906753706,5.510416667349
    ));
#3339 = CARTESIAN_POINT('',(3.225491281404E-16,-1.755875671608,
    5.468750000682));
#3340 = CARTESIAN_POINT('',(-0.760316468749,-1.316906753706,
    5.427083334016));
#3341 = CARTESIAN_POINT('',(-1.5206329375,-0.877937835804,5.385416667349
    ));
#3342 = CARTESIAN_POINT('',(-1.5206329375,0.,5.343750000682));
#3343 = CARTESIAN_POINT('',(-1.5206329375,0.877937835804,5.302083334016)
  );
#3344 = CARTESIAN_POINT('',(-0.76031646875,1.316906753706,5.260416667349
    ));
#3345 = CARTESIAN_POINT('',(-1.075163760468E-16,1.755875671608,
    5.218750000682));
#3346 = CARTESIAN_POINT('',(0.76031646875,1.316906753706,5.177083334016)
  );
#3347 = CARTESIAN_POINT('',(1.5206329375,0.877937835804,5.135416667349)
  );
#3348 = CARTESIAN_POINT('',(1.5206329375,1.862238259587E-16,
    5.093750000682));
#3349 = CARTESIAN_POINT('',(1.5206329375,-0.877937835804,5.052083334016)
  );
#3350 = CARTESIAN_POINT('',(0.76031646875,-1.316906753706,5.010416667349
    ));
#3351 = CARTESIAN_POINT('',(3.225491281404E-16,-1.755875671608,
    4.968750000682));
#3352 = CARTESIAN_POINT('',(-0.760316468749,-1.316906753706,
    4.927083334016));
#3353 = CARTESIAN_POINT('',(-1.5206329375,-0.877937835804,4.885416667349
    ));
#3354 = CARTESIAN_POINT('',(-1.5206329375,0.,4.843750000682));
#3355 = CARTESIAN_POINT('',(-1.5206329375,0.877937835804,4.802083334016)
  );
#3356 = CARTESIAN_POINT('',(-0.76031646875,1.316906753706,4.760416667349
    ));
#3357 = CARTESIAN_POINT('',(-1.075163760468E-16,1.755875671608,
    4.718750000682));
#3358 = CARTESIAN_POINT('',(0.76031646875,1.316906753706,4.677083334016)
  );
#3359 = CARTESIAN_POINT('',(1.5206329375,0.877937835804,4.635416667349)
  );
#3360 = CARTESIAN_POINT('',(1.5206329375,1.862238259587E-16,
    4.593750000682));
#3361 = CARTESIAN_POINT('',(1.5206329375,-0.877937835804,4.552083334016)
  );
#3362 = CARTESIAN_POINT('',(0.76031646875,-1.316906753706,4.510416667349
    ));
#3363 = CARTESIAN_POINT('',(3.225491281404E-16,-1.755875671608,
    4.468750000682));
#3364 = CARTESIAN_POINT('',(-0.760316468749,-1.316906753706,
    4.427083334016));
#3365 = CARTESIAN_POINT('',(-1.5206329375,-0.877937835804,4.385416667349
    ));
#3366 = CARTESIAN_POINT('',(-1.5206329375,0.,4.343750000682));
#3367 = CARTESIAN_POINT('',(-1.5206329375,0.877937835804,4.302083334016)
  );
#3368 = CARTESIAN_POINT('',(-0.76031646875,1.316906753706,4.260416667349
    ));
#3369 = CARTESIAN_POINT('',(-1.075163760468E-16,1.755875671608,
    4.218750000682));
#3370 = CARTESIAN_POINT('',(0.76031646875,1.316906753706,4.177083334016)
  );
#3371 = CARTESIAN_POINT('',(1.5206329375,0.877937835804,4.135416667349)
  );
#3372 = CARTESIAN_POINT('',(1.5206329375,1.862238259587E-16,
    4.093750000682));
#3373 = CARTESIAN_POINT('',(1.5206329375,-0.877937835804,4.052083334016)
  );
#3374 = CARTESIAN_POINT('',(0.76031646875,-1.316906753706,4.010416667349
    ));
#3375 = CARTESIAN_POINT('',(3.225491281404E-16,-1.755875671608,
    3.968750000682));
#3376 = CARTESIAN_POINT('',(-0.760316468749,-1.316906753706,
    3.927083334016));
#3377 = CARTESIAN_POINT('',(-1.5206329375,-0.877937835804,3.885416667349
    ));
#3378 = CARTESIAN_POINT('',(-1.5206329375,0.,3.843750000682));
#3379 = CARTESIAN_POINT('',(-1.5206329375,0.877937835804,3.802083334016)
  );
#3380 = CARTESIAN_POINT('',(-0.76031646875,1.316906753706,3.760416667349
    ));
#3381 = CARTESIAN_POINT('',(-1.075163760468E-16,1.755875671608,
    3.718750000682));
#3382 = CARTESIAN_POINT('',(0.76031646875,1.316906753706,3.677083334016)
  );
#3383 = CARTESIAN_POINT('',(1.5206329375,0.877937835804,3.635416667349)
  );
#3384 = CARTESIAN_POINT('',(1.5206329375,1.862238259587E-16,
    3.593750000682));
#3385 = CARTESIAN_POINT('',(1.5206329375,-0.877937835804,3.552083334016)
  );
#3386 = CARTESIAN_POINT('',(0.76031646875,-1.316906753706,3.510416667349
    ));
#3387 = CARTESIAN_POINT('',(3.225491281404E-16,-1.755875671608,
    3.468750000682));
#3388 = CARTESIAN_POINT('',(-0.760316468749,-1.316906753706,
    3.427083334016));
#3389 = CARTESIAN_POINT('',(-1.5206329375,-0.877937835804,3.385416667349
    ));
#3390 = CARTESIAN_POINT('',(-1.5206329375,0.,3.343750000682));
#3391 = CARTESIAN_POINT('',(-1.5206329375,0.877937835804,3.302083334016)
  );
#3392 = CARTESIAN_POINT('',(-0.76031646875,1.316906753706,3.260416667349
    ));
#3393 = CARTESIAN_POINT('',(-1.075163760468E-16,1.755875671608,
    3.218750000682));
#3394 = CARTESIAN_POINT('',(0.76031646875,1.316906753706,3.177083334016)
  );
#3395 = CARTESIAN_POINT('',(1.5206329375,0.877937835804,3.135416667349)
  );
#3396 = CARTESIAN_POINT('',(1.5206329375,1.862238259587E-16,
    3.093750000682));
#3397 = CARTESIAN_POINT('',(1.5206329375,-0.877937835804,3.052083334016)
  );
#3398 = CARTESIAN_POINT('',(0.76031646875,-1.316906753706,3.010416667349
    ));
#3399 = CARTESIAN_POINT('',(3.225491281404E-16,-1.755875671608,
    2.968750000682));
#3400 = CARTESIAN_POINT('',(-0.760316468749,-1.316906753706,
    2.927083334016));
#3401 = CARTESIAN_POINT('',(-1.5206329375,-0.877937835804,2.885416667349
    ));
#3402 = CARTESIAN_POINT('',(-1.5206329375,0.,2.843750000682));
#3403 = CARTESIAN_POINT('',(-1.5206329375,0.877937835804,2.802083334016)
  );
#3404 = CARTESIAN_POINT('',(-0.76031646875,1.316906753706,2.760416667349
    ));
#3405 = CARTESIAN_POINT('',(-1.075163760468E-16,1.755875671608,
    2.718750000682));
#3406 = CARTESIAN_POINT('',(0.76031646875,1.316906753706,2.677083334016)
  );
#3407 = CARTESIAN_POINT('',(1.5206329375,0.877937835804,2.635416667349)
  );
#3408 = CARTESIAN_POINT('',(1.5206329375,1.862238259587E-16,
    2.593750000682));
#3409 = CARTESIAN_POINT('',(1.5206329375,-0.877937835804,2.552083334016)
  );
#3410 = CARTESIAN_POINT('',(0.76031646875,-1.316906753706,2.510416667349
    ));
#3411 = CARTESIAN_POINT('',(3.225491281404E-16,-1.755875671608,
    2.468750000682));
#3412 = CARTESIAN_POINT('',(-0.760316468749,-1.316906753706,
    2.427083334016));
#3413 = CARTESIAN_POINT('',(-1.5206329375,-0.877937835804,2.385416667349
    ));
#3414 = CARTESIAN_POINT('',(-1.5206329375,0.,2.343750000682));
#3415 = CARTESIAN_POINT('',(-1.5206329375,0.877937835804,2.302083334016)
  );
#3416 = CARTESIAN_POINT('',(-0.76031646875,1.316906753706,2.260416667349
    ));
#3417 = CARTESIAN_POINT('',(-1.075163760468E-16,1.755875671608,
    2.218750000682));
#3418 = CARTESIAN_POINT('',(0.76031646875,1.316906753706,2.177083334016)
  );
#3419 = CARTESIAN_POINT('',(1.5206329375,0.877937835804,2.135416667349)
  );
#3420 = CARTESIAN_POINT('',(1.5206329375,1.862238259587E-16,
    2.093750000682));
#3421 = CARTESIAN_POINT('',(1.5206329375,-0.877937835804,2.052083334016)
  );
#3422 = CARTESIAN_POINT('',(0.76031646875,-1.316906753706,2.010416667349
    ));
#3423 = CARTESIAN_POINT('',(3.225491281404E-16,-1.755875671608,
    1.968750000682));
#3424 = CARTESIAN_POINT('',(-0.760316468749,-1.316906753706,
    1.927083334016));
#3425 = CARTESIAN_POINT('',(-1.5206329375,-0.877937835804,1.885416667349
    ));
#3426 = CARTESIAN_POINT('',(-1.5206329375,0.,1.843750000682));
#3427 = CARTESIAN_POINT('',(-1.5206329375,0.877937835804,1.802083334016)
  );
#3428 = CARTESIAN_POINT('',(-0.76031646875,1.316906753706,1.760416667349
    ));
#3429 = CARTESIAN_POINT('',(-1.075163760468E-16,1.755875671608,
    1.718750000682));
#3430 = CARTESIAN_POINT('',(0.76031646875,1.316906753706,1.677083334016)
  );
#3431 = CARTESIAN_POINT('',(1.5206329375,0.877937835804,1.635416667349)
  );
#3432 = CARTESIAN_POINT('',(1.5206329375,1.862238259587E-16,
    1.593750000682));
#3433 = CARTESIAN_POINT('',(1.5206329375,-0.877937835804,1.552083334016)
  );
#3434 = CARTESIAN_POINT('',(0.76031646875,-1.316906753706,1.510416667349
    ));
#3435 = CARTESIAN_POINT('',(3.225491281404E-16,-1.755875671608,
    1.468750000682));
#3436 = CARTESIAN_POINT('',(-0.760316468749,-1.316906753706,
    1.427083334016));
#3437 = CARTESIAN_POINT('',(-1.5206329375,-0.877937835804,1.385416667349
    ));
#3438 = CARTESIAN_POINT('',(-1.5206329375,0.,1.343750000682));
#3439 = CARTESIAN_POINT('',(-1.5206329375,0.877937835804,1.302083334016)
  );
#3440 = CARTESIAN_POINT('',(-0.76031646875,1.316906753706,1.260416667349
    ));
#3441 = CARTESIAN_POINT('',(-1.075163760468E-16,1.755875671608,
    1.218750000682));
#3442 = CARTESIAN_POINT('',(0.76031646875,1.316906753706,1.177083334016)
  );
#3443 = CARTESIAN_POINT('',(1.5206329375,0.877937835804,1.135416667349)
  );
#3444 = CARTESIAN_POINT('',(1.5206329375,1.862238259587E-16,
    1.093750000682));
#3445 = CARTESIAN_POINT('',(1.5206329375,-0.877937835804,1.052083334016)
  );
#3446 = CARTESIAN_POINT('',(0.76031646875,-1.316906753706,1.010416667349
    ));
#3447 = CARTESIAN_POINT('',(3.225491281404E-16,-1.755875671608,
    0.968750000682));
#3448 = CARTESIAN_POINT('',(-0.760316468749,-1.316906753706,
    0.927083334016));
#3449 = CARTESIAN_POINT('',(-1.5206329375,-0.877937835804,0.885416667349
    ));
#3450 = CARTESIAN_POINT('',(-1.5206329375,0.,0.843750000682));
#3451 = CARTESIAN_POINT('',(-1.5206329375,0.877937835804,0.802083334016)
  );
#3452 = CARTESIAN_POINT('',(-0.76031646875,1.316906753706,0.760416667349
    ));
#3453 = CARTESIAN_POINT('',(-1.075163760468E-16,1.755875671608,
    0.718750000682));
#3454 = CARTESIAN_POINT('',(0.76031646875,1.316906753706,0.677083334016)
  );
#3455 = CARTESIAN_POINT('',(1.5206329375,0.877937835804,0.635416667349)
  );
#3456 = CARTESIAN_POINT('',(1.5206329375,1.862238259587E-16,
    0.593750000682));
#3457 = CARTESIAN_POINT('',(1.5206329375,-0.877937835804,0.552083334016)
  );
#3458 = CARTESIAN_POINT('',(0.76031646875,-1.316906753706,0.510416667349
    ));
#3459 = CARTESIAN_POINT('',(3.225491281404E-16,-1.755875671608,
    0.468750000682));
#3460 = CARTESIAN_POINT('',(-0.760316468749,-1.316906753706,
    0.427083334016));
#3461 = CARTESIAN_POINT('',(-1.5206329375,-0.877937835804,0.385416667349
    ));
#3462 = CARTESIAN_POINT('',(-1.5206329375,0.,0.343750000682));
#3463 = CARTESIAN_POINT('',(-1.5206329375,0.877937835804,0.302083334016)
  );
#3464 = CARTESIAN_POINT('',(-0.76031646875,1.316906753706,0.260416667349
    ));
#3465 = CARTESIAN_POINT('',(-1.075163760468E-16,1.755875671608,
    0.218750000682));
#3466 = CARTESIAN_POINT('',(0.76031646875,1.316906753706,0.177083334016)
  );
#3467 = CARTESIAN_POINT('',(1.5206329375,0.877937835804,0.135416667349)
  );
#3468 = CARTESIAN_POINT('',(1.5206329375,1.862238259587E-16,
    9.3750000682E-02));
#3469 = CARTESIAN_POINT('',(1.5206329375,-0.877937835804,
    5.2083334016E-02));
#3470 = CARTESIAN_POINT('',(0.76031646875,-1.316906753706,
    1.0416667349E-02));
#3471 = CARTESIAN_POINT('',(3.225491281404E-16,-1.755875671608,
    -3.1249999317E-02));
#3472 = CARTESIAN_POINT('',(-0.760316468749,-1.316906753706,
    -7.2916665983E-02));
#3473 = CARTESIAN_POINT('',(-1.5206329375,-0.877937835804,-0.11458333265
    ));
#3474 = CARTESIAN_POINT('',(-1.5206329375,0.,-0.156249999317));
#3475 = CARTESIAN_POINT('',(-1.5206329375,0.877937835804,-0.197916665983
    ));
#3476 = CARTESIAN_POINT('',(-0.76031646875,1.316906753706,-0.23958333265
    ));
#3477 = CARTESIAN_POINT('',(-1.075163760468E-16,1.755875671608,
    -0.281249999317));
#3478 = CARTESIAN_POINT('',(0.76031646875,1.316906753706,-0.322916665983
    ));
#3479 = CARTESIAN_POINT('',(1.5206329375,0.877937835804,-0.36458333265)
  );
#3480 = CARTESIAN_POINT('',(1.5206329375,1.862238259587E-16,
    -0.406249999317));
#3481 = CARTESIAN_POINT('',(1.5206329375,-0.877937835804,-0.447916665983
    ));
#3482 = CARTESIAN_POINT('',(0.76031646875,-1.316906753706,-0.48958333265
    ));
#3483 = CARTESIAN_POINT('',(3.225491281404E-16,-1.755875671608,
    -0.531249999317));
#3484 = CARTESIAN_POINT('',(-0.760316468749,-1.316906753706,
    -0.572916665983));
#3485 = CARTESIAN_POINT('',(-1.5206329375,-0.877937835804,-0.61458333265
    ));
#3486 = CARTESIAN_POINT('',(-1.5206329375,0.,-0.656249999317));
#3487 = CARTESIAN_POINT('',(-1.5206329375,0.877937835804,-0.697916665983
    ));
#3488 = CARTESIAN_POINT('',(-0.76031646875,1.316906753706,-0.73958333265
    ));
#3489 = CARTESIAN_POINT('',(-1.075163760468E-16,1.755875671608,
    -0.781249999317));
#3490 = CARTESIAN_POINT('',(0.76031646875,1.316906753706,-0.822916665983
    ));
#3491 = CARTESIAN_POINT('',(1.5206329375,0.877937835804,-0.86458333265)
  );
#3492 = CARTESIAN_POINT('',(1.5206329375,1.862238259587E-16,
    -0.906249999317));
#3493 = CARTESIAN_POINT('',(1.5206329375,-0.877937835804,-0.947916665983
    ));
#3494 = CARTESIAN_POINT('',(0.76031646875,-1.316906753706,-0.98958333265
    ));
#3495 = CARTESIAN_POINT('',(3.225491281404E-16,-1.755875671608,
    -1.031249999317));
#3496 = CARTESIAN_POINT('',(-0.760316468749,-1.316906753706,
    -1.072916665983));
#3497 = CARTESIAN_POINT('',(-1.5206329375,-0.877937835804,-1.11458333265
    ));
#3498 = CARTESIAN_POINT('',(-1.5206329375,0.,-1.156249999317));
#3499 = CARTESIAN_POINT('',(-1.5206329375,0.877937835804,-1.197916665983
    ));
#3500 = CARTESIAN_POINT('',(-0.76031646875,1.316906753706,-1.23958333265
    ));
#3501 = CARTESIAN_POINT('',(-1.075163760468E-16,1.755875671608,
    -1.281249999317));
#3502 = CARTESIAN_POINT('',(0.76031646875,1.316906753706,-1.322916665983
    ));
#3503 = CARTESIAN_POINT('',(1.5206329375,0.877937835804,-1.36458333265)
  );
#3504 = CARTESIAN_POINT('',(1.5206329375,1.862238259587E-16,
    -1.406249999317));
#3505 = CARTESIAN_POINT('',(1.5206329375,-0.877937835804,-1.447916665983
    ));
#3506 = CARTESIAN_POINT('',(0.76031646875,-1.316906753706,-1.48958333265
    ));
#3507 = CARTESIAN_POINT('',(3.225491281404E-16,-1.755875671608,
    -1.531249999317));
#3508 = CARTESIAN_POINT('',(-0.760316468749,-1.316906753706,
    -1.572916665983));
#3509 = CARTESIAN_POINT('',(-1.5206329375,-0.877937835804,-1.61458333265
    ));
#3510 = CARTESIAN_POINT('',(-1.5206329375,0.,-1.656249999317));
#3511 = CARTESIAN_POINT('',(-1.5206329375,0.877937835804,-1.697916665983
    ));
#3512 = CARTESIAN_POINT('',(-0.76031646875,1.316906753706,-1.73958333265
    ));
#3513 = CARTESIAN_POINT('',(-1.075163760468E-16,1.755875671608,
    -1.781249999317));
#3514 = CARTESIAN_POINT('',(0.76031646875,1.316906753706,-1.822916665983
    ));
#3515 = CARTESIAN_POINT('',(1.5206329375,0.877937835804,-1.86458333265)
  );
#3516 = CARTESIAN_POINT('',(1.5206329375,1.862238259587E-16,
    -1.906249999317));
#3517 = CARTESIAN_POINT('',(1.5206329375,-0.877937835804,-1.947916665983
    ));
#3518 = CARTESIAN_POINT('',(0.76031646875,-1.316906753706,-1.98958333265
    ));
#3519 = CARTESIAN_POINT('',(3.225491281404E-16,-1.755875671608,
    -2.031249999317));
#3520 = CARTESIAN_POINT('',(-0.760316468749,-1.316906753706,
    -2.072916665983));
#3521 = CARTESIAN_POINT('',(-1.5206329375,-0.877937835804,-2.11458333265
    ));
#3522 = CARTESIAN_POINT('',(-1.5206329375,0.,-2.156249999317));
#3523 = CARTESIAN_POINT('',(-1.5206329375,0.877937835804,-2.197916665983
    ));
#3524 = CARTESIAN_POINT('',(-0.76031646875,1.316906753706,-2.23958333265
    ));
#3525 = CARTESIAN_POINT('',(-1.075163760468E-16,1.755875671608,
    -2.281249999317));
#3526 = CARTESIAN_POINT('',(0.76031646875,1.316906753706,-2.322916665983
    ));
#3527 = CARTESIAN_POINT('',(1.5206329375,0.877937835804,-2.36458333265)
  );
#3528 = CARTESIAN_POINT('',(1.5206329375,1.862238259587E-16,
    -2.406249999317));
#3529 = CARTESIAN_POINT('',(1.5206329375,-0.877937835804,-2.447916665983
    ));
#3530 = CARTESIAN_POINT('',(0.76031646875,-1.316906753706,-2.48958333265
    ));
#3531 = CARTESIAN_POINT('',(3.225491281404E-16,-1.755875671608,
    -2.531249999317));
#3532 = CARTESIAN_POINT('',(-0.760316468749,-1.316906753706,
    -2.572916665983));
#3533 = CARTESIAN_POINT('',(-1.5206329375,-0.877937835804,-2.61458333265
    ));
#3534 = CARTESIAN_POINT('',(-1.5206329375,0.,-2.656249999317));
#3535 = ADVANCED_FACE('',(#3536),#3578,.T.);
#3536 = FACE_BOUND('',#3537,.T.);
#3537 = EDGE_LOOP('',(#3538,#3539,#3540,#3541,#3542,#3543,#3544,#3545,
    #3546,#3547,#3548,#3549,#3550,#3551,#3552,#3553,#3554,#3555,#3556,
    #3557,#3558,#3559,#3560,#3561,#3562,#3563,#3564,#3565,#3566,#3567,
    #3568,#3569,#3570,#3571,#3572,#3573,#3574,#3575,#3576,#3577));
#3538 = ORIENTED_EDGE('',*,*,#491,.T.);
#3539 = ORIENTED_EDGE('',*,*,#680,.T.);
#3540 = ORIENTED_EDGE('',*,*,#711,.T.);
#3541 = ORIENTED_EDGE('',*,*,#758,.T.);
#3542 = ORIENTED_EDGE('',*,*,#789,.T.);
#3543 = ORIENTED_EDGE('',*,*,#836,.T.);
#3544 = ORIENTED_EDGE('',*,*,#867,.T.);
#3545 = ORIENTED_EDGE('',*,*,#914,.T.);
#3546 = ORIENTED_EDGE('',*,*,#945,.T.);
#3547 = ORIENTED_EDGE('',*,*,#992,.T.);
#3548 = ORIENTED_EDGE('',*,*,#1023,.T.);
#3549 = ORIENTED_EDGE('',*,*,#1070,.T.);
#3550 = ORIENTED_EDGE('',*,*,#1101,.T.);
#3551 = ORIENTED_EDGE('',*,*,#1148,.T.);
#3552 = ORIENTED_EDGE('',*,*,#1179,.T.);
#3553 = ORIENTED_EDGE('',*,*,#1226,.T.);
#3554 = ORIENTED_EDGE('',*,*,#1257,.T.);
#3555 = ORIENTED_EDGE('',*,*,#1304,.T.);
#3556 = ORIENTED_EDGE('',*,*,#1335,.T.);
#3557 = ORIENTED_EDGE('',*,*,#1382,.T.);
#3558 = ORIENTED_EDGE('',*,*,#1413,.T.);
#3559 = ORIENTED_EDGE('',*,*,#1460,.T.);
#3560 = ORIENTED_EDGE('',*,*,#1491,.T.);
#3561 = ORIENTED_EDGE('',*,*,#1538,.T.);
#3562 = ORIENTED_EDGE('',*,*,#1569,.T.);
#3563 = ORIENTED_EDGE('',*,*,#1616,.T.);
#3564 = ORIENTED_EDGE('',*,*,#1647,.T.);
#3565 = ORIENTED_EDGE('',*,*,#1694,.T.);
#3566 = ORIENTED_EDGE('',*,*,#1725,.T.);
#3567 = ORIENTED_EDGE('',*,*,#1772,.T.);
#3568 = ORIENTED_EDGE('',*,*,#1803,.T.);
#3569 = ORIENTED_EDGE('',*,*,#1850,.T.);
#3570 = ORIENTED_EDGE('',*,*,#1881,.T.);
#3571 = ORIENTED_EDGE('',*,*,#1928,.T.);
#3572 = ORIENTED_EDGE('',*,*,#1954,.T.);
#3573 = ORIENTED_EDGE('',*,*,#637,.F.);
#3574 = ORIENTED_EDGE('',*,*,#542,.F.);
#3575 = ORIENTED_EDGE('',*,*,#587,.F.);
#3576 = ORIENTED_EDGE('',*,*,#1984,.F.);
#3577 = ORIENTED_EDGE('',*,*,#137,.F.);
#3578 = ( BOUNDED_SURFACE() B_SPLINE_SURFACE(1,2,(
    (#3579,#3580,#3581,#3582,#3583,#3584,#3585,#3586,#3587,#3588,#3589
      ,#3590,#3591,#3592,#3593,#3594,#3595,#3596,#3597,#3598,#3599,#3600
      ,#3601,#3602,#3603,#3604,#3605,#3606,#3607,#3608,#3609,#3610,#3611
      ,#3612,#3613,#3614,#3615,#3616,#3617,#3618,#3619,#3620,#3621,#3622
      ,#3623,#3624,#3625,#3626,#3627,#3628,#3629,#3630,#3631,#3632,#3633
      ,#3634,#3635,#3636,#3637,#3638,#3639,#3640,#3641,#3642,#3643,#3644
      ,#3645,#3646,#3647,#3648,#3649,#3650,#3651,#3652,#3653,#3654,#3655
      ,#3656,#3657,#3658,#3659,#3660,#3661,#3662,#3663,#3664,#3665,#3666
      ,#3667,#3668,#3669,#3670,#3671,#3672,#3673,#3674,#3675,#3676,#3677
      ,#3678,#3679,#3680,#3681,#3682,#3683,#3684,#3685,#3686,#3687,#3688
      ,#3689,#3690,#3691,#3692,#3693,#3694,#3695,#3696,#3697,#3698,#3699
      ,#3700,#3701,#3702,#3703,#3704,#3705,#3706,#3707,#3708,#3709,#3710
      ,#3711,#3712,#3713,#3714,#3715,#3716,#3717,#3718,#3719,#3720,#3721
      ,#3722,#3723,#3724,#3725,#3726,#3727,#3728,#3729,#3730,#3731,#3732
      ,#3733,#3734,#3735,#3736,#3737,#3738,#3739,#3740,#3741,#3742,#3743
      ,#3744,#3745,#3746,#3747,#3748,#3749,#3750,#3751,#3752,#3753,#3754
      ,#3755,#3756,#3757,#3758,#3759,#3760,#3761,#3762,#3763,#3764,#3765
      ,#3766,#3767,#3768,#3769,#3770,#3771,#3772,#3773,#3774,#3775,#3776
      ,#3777,#3778,#3779,#3780,#3781,#3782,#3783,#3784,#3785,#3786,#3787
      ,#3788,#3789,#3790,#3791,#3792,#3793,#3794,#3795,#3796,#3797,#3798
      ,#3799,#3800,#3801,#3802,#3803,#3804,#3805,#3806,#3807,#3808,#3809
      ,#3810,#3811,#3812,#3813,#3814,#3815,#3816,#3817,#3818,#3819,#3820
      ,#3821,#3822,#3823,#3824,#3825,#3826,#3827,#3828,#3829,#3830,#3831
      ,#3832,#3833,#3834,#3835,#3836,#3837,#3838,#3839,#3840,#3841,#3842
      ,#3843)
    ,(#3844,#3845,#3846,#3847,#3848,#3849,#3850,#3851,#3852,#3853,#3854
      ,#3855,#3856,#3857,#3858,#3859,#3860,#3861,#3862,#3863,#3864,#3865
      ,#3866,#3867,#3868,#3869,#3870,#3871,#3872,#3873,#3874,#3875,#3876
      ,#3877,#3878,#3879,#3880,#3881,#3882,#3883,#3884,#3885,#3886,#3887
      ,#3888,#3889,#3890,#3891,#3892,#3893,#3894,#3895,#3896,#3897,#3898
      ,#3899,#3900,#3901,#3902,#3903,#3904,#3905,#3906,#3907,#3908,#3909
      ,#3910,#3911,#3912,#3913,#3914,#3915,#3916,#3917,#3918,#3919,#3920
      ,#3921,#3922,#3923,#3924,#3925,#3926,#3927,#3928,#3929,#3930,#3931
      ,#3932,#3933,#3934,#3935,#3936,#3937,#3938,#3939,#3940,#3941,#3942
      ,#3943,#3944,#3945,#3946,#3947,#3948,#3949,#3950,#3951,#3952,#3953
      ,#3954,#3955,#3956,#3957,#3958,#3959,#3960,#3961,#3962,#3963,#3964
      ,#3965,#3966,#3967,#3968,#3969,#3970,#3971,#3972,#3973,#3974,#3975
      ,#3976,#3977,#3978,#3979,#3980,#3981,#3982,#3983,#3984,#3985,#3986
      ,#3987,#3988,#3989,#3990,#3991,#3992,#3993,#3994,#3995,#3996,#3997
      ,#3998,#3999,#4000,#4001,#4002,#4003,#4004,#4005,#4006,#4007,#4008
      ,#4009,#4010,#4011,#4012,#4013,#4014,#4015,#4016,#4017,#4018,#4019
      ,#4020,#4021,#4022,#4023,#4024,#4025,#4026,#4027,#4028,#4029,#4030
      ,#4031,#4032,#4033,#4034,#4035,#4036,#4037,#4038,#4039,#4040,#4041
      ,#4042,#4043,#4044,#4045,#4046,#4047,#4048,#4049,#4050,#4051,#4052
      ,#4053,#4054,#4055,#4056,#4057,#4058,#4059,#4060,#4061,#4062,#4063
      ,#4064,#4065,#4066,#4067,#4068,#4069,#4070,#4071,#4072,#4073,#4074
      ,#4075,#4076,#4077,#4078,#4079,#4080,#4081,#4082,#4083,#4084,#4085
      ,#4086,#4087,#4088,#4089,#4090,#4091,#4092,#4093,#4094,#4095,#4096
      ,#4097,#4098,#4099,#4100,#4101,#4102,#4103,#4104,#4105,#4106,#4107
,#4108
    )),.UNSPECIFIED.,.F.,.F.,.F.) B_SPLINE_SURFACE_WITH_KNOTS((2,2),(3,2
    ,2,2,2,2,2,2,2,2,2,2,2,2,2,2,2,2,2,2,2,2,2,2,2,2,2,2,2,2,2,2,2,2,2,2
    ,2,2,2,2,2,2,2,2,2,2,2,2,2,2,2,2,2,2,2,2,2,2,2,2,2,2,2,2,2,2,2,2,2,2
    ,2,2,2,2,2,2,2,2,2,2,2,2,2,2,2,2,2,2,2,2,2,2,2,2,2,2,2,2,2,2,2,2,2,2
    ,2,2,2,2,2,2,2,2,2,2,2,2,2,2,2,2,2,2,2,2,2,2,2,2,2,2,2,2,3),(0.,1.),
  (0.,7.575757575E-03,1.5151515151E-02,2.2727272727E-02,3.0303030303E-02
    ,3.7878787878E-02,4.5454545454E-02,5.303030303E-02,6.0606060606E-02,
    6.8181818181E-02,7.5757575757E-02,8.3333333333E-02,9.0909090909E-02,
    9.8484848484E-02,0.10606060606,0.113636363636,0.121212121212,
    0.128787878787,0.136363636363,0.143939393939,0.151515151515,
    0.15909090909,0.166666666666,0.174242424242,0.181818181818,
    0.189393939393,0.196969696969,0.204545454545,0.212121212121,
    0.219696969696,0.227272727272,0.234848484848,0.242424242424,0.25,
    0.257575757575,0.265151515151,0.272727272727,0.280303030303,
    0.287878787878,0.295454545454,0.30303030303,0.310606060606,
    0.318181818181,0.325757575757,0.333333333333,0.340909090909,
    0.348484848484,0.35606060606,0.363636363636,0.371212121212,
    0.378787878787,0.386363636363,0.393939393939,0.401515151515,
    0.40909090909,0.416666666666,0.424242424242,0.431818181818,
    0.439393939393,0.446969696969,0.454545454545,0.462121212121,
    0.469696969696,0.477272727272,0.484848484848,0.492424242424,0.5,
    0.507575757575,0.515151515151,0.522727272727,0.530303030303,
    0.537878787878,0.545454545454,0.55303030303,0.560606060606,
    0.568181818181,0.575757575757,0.583333333333,0.590909090909,
    0.598484848484,0.60606060606,0.613636363636,0.621212121212,
    0.628787878787,0.636363636363,0.643939393939,0.651515151515,
    0.65909090909,0.666666666666,0.674242424242,0.681818181818,
    0.689393939393,0.696969696969,0.704545454545,0.712121212121,
    0.719696969696,0.727272727272,0.734848484848,0.742424242424,0.75,
    0.757575757575,0.765151515151,0.772727272727,0.780303030303,
    0.787878787878,0.795454545454,0.80303030303,0.810606060606,
    0.818181818181,0.825757575757,0.833333333333,0.840909090909,
    0.848484848484,0.85606060606,0.863636363636,0.871212121212,
    0.878787878787,0.886363636363,0.893939393939,0.901515151515,
    0.90909090909,0.916666666666,0.924242424242,0.931818181818,
    0.939393939393,0.946969696969,0.954545454545,0.962121212121,
    0.969696969696,0.977272727272,0.984848484848,0.992424242424,1.),
.UNSPECIFIED.) GEOMETRIC_REPRESENTATION_ITEM() RATIONAL_B_SPLINE_SURFACE
((
    (1.,0.866025403784,1.,0.866025403784,1.,0.866025403784,1.
      ,0.866025403784,1.,0.866025403784,1.,0.866025403784,1.
      ,0.866025403784,1.,0.866025403784,1.,0.866025403784,1.
      ,0.866025403784,1.,0.866025403784,1.,0.866025403784,1.
      ,0.866025403784,1.,0.866025403784,1.,0.866025403784,1.
      ,0.866025403784,1.,0.866025403784,1.,0.866025403784,1.
      ,0.866025403784,1.,0.866025403784,1.,0.866025403784,1.
      ,0.866025403784,1.,0.866025403784,1.,0.866025403784,1.
      ,0.866025403784,1.,0.866025403784,1.,0.866025403784,1.
      ,0.866025403784,1.,0.866025403784,1.,0.866025403784,1.
      ,0.866025403784,1.,0.866025403784,1.,0.866025403784,1.
      ,0.866025403784,1.,0.866025403784,1.,0.866025403784,1.
      ,0.866025403784,1.,0.866025403784,1.,0.866025403784,1.
      ,0.866025403784,1.,0.866025403784,1.,0.866025403784,1.
      ,0.866025403784,1.,0.866025403784,1.,0.866025403784,1.
      ,0.866025403784,1.,0.866025403784,1.,0.866025403784,1.
      ,0.866025403784,1.,0.866025403784,1.,0.866025403784,1.
      ,0.866025403784,1.,0.866025403784,1.,0.866025403784,1.
      ,0.866025403784,1.,0.866025403784,1.,0.866025403784,1.
      ,0.866025403784,1.,0.866025403784,1.,0.866025403784,1.
      ,0.866025403784,1.,0.866025403784,1.,0.866025403784,1.
      ,0.866025403784,1.,0.866025403784,1.,0.866025403784,1.
      ,0.866025403784,1.,0.866025403784,1.,0.866025403784,1.
      ,0.866025403784,1.,0.866025403784,1.,0.866025403784,1.
      ,0.866025403784,1.,0.866025403784,1.,0.866025403784,1.
      ,0.866025403784,1.,0.866025403784,1.,0.866025403784,1.
      ,0.866025403784,1.,0.866025403784,1.,0.866025403784,1.
      ,0.866025403784,1.,0.866025403784,1.,0.866025403784,1.
      ,0.866025403784,1.,0.866025403784,1.,0.866025403784,1.
      ,0.866025403784,1.,0.866025403784,1.,0.866025403784,1.
      ,0.866025403784,1.,0.866025403784,1.,0.866025403784,1.
      ,0.866025403784,1.,0.866025403784,1.,0.866025403784,1.
      ,0.866025403784,1.,0.866025403784,1.,0.866025403784,1.
      ,0.866025403784,1.,0.866025403784,1.,0.866025403784,1.
      ,0.866025403784,1.,0.866025403784,1.,0.866025403784,1.
      ,0.866025403784,1.,0.866025403784,1.,0.866025403784,1.
      ,0.866025403784,1.,0.866025403784,1.,0.866025403784,1.
      ,0.866025403784,1.,0.866025403784,1.,0.866025403784,1.
      ,0.866025403784,1.,0.866025403784,1.,0.866025403784,1.
      ,0.866025403784,1.,0.866025403784,1.,0.866025403784,1.
      ,0.866025403784,1.,0.866025403784,1.,0.866025403784,1.
      ,0.866025403784,1.,0.866025403784,1.,0.866025403784,1.
      ,0.866025403784,1.,0.866025403784,1.,0.866025403784,1.
      ,0.866025403784,1.,0.866025403784,1.,0.866025403784,1.)
    ,(1.,0.866025403784,1.,0.866025403784,1.,0.866025403784,1.
      ,0.866025403784,1.,0.866025403784,1.,0.866025403784,1.
      ,0.866025403784,1.,0.866025403784,1.,0.866025403784,1.
      ,0.866025403784,1.,0.866025403784,1.,0.866025403784,1.
      ,0.866025403784,1.,0.866025403784,1.,0.866025403784,1.
      ,0.866025403784,1.,0.866025403784,1.,0.866025403784,1.
      ,0.866025403784,1.,0.866025403784,1.,0.866025403784,1.
      ,0.866025403784,1.,0.866025403784,1.,0.866025403784,1.
      ,0.866025403784,1.,0.866025403784,1.,0.866025403784,1.
      ,0.866025403784,1.,0.866025403784,1.,0.866025403784,1.
      ,0.866025403784,1.,0.866025403784,1.,0.866025403784,1.
      ,0.866025403784,1.,0.866025403784,1.,0.866025403784,1.
      ,0.866025403784,1.,0.866025403784,1.,0.866025403784,1.
      ,0.866025403784,1.,0.866025403784,1.,0.866025403784,1.
      ,0.866025403784,1.,0.866025403784,1.,0.866025403784,1.
      ,0.866025403784,1.,0.866025403784,1.,0.866025403784,1.
      ,0.866025403784,1.,0.866025403784,1.,0.866025403784,1.
      ,0.866025403784,1.,0.866025403784,1.,0.866025403784,1.
      ,0.866025403784,1.,0.866025403784,1.,0.866025403784,1.
      ,0.866025403784,1.,0.866025403784,1.,0.866025403784,1.
      ,0.866025403784,1.,0.866025403784,1.,0.866025403784,1.
      ,0.866025403784,1.,0.866025403784,1.,0.866025403784,1.
      ,0.866025403784,1.,0.866025403784,1.,0.866025403784,1.
      ,0.866025403784,1.,0.866025403784,1.,0.866025403784,1.
      ,0.866025403784,1.,0.866025403784,1.,0.866025403784,1.
      ,0.866025403784,1.,0.866025403784,1.,0.866025403784,1.
      ,0.866025403784,1.,0.866025403784,1.,0.866025403784,1.
      ,0.866025403784,1.,0.866025403784,1.,0.866025403784,1.
      ,0.866025403784,1.,0.866025403784,1.,0.866025403784,1.
      ,0.866025403784,1.,0.866025403784,1.,0.866025403784,1.
      ,0.866025403784,1.,0.866025403784,1.,0.866025403784,1.
      ,0.866025403784,1.,0.866025403784,1.,0.866025403784,1.
      ,0.866025403784,1.,0.866025403784,1.,0.866025403784,1.
      ,0.866025403784,1.,0.866025403784,1.,0.866025403784,1.
      ,0.866025403784,1.,0.866025403784,1.,0.866025403784,1.
      ,0.866025403784,1.,0.866025403784,1.,0.866025403784,1.
      ,0.866025403784,1.,0.866025403784,1.,0.866025403784,1.
      ,0.866025403784,1.,0.866025403784,1.,0.866025403784,1.
      ,0.866025403784,1.,0.866025403784,1.,0.866025403784,1.
      ,0.866025403784,1.,0.866025403784,1.,0.866025403784,1.
      ,0.866025403784,1.,0.866025403784,1.,0.866025403784,1.
      ,0.866025403784,1.,0.866025403784,1.,0.866025403784,1.
      ,0.866025403784,1.,0.866025403784,1.,0.866025403784,1.
      ,0.866025403784,1.,0.866025403784,1.,0.866025403784,1.
))) REPRESENTATION_ITEM('') SURFACE() );
#3579 = CARTESIAN_POINT('',(-1.5206329375,0.,8.281250000682));
#3580 = CARTESIAN_POINT('',(-1.5206329375,0.877937835804,8.239583334016)
  );
#3581 = CARTESIAN_POINT('',(-0.76031646875,1.316906753706,8.197916667349
    ));
#3582 = CARTESIAN_POINT('',(-1.075163760468E-16,1.755875671608,
    8.156250000682));
#3583 = CARTESIAN_POINT('',(0.76031646875,1.316906753706,8.114583334016)
  );
#3584 = CARTESIAN_POINT('',(1.5206329375,0.877937835804,8.072916667349)
  );
#3585 = CARTESIAN_POINT('',(1.5206329375,1.862238259587E-16,
    8.031250000682));
#3586 = CARTESIAN_POINT('',(1.5206329375,-0.877937835804,7.989583334016)
  );
#3587 = CARTESIAN_POINT('',(0.76031646875,-1.316906753706,7.947916667349
    ));
#3588 = CARTESIAN_POINT('',(3.225491281404E-16,-1.755875671608,
    7.906250000682));
#3589 = CARTESIAN_POINT('',(-0.760316468749,-1.316906753706,
    7.864583334016));
#3590 = CARTESIAN_POINT('',(-1.5206329375,-0.877937835804,7.822916667349
    ));
#3591 = CARTESIAN_POINT('',(-1.5206329375,0.,7.781250000682));
#3592 = CARTESIAN_POINT('',(-1.5206329375,0.877937835804,7.739583334016)
  );
#3593 = CARTESIAN_POINT('',(-0.76031646875,1.316906753706,7.697916667349
    ));
#3594 = CARTESIAN_POINT('',(-1.075163760468E-16,1.755875671608,
    7.656250000682));
#3595 = CARTESIAN_POINT('',(0.76031646875,1.316906753706,7.614583334016)
  );
#3596 = CARTESIAN_POINT('',(1.5206329375,0.877937835804,7.572916667349)
  );
#3597 = CARTESIAN_POINT('',(1.5206329375,1.862238259587E-16,
    7.531250000682));
#3598 = CARTESIAN_POINT('',(1.5206329375,-0.877937835804,7.489583334016)
  );
#3599 = CARTESIAN_POINT('',(0.76031646875,-1.316906753706,7.447916667349
    ));
#3600 = CARTESIAN_POINT('',(3.225491281404E-16,-1.755875671608,
    7.406250000682));
#3601 = CARTESIAN_POINT('',(-0.760316468749,-1.316906753706,
    7.364583334016));
#3602 = CARTESIAN_POINT('',(-1.5206329375,-0.877937835804,7.322916667349
    ));
#3603 = CARTESIAN_POINT('',(-1.5206329375,0.,7.281250000682));
#3604 = CARTESIAN_POINT('',(-1.5206329375,0.877937835804,7.239583334016)
  );
#3605 = CARTESIAN_POINT('',(-0.76031646875,1.316906753706,7.197916667349
    ));
#3606 = CARTESIAN_POINT('',(-1.075163760468E-16,1.755875671608,
    7.156250000682));
#3607 = CARTESIAN_POINT('',(0.76031646875,1.316906753706,7.114583334016)
  );
#3608 = CARTESIAN_POINT('',(1.5206329375,0.877937835804,7.072916667349)
  );
#3609 = CARTESIAN_POINT('',(1.5206329375,1.862238259587E-16,
    7.031250000682));
#3610 = CARTESIAN_POINT('',(1.5206329375,-0.877937835804,6.989583334016)
  );
#3611 = CARTESIAN_POINT('',(0.76031646875,-1.316906753706,6.947916667349
    ));
#3612 = CARTESIAN_POINT('',(3.225491281404E-16,-1.755875671608,
    6.906250000682));
#3613 = CARTESIAN_POINT('',(-0.760316468749,-1.316906753706,
    6.864583334016));
#3614 = CARTESIAN_POINT('',(-1.5206329375,-0.877937835804,6.822916667349
    ));
#3615 = CARTESIAN_POINT('',(-1.5206329375,0.,6.781250000682));
#3616 = CARTESIAN_POINT('',(-1.5206329375,0.877937835804,6.739583334016)
  );
#3617 = CARTESIAN_POINT('',(-0.76031646875,1.316906753706,6.697916667349
    ));
#3618 = CARTESIAN_POINT('',(-1.075163760468E-16,1.755875671608,
    6.656250000682));
#3619 = CARTESIAN_POINT('',(0.76031646875,1.316906753706,6.614583334016)
  );
#3620 = CARTESIAN_POINT('',(1.5206329375,0.877937835804,6.572916667349)
  );
#3621 = CARTESIAN_POINT('',(1.5206329375,1.862238259587E-16,
    6.531250000682));
#3622 = CARTESIAN_POINT('',(1.5206329375,-0.877937835804,6.489583334016)
  );
#3623 = CARTESIAN_POINT('',(0.76031646875,-1.316906753706,6.447916667349
    ));
#3624 = CARTESIAN_POINT('',(3.225491281404E-16,-1.755875671608,
    6.406250000682));
#3625 = CARTESIAN_POINT('',(-0.760316468749,-1.316906753706,
    6.364583334016));
#3626 = CARTESIAN_POINT('',(-1.5206329375,-0.877937835804,6.322916667349
    ));
#3627 = CARTESIAN_POINT('',(-1.5206329375,0.,6.281250000682));
#3628 = CARTESIAN_POINT('',(-1.5206329375,0.877937835804,6.239583334016)
  );
#3629 = CARTESIAN_POINT('',(-0.76031646875,1.316906753706,6.197916667349
    ));
#3630 = CARTESIAN_POINT('',(-1.075163760468E-16,1.755875671608,
    6.156250000682));
#3631 = CARTESIAN_POINT('',(0.76031646875,1.316906753706,6.114583334016)
  );
#3632 = CARTESIAN_POINT('',(1.5206329375,0.877937835804,6.072916667349)
  );
#3633 = CARTESIAN_POINT('',(1.5206329375,1.862238259587E-16,
    6.031250000682));
#3634 = CARTESIAN_POINT('',(1.5206329375,-0.877937835804,5.989583334016)
  );
#3635 = CARTESIAN_POINT('',(0.76031646875,-1.316906753706,5.947916667349
    ));
#3636 = CARTESIAN_POINT('',(3.225491281404E-16,-1.755875671608,
    5.906250000682));
#3637 = CARTESIAN_POINT('',(-0.760316468749,-1.316906753706,
    5.864583334016));
#3638 = CARTESIAN_POINT('',(-1.5206329375,-0.877937835804,5.822916667349
    ));
#3639 = CARTESIAN_POINT('',(-1.5206329375,0.,5.781250000682));
#3640 = CARTESIAN_POINT('',(-1.5206329375,0.877937835804,5.739583334016)
  );
#3641 = CARTESIAN_POINT('',(-0.76031646875,1.316906753706,5.697916667349
    ));
#3642 = CARTESIAN_POINT('',(-1.075163760468E-16,1.755875671608,
    5.656250000682));
#3643 = CARTESIAN_POINT('',(0.76031646875,1.316906753706,5.614583334016)
  );
#3644 = CARTESIAN_POINT('',(1.5206329375,0.877937835804,5.572916667349)
  );
#3645 = CARTESIAN_POINT('',(1.5206329375,1.862238259587E-16,
    5.531250000682));
#3646 = CARTESIAN_POINT('',(1.5206329375,-0.877937835804,5.489583334016)
  );
#3647 = CARTESIAN_POINT('',(0.76031646875,-1.316906753706,5.447916667349
    ));
#3648 = CARTESIAN_POINT('',(3.225491281404E-16,-1.755875671608,
    5.406250000682));
#3649 = CARTESIAN_POINT('',(-0.760316468749,-1.316906753706,
    5.364583334016));
#3650 = CARTESIAN_POINT('',(-1.5206329375,-0.877937835804,5.322916667349
    ));
#3651 = CARTESIAN_POINT('',(-1.5206329375,0.,5.281250000682));
#3652 = CARTESIAN_POINT('',(-1.5206329375,0.877937835804,5.239583334016)
  );
#3653 = CARTESIAN_POINT('',(-0.76031646875,1.316906753706,5.197916667349
    ));
#3654 = CARTESIAN_POINT('',(-1.075163760468E-16,1.755875671608,
    5.156250000682));
#3655 = CARTESIAN_POINT('',(0.76031646875,1.316906753706,5.114583334016)
  );
#3656 = CARTESIAN_POINT('',(1.5206329375,0.877937835804,5.072916667349)
  );
#3657 = CARTESIAN_POINT('',(1.5206329375,1.862238259587E-16,
    5.031250000682));
#3658 = CARTESIAN_POINT('',(1.5206329375,-0.877937835804,4.989583334016)
  );
#3659 = CARTESIAN_POINT('',(0.76031646875,-1.316906753706,4.947916667349
    ));
#3660 = CARTESIAN_POINT('',(3.225491281404E-16,-1.755875671608,
    4.906250000682));
#3661 = CARTESIAN_POINT('',(-0.760316468749,-1.316906753706,
    4.864583334016));
#3662 = CARTESIAN_POINT('',(-1.5206329375,-0.877937835804,4.822916667349
    ));
#3663 = CARTESIAN_POINT('',(-1.5206329375,0.,4.781250000682));
#3664 = CARTESIAN_POINT('',(-1.5206329375,0.877937835804,4.739583334016)
  );
#3665 = CARTESIAN_POINT('',(-0.76031646875,1.316906753706,4.697916667349
    ));
#3666 = CARTESIAN_POINT('',(-1.075163760468E-16,1.755875671608,
    4.656250000682));
#3667 = CARTESIAN_POINT('',(0.76031646875,1.316906753706,4.614583334016)
  );
#3668 = CARTESIAN_POINT('',(1.5206329375,0.877937835804,4.572916667349)
  );
#3669 = CARTESIAN_POINT('',(1.5206329375,1.862238259587E-16,
    4.531250000682));
#3670 = CARTESIAN_POINT('',(1.5206329375,-0.877937835804,4.489583334016)
  );
#3671 = CARTESIAN_POINT('',(0.76031646875,-1.316906753706,4.447916667349
    ));
#3672 = CARTESIAN_POINT('',(3.225491281404E-16,-1.755875671608,
    4.406250000682));
#3673 = CARTESIAN_POINT('',(-0.760316468749,-1.316906753706,
    4.364583334016));
#3674 = CARTESIAN_POINT('',(-1.5206329375,-0.877937835804,4.322916667349
    ));
#3675 = CARTESIAN_POINT('',(-1.5206329375,0.,4.281250000682));
#3676 = CARTESIAN_POINT('',(-1.5206329375,0.877937835804,4.239583334016)
  );
#3677 = CARTESIAN_POINT('',(-0.76031646875,1.316906753706,4.197916667349
    ));
#3678 = CARTESIAN_POINT('',(-1.075163760468E-16,1.755875671608,
    4.156250000682));
#3679 = CARTESIAN_POINT('',(0.76031646875,1.316906753706,4.114583334016)
  );
#3680 = CARTESIAN_POINT('',(1.5206329375,0.877937835804,4.072916667349)
  );
#3681 = CARTESIAN_POINT('',(1.5206329375,1.862238259587E-16,
    4.031250000682));
#3682 = CARTESIAN_POINT('',(1.5206329375,-0.877937835804,3.989583334016)
  );
#3683 = CARTESIAN_POINT('',(0.76031646875,-1.316906753706,3.947916667349
    ));
#3684 = CARTESIAN_POINT('',(3.225491281404E-16,-1.755875671608,
    3.906250000682));
#3685 = CARTESIAN_POINT('',(-0.760316468749,-1.316906753706,
    3.864583334016));
#3686 = CARTESIAN_POINT('',(-1.5206329375,-0.877937835804,3.822916667349
    ));
#3687 = CARTESIAN_POINT('',(-1.5206329375,0.,3.781250000682));
#3688 = CARTESIAN_POINT('',(-1.5206329375,0.877937835804,3.739583334016)
  );
#3689 = CARTESIAN_POINT('',(-0.76031646875,1.316906753706,3.697916667349
    ));
#3690 = CARTESIAN_POINT('',(-1.075163760468E-16,1.755875671608,
    3.656250000682));
#3691 = CARTESIAN_POINT('',(0.76031646875,1.316906753706,3.614583334016)
  );
#3692 = CARTESIAN_POINT('',(1.5206329375,0.877937835804,3.572916667349)
  );
#3693 = CARTESIAN_POINT('',(1.5206329375,1.862238259587E-16,
    3.531250000682));
#3694 = CARTESIAN_POINT('',(1.5206329375,-0.877937835804,3.489583334016)
  );
#3695 = CARTESIAN_POINT('',(0.76031646875,-1.316906753706,3.447916667349
    ));
#3696 = CARTESIAN_POINT('',(3.225491281404E-16,-1.755875671608,
    3.406250000682));
#3697 = CARTESIAN_POINT('',(-0.760316468749,-1.316906753706,
    3.364583334016));
#3698 = CARTESIAN_POINT('',(-1.5206329375,-0.877937835804,3.322916667349
    ));
#3699 = CARTESIAN_POINT('',(-1.5206329375,0.,3.281250000682));
#3700 = CARTESIAN_POINT('',(-1.5206329375,0.877937835804,3.239583334016)
  );
#3701 = CARTESIAN_POINT('',(-0.76031646875,1.316906753706,3.197916667349
    ));
#3702 = CARTESIAN_POINT('',(-1.075163760468E-16,1.755875671608,
    3.156250000682));
#3703 = CARTESIAN_POINT('',(0.76031646875,1.316906753706,3.114583334016)
  );
#3704 = CARTESIAN_POINT('',(1.5206329375,0.877937835804,3.072916667349)
  );
#3705 = CARTESIAN_POINT('',(1.5206329375,1.862238259587E-16,
    3.031250000682));
#3706 = CARTESIAN_POINT('',(1.5206329375,-0.877937835804,2.989583334016)
  );
#3707 = CARTESIAN_POINT('',(0.76031646875,-1.316906753706,2.947916667349
    ));
#3708 = CARTESIAN_POINT('',(3.225491281404E-16,-1.755875671608,
    2.906250000682));
#3709 = CARTESIAN_POINT('',(-0.760316468749,-1.316906753706,
    2.864583334016));
#3710 = CARTESIAN_POINT('',(-1.5206329375,-0.877937835804,2.822916667349
    ));
#3711 = CARTESIAN_POINT('',(-1.5206329375,0.,2.781250000682));
#3712 = CARTESIAN_POINT('',(-1.5206329375,0.877937835804,2.739583334016)
  );
#3713 = CARTESIAN_POINT('',(-0.76031646875,1.316906753706,2.697916667349
    ));
#3714 = CARTESIAN_POINT('',(-1.075163760468E-16,1.755875671608,
    2.656250000682));
#3715 = CARTESIAN_POINT('',(0.76031646875,1.316906753706,2.614583334016)
  );
#3716 = CARTESIAN_POINT('',(1.5206329375,0.877937835804,2.572916667349)
  );
#3717 = CARTESIAN_POINT('',(1.5206329375,1.862238259587E-16,
    2.531250000682));
#3718 = CARTESIAN_POINT('',(1.5206329375,-0.877937835804,2.489583334016)
  );
#3719 = CARTESIAN_POINT('',(0.76031646875,-1.316906753706,2.447916667349
    ));
#3720 = CARTESIAN_POINT('',(3.225491281404E-16,-1.755875671608,
    2.406250000682));
#3721 = CARTESIAN_POINT('',(-0.760316468749,-1.316906753706,
    2.364583334016));
#3722 = CARTESIAN_POINT('',(-1.5206329375,-0.877937835804,2.322916667349
    ));
#3723 = CARTESIAN_POINT('',(-1.5206329375,0.,2.281250000682));
#3724 = CARTESIAN_POINT('',(-1.5206329375,0.877937835804,2.239583334016)
  );
#3725 = CARTESIAN_POINT('',(-0.76031646875,1.316906753706,2.197916667349
    ));
#3726 = CARTESIAN_POINT('',(-1.075163760468E-16,1.755875671608,
    2.156250000682));
#3727 = CARTESIAN_POINT('',(0.76031646875,1.316906753706,2.114583334016)
  );
#3728 = CARTESIAN_POINT('',(1.5206329375,0.877937835804,2.072916667349)
  );
#3729 = CARTESIAN_POINT('',(1.5206329375,1.862238259587E-16,
    2.031250000682));
#3730 = CARTESIAN_POINT('',(1.5206329375,-0.877937835804,1.989583334016)
  );
#3731 = CARTESIAN_POINT('',(0.76031646875,-1.316906753706,1.947916667349
    ));
#3732 = CARTESIAN_POINT('',(3.225491281404E-16,-1.755875671608,
    1.906250000682));
#3733 = CARTESIAN_POINT('',(-0.760316468749,-1.316906753706,
    1.864583334016));
#3734 = CARTESIAN_POINT('',(-1.5206329375,-0.877937835804,1.822916667349
    ));
#3735 = CARTESIAN_POINT('',(-1.5206329375,0.,1.781250000682));
#3736 = CARTESIAN_POINT('',(-1.5206329375,0.877937835804,1.739583334016)
  );
#3737 = CARTESIAN_POINT('',(-0.76031646875,1.316906753706,1.697916667349
    ));
#3738 = CARTESIAN_POINT('',(-1.075163760468E-16,1.755875671608,
    1.656250000682));
#3739 = CARTESIAN_POINT('',(0.76031646875,1.316906753706,1.614583334016)
  );
#3740 = CARTESIAN_POINT('',(1.5206329375,0.877937835804,1.572916667349)
  );
#3741 = CARTESIAN_POINT('',(1.5206329375,1.862238259587E-16,
    1.531250000682));
#3742 = CARTESIAN_POINT('',(1.5206329375,-0.877937835804,1.489583334016)
  );
#3743 = CARTESIAN_POINT('',(0.76031646875,-1.316906753706,1.447916667349
    ));
#3744 = CARTESIAN_POINT('',(3.225491281404E-16,-1.755875671608,
    1.406250000682));
#3745 = CARTESIAN_POINT('',(-0.760316468749,-1.316906753706,
    1.364583334016));
#3746 = CARTESIAN_POINT('',(-1.5206329375,-0.877937835804,1.322916667349
    ));
#3747 = CARTESIAN_POINT('',(-1.5206329375,0.,1.281250000682));
#3748 = CARTESIAN_POINT('',(-1.5206329375,0.877937835804,1.239583334016)
  );
#3749 = CARTESIAN_POINT('',(-0.76031646875,1.316906753706,1.197916667349
    ));
#3750 = CARTESIAN_POINT('',(-1.075163760468E-16,1.755875671608,
    1.156250000682));
#3751 = CARTESIAN_POINT('',(0.76031646875,1.316906753706,1.114583334016)
  );
#3752 = CARTESIAN_POINT('',(1.5206329375,0.877937835804,1.072916667349)
  );
#3753 = CARTESIAN_POINT('',(1.5206329375,1.862238259587E-16,
    1.031250000682));
#3754 = CARTESIAN_POINT('',(1.5206329375,-0.877937835804,0.989583334016)
  );
#3755 = CARTESIAN_POINT('',(0.76031646875,-1.316906753706,0.947916667349
    ));
#3756 = CARTESIAN_POINT('',(3.225491281404E-16,-1.755875671608,
    0.906250000682));
#3757 = CARTESIAN_POINT('',(-0.760316468749,-1.316906753706,
    0.864583334016));
#3758 = CARTESIAN_POINT('',(-1.5206329375,-0.877937835804,0.822916667349
    ));
#3759 = CARTESIAN_POINT('',(-1.5206329375,0.,0.781250000682));
#3760 = CARTESIAN_POINT('',(-1.5206329375,0.877937835804,0.739583334016)
  );
#3761 = CARTESIAN_POINT('',(-0.76031646875,1.316906753706,0.697916667349
    ));
#3762 = CARTESIAN_POINT('',(-1.075163760468E-16,1.755875671608,
    0.656250000682));
#3763 = CARTESIAN_POINT('',(0.76031646875,1.316906753706,0.614583334016)
  );
#3764 = CARTESIAN_POINT('',(1.5206329375,0.877937835804,0.572916667349)
  );
#3765 = CARTESIAN_POINT('',(1.5206329375,1.862238259587E-16,
    0.531250000682));
#3766 = CARTESIAN_POINT('',(1.5206329375,-0.877937835804,0.489583334016)
  );
#3767 = CARTESIAN_POINT('',(0.76031646875,-1.316906753706,0.447916667349
    ));
#3768 = CARTESIAN_POINT('',(3.225491281404E-16,-1.755875671608,
    0.406250000682));
#3769 = CARTESIAN_POINT('',(-0.760316468749,-1.316906753706,
    0.364583334016));
#3770 = CARTESIAN_POINT('',(-1.5206329375,-0.877937835804,0.322916667349
    ));
#3771 = CARTESIAN_POINT('',(-1.5206329375,0.,0.281250000682));
#3772 = CARTESIAN_POINT('',(-1.5206329375,0.877937835804,0.239583334016)
  );
#3773 = CARTESIAN_POINT('',(-0.76031646875,1.316906753706,0.197916667349
    ));
#3774 = CARTESIAN_POINT('',(-1.075163760468E-16,1.755875671608,
    0.156250000682));
#3775 = CARTESIAN_POINT('',(0.76031646875,1.316906753706,0.114583334016)
  );
#3776 = CARTESIAN_POINT('',(1.5206329375,0.877937835804,7.2916667349E-02
    ));
#3777 = CARTESIAN_POINT('',(1.5206329375,1.862238259587E-16,
    3.1250000682E-02));
#3778 = CARTESIAN_POINT('',(1.5206329375,-0.877937835804,
    -1.0416665983E-02));
#3779 = CARTESIAN_POINT('',(0.76031646875,-1.316906753706,
    -5.208333265E-02));
#3780 = CARTESIAN_POINT('',(3.225491281404E-16,-1.755875671608,
    -9.3749999317E-02));
#3781 = CARTESIAN_POINT('',(-0.760316468749,-1.316906753706,
    -0.135416665983));
#3782 = CARTESIAN_POINT('',(-1.5206329375,-0.877937835804,-0.17708333265
    ));
#3783 = CARTESIAN_POINT('',(-1.5206329375,0.,-0.218749999317));
#3784 = CARTESIAN_POINT('',(-1.5206329375,0.877937835804,-0.260416665983
    ));
#3785 = CARTESIAN_POINT('',(-0.76031646875,1.316906753706,-0.30208333265
    ));
#3786 = CARTESIAN_POINT('',(-1.075163760468E-16,1.755875671608,
    -0.343749999317));
#3787 = CARTESIAN_POINT('',(0.76031646875,1.316906753706,-0.385416665983
    ));
#3788 = CARTESIAN_POINT('',(1.5206329375,0.877937835804,-0.42708333265)
  );
#3789 = CARTESIAN_POINT('',(1.5206329375,1.862238259587E-16,
    -0.468749999317));
#3790 = CARTESIAN_POINT('',(1.5206329375,-0.877937835804,-0.510416665983
    ));
#3791 = CARTESIAN_POINT('',(0.76031646875,-1.316906753706,-0.55208333265
    ));
#3792 = CARTESIAN_POINT('',(3.225491281404E-16,-1.755875671608,
    -0.593749999317));
#3793 = CARTESIAN_POINT('',(-0.760316468749,-1.316906753706,
    -0.635416665983));
#3794 = CARTESIAN_POINT('',(-1.5206329375,-0.877937835804,-0.67708333265
    ));
#3795 = CARTESIAN_POINT('',(-1.5206329375,0.,-0.718749999317));
#3796 = CARTESIAN_POINT('',(-1.5206329375,0.877937835804,-0.760416665983
    ));
#3797 = CARTESIAN_POINT('',(-0.76031646875,1.316906753706,-0.80208333265
    ));
#3798 = CARTESIAN_POINT('',(-1.075163760468E-16,1.755875671608,
    -0.843749999317));
#3799 = CARTESIAN_POINT('',(0.76031646875,1.316906753706,-0.885416665983
    ));
#3800 = CARTESIAN_POINT('',(1.5206329375,0.877937835804,-0.92708333265)
  );
#3801 = CARTESIAN_POINT('',(1.5206329375,1.862238259587E-16,
    -0.968749999317));
#3802 = CARTESIAN_POINT('',(1.5206329375,-0.877937835804,-1.010416665983
    ));
#3803 = CARTESIAN_POINT('',(0.76031646875,-1.316906753706,-1.05208333265
    ));
#3804 = CARTESIAN_POINT('',(3.225491281404E-16,-1.755875671608,
    -1.093749999317));
#3805 = CARTESIAN_POINT('',(-0.760316468749,-1.316906753706,
    -1.135416665983));
#3806 = CARTESIAN_POINT('',(-1.5206329375,-0.877937835804,-1.17708333265
    ));
#3807 = CARTESIAN_POINT('',(-1.5206329375,0.,-1.218749999317));
#3808 = CARTESIAN_POINT('',(-1.5206329375,0.877937835804,-1.260416665983
    ));
#3809 = CARTESIAN_POINT('',(-0.76031646875,1.316906753706,-1.30208333265
    ));
#3810 = CARTESIAN_POINT('',(-1.075163760468E-16,1.755875671608,
    -1.343749999317));
#3811 = CARTESIAN_POINT('',(0.76031646875,1.316906753706,-1.385416665983
    ));
#3812 = CARTESIAN_POINT('',(1.5206329375,0.877937835804,-1.42708333265)
  );
#3813 = CARTESIAN_POINT('',(1.5206329375,1.862238259587E-16,
    -1.468749999317));
#3814 = CARTESIAN_POINT('',(1.5206329375,-0.877937835804,-1.510416665983
    ));
#3815 = CARTESIAN_POINT('',(0.76031646875,-1.316906753706,-1.55208333265
    ));
#3816 = CARTESIAN_POINT('',(3.225491281404E-16,-1.755875671608,
    -1.593749999317));
#3817 = CARTESIAN_POINT('',(-0.760316468749,-1.316906753706,
    -1.635416665983));
#3818 = CARTESIAN_POINT('',(-1.5206329375,-0.877937835804,-1.67708333265
    ));
#3819 = CARTESIAN_POINT('',(-1.5206329375,0.,-1.718749999317));
#3820 = CARTESIAN_POINT('',(-1.5206329375,0.877937835804,-1.760416665983
    ));
#3821 = CARTESIAN_POINT('',(-0.76031646875,1.316906753706,-1.80208333265
    ));
#3822 = CARTESIAN_POINT('',(-1.075163760468E-16,1.755875671608,
    -1.843749999317));
#3823 = CARTESIAN_POINT('',(0.76031646875,1.316906753706,-1.885416665983
    ));
#3824 = CARTESIAN_POINT('',(1.5206329375,0.877937835804,-1.92708333265)
  );
#3825 = CARTESIAN_POINT('',(1.5206329375,1.862238259587E-16,
    -1.968749999317));
#3826 = CARTESIAN_POINT('',(1.5206329375,-0.877937835804,-2.010416665983
    ));
#3827 = CARTESIAN_POINT('',(0.76031646875,-1.316906753706,-2.05208333265
    ));
#3828 = CARTESIAN_POINT('',(3.225491281404E-16,-1.755875671608,
    -2.093749999317));
#3829 = CARTESIAN_POINT('',(-0.760316468749,-1.316906753706,
    -2.135416665983));
#3830 = CARTESIAN_POINT('',(-1.5206329375,-0.877937835804,-2.17708333265
    ));
#3831 = CARTESIAN_POINT('',(-1.5206329375,0.,-2.218749999317));
#3832 = CARTESIAN_POINT('',(-1.5206329375,0.877937835804,-2.260416665983
    ));
#3833 = CARTESIAN_POINT('',(-0.76031646875,1.316906753706,-2.30208333265
    ));
#3834 = CARTESIAN_POINT('',(-1.075163760468E-16,1.755875671608,
    -2.343749999317));
#3835 = CARTESIAN_POINT('',(0.76031646875,1.316906753706,-2.385416665983
    ));
#3836 = CARTESIAN_POINT('',(1.5206329375,0.877937835804,-2.42708333265)
  );
#3837 = CARTESIAN_POINT('',(1.5206329375,1.862238259587E-16,
    -2.468749999317));
#3838 = CARTESIAN_POINT('',(1.5206329375,-0.877937835804,-2.510416665983
    ));
#3839 = CARTESIAN_POINT('',(0.76031646875,-1.316906753706,-2.55208333265
    ));
#3840 = CARTESIAN_POINT('',(3.225491281404E-16,-1.755875671608,
    -2.593749999317));
#3841 = CARTESIAN_POINT('',(-0.760316468749,-1.316906753706,
    -2.635416665983));
#3842 = CARTESIAN_POINT('',(-1.5206329375,-0.877937835804,-2.67708333265
    ));
#3843 = CARTESIAN_POINT('',(-1.5206329375,0.,-2.718749999317));
#3844 = CARTESIAN_POINT('',(-1.25,0.,8.125000001365));
#3845 = CARTESIAN_POINT('',(-1.25,0.721687836487,8.083333334698));
#3846 = CARTESIAN_POINT('',(-0.625,1.08253175473,8.041666668032));
#3847 = CARTESIAN_POINT('',(-8.838126989374E-17,1.443375672974,
    8.000000001365));
#3848 = CARTESIAN_POINT('',(0.625,1.08253175473,7.958333334698));
#3849 = CARTESIAN_POINT('',(1.25,0.721687836487,7.916666668032));
#3850 = CARTESIAN_POINT('',(1.25,1.530808498934E-16,7.875000001365));
#3851 = CARTESIAN_POINT('',(1.25,-0.721687836487,7.833333334698));
#3852 = CARTESIAN_POINT('',(0.625,-1.08253175473,7.791666668032));
#3853 = CARTESIAN_POINT('',(2.651438096812E-16,-1.443375672974,
    7.750000001365));
#3854 = CARTESIAN_POINT('',(-0.624999999999,-1.08253175473,
    7.708333334698));
#3855 = CARTESIAN_POINT('',(-1.25,-0.721687836487,7.666666668032));
#3856 = CARTESIAN_POINT('',(-1.25,0.,7.625000001365));
#3857 = CARTESIAN_POINT('',(-1.25,0.721687836487,7.583333334698));
#3858 = CARTESIAN_POINT('',(-0.625,1.08253175473,7.541666668032));
#3859 = CARTESIAN_POINT('',(-8.838126989374E-17,1.443375672974,
    7.500000001365));
#3860 = CARTESIAN_POINT('',(0.625,1.08253175473,7.458333334698));
#3861 = CARTESIAN_POINT('',(1.25,0.721687836487,7.416666668032));
#3862 = CARTESIAN_POINT('',(1.25,1.530808498934E-16,7.375000001365));
#3863 = CARTESIAN_POINT('',(1.25,-0.721687836487,7.333333334698));
#3864 = CARTESIAN_POINT('',(0.625,-1.08253175473,7.291666668032));
#3865 = CARTESIAN_POINT('',(2.651438096812E-16,-1.443375672974,
    7.250000001365));
#3866 = CARTESIAN_POINT('',(-0.624999999999,-1.08253175473,
    7.208333334698));
#3867 = CARTESIAN_POINT('',(-1.25,-0.721687836487,7.166666668032));
#3868 = CARTESIAN_POINT('',(-1.25,0.,7.125000001365));
#3869 = CARTESIAN_POINT('',(-1.25,0.721687836487,7.083333334698));
#3870 = CARTESIAN_POINT('',(-0.625,1.08253175473,7.041666668032));
#3871 = CARTESIAN_POINT('',(-8.838126989374E-17,1.443375672974,
    7.000000001365));
#3872 = CARTESIAN_POINT('',(0.625,1.08253175473,6.958333334698));
#3873 = CARTESIAN_POINT('',(1.25,0.721687836487,6.916666668032));
#3874 = CARTESIAN_POINT('',(1.25,1.530808498934E-16,6.875000001365));
#3875 = CARTESIAN_POINT('',(1.25,-0.721687836487,6.833333334698));
#3876 = CARTESIAN_POINT('',(0.625,-1.08253175473,6.791666668032));
#3877 = CARTESIAN_POINT('',(2.651438096812E-16,-1.443375672974,
    6.750000001365));
#3878 = CARTESIAN_POINT('',(-0.624999999999,-1.08253175473,
    6.708333334698));
#3879 = CARTESIAN_POINT('',(-1.25,-0.721687836487,6.666666668032));
#3880 = CARTESIAN_POINT('',(-1.25,0.,6.625000001365));
#3881 = CARTESIAN_POINT('',(-1.25,0.721687836487,6.583333334698));
#3882 = CARTESIAN_POINT('',(-0.625,1.08253175473,6.541666668032));
#3883 = CARTESIAN_POINT('',(-8.838126989374E-17,1.443375672974,
    6.500000001365));
#3884 = CARTESIAN_POINT('',(0.625,1.08253175473,6.458333334698));
#3885 = CARTESIAN_POINT('',(1.25,0.721687836487,6.416666668032));
#3886 = CARTESIAN_POINT('',(1.25,1.530808498934E-16,6.375000001365));
#3887 = CARTESIAN_POINT('',(1.25,-0.721687836487,6.333333334698));
#3888 = CARTESIAN_POINT('',(0.625,-1.08253175473,6.291666668032));
#3889 = CARTESIAN_POINT('',(2.651438096812E-16,-1.443375672974,
    6.250000001365));
#3890 = CARTESIAN_POINT('',(-0.624999999999,-1.08253175473,
    6.208333334698));
#3891 = CARTESIAN_POINT('',(-1.25,-0.721687836487,6.166666668032));
#3892 = CARTESIAN_POINT('',(-1.25,0.,6.125000001365));
#3893 = CARTESIAN_POINT('',(-1.25,0.721687836487,6.083333334698));
#3894 = CARTESIAN_POINT('',(-0.625,1.08253175473,6.041666668032));
#3895 = CARTESIAN_POINT('',(-8.838126989374E-17,1.443375672974,
    6.000000001365));
#3896 = CARTESIAN_POINT('',(0.625,1.08253175473,5.958333334698));
#3897 = CARTESIAN_POINT('',(1.25,0.721687836487,5.916666668032));
#3898 = CARTESIAN_POINT('',(1.25,1.530808498934E-16,5.875000001365));
#3899 = CARTESIAN_POINT('',(1.25,-0.721687836487,5.833333334698));
#3900 = CARTESIAN_POINT('',(0.625,-1.08253175473,5.791666668032));
#3901 = CARTESIAN_POINT('',(2.651438096812E-16,-1.443375672974,
    5.750000001365));
#3902 = CARTESIAN_POINT('',(-0.624999999999,-1.08253175473,
    5.708333334698));
#3903 = CARTESIAN_POINT('',(-1.25,-0.721687836487,5.666666668032));
#3904 = CARTESIAN_POINT('',(-1.25,0.,5.625000001365));
#3905 = CARTESIAN_POINT('',(-1.25,0.721687836487,5.583333334698));
#3906 = CARTESIAN_POINT('',(-0.625,1.08253175473,5.541666668032));
#3907 = CARTESIAN_POINT('',(-8.838126989374E-17,1.443375672974,
    5.500000001365));
#3908 = CARTESIAN_POINT('',(0.625,1.08253175473,5.458333334698));
#3909 = CARTESIAN_POINT('',(1.25,0.721687836487,5.416666668032));
#3910 = CARTESIAN_POINT('',(1.25,1.530808498934E-16,5.375000001365));
#3911 = CARTESIAN_POINT('',(1.25,-0.721687836487,5.333333334698));
#3912 = CARTESIAN_POINT('',(0.625,-1.08253175473,5.291666668032));
#3913 = CARTESIAN_POINT('',(2.651438096812E-16,-1.443375672974,
    5.250000001365));
#3914 = CARTESIAN_POINT('',(-0.624999999999,-1.08253175473,
    5.208333334698));
#3915 = CARTESIAN_POINT('',(-1.25,-0.721687836487,5.166666668032));
#3916 = CARTESIAN_POINT('',(-1.25,0.,5.125000001365));
#3917 = CARTESIAN_POINT('',(-1.25,0.721687836487,5.083333334698));
#3918 = CARTESIAN_POINT('',(-0.625,1.08253175473,5.041666668032));
#3919 = CARTESIAN_POINT('',(-8.838126989374E-17,1.443375672974,
    5.000000001365));
#3920 = CARTESIAN_POINT('',(0.625,1.08253175473,4.958333334698));
#3921 = CARTESIAN_POINT('',(1.25,0.721687836487,4.916666668032));
#3922 = CARTESIAN_POINT('',(1.25,1.530808498934E-16,4.875000001365));
#3923 = CARTESIAN_POINT('',(1.25,-0.721687836487,4.833333334698));
#3924 = CARTESIAN_POINT('',(0.625,-1.08253175473,4.791666668032));
#3925 = CARTESIAN_POINT('',(2.651438096812E-16,-1.443375672974,
    4.750000001365));
#3926 = CARTESIAN_POINT('',(-0.624999999999,-1.08253175473,
    4.708333334698));
#3927 = CARTESIAN_POINT('',(-1.25,-0.721687836487,4.666666668032));
#3928 = CARTESIAN_POINT('',(-1.25,0.,4.625000001365));
#3929 = CARTESIAN_POINT('',(-1.25,0.721687836487,4.583333334698));
#3930 = CARTESIAN_POINT('',(-0.625,1.08253175473,4.541666668032));
#3931 = CARTESIAN_POINT('',(-8.838126989374E-17,1.443375672974,
    4.500000001365));
#3932 = CARTESIAN_POINT('',(0.625,1.08253175473,4.458333334698));
#3933 = CARTESIAN_POINT('',(1.25,0.721687836487,4.416666668032));
#3934 = CARTESIAN_POINT('',(1.25,1.530808498934E-16,4.375000001365));
#3935 = CARTESIAN_POINT('',(1.25,-0.721687836487,4.333333334698));
#3936 = CARTESIAN_POINT('',(0.625,-1.08253175473,4.291666668032));
#3937 = CARTESIAN_POINT('',(2.651438096812E-16,-1.443375672974,
    4.250000001365));
#3938 = CARTESIAN_POINT('',(-0.624999999999,-1.08253175473,
    4.208333334698));
#3939 = CARTESIAN_POINT('',(-1.25,-0.721687836487,4.166666668032));
#3940 = CARTESIAN_POINT('',(-1.25,0.,4.125000001365));
#3941 = CARTESIAN_POINT('',(-1.25,0.721687836487,4.083333334698));
#3942 = CARTESIAN_POINT('',(-0.625,1.08253175473,4.041666668032));
#3943 = CARTESIAN_POINT('',(-8.838126989374E-17,1.443375672974,
    4.000000001365));
#3944 = CARTESIAN_POINT('',(0.625,1.08253175473,3.958333334698));
#3945 = CARTESIAN_POINT('',(1.25,0.721687836487,3.916666668032));
#3946 = CARTESIAN_POINT('',(1.25,1.530808498934E-16,3.875000001365));
#3947 = CARTESIAN_POINT('',(1.25,-0.721687836487,3.833333334698));
#3948 = CARTESIAN_POINT('',(0.625,-1.08253175473,3.791666668032));
#3949 = CARTESIAN_POINT('',(2.651438096812E-16,-1.443375672974,
    3.750000001365));
#3950 = CARTESIAN_POINT('',(-0.624999999999,-1.08253175473,
    3.708333334698));
#3951 = CARTESIAN_POINT('',(-1.25,-0.721687836487,3.666666668032));
#3952 = CARTESIAN_POINT('',(-1.25,0.,3.625000001365));
#3953 = CARTESIAN_POINT('',(-1.25,0.721687836487,3.583333334698));
#3954 = CARTESIAN_POINT('',(-0.625,1.08253175473,3.541666668032));
#3955 = CARTESIAN_POINT('',(-8.838126989374E-17,1.443375672974,
    3.500000001365));
#3956 = CARTESIAN_POINT('',(0.625,1.08253175473,3.458333334698));
#3957 = CARTESIAN_POINT('',(1.25,0.721687836487,3.416666668032));
#3958 = CARTESIAN_POINT('',(1.25,1.530808498934E-16,3.375000001365));
#3959 = CARTESIAN_POINT('',(1.25,-0.721687836487,3.333333334698));
#3960 = CARTESIAN_POINT('',(0.625,-1.08253175473,3.291666668032));
#3961 = CARTESIAN_POINT('',(2.651438096812E-16,-1.443375672974,
    3.250000001365));
#3962 = CARTESIAN_POINT('',(-0.624999999999,-1.08253175473,
    3.208333334698));
#3963 = CARTESIAN_POINT('',(-1.25,-0.721687836487,3.166666668032));
#3964 = CARTESIAN_POINT('',(-1.25,0.,3.125000001365));
#3965 = CARTESIAN_POINT('',(-1.25,0.721687836487,3.083333334698));
#3966 = CARTESIAN_POINT('',(-0.625,1.08253175473,3.041666668032));
#3967 = CARTESIAN_POINT('',(-8.838126989374E-17,1.443375672974,
    3.000000001365));
#3968 = CARTESIAN_POINT('',(0.625,1.08253175473,2.958333334698));
#3969 = CARTESIAN_POINT('',(1.25,0.721687836487,2.916666668032));
#3970 = CARTESIAN_POINT('',(1.25,1.530808498934E-16,2.875000001365));
#3971 = CARTESIAN_POINT('',(1.25,-0.721687836487,2.833333334698));
#3972 = CARTESIAN_POINT('',(0.625,-1.08253175473,2.791666668032));
#3973 = CARTESIAN_POINT('',(2.651438096812E-16,-1.443375672974,
    2.750000001365));
#3974 = CARTESIAN_POINT('',(-0.624999999999,-1.08253175473,
    2.708333334698));
#3975 = CARTESIAN_POINT('',(-1.25,-0.721687836487,2.666666668032));
#3976 = CARTESIAN_POINT('',(-1.25,0.,2.625000001365));
#3977 = CARTESIAN_POINT('',(-1.25,0.721687836487,2.583333334698));
#3978 = CARTESIAN_POINT('',(-0.625,1.08253175473,2.541666668032));
#3979 = CARTESIAN_POINT('',(-8.838126989374E-17,1.443375672974,
    2.500000001365));
#3980 = CARTESIAN_POINT('',(0.625,1.08253175473,2.458333334698));
#3981 = CARTESIAN_POINT('',(1.25,0.721687836487,2.416666668032));
#3982 = CARTESIAN_POINT('',(1.25,1.530808498934E-16,2.375000001365));
#3983 = CARTESIAN_POINT('',(1.25,-0.721687836487,2.333333334698));
#3984 = CARTESIAN_POINT('',(0.625,-1.08253175473,2.291666668032));
#3985 = CARTESIAN_POINT('',(2.651438096812E-16,-1.443375672974,
    2.250000001365));
#3986 = CARTESIAN_POINT('',(-0.624999999999,-1.08253175473,
    2.208333334698));
#3987 = CARTESIAN_POINT('',(-1.25,-0.721687836487,2.166666668032));
#3988 = CARTESIAN_POINT('',(-1.25,0.,2.125000001365));
#3989 = CARTESIAN_POINT('',(-1.25,0.721687836487,2.083333334698));
#3990 = CARTESIAN_POINT('',(-0.625,1.08253175473,2.041666668032));
#3991 = CARTESIAN_POINT('',(-8.838126989374E-17,1.443375672974,
    2.000000001365));
#3992 = CARTESIAN_POINT('',(0.625,1.08253175473,1.958333334698));
#3993 = CARTESIAN_POINT('',(1.25,0.721687836487,1.916666668032));
#3994 = CARTESIAN_POINT('',(1.25,1.530808498934E-16,1.875000001365));
#3995 = CARTESIAN_POINT('',(1.25,-0.721687836487,1.833333334698));
#3996 = CARTESIAN_POINT('',(0.625,-1.08253175473,1.791666668032));
#3997 = CARTESIAN_POINT('',(2.651438096812E-16,-1.443375672974,
    1.750000001365));
#3998 = CARTESIAN_POINT('',(-0.624999999999,-1.08253175473,
    1.708333334698));
#3999 = CARTESIAN_POINT('',(-1.25,-0.721687836487,1.666666668032));
#4000 = CARTESIAN_POINT('',(-1.25,0.,1.625000001365));
#4001 = CARTESIAN_POINT('',(-1.25,0.721687836487,1.583333334698));
#4002 = CARTESIAN_POINT('',(-0.625,1.08253175473,1.541666668032));
#4003 = CARTESIAN_POINT('',(-8.838126989374E-17,1.443375672974,
    1.500000001365));
#4004 = CARTESIAN_POINT('',(0.625,1.08253175473,1.458333334698));
#4005 = CARTESIAN_POINT('',(1.25,0.721687836487,1.416666668032));
#4006 = CARTESIAN_POINT('',(1.25,1.530808498934E-16,1.375000001365));
#4007 = CARTESIAN_POINT('',(1.25,-0.721687836487,1.333333334698));
#4008 = CARTESIAN_POINT('',(0.625,-1.08253175473,1.291666668032));
#4009 = CARTESIAN_POINT('',(2.651438096812E-16,-1.443375672974,
    1.250000001365));
#4010 = CARTESIAN_POINT('',(-0.624999999999,-1.08253175473,
    1.208333334698));
#4011 = CARTESIAN_POINT('',(-1.25,-0.721687836487,1.166666668032));
#4012 = CARTESIAN_POINT('',(-1.25,0.,1.125000001365));
#4013 = CARTESIAN_POINT('',(-1.25,0.721687836487,1.083333334698));
#4014 = CARTESIAN_POINT('',(-0.625,1.08253175473,1.041666668032));
#4015 = CARTESIAN_POINT('',(-8.838126989374E-17,1.443375672974,
    1.000000001365));
#4016 = CARTESIAN_POINT('',(0.625,1.08253175473,0.958333334698));
#4017 = CARTESIAN_POINT('',(1.25,0.721687836487,0.916666668032));
#4018 = CARTESIAN_POINT('',(1.25,1.530808498934E-16,0.875000001365));
#4019 = CARTESIAN_POINT('',(1.25,-0.721687836487,0.833333334698));
#4020 = CARTESIAN_POINT('',(0.625,-1.08253175473,0.791666668032));
#4021 = CARTESIAN_POINT('',(2.651438096812E-16,-1.443375672974,
    0.750000001365));
#4022 = CARTESIAN_POINT('',(-0.624999999999,-1.08253175473,
    0.708333334698));
#4023 = CARTESIAN_POINT('',(-1.25,-0.721687836487,0.666666668032));
#4024 = CARTESIAN_POINT('',(-1.25,0.,0.625000001365));
#4025 = CARTESIAN_POINT('',(-1.25,0.721687836487,0.583333334698));
#4026 = CARTESIAN_POINT('',(-0.625,1.08253175473,0.541666668032));
#4027 = CARTESIAN_POINT('',(-8.838126989374E-17,1.443375672974,
    0.500000001365));
#4028 = CARTESIAN_POINT('',(0.625,1.08253175473,0.458333334698));
#4029 = CARTESIAN_POINT('',(1.25,0.721687836487,0.416666668032));
#4030 = CARTESIAN_POINT('',(1.25,1.530808498934E-16,0.375000001365));
#4031 = CARTESIAN_POINT('',(1.25,-0.721687836487,0.333333334698));
#4032 = CARTESIAN_POINT('',(0.625,-1.08253175473,0.291666668032));
#4033 = CARTESIAN_POINT('',(2.651438096812E-16,-1.443375672974,
    0.250000001365));
#4034 = CARTESIAN_POINT('',(-0.624999999999,-1.08253175473,
    0.208333334698));
#4035 = CARTESIAN_POINT('',(-1.25,-0.721687836487,0.166666668032));
#4036 = CARTESIAN_POINT('',(-1.25,0.,0.125000001365));
#4037 = CARTESIAN_POINT('',(-1.25,0.721687836487,8.3333334698E-02));
#4038 = CARTESIAN_POINT('',(-0.625,1.08253175473,4.1666668032E-02));
#4039 = CARTESIAN_POINT('',(-8.838126989374E-17,1.443375672974,
    1.365558707777E-09));
#4040 = CARTESIAN_POINT('',(0.625,1.08253175473,-4.1666665301E-02));
#4041 = CARTESIAN_POINT('',(1.25,0.721687836487,-8.3333331967E-02));
#4042 = CARTESIAN_POINT('',(1.25,1.530808498934E-16,-0.124999998634));
#4043 = CARTESIAN_POINT('',(1.25,-0.721687836487,-0.166666665301));
#4044 = CARTESIAN_POINT('',(0.625,-1.08253175473,-0.208333331967));
#4045 = CARTESIAN_POINT('',(2.651438096812E-16,-1.443375672974,
    -0.249999998634));
#4046 = CARTESIAN_POINT('',(-0.624999999999,-1.08253175473,
    -0.291666665301));
#4047 = CARTESIAN_POINT('',(-1.25,-0.721687836487,-0.333333331967));
#4048 = CARTESIAN_POINT('',(-1.25,0.,-0.374999998634));
#4049 = CARTESIAN_POINT('',(-1.25,0.721687836487,-0.416666665301));
#4050 = CARTESIAN_POINT('',(-0.625,1.08253175473,-0.458333331967));
#4051 = CARTESIAN_POINT('',(-8.838126989374E-17,1.443375672974,
    -0.499999998634));
#4052 = CARTESIAN_POINT('',(0.625,1.08253175473,-0.541666665301));
#4053 = CARTESIAN_POINT('',(1.25,0.721687836487,-0.583333331967));
#4054 = CARTESIAN_POINT('',(1.25,1.530808498934E-16,-0.624999998634));
#4055 = CARTESIAN_POINT('',(1.25,-0.721687836487,-0.666666665301));
#4056 = CARTESIAN_POINT('',(0.625,-1.08253175473,-0.708333331967));
#4057 = CARTESIAN_POINT('',(2.651438096812E-16,-1.443375672974,
    -0.749999998634));
#4058 = CARTESIAN_POINT('',(-0.624999999999,-1.08253175473,
    -0.791666665301));
#4059 = CARTESIAN_POINT('',(-1.25,-0.721687836487,-0.833333331967));
#4060 = CARTESIAN_POINT('',(-1.25,0.,-0.874999998634));
#4061 = CARTESIAN_POINT('',(-1.25,0.721687836487,-0.916666665301));
#4062 = CARTESIAN_POINT('',(-0.625,1.08253175473,-0.958333331967));
#4063 = CARTESIAN_POINT('',(-8.838126989374E-17,1.443375672974,
    -0.999999998634));
#4064 = CARTESIAN_POINT('',(0.625,1.08253175473,-1.041666665301));
#4065 = CARTESIAN_POINT('',(1.25,0.721687836487,-1.083333331967));
#4066 = CARTESIAN_POINT('',(1.25,1.530808498934E-16,-1.124999998634));
#4067 = CARTESIAN_POINT('',(1.25,-0.721687836487,-1.166666665301));
#4068 = CARTESIAN_POINT('',(0.625,-1.08253175473,-1.208333331967));
#4069 = CARTESIAN_POINT('',(2.651438096812E-16,-1.443375672974,
    -1.249999998634));
#4070 = CARTESIAN_POINT('',(-0.624999999999,-1.08253175473,
    -1.291666665301));
#4071 = CARTESIAN_POINT('',(-1.25,-0.721687836487,-1.333333331967));
#4072 = CARTESIAN_POINT('',(-1.25,0.,-1.374999998634));
#4073 = CARTESIAN_POINT('',(-1.25,0.721687836487,-1.416666665301));
#4074 = CARTESIAN_POINT('',(-0.625,1.08253175473,-1.458333331967));
#4075 = CARTESIAN_POINT('',(-8.838126989374E-17,1.443375672974,
    -1.499999998634));
#4076 = CARTESIAN_POINT('',(0.625,1.08253175473,-1.541666665301));
#4077 = CARTESIAN_POINT('',(1.25,0.721687836487,-1.583333331967));
#4078 = CARTESIAN_POINT('',(1.25,1.530808498934E-16,-1.624999998634));
#4079 = CARTESIAN_POINT('',(1.25,-0.721687836487,-1.666666665301));
#4080 = CARTESIAN_POINT('',(0.625,-1.08253175473,-1.708333331967));
#4081 = CARTESIAN_POINT('',(2.651438096812E-16,-1.443375672974,
    -1.749999998634));
#4082 = CARTESIAN_POINT('',(-0.624999999999,-1.08253175473,
    -1.791666665301));
#4083 = CARTESIAN_POINT('',(-1.25,-0.721687836487,-1.833333331967));
#4084 = CARTESIAN_POINT('',(-1.25,0.,-1.874999998634));
#4085 = CARTESIAN_POINT('',(-1.25,0.721687836487,-1.916666665301));
#4086 = CARTESIAN_POINT('',(-0.625,1.08253175473,-1.958333331967));
#4087 = CARTESIAN_POINT('',(-8.838126989374E-17,1.443375672974,
    -1.999999998634));
#4088 = CARTESIAN_POINT('',(0.625,1.08253175473,-2.041666665301));
#4089 = CARTESIAN_POINT('',(1.25,0.721687836487,-2.083333331967));
#4090 = CARTESIAN_POINT('',(1.25,1.530808498934E-16,-2.124999998634));
#4091 = CARTESIAN_POINT('',(1.25,-0.721687836487,-2.166666665301));
#4092 = CARTESIAN_POINT('',(0.625,-1.08253175473,-2.208333331967));
#4093 = CARTESIAN_POINT('',(2.651438096812E-16,-1.443375672974,
    -2.249999998634));
#4094 = CARTESIAN_POINT('',(-0.624999999999,-1.08253175473,
    -2.291666665301));
#4095 = CARTESIAN_POINT('',(-1.25,-0.721687836487,-2.333333331967));
#4096 = CARTESIAN_POINT('',(-1.25,0.,-2.374999998634));
#4097 = CARTESIAN_POINT('',(-1.25,0.721687836487,-2.416666665301));
#4098 = CARTESIAN_POINT('',(-0.625,1.08253175473,-2.458333331967));
#4099 = CARTESIAN_POINT('',(-8.838126989374E-17,1.443375672974,
    -2.499999998634));
#4100 = CARTESIAN_POINT('',(0.625,1.08253175473,-2.541666665301));
#4101 = CARTESIAN_POINT('',(1.25,0.721687836487,-2.583333331967));
#4102 = CARTESIAN_POINT('',(1.25,1.530808498934E-16,-2.624999998634));
#4103 = CARTESIAN_POINT('',(1.25,-0.721687836487,-2.666666665301));
#4104 = CARTESIAN_POINT('',(0.625,-1.08253175473,-2.708333331967));
#4105 = CARTESIAN_POINT('',(2.651438096812E-16,-1.443375672974,
    -2.749999998634));
#4106 = CARTESIAN_POINT('',(-0.624999999999,-1.08253175473,
    -2.791666665301));
#4107 = CARTESIAN_POINT('',(-1.25,-0.721687836487,-2.833333331967));
#4108 = CARTESIAN_POINT('',(-1.25,0.,-2.874999998634));
#4109 = ( GEOMETRIC_REPRESENTATION_CONTEXT(3) 
GLOBAL_UNCERTAINTY_ASSIGNED_CONTEXT((#4113)) 
GLOBAL_UNIT_ASSIGNED_CONTEXT((#4110,#4111,#4112)) REPRESENTATION_CONTEXT
('Context #1','3D Context with UNIT and UNCERTAINTY') );
#4110 = ( LENGTH_UNIT() NAMED_UNIT(*) SI_UNIT(.MILLI.,.METRE.) );
#4111 = ( NAMED_UNIT(*) PLANE_ANGLE_UNIT() SI_UNIT($,.RADIAN.) );
#4112 = ( NAMED_UNIT(*) SI_UNIT($,.STERADIAN.) SOLID_ANGLE_UNIT() );
#4113 = UNCERTAINTY_MEASURE_WITH_UNIT(LENGTH_MEASURE(2.E-04),#4110,
  'distance_accuracy_value','confusion accuracy');
#4114 = CONTEXT_DEPENDENT_SHAPE_REPRESENTATION(#4115,#4117);
#4115 = ( REPRESENTATION_RELATIONSHIP('','',#32,#10) 
REPRESENTATION_RELATIONSHIP_WITH_TRANSFORMATION(#4116) 
SHAPE_REPRESENTATION_RELATIONSHIP() );
#4116 = ITEM_DEFINED_TRANSFORMATION('','',#11,#15);
#4117 = PRODUCT_DEFINITION_SHAPE('Placement','Placement of an item',
  #4118);
#4118 = NEXT_ASSEMBLY_USAGE_OCCURRENCE('1','Shell','',#5,#27,$);
#4119 = PRODUCT_RELATED_PRODUCT_CATEGORY('part',$,(#29));
#4120 = MECHANICAL_DESIGN_GEOMETRIC_PRESENTATION_REPRESENTATION('',(
    #4121),#4109);
#4121 = STYLED_ITEM('color',(#4122),#33);
#4122 = PRESENTATION_STYLE_ASSIGNMENT((#4123,#4129));
#4123 = SURFACE_STYLE_USAGE(.BOTH.,#4124);
#4124 = SURFACE_SIDE_STYLE('',(#4125));
#4125 = SURFACE_STYLE_FILL_AREA(#4126);
#4126 = FILL_AREA_STYLE('',(#4127));
#4127 = FILL_AREA_STYLE_COLOUR('',#4128);
#4128 = COLOUR_RGB('',0.850980411111,0.850980411111,0.850980411111);
#4129 = CURVE_STYLE('',#4130,POSITIVE_LENGTH_MEASURE(0.1),#4131);
#4130 = DRAUGHTING_PRE_DEFINED_CURVE_FONT('continuous');
#4131 = COLOUR_RGB('',9.803921802644E-02,9.803921802644E-02,
  9.803921802644E-02);
ENDSEC;
END-ISO-10303-21;
