ISO-10303-21;
HEADER;
FILE_DESCRIPTION(('FreeCAD Model'),'2;1');
FILE_NAME('Open CASCADE Shape Model','2026-07-30T16:58:00',('Author'),(
    ''),'Open CASCADE STEP processor 7.8','FreeCAD','Unknown');
FILE_SCHEMA(('AUTOMOTIVE_DESIGN { 1 0 10303 214 1 1 1 1 }'));
ENDSEC;
DATA;
#1 = APPLICATION_PROTOCOL_DEFINITION('international standard',
  'automotive_design',2000,#2);
#2 = APPLICATION_CONTEXT(
  'core data for automotive mechanical design processes');
#3 = SHAPE_DEFINITION_REPRESENTATION(#4,#10);
#4 = PRODUCT_DEFINITION_SHAPE('','',#5);
#5 = PRODUCT_DEFINITION('design','',#6,#9);
#6 = PRODUCT_DEFINITION_FORMATION('','',#7);
#7 = PRODUCT('Shell','Shell','',(#8));
#8 = PRODUCT_CONTEXT('',#2,'mechanical');
#9 = PRODUCT_DEFINITION_CONTEXT('part definition',#2,'design');
#10 = MANIFOLD_SURFACE_SHAPE_REPRESENTATION('',(#11,#15),#3459);
#11 = AXIS2_PLACEMENT_3D('',#12,#13,#14);
#12 = CARTESIAN_POINT('',(0.,0.,0.));
#13 = DIRECTION('',(0.,0.,1.));
#14 = DIRECTION('',(1.,0.,-0.));
#15 = SHELL_BASED_SURFACE_MODEL('',(#16));
#16 = CLOSED_SHELL('',(#17,#59,#91,#151,#215,#257,#289,#367,#415,#438,
    #466,#514,#553,#592,#631,#670,#709,#748,#787,#826,#865,#904,#943,
    #982,#1021,#1060,#1099,#1138,#1177,#1216,#1255,#1294,#1333,#1372,
    #1411,#1450,#1478,#1502,#1526,#1546,#1564,#1576,#1588,#2422,#2941));
#17 = ADVANCED_FACE('',(#18),#54,.T.);
#18 = FACE_BOUND('',#19,.T.);
#19 = EDGE_LOOP('',(#20,#31,#39,#48));
#20 = ORIENTED_EDGE('',*,*,#21,.F.);
#21 = EDGE_CURVE('',#22,#24,#26,.T.);
#22 = VERTEX_POINT('',#23);
#23 = CARTESIAN_POINT('',(-1.845,2.381938024341E-16,-1.53));
#24 = VERTEX_POINT('',#25);
#25 = CARTESIAN_POINT('',(1.845,0.,-1.53));
#26 = CIRCLE('',#27,1.845);
#27 = AXIS2_PLACEMENT_3D('',#28,#29,#30);
#28 = CARTESIAN_POINT('',(0.,0.,-1.53));
#29 = DIRECTION('',(0.,0.,-1.));
#30 = DIRECTION('',(-1.,0.,0.));
#31 = ORIENTED_EDGE('',*,*,#32,.T.);
#32 = EDGE_CURVE('',#22,#33,#35,.T.);
#33 = VERTEX_POINT('',#34);
#34 = CARTESIAN_POINT('',(-2.045,2.504402704256E-16,-1.33));
#35 = LINE('',#36,#37);
#36 = CARTESIAN_POINT('',(-1.845,2.259473344426E-16,-1.53));
#37 = VECTOR('',#38,1.);
#38 = DIRECTION('',(-0.707106781187,8.659560562361E-17,0.707106781187));
#39 = ORIENTED_EDGE('',*,*,#40,.F.);
#40 = EDGE_CURVE('',#41,#33,#43,.T.);
#41 = VERTEX_POINT('',#42);
#42 = CARTESIAN_POINT('',(2.045,0.,-1.33));
#43 = CIRCLE('',#44,2.045);
#44 = AXIS2_PLACEMENT_3D('',#45,#46,#47);
#45 = CARTESIAN_POINT('',(0.,0.,-1.33));
#46 = DIRECTION('',(0.,0.,1.));
#47 = DIRECTION('',(-1.,0.,0.));
#48 = ORIENTED_EDGE('',*,*,#49,.F.);
#49 = EDGE_CURVE('',#24,#41,#50,.T.);
#50 = LINE('',#51,#52);
#51 = CARTESIAN_POINT('',(1.845,0.,-1.53));
#52 = VECTOR('',#53,1.);
#53 = DIRECTION('',(0.707106781187,0.,0.707106781187));
#54 = CONICAL_SURFACE('',#55,1.845,0.785398163397);
#55 = AXIS2_PLACEMENT_3D('',#56,#57,#58);
#56 = CARTESIAN_POINT('',(0.,0.,-1.53));
#57 = DIRECTION('',(0.,0.,1.));
#58 = DIRECTION('',(1.,0.,0.));
#59 = ADVANCED_FACE('',(#60),#86,.T.);
#60 = FACE_BOUND('',#61,.T.);
#61 = EDGE_LOOP('',(#62,#63,#71,#80));
#62 = ORIENTED_EDGE('',*,*,#40,.T.);
#63 = ORIENTED_EDGE('',*,*,#64,.T.);
#64 = EDGE_CURVE('',#33,#65,#67,.T.);
#65 = VERTEX_POINT('',#66);
#66 = CARTESIAN_POINT('',(-2.045,2.504402704256E-16,0.));
#67 = LINE('',#68,#69);
#68 = CARTESIAN_POINT('',(-2.045,2.504402704256E-16,-1.53));
#69 = VECTOR('',#70,1.);
#70 = DIRECTION('',(0.,0.,1.));
#71 = ORIENTED_EDGE('',*,*,#72,.T.);
#72 = EDGE_CURVE('',#65,#73,#75,.T.);
#73 = VERTEX_POINT('',#74);
#74 = CARTESIAN_POINT('',(2.045,0.,0.));
#75 = CIRCLE('',#76,2.045);
#76 = AXIS2_PLACEMENT_3D('',#77,#78,#79);
#77 = CARTESIAN_POINT('',(0.,0.,0.));
#78 = DIRECTION('',(0.,0.,-1.));
#79 = DIRECTION('',(-1.,0.,0.));
#80 = ORIENTED_EDGE('',*,*,#81,.F.);
#81 = EDGE_CURVE('',#41,#73,#82,.T.);
#82 = LINE('',#83,#84);
#83 = CARTESIAN_POINT('',(2.045,0.,-1.53));
#84 = VECTOR('',#85,1.);
#85 = DIRECTION('',(0.,0.,1.));
#86 = CYLINDRICAL_SURFACE('',#87,2.045);
#87 = AXIS2_PLACEMENT_3D('',#88,#89,#90);
#88 = CARTESIAN_POINT('',(0.,0.,-1.53));
#89 = DIRECTION('',(0.,0.,1.));
#90 = DIRECTION('',(1.,0.,0.));
#91 = ADVANCED_FACE('',(#92,#102),#146,.T.);
#92 = FACE_BOUND('',#93,.T.);
#93 = EDGE_LOOP('',(#94,#101));
#94 = ORIENTED_EDGE('',*,*,#95,.T.);
#95 = EDGE_CURVE('',#24,#22,#96,.T.);
#96 = CIRCLE('',#97,1.845);
#97 = AXIS2_PLACEMENT_3D('',#98,#99,#100);
#98 = CARTESIAN_POINT('',(0.,0.,-1.53));
#99 = DIRECTION('',(0.,0.,-1.));
#100 = DIRECTION('',(-1.,0.,0.));
#101 = ORIENTED_EDGE('',*,*,#21,.T.);
#102 = FACE_BOUND('',#103,.T.);
#103 = EDGE_LOOP('',(#104,#115,#126,#137));
#104 = ORIENTED_EDGE('',*,*,#105,.T.);
#105 = EDGE_CURVE('',#106,#108,#110,.T.);
#106 = VERTEX_POINT('',#107);
#107 = CARTESIAN_POINT('',(-1.347937090631,-0.534383382695,-1.53));
#108 = VERTEX_POINT('',#109);
#109 = CARTESIAN_POINT('',(-0.182178936779,1.43850993566,-1.529999999999
    ));
#110 = CIRCLE('',#111,1.449999999999);
#111 = AXIS2_PLACEMENT_3D('',#112,#113,#114);
#112 = CARTESIAN_POINT('',(0.,0.,-1.53));
#113 = DIRECTION('',(0.,0.,1.));
#114 = DIRECTION('',(-1.,0.,0.));
#115 = ORIENTED_EDGE('',*,*,#116,.T.);
#116 = EDGE_CURVE('',#108,#117,#119,.T.);
#117 = VERTEX_POINT('',#118);
#118 = CARTESIAN_POINT('',(-0.922673216379,1.208717777806,-1.53));
#119 = B_SPLINE_CURVE_WITH_KNOTS('',3,(#120,#121,#122,#123,#124,#125),
  .UNSPECIFIED.,.F.,.F.,(4,2,4),(1.948781711E-03,2.341209099E-03,
    2.733636487E-03),.UNSPECIFIED.);
#120 = CARTESIAN_POINT('',(-0.182178936779,1.43850993566,-1.529999999999
    ));
#121 = CARTESIAN_POINT('',(-0.312199991671,1.434928460775,-1.53));
#122 = CARTESIAN_POINT('',(-0.443754897103,1.413008140737,-1.53));
#123 = CARTESIAN_POINT('',(-0.692164147708,1.335501858369,-1.53));
#124 = CARTESIAN_POINT('',(-0.811343860995,1.279232719313,
    -1.529999999999));
#125 = CARTESIAN_POINT('',(-0.922673216379,1.208717777806,-1.53));
#126 = ORIENTED_EDGE('',*,*,#127,.T.);
#127 = EDGE_CURVE('',#117,#128,#130,.T.);
#128 = VERTEX_POINT('',#129);
#129 = CARTESIAN_POINT('',(-1.503565598309,0.227189397178,-1.53));
#130 = B_SPLINE_CURVE_WITH_KNOTS('',3,(#131,#132,#133,#134,#135,#136),
  .UNSPECIFIED.,.F.,.F.,(4,2,4),(2.101702910043E-17,5.87207711E-04,
    1.174415422E-03),.UNSPECIFIED.);
#131 = CARTESIAN_POINT('',(-0.922673216379,1.208717777806,-1.53));
#132 = CARTESIAN_POINT('',(-1.078391201506,1.089850647014,
    -1.529999999999));
#133 = CARTESIAN_POINT('',(-1.210658122382,0.940199826062,-1.53));
#134 = CARTESIAN_POINT('',(-1.407344035289,0.607496146946,-1.53));
#135 = CARTESIAN_POINT('',(-1.474296999947,0.420892352305,-1.53));
#136 = CARTESIAN_POINT('',(-1.503565598309,0.227189397178,-1.53));
#137 = ORIENTED_EDGE('',*,*,#138,.T.);
#138 = EDGE_CURVE('',#128,#106,#139,.T.);
#139 = B_SPLINE_CURVE_WITH_KNOTS('',3,(#140,#141,#142,#143,#144,#145),
  .UNSPECIFIED.,.F.,.F.,(4,2,4),(0.,3.91540701E-04,7.83081402E-04),
  .UNSPECIFIED.);
#140 = CARTESIAN_POINT('',(-1.503565598309,0.227189397178,-1.53));
#141 = CARTESIAN_POINT('',(-1.511744544864,9.5064540095E-02,
    -1.529999999999));
#142 = CARTESIAN_POINT('',(-1.503804452068,-3.5342056924E-02,
    -1.529999999999));
#143 = CARTESIAN_POINT('',(-1.451960030633,-0.292321529312,
    -1.529999999999));
#144 = CARTESIAN_POINT('',(-1.407699282255,-0.418348282799,
    -1.529999999999));
#145 = CARTESIAN_POINT('',(-1.347937090631,-0.534383382695,-1.53));
#146 = PLANE('',#147);
#147 = AXIS2_PLACEMENT_3D('',#148,#149,#150);
#148 = CARTESIAN_POINT('',(0.,0.,-1.53));
#149 = DIRECTION('',(0.,0.,-1.));
#150 = DIRECTION('',(-1.,0.,0.));
#151 = ADVANCED_FACE('',(#152),#210,.F.);
#152 = FACE_BOUND('',#153,.F.);
#153 = EDGE_LOOP('',(#154,#187,#188,#203));
#154 = ORIENTED_EDGE('',*,*,#155,.F.);
#155 = EDGE_CURVE('',#106,#156,#158,.T.);
#156 = VERTEX_POINT('',#157);
#157 = CARTESIAN_POINT('',(0.450000020483,1.166190371064,-1.329999999999
    ));
#158 = B_SPLINE_CURVE_WITH_KNOTS('',3,(#159,#160,#161,#162,#163,#164,
    #165,#166,#167,#168,#169,#170,#171,#172,#173,#174,#175,#176,#177,
    #178,#179,#180,#181,#182,#183,#184,#185,#186),.UNSPECIFIED.,.F.,.F.,
  (4,2,2,2,2,2,2,2,2,2,2,2,2,4),(0.,3.33391591E-04,6.66783182E-04,
    1.333566364E-03,2.000349547E-03,2.667132729E-03,3.00052432E-03,
    3.333915911E-03,3.667307502E-03,4.000699094E-03,4.334090685E-03,
    4.667482276E-03,5.000873867E-03,5.334265458E-03),.UNSPECIFIED.);
#159 = CARTESIAN_POINT('',(-1.347937090631,-0.534383382695,-1.53));
#160 = CARTESIAN_POINT('',(-1.302672560153,-0.63754749937,
    -1.525941689738));
#161 = CARTESIAN_POINT('',(-1.246369765687,-0.733443661418,
    -1.521877583341));
#162 = CARTESIAN_POINT('',(-1.112487548046,-0.911226619159,
    -1.513735074576));
#163 = CARTESIAN_POINT('',(-1.033989067307,-0.993498029245,
    -1.50962611259));
#164 = CARTESIAN_POINT('',(-0.777361087057,-1.206447998117,
    -1.497901060485));
#165 = CARTESIAN_POINT('',(-0.571790596109,-1.308940486043,
    -1.490931285249));
#166 = CARTESIAN_POINT('',(-0.136967977551,-1.405701969317,
    -1.474709884998));
#167 = CARTESIAN_POINT('',(9.3506820801E-02,-1.400723093807,
    -1.465960302649));
#168 = CARTESIAN_POINT('',(0.525045820193,-1.284173723712,
    -1.449267145386));
#169 = CARTESIAN_POINT('',(0.726403399055,-1.173306961015,
    -1.442018148278));
#170 = CARTESIAN_POINT('',(0.969443707027,-0.945662520932,
    -1.429738597995));
#171 = CARTESIAN_POINT('',(1.042134783498,-0.858112227292,
    -1.425378125958));
#172 = CARTESIAN_POINT('',(1.161680712896,-0.670437575377,
    -1.416648578121));
#173 = CARTESIAN_POINT('',(1.209686105764,-0.569265651105,
    -1.412222376605));
#174 = CARTESIAN_POINT('',(1.279603651619,-0.355867894378,
    -1.403419838225));
#175 = CARTESIAN_POINT('',(1.300674611205,-0.246792561726,
    -1.399170224493));
#176 = CARTESIAN_POINT('',(1.315507526511,-2.3968198648E-02,
    -1.390985734203));
#177 = CARTESIAN_POINT('',(1.308824225725,8.9078422896E-02,
    -1.387156787354));
#178 = CARTESIAN_POINT('',(1.266830831361,0.307010986495,-1.378776019401
    ));
#179 = CARTESIAN_POINT('',(1.230985942636,0.414984053907,-1.374281800917
    ));
#180 = CARTESIAN_POINT('',(1.133827880942,0.615317288581,-1.36522692683)
  );
#181 = CARTESIAN_POINT('',(1.072346210595,0.708970858858,-1.360618293877
    ));
#182 = CARTESIAN_POINT('',(0.925567672674,0.878888199477,-1.351431132388
    ));
#183 = CARTESIAN_POINT('',(0.842599052341,0.952770458177,-1.346987711413
    ));
#184 = CARTESIAN_POINT('',(0.657733223268,1.078649343651,-1.338415889696
    ));
#185 = CARTESIAN_POINT('',(0.556667927225,1.129790118011,-1.334440748482
    ));
#186 = CARTESIAN_POINT('',(0.450000020483,1.166190371064,-1.329999999999
    ));
#187 = ORIENTED_EDGE('',*,*,#105,.T.);
#188 = ORIENTED_EDGE('',*,*,#189,.F.);
#189 = EDGE_CURVE('',#190,#108,#192,.T.);
#190 = VERTEX_POINT('',#191);
#191 = CARTESIAN_POINT('',(-1.159370444595,0.467290244064,-1.33));
#192 = B_SPLINE_CURVE_WITH_KNOTS('',3,(#193,#194,#195,#196,#197,#198,
    #199,#200,#201,#202),.UNSPECIFIED.,.F.,.F.,(4,2,2,2,4),(
    2.640303318284E-15,3.63259805E-04,7.2651961E-04,1.089779415E-03,
    1.45303922E-03),.UNSPECIFIED.);
#193 = CARTESIAN_POINT('',(-1.159370444595,0.467290244064,-1.33));
#194 = CARTESIAN_POINT('',(-1.1319074386,0.585536171152,-1.348732296526)
  );
#195 = CARTESIAN_POINT('',(-1.088377230665,0.697092606868,
    -1.366968413216));
#196 = CARTESIAN_POINT('',(-0.969940425614,0.907111602916,
    -1.402656602154));
#197 = CARTESIAN_POINT('',(-0.895526439474,1.003659414257,
    -1.419811199481));
#198 = CARTESIAN_POINT('',(-0.723301226252,1.171512782934,
    -1.451641750278));
#199 = CARTESIAN_POINT('',(-0.623598073978,1.243823168026,
    -1.466252979384));
#200 = CARTESIAN_POINT('',(-0.413137522429,1.361188274368,
    -1.497477626766));
#201 = CARTESIAN_POINT('',(-0.299801509781,1.407211608171,
    -1.513727862226));
#202 = CARTESIAN_POINT('',(-0.182178936779,1.43850993566,-1.529999999999
    ));
#203 = ORIENTED_EDGE('',*,*,#204,.T.);
#204 = EDGE_CURVE('',#190,#156,#205,.T.);
#205 = CIRCLE('',#206,1.25);
#206 = AXIS2_PLACEMENT_3D('',#207,#208,#209);
#207 = CARTESIAN_POINT('',(0.,0.,-1.329999999999));
#208 = DIRECTION('',(0.,0.,-1.));
#209 = DIRECTION('',(-1.,0.,0.));
#210 = CONICAL_SURFACE('',#211,1.449999999999,0.785398163397);
#211 = AXIS2_PLACEMENT_3D('',#212,#213,#214);
#212 = CARTESIAN_POINT('',(0.,0.,-1.53));
#213 = DIRECTION('',(0.,0.,-1.));
#214 = DIRECTION('',(-1.,0.,0.));
#215 = ADVANCED_FACE('',(#216),#252,.T.);
#216 = FACE_BOUND('',#217,.T.);
#217 = EDGE_LOOP('',(#218,#229,#237,#246));
#218 = ORIENTED_EDGE('',*,*,#219,.T.);
#219 = EDGE_CURVE('',#220,#222,#224,.T.);
#220 = VERTEX_POINT('',#221);
#221 = CARTESIAN_POINT('',(-2.779999999999,-2.710505431213E-17,5.2));
#222 = VERTEX_POINT('',#223);
#223 = CARTESIAN_POINT('',(2.779999999999,3.133467558508E-16,5.2));
#224 = CIRCLE('',#225,2.779999999999);
#225 = AXIS2_PLACEMENT_3D('',#226,#227,#228);
#226 = CARTESIAN_POINT('',(0.,-2.710505431213E-17,5.2));
#227 = DIRECTION('',(0.,0.,-1.));
#228 = DIRECTION('',(1.,0.,0.));
#229 = ORIENTED_EDGE('',*,*,#230,.T.);
#230 = EDGE_CURVE('',#222,#231,#233,.T.);
#231 = VERTEX_POINT('',#232);
#232 = CARTESIAN_POINT('',(2.779999999999,3.133467558508E-16,0.));
#233 = LINE('',#234,#235);
#234 = CARTESIAN_POINT('',(2.779999999999,3.133467558508E-16,5.4));
#235 = VECTOR('',#236,1.);
#236 = DIRECTION('',(0.,0.,-1.));
#237 = ORIENTED_EDGE('',*,*,#238,.T.);
#238 = EDGE_CURVE('',#231,#239,#241,.T.);
#239 = VERTEX_POINT('',#240);
#240 = CARTESIAN_POINT('',(-2.779999999999,-2.710505431213E-17,0.));
#241 = CIRCLE('',#242,2.779999999999);
#242 = AXIS2_PLACEMENT_3D('',#243,#244,#245);
#243 = CARTESIAN_POINT('',(0.,-2.710505431213E-17,0.));
#244 = DIRECTION('',(0.,0.,1.));
#245 = DIRECTION('',(1.,0.,0.));
#246 = ORIENTED_EDGE('',*,*,#247,.F.);
#247 = EDGE_CURVE('',#220,#239,#248,.T.);
#248 = LINE('',#249,#250);
#249 = CARTESIAN_POINT('',(-2.779999999999,-2.710505431213E-17,5.4));
#250 = VECTOR('',#251,1.);
#251 = DIRECTION('',(0.,0.,-1.));
#252 = CYLINDRICAL_SURFACE('',#253,2.779999999999);
#253 = AXIS2_PLACEMENT_3D('',#254,#255,#256);
#254 = CARTESIAN_POINT('',(0.,-2.710505431213E-17,5.4));
#255 = DIRECTION('',(0.,0.,-1.));
#256 = DIRECTION('',(-1.,0.,0.));
#257 = ADVANCED_FACE('',(#258),#284,.T.);
#258 = FACE_BOUND('',#259,.T.);
#259 = EDGE_LOOP('',(#260,#271,#277,#278));
#260 = ORIENTED_EDGE('',*,*,#261,.F.);
#261 = EDGE_CURVE('',#262,#264,#266,.T.);
#262 = VERTEX_POINT('',#263);
#263 = CARTESIAN_POINT('',(2.58,3.011002878593E-16,5.4));
#264 = VERTEX_POINT('',#265);
#265 = CARTESIAN_POINT('',(-2.58,-2.710505431213E-17,5.4));
#266 = CIRCLE('',#267,2.58);
#267 = AXIS2_PLACEMENT_3D('',#268,#269,#270);
#268 = CARTESIAN_POINT('',(0.,-2.710505431213E-17,5.4));
#269 = DIRECTION('',(0.,0.,1.));
#270 = DIRECTION('',(1.,0.,0.));
#271 = ORIENTED_EDGE('',*,*,#272,.T.);
#272 = EDGE_CURVE('',#262,#222,#273,.T.);
#273 = LINE('',#274,#275);
#274 = CARTESIAN_POINT('',(2.58,2.888538198678E-16,5.4));
#275 = VECTOR('',#276,1.);
#276 = DIRECTION('',(0.707106781187,8.659560562361E-17,-0.707106781187)
  );
#277 = ORIENTED_EDGE('',*,*,#219,.F.);
#278 = ORIENTED_EDGE('',*,*,#279,.F.);
#279 = EDGE_CURVE('',#264,#220,#280,.T.);
#280 = LINE('',#281,#282);
#281 = CARTESIAN_POINT('',(-2.58,-2.710505431213E-17,5.4));
#282 = VECTOR('',#283,1.);
#283 = DIRECTION('',(-0.707106781187,0.,-0.707106781187));
#284 = CONICAL_SURFACE('',#285,2.58,0.785398163397);
#285 = AXIS2_PLACEMENT_3D('',#286,#287,#288);
#286 = CARTESIAN_POINT('',(0.,-2.710505431213E-17,5.4));
#287 = DIRECTION('',(0.,0.,-1.));
#288 = DIRECTION('',(-1.,0.,0.));
#289 = ADVANCED_FACE('',(#290,#300),#362,.T.);
#290 = FACE_BOUND('',#291,.T.);
#291 = EDGE_LOOP('',(#292,#299));
#292 = ORIENTED_EDGE('',*,*,#293,.T.);
#293 = EDGE_CURVE('',#264,#262,#294,.T.);
#294 = CIRCLE('',#295,2.58);
#295 = AXIS2_PLACEMENT_3D('',#296,#297,#298);
#296 = CARTESIAN_POINT('',(0.,-2.710505431213E-17,5.4));
#297 = DIRECTION('',(0.,0.,1.));
#298 = DIRECTION('',(1.,0.,0.));
#299 = ORIENTED_EDGE('',*,*,#261,.T.);
#300 = FACE_BOUND('',#301,.T.);
#301 = EDGE_LOOP('',(#302,#315,#326,#335,#344,#353));
#302 = ORIENTED_EDGE('',*,*,#303,.T.);
#303 = EDGE_CURVE('',#304,#306,#308,.T.);
#304 = VERTEX_POINT('',#305);
#305 = CARTESIAN_POINT('',(-0.797708902338,1.294598407901,5.4));
#306 = VERTEX_POINT('',#307);
#307 = CARTESIAN_POINT('',(0.342142423396,1.481642025835,5.4));
#308 = B_SPLINE_CURVE_WITH_KNOTS('',3,(#309,#310,#311,#312,#313,#314),
  .UNSPECIFIED.,.F.,.F.,(4,2,4),(4.854756609139E-18,5.97401458E-04,
    1.194802916E-03),.UNSPECIFIED.);
#309 = CARTESIAN_POINT('',(-0.797708902338,1.294598407901,5.4));
#310 = CARTESIAN_POINT('',(-0.628031712574,1.399150525355,5.399999999999
    ));
#311 = CARTESIAN_POINT('',(-0.441412698621,1.468627211286,5.4));
#312 = CARTESIAN_POINT('',(-4.9701339396E-02,1.532723338733,
    5.399999999999));
#313 = CARTESIAN_POINT('',(0.147950268018,1.526485094193,5.399999999999)
  );
#314 = CARTESIAN_POINT('',(0.342142423396,1.481642025835,5.4));
#315 = ORIENTED_EDGE('',*,*,#316,.T.);
#316 = EDGE_CURVE('',#306,#317,#319,.T.);
#317 = VERTEX_POINT('',#318);
#318 = CARTESIAN_POINT('',(0.996329351575,1.053483660618,5.4));
#319 = B_SPLINE_CURVE_WITH_KNOTS('',3,(#320,#321,#322,#323,#324,#325),
  .UNSPECIFIED.,.F.,.F.,(4,2,4),(1.53736083244E-17,3.93849833E-04,
    7.87699666E-04),.UNSPECIFIED.);
#320 = CARTESIAN_POINT('',(0.342142423396,1.481642025835,5.4));
#321 = CARTESIAN_POINT('',(0.468598240125,1.439852887315,5.399999999999)
  );
#322 = CARTESIAN_POINT('',(0.587001796621,1.382902365115,5.4));
#323 = CARTESIAN_POINT('',(0.808239072321,1.239685293884,5.4));
#324 = CARTESIAN_POINT('',(0.910110341102,1.152151880458,5.399999999999)
  );
#325 = CARTESIAN_POINT('',(0.996329351575,1.053483660618,5.4));
#326 = ORIENTED_EDGE('',*,*,#327,.T.);
#327 = EDGE_CURVE('',#317,#328,#330,.T.);
#328 = VERTEX_POINT('',#329);
#329 = CARTESIAN_POINT('',(1.449999999999,0.,5.4));
#330 = CIRCLE('',#331,1.449999999999);
#331 = AXIS2_PLACEMENT_3D('',#332,#333,#334);
#332 = CARTESIAN_POINT('',(0.,0.,5.4));
#333 = DIRECTION('',(0.,0.,-1.));
#334 = DIRECTION('',(1.,-1.7763568394E-15,0.));
#335 = ORIENTED_EDGE('',*,*,#336,.T.);
#336 = EDGE_CURVE('',#328,#337,#339,.T.);
#337 = VERTEX_POINT('',#338);
#338 = CARTESIAN_POINT('',(-1.449999999999,1.775737858763E-16,5.4));
#339 = CIRCLE('',#340,1.449999999999);
#340 = AXIS2_PLACEMENT_3D('',#341,#342,#343);
#341 = CARTESIAN_POINT('',(0.,0.,5.4));
#342 = DIRECTION('',(0.,0.,-1.));
#343 = DIRECTION('',(1.,0.,0.));
#344 = ORIENTED_EDGE('',*,*,#345,.T.);
#345 = EDGE_CURVE('',#337,#346,#348,.T.);
#346 = VERTEX_POINT('',#347);
#347 = CARTESIAN_POINT('',(-1.266017887992,0.706893702958,5.4));
#348 = CIRCLE('',#349,1.449999999999);
#349 = AXIS2_PLACEMENT_3D('',#350,#351,#352);
#350 = CARTESIAN_POINT('',(0.,0.,5.4));
#351 = DIRECTION('',(0.,0.,-1.));
#352 = DIRECTION('',(1.,0.,0.));
#353 = ORIENTED_EDGE('',*,*,#354,.T.);
#354 = EDGE_CURVE('',#346,#304,#355,.T.);
#355 = B_SPLINE_CURVE_WITH_KNOTS('',3,(#356,#357,#358,#359,#360,#361),
  .UNSPECIFIED.,.F.,.F.,(4,2,4),(1.950895205E-03,2.329447372E-03,
    2.70799954E-03),.UNSPECIFIED.);
#356 = CARTESIAN_POINT('',(-1.266017887992,0.706893702958,5.4));
#357 = CARTESIAN_POINT('',(-1.215733399853,0.822577933844,5.399999999999
    ));
#358 = CARTESIAN_POINT('',(-1.149628395311,0.93263068967,5.4));
#359 = CARTESIAN_POINT('',(-0.991487827469,1.130999471706,5.4));
#360 = CARTESIAN_POINT('',(-0.900625489716,1.218679182792,5.399999999999
    ));
#361 = CARTESIAN_POINT('',(-0.797708902338,1.294598407901,5.4));
#362 = PLANE('',#363);
#363 = AXIS2_PLACEMENT_3D('',#364,#365,#366);
#364 = CARTESIAN_POINT('',(0.,-2.710505431213E-17,5.4));
#365 = DIRECTION('',(0.,0.,1.));
#366 = DIRECTION('',(1.,0.,0.));
#367 = ADVANCED_FACE('',(#368),#410,.F.);
#368 = FACE_BOUND('',#369,.F.);
#369 = EDGE_LOOP('',(#370,#378,#379,#387));
#370 = ORIENTED_EDGE('',*,*,#371,.T.);
#371 = EDGE_CURVE('',#372,#328,#374,.T.);
#372 = VERTEX_POINT('',#373);
#373 = CARTESIAN_POINT('',(1.408493649054,2.800210190322E-11,
    5.358493649054));
#374 = LINE('',#375,#376);
#375 = CARTESIAN_POINT('',(1.25,0.,5.2));
#376 = VECTOR('',#377,1.);
#377 = DIRECTION('',(0.707106781187,0.,0.707106781187));
#378 = ORIENTED_EDGE('',*,*,#336,.T.);
#379 = ORIENTED_EDGE('',*,*,#380,.F.);
#380 = EDGE_CURVE('',#381,#337,#383,.T.);
#381 = VERTEX_POINT('',#382);
#382 = CARTESIAN_POINT('',(-1.25,0.,5.2));
#383 = LINE('',#384,#385);
#384 = CARTESIAN_POINT('',(-1.25,1.530808498934E-16,5.2));
#385 = VECTOR('',#386,1.);
#386 = DIRECTION('',(-0.707106781187,8.659560562361E-17,0.707106781187)
  );
#387 = ORIENTED_EDGE('',*,*,#388,.F.);
#388 = EDGE_CURVE('',#372,#381,#389,.T.);
#389 = B_SPLINE_CURVE_WITH_KNOTS('',3,(#390,#391,#392,#393,#394,#395,
    #396,#397,#398,#399,#400,#401,#402,#403,#404,#405,#406,#407,#408,
    #409),.UNSPECIFIED.,.F.,.F.,(4,2,2,2,2,2,2,2,2,4),(1.157885163E-03,
    1.677542512E-03,2.19719986E-03,2.716857209E-03,2.976685883E-03,
    3.236514557E-03,4.275829254E-03,4.535657928E-03,4.795486602E-03,
    5.315143951E-03),.UNSPECIFIED.);
#390 = CARTESIAN_POINT('',(1.408493649054,2.800210190322E-11,
    5.358493649054));
#391 = CARTESIAN_POINT('',(1.402871522567,-0.173074969607,5.352871522564
    ));
#392 = CARTESIAN_POINT('',(1.363719097659,-0.347122632065,5.346530823217
    ));
#393 = CARTESIAN_POINT('',(1.225695624479,-0.664645471546,5.33353092047)
  );
#394 = CARTESIAN_POINT('',(1.125156854174,-0.812000532392,5.326711942898
    ));
#395 = CARTESIAN_POINT('',(0.879498466186,-1.0564783887,5.313699783835)
  );
#396 = CARTESIAN_POINT('',(0.732200515649,-1.156512148442,5.307764869294
    ));
#397 = CARTESIAN_POINT('',(0.492496464024,-1.258394689493,5.298548047175
    ));
#398 = CARTESIAN_POINT('',(0.407916308914,-1.284872202701,5.295274562221
    ));
#399 = CARTESIAN_POINT('',(0.237883716223,-1.320191715266,5.288643411408
    ));
#400 = CARTESIAN_POINT('',(0.151765229241,-1.329468642081,5.285260535753
    ));
#401 = CARTESIAN_POINT('',(-0.284416717852,-1.333337484841,
    5.267990899057));
#402 = CARTESIAN_POINT('',(-0.632802046805,-1.193928205892,
    5.255594209838));
#403 = CARTESIAN_POINT('',(-0.940372323268,-0.88528109722,5.238580539026
    ));
#404 = CARTESIAN_POINT('',(-0.99494521919,-0.817997274226,5.235097145729
    ));
#405 = CARTESIAN_POINT('',(-1.090262611871,-0.672364394598,
    5.227961496328));
#406 = CARTESIAN_POINT('',(-1.13089324943,-0.593657543985,5.224297831489
    ));
#407 = CARTESIAN_POINT('',(-1.226023156793,-0.351396211052,
    5.213549226164));
#408 = CARTESIAN_POINT('',(-1.256434065912,-0.175781949725,
    5.206434065912));
#409 = CARTESIAN_POINT('',(-1.25,0.,5.2));
#410 = CONICAL_SURFACE('',#411,1.25,0.785398163397);
#411 = AXIS2_PLACEMENT_3D('',#412,#413,#414);
#412 = CARTESIAN_POINT('',(0.,0.,5.2));
#413 = DIRECTION('',(0.,0.,1.));
#414 = DIRECTION('',(1.,0.,0.));
#415 = ADVANCED_FACE('',(#416),#433,.F.);
#416 = FACE_BOUND('',#417,.F.);
#417 = EDGE_LOOP('',(#418,#419,#420));
#418 = ORIENTED_EDGE('',*,*,#327,.T.);
#419 = ORIENTED_EDGE('',*,*,#371,.F.);
#420 = ORIENTED_EDGE('',*,*,#421,.F.);
#421 = EDGE_CURVE('',#317,#372,#422,.T.);
#422 = B_SPLINE_CURVE_WITH_KNOTS('',3,(#423,#424,#425,#426,#427,#428,
    #429,#430,#431,#432),.UNSPECIFIED.,.F.,.F.,(4,2,2,2,4),(0.,
    2.8947129E-04,5.78942581E-04,8.68413872E-04,1.157885163E-03),
  .UNSPECIFIED.);
#423 = CARTESIAN_POINT('',(0.996329351575,1.053483660618,5.4));
#424 = CARTESIAN_POINT('',(1.065010838869,0.983829985158,5.396586463932)
  );
#425 = CARTESIAN_POINT('',(1.125454423712,0.908426205282,5.393118039708)
  );
#426 = CARTESIAN_POINT('',(1.230530447838,0.74658266805,5.386069186886)
  );
#427 = CARTESIAN_POINT('',(1.27551456921,0.659049831128,5.382446887348)
  );
#428 = CARTESIAN_POINT('',(1.346092453203,0.478524396683,5.37533170865)
  );
#429 = CARTESIAN_POINT('',(1.371966619523,0.385633473182,5.371837702854)
  );
#430 = CARTESIAN_POINT('',(1.404881599584,0.194593934578,5.364982678607)
  );
#431 = CARTESIAN_POINT('',(1.411625413124,9.6410134613E-02,
    5.361625413126));
#432 = CARTESIAN_POINT('',(1.408493649054,2.800210190322E-11,
    5.358493649054));
#433 = CONICAL_SURFACE('',#434,1.25,0.785398163397);
#434 = AXIS2_PLACEMENT_3D('',#435,#436,#437);
#435 = CARTESIAN_POINT('',(0.,0.,5.2));
#436 = DIRECTION('',(0.,0.,1.));
#437 = DIRECTION('',(1.,0.,0.));
#438 = ADVANCED_FACE('',(#439),#461,.F.);
#439 = FACE_BOUND('',#440,.F.);
#440 = EDGE_LOOP('',(#441,#442,#453,#460));
#441 = ORIENTED_EDGE('',*,*,#345,.T.);
#442 = ORIENTED_EDGE('',*,*,#443,.F.);
#443 = EDGE_CURVE('',#444,#346,#446,.T.);
#444 = VERTEX_POINT('',#445);
#445 = CARTESIAN_POINT('',(2.048389799535E-08,1.249999999999,5.2));
#446 = B_SPLINE_CURVE_WITH_KNOTS('',3,(#447,#448,#449,#450,#451,#452),
  .UNSPECIFIED.,.F.,.F.,(4,2,4),(6.955408086623E-19,7.28755222E-04,
    1.457510445E-03),.UNSPECIFIED.);
#447 = CARTESIAN_POINT('',(2.048389799535E-08,1.249999999999,5.2));
#448 = CARTESIAN_POINT('',(-0.239430155668,1.287766529301,5.237766525378
    ));
#449 = CARTESIAN_POINT('',(-0.485136607134,1.253174886435,5.272216731873
    ));
#450 = CARTESIAN_POINT('',(-0.926494609504,1.055270747331,5.333633215157
    ));
#451 = CARTESIAN_POINT('',(-1.120158685163,0.901019087258,5.367286656438
    ));
#452 = CARTESIAN_POINT('',(-1.266017887992,0.706893702958,5.4));
#453 = ORIENTED_EDGE('',*,*,#454,.T.);
#454 = EDGE_CURVE('',#444,#381,#455,.T.);
#455 = CIRCLE('',#456,1.25);
#456 = AXIS2_PLACEMENT_3D('',#457,#458,#459);
#457 = CARTESIAN_POINT('',(0.,0.,5.2));
#458 = DIRECTION('',(0.,0.,1.));
#459 = DIRECTION('',(1.,0.,0.));
#460 = ORIENTED_EDGE('',*,*,#380,.T.);
#461 = CONICAL_SURFACE('',#462,1.25,0.785398163397);
#462 = AXIS2_PLACEMENT_3D('',#463,#464,#465);
#463 = CARTESIAN_POINT('',(0.,0.,5.2));
#464 = DIRECTION('',(0.,0.,1.));
#465 = DIRECTION('',(1.,0.,0.));
#466 = ADVANCED_FACE('',(#467),#509,.F.);
#467 = FACE_BOUND('',#468,.F.);
#468 = EDGE_LOOP('',(#469,#479,#491,#499));
#469 = ORIENTED_EDGE('',*,*,#470,.T.);
#470 = EDGE_CURVE('',#471,#473,#475,.T.);
#471 = VERTEX_POINT('',#472);
#472 = CARTESIAN_POINT('',(1.25,1.530808498934E-16,-1.049999999999));
#473 = VERTEX_POINT('',#474);
#474 = CARTESIAN_POINT('',(1.25,1.530808498934E-16,-0.924999998634));
#475 = LINE('',#476,#477);
#476 = CARTESIAN_POINT('',(1.25,0.,-1.53));
#477 = VECTOR('',#478,1.);
#478 = DIRECTION('',(0.,0.,1.));
#479 = ORIENTED_EDGE('',*,*,#480,.T.);
#480 = EDGE_CURVE('',#473,#481,#483,.T.);
#481 = VERTEX_POINT('',#482);
#482 = CARTESIAN_POINT('',(-1.25,0.,-1.174999998634));
#483 = ( BOUNDED_CURVE() B_SPLINE_CURVE(2,(#484,#485,#486,#487,#488,#489
,#490),.UNSPECIFIED.,.F.,.F.) B_SPLINE_CURVE_WITH_KNOTS((3,2,2,3),(0.675
,0.683333333333,0.691666666666,0.7),.UNSPECIFIED.) CURVE() 
GEOMETRIC_REPRESENTATION_ITEM() RATIONAL_B_SPLINE_CURVE((1.,
    0.866025403784,1.,0.866025403784,1.,0.866025403784,1.)) 
REPRESENTATION_ITEM('') );
#484 = CARTESIAN_POINT('',(1.25,1.530808498934E-16,-0.924999998634));
#485 = CARTESIAN_POINT('',(1.25,-0.721687836487,-0.966666665301));
#486 = CARTESIAN_POINT('',(0.625,-1.08253175473,-1.008333331967));
#487 = CARTESIAN_POINT('',(2.651438096812E-16,-1.443375672974,
    -1.049999998634));
#488 = CARTESIAN_POINT('',(-0.624999999999,-1.08253175473,
    -1.091666665301));
#489 = CARTESIAN_POINT('',(-1.25,-0.721687836487,-1.133333331967));
#490 = CARTESIAN_POINT('',(-1.25,0.,-1.174999998634));
#491 = ORIENTED_EDGE('',*,*,#492,.F.);
#492 = EDGE_CURVE('',#493,#481,#495,.T.);
#493 = VERTEX_POINT('',#494);
#494 = CARTESIAN_POINT('',(-1.25,0.,-1.299999999999));
#495 = LINE('',#496,#497);
#496 = CARTESIAN_POINT('',(-1.25,1.530808498934E-16,-1.53));
#497 = VECTOR('',#498,1.);
#498 = DIRECTION('',(0.,0.,1.));
#499 = ORIENTED_EDGE('',*,*,#500,.F.);
#500 = EDGE_CURVE('',#471,#493,#501,.T.);
#501 = ( BOUNDED_CURVE() B_SPLINE_CURVE(2,(#502,#503,#504,#505,#506,#507
,#508),.UNSPECIFIED.,.F.,.F.) B_SPLINE_CURVE_WITH_KNOTS((3,2,2,3),(
    0.724999999999,0.733333333333,0.741666666666,0.75),.UNSPECIFIED.) 
CURVE() GEOMETRIC_REPRESENTATION_ITEM() RATIONAL_B_SPLINE_CURVE((1.,
    0.866025403784,1.,0.866025403784,1.,0.866025403784,1.)) 
REPRESENTATION_ITEM('') );
#502 = CARTESIAN_POINT('',(1.25,1.530808498934E-16,-1.049999999999));
#503 = CARTESIAN_POINT('',(1.25,-0.721687836487,-1.091666666666));
#504 = CARTESIAN_POINT('',(0.625,-1.08253175473,-1.133333333333));
#505 = CARTESIAN_POINT('',(2.651438096812E-16,-1.443375672974,
    -1.174999999999));
#506 = CARTESIAN_POINT('',(-0.624999999999,-1.08253175473,
    -1.216666666666));
#507 = CARTESIAN_POINT('',(-1.249999999999,-0.721687836487,
    -1.258333333333));
#508 = CARTESIAN_POINT('',(-1.25,0.,-1.299999999999));
#509 = CYLINDRICAL_SURFACE('',#510,1.25);
#510 = AXIS2_PLACEMENT_3D('',#511,#512,#513);
#511 = CARTESIAN_POINT('',(0.,0.,-1.53));
#512 = DIRECTION('',(0.,0.,1.));
#513 = DIRECTION('',(1.,0.,0.));
#514 = ADVANCED_FACE('',(#515),#548,.F.);
#515 = FACE_BOUND('',#516,.F.);
#516 = EDGE_LOOP('',(#517,#529,#530,#542));
#517 = ORIENTED_EDGE('',*,*,#518,.T.);
#518 = EDGE_CURVE('',#519,#473,#521,.T.);
#519 = VERTEX_POINT('',#520);
#520 = CARTESIAN_POINT('',(-1.25,0.,-0.674999998634));
#521 = ( BOUNDED_CURVE() B_SPLINE_CURVE(2,(#522,#523,#524,#525,#526,#527
,#528),.UNSPECIFIED.,.F.,.F.) B_SPLINE_CURVE_WITH_KNOTS((3,2,2,3),(0.65,
0.658333333333,0.666666666666,0.675),.UNSPECIFIED.) CURVE() 
GEOMETRIC_REPRESENTATION_ITEM() RATIONAL_B_SPLINE_CURVE((1.,
    0.866025403784,1.,0.866025403784,1.,0.866025403784,1.)) 
REPRESENTATION_ITEM('') );
#522 = CARTESIAN_POINT('',(-1.25,0.,-0.674999998634));
#523 = CARTESIAN_POINT('',(-1.25,0.721687836487,-0.716666665301));
#524 = CARTESIAN_POINT('',(-0.625,1.08253175473,-0.758333331967));
#525 = CARTESIAN_POINT('',(-8.838126989374E-17,1.443375672974,
    -0.799999998634));
#526 = CARTESIAN_POINT('',(0.624999999999,1.08253175473,-0.841666665301)
  );
#527 = CARTESIAN_POINT('',(1.25,0.721687836487,-0.883333331967));
#528 = CARTESIAN_POINT('',(1.25,1.530808498934E-16,-0.924999998634));
#529 = ORIENTED_EDGE('',*,*,#470,.F.);
#530 = ORIENTED_EDGE('',*,*,#531,.F.);
#531 = EDGE_CURVE('',#532,#471,#534,.T.);
#532 = VERTEX_POINT('',#533);
#533 = CARTESIAN_POINT('',(-1.25,0.,-0.799999999999));
#534 = ( BOUNDED_CURVE() B_SPLINE_CURVE(2,(#535,#536,#537,#538,#539,#540
,#541),.UNSPECIFIED.,.F.,.F.) B_SPLINE_CURVE_WITH_KNOTS((3,2,2,3),(0.7,
    0.708333333333,0.716666666666,0.724999999999),
.PIECEWISE_BEZIER_KNOTS.) CURVE() GEOMETRIC_REPRESENTATION_ITEM() 
RATIONAL_B_SPLINE_CURVE((0.999999999999,0.866025403784,1.,0.866025403784
,1.,0.866025403784,1.)) REPRESENTATION_ITEM('') );
#535 = CARTESIAN_POINT('',(-1.25,0.,-0.799999999999));
#536 = CARTESIAN_POINT('',(-1.249999999999,0.721687836487,
    -0.841666666666));
#537 = CARTESIAN_POINT('',(-0.625,1.08253175473,-0.883333333333));
#538 = CARTESIAN_POINT('',(-8.838126989374E-17,1.443375672974,
    -0.924999999999));
#539 = CARTESIAN_POINT('',(0.624999999999,1.08253175473,-0.966666666666)
  );
#540 = CARTESIAN_POINT('',(1.25,0.721687836487,-1.008333333333));
#541 = CARTESIAN_POINT('',(1.25,1.530808498934E-16,-1.049999999999));
#542 = ORIENTED_EDGE('',*,*,#543,.T.);
#543 = EDGE_CURVE('',#532,#519,#544,.T.);
#544 = LINE('',#545,#546);
#545 = CARTESIAN_POINT('',(-1.25,1.530808498934E-16,-1.53));
#546 = VECTOR('',#547,1.);
#547 = DIRECTION('',(0.,0.,1.));
#548 = CYLINDRICAL_SURFACE('',#549,1.25);
#549 = AXIS2_PLACEMENT_3D('',#550,#551,#552);
#550 = CARTESIAN_POINT('',(0.,0.,-1.53));
#551 = DIRECTION('',(0.,0.,1.));
#552 = DIRECTION('',(1.,0.,0.));
#553 = ADVANCED_FACE('',(#554),#587,.F.);
#554 = FACE_BOUND('',#555,.F.);
#555 = EDGE_LOOP('',(#556,#566,#576,#577));
#556 = ORIENTED_EDGE('',*,*,#557,.T.);
#557 = EDGE_CURVE('',#558,#560,#562,.T.);
#558 = VERTEX_POINT('',#559);
#559 = CARTESIAN_POINT('',(1.25,1.530808498934E-16,-0.549999999999));
#560 = VERTEX_POINT('',#561);
#561 = CARTESIAN_POINT('',(1.25,1.530808498934E-16,-0.424999998634));
#562 = LINE('',#563,#564);
#563 = CARTESIAN_POINT('',(1.25,0.,-1.53));
#564 = VECTOR('',#565,1.);
#565 = DIRECTION('',(0.,0.,1.));
#566 = ORIENTED_EDGE('',*,*,#567,.T.);
#567 = EDGE_CURVE('',#560,#519,#568,.T.);
#568 = ( BOUNDED_CURVE() B_SPLINE_CURVE(2,(#569,#570,#571,#572,#573,#574
,#575),.UNSPECIFIED.,.F.,.F.) B_SPLINE_CURVE_WITH_KNOTS((3,2,2,3),(0.625
,0.633333333333,0.641666666666,0.65),.UNSPECIFIED.) CURVE() 
GEOMETRIC_REPRESENTATION_ITEM() RATIONAL_B_SPLINE_CURVE((1.,
    0.866025403784,1.,0.866025403784,1.,0.866025403784,1.)) 
REPRESENTATION_ITEM('') );
#569 = CARTESIAN_POINT('',(1.25,1.530808498934E-16,-0.424999998634));
#570 = CARTESIAN_POINT('',(1.25,-0.721687836487,-0.466666665301));
#571 = CARTESIAN_POINT('',(0.625,-1.08253175473,-0.508333331967));
#572 = CARTESIAN_POINT('',(2.651438096812E-16,-1.443375672974,
    -0.549999998634));
#573 = CARTESIAN_POINT('',(-0.624999999999,-1.08253175473,
    -0.591666665301));
#574 = CARTESIAN_POINT('',(-1.249999999999,-0.721687836487,
    -0.633333331967));
#575 = CARTESIAN_POINT('',(-1.25,0.,-0.674999998634));
#576 = ORIENTED_EDGE('',*,*,#543,.F.);
#577 = ORIENTED_EDGE('',*,*,#578,.F.);
#578 = EDGE_CURVE('',#558,#532,#579,.T.);
#579 = ( BOUNDED_CURVE() B_SPLINE_CURVE(2,(#580,#581,#582,#583,#584,#585
,#586),.UNSPECIFIED.,.F.,.F.) B_SPLINE_CURVE_WITH_KNOTS((3,2,2,3),(0.675
,0.683333333333,0.691666666666,0.7),.UNSPECIFIED.) CURVE() 
GEOMETRIC_REPRESENTATION_ITEM() RATIONAL_B_SPLINE_CURVE((1.,
    0.866025403784,1.,0.866025403784,1.,0.866025403784,1.)) 
REPRESENTATION_ITEM('') );
#580 = CARTESIAN_POINT('',(1.25,1.530808498934E-16,-0.549999999999));
#581 = CARTESIAN_POINT('',(1.25,-0.721687836487,-0.591666666666));
#582 = CARTESIAN_POINT('',(0.625,-1.08253175473,-0.633333333333));
#583 = CARTESIAN_POINT('',(2.651438096812E-16,-1.443375672974,
    -0.674999999999));
#584 = CARTESIAN_POINT('',(-0.624999999999,-1.08253175473,
    -0.716666666666));
#585 = CARTESIAN_POINT('',(-1.25,-0.721687836487,-0.758333333333));
#586 = CARTESIAN_POINT('',(-1.25,0.,-0.799999999999));
#587 = CYLINDRICAL_SURFACE('',#588,1.25);
#588 = AXIS2_PLACEMENT_3D('',#589,#590,#591);
#589 = CARTESIAN_POINT('',(0.,0.,-1.53));
#590 = DIRECTION('',(0.,0.,1.));
#591 = DIRECTION('',(1.,0.,0.));
#592 = ADVANCED_FACE('',(#593),#626,.F.);
#593 = FACE_BOUND('',#594,.F.);
#594 = EDGE_LOOP('',(#595,#607,#608,#620));
#595 = ORIENTED_EDGE('',*,*,#596,.T.);
#596 = EDGE_CURVE('',#597,#560,#599,.T.);
#597 = VERTEX_POINT('',#598);
#598 = CARTESIAN_POINT('',(-1.25,0.,-0.174999998634));
#599 = ( BOUNDED_CURVE() B_SPLINE_CURVE(2,(#600,#601,#602,#603,#604,#605
,#606),.UNSPECIFIED.,.F.,.F.) B_SPLINE_CURVE_WITH_KNOTS((3,2,2,3),(0.6,
0.608333333333,0.616666666666,0.625),.UNSPECIFIED.) CURVE() 
GEOMETRIC_REPRESENTATION_ITEM() RATIONAL_B_SPLINE_CURVE((0.999999999999,
    0.866025403784,1.,0.866025403784,1.,0.866025403784,1.)) 
REPRESENTATION_ITEM('') );
#600 = CARTESIAN_POINT('',(-1.25,0.,-0.174999998634));
#601 = CARTESIAN_POINT('',(-1.249999999999,0.721687836487,
    -0.216666665301));
#602 = CARTESIAN_POINT('',(-0.625,1.08253175473,-0.258333331967));
#603 = CARTESIAN_POINT('',(-8.838126989374E-17,1.443375672974,
    -0.299999998634));
#604 = CARTESIAN_POINT('',(0.624999999999,1.08253175473,-0.341666665301)
  );
#605 = CARTESIAN_POINT('',(1.25,0.721687836487,-0.383333331967));
#606 = CARTESIAN_POINT('',(1.25,1.530808498934E-16,-0.424999998634));
#607 = ORIENTED_EDGE('',*,*,#557,.F.);
#608 = ORIENTED_EDGE('',*,*,#609,.F.);
#609 = EDGE_CURVE('',#610,#558,#612,.T.);
#610 = VERTEX_POINT('',#611);
#611 = CARTESIAN_POINT('',(-1.25,0.,-0.299999999999));
#612 = ( BOUNDED_CURVE() B_SPLINE_CURVE(2,(#613,#614,#615,#616,#617,#618
,#619),.UNSPECIFIED.,.F.,.F.) B_SPLINE_CURVE_WITH_KNOTS((3,2,2,3),(0.65,
0.658333333333,0.666666666666,0.675),.UNSPECIFIED.) CURVE() 
GEOMETRIC_REPRESENTATION_ITEM() RATIONAL_B_SPLINE_CURVE((1.,
    0.866025403784,1.,0.866025403784,1.,0.866025403784,1.)) 
REPRESENTATION_ITEM('') );
#613 = CARTESIAN_POINT('',(-1.25,0.,-0.299999999999));
#614 = CARTESIAN_POINT('',(-1.25,0.721687836487,-0.341666666666));
#615 = CARTESIAN_POINT('',(-0.625,1.08253175473,-0.383333333333));
#616 = CARTESIAN_POINT('',(-8.838126989374E-17,1.443375672974,
    -0.424999999999));
#617 = CARTESIAN_POINT('',(0.624999999999,1.08253175473,-0.466666666666)
  );
#618 = CARTESIAN_POINT('',(1.25,0.721687836487,-0.508333333333));
#619 = CARTESIAN_POINT('',(1.25,1.530808498934E-16,-0.549999999999));
#620 = ORIENTED_EDGE('',*,*,#621,.T.);
#621 = EDGE_CURVE('',#610,#597,#622,.T.);
#622 = LINE('',#623,#624);
#623 = CARTESIAN_POINT('',(-1.25,1.530808498934E-16,-1.53));
#624 = VECTOR('',#625,1.);
#625 = DIRECTION('',(0.,0.,1.));
#626 = CYLINDRICAL_SURFACE('',#627,1.25);
#627 = AXIS2_PLACEMENT_3D('',#628,#629,#630);
#628 = CARTESIAN_POINT('',(0.,0.,-1.53));
#629 = DIRECTION('',(0.,0.,1.));
#630 = DIRECTION('',(1.,0.,0.));
#631 = ADVANCED_FACE('',(#632),#665,.F.);
#632 = FACE_BOUND('',#633,.F.);
#633 = EDGE_LOOP('',(#634,#644,#654,#655));
#634 = ORIENTED_EDGE('',*,*,#635,.T.);
#635 = EDGE_CURVE('',#636,#638,#640,.T.);
#636 = VERTEX_POINT('',#637);
#637 = CARTESIAN_POINT('',(1.25,1.530808498934E-16,-4.9999999999E-02));
#638 = VERTEX_POINT('',#639);
#639 = CARTESIAN_POINT('',(1.25,1.530808498934E-16,7.5000001365E-02));
#640 = LINE('',#641,#642);
#641 = CARTESIAN_POINT('',(1.25,0.,-1.53));
#642 = VECTOR('',#643,1.);
#643 = DIRECTION('',(0.,0.,1.));
#644 = ORIENTED_EDGE('',*,*,#645,.T.);
#645 = EDGE_CURVE('',#638,#597,#646,.T.);
#646 = ( BOUNDED_CURVE() B_SPLINE_CURVE(2,(#647,#648,#649,#650,#651,#652
,#653),.UNSPECIFIED.,.F.,.F.) B_SPLINE_CURVE_WITH_KNOTS((3,2,2,3),(0.575
,0.583333333333,0.591666666666,0.6),.UNSPECIFIED.) CURVE() 
GEOMETRIC_REPRESENTATION_ITEM() RATIONAL_B_SPLINE_CURVE((0.999999999999,
    0.866025403784,1.,0.866025403784,1.,0.866025403784,1.)) 
REPRESENTATION_ITEM('') );
#647 = CARTESIAN_POINT('',(1.25,1.530808498934E-16,7.5000001365E-02));
#648 = CARTESIAN_POINT('',(1.249999999999,-0.721687836487,
    3.3333334698E-02));
#649 = CARTESIAN_POINT('',(0.625,-1.08253175473,-8.333331967E-03));
#650 = CARTESIAN_POINT('',(2.651438096812E-16,-1.443375672974,
    -4.9999998634E-02));
#651 = CARTESIAN_POINT('',(-0.624999999999,-1.08253175473,
    -9.1666665301E-02));
#652 = CARTESIAN_POINT('',(-1.25,-0.721687836487,-0.133333331967));
#653 = CARTESIAN_POINT('',(-1.25,0.,-0.174999998634));
#654 = ORIENTED_EDGE('',*,*,#621,.F.);
#655 = ORIENTED_EDGE('',*,*,#656,.F.);
#656 = EDGE_CURVE('',#636,#610,#657,.T.);
#657 = ( BOUNDED_CURVE() B_SPLINE_CURVE(2,(#658,#659,#660,#661,#662,#663
,#664),.UNSPECIFIED.,.F.,.F.) B_SPLINE_CURVE_WITH_KNOTS((3,2,2,3),(0.625
,0.633333333333,0.641666666666,0.65),.UNSPECIFIED.) CURVE() 
GEOMETRIC_REPRESENTATION_ITEM() RATIONAL_B_SPLINE_CURVE((1.,
    0.866025403784,1.,0.866025403784,1.,0.866025403784,1.)) 
REPRESENTATION_ITEM('') );
#658 = CARTESIAN_POINT('',(1.25,1.530808498934E-16,-4.9999999999E-02));
#659 = CARTESIAN_POINT('',(1.25,-0.721687836487,-9.1666666666E-02));
#660 = CARTESIAN_POINT('',(0.625,-1.08253175473,-0.133333333333));
#661 = CARTESIAN_POINT('',(2.651438096812E-16,-1.443375672974,
    -0.174999999999));
#662 = CARTESIAN_POINT('',(-0.624999999999,-1.08253175473,
    -0.216666666666));
#663 = CARTESIAN_POINT('',(-1.249999999999,-0.721687836487,
    -0.258333333333));
#664 = CARTESIAN_POINT('',(-1.25,0.,-0.299999999999));
#665 = CYLINDRICAL_SURFACE('',#666,1.25);
#666 = AXIS2_PLACEMENT_3D('',#667,#668,#669);
#667 = CARTESIAN_POINT('',(0.,0.,-1.53));
#668 = DIRECTION('',(0.,0.,1.));
#669 = DIRECTION('',(1.,0.,0.));
#670 = ADVANCED_FACE('',(#671),#704,.F.);
#671 = FACE_BOUND('',#672,.F.);
#672 = EDGE_LOOP('',(#673,#685,#686,#698));
#673 = ORIENTED_EDGE('',*,*,#674,.T.);
#674 = EDGE_CURVE('',#675,#638,#677,.T.);
#675 = VERTEX_POINT('',#676);
#676 = CARTESIAN_POINT('',(-1.25,0.,0.325000001365));
#677 = ( BOUNDED_CURVE() B_SPLINE_CURVE(2,(#678,#679,#680,#681,#682,#683
,#684),.UNSPECIFIED.,.F.,.F.) B_SPLINE_CURVE_WITH_KNOTS((3,2,2,3),(0.55,
0.558333333333,0.566666666666,0.575),.UNSPECIFIED.) CURVE() 
GEOMETRIC_REPRESENTATION_ITEM() RATIONAL_B_SPLINE_CURVE((1.,
    0.866025403784,1.,0.866025403784,1.,0.866025403784,1.)) 
REPRESENTATION_ITEM('') );
#678 = CARTESIAN_POINT('',(-1.25,0.,0.325000001365));
#679 = CARTESIAN_POINT('',(-1.25,0.721687836487,0.283333334698));
#680 = CARTESIAN_POINT('',(-0.625,1.08253175473,0.241666668032));
#681 = CARTESIAN_POINT('',(-8.838126989374E-17,1.443375672974,
    0.200000001365));
#682 = CARTESIAN_POINT('',(0.624999999999,1.08253175473,0.158333334698)
  );
#683 = CARTESIAN_POINT('',(1.25,0.721687836487,0.116666668032));
#684 = CARTESIAN_POINT('',(1.25,1.530808498934E-16,7.5000001365E-02));
#685 = ORIENTED_EDGE('',*,*,#635,.F.);
#686 = ORIENTED_EDGE('',*,*,#687,.F.);
#687 = EDGE_CURVE('',#688,#636,#690,.T.);
#688 = VERTEX_POINT('',#689);
#689 = CARTESIAN_POINT('',(-1.25,0.,0.2));
#690 = ( BOUNDED_CURVE() B_SPLINE_CURVE(2,(#691,#692,#693,#694,#695,#696
,#697),.UNSPECIFIED.,.F.,.F.) B_SPLINE_CURVE_WITH_KNOTS((3,2,2,3),(0.6,
0.608333333333,0.616666666666,0.625),.UNSPECIFIED.) CURVE() 
GEOMETRIC_REPRESENTATION_ITEM() RATIONAL_B_SPLINE_CURVE((0.999999999999,
    0.866025403784,1.,0.866025403784,1.,0.866025403784,1.)) 
REPRESENTATION_ITEM('') );
#691 = CARTESIAN_POINT('',(-1.25,0.,0.2));
#692 = CARTESIAN_POINT('',(-1.249999999999,0.721687836487,0.158333333333
    ));
#693 = CARTESIAN_POINT('',(-0.625,1.08253175473,0.116666666666));
#694 = CARTESIAN_POINT('',(-8.838126989374E-17,1.443375672974,7.5E-02));
#695 = CARTESIAN_POINT('',(0.624999999999,1.08253175473,3.3333333333E-02
    ));
#696 = CARTESIAN_POINT('',(1.25,0.721687836487,-8.333333333E-03));
#697 = CARTESIAN_POINT('',(1.25,1.530808498934E-16,-4.9999999999E-02));
#698 = ORIENTED_EDGE('',*,*,#699,.T.);
#699 = EDGE_CURVE('',#688,#675,#700,.T.);
#700 = LINE('',#701,#702);
#701 = CARTESIAN_POINT('',(-1.25,1.530808498934E-16,-1.53));
#702 = VECTOR('',#703,1.);
#703 = DIRECTION('',(0.,0.,1.));
#704 = CYLINDRICAL_SURFACE('',#705,1.25);
#705 = AXIS2_PLACEMENT_3D('',#706,#707,#708);
#706 = CARTESIAN_POINT('',(0.,0.,-1.53));
#707 = DIRECTION('',(0.,0.,1.));
#708 = DIRECTION('',(1.,0.,0.));
#709 = ADVANCED_FACE('',(#710),#743,.F.);
#710 = FACE_BOUND('',#711,.F.);
#711 = EDGE_LOOP('',(#712,#722,#732,#733));
#712 = ORIENTED_EDGE('',*,*,#713,.T.);
#713 = EDGE_CURVE('',#714,#716,#718,.T.);
#714 = VERTEX_POINT('',#715);
#715 = CARTESIAN_POINT('',(1.25,1.530808498934E-16,0.45));
#716 = VERTEX_POINT('',#717);
#717 = CARTESIAN_POINT('',(1.25,1.530808498934E-16,0.575000001365));
#718 = LINE('',#719,#720);
#719 = CARTESIAN_POINT('',(1.25,0.,-1.53));
#720 = VECTOR('',#721,1.);
#721 = DIRECTION('',(0.,0.,1.));
#722 = ORIENTED_EDGE('',*,*,#723,.T.);
#723 = EDGE_CURVE('',#716,#675,#724,.T.);
#724 = ( BOUNDED_CURVE() B_SPLINE_CURVE(2,(#725,#726,#727,#728,#729,#730
,#731),.UNSPECIFIED.,.F.,.F.) B_SPLINE_CURVE_WITH_KNOTS((3,2,2,3),(
    0.524999999999,0.533333333333,0.541666666666,0.55),.UNSPECIFIED.) 
CURVE() GEOMETRIC_REPRESENTATION_ITEM() RATIONAL_B_SPLINE_CURVE((1.,
    0.866025403784,1.,0.866025403784,1.,0.866025403784,1.)) 
REPRESENTATION_ITEM('') );
#725 = CARTESIAN_POINT('',(1.25,1.530808498934E-16,0.575000001365));
#726 = CARTESIAN_POINT('',(1.25,-0.721687836487,0.533333334698));
#727 = CARTESIAN_POINT('',(0.625,-1.08253175473,0.491666668032));
#728 = CARTESIAN_POINT('',(2.651438096812E-16,-1.443375672974,
    0.450000001365));
#729 = CARTESIAN_POINT('',(-0.624999999999,-1.08253175473,0.408333334698
    ));
#730 = CARTESIAN_POINT('',(-1.249999999999,-0.721687836487,
    0.366666668032));
#731 = CARTESIAN_POINT('',(-1.25,0.,0.325000001365));
#732 = ORIENTED_EDGE('',*,*,#699,.F.);
#733 = ORIENTED_EDGE('',*,*,#734,.F.);
#734 = EDGE_CURVE('',#714,#688,#735,.T.);
#735 = ( BOUNDED_CURVE() B_SPLINE_CURVE(2,(#736,#737,#738,#739,#740,#741
,#742),.UNSPECIFIED.,.F.,.F.) B_SPLINE_CURVE_WITH_KNOTS((3,2,2,3),(0.575
,0.583333333333,0.591666666666,0.6),.UNSPECIFIED.) CURVE() 
GEOMETRIC_REPRESENTATION_ITEM() RATIONAL_B_SPLINE_CURVE((0.999999999999,
    0.866025403784,1.,0.866025403784,1.,0.866025403784,1.)) 
REPRESENTATION_ITEM('') );
#736 = CARTESIAN_POINT('',(1.25,1.530808498934E-16,0.45));
#737 = CARTESIAN_POINT('',(1.249999999999,-0.721687836487,0.408333333333
    ));
#738 = CARTESIAN_POINT('',(0.625,-1.08253175473,0.366666666666));
#739 = CARTESIAN_POINT('',(2.651438096812E-16,-1.443375672974,0.325));
#740 = CARTESIAN_POINT('',(-0.624999999999,-1.08253175473,0.283333333333
    ));
#741 = CARTESIAN_POINT('',(-1.25,-0.721687836487,0.241666666666));
#742 = CARTESIAN_POINT('',(-1.25,0.,0.2));
#743 = CYLINDRICAL_SURFACE('',#744,1.25);
#744 = AXIS2_PLACEMENT_3D('',#745,#746,#747);
#745 = CARTESIAN_POINT('',(0.,0.,-1.53));
#746 = DIRECTION('',(0.,0.,1.));
#747 = DIRECTION('',(1.,0.,0.));
#748 = ADVANCED_FACE('',(#749),#782,.F.);
#749 = FACE_BOUND('',#750,.F.);
#750 = EDGE_LOOP('',(#751,#763,#764,#776));
#751 = ORIENTED_EDGE('',*,*,#752,.T.);
#752 = EDGE_CURVE('',#753,#716,#755,.T.);
#753 = VERTEX_POINT('',#754);
#754 = CARTESIAN_POINT('',(-1.25,0.,0.825000001365));
#755 = ( BOUNDED_CURVE() B_SPLINE_CURVE(2,(#756,#757,#758,#759,#760,#761
,#762),.UNSPECIFIED.,.F.,.F.) B_SPLINE_CURVE_WITH_KNOTS((3,2,2,3),(0.5,
    0.508333333333,0.516666666666,0.524999999999),
.PIECEWISE_BEZIER_KNOTS.) CURVE() GEOMETRIC_REPRESENTATION_ITEM() 
RATIONAL_B_SPLINE_CURVE((1.,0.866025403784,1.,0.866025403784,1.,
0.866025403784,0.999999999999)) REPRESENTATION_ITEM('') );
#756 = CARTESIAN_POINT('',(-1.25,0.,0.825000001365));
#757 = CARTESIAN_POINT('',(-1.25,0.721687836487,0.783333334698));
#758 = CARTESIAN_POINT('',(-0.625,1.08253175473,0.741666668032));
#759 = CARTESIAN_POINT('',(-8.838126989374E-17,1.443375672974,
    0.700000001365));
#760 = CARTESIAN_POINT('',(0.624999999999,1.08253175473,0.658333334698)
  );
#761 = CARTESIAN_POINT('',(1.249999999999,0.721687836487,0.616666668032)
  );
#762 = CARTESIAN_POINT('',(1.25,1.530808498934E-16,0.575000001365));
#763 = ORIENTED_EDGE('',*,*,#713,.F.);
#764 = ORIENTED_EDGE('',*,*,#765,.F.);
#765 = EDGE_CURVE('',#766,#714,#768,.T.);
#766 = VERTEX_POINT('',#767);
#767 = CARTESIAN_POINT('',(-1.25,0.,0.7));
#768 = ( BOUNDED_CURVE() B_SPLINE_CURVE(2,(#769,#770,#771,#772,#773,#774
,#775),.UNSPECIFIED.,.F.,.F.) B_SPLINE_CURVE_WITH_KNOTS((3,2,2,3),(0.55,
0.558333333333,0.566666666666,0.575),.UNSPECIFIED.) CURVE() 
GEOMETRIC_REPRESENTATION_ITEM() RATIONAL_B_SPLINE_CURVE((1.,
    0.866025403784,1.,0.866025403784,1.,0.866025403784,1.)) 
REPRESENTATION_ITEM('') );
#769 = CARTESIAN_POINT('',(-1.25,0.,0.7));
#770 = CARTESIAN_POINT('',(-1.25,0.721687836487,0.658333333333));
#771 = CARTESIAN_POINT('',(-0.625,1.08253175473,0.616666666666));
#772 = CARTESIAN_POINT('',(-8.838126989374E-17,1.443375672974,0.575));
#773 = CARTESIAN_POINT('',(0.624999999999,1.08253175473,0.533333333333)
  );
#774 = CARTESIAN_POINT('',(1.25,0.721687836487,0.491666666666));
#775 = CARTESIAN_POINT('',(1.25,1.530808498934E-16,0.45));
#776 = ORIENTED_EDGE('',*,*,#777,.T.);
#777 = EDGE_CURVE('',#766,#753,#778,.T.);
#778 = LINE('',#779,#780);
#779 = CARTESIAN_POINT('',(-1.25,1.530808498934E-16,-1.53));
#780 = VECTOR('',#781,1.);
#781 = DIRECTION('',(0.,0.,1.));
#782 = CYLINDRICAL_SURFACE('',#783,1.25);
#783 = AXIS2_PLACEMENT_3D('',#784,#785,#786);
#784 = CARTESIAN_POINT('',(0.,0.,-1.53));
#785 = DIRECTION('',(0.,0.,1.));
#786 = DIRECTION('',(1.,0.,0.));
#787 = ADVANCED_FACE('',(#788),#821,.F.);
#788 = FACE_BOUND('',#789,.F.);
#789 = EDGE_LOOP('',(#790,#800,#810,#811));
#790 = ORIENTED_EDGE('',*,*,#791,.T.);
#791 = EDGE_CURVE('',#792,#794,#796,.T.);
#792 = VERTEX_POINT('',#793);
#793 = CARTESIAN_POINT('',(1.25,1.530808498934E-16,0.95));
#794 = VERTEX_POINT('',#795);
#795 = CARTESIAN_POINT('',(1.25,1.530808498934E-16,1.075000001365));
#796 = LINE('',#797,#798);
#797 = CARTESIAN_POINT('',(1.25,0.,-1.53));
#798 = VECTOR('',#799,1.);
#799 = DIRECTION('',(0.,0.,1.));
#800 = ORIENTED_EDGE('',*,*,#801,.T.);
#801 = EDGE_CURVE('',#794,#753,#802,.T.);
#802 = ( BOUNDED_CURVE() B_SPLINE_CURVE(2,(#803,#804,#805,#806,#807,#808
,#809),.UNSPECIFIED.,.F.,.F.) B_SPLINE_CURVE_WITH_KNOTS((3,2,2,3),(0.475
,0.483333333333,0.491666666666,0.5),.UNSPECIFIED.) CURVE() 
GEOMETRIC_REPRESENTATION_ITEM() RATIONAL_B_SPLINE_CURVE((0.999999999999,
    0.866025403784,1.,0.866025403784,1.,0.866025403784,1.)) 
REPRESENTATION_ITEM('') );
#803 = CARTESIAN_POINT('',(1.25,1.530808498934E-16,1.075000001365));
#804 = CARTESIAN_POINT('',(1.249999999999,-0.721687836487,1.033333334698
    ));
#805 = CARTESIAN_POINT('',(0.625,-1.08253175473,0.991666668032));
#806 = CARTESIAN_POINT('',(2.651438096812E-16,-1.443375672974,
    0.950000001365));
#807 = CARTESIAN_POINT('',(-0.624999999999,-1.08253175473,0.908333334698
    ));
#808 = CARTESIAN_POINT('',(-1.249999999999,-0.721687836487,
    0.866666668032));
#809 = CARTESIAN_POINT('',(-1.25,0.,0.825000001365));
#810 = ORIENTED_EDGE('',*,*,#777,.F.);
#811 = ORIENTED_EDGE('',*,*,#812,.F.);
#812 = EDGE_CURVE('',#792,#766,#813,.T.);
#813 = ( BOUNDED_CURVE() B_SPLINE_CURVE(2,(#814,#815,#816,#817,#818,#819
,#820),.UNSPECIFIED.,.F.,.F.) B_SPLINE_CURVE_WITH_KNOTS((3,2,2,3),(
    0.524999999999,0.533333333333,0.541666666666,0.55),.UNSPECIFIED.) 
CURVE() GEOMETRIC_REPRESENTATION_ITEM() RATIONAL_B_SPLINE_CURVE((1.,
    0.866025403784,1.,0.866025403784,1.,0.866025403784,1.)) 
REPRESENTATION_ITEM('') );
#814 = CARTESIAN_POINT('',(1.25,1.530808498934E-16,0.95));
#815 = CARTESIAN_POINT('',(1.25,-0.721687836487,0.908333333333));
#816 = CARTESIAN_POINT('',(0.625,-1.08253175473,0.866666666666));
#817 = CARTESIAN_POINT('',(2.651438096812E-16,-1.443375672974,0.825));
#818 = CARTESIAN_POINT('',(-0.624999999999,-1.08253175473,0.783333333333
    ));
#819 = CARTESIAN_POINT('',(-1.249999999999,-0.721687836487,
    0.741666666666));
#820 = CARTESIAN_POINT('',(-1.25,0.,0.7));
#821 = CYLINDRICAL_SURFACE('',#822,1.25);
#822 = AXIS2_PLACEMENT_3D('',#823,#824,#825);
#823 = CARTESIAN_POINT('',(0.,0.,-1.53));
#824 = DIRECTION('',(0.,0.,1.));
#825 = DIRECTION('',(1.,0.,0.));
#826 = ADVANCED_FACE('',(#827),#860,.F.);
#827 = FACE_BOUND('',#828,.F.);
#828 = EDGE_LOOP('',(#829,#841,#842,#854));
#829 = ORIENTED_EDGE('',*,*,#830,.T.);
#830 = EDGE_CURVE('',#831,#794,#833,.T.);
#831 = VERTEX_POINT('',#832);
#832 = CARTESIAN_POINT('',(-1.25,0.,1.325000001365));
#833 = ( BOUNDED_CURVE() B_SPLINE_CURVE(2,(#834,#835,#836,#837,#838,#839
,#840),.UNSPECIFIED.,.F.,.F.) B_SPLINE_CURVE_WITH_KNOTS((3,2,2,3),(0.45,
0.458333333333,0.466666666666,0.475),.UNSPECIFIED.) CURVE() 
GEOMETRIC_REPRESENTATION_ITEM() RATIONAL_B_SPLINE_CURVE((1.,
    0.866025403784,1.,0.866025403784,1.,0.866025403784,1.)) 
REPRESENTATION_ITEM('') );
#834 = CARTESIAN_POINT('',(-1.25,0.,1.325000001365));
#835 = CARTESIAN_POINT('',(-1.25,0.721687836487,1.283333334698));
#836 = CARTESIAN_POINT('',(-0.625,1.08253175473,1.241666668032));
#837 = CARTESIAN_POINT('',(-8.838126989374E-17,1.443375672974,
    1.200000001365));
#838 = CARTESIAN_POINT('',(0.624999999999,1.08253175473,1.158333334698)
  );
#839 = CARTESIAN_POINT('',(1.25,0.721687836487,1.116666668032));
#840 = CARTESIAN_POINT('',(1.25,1.530808498934E-16,1.075000001365));
#841 = ORIENTED_EDGE('',*,*,#791,.F.);
#842 = ORIENTED_EDGE('',*,*,#843,.F.);
#843 = EDGE_CURVE('',#844,#792,#846,.T.);
#844 = VERTEX_POINT('',#845);
#845 = CARTESIAN_POINT('',(-1.25,0.,1.2));
#846 = ( BOUNDED_CURVE() B_SPLINE_CURVE(2,(#847,#848,#849,#850,#851,#852
,#853),.UNSPECIFIED.,.F.,.F.) B_SPLINE_CURVE_WITH_KNOTS((3,2,2,3),(0.5,
    0.508333333333,0.516666666666,0.524999999999),
.PIECEWISE_BEZIER_KNOTS.) CURVE() GEOMETRIC_REPRESENTATION_ITEM() 
RATIONAL_B_SPLINE_CURVE((1.,0.866025403784,1.,0.866025403784,1.,
0.866025403784,0.999999999999)) REPRESENTATION_ITEM('') );
#847 = CARTESIAN_POINT('',(-1.25,0.,1.2));
#848 = CARTESIAN_POINT('',(-1.25,0.721687836487,1.158333333333));
#849 = CARTESIAN_POINT('',(-0.625,1.08253175473,1.116666666666));
#850 = CARTESIAN_POINT('',(-8.838126989374E-17,1.443375672974,1.075));
#851 = CARTESIAN_POINT('',(0.624999999999,1.08253175473,1.033333333333)
  );
#852 = CARTESIAN_POINT('',(1.249999999999,0.721687836487,0.991666666666)
  );
#853 = CARTESIAN_POINT('',(1.25,1.530808498934E-16,0.95));
#854 = ORIENTED_EDGE('',*,*,#855,.T.);
#855 = EDGE_CURVE('',#844,#831,#856,.T.);
#856 = LINE('',#857,#858);
#857 = CARTESIAN_POINT('',(-1.25,1.530808498934E-16,-1.53));
#858 = VECTOR('',#859,1.);
#859 = DIRECTION('',(0.,0.,1.));
#860 = CYLINDRICAL_SURFACE('',#861,1.25);
#861 = AXIS2_PLACEMENT_3D('',#862,#863,#864);
#862 = CARTESIAN_POINT('',(0.,0.,-1.53));
#863 = DIRECTION('',(0.,0.,1.));
#864 = DIRECTION('',(1.,0.,0.));
#865 = ADVANCED_FACE('',(#866),#899,.F.);
#866 = FACE_BOUND('',#867,.F.);
#867 = EDGE_LOOP('',(#868,#878,#888,#889));
#868 = ORIENTED_EDGE('',*,*,#869,.T.);
#869 = EDGE_CURVE('',#870,#872,#874,.T.);
#870 = VERTEX_POINT('',#871);
#871 = CARTESIAN_POINT('',(1.25,1.530808498934E-16,1.45));
#872 = VERTEX_POINT('',#873);
#873 = CARTESIAN_POINT('',(1.25,1.530808498934E-16,1.575000001365));
#874 = LINE('',#875,#876);
#875 = CARTESIAN_POINT('',(1.25,0.,-1.53));
#876 = VECTOR('',#877,1.);
#877 = DIRECTION('',(0.,0.,1.));
#878 = ORIENTED_EDGE('',*,*,#879,.T.);
#879 = EDGE_CURVE('',#872,#831,#880,.T.);
#880 = ( BOUNDED_CURVE() B_SPLINE_CURVE(2,(#881,#882,#883,#884,#885,#886
,#887),.UNSPECIFIED.,.F.,.F.) B_SPLINE_CURVE_WITH_KNOTS((3,2,2,3),(
    0.424999999999,0.433333333333,0.441666666666,0.45),.UNSPECIFIED.) 
CURVE() GEOMETRIC_REPRESENTATION_ITEM() RATIONAL_B_SPLINE_CURVE((1.,
    0.866025403784,1.,0.866025403784,1.,0.866025403784,1.)) 
REPRESENTATION_ITEM('') );
#881 = CARTESIAN_POINT('',(1.25,1.530808498934E-16,1.575000001365));
#882 = CARTESIAN_POINT('',(1.25,-0.721687836487,1.533333334698));
#883 = CARTESIAN_POINT('',(0.625,-1.08253175473,1.491666668032));
#884 = CARTESIAN_POINT('',(2.651438096812E-16,-1.443375672974,
    1.450000001365));
#885 = CARTESIAN_POINT('',(-0.624999999999,-1.08253175473,1.408333334698
    ));
#886 = CARTESIAN_POINT('',(-1.249999999999,-0.721687836487,
    1.366666668032));
#887 = CARTESIAN_POINT('',(-1.25,0.,1.325000001365));
#888 = ORIENTED_EDGE('',*,*,#855,.F.);
#889 = ORIENTED_EDGE('',*,*,#890,.F.);
#890 = EDGE_CURVE('',#870,#844,#891,.T.);
#891 = ( BOUNDED_CURVE() B_SPLINE_CURVE(2,(#892,#893,#894,#895,#896,#897
,#898),.UNSPECIFIED.,.F.,.F.) B_SPLINE_CURVE_WITH_KNOTS((3,2,2,3),(0.475
,0.483333333333,0.491666666666,0.5),.UNSPECIFIED.) CURVE() 
GEOMETRIC_REPRESENTATION_ITEM() RATIONAL_B_SPLINE_CURVE((0.999999999999,
    0.866025403784,1.,0.866025403784,1.,0.866025403784,1.)) 
REPRESENTATION_ITEM('') );
#892 = CARTESIAN_POINT('',(1.25,1.530808498934E-16,1.45));
#893 = CARTESIAN_POINT('',(1.249999999999,-0.721687836487,1.408333333333
    ));
#894 = CARTESIAN_POINT('',(0.625,-1.08253175473,1.366666666666));
#895 = CARTESIAN_POINT('',(2.651438096812E-16,-1.443375672974,1.325));
#896 = CARTESIAN_POINT('',(-0.624999999999,-1.08253175473,1.283333333333
    ));
#897 = CARTESIAN_POINT('',(-1.249999999999,-0.721687836487,
    1.241666666666));
#898 = CARTESIAN_POINT('',(-1.25,0.,1.2));
#899 = CYLINDRICAL_SURFACE('',#900,1.25);
#900 = AXIS2_PLACEMENT_3D('',#901,#902,#903);
#901 = CARTESIAN_POINT('',(0.,0.,-1.53));
#902 = DIRECTION('',(0.,0.,1.));
#903 = DIRECTION('',(1.,0.,0.));
#904 = ADVANCED_FACE('',(#905),#938,.F.);
#905 = FACE_BOUND('',#906,.F.);
#906 = EDGE_LOOP('',(#907,#919,#920,#932));
#907 = ORIENTED_EDGE('',*,*,#908,.T.);
#908 = EDGE_CURVE('',#909,#872,#911,.T.);
#909 = VERTEX_POINT('',#910);
#910 = CARTESIAN_POINT('',(-1.25,0.,1.825000001365));
#911 = ( BOUNDED_CURVE() B_SPLINE_CURVE(2,(#912,#913,#914,#915,#916,#917
,#918),.UNSPECIFIED.,.F.,.F.) B_SPLINE_CURVE_WITH_KNOTS((3,2,2,3),(0.4,
    0.408333333333,0.416666666666,0.424999999999),
.PIECEWISE_BEZIER_KNOTS.) CURVE() GEOMETRIC_REPRESENTATION_ITEM() 
RATIONAL_B_SPLINE_CURVE((1.,0.866025403784,1.,0.866025403784,1.,
0.866025403784,0.999999999999)) REPRESENTATION_ITEM('') );
#912 = CARTESIAN_POINT('',(-1.25,0.,1.825000001365));
#913 = CARTESIAN_POINT('',(-1.25,0.721687836487,1.783333334698));
#914 = CARTESIAN_POINT('',(-0.625,1.08253175473,1.741666668032));
#915 = CARTESIAN_POINT('',(-8.838126989374E-17,1.443375672974,
    1.700000001365));
#916 = CARTESIAN_POINT('',(0.624999999999,1.08253175473,1.658333334698)
  );
#917 = CARTESIAN_POINT('',(1.249999999999,0.721687836487,1.616666668032)
  );
#918 = CARTESIAN_POINT('',(1.25,1.530808498934E-16,1.575000001365));
#919 = ORIENTED_EDGE('',*,*,#869,.F.);
#920 = ORIENTED_EDGE('',*,*,#921,.F.);
#921 = EDGE_CURVE('',#922,#870,#924,.T.);
#922 = VERTEX_POINT('',#923);
#923 = CARTESIAN_POINT('',(-1.25,0.,1.7));
#924 = ( BOUNDED_CURVE() B_SPLINE_CURVE(2,(#925,#926,#927,#928,#929,#930
,#931),.UNSPECIFIED.,.F.,.F.) B_SPLINE_CURVE_WITH_KNOTS((3,2,2,3),(0.45,
0.458333333333,0.466666666666,0.475),.UNSPECIFIED.) CURVE() 
GEOMETRIC_REPRESENTATION_ITEM() RATIONAL_B_SPLINE_CURVE((1.,
    0.866025403784,1.,0.866025403784,1.,0.866025403784,1.)) 
REPRESENTATION_ITEM('') );
#925 = CARTESIAN_POINT('',(-1.25,0.,1.7));
#926 = CARTESIAN_POINT('',(-1.25,0.721687836487,1.658333333333));
#927 = CARTESIAN_POINT('',(-0.625,1.08253175473,1.616666666666));
#928 = CARTESIAN_POINT('',(-8.838126989374E-17,1.443375672974,1.575));
#929 = CARTESIAN_POINT('',(0.624999999999,1.08253175473,1.533333333333)
  );
#930 = CARTESIAN_POINT('',(1.25,0.721687836487,1.491666666666));
#931 = CARTESIAN_POINT('',(1.25,1.530808498934E-16,1.45));
#932 = ORIENTED_EDGE('',*,*,#933,.T.);
#933 = EDGE_CURVE('',#922,#909,#934,.T.);
#934 = LINE('',#935,#936);
#935 = CARTESIAN_POINT('',(-1.25,1.530808498934E-16,-1.53));
#936 = VECTOR('',#937,1.);
#937 = DIRECTION('',(0.,0.,1.));
#938 = CYLINDRICAL_SURFACE('',#939,1.25);
#939 = AXIS2_PLACEMENT_3D('',#940,#941,#942);
#940 = CARTESIAN_POINT('',(0.,0.,-1.53));
#941 = DIRECTION('',(0.,0.,1.));
#942 = DIRECTION('',(1.,0.,0.));
#943 = ADVANCED_FACE('',(#944),#977,.F.);
#944 = FACE_BOUND('',#945,.F.);
#945 = EDGE_LOOP('',(#946,#956,#966,#967));
#946 = ORIENTED_EDGE('',*,*,#947,.T.);
#947 = EDGE_CURVE('',#948,#950,#952,.T.);
#948 = VERTEX_POINT('',#949);
#949 = CARTESIAN_POINT('',(1.25,1.530808498934E-16,1.95));
#950 = VERTEX_POINT('',#951);
#951 = CARTESIAN_POINT('',(1.25,1.530808498934E-16,2.075000001365));
#952 = LINE('',#953,#954);
#953 = CARTESIAN_POINT('',(1.25,0.,-1.53));
#954 = VECTOR('',#955,1.);
#955 = DIRECTION('',(0.,0.,1.));
#956 = ORIENTED_EDGE('',*,*,#957,.T.);
#957 = EDGE_CURVE('',#950,#909,#958,.T.);
#958 = ( BOUNDED_CURVE() B_SPLINE_CURVE(2,(#959,#960,#961,#962,#963,#964
,#965),.UNSPECIFIED.,.F.,.F.) B_SPLINE_CURVE_WITH_KNOTS((3,2,2,3),(0.375
,0.383333333333,0.391666666666,0.4),.UNSPECIFIED.) CURVE() 
GEOMETRIC_REPRESENTATION_ITEM() RATIONAL_B_SPLINE_CURVE((1.,
    0.866025403784,1.,0.866025403784,1.,0.866025403784,1.)) 
REPRESENTATION_ITEM('') );
#959 = CARTESIAN_POINT('',(1.25,1.530808498934E-16,2.075000001365));
#960 = CARTESIAN_POINT('',(1.25,-0.721687836487,2.033333334698));
#961 = CARTESIAN_POINT('',(0.625,-1.08253175473,1.991666668032));
#962 = CARTESIAN_POINT('',(2.651438096812E-16,-1.443375672974,
    1.950000001365));
#963 = CARTESIAN_POINT('',(-0.624999999999,-1.08253175473,1.908333334698
    ));
#964 = CARTESIAN_POINT('',(-1.249999999999,-0.721687836487,
    1.866666668032));
#965 = CARTESIAN_POINT('',(-1.25,0.,1.825000001365));
#966 = ORIENTED_EDGE('',*,*,#933,.F.);
#967 = ORIENTED_EDGE('',*,*,#968,.F.);
#968 = EDGE_CURVE('',#948,#922,#969,.T.);
#969 = ( BOUNDED_CURVE() B_SPLINE_CURVE(2,(#970,#971,#972,#973,#974,#975
,#976),.UNSPECIFIED.,.F.,.F.) B_SPLINE_CURVE_WITH_KNOTS((3,2,2,3),(
    0.424999999999,0.433333333333,0.441666666666,0.45),.UNSPECIFIED.) 
CURVE() GEOMETRIC_REPRESENTATION_ITEM() RATIONAL_B_SPLINE_CURVE((1.,
    0.866025403784,1.,0.866025403784,1.,0.866025403784,1.)) 
REPRESENTATION_ITEM('') );
#970 = CARTESIAN_POINT('',(1.25,1.530808498934E-16,1.95));
#971 = CARTESIAN_POINT('',(1.25,-0.721687836487,1.908333333333));
#972 = CARTESIAN_POINT('',(0.625,-1.08253175473,1.866666666666));
#973 = CARTESIAN_POINT('',(2.651438096812E-16,-1.443375672974,1.825));
#974 = CARTESIAN_POINT('',(-0.624999999999,-1.08253175473,1.783333333333
    ));
#975 = CARTESIAN_POINT('',(-1.249999999999,-0.721687836487,
    1.741666666666));
#976 = CARTESIAN_POINT('',(-1.25,0.,1.7));
#977 = CYLINDRICAL_SURFACE('',#978,1.25);
#978 = AXIS2_PLACEMENT_3D('',#979,#980,#981);
#979 = CARTESIAN_POINT('',(0.,0.,-1.53));
#980 = DIRECTION('',(0.,0.,1.));
#981 = DIRECTION('',(1.,0.,0.));
#982 = ADVANCED_FACE('',(#983),#1016,.F.);
#983 = FACE_BOUND('',#984,.F.);
#984 = EDGE_LOOP('',(#985,#997,#998,#1010));
#985 = ORIENTED_EDGE('',*,*,#986,.T.);
#986 = EDGE_CURVE('',#987,#950,#989,.T.);
#987 = VERTEX_POINT('',#988);
#988 = CARTESIAN_POINT('',(-1.25,0.,2.325000001365));
#989 = ( BOUNDED_CURVE() B_SPLINE_CURVE(2,(#990,#991,#992,#993,#994,#995
,#996),.UNSPECIFIED.,.F.,.F.) B_SPLINE_CURVE_WITH_KNOTS((3,2,2,3),(0.35,
0.358333333333,0.366666666666,0.375),.UNSPECIFIED.) CURVE() 
GEOMETRIC_REPRESENTATION_ITEM() RATIONAL_B_SPLINE_CURVE((0.999999999999,
    0.866025403784,1.,0.866025403784,1.,0.866025403784,1.)) 
REPRESENTATION_ITEM('') );
#990 = CARTESIAN_POINT('',(-1.25,0.,2.325000001365));
#991 = CARTESIAN_POINT('',(-1.249999999999,0.721687836487,2.283333334698
    ));
#992 = CARTESIAN_POINT('',(-0.625,1.08253175473,2.241666668032));
#993 = CARTESIAN_POINT('',(-8.838126989374E-17,1.443375672974,
    2.200000001365));
#994 = CARTESIAN_POINT('',(0.624999999999,1.08253175473,2.158333334698)
  );
#995 = CARTESIAN_POINT('',(1.25,0.721687836487,2.116666668032));
#996 = CARTESIAN_POINT('',(1.25,1.530808498934E-16,2.075000001365));
#997 = ORIENTED_EDGE('',*,*,#947,.F.);
#998 = ORIENTED_EDGE('',*,*,#999,.F.);
#999 = EDGE_CURVE('',#1000,#948,#1002,.T.);
#1000 = VERTEX_POINT('',#1001);
#1001 = CARTESIAN_POINT('',(-1.25,0.,2.2));
#1002 = ( BOUNDED_CURVE() B_SPLINE_CURVE(2,(#1003,#1004,#1005,#1006,
#1007,#1008,#1009),.UNSPECIFIED.,.F.,.F.) B_SPLINE_CURVE_WITH_KNOTS((3,2
    ,2,3),(0.4,0.408333333333,0.416666666666,0.424999999999),
.PIECEWISE_BEZIER_KNOTS.) CURVE() GEOMETRIC_REPRESENTATION_ITEM() 
RATIONAL_B_SPLINE_CURVE((1.,0.866025403784,1.,0.866025403784,1.,
0.866025403784,0.999999999999)) REPRESENTATION_ITEM('') );
#1003 = CARTESIAN_POINT('',(-1.25,0.,2.2));
#1004 = CARTESIAN_POINT('',(-1.25,0.721687836487,2.158333333333));
#1005 = CARTESIAN_POINT('',(-0.625,1.08253175473,2.116666666666));
#1006 = CARTESIAN_POINT('',(-8.838126989374E-17,1.443375672974,2.075));
#1007 = CARTESIAN_POINT('',(0.624999999999,1.08253175473,2.033333333333)
  );
#1008 = CARTESIAN_POINT('',(1.249999999999,0.721687836487,1.991666666666
    ));
#1009 = CARTESIAN_POINT('',(1.25,1.530808498934E-16,1.95));
#1010 = ORIENTED_EDGE('',*,*,#1011,.T.);
#1011 = EDGE_CURVE('',#1000,#987,#1012,.T.);
#1012 = LINE('',#1013,#1014);
#1013 = CARTESIAN_POINT('',(-1.25,1.530808498934E-16,-1.53));
#1014 = VECTOR('',#1015,1.);
#1015 = DIRECTION('',(0.,0.,1.));
#1016 = CYLINDRICAL_SURFACE('',#1017,1.25);
#1017 = AXIS2_PLACEMENT_3D('',#1018,#1019,#1020);
#1018 = CARTESIAN_POINT('',(0.,0.,-1.53));
#1019 = DIRECTION('',(0.,0.,1.));
#1020 = DIRECTION('',(1.,0.,0.));
#1021 = ADVANCED_FACE('',(#1022),#1055,.F.);
#1022 = FACE_BOUND('',#1023,.F.);
#1023 = EDGE_LOOP('',(#1024,#1034,#1044,#1045));
#1024 = ORIENTED_EDGE('',*,*,#1025,.T.);
#1025 = EDGE_CURVE('',#1026,#1028,#1030,.T.);
#1026 = VERTEX_POINT('',#1027);
#1027 = CARTESIAN_POINT('',(1.25,1.530808498934E-16,2.45));
#1028 = VERTEX_POINT('',#1029);
#1029 = CARTESIAN_POINT('',(1.25,1.530808498934E-16,2.575000001365));
#1030 = LINE('',#1031,#1032);
#1031 = CARTESIAN_POINT('',(1.25,0.,-1.53));
#1032 = VECTOR('',#1033,1.);
#1033 = DIRECTION('',(0.,0.,1.));
#1034 = ORIENTED_EDGE('',*,*,#1035,.T.);
#1035 = EDGE_CURVE('',#1028,#987,#1036,.T.);
#1036 = ( BOUNDED_CURVE() B_SPLINE_CURVE(2,(#1037,#1038,#1039,#1040,
#1041,#1042,#1043),.UNSPECIFIED.,.F.,.F.) B_SPLINE_CURVE_WITH_KNOTS((3,2
    ,2,3),(0.325,0.333333333333,0.341666666666,0.35),.UNSPECIFIED.) 
CURVE() GEOMETRIC_REPRESENTATION_ITEM() RATIONAL_B_SPLINE_CURVE((1.,
    0.866025403784,1.,0.866025403784,1.,0.866025403784,1.)) 
REPRESENTATION_ITEM('') );
#1037 = CARTESIAN_POINT('',(1.25,1.530808498934E-16,2.575000001365));
#1038 = CARTESIAN_POINT('',(1.25,-0.721687836487,2.533333334698));
#1039 = CARTESIAN_POINT('',(0.625,-1.08253175473,2.491666668032));
#1040 = CARTESIAN_POINT('',(2.651438096812E-16,-1.443375672974,
    2.450000001365));
#1041 = CARTESIAN_POINT('',(-0.624999999999,-1.08253175473,
    2.408333334698));
#1042 = CARTESIAN_POINT('',(-1.25,-0.721687836487,2.366666668032));
#1043 = CARTESIAN_POINT('',(-1.25,0.,2.325000001365));
#1044 = ORIENTED_EDGE('',*,*,#1011,.F.);
#1045 = ORIENTED_EDGE('',*,*,#1046,.F.);
#1046 = EDGE_CURVE('',#1026,#1000,#1047,.T.);
#1047 = ( BOUNDED_CURVE() B_SPLINE_CURVE(2,(#1048,#1049,#1050,#1051,
#1052,#1053,#1054),.UNSPECIFIED.,.F.,.F.) B_SPLINE_CURVE_WITH_KNOTS((3,2
,2,3),(0.375,0.383333333333,0.391666666666,0.4),.UNSPECIFIED.) CURVE() 
GEOMETRIC_REPRESENTATION_ITEM() RATIONAL_B_SPLINE_CURVE((1.,
    0.866025403784,1.,0.866025403784,1.,0.866025403784,1.)) 
REPRESENTATION_ITEM('') );
#1048 = CARTESIAN_POINT('',(1.25,1.530808498934E-16,2.45));
#1049 = CARTESIAN_POINT('',(1.25,-0.721687836487,2.408333333333));
#1050 = CARTESIAN_POINT('',(0.625,-1.08253175473,2.366666666666));
#1051 = CARTESIAN_POINT('',(2.651438096812E-16,-1.443375672974,2.325));
#1052 = CARTESIAN_POINT('',(-0.624999999999,-1.08253175473,
    2.283333333333));
#1053 = CARTESIAN_POINT('',(-1.249999999999,-0.721687836487,
    2.241666666666));
#1054 = CARTESIAN_POINT('',(-1.25,0.,2.2));
#1055 = CYLINDRICAL_SURFACE('',#1056,1.25);
#1056 = AXIS2_PLACEMENT_3D('',#1057,#1058,#1059);
#1057 = CARTESIAN_POINT('',(0.,0.,-1.53));
#1058 = DIRECTION('',(0.,0.,1.));
#1059 = DIRECTION('',(1.,0.,0.));
#1060 = ADVANCED_FACE('',(#1061),#1094,.F.);
#1061 = FACE_BOUND('',#1062,.F.);
#1062 = EDGE_LOOP('',(#1063,#1075,#1076,#1088));
#1063 = ORIENTED_EDGE('',*,*,#1064,.T.);
#1064 = EDGE_CURVE('',#1065,#1028,#1067,.T.);
#1065 = VERTEX_POINT('',#1066);
#1066 = CARTESIAN_POINT('',(-1.25,0.,2.825000001365));
#1067 = ( BOUNDED_CURVE() B_SPLINE_CURVE(2,(#1068,#1069,#1070,#1071,
#1072,#1073,#1074),.UNSPECIFIED.,.F.,.F.) B_SPLINE_CURVE_WITH_KNOTS((3,2
,2,3),(0.3,0.308333333333,0.316666666666,0.325),.UNSPECIFIED.) CURVE() 
GEOMETRIC_REPRESENTATION_ITEM() RATIONAL_B_SPLINE_CURVE((0.999999999999,
    0.866025403784,1.,0.866025403784,1.,0.866025403784,1.)) 
REPRESENTATION_ITEM('') );
#1068 = CARTESIAN_POINT('',(-1.25,0.,2.825000001365));
#1069 = CARTESIAN_POINT('',(-1.249999999999,0.721687836487,
    2.783333334698));
#1070 = CARTESIAN_POINT('',(-0.625,1.08253175473,2.741666668032));
#1071 = CARTESIAN_POINT('',(-8.838126989374E-17,1.443375672974,
    2.700000001365));
#1072 = CARTESIAN_POINT('',(0.624999999999,1.08253175473,2.658333334698)
  );
#1073 = CARTESIAN_POINT('',(1.25,0.721687836487,2.616666668032));
#1074 = CARTESIAN_POINT('',(1.25,1.530808498934E-16,2.575000001365));
#1075 = ORIENTED_EDGE('',*,*,#1025,.F.);
#1076 = ORIENTED_EDGE('',*,*,#1077,.F.);
#1077 = EDGE_CURVE('',#1078,#1026,#1080,.T.);
#1078 = VERTEX_POINT('',#1079);
#1079 = CARTESIAN_POINT('',(-1.25,0.,2.7));
#1080 = ( BOUNDED_CURVE() B_SPLINE_CURVE(2,(#1081,#1082,#1083,#1084,
#1085,#1086,#1087),.UNSPECIFIED.,.F.,.F.) B_SPLINE_CURVE_WITH_KNOTS((3,2
    ,2,3),(0.35,0.358333333333,0.366666666666,0.375),.UNSPECIFIED.) 
CURVE() GEOMETRIC_REPRESENTATION_ITEM() RATIONAL_B_SPLINE_CURVE((
    0.999999999999,0.866025403784,1.,0.866025403784,1.,0.866025403784,1.
)) REPRESENTATION_ITEM('') );
#1081 = CARTESIAN_POINT('',(-1.25,0.,2.7));
#1082 = CARTESIAN_POINT('',(-1.249999999999,0.721687836487,
    2.658333333333));
#1083 = CARTESIAN_POINT('',(-0.625,1.08253175473,2.616666666666));
#1084 = CARTESIAN_POINT('',(-8.838126989374E-17,1.443375672974,2.575));
#1085 = CARTESIAN_POINT('',(0.624999999999,1.08253175473,2.533333333333)
  );
#1086 = CARTESIAN_POINT('',(1.25,0.721687836487,2.491666666666));
#1087 = CARTESIAN_POINT('',(1.25,1.530808498934E-16,2.45));
#1088 = ORIENTED_EDGE('',*,*,#1089,.T.);
#1089 = EDGE_CURVE('',#1078,#1065,#1090,.T.);
#1090 = LINE('',#1091,#1092);
#1091 = CARTESIAN_POINT('',(-1.25,1.530808498934E-16,-1.53));
#1092 = VECTOR('',#1093,1.);
#1093 = DIRECTION('',(0.,0.,1.));
#1094 = CYLINDRICAL_SURFACE('',#1095,1.25);
#1095 = AXIS2_PLACEMENT_3D('',#1096,#1097,#1098);
#1096 = CARTESIAN_POINT('',(0.,0.,-1.53));
#1097 = DIRECTION('',(0.,0.,1.));
#1098 = DIRECTION('',(1.,0.,0.));
#1099 = ADVANCED_FACE('',(#1100),#1133,.F.);
#1100 = FACE_BOUND('',#1101,.F.);
#1101 = EDGE_LOOP('',(#1102,#1112,#1122,#1123));
#1102 = ORIENTED_EDGE('',*,*,#1103,.T.);
#1103 = EDGE_CURVE('',#1104,#1106,#1108,.T.);
#1104 = VERTEX_POINT('',#1105);
#1105 = CARTESIAN_POINT('',(1.25,1.530808498934E-16,2.95));
#1106 = VERTEX_POINT('',#1107);
#1107 = CARTESIAN_POINT('',(1.25,1.530808498934E-16,3.075000001365));
#1108 = LINE('',#1109,#1110);
#1109 = CARTESIAN_POINT('',(1.25,0.,-1.53));
#1110 = VECTOR('',#1111,1.);
#1111 = DIRECTION('',(0.,0.,1.));
#1112 = ORIENTED_EDGE('',*,*,#1113,.T.);
#1113 = EDGE_CURVE('',#1106,#1065,#1114,.T.);
#1114 = ( BOUNDED_CURVE() B_SPLINE_CURVE(2,(#1115,#1116,#1117,#1118,
#1119,#1120,#1121),.UNSPECIFIED.,.F.,.F.) B_SPLINE_CURVE_WITH_KNOTS((3,2
,2,3),(0.275,0.283333333333,0.291666666666,0.3),.UNSPECIFIED.) CURVE() 
GEOMETRIC_REPRESENTATION_ITEM() RATIONAL_B_SPLINE_CURVE((1.,
    0.866025403784,1.,0.866025403784,1.,0.866025403784,1.)) 
REPRESENTATION_ITEM('') );
#1115 = CARTESIAN_POINT('',(1.25,1.530808498934E-16,3.075000001365));
#1116 = CARTESIAN_POINT('',(1.25,-0.721687836487,3.033333334698));
#1117 = CARTESIAN_POINT('',(0.625,-1.08253175473,2.991666668032));
#1118 = CARTESIAN_POINT('',(2.651438096812E-16,-1.443375672974,
    2.950000001365));
#1119 = CARTESIAN_POINT('',(-0.624999999999,-1.08253175473,
    2.908333334698));
#1120 = CARTESIAN_POINT('',(-1.25,-0.721687836487,2.866666668032));
#1121 = CARTESIAN_POINT('',(-1.25,0.,2.825000001365));
#1122 = ORIENTED_EDGE('',*,*,#1089,.F.);
#1123 = ORIENTED_EDGE('',*,*,#1124,.F.);
#1124 = EDGE_CURVE('',#1104,#1078,#1125,.T.);
#1125 = ( BOUNDED_CURVE() B_SPLINE_CURVE(2,(#1126,#1127,#1128,#1129,
#1130,#1131,#1132),.UNSPECIFIED.,.F.,.F.) B_SPLINE_CURVE_WITH_KNOTS((3,2
    ,2,3),(0.325,0.333333333333,0.341666666666,0.35),.UNSPECIFIED.) 
CURVE() GEOMETRIC_REPRESENTATION_ITEM() RATIONAL_B_SPLINE_CURVE((1.,
    0.866025403784,1.,0.866025403784,1.,0.866025403784,1.)) 
REPRESENTATION_ITEM('') );
#1126 = CARTESIAN_POINT('',(1.25,1.530808498934E-16,2.95));
#1127 = CARTESIAN_POINT('',(1.25,-0.721687836487,2.908333333333));
#1128 = CARTESIAN_POINT('',(0.625,-1.08253175473,2.866666666666));
#1129 = CARTESIAN_POINT('',(2.651438096812E-16,-1.443375672974,2.825));
#1130 = CARTESIAN_POINT('',(-0.624999999999,-1.08253175473,
    2.783333333333));
#1131 = CARTESIAN_POINT('',(-1.25,-0.721687836487,2.741666666666));
#1132 = CARTESIAN_POINT('',(-1.25,0.,2.7));
#1133 = CYLINDRICAL_SURFACE('',#1134,1.25);
#1134 = AXIS2_PLACEMENT_3D('',#1135,#1136,#1137);
#1135 = CARTESIAN_POINT('',(0.,0.,-1.53));
#1136 = DIRECTION('',(0.,0.,1.));
#1137 = DIRECTION('',(1.,0.,0.));
#1138 = ADVANCED_FACE('',(#1139),#1172,.F.);
#1139 = FACE_BOUND('',#1140,.F.);
#1140 = EDGE_LOOP('',(#1141,#1153,#1154,#1166));
#1141 = ORIENTED_EDGE('',*,*,#1142,.T.);
#1142 = EDGE_CURVE('',#1143,#1106,#1145,.T.);
#1143 = VERTEX_POINT('',#1144);
#1144 = CARTESIAN_POINT('',(-1.25,0.,3.325000001365));
#1145 = ( BOUNDED_CURVE() B_SPLINE_CURVE(2,(#1146,#1147,#1148,#1149,
#1150,#1151,#1152),.UNSPECIFIED.,.F.,.F.) B_SPLINE_CURVE_WITH_KNOTS((3,2
    ,2,3),(0.25,0.258333333333,0.266666666666,0.275),.UNSPECIFIED.) 
CURVE() GEOMETRIC_REPRESENTATION_ITEM() RATIONAL_B_SPLINE_CURVE((1.,
    0.866025403784,1.,0.866025403784,1.,0.866025403784,1.)) 
REPRESENTATION_ITEM('') );
#1146 = CARTESIAN_POINT('',(-1.25,0.,3.325000001365));
#1147 = CARTESIAN_POINT('',(-1.25,0.721687836487,3.283333334698));
#1148 = CARTESIAN_POINT('',(-0.625,1.08253175473,3.241666668032));
#1149 = CARTESIAN_POINT('',(-8.838126989374E-17,1.443375672974,
    3.200000001365));
#1150 = CARTESIAN_POINT('',(0.624999999999,1.08253175473,3.158333334698)
  );
#1151 = CARTESIAN_POINT('',(1.25,0.721687836487,3.116666668032));
#1152 = CARTESIAN_POINT('',(1.25,1.530808498934E-16,3.075000001365));
#1153 = ORIENTED_EDGE('',*,*,#1103,.F.);
#1154 = ORIENTED_EDGE('',*,*,#1155,.F.);
#1155 = EDGE_CURVE('',#1156,#1104,#1158,.T.);
#1156 = VERTEX_POINT('',#1157);
#1157 = CARTESIAN_POINT('',(-1.25,0.,3.2));
#1158 = ( BOUNDED_CURVE() B_SPLINE_CURVE(2,(#1159,#1160,#1161,#1162,
#1163,#1164,#1165),.UNSPECIFIED.,.F.,.F.) B_SPLINE_CURVE_WITH_KNOTS((3,2
,2,3),(0.3,0.308333333333,0.316666666666,0.325),.UNSPECIFIED.) CURVE() 
GEOMETRIC_REPRESENTATION_ITEM() RATIONAL_B_SPLINE_CURVE((0.999999999999,
    0.866025403784,1.,0.866025403784,1.,0.866025403784,1.)) 
REPRESENTATION_ITEM('') );
#1159 = CARTESIAN_POINT('',(-1.25,0.,3.2));
#1160 = CARTESIAN_POINT('',(-1.249999999999,0.721687836487,
    3.158333333333));
#1161 = CARTESIAN_POINT('',(-0.625,1.08253175473,3.116666666666));
#1162 = CARTESIAN_POINT('',(-8.838126989374E-17,1.443375672974,3.075));
#1163 = CARTESIAN_POINT('',(0.624999999999,1.08253175473,3.033333333333)
  );
#1164 = CARTESIAN_POINT('',(1.25,0.721687836487,2.991666666666));
#1165 = CARTESIAN_POINT('',(1.25,1.530808498934E-16,2.95));
#1166 = ORIENTED_EDGE('',*,*,#1167,.T.);
#1167 = EDGE_CURVE('',#1156,#1143,#1168,.T.);
#1168 = LINE('',#1169,#1170);
#1169 = CARTESIAN_POINT('',(-1.25,1.530808498934E-16,-1.53));
#1170 = VECTOR('',#1171,1.);
#1171 = DIRECTION('',(0.,0.,1.));
#1172 = CYLINDRICAL_SURFACE('',#1173,1.25);
#1173 = AXIS2_PLACEMENT_3D('',#1174,#1175,#1176);
#1174 = CARTESIAN_POINT('',(0.,0.,-1.53));
#1175 = DIRECTION('',(0.,0.,1.));
#1176 = DIRECTION('',(1.,0.,0.));
#1177 = ADVANCED_FACE('',(#1178),#1211,.F.);
#1178 = FACE_BOUND('',#1179,.F.);
#1179 = EDGE_LOOP('',(#1180,#1190,#1200,#1201));
#1180 = ORIENTED_EDGE('',*,*,#1181,.T.);
#1181 = EDGE_CURVE('',#1182,#1184,#1186,.T.);
#1182 = VERTEX_POINT('',#1183);
#1183 = CARTESIAN_POINT('',(1.25,1.530808498934E-16,3.45));
#1184 = VERTEX_POINT('',#1185);
#1185 = CARTESIAN_POINT('',(1.25,1.530808498934E-16,3.575000001365));
#1186 = LINE('',#1187,#1188);
#1187 = CARTESIAN_POINT('',(1.25,0.,-1.53));
#1188 = VECTOR('',#1189,1.);
#1189 = DIRECTION('',(0.,0.,1.));
#1190 = ORIENTED_EDGE('',*,*,#1191,.T.);
#1191 = EDGE_CURVE('',#1184,#1143,#1192,.T.);
#1192 = ( BOUNDED_CURVE() B_SPLINE_CURVE(2,(#1193,#1194,#1195,#1196,
#1197,#1198,#1199),.UNSPECIFIED.,.F.,.F.) B_SPLINE_CURVE_WITH_KNOTS((3,2
    ,2,3),(0.225,0.233333333333,0.241666666666,0.25),.UNSPECIFIED.) 
CURVE() GEOMETRIC_REPRESENTATION_ITEM() RATIONAL_B_SPLINE_CURVE((1.,
    0.866025403784,1.,0.866025403784,1.,0.866025403784,1.)) 
REPRESENTATION_ITEM('') );
#1193 = CARTESIAN_POINT('',(1.25,1.530808498934E-16,3.575000001365));
#1194 = CARTESIAN_POINT('',(1.25,-0.721687836487,3.533333334698));
#1195 = CARTESIAN_POINT('',(0.625,-1.08253175473,3.491666668032));
#1196 = CARTESIAN_POINT('',(2.651438096812E-16,-1.443375672974,
    3.450000001365));
#1197 = CARTESIAN_POINT('',(-0.624999999999,-1.08253175473,
    3.408333334698));
#1198 = CARTESIAN_POINT('',(-1.249999999999,-0.721687836487,
    3.366666668032));
#1199 = CARTESIAN_POINT('',(-1.25,0.,3.325000001365));
#1200 = ORIENTED_EDGE('',*,*,#1167,.F.);
#1201 = ORIENTED_EDGE('',*,*,#1202,.F.);
#1202 = EDGE_CURVE('',#1182,#1156,#1203,.T.);
#1203 = ( BOUNDED_CURVE() B_SPLINE_CURVE(2,(#1204,#1205,#1206,#1207,
#1208,#1209,#1210),.UNSPECIFIED.,.F.,.F.) B_SPLINE_CURVE_WITH_KNOTS((3,2
,2,3),(0.275,0.283333333333,0.291666666666,0.3),.UNSPECIFIED.) CURVE() 
GEOMETRIC_REPRESENTATION_ITEM() RATIONAL_B_SPLINE_CURVE((1.,
    0.866025403784,1.,0.866025403784,1.,0.866025403784,1.)) 
REPRESENTATION_ITEM('') );
#1204 = CARTESIAN_POINT('',(1.25,1.530808498934E-16,3.45));
#1205 = CARTESIAN_POINT('',(1.25,-0.721687836487,3.408333333333));
#1206 = CARTESIAN_POINT('',(0.625,-1.08253175473,3.366666666666));
#1207 = CARTESIAN_POINT('',(2.651438096812E-16,-1.443375672974,3.325));
#1208 = CARTESIAN_POINT('',(-0.624999999999,-1.08253175473,
    3.283333333333));
#1209 = CARTESIAN_POINT('',(-1.25,-0.721687836487,3.241666666666));
#1210 = CARTESIAN_POINT('',(-1.25,0.,3.2));
#1211 = CYLINDRICAL_SURFACE('',#1212,1.25);
#1212 = AXIS2_PLACEMENT_3D('',#1213,#1214,#1215);
#1213 = CARTESIAN_POINT('',(0.,0.,-1.53));
#1214 = DIRECTION('',(0.,0.,1.));
#1215 = DIRECTION('',(1.,0.,0.));
#1216 = ADVANCED_FACE('',(#1217),#1250,.F.);
#1217 = FACE_BOUND('',#1218,.F.);
#1218 = EDGE_LOOP('',(#1219,#1231,#1232,#1244));
#1219 = ORIENTED_EDGE('',*,*,#1220,.T.);
#1220 = EDGE_CURVE('',#1221,#1184,#1223,.T.);
#1221 = VERTEX_POINT('',#1222);
#1222 = CARTESIAN_POINT('',(-1.25,0.,3.825000001365));
#1223 = ( BOUNDED_CURVE() B_SPLINE_CURVE(2,(#1224,#1225,#1226,#1227,
#1228,#1229,#1230),.UNSPECIFIED.,.F.,.F.) B_SPLINE_CURVE_WITH_KNOTS((3,2
,2,3),(0.2,0.208333333333,0.216666666666,0.225),.UNSPECIFIED.) CURVE() 
GEOMETRIC_REPRESENTATION_ITEM() RATIONAL_B_SPLINE_CURVE((1.,
    0.866025403784,1.,0.866025403784,1.,0.866025403784,1.)) 
REPRESENTATION_ITEM('') );
#1224 = CARTESIAN_POINT('',(-1.25,0.,3.825000001365));
#1225 = CARTESIAN_POINT('',(-1.25,0.721687836487,3.783333334698));
#1226 = CARTESIAN_POINT('',(-0.625,1.08253175473,3.741666668032));
#1227 = CARTESIAN_POINT('',(-8.838126989374E-17,1.443375672974,
    3.700000001365));
#1228 = CARTESIAN_POINT('',(0.624999999999,1.08253175473,3.658333334698)
  );
#1229 = CARTESIAN_POINT('',(1.25,0.721687836487,3.616666668032));
#1230 = CARTESIAN_POINT('',(1.25,1.530808498934E-16,3.575000001365));
#1231 = ORIENTED_EDGE('',*,*,#1181,.F.);
#1232 = ORIENTED_EDGE('',*,*,#1233,.F.);
#1233 = EDGE_CURVE('',#1234,#1182,#1236,.T.);
#1234 = VERTEX_POINT('',#1235);
#1235 = CARTESIAN_POINT('',(-1.25,0.,3.7));
#1236 = ( BOUNDED_CURVE() B_SPLINE_CURVE(2,(#1237,#1238,#1239,#1240,
#1241,#1242,#1243),.UNSPECIFIED.,.F.,.F.) B_SPLINE_CURVE_WITH_KNOTS((3,2
    ,2,3),(0.25,0.258333333333,0.266666666666,0.275),.UNSPECIFIED.) 
CURVE() GEOMETRIC_REPRESENTATION_ITEM() RATIONAL_B_SPLINE_CURVE((1.,
    0.866025403784,1.,0.866025403784,1.,0.866025403784,1.)) 
REPRESENTATION_ITEM('') );
#1237 = CARTESIAN_POINT('',(-1.25,0.,3.7));
#1238 = CARTESIAN_POINT('',(-1.25,0.721687836487,3.658333333333));
#1239 = CARTESIAN_POINT('',(-0.625,1.08253175473,3.616666666666));
#1240 = CARTESIAN_POINT('',(-8.838126989374E-17,1.443375672974,3.575));
#1241 = CARTESIAN_POINT('',(0.624999999999,1.08253175473,3.533333333333)
  );
#1242 = CARTESIAN_POINT('',(1.25,0.721687836487,3.491666666666));
#1243 = CARTESIAN_POINT('',(1.25,1.530808498934E-16,3.45));
#1244 = ORIENTED_EDGE('',*,*,#1245,.T.);
#1245 = EDGE_CURVE('',#1234,#1221,#1246,.T.);
#1246 = LINE('',#1247,#1248);
#1247 = CARTESIAN_POINT('',(-1.25,1.530808498934E-16,-1.53));
#1248 = VECTOR('',#1249,1.);
#1249 = DIRECTION('',(0.,0.,1.));
#1250 = CYLINDRICAL_SURFACE('',#1251,1.25);
#1251 = AXIS2_PLACEMENT_3D('',#1252,#1253,#1254);
#1252 = CARTESIAN_POINT('',(0.,0.,-1.53));
#1253 = DIRECTION('',(0.,0.,1.));
#1254 = DIRECTION('',(1.,0.,0.));
#1255 = ADVANCED_FACE('',(#1256),#1289,.F.);
#1256 = FACE_BOUND('',#1257,.F.);
#1257 = EDGE_LOOP('',(#1258,#1268,#1278,#1279));
#1258 = ORIENTED_EDGE('',*,*,#1259,.T.);
#1259 = EDGE_CURVE('',#1260,#1262,#1264,.T.);
#1260 = VERTEX_POINT('',#1261);
#1261 = CARTESIAN_POINT('',(1.25,1.530808498934E-16,3.95));
#1262 = VERTEX_POINT('',#1263);
#1263 = CARTESIAN_POINT('',(1.25,1.530808498934E-16,4.075000001365));
#1264 = LINE('',#1265,#1266);
#1265 = CARTESIAN_POINT('',(1.25,0.,-1.53));
#1266 = VECTOR('',#1267,1.);
#1267 = DIRECTION('',(0.,0.,1.));
#1268 = ORIENTED_EDGE('',*,*,#1269,.T.);
#1269 = EDGE_CURVE('',#1262,#1221,#1270,.T.);
#1270 = ( BOUNDED_CURVE() B_SPLINE_CURVE(2,(#1271,#1272,#1273,#1274,
#1275,#1276,#1277),.UNSPECIFIED.,.F.,.F.) B_SPLINE_CURVE_WITH_KNOTS((3,2
    ,2,3),(0.174999999999,0.183333333333,0.191666666666,0.2),
.UNSPECIFIED.) CURVE() GEOMETRIC_REPRESENTATION_ITEM() 
RATIONAL_B_SPLINE_CURVE((1.,0.866025403784,1.,0.866025403784,1.,
0.866025403784,1.)) REPRESENTATION_ITEM('') );
#1271 = CARTESIAN_POINT('',(1.25,1.530808498934E-16,4.075000001365));
#1272 = CARTESIAN_POINT('',(1.25,-0.721687836487,4.033333334698));
#1273 = CARTESIAN_POINT('',(0.625,-1.08253175473,3.991666668032));
#1274 = CARTESIAN_POINT('',(2.651438096812E-16,-1.443375672974,
    3.950000001365));
#1275 = CARTESIAN_POINT('',(-0.624999999999,-1.08253175473,
    3.908333334698));
#1276 = CARTESIAN_POINT('',(-1.249999999999,-0.721687836487,
    3.866666668032));
#1277 = CARTESIAN_POINT('',(-1.25,0.,3.825000001365));
#1278 = ORIENTED_EDGE('',*,*,#1245,.F.);
#1279 = ORIENTED_EDGE('',*,*,#1280,.F.);
#1280 = EDGE_CURVE('',#1260,#1234,#1281,.T.);
#1281 = ( BOUNDED_CURVE() B_SPLINE_CURVE(2,(#1282,#1283,#1284,#1285,
#1286,#1287,#1288),.UNSPECIFIED.,.F.,.F.) B_SPLINE_CURVE_WITH_KNOTS((3,2
    ,2,3),(0.225,0.233333333333,0.241666666666,0.25),.UNSPECIFIED.) 
CURVE() GEOMETRIC_REPRESENTATION_ITEM() RATIONAL_B_SPLINE_CURVE((1.,
    0.866025403784,1.,0.866025403784,1.,0.866025403784,1.)) 
REPRESENTATION_ITEM('') );
#1282 = CARTESIAN_POINT('',(1.25,1.530808498934E-16,3.95));
#1283 = CARTESIAN_POINT('',(1.25,-0.721687836487,3.908333333333));
#1284 = CARTESIAN_POINT('',(0.625,-1.08253175473,3.866666666666));
#1285 = CARTESIAN_POINT('',(2.651438096812E-16,-1.443375672974,3.825));
#1286 = CARTESIAN_POINT('',(-0.624999999999,-1.08253175473,
    3.783333333333));
#1287 = CARTESIAN_POINT('',(-1.249999999999,-0.721687836487,
    3.741666666666));
#1288 = CARTESIAN_POINT('',(-1.25,0.,3.7));
#1289 = CYLINDRICAL_SURFACE('',#1290,1.25);
#1290 = AXIS2_PLACEMENT_3D('',#1291,#1292,#1293);
#1291 = CARTESIAN_POINT('',(0.,0.,-1.53));
#1292 = DIRECTION('',(0.,0.,1.));
#1293 = DIRECTION('',(1.,0.,0.));
#1294 = ADVANCED_FACE('',(#1295),#1328,.F.);
#1295 = FACE_BOUND('',#1296,.F.);
#1296 = EDGE_LOOP('',(#1297,#1309,#1310,#1322));
#1297 = ORIENTED_EDGE('',*,*,#1298,.T.);
#1298 = EDGE_CURVE('',#1299,#1262,#1301,.T.);
#1299 = VERTEX_POINT('',#1300);
#1300 = CARTESIAN_POINT('',(-1.25,0.,4.325000001365));
#1301 = ( BOUNDED_CURVE() B_SPLINE_CURVE(2,(#1302,#1303,#1304,#1305,
#1306,#1307,#1308),.UNSPECIFIED.,.F.,.F.) B_SPLINE_CURVE_WITH_KNOTS((3,2
    ,2,3),(0.15,0.158333333333,0.166666666666,0.174999999999),
.PIECEWISE_BEZIER_KNOTS.) CURVE() GEOMETRIC_REPRESENTATION_ITEM() 
RATIONAL_B_SPLINE_CURVE((0.999999999999,0.866025403784,1.,0.866025403784
,1.,0.866025403784,1.)) REPRESENTATION_ITEM('') );
#1302 = CARTESIAN_POINT('',(-1.25,0.,4.325000001365));
#1303 = CARTESIAN_POINT('',(-1.249999999999,0.721687836487,
    4.283333334698));
#1304 = CARTESIAN_POINT('',(-0.625,1.08253175473,4.241666668032));
#1305 = CARTESIAN_POINT('',(-8.838126989374E-17,1.443375672974,
    4.200000001365));
#1306 = CARTESIAN_POINT('',(0.624999999999,1.08253175473,4.158333334698)
  );
#1307 = CARTESIAN_POINT('',(1.25,0.721687836487,4.116666668032));
#1308 = CARTESIAN_POINT('',(1.25,1.530808498934E-16,4.075000001365));
#1309 = ORIENTED_EDGE('',*,*,#1259,.F.);
#1310 = ORIENTED_EDGE('',*,*,#1311,.F.);
#1311 = EDGE_CURVE('',#1312,#1260,#1314,.T.);
#1312 = VERTEX_POINT('',#1313);
#1313 = CARTESIAN_POINT('',(-1.25,0.,4.2));
#1314 = ( BOUNDED_CURVE() B_SPLINE_CURVE(2,(#1315,#1316,#1317,#1318,
#1319,#1320,#1321),.UNSPECIFIED.,.F.,.F.) B_SPLINE_CURVE_WITH_KNOTS((3,2
,2,3),(0.2,0.208333333333,0.216666666666,0.225),.UNSPECIFIED.) CURVE() 
GEOMETRIC_REPRESENTATION_ITEM() RATIONAL_B_SPLINE_CURVE((1.,
    0.866025403784,1.,0.866025403784,1.,0.866025403784,1.)) 
REPRESENTATION_ITEM('') );
#1315 = CARTESIAN_POINT('',(-1.25,0.,4.2));
#1316 = CARTESIAN_POINT('',(-1.25,0.721687836487,4.158333333333));
#1317 = CARTESIAN_POINT('',(-0.625,1.08253175473,4.116666666666));
#1318 = CARTESIAN_POINT('',(-8.838126989374E-17,1.443375672974,4.075));
#1319 = CARTESIAN_POINT('',(0.624999999999,1.08253175473,4.033333333333)
  );
#1320 = CARTESIAN_POINT('',(1.25,0.721687836487,3.991666666666));
#1321 = CARTESIAN_POINT('',(1.25,1.530808498934E-16,3.95));
#1322 = ORIENTED_EDGE('',*,*,#1323,.T.);
#1323 = EDGE_CURVE('',#1312,#1299,#1324,.T.);
#1324 = LINE('',#1325,#1326);
#1325 = CARTESIAN_POINT('',(-1.25,1.530808498934E-16,-1.53));
#1326 = VECTOR('',#1327,1.);
#1327 = DIRECTION('',(0.,0.,1.));
#1328 = CYLINDRICAL_SURFACE('',#1329,1.25);
#1329 = AXIS2_PLACEMENT_3D('',#1330,#1331,#1332);
#1330 = CARTESIAN_POINT('',(0.,0.,-1.53));
#1331 = DIRECTION('',(0.,0.,1.));
#1332 = DIRECTION('',(1.,0.,0.));
#1333 = ADVANCED_FACE('',(#1334),#1367,.F.);
#1334 = FACE_BOUND('',#1335,.F.);
#1335 = EDGE_LOOP('',(#1336,#1346,#1356,#1357));
#1336 = ORIENTED_EDGE('',*,*,#1337,.T.);
#1337 = EDGE_CURVE('',#1338,#1340,#1342,.T.);
#1338 = VERTEX_POINT('',#1339);
#1339 = CARTESIAN_POINT('',(1.25,1.530808498934E-16,4.45));
#1340 = VERTEX_POINT('',#1341);
#1341 = CARTESIAN_POINT('',(1.25,1.530808498934E-16,4.575000001365));
#1342 = LINE('',#1343,#1344);
#1343 = CARTESIAN_POINT('',(1.25,0.,-1.53));
#1344 = VECTOR('',#1345,1.);
#1345 = DIRECTION('',(0.,0.,1.));
#1346 = ORIENTED_EDGE('',*,*,#1347,.T.);
#1347 = EDGE_CURVE('',#1340,#1299,#1348,.T.);
#1348 = ( BOUNDED_CURVE() B_SPLINE_CURVE(2,(#1349,#1350,#1351,#1352,
#1353,#1354,#1355),.UNSPECIFIED.,.F.,.F.) B_SPLINE_CURVE_WITH_KNOTS((3,2
    ,2,3),(0.125,0.133333333333,0.141666666666,0.15),.UNSPECIFIED.) 
CURVE() GEOMETRIC_REPRESENTATION_ITEM() RATIONAL_B_SPLINE_CURVE((
    0.999999999999,0.866025403784,1.,0.866025403784,1.,0.866025403784,1.
)) REPRESENTATION_ITEM('') );
#1349 = CARTESIAN_POINT('',(1.25,1.530808498934E-16,4.575000001365));
#1350 = CARTESIAN_POINT('',(1.249999999999,-0.721687836487,
    4.533333334698));
#1351 = CARTESIAN_POINT('',(0.625,-1.08253175473,4.491666668032));
#1352 = CARTESIAN_POINT('',(2.651438096812E-16,-1.443375672974,
    4.450000001365));
#1353 = CARTESIAN_POINT('',(-0.624999999999,-1.08253175473,
    4.408333334698));
#1354 = CARTESIAN_POINT('',(-1.25,-0.721687836487,4.366666668032));
#1355 = CARTESIAN_POINT('',(-1.25,0.,4.325000001365));
#1356 = ORIENTED_EDGE('',*,*,#1323,.F.);
#1357 = ORIENTED_EDGE('',*,*,#1358,.F.);
#1358 = EDGE_CURVE('',#1338,#1312,#1359,.T.);
#1359 = ( BOUNDED_CURVE() B_SPLINE_CURVE(2,(#1360,#1361,#1362,#1363,
#1364,#1365,#1366),.UNSPECIFIED.,.F.,.F.) B_SPLINE_CURVE_WITH_KNOTS((3,2
    ,2,3),(0.174999999999,0.183333333333,0.191666666666,0.2),
.UNSPECIFIED.) CURVE() GEOMETRIC_REPRESENTATION_ITEM() 
RATIONAL_B_SPLINE_CURVE((1.,0.866025403784,1.,0.866025403784,1.,
0.866025403784,1.)) REPRESENTATION_ITEM('') );
#1360 = CARTESIAN_POINT('',(1.25,1.530808498934E-16,4.45));
#1361 = CARTESIAN_POINT('',(1.25,-0.721687836487,4.408333333333));
#1362 = CARTESIAN_POINT('',(0.625,-1.08253175473,4.366666666666));
#1363 = CARTESIAN_POINT('',(2.651438096812E-16,-1.443375672974,4.325));
#1364 = CARTESIAN_POINT('',(-0.624999999999,-1.08253175473,
    4.283333333333));
#1365 = CARTESIAN_POINT('',(-1.249999999999,-0.721687836487,
    4.241666666666));
#1366 = CARTESIAN_POINT('',(-1.25,0.,4.2));
#1367 = CYLINDRICAL_SURFACE('',#1368,1.25);
#1368 = AXIS2_PLACEMENT_3D('',#1369,#1370,#1371);
#1369 = CARTESIAN_POINT('',(0.,0.,-1.53));
#1370 = DIRECTION('',(0.,0.,1.));
#1371 = DIRECTION('',(1.,0.,0.));
#1372 = ADVANCED_FACE('',(#1373),#1406,.F.);
#1373 = FACE_BOUND('',#1374,.F.);
#1374 = EDGE_LOOP('',(#1375,#1387,#1388,#1400));
#1375 = ORIENTED_EDGE('',*,*,#1376,.T.);
#1376 = EDGE_CURVE('',#1377,#1340,#1379,.T.);
#1377 = VERTEX_POINT('',#1378);
#1378 = CARTESIAN_POINT('',(-1.25,0.,4.825000001365));
#1379 = ( BOUNDED_CURVE() B_SPLINE_CURVE(2,(#1380,#1381,#1382,#1383,
#1384,#1385,#1386),.UNSPECIFIED.,.F.,.F.) B_SPLINE_CURVE_WITH_KNOTS((3,2
,2,3),(0.1,0.108333333333,0.116666666666,0.125),.UNSPECIFIED.) CURVE() 
GEOMETRIC_REPRESENTATION_ITEM() RATIONAL_B_SPLINE_CURVE((1.,
    0.866025403784,1.,0.866025403784,1.,0.866025403784,1.)) 
REPRESENTATION_ITEM('') );
#1380 = CARTESIAN_POINT('',(-1.25,0.,4.825000001365));
#1381 = CARTESIAN_POINT('',(-1.25,0.721687836487,4.783333334698));
#1382 = CARTESIAN_POINT('',(-0.625,1.08253175473,4.741666668032));
#1383 = CARTESIAN_POINT('',(-8.838126989374E-17,1.443375672974,
    4.700000001365));
#1384 = CARTESIAN_POINT('',(0.624999999999,1.08253175473,4.658333334698)
  );
#1385 = CARTESIAN_POINT('',(1.25,0.721687836487,4.616666668032));
#1386 = CARTESIAN_POINT('',(1.25,1.530808498934E-16,4.575000001365));
#1387 = ORIENTED_EDGE('',*,*,#1337,.F.);
#1388 = ORIENTED_EDGE('',*,*,#1389,.F.);
#1389 = EDGE_CURVE('',#1390,#1338,#1392,.T.);
#1390 = VERTEX_POINT('',#1391);
#1391 = CARTESIAN_POINT('',(-1.25,0.,4.7));
#1392 = ( BOUNDED_CURVE() B_SPLINE_CURVE(2,(#1393,#1394,#1395,#1396,
#1397,#1398,#1399),.UNSPECIFIED.,.F.,.F.) B_SPLINE_CURVE_WITH_KNOTS((3,2
    ,2,3),(0.149999999999,0.158333333333,0.166666666666,0.174999999999),
.UNSPECIFIED.) CURVE() GEOMETRIC_REPRESENTATION_ITEM() 
RATIONAL_B_SPLINE_CURVE((1.,0.866025403784,1.,0.866025403784,1.,
0.866025403784,1.)) REPRESENTATION_ITEM('') );
#1393 = CARTESIAN_POINT('',(-1.25,0.,4.7));
#1394 = CARTESIAN_POINT('',(-1.25,0.721687836487,4.658333333333));
#1395 = CARTESIAN_POINT('',(-0.625,1.08253175473,4.616666666666));
#1396 = CARTESIAN_POINT('',(-8.838126989374E-17,1.443375672974,4.575));
#1397 = CARTESIAN_POINT('',(0.624999999999,1.08253175473,4.533333333333)
  );
#1398 = CARTESIAN_POINT('',(1.25,0.721687836487,4.491666666666));
#1399 = CARTESIAN_POINT('',(1.25,1.530808498934E-16,4.45));
#1400 = ORIENTED_EDGE('',*,*,#1401,.T.);
#1401 = EDGE_CURVE('',#1390,#1377,#1402,.T.);
#1402 = LINE('',#1403,#1404);
#1403 = CARTESIAN_POINT('',(-1.25,1.530808498934E-16,-1.53));
#1404 = VECTOR('',#1405,1.);
#1405 = DIRECTION('',(0.,0.,1.));
#1406 = CYLINDRICAL_SURFACE('',#1407,1.25);
#1407 = AXIS2_PLACEMENT_3D('',#1408,#1409,#1410);
#1408 = CARTESIAN_POINT('',(0.,0.,-1.53));
#1409 = DIRECTION('',(0.,0.,1.));
#1410 = DIRECTION('',(1.,0.,0.));
#1411 = ADVANCED_FACE('',(#1412),#1445,.F.);
#1412 = FACE_BOUND('',#1413,.F.);
#1413 = EDGE_LOOP('',(#1414,#1424,#1434,#1435));
#1414 = ORIENTED_EDGE('',*,*,#1415,.T.);
#1415 = EDGE_CURVE('',#1416,#1418,#1420,.T.);
#1416 = VERTEX_POINT('',#1417);
#1417 = CARTESIAN_POINT('',(1.25,1.530808498934E-16,4.95));
#1418 = VERTEX_POINT('',#1419);
#1419 = CARTESIAN_POINT('',(1.25,1.530808498934E-16,5.075000001365));
#1420 = LINE('',#1421,#1422);
#1421 = CARTESIAN_POINT('',(1.25,0.,-1.53));
#1422 = VECTOR('',#1423,1.);
#1423 = DIRECTION('',(0.,0.,1.));
#1424 = ORIENTED_EDGE('',*,*,#1425,.T.);
#1425 = EDGE_CURVE('',#1418,#1377,#1426,.T.);
#1426 = ( BOUNDED_CURVE() B_SPLINE_CURVE(2,(#1427,#1428,#1429,#1430,
#1431,#1432,#1433),.UNSPECIFIED.,.F.,.F.) B_SPLINE_CURVE_WITH_KNOTS((3,2
    ,2,3),(7.4999999999E-02,8.3333333333E-02,9.1666666666E-02,0.1),
.UNSPECIFIED.) CURVE() GEOMETRIC_REPRESENTATION_ITEM() 
RATIONAL_B_SPLINE_CURVE((1.,0.866025403784,1.,0.866025403784,1.,
0.866025403784,1.)) REPRESENTATION_ITEM('') );
#1427 = CARTESIAN_POINT('',(1.25,1.530808498934E-16,5.075000001365));
#1428 = CARTESIAN_POINT('',(1.25,-0.721687836487,5.033333334698));
#1429 = CARTESIAN_POINT('',(0.625,-1.08253175473,4.991666668032));
#1430 = CARTESIAN_POINT('',(2.651438096812E-16,-1.443375672974,
    4.950000001365));
#1431 = CARTESIAN_POINT('',(-0.624999999999,-1.08253175473,
    4.908333334698));
#1432 = CARTESIAN_POINT('',(-1.249999999999,-0.721687836487,
    4.866666668032));
#1433 = CARTESIAN_POINT('',(-1.25,0.,4.825000001365));
#1434 = ORIENTED_EDGE('',*,*,#1401,.F.);
#1435 = ORIENTED_EDGE('',*,*,#1436,.F.);
#1436 = EDGE_CURVE('',#1416,#1390,#1437,.T.);
#1437 = ( BOUNDED_CURVE() B_SPLINE_CURVE(2,(#1438,#1439,#1440,#1441,
#1442,#1443,#1444),.UNSPECIFIED.,.F.,.F.) B_SPLINE_CURVE_WITH_KNOTS((3,2
    ,2,3),(0.125,0.133333333333,0.141666666666,0.149999999999),
.PIECEWISE_BEZIER_KNOTS.) CURVE() GEOMETRIC_REPRESENTATION_ITEM() 
RATIONAL_B_SPLINE_CURVE((0.999999999999,0.866025403784,1.,0.866025403784
,1.,0.866025403784,0.999999999999)) REPRESENTATION_ITEM('') );
#1438 = CARTESIAN_POINT('',(1.25,1.530808498934E-16,4.95));
#1439 = CARTESIAN_POINT('',(1.249999999999,-0.721687836487,
    4.908333333333));
#1440 = CARTESIAN_POINT('',(0.625,-1.08253175473,4.866666666666));
#1441 = CARTESIAN_POINT('',(2.651438096812E-16,-1.443375672974,4.825));
#1442 = CARTESIAN_POINT('',(-0.624999999999,-1.08253175473,
    4.783333333333));
#1443 = CARTESIAN_POINT('',(-1.249999999999,-0.721687836487,
    4.741666666666));
#1444 = CARTESIAN_POINT('',(-1.25,0.,4.7));
#1445 = CYLINDRICAL_SURFACE('',#1446,1.25);
#1446 = AXIS2_PLACEMENT_3D('',#1447,#1448,#1449);
#1447 = CARTESIAN_POINT('',(0.,0.,-1.53));
#1448 = DIRECTION('',(0.,0.,1.));
#1449 = DIRECTION('',(1.,0.,0.));
#1450 = ADVANCED_FACE('',(#1451),#1473,.F.);
#1451 = FACE_BOUND('',#1452,.F.);
#1452 = EDGE_LOOP('',(#1453,#1454,#1462,#1463));
#1453 = ORIENTED_EDGE('',*,*,#454,.F.);
#1454 = ORIENTED_EDGE('',*,*,#1455,.T.);
#1455 = EDGE_CURVE('',#444,#1418,#1456,.T.);
#1456 = ( BOUNDED_CURVE() B_SPLINE_CURVE(2,(#1457,#1458,#1459,#1460,
#1461),.UNSPECIFIED.,.F.,.F.) B_SPLINE_CURVE_WITH_KNOTS((3,2,3),(
    6.2500000127E-02,6.6666666666E-02,7.4999999999E-02),.UNSPECIFIED.) 
CURVE() GEOMETRIC_REPRESENTATION_ITEM() RATIONAL_B_SPLINE_CURVE((
    0.933012701892,0.93301270394,1.,0.866025403784,0.999999999999)) 
REPRESENTATION_ITEM('') );
#1457 = CARTESIAN_POINT('',(2.048389799535E-08,1.249999999999,5.2));
#1458 = CARTESIAN_POINT('',(0.334936500045,1.249999994511,5.177670901362
    ));
#1459 = CARTESIAN_POINT('',(0.624999999999,1.08253175473,5.158333334698)
  );
#1460 = CARTESIAN_POINT('',(1.249999999999,0.721687836487,5.116666668032
    ));
#1461 = CARTESIAN_POINT('',(1.25,1.530808498934E-16,5.075000001365));
#1462 = ORIENTED_EDGE('',*,*,#1415,.F.);
#1463 = ORIENTED_EDGE('',*,*,#1464,.F.);
#1464 = EDGE_CURVE('',#381,#1416,#1465,.T.);
#1465 = ( BOUNDED_CURVE() B_SPLINE_CURVE(2,(#1466,#1467,#1468,#1469,
#1470,#1471,#1472),.UNSPECIFIED.,.F.,.F.) B_SPLINE_CURVE_WITH_KNOTS((3,2
,2,3),(0.1,0.108333333333,0.116666666666,0.125),.UNSPECIFIED.) CURVE() 
GEOMETRIC_REPRESENTATION_ITEM() RATIONAL_B_SPLINE_CURVE((1.,
    0.866025403784,1.,0.866025403784,1.,0.866025403784,1.)) 
REPRESENTATION_ITEM('') );
#1466 = CARTESIAN_POINT('',(-1.25,0.,5.2));
#1467 = CARTESIAN_POINT('',(-1.25,0.721687836487,5.158333333333));
#1468 = CARTESIAN_POINT('',(-0.625,1.08253175473,5.116666666666));
#1469 = CARTESIAN_POINT('',(-8.838126989374E-17,1.443375672974,5.075));
#1470 = CARTESIAN_POINT('',(0.624999999999,1.08253175473,5.033333333333)
  );
#1471 = CARTESIAN_POINT('',(1.25,0.721687836487,4.991666666666));
#1472 = CARTESIAN_POINT('',(1.25,1.530808498934E-16,4.95));
#1473 = CYLINDRICAL_SURFACE('',#1474,1.25);
#1474 = AXIS2_PLACEMENT_3D('',#1475,#1476,#1477);
#1475 = CARTESIAN_POINT('',(0.,0.,-1.53));
#1476 = DIRECTION('',(0.,0.,1.));
#1477 = DIRECTION('',(1.,0.,0.));
#1478 = ADVANCED_FACE('',(#1479),#1497,.F.);
#1479 = FACE_BOUND('',#1480,.F.);
#1480 = EDGE_LOOP('',(#1481,#1489,#1490,#1496));
#1481 = ORIENTED_EDGE('',*,*,#1482,.T.);
#1482 = EDGE_CURVE('',#481,#156,#1483,.T.);
#1483 = ( BOUNDED_CURVE() B_SPLINE_CURVE(2,(#1484,#1485,#1486,#1487,
#1488),.UNSPECIFIED.,.F.,.F.) B_SPLINE_CURVE_WITH_KNOTS((3,2,3),(0.7,
0.708333333333,0.715396127584),.UNSPECIFIED.) CURVE() 
GEOMETRIC_REPRESENTATION_ITEM() RATIONAL_B_SPLINE_CURVE((0.999999999999,
    0.866025403784,1.,0.886451799047,0.965375817511)) 
REPRESENTATION_ITEM('') );
#1484 = CARTESIAN_POINT('',(-1.25,0.,-1.174999998634));
#1485 = CARTESIAN_POINT('',(-1.249999999999,0.721687836487,
    -1.216666665301));
#1486 = CARTESIAN_POINT('',(-0.625,1.08253175473,-1.258333331967));
#1487 = CARTESIAN_POINT('',(-0.107496460918,1.381312562325,
    -1.292833567906));
#1488 = CARTESIAN_POINT('',(0.450000020483,1.166190371064,
    -1.329999999999));
#1489 = ORIENTED_EDGE('',*,*,#204,.F.);
#1490 = ORIENTED_EDGE('',*,*,#1491,.F.);
#1491 = EDGE_CURVE('',#493,#190,#1492,.T.);
#1492 = ( BOUNDED_CURVE() B_SPLINE_CURVE(2,(#1493,#1494,#1495),
.UNSPECIFIED.,.F.,.F.) B_SPLINE_CURVE_WITH_KNOTS((3,3),(0.75,
0.753072765205),.PIECEWISE_BEZIER_KNOTS.) CURVE() 
GEOMETRIC_REPRESENTATION_ITEM() RATIONAL_B_SPLINE_CURVE((1.,
0.950599302679,0.937629823883)) REPRESENTATION_ITEM('') );
#1493 = CARTESIAN_POINT('',(-1.25,0.,-1.299999999999));
#1494 = CARTESIAN_POINT('',(-1.25,0.242433788624,-1.313996921312));
#1495 = CARTESIAN_POINT('',(-1.159370444595,0.467290244064,-1.33));
#1496 = ORIENTED_EDGE('',*,*,#492,.T.);
#1497 = CYLINDRICAL_SURFACE('',#1498,1.25);
#1498 = AXIS2_PLACEMENT_3D('',#1499,#1500,#1501);
#1499 = CARTESIAN_POINT('',(0.,0.,-1.53));
#1500 = DIRECTION('',(0.,0.,1.));
#1501 = DIRECTION('',(1.,0.,0.));
#1502 = ADVANCED_FACE('',(#1503),#1521,.T.);
#1503 = FACE_BOUND('',#1504,.T.);
#1504 = EDGE_LOOP('',(#1505,#1506,#1513,#1514));
#1505 = ORIENTED_EDGE('',*,*,#230,.F.);
#1506 = ORIENTED_EDGE('',*,*,#1507,.T.);
#1507 = EDGE_CURVE('',#222,#220,#1508,.T.);
#1508 = CIRCLE('',#1509,2.779999999999);
#1509 = AXIS2_PLACEMENT_3D('',#1510,#1511,#1512);
#1510 = CARTESIAN_POINT('',(0.,-2.710505431213E-17,5.2));
#1511 = DIRECTION('',(0.,0.,-1.));
#1512 = DIRECTION('',(1.,0.,0.));
#1513 = ORIENTED_EDGE('',*,*,#247,.T.);
#1514 = ORIENTED_EDGE('',*,*,#1515,.T.);
#1515 = EDGE_CURVE('',#239,#231,#1516,.T.);
#1516 = CIRCLE('',#1517,2.779999999999);
#1517 = AXIS2_PLACEMENT_3D('',#1518,#1519,#1520);
#1518 = CARTESIAN_POINT('',(0.,-2.710505431213E-17,0.));
#1519 = DIRECTION('',(0.,0.,1.));
#1520 = DIRECTION('',(1.,0.,0.));
#1521 = CYLINDRICAL_SURFACE('',#1522,2.779999999999);
#1522 = AXIS2_PLACEMENT_3D('',#1523,#1524,#1525);
#1523 = CARTESIAN_POINT('',(0.,-2.710505431213E-17,5.4));
#1524 = DIRECTION('',(0.,0.,-1.));
#1525 = DIRECTION('',(-1.,0.,0.));
#1526 = ADVANCED_FACE('',(#1527,#1537),#1541,.F.);
#1527 = FACE_BOUND('',#1528,.T.);
#1528 = EDGE_LOOP('',(#1529,#1536));
#1529 = ORIENTED_EDGE('',*,*,#1530,.F.);
#1530 = EDGE_CURVE('',#73,#65,#1531,.T.);
#1531 = CIRCLE('',#1532,2.045);
#1532 = AXIS2_PLACEMENT_3D('',#1533,#1534,#1535);
#1533 = CARTESIAN_POINT('',(0.,0.,0.));
#1534 = DIRECTION('',(0.,0.,-1.));
#1535 = DIRECTION('',(-1.,0.,0.));
#1536 = ORIENTED_EDGE('',*,*,#72,.F.);
#1537 = FACE_BOUND('',#1538,.T.);
#1538 = EDGE_LOOP('',(#1539,#1540));
#1539 = ORIENTED_EDGE('',*,*,#1515,.F.);
#1540 = ORIENTED_EDGE('',*,*,#238,.F.);
#1541 = PLANE('',#1542);
#1542 = AXIS2_PLACEMENT_3D('',#1543,#1544,#1545);
#1543 = CARTESIAN_POINT('',(0.,-2.710505431213E-17,0.));
#1544 = DIRECTION('',(0.,0.,1.));
#1545 = DIRECTION('',(1.,0.,0.));
#1546 = ADVANCED_FACE('',(#1547),#1559,.T.);
#1547 = FACE_BOUND('',#1548,.T.);
#1548 = EDGE_LOOP('',(#1549,#1550,#1557,#1558));
#1549 = ORIENTED_EDGE('',*,*,#64,.F.);
#1550 = ORIENTED_EDGE('',*,*,#1551,.T.);
#1551 = EDGE_CURVE('',#33,#41,#1552,.T.);
#1552 = CIRCLE('',#1553,2.045);
#1553 = AXIS2_PLACEMENT_3D('',#1554,#1555,#1556);
#1554 = CARTESIAN_POINT('',(0.,0.,-1.33));
#1555 = DIRECTION('',(0.,0.,1.));
#1556 = DIRECTION('',(-1.,0.,0.));
#1557 = ORIENTED_EDGE('',*,*,#81,.T.);
#1558 = ORIENTED_EDGE('',*,*,#1530,.T.);
#1559 = CYLINDRICAL_SURFACE('',#1560,2.045);
#1560 = AXIS2_PLACEMENT_3D('',#1561,#1562,#1563);
#1561 = CARTESIAN_POINT('',(0.,0.,-1.53));
#1562 = DIRECTION('',(0.,0.,1.));
#1563 = DIRECTION('',(1.,0.,0.));
#1564 = ADVANCED_FACE('',(#1565),#1571,.T.);
#1565 = FACE_BOUND('',#1566,.T.);
#1566 = EDGE_LOOP('',(#1567,#1568,#1569,#1570));
#1567 = ORIENTED_EDGE('',*,*,#32,.F.);
#1568 = ORIENTED_EDGE('',*,*,#95,.F.);
#1569 = ORIENTED_EDGE('',*,*,#49,.T.);
#1570 = ORIENTED_EDGE('',*,*,#1551,.F.);
#1571 = CONICAL_SURFACE('',#1572,1.845,0.785398163397);
#1572 = AXIS2_PLACEMENT_3D('',#1573,#1574,#1575);
#1573 = CARTESIAN_POINT('',(0.,0.,-1.53));
#1574 = DIRECTION('',(0.,0.,1.));
#1575 = DIRECTION('',(1.,0.,0.));
#1576 = ADVANCED_FACE('',(#1577),#1583,.T.);
#1577 = FACE_BOUND('',#1578,.T.);
#1578 = EDGE_LOOP('',(#1579,#1580,#1581,#1582));
#1579 = ORIENTED_EDGE('',*,*,#272,.F.);
#1580 = ORIENTED_EDGE('',*,*,#293,.F.);
#1581 = ORIENTED_EDGE('',*,*,#279,.T.);
#1582 = ORIENTED_EDGE('',*,*,#1507,.F.);
#1583 = CONICAL_SURFACE('',#1584,2.58,0.785398163397);
#1584 = AXIS2_PLACEMENT_3D('',#1585,#1586,#1587);
#1585 = CARTESIAN_POINT('',(0.,-2.710505431213E-17,5.4));
#1586 = DIRECTION('',(0.,0.,-1.));
#1587 = DIRECTION('',(-1.,0.,0.));
#1588 = ADVANCED_FACE('',(#1589),#1939,.T.);
#1589 = FACE_BOUND('',#1590,.T.);
#1590 = EDGE_LOOP('',(#1591,#1765,#1766,#1938));
#1591 = ORIENTED_EDGE('',*,*,#1592,.T.);
#1592 = EDGE_CURVE('',#304,#128,#1593,.T.);
#1593 = ( BOUNDED_CURVE() B_SPLINE_CURVE(2,(#1594,#1595,#1596,#1597,
    #1598,#1599,#1600,#1601,#1602,#1603,#1604,#1605,#1606,#1607,#1608,
    #1609,#1610,#1611,#1612,#1613,#1614,#1615,#1616,#1617,#1618,#1619,
    #1620,#1621,#1622,#1623,#1624,#1625,#1626,#1627,#1628,#1629,#1630,
    #1631,#1632,#1633,#1634,#1635,#1636,#1637,#1638,#1639,#1640,#1641,
    #1642,#1643,#1644,#1645,#1646,#1647,#1648,#1649,#1650,#1651,#1652,
    #1653,#1654,#1655,#1656,#1657,#1658,#1659,#1660,#1661,#1662,#1663,
    #1664,#1665,#1666,#1667,#1668,#1669,#1670,#1671,#1672,#1673,#1674,
    #1675,#1676,#1677,#1678,#1679,#1680,#1681,#1682,#1683,#1684,#1685,
    #1686,#1687,#1688,#1689,#1690,#1691,#1692,#1693,#1694,#1695,#1696,
    #1697,#1698,#1699,#1700,#1701,#1702,#1703,#1704,#1705,#1706,#1707,
    #1708,#1709,#1710,#1711,#1712,#1713,#1714,#1715,#1716,#1717,#1718,
    #1719,#1720,#1721,#1722,#1723,#1724,#1725,#1726,#1727,#1728,#1729,
    #1730,#1731,#1732,#1733,#1734,#1735,#1736,#1737,#1738,#1739,#1740,
    #1741,#1742,#1743,#1744,#1745,#1746,#1747,#1748,#1749,#1750,#1751,
    #1752,#1753,#1754,#1755,#1756,#1757,#1758,#1759,#1760,#1761,#1762,
#1763,#1764),.UNSPECIFIED.,.F.,.F.) B_SPLINE_CURVE_WITH_KNOTS((3,2,2,2,2
    ,2,2,2,2,2,2,2,2,2,2,2,2,2,2,2,2,2,2,2,2,2,2,2,2,2,2,2,2,2,2,2,2,2,2
    ,2,2,2,2,2,2,2,2,2,2,2,2,2,2,2,2,2,2,2,2,2,2,2,2,2,2,2,2,2,2,2,2,2,2
    ,2,2,2,2,2,2,2,2,2,2,2,2,3),(5.8095606299E-02,5.8333333333E-02,
    6.6666666666E-02,7.4999999999E-02,8.3333333333E-02,9.1666666666E-02,
    0.1,0.108333333333,0.116666666666,0.125,0.133333333333,
    0.141666666666,0.149999999999,0.158333333333,0.166666666666,
    0.174999999999,0.183333333333,0.191666666666,0.2,0.208333333333,
    0.216666666666,0.225,0.233333333333,0.241666666666,0.25,
    0.258333333333,0.266666666666,0.275,0.283333333333,0.291666666666,
    0.299999999999,0.308333333333,0.316666666666,0.324999999999,
    0.333333333333,0.341666666666,0.349999999999,0.358333333333,
    0.366666666666,0.375,0.383333333333,0.391666666666,0.4,
    0.408333333333,0.416666666666,0.425,0.433333333333,0.441666666666,
    0.449999999999,0.458333333333,0.466666666666,0.474999999999,
    0.483333333333,0.491666666666,0.5,0.508333333333,0.516666666666,
    0.525,0.533333333333,0.541666666666,0.55,0.558333333333,
    0.566666666666,0.574999999999,0.583333333333,0.591666666666,
    0.599999999999,0.608333333333,0.616666666666,0.625,0.633333333333,
    0.641666666666,0.65,0.658333333333,0.666666666666,0.675,
    0.683333333333,0.691666666666,0.699999999999,0.708333333333,
    0.716666666666,0.724999999999,0.733333333333,0.741666666666,0.75,
0.751227358001),.UNSPECIFIED.) CURVE() GEOMETRIC_REPRESENTATION_ITEM() 
RATIONAL_B_SPLINE_CURVE((0.992574206036,0.996178074002,1.,0.866025403784
    ,1.,0.866025403784,1.,0.866025403784,1.,0.866025403784,1.,
    0.866025403784,1.,0.866025403784,1.,0.866025403784,1.,0.866025403784
    ,1.,0.866025403784,1.,0.866025403784,1.,0.866025403784,1.,
    0.866025403784,1.,0.866025403784,1.,0.866025403784,1.,0.866025403784
    ,1.,0.866025403784,1.,0.866025403784,1.,0.866025403784,1.,
    0.866025403784,1.,0.866025403784,1.,0.866025403784,1.,0.866025403784
    ,1.,0.866025403784,1.,0.866025403784,1.,0.866025403784,1.,
    0.866025403784,1.,0.866025403784,1.,0.866025403784,1.,0.866025403784
    ,1.,0.866025403784,1.,0.866025403784,1.,0.866025403784,1.,
    0.866025403784,1.,0.866025403784,1.,0.866025403784,1.,0.866025403784
    ,1.,0.866025403784,1.,0.866025403784,1.,0.866025403784,1.,
    0.866025403784,1.,0.866025403784,1.,0.866025403784,1.,0.866025403784
    ,1.,0.866025403784,1.,0.866025403784,1.,0.866025403784,1.,
    0.866025403784,1.,0.866025403784,1.,0.866025403784,1.,0.866025403784
    ,1.,0.866025403784,1.,0.866025403784,1.,0.866025403784,1.,
    0.866025403784,1.,0.866025403784,1.,0.866025403784,1.,0.866025403784
    ,1.,0.866025403784,1.,0.866025403784,1.,0.866025403784,1.,
    0.866025403784,1.,0.866025403784,1.,0.866025403784,1.,0.866025403784
    ,1.,0.866025403784,1.,0.866025403784,1.,0.866025403784,1.,
    0.866025403784,1.,0.866025403784,1.,0.866025403784,1.,0.866025403784
    ,1.,0.866025403784,1.,0.866025403784,1.,0.866025403784,1.,
    0.866025403784,1.,0.866025403784,1.,0.866025403784,1.,0.866025403784
    ,1.,0.866025403784,1.,0.866025403784,1.,0.866025403784,1.,
    0.866025403784,1.,0.866025403784,1.,0.980267824885,0.966348076092)) 
REPRESENTATION_ITEM('') );
#1594 = CARTESIAN_POINT('',(-0.797708902338,1.294598407901,5.4));
#1595 = CARTESIAN_POINT('',(-0.779172394853,1.306020279694,
    5.398950004939));
#1596 = CARTESIAN_POINT('',(-0.76031646875,1.316906753706,5.397916667349
    ));
#1597 = CARTESIAN_POINT('',(-1.075163760468E-16,1.755875671608,
    5.356250000682));
#1598 = CARTESIAN_POINT('',(0.760316468749,1.316906753706,5.314583334016
    ));
#1599 = CARTESIAN_POINT('',(1.520632937499,0.877937835804,5.272916667349
    ));
#1600 = CARTESIAN_POINT('',(1.5206329375,1.862238259587E-16,
    5.231250000682));
#1601 = CARTESIAN_POINT('',(1.5206329375,-0.877937835804,5.189583334016)
  );
#1602 = CARTESIAN_POINT('',(0.76031646875,-1.316906753706,5.147916667349
    ));
#1603 = CARTESIAN_POINT('',(3.225491281404E-16,-1.755875671608,
    5.106250000682));
#1604 = CARTESIAN_POINT('',(-0.760316468749,-1.316906753706,
    5.064583334016));
#1605 = CARTESIAN_POINT('',(-1.520632937499,-0.877937835804,
    5.022916667349));
#1606 = CARTESIAN_POINT('',(-1.5206329375,0.,4.981250000682));
#1607 = CARTESIAN_POINT('',(-1.5206329375,0.877937835804,4.939583334016)
  );
#1608 = CARTESIAN_POINT('',(-0.76031646875,1.316906753706,4.897916667349
    ));
#1609 = CARTESIAN_POINT('',(-1.075163760468E-16,1.755875671608,
    4.856250000682));
#1610 = CARTESIAN_POINT('',(0.760316468749,1.316906753706,4.814583334016
    ));
#1611 = CARTESIAN_POINT('',(1.520632937499,0.877937835804,4.772916667349
    ));
#1612 = CARTESIAN_POINT('',(1.5206329375,1.862238259587E-16,
    4.731250000682));
#1613 = CARTESIAN_POINT('',(1.5206329375,-0.877937835804,4.689583334016)
  );
#1614 = CARTESIAN_POINT('',(0.76031646875,-1.316906753706,4.647916667349
    ));
#1615 = CARTESIAN_POINT('',(3.225491281404E-16,-1.755875671608,
    4.606250000682));
#1616 = CARTESIAN_POINT('',(-0.760316468749,-1.316906753706,
    4.564583334016));
#1617 = CARTESIAN_POINT('',(-1.520632937499,-0.877937835804,
    4.522916667349));
#1618 = CARTESIAN_POINT('',(-1.5206329375,0.,4.481250000682));
#1619 = CARTESIAN_POINT('',(-1.5206329375,0.877937835804,4.439583334016)
  );
#1620 = CARTESIAN_POINT('',(-0.76031646875,1.316906753706,4.397916667349
    ));
#1621 = CARTESIAN_POINT('',(-1.075163760468E-16,1.755875671608,
    4.356250000682));
#1622 = CARTESIAN_POINT('',(0.760316468749,1.316906753706,4.314583334016
    ));
#1623 = CARTESIAN_POINT('',(1.520632937499,0.877937835804,4.272916667349
    ));
#1624 = CARTESIAN_POINT('',(1.5206329375,1.862238259587E-16,
    4.231250000682));
#1625 = CARTESIAN_POINT('',(1.5206329375,-0.877937835804,4.189583334016)
  );
#1626 = CARTESIAN_POINT('',(0.76031646875,-1.316906753706,4.147916667349
    ));
#1627 = CARTESIAN_POINT('',(3.225491281404E-16,-1.755875671608,
    4.106250000682));
#1628 = CARTESIAN_POINT('',(-0.760316468749,-1.316906753706,
    4.064583334016));
#1629 = CARTESIAN_POINT('',(-1.520632937499,-0.877937835804,
    4.022916667349));
#1630 = CARTESIAN_POINT('',(-1.5206329375,0.,3.981250000682));
#1631 = CARTESIAN_POINT('',(-1.5206329375,0.877937835804,3.939583334016)
  );
#1632 = CARTESIAN_POINT('',(-0.76031646875,1.316906753706,3.897916667349
    ));
#1633 = CARTESIAN_POINT('',(-1.075163760468E-16,1.755875671608,
    3.856250000682));
#1634 = CARTESIAN_POINT('',(0.760316468749,1.316906753706,3.814583334016
    ));
#1635 = CARTESIAN_POINT('',(1.520632937499,0.877937835804,3.772916667349
    ));
#1636 = CARTESIAN_POINT('',(1.5206329375,1.862238259587E-16,
    3.731250000682));
#1637 = CARTESIAN_POINT('',(1.5206329375,-0.877937835804,3.689583334016)
  );
#1638 = CARTESIAN_POINT('',(0.76031646875,-1.316906753706,3.647916667349
    ));
#1639 = CARTESIAN_POINT('',(3.225491281404E-16,-1.755875671608,
    3.606250000682));
#1640 = CARTESIAN_POINT('',(-0.760316468749,-1.316906753706,
    3.564583334016));
#1641 = CARTESIAN_POINT('',(-1.520632937499,-0.877937835804,
    3.522916667349));
#1642 = CARTESIAN_POINT('',(-1.5206329375,0.,3.481250000682));
#1643 = CARTESIAN_POINT('',(-1.5206329375,0.877937835804,3.439583334016)
  );
#1644 = CARTESIAN_POINT('',(-0.76031646875,1.316906753706,3.397916667349
    ));
#1645 = CARTESIAN_POINT('',(-1.075163760468E-16,1.755875671608,
    3.356250000682));
#1646 = CARTESIAN_POINT('',(0.760316468749,1.316906753706,3.314583334016
    ));
#1647 = CARTESIAN_POINT('',(1.520632937499,0.877937835804,3.272916667349
    ));
#1648 = CARTESIAN_POINT('',(1.5206329375,1.862238259587E-16,
    3.231250000682));
#1649 = CARTESIAN_POINT('',(1.5206329375,-0.877937835804,3.189583334016)
  );
#1650 = CARTESIAN_POINT('',(0.76031646875,-1.316906753706,3.147916667349
    ));
#1651 = CARTESIAN_POINT('',(3.225491281404E-16,-1.755875671608,
    3.106250000682));
#1652 = CARTESIAN_POINT('',(-0.760316468749,-1.316906753706,
    3.064583334016));
#1653 = CARTESIAN_POINT('',(-1.520632937499,-0.877937835804,
    3.022916667349));
#1654 = CARTESIAN_POINT('',(-1.5206329375,0.,2.981250000682));
#1655 = CARTESIAN_POINT('',(-1.5206329375,0.877937835804,2.939583334016)
  );
#1656 = CARTESIAN_POINT('',(-0.76031646875,1.316906753706,2.897916667349
    ));
#1657 = CARTESIAN_POINT('',(-1.075163760468E-16,1.755875671608,
    2.856250000682));
#1658 = CARTESIAN_POINT('',(0.760316468749,1.316906753706,2.814583334016
    ));
#1659 = CARTESIAN_POINT('',(1.520632937499,0.877937835804,2.772916667349
    ));
#1660 = CARTESIAN_POINT('',(1.5206329375,1.862238259587E-16,
    2.731250000682));
#1661 = CARTESIAN_POINT('',(1.5206329375,-0.877937835804,2.689583334016)
  );
#1662 = CARTESIAN_POINT('',(0.76031646875,-1.316906753706,2.647916667349
    ));
#1663 = CARTESIAN_POINT('',(3.225491281404E-16,-1.755875671608,
    2.606250000682));
#1664 = CARTESIAN_POINT('',(-0.760316468749,-1.316906753706,
    2.564583334016));
#1665 = CARTESIAN_POINT('',(-1.520632937499,-0.877937835804,
    2.522916667349));
#1666 = CARTESIAN_POINT('',(-1.5206329375,0.,2.481250000682));
#1667 = CARTESIAN_POINT('',(-1.5206329375,0.877937835804,2.439583334016)
  );
#1668 = CARTESIAN_POINT('',(-0.76031646875,1.316906753706,2.397916667349
    ));
#1669 = CARTESIAN_POINT('',(-1.075163760468E-16,1.755875671608,
    2.356250000682));
#1670 = CARTESIAN_POINT('',(0.760316468749,1.316906753706,2.314583334016
    ));
#1671 = CARTESIAN_POINT('',(1.520632937499,0.877937835804,2.272916667349
    ));
#1672 = CARTESIAN_POINT('',(1.5206329375,1.862238259587E-16,
    2.231250000682));
#1673 = CARTESIAN_POINT('',(1.5206329375,-0.877937835804,2.189583334016)
  );
#1674 = CARTESIAN_POINT('',(0.76031646875,-1.316906753706,2.147916667349
    ));
#1675 = CARTESIAN_POINT('',(3.225491281404E-16,-1.755875671608,
    2.106250000682));
#1676 = CARTESIAN_POINT('',(-0.760316468749,-1.316906753706,
    2.064583334016));
#1677 = CARTESIAN_POINT('',(-1.520632937499,-0.877937835804,
    2.022916667349));
#1678 = CARTESIAN_POINT('',(-1.5206329375,0.,1.981250000682));
#1679 = CARTESIAN_POINT('',(-1.5206329375,0.877937835804,1.939583334016)
  );
#1680 = CARTESIAN_POINT('',(-0.76031646875,1.316906753706,1.897916667349
    ));
#1681 = CARTESIAN_POINT('',(-1.075163760468E-16,1.755875671608,
    1.856250000682));
#1682 = CARTESIAN_POINT('',(0.760316468749,1.316906753706,1.814583334016
    ));
#1683 = CARTESIAN_POINT('',(1.520632937499,0.877937835804,1.772916667349
    ));
#1684 = CARTESIAN_POINT('',(1.5206329375,1.862238259587E-16,
    1.731250000682));
#1685 = CARTESIAN_POINT('',(1.5206329375,-0.877937835804,1.689583334016)
  );
#1686 = CARTESIAN_POINT('',(0.76031646875,-1.316906753706,1.647916667349
    ));
#1687 = CARTESIAN_POINT('',(3.225491281404E-16,-1.755875671608,
    1.606250000682));
#1688 = CARTESIAN_POINT('',(-0.760316468749,-1.316906753706,
    1.564583334016));
#1689 = CARTESIAN_POINT('',(-1.520632937499,-0.877937835804,
    1.522916667349));
#1690 = CARTESIAN_POINT('',(-1.5206329375,0.,1.481250000682));
#1691 = CARTESIAN_POINT('',(-1.5206329375,0.877937835804,1.439583334016)
  );
#1692 = CARTESIAN_POINT('',(-0.76031646875,1.316906753706,1.397916667349
    ));
#1693 = CARTESIAN_POINT('',(-1.075163760468E-16,1.755875671608,
    1.356250000682));
#1694 = CARTESIAN_POINT('',(0.760316468749,1.316906753706,1.314583334016
    ));
#1695 = CARTESIAN_POINT('',(1.520632937499,0.877937835804,1.272916667349
    ));
#1696 = CARTESIAN_POINT('',(1.5206329375,1.862238259587E-16,
    1.231250000682));
#1697 = CARTESIAN_POINT('',(1.5206329375,-0.877937835804,1.189583334016)
  );
#1698 = CARTESIAN_POINT('',(0.76031646875,-1.316906753706,1.147916667349
    ));
#1699 = CARTESIAN_POINT('',(3.225491281404E-16,-1.755875671608,
    1.106250000682));
#1700 = CARTESIAN_POINT('',(-0.760316468749,-1.316906753706,
    1.064583334016));
#1701 = CARTESIAN_POINT('',(-1.520632937499,-0.877937835804,
    1.022916667349));
#1702 = CARTESIAN_POINT('',(-1.5206329375,0.,0.981250000682));
#1703 = CARTESIAN_POINT('',(-1.5206329375,0.877937835804,0.939583334016)
  );
#1704 = CARTESIAN_POINT('',(-0.76031646875,1.316906753706,0.897916667349
    ));
#1705 = CARTESIAN_POINT('',(-1.075163760468E-16,1.755875671608,
    0.856250000682));
#1706 = CARTESIAN_POINT('',(0.760316468749,1.316906753706,0.814583334016
    ));
#1707 = CARTESIAN_POINT('',(1.520632937499,0.877937835804,0.772916667349
    ));
#1708 = CARTESIAN_POINT('',(1.5206329375,1.862238259587E-16,
    0.731250000682));
#1709 = CARTESIAN_POINT('',(1.5206329375,-0.877937835804,0.689583334016)
  );
#1710 = CARTESIAN_POINT('',(0.76031646875,-1.316906753706,0.647916667349
    ));
#1711 = CARTESIAN_POINT('',(3.225491281404E-16,-1.755875671608,
    0.606250000682));
#1712 = CARTESIAN_POINT('',(-0.760316468749,-1.316906753706,
    0.564583334016));
#1713 = CARTESIAN_POINT('',(-1.520632937499,-0.877937835804,
    0.522916667349));
#1714 = CARTESIAN_POINT('',(-1.5206329375,0.,0.481250000682));
#1715 = CARTESIAN_POINT('',(-1.5206329375,0.877937835804,0.439583334016)
  );
#1716 = CARTESIAN_POINT('',(-0.76031646875,1.316906753706,0.397916667349
    ));
#1717 = CARTESIAN_POINT('',(-1.075163760468E-16,1.755875671608,
    0.356250000682));
#1718 = CARTESIAN_POINT('',(0.760316468749,1.316906753706,0.314583334016
    ));
#1719 = CARTESIAN_POINT('',(1.520632937499,0.877937835804,0.272916667349
    ));
#1720 = CARTESIAN_POINT('',(1.5206329375,1.862238259587E-16,
    0.231250000682));
#1721 = CARTESIAN_POINT('',(1.5206329375,-0.877937835804,0.189583334016)
  );
#1722 = CARTESIAN_POINT('',(0.76031646875,-1.316906753706,0.147916667349
    ));
#1723 = CARTESIAN_POINT('',(3.225491281404E-16,-1.755875671608,
    0.106250000682));
#1724 = CARTESIAN_POINT('',(-0.760316468749,-1.316906753706,
    6.4583334016E-02));
#1725 = CARTESIAN_POINT('',(-1.520632937499,-0.877937835804,
    2.2916667349E-02));
#1726 = CARTESIAN_POINT('',(-1.5206329375,0.,-1.8749999317E-02));
#1727 = CARTESIAN_POINT('',(-1.5206329375,0.877937835804,
    -6.0416665983E-02));
#1728 = CARTESIAN_POINT('',(-0.76031646875,1.316906753706,-0.10208333265
    ));
#1729 = CARTESIAN_POINT('',(-1.075163760468E-16,1.755875671608,
    -0.143749999317));
#1730 = CARTESIAN_POINT('',(0.760316468749,1.316906753706,
    -0.185416665983));
#1731 = CARTESIAN_POINT('',(1.520632937499,0.877937835804,-0.22708333265
    ));
#1732 = CARTESIAN_POINT('',(1.5206329375,1.862238259587E-16,
    -0.268749999317));
#1733 = CARTESIAN_POINT('',(1.5206329375,-0.877937835804,-0.310416665983
    ));
#1734 = CARTESIAN_POINT('',(0.76031646875,-1.316906753706,-0.35208333265
    ));
#1735 = CARTESIAN_POINT('',(3.225491281404E-16,-1.755875671608,
    -0.393749999317));
#1736 = CARTESIAN_POINT('',(-0.760316468749,-1.316906753706,
    -0.435416665983));
#1737 = CARTESIAN_POINT('',(-1.520632937499,-0.877937835804,
    -0.47708333265));
#1738 = CARTESIAN_POINT('',(-1.5206329375,0.,-0.518749999317));
#1739 = CARTESIAN_POINT('',(-1.5206329375,0.877937835804,-0.560416665983
    ));
#1740 = CARTESIAN_POINT('',(-0.76031646875,1.316906753706,-0.60208333265
    ));
#1741 = CARTESIAN_POINT('',(-1.075163760468E-16,1.755875671608,
    -0.643749999317));
#1742 = CARTESIAN_POINT('',(0.760316468749,1.316906753706,
    -0.685416665983));
#1743 = CARTESIAN_POINT('',(1.520632937499,0.877937835804,-0.72708333265
    ));
#1744 = CARTESIAN_POINT('',(1.5206329375,1.862238259587E-16,
    -0.768749999317));
#1745 = CARTESIAN_POINT('',(1.5206329375,-0.877937835804,-0.810416665983
    ));
#1746 = CARTESIAN_POINT('',(0.76031646875,-1.316906753706,-0.85208333265
    ));
#1747 = CARTESIAN_POINT('',(3.225491281404E-16,-1.755875671608,
    -0.893749999317));
#1748 = CARTESIAN_POINT('',(-0.760316468749,-1.316906753706,
    -0.935416665983));
#1749 = CARTESIAN_POINT('',(-1.520632937499,-0.877937835804,
    -0.97708333265));
#1750 = CARTESIAN_POINT('',(-1.5206329375,0.,-1.018749999317));
#1751 = CARTESIAN_POINT('',(-1.5206329375,0.877937835804,-1.060416665983
    ));
#1752 = CARTESIAN_POINT('',(-0.76031646875,1.316906753706,-1.10208333265
    ));
#1753 = CARTESIAN_POINT('',(-1.075163760468E-16,1.755875671608,
    -1.143749999317));
#1754 = CARTESIAN_POINT('',(0.760316468749,1.316906753706,
    -1.185416665983));
#1755 = CARTESIAN_POINT('',(1.520632937499,0.877937835804,-1.22708333265
    ));
#1756 = CARTESIAN_POINT('',(1.5206329375,1.862238259587E-16,
    -1.268749999317));
#1757 = CARTESIAN_POINT('',(1.5206329375,-0.877937835804,-1.310416665983
    ));
#1758 = CARTESIAN_POINT('',(0.76031646875,-1.316906753706,-1.35208333265
    ));
#1759 = CARTESIAN_POINT('',(3.225491281404E-16,-1.755875671608,
    -1.393749999317));
#1760 = CARTESIAN_POINT('',(-0.760316468749,-1.316906753706,
    -1.435416665983));
#1761 = CARTESIAN_POINT('',(-1.520632937499,-0.877937835804,
    -1.47708333265));
#1762 = CARTESIAN_POINT('',(-1.5206329375,0.,-1.518749999317));
#1763 = CARTESIAN_POINT('',(-1.5206329375,0.11423578059,-1.52417159524)
  );
#1764 = CARTESIAN_POINT('',(-1.503565598309,0.227189397178,-1.53));
#1765 = ORIENTED_EDGE('',*,*,#127,.F.);
#1766 = ORIENTED_EDGE('',*,*,#1767,.F.);
#1767 = EDGE_CURVE('',#306,#117,#1768,.T.);
#1768 = ( BOUNDED_CURVE() B_SPLINE_CURVE(2,(#1769,#1770,#1771,#1772,
    #1773,#1774,#1775,#1776,#1777,#1778,#1779,#1780,#1781,#1782,#1783,
    #1784,#1785,#1786,#1787,#1788,#1789,#1790,#1791,#1792,#1793,#1794,
    #1795,#1796,#1797,#1798,#1799,#1800,#1801,#1802,#1803,#1804,#1805,
    #1806,#1807,#1808,#1809,#1810,#1811,#1812,#1813,#1814,#1815,#1816,
    #1817,#1818,#1819,#1820,#1821,#1822,#1823,#1824,#1825,#1826,#1827,
    #1828,#1829,#1830,#1831,#1832,#1833,#1834,#1835,#1836,#1837,#1838,
    #1839,#1840,#1841,#1842,#1843,#1844,#1845,#1846,#1847,#1848,#1849,
    #1850,#1851,#1852,#1853,#1854,#1855,#1856,#1857,#1858,#1859,#1860,
    #1861,#1862,#1863,#1864,#1865,#1866,#1867,#1868,#1869,#1870,#1871,
    #1872,#1873,#1874,#1875,#1876,#1877,#1878,#1879,#1880,#1881,#1882,
    #1883,#1884,#1885,#1886,#1887,#1888,#1889,#1890,#1891,#1892,#1893,
    #1894,#1895,#1896,#1897,#1898,#1899,#1900,#1901,#1902,#1903,#1904,
    #1905,#1906,#1907,#1908,#1909,#1910,#1911,#1912,#1913,#1914,#1915,
    #1916,#1917,#1918,#1919,#1920,#1921,#1922,#1923,#1924,#1925,#1926,
    #1927,#1928,#1929,#1930,#1931,#1932,#1933,#1934,#1935,#1936,#1937),
.UNSPECIFIED.,.F.,.F.) B_SPLINE_CURVE_WITH_KNOTS((3,2,2,2,2,2,2,2,2,2,2,
    2,2,2,2,2,2,2,2,2,2,2,2,2,2,2,2,2,2,2,2,2,2,2,2,2,2,2,2,2,2,2,2,2,2,
    2,2,2,2,2,2,2,2,2,2,2,2,2,2,2,2,2,2,2,2,2,2,2,2,2,2,2,2,2,2,2,2,2,2,
    2,2,2,2,2,3),(6.4272118536E-02,6.6666666666E-02,7.4999999999E-02,
    8.3333333333E-02,9.1666666666E-02,0.1,0.108333333333,0.116666666666,
    0.125,0.133333333333,0.141666666666,0.149999999999,0.158333333333,
    0.166666666666,0.174999999999,0.183333333333,0.191666666666,0.2,
    0.208333333333,0.216666666666,0.225,0.233333333333,0.241666666666,
    0.25,0.258333333333,0.266666666666,0.275,0.283333333333,
    0.291666666666,0.299999999999,0.308333333333,0.316666666666,0.325,
    0.333333333333,0.341666666666,0.349999999999,0.358333333333,
    0.366666666666,0.375,0.383333333333,0.391666666666,0.4,
    0.408333333333,0.416666666666,0.424999999999,0.433333333333,
    0.441666666666,0.45,0.458333333333,0.466666666666,0.475,
    0.483333333333,0.491666666666,0.5,0.508333333333,0.516666666666,
    0.525,0.533333333333,0.541666666666,0.55,0.558333333333,
    0.566666666666,0.574999999999,0.583333333333,0.591666666666,0.6,
    0.608333333333,0.616666666666,0.625,0.633333333333,0.641666666666,
    0.65,0.658333333333,0.666666666666,0.675,0.683333333333,
    0.691666666666,0.699999999999,0.708333333333,0.716666666666,0.725,
    0.733333333333,0.741666666666,0.75,0.757280078723),.UNSPECIFIED.) 
CURVE() GEOMETRIC_REPRESENTATION_ITEM() RATIONAL_B_SPLINE_CURVE((
    0.945129851815,0.96150296574,1.,0.866025403784,1.,0.866025403784,1.,
    0.866025403784,1.,0.866025403784,1.,0.866025403784,1.,0.866025403784
    ,1.,0.866025403784,1.,0.866025403784,1.,0.866025403784,1.,
    0.866025403784,1.,0.866025403784,1.,0.866025403784,1.,0.866025403784
    ,1.,0.866025403784,1.,0.866025403784,1.,0.866025403784,1.,
    0.866025403784,1.,0.866025403784,1.,0.866025403784,1.,0.866025403784
    ,1.,0.866025403784,1.,0.866025403784,1.,0.866025403784,1.,
    0.866025403784,1.,0.866025403784,1.,0.866025403784,1.,0.866025403784
    ,1.,0.866025403784,1.,0.866025403784,1.,0.866025403784,1.,
    0.866025403784,1.,0.866025403784,1.,0.866025403784,1.,0.866025403784
    ,1.,0.866025403784,1.,0.866025403784,1.,0.866025403784,1.,
    0.866025403784,1.,0.866025403784,1.,0.866025403784,1.,0.866025403784
    ,1.,0.866025403784,1.,0.866025403784,1.,0.866025403784,1.,
    0.866025403784,1.,0.866025403784,1.,0.866025403784,1.,0.866025403784
    ,1.,0.866025403784,1.,0.866025403784,1.,0.866025403784,1.,
    0.866025403784,1.,0.866025403784,1.,0.866025403784,1.,0.866025403784
    ,1.,0.866025403784,1.,0.866025403784,1.,0.866025403784,1.,
    0.866025403784,1.,0.866025403784,1.,0.866025403784,1.,0.866025403784
    ,1.,0.866025403784,1.,0.866025403784,1.,0.866025403784,1.,
    0.866025403784,1.,0.866025403784,1.,0.866025403784,1.,0.866025403784
    ,1.,0.866025403784,1.,0.866025403784,1.,0.866025403784,1.,
    0.866025403784,1.,0.866025403784,1.,0.866025403784,1.,0.866025403784
    ,1.,0.866025403784,1.,0.866025403784,1.,0.866025403784,1.,
    0.866025403784,1.,0.866025403784,1.,0.866025403784,1.,0.882958527108
,0.970414126998)) REPRESENTATION_ITEM('') );
#1769 = CARTESIAN_POINT('',(0.342142423396,1.481642025835,5.4));
#1770 = CARTESIAN_POINT('',(0.563537256403,1.430517284925,5.387867177566
    ));
#1771 = CARTESIAN_POINT('',(0.760316468749,1.316906753706,5.377083334016
    ));
#1772 = CARTESIAN_POINT('',(1.520632937499,0.877937835804,5.335416667349
    ));
#1773 = CARTESIAN_POINT('',(1.5206329375,1.862238259587E-16,
    5.293750000682));
#1774 = CARTESIAN_POINT('',(1.5206329375,-0.877937835804,5.252083334016)
  );
#1775 = CARTESIAN_POINT('',(0.76031646875,-1.316906753706,5.210416667349
    ));
#1776 = CARTESIAN_POINT('',(3.225491281404E-16,-1.755875671608,
    5.168750000682));
#1777 = CARTESIAN_POINT('',(-0.760316468749,-1.316906753706,
    5.127083334016));
#1778 = CARTESIAN_POINT('',(-1.520632937499,-0.877937835804,
    5.085416667349));
#1779 = CARTESIAN_POINT('',(-1.5206329375,0.,5.043750000682));
#1780 = CARTESIAN_POINT('',(-1.5206329375,0.877937835804,5.002083334016)
  );
#1781 = CARTESIAN_POINT('',(-0.76031646875,1.316906753706,4.960416667349
    ));
#1782 = CARTESIAN_POINT('',(-1.075163760468E-16,1.755875671608,
    4.918750000682));
#1783 = CARTESIAN_POINT('',(0.760316468749,1.316906753706,4.877083334016
    ));
#1784 = CARTESIAN_POINT('',(1.520632937499,0.877937835804,4.835416667349
    ));
#1785 = CARTESIAN_POINT('',(1.5206329375,1.862238259587E-16,
    4.793750000682));
#1786 = CARTESIAN_POINT('',(1.5206329375,-0.877937835804,4.752083334016)
  );
#1787 = CARTESIAN_POINT('',(0.76031646875,-1.316906753706,4.710416667349
    ));
#1788 = CARTESIAN_POINT('',(3.225491281404E-16,-1.755875671608,
    4.668750000682));
#1789 = CARTESIAN_POINT('',(-0.760316468749,-1.316906753706,
    4.627083334016));
#1790 = CARTESIAN_POINT('',(-1.520632937499,-0.877937835804,
    4.585416667349));
#1791 = CARTESIAN_POINT('',(-1.5206329375,0.,4.543750000682));
#1792 = CARTESIAN_POINT('',(-1.5206329375,0.877937835804,4.502083334016)
  );
#1793 = CARTESIAN_POINT('',(-0.76031646875,1.316906753706,4.460416667349
    ));
#1794 = CARTESIAN_POINT('',(-1.075163760468E-16,1.755875671608,
    4.418750000682));
#1795 = CARTESIAN_POINT('',(0.760316468749,1.316906753706,4.377083334016
    ));
#1796 = CARTESIAN_POINT('',(1.520632937499,0.877937835804,4.335416667349
    ));
#1797 = CARTESIAN_POINT('',(1.5206329375,1.862238259587E-16,
    4.293750000682));
#1798 = CARTESIAN_POINT('',(1.5206329375,-0.877937835804,4.252083334016)
  );
#1799 = CARTESIAN_POINT('',(0.76031646875,-1.316906753706,4.210416667349
    ));
#1800 = CARTESIAN_POINT('',(3.225491281404E-16,-1.755875671608,
    4.168750000682));
#1801 = CARTESIAN_POINT('',(-0.760316468749,-1.316906753706,
    4.127083334016));
#1802 = CARTESIAN_POINT('',(-1.520632937499,-0.877937835804,
    4.085416667349));
#1803 = CARTESIAN_POINT('',(-1.5206329375,0.,4.043750000682));
#1804 = CARTESIAN_POINT('',(-1.5206329375,0.877937835804,4.002083334016)
  );
#1805 = CARTESIAN_POINT('',(-0.76031646875,1.316906753706,3.960416667349
    ));
#1806 = CARTESIAN_POINT('',(-1.075163760468E-16,1.755875671608,
    3.918750000682));
#1807 = CARTESIAN_POINT('',(0.760316468749,1.316906753706,3.877083334016
    ));
#1808 = CARTESIAN_POINT('',(1.520632937499,0.877937835804,3.835416667349
    ));
#1809 = CARTESIAN_POINT('',(1.5206329375,1.862238259587E-16,
    3.793750000682));
#1810 = CARTESIAN_POINT('',(1.5206329375,-0.877937835804,3.752083334016)
  );
#1811 = CARTESIAN_POINT('',(0.76031646875,-1.316906753706,3.710416667349
    ));
#1812 = CARTESIAN_POINT('',(3.225491281404E-16,-1.755875671608,
    3.668750000682));
#1813 = CARTESIAN_POINT('',(-0.760316468749,-1.316906753706,
    3.627083334016));
#1814 = CARTESIAN_POINT('',(-1.520632937499,-0.877937835804,
    3.585416667349));
#1815 = CARTESIAN_POINT('',(-1.5206329375,0.,3.543750000682));
#1816 = CARTESIAN_POINT('',(-1.5206329375,0.877937835804,3.502083334016)
  );
#1817 = CARTESIAN_POINT('',(-0.76031646875,1.316906753706,3.460416667349
    ));
#1818 = CARTESIAN_POINT('',(-1.075163760468E-16,1.755875671608,
    3.418750000682));
#1819 = CARTESIAN_POINT('',(0.760316468749,1.316906753706,3.377083334016
    ));
#1820 = CARTESIAN_POINT('',(1.520632937499,0.877937835804,3.335416667349
    ));
#1821 = CARTESIAN_POINT('',(1.5206329375,1.862238259587E-16,
    3.293750000682));
#1822 = CARTESIAN_POINT('',(1.5206329375,-0.877937835804,3.252083334016)
  );
#1823 = CARTESIAN_POINT('',(0.76031646875,-1.316906753706,3.210416667349
    ));
#1824 = CARTESIAN_POINT('',(3.225491281404E-16,-1.755875671608,
    3.168750000682));
#1825 = CARTESIAN_POINT('',(-0.760316468749,-1.316906753706,
    3.127083334016));
#1826 = CARTESIAN_POINT('',(-1.520632937499,-0.877937835804,
    3.085416667349));
#1827 = CARTESIAN_POINT('',(-1.5206329375,0.,3.043750000682));
#1828 = CARTESIAN_POINT('',(-1.5206329375,0.877937835804,3.002083334016)
  );
#1829 = CARTESIAN_POINT('',(-0.76031646875,1.316906753706,2.960416667349
    ));
#1830 = CARTESIAN_POINT('',(-1.075163760468E-16,1.755875671608,
    2.918750000682));
#1831 = CARTESIAN_POINT('',(0.760316468749,1.316906753706,2.877083334016
    ));
#1832 = CARTESIAN_POINT('',(1.520632937499,0.877937835804,2.835416667349
    ));
#1833 = CARTESIAN_POINT('',(1.5206329375,1.862238259587E-16,
    2.793750000682));
#1834 = CARTESIAN_POINT('',(1.5206329375,-0.877937835804,2.752083334016)
  );
#1835 = CARTESIAN_POINT('',(0.76031646875,-1.316906753706,2.710416667349
    ));
#1836 = CARTESIAN_POINT('',(3.225491281404E-16,-1.755875671608,
    2.668750000682));
#1837 = CARTESIAN_POINT('',(-0.760316468749,-1.316906753706,
    2.627083334016));
#1838 = CARTESIAN_POINT('',(-1.520632937499,-0.877937835804,
    2.585416667349));
#1839 = CARTESIAN_POINT('',(-1.5206329375,0.,2.543750000682));
#1840 = CARTESIAN_POINT('',(-1.5206329375,0.877937835804,2.502083334016)
  );
#1841 = CARTESIAN_POINT('',(-0.76031646875,1.316906753706,2.460416667349
    ));
#1842 = CARTESIAN_POINT('',(-1.075163760468E-16,1.755875671608,
    2.418750000682));
#1843 = CARTESIAN_POINT('',(0.760316468749,1.316906753706,2.377083334016
    ));
#1844 = CARTESIAN_POINT('',(1.520632937499,0.877937835804,2.335416667349
    ));
#1845 = CARTESIAN_POINT('',(1.5206329375,1.862238259587E-16,
    2.293750000682));
#1846 = CARTESIAN_POINT('',(1.5206329375,-0.877937835804,2.252083334016)
  );
#1847 = CARTESIAN_POINT('',(0.76031646875,-1.316906753706,2.210416667349
    ));
#1848 = CARTESIAN_POINT('',(3.225491281404E-16,-1.755875671608,
    2.168750000682));
#1849 = CARTESIAN_POINT('',(-0.760316468749,-1.316906753706,
    2.127083334016));
#1850 = CARTESIAN_POINT('',(-1.520632937499,-0.877937835804,
    2.085416667349));
#1851 = CARTESIAN_POINT('',(-1.5206329375,0.,2.043750000682));
#1852 = CARTESIAN_POINT('',(-1.5206329375,0.877937835804,2.002083334016)
  );
#1853 = CARTESIAN_POINT('',(-0.76031646875,1.316906753706,1.960416667349
    ));
#1854 = CARTESIAN_POINT('',(-1.075163760468E-16,1.755875671608,
    1.918750000682));
#1855 = CARTESIAN_POINT('',(0.760316468749,1.316906753706,1.877083334016
    ));
#1856 = CARTESIAN_POINT('',(1.520632937499,0.877937835804,1.835416667349
    ));
#1857 = CARTESIAN_POINT('',(1.5206329375,1.862238259587E-16,
    1.793750000682));
#1858 = CARTESIAN_POINT('',(1.5206329375,-0.877937835804,1.752083334016)
  );
#1859 = CARTESIAN_POINT('',(0.76031646875,-1.316906753706,1.710416667349
    ));
#1860 = CARTESIAN_POINT('',(3.225491281404E-16,-1.755875671608,
    1.668750000682));
#1861 = CARTESIAN_POINT('',(-0.760316468749,-1.316906753706,
    1.627083334016));
#1862 = CARTESIAN_POINT('',(-1.520632937499,-0.877937835804,
    1.585416667349));
#1863 = CARTESIAN_POINT('',(-1.5206329375,0.,1.543750000682));
#1864 = CARTESIAN_POINT('',(-1.5206329375,0.877937835804,1.502083334016)
  );
#1865 = CARTESIAN_POINT('',(-0.76031646875,1.316906753706,1.460416667349
    ));
#1866 = CARTESIAN_POINT('',(-1.075163760468E-16,1.755875671608,
    1.418750000682));
#1867 = CARTESIAN_POINT('',(0.760316468749,1.316906753706,1.377083334016
    ));
#1868 = CARTESIAN_POINT('',(1.520632937499,0.877937835804,1.335416667349
    ));
#1869 = CARTESIAN_POINT('',(1.5206329375,1.862238259587E-16,
    1.293750000682));
#1870 = CARTESIAN_POINT('',(1.5206329375,-0.877937835804,1.252083334016)
  );
#1871 = CARTESIAN_POINT('',(0.76031646875,-1.316906753706,1.210416667349
    ));
#1872 = CARTESIAN_POINT('',(3.225491281404E-16,-1.755875671608,
    1.168750000682));
#1873 = CARTESIAN_POINT('',(-0.760316468749,-1.316906753706,
    1.127083334016));
#1874 = CARTESIAN_POINT('',(-1.520632937499,-0.877937835804,
    1.085416667349));
#1875 = CARTESIAN_POINT('',(-1.5206329375,0.,1.043750000682));
#1876 = CARTESIAN_POINT('',(-1.5206329375,0.877937835804,1.002083334016)
  );
#1877 = CARTESIAN_POINT('',(-0.76031646875,1.316906753706,0.960416667349
    ));
#1878 = CARTESIAN_POINT('',(-1.075163760468E-16,1.755875671608,
    0.918750000682));
#1879 = CARTESIAN_POINT('',(0.760316468749,1.316906753706,0.877083334016
    ));
#1880 = CARTESIAN_POINT('',(1.520632937499,0.877937835804,0.835416667349
    ));
#1881 = CARTESIAN_POINT('',(1.5206329375,1.862238259587E-16,
    0.793750000682));
#1882 = CARTESIAN_POINT('',(1.5206329375,-0.877937835804,0.752083334016)
  );
#1883 = CARTESIAN_POINT('',(0.76031646875,-1.316906753706,0.710416667349
    ));
#1884 = CARTESIAN_POINT('',(3.225491281404E-16,-1.755875671608,
    0.668750000682));
#1885 = CARTESIAN_POINT('',(-0.760316468749,-1.316906753706,
    0.627083334016));
#1886 = CARTESIAN_POINT('',(-1.520632937499,-0.877937835804,
    0.585416667349));
#1887 = CARTESIAN_POINT('',(-1.5206329375,0.,0.543750000682));
#1888 = CARTESIAN_POINT('',(-1.5206329375,0.877937835804,0.502083334016)
  );
#1889 = CARTESIAN_POINT('',(-0.76031646875,1.316906753706,0.460416667349
    ));
#1890 = CARTESIAN_POINT('',(-1.075163760468E-16,1.755875671608,
    0.418750000682));
#1891 = CARTESIAN_POINT('',(0.760316468749,1.316906753706,0.377083334016
    ));
#1892 = CARTESIAN_POINT('',(1.520632937499,0.877937835804,0.335416667349
    ));
#1893 = CARTESIAN_POINT('',(1.5206329375,1.862238259587E-16,
    0.293750000682));
#1894 = CARTESIAN_POINT('',(1.5206329375,-0.877937835804,0.252083334016)
  );
#1895 = CARTESIAN_POINT('',(0.76031646875,-1.316906753706,0.210416667349
    ));
#1896 = CARTESIAN_POINT('',(3.225491281404E-16,-1.755875671608,
    0.168750000682));
#1897 = CARTESIAN_POINT('',(-0.760316468749,-1.316906753706,
    0.127083334016));
#1898 = CARTESIAN_POINT('',(-1.520632937499,-0.877937835804,
    8.5416667349E-02));
#1899 = CARTESIAN_POINT('',(-1.5206329375,0.,4.3750000682E-02));
#1900 = CARTESIAN_POINT('',(-1.5206329375,0.877937835804,2.083334016E-03
    ));
#1901 = CARTESIAN_POINT('',(-0.76031646875,1.316906753706,
    -3.958333265E-02));
#1902 = CARTESIAN_POINT('',(-1.075163760468E-16,1.755875671608,
    -8.1249999317E-02));
#1903 = CARTESIAN_POINT('',(0.760316468749,1.316906753706,
    -0.122916665983));
#1904 = CARTESIAN_POINT('',(1.520632937499,0.877937835804,-0.16458333265
    ));
#1905 = CARTESIAN_POINT('',(1.5206329375,1.862238259587E-16,
    -0.206249999317));
#1906 = CARTESIAN_POINT('',(1.5206329375,-0.877937835804,-0.247916665983
    ));
#1907 = CARTESIAN_POINT('',(0.76031646875,-1.316906753706,-0.28958333265
    ));
#1908 = CARTESIAN_POINT('',(3.225491281404E-16,-1.755875671608,
    -0.331249999317));
#1909 = CARTESIAN_POINT('',(-0.760316468749,-1.316906753706,
    -0.372916665983));
#1910 = CARTESIAN_POINT('',(-1.520632937499,-0.877937835804,
    -0.41458333265));
#1911 = CARTESIAN_POINT('',(-1.5206329375,0.,-0.456249999317));
#1912 = CARTESIAN_POINT('',(-1.5206329375,0.877937835804,-0.497916665983
    ));
#1913 = CARTESIAN_POINT('',(-0.76031646875,1.316906753706,-0.53958333265
    ));
#1914 = CARTESIAN_POINT('',(-1.075163760468E-16,1.755875671608,
    -0.581249999317));
#1915 = CARTESIAN_POINT('',(0.760316468749,1.316906753706,
    -0.622916665983));
#1916 = CARTESIAN_POINT('',(1.520632937499,0.877937835804,-0.66458333265
    ));
#1917 = CARTESIAN_POINT('',(1.5206329375,1.862238259587E-16,
    -0.706249999317));
#1918 = CARTESIAN_POINT('',(1.5206329375,-0.877937835804,-0.747916665983
    ));
#1919 = CARTESIAN_POINT('',(0.76031646875,-1.316906753706,-0.78958333265
    ));
#1920 = CARTESIAN_POINT('',(3.225491281404E-16,-1.755875671608,
    -0.831249999317));
#1921 = CARTESIAN_POINT('',(-0.760316468749,-1.316906753706,
    -0.872916665983));
#1922 = CARTESIAN_POINT('',(-1.520632937499,-0.877937835804,
    -0.91458333265));
#1923 = CARTESIAN_POINT('',(-1.5206329375,0.,-0.956249999317));
#1924 = CARTESIAN_POINT('',(-1.5206329375,0.877937835804,-0.997916665983
    ));
#1925 = CARTESIAN_POINT('',(-0.76031646875,1.316906753706,-1.03958333265
    ));
#1926 = CARTESIAN_POINT('',(-1.075163760468E-16,1.755875671608,
    -1.081249999317));
#1927 = CARTESIAN_POINT('',(0.760316468749,1.316906753706,
    -1.122916665983));
#1928 = CARTESIAN_POINT('',(1.520632937499,0.877937835804,-1.16458333265
    ));
#1929 = CARTESIAN_POINT('',(1.5206329375,1.862238259587E-16,
    -1.206249999317));
#1930 = CARTESIAN_POINT('',(1.5206329375,-0.877937835804,-1.247916665983
    ));
#1931 = CARTESIAN_POINT('',(0.76031646875,-1.316906753706,-1.28958333265
    ));
#1932 = CARTESIAN_POINT('',(3.225491281404E-16,-1.755875671608,
    -1.331249999317));
#1933 = CARTESIAN_POINT('',(-0.760316468749,-1.316906753706,
    -1.372916665983));
#1934 = CARTESIAN_POINT('',(-1.520632937499,-0.877937835804,
    -1.41458333265));
#1935 = CARTESIAN_POINT('',(-1.5206329375,0.,-1.456249999317));
#1936 = CARTESIAN_POINT('',(-1.520632937499,0.752265966406,
    -1.491952316712));
#1937 = CARTESIAN_POINT('',(-0.922673216379,1.208717777806,-1.53));
#1938 = ORIENTED_EDGE('',*,*,#303,.F.);
#1939 = ( BOUNDED_SURFACE() B_SPLINE_SURFACE(1,2,(
    (#1940,#1941,#1942,#1943,#1944,#1945,#1946,#1947,#1948,#1949,#1950
      ,#1951,#1952,#1953,#1954,#1955,#1956,#1957,#1958,#1959,#1960,#1961
      ,#1962,#1963,#1964,#1965,#1966,#1967,#1968,#1969,#1970,#1971,#1972
      ,#1973,#1974,#1975,#1976,#1977,#1978,#1979,#1980,#1981,#1982,#1983
      ,#1984,#1985,#1986,#1987,#1988,#1989,#1990,#1991,#1992,#1993,#1994
      ,#1995,#1996,#1997,#1998,#1999,#2000,#2001,#2002,#2003,#2004,#2005
      ,#2006,#2007,#2008,#2009,#2010,#2011,#2012,#2013,#2014,#2015,#2016
      ,#2017,#2018,#2019,#2020,#2021,#2022,#2023,#2024,#2025,#2026,#2027
      ,#2028,#2029,#2030,#2031,#2032,#2033,#2034,#2035,#2036,#2037,#2038
      ,#2039,#2040,#2041,#2042,#2043,#2044,#2045,#2046,#2047,#2048,#2049
      ,#2050,#2051,#2052,#2053,#2054,#2055,#2056,#2057,#2058,#2059,#2060
      ,#2061,#2062,#2063,#2064,#2065,#2066,#2067,#2068,#2069,#2070,#2071
      ,#2072,#2073,#2074,#2075,#2076,#2077,#2078,#2079,#2080,#2081,#2082
      ,#2083,#2084,#2085,#2086,#2087,#2088,#2089,#2090,#2091,#2092,#2093
      ,#2094,#2095,#2096,#2097,#2098,#2099,#2100,#2101,#2102,#2103,#2104
      ,#2105,#2106,#2107,#2108,#2109,#2110,#2111,#2112,#2113,#2114,#2115
      ,#2116,#2117,#2118,#2119,#2120,#2121,#2122,#2123,#2124,#2125,#2126
      ,#2127,#2128,#2129,#2130,#2131,#2132,#2133,#2134,#2135,#2136,#2137
      ,#2138,#2139,#2140,#2141,#2142,#2143,#2144,#2145,#2146,#2147,#2148
      ,#2149,#2150,#2151,#2152,#2153,#2154,#2155,#2156,#2157,#2158,#2159
      ,#2160,#2161,#2162,#2163,#2164,#2165,#2166,#2167,#2168,#2169,#2170
      ,#2171,#2172,#2173,#2174,#2175,#2176,#2177,#2178,#2179,#2180)
    ,(#2181,#2182,#2183,#2184,#2185,#2186,#2187,#2188,#2189,#2190,#2191
      ,#2192,#2193,#2194,#2195,#2196,#2197,#2198,#2199,#2200,#2201,#2202
      ,#2203,#2204,#2205,#2206,#2207,#2208,#2209,#2210,#2211,#2212,#2213
      ,#2214,#2215,#2216,#2217,#2218,#2219,#2220,#2221,#2222,#2223,#2224
      ,#2225,#2226,#2227,#2228,#2229,#2230,#2231,#2232,#2233,#2234,#2235
      ,#2236,#2237,#2238,#2239,#2240,#2241,#2242,#2243,#2244,#2245,#2246
      ,#2247,#2248,#2249,#2250,#2251,#2252,#2253,#2254,#2255,#2256,#2257
      ,#2258,#2259,#2260,#2261,#2262,#2263,#2264,#2265,#2266,#2267,#2268
      ,#2269,#2270,#2271,#2272,#2273,#2274,#2275,#2276,#2277,#2278,#2279
      ,#2280,#2281,#2282,#2283,#2284,#2285,#2286,#2287,#2288,#2289,#2290
      ,#2291,#2292,#2293,#2294,#2295,#2296,#2297,#2298,#2299,#2300,#2301
      ,#2302,#2303,#2304,#2305,#2306,#2307,#2308,#2309,#2310,#2311,#2312
      ,#2313,#2314,#2315,#2316,#2317,#2318,#2319,#2320,#2321,#2322,#2323
      ,#2324,#2325,#2326,#2327,#2328,#2329,#2330,#2331,#2332,#2333,#2334
      ,#2335,#2336,#2337,#2338,#2339,#2340,#2341,#2342,#2343,#2344,#2345
      ,#2346,#2347,#2348,#2349,#2350,#2351,#2352,#2353,#2354,#2355,#2356
      ,#2357,#2358,#2359,#2360,#2361,#2362,#2363,#2364,#2365,#2366,#2367
      ,#2368,#2369,#2370,#2371,#2372,#2373,#2374,#2375,#2376,#2377,#2378
      ,#2379,#2380,#2381,#2382,#2383,#2384,#2385,#2386,#2387,#2388,#2389
      ,#2390,#2391,#2392,#2393,#2394,#2395,#2396,#2397,#2398,#2399,#2400
      ,#2401,#2402,#2403,#2404,#2405,#2406,#2407,#2408,#2409,#2410,#2411
      ,#2412,#2413,#2414,#2415,#2416,#2417,#2418,#2419,#2420,#2421
)),.UNSPECIFIED.,.F.,.F.,.F.) B_SPLINE_SURFACE_WITH_KNOTS((2,2),(3,2,2,2
    ,2,2,2,2,2,2,2,2,2,2,2,2,2,2,2,2,2,2,2,2,2,2,2,2,2,2,2,2,2,2,2,2,2,2
    ,2,2,2,2,2,2,2,2,2,2,2,2,2,2,2,2,2,2,2,2,2,2,2,2,2,2,2,2,2,2,2,2,2,2
    ,2,2,2,2,2,2,2,2,2,2,2,2,2,2,2,2,2,2,2,2,2,2,2,2,2,2,2,2,2,2,2,2,2,2
    ,2,2,2,2,2,2,2,2,2,2,2,2,2,2,3),(0.,1.),(0.,8.333333333E-03,
    1.6666666666E-02,2.5E-02,3.3333333333E-02,4.1666666666E-02,5.E-02,
    5.8333333333E-02,6.6666666666E-02,7.4999999999E-02,8.3333333333E-02,
    9.1666666666E-02,0.1,0.108333333333,0.116666666666,0.125,
    0.133333333333,0.141666666666,0.149999999999,0.158333333333,
    0.166666666666,0.174999999999,0.183333333333,0.191666666666,0.2,
    0.208333333333,0.216666666666,0.225,0.233333333333,0.241666666666,
    0.25,0.258333333333,0.266666666666,0.275,0.283333333333,
    0.291666666666,0.299999999999,0.308333333333,0.316666666666,0.325,
    0.333333333333,0.341666666666,0.349999999999,0.358333333333,
    0.366666666666,0.375,0.383333333333,0.391666666666,0.4,
    0.408333333333,0.416666666666,0.424999999999,0.433333333333,
    0.441666666666,0.45,0.458333333333,0.466666666666,0.474999999999,
    0.483333333333,0.491666666666,0.5,0.508333333333,0.516666666666,
    0.525,0.533333333333,0.541666666666,0.55,0.558333333333,
    0.566666666666,0.574999999999,0.583333333333,0.591666666666,
    0.599999999999,0.608333333333,0.616666666666,0.625,0.633333333333,
    0.641666666666,0.65,0.658333333333,0.666666666666,0.675,
    0.683333333333,0.691666666666,0.699999999999,0.708333333333,
    0.716666666666,0.724999999999,0.733333333333,0.741666666666,0.75,
    0.758333333333,0.766666666666,0.775,0.783333333333,0.791666666666,
    0.8,0.808333333333,0.816666666666,0.824999999999,0.833333333333,
    0.841666666666,0.849999999999,0.858333333333,0.866666666666,0.875,
    0.883333333333,0.891666666666,0.9,0.908333333333,0.916666666666,
    0.925,0.933333333333,0.941666666666,0.949999999999,0.958333333333,
    0.966666666666,0.974999999999,0.983333333333,0.991666666666,1.),
.UNSPECIFIED.) GEOMETRIC_REPRESENTATION_ITEM() RATIONAL_B_SPLINE_SURFACE
((
    (1.,0.866025403784,1.,0.866025403784,1.,0.866025403784,1.
      ,0.866025403784,1.,0.866025403784,1.,0.866025403784,1.
      ,0.866025403784,1.,0.866025403784,1.,0.866025403784,1.
      ,0.866025403784,1.,0.866025403784,1.,0.866025403784,1.
      ,0.866025403784,1.,0.866025403784,1.,0.866025403784,1.
      ,0.866025403784,1.,0.866025403784,1.,0.866025403784,1.
      ,0.866025403784,1.,0.866025403784,1.,0.866025403784,1.
      ,0.866025403784,1.,0.866025403784,1.,0.866025403784,1.
      ,0.866025403784,1.,0.866025403784,1.,0.866025403784,1.
      ,0.866025403784,1.,0.866025403784,1.,0.866025403784,1.
      ,0.866025403784,1.,0.866025403784,1.,0.866025403784,1.
      ,0.866025403784,1.,0.866025403784,1.,0.866025403784,1.
      ,0.866025403784,1.,0.866025403784,1.,0.866025403784,1.
      ,0.866025403784,1.,0.866025403784,1.,0.866025403784,1.
      ,0.866025403784,1.,0.866025403784,1.,0.866025403784,1.
      ,0.866025403784,1.,0.866025403784,1.,0.866025403784,1.
      ,0.866025403784,1.,0.866025403784,1.,0.866025403784,1.
      ,0.866025403784,1.,0.866025403784,1.,0.866025403784,1.
      ,0.866025403784,1.,0.866025403784,1.,0.866025403784,1.
      ,0.866025403784,1.,0.866025403784,1.,0.866025403784,1.
      ,0.866025403784,1.,0.866025403784,1.,0.866025403784,1.
      ,0.866025403784,1.,0.866025403784,1.,0.866025403784,1.
      ,0.866025403784,1.,0.866025403784,1.,0.866025403784,1.
      ,0.866025403784,1.,0.866025403784,1.,0.866025403784,1.
      ,0.866025403784,1.,0.866025403784,1.,0.866025403784,1.
      ,0.866025403784,1.,0.866025403784,1.,0.866025403784,1.
      ,0.866025403784,1.,0.866025403784,1.,0.866025403784,1.
      ,0.866025403784,1.,0.866025403784,1.,0.866025403784,1.
      ,0.866025403784,1.,0.866025403784,1.,0.866025403784,1.
      ,0.866025403784,1.,0.866025403784,1.,0.866025403784,1.
      ,0.866025403784,1.,0.866025403784,1.,0.866025403784,1.
      ,0.866025403784,1.,0.866025403784,1.,0.866025403784,1.
      ,0.866025403784,1.,0.866025403784,1.,0.866025403784,1.
      ,0.866025403784,1.,0.866025403784,1.,0.866025403784,1.
      ,0.866025403784,1.,0.866025403784,1.,0.866025403784,1.
      ,0.866025403784,1.,0.866025403784,1.,0.866025403784,1.
      ,0.866025403784,1.,0.866025403784,1.,0.866025403784,1.
      ,0.866025403784,1.,0.866025403784,1.,0.866025403784,1.
      ,0.866025403784,1.,0.866025403784,1.,0.866025403784,1.
      ,0.866025403784,1.,0.866025403784,1.,0.866025403784,1.)
    ,(1.,0.866025403784,1.,0.866025403784,1.,0.866025403784,1.
      ,0.866025403784,1.,0.866025403784,1.,0.866025403784,1.
      ,0.866025403784,1.,0.866025403784,1.,0.866025403784,1.
      ,0.866025403784,1.,0.866025403784,1.,0.866025403784,1.
      ,0.866025403784,1.,0.866025403784,1.,0.866025403784,1.
      ,0.866025403784,1.,0.866025403784,1.,0.866025403784,1.
      ,0.866025403784,1.,0.866025403784,1.,0.866025403784,1.
      ,0.866025403784,1.,0.866025403784,1.,0.866025403784,1.
      ,0.866025403784,1.,0.866025403784,1.,0.866025403784,1.
      ,0.866025403784,1.,0.866025403784,1.,0.866025403784,1.
      ,0.866025403784,1.,0.866025403784,1.,0.866025403784,1.
      ,0.866025403784,1.,0.866025403784,1.,0.866025403784,1.
      ,0.866025403784,1.,0.866025403784,1.,0.866025403784,1.
      ,0.866025403784,1.,0.866025403784,1.,0.866025403784,1.
      ,0.866025403784,1.,0.866025403784,1.,0.866025403784,1.
      ,0.866025403784,1.,0.866025403784,1.,0.866025403784,1.
      ,0.866025403784,1.,0.866025403784,1.,0.866025403784,1.
      ,0.866025403784,1.,0.866025403784,1.,0.866025403784,1.
      ,0.866025403784,1.,0.866025403784,1.,0.866025403784,1.
      ,0.866025403784,1.,0.866025403784,1.,0.866025403784,1.
      ,0.866025403784,1.,0.866025403784,1.,0.866025403784,1.
      ,0.866025403784,1.,0.866025403784,1.,0.866025403784,1.
      ,0.866025403784,1.,0.866025403784,1.,0.866025403784,1.
      ,0.866025403784,1.,0.866025403784,1.,0.866025403784,1.
      ,0.866025403784,1.,0.866025403784,1.,0.866025403784,1.
      ,0.866025403784,1.,0.866025403784,1.,0.866025403784,1.
      ,0.866025403784,1.,0.866025403784,1.,0.866025403784,1.
      ,0.866025403784,1.,0.866025403784,1.,0.866025403784,1.
      ,0.866025403784,1.,0.866025403784,1.,0.866025403784,1.
      ,0.866025403784,1.,0.866025403784,1.,0.866025403784,1.
      ,0.866025403784,1.,0.866025403784,1.,0.866025403784,1.
      ,0.866025403784,1.,0.866025403784,1.,0.866025403784,1.
      ,0.866025403784,1.,0.866025403784,1.,0.866025403784,1.
      ,0.866025403784,1.,0.866025403784,1.,0.866025403784,1.
      ,0.866025403784,1.,0.866025403784,1.,0.866025403784,1.
      ,0.866025403784,1.,0.866025403784,1.,0.866025403784,1.
      ,0.866025403784,1.,0.866025403784,1.,0.866025403784,1.
      ,0.866025403784,1.,0.866025403784,1.,0.866025403784,1.
      ,0.866025403784,1.,0.866025403784,1.,0.866025403784,1.
      ,0.866025403784,1.,0.866025403784,1.,0.866025403784,1.
))) REPRESENTATION_ITEM('') SURFACE() );
#1940 = CARTESIAN_POINT('',(-1.5206329375,0.,6.043750000682));
#1941 = CARTESIAN_POINT('',(-1.520632937499,0.877937835804,
    6.002083334016));
#1942 = CARTESIAN_POINT('',(-0.76031646875,1.316906753706,5.960416667349
    ));
#1943 = CARTESIAN_POINT('',(-1.075163760468E-16,1.755875671608,
    5.918750000682));
#1944 = CARTESIAN_POINT('',(0.760316468749,1.316906753706,5.877083334016
    ));
#1945 = CARTESIAN_POINT('',(1.520632937499,0.877937835804,5.835416667349
    ));
#1946 = CARTESIAN_POINT('',(1.5206329375,1.862238259587E-16,
    5.793750000682));
#1947 = CARTESIAN_POINT('',(1.5206329375,-0.877937835804,5.752083334016)
  );
#1948 = CARTESIAN_POINT('',(0.76031646875,-1.316906753706,5.710416667349
    ));
#1949 = CARTESIAN_POINT('',(3.225491281404E-16,-1.755875671608,
    5.668750000682));
#1950 = CARTESIAN_POINT('',(-0.760316468749,-1.316906753706,
    5.627083334016));
#1951 = CARTESIAN_POINT('',(-1.520632937499,-0.877937835804,
    5.585416667349));
#1952 = CARTESIAN_POINT('',(-1.5206329375,0.,5.543750000682));
#1953 = CARTESIAN_POINT('',(-1.520632937499,0.877937835804,
    5.502083334016));
#1954 = CARTESIAN_POINT('',(-0.76031646875,1.316906753706,5.460416667349
    ));
#1955 = CARTESIAN_POINT('',(-1.075163760468E-16,1.755875671608,
    5.418750000682));
#1956 = CARTESIAN_POINT('',(0.760316468749,1.316906753706,5.377083334016
    ));
#1957 = CARTESIAN_POINT('',(1.520632937499,0.877937835804,5.335416667349
    ));
#1958 = CARTESIAN_POINT('',(1.5206329375,1.862238259587E-16,
    5.293750000682));
#1959 = CARTESIAN_POINT('',(1.5206329375,-0.877937835804,5.252083334016)
  );
#1960 = CARTESIAN_POINT('',(0.76031646875,-1.316906753706,5.210416667349
    ));
#1961 = CARTESIAN_POINT('',(3.225491281404E-16,-1.755875671608,
    5.168750000682));
#1962 = CARTESIAN_POINT('',(-0.760316468749,-1.316906753706,
    5.127083334016));
#1963 = CARTESIAN_POINT('',(-1.520632937499,-0.877937835804,
    5.085416667349));
#1964 = CARTESIAN_POINT('',(-1.5206329375,0.,5.043750000682));
#1965 = CARTESIAN_POINT('',(-1.520632937499,0.877937835804,
    5.002083334016));
#1966 = CARTESIAN_POINT('',(-0.76031646875,1.316906753706,4.960416667349
    ));
#1967 = CARTESIAN_POINT('',(-1.075163760468E-16,1.755875671608,
    4.918750000682));
#1968 = CARTESIAN_POINT('',(0.760316468749,1.316906753706,4.877083334016
    ));
#1969 = CARTESIAN_POINT('',(1.520632937499,0.877937835804,4.835416667349
    ));
#1970 = CARTESIAN_POINT('',(1.5206329375,1.862238259587E-16,
    4.793750000682));
#1971 = CARTESIAN_POINT('',(1.5206329375,-0.877937835804,4.752083334016)
  );
#1972 = CARTESIAN_POINT('',(0.76031646875,-1.316906753706,4.710416667349
    ));
#1973 = CARTESIAN_POINT('',(3.225491281404E-16,-1.755875671608,
    4.668750000682));
#1974 = CARTESIAN_POINT('',(-0.760316468749,-1.316906753706,
    4.627083334016));
#1975 = CARTESIAN_POINT('',(-1.520632937499,-0.877937835804,
    4.585416667349));
#1976 = CARTESIAN_POINT('',(-1.5206329375,0.,4.543750000682));
#1977 = CARTESIAN_POINT('',(-1.520632937499,0.877937835804,
    4.502083334016));
#1978 = CARTESIAN_POINT('',(-0.76031646875,1.316906753706,4.460416667349
    ));
#1979 = CARTESIAN_POINT('',(-1.075163760468E-16,1.755875671608,
    4.418750000682));
#1980 = CARTESIAN_POINT('',(0.760316468749,1.316906753706,4.377083334016
    ));
#1981 = CARTESIAN_POINT('',(1.520632937499,0.877937835804,4.335416667349
    ));
#1982 = CARTESIAN_POINT('',(1.5206329375,1.862238259587E-16,
    4.293750000682));
#1983 = CARTESIAN_POINT('',(1.5206329375,-0.877937835804,4.252083334016)
  );
#1984 = CARTESIAN_POINT('',(0.76031646875,-1.316906753706,4.210416667349
    ));
#1985 = CARTESIAN_POINT('',(3.225491281404E-16,-1.755875671608,
    4.168750000682));
#1986 = CARTESIAN_POINT('',(-0.760316468749,-1.316906753706,
    4.127083334016));
#1987 = CARTESIAN_POINT('',(-1.520632937499,-0.877937835804,
    4.085416667349));
#1988 = CARTESIAN_POINT('',(-1.5206329375,0.,4.043750000682));
#1989 = CARTESIAN_POINT('',(-1.520632937499,0.877937835804,
    4.002083334016));
#1990 = CARTESIAN_POINT('',(-0.76031646875,1.316906753706,3.960416667349
    ));
#1991 = CARTESIAN_POINT('',(-1.075163760468E-16,1.755875671608,
    3.918750000682));
#1992 = CARTESIAN_POINT('',(0.760316468749,1.316906753706,3.877083334016
    ));
#1993 = CARTESIAN_POINT('',(1.520632937499,0.877937835804,3.835416667349
    ));
#1994 = CARTESIAN_POINT('',(1.5206329375,1.862238259587E-16,
    3.793750000682));
#1995 = CARTESIAN_POINT('',(1.5206329375,-0.877937835804,3.752083334016)
  );
#1996 = CARTESIAN_POINT('',(0.76031646875,-1.316906753706,3.710416667349
    ));
#1997 = CARTESIAN_POINT('',(3.225491281404E-16,-1.755875671608,
    3.668750000682));
#1998 = CARTESIAN_POINT('',(-0.760316468749,-1.316906753706,
    3.627083334016));
#1999 = CARTESIAN_POINT('',(-1.520632937499,-0.877937835804,
    3.585416667349));
#2000 = CARTESIAN_POINT('',(-1.5206329375,0.,3.543750000682));
#2001 = CARTESIAN_POINT('',(-1.520632937499,0.877937835804,
    3.502083334016));
#2002 = CARTESIAN_POINT('',(-0.76031646875,1.316906753706,3.460416667349
    ));
#2003 = CARTESIAN_POINT('',(-1.075163760468E-16,1.755875671608,
    3.418750000682));
#2004 = CARTESIAN_POINT('',(0.760316468749,1.316906753706,3.377083334016
    ));
#2005 = CARTESIAN_POINT('',(1.520632937499,0.877937835804,3.335416667349
    ));
#2006 = CARTESIAN_POINT('',(1.5206329375,1.862238259587E-16,
    3.293750000682));
#2007 = CARTESIAN_POINT('',(1.5206329375,-0.877937835804,3.252083334016)
  );
#2008 = CARTESIAN_POINT('',(0.76031646875,-1.316906753706,3.210416667349
    ));
#2009 = CARTESIAN_POINT('',(3.225491281404E-16,-1.755875671608,
    3.168750000682));
#2010 = CARTESIAN_POINT('',(-0.760316468749,-1.316906753706,
    3.127083334016));
#2011 = CARTESIAN_POINT('',(-1.520632937499,-0.877937835804,
    3.085416667349));
#2012 = CARTESIAN_POINT('',(-1.5206329375,0.,3.043750000682));
#2013 = CARTESIAN_POINT('',(-1.520632937499,0.877937835804,
    3.002083334016));
#2014 = CARTESIAN_POINT('',(-0.76031646875,1.316906753706,2.960416667349
    ));
#2015 = CARTESIAN_POINT('',(-1.075163760468E-16,1.755875671608,
    2.918750000682));
#2016 = CARTESIAN_POINT('',(0.760316468749,1.316906753706,2.877083334016
    ));
#2017 = CARTESIAN_POINT('',(1.520632937499,0.877937835804,2.835416667349
    ));
#2018 = CARTESIAN_POINT('',(1.5206329375,1.862238259587E-16,
    2.793750000682));
#2019 = CARTESIAN_POINT('',(1.5206329375,-0.877937835804,2.752083334016)
  );
#2020 = CARTESIAN_POINT('',(0.76031646875,-1.316906753706,2.710416667349
    ));
#2021 = CARTESIAN_POINT('',(3.225491281404E-16,-1.755875671608,
    2.668750000682));
#2022 = CARTESIAN_POINT('',(-0.760316468749,-1.316906753706,
    2.627083334016));
#2023 = CARTESIAN_POINT('',(-1.520632937499,-0.877937835804,
    2.585416667349));
#2024 = CARTESIAN_POINT('',(-1.5206329375,0.,2.543750000682));
#2025 = CARTESIAN_POINT('',(-1.520632937499,0.877937835804,
    2.502083334016));
#2026 = CARTESIAN_POINT('',(-0.76031646875,1.316906753706,2.460416667349
    ));
#2027 = CARTESIAN_POINT('',(-1.075163760468E-16,1.755875671608,
    2.418750000682));
#2028 = CARTESIAN_POINT('',(0.760316468749,1.316906753706,2.377083334016
    ));
#2029 = CARTESIAN_POINT('',(1.520632937499,0.877937835804,2.335416667349
    ));
#2030 = CARTESIAN_POINT('',(1.5206329375,1.862238259587E-16,
    2.293750000682));
#2031 = CARTESIAN_POINT('',(1.5206329375,-0.877937835804,2.252083334016)
  );
#2032 = CARTESIAN_POINT('',(0.76031646875,-1.316906753706,2.210416667349
    ));
#2033 = CARTESIAN_POINT('',(3.225491281404E-16,-1.755875671608,
    2.168750000682));
#2034 = CARTESIAN_POINT('',(-0.760316468749,-1.316906753706,
    2.127083334016));
#2035 = CARTESIAN_POINT('',(-1.520632937499,-0.877937835804,
    2.085416667349));
#2036 = CARTESIAN_POINT('',(-1.5206329375,0.,2.043750000682));
#2037 = CARTESIAN_POINT('',(-1.520632937499,0.877937835804,
    2.002083334016));
#2038 = CARTESIAN_POINT('',(-0.76031646875,1.316906753706,1.960416667349
    ));
#2039 = CARTESIAN_POINT('',(-1.075163760468E-16,1.755875671608,
    1.918750000682));
#2040 = CARTESIAN_POINT('',(0.760316468749,1.316906753706,1.877083334016
    ));
#2041 = CARTESIAN_POINT('',(1.520632937499,0.877937835804,1.835416667349
    ));
#2042 = CARTESIAN_POINT('',(1.5206329375,1.862238259587E-16,
    1.793750000682));
#2043 = CARTESIAN_POINT('',(1.5206329375,-0.877937835804,1.752083334016)
  );
#2044 = CARTESIAN_POINT('',(0.76031646875,-1.316906753706,1.710416667349
    ));
#2045 = CARTESIAN_POINT('',(3.225491281404E-16,-1.755875671608,
    1.668750000682));
#2046 = CARTESIAN_POINT('',(-0.760316468749,-1.316906753706,
    1.627083334016));
#2047 = CARTESIAN_POINT('',(-1.520632937499,-0.877937835804,
    1.585416667349));
#2048 = CARTESIAN_POINT('',(-1.5206329375,0.,1.543750000682));
#2049 = CARTESIAN_POINT('',(-1.520632937499,0.877937835804,
    1.502083334016));
#2050 = CARTESIAN_POINT('',(-0.76031646875,1.316906753706,1.460416667349
    ));
#2051 = CARTESIAN_POINT('',(-1.075163760468E-16,1.755875671608,
    1.418750000682));
#2052 = CARTESIAN_POINT('',(0.760316468749,1.316906753706,1.377083334016
    ));
#2053 = CARTESIAN_POINT('',(1.520632937499,0.877937835804,1.335416667349
    ));
#2054 = CARTESIAN_POINT('',(1.5206329375,1.862238259587E-16,
    1.293750000682));
#2055 = CARTESIAN_POINT('',(1.5206329375,-0.877937835804,1.252083334016)
  );
#2056 = CARTESIAN_POINT('',(0.76031646875,-1.316906753706,1.210416667349
    ));
#2057 = CARTESIAN_POINT('',(3.225491281404E-16,-1.755875671608,
    1.168750000682));
#2058 = CARTESIAN_POINT('',(-0.760316468749,-1.316906753706,
    1.127083334016));
#2059 = CARTESIAN_POINT('',(-1.520632937499,-0.877937835804,
    1.085416667349));
#2060 = CARTESIAN_POINT('',(-1.5206329375,0.,1.043750000682));
#2061 = CARTESIAN_POINT('',(-1.520632937499,0.877937835804,
    1.002083334016));
#2062 = CARTESIAN_POINT('',(-0.76031646875,1.316906753706,0.960416667349
    ));
#2063 = CARTESIAN_POINT('',(-1.075163760468E-16,1.755875671608,
    0.918750000682));
#2064 = CARTESIAN_POINT('',(0.760316468749,1.316906753706,0.877083334016
    ));
#2065 = CARTESIAN_POINT('',(1.520632937499,0.877937835804,0.835416667349
    ));
#2066 = CARTESIAN_POINT('',(1.5206329375,1.862238259587E-16,
    0.793750000682));
#2067 = CARTESIAN_POINT('',(1.5206329375,-0.877937835804,0.752083334016)
  );
#2068 = CARTESIAN_POINT('',(0.76031646875,-1.316906753706,0.710416667349
    ));
#2069 = CARTESIAN_POINT('',(3.225491281404E-16,-1.755875671608,
    0.668750000682));
#2070 = CARTESIAN_POINT('',(-0.760316468749,-1.316906753706,
    0.627083334016));
#2071 = CARTESIAN_POINT('',(-1.520632937499,-0.877937835804,
    0.585416667349));
#2072 = CARTESIAN_POINT('',(-1.5206329375,0.,0.543750000682));
#2073 = CARTESIAN_POINT('',(-1.520632937499,0.877937835804,
    0.502083334016));
#2074 = CARTESIAN_POINT('',(-0.76031646875,1.316906753706,0.460416667349
    ));
#2075 = CARTESIAN_POINT('',(-1.075163760468E-16,1.755875671608,
    0.418750000682));
#2076 = CARTESIAN_POINT('',(0.760316468749,1.316906753706,0.377083334016
    ));
#2077 = CARTESIAN_POINT('',(1.520632937499,0.877937835804,0.335416667349
    ));
#2078 = CARTESIAN_POINT('',(1.5206329375,1.862238259587E-16,
    0.293750000682));
#2079 = CARTESIAN_POINT('',(1.5206329375,-0.877937835804,0.252083334016)
  );
#2080 = CARTESIAN_POINT('',(0.76031646875,-1.316906753706,0.210416667349
    ));
#2081 = CARTESIAN_POINT('',(3.225491281404E-16,-1.755875671608,
    0.168750000682));
#2082 = CARTESIAN_POINT('',(-0.760316468749,-1.316906753706,
    0.127083334016));
#2083 = CARTESIAN_POINT('',(-1.520632937499,-0.877937835804,
    8.5416667349E-02));
#2084 = CARTESIAN_POINT('',(-1.5206329375,0.,4.3750000682E-02));
#2085 = CARTESIAN_POINT('',(-1.520632937499,0.877937835804,
    2.083334016E-03));
#2086 = CARTESIAN_POINT('',(-0.76031646875,1.316906753706,
    -3.958333265E-02));
#2087 = CARTESIAN_POINT('',(-1.075163760468E-16,1.755875671608,
    -8.1249999317E-02));
#2088 = CARTESIAN_POINT('',(0.760316468749,1.316906753706,
    -0.122916665983));
#2089 = CARTESIAN_POINT('',(1.520632937499,0.877937835804,-0.16458333265
    ));
#2090 = CARTESIAN_POINT('',(1.5206329375,1.862238259587E-16,
    -0.206249999317));
#2091 = CARTESIAN_POINT('',(1.5206329375,-0.877937835804,-0.247916665983
    ));
#2092 = CARTESIAN_POINT('',(0.76031646875,-1.316906753706,-0.28958333265
    ));
#2093 = CARTESIAN_POINT('',(3.225491281404E-16,-1.755875671608,
    -0.331249999317));
#2094 = CARTESIAN_POINT('',(-0.760316468749,-1.316906753706,
    -0.372916665983));
#2095 = CARTESIAN_POINT('',(-1.520632937499,-0.877937835804,
    -0.41458333265));
#2096 = CARTESIAN_POINT('',(-1.5206329375,0.,-0.456249999317));
#2097 = CARTESIAN_POINT('',(-1.520632937499,0.877937835804,
    -0.497916665983));
#2098 = CARTESIAN_POINT('',(-0.76031646875,1.316906753706,-0.53958333265
    ));
#2099 = CARTESIAN_POINT('',(-1.075163760468E-16,1.755875671608,
    -0.581249999317));
#2100 = CARTESIAN_POINT('',(0.760316468749,1.316906753706,
    -0.622916665983));
#2101 = CARTESIAN_POINT('',(1.520632937499,0.877937835804,-0.66458333265
    ));
#2102 = CARTESIAN_POINT('',(1.5206329375,1.862238259587E-16,
    -0.706249999317));
#2103 = CARTESIAN_POINT('',(1.5206329375,-0.877937835804,-0.747916665983
    ));
#2104 = CARTESIAN_POINT('',(0.76031646875,-1.316906753706,-0.78958333265
    ));
#2105 = CARTESIAN_POINT('',(3.225491281404E-16,-1.755875671608,
    -0.831249999317));
#2106 = CARTESIAN_POINT('',(-0.760316468749,-1.316906753706,
    -0.872916665983));
#2107 = CARTESIAN_POINT('',(-1.520632937499,-0.877937835804,
    -0.91458333265));
#2108 = CARTESIAN_POINT('',(-1.5206329375,0.,-0.956249999317));
#2109 = CARTESIAN_POINT('',(-1.520632937499,0.877937835804,
    -0.997916665983));
#2110 = CARTESIAN_POINT('',(-0.76031646875,1.316906753706,-1.03958333265
    ));
#2111 = CARTESIAN_POINT('',(-1.075163760468E-16,1.755875671608,
    -1.081249999317));
#2112 = CARTESIAN_POINT('',(0.760316468749,1.316906753706,
    -1.122916665983));
#2113 = CARTESIAN_POINT('',(1.520632937499,0.877937835804,-1.16458333265
    ));
#2114 = CARTESIAN_POINT('',(1.5206329375,1.862238259587E-16,
    -1.206249999317));
#2115 = CARTESIAN_POINT('',(1.5206329375,-0.877937835804,-1.247916665983
    ));
#2116 = CARTESIAN_POINT('',(0.76031646875,-1.316906753706,-1.28958333265
    ));
#2117 = CARTESIAN_POINT('',(3.225491281404E-16,-1.755875671608,
    -1.331249999317));
#2118 = CARTESIAN_POINT('',(-0.760316468749,-1.316906753706,
    -1.372916665983));
#2119 = CARTESIAN_POINT('',(-1.520632937499,-0.877937835804,
    -1.41458333265));
#2120 = CARTESIAN_POINT('',(-1.5206329375,0.,-1.456249999317));
#2121 = CARTESIAN_POINT('',(-1.520632937499,0.877937835804,
    -1.497916665983));
#2122 = CARTESIAN_POINT('',(-0.76031646875,1.316906753706,-1.53958333265
    ));
#2123 = CARTESIAN_POINT('',(-1.075163760468E-16,1.755875671608,
    -1.581249999317));
#2124 = CARTESIAN_POINT('',(0.760316468749,1.316906753706,
    -1.622916665983));
#2125 = CARTESIAN_POINT('',(1.520632937499,0.877937835804,-1.66458333265
    ));
#2126 = CARTESIAN_POINT('',(1.5206329375,1.862238259587E-16,
    -1.706249999317));
#2127 = CARTESIAN_POINT('',(1.5206329375,-0.877937835804,-1.747916665983
    ));
#2128 = CARTESIAN_POINT('',(0.76031646875,-1.316906753706,-1.78958333265
    ));
#2129 = CARTESIAN_POINT('',(3.225491281404E-16,-1.755875671608,
    -1.831249999317));
#2130 = CARTESIAN_POINT('',(-0.760316468749,-1.316906753706,
    -1.872916665983));
#2131 = CARTESIAN_POINT('',(-1.520632937499,-0.877937835804,
    -1.91458333265));
#2132 = CARTESIAN_POINT('',(-1.5206329375,0.,-1.956249999317));
#2133 = CARTESIAN_POINT('',(-1.520632937499,0.877937835804,
    -1.997916665983));
#2134 = CARTESIAN_POINT('',(-0.76031646875,1.316906753706,-2.03958333265
    ));
#2135 = CARTESIAN_POINT('',(-1.075163760468E-16,1.755875671608,
    -2.081249999317));
#2136 = CARTESIAN_POINT('',(0.760316468749,1.316906753706,
    -2.122916665983));
#2137 = CARTESIAN_POINT('',(1.520632937499,0.877937835804,-2.16458333265
    ));
#2138 = CARTESIAN_POINT('',(1.5206329375,1.862238259587E-16,
    -2.206249999317));
#2139 = CARTESIAN_POINT('',(1.5206329375,-0.877937835804,-2.247916665983
    ));
#2140 = CARTESIAN_POINT('',(0.76031646875,-1.316906753706,-2.28958333265
    ));
#2141 = CARTESIAN_POINT('',(3.225491281404E-16,-1.755875671608,
    -2.331249999317));
#2142 = CARTESIAN_POINT('',(-0.760316468749,-1.316906753706,
    -2.372916665983));
#2143 = CARTESIAN_POINT('',(-1.520632937499,-0.877937835804,
    -2.41458333265));
#2144 = CARTESIAN_POINT('',(-1.5206329375,0.,-2.456249999317));
#2145 = CARTESIAN_POINT('',(-1.520632937499,0.877937835804,
    -2.497916665983));
#2146 = CARTESIAN_POINT('',(-0.76031646875,1.316906753706,-2.53958333265
    ));
#2147 = CARTESIAN_POINT('',(-1.075163760468E-16,1.755875671608,
    -2.581249999317));
#2148 = CARTESIAN_POINT('',(0.760316468749,1.316906753706,
    -2.622916665983));
#2149 = CARTESIAN_POINT('',(1.520632937499,0.877937835804,-2.66458333265
    ));
#2150 = CARTESIAN_POINT('',(1.5206329375,1.862238259587E-16,
    -2.706249999317));
#2151 = CARTESIAN_POINT('',(1.5206329375,-0.877937835804,-2.747916665983
    ));
#2152 = CARTESIAN_POINT('',(0.76031646875,-1.316906753706,-2.78958333265
    ));
#2153 = CARTESIAN_POINT('',(3.225491281404E-16,-1.755875671608,
    -2.831249999317));
#2154 = CARTESIAN_POINT('',(-0.760316468749,-1.316906753706,
    -2.872916665983));
#2155 = CARTESIAN_POINT('',(-1.520632937499,-0.877937835804,
    -2.91458333265));
#2156 = CARTESIAN_POINT('',(-1.5206329375,0.,-2.956249999317));
#2157 = CARTESIAN_POINT('',(-1.520632937499,0.877937835804,
    -2.997916665983));
#2158 = CARTESIAN_POINT('',(-0.76031646875,1.316906753706,-3.03958333265
    ));
#2159 = CARTESIAN_POINT('',(-1.075163760468E-16,1.755875671608,
    -3.081249999317));
#2160 = CARTESIAN_POINT('',(0.760316468749,1.316906753706,
    -3.122916665983));
#2161 = CARTESIAN_POINT('',(1.520632937499,0.877937835804,-3.16458333265
    ));
#2162 = CARTESIAN_POINT('',(1.5206329375,1.862238259587E-16,
    -3.206249999317));
#2163 = CARTESIAN_POINT('',(1.5206329375,-0.877937835804,-3.247916665983
    ));
#2164 = CARTESIAN_POINT('',(0.76031646875,-1.316906753706,-3.28958333265
    ));
#2165 = CARTESIAN_POINT('',(3.225491281404E-16,-1.755875671608,
    -3.331249999317));
#2166 = CARTESIAN_POINT('',(-0.760316468749,-1.316906753706,
    -3.372916665983));
#2167 = CARTESIAN_POINT('',(-1.520632937499,-0.877937835804,
    -3.41458333265));
#2168 = CARTESIAN_POINT('',(-1.5206329375,0.,-3.456249999317));
#2169 = CARTESIAN_POINT('',(-1.520632937499,0.877937835804,
    -3.497916665983));
#2170 = CARTESIAN_POINT('',(-0.76031646875,1.316906753706,-3.53958333265
    ));
#2171 = CARTESIAN_POINT('',(-1.075163760468E-16,1.755875671608,
    -3.581249999317));
#2172 = CARTESIAN_POINT('',(0.760316468749,1.316906753706,
    -3.622916665983));
#2173 = CARTESIAN_POINT('',(1.520632937499,0.877937835804,-3.66458333265
    ));
#2174 = CARTESIAN_POINT('',(1.5206329375,1.862238259587E-16,
    -3.706249999317));
#2175 = CARTESIAN_POINT('',(1.5206329375,-0.877937835804,-3.747916665983
    ));
#2176 = CARTESIAN_POINT('',(0.76031646875,-1.316906753706,-3.78958333265
    ));
#2177 = CARTESIAN_POINT('',(3.225491281404E-16,-1.755875671608,
    -3.831249999317));
#2178 = CARTESIAN_POINT('',(-0.760316468749,-1.316906753706,
    -3.872916665983));
#2179 = CARTESIAN_POINT('',(-1.520632937499,-0.877937835804,
    -3.91458333265));
#2180 = CARTESIAN_POINT('',(-1.5206329375,0.,-3.956249999317));
#2181 = CARTESIAN_POINT('',(-1.5206329375,0.,5.981250000682));
#2182 = CARTESIAN_POINT('',(-1.520632937499,0.877937835804,
    5.939583334016));
#2183 = CARTESIAN_POINT('',(-0.76031646875,1.316906753706,5.897916667349
    ));
#2184 = CARTESIAN_POINT('',(-1.075163760468E-16,1.755875671608,
    5.856250000682));
#2185 = CARTESIAN_POINT('',(0.760316468749,1.316906753706,5.814583334016
    ));
#2186 = CARTESIAN_POINT('',(1.520632937499,0.877937835804,5.772916667349
    ));
#2187 = CARTESIAN_POINT('',(1.5206329375,1.862238259587E-16,
    5.731250000682));
#2188 = CARTESIAN_POINT('',(1.5206329375,-0.877937835804,5.689583334016)
  );
#2189 = CARTESIAN_POINT('',(0.76031646875,-1.316906753706,5.647916667349
    ));
#2190 = CARTESIAN_POINT('',(3.225491281404E-16,-1.755875671608,
    5.606250000682));
#2191 = CARTESIAN_POINT('',(-0.760316468749,-1.316906753706,
    5.564583334016));
#2192 = CARTESIAN_POINT('',(-1.520632937499,-0.877937835804,
    5.522916667349));
#2193 = CARTESIAN_POINT('',(-1.5206329375,0.,5.481250000682));
#2194 = CARTESIAN_POINT('',(-1.520632937499,0.877937835804,
    5.439583334016));
#2195 = CARTESIAN_POINT('',(-0.76031646875,1.316906753706,5.397916667349
    ));
#2196 = CARTESIAN_POINT('',(-1.075163760468E-16,1.755875671608,
    5.356250000682));
#2197 = CARTESIAN_POINT('',(0.760316468749,1.316906753706,5.314583334016
    ));
#2198 = CARTESIAN_POINT('',(1.520632937499,0.877937835804,5.272916667349
    ));
#2199 = CARTESIAN_POINT('',(1.5206329375,1.862238259587E-16,
    5.231250000682));
#2200 = CARTESIAN_POINT('',(1.5206329375,-0.877937835804,5.189583334016)
  );
#2201 = CARTESIAN_POINT('',(0.76031646875,-1.316906753706,5.147916667349
    ));
#2202 = CARTESIAN_POINT('',(3.225491281404E-16,-1.755875671608,
    5.106250000682));
#2203 = CARTESIAN_POINT('',(-0.760316468749,-1.316906753706,
    5.064583334016));
#2204 = CARTESIAN_POINT('',(-1.520632937499,-0.877937835804,
    5.022916667349));
#2205 = CARTESIAN_POINT('',(-1.5206329375,0.,4.981250000682));
#2206 = CARTESIAN_POINT('',(-1.520632937499,0.877937835804,
    4.939583334016));
#2207 = CARTESIAN_POINT('',(-0.76031646875,1.316906753706,4.897916667349
    ));
#2208 = CARTESIAN_POINT('',(-1.075163760468E-16,1.755875671608,
    4.856250000682));
#2209 = CARTESIAN_POINT('',(0.760316468749,1.316906753706,4.814583334016
    ));
#2210 = CARTESIAN_POINT('',(1.520632937499,0.877937835804,4.772916667349
    ));
#2211 = CARTESIAN_POINT('',(1.5206329375,1.862238259587E-16,
    4.731250000682));
#2212 = CARTESIAN_POINT('',(1.5206329375,-0.877937835804,4.689583334016)
  );
#2213 = CARTESIAN_POINT('',(0.76031646875,-1.316906753706,4.647916667349
    ));
#2214 = CARTESIAN_POINT('',(3.225491281404E-16,-1.755875671608,
    4.606250000682));
#2215 = CARTESIAN_POINT('',(-0.760316468749,-1.316906753706,
    4.564583334016));
#2216 = CARTESIAN_POINT('',(-1.520632937499,-0.877937835804,
    4.522916667349));
#2217 = CARTESIAN_POINT('',(-1.5206329375,0.,4.481250000682));
#2218 = CARTESIAN_POINT('',(-1.520632937499,0.877937835804,
    4.439583334016));
#2219 = CARTESIAN_POINT('',(-0.76031646875,1.316906753706,4.397916667349
    ));
#2220 = CARTESIAN_POINT('',(-1.075163760468E-16,1.755875671608,
    4.356250000682));
#2221 = CARTESIAN_POINT('',(0.760316468749,1.316906753706,4.314583334016
    ));
#2222 = CARTESIAN_POINT('',(1.520632937499,0.877937835804,4.272916667349
    ));
#2223 = CARTESIAN_POINT('',(1.5206329375,1.862238259587E-16,
    4.231250000682));
#2224 = CARTESIAN_POINT('',(1.5206329375,-0.877937835804,4.189583334016)
  );
#2225 = CARTESIAN_POINT('',(0.76031646875,-1.316906753706,4.147916667349
    ));
#2226 = CARTESIAN_POINT('',(3.225491281404E-16,-1.755875671608,
    4.106250000682));
#2227 = CARTESIAN_POINT('',(-0.760316468749,-1.316906753706,
    4.064583334016));
#2228 = CARTESIAN_POINT('',(-1.520632937499,-0.877937835804,
    4.022916667349));
#2229 = CARTESIAN_POINT('',(-1.5206329375,0.,3.981250000682));
#2230 = CARTESIAN_POINT('',(-1.520632937499,0.877937835804,
    3.939583334016));
#2231 = CARTESIAN_POINT('',(-0.76031646875,1.316906753706,3.897916667349
    ));
#2232 = CARTESIAN_POINT('',(-1.075163760468E-16,1.755875671608,
    3.856250000682));
#2233 = CARTESIAN_POINT('',(0.760316468749,1.316906753706,3.814583334016
    ));
#2234 = CARTESIAN_POINT('',(1.520632937499,0.877937835804,3.772916667349
    ));
#2235 = CARTESIAN_POINT('',(1.5206329375,1.862238259587E-16,
    3.731250000682));
#2236 = CARTESIAN_POINT('',(1.5206329375,-0.877937835804,3.689583334016)
  );
#2237 = CARTESIAN_POINT('',(0.76031646875,-1.316906753706,3.647916667349
    ));
#2238 = CARTESIAN_POINT('',(3.225491281404E-16,-1.755875671608,
    3.606250000682));
#2239 = CARTESIAN_POINT('',(-0.760316468749,-1.316906753706,
    3.564583334016));
#2240 = CARTESIAN_POINT('',(-1.520632937499,-0.877937835804,
    3.522916667349));
#2241 = CARTESIAN_POINT('',(-1.5206329375,0.,3.481250000682));
#2242 = CARTESIAN_POINT('',(-1.520632937499,0.877937835804,
    3.439583334016));
#2243 = CARTESIAN_POINT('',(-0.76031646875,1.316906753706,3.397916667349
    ));
#2244 = CARTESIAN_POINT('',(-1.075163760468E-16,1.755875671608,
    3.356250000682));
#2245 = CARTESIAN_POINT('',(0.760316468749,1.316906753706,3.314583334016
    ));
#2246 = CARTESIAN_POINT('',(1.520632937499,0.877937835804,3.272916667349
    ));
#2247 = CARTESIAN_POINT('',(1.5206329375,1.862238259587E-16,
    3.231250000682));
#2248 = CARTESIAN_POINT('',(1.5206329375,-0.877937835804,3.189583334016)
  );
#2249 = CARTESIAN_POINT('',(0.76031646875,-1.316906753706,3.147916667349
    ));
#2250 = CARTESIAN_POINT('',(3.225491281404E-16,-1.755875671608,
    3.106250000682));
#2251 = CARTESIAN_POINT('',(-0.760316468749,-1.316906753706,
    3.064583334016));
#2252 = CARTESIAN_POINT('',(-1.520632937499,-0.877937835804,
    3.022916667349));
#2253 = CARTESIAN_POINT('',(-1.5206329375,0.,2.981250000682));
#2254 = CARTESIAN_POINT('',(-1.520632937499,0.877937835804,
    2.939583334016));
#2255 = CARTESIAN_POINT('',(-0.76031646875,1.316906753706,2.897916667349
    ));
#2256 = CARTESIAN_POINT('',(-1.075163760468E-16,1.755875671608,
    2.856250000682));
#2257 = CARTESIAN_POINT('',(0.760316468749,1.316906753706,2.814583334016
    ));
#2258 = CARTESIAN_POINT('',(1.520632937499,0.877937835804,2.772916667349
    ));
#2259 = CARTESIAN_POINT('',(1.5206329375,1.862238259587E-16,
    2.731250000682));
#2260 = CARTESIAN_POINT('',(1.5206329375,-0.877937835804,2.689583334016)
  );
#2261 = CARTESIAN_POINT('',(0.76031646875,-1.316906753706,2.647916667349
    ));
#2262 = CARTESIAN_POINT('',(3.225491281404E-16,-1.755875671608,
    2.606250000682));
#2263 = CARTESIAN_POINT('',(-0.760316468749,-1.316906753706,
    2.564583334016));
#2264 = CARTESIAN_POINT('',(-1.520632937499,-0.877937835804,
    2.522916667349));
#2265 = CARTESIAN_POINT('',(-1.5206329375,0.,2.481250000682));
#2266 = CARTESIAN_POINT('',(-1.520632937499,0.877937835804,
    2.439583334016));
#2267 = CARTESIAN_POINT('',(-0.76031646875,1.316906753706,2.397916667349
    ));
#2268 = CARTESIAN_POINT('',(-1.075163760468E-16,1.755875671608,
    2.356250000682));
#2269 = CARTESIAN_POINT('',(0.760316468749,1.316906753706,2.314583334016
    ));
#2270 = CARTESIAN_POINT('',(1.520632937499,0.877937835804,2.272916667349
    ));
#2271 = CARTESIAN_POINT('',(1.5206329375,1.862238259587E-16,
    2.231250000682));
#2272 = CARTESIAN_POINT('',(1.5206329375,-0.877937835804,2.189583334016)
  );
#2273 = CARTESIAN_POINT('',(0.76031646875,-1.316906753706,2.147916667349
    ));
#2274 = CARTESIAN_POINT('',(3.225491281404E-16,-1.755875671608,
    2.106250000682));
#2275 = CARTESIAN_POINT('',(-0.760316468749,-1.316906753706,
    2.064583334016));
#2276 = CARTESIAN_POINT('',(-1.520632937499,-0.877937835804,
    2.022916667349));
#2277 = CARTESIAN_POINT('',(-1.5206329375,0.,1.981250000682));
#2278 = CARTESIAN_POINT('',(-1.520632937499,0.877937835804,
    1.939583334016));
#2279 = CARTESIAN_POINT('',(-0.76031646875,1.316906753706,1.897916667349
    ));
#2280 = CARTESIAN_POINT('',(-1.075163760468E-16,1.755875671608,
    1.856250000682));
#2281 = CARTESIAN_POINT('',(0.760316468749,1.316906753706,1.814583334016
    ));
#2282 = CARTESIAN_POINT('',(1.520632937499,0.877937835804,1.772916667349
    ));
#2283 = CARTESIAN_POINT('',(1.5206329375,1.862238259587E-16,
    1.731250000682));
#2284 = CARTESIAN_POINT('',(1.5206329375,-0.877937835804,1.689583334016)
  );
#2285 = CARTESIAN_POINT('',(0.76031646875,-1.316906753706,1.647916667349
    ));
#2286 = CARTESIAN_POINT('',(3.225491281404E-16,-1.755875671608,
    1.606250000682));
#2287 = CARTESIAN_POINT('',(-0.760316468749,-1.316906753706,
    1.564583334016));
#2288 = CARTESIAN_POINT('',(-1.520632937499,-0.877937835804,
    1.522916667349));
#2289 = CARTESIAN_POINT('',(-1.5206329375,0.,1.481250000682));
#2290 = CARTESIAN_POINT('',(-1.520632937499,0.877937835804,
    1.439583334016));
#2291 = CARTESIAN_POINT('',(-0.76031646875,1.316906753706,1.397916667349
    ));
#2292 = CARTESIAN_POINT('',(-1.075163760468E-16,1.755875671608,
    1.356250000682));
#2293 = CARTESIAN_POINT('',(0.760316468749,1.316906753706,1.314583334016
    ));
#2294 = CARTESIAN_POINT('',(1.520632937499,0.877937835804,1.272916667349
    ));
#2295 = CARTESIAN_POINT('',(1.5206329375,1.862238259587E-16,
    1.231250000682));
#2296 = CARTESIAN_POINT('',(1.5206329375,-0.877937835804,1.189583334016)
  );
#2297 = CARTESIAN_POINT('',(0.76031646875,-1.316906753706,1.147916667349
    ));
#2298 = CARTESIAN_POINT('',(3.225491281404E-16,-1.755875671608,
    1.106250000682));
#2299 = CARTESIAN_POINT('',(-0.760316468749,-1.316906753706,
    1.064583334016));
#2300 = CARTESIAN_POINT('',(-1.520632937499,-0.877937835804,
    1.022916667349));
#2301 = CARTESIAN_POINT('',(-1.5206329375,0.,0.981250000682));
#2302 = CARTESIAN_POINT('',(-1.520632937499,0.877937835804,
    0.939583334016));
#2303 = CARTESIAN_POINT('',(-0.76031646875,1.316906753706,0.897916667349
    ));
#2304 = CARTESIAN_POINT('',(-1.075163760468E-16,1.755875671608,
    0.856250000682));
#2305 = CARTESIAN_POINT('',(0.760316468749,1.316906753706,0.814583334016
    ));
#2306 = CARTESIAN_POINT('',(1.520632937499,0.877937835804,0.772916667349
    ));
#2307 = CARTESIAN_POINT('',(1.5206329375,1.862238259587E-16,
    0.731250000682));
#2308 = CARTESIAN_POINT('',(1.5206329375,-0.877937835804,0.689583334016)
  );
#2309 = CARTESIAN_POINT('',(0.76031646875,-1.316906753706,0.647916667349
    ));
#2310 = CARTESIAN_POINT('',(3.225491281404E-16,-1.755875671608,
    0.606250000682));
#2311 = CARTESIAN_POINT('',(-0.760316468749,-1.316906753706,
    0.564583334016));
#2312 = CARTESIAN_POINT('',(-1.520632937499,-0.877937835804,
    0.522916667349));
#2313 = CARTESIAN_POINT('',(-1.5206329375,0.,0.481250000682));
#2314 = CARTESIAN_POINT('',(-1.520632937499,0.877937835804,
    0.439583334016));
#2315 = CARTESIAN_POINT('',(-0.76031646875,1.316906753706,0.397916667349
    ));
#2316 = CARTESIAN_POINT('',(-1.075163760468E-16,1.755875671608,
    0.356250000682));
#2317 = CARTESIAN_POINT('',(0.760316468749,1.316906753706,0.314583334016
    ));
#2318 = CARTESIAN_POINT('',(1.520632937499,0.877937835804,0.272916667349
    ));
#2319 = CARTESIAN_POINT('',(1.5206329375,1.862238259587E-16,
    0.231250000682));
#2320 = CARTESIAN_POINT('',(1.5206329375,-0.877937835804,0.189583334016)
  );
#2321 = CARTESIAN_POINT('',(0.76031646875,-1.316906753706,0.147916667349
    ));
#2322 = CARTESIAN_POINT('',(3.225491281404E-16,-1.755875671608,
    0.106250000682));
#2323 = CARTESIAN_POINT('',(-0.760316468749,-1.316906753706,
    6.4583334016E-02));
#2324 = CARTESIAN_POINT('',(-1.520632937499,-0.877937835804,
    2.2916667349E-02));
#2325 = CARTESIAN_POINT('',(-1.5206329375,0.,-1.8749999317E-02));
#2326 = CARTESIAN_POINT('',(-1.520632937499,0.877937835804,
    -6.0416665983E-02));
#2327 = CARTESIAN_POINT('',(-0.76031646875,1.316906753706,-0.10208333265
    ));
#2328 = CARTESIAN_POINT('',(-1.075163760468E-16,1.755875671608,
    -0.143749999317));
#2329 = CARTESIAN_POINT('',(0.760316468749,1.316906753706,
    -0.185416665983));
#2330 = CARTESIAN_POINT('',(1.520632937499,0.877937835804,-0.22708333265
    ));
#2331 = CARTESIAN_POINT('',(1.5206329375,1.862238259587E-16,
    -0.268749999317));
#2332 = CARTESIAN_POINT('',(1.5206329375,-0.877937835804,-0.310416665983
    ));
#2333 = CARTESIAN_POINT('',(0.76031646875,-1.316906753706,-0.35208333265
    ));
#2334 = CARTESIAN_POINT('',(3.225491281404E-16,-1.755875671608,
    -0.393749999317));
#2335 = CARTESIAN_POINT('',(-0.760316468749,-1.316906753706,
    -0.435416665983));
#2336 = CARTESIAN_POINT('',(-1.520632937499,-0.877937835804,
    -0.47708333265));
#2337 = CARTESIAN_POINT('',(-1.5206329375,0.,-0.518749999317));
#2338 = CARTESIAN_POINT('',(-1.520632937499,0.877937835804,
    -0.560416665983));
#2339 = CARTESIAN_POINT('',(-0.76031646875,1.316906753706,-0.60208333265
    ));
#2340 = CARTESIAN_POINT('',(-1.075163760468E-16,1.755875671608,
    -0.643749999317));
#2341 = CARTESIAN_POINT('',(0.760316468749,1.316906753706,
    -0.685416665983));
#2342 = CARTESIAN_POINT('',(1.520632937499,0.877937835804,-0.72708333265
    ));
#2343 = CARTESIAN_POINT('',(1.5206329375,1.862238259587E-16,
    -0.768749999317));
#2344 = CARTESIAN_POINT('',(1.5206329375,-0.877937835804,-0.810416665983
    ));
#2345 = CARTESIAN_POINT('',(0.76031646875,-1.316906753706,-0.85208333265
    ));
#2346 = CARTESIAN_POINT('',(3.225491281404E-16,-1.755875671608,
    -0.893749999317));
#2347 = CARTESIAN_POINT('',(-0.760316468749,-1.316906753706,
    -0.935416665983));
#2348 = CARTESIAN_POINT('',(-1.520632937499,-0.877937835804,
    -0.97708333265));
#2349 = CARTESIAN_POINT('',(-1.5206329375,0.,-1.018749999317));
#2350 = CARTESIAN_POINT('',(-1.520632937499,0.877937835804,
    -1.060416665983));
#2351 = CARTESIAN_POINT('',(-0.76031646875,1.316906753706,-1.10208333265
    ));
#2352 = CARTESIAN_POINT('',(-1.075163760468E-16,1.755875671608,
    -1.143749999317));
#2353 = CARTESIAN_POINT('',(0.760316468749,1.316906753706,
    -1.185416665983));
#2354 = CARTESIAN_POINT('',(1.520632937499,0.877937835804,-1.22708333265
    ));
#2355 = CARTESIAN_POINT('',(1.5206329375,1.862238259587E-16,
    -1.268749999317));
#2356 = CARTESIAN_POINT('',(1.5206329375,-0.877937835804,-1.310416665983
    ));
#2357 = CARTESIAN_POINT('',(0.76031646875,-1.316906753706,-1.35208333265
    ));
#2358 = CARTESIAN_POINT('',(3.225491281404E-16,-1.755875671608,
    -1.393749999317));
#2359 = CARTESIAN_POINT('',(-0.760316468749,-1.316906753706,
    -1.435416665983));
#2360 = CARTESIAN_POINT('',(-1.520632937499,-0.877937835804,
    -1.47708333265));
#2361 = CARTESIAN_POINT('',(-1.5206329375,0.,-1.518749999317));
#2362 = CARTESIAN_POINT('',(-1.520632937499,0.877937835804,
    -1.560416665983));
#2363 = CARTESIAN_POINT('',(-0.76031646875,1.316906753706,-1.60208333265
    ));
#2364 = CARTESIAN_POINT('',(-1.075163760468E-16,1.755875671608,
    -1.643749999317));
#2365 = CARTESIAN_POINT('',(0.760316468749,1.316906753706,
    -1.685416665983));
#2366 = CARTESIAN_POINT('',(1.520632937499,0.877937835804,-1.72708333265
    ));
#2367 = CARTESIAN_POINT('',(1.5206329375,1.862238259587E-16,
    -1.768749999317));
#2368 = CARTESIAN_POINT('',(1.5206329375,-0.877937835804,-1.810416665983
    ));
#2369 = CARTESIAN_POINT('',(0.76031646875,-1.316906753706,-1.85208333265
    ));
#2370 = CARTESIAN_POINT('',(3.225491281404E-16,-1.755875671608,
    -1.893749999317));
#2371 = CARTESIAN_POINT('',(-0.760316468749,-1.316906753706,
    -1.935416665983));
#2372 = CARTESIAN_POINT('',(-1.520632937499,-0.877937835804,
    -1.97708333265));
#2373 = CARTESIAN_POINT('',(-1.5206329375,0.,-2.018749999317));
#2374 = CARTESIAN_POINT('',(-1.520632937499,0.877937835804,
    -2.060416665983));
#2375 = CARTESIAN_POINT('',(-0.76031646875,1.316906753706,-2.10208333265
    ));
#2376 = CARTESIAN_POINT('',(-1.075163760468E-16,1.755875671608,
    -2.143749999317));
#2377 = CARTESIAN_POINT('',(0.760316468749,1.316906753706,
    -2.185416665983));
#2378 = CARTESIAN_POINT('',(1.520632937499,0.877937835804,-2.22708333265
    ));
#2379 = CARTESIAN_POINT('',(1.5206329375,1.862238259587E-16,
    -2.268749999317));
#2380 = CARTESIAN_POINT('',(1.5206329375,-0.877937835804,-2.310416665983
    ));
#2381 = CARTESIAN_POINT('',(0.76031646875,-1.316906753706,-2.35208333265
    ));
#2382 = CARTESIAN_POINT('',(3.225491281404E-16,-1.755875671608,
    -2.393749999317));
#2383 = CARTESIAN_POINT('',(-0.760316468749,-1.316906753706,
    -2.435416665983));
#2384 = CARTESIAN_POINT('',(-1.520632937499,-0.877937835804,
    -2.47708333265));
#2385 = CARTESIAN_POINT('',(-1.5206329375,0.,-2.518749999317));
#2386 = CARTESIAN_POINT('',(-1.520632937499,0.877937835804,
    -2.560416665983));
#2387 = CARTESIAN_POINT('',(-0.76031646875,1.316906753706,-2.60208333265
    ));
#2388 = CARTESIAN_POINT('',(-1.075163760468E-16,1.755875671608,
    -2.643749999317));
#2389 = CARTESIAN_POINT('',(0.760316468749,1.316906753706,
    -2.685416665983));
#2390 = CARTESIAN_POINT('',(1.520632937499,0.877937835804,-2.72708333265
    ));
#2391 = CARTESIAN_POINT('',(1.5206329375,1.862238259587E-16,
    -2.768749999317));
#2392 = CARTESIAN_POINT('',(1.5206329375,-0.877937835804,-2.810416665983
    ));
#2393 = CARTESIAN_POINT('',(0.76031646875,-1.316906753706,-2.85208333265
    ));
#2394 = CARTESIAN_POINT('',(3.225491281404E-16,-1.755875671608,
    -2.893749999317));
#2395 = CARTESIAN_POINT('',(-0.760316468749,-1.316906753706,
    -2.935416665983));
#2396 = CARTESIAN_POINT('',(-1.520632937499,-0.877937835804,
    -2.97708333265));
#2397 = CARTESIAN_POINT('',(-1.5206329375,0.,-3.018749999317));
#2398 = CARTESIAN_POINT('',(-1.520632937499,0.877937835804,
    -3.060416665983));
#2399 = CARTESIAN_POINT('',(-0.76031646875,1.316906753706,-3.10208333265
    ));
#2400 = CARTESIAN_POINT('',(-1.075163760468E-16,1.755875671608,
    -3.143749999317));
#2401 = CARTESIAN_POINT('',(0.760316468749,1.316906753706,
    -3.185416665983));
#2402 = CARTESIAN_POINT('',(1.520632937499,0.877937835804,-3.22708333265
    ));
#2403 = CARTESIAN_POINT('',(1.5206329375,1.862238259587E-16,
    -3.268749999317));
#2404 = CARTESIAN_POINT('',(1.5206329375,-0.877937835804,-3.310416665983
    ));
#2405 = CARTESIAN_POINT('',(0.76031646875,-1.316906753706,-3.35208333265
    ));
#2406 = CARTESIAN_POINT('',(3.225491281404E-16,-1.755875671608,
    -3.393749999317));
#2407 = CARTESIAN_POINT('',(-0.760316468749,-1.316906753706,
    -3.435416665983));
#2408 = CARTESIAN_POINT('',(-1.520632937499,-0.877937835804,
    -3.47708333265));
#2409 = CARTESIAN_POINT('',(-1.5206329375,0.,-3.518749999317));
#2410 = CARTESIAN_POINT('',(-1.520632937499,0.877937835804,
    -3.560416665983));
#2411 = CARTESIAN_POINT('',(-0.76031646875,1.316906753706,-3.60208333265
    ));
#2412 = CARTESIAN_POINT('',(-1.075163760468E-16,1.755875671608,
    -3.643749999317));
#2413 = CARTESIAN_POINT('',(0.760316468749,1.316906753706,
    -3.685416665983));
#2414 = CARTESIAN_POINT('',(1.520632937499,0.877937835804,-3.72708333265
    ));
#2415 = CARTESIAN_POINT('',(1.5206329375,1.862238259587E-16,
    -3.768749999317));
#2416 = CARTESIAN_POINT('',(1.5206329375,-0.877937835804,-3.810416665983
    ));
#2417 = CARTESIAN_POINT('',(0.76031646875,-1.316906753706,-3.85208333265
    ));
#2418 = CARTESIAN_POINT('',(3.225491281404E-16,-1.755875671608,
    -3.893749999317));
#2419 = CARTESIAN_POINT('',(-0.760316468749,-1.316906753706,
    -3.935416665983));
#2420 = CARTESIAN_POINT('',(-1.520632937499,-0.877937835804,
    -3.97708333265));
#2421 = CARTESIAN_POINT('',(-1.5206329375,0.,-4.018749999317));
#2422 = ADVANCED_FACE('',(#2423),#2458,.T.);
#2423 = FACE_BOUND('',#2424,.T.);
#2424 = EDGE_LOOP('',(#2425,#2426,#2427,#2428,#2429,#2430,#2431,#2432,
    #2433,#2434,#2435,#2436,#2437,#2438,#2439,#2440,#2441,#2442,#2443,
    #2444,#2445,#2446,#2447,#2448,#2449,#2450,#2451,#2452,#2453,#2454,
    #2455,#2456,#2457));
#2425 = ORIENTED_EDGE('',*,*,#1767,.T.);
#2426 = ORIENTED_EDGE('',*,*,#116,.F.);
#2427 = ORIENTED_EDGE('',*,*,#189,.F.);
#2428 = ORIENTED_EDGE('',*,*,#1491,.F.);
#2429 = ORIENTED_EDGE('',*,*,#500,.F.);
#2430 = ORIENTED_EDGE('',*,*,#531,.F.);
#2431 = ORIENTED_EDGE('',*,*,#578,.F.);
#2432 = ORIENTED_EDGE('',*,*,#609,.F.);
#2433 = ORIENTED_EDGE('',*,*,#656,.F.);
#2434 = ORIENTED_EDGE('',*,*,#687,.F.);
#2435 = ORIENTED_EDGE('',*,*,#734,.F.);
#2436 = ORIENTED_EDGE('',*,*,#765,.F.);
#2437 = ORIENTED_EDGE('',*,*,#812,.F.);
#2438 = ORIENTED_EDGE('',*,*,#843,.F.);
#2439 = ORIENTED_EDGE('',*,*,#890,.F.);
#2440 = ORIENTED_EDGE('',*,*,#921,.F.);
#2441 = ORIENTED_EDGE('',*,*,#968,.F.);
#2442 = ORIENTED_EDGE('',*,*,#999,.F.);
#2443 = ORIENTED_EDGE('',*,*,#1046,.F.);
#2444 = ORIENTED_EDGE('',*,*,#1077,.F.);
#2445 = ORIENTED_EDGE('',*,*,#1124,.F.);
#2446 = ORIENTED_EDGE('',*,*,#1155,.F.);
#2447 = ORIENTED_EDGE('',*,*,#1202,.F.);
#2448 = ORIENTED_EDGE('',*,*,#1233,.F.);
#2449 = ORIENTED_EDGE('',*,*,#1280,.F.);
#2450 = ORIENTED_EDGE('',*,*,#1311,.F.);
#2451 = ORIENTED_EDGE('',*,*,#1358,.F.);
#2452 = ORIENTED_EDGE('',*,*,#1389,.F.);
#2453 = ORIENTED_EDGE('',*,*,#1436,.F.);
#2454 = ORIENTED_EDGE('',*,*,#1464,.F.);
#2455 = ORIENTED_EDGE('',*,*,#388,.F.);
#2456 = ORIENTED_EDGE('',*,*,#421,.F.);
#2457 = ORIENTED_EDGE('',*,*,#316,.F.);
#2458 = ( BOUNDED_SURFACE() B_SPLINE_SURFACE(1,2,(
    (#2459,#2460,#2461,#2462,#2463,#2464,#2465,#2466,#2467,#2468,#2469
      ,#2470,#2471,#2472,#2473,#2474,#2475,#2476,#2477,#2478,#2479,#2480
      ,#2481,#2482,#2483,#2484,#2485,#2486,#2487,#2488,#2489,#2490,#2491
      ,#2492,#2493,#2494,#2495,#2496,#2497,#2498,#2499,#2500,#2501,#2502
      ,#2503,#2504,#2505,#2506,#2507,#2508,#2509,#2510,#2511,#2512,#2513
      ,#2514,#2515,#2516,#2517,#2518,#2519,#2520,#2521,#2522,#2523,#2524
      ,#2525,#2526,#2527,#2528,#2529,#2530,#2531,#2532,#2533,#2534,#2535
      ,#2536,#2537,#2538,#2539,#2540,#2541,#2542,#2543,#2544,#2545,#2546
      ,#2547,#2548,#2549,#2550,#2551,#2552,#2553,#2554,#2555,#2556,#2557
      ,#2558,#2559,#2560,#2561,#2562,#2563,#2564,#2565,#2566,#2567,#2568
      ,#2569,#2570,#2571,#2572,#2573,#2574,#2575,#2576,#2577,#2578,#2579
      ,#2580,#2581,#2582,#2583,#2584,#2585,#2586,#2587,#2588,#2589,#2590
      ,#2591,#2592,#2593,#2594,#2595,#2596,#2597,#2598,#2599,#2600,#2601
      ,#2602,#2603,#2604,#2605,#2606,#2607,#2608,#2609,#2610,#2611,#2612
      ,#2613,#2614,#2615,#2616,#2617,#2618,#2619,#2620,#2621,#2622,#2623
      ,#2624,#2625,#2626,#2627,#2628,#2629,#2630,#2631,#2632,#2633,#2634
      ,#2635,#2636,#2637,#2638,#2639,#2640,#2641,#2642,#2643,#2644,#2645
      ,#2646,#2647,#2648,#2649,#2650,#2651,#2652,#2653,#2654,#2655,#2656
      ,#2657,#2658,#2659,#2660,#2661,#2662,#2663,#2664,#2665,#2666,#2667
      ,#2668,#2669,#2670,#2671,#2672,#2673,#2674,#2675,#2676,#2677,#2678
      ,#2679,#2680,#2681,#2682,#2683,#2684,#2685,#2686,#2687,#2688,#2689
      ,#2690,#2691,#2692,#2693,#2694,#2695,#2696,#2697,#2698,#2699)
    ,(#2700,#2701,#2702,#2703,#2704,#2705,#2706,#2707,#2708,#2709,#2710
      ,#2711,#2712,#2713,#2714,#2715,#2716,#2717,#2718,#2719,#2720,#2721
      ,#2722,#2723,#2724,#2725,#2726,#2727,#2728,#2729,#2730,#2731,#2732
      ,#2733,#2734,#2735,#2736,#2737,#2738,#2739,#2740,#2741,#2742,#2743
      ,#2744,#2745,#2746,#2747,#2748,#2749,#2750,#2751,#2752,#2753,#2754
      ,#2755,#2756,#2757,#2758,#2759,#2760,#2761,#2762,#2763,#2764,#2765
      ,#2766,#2767,#2768,#2769,#2770,#2771,#2772,#2773,#2774,#2775,#2776
      ,#2777,#2778,#2779,#2780,#2781,#2782,#2783,#2784,#2785,#2786,#2787
      ,#2788,#2789,#2790,#2791,#2792,#2793,#2794,#2795,#2796,#2797,#2798
      ,#2799,#2800,#2801,#2802,#2803,#2804,#2805,#2806,#2807,#2808,#2809
      ,#2810,#2811,#2812,#2813,#2814,#2815,#2816,#2817,#2818,#2819,#2820
      ,#2821,#2822,#2823,#2824,#2825,#2826,#2827,#2828,#2829,#2830,#2831
      ,#2832,#2833,#2834,#2835,#2836,#2837,#2838,#2839,#2840,#2841,#2842
      ,#2843,#2844,#2845,#2846,#2847,#2848,#2849,#2850,#2851,#2852,#2853
      ,#2854,#2855,#2856,#2857,#2858,#2859,#2860,#2861,#2862,#2863,#2864
      ,#2865,#2866,#2867,#2868,#2869,#2870,#2871,#2872,#2873,#2874,#2875
      ,#2876,#2877,#2878,#2879,#2880,#2881,#2882,#2883,#2884,#2885,#2886
      ,#2887,#2888,#2889,#2890,#2891,#2892,#2893,#2894,#2895,#2896,#2897
      ,#2898,#2899,#2900,#2901,#2902,#2903,#2904,#2905,#2906,#2907,#2908
      ,#2909,#2910,#2911,#2912,#2913,#2914,#2915,#2916,#2917,#2918,#2919
      ,#2920,#2921,#2922,#2923,#2924,#2925,#2926,#2927,#2928,#2929,#2930
      ,#2931,#2932,#2933,#2934,#2935,#2936,#2937,#2938,#2939,#2940
)),.UNSPECIFIED.,.F.,.F.,.F.) B_SPLINE_SURFACE_WITH_KNOTS((2,2),(3,2,2,2
    ,2,2,2,2,2,2,2,2,2,2,2,2,2,2,2,2,2,2,2,2,2,2,2,2,2,2,2,2,2,2,2,2,2,2
    ,2,2,2,2,2,2,2,2,2,2,2,2,2,2,2,2,2,2,2,2,2,2,2,2,2,2,2,2,2,2,2,2,2,2
    ,2,2,2,2,2,2,2,2,2,2,2,2,2,2,2,2,2,2,2,2,2,2,2,2,2,2,2,2,2,2,2,2,2,2
    ,2,2,2,2,2,2,2,2,2,2,2,2,2,2,3),(0.,1.),(0.,8.333333333E-03,
    1.6666666666E-02,2.5E-02,3.3333333333E-02,4.1666666666E-02,5.E-02,
    5.8333333333E-02,6.6666666666E-02,7.4999999999E-02,8.3333333333E-02,
    9.1666666666E-02,0.1,0.108333333333,0.116666666666,0.125,
    0.133333333333,0.141666666666,0.149999999999,0.158333333333,
    0.166666666666,0.174999999999,0.183333333333,0.191666666666,0.2,
    0.208333333333,0.216666666666,0.225,0.233333333333,0.241666666666,
    0.25,0.258333333333,0.266666666666,0.275,0.283333333333,
    0.291666666666,0.299999999999,0.308333333333,0.316666666666,0.325,
    0.333333333333,0.341666666666,0.349999999999,0.358333333333,
    0.366666666666,0.375,0.383333333333,0.391666666666,0.4,
    0.408333333333,0.416666666666,0.424999999999,0.433333333333,
    0.441666666666,0.45,0.458333333333,0.466666666666,0.474999999999,
    0.483333333333,0.491666666666,0.5,0.508333333333,0.516666666666,
    0.525,0.533333333333,0.541666666666,0.55,0.558333333333,
    0.566666666666,0.574999999999,0.583333333333,0.591666666666,
    0.599999999999,0.608333333333,0.616666666666,0.625,0.633333333333,
    0.641666666666,0.65,0.658333333333,0.666666666666,0.675,
    0.683333333333,0.691666666666,0.699999999999,0.708333333333,
    0.716666666666,0.724999999999,0.733333333333,0.741666666666,0.75,
    0.758333333333,0.766666666666,0.775,0.783333333333,0.791666666666,
    0.8,0.808333333333,0.816666666666,0.824999999999,0.833333333333,
    0.841666666666,0.849999999999,0.858333333333,0.866666666666,0.875,
    0.883333333333,0.891666666666,0.9,0.908333333333,0.916666666666,
    0.925,0.933333333333,0.941666666666,0.949999999999,0.958333333333,
    0.966666666666,0.974999999999,0.983333333333,0.991666666666,1.),
.UNSPECIFIED.) GEOMETRIC_REPRESENTATION_ITEM() RATIONAL_B_SPLINE_SURFACE
((
    (1.,0.866025403784,1.,0.866025403784,1.,0.866025403784,1.
      ,0.866025403784,1.,0.866025403784,1.,0.866025403784,1.
      ,0.866025403784,1.,0.866025403784,1.,0.866025403784,1.
      ,0.866025403784,1.,0.866025403784,1.,0.866025403784,1.
      ,0.866025403784,1.,0.866025403784,1.,0.866025403784,1.
      ,0.866025403784,1.,0.866025403784,1.,0.866025403784,1.
      ,0.866025403784,1.,0.866025403784,1.,0.866025403784,1.
      ,0.866025403784,1.,0.866025403784,1.,0.866025403784,1.
      ,0.866025403784,1.,0.866025403784,1.,0.866025403784,1.
      ,0.866025403784,1.,0.866025403784,1.,0.866025403784,1.
      ,0.866025403784,1.,0.866025403784,1.,0.866025403784,1.
      ,0.866025403784,1.,0.866025403784,1.,0.866025403784,1.
      ,0.866025403784,1.,0.866025403784,1.,0.866025403784,1.
      ,0.866025403784,1.,0.866025403784,1.,0.866025403784,1.
      ,0.866025403784,1.,0.866025403784,1.,0.866025403784,1.
      ,0.866025403784,1.,0.866025403784,1.,0.866025403784,1.
      ,0.866025403784,1.,0.866025403784,1.,0.866025403784,1.
      ,0.866025403784,1.,0.866025403784,1.,0.866025403784,1.
      ,0.866025403784,1.,0.866025403784,1.,0.866025403784,1.
      ,0.866025403784,1.,0.866025403784,1.,0.866025403784,1.
      ,0.866025403784,1.,0.866025403784,1.,0.866025403784,1.
      ,0.866025403784,1.,0.866025403784,1.,0.866025403784,1.
      ,0.866025403784,1.,0.866025403784,1.,0.866025403784,1.
      ,0.866025403784,1.,0.866025403784,1.,0.866025403784,1.
      ,0.866025403784,1.,0.866025403784,1.,0.866025403784,1.
      ,0.866025403784,1.,0.866025403784,1.,0.866025403784,1.
      ,0.866025403784,1.,0.866025403784,1.,0.866025403784,1.
      ,0.866025403784,1.,0.866025403784,1.,0.866025403784,1.
      ,0.866025403784,1.,0.866025403784,1.,0.866025403784,1.
      ,0.866025403784,1.,0.866025403784,1.,0.866025403784,1.
      ,0.866025403784,1.,0.866025403784,1.,0.866025403784,1.
      ,0.866025403784,1.,0.866025403784,1.,0.866025403784,1.
      ,0.866025403784,1.,0.866025403784,1.,0.866025403784,1.
      ,0.866025403784,1.,0.866025403784,1.,0.866025403784,1.
      ,0.866025403784,1.,0.866025403784,1.,0.866025403784,1.
      ,0.866025403784,1.,0.866025403784,1.,0.866025403784,1.
      ,0.866025403784,1.,0.866025403784,1.,0.866025403784,1.
      ,0.866025403784,1.,0.866025403784,1.,0.866025403784,1.
      ,0.866025403784,1.,0.866025403784,1.,0.866025403784,1.
      ,0.866025403784,1.,0.866025403784,1.,0.866025403784,1.)
    ,(1.,0.866025403784,1.,0.866025403784,1.,0.866025403784,1.
      ,0.866025403784,1.,0.866025403784,1.,0.866025403784,1.
      ,0.866025403784,1.,0.866025403784,1.,0.866025403784,1.
      ,0.866025403784,1.,0.866025403784,1.,0.866025403784,1.
      ,0.866025403784,1.,0.866025403784,1.,0.866025403784,1.
      ,0.866025403784,1.,0.866025403784,1.,0.866025403784,1.
      ,0.866025403784,1.,0.866025403784,1.,0.866025403784,1.
      ,0.866025403784,1.,0.866025403784,1.,0.866025403784,1.
      ,0.866025403784,1.,0.866025403784,1.,0.866025403784,1.
      ,0.866025403784,1.,0.866025403784,1.,0.866025403784,1.
      ,0.866025403784,1.,0.866025403784,1.,0.866025403784,1.
      ,0.866025403784,1.,0.866025403784,1.,0.866025403784,1.
      ,0.866025403784,1.,0.866025403784,1.,0.866025403784,1.
      ,0.866025403784,1.,0.866025403784,1.,0.866025403784,1.
      ,0.866025403784,1.,0.866025403784,1.,0.866025403784,1.
      ,0.866025403784,1.,0.866025403784,1.,0.866025403784,1.
      ,0.866025403784,1.,0.866025403784,1.,0.866025403784,1.
      ,0.866025403784,1.,0.866025403784,1.,0.866025403784,1.
      ,0.866025403784,1.,0.866025403784,1.,0.866025403784,1.
      ,0.866025403784,1.,0.866025403784,1.,0.866025403784,1.
      ,0.866025403784,1.,0.866025403784,1.,0.866025403784,1.
      ,0.866025403784,1.,0.866025403784,1.,0.866025403784,1.
      ,0.866025403784,1.,0.866025403784,1.,0.866025403784,1.
      ,0.866025403784,1.,0.866025403784,1.,0.866025403784,1.
      ,0.866025403784,1.,0.866025403784,1.,0.866025403784,1.
      ,0.866025403784,1.,0.866025403784,1.,0.866025403784,1.
      ,0.866025403784,1.,0.866025403784,1.,0.866025403784,1.
      ,0.866025403784,1.,0.866025403784,1.,0.866025403784,1.
      ,0.866025403784,1.,0.866025403784,1.,0.866025403784,1.
      ,0.866025403784,1.,0.866025403784,1.,0.866025403784,1.
      ,0.866025403784,1.,0.866025403784,1.,0.866025403784,1.
      ,0.866025403784,1.,0.866025403784,1.,0.866025403784,1.
      ,0.866025403784,1.,0.866025403784,1.,0.866025403784,1.
      ,0.866025403784,1.,0.866025403784,1.,0.866025403784,1.
      ,0.866025403784,1.,0.866025403784,1.,0.866025403784,1.
      ,0.866025403784,1.,0.866025403784,1.,0.866025403784,1.
      ,0.866025403784,1.,0.866025403784,1.,0.866025403784,1.
      ,0.866025403784,1.,0.866025403784,1.,0.866025403784,1.
      ,0.866025403784,1.,0.866025403784,1.,0.866025403784,1.
      ,0.866025403784,1.,0.866025403784,1.,0.866025403784,1.
))) REPRESENTATION_ITEM('') SURFACE() );
#2459 = CARTESIAN_POINT('',(-1.25,0.,6.2));
#2460 = CARTESIAN_POINT('',(-1.25,0.721687836487,6.158333333333));
#2461 = CARTESIAN_POINT('',(-0.625,1.08253175473,6.116666666666));
#2462 = CARTESIAN_POINT('',(-8.838126989374E-17,1.443375672974,6.075));
#2463 = CARTESIAN_POINT('',(0.624999999999,1.08253175473,6.033333333333)
  );
#2464 = CARTESIAN_POINT('',(1.25,0.721687836487,5.991666666666));
#2465 = CARTESIAN_POINT('',(1.25,1.530808498934E-16,5.95));
#2466 = CARTESIAN_POINT('',(1.25,-0.721687836487,5.908333333333));
#2467 = CARTESIAN_POINT('',(0.625,-1.08253175473,5.866666666666));
#2468 = CARTESIAN_POINT('',(2.651438096812E-16,-1.443375672974,5.825));
#2469 = CARTESIAN_POINT('',(-0.624999999999,-1.08253175473,
    5.783333333333));
#2470 = CARTESIAN_POINT('',(-1.249999999999,-0.721687836487,
    5.741666666666));
#2471 = CARTESIAN_POINT('',(-1.25,0.,5.7));
#2472 = CARTESIAN_POINT('',(-1.25,0.721687836487,5.658333333333));
#2473 = CARTESIAN_POINT('',(-0.625,1.08253175473,5.616666666666));
#2474 = CARTESIAN_POINT('',(-8.838126989374E-17,1.443375672974,5.575));
#2475 = CARTESIAN_POINT('',(0.624999999999,1.08253175473,5.533333333333)
  );
#2476 = CARTESIAN_POINT('',(1.25,0.721687836487,5.491666666666));
#2477 = CARTESIAN_POINT('',(1.25,1.530808498934E-16,5.45));
#2478 = CARTESIAN_POINT('',(1.25,-0.721687836487,5.408333333333));
#2479 = CARTESIAN_POINT('',(0.625,-1.08253175473,5.366666666666));
#2480 = CARTESIAN_POINT('',(2.651438096812E-16,-1.443375672974,5.325));
#2481 = CARTESIAN_POINT('',(-0.624999999999,-1.08253175473,
    5.283333333333));
#2482 = CARTESIAN_POINT('',(-1.249999999999,-0.721687836487,
    5.241666666666));
#2483 = CARTESIAN_POINT('',(-1.25,0.,5.2));
#2484 = CARTESIAN_POINT('',(-1.25,0.721687836487,5.158333333333));
#2485 = CARTESIAN_POINT('',(-0.625,1.08253175473,5.116666666666));
#2486 = CARTESIAN_POINT('',(-8.838126989374E-17,1.443375672974,5.075));
#2487 = CARTESIAN_POINT('',(0.624999999999,1.08253175473,5.033333333333)
  );
#2488 = CARTESIAN_POINT('',(1.25,0.721687836487,4.991666666666));
#2489 = CARTESIAN_POINT('',(1.25,1.530808498934E-16,4.95));
#2490 = CARTESIAN_POINT('',(1.25,-0.721687836487,4.908333333333));
#2491 = CARTESIAN_POINT('',(0.625,-1.08253175473,4.866666666666));
#2492 = CARTESIAN_POINT('',(2.651438096812E-16,-1.443375672974,4.825));
#2493 = CARTESIAN_POINT('',(-0.624999999999,-1.08253175473,
    4.783333333333));
#2494 = CARTESIAN_POINT('',(-1.249999999999,-0.721687836487,
    4.741666666666));
#2495 = CARTESIAN_POINT('',(-1.25,0.,4.7));
#2496 = CARTESIAN_POINT('',(-1.25,0.721687836487,4.658333333333));
#2497 = CARTESIAN_POINT('',(-0.625,1.08253175473,4.616666666666));
#2498 = CARTESIAN_POINT('',(-8.838126989374E-17,1.443375672974,4.575));
#2499 = CARTESIAN_POINT('',(0.624999999999,1.08253175473,4.533333333333)
  );
#2500 = CARTESIAN_POINT('',(1.25,0.721687836487,4.491666666666));
#2501 = CARTESIAN_POINT('',(1.25,1.530808498934E-16,4.45));
#2502 = CARTESIAN_POINT('',(1.25,-0.721687836487,4.408333333333));
#2503 = CARTESIAN_POINT('',(0.625,-1.08253175473,4.366666666666));
#2504 = CARTESIAN_POINT('',(2.651438096812E-16,-1.443375672974,4.325));
#2505 = CARTESIAN_POINT('',(-0.624999999999,-1.08253175473,
    4.283333333333));
#2506 = CARTESIAN_POINT('',(-1.249999999999,-0.721687836487,
    4.241666666666));
#2507 = CARTESIAN_POINT('',(-1.25,0.,4.2));
#2508 = CARTESIAN_POINT('',(-1.25,0.721687836487,4.158333333333));
#2509 = CARTESIAN_POINT('',(-0.625,1.08253175473,4.116666666666));
#2510 = CARTESIAN_POINT('',(-8.838126989374E-17,1.443375672974,4.075));
#2511 = CARTESIAN_POINT('',(0.624999999999,1.08253175473,4.033333333333)
  );
#2512 = CARTESIAN_POINT('',(1.25,0.721687836487,3.991666666666));
#2513 = CARTESIAN_POINT('',(1.25,1.530808498934E-16,3.95));
#2514 = CARTESIAN_POINT('',(1.25,-0.721687836487,3.908333333333));
#2515 = CARTESIAN_POINT('',(0.625,-1.08253175473,3.866666666666));
#2516 = CARTESIAN_POINT('',(2.651438096812E-16,-1.443375672974,3.825));
#2517 = CARTESIAN_POINT('',(-0.624999999999,-1.08253175473,
    3.783333333333));
#2518 = CARTESIAN_POINT('',(-1.249999999999,-0.721687836487,
    3.741666666666));
#2519 = CARTESIAN_POINT('',(-1.25,0.,3.7));
#2520 = CARTESIAN_POINT('',(-1.25,0.721687836487,3.658333333333));
#2521 = CARTESIAN_POINT('',(-0.625,1.08253175473,3.616666666666));
#2522 = CARTESIAN_POINT('',(-8.838126989374E-17,1.443375672974,3.575));
#2523 = CARTESIAN_POINT('',(0.624999999999,1.08253175473,3.533333333333)
  );
#2524 = CARTESIAN_POINT('',(1.25,0.721687836487,3.491666666666));
#2525 = CARTESIAN_POINT('',(1.25,1.530808498934E-16,3.45));
#2526 = CARTESIAN_POINT('',(1.25,-0.721687836487,3.408333333333));
#2527 = CARTESIAN_POINT('',(0.625,-1.08253175473,3.366666666666));
#2528 = CARTESIAN_POINT('',(2.651438096812E-16,-1.443375672974,3.325));
#2529 = CARTESIAN_POINT('',(-0.624999999999,-1.08253175473,
    3.283333333333));
#2530 = CARTESIAN_POINT('',(-1.249999999999,-0.721687836487,
    3.241666666666));
#2531 = CARTESIAN_POINT('',(-1.25,0.,3.2));
#2532 = CARTESIAN_POINT('',(-1.25,0.721687836487,3.158333333333));
#2533 = CARTESIAN_POINT('',(-0.625,1.08253175473,3.116666666666));
#2534 = CARTESIAN_POINT('',(-8.838126989374E-17,1.443375672974,3.075));
#2535 = CARTESIAN_POINT('',(0.624999999999,1.08253175473,3.033333333333)
  );
#2536 = CARTESIAN_POINT('',(1.25,0.721687836487,2.991666666666));
#2537 = CARTESIAN_POINT('',(1.25,1.530808498934E-16,2.95));
#2538 = CARTESIAN_POINT('',(1.25,-0.721687836487,2.908333333333));
#2539 = CARTESIAN_POINT('',(0.625,-1.08253175473,2.866666666666));
#2540 = CARTESIAN_POINT('',(2.651438096812E-16,-1.443375672974,2.825));
#2541 = CARTESIAN_POINT('',(-0.624999999999,-1.08253175473,
    2.783333333333));
#2542 = CARTESIAN_POINT('',(-1.249999999999,-0.721687836487,
    2.741666666666));
#2543 = CARTESIAN_POINT('',(-1.25,0.,2.7));
#2544 = CARTESIAN_POINT('',(-1.25,0.721687836487,2.658333333333));
#2545 = CARTESIAN_POINT('',(-0.625,1.08253175473,2.616666666666));
#2546 = CARTESIAN_POINT('',(-8.838126989374E-17,1.443375672974,2.575));
#2547 = CARTESIAN_POINT('',(0.624999999999,1.08253175473,2.533333333333)
  );
#2548 = CARTESIAN_POINT('',(1.25,0.721687836487,2.491666666666));
#2549 = CARTESIAN_POINT('',(1.25,1.530808498934E-16,2.45));
#2550 = CARTESIAN_POINT('',(1.25,-0.721687836487,2.408333333333));
#2551 = CARTESIAN_POINT('',(0.625,-1.08253175473,2.366666666666));
#2552 = CARTESIAN_POINT('',(2.651438096812E-16,-1.443375672974,2.325));
#2553 = CARTESIAN_POINT('',(-0.624999999999,-1.08253175473,
    2.283333333333));
#2554 = CARTESIAN_POINT('',(-1.249999999999,-0.721687836487,
    2.241666666666));
#2555 = CARTESIAN_POINT('',(-1.25,0.,2.2));
#2556 = CARTESIAN_POINT('',(-1.25,0.721687836487,2.158333333333));
#2557 = CARTESIAN_POINT('',(-0.625,1.08253175473,2.116666666666));
#2558 = CARTESIAN_POINT('',(-8.838126989374E-17,1.443375672974,2.075));
#2559 = CARTESIAN_POINT('',(0.624999999999,1.08253175473,2.033333333333)
  );
#2560 = CARTESIAN_POINT('',(1.25,0.721687836487,1.991666666666));
#2561 = CARTESIAN_POINT('',(1.25,1.530808498934E-16,1.95));
#2562 = CARTESIAN_POINT('',(1.25,-0.721687836487,1.908333333333));
#2563 = CARTESIAN_POINT('',(0.625,-1.08253175473,1.866666666666));
#2564 = CARTESIAN_POINT('',(2.651438096812E-16,-1.443375672974,1.825));
#2565 = CARTESIAN_POINT('',(-0.624999999999,-1.08253175473,
    1.783333333333));
#2566 = CARTESIAN_POINT('',(-1.249999999999,-0.721687836487,
    1.741666666666));
#2567 = CARTESIAN_POINT('',(-1.25,0.,1.7));
#2568 = CARTESIAN_POINT('',(-1.25,0.721687836487,1.658333333333));
#2569 = CARTESIAN_POINT('',(-0.625,1.08253175473,1.616666666666));
#2570 = CARTESIAN_POINT('',(-8.838126989374E-17,1.443375672974,1.575));
#2571 = CARTESIAN_POINT('',(0.624999999999,1.08253175473,1.533333333333)
  );
#2572 = CARTESIAN_POINT('',(1.25,0.721687836487,1.491666666666));
#2573 = CARTESIAN_POINT('',(1.25,1.530808498934E-16,1.45));
#2574 = CARTESIAN_POINT('',(1.25,-0.721687836487,1.408333333333));
#2575 = CARTESIAN_POINT('',(0.625,-1.08253175473,1.366666666666));
#2576 = CARTESIAN_POINT('',(2.651438096812E-16,-1.443375672974,1.325));
#2577 = CARTESIAN_POINT('',(-0.624999999999,-1.08253175473,
    1.283333333333));
#2578 = CARTESIAN_POINT('',(-1.249999999999,-0.721687836487,
    1.241666666666));
#2579 = CARTESIAN_POINT('',(-1.25,0.,1.2));
#2580 = CARTESIAN_POINT('',(-1.25,0.721687836487,1.158333333333));
#2581 = CARTESIAN_POINT('',(-0.625,1.08253175473,1.116666666666));
#2582 = CARTESIAN_POINT('',(-8.838126989374E-17,1.443375672974,1.075));
#2583 = CARTESIAN_POINT('',(0.624999999999,1.08253175473,1.033333333333)
  );
#2584 = CARTESIAN_POINT('',(1.25,0.721687836487,0.991666666666));
#2585 = CARTESIAN_POINT('',(1.25,1.530808498934E-16,0.95));
#2586 = CARTESIAN_POINT('',(1.25,-0.721687836487,0.908333333333));
#2587 = CARTESIAN_POINT('',(0.625,-1.08253175473,0.866666666666));
#2588 = CARTESIAN_POINT('',(2.651438096812E-16,-1.443375672974,0.825));
#2589 = CARTESIAN_POINT('',(-0.624999999999,-1.08253175473,
    0.783333333333));
#2590 = CARTESIAN_POINT('',(-1.249999999999,-0.721687836487,
    0.741666666666));
#2591 = CARTESIAN_POINT('',(-1.25,0.,0.7));
#2592 = CARTESIAN_POINT('',(-1.25,0.721687836487,0.658333333333));
#2593 = CARTESIAN_POINT('',(-0.625,1.08253175473,0.616666666666));
#2594 = CARTESIAN_POINT('',(-8.838126989374E-17,1.443375672974,0.575));
#2595 = CARTESIAN_POINT('',(0.624999999999,1.08253175473,0.533333333333)
  );
#2596 = CARTESIAN_POINT('',(1.25,0.721687836487,0.491666666666));
#2597 = CARTESIAN_POINT('',(1.25,1.530808498934E-16,0.45));
#2598 = CARTESIAN_POINT('',(1.25,-0.721687836487,0.408333333333));
#2599 = CARTESIAN_POINT('',(0.625,-1.08253175473,0.366666666666));
#2600 = CARTESIAN_POINT('',(2.651438096812E-16,-1.443375672974,0.325));
#2601 = CARTESIAN_POINT('',(-0.624999999999,-1.08253175473,
    0.283333333333));
#2602 = CARTESIAN_POINT('',(-1.249999999999,-0.721687836487,
    0.241666666666));
#2603 = CARTESIAN_POINT('',(-1.25,0.,0.2));
#2604 = CARTESIAN_POINT('',(-1.25,0.721687836487,0.158333333333));
#2605 = CARTESIAN_POINT('',(-0.625,1.08253175473,0.116666666666));
#2606 = CARTESIAN_POINT('',(-8.838126989374E-17,1.443375672974,7.5E-02)
  );
#2607 = CARTESIAN_POINT('',(0.624999999999,1.08253175473,
    3.3333333333E-02));
#2608 = CARTESIAN_POINT('',(1.25,0.721687836487,-8.333333333E-03));
#2609 = CARTESIAN_POINT('',(1.25,1.530808498934E-16,-4.9999999999E-02));
#2610 = CARTESIAN_POINT('',(1.25,-0.721687836487,-9.1666666666E-02));
#2611 = CARTESIAN_POINT('',(0.625,-1.08253175473,-0.133333333333));
#2612 = CARTESIAN_POINT('',(2.651438096812E-16,-1.443375672974,
    -0.174999999999));
#2613 = CARTESIAN_POINT('',(-0.624999999999,-1.08253175473,
    -0.216666666666));
#2614 = CARTESIAN_POINT('',(-1.249999999999,-0.721687836487,
    -0.258333333333));
#2615 = CARTESIAN_POINT('',(-1.25,0.,-0.299999999999));
#2616 = CARTESIAN_POINT('',(-1.25,0.721687836487,-0.341666666666));
#2617 = CARTESIAN_POINT('',(-0.625,1.08253175473,-0.383333333333));
#2618 = CARTESIAN_POINT('',(-8.838126989374E-17,1.443375672974,
    -0.424999999999));
#2619 = CARTESIAN_POINT('',(0.624999999999,1.08253175473,-0.466666666666
    ));
#2620 = CARTESIAN_POINT('',(1.25,0.721687836487,-0.508333333333));
#2621 = CARTESIAN_POINT('',(1.25,1.530808498934E-16,-0.549999999999));
#2622 = CARTESIAN_POINT('',(1.25,-0.721687836487,-0.591666666666));
#2623 = CARTESIAN_POINT('',(0.625,-1.08253175473,-0.633333333333));
#2624 = CARTESIAN_POINT('',(2.651438096812E-16,-1.443375672974,
    -0.674999999999));
#2625 = CARTESIAN_POINT('',(-0.624999999999,-1.08253175473,
    -0.716666666666));
#2626 = CARTESIAN_POINT('',(-1.249999999999,-0.721687836487,
    -0.758333333333));
#2627 = CARTESIAN_POINT('',(-1.25,0.,-0.799999999999));
#2628 = CARTESIAN_POINT('',(-1.25,0.721687836487,-0.841666666666));
#2629 = CARTESIAN_POINT('',(-0.625,1.08253175473,-0.883333333333));
#2630 = CARTESIAN_POINT('',(-8.838126989374E-17,1.443375672974,
    -0.924999999999));
#2631 = CARTESIAN_POINT('',(0.624999999999,1.08253175473,-0.966666666666
    ));
#2632 = CARTESIAN_POINT('',(1.25,0.721687836487,-1.008333333333));
#2633 = CARTESIAN_POINT('',(1.25,1.530808498934E-16,-1.049999999999));
#2634 = CARTESIAN_POINT('',(1.25,-0.721687836487,-1.091666666666));
#2635 = CARTESIAN_POINT('',(0.625,-1.08253175473,-1.133333333333));
#2636 = CARTESIAN_POINT('',(2.651438096812E-16,-1.443375672974,
    -1.174999999999));
#2637 = CARTESIAN_POINT('',(-0.624999999999,-1.08253175473,
    -1.216666666666));
#2638 = CARTESIAN_POINT('',(-1.249999999999,-0.721687836487,
    -1.258333333333));
#2639 = CARTESIAN_POINT('',(-1.25,0.,-1.299999999999));
#2640 = CARTESIAN_POINT('',(-1.25,0.721687836487,-1.341666666666));
#2641 = CARTESIAN_POINT('',(-0.625,1.08253175473,-1.383333333333));
#2642 = CARTESIAN_POINT('',(-8.838126989374E-17,1.443375672974,
    -1.424999999999));
#2643 = CARTESIAN_POINT('',(0.624999999999,1.08253175473,-1.466666666666
    ));
#2644 = CARTESIAN_POINT('',(1.25,0.721687836487,-1.508333333333));
#2645 = CARTESIAN_POINT('',(1.25,1.530808498934E-16,-1.549999999999));
#2646 = CARTESIAN_POINT('',(1.25,-0.721687836487,-1.591666666666));
#2647 = CARTESIAN_POINT('',(0.625,-1.08253175473,-1.633333333333));
#2648 = CARTESIAN_POINT('',(2.651438096812E-16,-1.443375672974,
    -1.674999999999));
#2649 = CARTESIAN_POINT('',(-0.624999999999,-1.08253175473,
    -1.716666666666));
#2650 = CARTESIAN_POINT('',(-1.249999999999,-0.721687836487,
    -1.758333333333));
#2651 = CARTESIAN_POINT('',(-1.25,0.,-1.799999999999));
#2652 = CARTESIAN_POINT('',(-1.25,0.721687836487,-1.841666666666));
#2653 = CARTESIAN_POINT('',(-0.625,1.08253175473,-1.883333333333));
#2654 = CARTESIAN_POINT('',(-8.838126989374E-17,1.443375672974,
    -1.924999999999));
#2655 = CARTESIAN_POINT('',(0.624999999999,1.08253175473,-1.966666666666
    ));
#2656 = CARTESIAN_POINT('',(1.25,0.721687836487,-2.008333333333));
#2657 = CARTESIAN_POINT('',(1.25,1.530808498934E-16,-2.049999999999));
#2658 = CARTESIAN_POINT('',(1.25,-0.721687836487,-2.091666666666));
#2659 = CARTESIAN_POINT('',(0.625,-1.08253175473,-2.133333333333));
#2660 = CARTESIAN_POINT('',(2.651438096812E-16,-1.443375672974,
    -2.174999999999));
#2661 = CARTESIAN_POINT('',(-0.624999999999,-1.08253175473,
    -2.216666666666));
#2662 = CARTESIAN_POINT('',(-1.249999999999,-0.721687836487,
    -2.258333333333));
#2663 = CARTESIAN_POINT('',(-1.25,0.,-2.299999999999));
#2664 = CARTESIAN_POINT('',(-1.25,0.721687836487,-2.341666666666));
#2665 = CARTESIAN_POINT('',(-0.625,1.08253175473,-2.383333333333));
#2666 = CARTESIAN_POINT('',(-8.838126989374E-17,1.443375672974,
    -2.424999999999));
#2667 = CARTESIAN_POINT('',(0.624999999999,1.08253175473,-2.466666666666
    ));
#2668 = CARTESIAN_POINT('',(1.25,0.721687836487,-2.508333333333));
#2669 = CARTESIAN_POINT('',(1.25,1.530808498934E-16,-2.549999999999));
#2670 = CARTESIAN_POINT('',(1.25,-0.721687836487,-2.591666666666));
#2671 = CARTESIAN_POINT('',(0.625,-1.08253175473,-2.633333333333));
#2672 = CARTESIAN_POINT('',(2.651438096812E-16,-1.443375672974,
    -2.674999999999));
#2673 = CARTESIAN_POINT('',(-0.624999999999,-1.08253175473,
    -2.716666666666));
#2674 = CARTESIAN_POINT('',(-1.249999999999,-0.721687836487,
    -2.758333333333));
#2675 = CARTESIAN_POINT('',(-1.25,0.,-2.799999999999));
#2676 = CARTESIAN_POINT('',(-1.25,0.721687836487,-2.841666666666));
#2677 = CARTESIAN_POINT('',(-0.625,1.08253175473,-2.883333333333));
#2678 = CARTESIAN_POINT('',(-8.838126989374E-17,1.443375672974,
    -2.924999999999));
#2679 = CARTESIAN_POINT('',(0.624999999999,1.08253175473,-2.966666666666
    ));
#2680 = CARTESIAN_POINT('',(1.25,0.721687836487,-3.008333333333));
#2681 = CARTESIAN_POINT('',(1.25,1.530808498934E-16,-3.049999999999));
#2682 = CARTESIAN_POINT('',(1.25,-0.721687836487,-3.091666666666));
#2683 = CARTESIAN_POINT('',(0.625,-1.08253175473,-3.133333333333));
#2684 = CARTESIAN_POINT('',(2.651438096812E-16,-1.443375672974,
    -3.174999999999));
#2685 = CARTESIAN_POINT('',(-0.624999999999,-1.08253175473,
    -3.216666666666));
#2686 = CARTESIAN_POINT('',(-1.249999999999,-0.721687836487,
    -3.258333333333));
#2687 = CARTESIAN_POINT('',(-1.25,0.,-3.299999999999));
#2688 = CARTESIAN_POINT('',(-1.25,0.721687836487,-3.341666666666));
#2689 = CARTESIAN_POINT('',(-0.625,1.08253175473,-3.383333333333));
#2690 = CARTESIAN_POINT('',(-8.838126989374E-17,1.443375672974,
    -3.424999999999));
#2691 = CARTESIAN_POINT('',(0.624999999999,1.08253175473,-3.466666666666
    ));
#2692 = CARTESIAN_POINT('',(1.25,0.721687836487,-3.508333333333));
#2693 = CARTESIAN_POINT('',(1.25,1.530808498934E-16,-3.549999999999));
#2694 = CARTESIAN_POINT('',(1.25,-0.721687836487,-3.591666666666));
#2695 = CARTESIAN_POINT('',(0.625,-1.08253175473,-3.633333333333));
#2696 = CARTESIAN_POINT('',(2.651438096812E-16,-1.443375672974,
    -3.674999999999));
#2697 = CARTESIAN_POINT('',(-0.624999999999,-1.08253175473,
    -3.716666666666));
#2698 = CARTESIAN_POINT('',(-1.249999999999,-0.721687836487,
    -3.758333333333));
#2699 = CARTESIAN_POINT('',(-1.25,0.,-3.799999999999));
#2700 = CARTESIAN_POINT('',(-1.5206329375,0.,6.043750000682));
#2701 = CARTESIAN_POINT('',(-1.520632937499,0.877937835804,
    6.002083334016));
#2702 = CARTESIAN_POINT('',(-0.76031646875,1.316906753706,5.960416667349
    ));
#2703 = CARTESIAN_POINT('',(-1.075163760468E-16,1.755875671608,
    5.918750000682));
#2704 = CARTESIAN_POINT('',(0.760316468749,1.316906753706,5.877083334016
    ));
#2705 = CARTESIAN_POINT('',(1.520632937499,0.877937835804,5.835416667349
    ));
#2706 = CARTESIAN_POINT('',(1.5206329375,1.862238259587E-16,
    5.793750000682));
#2707 = CARTESIAN_POINT('',(1.5206329375,-0.877937835804,5.752083334016)
  );
#2708 = CARTESIAN_POINT('',(0.76031646875,-1.316906753706,5.710416667349
    ));
#2709 = CARTESIAN_POINT('',(3.225491281404E-16,-1.755875671608,
    5.668750000682));
#2710 = CARTESIAN_POINT('',(-0.760316468749,-1.316906753706,
    5.627083334016));
#2711 = CARTESIAN_POINT('',(-1.520632937499,-0.877937835804,
    5.585416667349));
#2712 = CARTESIAN_POINT('',(-1.5206329375,0.,5.543750000682));
#2713 = CARTESIAN_POINT('',(-1.520632937499,0.877937835804,
    5.502083334016));
#2714 = CARTESIAN_POINT('',(-0.76031646875,1.316906753706,5.460416667349
    ));
#2715 = CARTESIAN_POINT('',(-1.075163760468E-16,1.755875671608,
    5.418750000682));
#2716 = CARTESIAN_POINT('',(0.760316468749,1.316906753706,5.377083334016
    ));
#2717 = CARTESIAN_POINT('',(1.520632937499,0.877937835804,5.335416667349
    ));
#2718 = CARTESIAN_POINT('',(1.5206329375,1.862238259587E-16,
    5.293750000682));
#2719 = CARTESIAN_POINT('',(1.5206329375,-0.877937835804,5.252083334016)
  );
#2720 = CARTESIAN_POINT('',(0.76031646875,-1.316906753706,5.210416667349
    ));
#2721 = CARTESIAN_POINT('',(3.225491281404E-16,-1.755875671608,
    5.168750000682));
#2722 = CARTESIAN_POINT('',(-0.760316468749,-1.316906753706,
    5.127083334016));
#2723 = CARTESIAN_POINT('',(-1.520632937499,-0.877937835804,
    5.085416667349));
#2724 = CARTESIAN_POINT('',(-1.5206329375,0.,5.043750000682));
#2725 = CARTESIAN_POINT('',(-1.520632937499,0.877937835804,
    5.002083334016));
#2726 = CARTESIAN_POINT('',(-0.76031646875,1.316906753706,4.960416667349
    ));
#2727 = CARTESIAN_POINT('',(-1.075163760468E-16,1.755875671608,
    4.918750000682));
#2728 = CARTESIAN_POINT('',(0.760316468749,1.316906753706,4.877083334016
    ));
#2729 = CARTESIAN_POINT('',(1.520632937499,0.877937835804,4.835416667349
    ));
#2730 = CARTESIAN_POINT('',(1.5206329375,1.862238259587E-16,
    4.793750000682));
#2731 = CARTESIAN_POINT('',(1.5206329375,-0.877937835804,4.752083334016)
  );
#2732 = CARTESIAN_POINT('',(0.76031646875,-1.316906753706,4.710416667349
    ));
#2733 = CARTESIAN_POINT('',(3.225491281404E-16,-1.755875671608,
    4.668750000682));
#2734 = CARTESIAN_POINT('',(-0.760316468749,-1.316906753706,
    4.627083334016));
#2735 = CARTESIAN_POINT('',(-1.520632937499,-0.877937835804,
    4.585416667349));
#2736 = CARTESIAN_POINT('',(-1.5206329375,0.,4.543750000682));
#2737 = CARTESIAN_POINT('',(-1.520632937499,0.877937835804,
    4.502083334016));
#2738 = CARTESIAN_POINT('',(-0.76031646875,1.316906753706,4.460416667349
    ));
#2739 = CARTESIAN_POINT('',(-1.075163760468E-16,1.755875671608,
    4.418750000682));
#2740 = CARTESIAN_POINT('',(0.760316468749,1.316906753706,4.377083334016
    ));
#2741 = CARTESIAN_POINT('',(1.520632937499,0.877937835804,4.335416667349
    ));
#2742 = CARTESIAN_POINT('',(1.5206329375,1.862238259587E-16,
    4.293750000682));
#2743 = CARTESIAN_POINT('',(1.5206329375,-0.877937835804,4.252083334016)
  );
#2744 = CARTESIAN_POINT('',(0.76031646875,-1.316906753706,4.210416667349
    ));
#2745 = CARTESIAN_POINT('',(3.225491281404E-16,-1.755875671608,
    4.168750000682));
#2746 = CARTESIAN_POINT('',(-0.760316468749,-1.316906753706,
    4.127083334016));
#2747 = CARTESIAN_POINT('',(-1.520632937499,-0.877937835804,
    4.085416667349));
#2748 = CARTESIAN_POINT('',(-1.5206329375,0.,4.043750000682));
#2749 = CARTESIAN_POINT('',(-1.520632937499,0.877937835804,
    4.002083334016));
#2750 = CARTESIAN_POINT('',(-0.76031646875,1.316906753706,3.960416667349
    ));
#2751 = CARTESIAN_POINT('',(-1.075163760468E-16,1.755875671608,
    3.918750000682));
#2752 = CARTESIAN_POINT('',(0.760316468749,1.316906753706,3.877083334016
    ));
#2753 = CARTESIAN_POINT('',(1.520632937499,0.877937835804,3.835416667349
    ));
#2754 = CARTESIAN_POINT('',(1.5206329375,1.862238259587E-16,
    3.793750000682));
#2755 = CARTESIAN_POINT('',(1.5206329375,-0.877937835804,3.752083334016)
  );
#2756 = CARTESIAN_POINT('',(0.76031646875,-1.316906753706,3.710416667349
    ));
#2757 = CARTESIAN_POINT('',(3.225491281404E-16,-1.755875671608,
    3.668750000682));
#2758 = CARTESIAN_POINT('',(-0.760316468749,-1.316906753706,
    3.627083334016));
#2759 = CARTESIAN_POINT('',(-1.520632937499,-0.877937835804,
    3.585416667349));
#2760 = CARTESIAN_POINT('',(-1.5206329375,0.,3.543750000682));
#2761 = CARTESIAN_POINT('',(-1.520632937499,0.877937835804,
    3.502083334016));
#2762 = CARTESIAN_POINT('',(-0.76031646875,1.316906753706,3.460416667349
    ));
#2763 = CARTESIAN_POINT('',(-1.075163760468E-16,1.755875671608,
    3.418750000682));
#2764 = CARTESIAN_POINT('',(0.760316468749,1.316906753706,3.377083334016
    ));
#2765 = CARTESIAN_POINT('',(1.520632937499,0.877937835804,3.335416667349
    ));
#2766 = CARTESIAN_POINT('',(1.5206329375,1.862238259587E-16,
    3.293750000682));
#2767 = CARTESIAN_POINT('',(1.5206329375,-0.877937835804,3.252083334016)
  );
#2768 = CARTESIAN_POINT('',(0.76031646875,-1.316906753706,3.210416667349
    ));
#2769 = CARTESIAN_POINT('',(3.225491281404E-16,-1.755875671608,
    3.168750000682));
#2770 = CARTESIAN_POINT('',(-0.760316468749,-1.316906753706,
    3.127083334016));
#2771 = CARTESIAN_POINT('',(-1.520632937499,-0.877937835804,
    3.085416667349));
#2772 = CARTESIAN_POINT('',(-1.5206329375,0.,3.043750000682));
#2773 = CARTESIAN_POINT('',(-1.520632937499,0.877937835804,
    3.002083334016));
#2774 = CARTESIAN_POINT('',(-0.76031646875,1.316906753706,2.960416667349
    ));
#2775 = CARTESIAN_POINT('',(-1.075163760468E-16,1.755875671608,
    2.918750000682));
#2776 = CARTESIAN_POINT('',(0.760316468749,1.316906753706,2.877083334016
    ));
#2777 = CARTESIAN_POINT('',(1.520632937499,0.877937835804,2.835416667349
    ));
#2778 = CARTESIAN_POINT('',(1.5206329375,1.862238259587E-16,
    2.793750000682));
#2779 = CARTESIAN_POINT('',(1.5206329375,-0.877937835804,2.752083334016)
  );
#2780 = CARTESIAN_POINT('',(0.76031646875,-1.316906753706,2.710416667349
    ));
#2781 = CARTESIAN_POINT('',(3.225491281404E-16,-1.755875671608,
    2.668750000682));
#2782 = CARTESIAN_POINT('',(-0.760316468749,-1.316906753706,
    2.627083334016));
#2783 = CARTESIAN_POINT('',(-1.520632937499,-0.877937835804,
    2.585416667349));
#2784 = CARTESIAN_POINT('',(-1.5206329375,0.,2.543750000682));
#2785 = CARTESIAN_POINT('',(-1.520632937499,0.877937835804,
    2.502083334016));
#2786 = CARTESIAN_POINT('',(-0.76031646875,1.316906753706,2.460416667349
    ));
#2787 = CARTESIAN_POINT('',(-1.075163760468E-16,1.755875671608,
    2.418750000682));
#2788 = CARTESIAN_POINT('',(0.760316468749,1.316906753706,2.377083334016
    ));
#2789 = CARTESIAN_POINT('',(1.520632937499,0.877937835804,2.335416667349
    ));
#2790 = CARTESIAN_POINT('',(1.5206329375,1.862238259587E-16,
    2.293750000682));
#2791 = CARTESIAN_POINT('',(1.5206329375,-0.877937835804,2.252083334016)
  );
#2792 = CARTESIAN_POINT('',(0.76031646875,-1.316906753706,2.210416667349
    ));
#2793 = CARTESIAN_POINT('',(3.225491281404E-16,-1.755875671608,
    2.168750000682));
#2794 = CARTESIAN_POINT('',(-0.760316468749,-1.316906753706,
    2.127083334016));
#2795 = CARTESIAN_POINT('',(-1.520632937499,-0.877937835804,
    2.085416667349));
#2796 = CARTESIAN_POINT('',(-1.5206329375,0.,2.043750000682));
#2797 = CARTESIAN_POINT('',(-1.520632937499,0.877937835804,
    2.002083334016));
#2798 = CARTESIAN_POINT('',(-0.76031646875,1.316906753706,1.960416667349
    ));
#2799 = CARTESIAN_POINT('',(-1.075163760468E-16,1.755875671608,
    1.918750000682));
#2800 = CARTESIAN_POINT('',(0.760316468749,1.316906753706,1.877083334016
    ));
#2801 = CARTESIAN_POINT('',(1.520632937499,0.877937835804,1.835416667349
    ));
#2802 = CARTESIAN_POINT('',(1.5206329375,1.862238259587E-16,
    1.793750000682));
#2803 = CARTESIAN_POINT('',(1.5206329375,-0.877937835804,1.752083334016)
  );
#2804 = CARTESIAN_POINT('',(0.76031646875,-1.316906753706,1.710416667349
    ));
#2805 = CARTESIAN_POINT('',(3.225491281404E-16,-1.755875671608,
    1.668750000682));
#2806 = CARTESIAN_POINT('',(-0.760316468749,-1.316906753706,
    1.627083334016));
#2807 = CARTESIAN_POINT('',(-1.520632937499,-0.877937835804,
    1.585416667349));
#2808 = CARTESIAN_POINT('',(-1.5206329375,0.,1.543750000682));
#2809 = CARTESIAN_POINT('',(-1.520632937499,0.877937835804,
    1.502083334016));
#2810 = CARTESIAN_POINT('',(-0.76031646875,1.316906753706,1.460416667349
    ));
#2811 = CARTESIAN_POINT('',(-1.075163760468E-16,1.755875671608,
    1.418750000682));
#2812 = CARTESIAN_POINT('',(0.760316468749,1.316906753706,1.377083334016
    ));
#2813 = CARTESIAN_POINT('',(1.520632937499,0.877937835804,1.335416667349
    ));
#2814 = CARTESIAN_POINT('',(1.5206329375,1.862238259587E-16,
    1.293750000682));
#2815 = CARTESIAN_POINT('',(1.5206329375,-0.877937835804,1.252083334016)
  );
#2816 = CARTESIAN_POINT('',(0.76031646875,-1.316906753706,1.210416667349
    ));
#2817 = CARTESIAN_POINT('',(3.225491281404E-16,-1.755875671608,
    1.168750000682));
#2818 = CARTESIAN_POINT('',(-0.760316468749,-1.316906753706,
    1.127083334016));
#2819 = CARTESIAN_POINT('',(-1.520632937499,-0.877937835804,
    1.085416667349));
#2820 = CARTESIAN_POINT('',(-1.5206329375,0.,1.043750000682));
#2821 = CARTESIAN_POINT('',(-1.520632937499,0.877937835804,
    1.002083334016));
#2822 = CARTESIAN_POINT('',(-0.76031646875,1.316906753706,0.960416667349
    ));
#2823 = CARTESIAN_POINT('',(-1.075163760468E-16,1.755875671608,
    0.918750000682));
#2824 = CARTESIAN_POINT('',(0.760316468749,1.316906753706,0.877083334016
    ));
#2825 = CARTESIAN_POINT('',(1.520632937499,0.877937835804,0.835416667349
    ));
#2826 = CARTESIAN_POINT('',(1.5206329375,1.862238259587E-16,
    0.793750000682));
#2827 = CARTESIAN_POINT('',(1.5206329375,-0.877937835804,0.752083334016)
  );
#2828 = CARTESIAN_POINT('',(0.76031646875,-1.316906753706,0.710416667349
    ));
#2829 = CARTESIAN_POINT('',(3.225491281404E-16,-1.755875671608,
    0.668750000682));
#2830 = CARTESIAN_POINT('',(-0.760316468749,-1.316906753706,
    0.627083334016));
#2831 = CARTESIAN_POINT('',(-1.520632937499,-0.877937835804,
    0.585416667349));
#2832 = CARTESIAN_POINT('',(-1.5206329375,0.,0.543750000682));
#2833 = CARTESIAN_POINT('',(-1.520632937499,0.877937835804,
    0.502083334016));
#2834 = CARTESIAN_POINT('',(-0.76031646875,1.316906753706,0.460416667349
    ));
#2835 = CARTESIAN_POINT('',(-1.075163760468E-16,1.755875671608,
    0.418750000682));
#2836 = CARTESIAN_POINT('',(0.760316468749,1.316906753706,0.377083334016
    ));
#2837 = CARTESIAN_POINT('',(1.520632937499,0.877937835804,0.335416667349
    ));
#2838 = CARTESIAN_POINT('',(1.5206329375,1.862238259587E-16,
    0.293750000682));
#2839 = CARTESIAN_POINT('',(1.5206329375,-0.877937835804,0.252083334016)
  );
#2840 = CARTESIAN_POINT('',(0.76031646875,-1.316906753706,0.210416667349
    ));
#2841 = CARTESIAN_POINT('',(3.225491281404E-16,-1.755875671608,
    0.168750000682));
#2842 = CARTESIAN_POINT('',(-0.760316468749,-1.316906753706,
    0.127083334016));
#2843 = CARTESIAN_POINT('',(-1.520632937499,-0.877937835804,
    8.5416667349E-02));
#2844 = CARTESIAN_POINT('',(-1.5206329375,0.,4.3750000682E-02));
#2845 = CARTESIAN_POINT('',(-1.520632937499,0.877937835804,
    2.083334016E-03));
#2846 = CARTESIAN_POINT('',(-0.76031646875,1.316906753706,
    -3.958333265E-02));
#2847 = CARTESIAN_POINT('',(-1.075163760468E-16,1.755875671608,
    -8.1249999317E-02));
#2848 = CARTESIAN_POINT('',(0.760316468749,1.316906753706,
    -0.122916665983));
#2849 = CARTESIAN_POINT('',(1.520632937499,0.877937835804,-0.16458333265
    ));
#2850 = CARTESIAN_POINT('',(1.5206329375,1.862238259587E-16,
    -0.206249999317));
#2851 = CARTESIAN_POINT('',(1.5206329375,-0.877937835804,-0.247916665983
    ));
#2852 = CARTESIAN_POINT('',(0.76031646875,-1.316906753706,-0.28958333265
    ));
#2853 = CARTESIAN_POINT('',(3.225491281404E-16,-1.755875671608,
    -0.331249999317));
#2854 = CARTESIAN_POINT('',(-0.760316468749,-1.316906753706,
    -0.372916665983));
#2855 = CARTESIAN_POINT('',(-1.520632937499,-0.877937835804,
    -0.41458333265));
#2856 = CARTESIAN_POINT('',(-1.5206329375,0.,-0.456249999317));
#2857 = CARTESIAN_POINT('',(-1.520632937499,0.877937835804,
    -0.497916665983));
#2858 = CARTESIAN_POINT('',(-0.76031646875,1.316906753706,-0.53958333265
    ));
#2859 = CARTESIAN_POINT('',(-1.075163760468E-16,1.755875671608,
    -0.581249999317));
#2860 = CARTESIAN_POINT('',(0.760316468749,1.316906753706,
    -0.622916665983));
#2861 = CARTESIAN_POINT('',(1.520632937499,0.877937835804,-0.66458333265
    ));
#2862 = CARTESIAN_POINT('',(1.5206329375,1.862238259587E-16,
    -0.706249999317));
#2863 = CARTESIAN_POINT('',(1.5206329375,-0.877937835804,-0.747916665983
    ));
#2864 = CARTESIAN_POINT('',(0.76031646875,-1.316906753706,-0.78958333265
    ));
#2865 = CARTESIAN_POINT('',(3.225491281404E-16,-1.755875671608,
    -0.831249999317));
#2866 = CARTESIAN_POINT('',(-0.760316468749,-1.316906753706,
    -0.872916665983));
#2867 = CARTESIAN_POINT('',(-1.520632937499,-0.877937835804,
    -0.91458333265));
#2868 = CARTESIAN_POINT('',(-1.5206329375,0.,-0.956249999317));
#2869 = CARTESIAN_POINT('',(-1.520632937499,0.877937835804,
    -0.997916665983));
#2870 = CARTESIAN_POINT('',(-0.76031646875,1.316906753706,-1.03958333265
    ));
#2871 = CARTESIAN_POINT('',(-1.075163760468E-16,1.755875671608,
    -1.081249999317));
#2872 = CARTESIAN_POINT('',(0.760316468749,1.316906753706,
    -1.122916665983));
#2873 = CARTESIAN_POINT('',(1.520632937499,0.877937835804,-1.16458333265
    ));
#2874 = CARTESIAN_POINT('',(1.5206329375,1.862238259587E-16,
    -1.206249999317));
#2875 = CARTESIAN_POINT('',(1.5206329375,-0.877937835804,-1.247916665983
    ));
#2876 = CARTESIAN_POINT('',(0.76031646875,-1.316906753706,-1.28958333265
    ));
#2877 = CARTESIAN_POINT('',(3.225491281404E-16,-1.755875671608,
    -1.331249999317));
#2878 = CARTESIAN_POINT('',(-0.760316468749,-1.316906753706,
    -1.372916665983));
#2879 = CARTESIAN_POINT('',(-1.520632937499,-0.877937835804,
    -1.41458333265));
#2880 = CARTESIAN_POINT('',(-1.5206329375,0.,-1.456249999317));
#2881 = CARTESIAN_POINT('',(-1.520632937499,0.877937835804,
    -1.497916665983));
#2882 = CARTESIAN_POINT('',(-0.76031646875,1.316906753706,-1.53958333265
    ));
#2883 = CARTESIAN_POINT('',(-1.075163760468E-16,1.755875671608,
    -1.581249999317));
#2884 = CARTESIAN_POINT('',(0.760316468749,1.316906753706,
    -1.622916665983));
#2885 = CARTESIAN_POINT('',(1.520632937499,0.877937835804,-1.66458333265
    ));
#2886 = CARTESIAN_POINT('',(1.5206329375,1.862238259587E-16,
    -1.706249999317));
#2887 = CARTESIAN_POINT('',(1.5206329375,-0.877937835804,-1.747916665983
    ));
#2888 = CARTESIAN_POINT('',(0.76031646875,-1.316906753706,-1.78958333265
    ));
#2889 = CARTESIAN_POINT('',(3.225491281404E-16,-1.755875671608,
    -1.831249999317));
#2890 = CARTESIAN_POINT('',(-0.760316468749,-1.316906753706,
    -1.872916665983));
#2891 = CARTESIAN_POINT('',(-1.520632937499,-0.877937835804,
    -1.91458333265));
#2892 = CARTESIAN_POINT('',(-1.5206329375,0.,-1.956249999317));
#2893 = CARTESIAN_POINT('',(-1.520632937499,0.877937835804,
    -1.997916665983));
#2894 = CARTESIAN_POINT('',(-0.76031646875,1.316906753706,-2.03958333265
    ));
#2895 = CARTESIAN_POINT('',(-1.075163760468E-16,1.755875671608,
    -2.081249999317));
#2896 = CARTESIAN_POINT('',(0.760316468749,1.316906753706,
    -2.122916665983));
#2897 = CARTESIAN_POINT('',(1.520632937499,0.877937835804,-2.16458333265
    ));
#2898 = CARTESIAN_POINT('',(1.5206329375,1.862238259587E-16,
    -2.206249999317));
#2899 = CARTESIAN_POINT('',(1.5206329375,-0.877937835804,-2.247916665983
    ));
#2900 = CARTESIAN_POINT('',(0.76031646875,-1.316906753706,-2.28958333265
    ));
#2901 = CARTESIAN_POINT('',(3.225491281404E-16,-1.755875671608,
    -2.331249999317));
#2902 = CARTESIAN_POINT('',(-0.760316468749,-1.316906753706,
    -2.372916665983));
#2903 = CARTESIAN_POINT('',(-1.520632937499,-0.877937835804,
    -2.41458333265));
#2904 = CARTESIAN_POINT('',(-1.5206329375,0.,-2.456249999317));
#2905 = CARTESIAN_POINT('',(-1.520632937499,0.877937835804,
    -2.497916665983));
#2906 = CARTESIAN_POINT('',(-0.76031646875,1.316906753706,-2.53958333265
    ));
#2907 = CARTESIAN_POINT('',(-1.075163760468E-16,1.755875671608,
    -2.581249999317));
#2908 = CARTESIAN_POINT('',(0.760316468749,1.316906753706,
    -2.622916665983));
#2909 = CARTESIAN_POINT('',(1.520632937499,0.877937835804,-2.66458333265
    ));
#2910 = CARTESIAN_POINT('',(1.5206329375,1.862238259587E-16,
    -2.706249999317));
#2911 = CARTESIAN_POINT('',(1.5206329375,-0.877937835804,-2.747916665983
    ));
#2912 = CARTESIAN_POINT('',(0.76031646875,-1.316906753706,-2.78958333265
    ));
#2913 = CARTESIAN_POINT('',(3.225491281404E-16,-1.755875671608,
    -2.831249999317));
#2914 = CARTESIAN_POINT('',(-0.760316468749,-1.316906753706,
    -2.872916665983));
#2915 = CARTESIAN_POINT('',(-1.520632937499,-0.877937835804,
    -2.91458333265));
#2916 = CARTESIAN_POINT('',(-1.5206329375,0.,-2.956249999317));
#2917 = CARTESIAN_POINT('',(-1.520632937499,0.877937835804,
    -2.997916665983));
#2918 = CARTESIAN_POINT('',(-0.76031646875,1.316906753706,-3.03958333265
    ));
#2919 = CARTESIAN_POINT('',(-1.075163760468E-16,1.755875671608,
    -3.081249999317));
#2920 = CARTESIAN_POINT('',(0.760316468749,1.316906753706,
    -3.122916665983));
#2921 = CARTESIAN_POINT('',(1.520632937499,0.877937835804,-3.16458333265
    ));
#2922 = CARTESIAN_POINT('',(1.5206329375,1.862238259587E-16,
    -3.206249999317));
#2923 = CARTESIAN_POINT('',(1.5206329375,-0.877937835804,-3.247916665983
    ));
#2924 = CARTESIAN_POINT('',(0.76031646875,-1.316906753706,-3.28958333265
    ));
#2925 = CARTESIAN_POINT('',(3.225491281404E-16,-1.755875671608,
    -3.331249999317));
#2926 = CARTESIAN_POINT('',(-0.760316468749,-1.316906753706,
    -3.372916665983));
#2927 = CARTESIAN_POINT('',(-1.520632937499,-0.877937835804,
    -3.41458333265));
#2928 = CARTESIAN_POINT('',(-1.5206329375,0.,-3.456249999317));
#2929 = CARTESIAN_POINT('',(-1.520632937499,0.877937835804,
    -3.497916665983));
#2930 = CARTESIAN_POINT('',(-0.76031646875,1.316906753706,-3.53958333265
    ));
#2931 = CARTESIAN_POINT('',(-1.075163760468E-16,1.755875671608,
    -3.581249999317));
#2932 = CARTESIAN_POINT('',(0.760316468749,1.316906753706,
    -3.622916665983));
#2933 = CARTESIAN_POINT('',(1.520632937499,0.877937835804,-3.66458333265
    ));
#2934 = CARTESIAN_POINT('',(1.5206329375,1.862238259587E-16,
    -3.706249999317));
#2935 = CARTESIAN_POINT('',(1.5206329375,-0.877937835804,-3.747916665983
    ));
#2936 = CARTESIAN_POINT('',(0.76031646875,-1.316906753706,-3.78958333265
    ));
#2937 = CARTESIAN_POINT('',(3.225491281404E-16,-1.755875671608,
    -3.831249999317));
#2938 = CARTESIAN_POINT('',(-0.760316468749,-1.316906753706,
    -3.872916665983));
#2939 = CARTESIAN_POINT('',(-1.520632937499,-0.877937835804,
    -3.91458333265));
#2940 = CARTESIAN_POINT('',(-1.5206329375,0.,-3.956249999317));
#2941 = ADVANCED_FACE('',(#2942),#2976,.T.);
#2942 = FACE_BOUND('',#2943,.T.);
#2943 = EDGE_LOOP('',(#2944,#2945,#2946,#2947,#2948,#2949,#2950,#2951,
    #2952,#2953,#2954,#2955,#2956,#2957,#2958,#2959,#2960,#2961,#2962,
    #2963,#2964,#2965,#2966,#2967,#2968,#2969,#2970,#2971,#2972,#2973,
    #2974,#2975));
#2944 = ORIENTED_EDGE('',*,*,#443,.F.);
#2945 = ORIENTED_EDGE('',*,*,#1455,.T.);
#2946 = ORIENTED_EDGE('',*,*,#1425,.T.);
#2947 = ORIENTED_EDGE('',*,*,#1376,.T.);
#2948 = ORIENTED_EDGE('',*,*,#1347,.T.);
#2949 = ORIENTED_EDGE('',*,*,#1298,.T.);
#2950 = ORIENTED_EDGE('',*,*,#1269,.T.);
#2951 = ORIENTED_EDGE('',*,*,#1220,.T.);
#2952 = ORIENTED_EDGE('',*,*,#1191,.T.);
#2953 = ORIENTED_EDGE('',*,*,#1142,.T.);
#2954 = ORIENTED_EDGE('',*,*,#1113,.T.);
#2955 = ORIENTED_EDGE('',*,*,#1064,.T.);
#2956 = ORIENTED_EDGE('',*,*,#1035,.T.);
#2957 = ORIENTED_EDGE('',*,*,#986,.T.);
#2958 = ORIENTED_EDGE('',*,*,#957,.T.);
#2959 = ORIENTED_EDGE('',*,*,#908,.T.);
#2960 = ORIENTED_EDGE('',*,*,#879,.T.);
#2961 = ORIENTED_EDGE('',*,*,#830,.T.);
#2962 = ORIENTED_EDGE('',*,*,#801,.T.);
#2963 = ORIENTED_EDGE('',*,*,#752,.T.);
#2964 = ORIENTED_EDGE('',*,*,#723,.T.);
#2965 = ORIENTED_EDGE('',*,*,#674,.T.);
#2966 = ORIENTED_EDGE('',*,*,#645,.T.);
#2967 = ORIENTED_EDGE('',*,*,#596,.T.);
#2968 = ORIENTED_EDGE('',*,*,#567,.T.);
#2969 = ORIENTED_EDGE('',*,*,#518,.T.);
#2970 = ORIENTED_EDGE('',*,*,#480,.T.);
#2971 = ORIENTED_EDGE('',*,*,#1482,.T.);
#2972 = ORIENTED_EDGE('',*,*,#155,.F.);
#2973 = ORIENTED_EDGE('',*,*,#138,.F.);
#2974 = ORIENTED_EDGE('',*,*,#1592,.F.);
#2975 = ORIENTED_EDGE('',*,*,#354,.F.);
#2976 = ( BOUNDED_SURFACE() B_SPLINE_SURFACE(1,2,(
    (#2977,#2978,#2979,#2980,#2981,#2982,#2983,#2984,#2985,#2986,#2987
      ,#2988,#2989,#2990,#2991,#2992,#2993,#2994,#2995,#2996,#2997,#2998
      ,#2999,#3000,#3001,#3002,#3003,#3004,#3005,#3006,#3007,#3008,#3009
      ,#3010,#3011,#3012,#3013,#3014,#3015,#3016,#3017,#3018,#3019,#3020
      ,#3021,#3022,#3023,#3024,#3025,#3026,#3027,#3028,#3029,#3030,#3031
      ,#3032,#3033,#3034,#3035,#3036,#3037,#3038,#3039,#3040,#3041,#3042
      ,#3043,#3044,#3045,#3046,#3047,#3048,#3049,#3050,#3051,#3052,#3053
      ,#3054,#3055,#3056,#3057,#3058,#3059,#3060,#3061,#3062,#3063,#3064
      ,#3065,#3066,#3067,#3068,#3069,#3070,#3071,#3072,#3073,#3074,#3075
      ,#3076,#3077,#3078,#3079,#3080,#3081,#3082,#3083,#3084,#3085,#3086
      ,#3087,#3088,#3089,#3090,#3091,#3092,#3093,#3094,#3095,#3096,#3097
      ,#3098,#3099,#3100,#3101,#3102,#3103,#3104,#3105,#3106,#3107,#3108
      ,#3109,#3110,#3111,#3112,#3113,#3114,#3115,#3116,#3117,#3118,#3119
      ,#3120,#3121,#3122,#3123,#3124,#3125,#3126,#3127,#3128,#3129,#3130
      ,#3131,#3132,#3133,#3134,#3135,#3136,#3137,#3138,#3139,#3140,#3141
      ,#3142,#3143,#3144,#3145,#3146,#3147,#3148,#3149,#3150,#3151,#3152
      ,#3153,#3154,#3155,#3156,#3157,#3158,#3159,#3160,#3161,#3162,#3163
      ,#3164,#3165,#3166,#3167,#3168,#3169,#3170,#3171,#3172,#3173,#3174
      ,#3175,#3176,#3177,#3178,#3179,#3180,#3181,#3182,#3183,#3184,#3185
      ,#3186,#3187,#3188,#3189,#3190,#3191,#3192,#3193,#3194,#3195,#3196
      ,#3197,#3198,#3199,#3200,#3201,#3202,#3203,#3204,#3205,#3206,#3207
      ,#3208,#3209,#3210,#3211,#3212,#3213,#3214,#3215,#3216,#3217)
    ,(#3218,#3219,#3220,#3221,#3222,#3223,#3224,#3225,#3226,#3227,#3228
      ,#3229,#3230,#3231,#3232,#3233,#3234,#3235,#3236,#3237,#3238,#3239
      ,#3240,#3241,#3242,#3243,#3244,#3245,#3246,#3247,#3248,#3249,#3250
      ,#3251,#3252,#3253,#3254,#3255,#3256,#3257,#3258,#3259,#3260,#3261
      ,#3262,#3263,#3264,#3265,#3266,#3267,#3268,#3269,#3270,#3271,#3272
      ,#3273,#3274,#3275,#3276,#3277,#3278,#3279,#3280,#3281,#3282,#3283
      ,#3284,#3285,#3286,#3287,#3288,#3289,#3290,#3291,#3292,#3293,#3294
      ,#3295,#3296,#3297,#3298,#3299,#3300,#3301,#3302,#3303,#3304,#3305
      ,#3306,#3307,#3308,#3309,#3310,#3311,#3312,#3313,#3314,#3315,#3316
      ,#3317,#3318,#3319,#3320,#3321,#3322,#3323,#3324,#3325,#3326,#3327
      ,#3328,#3329,#3330,#3331,#3332,#3333,#3334,#3335,#3336,#3337,#3338
      ,#3339,#3340,#3341,#3342,#3343,#3344,#3345,#3346,#3347,#3348,#3349
      ,#3350,#3351,#3352,#3353,#3354,#3355,#3356,#3357,#3358,#3359,#3360
      ,#3361,#3362,#3363,#3364,#3365,#3366,#3367,#3368,#3369,#3370,#3371
      ,#3372,#3373,#3374,#3375,#3376,#3377,#3378,#3379,#3380,#3381,#3382
      ,#3383,#3384,#3385,#3386,#3387,#3388,#3389,#3390,#3391,#3392,#3393
      ,#3394,#3395,#3396,#3397,#3398,#3399,#3400,#3401,#3402,#3403,#3404
      ,#3405,#3406,#3407,#3408,#3409,#3410,#3411,#3412,#3413,#3414,#3415
      ,#3416,#3417,#3418,#3419,#3420,#3421,#3422,#3423,#3424,#3425,#3426
      ,#3427,#3428,#3429,#3430,#3431,#3432,#3433,#3434,#3435,#3436,#3437
      ,#3438,#3439,#3440,#3441,#3442,#3443,#3444,#3445,#3446,#3447,#3448
      ,#3449,#3450,#3451,#3452,#3453,#3454,#3455,#3456,#3457,#3458
)),.UNSPECIFIED.,.F.,.F.,.F.) B_SPLINE_SURFACE_WITH_KNOTS((2,2),(3,2,2,2
    ,2,2,2,2,2,2,2,2,2,2,2,2,2,2,2,2,2,2,2,2,2,2,2,2,2,2,2,2,2,2,2,2,2,2
    ,2,2,2,2,2,2,2,2,2,2,2,2,2,2,2,2,2,2,2,2,2,2,2,2,2,2,2,2,2,2,2,2,2,2
    ,2,2,2,2,2,2,2,2,2,2,2,2,2,2,2,2,2,2,2,2,2,2,2,2,2,2,2,2,2,2,2,2,2,2
    ,2,2,2,2,2,2,2,2,2,2,2,2,2,2,3),(0.,1.),(0.,8.333333333E-03,
    1.6666666666E-02,2.5E-02,3.3333333333E-02,4.1666666666E-02,5.E-02,
    5.8333333333E-02,6.6666666666E-02,7.4999999999E-02,8.3333333333E-02,
    9.1666666666E-02,0.1,0.108333333333,0.116666666666,0.125,
    0.133333333333,0.141666666666,0.149999999999,0.158333333333,
    0.166666666666,0.174999999999,0.183333333333,0.191666666666,0.2,
    0.208333333333,0.216666666666,0.225,0.233333333333,0.241666666666,
    0.25,0.258333333333,0.266666666666,0.275,0.283333333333,
    0.291666666666,0.299999999999,0.308333333333,0.316666666666,0.325,
    0.333333333333,0.341666666666,0.349999999999,0.358333333333,
    0.366666666666,0.375,0.383333333333,0.391666666666,0.4,
    0.408333333333,0.416666666666,0.424999999999,0.433333333333,
    0.441666666666,0.45,0.458333333333,0.466666666666,0.474999999999,
    0.483333333333,0.491666666666,0.5,0.508333333333,0.516666666666,
    0.525,0.533333333333,0.541666666666,0.55,0.558333333333,
    0.566666666666,0.574999999999,0.583333333333,0.591666666666,
    0.599999999999,0.608333333333,0.616666666666,0.625,0.633333333333,
    0.641666666666,0.65,0.658333333333,0.666666666666,0.675,
    0.683333333333,0.691666666666,0.699999999999,0.708333333333,
    0.716666666666,0.724999999999,0.733333333333,0.741666666666,0.75,
    0.758333333333,0.766666666666,0.775,0.783333333333,0.791666666666,
    0.8,0.808333333333,0.816666666666,0.824999999999,0.833333333333,
    0.841666666666,0.849999999999,0.858333333333,0.866666666666,0.875,
    0.883333333333,0.891666666666,0.9,0.908333333333,0.916666666666,
    0.925,0.933333333333,0.941666666666,0.949999999999,0.958333333333,
    0.966666666666,0.974999999999,0.983333333333,0.991666666666,1.),
.UNSPECIFIED.) GEOMETRIC_REPRESENTATION_ITEM() RATIONAL_B_SPLINE_SURFACE
((
    (1.,0.866025403784,1.,0.866025403784,1.,0.866025403784,1.
      ,0.866025403784,1.,0.866025403784,1.,0.866025403784,1.
      ,0.866025403784,1.,0.866025403784,1.,0.866025403784,1.
      ,0.866025403784,1.,0.866025403784,1.,0.866025403784,1.
      ,0.866025403784,1.,0.866025403784,1.,0.866025403784,1.
      ,0.866025403784,1.,0.866025403784,1.,0.866025403784,1.
      ,0.866025403784,1.,0.866025403784,1.,0.866025403784,1.
      ,0.866025403784,1.,0.866025403784,1.,0.866025403784,1.
      ,0.866025403784,1.,0.866025403784,1.,0.866025403784,1.
      ,0.866025403784,1.,0.866025403784,1.,0.866025403784,1.
      ,0.866025403784,1.,0.866025403784,1.,0.866025403784,1.
      ,0.866025403784,1.,0.866025403784,1.,0.866025403784,1.
      ,0.866025403784,1.,0.866025403784,1.,0.866025403784,1.
      ,0.866025403784,1.,0.866025403784,1.,0.866025403784,1.
      ,0.866025403784,1.,0.866025403784,1.,0.866025403784,1.
      ,0.866025403784,1.,0.866025403784,1.,0.866025403784,1.
      ,0.866025403784,1.,0.866025403784,1.,0.866025403784,1.
      ,0.866025403784,1.,0.866025403784,1.,0.866025403784,1.
      ,0.866025403784,1.,0.866025403784,1.,0.866025403784,1.
      ,0.866025403784,1.,0.866025403784,1.,0.866025403784,1.
      ,0.866025403784,1.,0.866025403784,1.,0.866025403784,1.
      ,0.866025403784,1.,0.866025403784,1.,0.866025403784,1.
      ,0.866025403784,1.,0.866025403784,1.,0.866025403784,1.
      ,0.866025403784,1.,0.866025403784,1.,0.866025403784,1.
      ,0.866025403784,1.,0.866025403784,1.,0.866025403784,1.
      ,0.866025403784,1.,0.866025403784,1.,0.866025403784,1.
      ,0.866025403784,1.,0.866025403784,1.,0.866025403784,1.
      ,0.866025403784,1.,0.866025403784,1.,0.866025403784,1.
      ,0.866025403784,1.,0.866025403784,1.,0.866025403784,1.
      ,0.866025403784,1.,0.866025403784,1.,0.866025403784,1.
      ,0.866025403784,1.,0.866025403784,1.,0.866025403784,1.
      ,0.866025403784,1.,0.866025403784,1.,0.866025403784,1.
      ,0.866025403784,1.,0.866025403784,1.,0.866025403784,1.
      ,0.866025403784,1.,0.866025403784,1.,0.866025403784,1.
      ,0.866025403784,1.,0.866025403784,1.,0.866025403784,1.
      ,0.866025403784,1.,0.866025403784,1.,0.866025403784,1.
      ,0.866025403784,1.,0.866025403784,1.,0.866025403784,1.
      ,0.866025403784,1.,0.866025403784,1.,0.866025403784,1.
      ,0.866025403784,1.,0.866025403784,1.,0.866025403784,1.
      ,0.866025403784,1.,0.866025403784,1.,0.866025403784,1.)
    ,(1.,0.866025403784,1.,0.866025403784,1.,0.866025403784,1.
      ,0.866025403784,1.,0.866025403784,1.,0.866025403784,1.
      ,0.866025403784,1.,0.866025403784,1.,0.866025403784,1.
      ,0.866025403784,1.,0.866025403784,1.,0.866025403784,1.
      ,0.866025403784,1.,0.866025403784,1.,0.866025403784,1.
      ,0.866025403784,1.,0.866025403784,1.,0.866025403784,1.
      ,0.866025403784,1.,0.866025403784,1.,0.866025403784,1.
      ,0.866025403784,1.,0.866025403784,1.,0.866025403784,1.
      ,0.866025403784,1.,0.866025403784,1.,0.866025403784,1.
      ,0.866025403784,1.,0.866025403784,1.,0.866025403784,1.
      ,0.866025403784,1.,0.866025403784,1.,0.866025403784,1.
      ,0.866025403784,1.,0.866025403784,1.,0.866025403784,1.
      ,0.866025403784,1.,0.866025403784,1.,0.866025403784,1.
      ,0.866025403784,1.,0.866025403784,1.,0.866025403784,1.
      ,0.866025403784,1.,0.866025403784,1.,0.866025403784,1.
      ,0.866025403784,1.,0.866025403784,1.,0.866025403784,1.
      ,0.866025403784,1.,0.866025403784,1.,0.866025403784,1.
      ,0.866025403784,1.,0.866025403784,1.,0.866025403784,1.
      ,0.866025403784,1.,0.866025403784,1.,0.866025403784,1.
      ,0.866025403784,1.,0.866025403784,1.,0.866025403784,1.
      ,0.866025403784,1.,0.866025403784,1.,0.866025403784,1.
      ,0.866025403784,1.,0.866025403784,1.,0.866025403784,1.
      ,0.866025403784,1.,0.866025403784,1.,0.866025403784,1.
      ,0.866025403784,1.,0.866025403784,1.,0.866025403784,1.
      ,0.866025403784,1.,0.866025403784,1.,0.866025403784,1.
      ,0.866025403784,1.,0.866025403784,1.,0.866025403784,1.
      ,0.866025403784,1.,0.866025403784,1.,0.866025403784,1.
      ,0.866025403784,1.,0.866025403784,1.,0.866025403784,1.
      ,0.866025403784,1.,0.866025403784,1.,0.866025403784,1.
      ,0.866025403784,1.,0.866025403784,1.,0.866025403784,1.
      ,0.866025403784,1.,0.866025403784,1.,0.866025403784,1.
      ,0.866025403784,1.,0.866025403784,1.,0.866025403784,1.
      ,0.866025403784,1.,0.866025403784,1.,0.866025403784,1.
      ,0.866025403784,1.,0.866025403784,1.,0.866025403784,1.
      ,0.866025403784,1.,0.866025403784,1.,0.866025403784,1.
      ,0.866025403784,1.,0.866025403784,1.,0.866025403784,1.
      ,0.866025403784,1.,0.866025403784,1.,0.866025403784,1.
      ,0.866025403784,1.,0.866025403784,1.,0.866025403784,1.
      ,0.866025403784,1.,0.866025403784,1.,0.866025403784,1.
      ,0.866025403784,1.,0.866025403784,1.,0.866025403784,1.
))) REPRESENTATION_ITEM('') SURFACE() );
#2977 = CARTESIAN_POINT('',(-1.5206329375,0.,5.981250000682));
#2978 = CARTESIAN_POINT('',(-1.520632937499,0.877937835804,
    5.939583334016));
#2979 = CARTESIAN_POINT('',(-0.76031646875,1.316906753706,5.897916667349
    ));
#2980 = CARTESIAN_POINT('',(-1.075163760468E-16,1.755875671608,
    5.856250000682));
#2981 = CARTESIAN_POINT('',(0.760316468749,1.316906753706,5.814583334016
    ));
#2982 = CARTESIAN_POINT('',(1.520632937499,0.877937835804,5.772916667349
    ));
#2983 = CARTESIAN_POINT('',(1.5206329375,1.862238259587E-16,
    5.731250000682));
#2984 = CARTESIAN_POINT('',(1.5206329375,-0.877937835804,5.689583334016)
  );
#2985 = CARTESIAN_POINT('',(0.76031646875,-1.316906753706,5.647916667349
    ));
#2986 = CARTESIAN_POINT('',(3.225491281404E-16,-1.755875671608,
    5.606250000682));
#2987 = CARTESIAN_POINT('',(-0.760316468749,-1.316906753706,
    5.564583334016));
#2988 = CARTESIAN_POINT('',(-1.520632937499,-0.877937835804,
    5.522916667349));
#2989 = CARTESIAN_POINT('',(-1.5206329375,0.,5.481250000682));
#2990 = CARTESIAN_POINT('',(-1.520632937499,0.877937835804,
    5.439583334016));
#2991 = CARTESIAN_POINT('',(-0.76031646875,1.316906753706,5.397916667349
    ));
#2992 = CARTESIAN_POINT('',(-1.075163760468E-16,1.755875671608,
    5.356250000682));
#2993 = CARTESIAN_POINT('',(0.760316468749,1.316906753706,5.314583334016
    ));
#2994 = CARTESIAN_POINT('',(1.520632937499,0.877937835804,5.272916667349
    ));
#2995 = CARTESIAN_POINT('',(1.5206329375,1.862238259587E-16,
    5.231250000682));
#2996 = CARTESIAN_POINT('',(1.5206329375,-0.877937835804,5.189583334016)
  );
#2997 = CARTESIAN_POINT('',(0.76031646875,-1.316906753706,5.147916667349
    ));
#2998 = CARTESIAN_POINT('',(3.225491281404E-16,-1.755875671608,
    5.106250000682));
#2999 = CARTESIAN_POINT('',(-0.760316468749,-1.316906753706,
    5.064583334016));
#3000 = CARTESIAN_POINT('',(-1.520632937499,-0.877937835804,
    5.022916667349));
#3001 = CARTESIAN_POINT('',(-1.5206329375,0.,4.981250000682));
#3002 = CARTESIAN_POINT('',(-1.520632937499,0.877937835804,
    4.939583334016));
#3003 = CARTESIAN_POINT('',(-0.76031646875,1.316906753706,4.897916667349
    ));
#3004 = CARTESIAN_POINT('',(-1.075163760468E-16,1.755875671608,
    4.856250000682));
#3005 = CARTESIAN_POINT('',(0.760316468749,1.316906753706,4.814583334016
    ));
#3006 = CARTESIAN_POINT('',(1.520632937499,0.877937835804,4.772916667349
    ));
#3007 = CARTESIAN_POINT('',(1.5206329375,1.862238259587E-16,
    4.731250000682));
#3008 = CARTESIAN_POINT('',(1.5206329375,-0.877937835804,4.689583334016)
  );
#3009 = CARTESIAN_POINT('',(0.76031646875,-1.316906753706,4.647916667349
    ));
#3010 = CARTESIAN_POINT('',(3.225491281404E-16,-1.755875671608,
    4.606250000682));
#3011 = CARTESIAN_POINT('',(-0.760316468749,-1.316906753706,
    4.564583334016));
#3012 = CARTESIAN_POINT('',(-1.520632937499,-0.877937835804,
    4.522916667349));
#3013 = CARTESIAN_POINT('',(-1.5206329375,0.,4.481250000682));
#3014 = CARTESIAN_POINT('',(-1.520632937499,0.877937835804,
    4.439583334016));
#3015 = CARTESIAN_POINT('',(-0.76031646875,1.316906753706,4.397916667349
    ));
#3016 = CARTESIAN_POINT('',(-1.075163760468E-16,1.755875671608,
    4.356250000682));
#3017 = CARTESIAN_POINT('',(0.760316468749,1.316906753706,4.314583334016
    ));
#3018 = CARTESIAN_POINT('',(1.520632937499,0.877937835804,4.272916667349
    ));
#3019 = CARTESIAN_POINT('',(1.5206329375,1.862238259587E-16,
    4.231250000682));
#3020 = CARTESIAN_POINT('',(1.5206329375,-0.877937835804,4.189583334016)
  );
#3021 = CARTESIAN_POINT('',(0.76031646875,-1.316906753706,4.147916667349
    ));
#3022 = CARTESIAN_POINT('',(3.225491281404E-16,-1.755875671608,
    4.106250000682));
#3023 = CARTESIAN_POINT('',(-0.760316468749,-1.316906753706,
    4.064583334016));
#3024 = CARTESIAN_POINT('',(-1.520632937499,-0.877937835804,
    4.022916667349));
#3025 = CARTESIAN_POINT('',(-1.5206329375,0.,3.981250000682));
#3026 = CARTESIAN_POINT('',(-1.520632937499,0.877937835804,
    3.939583334016));
#3027 = CARTESIAN_POINT('',(-0.76031646875,1.316906753706,3.897916667349
    ));
#3028 = CARTESIAN_POINT('',(-1.075163760468E-16,1.755875671608,
    3.856250000682));
#3029 = CARTESIAN_POINT('',(0.760316468749,1.316906753706,3.814583334016
    ));
#3030 = CARTESIAN_POINT('',(1.520632937499,0.877937835804,3.772916667349
    ));
#3031 = CARTESIAN_POINT('',(1.5206329375,1.862238259587E-16,
    3.731250000682));
#3032 = CARTESIAN_POINT('',(1.5206329375,-0.877937835804,3.689583334016)
  );
#3033 = CARTESIAN_POINT('',(0.76031646875,-1.316906753706,3.647916667349
    ));
#3034 = CARTESIAN_POINT('',(3.225491281404E-16,-1.755875671608,
    3.606250000682));
#3035 = CARTESIAN_POINT('',(-0.760316468749,-1.316906753706,
    3.564583334016));
#3036 = CARTESIAN_POINT('',(-1.520632937499,-0.877937835804,
    3.522916667349));
#3037 = CARTESIAN_POINT('',(-1.5206329375,0.,3.481250000682));
#3038 = CARTESIAN_POINT('',(-1.520632937499,0.877937835804,
    3.439583334016));
#3039 = CARTESIAN_POINT('',(-0.76031646875,1.316906753706,3.397916667349
    ));
#3040 = CARTESIAN_POINT('',(-1.075163760468E-16,1.755875671608,
    3.356250000682));
#3041 = CARTESIAN_POINT('',(0.760316468749,1.316906753706,3.314583334016
    ));
#3042 = CARTESIAN_POINT('',(1.520632937499,0.877937835804,3.272916667349
    ));
#3043 = CARTESIAN_POINT('',(1.5206329375,1.862238259587E-16,
    3.231250000682));
#3044 = CARTESIAN_POINT('',(1.5206329375,-0.877937835804,3.189583334016)
  );
#3045 = CARTESIAN_POINT('',(0.76031646875,-1.316906753706,3.147916667349
    ));
#3046 = CARTESIAN_POINT('',(3.225491281404E-16,-1.755875671608,
    3.106250000682));
#3047 = CARTESIAN_POINT('',(-0.760316468749,-1.316906753706,
    3.064583334016));
#3048 = CARTESIAN_POINT('',(-1.520632937499,-0.877937835804,
    3.022916667349));
#3049 = CARTESIAN_POINT('',(-1.5206329375,0.,2.981250000682));
#3050 = CARTESIAN_POINT('',(-1.520632937499,0.877937835804,
    2.939583334016));
#3051 = CARTESIAN_POINT('',(-0.76031646875,1.316906753706,2.897916667349
    ));
#3052 = CARTESIAN_POINT('',(-1.075163760468E-16,1.755875671608,
    2.856250000682));
#3053 = CARTESIAN_POINT('',(0.760316468749,1.316906753706,2.814583334016
    ));
#3054 = CARTESIAN_POINT('',(1.520632937499,0.877937835804,2.772916667349
    ));
#3055 = CARTESIAN_POINT('',(1.5206329375,1.862238259587E-16,
    2.731250000682));
#3056 = CARTESIAN_POINT('',(1.5206329375,-0.877937835804,2.689583334016)
  );
#3057 = CARTESIAN_POINT('',(0.76031646875,-1.316906753706,2.647916667349
    ));
#3058 = CARTESIAN_POINT('',(3.225491281404E-16,-1.755875671608,
    2.606250000682));
#3059 = CARTESIAN_POINT('',(-0.760316468749,-1.316906753706,
    2.564583334016));
#3060 = CARTESIAN_POINT('',(-1.520632937499,-0.877937835804,
    2.522916667349));
#3061 = CARTESIAN_POINT('',(-1.5206329375,0.,2.481250000682));
#3062 = CARTESIAN_POINT('',(-1.520632937499,0.877937835804,
    2.439583334016));
#3063 = CARTESIAN_POINT('',(-0.76031646875,1.316906753706,2.397916667349
    ));
#3064 = CARTESIAN_POINT('',(-1.075163760468E-16,1.755875671608,
    2.356250000682));
#3065 = CARTESIAN_POINT('',(0.760316468749,1.316906753706,2.314583334016
    ));
#3066 = CARTESIAN_POINT('',(1.520632937499,0.877937835804,2.272916667349
    ));
#3067 = CARTESIAN_POINT('',(1.5206329375,1.862238259587E-16,
    2.231250000682));
#3068 = CARTESIAN_POINT('',(1.5206329375,-0.877937835804,2.189583334016)
  );
#3069 = CARTESIAN_POINT('',(0.76031646875,-1.316906753706,2.147916667349
    ));
#3070 = CARTESIAN_POINT('',(3.225491281404E-16,-1.755875671608,
    2.106250000682));
#3071 = CARTESIAN_POINT('',(-0.760316468749,-1.316906753706,
    2.064583334016));
#3072 = CARTESIAN_POINT('',(-1.520632937499,-0.877937835804,
    2.022916667349));
#3073 = CARTESIAN_POINT('',(-1.5206329375,0.,1.981250000682));
#3074 = CARTESIAN_POINT('',(-1.520632937499,0.877937835804,
    1.939583334016));
#3075 = CARTESIAN_POINT('',(-0.76031646875,1.316906753706,1.897916667349
    ));
#3076 = CARTESIAN_POINT('',(-1.075163760468E-16,1.755875671608,
    1.856250000682));
#3077 = CARTESIAN_POINT('',(0.760316468749,1.316906753706,1.814583334016
    ));
#3078 = CARTESIAN_POINT('',(1.520632937499,0.877937835804,1.772916667349
    ));
#3079 = CARTESIAN_POINT('',(1.5206329375,1.862238259587E-16,
    1.731250000682));
#3080 = CARTESIAN_POINT('',(1.5206329375,-0.877937835804,1.689583334016)
  );
#3081 = CARTESIAN_POINT('',(0.76031646875,-1.316906753706,1.647916667349
    ));
#3082 = CARTESIAN_POINT('',(3.225491281404E-16,-1.755875671608,
    1.606250000682));
#3083 = CARTESIAN_POINT('',(-0.760316468749,-1.316906753706,
    1.564583334016));
#3084 = CARTESIAN_POINT('',(-1.520632937499,-0.877937835804,
    1.522916667349));
#3085 = CARTESIAN_POINT('',(-1.5206329375,0.,1.481250000682));
#3086 = CARTESIAN_POINT('',(-1.520632937499,0.877937835804,
    1.439583334016));
#3087 = CARTESIAN_POINT('',(-0.76031646875,1.316906753706,1.397916667349
    ));
#3088 = CARTESIAN_POINT('',(-1.075163760468E-16,1.755875671608,
    1.356250000682));
#3089 = CARTESIAN_POINT('',(0.760316468749,1.316906753706,1.314583334016
    ));
#3090 = CARTESIAN_POINT('',(1.520632937499,0.877937835804,1.272916667349
    ));
#3091 = CARTESIAN_POINT('',(1.5206329375,1.862238259587E-16,
    1.231250000682));
#3092 = CARTESIAN_POINT('',(1.5206329375,-0.877937835804,1.189583334016)
  );
#3093 = CARTESIAN_POINT('',(0.76031646875,-1.316906753706,1.147916667349
    ));
#3094 = CARTESIAN_POINT('',(3.225491281404E-16,-1.755875671608,
    1.106250000682));
#3095 = CARTESIAN_POINT('',(-0.760316468749,-1.316906753706,
    1.064583334016));
#3096 = CARTESIAN_POINT('',(-1.520632937499,-0.877937835804,
    1.022916667349));
#3097 = CARTESIAN_POINT('',(-1.5206329375,0.,0.981250000682));
#3098 = CARTESIAN_POINT('',(-1.520632937499,0.877937835804,
    0.939583334016));
#3099 = CARTESIAN_POINT('',(-0.76031646875,1.316906753706,0.897916667349
    ));
#3100 = CARTESIAN_POINT('',(-1.075163760468E-16,1.755875671608,
    0.856250000682));
#3101 = CARTESIAN_POINT('',(0.760316468749,1.316906753706,0.814583334016
    ));
#3102 = CARTESIAN_POINT('',(1.520632937499,0.877937835804,0.772916667349
    ));
#3103 = CARTESIAN_POINT('',(1.5206329375,1.862238259587E-16,
    0.731250000682));
#3104 = CARTESIAN_POINT('',(1.5206329375,-0.877937835804,0.689583334016)
  );
#3105 = CARTESIAN_POINT('',(0.76031646875,-1.316906753706,0.647916667349
    ));
#3106 = CARTESIAN_POINT('',(3.225491281404E-16,-1.755875671608,
    0.606250000682));
#3107 = CARTESIAN_POINT('',(-0.760316468749,-1.316906753706,
    0.564583334016));
#3108 = CARTESIAN_POINT('',(-1.520632937499,-0.877937835804,
    0.522916667349));
#3109 = CARTESIAN_POINT('',(-1.5206329375,0.,0.481250000682));
#3110 = CARTESIAN_POINT('',(-1.520632937499,0.877937835804,
    0.439583334016));
#3111 = CARTESIAN_POINT('',(-0.76031646875,1.316906753706,0.397916667349
    ));
#3112 = CARTESIAN_POINT('',(-1.075163760468E-16,1.755875671608,
    0.356250000682));
#3113 = CARTESIAN_POINT('',(0.760316468749,1.316906753706,0.314583334016
    ));
#3114 = CARTESIAN_POINT('',(1.520632937499,0.877937835804,0.272916667349
    ));
#3115 = CARTESIAN_POINT('',(1.5206329375,1.862238259587E-16,
    0.231250000682));
#3116 = CARTESIAN_POINT('',(1.5206329375,-0.877937835804,0.189583334016)
  );
#3117 = CARTESIAN_POINT('',(0.76031646875,-1.316906753706,0.147916667349
    ));
#3118 = CARTESIAN_POINT('',(3.225491281404E-16,-1.755875671608,
    0.106250000682));
#3119 = CARTESIAN_POINT('',(-0.760316468749,-1.316906753706,
    6.4583334016E-02));
#3120 = CARTESIAN_POINT('',(-1.520632937499,-0.877937835804,
    2.2916667349E-02));
#3121 = CARTESIAN_POINT('',(-1.5206329375,0.,-1.8749999317E-02));
#3122 = CARTESIAN_POINT('',(-1.520632937499,0.877937835804,
    -6.0416665983E-02));
#3123 = CARTESIAN_POINT('',(-0.76031646875,1.316906753706,-0.10208333265
    ));
#3124 = CARTESIAN_POINT('',(-1.075163760468E-16,1.755875671608,
    -0.143749999317));
#3125 = CARTESIAN_POINT('',(0.760316468749,1.316906753706,
    -0.185416665983));
#3126 = CARTESIAN_POINT('',(1.520632937499,0.877937835804,-0.22708333265
    ));
#3127 = CARTESIAN_POINT('',(1.5206329375,1.862238259587E-16,
    -0.268749999317));
#3128 = CARTESIAN_POINT('',(1.5206329375,-0.877937835804,-0.310416665983
    ));
#3129 = CARTESIAN_POINT('',(0.76031646875,-1.316906753706,-0.35208333265
    ));
#3130 = CARTESIAN_POINT('',(3.225491281404E-16,-1.755875671608,
    -0.393749999317));
#3131 = CARTESIAN_POINT('',(-0.760316468749,-1.316906753706,
    -0.435416665983));
#3132 = CARTESIAN_POINT('',(-1.520632937499,-0.877937835804,
    -0.47708333265));
#3133 = CARTESIAN_POINT('',(-1.5206329375,0.,-0.518749999317));
#3134 = CARTESIAN_POINT('',(-1.520632937499,0.877937835804,
    -0.560416665983));
#3135 = CARTESIAN_POINT('',(-0.76031646875,1.316906753706,-0.60208333265
    ));
#3136 = CARTESIAN_POINT('',(-1.075163760468E-16,1.755875671608,
    -0.643749999317));
#3137 = CARTESIAN_POINT('',(0.760316468749,1.316906753706,
    -0.685416665983));
#3138 = CARTESIAN_POINT('',(1.520632937499,0.877937835804,-0.72708333265
    ));
#3139 = CARTESIAN_POINT('',(1.5206329375,1.862238259587E-16,
    -0.768749999317));
#3140 = CARTESIAN_POINT('',(1.5206329375,-0.877937835804,-0.810416665983
    ));
#3141 = CARTESIAN_POINT('',(0.76031646875,-1.316906753706,-0.85208333265
    ));
#3142 = CARTESIAN_POINT('',(3.225491281404E-16,-1.755875671608,
    -0.893749999317));
#3143 = CARTESIAN_POINT('',(-0.760316468749,-1.316906753706,
    -0.935416665983));
#3144 = CARTESIAN_POINT('',(-1.520632937499,-0.877937835804,
    -0.97708333265));
#3145 = CARTESIAN_POINT('',(-1.5206329375,0.,-1.018749999317));
#3146 = CARTESIAN_POINT('',(-1.520632937499,0.877937835804,
    -1.060416665983));
#3147 = CARTESIAN_POINT('',(-0.76031646875,1.316906753706,-1.10208333265
    ));
#3148 = CARTESIAN_POINT('',(-1.075163760468E-16,1.755875671608,
    -1.143749999317));
#3149 = CARTESIAN_POINT('',(0.760316468749,1.316906753706,
    -1.185416665983));
#3150 = CARTESIAN_POINT('',(1.520632937499,0.877937835804,-1.22708333265
    ));
#3151 = CARTESIAN_POINT('',(1.5206329375,1.862238259587E-16,
    -1.268749999317));
#3152 = CARTESIAN_POINT('',(1.5206329375,-0.877937835804,-1.310416665983
    ));
#3153 = CARTESIAN_POINT('',(0.76031646875,-1.316906753706,-1.35208333265
    ));
#3154 = CARTESIAN_POINT('',(3.225491281404E-16,-1.755875671608,
    -1.393749999317));
#3155 = CARTESIAN_POINT('',(-0.760316468749,-1.316906753706,
    -1.435416665983));
#3156 = CARTESIAN_POINT('',(-1.520632937499,-0.877937835804,
    -1.47708333265));
#3157 = CARTESIAN_POINT('',(-1.5206329375,0.,-1.518749999317));
#3158 = CARTESIAN_POINT('',(-1.520632937499,0.877937835804,
    -1.560416665983));
#3159 = CARTESIAN_POINT('',(-0.76031646875,1.316906753706,-1.60208333265
    ));
#3160 = CARTESIAN_POINT('',(-1.075163760468E-16,1.755875671608,
    -1.643749999317));
#3161 = CARTESIAN_POINT('',(0.760316468749,1.316906753706,
    -1.685416665983));
#3162 = CARTESIAN_POINT('',(1.520632937499,0.877937835804,-1.72708333265
    ));
#3163 = CARTESIAN_POINT('',(1.5206329375,1.862238259587E-16,
    -1.768749999317));
#3164 = CARTESIAN_POINT('',(1.5206329375,-0.877937835804,-1.810416665983
    ));
#3165 = CARTESIAN_POINT('',(0.76031646875,-1.316906753706,-1.85208333265
    ));
#3166 = CARTESIAN_POINT('',(3.225491281404E-16,-1.755875671608,
    -1.893749999317));
#3167 = CARTESIAN_POINT('',(-0.760316468749,-1.316906753706,
    -1.935416665983));
#3168 = CARTESIAN_POINT('',(-1.520632937499,-0.877937835804,
    -1.97708333265));
#3169 = CARTESIAN_POINT('',(-1.5206329375,0.,-2.018749999317));
#3170 = CARTESIAN_POINT('',(-1.520632937499,0.877937835804,
    -2.060416665983));
#3171 = CARTESIAN_POINT('',(-0.76031646875,1.316906753706,-2.10208333265
    ));
#3172 = CARTESIAN_POINT('',(-1.075163760468E-16,1.755875671608,
    -2.143749999317));
#3173 = CARTESIAN_POINT('',(0.760316468749,1.316906753706,
    -2.185416665983));
#3174 = CARTESIAN_POINT('',(1.520632937499,0.877937835804,-2.22708333265
    ));
#3175 = CARTESIAN_POINT('',(1.5206329375,1.862238259587E-16,
    -2.268749999317));
#3176 = CARTESIAN_POINT('',(1.5206329375,-0.877937835804,-2.310416665983
    ));
#3177 = CARTESIAN_POINT('',(0.76031646875,-1.316906753706,-2.35208333265
    ));
#3178 = CARTESIAN_POINT('',(3.225491281404E-16,-1.755875671608,
    -2.393749999317));
#3179 = CARTESIAN_POINT('',(-0.760316468749,-1.316906753706,
    -2.435416665983));
#3180 = CARTESIAN_POINT('',(-1.520632937499,-0.877937835804,
    -2.47708333265));
#3181 = CARTESIAN_POINT('',(-1.5206329375,0.,-2.518749999317));
#3182 = CARTESIAN_POINT('',(-1.520632937499,0.877937835804,
    -2.560416665983));
#3183 = CARTESIAN_POINT('',(-0.76031646875,1.316906753706,-2.60208333265
    ));
#3184 = CARTESIAN_POINT('',(-1.075163760468E-16,1.755875671608,
    -2.643749999317));
#3185 = CARTESIAN_POINT('',(0.760316468749,1.316906753706,
    -2.685416665983));
#3186 = CARTESIAN_POINT('',(1.520632937499,0.877937835804,-2.72708333265
    ));
#3187 = CARTESIAN_POINT('',(1.5206329375,1.862238259587E-16,
    -2.768749999317));
#3188 = CARTESIAN_POINT('',(1.5206329375,-0.877937835804,-2.810416665983
    ));
#3189 = CARTESIAN_POINT('',(0.76031646875,-1.316906753706,-2.85208333265
    ));
#3190 = CARTESIAN_POINT('',(3.225491281404E-16,-1.755875671608,
    -2.893749999317));
#3191 = CARTESIAN_POINT('',(-0.760316468749,-1.316906753706,
    -2.935416665983));
#3192 = CARTESIAN_POINT('',(-1.520632937499,-0.877937835804,
    -2.97708333265));
#3193 = CARTESIAN_POINT('',(-1.5206329375,0.,-3.018749999317));
#3194 = CARTESIAN_POINT('',(-1.520632937499,0.877937835804,
    -3.060416665983));
#3195 = CARTESIAN_POINT('',(-0.76031646875,1.316906753706,-3.10208333265
    ));
#3196 = CARTESIAN_POINT('',(-1.075163760468E-16,1.755875671608,
    -3.143749999317));
#3197 = CARTESIAN_POINT('',(0.760316468749,1.316906753706,
    -3.185416665983));
#3198 = CARTESIAN_POINT('',(1.520632937499,0.877937835804,-3.22708333265
    ));
#3199 = CARTESIAN_POINT('',(1.5206329375,1.862238259587E-16,
    -3.268749999317));
#3200 = CARTESIAN_POINT('',(1.5206329375,-0.877937835804,-3.310416665983
    ));
#3201 = CARTESIAN_POINT('',(0.76031646875,-1.316906753706,-3.35208333265
    ));
#3202 = CARTESIAN_POINT('',(3.225491281404E-16,-1.755875671608,
    -3.393749999317));
#3203 = CARTESIAN_POINT('',(-0.760316468749,-1.316906753706,
    -3.435416665983));
#3204 = CARTESIAN_POINT('',(-1.520632937499,-0.877937835804,
    -3.47708333265));
#3205 = CARTESIAN_POINT('',(-1.5206329375,0.,-3.518749999317));
#3206 = CARTESIAN_POINT('',(-1.520632937499,0.877937835804,
    -3.560416665983));
#3207 = CARTESIAN_POINT('',(-0.76031646875,1.316906753706,-3.60208333265
    ));
#3208 = CARTESIAN_POINT('',(-1.075163760468E-16,1.755875671608,
    -3.643749999317));
#3209 = CARTESIAN_POINT('',(0.760316468749,1.316906753706,
    -3.685416665983));
#3210 = CARTESIAN_POINT('',(1.520632937499,0.877937835804,-3.72708333265
    ));
#3211 = CARTESIAN_POINT('',(1.5206329375,1.862238259587E-16,
    -3.768749999317));
#3212 = CARTESIAN_POINT('',(1.5206329375,-0.877937835804,-3.810416665983
    ));
#3213 = CARTESIAN_POINT('',(0.76031646875,-1.316906753706,-3.85208333265
    ));
#3214 = CARTESIAN_POINT('',(3.225491281404E-16,-1.755875671608,
    -3.893749999317));
#3215 = CARTESIAN_POINT('',(-0.760316468749,-1.316906753706,
    -3.935416665983));
#3216 = CARTESIAN_POINT('',(-1.520632937499,-0.877937835804,
    -3.97708333265));
#3217 = CARTESIAN_POINT('',(-1.5206329375,0.,-4.018749999317));
#3218 = CARTESIAN_POINT('',(-1.25,0.,5.825000001365));
#3219 = CARTESIAN_POINT('',(-1.25,0.721687836487,5.783333334698));
#3220 = CARTESIAN_POINT('',(-0.625,1.08253175473,5.741666668032));
#3221 = CARTESIAN_POINT('',(-8.838126989374E-17,1.443375672974,
    5.700000001365));
#3222 = CARTESIAN_POINT('',(0.624999999999,1.08253175473,5.658333334698)
  );
#3223 = CARTESIAN_POINT('',(1.25,0.721687836487,5.616666668032));
#3224 = CARTESIAN_POINT('',(1.25,1.530808498934E-16,5.575000001365));
#3225 = CARTESIAN_POINT('',(1.25,-0.721687836487,5.533333334698));
#3226 = CARTESIAN_POINT('',(0.625,-1.08253175473,5.491666668032));
#3227 = CARTESIAN_POINT('',(2.651438096812E-16,-1.443375672974,
    5.450000001365));
#3228 = CARTESIAN_POINT('',(-0.624999999999,-1.08253175473,
    5.408333334698));
#3229 = CARTESIAN_POINT('',(-1.249999999999,-0.721687836487,
    5.366666668032));
#3230 = CARTESIAN_POINT('',(-1.25,0.,5.325000001365));
#3231 = CARTESIAN_POINT('',(-1.25,0.721687836487,5.283333334698));
#3232 = CARTESIAN_POINT('',(-0.625,1.08253175473,5.241666668032));
#3233 = CARTESIAN_POINT('',(-8.838126989374E-17,1.443375672974,
    5.200000001365));
#3234 = CARTESIAN_POINT('',(0.624999999999,1.08253175473,5.158333334698)
  );
#3235 = CARTESIAN_POINT('',(1.25,0.721687836487,5.116666668032));
#3236 = CARTESIAN_POINT('',(1.25,1.530808498934E-16,5.075000001365));
#3237 = CARTESIAN_POINT('',(1.25,-0.721687836487,5.033333334698));
#3238 = CARTESIAN_POINT('',(0.625,-1.08253175473,4.991666668032));
#3239 = CARTESIAN_POINT('',(2.651438096812E-16,-1.443375672974,
    4.950000001365));
#3240 = CARTESIAN_POINT('',(-0.624999999999,-1.08253175473,
    4.908333334698));
#3241 = CARTESIAN_POINT('',(-1.249999999999,-0.721687836487,
    4.866666668032));
#3242 = CARTESIAN_POINT('',(-1.25,0.,4.825000001365));
#3243 = CARTESIAN_POINT('',(-1.25,0.721687836487,4.783333334698));
#3244 = CARTESIAN_POINT('',(-0.625,1.08253175473,4.741666668032));
#3245 = CARTESIAN_POINT('',(-8.838126989374E-17,1.443375672974,
    4.700000001365));
#3246 = CARTESIAN_POINT('',(0.624999999999,1.08253175473,4.658333334698)
  );
#3247 = CARTESIAN_POINT('',(1.25,0.721687836487,4.616666668032));
#3248 = CARTESIAN_POINT('',(1.25,1.530808498934E-16,4.575000001365));
#3249 = CARTESIAN_POINT('',(1.25,-0.721687836487,4.533333334698));
#3250 = CARTESIAN_POINT('',(0.625,-1.08253175473,4.491666668032));
#3251 = CARTESIAN_POINT('',(2.651438096812E-16,-1.443375672974,
    4.450000001365));
#3252 = CARTESIAN_POINT('',(-0.624999999999,-1.08253175473,
    4.408333334698));
#3253 = CARTESIAN_POINT('',(-1.249999999999,-0.721687836487,
    4.366666668032));
#3254 = CARTESIAN_POINT('',(-1.25,0.,4.325000001365));
#3255 = CARTESIAN_POINT('',(-1.25,0.721687836487,4.283333334698));
#3256 = CARTESIAN_POINT('',(-0.625,1.08253175473,4.241666668032));
#3257 = CARTESIAN_POINT('',(-8.838126989374E-17,1.443375672974,
    4.200000001365));
#3258 = CARTESIAN_POINT('',(0.624999999999,1.08253175473,4.158333334698)
  );
#3259 = CARTESIAN_POINT('',(1.25,0.721687836487,4.116666668032));
#3260 = CARTESIAN_POINT('',(1.25,1.530808498934E-16,4.075000001365));
#3261 = CARTESIAN_POINT('',(1.25,-0.721687836487,4.033333334698));
#3262 = CARTESIAN_POINT('',(0.625,-1.08253175473,3.991666668032));
#3263 = CARTESIAN_POINT('',(2.651438096812E-16,-1.443375672974,
    3.950000001365));
#3264 = CARTESIAN_POINT('',(-0.624999999999,-1.08253175473,
    3.908333334698));
#3265 = CARTESIAN_POINT('',(-1.249999999999,-0.721687836487,
    3.866666668032));
#3266 = CARTESIAN_POINT('',(-1.25,0.,3.825000001365));
#3267 = CARTESIAN_POINT('',(-1.25,0.721687836487,3.783333334698));
#3268 = CARTESIAN_POINT('',(-0.625,1.08253175473,3.741666668032));
#3269 = CARTESIAN_POINT('',(-8.838126989374E-17,1.443375672974,
    3.700000001365));
#3270 = CARTESIAN_POINT('',(0.624999999999,1.08253175473,3.658333334698)
  );
#3271 = CARTESIAN_POINT('',(1.25,0.721687836487,3.616666668032));
#3272 = CARTESIAN_POINT('',(1.25,1.530808498934E-16,3.575000001365));
#3273 = CARTESIAN_POINT('',(1.25,-0.721687836487,3.533333334698));
#3274 = CARTESIAN_POINT('',(0.625,-1.08253175473,3.491666668032));
#3275 = CARTESIAN_POINT('',(2.651438096812E-16,-1.443375672974,
    3.450000001365));
#3276 = CARTESIAN_POINT('',(-0.624999999999,-1.08253175473,
    3.408333334698));
#3277 = CARTESIAN_POINT('',(-1.249999999999,-0.721687836487,
    3.366666668032));
#3278 = CARTESIAN_POINT('',(-1.25,0.,3.325000001365));
#3279 = CARTESIAN_POINT('',(-1.25,0.721687836487,3.283333334698));
#3280 = CARTESIAN_POINT('',(-0.625,1.08253175473,3.241666668032));
#3281 = CARTESIAN_POINT('',(-8.838126989374E-17,1.443375672974,
    3.200000001365));
#3282 = CARTESIAN_POINT('',(0.624999999999,1.08253175473,3.158333334698)
  );
#3283 = CARTESIAN_POINT('',(1.25,0.721687836487,3.116666668032));
#3284 = CARTESIAN_POINT('',(1.25,1.530808498934E-16,3.075000001365));
#3285 = CARTESIAN_POINT('',(1.25,-0.721687836487,3.033333334698));
#3286 = CARTESIAN_POINT('',(0.625,-1.08253175473,2.991666668032));
#3287 = CARTESIAN_POINT('',(2.651438096812E-16,-1.443375672974,
    2.950000001365));
#3288 = CARTESIAN_POINT('',(-0.624999999999,-1.08253175473,
    2.908333334698));
#3289 = CARTESIAN_POINT('',(-1.249999999999,-0.721687836487,
    2.866666668032));
#3290 = CARTESIAN_POINT('',(-1.25,0.,2.825000001365));
#3291 = CARTESIAN_POINT('',(-1.25,0.721687836487,2.783333334698));
#3292 = CARTESIAN_POINT('',(-0.625,1.08253175473,2.741666668032));
#3293 = CARTESIAN_POINT('',(-8.838126989374E-17,1.443375672974,
    2.700000001365));
#3294 = CARTESIAN_POINT('',(0.624999999999,1.08253175473,2.658333334698)
  );
#3295 = CARTESIAN_POINT('',(1.25,0.721687836487,2.616666668032));
#3296 = CARTESIAN_POINT('',(1.25,1.530808498934E-16,2.575000001365));
#3297 = CARTESIAN_POINT('',(1.25,-0.721687836487,2.533333334698));
#3298 = CARTESIAN_POINT('',(0.625,-1.08253175473,2.491666668032));
#3299 = CARTESIAN_POINT('',(2.651438096812E-16,-1.443375672974,
    2.450000001365));
#3300 = CARTESIAN_POINT('',(-0.624999999999,-1.08253175473,
    2.408333334698));
#3301 = CARTESIAN_POINT('',(-1.249999999999,-0.721687836487,
    2.366666668032));
#3302 = CARTESIAN_POINT('',(-1.25,0.,2.325000001365));
#3303 = CARTESIAN_POINT('',(-1.25,0.721687836487,2.283333334698));
#3304 = CARTESIAN_POINT('',(-0.625,1.08253175473,2.241666668032));
#3305 = CARTESIAN_POINT('',(-8.838126989374E-17,1.443375672974,
    2.200000001365));
#3306 = CARTESIAN_POINT('',(0.624999999999,1.08253175473,2.158333334698)
  );
#3307 = CARTESIAN_POINT('',(1.25,0.721687836487,2.116666668032));
#3308 = CARTESIAN_POINT('',(1.25,1.530808498934E-16,2.075000001365));
#3309 = CARTESIAN_POINT('',(1.25,-0.721687836487,2.033333334698));
#3310 = CARTESIAN_POINT('',(0.625,-1.08253175473,1.991666668032));
#3311 = CARTESIAN_POINT('',(2.651438096812E-16,-1.443375672974,
    1.950000001365));
#3312 = CARTESIAN_POINT('',(-0.624999999999,-1.08253175473,
    1.908333334698));
#3313 = CARTESIAN_POINT('',(-1.249999999999,-0.721687836487,
    1.866666668032));
#3314 = CARTESIAN_POINT('',(-1.25,0.,1.825000001365));
#3315 = CARTESIAN_POINT('',(-1.25,0.721687836487,1.783333334698));
#3316 = CARTESIAN_POINT('',(-0.625,1.08253175473,1.741666668032));
#3317 = CARTESIAN_POINT('',(-8.838126989374E-17,1.443375672974,
    1.700000001365));
#3318 = CARTESIAN_POINT('',(0.624999999999,1.08253175473,1.658333334698)
  );
#3319 = CARTESIAN_POINT('',(1.25,0.721687836487,1.616666668032));
#3320 = CARTESIAN_POINT('',(1.25,1.530808498934E-16,1.575000001365));
#3321 = CARTESIAN_POINT('',(1.25,-0.721687836487,1.533333334698));
#3322 = CARTESIAN_POINT('',(0.625,-1.08253175473,1.491666668032));
#3323 = CARTESIAN_POINT('',(2.651438096812E-16,-1.443375672974,
    1.450000001365));
#3324 = CARTESIAN_POINT('',(-0.624999999999,-1.08253175473,
    1.408333334698));
#3325 = CARTESIAN_POINT('',(-1.249999999999,-0.721687836487,
    1.366666668032));
#3326 = CARTESIAN_POINT('',(-1.25,0.,1.325000001365));
#3327 = CARTESIAN_POINT('',(-1.25,0.721687836487,1.283333334698));
#3328 = CARTESIAN_POINT('',(-0.625,1.08253175473,1.241666668032));
#3329 = CARTESIAN_POINT('',(-8.838126989374E-17,1.443375672974,
    1.200000001365));
#3330 = CARTESIAN_POINT('',(0.624999999999,1.08253175473,1.158333334698)
  );
#3331 = CARTESIAN_POINT('',(1.25,0.721687836487,1.116666668032));
#3332 = CARTESIAN_POINT('',(1.25,1.530808498934E-16,1.075000001365));
#3333 = CARTESIAN_POINT('',(1.25,-0.721687836487,1.033333334698));
#3334 = CARTESIAN_POINT('',(0.625,-1.08253175473,0.991666668032));
#3335 = CARTESIAN_POINT('',(2.651438096812E-16,-1.443375672974,
    0.950000001365));
#3336 = CARTESIAN_POINT('',(-0.624999999999,-1.08253175473,
    0.908333334698));
#3337 = CARTESIAN_POINT('',(-1.249999999999,-0.721687836487,
    0.866666668032));
#3338 = CARTESIAN_POINT('',(-1.25,0.,0.825000001365));
#3339 = CARTESIAN_POINT('',(-1.25,0.721687836487,0.783333334698));
#3340 = CARTESIAN_POINT('',(-0.625,1.08253175473,0.741666668032));
#3341 = CARTESIAN_POINT('',(-8.838126989374E-17,1.443375672974,
    0.700000001365));
#3342 = CARTESIAN_POINT('',(0.624999999999,1.08253175473,0.658333334698)
  );
#3343 = CARTESIAN_POINT('',(1.25,0.721687836487,0.616666668032));
#3344 = CARTESIAN_POINT('',(1.25,1.530808498934E-16,0.575000001365));
#3345 = CARTESIAN_POINT('',(1.25,-0.721687836487,0.533333334698));
#3346 = CARTESIAN_POINT('',(0.625,-1.08253175473,0.491666668032));
#3347 = CARTESIAN_POINT('',(2.651438096812E-16,-1.443375672974,
    0.450000001365));
#3348 = CARTESIAN_POINT('',(-0.624999999999,-1.08253175473,
    0.408333334698));
#3349 = CARTESIAN_POINT('',(-1.249999999999,-0.721687836487,
    0.366666668032));
#3350 = CARTESIAN_POINT('',(-1.25,0.,0.325000001365));
#3351 = CARTESIAN_POINT('',(-1.25,0.721687836487,0.283333334698));
#3352 = CARTESIAN_POINT('',(-0.625,1.08253175473,0.241666668032));
#3353 = CARTESIAN_POINT('',(-8.838126989374E-17,1.443375672974,
    0.200000001365));
#3354 = CARTESIAN_POINT('',(0.624999999999,1.08253175473,0.158333334698)
  );
#3355 = CARTESIAN_POINT('',(1.25,0.721687836487,0.116666668032));
#3356 = CARTESIAN_POINT('',(1.25,1.530808498934E-16,7.5000001365E-02));
#3357 = CARTESIAN_POINT('',(1.25,-0.721687836487,3.3333334698E-02));
#3358 = CARTESIAN_POINT('',(0.625,-1.08253175473,-8.333331967E-03));
#3359 = CARTESIAN_POINT('',(2.651438096812E-16,-1.443375672974,
    -4.9999998634E-02));
#3360 = CARTESIAN_POINT('',(-0.624999999999,-1.08253175473,
    -9.1666665301E-02));
#3361 = CARTESIAN_POINT('',(-1.249999999999,-0.721687836487,
    -0.133333331967));
#3362 = CARTESIAN_POINT('',(-1.25,0.,-0.174999998634));
#3363 = CARTESIAN_POINT('',(-1.25,0.721687836487,-0.216666665301));
#3364 = CARTESIAN_POINT('',(-0.625,1.08253175473,-0.258333331967));
#3365 = CARTESIAN_POINT('',(-8.838126989374E-17,1.443375672974,
    -0.299999998634));
#3366 = CARTESIAN_POINT('',(0.624999999999,1.08253175473,-0.341666665301
    ));
#3367 = CARTESIAN_POINT('',(1.25,0.721687836487,-0.383333331967));
#3368 = CARTESIAN_POINT('',(1.25,1.530808498934E-16,-0.424999998634));
#3369 = CARTESIAN_POINT('',(1.25,-0.721687836487,-0.466666665301));
#3370 = CARTESIAN_POINT('',(0.625,-1.08253175473,-0.508333331967));
#3371 = CARTESIAN_POINT('',(2.651438096812E-16,-1.443375672974,
    -0.549999998634));
#3372 = CARTESIAN_POINT('',(-0.624999999999,-1.08253175473,
    -0.591666665301));
#3373 = CARTESIAN_POINT('',(-1.249999999999,-0.721687836487,
    -0.633333331967));
#3374 = CARTESIAN_POINT('',(-1.25,0.,-0.674999998634));
#3375 = CARTESIAN_POINT('',(-1.25,0.721687836487,-0.716666665301));
#3376 = CARTESIAN_POINT('',(-0.625,1.08253175473,-0.758333331967));
#3377 = CARTESIAN_POINT('',(-8.838126989374E-17,1.443375672974,
    -0.799999998634));
#3378 = CARTESIAN_POINT('',(0.624999999999,1.08253175473,-0.841666665301
    ));
#3379 = CARTESIAN_POINT('',(1.25,0.721687836487,-0.883333331967));
#3380 = CARTESIAN_POINT('',(1.25,1.530808498934E-16,-0.924999998634));
#3381 = CARTESIAN_POINT('',(1.25,-0.721687836487,-0.966666665301));
#3382 = CARTESIAN_POINT('',(0.625,-1.08253175473,-1.008333331967));
#3383 = CARTESIAN_POINT('',(2.651438096812E-16,-1.443375672974,
    -1.049999998634));
#3384 = CARTESIAN_POINT('',(-0.624999999999,-1.08253175473,
    -1.091666665301));
#3385 = CARTESIAN_POINT('',(-1.249999999999,-0.721687836487,
    -1.133333331967));
#3386 = CARTESIAN_POINT('',(-1.25,0.,-1.174999998634));
#3387 = CARTESIAN_POINT('',(-1.25,0.721687836487,-1.216666665301));
#3388 = CARTESIAN_POINT('',(-0.625,1.08253175473,-1.258333331967));
#3389 = CARTESIAN_POINT('',(-8.838126989374E-17,1.443375672974,
    -1.299999998634));
#3390 = CARTESIAN_POINT('',(0.624999999999,1.08253175473,-1.341666665301
    ));
#3391 = CARTESIAN_POINT('',(1.25,0.721687836487,-1.383333331967));
#3392 = CARTESIAN_POINT('',(1.25,1.530808498934E-16,-1.424999998634));
#3393 = CARTESIAN_POINT('',(1.25,-0.721687836487,-1.466666665301));
#3394 = CARTESIAN_POINT('',(0.625,-1.08253175473,-1.508333331967));
#3395 = CARTESIAN_POINT('',(2.651438096812E-16,-1.443375672974,
    -1.549999998634));
#3396 = CARTESIAN_POINT('',(-0.624999999999,-1.08253175473,
    -1.591666665301));
#3397 = CARTESIAN_POINT('',(-1.249999999999,-0.721687836487,
    -1.633333331967));
#3398 = CARTESIAN_POINT('',(-1.25,0.,-1.674999998634));
#3399 = CARTESIAN_POINT('',(-1.25,0.721687836487,-1.716666665301));
#3400 = CARTESIAN_POINT('',(-0.625,1.08253175473,-1.758333331967));
#3401 = CARTESIAN_POINT('',(-8.838126989374E-17,1.443375672974,
    -1.799999998634));
#3402 = CARTESIAN_POINT('',(0.624999999999,1.08253175473,-1.841666665301
    ));
#3403 = CARTESIAN_POINT('',(1.25,0.721687836487,-1.883333331967));
#3404 = CARTESIAN_POINT('',(1.25,1.530808498934E-16,-1.924999998634));
#3405 = CARTESIAN_POINT('',(1.25,-0.721687836487,-1.966666665301));
#3406 = CARTESIAN_POINT('',(0.625,-1.08253175473,-2.008333331967));
#3407 = CARTESIAN_POINT('',(2.651438096812E-16,-1.443375672974,
    -2.049999998634));
#3408 = CARTESIAN_POINT('',(-0.624999999999,-1.08253175473,
    -2.091666665301));
#3409 = CARTESIAN_POINT('',(-1.249999999999,-0.721687836487,
    -2.133333331967));
#3410 = CARTESIAN_POINT('',(-1.25,0.,-2.174999998634));
#3411 = CARTESIAN_POINT('',(-1.25,0.721687836487,-2.216666665301));
#3412 = CARTESIAN_POINT('',(-0.625,1.08253175473,-2.258333331967));
#3413 = CARTESIAN_POINT('',(-8.838126989374E-17,1.443375672974,
    -2.299999998634));
#3414 = CARTESIAN_POINT('',(0.624999999999,1.08253175473,-2.341666665301
    ));
#3415 = CARTESIAN_POINT('',(1.25,0.721687836487,-2.383333331967));
#3416 = CARTESIAN_POINT('',(1.25,1.530808498934E-16,-2.424999998634));
#3417 = CARTESIAN_POINT('',(1.25,-0.721687836487,-2.466666665301));
#3418 = CARTESIAN_POINT('',(0.625,-1.08253175473,-2.508333331967));
#3419 = CARTESIAN_POINT('',(2.651438096812E-16,-1.443375672974,
    -2.549999998634));
#3420 = CARTESIAN_POINT('',(-0.624999999999,-1.08253175473,
    -2.591666665301));
#3421 = CARTESIAN_POINT('',(-1.249999999999,-0.721687836487,
    -2.633333331967));
#3422 = CARTESIAN_POINT('',(-1.25,0.,-2.674999998634));
#3423 = CARTESIAN_POINT('',(-1.25,0.721687836487,-2.716666665301));
#3424 = CARTESIAN_POINT('',(-0.625,1.08253175473,-2.758333331967));
#3425 = CARTESIAN_POINT('',(-8.838126989374E-17,1.443375672974,
    -2.799999998634));
#3426 = CARTESIAN_POINT('',(0.624999999999,1.08253175473,-2.841666665301
    ));
#3427 = CARTESIAN_POINT('',(1.25,0.721687836487,-2.883333331967));
#3428 = CARTESIAN_POINT('',(1.25,1.530808498934E-16,-2.924999998634));
#3429 = CARTESIAN_POINT('',(1.25,-0.721687836487,-2.966666665301));
#3430 = CARTESIAN_POINT('',(0.625,-1.08253175473,-3.008333331967));
#3431 = CARTESIAN_POINT('',(2.651438096812E-16,-1.443375672974,
    -3.049999998634));
#3432 = CARTESIAN_POINT('',(-0.624999999999,-1.08253175473,
    -3.091666665301));
#3433 = CARTESIAN_POINT('',(-1.249999999999,-0.721687836487,
    -3.133333331967));
#3434 = CARTESIAN_POINT('',(-1.25,0.,-3.174999998634));
#3435 = CARTESIAN_POINT('',(-1.25,0.721687836487,-3.216666665301));
#3436 = CARTESIAN_POINT('',(-0.625,1.08253175473,-3.258333331967));
#3437 = CARTESIAN_POINT('',(-8.838126989374E-17,1.443375672974,
    -3.299999998634));
#3438 = CARTESIAN_POINT('',(0.624999999999,1.08253175473,-3.341666665301
    ));
#3439 = CARTESIAN_POINT('',(1.25,0.721687836487,-3.383333331967));
#3440 = CARTESIAN_POINT('',(1.25,1.530808498934E-16,-3.424999998634));
#3441 = CARTESIAN_POINT('',(1.25,-0.721687836487,-3.466666665301));
#3442 = CARTESIAN_POINT('',(0.625,-1.08253175473,-3.508333331967));
#3443 = CARTESIAN_POINT('',(2.651438096812E-16,-1.443375672974,
    -3.549999998634));
#3444 = CARTESIAN_POINT('',(-0.624999999999,-1.08253175473,
    -3.591666665301));
#3445 = CARTESIAN_POINT('',(-1.249999999999,-0.721687836487,
    -3.633333331967));
#3446 = CARTESIAN_POINT('',(-1.25,0.,-3.674999998634));
#3447 = CARTESIAN_POINT('',(-1.25,0.721687836487,-3.716666665301));
#3448 = CARTESIAN_POINT('',(-0.625,1.08253175473,-3.758333331967));
#3449 = CARTESIAN_POINT('',(-8.838126989374E-17,1.443375672974,
    -3.799999998634));
#3450 = CARTESIAN_POINT('',(0.624999999999,1.08253175473,-3.841666665301
    ));
#3451 = CARTESIAN_POINT('',(1.25,0.721687836487,-3.883333331967));
#3452 = CARTESIAN_POINT('',(1.25,1.530808498934E-16,-3.924999998634));
#3453 = CARTESIAN_POINT('',(1.25,-0.721687836487,-3.966666665301));
#3454 = CARTESIAN_POINT('',(0.625,-1.08253175473,-4.008333331967));
#3455 = CARTESIAN_POINT('',(2.651438096812E-16,-1.443375672974,
    -4.049999998634));
#3456 = CARTESIAN_POINT('',(-0.624999999999,-1.08253175473,
    -4.091666665301));
#3457 = CARTESIAN_POINT('',(-1.249999999999,-0.721687836487,
    -4.133333331967));
#3458 = CARTESIAN_POINT('',(-1.25,0.,-4.174999998634));
#3459 = ( GEOMETRIC_REPRESENTATION_CONTEXT(3) 
GLOBAL_UNCERTAINTY_ASSIGNED_CONTEXT((#3463)) 
GLOBAL_UNIT_ASSIGNED_CONTEXT((#3460,#3461,#3462)) REPRESENTATION_CONTEXT
('Context #1','3D Context with UNIT and UNCERTAINTY') );
#3460 = ( LENGTH_UNIT() NAMED_UNIT(*) SI_UNIT(.MILLI.,.METRE.) );
#3461 = ( NAMED_UNIT(*) PLANE_ANGLE_UNIT() SI_UNIT($,.RADIAN.) );
#3462 = ( NAMED_UNIT(*) SI_UNIT($,.STERADIAN.) SOLID_ANGLE_UNIT() );
#3463 = UNCERTAINTY_MEASURE_WITH_UNIT(LENGTH_MEASURE(2.E-04),#3460,
  'distance_accuracy_value','confusion accuracy');
#3464 = PRODUCT_RELATED_PRODUCT_CATEGORY('part',$,(#7));
#3465 = MECHANICAL_DESIGN_GEOMETRIC_PRESENTATION_REPRESENTATION('',(
    #3466),#3459);
#3466 = STYLED_ITEM('color',(#3467),#15);
#3467 = PRESENTATION_STYLE_ASSIGNMENT((#3468,#3474));
#3468 = SURFACE_STYLE_USAGE(.BOTH.,#3469);
#3469 = SURFACE_SIDE_STYLE('',(#3470));
#3470 = SURFACE_STYLE_FILL_AREA(#3471);
#3471 = FILL_AREA_STYLE('',(#3472));
#3472 = FILL_AREA_STYLE_COLOUR('',#3473);
#3473 = COLOUR_RGB('',0.752941202324,0.752941202324,0.752941202324);
#3474 = CURVE_STYLE('',#3475,POSITIVE_LENGTH_MEASURE(0.1),#3476);
#3475 = DRAUGHTING_PRE_DEFINED_CURVE_FONT('continuous');
#3476 = COLOUR_RGB('',9.803921802644E-02,9.803921802644E-02,
  9.803921802644E-02);
ENDSEC;
END-ISO-10303-21;
